# Blender 4.2.1 LTS
# www.blender.org
mtllib Croissant.mtl
o Cube
v 0.179283 -0.091497 0.163925
v 0.252457 0.242838 0.163925
v 0.179283 -0.091497 -0.163925
v 0.252457 0.242838 -0.163925
v -0.000000 -0.129860 -0.192849
v -0.000000 0.306023 -0.192849
v 0.000000 -0.129860 0.192849
v -0.000000 0.306023 0.192849
v 0.208254 0.272948 -0.187064
v 0.142159 -0.112017 -0.187064
v 0.142159 -0.112017 0.187064
v 0.208254 0.272948 0.187064
v 0.351655 -0.118688 0.131128
v 0.438321 0.125413 0.131128
v 0.351655 -0.118688 -0.131128
v 0.438321 0.125413 -0.131128
v 0.417137 0.165862 -0.152738
v 0.316657 -0.135766 -0.152738
v 0.316657 -0.135766 0.152738
v 0.417137 0.165862 0.152738
v 0.459823 -0.118023 0.077208
v 0.517594 0.026025 0.077208
v 0.459823 -0.118023 -0.077208
v 0.517594 0.026025 -0.077208
v 0.514553 0.068477 -0.116275
v 0.431479 -0.142635 -0.116275
v 0.431479 -0.142635 0.116275
v 0.514553 0.068477 0.116275
v 0.560868 -0.139026 0.030243
v 0.587302 -0.078855 0.030243
v 0.560868 -0.139026 -0.030243
v 0.587302 -0.078855 -0.030243
v 0.222004 -0.104345 0.158140
v 0.303883 0.217895 0.158140
v 0.222004 -0.104345 -0.158140
v 0.303883 0.217895 -0.158140
v 0.463290 0.104400 0.125725
v 0.463290 0.104400 -0.125725
v 0.378949 -0.124763 -0.125725
v 0.378949 -0.124763 0.125725
v 0.495434 -0.122623 0.057417
v 0.540700 -0.012663 0.057417
v 0.495434 -0.122623 -0.057417
v 0.540700 -0.012663 -0.057417
v -0.179283 -0.091497 0.163925
v -0.252457 0.242838 0.163925
v -0.179283 -0.091497 -0.163925
v -0.252457 0.242838 -0.163925
v -0.208254 0.272948 -0.187064
v -0.142159 -0.112017 -0.187064
v -0.142159 -0.112017 0.187064
v -0.208254 0.272948 0.187064
v -0.351655 -0.118688 0.131128
v -0.438321 0.125413 0.131128
v -0.351655 -0.118688 -0.131128
v -0.438321 0.125413 -0.131128
v -0.417137 0.165862 -0.152738
v -0.316657 -0.135766 -0.152738
v -0.316657 -0.135766 0.152738
v -0.417137 0.165862 0.152738
v -0.459823 -0.118023 0.077208
v -0.517594 0.026025 0.077208
v -0.459823 -0.118023 -0.077208
v -0.517594 0.026025 -0.077208
v -0.514553 0.068477 -0.116275
v -0.431479 -0.142635 -0.116275
v -0.431479 -0.142635 0.116275
v -0.514553 0.068477 0.116275
v -0.560868 -0.139026 0.030243
v -0.587302 -0.078855 0.030243
v -0.560868 -0.139026 -0.030243
v -0.587302 -0.078855 -0.030243
v -0.222004 -0.104345 0.158140
v -0.303883 0.217895 0.158140
v -0.222004 -0.104345 -0.158140
v -0.303883 0.217895 -0.158140
v -0.463290 0.104400 0.125726
v -0.463290 0.104400 -0.125726
v -0.378949 -0.124763 -0.125725
v -0.378949 -0.124763 0.125726
v -0.495434 -0.122622 0.057417
v -0.540700 -0.012663 0.057417
v -0.495434 -0.122623 -0.057417
v -0.540700 -0.012663 -0.057417
v 0.031301 0.305178 -0.192837
v 0.062100 0.302831 -0.192758
v 0.091895 0.299263 -0.192544
v 0.120185 0.294755 -0.192126
v 0.146467 0.289588 -0.191436
v 0.170241 0.284044 -0.190408
v 0.191004 0.278404 -0.188973
v 0.201347 0.232722 -0.217754
v 0.193279 0.185730 -0.239676
v 0.184436 0.134226 -0.252828
v 0.175206 0.080466 -0.257213
v 0.165976 0.026706 -0.252828
v 0.157133 -0.024798 -0.239676
v 0.149065 -0.071791 -0.217754
v 0.136737 -0.143596 0.147970
v 0.132864 -0.166152 0.102301
v 0.130540 -0.179686 0.052246
v 0.129766 -0.184197 0.000000
v 0.130540 -0.179686 -0.052246
v 0.132864 -0.166152 -0.102301
v 0.136737 -0.143596 -0.147970
v 0.213676 0.304527 -0.147970
v 0.217548 0.327084 -0.102301
v 0.219872 0.340618 -0.052246
v 0.220647 0.345129 0.000000
v 0.219872 0.340618 0.052246
v 0.217548 0.327084 0.102301
v 0.213676 0.304527 0.147970
v 0.201347 0.232722 0.217754
v 0.193279 0.185730 0.239676
v 0.184436 0.134226 0.252828
v 0.175206 0.080466 0.257213
v 0.165976 0.026706 0.252828
v 0.157133 -0.024798 0.239676
v 0.149065 -0.071791 0.217754
v 0.021124 -0.129462 0.192837
v 0.041929 -0.128334 0.192758
v 0.062095 -0.126581 0.192544
v 0.081302 -0.124304 0.192126
v 0.099232 -0.121606 0.191436
v 0.115564 -0.118591 0.190408
v 0.129979 -0.115360 0.188973
v 0.129979 -0.115360 -0.188973
v 0.115564 -0.118591 -0.190408
v 0.099232 -0.121606 -0.191436
v 0.081302 -0.124304 -0.192126
v 0.062095 -0.126581 -0.192544
v 0.041929 -0.128334 -0.192758
v 0.021124 -0.129462 -0.192837
v 0.191004 0.278404 0.188973
v 0.170241 0.284044 0.190408
v 0.146467 0.289588 0.191436
v 0.120185 0.294755 0.192125
v 0.091895 0.299263 0.192544
v 0.062100 0.302831 0.192758
v 0.031301 0.305178 0.192837
v -0.000000 0.341779 -0.152546
v -0.000000 0.367319 -0.105464
v -0.000000 0.382643 -0.053862
v -0.000000 0.387751 -0.000000
v -0.000000 0.382643 0.053862
v -0.000000 0.367319 0.105464
v -0.000000 0.341779 0.152546
v -0.000000 -0.165616 -0.152546
v -0.000000 -0.191156 -0.105464
v -0.000000 -0.206480 -0.053862
v -0.000000 -0.211588 0.000000
v -0.000000 -0.206480 0.053862
v -0.000000 -0.191156 0.105464
v 0.000000 -0.165616 0.152546
v 0.000000 0.260477 0.224488
v 0.000000 0.207268 0.247087
v -0.000000 0.148952 0.260647
v -0.000000 0.088081 0.265167
v 0.000000 0.027211 0.260647
v -0.000000 -0.031105 0.247087
v 0.000000 -0.084314 0.224488
v -0.000000 0.260477 -0.224488
v -0.000000 0.207268 -0.247087
v -0.000000 0.148952 -0.260647
v -0.000000 0.088081 -0.265167
v -0.000000 0.027211 -0.260647
v 0.000000 -0.031105 -0.247087
v -0.000000 -0.084314 -0.224488
v 0.244811 0.207903 -0.190819
v 0.235879 0.167090 -0.210029
v 0.226089 0.122360 -0.221555
v 0.215870 0.075670 -0.225397
v 0.205651 0.028981 -0.221555
v 0.195862 -0.015749 -0.210029
v 0.186929 -0.056562 -0.190819
v 0.173281 -0.118923 0.129667
v 0.168993 -0.138513 0.089646
v 0.166421 -0.150267 0.045784
v 0.165563 -0.154185 0.000000
v 0.166421 -0.150267 -0.045784
v 0.168993 -0.138513 -0.089646
v 0.173281 -0.118923 -0.129667
v 0.258460 0.270264 -0.129667
v 0.262747 0.289854 -0.089646
v 0.265320 0.301608 -0.045784
v 0.266177 0.305526 0.000000
v 0.265320 0.301608 0.045784
v 0.262747 0.289854 0.089646
v 0.258460 0.270264 0.129667
v 0.244811 0.207903 0.190819
v 0.235879 0.167090 0.210029
v 0.226089 0.122360 0.221555
v 0.215870 0.075670 0.225397
v 0.205651 0.028981 0.221555
v 0.195862 -0.015749 0.210029
v 0.186929 -0.056562 0.190819
v 0.221671 0.267906 -0.184646
v 0.231660 0.263297 -0.181821
v 0.238807 0.259086 -0.178726
v 0.243700 0.255240 -0.175494
v 0.246925 0.251726 -0.172263
v 0.249069 0.248510 -0.169167
v 0.250717 0.245559 -0.166343
v 0.177174 -0.092718 -0.166343
v 0.175075 -0.094481 -0.169167
v 0.172619 -0.096706 -0.172263
v 0.169440 -0.099315 -0.175494
v 0.165170 -0.102230 -0.178726
v 0.159445 -0.105371 -0.181821
v 0.151896 -0.108659 -0.184646
v 0.177174 -0.092718 0.166343
v 0.175075 -0.094481 0.169167
v 0.172619 -0.096706 0.172263
v 0.169440 -0.099315 0.175494
v 0.165170 -0.102230 0.178726
v 0.159445 -0.105371 0.181821
v 0.151896 -0.108659 0.184646
v 0.221671 0.267906 0.184646
v 0.231660 0.263297 0.181821
v 0.238807 0.259086 0.178726
v 0.243700 0.255240 0.175494
v 0.246925 0.251726 0.172263
v 0.249069 0.248510 0.169167
v 0.250717 0.245559 0.166343
v 0.406638 0.134345 -0.177796
v 0.394372 0.097525 -0.195695
v 0.380929 0.057170 -0.206434
v 0.366897 0.015048 -0.210014
v 0.352865 -0.027073 -0.206434
v 0.339422 -0.067428 -0.195695
v 0.327156 -0.104248 -0.177796
v 0.308415 -0.160508 0.120818
v 0.302527 -0.178182 0.083528
v 0.298995 -0.188786 0.042659
v 0.297817 -0.192321 -0.000000
v 0.298995 -0.188786 -0.042659
v 0.302527 -0.178182 -0.083528
v 0.308415 -0.160509 -0.120818
v 0.425379 0.190605 -0.120818
v 0.431267 0.208279 -0.083528
v 0.434799 0.218883 -0.042659
v 0.435977 0.222418 -0.000000
v 0.434799 0.218883 0.042659
v 0.431267 0.208279 0.083528
v 0.425379 0.190605 0.120818
v 0.406637 0.134345 0.177796
v 0.394372 0.097525 0.195695
v 0.380929 0.057170 0.206434
v 0.366897 0.015048 0.210014
v 0.352865 -0.027073 0.206434
v 0.339422 -0.067428 0.195695
v 0.327156 -0.104248 0.177796
v 0.429265 0.099906 -0.152641
v 0.418686 0.070109 -0.168008
v 0.407091 0.037451 -0.177228
v 0.394988 0.003362 -0.180301
v 0.382885 -0.030726 -0.177228
v 0.371290 -0.063384 -0.168008
v 0.360711 -0.093181 -0.152641
v 0.344546 -0.138711 0.103724
v 0.339468 -0.153014 0.071711
v 0.336421 -0.161596 0.036624
v 0.335405 -0.164456 -0.000000
v 0.336421 -0.161596 -0.036624
v 0.339468 -0.153014 -0.071711
v 0.344546 -0.138711 -0.103724
v 0.445431 0.145436 -0.103724
v 0.450509 0.159739 -0.071711
v 0.453556 0.168321 -0.036624
v 0.454571 0.171181 0.000000
v 0.453556 0.168321 0.036624
v 0.450509 0.159739 0.071711
v 0.445431 0.145436 0.103724
v 0.429265 0.099906 0.152641
v 0.418686 0.070109 0.168008
v 0.407091 0.037451 0.177228
v 0.394988 0.003362 0.180301
v 0.382886 -0.030726 0.177228
v 0.371291 -0.063384 0.168008
v 0.360711 -0.093181 0.152641
v 0.425146 0.159425 -0.150480
v 0.430780 0.153350 -0.147842
v 0.434461 0.147652 -0.144951
v 0.436610 0.142349 -0.141933
v 0.437649 0.137456 -0.138915
v 0.437999 0.132992 -0.136024
v 0.438083 0.128972 -0.133386
v 0.349482 -0.121008 -0.133386
v 0.347152 -0.123856 -0.136024
v 0.344431 -0.126942 -0.138915
v 0.341081 -0.129975 -0.141933
v 0.336865 -0.132664 -0.144951
v 0.331547 -0.134719 -0.147842
v 0.324890 -0.135850 -0.150480
v 0.349482 -0.121008 0.133386
v 0.347152 -0.123856 0.136024
v 0.344431 -0.126942 0.138915
v 0.341081 -0.129975 0.141933
v 0.336865 -0.132664 0.144951
v 0.331547 -0.134719 0.147842
v 0.324890 -0.135850 0.150480
v 0.425146 0.159425 0.150480
v 0.430780 0.153350 0.147842
v 0.434461 0.147652 0.144951
v 0.436610 0.142349 0.141933
v 0.437649 0.137456 0.138915
v 0.437999 0.132992 0.136024
v 0.438083 0.128972 0.133386
v 0.505873 0.046418 -0.135352
v 0.495732 0.020647 -0.148978
v 0.484618 -0.007597 -0.157153
v 0.473016 -0.037079 -0.159879
v 0.461415 -0.066560 -0.157153
v 0.450301 -0.094805 -0.148978
v 0.440160 -0.120575 -0.135352
v 0.424665 -0.159953 0.091976
v 0.419797 -0.172322 0.063588
v 0.416876 -0.179744 0.032475
v 0.415903 -0.182218 -0.000000
v 0.416876 -0.179744 -0.032475
v 0.419797 -0.172322 -0.063588
v 0.424665 -0.159953 -0.091976
v 0.521368 0.085795 -0.091976
v 0.526236 0.098165 -0.063588
v 0.529156 0.105587 -0.032475
v 0.530130 0.108061 -0.000000
v 0.529156 0.105587 0.032475
v 0.526236 0.098165 0.063588
v 0.521368 0.085795 0.091976
v 0.505873 0.046418 0.135352
v 0.495732 0.020647 0.148978
v 0.484618 -0.007597 0.157153
v 0.473016 -0.037079 0.159879
v 0.461415 -0.066560 0.157153
v 0.450301 -0.094805 0.148978
v 0.440160 -0.120575 0.135352
v 0.511557 0.010973 -0.089875
v 0.504505 -0.006611 -0.098923
v 0.496776 -0.025883 -0.104352
v 0.488708 -0.045999 -0.106161
v 0.480641 -0.066115 -0.104352
v 0.472912 -0.085387 -0.098923
v 0.465860 -0.102971 -0.089875
v 0.455084 -0.129839 0.061073
v 0.451700 -0.138280 0.042223
v 0.449669 -0.143344 0.021564
v 0.448992 -0.145032 -0.000000
v 0.449669 -0.143344 -0.021564
v 0.451700 -0.138280 -0.042223
v 0.455085 -0.129839 -0.061073
v 0.522332 0.037842 -0.061073
v 0.525717 0.046282 -0.042223
v 0.527748 0.051346 -0.021564
v 0.528425 0.053034 -0.000000
v 0.527748 0.051346 0.021564
v 0.525717 0.046282 0.042223
v 0.522332 0.037842 0.061073
v 0.511557 0.010973 0.089875
v 0.504505 -0.006611 0.098923
v 0.496776 -0.025883 0.104352
v 0.488708 -0.045999 0.106161
v 0.480641 -0.066115 0.104352
v 0.472912 -0.085387 0.098923
v 0.465860 -0.102971 0.089875
v 0.517406 0.062961 -0.112323
v 0.519027 0.057367 -0.107691
v 0.519680 0.051764 -0.102587
v 0.519627 0.046222 -0.097217
v 0.519130 0.040808 -0.091787
v 0.518450 0.035592 -0.086505
v 0.517851 0.030641 -0.081576
v 0.457146 -0.120865 -0.081576
v 0.454432 -0.124329 -0.086505
v 0.451577 -0.128138 -0.091787
v 0.448474 -0.132014 -0.097217
v 0.445019 -0.135679 -0.102587
v 0.441105 -0.138856 -0.107691
v 0.436627 -0.141267 -0.112323
v 0.457146 -0.120865 0.081576
v 0.454432 -0.124329 0.086505
v 0.451577 -0.128138 0.091787
v 0.448474 -0.132014 0.097217
v 0.445019 -0.135679 0.102587
v 0.441105 -0.138856 0.107691
v 0.436627 -0.141267 0.112323
v 0.517406 0.062961 0.112323
v 0.519027 0.057367 0.107691
v 0.519680 0.051764 0.102587
v 0.519627 0.046222 0.097217
v 0.519130 0.040808 0.091787
v 0.518450 0.035592 0.086505
v 0.517851 0.030641 0.081576
v 0.586692 -0.085029 -0.031894
v 0.585144 -0.093683 -0.033627
v 0.582577 -0.103129 -0.034815
v 0.579008 -0.112570 -0.035246
v 0.574547 -0.121354 -0.034815
v 0.569580 -0.129031 -0.033627
v 0.564634 -0.135179 -0.031894
v 0.561656 -0.141892 0.025187
v 0.562518 -0.144938 0.017741
v 0.563138 -0.147057 0.009143
v 0.563371 -0.147836 0.000000
v 0.563138 -0.147057 -0.009143
v 0.562518 -0.144938 -0.017741
v 0.561656 -0.141892 -0.025187
v 0.589670 -0.078317 -0.025187
v 0.592206 -0.077776 -0.017741
v 0.593986 -0.077426 -0.009143
v 0.594645 -0.077305 0.000000
v 0.593986 -0.077426 0.009143
v 0.592206 -0.077776 0.017741
v 0.589670 -0.078317 0.025187
v 0.586692 -0.085029 0.031894
v 0.585144 -0.093683 0.033627
v 0.582577 -0.103129 0.034815
v 0.579008 -0.112570 0.035246
v 0.574547 -0.121354 0.034815
v 0.569580 -0.129030 0.033627
v 0.564634 -0.135179 0.031894
v 0.232766 -0.108812 0.158129
v 0.244681 -0.113666 0.158056
v 0.257326 -0.118635 0.157855
v 0.270275 -0.123451 0.157465
v 0.283107 -0.127842 0.156821
v 0.295397 -0.131538 0.155861
v 0.306721 -0.134269 0.154521
v 0.292236 0.222440 0.158151
v 0.282405 0.226334 0.158230
v 0.274228 0.229701 0.158445
v 0.267542 0.232659 0.158863
v 0.262185 0.235332 0.159552
v 0.257993 0.237838 0.160580
v 0.254804 0.240300 0.162015
v 0.232766 -0.108812 -0.158129
v 0.244681 -0.113666 -0.158056
v 0.257326 -0.118635 -0.157855
v 0.270275 -0.123451 -0.157465
v 0.283107 -0.127842 -0.156821
v 0.295397 -0.131538 -0.155861
v 0.306721 -0.134269 -0.154521
v 0.292236 0.222440 -0.158151
v 0.282405 0.226334 -0.158230
v 0.274228 0.229701 -0.158445
v 0.267542 0.232659 -0.158863
v 0.262185 0.235332 -0.159552
v 0.257993 0.237838 -0.160580
v 0.254805 0.240300 -0.162015
v 0.469808 0.101047 0.125707
v 0.476879 0.097297 0.125578
v 0.484210 0.093187 0.125227
v 0.491511 0.088751 0.124544
v 0.498488 0.084027 0.123418
v 0.504848 0.079049 0.121739
v 0.510301 0.073854 0.119395
v 0.457563 0.107346 -0.125736
v 0.452648 0.109973 -0.125810
v 0.448511 0.112395 -0.126010
v 0.445118 0.114726 -0.126401
v 0.442437 0.117080 -0.127044
v 0.440432 0.119569 -0.128005
v 0.439072 0.122309 -0.129345
v 0.373757 -0.122049 -0.125736
v 0.369245 -0.119790 -0.125810
v 0.365327 -0.118037 -0.126010
v 0.361917 -0.116843 -0.126401
v 0.358930 -0.116258 -0.127044
v 0.356282 -0.116336 -0.128005
v 0.353885 -0.117129 -0.129345
v 0.384860 -0.127851 0.125707
v 0.391343 -0.131126 0.125578
v 0.398206 -0.134373 0.125227
v 0.405257 -0.137375 0.124544
v 0.412302 -0.139918 0.123418
v 0.419149 -0.141786 0.121739
v 0.425606 -0.142763 0.119395
v 0.503642 -0.125805 0.054780
v 0.512644 -0.129154 0.051793
v 0.522056 -0.132377 0.048480
v 0.531492 -0.135180 0.044868
v 0.540568 -0.137307 0.041004
v 0.548896 -0.138645 0.037035
v 0.556026 -0.139154 0.033190
v 0.534925 -0.005920 0.059706
v 0.530063 -0.000101 0.061762
v 0.526070 0.004984 0.063728
v 0.522902 0.009524 0.065747
v 0.520514 0.013708 0.067962
v 0.518863 0.017727 0.070515
v 0.517904 0.021769 0.073549
v 0.503642 -0.125805 -0.054780
v 0.512644 -0.129154 -0.051793
v 0.522056 -0.132377 -0.048480
v 0.531492 -0.135180 -0.044868
v 0.540568 -0.137307 -0.041004
v 0.548896 -0.138645 -0.037035
v 0.556026 -0.139154 -0.033190
v 0.534925 -0.005920 -0.059706
v 0.530063 -0.000101 -0.061762
v 0.526070 0.004984 -0.063728
v 0.522902 0.009524 -0.065747
v 0.520514 0.013708 -0.067962
v 0.518863 0.017727 -0.070515
v 0.517904 0.021769 -0.073549
v 0.181732 -0.090884 0.162015
v 0.184706 -0.090896 0.160580
v 0.188357 -0.091538 0.159552
v 0.192834 -0.092813 0.158863
v 0.198287 -0.094727 0.158445
v 0.204866 -0.097284 0.158230
v 0.212722 -0.100488 0.158151
v 0.406501 0.172624 0.154521
v 0.393665 0.179590 0.155861
v 0.379226 0.186623 0.156821
v 0.363782 0.193582 0.157465
v 0.347928 0.200328 0.157855
v 0.332263 0.206722 0.158056
v 0.317382 0.212624 0.158129
v 0.181732 -0.090884 -0.162015
v 0.184706 -0.090896 -0.160580
v 0.188357 -0.091538 -0.159552
v 0.192834 -0.092813 -0.158863
v 0.198287 -0.094727 -0.158445
v 0.204866 -0.097284 -0.158230
v 0.212722 -0.100488 -0.158151
v 0.406501 0.172624 -0.154521
v 0.393665 0.179590 -0.155861
v 0.379226 0.186623 -0.156821
v 0.363782 0.193582 -0.157465
v 0.347928 0.200328 -0.157855
v 0.332263 0.206722 -0.158056
v 0.317382 0.212624 -0.158129
v 0.295327 0.184224 -0.184085
v 0.285332 0.144888 -0.202617
v 0.274378 0.101776 -0.213736
v 0.262943 0.056775 -0.217443
v 0.251509 0.011775 -0.213736
v 0.240554 -0.031337 -0.202617
v 0.230559 -0.070673 -0.184085
v 0.310600 0.244329 0.125091
v 0.315397 0.263210 0.086483
v 0.318276 0.274539 0.044168
v 0.319235 0.278315 -0.000000
v 0.318276 0.274539 -0.044168
v 0.315397 0.263210 -0.086483
v 0.310600 0.244329 -0.125091
v 0.215287 -0.130778 -0.125091
v 0.210489 -0.149660 -0.086483
v 0.207611 -0.160988 -0.044168
v 0.206651 -0.164765 -0.000000
v 0.207611 -0.160988 0.044168
v 0.210489 -0.149660 0.086483
v 0.215287 -0.130778 0.125091
v 0.230559 -0.070673 0.184085
v 0.240554 -0.031337 0.202617
v 0.251509 0.011775 0.213736
v 0.262943 0.056775 0.217443
v 0.274378 0.101776 0.213736
v 0.285332 0.144888 0.202617
v 0.295327 0.184224 0.184085
v 0.439072 0.122309 0.129345
v 0.440432 0.119569 0.128005
v 0.442437 0.117080 0.127044
v 0.445118 0.114726 0.126401
v 0.448511 0.112395 0.126010
v 0.452648 0.109973 0.125810
v 0.457563 0.107346 0.125736
v 0.510301 0.073854 -0.119395
v 0.504848 0.079049 -0.121739
v 0.498488 0.084027 -0.123418
v 0.491511 0.088751 -0.124544
v 0.484210 0.093187 -0.125227
v 0.476879 0.097297 -0.125578
v 0.469808 0.101047 -0.125707
v 0.425606 -0.142763 -0.119395
v 0.419149 -0.141786 -0.121739
v 0.412302 -0.139918 -0.123418
v 0.405257 -0.137375 -0.124544
v 0.398206 -0.134373 -0.125227
v 0.391343 -0.131126 -0.125578
v 0.384860 -0.127851 -0.125707
v 0.353885 -0.117129 0.129345
v 0.356282 -0.116336 0.128005
v 0.358930 -0.116258 0.127044
v 0.361917 -0.116843 0.126401
v 0.365327 -0.118037 0.126010
v 0.369245 -0.119790 0.125810
v 0.373758 -0.122049 0.125736
v 0.387762 -0.100817 0.146352
v 0.398058 -0.072843 0.161086
v 0.409342 -0.042183 0.169926
v 0.421120 -0.010181 0.172873
v 0.432898 0.021821 0.169926
v 0.444181 0.052481 0.161086
v 0.454477 0.080455 0.146352
v 0.454477 0.080455 -0.146352
v 0.444181 0.052481 -0.161086
v 0.432898 0.021821 -0.169926
v 0.421120 -0.010181 -0.172873
v 0.409342 -0.042183 -0.169926
v 0.398058 -0.072843 -0.161086
v 0.387762 -0.100817 -0.146352
v 0.470208 0.123199 0.099451
v 0.475150 0.136627 0.068756
v 0.478115 0.144683 0.035115
v 0.479104 0.147369 0.000000
v 0.478115 0.144683 -0.035115
v 0.475150 0.136627 -0.068756
v 0.470208 0.123199 -0.099451
v 0.372031 -0.143561 -0.099451
v 0.367089 -0.156989 -0.068756
v 0.364124 -0.165045 -0.035115
v 0.363136 -0.167731 0.000000
v 0.364124 -0.165045 0.035115
v 0.367089 -0.156989 0.068756
v 0.372031 -0.143561 0.099451
v 0.462577 -0.116026 0.073549
v 0.465538 -0.114873 0.070515
v 0.468846 -0.114511 0.067962
v 0.472640 -0.114883 0.065747
v 0.477057 -0.115936 0.063728
v 0.482236 -0.117613 0.061762
v 0.488315 -0.119860 0.059706
v 0.584807 -0.073319 0.033190
v 0.580644 -0.065502 0.037035
v 0.575255 -0.056728 0.041004
v 0.568904 -0.047481 0.044868
v 0.561872 -0.038144 0.048480
v 0.554551 -0.029031 0.051793
v 0.547355 -0.020438 0.054780
v 0.462577 -0.116026 -0.073549
v 0.465538 -0.114873 -0.070515
v 0.468846 -0.114511 -0.067962
v 0.472640 -0.114883 -0.065747
v 0.477057 -0.115936 -0.063728
v 0.482236 -0.117613 -0.061762
v 0.488315 -0.119860 -0.059706
v 0.584807 -0.073319 -0.033190
v 0.580644 -0.065502 -0.037035
v 0.575255 -0.056728 -0.041004
v 0.568904 -0.047481 -0.044868
v 0.561872 -0.038144 -0.048480
v 0.554551 -0.029031 -0.051793
v 0.547355 -0.020438 -0.054780
v 0.535970 -0.024153 -0.066837
v 0.530444 -0.037575 -0.073566
v 0.524388 -0.052287 -0.077603
v 0.518067 -0.067643 -0.078949
v 0.511745 -0.082998 -0.077603
v 0.505689 -0.097710 -0.073566
v 0.500164 -0.111133 -0.066837
v 0.544413 -0.003642 0.045418
v 0.547065 0.002801 0.031400
v 0.548656 0.006666 0.016036
v 0.549187 0.007955 -0.000000
v 0.548657 0.006666 -0.016036
v 0.547065 0.002801 -0.031400
v 0.544413 -0.003642 -0.045418
v 0.491721 -0.131643 -0.045418
v 0.489068 -0.138086 -0.031400
v 0.487477 -0.141951 -0.016036
v 0.486946 -0.143240 -0.000000
v 0.487477 -0.141951 0.016036
v 0.489068 -0.138086 0.031400
v 0.491721 -0.131643 0.045418
v 0.500164 -0.111133 0.066837
v 0.505689 -0.097710 0.073566
v 0.511745 -0.082998 0.077603
v 0.518067 -0.067643 0.078949
v 0.524388 -0.052287 0.077603
v 0.530444 -0.037575 0.073566
v 0.535970 -0.024153 0.066837
v -0.031301 0.305178 -0.192837
v -0.062100 0.302831 -0.192758
v -0.091895 0.299263 -0.192544
v -0.120185 0.294755 -0.192126
v -0.146467 0.289588 -0.191436
v -0.170241 0.284044 -0.190408
v -0.191004 0.278404 -0.188973
v -0.201347 0.232722 -0.217754
v -0.193279 0.185730 -0.239676
v -0.184436 0.134226 -0.252828
v -0.175206 0.080466 -0.257213
v -0.165976 0.026706 -0.252828
v -0.157133 -0.024798 -0.239676
v -0.149065 -0.071791 -0.217754
v -0.136737 -0.143596 0.147970
v -0.132864 -0.166152 0.102301
v -0.130540 -0.179686 0.052246
v -0.129766 -0.184197 0.000000
v -0.130540 -0.179686 -0.052246
v -0.132864 -0.166152 -0.102301
v -0.136737 -0.143596 -0.147970
v -0.213676 0.304527 -0.147970
v -0.217548 0.327084 -0.102301
v -0.219872 0.340618 -0.052246
v -0.220647 0.345129 -0.000000
v -0.219872 0.340618 0.052246
v -0.217548 0.327084 0.102301
v -0.213676 0.304527 0.147970
v -0.201347 0.232722 0.217754
v -0.193279 0.185730 0.239676
v -0.184436 0.134226 0.252829
v -0.175206 0.080466 0.257213
v -0.165976 0.026706 0.252829
v -0.157133 -0.024798 0.239676
v -0.149065 -0.071791 0.217754
v -0.021124 -0.129462 0.192837
v -0.041929 -0.128334 0.192758
v -0.062095 -0.126581 0.192544
v -0.081302 -0.124304 0.192126
v -0.099232 -0.121606 0.191436
v -0.115564 -0.118591 0.190408
v -0.129979 -0.115360 0.188973
v -0.129979 -0.115360 -0.188973
v -0.115564 -0.118591 -0.190408
v -0.099232 -0.121606 -0.191436
v -0.081302 -0.124304 -0.192126
v -0.062095 -0.126581 -0.192544
v -0.041929 -0.128334 -0.192758
v -0.021124 -0.129462 -0.192837
v -0.191004 0.278404 0.188973
v -0.170241 0.284044 0.190408
v -0.146467 0.289588 0.191436
v -0.120185 0.294755 0.192125
v -0.091895 0.299263 0.192544
v -0.062100 0.302831 0.192758
v -0.031301 0.305178 0.192837
v -0.244811 0.207903 -0.190819
v -0.235879 0.167090 -0.210029
v -0.226089 0.122360 -0.221555
v -0.215870 0.075670 -0.225397
v -0.205651 0.028981 -0.221555
v -0.195862 -0.015749 -0.210029
v -0.186929 -0.056562 -0.190819
v -0.173281 -0.118923 0.129667
v -0.168993 -0.138513 0.089646
v -0.166421 -0.150267 0.045784
v -0.165563 -0.154185 -0.000000
v -0.166421 -0.150267 -0.045784
v -0.168993 -0.138513 -0.089646
v -0.173281 -0.118923 -0.129667
v -0.258460 0.270264 -0.129667
v -0.262747 0.289854 -0.089646
v -0.265320 0.301608 -0.045784
v -0.266177 0.305526 0.000000
v -0.265320 0.301608 0.045784
v -0.262747 0.289854 0.089646
v -0.258459 0.270264 0.129667
v -0.244811 0.207903 0.190819
v -0.235878 0.167090 0.210029
v -0.226089 0.122360 0.221555
v -0.215870 0.075670 0.225397
v -0.205651 0.028981 0.221555
v -0.195862 -0.015749 0.210029
v -0.186929 -0.056562 0.190819
v -0.221671 0.267906 -0.184646
v -0.231660 0.263297 -0.181821
v -0.238807 0.259086 -0.178726
v -0.243700 0.255240 -0.175494
v -0.246925 0.251726 -0.172263
v -0.249069 0.248510 -0.169167
v -0.250717 0.245559 -0.166343
v -0.177174 -0.092718 -0.166343
v -0.175075 -0.094481 -0.169167
v -0.172619 -0.096706 -0.172263
v -0.169440 -0.099315 -0.175494
v -0.165170 -0.102230 -0.178726
v -0.159445 -0.105371 -0.181821
v -0.151896 -0.108659 -0.184646
v -0.177174 -0.092718 0.166343
v -0.175075 -0.094481 0.169167
v -0.172619 -0.096706 0.172263
v -0.169440 -0.099315 0.175494
v -0.165170 -0.102230 0.178726
v -0.159445 -0.105371 0.181821
v -0.151896 -0.108659 0.184646
v -0.221671 0.267906 0.184646
v -0.231660 0.263297 0.181821
v -0.238807 0.259086 0.178726
v -0.243700 0.255240 0.175494
v -0.246925 0.251726 0.172263
v -0.249069 0.248510 0.169167
v -0.250717 0.245559 0.166343
v -0.406638 0.134345 -0.177796
v -0.394372 0.097525 -0.195695
v -0.380929 0.057170 -0.206434
v -0.366897 0.015048 -0.210014
v -0.352865 -0.027073 -0.206434
v -0.339422 -0.067428 -0.195695
v -0.327156 -0.104248 -0.177796
v -0.308415 -0.160508 0.120818
v -0.302527 -0.178182 0.083528
v -0.298995 -0.188786 0.042659
v -0.297817 -0.192321 -0.000000
v -0.298995 -0.188786 -0.042659
v -0.302527 -0.178182 -0.083528
v -0.308415 -0.160509 -0.120818
v -0.425379 0.190605 -0.120818
v -0.431267 0.208279 -0.083528
v -0.434799 0.218883 -0.042659
v -0.435977 0.222418 -0.000000
v -0.434799 0.218883 0.042659
v -0.431267 0.208279 0.083528
v -0.425379 0.190605 0.120818
v -0.406638 0.134345 0.177796
v -0.394372 0.097525 0.195695
v -0.380929 0.057170 0.206434
v -0.366897 0.015048 0.210014
v -0.352865 -0.027073 0.206434
v -0.339422 -0.067428 0.195695
v -0.327156 -0.104248 0.177796
v -0.429265 0.099906 -0.152641
v -0.418686 0.070109 -0.168008
v -0.407091 0.037451 -0.177228
v -0.394988 0.003362 -0.180301
v -0.382886 -0.030726 -0.177228
v -0.371291 -0.063384 -0.168008
v -0.360711 -0.093181 -0.152641
v -0.344546 -0.138711 0.103724
v -0.339468 -0.153014 0.071711
v -0.336421 -0.161596 0.036624
v -0.335405 -0.164456 -0.000000
v -0.336421 -0.161596 -0.036624
v -0.339468 -0.153014 -0.071711
v -0.344546 -0.138711 -0.103724
v -0.445431 0.145436 -0.103724
v -0.450509 0.159739 -0.071711
v -0.453556 0.168321 -0.036624
v -0.454571 0.171181 0.000000
v -0.453556 0.168321 0.036624
v -0.450509 0.159739 0.071711
v -0.445431 0.145436 0.103724
v -0.429265 0.099906 0.152641
v -0.418686 0.070109 0.168008
v -0.407091 0.037451 0.177228
v -0.394988 0.003362 0.180301
v -0.382886 -0.030726 0.177228
v -0.371291 -0.063384 0.168008
v -0.360711 -0.093181 0.152641
v -0.425146 0.159425 -0.150480
v -0.430780 0.153350 -0.147842
v -0.434461 0.147652 -0.144951
v -0.436610 0.142349 -0.141933
v -0.437649 0.137456 -0.138915
v -0.437999 0.132992 -0.136024
v -0.438083 0.128972 -0.133386
v -0.349482 -0.121008 -0.133386
v -0.347152 -0.123856 -0.136024
v -0.344431 -0.126942 -0.138915
v -0.341081 -0.129975 -0.141933
v -0.336865 -0.132664 -0.144951
v -0.331547 -0.134719 -0.147842
v -0.324890 -0.135850 -0.150480
v -0.349482 -0.121008 0.133386
v -0.347152 -0.123856 0.136024
v -0.344431 -0.126942 0.138915
v -0.341081 -0.129975 0.141933
v -0.336865 -0.132664 0.144951
v -0.331547 -0.134719 0.147842
v -0.324890 -0.135850 0.150480
v -0.425146 0.159425 0.150480
v -0.430780 0.153350 0.147842
v -0.434461 0.147652 0.144951
v -0.436610 0.142349 0.141933
v -0.437649 0.137456 0.138915
v -0.437999 0.132992 0.136024
v -0.438083 0.128972 0.133386
v -0.505873 0.046418 -0.135352
v -0.495732 0.020647 -0.148978
v -0.484618 -0.007597 -0.157153
v -0.473016 -0.037079 -0.159879
v -0.461415 -0.066560 -0.157153
v -0.450301 -0.094805 -0.148978
v -0.440160 -0.120575 -0.135352
v -0.424665 -0.159953 0.091976
v -0.419797 -0.172322 0.063588
v -0.416876 -0.179744 0.032475
v -0.415903 -0.182218 -0.000000
v -0.416876 -0.179744 -0.032475
v -0.419797 -0.172322 -0.063588
v -0.424665 -0.159953 -0.091976
v -0.521368 0.085795 -0.091976
v -0.526236 0.098165 -0.063588
v -0.529156 0.105587 -0.032475
v -0.530130 0.108061 0.000000
v -0.529156 0.105587 0.032475
v -0.526236 0.098165 0.063588
v -0.521368 0.085795 0.091976
v -0.505873 0.046418 0.135352
v -0.495732 0.020647 0.148978
v -0.484618 -0.007597 0.157153
v -0.473016 -0.037079 0.159879
v -0.461415 -0.066560 0.157153
v -0.450301 -0.094805 0.148978
v -0.440160 -0.120575 0.135352
v -0.511557 0.010973 -0.089875
v -0.504505 -0.006611 -0.098923
v -0.496776 -0.025883 -0.104352
v -0.488708 -0.045999 -0.106161
v -0.480641 -0.066115 -0.104352
v -0.472912 -0.085387 -0.098923
v -0.465860 -0.102971 -0.089875
v -0.455085 -0.129839 0.061073
v -0.451700 -0.138280 0.042223
v -0.449669 -0.143344 0.021564
v -0.448992 -0.145032 -0.000000
v -0.449669 -0.143344 -0.021564
v -0.451700 -0.138280 -0.042223
v -0.455085 -0.129839 -0.061073
v -0.522332 0.037842 -0.061073
v -0.525717 0.046282 -0.042223
v -0.527748 0.051346 -0.021564
v -0.528425 0.053034 -0.000000
v -0.527748 0.051346 0.021564
v -0.525717 0.046282 0.042223
v -0.522332 0.037842 0.061073
v -0.511557 0.010973 0.089875
v -0.504505 -0.006611 0.098923
v -0.496776 -0.025883 0.104352
v -0.488708 -0.045999 0.106161
v -0.480641 -0.066115 0.104352
v -0.472912 -0.085387 0.098923
v -0.465860 -0.102971 0.089875
v -0.517406 0.062961 -0.112323
v -0.519027 0.057367 -0.107691
v -0.519680 0.051764 -0.102587
v -0.519627 0.046222 -0.097217
v -0.519130 0.040808 -0.091787
v -0.518450 0.035592 -0.086505
v -0.517851 0.030641 -0.081576
v -0.457146 -0.120865 -0.081576
v -0.454432 -0.124329 -0.086505
v -0.451577 -0.128138 -0.091787
v -0.448474 -0.132014 -0.097217
v -0.445019 -0.135679 -0.102587
v -0.441105 -0.138856 -0.107691
v -0.436627 -0.141267 -0.112323
v -0.457146 -0.120865 0.081576
v -0.454432 -0.124329 0.086504
v -0.451577 -0.128138 0.091787
v -0.448474 -0.132014 0.097217
v -0.445019 -0.135679 0.102587
v -0.441105 -0.138856 0.107691
v -0.436627 -0.141267 0.112323
v -0.517406 0.062961 0.112323
v -0.519027 0.057367 0.107691
v -0.519680 0.051764 0.102587
v -0.519627 0.046222 0.097217
v -0.519130 0.040808 0.091787
v -0.518450 0.035592 0.086505
v -0.517851 0.030641 0.081576
v -0.586692 -0.085029 -0.031894
v -0.585144 -0.093683 -0.033627
v -0.582577 -0.103129 -0.034815
v -0.579008 -0.112570 -0.035246
v -0.574547 -0.121354 -0.034815
v -0.569580 -0.129031 -0.033627
v -0.564634 -0.135179 -0.031894
v -0.561656 -0.141892 0.025187
v -0.562518 -0.144938 0.017741
v -0.563138 -0.147057 0.009143
v -0.563371 -0.147836 0.000000
v -0.563138 -0.147057 -0.009143
v -0.562518 -0.144938 -0.017741
v -0.561656 -0.141892 -0.025187
v -0.589670 -0.078317 -0.025187
v -0.592206 -0.077776 -0.017741
v -0.593986 -0.077426 -0.009143
v -0.594645 -0.077305 0.000000
v -0.593986 -0.077426 0.009143
v -0.592206 -0.077776 0.017741
v -0.589670 -0.078317 0.025187
v -0.586692 -0.085029 0.031894
v -0.585144 -0.093683 0.033627
v -0.582577 -0.103129 0.034815
v -0.579008 -0.112570 0.035246
v -0.574547 -0.121354 0.034815
v -0.569580 -0.129030 0.033627
v -0.564634 -0.135179 0.031894
v -0.232766 -0.108812 0.158129
v -0.244681 -0.113666 0.158056
v -0.257326 -0.118635 0.157855
v -0.270275 -0.123451 0.157465
v -0.283107 -0.127842 0.156821
v -0.295397 -0.131538 0.155861
v -0.306721 -0.134269 0.154521
v -0.292236 0.222440 0.158151
v -0.282405 0.226334 0.158230
v -0.274228 0.229701 0.158445
v -0.267542 0.232659 0.158863
v -0.262185 0.235332 0.159552
v -0.257993 0.237838 0.160580
v -0.254805 0.240300 0.162015
v -0.232766 -0.108812 -0.158129
v -0.244681 -0.113666 -0.158056
v -0.257326 -0.118635 -0.157855
v -0.270275 -0.123451 -0.157465
v -0.283107 -0.127842 -0.156821
v -0.295397 -0.131538 -0.155861
v -0.306721 -0.134269 -0.154521
v -0.292236 0.222439 -0.158151
v -0.282405 0.226334 -0.158230
v -0.274228 0.229701 -0.158445
v -0.267542 0.232659 -0.158863
v -0.262185 0.235332 -0.159552
v -0.257993 0.237838 -0.160580
v -0.254805 0.240300 -0.162015
v -0.469808 0.101047 0.125707
v -0.476879 0.097297 0.125578
v -0.484210 0.093187 0.125227
v -0.491511 0.088751 0.124544
v -0.498488 0.084027 0.123418
v -0.504848 0.079049 0.121739
v -0.510301 0.073854 0.119395
v -0.457563 0.107346 -0.125736
v -0.452648 0.109973 -0.125810
v -0.448511 0.112395 -0.126010
v -0.445118 0.114726 -0.126401
v -0.442437 0.117080 -0.127044
v -0.440432 0.119569 -0.128005
v -0.439072 0.122309 -0.129345
v -0.373757 -0.122049 -0.125736
v -0.369245 -0.119790 -0.125810
v -0.365327 -0.118037 -0.126010
v -0.361917 -0.116843 -0.126401
v -0.358930 -0.116258 -0.127044
v -0.356282 -0.116336 -0.128005
v -0.353885 -0.117129 -0.129345
v -0.384860 -0.127851 0.125707
v -0.391343 -0.131126 0.125578
v -0.398206 -0.134373 0.125227
v -0.405257 -0.137375 0.124544
v -0.412302 -0.139918 0.123418
v -0.419149 -0.141786 0.121739
v -0.425606 -0.142763 0.119395
v -0.503642 -0.125805 0.054780
v -0.512644 -0.129154 0.051793
v -0.522056 -0.132377 0.048480
v -0.531492 -0.135180 0.044868
v -0.540568 -0.137307 0.041004
v -0.548896 -0.138645 0.037035
v -0.556026 -0.139154 0.033190
v -0.534925 -0.005920 0.059706
v -0.530063 -0.000101 0.061762
v -0.526070 0.004984 0.063728
v -0.522902 0.009524 0.065747
v -0.520514 0.013708 0.067962
v -0.518863 0.017727 0.070515
v -0.517904 0.021769 0.073549
v -0.503642 -0.125805 -0.054780
v -0.512644 -0.129154 -0.051793
v -0.522056 -0.132377 -0.048480
v -0.531492 -0.135180 -0.044868
v -0.540568 -0.137307 -0.041004
v -0.548896 -0.138645 -0.037035
v -0.556026 -0.139154 -0.033190
v -0.534925 -0.005920 -0.059706
v -0.530063 -0.000101 -0.061762
v -0.526070 0.004984 -0.063728
v -0.522902 0.009524 -0.065747
v -0.520514 0.013708 -0.067962
v -0.518863 0.017727 -0.070515
v -0.517904 0.021769 -0.073549
v -0.181732 -0.090884 0.162015
v -0.184706 -0.090896 0.160580
v -0.188357 -0.091538 0.159552
v -0.192834 -0.092813 0.158863
v -0.198287 -0.094727 0.158445
v -0.204866 -0.097284 0.158230
v -0.212722 -0.100488 0.158151
v -0.406501 0.172624 0.154521
v -0.393665 0.179590 0.155861
v -0.379226 0.186623 0.156821
v -0.363782 0.193582 0.157465
v -0.347928 0.200328 0.157855
v -0.332263 0.206722 0.158056
v -0.317382 0.212624 0.158129
v -0.181732 -0.090884 -0.162015
v -0.184706 -0.090896 -0.160580
v -0.188357 -0.091538 -0.159552
v -0.192834 -0.092813 -0.158863
v -0.198287 -0.094727 -0.158445
v -0.204866 -0.097284 -0.158230
v -0.212722 -0.100488 -0.158151
v -0.406501 0.172624 -0.154521
v -0.393665 0.179590 -0.155861
v -0.379226 0.186623 -0.156821
v -0.363782 0.193582 -0.157465
v -0.347928 0.200328 -0.157855
v -0.332263 0.206722 -0.158056
v -0.317382 0.212624 -0.158129
v -0.295327 0.184224 -0.184085
v -0.285332 0.144888 -0.202617
v -0.274378 0.101776 -0.213736
v -0.262943 0.056775 -0.217443
v -0.251509 0.011775 -0.213736
v -0.240554 -0.031337 -0.202617
v -0.230559 -0.070673 -0.184085
v -0.310600 0.244329 0.125091
v -0.315397 0.263210 0.086483
v -0.318276 0.274539 0.044168
v -0.319235 0.278315 -0.000000
v -0.318276 0.274539 -0.044168
v -0.315397 0.263210 -0.086483
v -0.310600 0.244329 -0.125091
v -0.215287 -0.130778 -0.125091
v -0.210489 -0.149660 -0.086483
v -0.207611 -0.160988 -0.044168
v -0.206651 -0.164765 -0.000000
v -0.207611 -0.160988 0.044168
v -0.210489 -0.149660 0.086483
v -0.215287 -0.130778 0.125091
v -0.230559 -0.070673 0.184085
v -0.240554 -0.031337 0.202617
v -0.251509 0.011775 0.213736
v -0.262943 0.056775 0.217443
v -0.274378 0.101776 0.213736
v -0.285332 0.144888 0.202617
v -0.295327 0.184224 0.184085
v -0.439072 0.122309 0.129345
v -0.440432 0.119569 0.128005
v -0.442437 0.117080 0.127044
v -0.445118 0.114726 0.126401
v -0.448511 0.112395 0.126010
v -0.452648 0.109973 0.125810
v -0.457563 0.107346 0.125736
v -0.510301 0.073854 -0.119395
v -0.504848 0.079049 -0.121739
v -0.498488 0.084027 -0.123418
v -0.491511 0.088751 -0.124544
v -0.484210 0.093187 -0.125227
v -0.476879 0.097297 -0.125578
v -0.469808 0.101047 -0.125707
v -0.425606 -0.142763 -0.119395
v -0.419149 -0.141786 -0.121739
v -0.412302 -0.139918 -0.123418
v -0.405257 -0.137375 -0.124544
v -0.398206 -0.134373 -0.125227
v -0.391343 -0.131126 -0.125578
v -0.384860 -0.127851 -0.125707
v -0.353885 -0.117129 0.129345
v -0.356282 -0.116336 0.128005
v -0.358930 -0.116258 0.127044
v -0.361917 -0.116843 0.126401
v -0.365327 -0.118037 0.126010
v -0.369245 -0.119790 0.125810
v -0.373758 -0.122049 0.125736
v -0.387762 -0.100817 0.146352
v -0.398058 -0.072843 0.161086
v -0.409342 -0.042183 0.169926
v -0.421120 -0.010181 0.172873
v -0.432898 0.021821 0.169926
v -0.444181 0.052481 0.161086
v -0.454477 0.080455 0.146352
v -0.454477 0.080455 -0.146352
v -0.444181 0.052481 -0.161086
v -0.432898 0.021821 -0.169926
v -0.421120 -0.010181 -0.172873
v -0.409342 -0.042183 -0.169926
v -0.398058 -0.072843 -0.161086
v -0.387762 -0.100817 -0.146352
v -0.470208 0.123199 0.099451
v -0.475150 0.136627 0.068756
v -0.478115 0.144683 0.035115
v -0.479104 0.147369 0.000000
v -0.478115 0.144683 -0.035115
v -0.475150 0.136627 -0.068756
v -0.470208 0.123199 -0.099451
v -0.372031 -0.143561 -0.099451
v -0.367089 -0.156989 -0.068756
v -0.364124 -0.165045 -0.035115
v -0.363136 -0.167731 0.000000
v -0.364124 -0.165045 0.035115
v -0.367089 -0.156989 0.068756
v -0.372031 -0.143561 0.099451
v -0.462577 -0.116026 0.073549
v -0.465538 -0.114873 0.070515
v -0.468846 -0.114511 0.067962
v -0.472640 -0.114883 0.065747
v -0.477057 -0.115936 0.063728
v -0.482236 -0.117613 0.061762
v -0.488315 -0.119860 0.059706
v -0.584807 -0.073319 0.033190
v -0.580644 -0.065502 0.037035
v -0.575255 -0.056728 0.041004
v -0.568904 -0.047481 0.044868
v -0.561872 -0.038144 0.048480
v -0.554551 -0.029031 0.051793
v -0.547355 -0.020438 0.054780
v -0.462577 -0.116026 -0.073549
v -0.465538 -0.114873 -0.070515
v -0.468846 -0.114511 -0.067962
v -0.472640 -0.114883 -0.065747
v -0.477057 -0.115936 -0.063728
v -0.482236 -0.117613 -0.061762
v -0.488315 -0.119860 -0.059706
v -0.584807 -0.073319 -0.033190
v -0.580644 -0.065502 -0.037035
v -0.575255 -0.056728 -0.041004
v -0.568904 -0.047481 -0.044868
v -0.561872 -0.038144 -0.048480
v -0.554551 -0.029031 -0.051793
v -0.547355 -0.020438 -0.054780
v -0.535970 -0.024153 -0.066837
v -0.530444 -0.037575 -0.073566
v -0.524388 -0.052287 -0.077603
v -0.518067 -0.067643 -0.078949
v -0.511745 -0.082998 -0.077603
v -0.505689 -0.097710 -0.073566
v -0.500164 -0.111133 -0.066837
v -0.544413 -0.003642 0.045418
v -0.547065 0.002801 0.031400
v -0.548657 0.006666 0.016036
v -0.549187 0.007955 -0.000000
v -0.548657 0.006666 -0.016036
v -0.547065 0.002801 -0.031400
v -0.544413 -0.003642 -0.045418
v -0.491721 -0.131643 -0.045418
v -0.489068 -0.138086 -0.031400
v -0.487477 -0.141951 -0.016036
v -0.486946 -0.143240 -0.000000
v -0.487477 -0.141951 0.016036
v -0.489068 -0.138086 0.031400
v -0.491721 -0.131643 0.045418
v -0.500164 -0.111133 0.066837
v -0.505689 -0.097710 0.073566
v -0.511745 -0.082998 0.077603
v -0.518067 -0.067643 0.078949
v -0.524388 -0.052287 0.077603
v -0.530444 -0.037575 0.073566
v -0.535970 -0.024153 0.066837
v 0.022188 -0.084045 -0.224475
v 0.023430 -0.030989 -0.247073
v 0.024791 0.027161 -0.260632
v 0.026212 0.087858 -0.265151
v 0.027634 0.148555 -0.260632
v 0.028995 0.206705 -0.247073
v 0.030237 0.259762 -0.224475
v 0.044037 -0.083281 -0.224383
v 0.046499 -0.030648 -0.246971
v 0.049198 0.027037 -0.260525
v 0.052014 0.087248 -0.265042
v 0.054831 0.147460 -0.260525
v 0.057530 0.205145 -0.246971
v 0.059992 0.257778 -0.224383
v 0.065209 -0.082083 -0.224133
v 0.068846 -0.030101 -0.246696
v 0.072833 0.026873 -0.260235
v 0.076995 0.086341 -0.264747
v 0.081156 0.145810 -0.260235
v 0.085143 0.202783 -0.246696
v 0.088781 0.254766 -0.224133
v 0.085365 -0.080516 -0.223646
v 0.090112 -0.029361 -0.246161
v 0.095314 0.026705 -0.259670
v 0.100744 0.085226 -0.264173
v 0.106173 0.143746 -0.259670
v 0.111375 0.199812 -0.246161
v 0.116122 0.250967 -0.223646
v 0.104168 -0.078640 -0.222844
v 0.109934 -0.028445 -0.245278
v 0.116253 0.026568 -0.258738
v 0.122850 0.083991 -0.263225
v 0.129446 0.141414 -0.258738
v 0.135766 0.196427 -0.245278
v 0.141532 0.246622 -0.222844
v 0.121277 -0.076519 -0.221647
v 0.127952 -0.027369 -0.243960
v 0.135267 0.026499 -0.257349
v 0.142903 0.082727 -0.261811
v 0.150538 0.138954 -0.257349
v 0.157853 0.192822 -0.243960
v 0.164528 0.241972 -0.221647
v 0.136356 -0.074215 -0.219977
v 0.143805 -0.026148 -0.242122
v 0.151970 0.026533 -0.255409
v 0.160492 0.081522 -0.259838
v 0.169014 0.136510 -0.255409
v 0.177178 0.189192 -0.242122
v 0.184627 0.237259 -0.219977
v 0.377892 -0.146628 0.099436
v 0.372914 -0.160040 0.068746
v 0.369928 -0.168087 0.035110
v 0.368933 -0.170770 0.000000
v 0.369928 -0.168087 -0.035110
v 0.372914 -0.160040 -0.068746
v 0.377892 -0.146628 -0.099436
v 0.384327 -0.149864 0.099334
v 0.379315 -0.163248 0.068675
v 0.376308 -0.171279 0.035074
v 0.375305 -0.173956 0.000000
v 0.376308 -0.171279 -0.035074
v 0.379315 -0.163248 -0.068675
v 0.384327 -0.149864 -0.099334
v 0.391151 -0.153040 0.099057
v 0.386112 -0.166373 0.068484
v 0.383088 -0.174373 0.034976
v 0.382080 -0.177040 0.000000
v 0.383088 -0.174373 -0.034976
v 0.386112 -0.166373 -0.068484
v 0.391151 -0.153040 -0.099057
v 0.398181 -0.155925 0.098516
v 0.393127 -0.169174 0.068110
v 0.390095 -0.177124 0.034785
v 0.389084 -0.179774 0.000000
v 0.390095 -0.177124 -0.034785
v 0.393127 -0.169174 -0.068110
v 0.398181 -0.155925 -0.098516
v 0.405232 -0.158288 0.097626
v 0.400182 -0.171410 0.067494
v 0.397152 -0.179283 0.034470
v 0.396142 -0.181908 -0.000000
v 0.397152 -0.179283 -0.034470
v 0.400182 -0.171410 -0.067494
v 0.405232 -0.158288 -0.097626
v 0.412119 -0.159901 0.096297
v 0.407097 -0.172841 0.066576
v 0.404084 -0.180604 0.034001
v 0.403080 -0.183192 -0.000000
v 0.404084 -0.180604 -0.034001
v 0.407097 -0.172841 -0.066576
v 0.412119 -0.159901 -0.096297
v 0.418658 -0.160533 0.094443
v 0.413695 -0.173225 0.065294
v 0.410718 -0.180840 0.033347
v 0.409725 -0.183379 -0.000000
v 0.410718 -0.180840 -0.033347
v 0.413695 -0.173225 -0.065294
v 0.418658 -0.160533 -0.094443
v 0.020289 -0.165116 -0.152537
v 0.040274 -0.163703 -0.152475
v 0.059650 -0.161513 -0.152305
v 0.078113 -0.158680 -0.151974
v 0.095357 -0.155337 -0.151429
v 0.111079 -0.151620 -0.150616
v 0.124974 -0.147661 -0.149481
v 0.019693 -0.190583 -0.105458
v 0.039093 -0.188967 -0.105415
v 0.057904 -0.186465 -0.105297
v 0.075834 -0.183234 -0.105069
v 0.092589 -0.179431 -0.104692
v 0.107875 -0.175211 -0.104129
v 0.121398 -0.170733 -0.103345
v 0.019335 -0.205863 -0.053859
v 0.038383 -0.204125 -0.053837
v 0.056857 -0.201436 -0.053777
v 0.074467 -0.197967 -0.053660
v 0.090929 -0.193887 -0.053468
v 0.105953 -0.189367 -0.053180
v 0.119253 -0.184576 -0.052780
v 0.019216 -0.210957 0.000000
v 0.038147 -0.209178 0.000000
v 0.056507 -0.206427 0.000000
v 0.074012 -0.202878 -0.000000
v 0.090375 -0.198706 -0.000000
v 0.105312 -0.194085 0.000000
v 0.118537 -0.189191 0.000000
v 0.019335 -0.205863 0.053859
v 0.038383 -0.204125 0.053837
v 0.056857 -0.201436 0.053777
v 0.074467 -0.197967 0.053660
v 0.090929 -0.193887 0.053468
v 0.105953 -0.189367 0.053180
v 0.119253 -0.184576 0.052780
v 0.019693 -0.190583 0.105458
v 0.039093 -0.188967 0.105415
v 0.057904 -0.186465 0.105297
v 0.075834 -0.183234 0.105069
v 0.092589 -0.179431 0.104692
v 0.107875 -0.175212 0.104129
v 0.121398 -0.170733 0.103345
v 0.020289 -0.165116 0.152537
v 0.040274 -0.163703 0.152475
v 0.059650 -0.161513 0.152305
v 0.078113 -0.158680 0.151974
v 0.095357 -0.155337 0.151429
v 0.111079 -0.151620 0.150616
v 0.124974 -0.147661 0.149481
v 0.196010 0.310705 -0.149481
v 0.174726 0.317073 -0.150616
v 0.150342 0.323319 -0.151429
v 0.123374 0.329131 -0.151974
v 0.094339 0.334195 -0.152305
v 0.063754 0.338200 -0.152475
v 0.032136 0.340832 -0.152537
v 0.199585 0.333777 -0.103345
v 0.177930 0.340665 -0.104129
v 0.153110 0.347413 -0.104692
v 0.125653 0.353685 -0.105069
v 0.096086 0.359147 -0.105297
v 0.064936 0.363464 -0.105415
v 0.032732 0.366299 -0.105458
v 0.201731 0.347620 -0.052780
v 0.179852 0.354820 -0.053180
v 0.154771 0.361869 -0.053468
v 0.127020 0.368418 -0.053660
v 0.097133 0.374118 -0.053777
v 0.065645 0.378622 -0.053837
v 0.033090 0.381580 -0.053859
v 0.202446 0.352235 -0.000000
v 0.180493 0.359538 -0.000000
v 0.155324 0.366687 -0.000000
v 0.127475 0.373329 -0.000000
v 0.097482 0.379109 -0.000000
v 0.065882 0.383675 -0.000000
v 0.033209 0.386673 -0.000000
v 0.201731 0.347620 0.052780
v 0.179852 0.354820 0.053180
v 0.154771 0.361869 0.053468
v 0.127020 0.368418 0.053660
v 0.097133 0.374118 0.053777
v 0.065645 0.378622 0.053837
v 0.033090 0.381580 0.053859
v 0.199585 0.333777 0.103345
v 0.177930 0.340665 0.104129
v 0.153110 0.347413 0.104692
v 0.125653 0.353685 0.105069
v 0.096086 0.359147 0.105297
v 0.064936 0.363464 0.105415
v 0.032732 0.366299 0.105458
v 0.196010 0.310705 0.149481
v 0.174726 0.317073 0.150616
v 0.150342 0.323319 0.151429
v 0.123374 0.329131 0.151974
v 0.094339 0.334195 0.152305
v 0.063754 0.338200 0.152475
v 0.032136 0.340832 0.152537
v 0.136356 -0.074215 0.219977
v 0.143805 -0.026148 0.242122
v 0.151970 0.026533 0.255409
v 0.160492 0.081522 0.259838
v 0.169014 0.136510 0.255409
v 0.177178 0.189192 0.242122
v 0.184627 0.237259 0.219977
v 0.121277 -0.076519 0.221647
v 0.127952 -0.027369 0.243960
v 0.135267 0.026499 0.257349
v 0.142903 0.082727 0.261811
v 0.150538 0.138954 0.257349
v 0.157853 0.192822 0.243960
v 0.164528 0.241972 0.221647
v 0.104168 -0.078640 0.222844
v 0.109934 -0.028445 0.245278
v 0.116253 0.026568 0.258738
v 0.122850 0.083991 0.263225
v 0.129446 0.141414 0.258738
v 0.135766 0.196427 0.245278
v 0.141532 0.246622 0.222844
v 0.085365 -0.080516 0.223646
v 0.090112 -0.029361 0.246161
v 0.095314 0.026705 0.259670
v 0.100744 0.085226 0.264173
v 0.106173 0.143746 0.259670
v 0.111375 0.199812 0.246161
v 0.116122 0.250967 0.223646
v 0.065209 -0.082083 0.224133
v 0.068846 -0.030101 0.246696
v 0.072833 0.026873 0.260235
v 0.076995 0.086341 0.264747
v 0.081156 0.145810 0.260235
v 0.085143 0.202783 0.246696
v 0.088781 0.254766 0.224133
v 0.044037 -0.083281 0.224383
v 0.046499 -0.030648 0.246971
v 0.049198 0.027037 0.260525
v 0.052014 0.087248 0.265043
v 0.054831 0.147460 0.260525
v 0.057530 0.205145 0.246971
v 0.059992 0.257778 0.224383
v 0.022188 -0.084045 0.224475
v 0.023430 -0.030989 0.247073
v 0.024791 0.027161 0.260632
v 0.026212 0.087858 0.265151
v 0.027634 0.148555 0.260632
v 0.028995 0.206705 0.247073
v 0.030237 0.259762 0.224475
v 0.243032 0.210211 -0.193633
v 0.234055 0.168918 -0.213126
v 0.224216 0.123660 -0.224822
v 0.213946 0.076420 -0.228721
v 0.203676 0.029180 -0.224822
v 0.193836 -0.016077 -0.213126
v 0.184859 -0.057371 -0.193633
v 0.241337 0.212670 -0.196921
v 0.232304 0.170801 -0.216746
v 0.222405 0.124913 -0.228640
v 0.212072 0.077015 -0.232605
v 0.201739 0.029117 -0.228640
v 0.191839 -0.016772 -0.216745
v 0.182807 -0.058641 -0.196921
v 0.239161 0.215318 -0.200525
v 0.230090 0.172785 -0.220712
v 0.220149 0.126168 -0.232824
v 0.209772 0.077510 -0.236862
v 0.199396 0.028852 -0.232824
v 0.189454 -0.017764 -0.220712
v 0.180384 -0.060297 -0.200525
v 0.235941 0.218192 -0.204286
v 0.226876 0.174911 -0.224852
v 0.216940 0.127476 -0.237192
v 0.206570 0.077963 -0.241305
v 0.196200 0.028449 -0.237192
v 0.186264 -0.018986 -0.224852
v 0.177199 -0.062267 -0.204286
v 0.231113 0.221331 -0.208048
v 0.222124 0.177225 -0.228992
v 0.212272 0.128885 -0.241559
v 0.201989 0.078428 -0.245748
v 0.191706 0.027971 -0.241559
v 0.181854 -0.020369 -0.228992
v 0.172865 -0.064475 -0.208048
v 0.224114 0.224774 -0.211651
v 0.215298 0.179770 -0.232959
v 0.205637 0.130447 -0.245743
v 0.195552 0.078963 -0.250004
v 0.185468 0.027479 -0.245743
v 0.175806 -0.021844 -0.232959
v 0.166991 -0.066848 -0.211651
v 0.214380 0.228558 -0.214939
v 0.205862 0.182591 -0.236578
v 0.196527 0.132210 -0.249561
v 0.186784 0.079624 -0.253888
v 0.177040 0.027037 -0.249561
v 0.167705 -0.023344 -0.236578
v 0.159187 -0.069311 -0.214939
v 0.171142 -0.120467 -0.131580
v 0.166833 -0.140288 -0.090969
v 0.164247 -0.152181 -0.046459
v 0.163385 -0.156145 0.000000
v 0.164247 -0.152181 0.046459
v 0.166833 -0.140288 0.090969
v 0.171142 -0.120467 0.131580
v 0.169006 -0.122617 -0.133814
v 0.164670 -0.142714 -0.092513
v 0.162069 -0.154772 -0.047248
v 0.161202 -0.158791 0.000000
v 0.162069 -0.154772 0.047248
v 0.164670 -0.142714 0.092513
v 0.169006 -0.122617 0.133814
v 0.166524 -0.125288 -0.136263
v 0.162170 -0.145704 -0.094206
v 0.159558 -0.157954 -0.048113
v 0.158687 -0.162037 0.000000
v 0.159558 -0.157954 0.048113
v 0.162170 -0.145704 0.094206
v 0.166524 -0.125288 0.136263
v 0.163348 -0.128400 -0.138819
v 0.158997 -0.149174 -0.095973
v 0.156386 -0.161639 -0.049015
v 0.155516 -0.165794 -0.000000
v 0.156386 -0.161639 0.049015
v 0.158997 -0.149174 0.095973
v 0.163348 -0.128400 0.138819
v 0.159130 -0.131869 -0.141375
v 0.154815 -0.153040 -0.097741
v 0.152226 -0.165742 -0.049918
v 0.151364 -0.169976 -0.000000
v 0.152226 -0.165742 0.049918
v 0.154815 -0.153040 0.097741
v 0.159130 -0.131869 0.141375
v 0.153521 -0.135613 -0.143824
v 0.149290 -0.157214 -0.099434
v 0.146751 -0.170175 -0.050782
v 0.145905 -0.174496 -0.000000
v 0.146751 -0.170175 0.050782
v 0.149290 -0.157214 0.099434
v 0.153521 -0.135613 0.143824
v 0.146173 -0.139549 -0.146058
v 0.142084 -0.161614 -0.100978
v 0.139631 -0.174852 -0.051571
v 0.138814 -0.179265 -0.000000
v 0.139631 -0.174852 0.051571
v 0.142084 -0.161614 0.100978
v 0.146173 -0.139549 0.146058
v 0.256750 0.273308 0.131580
v 0.261059 0.293129 0.090969
v 0.263644 0.305021 0.046459
v 0.264506 0.308986 0.000000
v 0.263644 0.305021 -0.046459
v 0.261059 0.293129 -0.090969
v 0.256750 0.273308 -0.131580
v 0.255138 0.276646 0.133814
v 0.259474 0.296743 0.092513
v 0.262075 0.308802 0.047248
v 0.262942 0.312821 0.000000
v 0.262075 0.308802 -0.047248
v 0.259474 0.296743 -0.092513
v 0.255138 0.276646 -0.133814
v 0.253021 0.280309 0.136263
v 0.257375 0.300724 0.094206
v 0.259987 0.312974 0.048113
v 0.260858 0.317057 0.000000
v 0.259987 0.312974 -0.048113
v 0.257375 0.300724 -0.094206
v 0.253021 0.280309 -0.136263
v 0.249792 0.284325 0.138819
v 0.254143 0.305100 0.095973
v 0.256754 0.317564 0.049015
v 0.257624 0.321719 -0.000000
v 0.256754 0.317564 -0.049015
v 0.254143 0.305100 -0.095973
v 0.249792 0.284325 -0.138819
v 0.244848 0.288725 0.141375
v 0.249163 0.309896 0.097741
v 0.251751 0.322598 0.049918
v 0.252614 0.326832 -0.000000
v 0.251751 0.322598 -0.049918
v 0.249163 0.309896 -0.097741
v 0.244848 0.288725 -0.141375
v 0.237584 0.293539 0.143824
v 0.241815 0.315140 0.099434
v 0.244354 0.328101 0.050782
v 0.245200 0.332422 -0.000000
v 0.244354 0.328101 -0.050782
v 0.241815 0.315140 -0.099434
v 0.237584 0.293539 -0.143824
v 0.227394 0.298796 0.146058
v 0.231483 0.320861 0.100978
v 0.233936 0.334099 0.051571
v 0.234753 0.338512 0.000000
v 0.233936 0.334099 -0.051571
v 0.231483 0.320861 -0.100978
v 0.227394 0.298796 -0.146058
v 0.184859 -0.057371 0.193633
v 0.193836 -0.016077 0.213126
v 0.203676 0.029180 0.224822
v 0.213946 0.076420 0.228721
v 0.224216 0.123660 0.224822
v 0.234055 0.168918 0.213126
v 0.243032 0.210211 0.193633
v 0.182807 -0.058641 0.196921
v 0.191839 -0.016772 0.216746
v 0.201739 0.029117 0.228640
v 0.212072 0.077015 0.232605
v 0.222405 0.124913 0.228640
v 0.232304 0.170801 0.216745
v 0.241337 0.212670 0.196921
v 0.180384 -0.060297 0.200525
v 0.189454 -0.017764 0.220712
v 0.199396 0.028852 0.232824
v 0.209772 0.077510 0.236862
v 0.220149 0.126168 0.232824
v 0.230090 0.172785 0.220712
v 0.239161 0.215318 0.200525
v 0.177199 -0.062267 0.204286
v 0.186264 -0.018986 0.224852
v 0.196200 0.028449 0.237192
v 0.206570 0.077963 0.241305
v 0.216940 0.127476 0.237192
v 0.226876 0.174911 0.224852
v 0.235941 0.218192 0.204286
v 0.172865 -0.064475 0.208048
v 0.181854 -0.020369 0.228992
v 0.191706 0.027971 0.241559
v 0.201989 0.078428 0.245748
v 0.212272 0.128885 0.241559
v 0.222124 0.177225 0.228992
v 0.231113 0.221331 0.208048
v 0.166991 -0.066848 0.211651
v 0.175806 -0.021844 0.232959
v 0.185468 0.027479 0.245743
v 0.195552 0.078963 0.250004
v 0.205637 0.130447 0.245743
v 0.215299 0.179770 0.232959
v 0.224114 0.224774 0.211651
v 0.159187 -0.069311 0.214939
v 0.167705 -0.023344 0.236578
v 0.177040 0.027037 0.249561
v 0.186784 0.079624 0.253888
v 0.196527 0.132210 0.249561
v 0.205862 0.182591 0.236578
v 0.214380 0.228558 0.214939
v 0.308540 0.179036 0.184073
v 0.298211 0.139799 0.202603
v 0.286891 0.096794 0.213722
v 0.275074 0.051906 0.217428
v 0.263258 0.007018 0.213722
v 0.251937 -0.035987 0.202603
v 0.241608 -0.075224 0.184073
v 0.323111 0.173244 0.183987
v 0.312420 0.134134 0.202509
v 0.300703 0.091270 0.213622
v 0.288472 0.046528 0.217326
v 0.276241 0.001786 0.213622
v 0.264524 -0.041078 0.202509
v 0.253833 -0.080188 0.183987
v 0.338461 0.166999 0.183753
v 0.327401 0.128063 0.202252
v 0.315279 0.085389 0.213351
v 0.302627 0.040846 0.217051
v 0.289974 -0.003696 0.213351
v 0.277853 -0.046370 0.202252
v 0.266793 -0.085306 0.183753
v 0.354011 0.160454 0.183299
v 0.342597 0.121754 0.201752
v 0.330087 0.079339 0.212823
v 0.317029 0.035065 0.216514
v 0.303971 -0.009208 0.212823
v 0.291460 -0.051623 0.201752
v 0.280046 -0.090323 0.183299
v 0.369183 0.153764 0.182550
v 0.357449 0.115377 0.200927
v 0.344590 0.073305 0.211953
v 0.331167 0.029390 0.215629
v 0.317744 -0.014524 0.211953
v 0.304884 -0.056596 0.200927
v 0.293151 -0.094983 0.182550
v 0.383397 0.147080 0.181432
v 0.371401 0.109100 0.199697
v 0.358254 0.067475 0.210656
v 0.344531 0.024026 0.214309
v 0.330808 -0.019422 0.210656
v 0.317661 -0.061048 0.199697
v 0.305665 -0.099028 0.181432
v 0.396075 0.140556 0.179872
v 0.383895 0.103093 0.197980
v 0.370545 0.062034 0.208845
v 0.356611 0.019177 0.212466
v 0.342677 -0.023680 0.208845
v 0.329328 -0.064739 0.197980
v 0.317148 -0.102201 0.179872
v 0.225825 -0.135180 0.125083
v 0.220867 -0.154014 0.086477
v 0.217892 -0.165314 0.044165
v 0.216901 -0.169081 -0.000000
v 0.217892 -0.165314 -0.044165
v 0.220867 -0.154014 -0.086477
v 0.225825 -0.135180 -0.125083
v 0.237497 -0.139947 0.125024
v 0.232365 -0.158720 0.086437
v 0.229286 -0.169984 0.044144
v 0.228260 -0.173738 -0.000000
v 0.229286 -0.169984 -0.044144
v 0.232365 -0.158720 -0.086437
v 0.237497 -0.139947 -0.125024
v 0.249893 -0.144800 0.124866
v 0.244585 -0.163489 0.086327
v 0.241399 -0.174703 0.044088
v 0.240338 -0.178441 -0.000000
v 0.241399 -0.174703 -0.044088
v 0.244585 -0.163489 -0.086327
v 0.249893 -0.144800 -0.124866
v 0.262605 -0.149457 0.124557
v 0.257126 -0.168033 0.086114
v 0.253839 -0.179179 0.043979
v 0.252743 -0.182894 -0.000000
v 0.253839 -0.179179 -0.043979
v 0.257126 -0.168033 -0.086114
v 0.262605 -0.149457 -0.124557
v 0.275222 -0.153638 0.124048
v 0.269590 -0.172063 0.085762
v 0.266211 -0.183119 0.043800
v 0.265085 -0.186804 -0.000000
v 0.266211 -0.183119 -0.043800
v 0.269590 -0.172063 -0.085762
v 0.275222 -0.153638 -0.124048
v 0.287336 -0.157060 0.123288
v 0.281578 -0.175290 0.085236
v 0.278123 -0.186228 0.043531
v 0.276972 -0.189875 -0.000000
v 0.278123 -0.186228 -0.043531
v 0.281578 -0.175290 -0.085236
v 0.287336 -0.157060 -0.123288
v 0.298536 -0.159444 0.122228
v 0.292690 -0.177426 0.084504
v 0.289182 -0.188215 0.043157
v 0.288013 -0.191812 -0.000000
v 0.289182 -0.188215 -0.043157
v 0.292690 -0.177426 -0.084504
v 0.298536 -0.159444 -0.122228
v 0.324323 0.238992 -0.125083
v 0.329281 0.257826 -0.086477
v 0.332256 0.269126 -0.044165
v 0.333247 0.272893 -0.000000
v 0.332256 0.269126 0.044165
v 0.329281 0.257826 0.086477
v 0.324323 0.238992 0.125083
v 0.339447 0.233003 -0.125024
v 0.344579 0.251776 -0.086437
v 0.347658 0.263040 -0.044144
v 0.348684 0.266794 -0.000000
v 0.347658 0.263040 0.044144
v 0.344579 0.251776 0.086437
v 0.339447 0.233003 0.125024
v 0.355361 0.226493 -0.124866
v 0.360669 0.245182 -0.086327
v 0.363855 0.256395 -0.044088
v 0.364916 0.260133 -0.000000
v 0.363855 0.256395 0.044088
v 0.360669 0.245182 0.086327
v 0.355361 0.226493 0.124866
v 0.371452 0.219588 -0.124557
v 0.376931 0.238164 -0.086114
v 0.380219 0.249310 -0.043979
v 0.381314 0.253025 -0.000000
v 0.380218 0.249310 0.043979
v 0.376931 0.238164 0.086114
v 0.371452 0.219588 0.124557
v 0.387111 0.212419 -0.124048
v 0.392743 0.230844 -0.085762
v 0.396122 0.241900 -0.043800
v 0.397249 0.245585 -0.000000
v 0.396122 0.241900 0.043800
v 0.392743 0.230844 0.085762
v 0.387111 0.212419 0.124048
v 0.401726 0.205112 -0.123288
v 0.407484 0.223343 -0.085236
v 0.410939 0.234281 -0.043531
v 0.412090 0.237927 -0.000000
v 0.410939 0.234281 0.043531
v 0.407484 0.223343 0.085236
v 0.401726 0.205112 0.123288
v 0.414686 0.197798 -0.122228
v 0.420532 0.215780 -0.084504
v 0.424040 0.226570 -0.043157
v 0.425209 0.230166 -0.000000
v 0.424040 0.226570 0.043157
v 0.420532 0.215780 0.084504
v 0.414686 0.197798 0.122228
v 0.428825 0.102851 -0.155270
v 0.418009 0.072336 -0.170901
v 0.406155 0.038891 -0.180279
v 0.393782 0.003982 -0.183406
v 0.381409 -0.030927 -0.180279
v 0.369555 -0.064372 -0.170901
v 0.358740 -0.094887 -0.155270
v 0.428506 0.106153 -0.158340
v 0.417417 0.074800 -0.174281
v 0.405262 0.040436 -0.183845
v 0.392576 0.004568 -0.187033
v 0.379889 -0.031301 -0.183845
v 0.367735 -0.065664 -0.174281
v 0.356645 -0.097018 -0.158340
v 0.427908 0.109829 -0.161706
v 0.416529 0.077554 -0.177985
v 0.404058 0.042180 -0.187752
v 0.391040 0.005257 -0.191008
v 0.378022 -0.031666 -0.187752
v 0.365551 -0.067039 -0.177985
v 0.354172 -0.099314 -0.161706
v 0.426628 0.113893 -0.165219
v 0.414967 0.080650 -0.181851
v 0.402186 0.044217 -0.191831
v 0.388845 0.006187 -0.195158
v 0.375505 -0.031842 -0.191831
v 0.362724 -0.068276 -0.181851
v 0.351063 -0.101519 -0.165219
v 0.424263 0.118361 -0.168731
v 0.412349 0.084143 -0.185718
v 0.399292 0.046640 -0.195910
v 0.385663 0.007494 -0.199307
v 0.372034 -0.031652 -0.195910
v 0.358977 -0.069155 -0.185718
v 0.347063 -0.103373 -0.168731
v 0.420411 0.123249 -0.172097
v 0.408298 0.088084 -0.189422
v 0.395021 0.049544 -0.199817
v 0.381164 0.009315 -0.203282
v 0.367306 -0.030913 -0.199817
v 0.354030 -0.069453 -0.189422
v 0.341916 -0.104618 -0.172097
v 0.414670 0.128571 -0.175168
v 0.402432 0.092527 -0.192802
v 0.389019 0.053023 -0.203383
v 0.375018 0.011788 -0.206909
v 0.361017 -0.029447 -0.203383
v 0.347604 -0.068952 -0.192802
v 0.335366 -0.104996 -0.175168
v 0.342213 -0.141514 -0.105510
v 0.337022 -0.156161 -0.072945
v 0.333907 -0.164950 -0.037254
v 0.332869 -0.167879 -0.000000
v 0.333907 -0.164950 0.037254
v 0.337022 -0.156161 0.072945
v 0.342213 -0.141514 0.105510
v 0.339700 -0.144926 -0.107597
v 0.334377 -0.159975 -0.074388
v 0.331183 -0.169005 -0.037991
v 0.330119 -0.172015 -0.000000
v 0.331183 -0.169005 0.037991
v 0.334377 -0.159975 0.074388
v 0.339700 -0.144926 0.107597
v 0.336784 -0.148631 -0.109884
v 0.331323 -0.164123 -0.075969
v 0.328045 -0.173418 -0.038799
v 0.326953 -0.176517 -0.000000
v 0.328045 -0.173418 0.038799
v 0.331323 -0.164123 0.075969
v 0.336784 -0.148631 0.109884
v 0.333245 -0.152314 -0.112271
v 0.327647 -0.168270 -0.077619
v 0.324289 -0.177844 -0.039641
v 0.323169 -0.181035 -0.000000
v 0.324289 -0.177844 0.039641
v 0.327647 -0.168270 0.077619
v 0.333245 -0.152314 0.112271
v 0.328859 -0.155658 -0.114658
v 0.323141 -0.172083 -0.079270
v 0.319710 -0.181938 -0.040484
v 0.318566 -0.185223 -0.000000
v 0.319710 -0.181938 0.040484
v 0.323141 -0.172083 0.079270
v 0.328859 -0.155658 0.114658
v 0.323407 -0.158350 -0.116945
v 0.317593 -0.175229 -0.080851
v 0.314104 -0.185356 -0.041292
v 0.312941 -0.188732 -0.000000
v 0.314104 -0.185356 0.041292
v 0.317593 -0.175229 0.080851
v 0.323407 -0.158350 0.116945
v 0.316666 -0.160072 -0.119032
v 0.310792 -0.177373 -0.082294
v 0.307267 -0.187754 -0.042028
v 0.306092 -0.191214 -0.000000
v 0.307267 -0.187754 0.042028
v 0.310792 -0.177373 0.082293
v 0.316666 -0.160072 0.119032
v 0.445351 0.149478 0.105510
v 0.450542 0.164125 0.072945
v 0.453657 0.172914 0.037254
v 0.454695 0.175843 0.000000
v 0.453657 0.172914 -0.037254
v 0.450542 0.164125 -0.072945
v 0.445351 0.149478 -0.105510
v 0.445451 0.154062 0.107597
v 0.450774 0.169111 0.074388
v 0.453968 0.178141 0.037991
v 0.455033 0.181151 0.000000
v 0.453968 0.178141 -0.037991
v 0.450774 0.169111 -0.074388
v 0.445451 0.154062 -0.107597
v 0.445295 0.159145 0.109884
v 0.450757 0.174637 0.075969
v 0.454035 0.183933 0.038799
v 0.455127 0.187031 0.000000
v 0.454035 0.183933 -0.038799
v 0.450757 0.174637 -0.075969
v 0.445295 0.159145 -0.109884
v 0.444446 0.164688 0.112271
v 0.450043 0.180644 0.077619
v 0.453402 0.190218 0.039641
v 0.454521 0.193409 -0.000000
v 0.453402 0.190218 -0.039641
v 0.450043 0.180644 -0.077619
v 0.444446 0.164688 -0.112271
v 0.442467 0.170647 0.114658
v 0.448185 0.187071 0.079270
v 0.451616 0.196926 0.040484
v 0.452760 0.200211 -0.000000
v 0.451616 0.196926 -0.040484
v 0.448185 0.187071 -0.079270
v 0.442467 0.170647 -0.114658
v 0.438920 0.176980 0.116945
v 0.444735 0.193859 0.080851
v 0.448223 0.203987 0.041292
v 0.449386 0.207363 -0.000000
v 0.448223 0.203987 -0.041292
v 0.444735 0.193859 -0.080851
v 0.438920 0.176980 -0.116945
v 0.433370 0.183647 0.119032
v 0.439244 0.200948 0.082294
v 0.442769 0.211329 0.042028
v 0.443944 0.214789 -0.000000
v 0.442769 0.211329 -0.042028
v 0.439245 0.200948 -0.082294
v 0.433370 0.183647 -0.119032
v 0.358740 -0.094887 0.155270
v 0.369555 -0.064372 0.170901
v 0.381409 -0.030927 0.180279
v 0.393782 0.003982 0.183406
v 0.406155 0.038891 0.180279
v 0.418009 0.072336 0.170901
v 0.428825 0.102851 0.155270
v 0.356645 -0.097017 0.158340
v 0.367735 -0.065664 0.174281
v 0.379889 -0.031301 0.183845
v 0.392576 0.004568 0.187033
v 0.405262 0.040436 0.183845
v 0.417417 0.074800 0.174281
v 0.428506 0.106153 0.158340
v 0.354172 -0.099314 0.161706
v 0.365551 -0.067039 0.177985
v 0.378022 -0.031665 0.187752
v 0.391040 0.005257 0.191008
v 0.404058 0.042180 0.187752
v 0.416529 0.077554 0.177985
v 0.427908 0.109829 0.161706
v 0.351063 -0.101519 0.165219
v 0.362724 -0.068276 0.181851
v 0.375505 -0.031842 0.191831
v 0.388845 0.006187 0.195158
v 0.402186 0.044217 0.191831
v 0.414967 0.080650 0.181851
v 0.426628 0.113893 0.165219
v 0.347063 -0.103373 0.168731
v 0.358977 -0.069155 0.185718
v 0.372034 -0.031652 0.195910
v 0.385663 0.007494 0.199307
v 0.399292 0.046640 0.195910
v 0.412349 0.084143 0.185718
v 0.424263 0.118361 0.168731
v 0.341916 -0.104618 0.172097
v 0.354030 -0.069453 0.189422
v 0.367306 -0.030913 0.199817
v 0.381164 0.009315 0.203282
v 0.395021 0.049544 0.199817
v 0.408298 0.088084 0.189422
v 0.420411 0.123249 0.172097
v 0.335366 -0.104996 0.175168
v 0.347604 -0.068951 0.192802
v 0.361017 -0.029447 0.203383
v 0.375018 0.011788 0.206909
v 0.389019 0.053023 0.203383
v 0.402432 0.092527 0.192802
v 0.414670 0.128571 0.175168
v 0.241608 -0.075224 -0.184073
v 0.251937 -0.035987 -0.202603
v 0.263258 0.007018 -0.213722
v 0.275074 0.051906 -0.217428
v 0.286891 0.096794 -0.213722
v 0.298211 0.139799 -0.202603
v 0.308540 0.179036 -0.184073
v 0.253833 -0.080188 -0.183987
v 0.264524 -0.041078 -0.202509
v 0.276241 0.001786 -0.213622
v 0.288472 0.046528 -0.217326
v 0.300703 0.091270 -0.213622
v 0.312420 0.134134 -0.202509
v 0.323111 0.173244 -0.183987
v 0.266793 -0.085306 -0.183753
v 0.277853 -0.046370 -0.202252
v 0.289974 -0.003696 -0.213351
v 0.302627 0.040846 -0.217051
v 0.315279 0.085389 -0.213351
v 0.327401 0.128063 -0.202252
v 0.338461 0.166999 -0.183753
v 0.280046 -0.090323 -0.183299
v 0.291460 -0.051623 -0.201752
v 0.303971 -0.009208 -0.212823
v 0.317029 0.035065 -0.216514
v 0.330087 0.079339 -0.212823
v 0.342597 0.121754 -0.201752
v 0.354011 0.160454 -0.183299
v 0.293151 -0.094983 -0.182550
v 0.304884 -0.056596 -0.200927
v 0.317744 -0.014524 -0.211953
v 0.331167 0.029390 -0.215629
v 0.344590 0.073305 -0.211953
v 0.357449 0.115377 -0.200927
v 0.369183 0.153764 -0.182550
v 0.305665 -0.099028 -0.181432
v 0.317661 -0.061048 -0.199697
v 0.330808 -0.019422 -0.210656
v 0.344531 0.024026 -0.214309
v 0.358254 0.067475 -0.210656
v 0.371401 0.109100 -0.199697
v 0.383397 0.147080 -0.181432
v 0.317148 -0.102201 -0.179872
v 0.329328 -0.064739 -0.197980
v 0.342677 -0.023680 -0.208845
v 0.356611 0.019177 -0.212466
v 0.370545 0.062034 -0.208845
v 0.383895 0.103093 -0.197980
v 0.396075 0.140556 -0.179872
v 0.476776 0.119824 -0.099436
v 0.481753 0.133236 -0.068746
v 0.484740 0.141283 -0.035110
v 0.485735 0.143966 0.000000
v 0.484740 0.141283 0.035110
v 0.481753 0.133236 0.068746
v 0.476776 0.119824 0.099436
v 0.483895 0.116035 -0.099334
v 0.488907 0.129420 -0.068675
v 0.491914 0.137450 -0.035074
v 0.492916 0.140127 0.000000
v 0.491914 0.137450 0.035074
v 0.488907 0.129420 0.068675
v 0.483895 0.116035 0.099334
v 0.491266 0.111854 -0.099057
v 0.496305 0.125187 -0.068484
v 0.499328 0.133188 -0.034976
v 0.500336 0.135854 0.000000
v 0.499328 0.133188 0.034976
v 0.496305 0.125187 0.068484
v 0.491265 0.111854 0.099057
v 0.498586 0.107301 -0.098516
v 0.503640 0.120550 -0.068110
v 0.506673 0.128500 -0.034785
v 0.507684 0.131150 0.000000
v 0.506673 0.128500 0.034785
v 0.503640 0.120550 0.068110
v 0.498586 0.107301 0.098516
v 0.505558 0.102397 -0.097626
v 0.510608 0.115519 -0.067494
v 0.513638 0.123392 -0.034470
v 0.514647 0.126017 0.000000
v 0.513638 0.123392 0.034470
v 0.510608 0.115519 0.067494
v 0.505558 0.102397 0.097626
v 0.511879 0.097165 -0.096297
v 0.516900 0.110104 -0.066576
v 0.519913 0.117868 -0.034001
v 0.520917 0.120456 0.000000
v 0.519913 0.117868 0.034001
v 0.516900 0.110104 0.066576
v 0.511878 0.097165 0.096297
v 0.517249 0.091623 -0.094443
v 0.522211 0.104316 -0.065294
v 0.525189 0.111931 -0.033347
v 0.526182 0.114470 0.000000
v 0.525189 0.111931 0.033347
v 0.522211 0.104316 0.065294
v 0.517249 0.091623 0.094443
v 0.393737 -0.103933 -0.146331
v 0.404106 -0.075991 -0.161062
v 0.415471 -0.045367 -0.169901
v 0.427334 -0.013402 -0.172847
v 0.439197 0.018563 -0.169901
v 0.450562 0.049187 -0.161062
v 0.460931 0.077129 -0.146331
v 0.400281 -0.107258 -0.146180
v 0.410722 -0.079374 -0.160897
v 0.422166 -0.048813 -0.169726
v 0.434111 -0.016914 -0.172670
v 0.446056 0.014985 -0.169726
v 0.457500 0.045545 -0.160897
v 0.467941 0.073429 -0.146180
v 0.407193 -0.110595 -0.145772
v 0.417692 -0.082816 -0.160447
v 0.429198 -0.052371 -0.169252
v 0.441208 -0.020593 -0.172187
v 0.453219 0.011185 -0.169252
v 0.464725 0.041630 -0.160447
v 0.475224 0.069409 -0.145772
v 0.414270 -0.113747 -0.144977
v 0.424799 -0.086143 -0.159572
v 0.436338 -0.055890 -0.168329
v 0.448384 -0.024312 -0.171248
v 0.460429 0.007266 -0.168329
v 0.471969 0.037520 -0.159572
v 0.482498 0.065123 -0.144977
v 0.421307 -0.116517 -0.143667
v 0.431828 -0.089180 -0.158130
v 0.443359 -0.059219 -0.166808
v 0.455395 -0.027946 -0.169700
v 0.467430 0.003328 -0.166808
v 0.478961 0.033289 -0.158130
v 0.489482 0.060626 -0.143667
v 0.428104 -0.118710 -0.141711
v 0.438565 -0.091753 -0.155978
v 0.450031 -0.062208 -0.164537
v 0.461999 -0.031368 -0.167391
v 0.473967 -0.000529 -0.164537
v 0.485432 0.029016 -0.155978
v 0.495894 0.055974 -0.141711
v 0.434456 -0.120128 -0.138983
v 0.444794 -0.093686 -0.152974
v 0.456126 -0.064705 -0.161369
v 0.467953 -0.034455 -0.164168
v 0.479781 -0.004204 -0.161369
v 0.491112 0.024777 -0.152974
v 0.501451 0.051219 -0.138983
v 0.460931 0.077129 0.146331
v 0.450562 0.049187 0.161062
v 0.439197 0.018563 0.169901
v 0.427334 -0.013402 0.172847
v 0.415471 -0.045367 0.169901
v 0.404106 -0.075991 0.161062
v 0.393737 -0.103933 0.146331
v 0.467941 0.073429 0.146180
v 0.457500 0.045545 0.160897
v 0.446056 0.014985 0.169726
v 0.434111 -0.016914 0.172670
v 0.422166 -0.048813 0.169726
v 0.410722 -0.079374 0.160897
v 0.400281 -0.107258 0.146180
v 0.475224 0.069409 0.145772
v 0.464725 0.041630 0.160447
v 0.453219 0.011185 0.169252
v 0.441208 -0.020593 0.172187
v 0.429198 -0.052371 0.169252
v 0.417692 -0.082816 0.160447
v 0.407193 -0.110595 0.145772
v 0.482498 0.065123 0.144977
v 0.471969 0.037520 0.159572
v 0.460429 0.007266 0.168329
v 0.448384 -0.024312 0.171248
v 0.436338 -0.055890 0.168329
v 0.424799 -0.086143 0.159572
v 0.414269 -0.113747 0.144977
v 0.489482 0.060626 0.143667
v 0.478961 0.033289 0.158130
v 0.467430 0.003328 0.166808
v 0.455395 -0.027945 0.169700
v 0.443359 -0.059219 0.166808
v 0.431828 -0.089180 0.158130
v 0.421307 -0.116517 0.143667
v 0.495894 0.055974 0.141711
v 0.485432 0.029016 0.155978
v 0.473967 -0.000529 0.164537
v 0.461999 -0.031368 0.167391
v 0.450031 -0.062208 0.164537
v 0.438565 -0.091753 0.155978
v 0.428104 -0.118710 0.141711
v 0.501451 0.051219 0.138983
v 0.491112 0.024777 0.152974
v 0.479781 -0.004204 0.161369
v 0.467953 -0.034455 0.164168
v 0.456126 -0.064705 0.161369
v 0.444794 -0.093686 0.152974
v 0.434456 -0.120128 0.138983
v 0.511508 0.014810 -0.094960
v 0.504097 -0.003684 -0.104519
v 0.495976 -0.023954 -0.110255
v 0.487498 -0.045112 -0.112167
v 0.479021 -0.066269 -0.110255
v 0.470899 -0.086539 -0.104519
v 0.463489 -0.105034 -0.094960
v 0.511761 0.018881 -0.100697
v 0.503946 -0.000640 -0.110834
v 0.495381 -0.022036 -0.116916
v 0.486441 -0.044369 -0.118944
v 0.477501 -0.066701 -0.116916
v 0.468936 -0.088097 -0.110834
v 0.461121 -0.107619 -0.100697
v 0.512071 0.023155 -0.106846
v 0.503825 0.002531 -0.117602
v 0.494787 -0.020072 -0.124056
v 0.485353 -0.043665 -0.126207
v 0.475920 -0.067258 -0.124056
v 0.466882 -0.089861 -0.117602
v 0.458635 -0.110484 -0.106846
v 0.512192 0.027598 -0.113166
v 0.503507 0.005840 -0.124559
v 0.493987 -0.018006 -0.131394
v 0.484051 -0.042896 -0.133673
v 0.474114 -0.067786 -0.131394
v 0.464595 -0.091632 -0.124559
v 0.455909 -0.113390 -0.113166
v 0.511879 0.032178 -0.119418
v 0.502765 0.009297 -0.131440
v 0.492776 -0.015781 -0.138653
v 0.482350 -0.041958 -0.141057
v 0.471923 -0.068134 -0.138653
v 0.461934 -0.093212 -0.131439
v 0.452820 -0.116093 -0.119418
v 0.510885 0.036863 -0.125359
v 0.501373 0.012910 -0.137979
v 0.490948 -0.013343 -0.145551
v 0.480066 -0.040745 -0.148075
v 0.469184 -0.068147 -0.145551
v 0.458759 -0.094400 -0.137979
v 0.449247 -0.118353 -0.125359
v 0.508965 0.041620 -0.130751
v 0.499104 0.016690 -0.143914
v 0.488297 -0.010633 -0.151811
v 0.477016 -0.039153 -0.154444
v 0.465736 -0.067673 -0.151811
v 0.454929 -0.094997 -0.143914
v 0.445068 -0.119927 -0.130751
v 0.452166 -0.133293 -0.064528
v 0.448609 -0.142170 -0.044612
v 0.446475 -0.147497 -0.022784
v 0.445763 -0.149272 -0.000000
v 0.446475 -0.147497 0.022784
v 0.448609 -0.142170 0.044612
v 0.452166 -0.133293 0.064528
v 0.449180 -0.137448 -0.068426
v 0.445429 -0.146818 -0.047307
v 0.443179 -0.152440 -0.024160
v 0.442428 -0.154314 -0.000000
v 0.443179 -0.152440 0.024160
v 0.445429 -0.146818 0.047307
v 0.449180 -0.137448 0.068426
v 0.446035 -0.141997 -0.072605
v 0.442077 -0.151896 -0.050196
v 0.439702 -0.157836 -0.025636
v 0.438910 -0.159815 -0.000000
v 0.439702 -0.157836 0.025636
v 0.442077 -0.151896 0.050196
v 0.446035 -0.141997 0.072605
v 0.442637 -0.146635 -0.076900
v 0.438468 -0.157078 -0.053165
v 0.435967 -0.163344 -0.027152
v 0.435133 -0.165433 -0.000000
v 0.435967 -0.163344 0.027152
v 0.438468 -0.157078 0.053165
v 0.442637 -0.146635 0.076900
v 0.438894 -0.151055 -0.081148
v 0.434520 -0.162038 -0.056102
v 0.431895 -0.168628 -0.028652
v 0.431020 -0.170825 -0.000000
v 0.431895 -0.168628 0.028652
v 0.434520 -0.162038 0.056102
v 0.438894 -0.151055 0.081148
v 0.434713 -0.154953 -0.085185
v 0.430147 -0.166450 -0.058894
v 0.427408 -0.173349 -0.030078
v 0.426495 -0.175648 -0.000000
v 0.427408 -0.173349 0.030078
v 0.430147 -0.166450 0.058894
v 0.434713 -0.154953 0.085185
v 0.430001 -0.158020 -0.088849
v 0.425268 -0.169987 -0.061427
v 0.422428 -0.177167 -0.031371
v 0.421481 -0.179560 -0.000000
v 0.422428 -0.177167 0.031371
v 0.425268 -0.169987 0.061427
v 0.430001 -0.158020 0.088849
v 0.522831 0.043070 0.064528
v 0.526388 0.051947 0.044612
v 0.528522 0.057273 0.022784
v 0.529233 0.059049 -0.000000
v 0.528522 0.057273 -0.022784
v 0.526388 0.051947 -0.044612
v 0.522831 0.043070 -0.064528
v 0.523702 0.048710 0.068426
v 0.527453 0.058081 0.047307
v 0.529704 0.063703 0.024160
v 0.530454 0.065577 -0.000000
v 0.529704 0.063703 -0.024160
v 0.527453 0.058081 -0.047307
v 0.523702 0.048710 -0.068426
v 0.524671 0.054667 0.072605
v 0.528630 0.064566 0.050196
v 0.531004 0.070506 0.025636
v 0.531796 0.072486 -0.000000
v 0.531004 0.070506 -0.025636
v 0.528629 0.064566 -0.050196
v 0.524671 0.054667 -0.072605
v 0.525464 0.060843 0.076900
v 0.529633 0.071286 0.053165
v 0.532135 0.077552 0.027152
v 0.532968 0.079641 -0.000000
v 0.532135 0.077552 -0.027152
v 0.529633 0.071286 -0.053165
v 0.525464 0.060843 -0.076900
v 0.525805 0.067140 0.081148
v 0.530180 0.078123 0.056102
v 0.532804 0.084713 0.028652
v 0.533679 0.086910 -0.000000
v 0.532804 0.084713 -0.028652
v 0.530180 0.078123 -0.056102
v 0.525805 0.067140 -0.081148
v 0.525419 0.073463 0.085185
v 0.529985 0.084961 0.058894
v 0.532724 0.091859 0.030078
v 0.533637 0.094158 -0.000000
v 0.532724 0.091859 -0.030078
v 0.529985 0.084961 -0.058894
v 0.525419 0.073463 -0.085185
v 0.524032 0.079714 0.088849
v 0.528765 0.091680 0.061427
v 0.531605 0.098860 0.031371
v 0.532552 0.101253 -0.000000
v 0.531605 0.098860 -0.031371
v 0.528765 0.091680 -0.061427
v 0.524032 0.079714 -0.088849
v 0.463489 -0.105034 0.094960
v 0.470899 -0.086539 0.104519
v 0.479021 -0.066269 0.110255
v 0.487498 -0.045112 0.112167
v 0.495976 -0.023954 0.110255
v 0.504097 -0.003684 0.104519
v 0.511508 0.014810 0.094960
v 0.461121 -0.107619 0.100697
v 0.468936 -0.088097 0.110834
v 0.477501 -0.066701 0.116916
v 0.486441 -0.044369 0.118944
v 0.495381 -0.022036 0.116916
v 0.503946 -0.000640 0.110834
v 0.511761 0.018881 0.100697
v 0.458635 -0.110484 0.106846
v 0.466882 -0.089861 0.117602
v 0.475920 -0.067258 0.124056
v 0.485353 -0.043665 0.126207
v 0.494787 -0.020072 0.124056
v 0.503825 0.002531 0.117602
v 0.512071 0.023155 0.106846
v 0.455909 -0.113390 0.113166
v 0.464595 -0.091632 0.124559
v 0.474114 -0.067786 0.131394
v 0.484051 -0.042896 0.133673
v 0.493987 -0.018006 0.131394
v 0.503507 0.005840 0.124559
v 0.512192 0.027598 0.113166
v 0.452820 -0.116093 0.119418
v 0.461934 -0.093212 0.131439
v 0.471923 -0.068134 0.138653
v 0.482350 -0.041957 0.141057
v 0.492776 -0.015781 0.138653
v 0.502765 0.009297 0.131440
v 0.511879 0.032178 0.119418
v 0.449247 -0.118352 0.125359
v 0.458759 -0.094399 0.137979
v 0.469184 -0.068147 0.145551
v 0.480066 -0.040745 0.148075
v 0.490948 -0.013343 0.145551
v 0.501373 0.012910 0.137979
v 0.510885 0.036863 0.125359
v 0.445068 -0.119927 0.130751
v 0.454929 -0.094997 0.143914
v 0.465736 -0.067673 0.151811
v 0.477016 -0.039153 0.154444
v 0.488297 -0.010633 0.151811
v 0.499104 0.016690 0.143914
v 0.508965 0.041620 0.130751
v 0.567891 -0.137822 -0.025245
v 0.573690 -0.131902 -0.026061
v 0.578996 -0.124480 -0.026782
v 0.583519 -0.115896 -0.027074
v 0.586970 -0.106522 -0.026782
v 0.589231 -0.096854 -0.026061
v 0.590206 -0.087378 -0.025245
v 0.569858 -0.140489 -0.017513
v 0.576403 -0.134405 -0.017806
v 0.582089 -0.126918 -0.018178
v 0.586749 -0.118277 -0.018354
v 0.590205 -0.108749 -0.018178
v 0.592346 -0.098648 -0.017806
v 0.593062 -0.088267 -0.017513
v 0.571003 -0.142383 -0.008966
v 0.577963 -0.136125 -0.009037
v 0.583902 -0.128496 -0.009186
v 0.588691 -0.119709 -0.009268
v 0.592205 -0.109981 -0.009186
v 0.594331 -0.099542 -0.009037
v 0.594963 -0.088619 -0.008966
v 0.571388 -0.143089 0.000000
v 0.578469 -0.136760 0.000000
v 0.584494 -0.129057 0.000000
v 0.589340 -0.120188 0.000000
v 0.592889 -0.110361 0.000000
v 0.595028 -0.099794 0.000000
v 0.595650 -0.088703 0.000000
v 0.571004 -0.142383 0.008966
v 0.577963 -0.136125 0.009037
v 0.583902 -0.128496 0.009186
v 0.588691 -0.119709 0.009268
v 0.592205 -0.109981 0.009186
v 0.594331 -0.099542 0.009037
v 0.594963 -0.088619 0.008966
v 0.569858 -0.140489 0.017513
v 0.576403 -0.134405 0.017806
v 0.582089 -0.126918 0.018178
v 0.586749 -0.118277 0.018354
v 0.590205 -0.108749 0.018178
v 0.592346 -0.098648 0.017806
v 0.593062 -0.088267 0.017513
v 0.567891 -0.137822 0.025245
v 0.573689 -0.131902 0.026061
v 0.578996 -0.124480 0.026782
v 0.583519 -0.115896 0.027074
v 0.586970 -0.106522 0.026782
v 0.589231 -0.096854 0.026061
v 0.590206 -0.087378 0.025245
v 0.542788 -0.031448 0.063766
v 0.537455 -0.044312 0.070184
v 0.531609 -0.058412 0.074035
v 0.525506 -0.073127 0.075318
v 0.519400 -0.087841 0.074035
v 0.513550 -0.101936 0.070184
v 0.508211 -0.114796 0.063766
v 0.550183 -0.039495 0.060279
v 0.545088 -0.051732 0.066336
v 0.539502 -0.065145 0.069967
v 0.533658 -0.079137 0.071177
v 0.527796 -0.093115 0.069967
v 0.522167 -0.106497 0.066336
v 0.517031 -0.118703 0.060279
v 0.557749 -0.047999 0.056398
v 0.552960 -0.059551 0.062037
v 0.547701 -0.072217 0.065410
v 0.542169 -0.085411 0.066531
v 0.536573 -0.098558 0.065410
v 0.531173 -0.111120 0.062037
v 0.526243 -0.122569 0.056398
v 0.565082 -0.056664 0.052144
v 0.560684 -0.067487 0.057300
v 0.555840 -0.079359 0.060370
v 0.550683 -0.091688 0.061386
v 0.545374 -0.103906 0.060370
v 0.540197 -0.115532 0.057300
v 0.535465 -0.126109 0.052144
v 0.571813 -0.065175 0.047546
v 0.567916 -0.075243 0.052136
v 0.563587 -0.086300 0.054847
v 0.558867 -0.097722 0.055739
v 0.553856 -0.108929 0.054847
v 0.548878 -0.119507 0.052136
v 0.544316 -0.129085 0.047546
v 0.577711 -0.073133 0.042664
v 0.574468 -0.082469 0.046522
v 0.570737 -0.092764 0.048791
v 0.566470 -0.103327 0.049539
v 0.561729 -0.113541 0.048791
v 0.556886 -0.123016 0.046522
v 0.552418 -0.131448 0.042664
v 0.582630 -0.080041 0.037524
v 0.580217 -0.088777 0.040405
v 0.577119 -0.098470 0.042139
v 0.573261 -0.108333 0.042728
v 0.568718 -0.117692 0.042139
v 0.563900 -0.126117 0.040405
v 0.559365 -0.133289 0.037524
v 0.500058 -0.134448 0.043333
v 0.497500 -0.140622 0.029959
v 0.495966 -0.144327 0.015300
v 0.495455 -0.145562 -0.000000
v 0.495966 -0.144327 -0.015300
v 0.497500 -0.140622 -0.029959
v 0.500058 -0.134448 -0.043333
v 0.509219 -0.137365 0.040974
v 0.506788 -0.143236 0.028330
v 0.505339 -0.146762 0.014469
v 0.504858 -0.147939 -0.000000
v 0.505338 -0.146762 -0.014469
v 0.506788 -0.143236 -0.028330
v 0.509219 -0.137365 -0.040974
v 0.518831 -0.140100 0.038367
v 0.516580 -0.145637 0.026533
v 0.515261 -0.148971 0.013553
v 0.514830 -0.150086 -0.000000
v 0.515261 -0.148971 -0.013553
v 0.516580 -0.145637 -0.026533
v 0.518831 -0.140100 -0.038367
v 0.528522 -0.142358 0.035534
v 0.526525 -0.147533 0.024586
v 0.525399 -0.150667 0.012562
v 0.525047 -0.151720 -0.000000
v 0.525399 -0.150667 -0.012562
v 0.526524 -0.147533 -0.024586
v 0.528522 -0.142358 -0.035534
v 0.537931 -0.143868 0.032532
v 0.536293 -0.148647 0.022536
v 0.535448 -0.151572 0.011523
v 0.535206 -0.152564 -0.000000
v 0.535447 -0.151572 -0.011523
v 0.536293 -0.148647 -0.022536
v 0.537931 -0.143868 -0.032532
v 0.546742 -0.144451 0.029540
v 0.545656 -0.148752 0.020543
v 0.545201 -0.151436 0.010528
v 0.545102 -0.152364 -0.000000
v 0.545201 -0.151436 -0.010528
v 0.545656 -0.148752 -0.020543
v 0.546742 -0.144451 -0.029540
v 0.554681 -0.143922 0.026854
v 0.554429 -0.147616 0.018829
v 0.554486 -0.150016 0.009691
v 0.554552 -0.150871 -0.000000
v 0.554486 -0.150016 -0.009691
v 0.554429 -0.147616 -0.018829
v 0.554681 -0.143922 -0.026854
v 0.550941 -0.011797 -0.043333
v 0.553505 -0.005626 -0.029959
v 0.555044 -0.001925 -0.015300
v 0.555557 -0.000692 -0.000000
v 0.555044 -0.001925 0.015300
v 0.553505 -0.005626 0.029959
v 0.550941 -0.011797 0.043333
v 0.557995 -0.020834 -0.040974
v 0.560468 -0.014993 -0.028330
v 0.561959 -0.011498 -0.014469
v 0.562458 -0.010335 -0.000000
v 0.561959 -0.011498 0.014469
v 0.560468 -0.014993 0.028330
v 0.557995 -0.020834 0.040974
v 0.565161 -0.030468 -0.038367
v 0.567553 -0.025035 -0.026533
v 0.569013 -0.021804 -0.013553
v 0.569507 -0.020737 -0.000000
v 0.569013 -0.021804 0.013553
v 0.567553 -0.025035 0.026533
v 0.565161 -0.030468 0.038367
v 0.572025 -0.040415 -0.035534
v 0.574356 -0.035486 -0.024586
v 0.575815 -0.032598 -0.012562
v 0.576320 -0.031656 -0.000000
v 0.575815 -0.032598 0.012562
v 0.574356 -0.035486 0.024586
v 0.572025 -0.040415 0.035534
v 0.578198 -0.050392 -0.032532
v 0.580500 -0.046102 -0.022536
v 0.581996 -0.043657 -0.011523
v 0.582529 -0.042880 -0.000000
v 0.581996 -0.043657 0.011523
v 0.580500 -0.046102 0.022536
v 0.578198 -0.050392 0.032532
v 0.583386 -0.060129 -0.029540
v 0.585698 -0.056732 -0.020543
v 0.587265 -0.054868 -0.010528
v 0.587839 -0.054291 -0.000000
v 0.587265 -0.054868 0.010528
v 0.585698 -0.056732 0.020543
v 0.583386 -0.060129 0.029540
v 0.587315 -0.069407 -0.026854
v 0.589687 -0.067277 -0.018829
v 0.591352 -0.066146 -0.009691
v 0.591970 -0.065796 0.000000
v 0.591352 -0.066146 0.009691
v 0.589687 -0.067277 0.018829
v 0.587315 -0.069407 0.026854
v 0.508211 -0.114796 -0.063766
v 0.513550 -0.101936 -0.070184
v 0.519400 -0.087841 -0.074035
v 0.525506 -0.073127 -0.075318
v 0.531609 -0.058412 -0.074035
v 0.537455 -0.044312 -0.070184
v 0.542788 -0.031448 -0.063766
v 0.517031 -0.118703 -0.060279
v 0.522167 -0.106497 -0.066336
v 0.527796 -0.093115 -0.069967
v 0.533658 -0.079137 -0.071177
v 0.539502 -0.065145 -0.069967
v 0.545088 -0.051732 -0.066336
v 0.550183 -0.039495 -0.060279
v 0.526243 -0.122569 -0.056398
v 0.531173 -0.111120 -0.062037
v 0.536573 -0.098558 -0.065410
v 0.542169 -0.085411 -0.066531
v 0.547701 -0.072217 -0.065410
v 0.552959 -0.059551 -0.062037
v 0.557749 -0.047999 -0.056398
v 0.535465 -0.126109 -0.052144
v 0.540197 -0.115532 -0.057300
v 0.545374 -0.103906 -0.060370
v 0.550683 -0.091688 -0.061386
v 0.555840 -0.079359 -0.060370
v 0.560684 -0.067487 -0.057300
v 0.565082 -0.056664 -0.052144
v 0.544316 -0.129085 -0.047546
v 0.548878 -0.119507 -0.052136
v 0.553856 -0.108929 -0.054847
v 0.558867 -0.097722 -0.055739
v 0.563587 -0.086300 -0.054847
v 0.567916 -0.075243 -0.052136
v 0.571813 -0.065175 -0.047546
v 0.552418 -0.131448 -0.042664
v 0.556886 -0.123016 -0.046522
v 0.561729 -0.113541 -0.048791
v 0.566470 -0.103327 -0.049539
v 0.570737 -0.092764 -0.048791
v 0.574468 -0.082469 -0.046522
v 0.577711 -0.073133 -0.042664
v 0.559365 -0.133289 -0.037524
v 0.563900 -0.126117 -0.040405
v 0.568718 -0.117692 -0.042139
v 0.573261 -0.108333 -0.042728
v 0.577119 -0.098470 -0.042139
v 0.580217 -0.088777 -0.040405
v 0.582630 -0.080040 -0.037524
v 0.189367 -0.056278 -0.188596
v 0.198287 -0.015850 -0.207582
v 0.208064 0.028458 -0.218974
v 0.218268 0.074708 -0.222771
v 0.228473 0.120957 -0.218974
v 0.238249 0.165266 -0.207582
v 0.247169 0.205694 -0.188596
v 0.192364 -0.056546 -0.186926
v 0.201310 -0.016417 -0.205744
v 0.211115 0.027564 -0.217035
v 0.221350 0.073471 -0.220798
v 0.231584 0.119378 -0.217035
v 0.241389 0.163359 -0.205744
v 0.250335 0.203488 -0.186926
v 0.196072 -0.057382 -0.185729
v 0.205084 -0.017481 -0.204426
v 0.214961 0.026250 -0.215645
v 0.225271 0.071897 -0.219384
v 0.235581 0.117544 -0.215645
v 0.245458 0.161275 -0.204426
v 0.254470 0.201176 -0.185729
v 0.200641 -0.058804 -0.184927
v 0.209760 -0.019073 -0.203543
v 0.219755 0.024471 -0.214713
v 0.230188 0.069923 -0.218437
v 0.240621 0.115375 -0.214713
v 0.250616 0.158920 -0.203543
v 0.259736 0.198650 -0.184927
v 0.206222 -0.060827 -0.184440
v 0.215493 -0.021224 -0.203008
v 0.225653 0.022181 -0.214148
v 0.236258 0.067487 -0.217862
v 0.246863 0.112793 -0.214148
v 0.257023 0.156197 -0.203008
v 0.266293 0.195800 -0.184440
v 0.212969 -0.063468 -0.184190
v 0.222434 -0.023964 -0.202733
v 0.232808 0.019332 -0.213858
v 0.243636 0.064525 -0.217567
v 0.254464 0.109718 -0.213858
v 0.264838 0.153015 -0.202733
v 0.274303 0.192519 -0.184190
v 0.221030 -0.066745 -0.184098
v 0.230737 -0.027325 -0.202631
v 0.241375 0.015879 -0.213751
v 0.252479 0.060976 -0.217458
v 0.263583 0.106072 -0.213751
v 0.274221 0.149276 -0.202631
v 0.283928 0.188696 -0.184098
v 0.260799 0.267467 -0.128157
v 0.265080 0.286873 -0.088602
v 0.267649 0.298516 -0.045250
v 0.268506 0.302397 0.000000
v 0.267649 0.298516 0.045250
v 0.265080 0.286873 0.088602
v 0.260799 0.267467 0.128157
v 0.264005 0.264805 -0.127022
v 0.268299 0.284066 -0.087817
v 0.270875 0.295623 -0.044850
v 0.271734 0.299476 0.000000
v 0.270875 0.295623 0.044850
v 0.268299 0.284066 0.087817
v 0.264005 0.264805 0.127022
v 0.268241 0.262145 -0.126208
v 0.272567 0.281298 -0.087255
v 0.275162 0.292789 -0.044562
v 0.276027 0.296620 0.000000
v 0.275162 0.292789 0.044562
v 0.272567 0.281298 0.087255
v 0.268241 0.262145 0.126208
v 0.273671 0.259358 -0.125663
v 0.278048 0.278429 -0.086878
v 0.280675 0.289871 -0.044370
v 0.281550 0.293685 -0.000000
v 0.280675 0.289871 0.044370
v 0.278048 0.278429 0.086878
v 0.273671 0.259358 0.125663
v 0.280458 0.256314 -0.125333
v 0.284908 0.275323 -0.086650
v 0.287577 0.286729 -0.044253
v 0.288467 0.290531 -0.000000
v 0.287577 0.286729 0.044253
v 0.284908 0.275323 0.086650
v 0.280458 0.256314 0.125333
v 0.288766 0.252881 -0.125163
v 0.293309 0.271843 -0.086532
v 0.296035 0.283220 -0.044193
v 0.296944 0.287013 -0.000000
v 0.296035 0.283220 0.044193
v 0.293309 0.271843 0.086532
v 0.288766 0.252881 0.125163
v 0.298759 0.248930 -0.125100
v 0.303418 0.267851 -0.086489
v 0.306213 0.279204 -0.044171
v 0.307145 0.282988 -0.000000
v 0.306213 0.279204 0.044171
v 0.303418 0.267851 0.086489
v 0.298759 0.248930 0.125100
v 0.175738 -0.118052 0.128157
v 0.171456 -0.137457 0.088602
v 0.168887 -0.149100 0.045250
v 0.168031 -0.152981 0.000000
v 0.168887 -0.149100 -0.045250
v 0.171456 -0.137457 -0.088602
v 0.175737 -0.118052 -0.128157
v 0.178695 -0.117863 0.127022
v 0.174400 -0.137125 0.087817
v 0.171824 -0.148682 0.044850
v 0.170965 -0.152534 0.000000
v 0.171824 -0.148682 -0.044850
v 0.174401 -0.137125 -0.087817
v 0.178695 -0.117863 -0.127022
v 0.182301 -0.118351 0.126208
v 0.177975 -0.137504 0.087255
v 0.175380 -0.148995 0.044562
v 0.174515 -0.152826 0.000000
v 0.175380 -0.148995 -0.044562
v 0.177975 -0.137504 -0.087255
v 0.182301 -0.118351 -0.126208
v 0.186706 -0.119512 0.125663
v 0.182328 -0.138583 0.086878
v 0.179702 -0.150025 0.044370
v 0.178826 -0.153839 -0.000000
v 0.179702 -0.150025 -0.044370
v 0.182328 -0.138583 -0.086878
v 0.186706 -0.119512 -0.125663
v 0.192058 -0.121340 0.125333
v 0.187608 -0.140350 0.086650
v 0.184938 -0.151755 0.044253
v 0.184048 -0.155557 -0.000000
v 0.184938 -0.151755 -0.044253
v 0.187608 -0.140350 -0.086650
v 0.192058 -0.121340 -0.125333
v 0.198506 -0.123831 0.125163
v 0.193962 -0.142793 0.086532
v 0.191236 -0.154170 0.044193
v 0.190328 -0.157962 -0.000000
v 0.191236 -0.154170 -0.044193
v 0.193962 -0.142793 -0.086532
v 0.198506 -0.123831 -0.125163
v 0.206199 -0.126978 0.125100
v 0.201540 -0.145900 0.086489
v 0.198745 -0.157253 0.044171
v 0.197813 -0.161037 -0.000000
v 0.198745 -0.157253 -0.044171
v 0.201540 -0.145900 -0.086489
v 0.206199 -0.126978 -0.125100
v 0.247169 0.205694 0.188596
v 0.238249 0.165266 0.207582
v 0.228473 0.120957 0.218974
v 0.218268 0.074708 0.222771
v 0.208064 0.028458 0.218974
v 0.198287 -0.015850 0.207582
v 0.189367 -0.056278 0.188596
v 0.250335 0.203488 0.186926
v 0.241389 0.163359 0.205744
v 0.231584 0.119378 0.217035
v 0.221350 0.073471 0.220798
v 0.211115 0.027564 0.217035
v 0.201310 -0.016417 0.205744
v 0.192364 -0.056546 0.186926
v 0.254470 0.201176 0.185729
v 0.245458 0.161275 0.204426
v 0.235581 0.117544 0.215645
v 0.225271 0.071897 0.219384
v 0.214961 0.026250 0.215645
v 0.205084 -0.017481 0.204426
v 0.196072 -0.057382 0.185729
v 0.259736 0.198650 0.184927
v 0.250616 0.158920 0.203543
v 0.240621 0.115375 0.214713
v 0.230188 0.069923 0.218437
v 0.219755 0.024471 0.214713
v 0.209760 -0.019073 0.203543
v 0.200640 -0.058804 0.184927
v 0.266293 0.195800 0.184440
v 0.257023 0.156197 0.203008
v 0.246863 0.112793 0.214148
v 0.236258 0.067487 0.217862
v 0.225653 0.022181 0.214148
v 0.215493 -0.021224 0.203008
v 0.206222 -0.060827 0.184440
v 0.274303 0.192519 0.184190
v 0.264838 0.153015 0.202733
v 0.254464 0.109718 0.213858
v 0.243636 0.064525 0.217567
v 0.232808 0.019332 0.213858
v 0.222434 -0.023964 0.202733
v 0.212969 -0.063468 0.184190
v 0.283928 0.188696 0.184098
v 0.274221 0.149276 0.202631
v 0.263583 0.106072 0.213751
v 0.252479 0.060976 0.217458
v 0.241375 0.015879 0.213751
v 0.230737 -0.027325 0.202631
v 0.221030 -0.066745 0.184098
v 0.430170 0.097290 0.150565
v 0.419772 0.068061 0.165723
v 0.408375 0.036027 0.174817
v 0.396478 0.002590 0.177849
v 0.384582 -0.030847 0.174817
v 0.373185 -0.062881 0.165723
v 0.362786 -0.092109 0.150565
v 0.431639 0.094919 0.149005
v 0.421367 0.066122 0.164006
v 0.410108 0.034560 0.173006
v 0.398357 0.001617 0.176006
v 0.386605 -0.031327 0.173006
v 0.375347 -0.062889 0.164006
v 0.365075 -0.091686 0.149005
v 0.433711 0.092698 0.147888
v 0.423517 0.064214 0.162776
v 0.412345 0.032996 0.171708
v 0.400684 0.000411 0.174686
v 0.389022 -0.032175 0.171708
v 0.377850 -0.063393 0.162776
v 0.367656 -0.091876 0.147888
v 0.436424 0.090529 0.147138
v 0.426268 0.062261 0.161951
v 0.415136 0.031280 0.170839
v 0.403518 -0.001058 0.173801
v 0.391899 -0.033396 0.170839
v 0.380767 -0.064378 0.161951
v 0.370611 -0.092645 0.147138
v 0.439819 0.088317 0.146684
v 0.429664 0.060188 0.161451
v 0.418535 0.029359 0.170311
v 0.406919 -0.002821 0.173264
v 0.395302 -0.035000 0.170311
v 0.384173 -0.065830 0.161451
v 0.374019 -0.093959 0.146684
v 0.443933 0.085965 0.146451
v 0.433752 0.057917 0.161194
v 0.422593 0.027178 0.170040
v 0.410946 -0.004908 0.172989
v 0.399299 -0.036995 0.170040
v 0.388141 -0.067734 0.161194
v 0.377960 -0.095782 0.146451
v 0.448806 0.083376 0.146365
v 0.438576 0.055374 0.161099
v 0.427364 0.024683 0.169940
v 0.415660 -0.007352 0.172887
v 0.403957 -0.039386 0.169940
v 0.392745 -0.070077 0.161099
v 0.382515 -0.098079 0.146365
v 0.362786 -0.092109 -0.150565
v 0.373185 -0.062881 -0.165723
v 0.384582 -0.030847 -0.174817
v 0.396478 0.002590 -0.177849
v 0.408375 0.036027 -0.174817
v 0.419772 0.068061 -0.165723
v 0.430170 0.097290 -0.150565
v 0.365075 -0.091686 -0.149005
v 0.375347 -0.062889 -0.164006
v 0.386605 -0.031327 -0.173006
v 0.398357 0.001616 -0.176006
v 0.410108 0.034560 -0.173006
v 0.421367 0.066122 -0.164006
v 0.431639 0.094919 -0.149005
v 0.367656 -0.091876 -0.147888
v 0.377850 -0.063393 -0.162776
v 0.389022 -0.032175 -0.171709
v 0.400683 0.000411 -0.174686
v 0.412345 0.032996 -0.171709
v 0.423517 0.064214 -0.162776
v 0.433711 0.092698 -0.147888
v 0.370611 -0.092645 -0.147138
v 0.380767 -0.064378 -0.161951
v 0.391899 -0.033396 -0.170839
v 0.403518 -0.001058 -0.173801
v 0.415137 0.031280 -0.170839
v 0.426268 0.062261 -0.161951
v 0.436424 0.090529 -0.147138
v 0.374019 -0.093959 -0.146684
v 0.384173 -0.065830 -0.161451
v 0.395302 -0.035001 -0.170311
v 0.406919 -0.002821 -0.173264
v 0.418535 0.029359 -0.170311
v 0.429664 0.060188 -0.161451
v 0.439819 0.088317 -0.146684
v 0.377960 -0.095782 -0.146451
v 0.388141 -0.067734 -0.161194
v 0.399299 -0.036995 -0.170040
v 0.410946 -0.004908 -0.172989
v 0.422593 0.027178 -0.170040
v 0.433752 0.057917 -0.161194
v 0.443933 0.085965 -0.146451
v 0.382515 -0.098079 -0.146365
v 0.392745 -0.070077 -0.161099
v 0.403957 -0.039386 -0.169940
v 0.415660 -0.007352 -0.172887
v 0.427363 0.024683 -0.169940
v 0.438576 0.055374 -0.161099
v 0.448806 0.083376 -0.146365
v 0.446060 0.141950 -0.102314
v 0.451051 0.155980 -0.070735
v 0.454046 0.164398 -0.036126
v 0.455044 0.167204 -0.000000
v 0.454046 0.164398 0.036126
v 0.451051 0.155980 0.070735
v 0.446060 0.141950 0.102314
v 0.447335 0.138921 -0.101254
v 0.452266 0.152744 -0.070003
v 0.455224 0.161037 -0.035751
v 0.456211 0.163802 -0.000000
v 0.455225 0.161037 0.035751
v 0.452266 0.152744 0.070003
v 0.447335 0.138921 0.101254
v 0.449287 0.136221 -0.100494
v 0.454180 0.149893 -0.069477
v 0.457115 0.158096 -0.035483
v 0.458094 0.160830 -0.000000
v 0.457115 0.158096 0.035483
v 0.454180 0.149893 0.069477
v 0.449287 0.136221 0.100494
v 0.451943 0.133722 -0.099985
v 0.456818 0.147291 -0.069125
v 0.459743 0.155432 -0.035303
v 0.460718 0.158145 -0.000000
v 0.459743 0.155432 0.035303
v 0.456818 0.147291 0.069125
v 0.451943 0.133722 0.099985
v 0.455334 0.131298 -0.099676
v 0.460208 0.144800 -0.068912
v 0.463133 0.152901 -0.035194
v 0.464108 0.155601 0.000000
v 0.463133 0.152901 0.035194
v 0.460208 0.144800 0.068912
v 0.455334 0.131298 0.099676
v 0.459489 0.128821 -0.099518
v 0.464376 0.142284 -0.068802
v 0.467308 0.150361 -0.035138
v 0.468286 0.153054 0.000000
v 0.467308 0.150361 0.035138
v 0.464376 0.142284 0.068802
v 0.459489 0.128821 0.099518
v 0.464438 0.126164 -0.099459
v 0.469348 0.139605 -0.068762
v 0.472294 0.147670 -0.035118
v 0.473276 0.150358 0.000000
v 0.472294 0.147670 0.035118
v 0.469348 0.139605 0.068762
v 0.464438 0.126164 0.099459
v 0.346897 -0.136770 0.102314
v 0.341906 -0.150800 0.070735
v 0.338911 -0.159217 0.036126
v 0.337912 -0.162023 0.000000
v 0.338911 -0.159217 -0.036126
v 0.341906 -0.150800 -0.070735
v 0.346897 -0.136770 -0.102314
v 0.349379 -0.135688 0.101254
v 0.344448 -0.149511 0.070003
v 0.341489 -0.157804 0.035751
v 0.340503 -0.160569 0.000000
v 0.341489 -0.157804 -0.035751
v 0.344448 -0.149511 -0.070003
v 0.349379 -0.135688 -0.101254
v 0.352080 -0.135399 0.100494
v 0.347187 -0.149071 0.069477
v 0.344252 -0.157275 0.035483
v 0.343273 -0.160009 0.000000
v 0.344252 -0.157275 -0.035483
v 0.347187 -0.149071 -0.069477
v 0.352080 -0.135399 -0.100494
v 0.355092 -0.135838 0.099985
v 0.350217 -0.149407 0.069125
v 0.347292 -0.157548 0.035303
v 0.346317 -0.160262 0.000000
v 0.347292 -0.157548 -0.035303
v 0.350217 -0.149407 -0.069125
v 0.355092 -0.135838 -0.099985
v 0.358503 -0.136940 0.099676
v 0.353629 -0.150442 0.068912
v 0.350704 -0.158543 0.035194
v 0.349730 -0.161243 0.000000
v 0.350705 -0.158543 -0.035194
v 0.353629 -0.150442 -0.068912
v 0.358503 -0.136940 -0.099676
v 0.362403 -0.138638 0.099518
v 0.357516 -0.152101 0.068802
v 0.354584 -0.160178 0.035138
v 0.353607 -0.162871 0.000000
v 0.354584 -0.160178 -0.035138
v 0.357517 -0.152101 -0.068802
v 0.362403 -0.138638 -0.099518
v 0.366883 -0.140867 0.099459
v 0.361972 -0.154308 0.068762
v 0.359026 -0.162373 0.035118
v 0.358044 -0.165061 0.000000
v 0.359026 -0.162373 -0.035118
v 0.361972 -0.154308 -0.068762
v 0.366883 -0.140867 -0.099459
v 0.468358 -0.101627 -0.085616
v 0.475112 -0.084806 -0.094235
v 0.482514 -0.066371 -0.099407
v 0.490240 -0.047128 -0.101130
v 0.497967 -0.027885 -0.099407
v 0.505369 -0.009450 -0.094235
v 0.512123 0.007371 -0.085616
v 0.471110 -0.101018 -0.082084
v 0.477620 -0.084831 -0.090347
v 0.484754 -0.067091 -0.095305
v 0.492201 -0.048573 -0.096958
v 0.499647 -0.030056 -0.095305
v 0.506782 -0.012315 -0.090347
v 0.513291 0.003871 -0.082084
v 0.474245 -0.101113 -0.079112
v 0.480552 -0.085461 -0.087076
v 0.487465 -0.068307 -0.091855
v 0.494680 -0.050401 -0.093447
v 0.501896 -0.032496 -0.091855
v 0.508808 -0.015342 -0.087076
v 0.515115 0.000310 -0.079112
v 0.477892 -0.101884 -0.076534
v 0.484027 -0.086697 -0.084239
v 0.490752 -0.070053 -0.088862
v 0.497771 -0.052680 -0.090402
v 0.504790 -0.035307 -0.088862
v 0.511514 -0.018662 -0.084239
v 0.517650 -0.003476 -0.076534
v 0.482178 -0.103301 -0.074184
v 0.488161 -0.088540 -0.081652
v 0.494719 -0.072362 -0.086133
v 0.501563 -0.055476 -0.087627
v 0.508408 -0.038590 -0.086133
v 0.514966 -0.022412 -0.081652
v 0.520949 -0.007651 -0.074184
v 0.487233 -0.105334 -0.071895
v 0.493072 -0.090989 -0.079133
v 0.499471 -0.075267 -0.083476
v 0.506149 -0.058857 -0.084923
v 0.512828 -0.042446 -0.083476
v 0.519227 -0.026724 -0.079133
v 0.525066 -0.012380 -0.071895
v 0.493186 -0.107954 -0.069502
v 0.498875 -0.094046 -0.076499
v 0.505111 -0.078802 -0.080697
v 0.511620 -0.062890 -0.082096
v 0.518129 -0.046978 -0.080697
v 0.524365 -0.031734 -0.076499
v 0.530055 -0.017825 -0.069502
v 0.522443 0.033073 -0.058179
v 0.525684 0.041147 -0.040222
v 0.527630 0.045991 -0.020542
v 0.528278 0.047606 -0.000000
v 0.527630 0.045991 0.020542
v 0.525684 0.041147 0.040222
v 0.522443 0.033073 0.058179
v 0.523237 0.028604 -0.055778
v 0.526362 0.036374 -0.038563
v 0.528236 0.041035 -0.019695
v 0.528861 0.042589 -0.000000
v 0.528236 0.041035 0.019695
v 0.526362 0.036374 0.038563
v 0.523237 0.028604 0.055778
v 0.524752 0.024226 -0.053759
v 0.527780 0.031739 -0.037167
v 0.529596 0.036247 -0.018982
v 0.530202 0.037749 -0.000000
v 0.529596 0.036247 0.018981
v 0.527780 0.031739 0.037167
v 0.524752 0.024226 0.053759
v 0.527025 0.019729 -0.052007
v 0.529970 0.027018 -0.035956
v 0.531737 0.031392 -0.018363
v 0.532326 0.032850 -0.000000
v 0.531737 0.031392 0.018363
v 0.529970 0.027018 0.035956
v 0.527025 0.019729 0.052007
v 0.530091 0.014903 -0.050410
v 0.532963 0.021988 -0.034851
v 0.534686 0.026239 -0.017799
v 0.535260 0.027656 -0.000000
v 0.534686 0.026239 0.017799
v 0.532963 0.021988 0.034851
v 0.530091 0.014903 0.050410
v 0.533986 0.009539 -0.048855
v 0.536789 0.016425 -0.033776
v 0.538470 0.020556 -0.017250
v 0.539031 0.021933 -0.000000
v 0.538470 0.020556 0.017250
v 0.536789 0.016425 0.033776
v 0.533986 0.009539 0.048855
v 0.538748 0.003427 -0.047229
v 0.541479 0.010103 -0.032652
v 0.543118 0.014109 -0.016676
v 0.543664 0.015444 -0.000000
v 0.543118 0.014109 0.016676
v 0.541479 0.010103 0.032652
v 0.538748 0.003427 0.047229
v 0.458038 -0.127329 0.058179
v 0.454796 -0.135403 0.040222
v 0.452851 -0.140247 0.020542
v 0.452203 -0.141862 -0.000000
v 0.452851 -0.140247 -0.020542
v 0.454796 -0.135403 -0.040222
v 0.458038 -0.127329 -0.058179
v 0.461164 -0.125751 0.055778
v 0.458039 -0.133520 0.038563
v 0.456165 -0.138182 0.019695
v 0.455540 -0.139736 -0.000000
v 0.456165 -0.138182 -0.019695
v 0.458039 -0.133520 -0.038563
v 0.461164 -0.125751 -0.055778
v 0.464608 -0.125029 0.053759
v 0.461581 -0.132542 0.037167
v 0.459764 -0.137049 0.018981
v 0.459159 -0.138552 -0.000000
v 0.459764 -0.137049 -0.018982
v 0.461581 -0.132542 -0.037167
v 0.464608 -0.125029 -0.053759
v 0.468517 -0.125089 0.052007
v 0.465572 -0.132378 0.035956
v 0.463805 -0.136752 0.018363
v 0.463216 -0.138210 -0.000000
v 0.463805 -0.136752 -0.018363
v 0.465572 -0.132378 -0.035956
v 0.468517 -0.125089 -0.052007
v 0.473036 -0.125855 0.050410
v 0.470164 -0.132940 0.034851
v 0.468441 -0.137191 0.017799
v 0.467867 -0.138608 -0.000000
v 0.468441 -0.137191 -0.017799
v 0.470164 -0.132940 -0.034852
v 0.473036 -0.125855 -0.050410
v 0.478313 -0.127253 0.048855
v 0.475510 -0.134138 0.033776
v 0.473829 -0.138270 0.017250
v 0.473268 -0.139647 -0.000000
v 0.473829 -0.138270 -0.017250
v 0.475510 -0.134138 -0.033776
v 0.478313 -0.127253 -0.048855
v 0.484492 -0.129207 0.047229
v 0.481761 -0.135883 0.032652
v 0.480122 -0.139889 0.016676
v 0.479576 -0.141224 -0.000000
v 0.480122 -0.139889 -0.016676
v 0.481761 -0.135883 -0.032652
v 0.484492 -0.129207 -0.047229
v 0.512123 0.007371 0.085616
v 0.505369 -0.009450 0.094235
v 0.497967 -0.027885 0.099406
v 0.490240 -0.047128 0.101130
v 0.482514 -0.066371 0.099406
v 0.475112 -0.084806 0.094235
v 0.468358 -0.101627 0.085616
v 0.513291 0.003871 0.082084
v 0.506782 -0.012315 0.090347
v 0.499647 -0.030056 0.095305
v 0.492201 -0.048573 0.096958
v 0.484754 -0.067091 0.095305
v 0.477620 -0.084831 0.090347
v 0.471110 -0.101018 0.082084
v 0.515115 0.000310 0.079112
v 0.508808 -0.015342 0.087076
v 0.501896 -0.032496 0.091855
v 0.494680 -0.050401 0.093447
v 0.487465 -0.068307 0.091855
v 0.480552 -0.085461 0.087076
v 0.474245 -0.101113 0.079112
v 0.517650 -0.003476 0.076534
v 0.511514 -0.018662 0.084239
v 0.504790 -0.035307 0.088862
v 0.497771 -0.052680 0.090402
v 0.490752 -0.070053 0.088862
v 0.484027 -0.086697 0.084239
v 0.477892 -0.101884 0.076534
v 0.520949 -0.007651 0.074184
v 0.514966 -0.022412 0.081652
v 0.508408 -0.038590 0.086133
v 0.501563 -0.055476 0.087627
v 0.494719 -0.072362 0.086133
v 0.488161 -0.088540 0.081652
v 0.482178 -0.103301 0.074184
v 0.525066 -0.012380 0.071895
v 0.519227 -0.026724 0.079133
v 0.512829 -0.042446 0.083476
v 0.506150 -0.058857 0.084923
v 0.499471 -0.075267 0.083476
v 0.493072 -0.090989 0.079133
v 0.487233 -0.105334 0.071895
v 0.530055 -0.017825 0.069502
v 0.524365 -0.031734 0.076499
v 0.518129 -0.046978 0.080697
v 0.511620 -0.062890 0.082096
v 0.505111 -0.078802 0.080697
v 0.498875 -0.094046 0.076499
v 0.493186 -0.107954 0.069502
v -0.022188 -0.084045 -0.224475
v -0.044037 -0.083281 -0.224383
v -0.065209 -0.082083 -0.224133
v -0.085365 -0.080516 -0.223646
v -0.104168 -0.078640 -0.222844
v -0.121277 -0.076519 -0.221647
v -0.136356 -0.074215 -0.219977
v -0.023430 -0.030989 -0.247073
v -0.046499 -0.030648 -0.246971
v -0.068846 -0.030101 -0.246696
v -0.090112 -0.029361 -0.246161
v -0.109934 -0.028445 -0.245278
v -0.127952 -0.027369 -0.243960
v -0.143805 -0.026148 -0.242122
v -0.024791 0.027161 -0.260632
v -0.049198 0.027037 -0.260525
v -0.072833 0.026873 -0.260235
v -0.095314 0.026705 -0.259670
v -0.116253 0.026568 -0.258738
v -0.135267 0.026499 -0.257349
v -0.151970 0.026533 -0.255409
v -0.026212 0.087858 -0.265151
v -0.052014 0.087248 -0.265043
v -0.076995 0.086341 -0.264747
v -0.100744 0.085226 -0.264173
v -0.122850 0.083991 -0.263225
v -0.142903 0.082727 -0.261811
v -0.160492 0.081522 -0.259838
v -0.027634 0.148555 -0.260632
v -0.054831 0.147460 -0.260525
v -0.081156 0.145810 -0.260235
v -0.106173 0.143746 -0.259670
v -0.129446 0.141414 -0.258738
v -0.150538 0.138954 -0.257349
v -0.169014 0.136510 -0.255409
v -0.028995 0.206705 -0.247073
v -0.057530 0.205145 -0.246971
v -0.085143 0.202783 -0.246696
v -0.111375 0.199812 -0.246161
v -0.135766 0.196427 -0.245278
v -0.157853 0.192822 -0.243960
v -0.177178 0.189192 -0.242122
v -0.030237 0.259762 -0.224475
v -0.059992 0.257778 -0.224383
v -0.088781 0.254766 -0.224133
v -0.116122 0.250967 -0.223646
v -0.141532 0.246622 -0.222844
v -0.164528 0.241972 -0.221647
v -0.184627 0.237259 -0.219977
v -0.377892 -0.146628 0.099436
v -0.384327 -0.149864 0.099334
v -0.391151 -0.153040 0.099057
v -0.398181 -0.155925 0.098516
v -0.405232 -0.158288 0.097626
v -0.412119 -0.159901 0.096297
v -0.418658 -0.160533 0.094443
v -0.372914 -0.160040 0.068746
v -0.379315 -0.163248 0.068675
v -0.386112 -0.166373 0.068484
v -0.393127 -0.169174 0.068110
v -0.400182 -0.171410 0.067494
v -0.407097 -0.172841 0.066576
v -0.413695 -0.173225 0.065294
v -0.369928 -0.168087 0.035110
v -0.376308 -0.171279 0.035073
v -0.383088 -0.174373 0.034976
v -0.390095 -0.177124 0.034785
v -0.397152 -0.179283 0.034470
v -0.404084 -0.180604 0.034001
v -0.410718 -0.180840 0.033347
v -0.368933 -0.170770 -0.000000
v -0.375305 -0.173956 0.000000
v -0.382081 -0.177040 0.000000
v -0.389084 -0.179774 -0.000000
v -0.396142 -0.181908 -0.000000
v -0.403080 -0.183192 -0.000000
v -0.409725 -0.183379 -0.000000
v -0.369928 -0.168087 -0.035110
v -0.376308 -0.171279 -0.035074
v -0.383088 -0.174373 -0.034976
v -0.390095 -0.177124 -0.034785
v -0.397152 -0.179283 -0.034470
v -0.404084 -0.180604 -0.034001
v -0.410718 -0.180840 -0.033347
v -0.372914 -0.160040 -0.068746
v -0.379315 -0.163248 -0.068675
v -0.386112 -0.166373 -0.068484
v -0.393127 -0.169174 -0.068110
v -0.400182 -0.171410 -0.067494
v -0.407097 -0.172841 -0.066576
v -0.413695 -0.173225 -0.065294
v -0.377892 -0.146628 -0.099436
v -0.384327 -0.149864 -0.099334
v -0.391151 -0.153040 -0.099057
v -0.398181 -0.155925 -0.098516
v -0.405232 -0.158288 -0.097626
v -0.412119 -0.159901 -0.096297
v -0.418658 -0.160533 -0.094443
v -0.020289 -0.165116 -0.152537
v -0.019693 -0.190583 -0.105458
v -0.019335 -0.205863 -0.053859
v -0.019216 -0.210957 0.000000
v -0.019335 -0.205863 0.053859
v -0.019693 -0.190583 0.105458
v -0.020289 -0.165116 0.152537
v -0.040274 -0.163703 -0.152475
v -0.039093 -0.188967 -0.105415
v -0.038383 -0.204125 -0.053837
v -0.038147 -0.209178 0.000000
v -0.038383 -0.204125 0.053837
v -0.039093 -0.188967 0.105415
v -0.040274 -0.163703 0.152475
v -0.059650 -0.161513 -0.152305
v -0.057904 -0.186465 -0.105297
v -0.056857 -0.201436 -0.053777
v -0.056507 -0.206427 0.000000
v -0.056857 -0.201436 0.053777
v -0.057904 -0.186465 0.105297
v -0.059650 -0.161513 0.152305
v -0.078113 -0.158680 -0.151974
v -0.075834 -0.183234 -0.105069
v -0.074467 -0.197967 -0.053660
v -0.074012 -0.202878 -0.000000
v -0.074467 -0.197967 0.053660
v -0.075834 -0.183234 0.105069
v -0.078113 -0.158680 0.151974
v -0.095357 -0.155337 -0.151429
v -0.092589 -0.179431 -0.104692
v -0.090929 -0.193887 -0.053468
v -0.090375 -0.198706 -0.000000
v -0.090929 -0.193887 0.053468
v -0.092589 -0.179431 0.104692
v -0.095357 -0.155337 0.151429
v -0.111079 -0.151620 -0.150616
v -0.107875 -0.175211 -0.104129
v -0.105953 -0.189367 -0.053180
v -0.105312 -0.194085 0.000000
v -0.105953 -0.189367 0.053180
v -0.107875 -0.175212 0.104129
v -0.111079 -0.151620 0.150616
v -0.124974 -0.147661 -0.149481
v -0.121398 -0.170733 -0.103345
v -0.119253 -0.184576 -0.052780
v -0.118537 -0.189191 0.000000
v -0.119253 -0.184576 0.052780
v -0.121398 -0.170733 0.103345
v -0.124974 -0.147661 0.149481
v -0.196010 0.310705 -0.149481
v -0.199585 0.333777 -0.103345
v -0.201731 0.347620 -0.052780
v -0.202446 0.352235 -0.000000
v -0.201731 0.347620 0.052780
v -0.199585 0.333777 0.103345
v -0.196010 0.310705 0.149481
v -0.174726 0.317073 -0.150616
v -0.177930 0.340665 -0.104129
v -0.179852 0.354820 -0.053180
v -0.180493 0.359538 0.000000
v -0.179852 0.354820 0.053180
v -0.177930 0.340665 0.104129
v -0.174726 0.317073 0.150616
v -0.150342 0.323319 -0.151429
v -0.153110 0.347413 -0.104692
v -0.154771 0.361869 -0.053468
v -0.155324 0.366687 0.000000
v -0.154771 0.361869 0.053468
v -0.153110 0.347413 0.104692
v -0.150342 0.323319 0.151429
v -0.123374 0.329131 -0.151974
v -0.125653 0.353685 -0.105069
v -0.127020 0.368418 -0.053660
v -0.127475 0.373329 -0.000000
v -0.127020 0.368418 0.053660
v -0.125653 0.353685 0.105069
v -0.123374 0.329131 0.151974
v -0.094339 0.334195 -0.152305
v -0.096086 0.359147 -0.105297
v -0.097133 0.374118 -0.053777
v -0.097482 0.379109 -0.000000
v -0.097133 0.374118 0.053777
v -0.096086 0.359147 0.105297
v -0.094339 0.334195 0.152305
v -0.063754 0.338200 -0.152475
v -0.064936 0.363464 -0.105415
v -0.065645 0.378622 -0.053837
v -0.065882 0.383675 -0.000000
v -0.065645 0.378622 0.053837
v -0.064936 0.363464 0.105415
v -0.063754 0.338200 0.152475
v -0.032136 0.340832 -0.152537
v -0.032732 0.366299 -0.105458
v -0.033090 0.381580 -0.053859
v -0.033209 0.386673 -0.000000
v -0.033090 0.381580 0.053859
v -0.032732 0.366299 0.105458
v -0.032136 0.340832 0.152537
v -0.136356 -0.074215 0.219977
v -0.121277 -0.076519 0.221647
v -0.104168 -0.078640 0.222844
v -0.085365 -0.080516 0.223646
v -0.065209 -0.082083 0.224133
v -0.044037 -0.083281 0.224383
v -0.022188 -0.084045 0.224475
v -0.143805 -0.026148 0.242122
v -0.127952 -0.027369 0.243960
v -0.109934 -0.028445 0.245278
v -0.090112 -0.029361 0.246161
v -0.068846 -0.030101 0.246696
v -0.046499 -0.030648 0.246971
v -0.023430 -0.030989 0.247073
v -0.151970 0.026533 0.255409
v -0.135267 0.026499 0.257349
v -0.116253 0.026568 0.258738
v -0.095314 0.026705 0.259670
v -0.072833 0.026873 0.260235
v -0.049198 0.027037 0.260525
v -0.024791 0.027161 0.260632
v -0.160492 0.081522 0.259838
v -0.142903 0.082727 0.261811
v -0.122850 0.083991 0.263225
v -0.100744 0.085226 0.264173
v -0.076995 0.086341 0.264747
v -0.052014 0.087248 0.265043
v -0.026212 0.087858 0.265151
v -0.169014 0.136510 0.255409
v -0.150538 0.138954 0.257349
v -0.129446 0.141414 0.258738
v -0.106173 0.143746 0.259670
v -0.081156 0.145810 0.260235
v -0.054831 0.147460 0.260525
v -0.027634 0.148555 0.260632
v -0.177178 0.189192 0.242122
v -0.157853 0.192822 0.243960
v -0.135766 0.196427 0.245278
v -0.111376 0.199812 0.246161
v -0.085143 0.202783 0.246696
v -0.057530 0.205145 0.246971
v -0.028995 0.206705 0.247073
v -0.184627 0.237259 0.219977
v -0.164528 0.241972 0.221647
v -0.141532 0.246622 0.222844
v -0.116122 0.250967 0.223646
v -0.088781 0.254766 0.224133
v -0.059992 0.257778 0.224383
v -0.030237 0.259762 0.224475
v -0.243032 0.210211 -0.193633
v -0.241337 0.212670 -0.196921
v -0.239161 0.215318 -0.200525
v -0.235941 0.218192 -0.204286
v -0.231113 0.221331 -0.208048
v -0.224114 0.224774 -0.211651
v -0.214380 0.228558 -0.214939
v -0.234055 0.168918 -0.213126
v -0.232304 0.170801 -0.216745
v -0.230090 0.172785 -0.220712
v -0.226876 0.174911 -0.224852
v -0.222124 0.177225 -0.228992
v -0.215298 0.179770 -0.232959
v -0.205862 0.182591 -0.236578
v -0.224216 0.123660 -0.224822
v -0.222405 0.124913 -0.228640
v -0.220149 0.126168 -0.232824
v -0.216940 0.127476 -0.237192
v -0.212272 0.128885 -0.241559
v -0.205637 0.130447 -0.245743
v -0.196527 0.132210 -0.249561
v -0.213946 0.076420 -0.228721
v -0.212072 0.077015 -0.232605
v -0.209772 0.077510 -0.236862
v -0.206570 0.077963 -0.241305
v -0.201989 0.078428 -0.245748
v -0.195552 0.078963 -0.250004
v -0.186784 0.079624 -0.253888
v -0.203676 0.029180 -0.224822
v -0.201739 0.029117 -0.228640
v -0.199396 0.028852 -0.232824
v -0.196200 0.028449 -0.237192
v -0.191706 0.027971 -0.241559
v -0.185468 0.027479 -0.245743
v -0.177040 0.027037 -0.249561
v -0.193836 -0.016077 -0.213126
v -0.191839 -0.016772 -0.216745
v -0.189454 -0.017764 -0.220712
v -0.186264 -0.018986 -0.224852
v -0.181854 -0.020369 -0.228992
v -0.175806 -0.021844 -0.232959
v -0.167705 -0.023344 -0.236578
v -0.184859 -0.057371 -0.193633
v -0.182807 -0.058641 -0.196921
v -0.180384 -0.060297 -0.200525
v -0.177199 -0.062267 -0.204286
v -0.172865 -0.064475 -0.208048
v -0.166991 -0.066848 -0.211651
v -0.159187 -0.069311 -0.214939
v -0.171142 -0.120467 -0.131580
v -0.169006 -0.122617 -0.133814
v -0.166524 -0.125288 -0.136263
v -0.163348 -0.128400 -0.138819
v -0.159130 -0.131869 -0.141375
v -0.153521 -0.135613 -0.143824
v -0.146173 -0.139549 -0.146058
v -0.166833 -0.140288 -0.090969
v -0.164670 -0.142714 -0.092513
v -0.162170 -0.145704 -0.094206
v -0.158997 -0.149174 -0.095973
v -0.154815 -0.153040 -0.097741
v -0.149290 -0.157214 -0.099434
v -0.142084 -0.161614 -0.100978
v -0.164247 -0.152181 -0.046459
v -0.162069 -0.154772 -0.047248
v -0.159558 -0.157954 -0.048113
v -0.156386 -0.161639 -0.049015
v -0.152226 -0.165742 -0.049918
v -0.146751 -0.170175 -0.050782
v -0.139631 -0.174852 -0.051571
v -0.163385 -0.156145 -0.000000
v -0.161202 -0.158791 0.000000
v -0.158687 -0.162037 0.000000
v -0.155516 -0.165794 0.000000
v -0.151364 -0.169976 0.000000
v -0.145905 -0.174496 0.000000
v -0.138814 -0.179265 -0.000000
v -0.164247 -0.152181 0.046459
v -0.162069 -0.154772 0.047248
v -0.159558 -0.157954 0.048113
v -0.156386 -0.161639 0.049015
v -0.152227 -0.165742 0.049918
v -0.146751 -0.170175 0.050782
v -0.139631 -0.174852 0.051571
v -0.166833 -0.140288 0.090969
v -0.164670 -0.142714 0.092513
v -0.162170 -0.145704 0.094206
v -0.158997 -0.149174 0.095973
v -0.154815 -0.153040 0.097741
v -0.149290 -0.157214 0.099434
v -0.142084 -0.161614 0.100978
v -0.171142 -0.120467 0.131580
v -0.169006 -0.122617 0.133814
v -0.166524 -0.125288 0.136263
v -0.163348 -0.128400 0.138819
v -0.159130 -0.131869 0.141375
v -0.153521 -0.135613 0.143824
v -0.146173 -0.139549 0.146058
v -0.256750 0.273308 0.131580
v -0.255138 0.276646 0.133814
v -0.253021 0.280309 0.136263
v -0.249792 0.284325 0.138819
v -0.244848 0.288725 0.141375
v -0.237584 0.293539 0.143824
v -0.227394 0.298796 0.146058
v -0.261059 0.293129 0.090969
v -0.259474 0.296743 0.092513
v -0.257375 0.300724 0.094206
v -0.254143 0.305100 0.095973
v -0.249163 0.309896 0.097741
v -0.241815 0.315140 0.099434
v -0.231483 0.320861 0.100978
v -0.263644 0.305021 0.046459
v -0.262075 0.308802 0.047248
v -0.259987 0.312974 0.048113
v -0.256754 0.317564 0.049015
v -0.251751 0.322598 0.049918
v -0.244354 0.328101 0.050782
v -0.233936 0.334099 0.051571
v -0.264506 0.308986 0.000000
v -0.262942 0.312821 -0.000000
v -0.260858 0.317057 -0.000000
v -0.257624 0.321719 0.000000
v -0.252614 0.326832 -0.000000
v -0.245200 0.332422 -0.000000
v -0.234753 0.338512 -0.000000
v -0.263644 0.305021 -0.046459
v -0.262075 0.308802 -0.047248
v -0.259987 0.312974 -0.048113
v -0.256754 0.317564 -0.049015
v -0.251751 0.322598 -0.049918
v -0.244354 0.328101 -0.050782
v -0.233936 0.334099 -0.051571
v -0.261059 0.293129 -0.090969
v -0.259474 0.296743 -0.092513
v -0.257375 0.300725 -0.094206
v -0.254143 0.305100 -0.095973
v -0.249163 0.309896 -0.097741
v -0.241815 0.315140 -0.099434
v -0.231483 0.320861 -0.100978
v -0.256750 0.273308 -0.131580
v -0.255138 0.276646 -0.133814
v -0.253021 0.280309 -0.136263
v -0.249792 0.284325 -0.138819
v -0.244848 0.288725 -0.141375
v -0.237584 0.293539 -0.143824
v -0.227394 0.298796 -0.146058
v -0.184859 -0.057371 0.193633
v -0.182807 -0.058641 0.196921
v -0.180384 -0.060297 0.200525
v -0.177199 -0.062267 0.204286
v -0.172865 -0.064475 0.208048
v -0.166991 -0.066848 0.211651
v -0.159187 -0.069311 0.214939
v -0.193836 -0.016077 0.213127
v -0.191839 -0.016772 0.216746
v -0.189454 -0.017764 0.220712
v -0.186264 -0.018986 0.224852
v -0.181854 -0.020369 0.228992
v -0.175806 -0.021844 0.232959
v -0.167705 -0.023344 0.236578
v -0.203676 0.029180 0.224822
v -0.201739 0.029117 0.228640
v -0.199396 0.028852 0.232824
v -0.196200 0.028449 0.237192
v -0.191706 0.027971 0.241559
v -0.185468 0.027479 0.245743
v -0.177040 0.027037 0.249561
v -0.213946 0.076420 0.228721
v -0.212072 0.077015 0.232605
v -0.209772 0.077510 0.236862
v -0.206570 0.077963 0.241305
v -0.201989 0.078428 0.245748
v -0.195552 0.078963 0.250004
v -0.186784 0.079624 0.253888
v -0.224216 0.123660 0.224822
v -0.222405 0.124913 0.228640
v -0.220149 0.126168 0.232824
v -0.216940 0.127476 0.237192
v -0.212272 0.128885 0.241559
v -0.205637 0.130447 0.245743
v -0.196527 0.132210 0.249561
v -0.234055 0.168918 0.213127
v -0.232304 0.170801 0.216746
v -0.230090 0.172785 0.220712
v -0.226876 0.174911 0.224852
v -0.222124 0.177225 0.228992
v -0.215299 0.179770 0.232959
v -0.205862 0.182591 0.236578
v -0.243032 0.210211 0.193633
v -0.241337 0.212670 0.196921
v -0.239161 0.215318 0.200525
v -0.235941 0.218192 0.204286
v -0.231113 0.221331 0.208048
v -0.224114 0.224774 0.211651
v -0.214380 0.228558 0.214939
v -0.308540 0.179036 0.184073
v -0.323111 0.173244 0.183987
v -0.338461 0.166999 0.183753
v -0.354011 0.160454 0.183299
v -0.369183 0.153764 0.182550
v -0.383397 0.147080 0.181432
v -0.396075 0.140556 0.179872
v -0.298211 0.139799 0.202603
v -0.312420 0.134134 0.202509
v -0.327401 0.128063 0.202252
v -0.342597 0.121754 0.201752
v -0.357449 0.115377 0.200927
v -0.371401 0.109100 0.199697
v -0.383895 0.103093 0.197980
v -0.286891 0.096794 0.213722
v -0.300703 0.091270 0.213622
v -0.315279 0.085389 0.213351
v -0.330087 0.079339 0.212823
v -0.344590 0.073305 0.211953
v -0.358254 0.067475 0.210656
v -0.370545 0.062034 0.208845
v -0.275074 0.051906 0.217428
v -0.288472 0.046528 0.217326
v -0.302627 0.040846 0.217051
v -0.317029 0.035065 0.216514
v -0.331167 0.029390 0.215629
v -0.344531 0.024026 0.214309
v -0.356611 0.019177 0.212466
v -0.263258 0.007018 0.213722
v -0.276241 0.001786 0.213622
v -0.289974 -0.003696 0.213351
v -0.303971 -0.009208 0.212823
v -0.317744 -0.014524 0.211953
v -0.330808 -0.019422 0.210656
v -0.342677 -0.023680 0.208845
v -0.251937 -0.035987 0.202603
v -0.264524 -0.041078 0.202509
v -0.277853 -0.046370 0.202252
v -0.291460 -0.051623 0.201752
v -0.304884 -0.056596 0.200927
v -0.317661 -0.061048 0.199697
v -0.329328 -0.064739 0.197980
v -0.241608 -0.075224 0.184073
v -0.253833 -0.080188 0.183987
v -0.266793 -0.085306 0.183753
v -0.280046 -0.090323 0.183299
v -0.293151 -0.094983 0.182550
v -0.305665 -0.099028 0.181432
v -0.317148 -0.102201 0.179872
v -0.225825 -0.135180 0.125083
v -0.237497 -0.139947 0.125024
v -0.249893 -0.144800 0.124866
v -0.262605 -0.149457 0.124557
v -0.275222 -0.153638 0.124048
v -0.287336 -0.157060 0.123288
v -0.298536 -0.159444 0.122228
v -0.220867 -0.154014 0.086477
v -0.232365 -0.158720 0.086437
v -0.244585 -0.163489 0.086327
v -0.257126 -0.168033 0.086114
v -0.269590 -0.172063 0.085762
v -0.281578 -0.175290 0.085236
v -0.292690 -0.177426 0.084504
v -0.217892 -0.165314 0.044165
v -0.229286 -0.169984 0.044144
v -0.241399 -0.174703 0.044088
v -0.253839 -0.179179 0.043979
v -0.266211 -0.183119 0.043800
v -0.278123 -0.186228 0.043531
v -0.289182 -0.188215 0.043157
v -0.216901 -0.169081 -0.000000
v -0.228260 -0.173738 -0.000000
v -0.240338 -0.178441 -0.000000
v -0.252743 -0.182894 -0.000000
v -0.265085 -0.186804 -0.000000
v -0.276972 -0.189875 -0.000000
v -0.288013 -0.191812 -0.000000
v -0.217892 -0.165314 -0.044165
v -0.229286 -0.169984 -0.044144
v -0.241399 -0.174703 -0.044088
v -0.253839 -0.179179 -0.043979
v -0.266211 -0.183119 -0.043800
v -0.278123 -0.186228 -0.043531
v -0.289182 -0.188215 -0.043157
v -0.220867 -0.154014 -0.086477
v -0.232365 -0.158720 -0.086437
v -0.244585 -0.163489 -0.086327
v -0.257126 -0.168033 -0.086114
v -0.269590 -0.172063 -0.085762
v -0.281578 -0.175290 -0.085236
v -0.292690 -0.177426 -0.084504
v -0.225825 -0.135180 -0.125083
v -0.237497 -0.139947 -0.125024
v -0.249893 -0.144800 -0.124866
v -0.262605 -0.149457 -0.124557
v -0.275222 -0.153638 -0.124048
v -0.287336 -0.157060 -0.123288
v -0.298536 -0.159444 -0.122228
v -0.324323 0.238992 -0.125083
v -0.339447 0.233003 -0.125024
v -0.355361 0.226493 -0.124866
v -0.371452 0.219588 -0.124557
v -0.387111 0.212418 -0.124048
v -0.401726 0.205112 -0.123288
v -0.414686 0.197798 -0.122228
v -0.329281 0.257826 -0.086477
v -0.344579 0.251776 -0.086437
v -0.360669 0.245182 -0.086327
v -0.376931 0.238164 -0.086114
v -0.392743 0.230844 -0.085762
v -0.407484 0.223343 -0.085236
v -0.420532 0.215780 -0.084504
v -0.332256 0.269126 -0.044165
v -0.347658 0.263040 -0.044144
v -0.363855 0.256395 -0.044088
v -0.380219 0.249310 -0.043979
v -0.396122 0.241900 -0.043800
v -0.410939 0.234281 -0.043531
v -0.424040 0.226570 -0.043157
v -0.333247 0.272893 -0.000000
v -0.348684 0.266794 -0.000000
v -0.364916 0.260133 -0.000000
v -0.381314 0.253025 -0.000000
v -0.397249 0.245585 -0.000000
v -0.412090 0.237927 -0.000000
v -0.425209 0.230166 -0.000000
v -0.332256 0.269126 0.044165
v -0.347658 0.263040 0.044144
v -0.363855 0.256395 0.044088
v -0.380219 0.249310 0.043979
v -0.396122 0.241900 0.043800
v -0.410939 0.234281 0.043531
v -0.424040 0.226570 0.043157
v -0.329281 0.257826 0.086477
v -0.344579 0.251776 0.086437
v -0.360669 0.245182 0.086327
v -0.376931 0.238164 0.086114
v -0.392743 0.230844 0.085762
v -0.407484 0.223343 0.085236
v -0.420532 0.215780 0.084504
v -0.324323 0.238992 0.125083
v -0.339447 0.233003 0.125024
v -0.355361 0.226493 0.124866
v -0.371452 0.219588 0.124557
v -0.387111 0.212419 0.124048
v -0.401726 0.205112 0.123288
v -0.414686 0.197798 0.122228
v -0.428825 0.102851 -0.155270
v -0.428506 0.106153 -0.158340
v -0.427908 0.109829 -0.161706
v -0.426628 0.113893 -0.165219
v -0.424263 0.118361 -0.168731
v -0.420411 0.123249 -0.172097
v -0.414670 0.128571 -0.175168
v -0.418009 0.072336 -0.170901
v -0.417417 0.074800 -0.174281
v -0.416529 0.077554 -0.177985
v -0.414967 0.080650 -0.181851
v -0.412349 0.084143 -0.185718
v -0.408298 0.088084 -0.189422
v -0.402432 0.092527 -0.192802
v -0.406155 0.038891 -0.180279
v -0.405262 0.040436 -0.183845
v -0.404058 0.042180 -0.187752
v -0.402186 0.044217 -0.191831
v -0.399292 0.046640 -0.195910
v -0.395021 0.049544 -0.199817
v -0.389019 0.053023 -0.203383
v -0.393782 0.003982 -0.183406
v -0.392576 0.004568 -0.187033
v -0.391040 0.005257 -0.191008
v -0.388845 0.006187 -0.195158
v -0.385663 0.007494 -0.199307
v -0.381164 0.009315 -0.203282
v -0.375018 0.011788 -0.206909
v -0.381409 -0.030927 -0.180279
v -0.379889 -0.031301 -0.183845
v -0.378022 -0.031666 -0.187752
v -0.375505 -0.031842 -0.191831
v -0.372034 -0.031652 -0.195910
v -0.367306 -0.030913 -0.199817
v -0.361017 -0.029447 -0.203383
v -0.369555 -0.064372 -0.170901
v -0.367735 -0.065664 -0.174281
v -0.365551 -0.067039 -0.177985
v -0.362724 -0.068276 -0.181851
v -0.358977 -0.069155 -0.185718
v -0.354030 -0.069453 -0.189422
v -0.347604 -0.068952 -0.192802
v -0.358740 -0.094887 -0.155270
v -0.356645 -0.097018 -0.158340
v -0.354172 -0.099314 -0.161706
v -0.351063 -0.101519 -0.165219
v -0.347063 -0.103373 -0.168731
v -0.341916 -0.104618 -0.172097
v -0.335366 -0.104996 -0.175168
v -0.342213 -0.141514 -0.105510
v -0.339700 -0.144926 -0.107597
v -0.336785 -0.148631 -0.109884
v -0.333245 -0.152314 -0.112271
v -0.328860 -0.155658 -0.114658
v -0.323407 -0.158350 -0.116945
v -0.316666 -0.160072 -0.119032
v -0.337022 -0.156161 -0.072945
v -0.334377 -0.159975 -0.074388
v -0.331323 -0.164123 -0.075969
v -0.327647 -0.168270 -0.077619
v -0.323141 -0.172083 -0.079270
v -0.317593 -0.175229 -0.080851
v -0.310792 -0.177373 -0.082294
v -0.333907 -0.164950 -0.037254
v -0.331183 -0.169005 -0.037991
v -0.328045 -0.173418 -0.038799
v -0.324289 -0.177844 -0.039641
v -0.319710 -0.181938 -0.040484
v -0.314104 -0.185356 -0.041292
v -0.307267 -0.187754 -0.042028
v -0.332869 -0.167879 -0.000000
v -0.330119 -0.172015 -0.000000
v -0.326953 -0.176517 -0.000000
v -0.323169 -0.181035 -0.000000
v -0.318566 -0.185223 -0.000000
v -0.312941 -0.188732 -0.000000
v -0.306092 -0.191214 -0.000000
v -0.333907 -0.164950 0.037254
v -0.331183 -0.169005 0.037991
v -0.328045 -0.173418 0.038799
v -0.324289 -0.177844 0.039641
v -0.319710 -0.181938 0.040484
v -0.314104 -0.185356 0.041292
v -0.307267 -0.187754 0.042028
v -0.337022 -0.156161 0.072945
v -0.334377 -0.159975 0.074388
v -0.331323 -0.164123 0.075969
v -0.327647 -0.168270 0.077619
v -0.323141 -0.172083 0.079270
v -0.317593 -0.175229 0.080851
v -0.310792 -0.177373 0.082293
v -0.342214 -0.141514 0.105510
v -0.339700 -0.144926 0.107597
v -0.336785 -0.148631 0.109884
v -0.333245 -0.152314 0.112271
v -0.328860 -0.155658 0.114658
v -0.323407 -0.158350 0.116945
v -0.316666 -0.160072 0.119032
v -0.445351 0.149478 0.105510
v -0.445451 0.154062 0.107597
v -0.445295 0.159145 0.109884
v -0.444446 0.164688 0.112271
v -0.442467 0.170647 0.114658
v -0.438920 0.176980 0.116945
v -0.433370 0.183647 0.119032
v -0.450542 0.164125 0.072945
v -0.450775 0.169111 0.074388
v -0.450757 0.174637 0.075969
v -0.450043 0.180644 0.077619
v -0.448185 0.187071 0.079270
v -0.444735 0.193859 0.080851
v -0.439244 0.200948 0.082293
v -0.453657 0.172914 0.037254
v -0.453968 0.178141 0.037991
v -0.454035 0.183933 0.038799
v -0.453402 0.190218 0.039641
v -0.451616 0.196926 0.040484
v -0.448223 0.203987 0.041292
v -0.442769 0.211329 0.042028
v -0.454696 0.175843 -0.000000
v -0.455033 0.181151 -0.000000
v -0.455127 0.187031 -0.000000
v -0.454521 0.193409 -0.000000
v -0.452760 0.200211 -0.000000
v -0.449386 0.207363 -0.000000
v -0.443944 0.214789 -0.000000
v -0.453657 0.172914 -0.037254
v -0.453968 0.178141 -0.037991
v -0.454035 0.183933 -0.038799
v -0.453402 0.190218 -0.039641
v -0.451616 0.196926 -0.040484
v -0.448223 0.203987 -0.041292
v -0.442769 0.211329 -0.042028
v -0.450542 0.164125 -0.072945
v -0.450774 0.169111 -0.074388
v -0.450757 0.174637 -0.075969
v -0.450043 0.180644 -0.077619
v -0.448185 0.187071 -0.079270
v -0.444735 0.193859 -0.080851
v -0.439245 0.200948 -0.082294
v -0.445351 0.149478 -0.105510
v -0.445451 0.154062 -0.107597
v -0.445295 0.159145 -0.109884
v -0.444446 0.164688 -0.112271
v -0.442467 0.170647 -0.114658
v -0.438920 0.176980 -0.116945
v -0.433370 0.183647 -0.119032
v -0.358740 -0.094887 0.155270
v -0.356645 -0.097017 0.158340
v -0.354172 -0.099314 0.161706
v -0.351063 -0.101519 0.165219
v -0.347063 -0.103373 0.168731
v -0.341916 -0.104618 0.172097
v -0.335366 -0.104996 0.175168
v -0.369555 -0.064372 0.170901
v -0.367735 -0.065664 0.174281
v -0.365551 -0.067039 0.177985
v -0.362724 -0.068276 0.181851
v -0.358977 -0.069155 0.185718
v -0.354030 -0.069453 0.189422
v -0.347604 -0.068951 0.192802
v -0.381409 -0.030927 0.180279
v -0.379889 -0.031300 0.183845
v -0.378022 -0.031665 0.187752
v -0.375505 -0.031842 0.191831
v -0.372034 -0.031652 0.195910
v -0.367306 -0.030913 0.199817
v -0.361017 -0.029447 0.203383
v -0.393782 0.003982 0.183406
v -0.392576 0.004568 0.187033
v -0.391040 0.005257 0.191008
v -0.388845 0.006187 0.195158
v -0.385663 0.007494 0.199307
v -0.381164 0.009315 0.203282
v -0.375018 0.011788 0.206909
v -0.406155 0.038891 0.180279
v -0.405262 0.040436 0.183845
v -0.404058 0.042180 0.187752
v -0.402186 0.044217 0.191831
v -0.399292 0.046640 0.195910
v -0.395021 0.049544 0.199817
v -0.389019 0.053023 0.203382
v -0.418009 0.072336 0.170901
v -0.417417 0.074800 0.174281
v -0.416529 0.077554 0.177985
v -0.414967 0.080650 0.181851
v -0.412349 0.084143 0.185718
v -0.408298 0.088084 0.189422
v -0.402432 0.092527 0.192802
v -0.428825 0.102851 0.155270
v -0.428506 0.106153 0.158340
v -0.427908 0.109829 0.161706
v -0.426628 0.113893 0.165219
v -0.424263 0.118361 0.168731
v -0.420411 0.123249 0.172097
v -0.414670 0.128571 0.175168
v -0.241608 -0.075224 -0.184073
v -0.253833 -0.080188 -0.183987
v -0.266793 -0.085306 -0.183753
v -0.280046 -0.090323 -0.183299
v -0.293151 -0.094983 -0.182550
v -0.305665 -0.099028 -0.181432
v -0.317148 -0.102201 -0.179872
v -0.251937 -0.035987 -0.202603
v -0.264524 -0.041078 -0.202509
v -0.277853 -0.046370 -0.202252
v -0.291460 -0.051623 -0.201752
v -0.304884 -0.056596 -0.200927
v -0.317661 -0.061048 -0.199697
v -0.329328 -0.064739 -0.197980
v -0.263258 0.007018 -0.213722
v -0.276241 0.001786 -0.213622
v -0.289974 -0.003696 -0.213351
v -0.303971 -0.009208 -0.212823
v -0.317744 -0.014524 -0.211953
v -0.330808 -0.019422 -0.210656
v -0.342677 -0.023680 -0.208845
v -0.275074 0.051906 -0.217428
v -0.288472 0.046528 -0.217326
v -0.302627 0.040846 -0.217051
v -0.317029 0.035065 -0.216514
v -0.331167 0.029390 -0.215629
v -0.344531 0.024026 -0.214309
v -0.356611 0.019177 -0.212466
v -0.286890 0.096794 -0.213722
v -0.300703 0.091270 -0.213622
v -0.315280 0.085389 -0.213351
v -0.330087 0.079339 -0.212823
v -0.344590 0.073305 -0.211953
v -0.358254 0.067475 -0.210656
v -0.370545 0.062034 -0.208845
v -0.298211 0.139799 -0.202603
v -0.312420 0.134134 -0.202509
v -0.327401 0.128063 -0.202252
v -0.342597 0.121754 -0.201752
v -0.357449 0.115377 -0.200927
v -0.371401 0.109100 -0.199697
v -0.383895 0.103093 -0.197980
v -0.308540 0.179036 -0.184073
v -0.323111 0.173244 -0.183987
v -0.338461 0.166999 -0.183753
v -0.354011 0.160454 -0.183299
v -0.369183 0.153764 -0.182550
v -0.383397 0.147080 -0.181432
v -0.396075 0.140556 -0.179872
v -0.476776 0.119824 -0.099436
v -0.483895 0.116035 -0.099334
v -0.491265 0.111854 -0.099057
v -0.498586 0.107301 -0.098516
v -0.505558 0.102397 -0.097626
v -0.511879 0.097165 -0.096297
v -0.517249 0.091623 -0.094443
v -0.481753 0.133236 -0.068746
v -0.488907 0.129420 -0.068675
v -0.496305 0.125187 -0.068484
v -0.503640 0.120550 -0.068110
v -0.510608 0.115519 -0.067494
v -0.516900 0.110104 -0.066576
v -0.522212 0.104316 -0.065294
v -0.484740 0.141283 -0.035110
v -0.491914 0.137450 -0.035073
v -0.499328 0.133188 -0.034976
v -0.506673 0.128500 -0.034785
v -0.513637 0.123392 -0.034470
v -0.519913 0.117868 -0.034001
v -0.525189 0.111931 -0.033347
v -0.485735 0.143966 0.000000
v -0.492916 0.140127 0.000000
v -0.500336 0.135854 0.000000
v -0.507684 0.131150 0.000000
v -0.514647 0.126017 -0.000000
v -0.520917 0.120456 0.000000
v -0.526182 0.114470 0.000000
v -0.484740 0.141283 0.035110
v -0.491914 0.137450 0.035074
v -0.499328 0.133188 0.034976
v -0.506673 0.128500 0.034785
v -0.513637 0.123392 0.034470
v -0.519913 0.117868 0.034001
v -0.525189 0.111931 0.033347
v -0.481753 0.133236 0.068746
v -0.488907 0.129420 0.068675
v -0.496305 0.125187 0.068484
v -0.503640 0.120550 0.068110
v -0.510607 0.115519 0.067494
v -0.516900 0.110104 0.066576
v -0.522211 0.104316 0.065294
v -0.476776 0.119824 0.099436
v -0.483895 0.116035 0.099334
v -0.491265 0.111854 0.099057
v -0.498586 0.107301 0.098516
v -0.505558 0.102397 0.097626
v -0.511878 0.097165 0.096297
v -0.517249 0.091623 0.094443
v -0.393737 -0.103933 -0.146331
v -0.400281 -0.107258 -0.146180
v -0.407193 -0.110595 -0.145772
v -0.414270 -0.113747 -0.144977
v -0.421307 -0.116517 -0.143667
v -0.428104 -0.118710 -0.141711
v -0.434456 -0.120128 -0.138983
v -0.404106 -0.075991 -0.161062
v -0.410722 -0.079374 -0.160897
v -0.417692 -0.082816 -0.160447
v -0.424799 -0.086143 -0.159572
v -0.431828 -0.089180 -0.158130
v -0.438565 -0.091753 -0.155978
v -0.444794 -0.093686 -0.152974
v -0.415471 -0.045367 -0.169901
v -0.422166 -0.048813 -0.169726
v -0.429198 -0.052371 -0.169252
v -0.436338 -0.055890 -0.168329
v -0.443359 -0.059219 -0.166808
v -0.450031 -0.062208 -0.164537
v -0.456126 -0.064705 -0.161369
v -0.427334 -0.013402 -0.172847
v -0.434111 -0.016914 -0.172670
v -0.441208 -0.020593 -0.172187
v -0.448384 -0.024312 -0.171248
v -0.455395 -0.027946 -0.169700
v -0.461999 -0.031368 -0.167391
v -0.467953 -0.034455 -0.164168
v -0.439197 0.018563 -0.169901
v -0.446056 0.014985 -0.169726
v -0.453219 0.011185 -0.169252
v -0.460429 0.007266 -0.168329
v -0.467430 0.003328 -0.166808
v -0.473967 -0.000529 -0.164537
v -0.479781 -0.004204 -0.161369
v -0.450562 0.049187 -0.161062
v -0.457500 0.045545 -0.160897
v -0.464725 0.041630 -0.160447
v -0.471969 0.037520 -0.159572
v -0.478961 0.033289 -0.158130
v -0.485432 0.029016 -0.155978
v -0.491112 0.024777 -0.152974
v -0.460931 0.077129 -0.146331
v -0.467941 0.073429 -0.146180
v -0.475224 0.069409 -0.145772
v -0.482498 0.065123 -0.144977
v -0.489482 0.060626 -0.143667
v -0.495894 0.055974 -0.141711
v -0.501451 0.051219 -0.138983
v -0.460931 0.077129 0.146331
v -0.467941 0.073429 0.146180
v -0.475224 0.069409 0.145772
v -0.482498 0.065123 0.144977
v -0.489482 0.060626 0.143667
v -0.495894 0.055974 0.141711
v -0.501451 0.051219 0.138983
v -0.450562 0.049187 0.161062
v -0.457500 0.045545 0.160897
v -0.464725 0.041630 0.160447
v -0.471969 0.037520 0.159572
v -0.478961 0.033289 0.158130
v -0.485432 0.029016 0.155978
v -0.491112 0.024777 0.152974
v -0.439197 0.018563 0.169901
v -0.446056 0.014985 0.169726
v -0.453219 0.011185 0.169252
v -0.460429 0.007266 0.168329
v -0.467430 0.003328 0.166808
v -0.473966 -0.000529 0.164537
v -0.479781 -0.004204 0.161369
v -0.427334 -0.013402 0.172847
v -0.434111 -0.016914 0.172670
v -0.441208 -0.020593 0.172187
v -0.448384 -0.024312 0.171248
v -0.455395 -0.027945 0.169700
v -0.461999 -0.031368 0.167391
v -0.467953 -0.034455 0.164168
v -0.415471 -0.045367 0.169901
v -0.422166 -0.048813 0.169726
v -0.429198 -0.052371 0.169252
v -0.436338 -0.055890 0.168329
v -0.443359 -0.059219 0.166808
v -0.450031 -0.062208 0.164537
v -0.456126 -0.064705 0.161369
v -0.404106 -0.075991 0.161062
v -0.410722 -0.079374 0.160897
v -0.417692 -0.082816 0.160447
v -0.424799 -0.086143 0.159572
v -0.431828 -0.089180 0.158130
v -0.438565 -0.091753 0.155978
v -0.444794 -0.093686 0.152974
v -0.393737 -0.103933 0.146331
v -0.400281 -0.107258 0.146180
v -0.407193 -0.110595 0.145772
v -0.414270 -0.113747 0.144977
v -0.421307 -0.116517 0.143667
v -0.428104 -0.118710 0.141711
v -0.434456 -0.120128 0.138983
v -0.511508 0.014810 -0.094960
v -0.511761 0.018881 -0.100697
v -0.512071 0.023155 -0.106846
v -0.512192 0.027598 -0.113166
v -0.511879 0.032178 -0.119418
v -0.510885 0.036863 -0.125359
v -0.508965 0.041620 -0.130751
v -0.504097 -0.003684 -0.104519
v -0.503946 -0.000640 -0.110834
v -0.503825 0.002531 -0.117602
v -0.503507 0.005840 -0.124559
v -0.502765 0.009297 -0.131440
v -0.501373 0.012910 -0.137979
v -0.499104 0.016690 -0.143914
v -0.495976 -0.023954 -0.110255
v -0.495381 -0.022036 -0.116916
v -0.494787 -0.020072 -0.124056
v -0.493987 -0.018006 -0.131394
v -0.492776 -0.015781 -0.138653
v -0.490948 -0.013343 -0.145551
v -0.488297 -0.010633 -0.151811
v -0.487498 -0.045112 -0.112167
v -0.486441 -0.044369 -0.118944
v -0.485353 -0.043665 -0.126207
v -0.484051 -0.042896 -0.133673
v -0.482350 -0.041958 -0.141057
v -0.480066 -0.040745 -0.148075
v -0.477016 -0.039153 -0.154444
v -0.479021 -0.066269 -0.110255
v -0.477501 -0.066701 -0.116916
v -0.475920 -0.067258 -0.124056
v -0.474114 -0.067786 -0.131394
v -0.471923 -0.068134 -0.138653
v -0.469185 -0.068147 -0.145551
v -0.465736 -0.067673 -0.151811
v -0.470899 -0.086539 -0.104519
v -0.468936 -0.088097 -0.110834
v -0.466882 -0.089861 -0.117602
v -0.464595 -0.091632 -0.124559
v -0.461934 -0.093212 -0.131439
v -0.458759 -0.094400 -0.137979
v -0.454929 -0.094997 -0.143914
v -0.463489 -0.105034 -0.094960
v -0.461121 -0.107619 -0.100697
v -0.458635 -0.110484 -0.106846
v -0.455909 -0.113390 -0.113166
v -0.452820 -0.116093 -0.119418
v -0.449247 -0.118353 -0.125359
v -0.445068 -0.119927 -0.130751
v -0.452166 -0.133293 -0.064528
v -0.449180 -0.137448 -0.068426
v -0.446035 -0.141997 -0.072605
v -0.442637 -0.146635 -0.076900
v -0.438894 -0.151055 -0.081148
v -0.434713 -0.154953 -0.085185
v -0.430001 -0.158020 -0.088849
v -0.448609 -0.142170 -0.044612
v -0.445429 -0.146818 -0.047307
v -0.442077 -0.151896 -0.050196
v -0.438468 -0.157078 -0.053165
v -0.434520 -0.162038 -0.056102
v -0.430147 -0.166450 -0.058894
v -0.425268 -0.169987 -0.061427
v -0.446475 -0.147497 -0.022784
v -0.443179 -0.152440 -0.024160
v -0.439702 -0.157836 -0.025636
v -0.435967 -0.163344 -0.027152
v -0.431895 -0.168628 -0.028652
v -0.427408 -0.173349 -0.030078
v -0.422428 -0.177167 -0.031371
v -0.445763 -0.149272 -0.000000
v -0.442428 -0.154314 -0.000000
v -0.438910 -0.159815 -0.000000
v -0.435133 -0.165433 -0.000000
v -0.431020 -0.170825 -0.000000
v -0.426495 -0.175648 -0.000000
v -0.421481 -0.179560 -0.000000
v -0.446475 -0.147497 0.022784
v -0.443179 -0.152440 0.024160
v -0.439702 -0.157836 0.025636
v -0.435967 -0.163344 0.027152
v -0.431895 -0.168628 0.028652
v -0.427408 -0.173349 0.030078
v -0.422428 -0.177167 0.031371
v -0.448609 -0.142170 0.044612
v -0.445429 -0.146818 0.047307
v -0.442077 -0.151896 0.050196
v -0.438468 -0.157078 0.053165
v -0.434520 -0.162038 0.056102
v -0.430147 -0.166450 0.058894
v -0.425268 -0.169987 0.061427
v -0.452166 -0.133293 0.064528
v -0.449180 -0.137448 0.068426
v -0.446035 -0.141997 0.072605
v -0.442638 -0.146635 0.076900
v -0.438894 -0.151055 0.081148
v -0.434713 -0.154953 0.085185
v -0.430001 -0.158020 0.088849
v -0.522831 0.043070 0.064528
v -0.523702 0.048710 0.068426
v -0.524671 0.054667 0.072605
v -0.525464 0.060843 0.076900
v -0.525805 0.067140 0.081148
v -0.525419 0.073463 0.085185
v -0.524032 0.079714 0.088849
v -0.526388 0.051947 0.044612
v -0.527453 0.058081 0.047307
v -0.528629 0.064566 0.050196
v -0.529633 0.071286 0.053165
v -0.530180 0.078123 0.056102
v -0.529985 0.084961 0.058894
v -0.528765 0.091680 0.061427
v -0.528522 0.057273 0.022784
v -0.529704 0.063703 0.024160
v -0.531004 0.070506 0.025636
v -0.532135 0.077552 0.027152
v -0.532804 0.084713 0.028652
v -0.532724 0.091859 0.030078
v -0.531605 0.098860 0.031371
v -0.529233 0.059049 -0.000000
v -0.530454 0.065577 -0.000000
v -0.531796 0.072486 -0.000000
v -0.532968 0.079641 -0.000000
v -0.533679 0.086910 -0.000000
v -0.533638 0.094158 -0.000000
v -0.532552 0.101253 0.000000
v -0.528522 0.057273 -0.022784
v -0.529704 0.063703 -0.024160
v -0.531004 0.070506 -0.025636
v -0.532135 0.077552 -0.027152
v -0.532804 0.084713 -0.028652
v -0.532724 0.091859 -0.030078
v -0.531605 0.098860 -0.031371
v -0.526388 0.051947 -0.044612
v -0.527453 0.058081 -0.047307
v -0.528630 0.064566 -0.050196
v -0.529633 0.071286 -0.053165
v -0.530180 0.078123 -0.056102
v -0.529985 0.084961 -0.058894
v -0.528765 0.091680 -0.061427
v -0.522831 0.043070 -0.064528
v -0.523702 0.048710 -0.068426
v -0.524671 0.054667 -0.072605
v -0.525464 0.060843 -0.076900
v -0.525805 0.067140 -0.081148
v -0.525419 0.073463 -0.085185
v -0.524032 0.079714 -0.088849
v -0.463489 -0.105034 0.094960
v -0.461121 -0.107619 0.100697
v -0.458635 -0.110484 0.106846
v -0.455909 -0.113390 0.113166
v -0.452821 -0.116093 0.119418
v -0.449247 -0.118352 0.125359
v -0.445068 -0.119927 0.130751
v -0.470899 -0.086539 0.104519
v -0.468936 -0.088097 0.110834
v -0.466882 -0.089861 0.117602
v -0.464595 -0.091632 0.124559
v -0.461934 -0.093212 0.131440
v -0.458759 -0.094399 0.137979
v -0.454929 -0.094997 0.143914
v -0.479021 -0.066269 0.110255
v -0.477501 -0.066701 0.116916
v -0.475919 -0.067258 0.124056
v -0.474114 -0.067786 0.131394
v -0.471923 -0.068134 0.138653
v -0.469185 -0.068147 0.145551
v -0.465736 -0.067673 0.151811
v -0.487498 -0.045112 0.112167
v -0.486441 -0.044369 0.118944
v -0.485353 -0.043665 0.126207
v -0.484051 -0.042896 0.133673
v -0.482350 -0.041957 0.141057
v -0.480066 -0.040745 0.148075
v -0.477016 -0.039153 0.154444
v -0.495976 -0.023954 0.110255
v -0.495381 -0.022036 0.116916
v -0.494787 -0.020072 0.124056
v -0.493987 -0.018006 0.131394
v -0.492776 -0.015781 0.138653
v -0.490948 -0.013343 0.145551
v -0.488297 -0.010633 0.151811
v -0.504097 -0.003684 0.104519
v -0.503946 -0.000640 0.110834
v -0.503825 0.002531 0.117602
v -0.503507 0.005840 0.124559
v -0.502765 0.009297 0.131439
v -0.501373 0.012910 0.137979
v -0.499104 0.016690 0.143914
v -0.511508 0.014810 0.094960
v -0.511761 0.018881 0.100697
v -0.512071 0.023155 0.106846
v -0.512192 0.027598 0.113166
v -0.511879 0.032178 0.119418
v -0.510885 0.036863 0.125359
v -0.508965 0.041620 0.130751
v -0.567891 -0.137822 -0.025245
v -0.569858 -0.140489 -0.017513
v -0.571003 -0.142383 -0.008966
v -0.571388 -0.143089 0.000000
v -0.571003 -0.142383 0.008966
v -0.569858 -0.140489 0.017513
v -0.567891 -0.137822 0.025245
v -0.573690 -0.131902 -0.026061
v -0.576403 -0.134405 -0.017806
v -0.577963 -0.136125 -0.009037
v -0.578469 -0.136760 0.000000
v -0.577963 -0.136125 0.009037
v -0.576403 -0.134405 0.017806
v -0.573690 -0.131902 0.026061
v -0.578996 -0.124480 -0.026782
v -0.582089 -0.126918 -0.018178
v -0.583902 -0.128496 -0.009186
v -0.584494 -0.129057 0.000000
v -0.583902 -0.128496 0.009186
v -0.582089 -0.126918 0.018178
v -0.578996 -0.124480 0.026782
v -0.583519 -0.115896 -0.027074
v -0.586749 -0.118277 -0.018354
v -0.588691 -0.119709 -0.009268
v -0.589340 -0.120188 0.000000
v -0.588691 -0.119709 0.009268
v -0.586749 -0.118277 0.018354
v -0.583519 -0.115896 0.027074
v -0.586970 -0.106522 -0.026782
v -0.590205 -0.108749 -0.018178
v -0.592205 -0.109981 -0.009186
v -0.592889 -0.110361 0.000000
v -0.592205 -0.109981 0.009186
v -0.590205 -0.108749 0.018178
v -0.586970 -0.106522 0.026782
v -0.589231 -0.096854 -0.026061
v -0.592346 -0.098648 -0.017806
v -0.594331 -0.099542 -0.009037
v -0.595028 -0.099794 0.000000
v -0.594331 -0.099542 0.009037
v -0.592346 -0.098648 0.017806
v -0.589231 -0.096854 0.026061
v -0.590206 -0.087378 -0.025245
v -0.593062 -0.088267 -0.017513
v -0.594963 -0.088619 -0.008966
v -0.595650 -0.088703 0.000000
v -0.594963 -0.088619 0.008966
v -0.593062 -0.088267 0.017513
v -0.590206 -0.087378 0.025245
v -0.542788 -0.031448 0.063766
v -0.550183 -0.039495 0.060279
v -0.557749 -0.047999 0.056398
v -0.565082 -0.056664 0.052144
v -0.571813 -0.065175 0.047546
v -0.577711 -0.073133 0.042664
v -0.582630 -0.080041 0.037524
v -0.537455 -0.044312 0.070184
v -0.545088 -0.051732 0.066336
v -0.552960 -0.059551 0.062037
v -0.560684 -0.067487 0.057300
v -0.567916 -0.075243 0.052136
v -0.574468 -0.082469 0.046522
v -0.580217 -0.088777 0.040405
v -0.531609 -0.058412 0.074035
v -0.539502 -0.065145 0.069967
v -0.547701 -0.072217 0.065410
v -0.555840 -0.079359 0.060370
v -0.563587 -0.086300 0.054847
v -0.570737 -0.092764 0.048791
v -0.577119 -0.098470 0.042139
v -0.525506 -0.073127 0.075318
v -0.533658 -0.079137 0.071177
v -0.542169 -0.085411 0.066531
v -0.550683 -0.091688 0.061386
v -0.558867 -0.097722 0.055739
v -0.566470 -0.103327 0.049539
v -0.573261 -0.108333 0.042728
v -0.519401 -0.087841 0.074035
v -0.527796 -0.093115 0.069967
v -0.536573 -0.098558 0.065410
v -0.545374 -0.103906 0.060370
v -0.553856 -0.108929 0.054847
v -0.561729 -0.113541 0.048791
v -0.568718 -0.117692 0.042139
v -0.513550 -0.101936 0.070184
v -0.522168 -0.106497 0.066336
v -0.531173 -0.111120 0.062037
v -0.540197 -0.115532 0.057300
v -0.548878 -0.119507 0.052136
v -0.556886 -0.123016 0.046522
v -0.563900 -0.126117 0.040405
v -0.508211 -0.114796 0.063766
v -0.517031 -0.118703 0.060279
v -0.526243 -0.122569 0.056398
v -0.535465 -0.126109 0.052144
v -0.544316 -0.129085 0.047546
v -0.552418 -0.131448 0.042664
v -0.559365 -0.133289 0.037524
v -0.500058 -0.134448 0.043333
v -0.509219 -0.137365 0.040974
v -0.518831 -0.140100 0.038367
v -0.528522 -0.142358 0.035534
v -0.537931 -0.143868 0.032532
v -0.546742 -0.144451 0.029540
v -0.554681 -0.143922 0.026854
v -0.497500 -0.140622 0.029959
v -0.506788 -0.143236 0.028330
v -0.516580 -0.145637 0.026533
v -0.526525 -0.147533 0.024586
v -0.536293 -0.148647 0.022536
v -0.545656 -0.148752 0.020543
v -0.554429 -0.147616 0.018829
v -0.495966 -0.144327 0.015300
v -0.505338 -0.146762 0.014469
v -0.515261 -0.148971 0.013553
v -0.525399 -0.150667 0.012562
v -0.535448 -0.151572 0.011523
v -0.545201 -0.151436 0.010528
v -0.554486 -0.150016 0.009691
v -0.495455 -0.145563 -0.000000
v -0.504858 -0.147939 -0.000000
v -0.514830 -0.150086 -0.000000
v -0.525047 -0.151720 -0.000000
v -0.535206 -0.152564 -0.000000
v -0.545102 -0.152364 -0.000000
v -0.554552 -0.150871 -0.000000
v -0.495966 -0.144327 -0.015300
v -0.505339 -0.146762 -0.014469
v -0.515261 -0.148971 -0.013553
v -0.525399 -0.150667 -0.012562
v -0.535448 -0.151572 -0.011523
v -0.545201 -0.151436 -0.010528
v -0.554486 -0.150016 -0.009691
v -0.497500 -0.140622 -0.029959
v -0.506788 -0.143236 -0.028330
v -0.516580 -0.145637 -0.026533
v -0.526524 -0.147533 -0.024586
v -0.536293 -0.148647 -0.022536
v -0.545656 -0.148752 -0.020543
v -0.554429 -0.147616 -0.018829
v -0.500058 -0.134448 -0.043333
v -0.509219 -0.137365 -0.040974
v -0.518831 -0.140100 -0.038367
v -0.528522 -0.142358 -0.035534
v -0.537931 -0.143868 -0.032532
v -0.546742 -0.144451 -0.029540
v -0.554681 -0.143922 -0.026854
v -0.550941 -0.011797 -0.043333
v -0.557995 -0.020834 -0.040974
v -0.565161 -0.030468 -0.038367
v -0.572025 -0.040415 -0.035534
v -0.578198 -0.050392 -0.032532
v -0.583386 -0.060129 -0.029540
v -0.587315 -0.069407 -0.026854
v -0.553505 -0.005626 -0.029959
v -0.560468 -0.014993 -0.028330
v -0.567553 -0.025035 -0.026533
v -0.574356 -0.035486 -0.024586
v -0.580500 -0.046102 -0.022536
v -0.585698 -0.056732 -0.020543
v -0.589687 -0.067277 -0.018829
v -0.555044 -0.001925 -0.015300
v -0.561959 -0.011498 -0.014469
v -0.569013 -0.021804 -0.013553
v -0.575815 -0.032598 -0.012562
v -0.581996 -0.043657 -0.011523
v -0.587265 -0.054868 -0.010528
v -0.591352 -0.066146 -0.009691
v -0.555557 -0.000692 -0.000000
v -0.562459 -0.010335 -0.000000
v -0.569507 -0.020737 -0.000000
v -0.576320 -0.031656 -0.000000
v -0.582529 -0.042880 -0.000000
v -0.587838 -0.054291 -0.000000
v -0.591970 -0.065796 -0.000000
v -0.555044 -0.001925 0.015300
v -0.561959 -0.011498 0.014469
v -0.569013 -0.021804 0.013553
v -0.575815 -0.032598 0.012562
v -0.581996 -0.043657 0.011523
v -0.587265 -0.054868 0.010528
v -0.591352 -0.066146 0.009691
v -0.553505 -0.005626 0.029959
v -0.560468 -0.014993 0.028330
v -0.567553 -0.025035 0.026533
v -0.574356 -0.035486 0.024586
v -0.580500 -0.046102 0.022536
v -0.585698 -0.056732 0.020543
v -0.589687 -0.067277 0.018829
v -0.550941 -0.011797 0.043333
v -0.557995 -0.020834 0.040974
v -0.565161 -0.030468 0.038367
v -0.572025 -0.040415 0.035534
v -0.578198 -0.050392 0.032532
v -0.583386 -0.060129 0.029540
v -0.587315 -0.069407 0.026854
v -0.508211 -0.114796 -0.063766
v -0.517031 -0.118703 -0.060279
v -0.526243 -0.122569 -0.056398
v -0.535465 -0.126109 -0.052144
v -0.544316 -0.129085 -0.047546
v -0.552418 -0.131448 -0.042664
v -0.559365 -0.133289 -0.037524
v -0.513550 -0.101936 -0.070184
v -0.522167 -0.106497 -0.066336
v -0.531173 -0.111120 -0.062037
v -0.540197 -0.115532 -0.057300
v -0.548878 -0.119507 -0.052136
v -0.556886 -0.123016 -0.046522
v -0.563900 -0.126117 -0.040405
v -0.519400 -0.087841 -0.074035
v -0.527796 -0.093115 -0.069967
v -0.536573 -0.098558 -0.065410
v -0.545374 -0.103906 -0.060370
v -0.553856 -0.108929 -0.054847
v -0.561729 -0.113541 -0.048791
v -0.568718 -0.117692 -0.042139
v -0.525506 -0.073127 -0.075318
v -0.533658 -0.079137 -0.071177
v -0.542169 -0.085411 -0.066531
v -0.550683 -0.091688 -0.061386
v -0.558867 -0.097722 -0.055739
v -0.566470 -0.103327 -0.049539
v -0.573261 -0.108333 -0.042728
v -0.531609 -0.058412 -0.074035
v -0.539502 -0.065145 -0.069967
v -0.547701 -0.072217 -0.065410
v -0.555840 -0.079359 -0.060370
v -0.563587 -0.086300 -0.054847
v -0.570737 -0.092764 -0.048791
v -0.577119 -0.098470 -0.042139
v -0.537455 -0.044312 -0.070184
v -0.545088 -0.051732 -0.066336
v -0.552960 -0.059551 -0.062037
v -0.560684 -0.067487 -0.057300
v -0.567916 -0.075243 -0.052136
v -0.574468 -0.082469 -0.046522
v -0.580217 -0.088777 -0.040405
v -0.542788 -0.031448 -0.063766
v -0.550183 -0.039495 -0.060279
v -0.557749 -0.047999 -0.056398
v -0.565082 -0.056664 -0.052144
v -0.571813 -0.065175 -0.047546
v -0.577711 -0.073133 -0.042664
v -0.582630 -0.080040 -0.037524
v -0.189367 -0.056278 -0.188596
v -0.192364 -0.056546 -0.186926
v -0.196072 -0.057382 -0.185729
v -0.200641 -0.058804 -0.184927
v -0.206222 -0.060827 -0.184440
v -0.212969 -0.063468 -0.184190
v -0.221031 -0.066745 -0.184098
v -0.198287 -0.015850 -0.207582
v -0.201310 -0.016417 -0.205744
v -0.205084 -0.017481 -0.204426
v -0.209760 -0.019073 -0.203543
v -0.215493 -0.021224 -0.203008
v -0.222434 -0.023964 -0.202733
v -0.230737 -0.027325 -0.202631
v -0.208064 0.028458 -0.218974
v -0.211115 0.027564 -0.217035
v -0.214961 0.026250 -0.215645
v -0.219755 0.024471 -0.214713
v -0.225653 0.022181 -0.214148
v -0.232808 0.019332 -0.213858
v -0.241375 0.015879 -0.213751
v -0.218268 0.074708 -0.222771
v -0.221350 0.073471 -0.220798
v -0.225271 0.071897 -0.219384
v -0.230188 0.069923 -0.218437
v -0.236258 0.067487 -0.217862
v -0.243636 0.064525 -0.217567
v -0.252479 0.060976 -0.217458
v -0.228473 0.120957 -0.218974
v -0.231584 0.119378 -0.217035
v -0.235581 0.117544 -0.215645
v -0.240621 0.115375 -0.214713
v -0.246863 0.112793 -0.214148
v -0.254464 0.109718 -0.213858
v -0.263583 0.106072 -0.213751
v -0.238249 0.165266 -0.207582
v -0.241389 0.163359 -0.205744
v -0.245458 0.161275 -0.204426
v -0.250616 0.158920 -0.203543
v -0.257023 0.156198 -0.203008
v -0.264838 0.153015 -0.202733
v -0.274221 0.149276 -0.202631
v -0.247169 0.205694 -0.188596
v -0.250335 0.203488 -0.186926
v -0.254470 0.201176 -0.185729
v -0.259736 0.198650 -0.184927
v -0.266293 0.195800 -0.184440
v -0.274303 0.192519 -0.184190
v -0.283928 0.188696 -0.184098
v -0.260799 0.267467 -0.128157
v -0.264005 0.264805 -0.127022
v -0.268241 0.262145 -0.126208
v -0.273671 0.259358 -0.125663
v -0.280458 0.256314 -0.125333
v -0.288766 0.252881 -0.125163
v -0.298759 0.248930 -0.125100
v -0.265080 0.286873 -0.088602
v -0.268299 0.284066 -0.087817
v -0.272567 0.281298 -0.087255
v -0.278048 0.278429 -0.086878
v -0.284908 0.275323 -0.086650
v -0.293309 0.271843 -0.086532
v -0.303418 0.267851 -0.086489
v -0.267649 0.298516 -0.045250
v -0.270875 0.295623 -0.044850
v -0.275162 0.292789 -0.044562
v -0.280675 0.289871 -0.044370
v -0.287577 0.286729 -0.044253
v -0.296035 0.283220 -0.044193
v -0.306213 0.279204 -0.044171
v -0.268506 0.302397 -0.000000
v -0.271734 0.299476 -0.000000
v -0.276027 0.296620 -0.000000
v -0.281550 0.293685 -0.000000
v -0.288467 0.290531 -0.000000
v -0.296944 0.287013 -0.000000
v -0.307145 0.282988 -0.000000
v -0.267649 0.298516 0.045250
v -0.270875 0.295623 0.044850
v -0.275162 0.292789 0.044562
v -0.280675 0.289871 0.044370
v -0.287577 0.286729 0.044253
v -0.296035 0.283220 0.044193
v -0.306213 0.279204 0.044171
v -0.265080 0.286873 0.088602
v -0.268299 0.284066 0.087817
v -0.272567 0.281298 0.087255
v -0.278048 0.278429 0.086878
v -0.284908 0.275323 0.086650
v -0.293309 0.271843 0.086532
v -0.303418 0.267851 0.086489
v -0.260799 0.267467 0.128157
v -0.264005 0.264805 0.127022
v -0.268241 0.262145 0.126208
v -0.273671 0.259358 0.125663
v -0.280458 0.256314 0.125333
v -0.288766 0.252881 0.125163
v -0.298759 0.248930 0.125100
v -0.175738 -0.118052 0.128157
v -0.178695 -0.117863 0.127022
v -0.182301 -0.118351 0.126208
v -0.186706 -0.119512 0.125663
v -0.192058 -0.121340 0.125333
v -0.198506 -0.123831 0.125163
v -0.206199 -0.126978 0.125100
v -0.171456 -0.137457 0.088602
v -0.174401 -0.137125 0.087817
v -0.177975 -0.137504 0.087255
v -0.182328 -0.138583 0.086878
v -0.187608 -0.140350 0.086650
v -0.193962 -0.142793 0.086532
v -0.201540 -0.145900 0.086489
v -0.168887 -0.149100 0.045250
v -0.171824 -0.148682 0.044850
v -0.175380 -0.148995 0.044562
v -0.179702 -0.150025 0.044370
v -0.184938 -0.151755 0.044253
v -0.191236 -0.154170 0.044193
v -0.198745 -0.157253 0.044171
v -0.168031 -0.152981 0.000000
v -0.170965 -0.152534 0.000000
v -0.174515 -0.152826 -0.000000
v -0.178826 -0.153839 0.000000
v -0.184048 -0.155557 0.000000
v -0.190328 -0.157962 0.000000
v -0.197813 -0.161037 -0.000000
v -0.168887 -0.149100 -0.045250
v -0.171824 -0.148682 -0.044850
v -0.175380 -0.148995 -0.044562
v -0.179702 -0.150025 -0.044370
v -0.184938 -0.151755 -0.044253
v -0.191237 -0.154170 -0.044193
v -0.198745 -0.157253 -0.044171
v -0.171456 -0.137457 -0.088602
v -0.174401 -0.137125 -0.087817
v -0.177975 -0.137504 -0.087255
v -0.182328 -0.138583 -0.086878
v -0.187608 -0.140350 -0.086650
v -0.193962 -0.142793 -0.086532
v -0.201540 -0.145900 -0.086489
v -0.175738 -0.118052 -0.128157
v -0.178695 -0.117863 -0.127022
v -0.182301 -0.118351 -0.126208
v -0.186706 -0.119512 -0.125663
v -0.192058 -0.121340 -0.125333
v -0.198506 -0.123831 -0.125163
v -0.206199 -0.126978 -0.125100
v -0.247169 0.205694 0.188596
v -0.250335 0.203488 0.186926
v -0.254470 0.201176 0.185729
v -0.259736 0.198650 0.184927
v -0.266293 0.195801 0.184440
v -0.274303 0.192519 0.184190
v -0.283928 0.188696 0.184098
v -0.238249 0.165266 0.207582
v -0.241389 0.163359 0.205744
v -0.245458 0.161275 0.204426
v -0.250616 0.158920 0.203543
v -0.257023 0.156198 0.203008
v -0.264838 0.153015 0.202733
v -0.274221 0.149276 0.202631
v -0.228473 0.120957 0.218974
v -0.231584 0.119378 0.217035
v -0.235581 0.117544 0.215645
v -0.240621 0.115375 0.214713
v -0.246863 0.112793 0.214148
v -0.254464 0.109718 0.213858
v -0.263583 0.106072 0.213751
v -0.218268 0.074708 0.222771
v -0.221350 0.073471 0.220798
v -0.225271 0.071897 0.219384
v -0.230188 0.069923 0.218437
v -0.236258 0.067487 0.217862
v -0.243636 0.064525 0.217567
v -0.252479 0.060976 0.217458
v -0.208064 0.028458 0.218974
v -0.211115 0.027564 0.217035
v -0.214961 0.026250 0.215645
v -0.219755 0.024471 0.214713
v -0.225653 0.022181 0.214148
v -0.232808 0.019332 0.213858
v -0.241375 0.015879 0.213751
v -0.198287 -0.015850 0.207582
v -0.201310 -0.016417 0.205744
v -0.205084 -0.017481 0.204426
v -0.209760 -0.019073 0.203543
v -0.215493 -0.021224 0.203008
v -0.222434 -0.023964 0.202733
v -0.230737 -0.027325 0.202631
v -0.189367 -0.056278 0.188596
v -0.192364 -0.056546 0.186926
v -0.196072 -0.057382 0.185729
v -0.200640 -0.058804 0.184927
v -0.206222 -0.060827 0.184440
v -0.212969 -0.063468 0.184190
v -0.221030 -0.066745 0.184098
v -0.430171 0.097290 0.150565
v -0.431639 0.094919 0.149005
v -0.433711 0.092698 0.147888
v -0.436424 0.090529 0.147138
v -0.439819 0.088317 0.146684
v -0.443933 0.085965 0.146451
v -0.448806 0.083376 0.146365
v -0.419772 0.068061 0.165723
v -0.421367 0.066122 0.164006
v -0.423517 0.064214 0.162776
v -0.426268 0.062261 0.161951
v -0.429664 0.060188 0.161451
v -0.433752 0.057917 0.161194
v -0.438576 0.055374 0.161099
v -0.408375 0.036027 0.174817
v -0.410109 0.034560 0.173006
v -0.412345 0.032996 0.171709
v -0.415136 0.031280 0.170839
v -0.418535 0.029359 0.170311
v -0.422593 0.027178 0.170040
v -0.427363 0.024683 0.169940
v -0.396478 0.002590 0.177849
v -0.398357 0.001617 0.176006
v -0.400684 0.000411 0.174686
v -0.403518 -0.001058 0.173801
v -0.406919 -0.002821 0.173264
v -0.410946 -0.004908 0.172989
v -0.415660 -0.007352 0.172887
v -0.384582 -0.030847 0.174817
v -0.386605 -0.031327 0.173006
v -0.389022 -0.032175 0.171709
v -0.391899 -0.033396 0.170839
v -0.395302 -0.035000 0.170311
v -0.399299 -0.036995 0.170040
v -0.403957 -0.039386 0.169940
v -0.373185 -0.062881 0.165723
v -0.375347 -0.062889 0.164006
v -0.377850 -0.063393 0.162776
v -0.380767 -0.064378 0.161951
v -0.384173 -0.065830 0.161451
v -0.388141 -0.067734 0.161194
v -0.392745 -0.070077 0.161099
v -0.362786 -0.092109 0.150565
v -0.365075 -0.091686 0.149005
v -0.367656 -0.091876 0.147888
v -0.370611 -0.092645 0.147138
v -0.374019 -0.093959 0.146684
v -0.377960 -0.095782 0.146451
v -0.382515 -0.098079 0.146365
v -0.362786 -0.092109 -0.150565
v -0.365075 -0.091686 -0.149005
v -0.367656 -0.091876 -0.147888
v -0.370611 -0.092645 -0.147138
v -0.374019 -0.093959 -0.146684
v -0.377960 -0.095782 -0.146451
v -0.382515 -0.098079 -0.146365
v -0.373185 -0.062881 -0.165723
v -0.375347 -0.062889 -0.164006
v -0.377850 -0.063393 -0.162776
v -0.380767 -0.064378 -0.161951
v -0.384173 -0.065830 -0.161451
v -0.388141 -0.067734 -0.161194
v -0.392745 -0.070077 -0.161099
v -0.384582 -0.030847 -0.174817
v -0.386605 -0.031327 -0.173006
v -0.389022 -0.032175 -0.171709
v -0.391899 -0.033396 -0.170839
v -0.395302 -0.035001 -0.170311
v -0.399299 -0.036995 -0.170040
v -0.403957 -0.039386 -0.169940
v -0.396478 0.002590 -0.177849
v -0.398357 0.001616 -0.176006
v -0.400684 0.000411 -0.174686
v -0.403518 -0.001058 -0.173801
v -0.406919 -0.002821 -0.173264
v -0.410946 -0.004908 -0.172989
v -0.415660 -0.007352 -0.172887
v -0.408375 0.036027 -0.174817
v -0.410109 0.034560 -0.173006
v -0.412345 0.032996 -0.171709
v -0.415137 0.031280 -0.170839
v -0.418535 0.029359 -0.170311
v -0.422593 0.027178 -0.170040
v -0.427364 0.024683 -0.169940
v -0.419772 0.068061 -0.165723
v -0.421367 0.066122 -0.164006
v -0.423517 0.064214 -0.162776
v -0.426268 0.062261 -0.161951
v -0.429664 0.060188 -0.161451
v -0.433752 0.057917 -0.161194
v -0.438576 0.055374 -0.161099
v -0.430171 0.097290 -0.150565
v -0.431639 0.094919 -0.149005
v -0.433711 0.092698 -0.147888
v -0.436424 0.090529 -0.147138
v -0.439819 0.088317 -0.146684
v -0.443933 0.085965 -0.146451
v -0.448806 0.083376 -0.146365
v -0.446060 0.141950 -0.102314
v -0.447335 0.138921 -0.101254
v -0.449287 0.136221 -0.100494
v -0.451943 0.133722 -0.099985
v -0.455334 0.131298 -0.099676
v -0.459489 0.128821 -0.099518
v -0.464438 0.126164 -0.099459
v -0.451051 0.155980 -0.070735
v -0.452266 0.152744 -0.070003
v -0.454180 0.149893 -0.069477
v -0.456818 0.147291 -0.069125
v -0.460209 0.144800 -0.068912
v -0.464376 0.142284 -0.068802
v -0.469348 0.139605 -0.068762
v -0.454046 0.164398 -0.036126
v -0.455225 0.161037 -0.035751
v -0.457115 0.158096 -0.035483
v -0.459743 0.155432 -0.035303
v -0.463133 0.152901 -0.035194
v -0.467308 0.150361 -0.035138
v -0.472294 0.147670 -0.035118
v -0.455044 0.167204 0.000000
v -0.456211 0.163802 0.000000
v -0.458094 0.160830 0.000000
v -0.460718 0.158145 -0.000000
v -0.464108 0.155601 0.000000
v -0.468286 0.153054 0.000000
v -0.473276 0.150358 0.000000
v -0.454046 0.164398 0.036126
v -0.455225 0.161037 0.035751
v -0.457116 0.158096 0.035483
v -0.459743 0.155432 0.035303
v -0.463133 0.152901 0.035194
v -0.467308 0.150361 0.035138
v -0.472294 0.147670 0.035118
v -0.451051 0.155980 0.070735
v -0.452266 0.152744 0.070003
v -0.454180 0.149893 0.069477
v -0.456818 0.147291 0.069125
v -0.460208 0.144800 0.068912
v -0.464376 0.142284 0.068802
v -0.469348 0.139605 0.068762
v -0.446060 0.141950 0.102314
v -0.447335 0.138921 0.101254
v -0.449287 0.136221 0.100494
v -0.451943 0.133722 0.099985
v -0.455334 0.131298 0.099676
v -0.459489 0.128821 0.099518
v -0.464438 0.126164 0.099459
v -0.346897 -0.136770 0.102314
v -0.349379 -0.135688 0.101254
v -0.352080 -0.135399 0.100494
v -0.355092 -0.135838 0.099985
v -0.358503 -0.136940 0.099676
v -0.362403 -0.138638 0.099518
v -0.366883 -0.140867 0.099459
v -0.341906 -0.150800 0.070735
v -0.344448 -0.149511 0.070003
v -0.347187 -0.149071 0.069477
v -0.350217 -0.149407 0.069125
v -0.353629 -0.150442 0.068912
v -0.357516 -0.152101 0.068802
v -0.361972 -0.154308 0.068762
v -0.338911 -0.159217 0.036126
v -0.341489 -0.157804 0.035751
v -0.344252 -0.157275 0.035483
v -0.347292 -0.157548 0.035303
v -0.350704 -0.158543 0.035194
v -0.354584 -0.160178 0.035138
v -0.359026 -0.162373 0.035118
v -0.337912 -0.162023 -0.000000
v -0.340503 -0.160569 -0.000000
v -0.343273 -0.160009 -0.000000
v -0.346317 -0.160262 0.000000
v -0.349730 -0.161243 -0.000000
v -0.353607 -0.162871 0.000000
v -0.358044 -0.165061 0.000000
v -0.338911 -0.159217 -0.036126
v -0.341489 -0.157804 -0.035751
v -0.344252 -0.157275 -0.035483
v -0.347292 -0.157548 -0.035303
v -0.350704 -0.158543 -0.035194
v -0.354584 -0.160178 -0.035138
v -0.359026 -0.162373 -0.035118
v -0.341906 -0.150800 -0.070735
v -0.344448 -0.149511 -0.070003
v -0.347187 -0.149071 -0.069477
v -0.350217 -0.149407 -0.069125
v -0.353629 -0.150442 -0.068912
v -0.357516 -0.152101 -0.068802
v -0.361972 -0.154308 -0.068762
v -0.346897 -0.136770 -0.102314
v -0.349379 -0.135688 -0.101254
v -0.352080 -0.135399 -0.100494
v -0.355092 -0.135838 -0.099985
v -0.358503 -0.136940 -0.099676
v -0.362403 -0.138638 -0.099518
v -0.366883 -0.140867 -0.099459
v -0.468358 -0.101627 -0.085616
v -0.471110 -0.101018 -0.082084
v -0.474245 -0.101113 -0.079112
v -0.477892 -0.101884 -0.076534
v -0.482178 -0.103301 -0.074184
v -0.487233 -0.105334 -0.071895
v -0.493186 -0.107954 -0.069502
v -0.475112 -0.084806 -0.094235
v -0.477620 -0.084831 -0.090347
v -0.480552 -0.085461 -0.087076
v -0.484027 -0.086697 -0.084239
v -0.488161 -0.088540 -0.081652
v -0.493072 -0.090989 -0.079133
v -0.498875 -0.094046 -0.076499
v -0.482514 -0.066371 -0.099407
v -0.484754 -0.067091 -0.095305
v -0.487465 -0.068307 -0.091855
v -0.490752 -0.070053 -0.088862
v -0.494719 -0.072362 -0.086133
v -0.499471 -0.075267 -0.083476
v -0.505111 -0.078802 -0.080697
v -0.490240 -0.047128 -0.101130
v -0.492201 -0.048573 -0.096958
v -0.494680 -0.050401 -0.093447
v -0.497771 -0.052680 -0.090402
v -0.501563 -0.055476 -0.087627
v -0.506150 -0.058857 -0.084923
v -0.511620 -0.062890 -0.082096
v -0.497967 -0.027885 -0.099407
v -0.499647 -0.030056 -0.095305
v -0.501896 -0.032496 -0.091855
v -0.504790 -0.035307 -0.088862
v -0.508408 -0.038590 -0.086133
v -0.512829 -0.042446 -0.083476
v -0.518129 -0.046978 -0.080697
v -0.505369 -0.009450 -0.094235
v -0.506782 -0.012315 -0.090347
v -0.508808 -0.015342 -0.087076
v -0.511514 -0.018662 -0.084239
v -0.514966 -0.022412 -0.081652
v -0.519227 -0.026724 -0.079133
v -0.524365 -0.031734 -0.076499
v -0.512123 0.007371 -0.085616
v -0.513291 0.003871 -0.082084
v -0.515115 0.000310 -0.079112
v -0.517650 -0.003476 -0.076534
v -0.520949 -0.007651 -0.074184
v -0.525066 -0.012380 -0.071895
v -0.530055 -0.017825 -0.069502
v -0.522443 0.033073 -0.058179
v -0.523237 0.028604 -0.055778
v -0.524752 0.024226 -0.053759
v -0.527025 0.019729 -0.052007
v -0.530091 0.014903 -0.050410
v -0.533987 0.009539 -0.048855
v -0.538748 0.003427 -0.047229
v -0.525684 0.041147 -0.040222
v -0.526362 0.036374 -0.038563
v -0.527780 0.031739 -0.037167
v -0.529970 0.027018 -0.035956
v -0.532963 0.021988 -0.034852
v -0.536789 0.016425 -0.033776
v -0.541479 0.010103 -0.032652
v -0.527630 0.045991 -0.020542
v -0.528236 0.041035 -0.019695
v -0.529596 0.036247 -0.018982
v -0.531737 0.031392 -0.018363
v -0.534686 0.026239 -0.017799
v -0.538470 0.020556 -0.017250
v -0.543118 0.014109 -0.016676
v -0.528278 0.047606 -0.000000
v -0.528861 0.042589 -0.000000
v -0.530202 0.037749 -0.000000
v -0.532326 0.032850 -0.000000
v -0.535260 0.027656 -0.000000
v -0.539031 0.021933 -0.000000
v -0.543664 0.015444 -0.000000
v -0.527629 0.045991 0.020542
v -0.528236 0.041035 0.019695
v -0.529596 0.036247 0.018981
v -0.531737 0.031392 0.018363
v -0.534686 0.026239 0.017799
v -0.538470 0.020556 0.017250
v -0.543118 0.014109 0.016676
v -0.525684 0.041147 0.040222
v -0.526362 0.036374 0.038563
v -0.527780 0.031739 0.037167
v -0.529970 0.027018 0.035956
v -0.532963 0.021988 0.034851
v -0.536789 0.016425 0.033776
v -0.541479 0.010103 0.032652
v -0.522443 0.033073 0.058179
v -0.523237 0.028604 0.055778
v -0.524752 0.024226 0.053759
v -0.527025 0.019729 0.052007
v -0.530091 0.014903 0.050410
v -0.533986 0.009539 0.048855
v -0.538748 0.003427 0.047229
v -0.458038 -0.127329 0.058179
v -0.461164 -0.125751 0.055778
v -0.464608 -0.125029 0.053759
v -0.468517 -0.125089 0.052007
v -0.473036 -0.125855 0.050410
v -0.478313 -0.127253 0.048855
v -0.484492 -0.129207 0.047229
v -0.454796 -0.135403 0.040222
v -0.458039 -0.133520 0.038563
v -0.461581 -0.132542 0.037167
v -0.465572 -0.132378 0.035956
v -0.470164 -0.132940 0.034851
v -0.475510 -0.134138 0.033776
v -0.481761 -0.135883 0.032652
v -0.452851 -0.140247 0.020542
v -0.456165 -0.138182 0.019695
v -0.459764 -0.137049 0.018981
v -0.463805 -0.136752 0.018363
v -0.468441 -0.137191 0.017799
v -0.473829 -0.138270 0.017250
v -0.480122 -0.139889 0.016676
v -0.452203 -0.141862 -0.000000
v -0.455540 -0.139736 -0.000000
v -0.459159 -0.138552 -0.000000
v -0.463216 -0.138210 -0.000000
v -0.467867 -0.138608 -0.000000
v -0.473268 -0.139647 -0.000000
v -0.479576 -0.141224 -0.000000
v -0.452851 -0.140247 -0.020542
v -0.456165 -0.138182 -0.019695
v -0.459764 -0.137049 -0.018982
v -0.463805 -0.136752 -0.018363
v -0.468441 -0.137191 -0.017799
v -0.473829 -0.138270 -0.017250
v -0.480122 -0.139889 -0.016676
v -0.454796 -0.135403 -0.040222
v -0.458039 -0.133520 -0.038563
v -0.461581 -0.132542 -0.037167
v -0.465572 -0.132378 -0.035956
v -0.470164 -0.132940 -0.034852
v -0.475510 -0.134138 -0.033776
v -0.481761 -0.135883 -0.032652
v -0.458038 -0.127329 -0.058179
v -0.461164 -0.125751 -0.055778
v -0.464608 -0.125029 -0.053759
v -0.468517 -0.125089 -0.052007
v -0.473036 -0.125855 -0.050410
v -0.478313 -0.127253 -0.048855
v -0.484492 -0.129207 -0.047229
v -0.512123 0.007371 0.085616
v -0.513291 0.003871 0.082084
v -0.515115 0.000310 0.079112
v -0.517650 -0.003476 0.076534
v -0.520949 -0.007651 0.074184
v -0.525066 -0.012380 0.071895
v -0.530055 -0.017825 0.069502
v -0.505369 -0.009450 0.094235
v -0.506782 -0.012315 0.090347
v -0.508808 -0.015342 0.087076
v -0.511514 -0.018662 0.084239
v -0.514966 -0.022412 0.081652
v -0.519227 -0.026724 0.079133
v -0.524365 -0.031734 0.076499
v -0.497967 -0.027885 0.099406
v -0.499647 -0.030056 0.095305
v -0.501896 -0.032496 0.091855
v -0.504790 -0.035307 0.088862
v -0.508408 -0.038590 0.086133
v -0.512828 -0.042446 0.083476
v -0.518129 -0.046978 0.080697
v -0.490240 -0.047128 0.101130
v -0.492201 -0.048573 0.096958
v -0.494680 -0.050401 0.093447
v -0.497771 -0.052680 0.090402
v -0.501563 -0.055476 0.087627
v -0.506150 -0.058857 0.084923
v -0.511620 -0.062890 0.082096
v -0.482514 -0.066371 0.099406
v -0.484754 -0.067091 0.095305
v -0.487465 -0.068307 0.091855
v -0.490752 -0.070053 0.088862
v -0.494719 -0.072362 0.086133
v -0.499471 -0.075267 0.083476
v -0.505111 -0.078802 0.080697
v -0.475112 -0.084806 0.094235
v -0.477620 -0.084831 0.090347
v -0.480552 -0.085461 0.087076
v -0.484027 -0.086697 0.084239
v -0.488161 -0.088540 0.081652
v -0.493072 -0.090989 0.079133
v -0.498875 -0.094046 0.076499
v -0.468358 -0.101627 0.085616
v -0.471110 -0.101018 0.082084
v -0.474245 -0.101113 0.079112
v -0.477892 -0.101884 0.076534
v -0.482178 -0.103301 0.074184
v -0.487233 -0.105334 0.071895
v -0.493186 -0.107954 0.069502
vn 0.6689 -0.5898 0.4524
vn 0.8454 0.2700 0.4609
vn 0.6689 -0.5898 -0.4524
vn 0.8454 0.2700 -0.4609
vn -0.0000 -0.6653 -0.7466
vn -0.0000 0.6655 -0.7464
vn -0.0000 -0.6653 0.7466
vn -0.0000 0.6655 0.7464
vn 0.3202 0.6312 -0.7064
vn 0.3388 -0.6829 -0.6472
vn 0.3388 -0.6829 0.6472
vn 0.3202 0.6312 0.7064
vn 0.7659 -0.5763 0.2850
vn 0.9573 -0.0320 0.2872
vn 0.7659 -0.5763 -0.2850
vn 0.9573 -0.0320 -0.2872
vn 0.5196 0.5170 -0.6803
vn 0.0940 -0.7247 -0.6827
vn 0.0940 -0.7247 0.6827
vn 0.5196 0.5170 0.6803
vn 0.8062 -0.5518 0.2135
vn 0.9646 -0.1741 0.1979
vn 0.8062 -0.5518 -0.2135
vn 0.9646 -0.1741 -0.1979
vn 0.8350 0.2241 -0.5026
vn 0.4259 -0.7410 -0.5191
vn 0.4259 -0.7410 0.5191
vn 0.8350 0.2241 0.5026
vn 0.4109 -0.7310 0.5447
vn 0.8719 0.0924 0.4808
vn 0.4109 -0.7310 -0.5447
vn 0.8719 0.0924 -0.4808
vn -0.2653 -0.6406 0.7206
vn 0.2523 0.6449 0.7214
vn -0.2653 -0.6406 -0.7206
vn 0.2523 0.6449 -0.7214
vn 0.3305 0.6393 0.6943
vn 0.3305 0.6393 -0.6943
vn -0.3319 -0.6387 -0.6942
vn -0.3320 -0.6387 0.6942
vn -0.0511 -0.7120 0.7004
vn 0.6840 0.3727 0.6271
vn -0.0511 -0.7120 -0.7004
vn 0.6840 0.3727 -0.6271
vn -0.6689 -0.5898 0.4524
vn -0.8454 0.2700 0.4609
vn -0.6689 -0.5898 -0.4524
vn -0.8454 0.2700 -0.4609
vn -0.3202 0.6312 -0.7064
vn -0.3388 -0.6829 -0.6472
vn -0.3388 -0.6829 0.6472
vn -0.3202 0.6312 0.7064
vn -0.7659 -0.5763 0.2850
vn -0.9573 -0.0320 0.2872
vn -0.7659 -0.5763 -0.2850
vn -0.9573 -0.0320 -0.2872
vn -0.5196 0.5170 -0.6803
vn -0.0940 -0.7247 -0.6826
vn -0.0940 -0.7247 0.6826
vn -0.5196 0.5170 0.6803
vn -0.8062 -0.5518 0.2135
vn -0.9646 -0.1741 0.1979
vn -0.8062 -0.5518 -0.2135
vn -0.9646 -0.1741 -0.1979
vn -0.8350 0.2241 -0.5026
vn -0.4259 -0.7410 -0.5191
vn -0.4259 -0.7410 0.5191
vn -0.8350 0.2241 0.5026
vn -0.4109 -0.7310 0.5447
vn -0.8719 0.0924 0.4808
vn -0.4109 -0.7310 -0.5447
vn -0.8719 0.0924 -0.4808
vn 0.2653 -0.6406 0.7206
vn -0.2523 0.6449 0.7214
vn 0.2653 -0.6406 -0.7206
vn -0.2523 0.6449 -0.7214
vn -0.3305 0.6393 0.6943
vn -0.3305 0.6393 -0.6943
vn 0.3319 -0.6387 -0.6942
vn 0.3320 -0.6387 0.6942
vn 0.0511 -0.7120 0.7004
vn -0.6840 0.3727 0.6271
vn 0.0511 -0.7120 -0.7004
vn -0.6840 0.3727 -0.6271
vn 0.0355 0.6654 -0.7456
vn 0.0689 0.6654 -0.7433
vn 0.1010 0.6652 -0.7398
vn 0.1333 0.6645 -0.7353
vn 0.1677 0.6625 -0.7301
vn 0.2066 0.6580 -0.7241
vn 0.2549 0.6490 -0.7168
vn 0.2825 0.4602 -0.8417
vn 0.2508 0.2871 -0.9245
vn 0.2308 0.1218 -0.9653
vn 0.2245 -0.0383 -0.9737
vn 0.2329 -0.1985 -0.9520
vn 0.2566 -0.3628 -0.8959
vn 0.2939 -0.5291 -0.7960
vn 0.3809 -0.7957 0.4709
vn 0.4129 -0.8598 0.3004
vn 0.4324 -0.8899 0.1453
vn 0.4389 -0.8985 -0.0000
vn 0.4324 -0.8899 -0.1453
vn 0.4129 -0.8598 -0.3004
vn 0.3809 -0.7957 -0.4709
vn 0.3537 0.7694 -0.5319
vn 0.3766 0.8580 -0.3493
vn 0.3894 0.9048 -0.1722
vn 0.3934 0.9193 -0.0000
vn 0.3894 0.9048 0.1722
vn 0.3766 0.8580 0.3493
vn 0.3537 0.7694 0.5319
vn 0.2825 0.4602 0.8417
vn 0.2508 0.2871 0.9245
vn 0.2308 0.1218 0.9653
vn 0.2245 -0.0383 0.9737
vn 0.2329 -0.1985 0.9520
vn 0.2566 -0.3628 0.8959
vn 0.2939 -0.5291 0.7960
vn 0.0262 -0.6662 0.7453
vn 0.0529 -0.6690 0.7414
vn 0.0814 -0.6731 0.7350
vn 0.1133 -0.6781 0.7262
vn 0.1506 -0.6832 0.7146
vn 0.1967 -0.6872 0.6993
vn 0.2569 -0.6884 0.6783
vn 0.2569 -0.6884 -0.6783
vn 0.1967 -0.6872 -0.6993
vn 0.1506 -0.6832 -0.7146
vn 0.1133 -0.6781 -0.7262
vn 0.0814 -0.6731 -0.7350
vn 0.0529 -0.6690 -0.7414
vn 0.0262 -0.6662 -0.7453
vn 0.2549 0.6490 0.7168
vn 0.2066 0.6580 0.7241
vn 0.1677 0.6625 0.7301
vn 0.1333 0.6645 0.7353
vn 0.1010 0.6652 0.7398
vn 0.0689 0.6654 0.7433
vn 0.0355 0.6654 0.7456
vn -0.0000 0.8198 -0.5726
vn -0.0000 0.9243 -0.3818
vn -0.0000 0.9818 -0.1899
vn -0.0000 1.0000 -0.0000
vn -0.0000 0.9818 0.1899
vn -0.0000 0.9243 0.3818
vn -0.0000 0.8198 0.5726
vn -0.0000 -0.8199 -0.5725
vn -0.0000 -0.9243 -0.3816
vn -0.0000 -0.9818 -0.1898
vn -0.0000 -1.0000 -0.0000
vn -0.0000 -0.9818 0.1898
vn -0.0000 -0.9243 0.3816
vn -0.0000 -0.8199 0.5725
vn -0.0000 0.4848 0.8746
vn -0.0000 0.3111 0.9504
vn -0.0000 0.1516 0.9884
vn -0.0000 0.0004 1.0000
vn -0.0000 -0.1508 0.9886
vn -0.0000 -0.3105 0.9506
vn -0.0000 -0.4844 0.8748
vn -0.0000 0.4848 -0.8746
vn -0.0000 0.3111 -0.9504
vn -0.0000 0.1516 -0.9884
vn -0.0000 0.0004 -1.0000
vn -0.0000 -0.1508 -0.9886
vn -0.0000 -0.3105 -0.9506
vn -0.0000 -0.4844 -0.8748
vn 0.8282 0.1502 -0.5399
vn 0.8095 0.0357 -0.5861
vn 0.7915 -0.0695 -0.6072
vn 0.7739 -0.1682 -0.6106
vn 0.7550 -0.2653 -0.5997
vn 0.7327 -0.3661 -0.5736
vn 0.7046 -0.4750 -0.5271
vn 0.6288 -0.6931 0.3524
vn 0.5945 -0.7678 0.2390
vn 0.5720 -0.8114 0.1203
vn 0.5643 -0.8256 -0.0000
vn 0.5720 -0.8114 -0.1203
vn 0.5945 -0.7678 -0.2390
vn 0.6288 -0.6931 -0.3524
vn 0.8553 0.3768 -0.3556
vn 0.8584 0.4539 -0.2392
vn 0.8583 0.4989 -0.1199
vn 0.8580 0.5136 -0.0000
vn 0.8583 0.4989 0.1199
vn 0.8584 0.4539 0.2392
vn 0.8553 0.3768 0.3556
vn 0.8282 0.1502 0.5399
vn 0.8095 0.0357 0.5861
vn 0.7915 -0.0695 0.6072
vn 0.7739 -0.1682 0.6106
vn 0.7550 -0.2653 0.5997
vn 0.7327 -0.3661 0.5736
vn 0.7046 -0.4750 0.5271
vn 0.4081 0.5993 -0.6886
vn 0.5177 0.5473 -0.6576
vn 0.6424 0.4694 -0.6058
vn 0.7639 0.3674 -0.5306
vn 0.8564 0.2608 -0.4456
vn 0.9042 0.1866 -0.3841
vn 0.9048 0.1838 -0.3841
vn 0.7886 -0.5094 -0.3443
vn 0.8207 -0.4806 -0.3089
vn 0.8003 -0.4982 -0.3337
vn 0.7424 -0.5417 -0.3942
vn 0.6554 -0.5921 -0.4689
vn 0.5504 -0.6357 -0.5412
vn 0.4406 -0.6662 -0.6017
vn 0.7886 -0.5094 0.3443
vn 0.8207 -0.4806 0.3089
vn 0.8003 -0.4982 0.3337
vn 0.7424 -0.5417 0.3942
vn 0.6554 -0.5921 0.4689
vn 0.5504 -0.6357 0.5412
vn 0.4406 -0.6662 0.6017
vn 0.4081 0.5993 0.6886
vn 0.5177 0.5473 0.6576
vn 0.6424 0.4694 0.6058
vn 0.7639 0.3674 0.5306
vn 0.8564 0.2608 0.4456
vn 0.9042 0.1866 0.3841
vn 0.9048 0.1838 0.3841
vn 0.4484 0.3655 -0.8157
vn 0.3783 0.2101 -0.9015
vn 0.3159 0.0599 -0.9469
vn 0.2617 -0.0874 -0.9612
vn 0.2142 -0.2370 -0.9476
vn 0.1713 -0.3942 -0.9029
vn 0.1311 -0.5605 -0.8177
vn 0.0654 -0.8566 0.5117
vn 0.0483 -0.9409 0.3351
vn 0.0400 -0.9855 0.1649
vn 0.0375 -0.9993 -0.0000
vn 0.0400 -0.9855 -0.1649
vn 0.0483 -0.9409 -0.3351
vn 0.0654 -0.8566 -0.5117
vn 0.5768 0.6384 -0.5096
vn 0.6131 0.7161 -0.3337
vn 0.6323 0.7572 -0.1642
vn 0.6382 0.7699 -0.0000
vn 0.6323 0.7572 0.1642
vn 0.6131 0.7160 0.3337
vn 0.5768 0.6384 0.5096
vn 0.4484 0.3655 0.8157
vn 0.3783 0.2101 0.9015
vn 0.3159 0.0599 0.9469
vn 0.2617 -0.0874 0.9612
vn 0.2142 -0.2370 0.9476
vn 0.1713 -0.3942 0.9029
vn 0.1312 -0.5605 0.8177
vn 0.9269 -0.0850 -0.3655
vn 0.8923 -0.1484 -0.4263
vn 0.8585 -0.2187 -0.4638
vn 0.8289 -0.2936 -0.4762
vn 0.8051 -0.3705 -0.4632
vn 0.7875 -0.4463 -0.4251
vn 0.7750 -0.5168 -0.3638
vn 0.7593 -0.6183 0.2028
vn 0.7560 -0.6419 0.1283
vn 0.7546 -0.6532 0.0619
vn 0.7543 -0.6565 -0.0000
vn 0.7546 -0.6532 -0.0619
vn 0.7560 -0.6419 -0.1283
vn 0.7593 -0.6183 -0.2028
vn 0.9787 0.0062 -0.2051
vn 0.9911 0.0286 -0.1303
vn 0.9972 0.0396 -0.0631
vn 0.9991 0.0429 -0.0000
vn 0.9972 0.0396 0.0631
vn 0.9911 0.0286 0.1303
vn 0.9787 0.0062 0.2051
vn 0.9269 -0.0850 0.3656
vn 0.8923 -0.1484 0.4263
vn 0.8586 -0.2187 0.4637
vn 0.8289 -0.2936 0.4762
vn 0.8051 -0.3705 0.4632
vn 0.7875 -0.4463 0.4251
vn 0.7750 -0.5168 0.3638
vn 0.6356 0.4349 -0.6379
vn 0.7550 0.3242 -0.5699
vn 0.8562 0.1949 -0.4785
vn 0.9238 0.0665 -0.3770
vn 0.9571 -0.0380 -0.2872
vn 0.9679 -0.1002 -0.2304
vn 0.9688 -0.1044 -0.2249
vn 0.8275 -0.5193 -0.2135
vn 0.8319 -0.5139 -0.2096
vn 0.7970 -0.5470 -0.2562
vn 0.7222 -0.6030 -0.3389
vn 0.6025 -0.6643 -0.4423
vn 0.4426 -0.7115 -0.5458
vn 0.2628 -0.7314 -0.6293
vn 0.8275 -0.5193 0.2135
vn 0.8319 -0.5139 0.2096
vn 0.7970 -0.5470 0.2562
vn 0.7222 -0.6030 0.3389
vn 0.6025 -0.6643 0.4423
vn 0.4426 -0.7115 0.5458
vn 0.2628 -0.7314 0.6293
vn 0.6356 0.4349 0.6379
vn 0.7550 0.3242 0.5699
vn 0.8562 0.1949 0.4785
vn 0.9238 0.0665 0.3770
vn 0.9571 -0.0380 0.2872
vn 0.9679 -0.1002 0.2304
vn 0.9688 -0.1044 0.2249
vn 0.7885 0.1040 -0.6061
vn 0.7383 -0.0185 -0.6742
vn 0.6889 -0.1370 -0.7118
vn 0.6405 -0.2528 -0.7251
vn 0.5919 -0.3694 -0.7164
vn 0.5406 -0.4904 -0.6835
vn 0.4849 -0.6169 -0.6200
vn 0.3731 -0.8413 0.3912
vn 0.3352 -0.9062 0.2578
vn 0.3132 -0.9411 0.1275
vn 0.3060 -0.9520 -0.0000
vn 0.3132 -0.9411 -0.1275
vn 0.3352 -0.9062 -0.2578
vn 0.3731 -0.8413 -0.3912
vn 0.8689 0.3224 -0.3755
vn 0.8883 0.3877 -0.2461
vn 0.8976 0.4237 -0.1214
vn 0.9004 0.4351 -0.0000
vn 0.8976 0.4237 0.1214
vn 0.8883 0.3877 0.2461
vn 0.8689 0.3224 0.3755
vn 0.7885 0.1040 0.6061
vn 0.7383 -0.0185 0.6742
vn 0.6889 -0.1370 0.7118
vn 0.6405 -0.2528 0.7251
vn 0.5919 -0.3694 0.7164
vn 0.5406 -0.4904 0.6835
vn 0.4849 -0.6169 0.6200
vn 0.9460 -0.2204 -0.2377
vn 0.9266 -0.2668 -0.2649
vn 0.9077 -0.3119 -0.2808
vn 0.8891 -0.3562 -0.2874
vn 0.8703 -0.4013 -0.2855
vn 0.8505 -0.4488 -0.2742
vn 0.8291 -0.4996 -0.2510
vn 0.7842 -0.5982 0.1649
vn 0.7672 -0.6316 0.1113
vn 0.7569 -0.6511 0.0559
vn 0.7534 -0.6575 -0.0000
vn 0.7569 -0.6511 -0.0559
vn 0.7672 -0.6316 -0.1113
vn 0.7842 -0.5982 -0.1649
vn 0.9796 -0.1339 -0.1499
vn 0.9894 -0.1053 -0.0998
vn 0.9948 -0.0886 -0.0497
vn 0.9965 -0.0832 -0.0000
vn 0.9948 -0.0886 0.0497
vn 0.9894 -0.1053 0.0998
vn 0.9796 -0.1339 0.1499
vn 0.9460 -0.2204 0.2377
vn 0.9266 -0.2668 0.2649
vn 0.9077 -0.3119 0.2808
vn 0.8891 -0.3562 0.2874
vn 0.8703 -0.4013 0.2855
vn 0.8505 -0.4488 0.2742
vn 0.8291 -0.4996 0.2510
vn 0.9159 0.0719 -0.3949
vn 0.9540 -0.0550 -0.2946
vn 0.9652 -0.1466 -0.2168
vn 0.9647 -0.2065 -0.1633
vn 0.9617 -0.2395 -0.1331
vn 0.9606 -0.2478 -0.1261
vn 0.9626 -0.2286 -0.1455
vn 0.8506 -0.5036 -0.1512
vn 0.8657 -0.4841 -0.1270
vn 0.8631 -0.4878 -0.1310
vn 0.8447 -0.5111 -0.1590
vn 0.8058 -0.5532 -0.2114
vn 0.7347 -0.6127 -0.2913
vn 0.6120 -0.6828 -0.3992
vn 0.8506 -0.5036 0.1512
vn 0.8657 -0.4841 0.1270
vn 0.8631 -0.4878 0.1310
vn 0.8447 -0.5111 0.1590
vn 0.8058 -0.5532 0.2114
vn 0.7347 -0.6127 0.2913
vn 0.6120 -0.6828 0.3992
vn 0.9159 0.0719 0.3949
vn 0.9540 -0.0550 0.2946
vn 0.9652 -0.1466 0.2168
vn 0.9647 -0.2065 0.1633
vn 0.9617 -0.2395 0.1331
vn 0.9606 -0.2478 0.1261
vn 0.9626 -0.2286 0.1455
vn 0.8518 0.0058 -0.5238
vn 0.8188 -0.0933 -0.5665
vn 0.7746 -0.2008 -0.5998
vn 0.7173 -0.3176 -0.6202
vn 0.6490 -0.4354 -0.6239
vn 0.5742 -0.5456 -0.6105
vn 0.4928 -0.6465 -0.5825
vn 0.4164 -0.7940 0.4429
vn 0.4190 -0.8519 0.3142
vn 0.4199 -0.8923 0.1657
vn 0.4204 -0.9074 -0.0000
vn 0.4199 -0.8923 -0.1657
vn 0.4190 -0.8519 -0.3142
vn 0.4164 -0.7940 -0.4429
vn 0.9168 0.1149 -0.3824
vn 0.9541 0.1362 -0.2667
vn 0.9787 0.1511 -0.1391
vn 0.9877 0.1565 -0.0000
vn 0.9787 0.1511 0.1391
vn 0.9541 0.1362 0.2667
vn 0.9168 0.1149 0.3824
vn 0.8518 0.0058 0.5238
vn 0.8188 -0.0933 0.5665
vn 0.7746 -0.2008 0.5998
vn 0.7173 -0.3176 0.6202
vn 0.6490 -0.4354 0.6239
vn 0.5742 -0.5456 0.6105
vn 0.4928 -0.6465 0.5825
vn -0.2613 -0.6417 0.7211
vn -0.2502 -0.6451 0.7220
vn -0.2323 -0.6508 0.7229
vn -0.2063 -0.6591 0.7232
vn -0.1693 -0.6704 0.7224
vn -0.1154 -0.6856 0.7188
vn -0.0333 -0.7048 0.7086
vn 0.2564 0.6439 0.7209
vn 0.2708 0.6396 0.7194
vn 0.3011 0.6299 0.7159
vn 0.3554 0.6106 0.7077
vn 0.4434 0.5738 0.6886
vn 0.5699 0.5071 0.6466
vn 0.7192 0.4001 0.5680
vn -0.2613 -0.6417 -0.7211
vn -0.2502 -0.6451 -0.7220
vn -0.2323 -0.6508 -0.7229
vn -0.2063 -0.6591 -0.7232
vn -0.1693 -0.6704 -0.7224
vn -0.1154 -0.6856 -0.7188
vn -0.0333 -0.7048 -0.7086
vn 0.2564 0.6439 -0.7209
vn 0.2708 0.6396 -0.7194
vn 0.3011 0.6299 -0.7159
vn 0.3554 0.6106 -0.7077
vn 0.4434 0.5738 -0.6886
vn 0.5699 0.5071 -0.6466
vn 0.7192 0.4001 -0.5680
vn 0.3391 0.6353 0.6938
vn 0.3629 0.6240 0.6920
vn 0.4011 0.6046 0.6881
vn 0.4545 0.5748 0.6804
vn 0.5253 0.5301 0.6657
vn 0.6154 0.4630 0.6379
vn 0.7236 0.3629 0.5872
vn 0.3391 0.6355 -0.6936
vn 0.3697 0.6212 -0.6910
vn 0.4307 0.5899 -0.6831
vn 0.5298 0.5302 -0.6620
vn 0.6639 0.4279 -0.6133
vn 0.8046 0.2796 -0.5238
vn 0.9086 0.1107 -0.4026
vn -0.3225 -0.6428 -0.6948
vn -0.2878 -0.6572 -0.6966
vn -0.2141 -0.6839 -0.6975
vn -0.0810 -0.7205 -0.6888
vn 0.1274 -0.7495 -0.6496
vn 0.3862 -0.7365 -0.5553
vn 0.6185 -0.6666 -0.4160
vn -0.3222 -0.6428 0.6949
vn -0.2951 -0.6543 0.6963
vn -0.2502 -0.6719 0.6971
vn -0.1841 -0.6949 0.6952
vn -0.0902 -0.7215 0.6865
vn 0.0408 -0.7472 0.6633
vn 0.2168 -0.7604 0.6121
vn -0.0423 -0.7126 0.7003
vn -0.0180 -0.7164 0.6975
vn 0.0217 -0.7227 0.6908
vn 0.0783 -0.7305 0.6784
vn 0.1488 -0.7374 0.6589
vn 0.2305 -0.7411 0.6306
vn 0.3215 -0.7393 0.5917
vn 0.6910 0.3686 0.6218
vn 0.7118 0.3501 0.6089
vn 0.7503 0.3110 0.5834
vn 0.8063 0.2444 0.5387
vn 0.8705 0.1480 0.4694
vn 0.9251 0.0317 0.3784
vn 0.9561 -0.0829 0.2810
vn -0.0423 -0.7126 -0.7003
vn -0.0180 -0.7164 -0.6975
vn 0.0217 -0.7227 -0.6908
vn 0.0783 -0.7305 -0.6784
vn 0.1488 -0.7374 -0.6589
vn 0.2305 -0.7411 -0.6306
vn 0.3215 -0.7393 -0.5917
vn 0.6910 0.3686 -0.6218
vn 0.7118 0.3501 -0.6089
vn 0.7503 0.3110 -0.5834
vn 0.8063 0.2444 -0.5387
vn 0.8705 0.1480 -0.4694
vn 0.9251 0.0317 -0.3784
vn 0.9561 -0.0829 -0.2811
vn 0.4473 -0.6743 0.5876
vn 0.1949 -0.7081 0.6786
vn -0.0048 -0.6989 0.7152
vn -0.1319 -0.6775 0.7236
vn -0.2045 -0.6597 0.7232
vn -0.2429 -0.6483 0.7216
vn -0.2605 -0.6425 0.7206
vn 0.4288 0.5687 0.7019
vn 0.3682 0.5981 0.7118
vn 0.3273 0.6159 0.7166
vn 0.2986 0.6274 0.7192
vn 0.2782 0.6352 0.7205
vn 0.2641 0.6404 0.7212
vn 0.2554 0.6436 0.7215
vn 0.4473 -0.6743 -0.5876
vn 0.1949 -0.7081 -0.6786
vn -0.0048 -0.6989 -0.7152
vn -0.1319 -0.6775 -0.7236
vn -0.2045 -0.6597 -0.7232
vn -0.2429 -0.6483 -0.7216
vn -0.2605 -0.6425 -0.7206
vn 0.4288 0.5687 -0.7019
vn 0.3682 0.5981 -0.7118
vn 0.3273 0.6159 -0.7166
vn 0.2986 0.6274 -0.7192
vn 0.2782 0.6352 -0.7205
vn 0.2641 0.6404 -0.7212
vn 0.2554 0.6436 -0.7215
vn 0.1880 0.4770 -0.8586
vn 0.1232 0.3092 -0.9430
vn 0.0613 0.1511 -0.9866
vn 0.0011 -0.0003 -1.0000
vn -0.0601 -0.1514 -0.9866
vn -0.1250 -0.3087 -0.9429
vn -0.1948 -0.4750 -0.8582
vn 0.3044 0.7819 0.5441
vn 0.3377 0.8706 0.3579
vn 0.3553 0.9179 0.1766
vn 0.3608 0.9326 -0.0000
vn 0.3553 0.9179 -0.1766
vn 0.3377 0.8706 -0.3579
vn 0.3044 0.7819 -0.5441
vn -0.3233 -0.7751 -0.5429
vn -0.3613 -0.8615 -0.3568
vn -0.3818 -0.9074 -0.1759
vn -0.3882 -0.9216 -0.0000
vn -0.3818 -0.9074 0.1759
vn -0.3613 -0.8615 0.3568
vn -0.3233 -0.7751 0.5429
vn -0.1948 -0.4750 0.8582
vn -0.1250 -0.3087 0.9429
vn -0.0601 -0.1514 0.9866
vn 0.0011 -0.0003 1.0000
vn 0.0613 0.1511 0.9866
vn 0.1232 0.3092 0.9430
vn 0.1880 0.4770 0.8586
vn 0.9087 0.1107 0.4026
vn 0.8046 0.2796 0.5238
vn 0.6639 0.4279 0.6133
vn 0.5298 0.5302 0.6620
vn 0.4307 0.5899 0.6831
vn 0.3697 0.6212 0.6910
vn 0.3391 0.6355 0.6936
vn 0.7236 0.3629 -0.5872
vn 0.6154 0.4630 -0.6379
vn 0.5253 0.5301 -0.6657
vn 0.4545 0.5748 -0.6804
vn 0.4011 0.6046 -0.6881
vn 0.3629 0.6240 -0.6920
vn 0.3391 0.6353 -0.6938
vn 0.2168 -0.7604 -0.6121
vn 0.0408 -0.7472 -0.6633
vn -0.0902 -0.7215 -0.6865
vn -0.1841 -0.6949 -0.6952
vn -0.2502 -0.6719 -0.6971
vn -0.2951 -0.6543 -0.6963
vn -0.3222 -0.6428 -0.6949
vn 0.6185 -0.6666 0.4160
vn 0.3862 -0.7365 0.5554
vn 0.1274 -0.7495 0.6496
vn -0.0810 -0.7205 0.6888
vn -0.2141 -0.6839 0.6975
vn -0.2878 -0.6572 0.6966
vn -0.3225 -0.6428 0.6948
vn -0.2487 -0.4816 0.8404
vn -0.1621 -0.3170 0.9345
vn -0.0783 -0.1569 0.9845
vn 0.0028 -0.0010 1.0000
vn 0.0833 0.1550 0.9844
vn 0.1657 0.3156 0.9343
vn 0.2501 0.4810 0.8403
vn 0.2501 0.4810 -0.8403
vn 0.1657 0.3156 -0.9343
vn 0.0833 0.1550 -0.9844
vn 0.0028 -0.0010 -1.0000
vn -0.0783 -0.1569 -0.9845
vn -0.1621 -0.3170 -0.9345
vn -0.2487 -0.4816 -0.8404
vn 0.3926 0.7623 0.5146
vn 0.4308 0.8383 0.3342
vn 0.4505 0.8776 0.1637
vn 0.4565 0.8897 -0.0000
vn 0.4505 0.8776 -0.1637
vn 0.4308 0.8383 -0.3342
vn 0.3926 0.7623 -0.5146
vn -0.3968 -0.7603 -0.5144
vn -0.4370 -0.8352 -0.3339
vn -0.4579 -0.8739 -0.1635
vn -0.4643 -0.8857 -0.0000
vn -0.4579 -0.8739 0.1635
vn -0.4370 -0.8352 0.3339
vn -0.3968 -0.7603 0.5144
vn 0.7146 -0.6239 0.3163
vn 0.5664 -0.6962 0.4410
vn 0.3800 -0.7406 0.5541
vn 0.2035 -0.7493 0.6302
vn 0.0742 -0.7382 0.6705
vn -0.0034 -0.7246 0.6892
vn -0.0409 -0.7156 0.6973
vn 0.8422 0.1496 0.5180
vn 0.8079 0.2051 0.5524
vn 0.7745 0.2539 0.5794
vn 0.7435 0.2955 0.5999
vn 0.7173 0.3286 0.6145
vn 0.6985 0.3519 0.6231
vn 0.6872 0.3666 0.6272
vn 0.7146 -0.6239 -0.3163
vn 0.5664 -0.6962 -0.4410
vn 0.3800 -0.7406 -0.5541
vn 0.2035 -0.7493 -0.6302
vn 0.0742 -0.7382 -0.6705
vn -0.0034 -0.7246 -0.6892
vn -0.0409 -0.7156 -0.6973
vn 0.8422 0.1496 -0.5180
vn 0.8079 0.2051 -0.5524
vn 0.7745 0.2539 -0.5794
vn 0.7435 0.2955 -0.5999
vn 0.7173 0.3286 -0.6144
vn 0.6985 0.3519 -0.6231
vn 0.6872 0.3666 -0.6272
vn 0.6032 0.2443 -0.7593
vn 0.5169 0.1123 -0.8486
vn 0.4315 -0.0162 -0.9019
vn 0.3465 -0.1432 -0.9271
vn 0.2585 -0.2735 -0.9265
vn 0.1636 -0.4122 -0.8963
vn 0.0589 -0.5617 -0.8253
vn 0.7448 0.4768 0.4668
vn 0.7813 0.5447 0.3049
vn 0.7996 0.5814 0.1500
vn 0.8052 0.5930 -0.0000
vn 0.7996 0.5814 -0.1500
vn 0.7813 0.5447 -0.3049
vn 0.7448 0.4768 -0.4668
vn -0.1474 -0.8338 -0.5320
vn -0.2140 -0.9114 -0.3514
vn -0.2513 -0.9522 -0.1737
vn -0.2632 -0.9647 -0.0000
vn -0.2513 -0.9522 0.1737
vn -0.2140 -0.9114 0.3514
vn -0.1474 -0.8338 0.5320
vn 0.0589 -0.5617 0.8253
vn 0.1636 -0.4122 0.8963
vn 0.2585 -0.2735 0.9265
vn 0.3465 -0.1432 0.9271
vn 0.4315 -0.0162 0.9019
vn 0.5169 0.1123 0.8486
vn 0.6032 0.2443 0.7593
vn -0.0355 0.6654 -0.7456
vn -0.0689 0.6654 -0.7433
vn -0.1010 0.6652 -0.7398
vn -0.1333 0.6645 -0.7353
vn -0.1677 0.6625 -0.7301
vn -0.2066 0.6580 -0.7241
vn -0.2549 0.6490 -0.7168
vn -0.2825 0.4602 -0.8417
vn -0.2508 0.2871 -0.9245
vn -0.2308 0.1218 -0.9653
vn -0.2245 -0.0383 -0.9737
vn -0.2329 -0.1985 -0.9520
vn -0.2566 -0.3628 -0.8959
vn -0.2939 -0.5291 -0.7960
vn -0.3809 -0.7957 0.4709
vn -0.4129 -0.8598 0.3004
vn -0.4324 -0.8899 0.1453
vn -0.4389 -0.8985 -0.0000
vn -0.4324 -0.8899 -0.1453
vn -0.4129 -0.8598 -0.3004
vn -0.3809 -0.7957 -0.4709
vn -0.3537 0.7694 -0.5319
vn -0.3766 0.8580 -0.3493
vn -0.3894 0.9048 -0.1722
vn -0.3934 0.9193 -0.0000
vn -0.3894 0.9048 0.1722
vn -0.3766 0.8580 0.3493
vn -0.3537 0.7694 0.5319
vn -0.2825 0.4602 0.8417
vn -0.2508 0.2871 0.9245
vn -0.2308 0.1218 0.9653
vn -0.2245 -0.0383 0.9737
vn -0.2329 -0.1985 0.9520
vn -0.2566 -0.3628 0.8959
vn -0.2939 -0.5291 0.7960
vn -0.0262 -0.6662 0.7453
vn -0.0529 -0.6690 0.7414
vn -0.0814 -0.6731 0.7350
vn -0.1133 -0.6781 0.7262
vn -0.1506 -0.6832 0.7146
vn -0.1967 -0.6872 0.6993
vn -0.2569 -0.6884 0.6783
vn -0.2569 -0.6884 -0.6783
vn -0.1967 -0.6872 -0.6993
vn -0.1506 -0.6832 -0.7146
vn -0.1133 -0.6781 -0.7262
vn -0.0814 -0.6731 -0.7350
vn -0.0529 -0.6690 -0.7414
vn -0.0262 -0.6662 -0.7453
vn -0.2549 0.6490 0.7168
vn -0.2066 0.6580 0.7241
vn -0.1677 0.6625 0.7301
vn -0.1333 0.6645 0.7353
vn -0.1010 0.6652 0.7398
vn -0.0689 0.6654 0.7433
vn -0.0355 0.6654 0.7456
vn -0.8282 0.1502 -0.5399
vn -0.8095 0.0357 -0.5861
vn -0.7915 -0.0695 -0.6072
vn -0.7739 -0.1682 -0.6106
vn -0.7550 -0.2653 -0.5997
vn -0.7327 -0.3661 -0.5736
vn -0.7046 -0.4750 -0.5271
vn -0.6288 -0.6931 0.3524
vn -0.5945 -0.7678 0.2390
vn -0.5720 -0.8114 0.1203
vn -0.5643 -0.8256 -0.0000
vn -0.5720 -0.8114 -0.1203
vn -0.5945 -0.7678 -0.2390
vn -0.6288 -0.6931 -0.3524
vn -0.8553 0.3768 -0.3556
vn -0.8584 0.4539 -0.2392
vn -0.8583 0.4989 -0.1199
vn -0.8580 0.5136 -0.0000
vn -0.8583 0.4989 0.1199
vn -0.8584 0.4539 0.2392
vn -0.8553 0.3768 0.3556
vn -0.8282 0.1502 0.5399
vn -0.8095 0.0357 0.5861
vn -0.7915 -0.0695 0.6072
vn -0.7739 -0.1682 0.6106
vn -0.7550 -0.2653 0.5997
vn -0.7327 -0.3661 0.5736
vn -0.7046 -0.4750 0.5271
vn -0.4081 0.5993 -0.6886
vn -0.5177 0.5473 -0.6576
vn -0.6424 0.4694 -0.6058
vn -0.7639 0.3674 -0.5306
vn -0.8564 0.2608 -0.4456
vn -0.9042 0.1866 -0.3841
vn -0.9048 0.1838 -0.3841
vn -0.7886 -0.5094 -0.3443
vn -0.8207 -0.4806 -0.3089
vn -0.8003 -0.4982 -0.3337
vn -0.7424 -0.5417 -0.3942
vn -0.6554 -0.5921 -0.4689
vn -0.5504 -0.6357 -0.5412
vn -0.4406 -0.6662 -0.6017
vn -0.7886 -0.5094 0.3443
vn -0.8207 -0.4806 0.3089
vn -0.8003 -0.4982 0.3337
vn -0.7424 -0.5417 0.3942
vn -0.6554 -0.5921 0.4689
vn -0.5504 -0.6357 0.5412
vn -0.4406 -0.6662 0.6017
vn -0.4081 0.5993 0.6886
vn -0.5177 0.5473 0.6576
vn -0.6424 0.4694 0.6058
vn -0.7639 0.3674 0.5306
vn -0.8564 0.2608 0.4456
vn -0.9042 0.1866 0.3841
vn -0.9048 0.1838 0.3841
vn -0.4484 0.3655 -0.8157
vn -0.3783 0.2101 -0.9015
vn -0.3159 0.0599 -0.9469
vn -0.2617 -0.0874 -0.9612
vn -0.2142 -0.2370 -0.9476
vn -0.1713 -0.3942 -0.9029
vn -0.1311 -0.5605 -0.8177
vn -0.0654 -0.8566 0.5117
vn -0.0483 -0.9409 0.3351
vn -0.0400 -0.9855 0.1649
vn -0.0375 -0.9993 -0.0000
vn -0.0400 -0.9855 -0.1649
vn -0.0483 -0.9409 -0.3351
vn -0.0654 -0.8566 -0.5117
vn -0.5768 0.6384 -0.5096
vn -0.6131 0.7161 -0.3337
vn -0.6323 0.7572 -0.1642
vn -0.6382 0.7699 -0.0000
vn -0.6323 0.7572 0.1642
vn -0.6131 0.7161 0.3337
vn -0.5768 0.6384 0.5096
vn -0.4484 0.3655 0.8157
vn -0.3783 0.2101 0.9015
vn -0.3159 0.0599 0.9469
vn -0.2617 -0.0874 0.9612
vn -0.2142 -0.2370 0.9476
vn -0.1713 -0.3942 0.9029
vn -0.1311 -0.5605 0.8177
vn -0.9269 -0.0850 -0.3656
vn -0.8923 -0.1484 -0.4263
vn -0.8586 -0.2187 -0.4637
vn -0.8289 -0.2936 -0.4762
vn -0.8051 -0.3705 -0.4632
vn -0.7875 -0.4463 -0.4251
vn -0.7750 -0.5168 -0.3638
vn -0.7593 -0.6183 0.2028
vn -0.7560 -0.6419 0.1283
vn -0.7546 -0.6532 0.0619
vn -0.7543 -0.6565 -0.0000
vn -0.7546 -0.6532 -0.0619
vn -0.7560 -0.6419 -0.1283
vn -0.7593 -0.6183 -0.2028
vn -0.9787 0.0062 -0.2051
vn -0.9911 0.0286 -0.1303
vn -0.9972 0.0396 -0.0631
vn -0.9991 0.0429 -0.0000
vn -0.9972 0.0396 0.0631
vn -0.9911 0.0286 0.1303
vn -0.9787 0.0062 0.2051
vn -0.9269 -0.0850 0.3656
vn -0.8923 -0.1484 0.4263
vn -0.8586 -0.2187 0.4637
vn -0.8289 -0.2936 0.4762
vn -0.8051 -0.3705 0.4632
vn -0.7875 -0.4463 0.4251
vn -0.7750 -0.5168 0.3638
vn -0.6356 0.4349 -0.6379
vn -0.7550 0.3242 -0.5699
vn -0.8562 0.1949 -0.4785
vn -0.9238 0.0665 -0.3770
vn -0.9571 -0.0380 -0.2872
vn -0.9679 -0.1002 -0.2304
vn -0.9688 -0.1044 -0.2250
vn -0.8275 -0.5193 -0.2135
vn -0.8319 -0.5139 -0.2096
vn -0.7970 -0.5470 -0.2562
vn -0.7222 -0.6030 -0.3389
vn -0.6025 -0.6643 -0.4423
vn -0.4426 -0.7115 -0.5458
vn -0.2628 -0.7314 -0.6293
vn -0.8275 -0.5193 0.2135
vn -0.8319 -0.5139 0.2096
vn -0.7970 -0.5470 0.2562
vn -0.7222 -0.6030 0.3389
vn -0.6025 -0.6643 0.4423
vn -0.4426 -0.7115 0.5458
vn -0.2628 -0.7314 0.6293
vn -0.6356 0.4349 0.6379
vn -0.7550 0.3242 0.5699
vn -0.8562 0.1949 0.4785
vn -0.9238 0.0665 0.3770
vn -0.9571 -0.0380 0.2872
vn -0.9679 -0.1002 0.2304
vn -0.9688 -0.1044 0.2250
vn -0.7885 0.1040 -0.6061
vn -0.7383 -0.0185 -0.6742
vn -0.6889 -0.1370 -0.7118
vn -0.6405 -0.2528 -0.7251
vn -0.5919 -0.3694 -0.7164
vn -0.5406 -0.4904 -0.6835
vn -0.4849 -0.6169 -0.6200
vn -0.3731 -0.8413 0.3912
vn -0.3352 -0.9062 0.2578
vn -0.3132 -0.9411 0.1275
vn -0.3060 -0.9520 -0.0000
vn -0.3132 -0.9411 -0.1275
vn -0.3352 -0.9062 -0.2578
vn -0.3731 -0.8413 -0.3912
vn -0.8689 0.3224 -0.3755
vn -0.8883 0.3877 -0.2461
vn -0.8976 0.4237 -0.1214
vn -0.9004 0.4351 -0.0000
vn -0.8976 0.4237 0.1214
vn -0.8883 0.3877 0.2461
vn -0.8689 0.3224 0.3755
vn -0.7885 0.1040 0.6061
vn -0.7383 -0.0185 0.6742
vn -0.6889 -0.1370 0.7118
vn -0.6405 -0.2528 0.7251
vn -0.5919 -0.3694 0.7164
vn -0.5406 -0.4904 0.6835
vn -0.4849 -0.6169 0.6200
vn -0.9460 -0.2204 -0.2377
vn -0.9266 -0.2668 -0.2649
vn -0.9077 -0.3119 -0.2808
vn -0.8891 -0.3562 -0.2874
vn -0.8703 -0.4013 -0.2855
vn -0.8505 -0.4488 -0.2742
vn -0.8291 -0.4996 -0.2510
vn -0.7842 -0.5982 0.1649
vn -0.7672 -0.6316 0.1113
vn -0.7569 -0.6511 0.0559
vn -0.7534 -0.6575 -0.0000
vn -0.7569 -0.6511 -0.0559
vn -0.7672 -0.6316 -0.1113
vn -0.7842 -0.5982 -0.1649
vn -0.9796 -0.1339 -0.1499
vn -0.9894 -0.1052 -0.0998
vn -0.9948 -0.0886 -0.0497
vn -0.9965 -0.0832 -0.0000
vn -0.9948 -0.0886 0.0497
vn -0.9894 -0.1053 0.0998
vn -0.9796 -0.1339 0.1499
vn -0.9460 -0.2204 0.2377
vn -0.9266 -0.2668 0.2649
vn -0.9077 -0.3119 0.2808
vn -0.8891 -0.3562 0.2874
vn -0.8703 -0.4013 0.2855
vn -0.8505 -0.4488 0.2742
vn -0.8291 -0.4996 0.2510
vn -0.9159 0.0719 -0.3949
vn -0.9540 -0.0550 -0.2946
vn -0.9652 -0.1466 -0.2168
vn -0.9647 -0.2065 -0.1633
vn -0.9617 -0.2395 -0.1331
vn -0.9606 -0.2478 -0.1261
vn -0.9626 -0.2286 -0.1455
vn -0.8506 -0.5036 -0.1512
vn -0.8657 -0.4841 -0.1270
vn -0.8631 -0.4878 -0.1310
vn -0.8447 -0.5111 -0.1590
vn -0.8058 -0.5532 -0.2114
vn -0.7347 -0.6127 -0.2913
vn -0.6120 -0.6828 -0.3992
vn -0.8506 -0.5036 0.1512
vn -0.8657 -0.4841 0.1270
vn -0.8631 -0.4878 0.1310
vn -0.8447 -0.5111 0.1590
vn -0.8058 -0.5532 0.2114
vn -0.7347 -0.6127 0.2913
vn -0.6120 -0.6828 0.3992
vn -0.9159 0.0719 0.3949
vn -0.9540 -0.0550 0.2946
vn -0.9652 -0.1466 0.2168
vn -0.9647 -0.2065 0.1633
vn -0.9617 -0.2395 0.1331
vn -0.9606 -0.2478 0.1261
vn -0.9626 -0.2286 0.1455
vn -0.8518 0.0058 -0.5238
vn -0.8188 -0.0933 -0.5665
vn -0.7746 -0.2008 -0.5998
vn -0.7173 -0.3176 -0.6202
vn -0.6490 -0.4354 -0.6239
vn -0.5742 -0.5456 -0.6105
vn -0.4928 -0.6465 -0.5825
vn -0.4164 -0.7940 0.4429
vn -0.4190 -0.8519 0.3142
vn -0.4199 -0.8923 0.1657
vn -0.4204 -0.9074 -0.0000
vn -0.4199 -0.8923 -0.1657
vn -0.4190 -0.8519 -0.3142
vn -0.4164 -0.7940 -0.4429
vn -0.9168 0.1149 -0.3824
vn -0.9541 0.1362 -0.2667
vn -0.9787 0.1511 -0.1391
vn -0.9877 0.1565 -0.0000
vn -0.9787 0.1511 0.1391
vn -0.9541 0.1362 0.2667
vn -0.9168 0.1149 0.3824
vn -0.8518 0.0058 0.5238
vn -0.8188 -0.0933 0.5665
vn -0.7746 -0.2008 0.5998
vn -0.7173 -0.3176 0.6202
vn -0.6490 -0.4354 0.6239
vn -0.5742 -0.5456 0.6105
vn -0.4928 -0.6465 0.5825
vn 0.2613 -0.6417 0.7211
vn 0.2502 -0.6451 0.7220
vn 0.2323 -0.6508 0.7229
vn 0.2063 -0.6591 0.7232
vn 0.1693 -0.6704 0.7224
vn 0.1154 -0.6856 0.7188
vn 0.0333 -0.7048 0.7086
vn -0.2564 0.6439 0.7209
vn -0.2708 0.6396 0.7194
vn -0.3011 0.6299 0.7159
vn -0.3554 0.6106 0.7077
vn -0.4434 0.5738 0.6886
vn -0.5699 0.5071 0.6466
vn -0.7192 0.4001 0.5680
vn 0.2613 -0.6417 -0.7211
vn 0.2502 -0.6451 -0.7220
vn 0.2323 -0.6508 -0.7229
vn 0.2063 -0.6591 -0.7232
vn 0.1693 -0.6704 -0.7224
vn 0.1154 -0.6856 -0.7188
vn 0.0333 -0.7048 -0.7086
vn -0.2564 0.6439 -0.7209
vn -0.2708 0.6396 -0.7194
vn -0.3011 0.6299 -0.7159
vn -0.3554 0.6106 -0.7077
vn -0.4434 0.5738 -0.6886
vn -0.5699 0.5071 -0.6466
vn -0.7192 0.4001 -0.5680
vn -0.3391 0.6353 0.6938
vn -0.3629 0.6240 0.6920
vn -0.4011 0.6046 0.6881
vn -0.4545 0.5748 0.6804
vn -0.5253 0.5301 0.6657
vn -0.6154 0.4630 0.6379
vn -0.7236 0.3629 0.5872
vn -0.3391 0.6355 -0.6936
vn -0.3697 0.6212 -0.6910
vn -0.4307 0.5899 -0.6831
vn -0.5298 0.5302 -0.6620
vn -0.6639 0.4279 -0.6133
vn -0.8046 0.2796 -0.5238
vn -0.9087 0.1107 -0.4026
vn 0.3225 -0.6428 -0.6948
vn 0.2878 -0.6572 -0.6966
vn 0.2141 -0.6839 -0.6975
vn 0.0810 -0.7205 -0.6888
vn -0.1274 -0.7495 -0.6496
vn -0.3862 -0.7365 -0.5553
vn -0.6185 -0.6666 -0.4160
vn 0.3222 -0.6428 0.6949
vn 0.2951 -0.6543 0.6963
vn 0.2502 -0.6719 0.6971
vn 0.1841 -0.6949 0.6952
vn 0.0902 -0.7215 0.6865
vn -0.0408 -0.7472 0.6633
vn -0.2168 -0.7604 0.6121
vn 0.0423 -0.7126 0.7003
vn 0.0180 -0.7164 0.6975
vn -0.0217 -0.7227 0.6908
vn -0.0783 -0.7305 0.6784
vn -0.1488 -0.7374 0.6589
vn -0.2305 -0.7411 0.6306
vn -0.3215 -0.7393 0.5917
vn -0.6910 0.3686 0.6218
vn -0.7118 0.3501 0.6089
vn -0.7503 0.3110 0.5834
vn -0.8063 0.2444 0.5387
vn -0.8705 0.1480 0.4694
vn -0.9251 0.0317 0.3784
vn -0.9561 -0.0829 0.2810
vn 0.0423 -0.7126 -0.7003
vn 0.0180 -0.7164 -0.6975
vn -0.0217 -0.7227 -0.6908
vn -0.0783 -0.7305 -0.6784
vn -0.1488 -0.7374 -0.6589
vn -0.2305 -0.7411 -0.6306
vn -0.3215 -0.7393 -0.5917
vn -0.6910 0.3686 -0.6218
vn -0.7118 0.3501 -0.6089
vn -0.7503 0.3110 -0.5834
vn -0.8063 0.2444 -0.5387
vn -0.8705 0.1480 -0.4694
vn -0.9251 0.0317 -0.3784
vn -0.9561 -0.0829 -0.2810
vn -0.4473 -0.6743 0.5876
vn -0.1949 -0.7081 0.6786
vn 0.0048 -0.6989 0.7152
vn 0.1319 -0.6775 0.7236
vn 0.2045 -0.6597 0.7232
vn 0.2429 -0.6483 0.7216
vn 0.2605 -0.6425 0.7206
vn -0.4288 0.5687 0.7019
vn -0.3682 0.5981 0.7118
vn -0.3273 0.6159 0.7166
vn -0.2986 0.6274 0.7192
vn -0.2782 0.6352 0.7205
vn -0.2641 0.6404 0.7212
vn -0.2554 0.6436 0.7215
vn -0.4473 -0.6743 -0.5876
vn -0.1949 -0.7081 -0.6786
vn 0.0048 -0.6989 -0.7152
vn 0.1319 -0.6775 -0.7236
vn 0.2045 -0.6597 -0.7232
vn 0.2429 -0.6483 -0.7216
vn 0.2605 -0.6425 -0.7206
vn -0.4288 0.5687 -0.7019
vn -0.3682 0.5981 -0.7118
vn -0.3273 0.6159 -0.7166
vn -0.2986 0.6274 -0.7192
vn -0.2782 0.6352 -0.7205
vn -0.2641 0.6404 -0.7212
vn -0.2554 0.6436 -0.7215
vn -0.1880 0.4770 -0.8586
vn -0.1232 0.3092 -0.9430
vn -0.0613 0.1511 -0.9866
vn -0.0011 -0.0003 -1.0000
vn 0.0601 -0.1514 -0.9866
vn 0.1250 -0.3087 -0.9429
vn 0.1948 -0.4750 -0.8582
vn -0.3044 0.7819 0.5441
vn -0.3377 0.8706 0.3579
vn -0.3553 0.9179 0.1766
vn -0.3608 0.9326 -0.0000
vn -0.3553 0.9179 -0.1766
vn -0.3377 0.8706 -0.3579
vn -0.3044 0.7819 -0.5441
vn 0.3233 -0.7751 -0.5429
vn 0.3613 -0.8615 -0.3568
vn 0.3818 -0.9074 -0.1759
vn 0.3882 -0.9216 -0.0000
vn 0.3818 -0.9074 0.1759
vn 0.3613 -0.8615 0.3568
vn 0.3233 -0.7751 0.5429
vn 0.1948 -0.4750 0.8582
vn 0.1250 -0.3087 0.9429
vn 0.0601 -0.1514 0.9866
vn -0.0011 -0.0003 1.0000
vn -0.0613 0.1511 0.9866
vn -0.1232 0.3092 0.9430
vn -0.1880 0.4770 0.8586
vn -0.9087 0.1107 0.4026
vn -0.8046 0.2796 0.5238
vn -0.6639 0.4279 0.6133
vn -0.5298 0.5302 0.6620
vn -0.4307 0.5899 0.6831
vn -0.3697 0.6212 0.6910
vn -0.3391 0.6355 0.6936
vn -0.7236 0.3629 -0.5872
vn -0.6154 0.4630 -0.6379
vn -0.5253 0.5301 -0.6657
vn -0.4545 0.5748 -0.6804
vn -0.4011 0.6046 -0.6881
vn -0.3629 0.6240 -0.6920
vn -0.3391 0.6353 -0.6938
vn -0.2168 -0.7604 -0.6121
vn -0.0408 -0.7472 -0.6633
vn 0.0902 -0.7215 -0.6865
vn 0.1841 -0.6949 -0.6952
vn 0.2502 -0.6719 -0.6971
vn 0.2951 -0.6543 -0.6963
vn 0.3222 -0.6428 -0.6949
vn -0.6185 -0.6666 0.4160
vn -0.3862 -0.7365 0.5553
vn -0.1274 -0.7495 0.6496
vn 0.0810 -0.7205 0.6888
vn 0.2141 -0.6839 0.6975
vn 0.2878 -0.6572 0.6966
vn 0.3225 -0.6428 0.6948
vn 0.2487 -0.4816 0.8404
vn 0.1621 -0.3170 0.9345
vn 0.0783 -0.1569 0.9845
vn -0.0028 -0.0010 1.0000
vn -0.0833 0.1550 0.9844
vn -0.1657 0.3156 0.9343
vn -0.2501 0.4810 0.8403
vn -0.2501 0.4810 -0.8403
vn -0.1657 0.3156 -0.9343
vn -0.0833 0.1550 -0.9844
vn -0.0028 -0.0010 -1.0000
vn 0.0783 -0.1569 -0.9845
vn 0.1621 -0.3170 -0.9345
vn 0.2487 -0.4816 -0.8404
vn -0.3926 0.7623 0.5146
vn -0.4308 0.8383 0.3342
vn -0.4505 0.8776 0.1637
vn -0.4565 0.8897 -0.0000
vn -0.4505 0.8776 -0.1637
vn -0.4308 0.8383 -0.3342
vn -0.3926 0.7623 -0.5146
vn 0.3968 -0.7603 -0.5144
vn 0.4370 -0.8352 -0.3339
vn 0.4579 -0.8739 -0.1635
vn 0.4643 -0.8857 -0.0000
vn 0.4579 -0.8739 0.1635
vn 0.4370 -0.8352 0.3339
vn 0.3968 -0.7603 0.5144
vn -0.7146 -0.6239 0.3163
vn -0.5664 -0.6962 0.4410
vn -0.3800 -0.7406 0.5541
vn -0.2035 -0.7493 0.6302
vn -0.0742 -0.7382 0.6705
vn 0.0034 -0.7246 0.6892
vn 0.0409 -0.7156 0.6973
vn -0.8422 0.1496 0.5180
vn -0.8079 0.2051 0.5524
vn -0.7745 0.2539 0.5794
vn -0.7435 0.2955 0.5999
vn -0.7173 0.3286 0.6145
vn -0.6985 0.3519 0.6231
vn -0.6872 0.3666 0.6272
vn -0.7146 -0.6239 -0.3163
vn -0.5664 -0.6962 -0.4410
vn -0.3800 -0.7406 -0.5541
vn -0.2035 -0.7493 -0.6302
vn -0.0742 -0.7382 -0.6705
vn 0.0034 -0.7246 -0.6892
vn 0.0409 -0.7156 -0.6973
vn -0.8422 0.1496 -0.5180
vn -0.8079 0.2051 -0.5524
vn -0.7745 0.2539 -0.5794
vn -0.7435 0.2955 -0.5999
vn -0.7173 0.3286 -0.6145
vn -0.6985 0.3519 -0.6231
vn -0.6872 0.3666 -0.6272
vn -0.6032 0.2443 -0.7593
vn -0.5169 0.1123 -0.8486
vn -0.4315 -0.0162 -0.9019
vn -0.3465 -0.1432 -0.9271
vn -0.2585 -0.2735 -0.9265
vn -0.1636 -0.4122 -0.8963
vn -0.0589 -0.5617 -0.8253
vn -0.7448 0.4768 0.4668
vn -0.7813 0.5447 0.3049
vn -0.7996 0.5814 0.1500
vn -0.8052 0.5930 -0.0000
vn -0.7996 0.5814 -0.1500
vn -0.7813 0.5447 -0.3049
vn -0.7448 0.4768 -0.4668
vn 0.1474 -0.8338 -0.5320
vn 0.2140 -0.9114 -0.3514
vn 0.2513 -0.9522 -0.1737
vn 0.2632 -0.9647 -0.0000
vn 0.2513 -0.9522 0.1737
vn 0.2140 -0.9114 0.3514
vn 0.1474 -0.8338 0.5320
vn -0.0589 -0.5617 0.8253
vn -0.1636 -0.4122 0.8963
vn -0.2585 -0.2735 0.9265
vn -0.3465 -0.1432 0.9271
vn -0.4315 -0.0162 0.9019
vn -0.5169 0.1123 0.8486
vn -0.6032 0.2443 0.7593
vn 0.0140 -0.4855 -0.8741
vn 0.0060 -0.3113 -0.9503
vn 0.0024 -0.1513 -0.9885
vn 0.0028 0.0003 -1.0000
vn 0.0067 0.1517 -0.9884
vn 0.0138 0.3114 -0.9502
vn 0.0237 0.4851 -0.8741
vn 0.0302 -0.4887 -0.8719
vn 0.0151 -0.3138 -0.9494
vn 0.0082 -0.1527 -0.9882
vn 0.0088 -0.0002 -1.0000
vn 0.0159 0.1521 -0.9882
vn 0.0288 0.3123 -0.9495
vn 0.0471 0.4859 -0.8727
vn 0.0499 -0.4937 -0.8682
vn 0.0285 -0.3179 -0.9477
vn 0.0186 -0.1553 -0.9877
vn 0.0190 -0.0011 -0.9998
vn 0.0286 0.1523 -0.9879
vn 0.0463 0.3133 -0.9485
vn 0.0713 0.4870 -0.8705
vn 0.0745 -0.5003 -0.8626
vn 0.0476 -0.3237 -0.9450
vn 0.0347 -0.1591 -0.9866
vn 0.0347 -0.0031 -0.9994
vn 0.0459 0.1520 -0.9873
vn 0.0672 0.3140 -0.9470
vn 0.0975 0.4877 -0.8676
vn 0.1062 -0.5080 -0.8548
vn 0.0746 -0.3310 -0.9407
vn 0.0588 -0.1646 -0.9846
vn 0.0577 -0.0066 -0.9983
vn 0.0698 0.1503 -0.9862
vn 0.0936 0.3134 -0.9450
vn 0.1276 0.4871 -0.8640
vn 0.1487 -0.5163 -0.8434
vn 0.1132 -0.3400 -0.9336
vn 0.0944 -0.1724 -0.9805
vn 0.0917 -0.0124 -0.9957
vn 0.1035 0.1462 -0.9838
vn 0.1283 0.3105 -0.9419
vn 0.1643 0.4842 -0.8594
vn 0.2082 -0.5241 -0.8258
vn 0.1704 -0.3508 -0.9208
vn 0.1488 -0.1833 -0.9717
vn 0.1436 -0.0222 -0.9894
vn 0.1537 0.1378 -0.9785
vn 0.1775 0.3030 -0.9363
vn 0.2130 0.4766 -0.8529
vn -0.3874 -0.7646 0.5151
vn -0.4280 -0.8396 0.3344
vn -0.4491 -0.8783 0.1638
vn -0.4556 -0.8902 -0.0000
vn -0.4491 -0.8783 -0.1638
vn -0.4280 -0.8396 -0.3344
vn -0.3874 -0.7646 -0.5151
vn -0.3610 -0.7765 0.5164
vn -0.4024 -0.8518 0.3355
vn -0.4240 -0.8906 0.1643
vn -0.4307 -0.9025 -0.0000
vn -0.4240 -0.8906 -0.1643
vn -0.4024 -0.8518 -0.3355
vn -0.3610 -0.7765 -0.5164
vn -0.3172 -0.7947 0.5176
vn -0.3597 -0.8703 0.3364
vn -0.3821 -0.9093 0.1648
vn -0.3890 -0.9212 -0.0000
vn -0.3821 -0.9093 -0.1648
vn -0.3597 -0.8703 -0.3364
vn -0.3172 -0.7947 -0.5176
vn -0.2522 -0.8180 0.5169
vn -0.2961 -0.8940 0.3364
vn -0.3195 -0.9331 0.1649
vn -0.3268 -0.9451 -0.0000
vn -0.3195 -0.9331 -0.1649
vn -0.2961 -0.8940 -0.3364
vn -0.2522 -0.8181 -0.5169
vn -0.1589 -0.8444 0.5116
vn -0.2042 -0.9204 0.3335
vn -0.2287 -0.9596 0.1637
vn -0.2364 -0.9717 -0.0000
vn -0.2287 -0.9596 -0.1637
vn -0.2042 -0.9204 -0.3335
vn -0.1589 -0.8444 -0.5116
vn -0.0270 -0.8680 0.4959
vn -0.0729 -0.9432 0.3241
vn -0.0983 -0.9823 0.1593
vn -0.1064 -0.9943 -0.0000
vn -0.0983 -0.9823 -0.1593
vn -0.0729 -0.9432 -0.3241
vn -0.0270 -0.8680 -0.4959
vn 0.1537 -0.8748 0.4595
vn 0.1095 -0.9472 0.3015
vn 0.0844 -0.9853 0.1486
vn 0.0764 -0.9971 -0.0000
vn 0.0844 -0.9853 -0.1486
vn 0.1095 -0.9472 -0.3015
vn 0.1537 -0.8748 -0.4595
vn 0.0399 -0.8201 -0.5708
vn 0.0782 -0.8208 -0.5658
vn 0.1161 -0.8218 -0.5579
vn 0.1551 -0.8224 -0.5473
vn 0.1974 -0.8220 -0.5342
vn 0.2458 -0.8193 -0.5181
vn 0.3049 -0.8119 -0.4979
vn 0.0517 -0.9235 -0.3800
vn 0.0999 -0.9215 -0.3753
vn 0.1454 -0.9183 -0.3682
vn 0.1900 -0.9138 -0.3589
vn 0.2356 -0.9075 -0.3478
vn 0.2850 -0.8981 -0.3349
vn 0.3423 -0.8836 -0.3196
vn 0.0595 -0.9802 -0.1888
vn 0.1141 -0.9759 -0.1860
vn 0.1644 -0.9695 -0.1818
vn 0.2123 -0.9611 -0.1765
vn 0.2598 -0.9505 -0.1703
vn 0.3095 -0.9368 -0.1632
vn 0.3653 -0.9179 -0.1551
vn 0.0622 -0.9981 -0.0000
vn 0.1190 -0.9929 -0.0000
vn 0.1710 -0.9853 -0.0000
vn 0.2199 -0.9755 -0.0000
vn 0.2680 -0.9634 -0.0000
vn 0.3177 -0.9482 -0.0000
vn 0.3730 -0.9278 -0.0000
vn 0.0595 -0.9802 0.1888
vn 0.1141 -0.9759 0.1860
vn 0.1644 -0.9695 0.1818
vn 0.2123 -0.9611 0.1765
vn 0.2598 -0.9505 0.1703
vn 0.3095 -0.9368 0.1632
vn 0.3653 -0.9179 0.1551
vn 0.0517 -0.9235 0.3800
vn 0.0999 -0.9215 0.3753
vn 0.1454 -0.9183 0.3682
vn 0.1900 -0.9138 0.3589
vn 0.2356 -0.9075 0.3478
vn 0.2850 -0.8981 0.3349
vn 0.3423 -0.8836 0.3196
vn 0.0399 -0.8201 0.5708
vn 0.0782 -0.8208 0.5658
vn 0.1161 -0.8218 0.5579
vn 0.1551 -0.8224 0.5473
vn 0.1974 -0.8220 0.5342
vn 0.2458 -0.8193 0.5181
vn 0.3049 -0.8119 0.4979
vn 0.2925 0.7888 -0.5406
vn 0.2451 0.8001 -0.5475
vn 0.2045 0.8072 -0.5538
vn 0.1666 0.8119 -0.5595
vn 0.1288 0.8152 -0.5647
vn 0.0894 0.8176 -0.5688
vn 0.0466 0.8192 -0.5716
vn 0.3189 0.8786 -0.3554
vn 0.2726 0.8919 -0.3607
vn 0.2312 0.9015 -0.3658
vn 0.1909 0.9090 -0.3705
vn 0.1493 0.9150 -0.3749
vn 0.1046 0.9197 -0.3785
vn 0.0550 0.9230 -0.3809
vn 0.3340 0.9261 -0.1753
vn 0.2884 0.9408 -0.1781
vn 0.2466 0.9521 -0.1809
vn 0.2051 0.9614 -0.1835
vn 0.1614 0.9692 -0.1860
vn 0.1136 0.9756 -0.1880
vn 0.0600 0.9801 -0.1894
vn 0.3388 0.9409 -0.0000
vn 0.2935 0.9560 -0.0000
vn 0.2516 0.9678 -0.0000
vn 0.2097 0.9778 -0.0000
vn 0.1653 0.9862 -0.0000
vn 0.1166 0.9932 -0.0000
vn 0.0616 0.9981 -0.0000
vn 0.3340 0.9261 0.1753
vn 0.2884 0.9408 0.1781
vn 0.2466 0.9521 0.1809
vn 0.2051 0.9614 0.1835
vn 0.1614 0.9692 0.1860
vn 0.1136 0.9756 0.1880
vn 0.0600 0.9801 0.1894
vn 0.3189 0.8786 0.3554
vn 0.2726 0.8919 0.3607
vn 0.2312 0.9015 0.3658
vn 0.1909 0.9090 0.3705
vn 0.1493 0.9150 0.3749
vn 0.1046 0.9197 0.3785
vn 0.0550 0.9230 0.3809
vn 0.2925 0.7888 0.5406
vn 0.2451 0.8001 0.5475
vn 0.2045 0.8072 0.5538
vn 0.1666 0.8119 0.5595
vn 0.1288 0.8152 0.5647
vn 0.0894 0.8176 0.5688
vn 0.0466 0.8192 0.5716
vn 0.2082 -0.5241 0.8258
vn 0.1704 -0.3508 0.9208
vn 0.1488 -0.1833 0.9717
vn 0.1436 -0.0222 0.9894
vn 0.1537 0.1378 0.9785
vn 0.1775 0.3030 0.9363
vn 0.2130 0.4766 0.8529
vn 0.1487 -0.5163 0.8434
vn 0.1132 -0.3400 0.9336
vn 0.0944 -0.1724 0.9805
vn 0.0917 -0.0124 0.9957
vn 0.1035 0.1462 0.9838
vn 0.1283 0.3105 0.9419
vn 0.1643 0.4842 0.8594
vn 0.1062 -0.5080 0.8548
vn 0.0746 -0.3310 0.9407
vn 0.0588 -0.1646 0.9846
vn 0.0577 -0.0066 0.9983
vn 0.0698 0.1503 0.9862
vn 0.0936 0.3134 0.9450
vn 0.1276 0.4871 0.8640
vn 0.0745 -0.5003 0.8626
vn 0.0476 -0.3237 0.9450
vn 0.0347 -0.1591 0.9866
vn 0.0347 -0.0031 0.9994
vn 0.0459 0.1520 0.9873
vn 0.0672 0.3140 0.9470
vn 0.0975 0.4877 0.8676
vn 0.0499 -0.4937 0.8682
vn 0.0285 -0.3179 0.9477
vn 0.0186 -0.1553 0.9877
vn 0.0190 -0.0011 0.9998
vn 0.0286 0.1523 0.9879
vn 0.0463 0.3133 0.9485
vn 0.0713 0.4870 0.8705
vn 0.0302 -0.4887 0.8719
vn 0.0151 -0.3138 0.9494
vn 0.0082 -0.1527 0.9882
vn 0.0088 -0.0002 1.0000
vn 0.0159 0.1521 0.9882
vn 0.0288 0.3123 0.9495
vn 0.0471 0.4859 0.8727
vn 0.0140 -0.4855 0.8741
vn 0.0060 -0.3113 0.9503
vn 0.0024 -0.1513 0.9885
vn 0.0028 0.0003 1.0000
vn 0.0067 0.1517 0.9884
vn 0.0138 0.3114 0.9502
vn 0.0236 0.4851 0.8741
vn 0.8921 0.0801 -0.4448
vn 0.8786 -0.0170 -0.4773
vn 0.8661 -0.1044 -0.4889
vn 0.8543 -0.1846 -0.4859
vn 0.8421 -0.2618 -0.4716
vn 0.8280 -0.3401 -0.4458
vn 0.8106 -0.4231 -0.4050
vn 0.8934 0.0806 -0.4421
vn 0.8822 -0.0182 -0.4705
vn 0.8725 -0.1059 -0.4770
vn 0.8640 -0.1850 -0.4683
vn 0.8557 -0.2592 -0.4479
vn 0.8465 -0.3321 -0.4162
vn 0.8350 -0.4063 -0.3709
vn 0.8464 0.1381 -0.5144
vn 0.8366 0.0223 -0.5473
vn 0.8292 -0.0810 -0.5530
vn 0.8239 -0.1739 -0.5394
vn 0.8196 -0.2596 -0.5107
vn 0.8151 -0.3416 -0.4679
vn 0.8089 -0.4219 -0.4095
vn 0.7533 0.2248 -0.6181
vn 0.7440 0.0870 -0.6625
vn 0.7387 -0.0382 -0.6729
vn 0.7375 -0.1523 -0.6579
vn 0.7390 -0.2581 -0.6223
vn 0.7416 -0.3585 -0.5671
vn 0.7432 -0.4544 -0.4911
vn 0.6277 0.3121 -0.7132
vn 0.6159 0.1565 -0.7721
vn 0.6109 0.0118 -0.7916
vn 0.6128 -0.1229 -0.7806
vn 0.6206 -0.2503 -0.7431
vn 0.6322 -0.3724 -0.6795
vn 0.6448 -0.4886 -0.5878
vn 0.4956 0.3820 -0.7801
vn 0.4780 0.2157 -0.8515
vn 0.4696 0.0584 -0.8809
vn 0.4715 -0.0909 -0.8772
vn 0.4829 -0.2356 -0.8434
vn 0.5023 -0.3773 -0.7780
vn 0.5264 -0.5141 -0.6772
vn 0.3776 0.4302 -0.8200
vn 0.3526 0.2589 -0.8992
vn 0.3385 0.0955 -0.9361
vn 0.3369 -0.0617 -0.9395
vn 0.3481 -0.2170 -0.9120
vn 0.3716 -0.3730 -0.8502
vn 0.4044 -0.5271 -0.7474
vn 0.7643 -0.5872 -0.2667
vn 0.7433 -0.6441 -0.1806
vn 0.7295 -0.6779 -0.0910
vn 0.7247 -0.6890 -0.0000
vn 0.7295 -0.6779 0.0910
vn 0.7433 -0.6441 0.1806
vn 0.7642 -0.5872 0.2667
vn 0.8053 -0.5446 -0.2345
vn 0.7924 -0.5896 -0.1563
vn 0.7842 -0.6156 -0.0780
vn 0.7813 -0.6241 -0.0000
vn 0.7842 -0.6156 0.0780
vn 0.7924 -0.5896 0.1563
vn 0.8053 -0.5446 0.2345
vn 0.7906 -0.5600 -0.2475
vn 0.7828 -0.6008 -0.1619
vn 0.7780 -0.6231 -0.0798
vn 0.7764 -0.6302 -0.0000
vn 0.7780 -0.6231 0.0798
vn 0.7828 -0.6008 0.1619
vn 0.7906 -0.5600 0.2475
vn 0.7397 -0.6086 -0.2873
vn 0.7372 -0.6498 -0.1851
vn 0.7358 -0.6711 -0.0903
vn 0.7354 -0.6777 -0.0000
vn 0.7358 -0.6711 0.0903
vn 0.7372 -0.6498 0.1851
vn 0.7397 -0.6086 0.2873
vn 0.6626 -0.6681 -0.3384
vn 0.6675 -0.7126 -0.2159
vn 0.6705 -0.7345 -0.1047
vn 0.6715 -0.7410 -0.0000
vn 0.6705 -0.7345 0.1047
vn 0.6675 -0.7126 0.2159
vn 0.6626 -0.6681 0.3384
vn 0.5700 -0.7234 -0.3896
vn 0.5839 -0.7731 -0.2475
vn 0.5923 -0.7968 -0.1196
vn 0.5951 -0.8036 -0.0000
vn 0.5923 -0.7968 0.1196
vn 0.5839 -0.7731 0.2475
vn 0.5700 -0.7234 0.3896
vn 0.4726 -0.7667 -0.4346
vn 0.4962 -0.8231 -0.2762
vn 0.5104 -0.8495 -0.1334
vn 0.5151 -0.8571 -0.0000
vn 0.5104 -0.8495 0.1334
vn 0.4962 -0.8231 0.2762
vn 0.4726 -0.7667 0.4346
vn 0.9126 0.2783 0.2996
vn 0.9151 0.3482 0.2033
vn 0.9151 0.3899 0.1024
vn 0.9149 0.4037 -0.0000
vn 0.9151 0.3899 -0.1024
vn 0.9151 0.3482 -0.2033
vn 0.9126 0.2783 -0.2996
vn 0.9109 0.2829 0.3003
vn 0.9128 0.3537 0.2040
vn 0.9125 0.3959 0.1028
vn 0.9122 0.4098 -0.0000
vn 0.9125 0.3959 -0.1028
vn 0.9128 0.3537 -0.2040
vn 0.9109 0.2829 -0.3003
vn 0.8621 0.3698 0.3465
vn 0.8629 0.4480 0.2339
vn 0.8618 0.4936 0.1174
vn 0.8611 0.5084 -0.0000
vn 0.8618 0.4936 -0.1174
vn 0.8629 0.4480 -0.2339
vn 0.8621 0.3698 -0.3465
vn 0.7702 0.4901 0.4082
vn 0.7713 0.5750 0.2729
vn 0.7703 0.6230 0.1361
vn 0.7697 0.6384 -0.0000
vn 0.7703 0.6230 -0.1361
vn 0.7713 0.5750 -0.2729
vn 0.7702 0.4901 -0.4082
vn 0.6530 0.6008 0.4612
vn 0.6576 0.6886 0.3056
vn 0.6588 0.7369 0.1515
vn 0.6590 0.7521 -0.0000
vn 0.6588 0.7369 -0.1515
vn 0.6576 0.6886 -0.3056
vn 0.6530 0.6008 -0.4612
vn 0.5358 0.6826 0.4970
vn 0.5464 0.7709 0.3274
vn 0.5514 0.8184 0.1617
vn 0.5529 0.8332 -0.0000
vn 0.5514 0.8184 -0.1617
vn 0.5464 0.7709 -0.3274
vn 0.5358 0.6826 -0.4970
vn 0.4345 0.7363 0.5187
vn 0.4517 0.8245 0.3408
vn 0.4609 0.8714 0.1680
vn 0.4638 0.8860 -0.0000
vn 0.4609 0.8714 -0.1680
vn 0.4517 0.8245 -0.3408
vn 0.4345 0.7363 -0.5187
vn 0.8106 -0.4231 0.4050
vn 0.8280 -0.3401 0.4458
vn 0.8421 -0.2618 0.4716
vn 0.8543 -0.1846 0.4859
vn 0.8661 -0.1044 0.4889
vn 0.8786 -0.0170 0.4773
vn 0.8921 0.0801 0.4448
vn 0.8350 -0.4063 0.3709
vn 0.8465 -0.3321 0.4162
vn 0.8557 -0.2592 0.4479
vn 0.8640 -0.1850 0.4683
vn 0.8725 -0.1059 0.4770
vn 0.8822 -0.0182 0.4705
vn 0.8934 0.0806 0.4421
vn 0.8089 -0.4219 0.4095
vn 0.8151 -0.3416 0.4679
vn 0.8196 -0.2596 0.5107
vn 0.8239 -0.1739 0.5394
vn 0.8292 -0.0810 0.5530
vn 0.8366 0.0223 0.5473
vn 0.8464 0.1381 0.5144
vn 0.7432 -0.4544 0.4911
vn 0.7416 -0.3585 0.5671
vn 0.7390 -0.2581 0.6223
vn 0.7375 -0.1523 0.6579
vn 0.7387 -0.0382 0.6729
vn 0.7440 0.0870 0.6625
vn 0.7533 0.2248 0.6181
vn 0.6448 -0.4886 0.5878
vn 0.6322 -0.3724 0.6795
vn 0.6206 -0.2503 0.7431
vn 0.6128 -0.1229 0.7806
vn 0.6109 0.0118 0.7916
vn 0.6159 0.1565 0.7721
vn 0.6277 0.3121 0.7132
vn 0.5264 -0.5141 0.6772
vn 0.5023 -0.3773 0.7780
vn 0.4829 -0.2356 0.8434
vn 0.4715 -0.0909 0.8772
vn 0.4696 0.0584 0.8809
vn 0.4780 0.2157 0.8515
vn 0.4956 0.3820 0.7801
vn 0.4044 -0.5271 0.7474
vn 0.3716 -0.3730 0.8502
vn 0.3481 -0.2170 0.9120
vn 0.3369 -0.0617 0.9395
vn 0.3385 0.0955 0.9361
vn 0.3526 0.2589 0.8992
vn 0.3776 0.4302 0.8200
vn 0.1909 0.4759 0.8586
vn 0.1259 0.3082 0.9430
vn 0.0640 0.1502 0.9866
vn 0.0038 -0.0010 1.0000
vn -0.0572 -0.1521 0.9867
vn -0.1218 -0.3093 0.9431
vn -0.1912 -0.4758 0.8585
vn 0.1992 0.4730 0.8583
vn 0.1340 0.3056 0.9427
vn 0.0720 0.1478 0.9864
vn 0.0121 -0.0033 0.9999
vn -0.0485 -0.1544 0.9868
vn -0.1124 -0.3118 0.9435
vn -0.1810 -0.4786 0.8592
vn 0.2128 0.4683 0.8576
vn 0.1471 0.3013 0.9421
vn 0.0850 0.1438 0.9859
vn 0.0254 -0.0073 0.9997
vn -0.0346 -0.1584 0.9868
vn -0.0974 -0.3161 0.9437
vn -0.1646 -0.4835 0.8597
vn 0.2324 0.4613 0.8563
vn 0.1661 0.2949 0.9410
vn 0.1039 0.1378 0.9850
vn 0.0445 -0.0132 0.9989
vn -0.0145 -0.1646 0.9863
vn -0.0758 -0.3227 0.9435
vn -0.1409 -0.4908 0.8598
vn 0.2600 0.4511 0.8538
vn 0.1929 0.2856 0.9387
vn 0.1304 0.1289 0.9830
vn 0.0716 -0.0220 0.9972
vn 0.0140 -0.1736 0.9847
vn -0.0452 -0.3323 0.9421
vn -0.1072 -0.5012 0.8587
vn 0.2996 0.4354 0.8489
vn 0.2315 0.2714 0.9342
vn 0.1687 0.1155 0.9789
vn 0.1107 -0.0351 0.9932
vn 0.0550 -0.1869 0.9808
vn -0.0008 -0.3461 0.9382
vn -0.0585 -0.5157 0.8548
vn 0.3587 0.4097 0.8387
vn 0.2894 0.2486 0.9244
vn 0.2265 0.0944 0.9694
vn 0.1698 -0.0554 0.9839
vn 0.1172 -0.2069 0.9713
vn 0.0664 -0.3662 0.9282
vn 0.0157 -0.5356 0.8443
vn -0.3190 -0.7764 0.5435
vn -0.3568 -0.8632 0.3573
vn -0.3772 -0.9092 0.1762
vn -0.3836 -0.9235 -0.0000
vn -0.3772 -0.9092 -0.1762
vn -0.3568 -0.8632 -0.3573
vn -0.3190 -0.7764 -0.5435
vn -0.3072 -0.7805 0.5444
vn -0.3445 -0.8678 0.3580
vn -0.3646 -0.9142 0.1766
vn -0.3709 -0.9287 -0.0000
vn -0.3646 -0.9142 -0.1766
vn -0.3445 -0.8678 -0.3580
vn -0.3072 -0.7805 -0.5444
vn -0.2881 -0.7871 0.5454
vn -0.3245 -0.8752 0.3588
vn -0.3442 -0.9221 0.1771
vn -0.3503 -0.9366 -0.0000
vn -0.3442 -0.9221 -0.1771
vn -0.3245 -0.8752 -0.3588
vn -0.2881 -0.7871 -0.5454
vn -0.2601 -0.7964 0.5459
vn -0.2953 -0.8853 0.3593
vn -0.3141 -0.9327 0.1773
vn -0.3200 -0.9474 -0.0000
vn -0.3141 -0.9327 -0.1773
vn -0.2953 -0.8853 -0.3593
vn -0.2601 -0.7964 -0.5459
vn -0.2202 -0.8087 0.5454
vn -0.2533 -0.8983 0.3590
vn -0.2709 -0.9461 0.1772
vn -0.2764 -0.9610 -0.0000
vn -0.2709 -0.9461 -0.1772
vn -0.2533 -0.8983 -0.3590
vn -0.2202 -0.8087 -0.5454
vn -0.1618 -0.8244 0.5425
vn -0.1917 -0.9142 0.3570
vn -0.2074 -0.9623 0.1762
vn -0.2123 -0.9772 -0.0000
vn -0.2074 -0.9623 -0.1762
vn -0.1917 -0.9142 -0.3570
vn -0.1618 -0.8244 -0.5425
vn -0.0726 -0.8425 0.5338
vn -0.0973 -0.9314 0.3509
vn -0.1101 -0.9787 0.1730
vn -0.1140 -0.9935 -0.0000
vn -0.1101 -0.9787 -0.1730
vn -0.0973 -0.9314 -0.3509
vn -0.0726 -0.8425 -0.5338
vn 0.3076 0.7806 -0.5442
vn 0.3410 0.8692 -0.3580
vn 0.3587 0.9166 -0.1766
vn 0.3642 0.9313 -0.0000
vn 0.3587 0.9166 0.1766
vn 0.3410 0.8692 0.3580
vn 0.3076 0.7806 0.5442
vn 0.3166 0.7771 -0.5439
vn 0.3502 0.8656 -0.3578
vn 0.3681 0.9129 -0.1766
vn 0.3736 0.9276 -0.0000
vn 0.3681 0.9129 0.1766
vn 0.3502 0.8656 0.3578
vn 0.3166 0.7771 0.5439
vn 0.3312 0.7714 -0.5433
vn 0.3651 0.8596 -0.3574
vn 0.3831 0.9067 -0.1763
vn 0.3887 0.9214 -0.0000
vn 0.3831 0.9067 0.1763
vn 0.3651 0.8596 0.3574
vn 0.3312 0.7714 0.5433
vn 0.3522 0.7629 -0.5422
vn 0.3866 0.8506 -0.3566
vn 0.4048 0.8973 -0.1759
vn 0.4104 0.9119 -0.0000
vn 0.4048 0.8973 0.1759
vn 0.3866 0.8506 0.3566
vn 0.3522 0.7629 0.5422
vn 0.3817 0.7501 -0.5400
vn 0.4166 0.8369 -0.3550
vn 0.4350 0.8832 -0.1751
vn 0.4408 0.8976 -0.0000
vn 0.4350 0.8832 0.1751
vn 0.4166 0.8369 0.3550
vn 0.3817 0.7501 0.5400
vn 0.4237 0.7303 -0.5358
vn 0.4592 0.8156 -0.3521
vn 0.4779 0.8611 -0.1736
vn 0.4837 0.8752 -0.0000
vn 0.4779 0.8611 0.1736
vn 0.4592 0.8156 0.3521
vn 0.4237 0.7303 0.5358
vn 0.4855 0.6972 -0.5275
vn 0.5216 0.7798 -0.3462
vn 0.5406 0.8238 -0.1706
vn 0.5465 0.8374 -0.0000
vn 0.5406 0.8238 0.1706
vn 0.5216 0.7798 0.3462
vn 0.4855 0.6972 0.5275
vn 0.9470 -0.1466 -0.2860
vn 0.9222 -0.1967 -0.3329
vn 0.8979 -0.2519 -0.3610
vn 0.8762 -0.3102 -0.3689
vn 0.8585 -0.3689 -0.3562
vn 0.8450 -0.4255 -0.3240
vn 0.8349 -0.4769 -0.2748
vn 0.9458 -0.1444 -0.2908
vn 0.9213 -0.1960 -0.3358
vn 0.8977 -0.2519 -0.3615
vn 0.8771 -0.3099 -0.3670
vn 0.8605 -0.3677 -0.3527
vn 0.8480 -0.4228 -0.3196
vn 0.8387 -0.4727 -0.2704
vn 0.9283 -0.0941 -0.3596
vn 0.8974 -0.1585 -0.4118
vn 0.8686 -0.2270 -0.4404
vn 0.8445 -0.2974 -0.4454
vn 0.8260 -0.3674 -0.4274
vn 0.8128 -0.4345 -0.3880
vn 0.8036 -0.4958 -0.3293
vn 0.8838 -0.0086 -0.4678
vn 0.8420 -0.0929 -0.5314
vn 0.8046 -0.1812 -0.5655
vn 0.7745 -0.2713 -0.5715
vn 0.7525 -0.3616 -0.5504
vn 0.7379 -0.4497 -0.5033
vn 0.7285 -0.5323 -0.4313
vn 0.8031 0.0972 -0.5878
vn 0.7492 -0.0098 -0.6622
vn 0.7021 -0.1198 -0.7020
vn 0.6649 -0.2313 -0.7102
vn 0.6382 -0.3440 -0.6888
vn 0.6206 -0.4569 -0.6372
vn 0.6096 -0.5667 -0.5543
vn 0.6912 0.2042 -0.6932
vn 0.6275 0.0761 -0.7749
vn 0.5723 -0.0527 -0.8183
vn 0.5282 -0.1819 -0.8294
vn 0.4951 -0.3135 -0.8103
vn 0.4716 -0.4486 -0.7592
vn 0.4549 -0.5848 -0.6716
vn 0.5658 0.2963 -0.7695
vn 0.4969 0.1518 -0.8545
vn 0.4367 0.0096 -0.8996
vn 0.3867 -0.1314 -0.9128
vn 0.3462 -0.2752 -0.8969
vn 0.3134 -0.4251 -0.8491
vn 0.2860 -0.5810 -0.7620
vn 0.8224 -0.5486 -0.1508
vn 0.8199 -0.5647 -0.0948
vn 0.8189 -0.5722 -0.0456
vn 0.8186 -0.5743 -0.0000
vn 0.8189 -0.5722 0.0456
vn 0.8199 -0.5647 0.0948
vn 0.8224 -0.5486 0.1508
vn 0.8274 -0.5418 -0.1475
vn 0.8254 -0.5569 -0.0925
vn 0.8247 -0.5638 -0.0444
vn 0.8246 -0.5658 -0.0000
vn 0.8247 -0.5638 0.0444
vn 0.8254 -0.5569 0.0925
vn 0.8274 -0.5418 0.1475
vn 0.7930 -0.5819 -0.1805
vn 0.7915 -0.6006 -0.1132
vn 0.7911 -0.6092 -0.0544
vn 0.7911 -0.6117 -0.0000
vn 0.7911 -0.6092 0.0544
vn 0.7915 -0.6006 0.1132
vn 0.7930 -0.5819 0.1805
vn 0.7187 -0.6523 -0.2407
vn 0.7179 -0.6795 -0.1517
vn 0.7181 -0.6921 -0.0730
vn 0.7182 -0.6958 -0.0000
vn 0.7181 -0.6921 0.0730
vn 0.7179 -0.6795 0.1517
vn 0.7187 -0.6523 0.2407
vn 0.5987 -0.7350 -0.3183
vn 0.5981 -0.7754 -0.2024
vn 0.5987 -0.7950 -0.0979
vn 0.5990 -0.8007 -0.0000
vn 0.5987 -0.7950 0.0979
vn 0.5981 -0.7754 0.2024
vn 0.5987 -0.7350 0.3183
vn 0.4351 -0.8071 -0.3991
vn 0.4324 -0.8644 -0.2566
vn 0.4321 -0.8931 -0.1249
vn 0.4322 -0.9018 -0.0000
vn 0.4321 -0.8931 0.1249
vn 0.4324 -0.8644 0.2566
vn 0.4351 -0.8071 0.3991
vn 0.2463 -0.8493 -0.4670
vn 0.2377 -0.9227 -0.3035
vn 0.2343 -0.9607 -0.1487
vn 0.2334 -0.9724 -0.0000
vn 0.2343 -0.9607 0.1487
vn 0.2377 -0.9227 0.3035
vn 0.2463 -0.8493 0.4670
vn 0.9842 -0.0743 0.1606
vn 0.9932 -0.0567 0.1019
vn 0.9976 -0.0481 0.0493
vn 0.9990 -0.0455 -0.0000
vn 0.9976 -0.0481 -0.0493
vn 0.9932 -0.0567 -0.1019
vn 0.9842 -0.0743 -0.1606
vn 0.9839 -0.0685 0.1651
vn 0.9932 -0.0500 0.1050
vn 0.9979 -0.0408 0.0508
vn 0.9993 -0.0381 -0.0000
vn 0.9979 -0.0408 -0.0508
vn 0.9932 -0.0500 -0.1050
vn 0.9839 -0.0685 -0.1651
vn 0.9783 0.0028 0.2070
vn 0.9909 0.0269 0.1321
vn 0.9972 0.0389 0.0641
vn 0.9991 0.0425 -0.0000
vn 0.9972 0.0389 -0.0641
vn 0.9909 0.0269 -0.1321
vn 0.9783 0.0028 -0.2070
vn 0.9540 0.1220 0.2738
vn 0.9721 0.1553 0.1756
vn 0.9814 0.1722 0.0854
vn 0.9842 0.1773 -0.0000
vn 0.9814 0.1722 -0.0854
vn 0.9721 0.1553 -0.1756
vn 0.9540 0.1220 -0.2738
vn 0.8971 0.2689 0.3506
vn 0.9221 0.3141 0.2262
vn 0.9349 0.3372 0.1104
vn 0.9389 0.3443 -0.0000
vn 0.9349 0.3372 -0.1104
vn 0.9221 0.3141 -0.2262
vn 0.8971 0.2689 -0.3506
vn 0.8052 0.4172 0.4214
vn 0.8363 0.4751 0.2735
vn 0.8525 0.5052 0.1340
vn 0.8575 0.5145 -0.0000
vn 0.8525 0.5052 -0.1340
vn 0.8363 0.4751 -0.2735
vn 0.8052 0.4172 -0.4214
vn 0.6912 0.5444 0.4753
vn 0.7262 0.6136 0.3101
vn 0.7445 0.6500 0.1523
vn 0.7502 0.6612 -0.0000
vn 0.7445 0.6500 -0.1523
vn 0.7262 0.6136 -0.3101
vn 0.6912 0.5444 -0.4753
vn 0.8349 -0.4769 0.2748
vn 0.8450 -0.4255 0.3240
vn 0.8585 -0.3689 0.3562
vn 0.8762 -0.3102 0.3689
vn 0.8979 -0.2519 0.3610
vn 0.9222 -0.1967 0.3329
vn 0.9470 -0.1466 0.2860
vn 0.8387 -0.4727 0.2704
vn 0.8480 -0.4228 0.3196
vn 0.8605 -0.3677 0.3527
vn 0.8771 -0.3099 0.3670
vn 0.8977 -0.2519 0.3615
vn 0.9213 -0.1960 0.3358
vn 0.9458 -0.1444 0.2908
vn 0.8036 -0.4958 0.3293
vn 0.8128 -0.4345 0.3880
vn 0.8260 -0.3674 0.4274
vn 0.8445 -0.2974 0.4454
vn 0.8686 -0.2270 0.4404
vn 0.8974 -0.1585 0.4118
vn 0.9283 -0.0941 0.3596
vn 0.7285 -0.5323 0.4313
vn 0.7379 -0.4497 0.5033
vn 0.7525 -0.3616 0.5504
vn 0.7745 -0.2713 0.5715
vn 0.8046 -0.1812 0.5655
vn 0.8420 -0.0929 0.5314
vn 0.8838 -0.0086 0.4678
vn 0.6096 -0.5667 0.5543
vn 0.6206 -0.4569 0.6372
vn 0.6382 -0.3440 0.6888
vn 0.6649 -0.2313 0.7102
vn 0.7021 -0.1198 0.7020
vn 0.7492 -0.0098 0.6622
vn 0.8031 0.0972 0.5878
vn 0.4549 -0.5848 0.6716
vn 0.4716 -0.4486 0.7592
vn 0.4952 -0.3135 0.8103
vn 0.5282 -0.1819 0.8294
vn 0.5723 -0.0527 0.8183
vn 0.6275 0.0761 0.7749
vn 0.6912 0.2042 0.6932
vn 0.2860 -0.5810 0.7620
vn 0.3134 -0.4251 0.8491
vn 0.3462 -0.2752 0.8969
vn 0.3867 -0.1314 0.9128
vn 0.4367 0.0096 0.8996
vn 0.4969 0.1518 0.8545
vn 0.5658 0.2963 0.7695
vn -0.1912 -0.4758 -0.8585
vn -0.1218 -0.3093 -0.9431
vn -0.0572 -0.1521 -0.9867
vn 0.0038 -0.0010 -1.0000
vn 0.0640 0.1502 -0.9866
vn 0.1259 0.3082 -0.9430
vn 0.1909 0.4759 -0.8586
vn -0.1810 -0.4786 -0.8592
vn -0.1124 -0.3118 -0.9435
vn -0.0485 -0.1544 -0.9868
vn 0.0121 -0.0033 -0.9999
vn 0.0720 0.1478 -0.9864
vn 0.1340 0.3056 -0.9427
vn 0.1992 0.4730 -0.8583
vn -0.1646 -0.4835 -0.8597
vn -0.0974 -0.3161 -0.9437
vn -0.0346 -0.1584 -0.9868
vn 0.0254 -0.0073 -0.9997
vn 0.0850 0.1438 -0.9859
vn 0.1471 0.3013 -0.9421
vn 0.2128 0.4683 -0.8576
vn -0.1409 -0.4908 -0.8598
vn -0.0758 -0.3227 -0.9435
vn -0.0145 -0.1646 -0.9863
vn 0.0445 -0.0132 -0.9989
vn 0.1039 0.1378 -0.9850
vn 0.1661 0.2949 -0.9410
vn 0.2324 0.4613 -0.8563
vn -0.1072 -0.5012 -0.8587
vn -0.0452 -0.3323 -0.9421
vn 0.0140 -0.1736 -0.9847
vn 0.0716 -0.0220 -0.9972
vn 0.1304 0.1289 -0.9830
vn 0.1929 0.2856 -0.9387
vn 0.2600 0.4511 -0.8538
vn -0.0585 -0.5157 -0.8548
vn -0.0008 -0.3461 -0.9382
vn 0.0550 -0.1869 -0.9808
vn 0.1107 -0.0351 -0.9932
vn 0.1687 0.1155 -0.9789
vn 0.2315 0.2714 -0.9342
vn 0.2996 0.4354 -0.8489
vn 0.0157 -0.5356 -0.8443
vn 0.0664 -0.3662 -0.9282
vn 0.1172 -0.2069 -0.9713
vn 0.1698 -0.0554 -0.9839
vn 0.2265 0.0944 -0.9694
vn 0.2894 0.2486 -0.9244
vn 0.3587 0.4097 -0.8387
vn 0.4008 0.7582 -0.5143
vn 0.4386 0.8343 -0.3340
vn 0.4581 0.8737 -0.1636
vn 0.4640 0.8858 -0.0000
vn 0.4581 0.8737 0.1636
vn 0.4386 0.8343 0.3340
vn 0.4008 0.7582 0.5143
vn 0.4236 0.7467 -0.5129
vn 0.4606 0.8228 -0.3330
vn 0.4795 0.8622 -0.1631
vn 0.4853 0.8744 -0.0000
vn 0.4795 0.8623 0.1631
vn 0.4606 0.8228 0.3330
vn 0.4236 0.7467 0.5129
vn 0.4600 0.7269 -0.5099
vn 0.4956 0.8029 -0.3311
vn 0.5137 0.8425 -0.1622
vn 0.5192 0.8547 -0.0000
vn 0.5137 0.8425 0.1622
vn 0.4956 0.8029 0.3311
vn 0.4600 0.7269 0.5099
vn 0.5109 0.6963 -0.5041
vn 0.5445 0.7722 -0.3274
vn 0.5613 0.8119 -0.1604
vn 0.5664 0.8241 -0.0000
vn 0.5613 0.8119 0.1604
vn 0.5445 0.7722 0.3274
vn 0.5109 0.6963 0.5041
vn 0.5780 0.6501 -0.4933
vn 0.6089 0.7256 -0.3206
vn 0.6242 0.7653 -0.1571
vn 0.6287 0.7776 -0.0000
vn 0.6242 0.7653 0.1571
vn 0.6089 0.7256 0.3206
vn 0.5780 0.6501 0.4933
vn 0.6631 0.5798 -0.4733
vn 0.6906 0.6544 -0.3080
vn 0.7040 0.6940 -0.1511
vn 0.7079 0.7063 -0.0000
vn 0.7040 0.6940 0.1511
vn 0.6906 0.6544 0.3080
vn 0.6631 0.5799 0.4733
vn 0.7649 0.4734 -0.4368
vn 0.7884 0.5452 -0.2850
vn 0.7996 0.5840 -0.1401
vn 0.8029 0.5961 -0.0000
vn 0.7996 0.5839 0.1401
vn 0.7884 0.5452 0.2850
vn 0.7649 0.4734 0.4368
vn -0.2388 -0.4855 -0.8410
vn -0.1520 -0.3208 -0.9349
vn -0.0683 -0.1606 -0.9847
vn 0.0126 -0.0047 -0.9999
vn 0.0930 0.1513 -0.9841
vn 0.1751 0.3118 -0.9339
vn 0.2591 0.4771 -0.8398
vn -0.2113 -0.4964 -0.8420
vn -0.1246 -0.3312 -0.9353
vn -0.0412 -0.1707 -0.9845
vn 0.0392 -0.0148 -0.9991
vn 0.1190 0.1411 -0.9828
vn 0.2006 0.3013 -0.9322
vn 0.2839 0.4662 -0.8379
vn -0.1661 -0.5134 -0.8419
vn -0.0798 -0.3477 -0.9342
vn 0.0029 -0.1871 -0.9823
vn 0.0824 -0.0313 -0.9961
vn 0.1613 0.1242 -0.9791
vn 0.2417 0.2837 -0.9280
vn 0.3237 0.4477 -0.8335
vn -0.1001 -0.5361 -0.8382
vn -0.0148 -0.3705 -0.9287
vn 0.0664 -0.2103 -0.9754
vn 0.1443 -0.0553 -0.9880
vn 0.2213 0.0991 -0.9702
vn 0.2998 0.2571 -0.9187
vn 0.3797 0.4194 -0.8246
vn -0.0072 -0.5637 -0.8260
vn 0.0757 -0.3996 -0.9136
vn 0.1540 -0.2413 -0.9582
vn 0.2288 -0.0884 -0.9694
vn 0.3027 0.0633 -0.9510
vn 0.3780 0.2184 -0.8997
vn 0.4542 0.3775 -0.8069
vn 0.1204 -0.5932 -0.7960
vn 0.1986 -0.4338 -0.8789
vn 0.2715 -0.2805 -0.9206
vn 0.3410 -0.1329 -0.9306
vn 0.4097 0.0134 -0.9121
vn 0.4795 0.1626 -0.8624
vn 0.5501 0.3157 -0.7731
vn 0.2890 -0.6163 -0.7326
vn 0.3582 -0.4682 -0.8077
vn 0.4223 -0.3263 -0.8457
vn 0.4831 -0.1897 -0.8548
vn 0.5433 -0.0544 -0.8378
vn 0.6046 0.0836 -0.7921
vn 0.6665 0.2255 -0.7105
vn 0.2591 0.4771 0.8398
vn 0.1751 0.3118 0.9339
vn 0.0930 0.1513 0.9841
vn 0.0126 -0.0047 0.9999
vn -0.0683 -0.1606 0.9847
vn -0.1520 -0.3208 0.9349
vn -0.2388 -0.4855 0.8410
vn 0.2839 0.4662 0.8379
vn 0.2006 0.3013 0.9322
vn 0.1190 0.1411 0.9828
vn 0.0392 -0.0148 0.9991
vn -0.0412 -0.1707 0.9845
vn -0.1246 -0.3312 0.9353
vn -0.2113 -0.4964 0.8420
vn 0.3237 0.4477 0.8335
vn 0.2417 0.2837 0.9280
vn 0.1613 0.1242 0.9791
vn 0.0824 -0.0313 0.9961
vn 0.0029 -0.1871 0.9823
vn -0.0798 -0.3477 0.9342
vn -0.1661 -0.5134 0.8419
vn 0.3797 0.4194 0.8246
vn 0.2998 0.2571 0.9187
vn 0.2213 0.0991 0.9702
vn 0.1443 -0.0553 0.9880
vn 0.0664 -0.2103 0.9754
vn -0.0148 -0.3705 0.9287
vn -0.1001 -0.5361 0.8382
vn 0.4542 0.3775 0.8069
vn 0.3780 0.2184 0.8997
vn 0.3027 0.0633 0.9510
vn 0.2288 -0.0884 0.9694
vn 0.1540 -0.2413 0.9582
vn 0.0757 -0.3996 0.9136
vn -0.0072 -0.5637 0.8260
vn 0.5501 0.3157 0.7731
vn 0.4795 0.1626 0.8624
vn 0.4097 0.0134 0.9121
vn 0.3410 -0.1329 0.9306
vn 0.2715 -0.2805 0.9206
vn 0.1986 -0.4338 0.8789
vn 0.1204 -0.5932 0.7960
vn 0.6665 0.2255 0.7106
vn 0.6046 0.0836 0.7921
vn 0.5433 -0.0544 0.8378
vn 0.4831 -0.1897 0.8548
vn 0.4223 -0.3263 0.8457
vn 0.3582 -0.4682 0.8077
vn 0.2890 -0.6163 0.7326
vn 0.9489 -0.2633 -0.1740
vn 0.9349 -0.2979 -0.1931
vn 0.9213 -0.3312 -0.2038
vn 0.9081 -0.3637 -0.2077
vn 0.8948 -0.3964 -0.2053
vn 0.8810 -0.4305 -0.1962
vn 0.8662 -0.4667 -0.1787
vn 0.9486 -0.2784 -0.1503
vn 0.9365 -0.3087 -0.1661
vn 0.9249 -0.3377 -0.1746
vn 0.9137 -0.3657 -0.1773
vn 0.9025 -0.3937 -0.1746
vn 0.8909 -0.4227 -0.1662
vn 0.8786 -0.4532 -0.1508
vn 0.9491 -0.2723 -0.1584
vn 0.9364 -0.3046 -0.1745
vn 0.9242 -0.3353 -0.1829
vn 0.9125 -0.3648 -0.1851
vn 0.9009 -0.3941 -0.1818
vn 0.8889 -0.4243 -0.1726
vn 0.8762 -0.4559 -0.1561
vn 0.9493 -0.2470 -0.1942
vn 0.9338 -0.2870 -0.2138
vn 0.9189 -0.3248 -0.2238
vn 0.9047 -0.3611 -0.2262
vn 0.8906 -0.3971 -0.2217
vn 0.8761 -0.4339 -0.2101
vn 0.8607 -0.4724 -0.1898
vn 0.9451 -0.2005 -0.2582
vn 0.9245 -0.2538 -0.2844
vn 0.9048 -0.3043 -0.2979
vn 0.8859 -0.3529 -0.3011
vn 0.8672 -0.4010 -0.2952
vn 0.8479 -0.4503 -0.2798
vn 0.8273 -0.5017 -0.2526
vn 0.9272 -0.1279 -0.3520
vn 0.8993 -0.2005 -0.3887
vn 0.8723 -0.2696 -0.4078
vn 0.8464 -0.3363 -0.4130
vn 0.8206 -0.4026 -0.4056
vn 0.7939 -0.4707 -0.3850
vn 0.7651 -0.5419 -0.3479
vn 0.8802 -0.0244 -0.4739
vn 0.8423 -0.1214 -0.5252
vn 0.8053 -0.2144 -0.5527
vn 0.7694 -0.3048 -0.5614
vn 0.7335 -0.3952 -0.5530
vn 0.6960 -0.4886 -0.5262
vn 0.6553 -0.5861 -0.4765
vn 0.8361 -0.5362 -0.1162
vn 0.8252 -0.5595 -0.0781
vn 0.8186 -0.5731 -0.0392
vn 0.8164 -0.5775 -0.0000
vn 0.8186 -0.5731 0.0392
vn 0.8252 -0.5595 0.0781
vn 0.8361 -0.5362 0.1162
vn 0.8540 -0.5111 -0.0971
vn 0.8454 -0.5302 -0.0650
vn 0.8403 -0.5412 -0.0325
vn 0.8386 -0.5448 -0.0000
vn 0.8403 -0.5412 0.0325
vn 0.8454 -0.5302 0.0650
vn 0.8540 -0.5111 0.0971
vn 0.8513 -0.5152 -0.0997
vn 0.8427 -0.5343 -0.0665
vn 0.8376 -0.5453 -0.0332
vn 0.8359 -0.5489 -0.0000
vn 0.8376 -0.5453 0.0332
vn 0.8427 -0.5343 0.0665
vn 0.8513 -0.5152 0.0997
vn 0.8304 -0.5439 -0.1206
vn 0.8201 -0.5666 -0.0802
vn 0.8140 -0.5795 -0.0400
vn 0.8120 -0.5837 -0.0000
vn 0.8140 -0.5795 0.0400
vn 0.8201 -0.5666 0.0802
vn 0.8304 -0.5439 0.1206
vn 0.7865 -0.5964 -0.1601
vn 0.7725 -0.6260 -0.1063
vn 0.7643 -0.6427 -0.0529
vn 0.7616 -0.6481 -0.0000
vn 0.7643 -0.6427 0.0529
vn 0.7725 -0.6260 0.1063
vn 0.7865 -0.5964 0.1601
vn 0.7073 -0.6717 -0.2204
vn 0.6873 -0.7115 -0.1461
vn 0.6755 -0.7338 -0.0726
vn 0.6716 -0.7409 -0.0000
vn 0.6755 -0.7338 0.0726
vn 0.6873 -0.7115 0.1461
vn 0.7073 -0.6717 0.2204
vn 0.5728 -0.7622 -0.3016
vn 0.5443 -0.8148 -0.1995
vn 0.5275 -0.8438 -0.0989
vn 0.5220 -0.8530 -0.0000
vn 0.5275 -0.8438 0.0989
vn 0.5443 -0.8148 0.1995
vn 0.5728 -0.7622 0.3016
vn 0.9739 -0.1983 0.1106
vn 0.9815 -0.1767 0.0738
vn 0.9858 -0.1641 0.0368
vn 0.9871 -0.1600 -0.0000
vn 0.9858 -0.1641 -0.0368
vn 0.9815 -0.1767 -0.0738
vn 0.9739 -0.1983 -0.1106
vn 0.9705 -0.2211 0.0959
vn 0.9772 -0.2022 0.0640
vn 0.9810 -0.1912 0.0319
vn 0.9822 -0.1876 -0.0000
vn 0.9810 -0.1912 -0.0319
vn 0.9772 -0.2022 -0.0640
vn 0.9705 -0.2211 -0.0959
vn 0.9722 -0.2112 0.1013
vn 0.9792 -0.1911 0.0675
vn 0.9832 -0.1795 0.0337
vn 0.9844 -0.1757 -0.0000
vn 0.9832 -0.1795 -0.0337
vn 0.9792 -0.1911 -0.0675
vn 0.9722 -0.2112 -0.1012
vn 0.9773 -0.1716 0.1241
vn 0.9857 -0.1470 0.0826
vn 0.9903 -0.1328 0.0412
vn 0.9917 -0.1282 -0.0000
vn 0.9903 -0.1328 -0.0412
vn 0.9857 -0.1470 -0.0826
vn 0.9773 -0.1716 -0.1241
vn 0.9813 -0.1005 0.1644
vn 0.9917 -0.0682 0.1092
vn 0.9973 -0.0497 0.0544
vn 0.9990 -0.0436 -0.0000
vn 0.9973 -0.0497 -0.0544
vn 0.9917 -0.0682 -0.1092
vn 0.9813 -0.1005 -0.1644
vn 0.9749 0.0067 0.2226
vn 0.9878 0.0495 0.1474
vn 0.9946 0.0739 0.0732
vn 0.9967 0.0817 -0.0000
vn 0.9946 0.0739 -0.0732
vn 0.9878 0.0495 -0.1474
vn 0.9749 0.0067 -0.2226
vn 0.9427 0.1524 0.2968
vn 0.9586 0.2071 0.1956
vn 0.9665 0.2379 0.0968
vn 0.9688 0.2477 -0.0000
vn 0.9665 0.2379 -0.0968
vn 0.9586 0.2071 -0.1956
vn 0.9427 0.1524 -0.2968
vn 0.8662 -0.4667 0.1787
vn 0.8810 -0.4305 0.1962
vn 0.8948 -0.3964 0.2053
vn 0.9081 -0.3637 0.2077
vn 0.9213 -0.3312 0.2038
vn 0.9349 -0.2979 0.1931
vn 0.9489 -0.2633 0.1740
vn 0.8786 -0.4532 0.1508
vn 0.8909 -0.4227 0.1662
vn 0.9025 -0.3937 0.1746
vn 0.9137 -0.3657 0.1773
vn 0.9249 -0.3377 0.1747
vn 0.9365 -0.3087 0.1661
vn 0.9486 -0.2784 0.1503
vn 0.8762 -0.4559 0.1561
vn 0.8889 -0.4243 0.1726
vn 0.9009 -0.3941 0.1818
vn 0.9125 -0.3648 0.1851
vn 0.9242 -0.3353 0.1829
vn 0.9364 -0.3046 0.1745
vn 0.9491 -0.2723 0.1584
vn 0.8607 -0.4724 0.1898
vn 0.8761 -0.4339 0.2101
vn 0.8906 -0.3971 0.2217
vn 0.9047 -0.3611 0.2262
vn 0.9189 -0.3248 0.2238
vn 0.9338 -0.2870 0.2138
vn 0.9493 -0.2470 0.1942
vn 0.8273 -0.5017 0.2526
vn 0.8479 -0.4503 0.2798
vn 0.8672 -0.4010 0.2952
vn 0.8859 -0.3529 0.3011
vn 0.9048 -0.3043 0.2979
vn 0.9245 -0.2538 0.2844
vn 0.9451 -0.2005 0.2582
vn 0.7651 -0.5419 0.3479
vn 0.7939 -0.4707 0.3850
vn 0.8206 -0.4026 0.4056
vn 0.8464 -0.3363 0.4130
vn 0.8723 -0.2696 0.4078
vn 0.8993 -0.2005 0.3887
vn 0.9272 -0.1279 0.3520
vn 0.6553 -0.5861 0.4765
vn 0.6960 -0.4886 0.5262
vn 0.7335 -0.3952 0.5530
vn 0.7694 -0.3048 0.5614
vn 0.8053 -0.2144 0.5527
vn 0.8423 -0.1214 0.5252
vn 0.8802 -0.0244 0.4739
vn 0.5478 -0.7016 -0.4558
vn 0.6462 -0.5952 -0.4777
vn 0.7291 -0.4802 -0.4876
vn 0.7992 -0.3566 -0.4839
vn 0.8532 -0.2324 -0.4669
vn 0.8906 -0.1158 -0.4398
vn 0.9140 -0.0034 -0.4057
vn 0.5715 -0.7557 -0.3199
vn 0.6930 -0.6410 -0.3301
vn 0.7875 -0.5174 -0.3348
vn 0.8608 -0.3865 -0.3310
vn 0.9131 -0.2538 -0.3192
vn 0.9454 -0.1245 -0.3011
vn 0.9599 0.0052 -0.2804
vn 0.5860 -0.7927 -0.1679
vn 0.7205 -0.6721 -0.1707
vn 0.8230 -0.5416 -0.1711
vn 0.8987 -0.4051 -0.1683
vn 0.9501 -0.2663 -0.1626
vn 0.9797 -0.1278 -0.1547
vn 0.9893 0.0121 -0.1457
vn 0.5913 -0.8065 -0.0000
vn 0.7300 -0.6835 -0.0000
vn 0.8351 -0.5500 -0.0000
vn 0.9115 -0.4114 -0.0000
vn 0.9627 -0.2705 -0.0000
vn 0.9917 -0.1287 -0.0000
vn 0.9999 0.0147 -0.0000
vn 0.5860 -0.7927 0.1679
vn 0.7205 -0.6721 0.1707
vn 0.8230 -0.5416 0.1711
vn 0.8987 -0.4051 0.1683
vn 0.9501 -0.2663 0.1626
vn 0.9797 -0.1278 0.1547
vn 0.9893 0.0121 0.1457
vn 0.5715 -0.7557 0.3199
vn 0.6930 -0.6410 0.3301
vn 0.7875 -0.5174 0.3348
vn 0.8608 -0.3865 0.3310
vn 0.9131 -0.2538 0.3192
vn 0.9454 -0.1245 0.3011
vn 0.9599 0.0052 0.2804
vn 0.5478 -0.7016 0.4558
vn 0.6462 -0.5952 0.4777
vn 0.7291 -0.4802 0.4876
vn 0.7992 -0.3566 0.4839
vn 0.8532 -0.2324 0.4669
vn 0.8906 -0.1158 0.4398
vn 0.9140 -0.0034 0.4057
vn 0.6064 0.2385 0.7585
vn 0.5206 0.1071 0.8470
vn 0.4359 -0.0206 0.8997
vn 0.3517 -0.1466 0.9246
vn 0.2646 -0.2758 0.9241
vn 0.1707 -0.4136 0.8943
vn 0.0670 -0.5624 0.8241
vn 0.6185 0.2251 0.7529
vn 0.5339 0.0954 0.8401
vn 0.4507 -0.0305 0.8921
vn 0.3681 -0.1548 0.9168
vn 0.2829 -0.2824 0.9166
vn 0.1910 -0.4187 0.8878
vn 0.0894 -0.5665 0.8192
vn 0.6389 0.2043 0.7416
vn 0.5563 0.0775 0.8273
vn 0.4752 -0.0456 0.8787
vn 0.3949 -0.1676 0.9033
vn 0.3122 -0.2931 0.9037
vn 0.2235 -0.4275 0.8759
vn 0.1256 -0.5736 0.8095
vn 0.6680 0.1756 0.7231
vn 0.5886 0.0532 0.8067
vn 0.5105 -0.0662 0.8573
vn 0.4329 -0.1854 0.8822
vn 0.3537 -0.3086 0.8830
vn 0.2694 -0.4403 0.8565
vn 0.1767 -0.5836 0.7926
vn 0.7038 0.1399 0.6965
vn 0.6302 0.0227 0.7761
vn 0.5574 -0.0926 0.8251
vn 0.4839 -0.2090 0.8498
vn 0.4082 -0.3296 0.8513
vn 0.3282 -0.4570 0.8267
vn 0.2407 -0.5951 0.7668
vn 0.7447 0.0978 0.6602
vn 0.6812 -0.0139 0.7319
vn 0.6171 -0.1248 0.7769
vn 0.5490 -0.2391 0.8009
vn 0.4767 -0.3568 0.8034
vn 0.3999 -0.4779 0.7821
vn 0.3158 -0.6070 0.7293
vn 0.7909 0.0489 0.6100
vn 0.7443 -0.0555 0.6655
vn 0.6908 -0.1623 0.7046
vn 0.6286 -0.2760 0.7272
vn 0.5591 -0.3921 0.7305
vn 0.4850 -0.5056 0.7136
vn 0.4028 -0.6188 0.6744
vn -0.1382 -0.8349 0.5328
vn -0.2047 -0.9132 0.3523
vn -0.2420 -0.9545 0.1743
vn -0.2539 -0.9672 -0.0000
vn -0.2420 -0.9545 -0.1743
vn -0.2047 -0.9132 -0.3523
vn -0.1382 -0.8349 -0.5328
vn -0.1126 -0.8393 0.5318
vn -0.1785 -0.9187 0.3523
vn -0.2157 -0.9607 0.1745
vn -0.2275 -0.9738 -0.0000
vn -0.2157 -0.9607 -0.1745
vn -0.1785 -0.9187 -0.3523
vn -0.1126 -0.8393 -0.5318
vn -0.0705 -0.8461 0.5284
vn -0.1353 -0.9265 0.3511
vn -0.1722 -0.9695 0.1743
vn -0.1840 -0.9829 -0.0000
vn -0.1722 -0.9695 -0.1743
vn -0.1353 -0.9265 -0.3511
vn -0.0705 -0.8461 -0.5284
vn -0.0096 -0.8533 0.5213
vn -0.0722 -0.9347 0.3481
vn -0.1083 -0.9789 0.1735
vn -0.1201 -0.9928 -0.0000
vn -0.1083 -0.9789 -0.1735
vn -0.0723 -0.9347 -0.3481
vn -0.0096 -0.8533 -0.5213
vn 0.0684 -0.8580 0.5091
vn 0.0122 -0.9395 0.3422
vn -0.0202 -0.9849 0.1719
vn -0.0308 -0.9995 -0.0000
vn -0.0202 -0.9849 -0.1719
vn 0.0122 -0.9395 -0.3422
vn 0.0684 -0.8580 -0.5091
vn 0.1629 -0.8563 0.4901
vn 0.1205 -0.9353 0.3326
vn 0.0968 -0.9808 0.1694
vn 0.0889 -0.9960 -0.0000
vn 0.0968 -0.9808 -0.1694
vn 0.1205 -0.9353 -0.3326
vn 0.1629 -0.8563 -0.4901
vn 0.2760 -0.8426 0.4624
vn 0.2581 -0.9114 0.3206
vn 0.2464 -0.9548 0.1666
vn 0.2423 -0.9702 -0.0000
vn 0.2464 -0.9548 -0.1666
vn 0.2581 -0.9114 -0.3206
vn 0.2760 -0.8426 -0.4624
vn 0.7483 0.4708 -0.4674
vn 0.7850 0.5389 -0.3056
vn 0.8037 0.5758 -0.1504
vn 0.8093 0.5874 -0.0000
vn 0.8036 0.5758 0.1504
vn 0.7850 0.5389 0.3056
vn 0.7483 0.4708 0.4674
vn 0.7593 0.4553 -0.4649
vn 0.7961 0.5231 -0.3042
vn 0.8149 0.5599 -0.1498
vn 0.8206 0.5715 -0.0000
vn 0.8149 0.5599 0.1498
vn 0.7961 0.5231 0.3042
vn 0.7593 0.4553 0.4649
vn 0.7773 0.4302 -0.4591
vn 0.8138 0.4972 -0.3008
vn 0.8325 0.5338 -0.1483
vn 0.8382 0.5453 -0.0000
vn 0.8325 0.5338 0.1483
vn 0.8138 0.4972 0.3008
vn 0.7773 0.4302 0.4591
vn 0.8018 0.3939 -0.4494
vn 0.8377 0.4594 -0.2954
vn 0.8563 0.4954 -0.1461
vn 0.8620 0.5069 -0.0000
vn 0.8563 0.4954 0.1461
vn 0.8377 0.4594 0.2954
vn 0.8018 0.3939 0.4494
vn 0.8306 0.3469 -0.4356
vn 0.8663 0.4084 -0.2877
vn 0.8854 0.4423 -0.1431
vn 0.8914 0.4533 -0.0000
vn 0.8854 0.4423 0.1431
vn 0.8663 0.4084 0.2877
vn 0.8306 0.3469 0.4356
vn 0.8615 0.2890 -0.4175
vn 0.8978 0.3417 -0.2779
vn 0.9182 0.3707 -0.1399
vn 0.9249 0.3802 -0.0000
vn 0.9182 0.3707 0.1399
vn 0.8978 0.3417 0.2779
vn 0.8615 0.2890 0.4175
vn 0.8930 0.2168 -0.3944
vn 0.9297 0.2526 -0.2680
vn 0.9517 0.2746 -0.1376
vn 0.9593 0.2822 -0.0000
vn 0.9517 0.2746 0.1376
vn 0.9297 0.2526 0.2680
vn 0.8930 0.2168 0.3944
vn 0.0670 -0.5624 -0.8241
vn 0.1707 -0.4136 -0.8943
vn 0.2646 -0.2758 -0.9241
vn 0.3517 -0.1466 -0.9246
vn 0.4359 -0.0206 -0.8997
vn 0.5206 0.1071 -0.8470
vn 0.6064 0.2385 -0.7585
vn 0.0894 -0.5665 -0.8192
vn 0.1910 -0.4188 -0.8878
vn 0.2829 -0.2824 -0.9166
vn 0.3681 -0.1548 -0.9168
vn 0.4507 -0.0305 -0.8921
vn 0.5339 0.0954 -0.8401
vn 0.6185 0.2251 -0.7529
vn 0.1256 -0.5736 -0.8095
vn 0.2235 -0.4275 -0.8759
vn 0.3122 -0.2931 -0.9037
vn 0.3949 -0.1676 -0.9033
vn 0.4752 -0.0456 -0.8787
vn 0.5563 0.0776 -0.8273
vn 0.6389 0.2043 -0.7416
vn 0.1767 -0.5836 -0.7926
vn 0.2694 -0.4403 -0.8565
vn 0.3537 -0.3086 -0.8830
vn 0.4329 -0.1854 -0.8822
vn 0.5105 -0.0662 -0.8573
vn 0.5886 0.0532 -0.8067
vn 0.6680 0.1756 -0.7231
vn 0.2407 -0.5951 -0.7668
vn 0.3282 -0.4570 -0.8267
vn 0.4082 -0.3296 -0.8513
vn 0.4839 -0.2090 -0.8498
vn 0.5574 -0.0926 -0.8251
vn 0.6302 0.0227 -0.7761
vn 0.7038 0.1399 -0.6965
vn 0.3158 -0.6070 -0.7293
vn 0.3999 -0.4779 -0.7821
vn 0.4767 -0.3568 -0.8034
vn 0.5490 -0.2391 -0.8009
vn 0.6171 -0.1248 -0.7769
vn 0.6812 -0.0139 -0.7319
vn 0.7447 0.0978 -0.6602
vn 0.4028 -0.6188 -0.6744
vn 0.4850 -0.5056 -0.7136
vn 0.5591 -0.3921 -0.7305
vn 0.6286 -0.2760 -0.7272
vn 0.6908 -0.1623 -0.7046
vn 0.7443 -0.0554 -0.6655
vn 0.7909 0.0489 -0.6100
vn 0.5015 -0.5277 -0.6856
vn 0.5453 -0.3869 -0.7436
vn 0.5803 -0.2571 -0.7727
vn 0.6101 -0.1335 -0.7810
vn 0.6376 -0.0098 -0.7703
vn 0.6651 0.1198 -0.7371
vn 0.6934 0.2585 -0.6726
vn 0.2631 -0.5436 -0.7971
vn 0.3215 -0.3825 -0.8662
vn 0.3702 -0.2332 -0.8992
vn 0.4125 -0.0914 -0.9064
vn 0.4520 0.0496 -0.8906
vn 0.4915 0.1961 -0.8485
vn 0.5320 0.3512 -0.7705
vn 0.0684 -0.5297 -0.8454
vn 0.1350 -0.3617 -0.9225
vn 0.1928 -0.2046 -0.9597
vn 0.2447 -0.0551 -0.9680
vn 0.2939 0.0937 -0.9512
vn 0.3435 0.2480 -0.9058
vn 0.3946 0.4110 -0.8218
vn -0.0586 -0.5089 -0.8588
vn 0.0108 -0.3402 -0.9403
vn 0.0731 -0.1815 -0.9807
vn 0.1302 -0.0298 -0.9910
vn 0.1852 0.1214 -0.9752
vn 0.2411 0.2786 -0.9297
vn 0.2991 0.4448 -0.8442
vn -0.1324 -0.4924 -0.8602
vn -0.0624 -0.3246 -0.9438
vn 0.0017 -0.1662 -0.9861
vn 0.0613 -0.0143 -0.9980
vn 0.1194 0.1374 -0.9833
vn 0.1786 0.2954 -0.9385
vn 0.2404 0.4628 -0.8532
vn -0.1717 -0.4821 -0.8591
vn -0.1017 -0.3151 -0.9436
vn -0.0370 -0.1572 -0.9869
vn 0.0237 -0.0057 -0.9997
vn 0.0832 0.1460 -0.9858
vn 0.1441 0.3042 -0.9416
vn 0.2079 0.4720 -0.8567
vn -0.1898 -0.4768 -0.8583
vn -0.1199 -0.3102 -0.9431
vn -0.0550 -0.1528 -0.9867
vn 0.0061 -0.0015 -1.0000
vn 0.0662 0.1500 -0.9865
vn 0.1279 0.3082 -0.9427
vn 0.1925 0.4760 -0.8581
vn 0.7352 0.5218 -0.4327
vn 0.7415 0.6061 -0.2877
vn 0.7430 0.6538 -0.1431
vn 0.7432 0.6691 -0.0000
vn 0.7430 0.6538 0.1431
vn 0.7415 0.6061 0.2877
vn 0.7352 0.5218 0.4327
vn 0.5960 0.6373 -0.4885
vn 0.6094 0.7243 -0.3224
vn 0.6149 0.7723 -0.1595
vn 0.6164 0.7875 -0.0000
vn 0.6149 0.7723 0.1595
vn 0.6094 0.7243 0.3224
vn 0.5960 0.6373 0.4885
vn 0.4797 0.7077 -0.5187
vn 0.5006 0.7956 -0.3413
vn 0.5106 0.8432 -0.1685
vn 0.5135 0.8581 -0.0000
vn 0.5106 0.8432 0.1685
vn 0.5006 0.7956 0.3412
vn 0.4797 0.7077 0.5187
vn 0.3990 0.7462 -0.5329
vn 0.4255 0.8344 -0.3503
vn 0.4389 0.8817 -0.1728
vn 0.4430 0.8965 -0.0000
vn 0.4389 0.8817 0.1728
vn 0.4255 0.8344 0.3503
vn 0.3990 0.7462 0.5329
vn 0.3491 0.7663 -0.5393
vn 0.3792 0.8547 -0.3546
vn 0.3948 0.9020 -0.1749
vn 0.3996 0.9167 -0.0000
vn 0.3948 0.9020 0.1749
vn 0.3792 0.8547 0.3546
vn 0.3491 0.7663 0.5393
vn 0.3213 0.7764 -0.5422
vn 0.3534 0.8649 -0.3565
vn 0.3702 0.9122 -0.1759
vn 0.3754 0.9269 -0.0000
vn 0.3702 0.9122 0.1759
vn 0.3534 0.8649 0.3565
vn 0.3213 0.7764 0.5422
vn 0.3081 0.7808 -0.5435
vn 0.3411 0.8694 -0.3575
vn 0.3585 0.9167 -0.1764
vn 0.3639 0.9314 -0.0000
vn 0.3585 0.9167 0.1764
vn 0.3411 0.8694 0.3575
vn 0.3081 0.7808 0.5435
vn 0.3894 -0.8014 0.4539
vn 0.3423 -0.8888 0.3047
vn 0.3127 -0.9376 0.1523
vn 0.3027 -0.9531 -0.0000
vn 0.3127 -0.9376 -0.1523
vn 0.3423 -0.8888 -0.3048
vn 0.3894 -0.8014 -0.4539
vn 0.1280 -0.8454 0.5185
vn 0.0772 -0.9356 0.3444
vn 0.0469 -0.9842 0.1709
vn 0.0369 -0.9993 -0.0000
vn 0.0469 -0.9842 -0.1709
vn 0.0772 -0.9356 -0.3444
vn 0.1280 -0.8454 -0.5185
vn -0.0714 -0.8372 0.5423
vn -0.1190 -0.9262 0.3579
vn -0.1463 -0.9733 0.1768
vn -0.1551 -0.9879 -0.0000
vn -0.1463 -0.9733 -0.1768
vn -0.1190 -0.9262 -0.3579
vn -0.0714 -0.8372 -0.5423
vn -0.1954 -0.8144 0.5464
vn -0.2388 -0.9020 0.3596
vn -0.2630 -0.9483 0.1774
vn -0.2707 -0.9627 -0.0000
vn -0.2630 -0.9483 -0.1774
vn -0.2388 -0.9020 -0.3596
vn -0.1954 -0.8144 -0.5464
vn -0.2653 -0.7952 0.5452
vn -0.3059 -0.8820 0.3584
vn -0.3281 -0.9280 0.1767
vn -0.3351 -0.9422 -0.0000
vn -0.3281 -0.9280 -0.1767
vn -0.3059 -0.8820 -0.3584
vn -0.2653 -0.7952 -0.5452
vn -0.3021 -0.7831 0.5436
vn -0.3410 -0.8695 0.3572
vn -0.3621 -0.9153 0.1761
vn -0.3687 -0.9295 -0.0000
vn -0.3621 -0.9153 -0.1761
vn -0.3410 -0.8695 -0.3572
vn -0.3021 -0.7831 -0.5436
vn -0.3189 -0.7770 0.5428
vn -0.3571 -0.8633 0.3567
vn -0.3777 -0.9091 0.1759
vn -0.3842 -0.9233 -0.0000
vn -0.3777 -0.9091 -0.1759
vn -0.3571 -0.8633 -0.3567
vn -0.3189 -0.7770 -0.5428
vn 0.6934 0.2585 0.6726
vn 0.6651 0.1198 0.7371
vn 0.6376 -0.0098 0.7703
vn 0.6101 -0.1335 0.7810
vn 0.5803 -0.2571 0.7727
vn 0.5453 -0.3869 0.7436
vn 0.5015 -0.5277 0.6856
vn 0.5320 0.3512 0.7705
vn 0.4915 0.1961 0.8485
vn 0.4520 0.0496 0.8906
vn 0.4125 -0.0914 0.9064
vn 0.3702 -0.2332 0.8992
vn 0.3215 -0.3825 0.8662
vn 0.2631 -0.5436 0.7971
vn 0.3946 0.4110 0.8218
vn 0.3435 0.2480 0.9058
vn 0.2939 0.0937 0.9512
vn 0.2447 -0.0551 0.9680
vn 0.1929 -0.2046 0.9597
vn 0.1350 -0.3617 0.9225
vn 0.0684 -0.5297 0.8454
vn 0.2991 0.4448 0.8442
vn 0.2411 0.2786 0.9297
vn 0.1852 0.1214 0.9752
vn 0.1302 -0.0298 0.9910
vn 0.0731 -0.1815 0.9807
vn 0.0108 -0.3402 0.9403
vn -0.0586 -0.5089 0.8588
vn 0.2404 0.4628 0.8532
vn 0.1786 0.2954 0.9385
vn 0.1193 0.1374 0.9833
vn 0.0613 -0.0143 0.9980
vn 0.0017 -0.1662 0.9861
vn -0.0624 -0.3246 0.9438
vn -0.1324 -0.4924 0.8602
vn 0.2079 0.4720 0.8567
vn 0.1441 0.3042 0.9416
vn 0.0832 0.1460 0.9858
vn 0.0237 -0.0057 0.9997
vn -0.0370 -0.1572 0.9869
vn -0.1017 -0.3151 0.9436
vn -0.1717 -0.4821 0.8591
vn 0.1925 0.4760 0.8581
vn 0.1279 0.3082 0.9427
vn 0.0662 0.1500 0.9865
vn 0.0061 -0.0015 1.0000
vn -0.0550 -0.1528 0.9867
vn -0.1199 -0.3102 0.9431
vn -0.1898 -0.4768 0.8583
vn 0.8602 0.0353 0.5087
vn 0.8065 -0.0532 0.5889
vn 0.7553 -0.1497 0.6381
vn 0.7111 -0.2521 0.6563
vn 0.6761 -0.3587 0.6436
vn 0.6502 -0.4673 0.5991
vn 0.6318 -0.5731 0.5219
vn 0.7360 0.1771 0.6534
vn 0.6622 0.0610 0.7469
vn 0.5930 -0.0617 0.8028
vn 0.5330 -0.1894 0.8246
vn 0.4833 -0.3228 0.8138
vn 0.4434 -0.4621 0.7680
vn 0.4116 -0.6042 0.6823
vn 0.5824 0.3012 0.7550
vn 0.4966 0.1624 0.8526
vn 0.4164 0.0208 0.9089
vn 0.3447 -0.1231 0.9306
vn 0.2813 -0.2719 0.9203
vn 0.2246 -0.4287 0.8751
vn 0.1731 -0.5922 0.7870
vn 0.4447 0.3871 0.8077
vn 0.3559 0.2341 0.9047
vn 0.2720 0.0818 0.9588
vn 0.1944 -0.0698 0.9784
vn 0.1216 -0.2246 0.9668
vn 0.0516 -0.3868 0.9207
vn -0.0169 -0.5563 0.8308
vn 0.3467 0.4379 0.8295
vn 0.2590 0.2776 0.9251
vn 0.1750 0.1203 0.9772
vn 0.0952 -0.0344 0.9949
vn 0.0175 -0.1906 0.9815
vn -0.0603 -0.3528 0.9337
vn -0.1391 -0.5214 0.8419
vn 0.2876 0.4651 0.8372
vn 0.2016 0.3014 0.9319
vn 0.1184 0.1419 0.9828
vn 0.0379 -0.0138 0.9992
vn -0.0419 -0.1700 0.9846
vn -0.1236 -0.3312 0.9354
vn -0.2075 -0.4976 0.8422
vn 0.2582 0.4777 0.8397
vn 0.1734 0.3126 0.9339
vn 0.0907 0.1523 0.9842
vn 0.0102 -0.0037 0.9999
vn -0.0706 -0.1597 0.9846
vn -0.1539 -0.3201 0.9348
vn -0.2400 -0.4851 0.8409
vn 0.6318 -0.5731 -0.5219
vn 0.6502 -0.4673 -0.5991
vn 0.6761 -0.3587 -0.6436
vn 0.7111 -0.2521 -0.6563
vn 0.7553 -0.1497 -0.6381
vn 0.8065 -0.0532 -0.5889
vn 0.8602 0.0353 -0.5087
vn 0.4117 -0.6042 -0.6823
vn 0.4434 -0.4621 -0.7680
vn 0.4833 -0.3228 -0.8138
vn 0.5330 -0.1894 -0.8246
vn 0.5930 -0.0617 -0.8028
vn 0.6622 0.0610 -0.7469
vn 0.7360 0.1771 -0.6534
vn 0.1731 -0.5922 -0.7870
vn 0.2246 -0.4287 -0.8751
vn 0.2813 -0.2719 -0.9203
vn 0.3447 -0.1231 -0.9306
vn 0.4164 0.0208 -0.9089
vn 0.4966 0.1624 -0.8526
vn 0.5824 0.3012 -0.7550
vn -0.0169 -0.5563 -0.8308
vn 0.0516 -0.3868 -0.9207
vn 0.1216 -0.2246 -0.9668
vn 0.1944 -0.0698 -0.9784
vn 0.2720 0.0818 -0.9588
vn 0.3559 0.2341 -0.9047
vn 0.4447 0.3871 -0.8077
vn -0.1391 -0.5214 -0.8419
vn -0.0603 -0.3528 -0.9337
vn 0.0175 -0.1906 -0.9815
vn 0.0952 -0.0344 -0.9949
vn 0.1750 0.1203 -0.9772
vn 0.2590 0.2776 -0.9251
vn 0.3467 0.4379 -0.8295
vn -0.2075 -0.4976 -0.8422
vn -0.1236 -0.3312 -0.9354
vn -0.0419 -0.1700 -0.9846
vn 0.0379 -0.0138 -0.9992
vn 0.1184 0.1419 -0.9828
vn 0.2016 0.3014 -0.9319
vn 0.2876 0.4651 -0.8372
vn -0.2400 -0.4851 -0.8409
vn -0.1539 -0.3201 -0.9348
vn -0.0706 -0.1597 -0.9846
vn 0.0102 -0.0037 -0.9999
vn 0.0907 0.1523 -0.9842
vn 0.1734 0.3126 -0.9339
vn 0.2582 0.4777 -0.8397
vn 0.9429 0.1655 -0.2890
vn 0.9628 0.1978 -0.1840
vn 0.9728 0.2138 -0.0892
vn 0.9758 0.2186 -0.0000
vn 0.9728 0.2138 0.0892
vn 0.9628 0.1978 0.1840
vn 0.9429 0.1656 0.2890
vn 0.8544 0.3553 -0.3792
vn 0.8837 0.4003 -0.2427
vn 0.8985 0.4228 -0.1179
vn 0.9030 0.4296 -0.0000
vn 0.8985 0.4228 0.1179
vn 0.8837 0.4003 0.2427
vn 0.8544 0.3553 0.3792
vn 0.7247 0.5233 -0.4482
vn 0.7612 0.5808 -0.2884
vn 0.7799 0.6100 -0.1406
vn 0.7856 0.6188 -0.0000
vn 0.7799 0.6100 0.1406
vn 0.7612 0.5808 0.2884
vn 0.7247 0.5233 0.4482
vn 0.5946 0.6396 -0.4872
vn 0.6340 0.7063 -0.3149
vn 0.6543 0.7405 -0.1539
vn 0.6605 0.7509 -0.0000
vn 0.6543 0.7405 0.1539
vn 0.6340 0.7063 0.3149
vn 0.5946 0.6396 0.4872
vn 0.4953 0.7071 -0.5047
vn 0.5348 0.7791 -0.3271
vn 0.5552 0.8162 -0.1600
vn 0.5615 0.8275 -0.0000
vn 0.5552 0.8162 0.1600
vn 0.5348 0.7791 0.3271
vn 0.4953 0.7071 0.5047
vn 0.4331 0.7421 -0.5116
vn 0.4721 0.8167 -0.3319
vn 0.4921 0.8552 -0.1625
vn 0.4983 0.8670 -0.0000
vn 0.4921 0.8552 0.1625
vn 0.4721 0.8167 0.3319
vn 0.4331 0.7421 0.5116
vn 0.4017 0.7580 -0.5140
vn 0.4401 0.8336 -0.3337
vn 0.4599 0.8728 -0.1634
vn 0.4660 0.8848 -0.0000
vn 0.4599 0.8728 0.1634
vn 0.4401 0.8336 0.3337
vn 0.4017 0.7580 0.5140
vn 0.6088 -0.7345 0.2998
vn 0.6037 -0.7740 0.1910
vn 0.6018 -0.7933 0.0925
vn 0.6013 -0.7990 -0.0000
vn 0.6018 -0.7933 -0.0925
vn 0.6037 -0.7740 -0.1910
vn 0.6088 -0.7345 -0.2998
vn 0.3673 -0.8366 0.4065
vn 0.3570 -0.8967 0.2616
vn 0.3526 -0.9271 0.1274
vn 0.3514 -0.9362 -0.0000
vn 0.3526 -0.9271 -0.1274
vn 0.3570 -0.8967 -0.2616
vn 0.3673 -0.8366 -0.4065
vn 0.0926 -0.8718 0.4809
vn 0.0723 -0.9474 0.3119
vn 0.0625 -0.9863 0.1526
vn 0.0597 -0.9982 -0.0000
vn 0.0625 -0.9863 -0.1526
vn 0.0723 -0.9474 -0.3119
vn 0.0926 -0.8718 -0.4810
vn -0.1306 -0.8491 0.5118
vn -0.1607 -0.9292 0.3329
vn -0.1759 -0.9708 0.1631
vn -0.1804 -0.9836 -0.0000
vn -0.1759 -0.9708 -0.1631
vn -0.1607 -0.9292 -0.3329
vn -0.1306 -0.8491 -0.5118
vn -0.2725 -0.8108 0.5180
vn -0.3085 -0.8896 0.3368
vn -0.3270 -0.9305 0.1651
vn -0.3326 -0.9431 -0.0000
vn -0.3270 -0.9305 -0.1651
vn -0.3085 -0.8896 -0.3368
vn -0.2725 -0.8108 -0.5180
vn -0.3504 -0.7812 0.5167
vn -0.3891 -0.8579 0.3357
vn -0.4091 -0.8976 0.1644
vn -0.4152 -0.9097 -0.0000
vn -0.4091 -0.8975 -0.1644
vn -0.3891 -0.8579 -0.3357
vn -0.3504 -0.7812 -0.5167
vn -0.3868 -0.7650 0.5149
vn -0.4266 -0.8404 0.3343
vn -0.4473 -0.8793 0.1637
vn -0.4536 -0.8912 -0.0000
vn -0.4473 -0.8793 -0.1637
vn -0.4266 -0.8404 -0.3343
vn -0.3868 -0.7650 -0.5149
vn 0.7514 -0.5466 -0.3697
vn 0.7850 -0.4720 -0.4013
vn 0.8155 -0.4031 -0.4153
vn 0.8441 -0.3383 -0.4159
vn 0.8722 -0.2753 -0.4044
vn 0.9005 -0.2118 -0.3798
vn 0.9291 -0.1469 -0.3393
vn 0.6234 -0.5897 -0.5135
vn 0.6747 -0.4872 -0.5544
vn 0.7206 -0.3934 -0.5709
vn 0.7632 -0.3061 -0.5691
vn 0.8044 -0.2218 -0.5511
vn 0.8457 -0.1376 -0.5157
vn 0.8869 -0.0520 -0.4589
vn 0.4590 -0.6103 -0.6457
vn 0.5303 -0.4842 -0.6959
vn 0.5938 -0.3690 -0.7150
vn 0.6521 -0.2621 -0.7113
vn 0.7083 -0.1593 -0.6877
vn 0.7641 -0.0568 -0.6426
vn 0.8196 0.0471 -0.5710
vn 0.2992 -0.6058 -0.7372
vn 0.3870 -0.4655 -0.7960
vn 0.4654 -0.3366 -0.8186
vn 0.5374 -0.2168 -0.8150
vn 0.6065 -0.1014 -0.7886
vn 0.6752 0.0140 -0.7375
vn 0.7436 0.1311 -0.6557
vn 0.1789 -0.5897 -0.7876
vn 0.2767 -0.4429 -0.8528
vn 0.3646 -0.3073 -0.8790
vn 0.4456 -0.1807 -0.8768
vn 0.5235 -0.0582 -0.8500
vn 0.6012 0.0648 -0.7965
vn 0.6787 0.1899 -0.7094
vn 0.1052 -0.5746 -0.8117
vn 0.2078 -0.4255 -0.8808
vn 0.3005 -0.2872 -0.9095
vn 0.3864 -0.1576 -0.9088
vn 0.4691 -0.0317 -0.8826
vn 0.5518 0.0951 -0.8285
vn 0.6348 0.2247 -0.7393
vn 0.0690 -0.5653 -0.8220
vn 0.1734 -0.4156 -0.8929
vn 0.2681 -0.2766 -0.9228
vn 0.3559 -0.1461 -0.9230
vn 0.4407 -0.0190 -0.8975
vn 0.5256 0.1094 -0.8436
vn 0.6112 0.2409 -0.7539
vn 0.9769 -0.0278 -0.2118
vn 0.9900 0.0110 -0.1403
vn 0.9970 0.0332 -0.0697
vn 0.9992 0.0404 -0.0000
vn 0.9970 0.0332 0.0697
vn 0.9900 0.0110 0.1403
vn 0.9769 -0.0278 0.2118
vn 0.9535 0.1025 -0.2834
vn 0.9707 0.1513 -0.1867
vn 0.9795 0.1790 -0.0924
vn 0.9822 0.1879 -0.0000
vn 0.9795 0.1790 0.0924
vn 0.9707 0.1513 0.1867
vn 0.9535 0.1025 0.2834
vn 0.9077 0.2318 -0.3498
vn 0.9297 0.2884 -0.2293
vn 0.9406 0.3200 -0.1131
vn 0.9440 0.3301 -0.0000
vn 0.9406 0.3200 0.1131
vn 0.9297 0.2884 0.2293
vn 0.9077 0.2318 0.3498
vn 0.8521 0.3371 -0.4004
vn 0.8790 0.3987 -0.2617
vn 0.8923 0.4326 -0.1288
vn 0.8963 0.4434 -0.0000
vn 0.8923 0.4326 0.1288
vn 0.8790 0.3987 0.2617
vn 0.8521 0.3371 0.4004
vn 0.8030 0.4093 -0.4333
vn 0.8340 0.4738 -0.2828
vn 0.8495 0.5089 -0.1391
vn 0.8541 0.5200 -0.0000
vn 0.8495 0.5089 0.1391
vn 0.8340 0.4738 0.2828
vn 0.8030 0.4093 0.4333
vn 0.7691 0.4515 -0.4524
vn 0.8030 0.5178 -0.2952
vn 0.8200 0.5537 -0.1451
vn 0.8251 0.5650 -0.0000
vn 0.8200 0.5537 0.1451
vn 0.8030 0.5178 0.2952
vn 0.7691 0.4516 0.4524
vn 0.7508 0.4718 -0.4624
vn 0.7864 0.5390 -0.3018
vn 0.8043 0.5754 -0.1484
vn 0.8097 0.5868 -0.0000
vn 0.8043 0.5754 0.1484
vn 0.7864 0.5390 0.3018
vn 0.7508 0.4718 0.4624
vn 0.6786 -0.6924 0.2451
vn 0.6506 -0.7412 0.1656
vn 0.6333 -0.7694 0.0832
vn 0.6276 -0.7786 -0.0000
vn 0.6333 -0.7694 -0.0832
vn 0.6506 -0.7412 -0.1656
vn 0.6786 -0.6924 -0.2451
vn 0.5107 -0.7890 0.3416
vn 0.4675 -0.8535 0.2302
vn 0.4412 -0.8900 0.1153
vn 0.4324 -0.9017 -0.0000
vn 0.4412 -0.8900 -0.1153
vn 0.4675 -0.8535 -0.2302
vn 0.5107 -0.7890 -0.3416
vn 0.3045 -0.8513 0.4273
vn 0.2477 -0.9256 0.2861
vn 0.2138 -0.9664 0.1427
vn 0.2027 -0.9792 -0.0000
vn 0.2138 -0.9664 -0.1427
vn 0.2477 -0.9256 -0.2861
vn 0.3045 -0.8513 -0.4273
vn 0.1152 -0.8681 0.4828
vn 0.0509 -0.9456 0.3212
vn 0.0136 -0.9871 0.1595
vn 0.0015 -1.0000 -0.0000
vn 0.0136 -0.9871 -0.1595
vn 0.0509 -0.9456 -0.3212
vn 0.1152 -0.8681 -0.4828
vn -0.0197 -0.8593 0.5110
vn -0.0862 -0.9370 0.3384
vn -0.1240 -0.9780 0.1676
vn -0.1362 -0.9907 -0.0000
vn -0.1240 -0.9780 -0.1676
vn -0.0862 -0.9370 -0.3384
vn -0.0197 -0.8593 -0.5110
vn -0.0991 -0.8461 0.5238
vn -0.1657 -0.9235 0.3460
vn -0.2032 -0.9641 0.1711
vn -0.2152 -0.9766 -0.0000
vn -0.2032 -0.9641 -0.1711
vn -0.1657 -0.9235 -0.3460
vn -0.0991 -0.8461 -0.5238
vn -0.1371 -0.8372 0.5295
vn -0.2036 -0.9145 0.3496
vn -0.2409 -0.9550 0.1728
vn -0.2528 -0.9675 -0.0000
vn -0.2409 -0.9550 -0.1728
vn -0.2036 -0.9145 -0.3496
vn -0.1371 -0.8372 -0.5295
vn 0.9291 -0.1469 0.3393
vn 0.9005 -0.2118 0.3798
vn 0.8722 -0.2753 0.4044
vn 0.8441 -0.3383 0.4159
vn 0.8155 -0.4031 0.4153
vn 0.7850 -0.4720 0.4013
vn 0.7514 -0.5466 0.3697
vn 0.8869 -0.0520 0.4589
vn 0.8457 -0.1376 0.5157
vn 0.8044 -0.2218 0.5511
vn 0.7632 -0.3061 0.5691
vn 0.7206 -0.3934 0.5709
vn 0.6747 -0.4872 0.5544
vn 0.6234 -0.5897 0.5135
vn 0.8196 0.0471 0.5710
vn 0.7641 -0.0568 0.6426
vn 0.7083 -0.1593 0.6877
vn 0.6521 -0.2621 0.7113
vn 0.5938 -0.3690 0.7150
vn 0.5303 -0.4842 0.6959
vn 0.4590 -0.6103 0.6457
vn 0.7436 0.1311 0.6557
vn 0.6752 0.0140 0.7375
vn 0.6065 -0.1014 0.7886
vn 0.5374 -0.2168 0.8150
vn 0.4654 -0.3366 0.8186
vn 0.3870 -0.4655 0.7960
vn 0.2992 -0.6058 0.7372
vn 0.6787 0.1899 0.7094
vn 0.6012 0.0648 0.7965
vn 0.5235 -0.0582 0.8500
vn 0.4456 -0.1807 0.8768
vn 0.3646 -0.3073 0.8790
vn 0.2767 -0.4429 0.8528
vn 0.1789 -0.5897 0.7876
vn 0.6348 0.2247 0.7393
vn 0.5518 0.0951 0.8285
vn 0.4691 -0.0317 0.8826
vn 0.3864 -0.1576 0.9088
vn 0.3005 -0.2872 0.9095
vn 0.2078 -0.4255 0.8808
vn 0.1052 -0.5746 0.8117
vn 0.6112 0.2409 0.7539
vn 0.5256 0.1094 0.8436
vn 0.4407 -0.0190 0.8975
vn 0.3559 -0.1461 0.9230
vn 0.2681 -0.2766 0.9228
vn 0.1734 -0.4156 0.8929
vn 0.0690 -0.5653 0.8220
vn -0.0140 -0.4855 -0.8741
vn -0.0302 -0.4887 -0.8719
vn -0.0499 -0.4937 -0.8682
vn -0.0745 -0.5003 -0.8626
vn -0.1062 -0.5080 -0.8548
vn -0.1487 -0.5163 -0.8434
vn -0.2082 -0.5241 -0.8258
vn -0.0060 -0.3113 -0.9503
vn -0.0151 -0.3138 -0.9494
vn -0.0285 -0.3179 -0.9477
vn -0.0476 -0.3237 -0.9450
vn -0.0746 -0.3310 -0.9407
vn -0.1132 -0.3400 -0.9336
vn -0.1704 -0.3508 -0.9208
vn -0.0024 -0.1513 -0.9885
vn -0.0082 -0.1527 -0.9882
vn -0.0186 -0.1553 -0.9877
vn -0.0347 -0.1591 -0.9866
vn -0.0588 -0.1646 -0.9846
vn -0.0944 -0.1724 -0.9805
vn -0.1488 -0.1833 -0.9717
vn -0.0028 0.0003 -1.0000
vn -0.0088 -0.0002 -1.0000
vn -0.0190 -0.0011 -0.9998
vn -0.0347 -0.0031 -0.9994
vn -0.0577 -0.0066 -0.9983
vn -0.0917 -0.0124 -0.9957
vn -0.1436 -0.0222 -0.9894
vn -0.0067 0.1517 -0.9884
vn -0.0159 0.1521 -0.9882
vn -0.0286 0.1523 -0.9879
vn -0.0459 0.1520 -0.9873
vn -0.0698 0.1503 -0.9862
vn -0.1035 0.1462 -0.9838
vn -0.1537 0.1378 -0.9785
vn -0.0138 0.3114 -0.9502
vn -0.0288 0.3123 -0.9495
vn -0.0463 0.3133 -0.9485
vn -0.0672 0.3140 -0.9470
vn -0.0936 0.3134 -0.9450
vn -0.1283 0.3105 -0.9419
vn -0.1775 0.3030 -0.9363
vn -0.0237 0.4851 -0.8741
vn -0.0471 0.4859 -0.8727
vn -0.0713 0.4870 -0.8705
vn -0.0975 0.4877 -0.8676
vn -0.1276 0.4871 -0.8640
vn -0.1643 0.4842 -0.8594
vn -0.2130 0.4766 -0.8529
vn 0.3874 -0.7646 0.5151
vn 0.3610 -0.7765 0.5164
vn 0.3172 -0.7947 0.5176
vn 0.2522 -0.8180 0.5169
vn 0.1589 -0.8444 0.5116
vn 0.0270 -0.8680 0.4959
vn -0.1537 -0.8748 0.4595
vn 0.4280 -0.8396 0.3344
vn 0.4024 -0.8518 0.3355
vn 0.3597 -0.8703 0.3364
vn 0.2961 -0.8940 0.3364
vn 0.2042 -0.9204 0.3335
vn 0.0729 -0.9432 0.3241
vn -0.1095 -0.9472 0.3015
vn 0.4491 -0.8783 0.1638
vn 0.4240 -0.8906 0.1643
vn 0.3821 -0.9093 0.1648
vn 0.3195 -0.9331 0.1649
vn 0.2287 -0.9596 0.1637
vn 0.0983 -0.9823 0.1593
vn -0.0844 -0.9853 0.1486
vn 0.4556 -0.8902 -0.0000
vn 0.4307 -0.9025 -0.0000
vn 0.3890 -0.9212 -0.0000
vn 0.3268 -0.9451 -0.0000
vn 0.2364 -0.9717 -0.0000
vn 0.1064 -0.9943 -0.0000
vn -0.0764 -0.9971 -0.0000
vn 0.4491 -0.8783 -0.1638
vn 0.4240 -0.8906 -0.1643
vn 0.3821 -0.9093 -0.1648
vn 0.3195 -0.9331 -0.1649
vn 0.2287 -0.9596 -0.1637
vn 0.0983 -0.9823 -0.1593
vn -0.0844 -0.9853 -0.1486
vn 0.4280 -0.8396 -0.3344
vn 0.4024 -0.8518 -0.3355
vn 0.3597 -0.8703 -0.3364
vn 0.2961 -0.8940 -0.3364
vn 0.2041 -0.9204 -0.3335
vn 0.0729 -0.9432 -0.3241
vn -0.1095 -0.9472 -0.3015
vn 0.3874 -0.7646 -0.5151
vn 0.3610 -0.7765 -0.5164
vn 0.3172 -0.7947 -0.5176
vn 0.2522 -0.8181 -0.5169
vn 0.1589 -0.8444 -0.5116
vn 0.0270 -0.8680 -0.4959
vn -0.1537 -0.8748 -0.4595
vn -0.0399 -0.8201 -0.5708
vn -0.0517 -0.9235 -0.3800
vn -0.0595 -0.9802 -0.1888
vn -0.0622 -0.9981 -0.0000
vn -0.0595 -0.9802 0.1888
vn -0.0517 -0.9235 0.3800
vn -0.0399 -0.8201 0.5708
vn -0.0782 -0.8208 -0.5658
vn -0.0999 -0.9215 -0.3753
vn -0.1141 -0.9759 -0.1860
vn -0.1190 -0.9929 -0.0000
vn -0.1141 -0.9759 0.1860
vn -0.0999 -0.9215 0.3753
vn -0.0782 -0.8208 0.5658
vn -0.1161 -0.8218 -0.5579
vn -0.1454 -0.9183 -0.3682
vn -0.1644 -0.9695 -0.1818
vn -0.1710 -0.9853 -0.0000
vn -0.1644 -0.9695 0.1818
vn -0.1454 -0.9183 0.3682
vn -0.1161 -0.8218 0.5579
vn -0.1551 -0.8224 -0.5473
vn -0.1900 -0.9138 -0.3589
vn -0.2123 -0.9611 -0.1765
vn -0.2199 -0.9755 -0.0000
vn -0.2123 -0.9611 0.1765
vn -0.1900 -0.9138 0.3589
vn -0.1551 -0.8224 0.5473
vn -0.1974 -0.8220 -0.5342
vn -0.2356 -0.9075 -0.3478
vn -0.2598 -0.9505 -0.1703
vn -0.2680 -0.9634 -0.0000
vn -0.2598 -0.9505 0.1703
vn -0.2356 -0.9075 0.3478
vn -0.1974 -0.8220 0.5342
vn -0.2458 -0.8193 -0.5181
vn -0.2850 -0.8981 -0.3349
vn -0.3095 -0.9368 -0.1632
vn -0.3177 -0.9482 -0.0000
vn -0.3095 -0.9368 0.1632
vn -0.2850 -0.8981 0.3349
vn -0.2458 -0.8193 0.5181
vn -0.3049 -0.8119 -0.4979
vn -0.3423 -0.8836 -0.3196
vn -0.3653 -0.9179 -0.1551
vn -0.3730 -0.9278 -0.0000
vn -0.3653 -0.9179 0.1551
vn -0.3423 -0.8836 0.3196
vn -0.3049 -0.8119 0.4979
vn -0.2925 0.7888 -0.5406
vn -0.3189 0.8786 -0.3554
vn -0.3340 0.9261 -0.1753
vn -0.3388 0.9409 -0.0000
vn -0.3340 0.9261 0.1753
vn -0.3189 0.8786 0.3554
vn -0.2925 0.7888 0.5406
vn -0.2451 0.8001 -0.5475
vn -0.2726 0.8919 -0.3607
vn -0.2884 0.9408 -0.1781
vn -0.2935 0.9560 -0.0000
vn -0.2884 0.9408 0.1781
vn -0.2726 0.8919 0.3607
vn -0.2451 0.8001 0.5475
vn -0.2045 0.8072 -0.5537
vn -0.2312 0.9015 -0.3658
vn -0.2466 0.9521 -0.1809
vn -0.2516 0.9678 -0.0000
vn -0.2466 0.9521 0.1809
vn -0.2312 0.9015 0.3658
vn -0.2045 0.8072 0.5537
vn -0.1666 0.8119 -0.5595
vn -0.1909 0.9090 -0.3705
vn -0.2051 0.9614 -0.1835
vn -0.2097 0.9778 -0.0000
vn -0.2051 0.9614 0.1835
vn -0.1909 0.9090 0.3705
vn -0.1666 0.8119 0.5595
vn -0.1288 0.8152 -0.5647
vn -0.1493 0.9150 -0.3749
vn -0.1614 0.9692 -0.1860
vn -0.1653 0.9862 -0.0000
vn -0.1614 0.9692 0.1860
vn -0.1493 0.9150 0.3749
vn -0.1288 0.8152 0.5647
vn -0.0894 0.8176 -0.5688
vn -0.1046 0.9197 -0.3785
vn -0.1136 0.9756 -0.1880
vn -0.1166 0.9932 -0.0000
vn -0.1136 0.9756 0.1880
vn -0.1046 0.9197 0.3785
vn -0.0894 0.8176 0.5688
vn -0.0466 0.8192 -0.5716
vn -0.0550 0.9230 -0.3809
vn -0.0600 0.9801 -0.1894
vn -0.0616 0.9981 -0.0000
vn -0.0600 0.9801 0.1894
vn -0.0550 0.9230 0.3809
vn -0.0466 0.8192 0.5716
vn -0.2082 -0.5241 0.8258
vn -0.1487 -0.5163 0.8434
vn -0.1062 -0.5080 0.8548
vn -0.0745 -0.5003 0.8626
vn -0.0499 -0.4937 0.8682
vn -0.0302 -0.4887 0.8719
vn -0.0140 -0.4855 0.8741
vn -0.1704 -0.3508 0.9208
vn -0.1132 -0.3400 0.9336
vn -0.0746 -0.3310 0.9407
vn -0.0476 -0.3237 0.9450
vn -0.0285 -0.3179 0.9477
vn -0.0151 -0.3138 0.9494
vn -0.0060 -0.3113 0.9503
vn -0.1488 -0.1833 0.9717
vn -0.0944 -0.1724 0.9805
vn -0.0588 -0.1646 0.9846
vn -0.0347 -0.1591 0.9866
vn -0.0186 -0.1553 0.9877
vn -0.0082 -0.1527 0.9882
vn -0.0024 -0.1513 0.9885
vn -0.1436 -0.0222 0.9894
vn -0.0917 -0.0124 0.9957
vn -0.0577 -0.0066 0.9983
vn -0.0347 -0.0031 0.9994
vn -0.0190 -0.0011 0.9998
vn -0.0088 -0.0002 1.0000
vn -0.0028 0.0003 1.0000
vn -0.1537 0.1378 0.9785
vn -0.1035 0.1462 0.9838
vn -0.0698 0.1503 0.9862
vn -0.0459 0.1520 0.9873
vn -0.0286 0.1523 0.9879
vn -0.0159 0.1521 0.9882
vn -0.0067 0.1517 0.9884
vn -0.1775 0.3030 0.9363
vn -0.1283 0.3105 0.9419
vn -0.0936 0.3134 0.9450
vn -0.0672 0.3140 0.9470
vn -0.0463 0.3133 0.9485
vn -0.0288 0.3123 0.9495
vn -0.0138 0.3114 0.9502
vn -0.2130 0.4766 0.8529
vn -0.1643 0.4842 0.8594
vn -0.1276 0.4871 0.8640
vn -0.0975 0.4877 0.8676
vn -0.0713 0.4870 0.8705
vn -0.0471 0.4859 0.8727
vn -0.0237 0.4851 0.8741
vn -0.8921 0.0801 -0.4448
vn -0.8934 0.0806 -0.4421
vn -0.8464 0.1381 -0.5144
vn -0.7533 0.2248 -0.6181
vn -0.6277 0.3121 -0.7132
vn -0.4956 0.3820 -0.7801
vn -0.3776 0.4302 -0.8200
vn -0.8786 -0.0170 -0.4773
vn -0.8822 -0.0182 -0.4705
vn -0.8366 0.0223 -0.5473
vn -0.7440 0.0870 -0.6625
vn -0.6159 0.1565 -0.7721
vn -0.4780 0.2157 -0.8515
vn -0.3526 0.2589 -0.8992
vn -0.8661 -0.1044 -0.4889
vn -0.8725 -0.1059 -0.4770
vn -0.8292 -0.0810 -0.5530
vn -0.7387 -0.0382 -0.6729
vn -0.6109 0.0118 -0.7916
vn -0.4696 0.0584 -0.8809
vn -0.3385 0.0955 -0.9361
vn -0.8543 -0.1846 -0.4859
vn -0.8640 -0.1850 -0.4683
vn -0.8239 -0.1739 -0.5394
vn -0.7375 -0.1523 -0.6579
vn -0.6128 -0.1229 -0.7806
vn -0.4715 -0.0909 -0.8772
vn -0.3369 -0.0617 -0.9395
vn -0.8421 -0.2618 -0.4716
vn -0.8557 -0.2592 -0.4479
vn -0.8196 -0.2596 -0.5107
vn -0.7390 -0.2581 -0.6223
vn -0.6206 -0.2503 -0.7431
vn -0.4829 -0.2356 -0.8434
vn -0.3481 -0.2170 -0.9120
vn -0.8280 -0.3401 -0.4458
vn -0.8465 -0.3321 -0.4162
vn -0.8151 -0.3416 -0.4679
vn -0.7416 -0.3585 -0.5671
vn -0.6322 -0.3724 -0.6795
vn -0.5023 -0.3773 -0.7780
vn -0.3716 -0.3730 -0.8502
vn -0.8106 -0.4230 -0.4050
vn -0.8350 -0.4063 -0.3709
vn -0.8089 -0.4219 -0.4095
vn -0.7432 -0.4544 -0.4911
vn -0.6448 -0.4886 -0.5878
vn -0.5264 -0.5141 -0.6772
vn -0.4044 -0.5271 -0.7474
vn -0.7642 -0.5872 -0.2667
vn -0.8053 -0.5446 -0.2345
vn -0.7906 -0.5600 -0.2475
vn -0.7397 -0.6086 -0.2873
vn -0.6626 -0.6681 -0.3384
vn -0.5700 -0.7234 -0.3896
vn -0.4726 -0.7667 -0.4346
vn -0.7433 -0.6441 -0.1806
vn -0.7924 -0.5896 -0.1563
vn -0.7828 -0.6008 -0.1619
vn -0.7372 -0.6498 -0.1851
vn -0.6675 -0.7126 -0.2159
vn -0.5839 -0.7731 -0.2475
vn -0.4962 -0.8231 -0.2762
vn -0.7295 -0.6779 -0.0910
vn -0.7842 -0.6156 -0.0780
vn -0.7780 -0.6231 -0.0798
vn -0.7358 -0.6711 -0.0903
vn -0.6705 -0.7345 -0.1047
vn -0.5923 -0.7968 -0.1196
vn -0.5104 -0.8495 -0.1334
vn -0.7247 -0.6890 -0.0000
vn -0.7813 -0.6241 -0.0000
vn -0.7764 -0.6302 -0.0000
vn -0.7354 -0.6777 -0.0000
vn -0.6715 -0.7410 -0.0000
vn -0.5951 -0.8036 -0.0000
vn -0.5151 -0.8571 -0.0000
vn -0.7295 -0.6779 0.0910
vn -0.7842 -0.6156 0.0780
vn -0.7780 -0.6231 0.0798
vn -0.7358 -0.6711 0.0903
vn -0.6705 -0.7345 0.1047
vn -0.5923 -0.7968 0.1196
vn -0.5104 -0.8495 0.1334
vn -0.7433 -0.6441 0.1806
vn -0.7924 -0.5896 0.1563
vn -0.7828 -0.6008 0.1619
vn -0.7372 -0.6498 0.1851
vn -0.6675 -0.7126 0.2159
vn -0.5839 -0.7731 0.2475
vn -0.4962 -0.8231 0.2762
vn -0.7643 -0.5872 0.2667
vn -0.8053 -0.5446 0.2345
vn -0.7906 -0.5600 0.2475
vn -0.7397 -0.6086 0.2873
vn -0.6626 -0.6681 0.3384
vn -0.5700 -0.7234 0.3896
vn -0.4726 -0.7667 0.4346
vn -0.9126 0.2783 0.2996
vn -0.9109 0.2829 0.3003
vn -0.8621 0.3698 0.3465
vn -0.7702 0.4901 0.4082
vn -0.6530 0.6008 0.4612
vn -0.5358 0.6826 0.4970
vn -0.4345 0.7363 0.5187
vn -0.9151 0.3482 0.2033
vn -0.9128 0.3537 0.2040
vn -0.8629 0.4480 0.2339
vn -0.7713 0.5750 0.2729
vn -0.6576 0.6886 0.3056
vn -0.5464 0.7709 0.3274
vn -0.4517 0.8245 0.3408
vn -0.9151 0.3899 0.1024
vn -0.9125 0.3959 0.1028
vn -0.8618 0.4936 0.1174
vn -0.7703 0.6230 0.1361
vn -0.6588 0.7369 0.1515
vn -0.5514 0.8184 0.1617
vn -0.4609 0.8714 0.1680
vn -0.9149 0.4037 -0.0000
vn -0.9122 0.4098 -0.0000
vn -0.8611 0.5084 -0.0000
vn -0.7697 0.6384 -0.0000
vn -0.6590 0.7521 -0.0000
vn -0.5529 0.8332 -0.0000
vn -0.4638 0.8860 -0.0000
vn -0.9151 0.3899 -0.1024
vn -0.9125 0.3959 -0.1028
vn -0.8618 0.4936 -0.1174
vn -0.7703 0.6230 -0.1361
vn -0.6588 0.7369 -0.1515
vn -0.5514 0.8184 -0.1617
vn -0.4609 0.8714 -0.1680
vn -0.9151 0.3482 -0.2033
vn -0.9128 0.3537 -0.2040
vn -0.8629 0.4480 -0.2339
vn -0.7713 0.5750 -0.2729
vn -0.6576 0.6886 -0.3056
vn -0.5464 0.7709 -0.3274
vn -0.4517 0.8245 -0.3408
vn -0.9126 0.2783 -0.2996
vn -0.9109 0.2829 -0.3003
vn -0.8621 0.3698 -0.3465
vn -0.7702 0.4901 -0.4082
vn -0.6530 0.6008 -0.4612
vn -0.5358 0.6826 -0.4970
vn -0.4345 0.7363 -0.5187
vn -0.8106 -0.4231 0.4050
vn -0.8350 -0.4063 0.3709
vn -0.8089 -0.4219 0.4095
vn -0.7432 -0.4544 0.4911
vn -0.6448 -0.4886 0.5878
vn -0.5264 -0.5141 0.6772
vn -0.4044 -0.5271 0.7474
vn -0.8280 -0.3401 0.4458
vn -0.8465 -0.3321 0.4162
vn -0.8151 -0.3416 0.4679
vn -0.7416 -0.3585 0.5671
vn -0.6322 -0.3724 0.6795
vn -0.5023 -0.3773 0.7780
vn -0.3716 -0.3730 0.8502
vn -0.8421 -0.2618 0.4716
vn -0.8557 -0.2592 0.4479
vn -0.8196 -0.2596 0.5107
vn -0.7390 -0.2581 0.6223
vn -0.6206 -0.2503 0.7431
vn -0.4829 -0.2356 0.8434
vn -0.3481 -0.2170 0.9120
vn -0.8543 -0.1846 0.4859
vn -0.8640 -0.1850 0.4683
vn -0.8239 -0.1739 0.5394
vn -0.7375 -0.1523 0.6579
vn -0.6128 -0.1229 0.7806
vn -0.4715 -0.0909 0.8772
vn -0.3369 -0.0617 0.9395
vn -0.8661 -0.1044 0.4889
vn -0.8725 -0.1059 0.4770
vn -0.8292 -0.0810 0.5530
vn -0.7387 -0.0382 0.6729
vn -0.6109 0.0118 0.7916
vn -0.4696 0.0584 0.8809
vn -0.3385 0.0955 0.9361
vn -0.8786 -0.0170 0.4773
vn -0.8822 -0.0182 0.4705
vn -0.8366 0.0223 0.5473
vn -0.7440 0.0870 0.6625
vn -0.6159 0.1565 0.7721
vn -0.4780 0.2157 0.8515
vn -0.3526 0.2589 0.8992
vn -0.8921 0.0801 0.4448
vn -0.8934 0.0806 0.4421
vn -0.8464 0.1381 0.5144
vn -0.7533 0.2248 0.6181
vn -0.6277 0.3121 0.7132
vn -0.4956 0.3820 0.7801
vn -0.3776 0.4302 0.8200
vn -0.1909 0.4759 0.8586
vn -0.1992 0.4730 0.8583
vn -0.2128 0.4683 0.8576
vn -0.2324 0.4613 0.8563
vn -0.2600 0.4511 0.8538
vn -0.2996 0.4354 0.8489
vn -0.3587 0.4097 0.8387
vn -0.1259 0.3082 0.9430
vn -0.1340 0.3056 0.9427
vn -0.1471 0.3013 0.9421
vn -0.1661 0.2949 0.9410
vn -0.1929 0.2856 0.9387
vn -0.2315 0.2714 0.9342
vn -0.2894 0.2486 0.9244
vn -0.0640 0.1502 0.9866
vn -0.0720 0.1478 0.9864
vn -0.0850 0.1438 0.9859
vn -0.1039 0.1378 0.9850
vn -0.1304 0.1289 0.9830
vn -0.1687 0.1155 0.9789
vn -0.2265 0.0944 0.9694
vn -0.0038 -0.0010 1.0000
vn -0.0121 -0.0033 0.9999
vn -0.0254 -0.0073 0.9997
vn -0.0445 -0.0132 0.9989
vn -0.0716 -0.0220 0.9972
vn -0.1107 -0.0351 0.9932
vn -0.1698 -0.0554 0.9839
vn 0.0572 -0.1521 0.9867
vn 0.0485 -0.1544 0.9868
vn 0.0346 -0.1584 0.9868
vn 0.0145 -0.1646 0.9863
vn -0.0140 -0.1736 0.9847
vn -0.0550 -0.1869 0.9808
vn -0.1172 -0.2069 0.9713
vn 0.1218 -0.3093 0.9431
vn 0.1124 -0.3118 0.9435
vn 0.0974 -0.3161 0.9437
vn 0.0758 -0.3227 0.9435
vn 0.0452 -0.3323 0.9421
vn 0.0008 -0.3461 0.9382
vn -0.0664 -0.3662 0.9282
vn 0.1912 -0.4758 0.8585
vn 0.1810 -0.4786 0.8592
vn 0.1646 -0.4835 0.8597
vn 0.1409 -0.4908 0.8598
vn 0.1072 -0.5012 0.8587
vn 0.0585 -0.5157 0.8548
vn -0.0157 -0.5356 0.8443
vn 0.3190 -0.7764 0.5435
vn 0.3072 -0.7805 0.5444
vn 0.2881 -0.7871 0.5454
vn 0.2601 -0.7964 0.5459
vn 0.2202 -0.8087 0.5454
vn 0.1618 -0.8244 0.5425
vn 0.0726 -0.8425 0.5338
vn 0.3568 -0.8632 0.3573
vn 0.3445 -0.8678 0.3580
vn 0.3245 -0.8752 0.3588
vn 0.2953 -0.8853 0.3593
vn 0.2533 -0.8983 0.3590
vn 0.1917 -0.9142 0.3570
vn 0.0973 -0.9314 0.3509
vn 0.3772 -0.9092 0.1762
vn 0.3646 -0.9142 0.1766
vn 0.3442 -0.9221 0.1771
vn 0.3141 -0.9327 0.1773
vn 0.2709 -0.9461 0.1772
vn 0.2074 -0.9623 0.1762
vn 0.1101 -0.9787 0.1730
vn 0.3835 -0.9235 -0.0000
vn 0.3709 -0.9287 -0.0000
vn 0.3503 -0.9366 -0.0000
vn 0.3200 -0.9474 -0.0000
vn 0.2764 -0.9610 -0.0000
vn 0.2123 -0.9772 -0.0000
vn 0.1140 -0.9935 -0.0000
vn 0.3772 -0.9092 -0.1762
vn 0.3646 -0.9142 -0.1766
vn 0.3442 -0.9221 -0.1771
vn 0.3141 -0.9327 -0.1773
vn 0.2709 -0.9461 -0.1772
vn 0.2074 -0.9623 -0.1762
vn 0.1101 -0.9787 -0.1730
vn 0.3568 -0.8632 -0.3573
vn 0.3445 -0.8678 -0.3580
vn 0.3245 -0.8752 -0.3588
vn 0.2953 -0.8853 -0.3593
vn 0.2533 -0.8983 -0.3590
vn 0.1917 -0.9142 -0.3570
vn 0.0973 -0.9314 -0.3509
vn 0.3190 -0.7764 -0.5435
vn 0.3072 -0.7805 -0.5444
vn 0.2881 -0.7871 -0.5454
vn 0.2601 -0.7964 -0.5459
vn 0.2202 -0.8087 -0.5454
vn 0.1618 -0.8244 -0.5425
vn 0.0726 -0.8425 -0.5338
vn -0.3076 0.7806 -0.5442
vn -0.3166 0.7771 -0.5439
vn -0.3312 0.7714 -0.5433
vn -0.3522 0.7629 -0.5422
vn -0.3817 0.7501 -0.5400
vn -0.4237 0.7303 -0.5358
vn -0.4855 0.6972 -0.5275
vn -0.3410 0.8692 -0.3580
vn -0.3502 0.8656 -0.3578
vn -0.3651 0.8596 -0.3574
vn -0.3866 0.8506 -0.3566
vn -0.4166 0.8369 -0.3550
vn -0.4592 0.8156 -0.3521
vn -0.5216 0.7798 -0.3462
vn -0.3588 0.9166 -0.1766
vn -0.3681 0.9129 -0.1766
vn -0.3831 0.9067 -0.1763
vn -0.4048 0.8973 -0.1759
vn -0.4350 0.8832 -0.1751
vn -0.4779 0.8611 -0.1736
vn -0.5406 0.8238 -0.1706
vn -0.3642 0.9313 -0.0000
vn -0.3736 0.9276 -0.0000
vn -0.3887 0.9214 -0.0000
vn -0.4104 0.9119 -0.0000
vn -0.4408 0.8976 -0.0000
vn -0.4837 0.8752 -0.0000
vn -0.5465 0.8374 -0.0000
vn -0.3588 0.9166 0.1766
vn -0.3681 0.9129 0.1766
vn -0.3831 0.9067 0.1763
vn -0.4048 0.8973 0.1759
vn -0.4350 0.8832 0.1751
vn -0.4779 0.8611 0.1736
vn -0.5406 0.8238 0.1706
vn -0.3410 0.8692 0.3580
vn -0.3502 0.8656 0.3578
vn -0.3651 0.8596 0.3574
vn -0.3866 0.8506 0.3566
vn -0.4166 0.8369 0.3550
vn -0.4592 0.8156 0.3521
vn -0.5216 0.7798 0.3462
vn -0.3076 0.7806 0.5442
vn -0.3166 0.7771 0.5439
vn -0.3312 0.7714 0.5433
vn -0.3522 0.7629 0.5422
vn -0.3817 0.7501 0.5400
vn -0.4237 0.7303 0.5358
vn -0.4855 0.6972 0.5275
vn -0.9470 -0.1466 -0.2860
vn -0.9458 -0.1444 -0.2908
vn -0.9283 -0.0941 -0.3596
vn -0.8838 -0.0086 -0.4678
vn -0.8031 0.0972 -0.5878
vn -0.6912 0.2042 -0.6932
vn -0.5658 0.2963 -0.7695
vn -0.9222 -0.1967 -0.3329
vn -0.9213 -0.1960 -0.3358
vn -0.8974 -0.1585 -0.4118
vn -0.8420 -0.0929 -0.5314
vn -0.7492 -0.0098 -0.6622
vn -0.6275 0.0761 -0.7749
vn -0.4969 0.1518 -0.8545
vn -0.8979 -0.2519 -0.3610
vn -0.8977 -0.2519 -0.3615
vn -0.8686 -0.2270 -0.4404
vn -0.8046 -0.1812 -0.5655
vn -0.7021 -0.1198 -0.7020
vn -0.5723 -0.0527 -0.8183
vn -0.4367 0.0096 -0.8996
vn -0.8762 -0.3102 -0.3689
vn -0.8771 -0.3099 -0.3670
vn -0.8445 -0.2974 -0.4454
vn -0.7745 -0.2713 -0.5715
vn -0.6649 -0.2313 -0.7102
vn -0.5282 -0.1819 -0.8294
vn -0.3867 -0.1314 -0.9128
vn -0.8585 -0.3689 -0.3562
vn -0.8605 -0.3677 -0.3527
vn -0.8260 -0.3674 -0.4274
vn -0.7525 -0.3616 -0.5504
vn -0.6382 -0.3440 -0.6888
vn -0.4952 -0.3135 -0.8103
vn -0.3462 -0.2752 -0.8969
vn -0.8450 -0.4255 -0.3240
vn -0.8480 -0.4228 -0.3196
vn -0.8128 -0.4345 -0.3880
vn -0.7379 -0.4497 -0.5033
vn -0.6206 -0.4569 -0.6372
vn -0.4716 -0.4486 -0.7592
vn -0.3134 -0.4251 -0.8491
vn -0.8349 -0.4769 -0.2748
vn -0.8387 -0.4727 -0.2704
vn -0.8036 -0.4958 -0.3293
vn -0.7285 -0.5323 -0.4313
vn -0.6097 -0.5667 -0.5543
vn -0.4549 -0.5848 -0.6716
vn -0.2860 -0.5810 -0.7620
vn -0.8224 -0.5486 -0.1508
vn -0.8274 -0.5418 -0.1475
vn -0.7930 -0.5819 -0.1805
vn -0.7187 -0.6523 -0.2407
vn -0.5987 -0.7350 -0.3183
vn -0.4351 -0.8071 -0.3991
vn -0.2463 -0.8493 -0.4670
vn -0.8198 -0.5647 -0.0948
vn -0.8254 -0.5569 -0.0925
vn -0.7915 -0.6007 -0.1132
vn -0.7179 -0.6795 -0.1517
vn -0.5981 -0.7754 -0.2024
vn -0.4324 -0.8644 -0.2566
vn -0.2377 -0.9227 -0.3035
vn -0.8189 -0.5722 -0.0456
vn -0.8247 -0.5638 -0.0444
vn -0.7911 -0.6092 -0.0544
vn -0.7181 -0.6921 -0.0730
vn -0.5987 -0.7950 -0.0979
vn -0.4321 -0.8931 -0.1249
vn -0.2343 -0.9607 -0.1487
vn -0.8186 -0.5743 -0.0000
vn -0.8246 -0.5658 -0.0000
vn -0.7911 -0.6117 -0.0000
vn -0.7182 -0.6958 -0.0000
vn -0.5990 -0.8007 -0.0000
vn -0.4322 -0.9018 -0.0000
vn -0.2334 -0.9724 -0.0000
vn -0.8189 -0.5722 0.0456
vn -0.8247 -0.5638 0.0444
vn -0.7911 -0.6092 0.0544
vn -0.7181 -0.6921 0.0730
vn -0.5987 -0.7950 0.0979
vn -0.4321 -0.8931 0.1249
vn -0.2343 -0.9607 0.1487
vn -0.8199 -0.5647 0.0948
vn -0.8254 -0.5569 0.0925
vn -0.7915 -0.6007 0.1132
vn -0.7179 -0.6795 0.1517
vn -0.5981 -0.7754 0.2024
vn -0.4324 -0.8644 0.2566
vn -0.2377 -0.9227 0.3035
vn -0.8224 -0.5486 0.1508
vn -0.8274 -0.5418 0.1475
vn -0.7930 -0.5819 0.1805
vn -0.7187 -0.6523 0.2407
vn -0.5987 -0.7350 0.3183
vn -0.4351 -0.8071 0.3991
vn -0.2463 -0.8493 0.4670
vn -0.9842 -0.0743 0.1606
vn -0.9839 -0.0685 0.1651
vn -0.9783 0.0028 0.2070
vn -0.9540 0.1220 0.2738
vn -0.8971 0.2689 0.3506
vn -0.8052 0.4172 0.4214
vn -0.6912 0.5444 0.4753
vn -0.9932 -0.0567 0.1019
vn -0.9932 -0.0500 0.1050
vn -0.9909 0.0269 0.1321
vn -0.9721 0.1553 0.1756
vn -0.9221 0.3141 0.2262
vn -0.8363 0.4751 0.2735
vn -0.7262 0.6136 0.3101
vn -0.9976 -0.0481 0.0493
vn -0.9979 -0.0408 0.0508
vn -0.9972 0.0389 0.0641
vn -0.9814 0.1722 0.0854
vn -0.9349 0.3372 0.1104
vn -0.8525 0.5052 0.1340
vn -0.7445 0.6500 0.1523
vn -0.9990 -0.0455 -0.0000
vn -0.9993 -0.0381 -0.0000
vn -0.9991 0.0425 -0.0000
vn -0.9842 0.1773 -0.0000
vn -0.9389 0.3443 -0.0000
vn -0.8575 0.5145 -0.0000
vn -0.7502 0.6612 -0.0000
vn -0.9976 -0.0481 -0.0493
vn -0.9979 -0.0408 -0.0508
vn -0.9972 0.0389 -0.0641
vn -0.9814 0.1722 -0.0854
vn -0.9349 0.3372 -0.1104
vn -0.8525 0.5052 -0.1340
vn -0.7445 0.6500 -0.1523
vn -0.9932 -0.0567 -0.1019
vn -0.9932 -0.0500 -0.1050
vn -0.9909 0.0269 -0.1321
vn -0.9721 0.1553 -0.1756
vn -0.9221 0.3141 -0.2262
vn -0.8363 0.4751 -0.2735
vn -0.7262 0.6136 -0.3101
vn -0.9842 -0.0743 -0.1606
vn -0.9839 -0.0685 -0.1651
vn -0.9783 0.0028 -0.2070
vn -0.9540 0.1220 -0.2738
vn -0.8971 0.2689 -0.3506
vn -0.8052 0.4172 -0.4214
vn -0.6912 0.5444 -0.4753
vn -0.8349 -0.4769 0.2748
vn -0.8387 -0.4727 0.2704
vn -0.8036 -0.4958 0.3293
vn -0.7285 -0.5323 0.4313
vn -0.6096 -0.5667 0.5543
vn -0.4549 -0.5848 0.6716
vn -0.2860 -0.5810 0.7620
vn -0.8450 -0.4255 0.3240
vn -0.8480 -0.4228 0.3196
vn -0.8128 -0.4345 0.3880
vn -0.7379 -0.4497 0.5033
vn -0.6206 -0.4569 0.6372
vn -0.4715 -0.4486 0.7592
vn -0.3134 -0.4251 0.8491
vn -0.8585 -0.3689 0.3562
vn -0.8605 -0.3677 0.3527
vn -0.8260 -0.3674 0.4274
vn -0.7525 -0.3616 0.5504
vn -0.6382 -0.3440 0.6888
vn -0.4951 -0.3135 0.8103
vn -0.3462 -0.2752 0.8969
vn -0.8762 -0.3102 0.3689
vn -0.8771 -0.3099 0.3671
vn -0.8445 -0.2974 0.4454
vn -0.7745 -0.2713 0.5715
vn -0.6649 -0.2313 0.7102
vn -0.5282 -0.1819 0.8294
vn -0.3867 -0.1314 0.9128
vn -0.8979 -0.2519 0.3610
vn -0.8977 -0.2519 0.3615
vn -0.8686 -0.2270 0.4404
vn -0.8046 -0.1812 0.5655
vn -0.7021 -0.1198 0.7020
vn -0.5723 -0.0527 0.8183
vn -0.4367 0.0096 0.8996
vn -0.9222 -0.1967 0.3329
vn -0.9213 -0.1960 0.3358
vn -0.8974 -0.1585 0.4118
vn -0.8420 -0.0929 0.5314
vn -0.7492 -0.0098 0.6622
vn -0.6275 0.0761 0.7749
vn -0.4969 0.1518 0.8545
vn -0.9470 -0.1466 0.2860
vn -0.9458 -0.1444 0.2908
vn -0.9283 -0.0941 0.3596
vn -0.8838 -0.0086 0.4678
vn -0.8031 0.0972 0.5878
vn -0.6912 0.2042 0.6932
vn -0.5658 0.2963 0.7695
vn 0.1912 -0.4758 -0.8585
vn 0.1810 -0.4786 -0.8592
vn 0.1646 -0.4835 -0.8597
vn 0.1409 -0.4908 -0.8598
vn 0.1072 -0.5012 -0.8587
vn 0.0585 -0.5157 -0.8548
vn -0.0157 -0.5356 -0.8443
vn 0.1218 -0.3093 -0.9431
vn 0.1124 -0.3118 -0.9435
vn 0.0974 -0.3161 -0.9437
vn 0.0758 -0.3227 -0.9435
vn 0.0452 -0.3323 -0.9421
vn 0.0008 -0.3461 -0.9382
vn -0.0664 -0.3662 -0.9282
vn 0.0572 -0.1521 -0.9867
vn 0.0485 -0.1544 -0.9868
vn 0.0346 -0.1584 -0.9868
vn 0.0145 -0.1646 -0.9863
vn -0.0140 -0.1736 -0.9847
vn -0.0550 -0.1869 -0.9808
vn -0.1172 -0.2069 -0.9713
vn -0.0038 -0.0010 -1.0000
vn -0.0121 -0.0033 -0.9999
vn -0.0254 -0.0073 -0.9997
vn -0.0445 -0.0132 -0.9989
vn -0.0716 -0.0220 -0.9972
vn -0.1107 -0.0351 -0.9932
vn -0.1698 -0.0554 -0.9839
vn -0.0640 0.1502 -0.9866
vn -0.0720 0.1478 -0.9864
vn -0.0850 0.1438 -0.9859
vn -0.1039 0.1378 -0.9850
vn -0.1304 0.1289 -0.9830
vn -0.1687 0.1155 -0.9789
vn -0.2265 0.0944 -0.9694
vn -0.1259 0.3082 -0.9430
vn -0.1340 0.3056 -0.9427
vn -0.1471 0.3013 -0.9421
vn -0.1661 0.2949 -0.9410
vn -0.1929 0.2856 -0.9387
vn -0.2315 0.2714 -0.9342
vn -0.2894 0.2486 -0.9244
vn -0.1909 0.4759 -0.8586
vn -0.1992 0.4730 -0.8583
vn -0.2128 0.4683 -0.8576
vn -0.2324 0.4613 -0.8563
vn -0.2600 0.4511 -0.8538
vn -0.2996 0.4354 -0.8489
vn -0.3587 0.4097 -0.8387
vn -0.4008 0.7582 -0.5143
vn -0.4236 0.7467 -0.5129
vn -0.4600 0.7269 -0.5099
vn -0.5109 0.6963 -0.5041
vn -0.5780 0.6501 -0.4933
vn -0.6631 0.5799 -0.4733
vn -0.7649 0.4734 -0.4368
vn -0.4386 0.8343 -0.3340
vn -0.4606 0.8228 -0.3330
vn -0.4956 0.8029 -0.3311
vn -0.5445 0.7722 -0.3274
vn -0.6089 0.7256 -0.3206
vn -0.6906 0.6544 -0.3080
vn -0.7884 0.5452 -0.2850
vn -0.4581 0.8737 -0.1636
vn -0.4795 0.8622 -0.1631
vn -0.5137 0.8425 -0.1622
vn -0.5613 0.8119 -0.1604
vn -0.6242 0.7653 -0.1571
vn -0.7040 0.6940 -0.1511
vn -0.7996 0.5839 -0.1401
vn -0.4640 0.8858 -0.0000
vn -0.4853 0.8744 -0.0000
vn -0.5192 0.8547 -0.0000
vn -0.5664 0.8241 -0.0000
vn -0.6287 0.7776 -0.0000
vn -0.7079 0.7063 -0.0000
vn -0.8029 0.5961 -0.0000
vn -0.4581 0.8737 0.1636
vn -0.4795 0.8622 0.1631
vn -0.5137 0.8425 0.1622
vn -0.5613 0.8119 0.1604
vn -0.6242 0.7653 0.1571
vn -0.7040 0.6940 0.1511
vn -0.7996 0.5839 0.1401
vn -0.4386 0.8343 0.3340
vn -0.4606 0.8228 0.3330
vn -0.4956 0.8029 0.3311
vn -0.5445 0.7722 0.3274
vn -0.6089 0.7256 0.3206
vn -0.6906 0.6544 0.3080
vn -0.7884 0.5452 0.2850
vn -0.4008 0.7582 0.5143
vn -0.4236 0.7467 0.5129
vn -0.4600 0.7269 0.5099
vn -0.5109 0.6963 0.5041
vn -0.5780 0.6501 0.4933
vn -0.6631 0.5799 0.4733
vn -0.7649 0.4734 0.4368
vn 0.2388 -0.4855 -0.8410
vn 0.2113 -0.4964 -0.8420
vn 0.1661 -0.5134 -0.8419
vn 0.1001 -0.5361 -0.8382
vn 0.0072 -0.5637 -0.8260
vn -0.1204 -0.5932 -0.7960
vn -0.2890 -0.6163 -0.7326
vn 0.1520 -0.3208 -0.9349
vn 0.1246 -0.3312 -0.9353
vn 0.0798 -0.3477 -0.9342
vn 0.0148 -0.3705 -0.9287
vn -0.0757 -0.3996 -0.9136
vn -0.1986 -0.4338 -0.8789
vn -0.3582 -0.4682 -0.8077
vn 0.0683 -0.1606 -0.9847
vn 0.0412 -0.1707 -0.9845
vn -0.0029 -0.1871 -0.9823
vn -0.0664 -0.2103 -0.9754
vn -0.1540 -0.2413 -0.9582
vn -0.2715 -0.2805 -0.9206
vn -0.4223 -0.3263 -0.8457
vn -0.0126 -0.0047 -0.9999
vn -0.0392 -0.0148 -0.9991
vn -0.0824 -0.0313 -0.9961
vn -0.1443 -0.0553 -0.9880
vn -0.2288 -0.0884 -0.9694
vn -0.3410 -0.1329 -0.9306
vn -0.4831 -0.1897 -0.8548
vn -0.0930 0.1513 -0.9841
vn -0.1190 0.1411 -0.9828
vn -0.1613 0.1242 -0.9791
vn -0.2213 0.0991 -0.9702
vn -0.3027 0.0633 -0.9510
vn -0.4097 0.0134 -0.9121
vn -0.5433 -0.0544 -0.8378
vn -0.1751 0.3118 -0.9339
vn -0.2006 0.3013 -0.9322
vn -0.2417 0.2837 -0.9280
vn -0.2998 0.2571 -0.9187
vn -0.3780 0.2184 -0.8997
vn -0.4795 0.1626 -0.8624
vn -0.6046 0.0836 -0.7921
vn -0.2591 0.4771 -0.8398
vn -0.2839 0.4662 -0.8379
vn -0.3237 0.4477 -0.8335
vn -0.3797 0.4194 -0.8246
vn -0.4542 0.3775 -0.8069
vn -0.5501 0.3157 -0.7731
vn -0.6665 0.2255 -0.7105
vn -0.2591 0.4771 0.8398
vn -0.2839 0.4662 0.8379
vn -0.3237 0.4477 0.8335
vn -0.3797 0.4194 0.8246
vn -0.4543 0.3775 0.8069
vn -0.5501 0.3157 0.7731
vn -0.6665 0.2255 0.7106
vn -0.1751 0.3118 0.9339
vn -0.2006 0.3013 0.9322
vn -0.2417 0.2837 0.9280
vn -0.2998 0.2571 0.9187
vn -0.3780 0.2184 0.8997
vn -0.4795 0.1626 0.8624
vn -0.6046 0.0836 0.7921
vn -0.0930 0.1513 0.9841
vn -0.1190 0.1411 0.9828
vn -0.1613 0.1242 0.9791
vn -0.2213 0.0991 0.9702
vn -0.3027 0.0633 0.9510
vn -0.4097 0.0134 0.9121
vn -0.5433 -0.0544 0.8378
vn -0.0126 -0.0047 0.9999
vn -0.0392 -0.0148 0.9991
vn -0.0824 -0.0313 0.9961
vn -0.1443 -0.0553 0.9880
vn -0.2288 -0.0884 0.9694
vn -0.3410 -0.1329 0.9306
vn -0.4831 -0.1897 0.8548
vn 0.0683 -0.1606 0.9847
vn 0.0412 -0.1707 0.9845
vn -0.0029 -0.1871 0.9823
vn -0.0664 -0.2103 0.9754
vn -0.1540 -0.2413 0.9582
vn -0.2715 -0.2805 0.9206
vn -0.4223 -0.3263 0.8457
vn 0.1520 -0.3208 0.9349
vn 0.1246 -0.3312 0.9353
vn 0.0798 -0.3477 0.9342
vn 0.0148 -0.3705 0.9287
vn -0.0757 -0.3996 0.9136
vn -0.1986 -0.4338 0.8789
vn -0.3582 -0.4682 0.8077
vn 0.2388 -0.4855 0.8410
vn 0.2113 -0.4964 0.8420
vn 0.1661 -0.5134 0.8419
vn 0.1001 -0.5361 0.8382
vn 0.0072 -0.5637 0.8260
vn -0.1204 -0.5932 0.7960
vn -0.2890 -0.6163 0.7326
vn -0.9489 -0.2633 -0.1741
vn -0.9486 -0.2784 -0.1503
vn -0.9491 -0.2723 -0.1584
vn -0.9494 -0.2470 -0.1942
vn -0.9451 -0.2005 -0.2582
vn -0.9272 -0.1279 -0.3520
vn -0.8802 -0.0244 -0.4739
vn -0.9349 -0.2979 -0.1931
vn -0.9365 -0.3087 -0.1661
vn -0.9364 -0.3046 -0.1745
vn -0.9338 -0.2870 -0.2138
vn -0.9245 -0.2538 -0.2844
vn -0.8993 -0.2005 -0.3887
vn -0.8423 -0.1214 -0.5252
vn -0.9213 -0.3312 -0.2038
vn -0.9249 -0.3377 -0.1747
vn -0.9242 -0.3353 -0.1829
vn -0.9189 -0.3248 -0.2238
vn -0.9048 -0.3043 -0.2979
vn -0.8723 -0.2696 -0.4078
vn -0.8053 -0.2144 -0.5527
vn -0.9081 -0.3637 -0.2077
vn -0.9137 -0.3657 -0.1773
vn -0.9125 -0.3648 -0.1851
vn -0.9047 -0.3611 -0.2262
vn -0.8859 -0.3529 -0.3011
vn -0.8464 -0.3363 -0.4130
vn -0.7694 -0.3048 -0.5614
vn -0.8948 -0.3964 -0.2053
vn -0.9025 -0.3937 -0.1746
vn -0.9009 -0.3941 -0.1818
vn -0.8906 -0.3971 -0.2217
vn -0.8672 -0.4010 -0.2952
vn -0.8206 -0.4026 -0.4056
vn -0.7335 -0.3952 -0.5530
vn -0.8810 -0.4305 -0.1962
vn -0.8909 -0.4227 -0.1662
vn -0.8889 -0.4243 -0.1726
vn -0.8761 -0.4339 -0.2101
vn -0.8479 -0.4503 -0.2798
vn -0.7939 -0.4707 -0.3850
vn -0.6960 -0.4886 -0.5262
vn -0.8662 -0.4667 -0.1787
vn -0.8786 -0.4532 -0.1508
vn -0.8762 -0.4559 -0.1561
vn -0.8607 -0.4724 -0.1898
vn -0.8273 -0.5017 -0.2526
vn -0.7651 -0.5419 -0.3479
vn -0.6553 -0.5861 -0.4765
vn -0.8361 -0.5362 -0.1162
vn -0.8540 -0.5111 -0.0971
vn -0.8513 -0.5152 -0.0997
vn -0.8304 -0.5439 -0.1206
vn -0.7865 -0.5964 -0.1602
vn -0.7073 -0.6717 -0.2204
vn -0.5728 -0.7622 -0.3016
vn -0.8252 -0.5595 -0.0781
vn -0.8454 -0.5302 -0.0650
vn -0.8427 -0.5343 -0.0665
vn -0.8201 -0.5666 -0.0802
vn -0.7725 -0.6260 -0.1063
vn -0.6873 -0.7115 -0.1461
vn -0.5443 -0.8148 -0.1995
vn -0.8186 -0.5731 -0.0392
vn -0.8403 -0.5412 -0.0325
vn -0.8376 -0.5453 -0.0332
vn -0.8140 -0.5795 -0.0400
vn -0.7643 -0.6427 -0.0529
vn -0.6755 -0.7338 -0.0726
vn -0.5275 -0.8438 -0.0989
vn -0.8164 -0.5775 -0.0000
vn -0.8386 -0.5448 -0.0000
vn -0.8359 -0.5489 -0.0000
vn -0.8120 -0.5837 -0.0000
vn -0.7616 -0.6481 -0.0000
vn -0.6716 -0.7409 -0.0000
vn -0.5220 -0.8530 -0.0000
vn -0.8186 -0.5731 0.0392
vn -0.8403 -0.5412 0.0325
vn -0.8376 -0.5453 0.0332
vn -0.8140 -0.5795 0.0400
vn -0.7643 -0.6427 0.0529
vn -0.6755 -0.7338 0.0726
vn -0.5275 -0.8438 0.0989
vn -0.8252 -0.5595 0.0781
vn -0.8454 -0.5302 0.0650
vn -0.8427 -0.5343 0.0665
vn -0.8201 -0.5666 0.0802
vn -0.7725 -0.6260 0.1063
vn -0.6873 -0.7115 0.1461
vn -0.5443 -0.8148 0.1995
vn -0.8361 -0.5362 0.1162
vn -0.8540 -0.5111 0.0971
vn -0.8513 -0.5151 0.0997
vn -0.8304 -0.5439 0.1206
vn -0.7865 -0.5964 0.1602
vn -0.7073 -0.6717 0.2204
vn -0.5728 -0.7622 0.3016
vn -0.9739 -0.1983 0.1106
vn -0.9705 -0.2211 0.0959
vn -0.9722 -0.2112 0.1012
vn -0.9773 -0.1716 0.1241
vn -0.9813 -0.1005 0.1644
vn -0.9749 0.0067 0.2226
vn -0.9427 0.1524 0.2968
vn -0.9815 -0.1767 0.0738
vn -0.9772 -0.2022 0.0640
vn -0.9792 -0.1911 0.0675
vn -0.9857 -0.1470 0.0826
vn -0.9917 -0.0682 0.1092
vn -0.9878 0.0495 0.1474
vn -0.9586 0.2071 0.1956
vn -0.9858 -0.1641 0.0368
vn -0.9810 -0.1912 0.0319
vn -0.9832 -0.1795 0.0337
vn -0.9903 -0.1328 0.0412
vn -0.9973 -0.0497 0.0544
vn -0.9946 0.0739 0.0732
vn -0.9665 0.2379 0.0968
vn -0.9871 -0.1600 -0.0000
vn -0.9822 -0.1876 -0.0000
vn -0.9844 -0.1757 -0.0000
vn -0.9917 -0.1282 -0.0000
vn -0.9990 -0.0436 -0.0000
vn -0.9967 0.0817 -0.0000
vn -0.9688 0.2477 -0.0000
vn -0.9858 -0.1641 -0.0368
vn -0.9810 -0.1912 -0.0319
vn -0.9832 -0.1795 -0.0337
vn -0.9903 -0.1328 -0.0412
vn -0.9973 -0.0497 -0.0544
vn -0.9946 0.0739 -0.0732
vn -0.9665 0.2379 -0.0968
vn -0.9815 -0.1767 -0.0738
vn -0.9772 -0.2022 -0.0640
vn -0.9792 -0.1911 -0.0675
vn -0.9857 -0.1470 -0.0826
vn -0.9917 -0.0682 -0.1092
vn -0.9878 0.0495 -0.1474
vn -0.9586 0.2071 -0.1956
vn -0.9739 -0.1983 -0.1106
vn -0.9705 -0.2211 -0.0959
vn -0.9722 -0.2112 -0.1012
vn -0.9773 -0.1716 -0.1241
vn -0.9813 -0.1005 -0.1644
vn -0.9749 0.0067 -0.2226
vn -0.9427 0.1524 -0.2968
vn -0.8662 -0.4667 0.1787
vn -0.8786 -0.4532 0.1508
vn -0.8762 -0.4559 0.1561
vn -0.8607 -0.4724 0.1898
vn -0.8273 -0.5017 0.2526
vn -0.7651 -0.5419 0.3479
vn -0.6553 -0.5861 0.4765
vn -0.8810 -0.4305 0.1962
vn -0.8909 -0.4227 0.1662
vn -0.8889 -0.4243 0.1726
vn -0.8761 -0.4339 0.2101
vn -0.8479 -0.4503 0.2798
vn -0.7939 -0.4707 0.3850
vn -0.6960 -0.4886 0.5262
vn -0.8948 -0.3964 0.2053
vn -0.9025 -0.3937 0.1746
vn -0.9009 -0.3941 0.1818
vn -0.8906 -0.3971 0.2217
vn -0.8672 -0.4010 0.2952
vn -0.8206 -0.4026 0.4056
vn -0.7335 -0.3952 0.5530
vn -0.9081 -0.3637 0.2077
vn -0.9137 -0.3657 0.1773
vn -0.9125 -0.3648 0.1851
vn -0.9047 -0.3611 0.2262
vn -0.8859 -0.3529 0.3011
vn -0.8464 -0.3363 0.4130
vn -0.7694 -0.3048 0.5614
vn -0.9213 -0.3312 0.2038
vn -0.9249 -0.3377 0.1746
vn -0.9242 -0.3353 0.1829
vn -0.9189 -0.3248 0.2238
vn -0.9048 -0.3043 0.2979
vn -0.8723 -0.2696 0.4078
vn -0.8053 -0.2144 0.5527
vn -0.9349 -0.2979 0.1931
vn -0.9365 -0.3087 0.1661
vn -0.9364 -0.3046 0.1745
vn -0.9338 -0.2870 0.2138
vn -0.9245 -0.2538 0.2844
vn -0.8993 -0.2005 0.3887
vn -0.8423 -0.1214 0.5252
vn -0.9489 -0.2633 0.1741
vn -0.9486 -0.2784 0.1503
vn -0.9491 -0.2723 0.1584
vn -0.9493 -0.2470 0.1942
vn -0.9451 -0.2005 0.2582
vn -0.9272 -0.1279 0.3520
vn -0.8802 -0.0244 0.4739
vn -0.5478 -0.7016 -0.4558
vn -0.5715 -0.7557 -0.3199
vn -0.5860 -0.7927 -0.1679
vn -0.5913 -0.8065 -0.0000
vn -0.5860 -0.7927 0.1679
vn -0.5715 -0.7557 0.3199
vn -0.5478 -0.7016 0.4558
vn -0.6462 -0.5952 -0.4777
vn -0.6930 -0.6410 -0.3301
vn -0.7205 -0.6721 -0.1707
vn -0.7300 -0.6835 -0.0000
vn -0.7205 -0.6722 0.1707
vn -0.6930 -0.6410 0.3301
vn -0.6462 -0.5952 0.4777
vn -0.7291 -0.4802 -0.4876
vn -0.7875 -0.5174 -0.3348
vn -0.8230 -0.5416 -0.1711
vn -0.8351 -0.5500 -0.0000
vn -0.8230 -0.5416 0.1711
vn -0.7875 -0.5174 0.3348
vn -0.7291 -0.4802 0.4876
vn -0.7992 -0.3566 -0.4839
vn -0.8608 -0.3865 -0.3310
vn -0.8987 -0.4051 -0.1683
vn -0.9115 -0.4114 -0.0000
vn -0.8987 -0.4051 0.1683
vn -0.8608 -0.3865 0.3310
vn -0.7992 -0.3566 0.4839
vn -0.8532 -0.2324 -0.4669
vn -0.9131 -0.2538 -0.3192
vn -0.9501 -0.2663 -0.1626
vn -0.9627 -0.2705 -0.0000
vn -0.9501 -0.2663 0.1626
vn -0.9131 -0.2538 0.3192
vn -0.8532 -0.2324 0.4669
vn -0.8906 -0.1158 -0.4398
vn -0.9454 -0.1245 -0.3011
vn -0.9797 -0.1278 -0.1547
vn -0.9917 -0.1286 -0.0000
vn -0.9797 -0.1278 0.1547
vn -0.9454 -0.1246 0.3011
vn -0.8906 -0.1158 0.4398
vn -0.9140 -0.0034 -0.4057
vn -0.9599 0.0052 -0.2804
vn -0.9893 0.0121 -0.1457
vn -0.9999 0.0147 -0.0000
vn -0.9893 0.0121 0.1457
vn -0.9599 0.0052 0.2804
vn -0.9140 -0.0034 0.4057
vn -0.6064 0.2385 0.7585
vn -0.6185 0.2251 0.7529
vn -0.6389 0.2043 0.7416
vn -0.6680 0.1756 0.7231
vn -0.7038 0.1399 0.6965
vn -0.7447 0.0978 0.6602
vn -0.7909 0.0489 0.6100
vn -0.5206 0.1071 0.8470
vn -0.5339 0.0954 0.8401
vn -0.5563 0.0776 0.8273
vn -0.5886 0.0532 0.8067
vn -0.6302 0.0227 0.7761
vn -0.6812 -0.0139 0.7319
vn -0.7443 -0.0554 0.6655
vn -0.4359 -0.0206 0.8997
vn -0.4507 -0.0305 0.8921
vn -0.4752 -0.0456 0.8787
vn -0.5105 -0.0662 0.8573
vn -0.5574 -0.0926 0.8251
vn -0.6171 -0.1248 0.7769
vn -0.6908 -0.1623 0.7046
vn -0.3517 -0.1466 0.9246
vn -0.3681 -0.1548 0.9168
vn -0.3949 -0.1676 0.9033
vn -0.4329 -0.1854 0.8822
vn -0.4839 -0.2090 0.8498
vn -0.5490 -0.2391 0.8009
vn -0.6286 -0.2760 0.7272
vn -0.2646 -0.2758 0.9241
vn -0.2829 -0.2824 0.9166
vn -0.3122 -0.2931 0.9037
vn -0.3537 -0.3086 0.8830
vn -0.4082 -0.3296 0.8513
vn -0.4767 -0.3568 0.8034
vn -0.5591 -0.3921 0.7305
vn -0.1707 -0.4136 0.8943
vn -0.1910 -0.4188 0.8878
vn -0.2235 -0.4275 0.8759
vn -0.2694 -0.4403 0.8565
vn -0.3282 -0.4570 0.8267
vn -0.3999 -0.4779 0.7821
vn -0.4850 -0.5056 0.7136
vn -0.0670 -0.5624 0.8241
vn -0.0894 -0.5665 0.8192
vn -0.1256 -0.5736 0.8095
vn -0.1767 -0.5836 0.7926
vn -0.2407 -0.5951 0.7668
vn -0.3158 -0.6070 0.7293
vn -0.4028 -0.6188 0.6744
vn 0.1382 -0.8349 0.5328
vn 0.1126 -0.8393 0.5318
vn 0.0705 -0.8461 0.5284
vn 0.0096 -0.8533 0.5213
vn -0.0684 -0.8580 0.5091
vn -0.1629 -0.8563 0.4901
vn -0.2760 -0.8426 0.4624
vn 0.2047 -0.9132 0.3523
vn 0.1785 -0.9187 0.3523
vn 0.1353 -0.9265 0.3511
vn 0.0722 -0.9347 0.3481
vn -0.0122 -0.9396 0.3422
vn -0.1205 -0.9353 0.3326
vn -0.2581 -0.9114 0.3206
vn 0.2420 -0.9545 0.1743
vn 0.2157 -0.9607 0.1745
vn 0.1722 -0.9695 0.1743
vn 0.1083 -0.9789 0.1735
vn 0.0202 -0.9849 0.1719
vn -0.0968 -0.9808 0.1694
vn -0.2464 -0.9548 0.1666
vn 0.2539 -0.9672 -0.0000
vn 0.2275 -0.9738 -0.0000
vn 0.1840 -0.9829 -0.0000
vn 0.1201 -0.9928 -0.0000
vn 0.0308 -0.9995 -0.0000
vn -0.0889 -0.9960 -0.0000
vn -0.2423 -0.9702 -0.0000
vn 0.2420 -0.9545 -0.1743
vn 0.2157 -0.9607 -0.1745
vn 0.1722 -0.9695 -0.1743
vn 0.1083 -0.9789 -0.1735
vn 0.0202 -0.9849 -0.1719
vn -0.0968 -0.9808 -0.1694
vn -0.2464 -0.9548 -0.1666
vn 0.2047 -0.9132 -0.3523
vn 0.1785 -0.9187 -0.3523
vn 0.1353 -0.9265 -0.3511
vn 0.0722 -0.9347 -0.3481
vn -0.0122 -0.9395 -0.3422
vn -0.1205 -0.9353 -0.3326
vn -0.2581 -0.9114 -0.3206
vn 0.1382 -0.8349 -0.5328
vn 0.1126 -0.8393 -0.5318
vn 0.0705 -0.8461 -0.5284
vn 0.0096 -0.8533 -0.5213
vn -0.0684 -0.8580 -0.5091
vn -0.1629 -0.8563 -0.4901
vn -0.2760 -0.8426 -0.4624
vn -0.7483 0.4708 -0.4674
vn -0.7593 0.4553 -0.4649
vn -0.7773 0.4302 -0.4591
vn -0.8018 0.3939 -0.4494
vn -0.8306 0.3469 -0.4356
vn -0.8615 0.2890 -0.4175
vn -0.8930 0.2168 -0.3944
vn -0.7850 0.5389 -0.3056
vn -0.7961 0.5231 -0.3042
vn -0.8138 0.4972 -0.3008
vn -0.8377 0.4594 -0.2954
vn -0.8663 0.4084 -0.2877
vn -0.8978 0.3417 -0.2779
vn -0.9297 0.2526 -0.2680
vn -0.8036 0.5758 -0.1504
vn -0.8149 0.5599 -0.1498
vn -0.8325 0.5338 -0.1483
vn -0.8563 0.4954 -0.1461
vn -0.8854 0.4423 -0.1431
vn -0.9182 0.3707 -0.1399
vn -0.9517 0.2746 -0.1376
vn -0.8093 0.5874 -0.0000
vn -0.8206 0.5715 -0.0000
vn -0.8382 0.5453 -0.0000
vn -0.8620 0.5069 -0.0000
vn -0.8914 0.4533 -0.0000
vn -0.9249 0.3802 -0.0000
vn -0.9593 0.2822 -0.0000
vn -0.8036 0.5758 0.1504
vn -0.8149 0.5599 0.1498
vn -0.8325 0.5338 0.1483
vn -0.8563 0.4954 0.1461
vn -0.8854 0.4423 0.1431
vn -0.9182 0.3707 0.1399
vn -0.9517 0.2746 0.1376
vn -0.7850 0.5389 0.3056
vn -0.7961 0.5231 0.3042
vn -0.8138 0.4972 0.3008
vn -0.8377 0.4594 0.2954
vn -0.8663 0.4084 0.2877
vn -0.8978 0.3417 0.2779
vn -0.9297 0.2526 0.2680
vn -0.7483 0.4708 0.4674
vn -0.7593 0.4553 0.4649
vn -0.7773 0.4302 0.4591
vn -0.8018 0.3939 0.4494
vn -0.8306 0.3469 0.4356
vn -0.8615 0.2890 0.4175
vn -0.8930 0.2168 0.3944
vn -0.0670 -0.5624 -0.8241
vn -0.0894 -0.5665 -0.8192
vn -0.1256 -0.5736 -0.8095
vn -0.1767 -0.5836 -0.7926
vn -0.2407 -0.5951 -0.7668
vn -0.3158 -0.6070 -0.7293
vn -0.4028 -0.6188 -0.6744
vn -0.1707 -0.4136 -0.8943
vn -0.1910 -0.4188 -0.8878
vn -0.2235 -0.4275 -0.8759
vn -0.2694 -0.4403 -0.8565
vn -0.3282 -0.4570 -0.8267
vn -0.3999 -0.4779 -0.7821
vn -0.4850 -0.5056 -0.7136
vn -0.2646 -0.2758 -0.9241
vn -0.2829 -0.2824 -0.9166
vn -0.3122 -0.2931 -0.9037
vn -0.3537 -0.3086 -0.8830
vn -0.4082 -0.3296 -0.8513
vn -0.4767 -0.3568 -0.8034
vn -0.5591 -0.3921 -0.7305
vn -0.3517 -0.1466 -0.9246
vn -0.3681 -0.1548 -0.9168
vn -0.3949 -0.1676 -0.9033
vn -0.4329 -0.1854 -0.8822
vn -0.4839 -0.2090 -0.8498
vn -0.5490 -0.2391 -0.8009
vn -0.6286 -0.2760 -0.7272
vn -0.4359 -0.0206 -0.8997
vn -0.4507 -0.0305 -0.8921
vn -0.4752 -0.0456 -0.8787
vn -0.5105 -0.0662 -0.8573
vn -0.5574 -0.0926 -0.8251
vn -0.6171 -0.1248 -0.7769
vn -0.6908 -0.1623 -0.7046
vn -0.5206 0.1071 -0.8470
vn -0.5339 0.0954 -0.8401
vn -0.5563 0.0776 -0.8273
vn -0.5886 0.0532 -0.8067
vn -0.6302 0.0227 -0.7761
vn -0.6812 -0.0139 -0.7319
vn -0.7443 -0.0554 -0.6655
vn -0.6064 0.2385 -0.7585
vn -0.6185 0.2251 -0.7529
vn -0.6389 0.2043 -0.7416
vn -0.6680 0.1756 -0.7231
vn -0.7038 0.1399 -0.6965
vn -0.7447 0.0978 -0.6602
vn -0.7909 0.0489 -0.6100
vn -0.5015 -0.5277 -0.6856
vn -0.2631 -0.5436 -0.7971
vn -0.0684 -0.5297 -0.8454
vn 0.0586 -0.5089 -0.8588
vn 0.1324 -0.4924 -0.8602
vn 0.1717 -0.4821 -0.8591
vn 0.1898 -0.4768 -0.8583
vn -0.5453 -0.3869 -0.7436
vn -0.3215 -0.3825 -0.8662
vn -0.1350 -0.3617 -0.9225
vn -0.0108 -0.3402 -0.9403
vn 0.0624 -0.3246 -0.9438
vn 0.1017 -0.3151 -0.9436
vn 0.1199 -0.3102 -0.9431
vn -0.5803 -0.2571 -0.7727
vn -0.3702 -0.2332 -0.8992
vn -0.1929 -0.2046 -0.9597
vn -0.0731 -0.1815 -0.9807
vn -0.0017 -0.1662 -0.9861
vn 0.0370 -0.1572 -0.9869
vn 0.0550 -0.1528 -0.9867
vn -0.6101 -0.1335 -0.7810
vn -0.4125 -0.0914 -0.9064
vn -0.2447 -0.0551 -0.9680
vn -0.1302 -0.0298 -0.9910
vn -0.0613 -0.0143 -0.9980
vn -0.0237 -0.0057 -0.9997
vn -0.0061 -0.0015 -1.0000
vn -0.6376 -0.0098 -0.7703
vn -0.4520 0.0496 -0.8906
vn -0.2939 0.0937 -0.9512
vn -0.1852 0.1214 -0.9752
vn -0.1194 0.1374 -0.9833
vn -0.0832 0.1460 -0.9858
vn -0.0662 0.1500 -0.9865
vn -0.6651 0.1198 -0.7371
vn -0.4915 0.1961 -0.8485
vn -0.3435 0.2480 -0.9058
vn -0.2411 0.2786 -0.9297
vn -0.1786 0.2954 -0.9385
vn -0.1441 0.3042 -0.9416
vn -0.1279 0.3082 -0.9427
vn -0.6934 0.2585 -0.6726
vn -0.5320 0.3512 -0.7705
vn -0.3946 0.4110 -0.8218
vn -0.2991 0.4448 -0.8442
vn -0.2404 0.4628 -0.8532
vn -0.2079 0.4720 -0.8567
vn -0.1925 0.4760 -0.8581
vn -0.7352 0.5218 -0.4327
vn -0.5960 0.6373 -0.4885
vn -0.4797 0.7077 -0.5187
vn -0.3990 0.7462 -0.5329
vn -0.3491 0.7663 -0.5393
vn -0.3213 0.7764 -0.5422
vn -0.3081 0.7808 -0.5435
vn -0.7415 0.6061 -0.2877
vn -0.6094 0.7244 -0.3224
vn -0.5006 0.7956 -0.3412
vn -0.4255 0.8344 -0.3503
vn -0.3792 0.8547 -0.3546
vn -0.3534 0.8649 -0.3565
vn -0.3411 0.8694 -0.3575
vn -0.7430 0.6538 -0.1431
vn -0.6149 0.7723 -0.1595
vn -0.5106 0.8432 -0.1685
vn -0.4389 0.8817 -0.1728
vn -0.3948 0.9020 -0.1749
vn -0.3702 0.9122 -0.1759
vn -0.3585 0.9167 -0.1764
vn -0.7432 0.6691 -0.0000
vn -0.6164 0.7875 -0.0000
vn -0.5135 0.8581 -0.0000
vn -0.4430 0.8965 -0.0000
vn -0.3996 0.9167 -0.0000
vn -0.3754 0.9269 -0.0000
vn -0.3639 0.9314 -0.0000
vn -0.7430 0.6538 0.1431
vn -0.6149 0.7723 0.1595
vn -0.5106 0.8432 0.1685
vn -0.4389 0.8817 0.1728
vn -0.3948 0.9020 0.1749
vn -0.3702 0.9122 0.1759
vn -0.3585 0.9167 0.1764
vn -0.7415 0.6061 0.2877
vn -0.6094 0.7244 0.3224
vn -0.5006 0.7956 0.3412
vn -0.4255 0.8344 0.3503
vn -0.3792 0.8547 0.3546
vn -0.3534 0.8649 0.3565
vn -0.3411 0.8694 0.3575
vn -0.7352 0.5218 0.4327
vn -0.5960 0.6373 0.4885
vn -0.4797 0.7077 0.5187
vn -0.3990 0.7462 0.5329
vn -0.3491 0.7663 0.5393
vn -0.3213 0.7764 0.5422
vn -0.3081 0.7808 0.5435
vn -0.3894 -0.8014 0.4539
vn -0.1280 -0.8454 0.5185
vn 0.0714 -0.8372 0.5423
vn 0.1954 -0.8144 0.5464
vn 0.2653 -0.7952 0.5452
vn 0.3021 -0.7831 0.5436
vn 0.3189 -0.7770 0.5428
vn -0.3423 -0.8888 0.3048
vn -0.0772 -0.9356 0.3444
vn 0.1190 -0.9262 0.3579
vn 0.2388 -0.9020 0.3596
vn 0.3059 -0.8820 0.3584
vn 0.3410 -0.8695 0.3572
vn 0.3571 -0.8633 0.3567
vn -0.3127 -0.9376 0.1523
vn -0.0469 -0.9842 0.1709
vn 0.1463 -0.9733 0.1768
vn 0.2630 -0.9483 0.1774
vn 0.3281 -0.9280 0.1767
vn 0.3621 -0.9153 0.1761
vn 0.3777 -0.9091 0.1759
vn -0.3027 -0.9531 -0.0000
vn -0.0369 -0.9993 -0.0000
vn 0.1551 -0.9879 -0.0000
vn 0.2707 -0.9627 -0.0000
vn 0.3351 -0.9422 -0.0000
vn 0.3687 -0.9295 -0.0000
vn 0.3842 -0.9233 -0.0000
vn -0.3127 -0.9376 -0.1523
vn -0.0469 -0.9842 -0.1709
vn 0.1463 -0.9733 -0.1768
vn 0.2630 -0.9483 -0.1774
vn 0.3281 -0.9280 -0.1767
vn 0.3621 -0.9153 -0.1761
vn 0.3777 -0.9091 -0.1759
vn -0.3423 -0.8888 -0.3048
vn -0.0772 -0.9356 -0.3444
vn 0.1190 -0.9262 -0.3579
vn 0.2388 -0.9020 -0.3596
vn 0.3059 -0.8820 -0.3584
vn 0.3410 -0.8695 -0.3572
vn 0.3571 -0.8633 -0.3567
vn -0.3894 -0.8014 -0.4539
vn -0.1280 -0.8454 -0.5185
vn 0.0714 -0.8372 -0.5423
vn 0.1954 -0.8144 -0.5464
vn 0.2653 -0.7952 -0.5452
vn 0.3021 -0.7831 -0.5436
vn 0.3189 -0.7770 -0.5428
vn -0.6934 0.2585 0.6726
vn -0.5320 0.3512 0.7705
vn -0.3946 0.4110 0.8218
vn -0.2991 0.4448 0.8442
vn -0.2404 0.4628 0.8532
vn -0.2079 0.4720 0.8567
vn -0.1925 0.4760 0.8581
vn -0.6651 0.1198 0.7371
vn -0.4915 0.1961 0.8485
vn -0.3435 0.2480 0.9058
vn -0.2411 0.2786 0.9297
vn -0.1786 0.2954 0.9385
vn -0.1441 0.3042 0.9416
vn -0.1279 0.3082 0.9427
vn -0.6376 -0.0098 0.7703
vn -0.4520 0.0496 0.8906
vn -0.2939 0.0937 0.9512
vn -0.1852 0.1214 0.9752
vn -0.1193 0.1374 0.9833
vn -0.0832 0.1460 0.9858
vn -0.0662 0.1500 0.9865
vn -0.6101 -0.1335 0.7810
vn -0.4125 -0.0914 0.9064
vn -0.2447 -0.0551 0.9680
vn -0.1302 -0.0298 0.9910
vn -0.0613 -0.0143 0.9980
vn -0.0237 -0.0057 0.9997
vn -0.0061 -0.0015 1.0000
vn -0.5803 -0.2571 0.7727
vn -0.3702 -0.2332 0.8992
vn -0.1929 -0.2046 0.9596
vn -0.0731 -0.1815 0.9807
vn -0.0017 -0.1662 0.9861
vn 0.0370 -0.1572 0.9869
vn 0.0550 -0.1528 0.9867
vn -0.5453 -0.3869 0.7436
vn -0.3215 -0.3825 0.8662
vn -0.1350 -0.3617 0.9225
vn -0.0108 -0.3402 0.9403
vn 0.0624 -0.3246 0.9438
vn 0.1017 -0.3151 0.9436
vn 0.1199 -0.3102 0.9431
vn -0.5015 -0.5277 0.6856
vn -0.2631 -0.5436 0.7971
vn -0.0684 -0.5297 0.8454
vn 0.0586 -0.5089 0.8588
vn 0.1324 -0.4924 0.8602
vn 0.1717 -0.4821 0.8591
vn 0.1898 -0.4768 0.8583
vn -0.8602 0.0353 0.5087
vn -0.7360 0.1771 0.6534
vn -0.5824 0.3012 0.7550
vn -0.4447 0.3871 0.8077
vn -0.3467 0.4379 0.8295
vn -0.2876 0.4651 0.8372
vn -0.2582 0.4777 0.8397
vn -0.8065 -0.0532 0.5889
vn -0.6622 0.0610 0.7469
vn -0.4966 0.1624 0.8526
vn -0.3559 0.2341 0.9047
vn -0.2590 0.2776 0.9251
vn -0.2016 0.3014 0.9319
vn -0.1734 0.3126 0.9339
vn -0.7553 -0.1497 0.6381
vn -0.5930 -0.0617 0.8028
vn -0.4164 0.0208 0.9089
vn -0.2720 0.0818 0.9588
vn -0.1750 0.1203 0.9772
vn -0.1184 0.1419 0.9828
vn -0.0907 0.1523 0.9842
vn -0.7111 -0.2521 0.6563
vn -0.5330 -0.1894 0.8246
vn -0.3447 -0.1231 0.9306
vn -0.1944 -0.0698 0.9784
vn -0.0952 -0.0344 0.9949
vn -0.0379 -0.0138 0.9992
vn -0.0102 -0.0037 0.9999
vn -0.6761 -0.3587 0.6436
vn -0.4833 -0.3228 0.8138
vn -0.2813 -0.2719 0.9203
vn -0.1216 -0.2246 0.9668
vn -0.0175 -0.1906 0.9815
vn 0.0419 -0.1700 0.9846
vn 0.0706 -0.1597 0.9846
vn -0.6502 -0.4673 0.5991
vn -0.4434 -0.4621 0.7680
vn -0.2246 -0.4287 0.8751
vn -0.0516 -0.3868 0.9207
vn 0.0603 -0.3528 0.9337
vn 0.1236 -0.3312 0.9354
vn 0.1539 -0.3201 0.9348
vn -0.6318 -0.5731 0.5219
vn -0.4117 -0.6042 0.6823
vn -0.1731 -0.5922 0.7870
vn 0.0169 -0.5563 0.8308
vn 0.1391 -0.5214 0.8419
vn 0.2075 -0.4976 0.8422
vn 0.2400 -0.4851 0.8409
vn -0.6318 -0.5731 -0.5219
vn -0.4117 -0.6042 -0.6823
vn -0.1731 -0.5922 -0.7870
vn 0.0169 -0.5563 -0.8308
vn 0.1391 -0.5214 -0.8419
vn 0.2075 -0.4976 -0.8422
vn 0.2400 -0.4851 -0.8409
vn -0.6502 -0.4673 -0.5991
vn -0.4434 -0.4621 -0.7680
vn -0.2246 -0.4287 -0.8751
vn -0.0516 -0.3868 -0.9207
vn 0.0603 -0.3528 -0.9337
vn 0.1236 -0.3312 -0.9354
vn 0.1539 -0.3201 -0.9348
vn -0.6761 -0.3587 -0.6436
vn -0.4833 -0.3228 -0.8138
vn -0.2813 -0.2720 -0.9203
vn -0.1216 -0.2246 -0.9668
vn -0.0175 -0.1906 -0.9815
vn 0.0419 -0.1700 -0.9846
vn 0.0706 -0.1597 -0.9846
vn -0.7111 -0.2521 -0.6563
vn -0.5330 -0.1894 -0.8246
vn -0.3447 -0.1231 -0.9306
vn -0.1944 -0.0698 -0.9784
vn -0.0952 -0.0344 -0.9949
vn -0.0379 -0.0138 -0.9992
vn -0.0102 -0.0037 -0.9999
vn -0.7553 -0.1497 -0.6381
vn -0.5930 -0.0617 -0.8028
vn -0.4164 0.0208 -0.9089
vn -0.2720 0.0818 -0.9588
vn -0.1750 0.1203 -0.9772
vn -0.1184 0.1419 -0.9828
vn -0.0907 0.1523 -0.9842
vn -0.8065 -0.0532 -0.5889
vn -0.6622 0.0610 -0.7469
vn -0.4966 0.1624 -0.8526
vn -0.3559 0.2341 -0.9047
vn -0.2590 0.2776 -0.9251
vn -0.2016 0.3014 -0.9319
vn -0.1734 0.3126 -0.9339
vn -0.8602 0.0352 -0.5087
vn -0.7360 0.1771 -0.6534
vn -0.5824 0.3012 -0.7550
vn -0.4447 0.3871 -0.8077
vn -0.3467 0.4379 -0.8295
vn -0.2876 0.4651 -0.8372
vn -0.2582 0.4777 -0.8397
vn -0.9429 0.1656 -0.2890
vn -0.8544 0.3553 -0.3792
vn -0.7247 0.5233 -0.4482
vn -0.5946 0.6396 -0.4872
vn -0.4953 0.7071 -0.5047
vn -0.4331 0.7421 -0.5116
vn -0.4017 0.7580 -0.5140
vn -0.9628 0.1978 -0.1840
vn -0.8837 0.4003 -0.2427
vn -0.7612 0.5808 -0.2884
vn -0.6340 0.7063 -0.3149
vn -0.5348 0.7791 -0.3271
vn -0.4721 0.8167 -0.3319
vn -0.4401 0.8336 -0.3337
vn -0.9728 0.2138 -0.0892
vn -0.8985 0.4228 -0.1179
vn -0.7799 0.6100 -0.1406
vn -0.6543 0.7405 -0.1539
vn -0.5552 0.8162 -0.1600
vn -0.4921 0.8552 -0.1625
vn -0.4599 0.8728 -0.1634
vn -0.9758 0.2186 -0.0000
vn -0.9030 0.4296 -0.0000
vn -0.7856 0.6188 -0.0000
vn -0.6605 0.7509 -0.0000
vn -0.5615 0.8275 -0.0000
vn -0.4983 0.8670 -0.0000
vn -0.4660 0.8848 -0.0000
vn -0.9728 0.2138 0.0892
vn -0.8985 0.4228 0.1179
vn -0.7799 0.6100 0.1406
vn -0.6543 0.7405 0.1539
vn -0.5552 0.8162 0.1600
vn -0.4921 0.8552 0.1625
vn -0.4599 0.8728 0.1634
vn -0.9628 0.1978 0.1840
vn -0.8837 0.4003 0.2427
vn -0.7612 0.5808 0.2884
vn -0.6340 0.7063 0.3149
vn -0.5348 0.7791 0.3271
vn -0.4721 0.8167 0.3319
vn -0.4401 0.8336 0.3337
vn -0.9429 0.1655 0.2890
vn -0.8544 0.3553 0.3792
vn -0.7247 0.5233 0.4482
vn -0.5946 0.6396 0.4872
vn -0.4953 0.7071 0.5047
vn -0.4331 0.7421 0.5116
vn -0.4017 0.7580 0.5140
vn -0.6088 -0.7345 0.2998
vn -0.3673 -0.8366 0.4065
vn -0.0926 -0.8718 0.4809
vn 0.1306 -0.8491 0.5118
vn 0.2725 -0.8108 0.5180
vn 0.3504 -0.7812 0.5167
vn 0.3868 -0.7650 0.5149
vn -0.6037 -0.7740 0.1910
vn -0.3570 -0.8967 0.2616
vn -0.0723 -0.9474 0.3119
vn 0.1607 -0.9292 0.3329
vn 0.3085 -0.8896 0.3368
vn 0.3891 -0.8579 0.3357
vn 0.4266 -0.8404 0.3343
vn -0.6018 -0.7933 0.0925
vn -0.3526 -0.9271 0.1274
vn -0.0625 -0.9863 0.1526
vn 0.1759 -0.9708 0.1631
vn 0.3270 -0.9305 0.1651
vn 0.4091 -0.8976 0.1644
vn 0.4472 -0.8793 0.1637
vn -0.6014 -0.7990 -0.0000
vn -0.3514 -0.9362 -0.0000
vn -0.0597 -0.9982 -0.0000
vn 0.1804 -0.9836 -0.0000
vn 0.3326 -0.9431 -0.0000
vn 0.4152 -0.9097 -0.0000
vn 0.4536 -0.8912 -0.0000
vn -0.6018 -0.7933 -0.0925
vn -0.3526 -0.9271 -0.1274
vn -0.0625 -0.9863 -0.1526
vn 0.1759 -0.9708 -0.1631
vn 0.3270 -0.9305 -0.1651
vn 0.4091 -0.8976 -0.1644
vn 0.4473 -0.8793 -0.1637
vn -0.6037 -0.7740 -0.1910
vn -0.3570 -0.8967 -0.2616
vn -0.0723 -0.9474 -0.3119
vn 0.1607 -0.9292 -0.3329
vn 0.3085 -0.8896 -0.3368
vn 0.3891 -0.8579 -0.3357
vn 0.4266 -0.8404 -0.3343
vn -0.6088 -0.7345 -0.2998
vn -0.3673 -0.8366 -0.4065
vn -0.0926 -0.8718 -0.4810
vn 0.1306 -0.8491 -0.5118
vn 0.2725 -0.8108 -0.5180
vn 0.3504 -0.7812 -0.5167
vn 0.3868 -0.7650 -0.5149
vn -0.7514 -0.5466 -0.3697
vn -0.6234 -0.5897 -0.5135
vn -0.4590 -0.6103 -0.6457
vn -0.2992 -0.6058 -0.7372
vn -0.1789 -0.5897 -0.7876
vn -0.1052 -0.5746 -0.8117
vn -0.0690 -0.5653 -0.8220
vn -0.7850 -0.4720 -0.4013
vn -0.6747 -0.4872 -0.5544
vn -0.5303 -0.4842 -0.6959
vn -0.3870 -0.4655 -0.7960
vn -0.2767 -0.4429 -0.8528
vn -0.2078 -0.4255 -0.8808
vn -0.1734 -0.4156 -0.8929
vn -0.8155 -0.4031 -0.4153
vn -0.7206 -0.3934 -0.5709
vn -0.5938 -0.3690 -0.7150
vn -0.4654 -0.3366 -0.8186
vn -0.3646 -0.3073 -0.8790
vn -0.3005 -0.2872 -0.9095
vn -0.2681 -0.2766 -0.9228
vn -0.8441 -0.3383 -0.4159
vn -0.7632 -0.3061 -0.5691
vn -0.6521 -0.2621 -0.7113
vn -0.5374 -0.2168 -0.8150
vn -0.4456 -0.1807 -0.8768
vn -0.3864 -0.1576 -0.9088
vn -0.3559 -0.1461 -0.9230
vn -0.8722 -0.2753 -0.4044
vn -0.8044 -0.2218 -0.5511
vn -0.7083 -0.1593 -0.6877
vn -0.6065 -0.1014 -0.7886
vn -0.5235 -0.0582 -0.8500
vn -0.4691 -0.0317 -0.8826
vn -0.4407 -0.0190 -0.8975
vn -0.9005 -0.2118 -0.3798
vn -0.8457 -0.1376 -0.5157
vn -0.7641 -0.0568 -0.6426
vn -0.6752 0.0140 -0.7375
vn -0.6012 0.0648 -0.7965
vn -0.5518 0.0951 -0.8285
vn -0.5256 0.1094 -0.8436
vn -0.9292 -0.1469 -0.3393
vn -0.8869 -0.0520 -0.4589
vn -0.8196 0.0471 -0.5710
vn -0.7436 0.1311 -0.6557
vn -0.6787 0.1899 -0.7094
vn -0.6348 0.2247 -0.7393
vn -0.6112 0.2409 -0.7539
vn -0.9769 -0.0278 -0.2118
vn -0.9535 0.1025 -0.2834
vn -0.9077 0.2318 -0.3498
vn -0.8521 0.3371 -0.4004
vn -0.8030 0.4093 -0.4333
vn -0.7691 0.4516 -0.4524
vn -0.7508 0.4718 -0.4624
vn -0.9901 0.0109 -0.1403
vn -0.9707 0.1513 -0.1867
vn -0.9297 0.2884 -0.2293
vn -0.8790 0.3987 -0.2617
vn -0.8340 0.4738 -0.2828
vn -0.8030 0.5178 -0.2952
vn -0.7864 0.5390 -0.3018
vn -0.9970 0.0332 -0.0697
vn -0.9795 0.1790 -0.0924
vn -0.9406 0.3200 -0.1131
vn -0.8923 0.4326 -0.1288
vn -0.8495 0.5089 -0.1391
vn -0.8200 0.5537 -0.1451
vn -0.8043 0.5754 -0.1484
vn -0.9992 0.0404 -0.0000
vn -0.9822 0.1879 -0.0000
vn -0.9440 0.3301 -0.0000
vn -0.8963 0.4434 -0.0000
vn -0.8541 0.5200 -0.0000
vn -0.8251 0.5650 -0.0000
vn -0.8097 0.5868 -0.0000
vn -0.9970 0.0332 0.0697
vn -0.9795 0.1790 0.0924
vn -0.9406 0.3200 0.1131
vn -0.8923 0.4326 0.1288
vn -0.8495 0.5089 0.1391
vn -0.8200 0.5537 0.1451
vn -0.8043 0.5754 0.1484
vn -0.9900 0.0110 0.1403
vn -0.9707 0.1513 0.1867
vn -0.9297 0.2884 0.2293
vn -0.8790 0.3987 0.2617
vn -0.8340 0.4738 0.2828
vn -0.8030 0.5178 0.2952
vn -0.7864 0.5390 0.3018
vn -0.9769 -0.0278 0.2118
vn -0.9535 0.1025 0.2834
vn -0.9077 0.2318 0.3498
vn -0.8521 0.3371 0.4004
vn -0.8030 0.4093 0.4333
vn -0.7691 0.4516 0.4524
vn -0.7508 0.4718 0.4624
vn -0.6786 -0.6924 0.2451
vn -0.5107 -0.7890 0.3416
vn -0.3045 -0.8513 0.4273
vn -0.1152 -0.8681 0.4828
vn 0.0197 -0.8593 0.5110
vn 0.0991 -0.8461 0.5238
vn 0.1371 -0.8372 0.5295
vn -0.6506 -0.7412 0.1656
vn -0.4675 -0.8535 0.2302
vn -0.2477 -0.9256 0.2861
vn -0.0509 -0.9456 0.3212
vn 0.0862 -0.9370 0.3384
vn 0.1657 -0.9235 0.3460
vn 0.2036 -0.9145 0.3496
vn -0.6333 -0.7694 0.0832
vn -0.4412 -0.8900 0.1153
vn -0.2138 -0.9664 0.1427
vn -0.0136 -0.9871 0.1595
vn 0.1240 -0.9780 0.1676
vn 0.2032 -0.9641 0.1711
vn 0.2409 -0.9551 0.1728
vn -0.6276 -0.7786 -0.0000
vn -0.4324 -0.9017 -0.0000
vn -0.2027 -0.9792 -0.0000
vn -0.0015 -1.0000 -0.0000
vn 0.1362 -0.9907 -0.0000
vn 0.2152 -0.9766 -0.0000
vn 0.2528 -0.9675 -0.0000
vn -0.6333 -0.7694 -0.0832
vn -0.4412 -0.8900 -0.1153
vn -0.2138 -0.9664 -0.1427
vn -0.0136 -0.9871 -0.1595
vn 0.1240 -0.9780 -0.1676
vn 0.2032 -0.9641 -0.1711
vn 0.2409 -0.9551 -0.1728
vn -0.6506 -0.7412 -0.1656
vn -0.4675 -0.8535 -0.2302
vn -0.2477 -0.9256 -0.2861
vn -0.0509 -0.9456 -0.3212
vn 0.0862 -0.9370 -0.3384
vn 0.1657 -0.9235 -0.3460
vn 0.2036 -0.9145 -0.3496
vn -0.6786 -0.6924 -0.2451
vn -0.5107 -0.7890 -0.3416
vn -0.3045 -0.8513 -0.4273
vn -0.1152 -0.8681 -0.4828
vn 0.0197 -0.8593 -0.5110
vn 0.0991 -0.8461 -0.5238
vn 0.1371 -0.8372 -0.5295
vn -0.9292 -0.1469 0.3393
vn -0.8869 -0.0520 0.4589
vn -0.8196 0.0471 0.5710
vn -0.7436 0.1311 0.6557
vn -0.6787 0.1899 0.7094
vn -0.6348 0.2247 0.7393
vn -0.6112 0.2409 0.7539
vn -0.9005 -0.2118 0.3798
vn -0.8457 -0.1376 0.5157
vn -0.7641 -0.0568 0.6426
vn -0.6752 0.0140 0.7375
vn -0.6012 0.0648 0.7965
vn -0.5518 0.0951 0.8285
vn -0.5256 0.1094 0.8436
vn -0.8722 -0.2753 0.4044
vn -0.8044 -0.2218 0.5511
vn -0.7083 -0.1593 0.6877
vn -0.6065 -0.1014 0.7886
vn -0.5235 -0.0582 0.8500
vn -0.4691 -0.0317 0.8826
vn -0.4407 -0.0190 0.8975
vn -0.8441 -0.3383 0.4159
vn -0.7632 -0.3061 0.5691
vn -0.6521 -0.2621 0.7113
vn -0.5374 -0.2168 0.8150
vn -0.4456 -0.1807 0.8768
vn -0.3864 -0.1576 0.9088
vn -0.3559 -0.1461 0.9230
vn -0.8155 -0.4031 0.4153
vn -0.7206 -0.3934 0.5709
vn -0.5938 -0.3690 0.7150
vn -0.4654 -0.3366 0.8186
vn -0.3646 -0.3073 0.8790
vn -0.3005 -0.2872 0.9095
vn -0.2681 -0.2766 0.9228
vn -0.7850 -0.4720 0.4013
vn -0.6747 -0.4872 0.5544
vn -0.5303 -0.4842 0.6959
vn -0.3870 -0.4655 0.7960
vn -0.2767 -0.4429 0.8528
vn -0.2078 -0.4255 0.8808
vn -0.1734 -0.4156 0.8929
vn -0.7514 -0.5466 0.3697
vn -0.6234 -0.5897 0.5135
vn -0.4590 -0.6103 0.6457
vn -0.2992 -0.6058 0.7372
vn -0.1789 -0.5897 0.7876
vn -0.1052 -0.5746 0.8117
vn -0.0690 -0.5653 0.8220
vt 0.406250 0.390617
vt 0.437500 0.390610
vt 0.437500 0.406128
vt 0.406250 0.406185
vt 0.468750 0.390605
vt 0.468750 0.406087
vt 0.500000 0.390603
vt 0.500000 0.406072
vt 0.531250 0.390605
vt 0.531250 0.406087
vt 0.562500 0.390610
vt 0.562500 0.406128
vt 0.593750 0.390617
vt 0.593750 0.406185
vt 0.437500 0.421462
vt 0.406250 0.421654
vt 0.468750 0.421326
vt 0.500000 0.421274
vt 0.531250 0.421326
vt 0.562500 0.421462
vt 0.593750 0.421654
vt 0.437500 0.436521
vt 0.406250 0.436977
vt 0.468750 0.436199
vt 0.500000 0.436076
vt 0.531250 0.436199
vt 0.562500 0.436521
vt 0.593750 0.436977
vt 0.437533 0.451191
vt 0.406273 0.452090
vt 0.468773 0.450561
vt 0.500000 0.450325
vt 0.531227 0.450561
vt 0.562467 0.451191
vt 0.593727 0.452090
vt 0.437764 0.465268
vt 0.406431 0.466874
vt 0.468931 0.464182
vt 0.500000 0.463787
vt 0.531069 0.464182
vt 0.562236 0.465269
vt 0.593569 0.466874
vt 0.438493 0.478525
vt 0.407080 0.481191
vt 0.469375 0.476807
vt 0.500000 0.476210
vt 0.530625 0.476807
vt 0.561507 0.478525
vt 0.592920 0.481191
vt 0.375000 0.375000
vt 0.406250 0.375000
vt 0.375000 0.390625
vt 0.437500 0.375000
vt 0.468750 0.375000
vt 0.500000 0.375000
vt 0.531250 0.375000
vt 0.562500 0.375000
vt 0.593750 0.375000
vt 0.625000 0.375000
vt 0.625000 0.390625
vt 0.625000 0.406250
vt 0.625000 0.421875
vt 0.625000 0.437500
vt 0.625000 0.453125
vt 0.625000 0.468750
vt 0.625000 0.484375
vt 0.625000 0.500000
vt 0.590010 0.494999
vt 0.559569 0.490721
vt 0.529697 0.488181
vt 0.500000 0.487343
vt 0.470303 0.488181
vt 0.440431 0.490721
vt 0.409990 0.494999
vt 0.375000 0.484375
vt 0.375000 0.500000
vt 0.375000 0.468750
vt 0.375000 0.453125
vt 0.375000 0.437500
vt 0.375000 0.421875
vt 0.375000 0.406250
vt 0.427895 0.669624
vt 0.425550 0.655562
vt 0.427971 0.653527
vt 0.432185 0.665983
vt 0.424912 0.641093
vt 0.426188 0.640050
vt 0.425794 0.626895
vt 0.426460 0.626389
vt 0.428311 0.613392
vt 0.428632 0.613196
vt 0.432655 0.600942
vt 0.432794 0.600913
vt 0.439033 0.589889
vt 0.439101 0.589931
vt 0.430146 0.651736
vt 0.435354 0.663293
vt 0.427538 0.639014
vt 0.427246 0.625882
vt 0.429070 0.613031
vt 0.433046 0.600945
vt 0.439271 0.590060
vt 0.431952 0.650312
vt 0.437598 0.661386
vt 0.428840 0.638122
vt 0.428110 0.625463
vt 0.429641 0.612948
vt 0.433452 0.601077
vt 0.439592 0.590320
vt 0.433426 0.649238
vt 0.439271 0.659964
vt 0.430035 0.637461
vt 0.429034 0.625195
vt 0.430373 0.612990
vt 0.434058 0.601348
vt 0.440112 0.590756
vt 0.434738 0.648390
vt 0.440635 0.658803
vt 0.431234 0.636970
vt 0.430105 0.625058
vt 0.431334 0.613164
vt 0.434925 0.601784
vt 0.440884 0.591410
vt 0.436091 0.647611
vt 0.441927 0.657701
vt 0.432593 0.636551
vt 0.431432 0.625007
vt 0.432606 0.613466
vt 0.436114 0.602411
vt 0.441958 0.592325
vt 0.421472 0.691651
vt 0.423630 0.673244
vt 0.433975 0.681036
vt 0.423517 0.657284
vt 0.423892 0.641952
vt 0.425290 0.627314
vt 0.428093 0.613566
vt 0.432583 0.600989
vt 0.439017 0.589888
vt 0.447648 0.580566
vt 0.447655 0.580575
vt 0.447706 0.580639
vt 0.447844 0.580812
vt 0.448113 0.581149
vt 0.448556 0.581705
vt 0.449216 0.582535
vt 0.450139 0.583692
vt 0.451366 0.585233
vt 0.443387 0.593544
vt 0.437687 0.603252
vt 0.434268 0.613893
vt 0.433128 0.625000
vt 0.434268 0.636107
vt 0.437687 0.646747
vt 0.443387 0.656456
vt 0.450105 0.666336
vt 0.451366 0.664767
vt 0.448944 0.667697
vt 0.447636 0.669076
vt 0.445932 0.670702
vt 0.443520 0.672858
vt 0.439833 0.676044
vt 0.265616 0.531250
vt 0.281182 0.531250
vt 0.281122 0.562500
vt 0.265609 0.562500
vt 0.296645 0.531250
vt 0.296444 0.562500
vt 0.311954 0.531250
vt 0.311478 0.562500
vt 0.327043 0.531274
vt 0.326104 0.562535
vt 0.341787 0.531440
vt 0.340108 0.562776
vt 0.356032 0.532114
vt 0.353243 0.563536
vt 0.281080 0.593750
vt 0.265604 0.593750
vt 0.296301 0.593750
vt 0.311141 0.593750
vt 0.325446 0.593774
vt 0.338973 0.593940
vt 0.351451 0.594403
vt 0.281064 0.625000
vt 0.265602 0.625000
vt 0.296248 0.625000
vt 0.311013 0.625000
vt 0.325199 0.625000
vt 0.338560 0.625000
vt 0.350829 0.625000
vt 0.281080 0.656250
vt 0.265604 0.656250
vt 0.296301 0.656250
vt 0.311141 0.656250
vt 0.325446 0.656226
vt 0.338973 0.656061
vt 0.351451 0.655597
vt 0.281122 0.687500
vt 0.265609 0.687500
vt 0.296444 0.687500
vt 0.311478 0.687500
vt 0.326104 0.687466
vt 0.340108 0.687224
vt 0.353243 0.686464
vt 0.281182 0.718750
vt 0.265616 0.718750
vt 0.296645 0.718750
vt 0.311954 0.718750
vt 0.327043 0.718726
vt 0.341787 0.718561
vt 0.356032 0.717886
vt 0.250000 0.500000
vt 0.265625 0.500000
vt 0.250000 0.531250
vt 0.281250 0.500000
vt 0.296875 0.500000
vt 0.312500 0.500000
vt 0.328125 0.500000
vt 0.343750 0.500000
vt 0.359375 0.500000
vt 0.369684 0.535116
vt 0.365241 0.565550
vt 0.362607 0.595371
vt 0.361739 0.625000
vt 0.362607 0.654629
vt 0.365241 0.684451
vt 0.369684 0.714884
vt 0.375000 0.750000
vt 0.359375 0.750000
vt 0.343750 0.750000
vt 0.328125 0.750000
vt 0.312500 0.750000
vt 0.296875 0.750000
vt 0.281250 0.750000
vt 0.265625 0.750000
vt 0.250000 0.718750
vt 0.250000 0.750000
vt 0.250000 0.687500
vt 0.250000 0.656250
vt 0.250000 0.625000
vt 0.250000 0.593750
vt 0.250000 0.562500
vt 0.643968 0.532114
vt 0.658213 0.531440
vt 0.659893 0.562776
vt 0.646757 0.563536
vt 0.672957 0.531274
vt 0.673896 0.562535
vt 0.688046 0.531250
vt 0.688523 0.562500
vt 0.703355 0.531250
vt 0.703556 0.562500
vt 0.718818 0.531250
vt 0.718878 0.562500
vt 0.734384 0.531250
vt 0.734391 0.562500
vt 0.661027 0.593940
vt 0.648549 0.594403
vt 0.674554 0.593774
vt 0.688859 0.593750
vt 0.703699 0.593750
vt 0.718920 0.593750
vt 0.734396 0.593750
vt 0.661440 0.625000
vt 0.649171 0.625000
vt 0.674801 0.625000
vt 0.688987 0.625000
vt 0.703752 0.625000
vt 0.718936 0.625000
vt 0.734398 0.625000
vt 0.661027 0.656061
vt 0.648549 0.655597
vt 0.674554 0.656226
vt 0.688859 0.656250
vt 0.703699 0.656250
vt 0.718920 0.656250
vt 0.734396 0.656250
vt 0.659893 0.687224
vt 0.646757 0.686464
vt 0.673896 0.687466
vt 0.688523 0.687500
vt 0.703556 0.687500
vt 0.718878 0.687500
vt 0.734391 0.687500
vt 0.658213 0.718561
vt 0.643968 0.717886
vt 0.672957 0.718726
vt 0.688046 0.718750
vt 0.703355 0.718750
vt 0.718818 0.718750
vt 0.734384 0.718750
vt 0.640625 0.500000
vt 0.630316 0.535116
vt 0.656250 0.500000
vt 0.671875 0.500000
vt 0.687500 0.500000
vt 0.703125 0.500000
vt 0.718750 0.500000
vt 0.734375 0.500000
vt 0.750000 0.500000
vt 0.750000 0.531250
vt 0.750000 0.562500
vt 0.750000 0.593750
vt 0.750000 0.625000
vt 0.750000 0.656250
vt 0.750000 0.687500
vt 0.750000 0.718750
vt 0.750000 0.750000
vt 0.734375 0.750000
vt 0.718750 0.750000
vt 0.703125 0.750000
vt 0.687500 0.750000
vt 0.671875 0.750000
vt 0.656250 0.750000
vt 0.640625 0.750000
vt 0.630316 0.714884
vt 0.625000 0.750000
vt 0.634759 0.684451
vt 0.637393 0.654629
vt 0.638261 0.625000
vt 0.637393 0.595371
vt 0.634759 0.565550
vt 0.407080 0.768809
vt 0.438493 0.771475
vt 0.437764 0.784732
vt 0.406431 0.783126
vt 0.469375 0.773193
vt 0.468931 0.785818
vt 0.500000 0.773790
vt 0.500000 0.786213
vt 0.530625 0.773193
vt 0.531069 0.785818
vt 0.561507 0.771475
vt 0.562236 0.784732
vt 0.592920 0.768809
vt 0.593569 0.783126
vt 0.437533 0.798809
vt 0.406273 0.797910
vt 0.468773 0.799439
vt 0.500000 0.799675
vt 0.531227 0.799439
vt 0.562467 0.798809
vt 0.593727 0.797910
vt 0.437500 0.813479
vt 0.406250 0.813023
vt 0.468750 0.813801
vt 0.500000 0.813924
vt 0.531250 0.813801
vt 0.562500 0.813479
vt 0.593750 0.813023
vt 0.437500 0.828538
vt 0.406250 0.828346
vt 0.468750 0.828674
vt 0.500000 0.828726
vt 0.531250 0.828674
vt 0.562500 0.828538
vt 0.593750 0.828346
vt 0.437500 0.843872
vt 0.406250 0.843815
vt 0.468750 0.843913
vt 0.500000 0.843928
vt 0.531250 0.843913
vt 0.562500 0.843872
vt 0.593750 0.843815
vt 0.437500 0.859390
vt 0.406250 0.859383
vt 0.468750 0.859395
vt 0.500000 0.859397
vt 0.531250 0.859395
vt 0.562500 0.859390
vt 0.593750 0.859383
vt 0.409990 0.755001
vt 0.375000 0.765625
vt 0.440431 0.759279
vt 0.470303 0.761819
vt 0.500000 0.762657
vt 0.529697 0.761819
vt 0.559569 0.759279
vt 0.590010 0.755001
vt 0.625000 0.765625
vt 0.625000 0.781250
vt 0.625000 0.796875
vt 0.625000 0.812500
vt 0.625000 0.828125
vt 0.625000 0.843750
vt 0.625000 0.859375
vt 0.625000 0.875000
vt 0.593750 0.875000
vt 0.562500 0.875000
vt 0.531250 0.875000
vt 0.500000 0.875000
vt 0.468750 0.875000
vt 0.437500 0.875000
vt 0.406250 0.875000
vt 0.375000 0.859375
vt 0.375000 0.875000
vt 0.375000 0.843750
vt 0.375000 0.828125
vt 0.375000 0.812500
vt 0.375000 0.796875
vt 0.375000 0.781250
vt 0.558757 0.541261
vt 0.540624 0.532841
vt 0.541437 0.530837
vt 0.559912 0.539377
vt 0.520748 0.527792
vt 0.521167 0.525733
vt 0.500000 0.526109
vt 0.500000 0.524039
vt 0.479252 0.527792
vt 0.478833 0.525733
vt 0.459376 0.532841
vt 0.458563 0.530837
vt 0.441243 0.541261
vt 0.440088 0.539377
vt 0.542783 0.527927
vt 0.561802 0.536562
vt 0.521866 0.522816
vt 0.500000 0.521134
vt 0.478134 0.522816
vt 0.457217 0.527927
vt 0.438198 0.536562
vt 0.544876 0.523810
vt 0.564721 0.532487
vt 0.522957 0.518769
vt 0.500000 0.517139
vt 0.477043 0.518769
vt 0.455124 0.523810
vt 0.435279 0.532487
vt 0.547873 0.518193
vt 0.568976 0.526773
vt 0.524498 0.513355
vt 0.500000 0.511832
vt 0.475502 0.513355
vt 0.452127 0.518193
vt 0.431024 0.526773
vt 0.551686 0.510835
vt 0.574925 0.518844
vt 0.526319 0.506478
vt 0.500000 0.505130
vt 0.473681 0.506478
vt 0.448314 0.510835
vt 0.425076 0.518844
vt 0.555966 0.501597
vt 0.582632 0.508157
vt 0.528169 0.498088
vt 0.500000 0.496984
vt 0.471831 0.498088
vt 0.444034 0.501597
vt 0.417368 0.508157
vt 0.573379 0.554165
vt 0.558044 0.542544
vt 0.574275 0.553056
vt 0.540129 0.534243
vt 0.520494 0.529262
vt 0.500000 0.527602
vt 0.479506 0.529262
vt 0.459871 0.534243
vt 0.441956 0.542544
vt 0.426621 0.554165
vt 0.425725 0.553056
vt 0.424305 0.551382
vt 0.422025 0.548815
vt 0.418546 0.545025
vt 0.413457 0.539605
vt 0.406036 0.531841
vt 0.395163 0.520611
vt 0.409990 0.494999
vt 0.440431 0.490721
vt 0.470303 0.488181
vt 0.500000 0.487343
vt 0.529697 0.488181
vt 0.559569 0.490721
vt 0.590010 0.494999
vt 0.604837 0.520611
vt 0.593964 0.531841
vt 0.586543 0.539605
vt 0.581454 0.545025
vt 0.577975 0.548815
vt 0.575695 0.551382
vt 0.413548 0.568086
vt 0.404855 0.585650
vt 0.403173 0.584698
vt 0.411958 0.566730
vt 0.399641 0.604903
vt 0.397922 0.604412
vt 0.397904 0.625000
vt 0.396178 0.625000
vt 0.399641 0.645097
vt 0.397922 0.645588
vt 0.404855 0.664350
vt 0.403173 0.665302
vt 0.413548 0.681914
vt 0.411958 0.683270
vt 0.400622 0.583194
vt 0.409473 0.564612
vt 0.395381 0.603633
vt 0.393654 0.625000
vt 0.395381 0.646367
vt 0.400623 0.666806
vt 0.409473 0.685388
vt 0.396890 0.580926
vt 0.405754 0.561443
vt 0.391733 0.602452
vt 0.390064 0.625000
vt 0.391733 0.647548
vt 0.396890 0.669074
vt 0.405754 0.688557
vt 0.391670 0.577743
vt 0.400413 0.556922
vt 0.386728 0.600816
vt 0.385169 0.625000
vt 0.386728 0.649184
vt 0.391670 0.672257
vt 0.400413 0.693078
vt 0.384702 0.573743
vt 0.392862 0.550697
vt 0.380247 0.598901
vt 0.378865 0.625000
vt 0.380247 0.651099
vt 0.384702 0.676257
vt 0.392862 0.699303
vt 0.375825 0.569288
vt 0.382541 0.542717
vt 0.372216 0.596966
vt 0.371079 0.625000
vt 0.372216 0.653034
vt 0.375825 0.680712
vt 0.382541 0.707283
vt 0.414583 0.568969
vt 0.405983 0.586262
vt 0.400824 0.605216
vt 0.399104 0.625000
vt 0.400824 0.644784
vt 0.405983 0.663738
vt 0.414583 0.681032
vt 0.426621 0.695835
vt 0.425725 0.696944
vt 0.424305 0.698618
vt 0.422025 0.701185
vt 0.418546 0.704975
vt 0.413457 0.710395
vt 0.406036 0.718159
vt 0.395163 0.729389
vt 0.362607 0.654629
vt 0.361739 0.625000
vt 0.362607 0.595371
vt 0.369684 0.535116
vt 0.586452 0.681914
vt 0.595145 0.664350
vt 0.596827 0.665302
vt 0.588042 0.683270
vt 0.600359 0.645097
vt 0.602078 0.645588
vt 0.602096 0.625000
vt 0.603822 0.625000
vt 0.600359 0.604903
vt 0.602078 0.604412
vt 0.595145 0.585650
vt 0.596827 0.584698
vt 0.586452 0.568086
vt 0.588042 0.566730
vt 0.599378 0.666806
vt 0.590527 0.685388
vt 0.604619 0.646367
vt 0.606346 0.625000
vt 0.604619 0.603633
vt 0.599378 0.583194
vt 0.590527 0.564612
vt 0.603110 0.669074
vt 0.594246 0.688557
vt 0.608267 0.647548
vt 0.609936 0.625000
vt 0.608267 0.602452
vt 0.603110 0.580926
vt 0.594246 0.561443
vt 0.608330 0.672257
vt 0.599588 0.693078
vt 0.613272 0.649184
vt 0.614831 0.625000
vt 0.613272 0.600816
vt 0.608330 0.577743
vt 0.599587 0.556922
vt 0.615298 0.676257
vt 0.607138 0.699303
vt 0.619753 0.651099
vt 0.621135 0.625000
vt 0.619753 0.598901
vt 0.615298 0.573744
vt 0.607138 0.550697
vt 0.624176 0.680712
vt 0.617459 0.707283
vt 0.627784 0.653034
vt 0.628921 0.625000
vt 0.627784 0.596966
vt 0.624176 0.569288
vt 0.617459 0.542717
vt 0.573379 0.695835
vt 0.585418 0.681031
vt 0.574275 0.696944
vt 0.594017 0.663738
vt 0.599176 0.644784
vt 0.600896 0.625000
vt 0.599176 0.605216
vt 0.594017 0.586262
vt 0.585418 0.568969
vt 0.630316 0.535116
vt 0.637393 0.595371
vt 0.638261 0.625000
vt 0.637393 0.654629
vt 0.634759 0.684450
vt 0.630316 0.714884
vt 0.604837 0.729389
vt 0.593964 0.718159
vt 0.586543 0.710395
vt 0.581454 0.704975
vt 0.577975 0.701185
vt 0.575695 0.698618
vt 0.441243 0.708739
vt 0.459376 0.717159
vt 0.458563 0.719163
vt 0.440088 0.710623
vt 0.479252 0.722208
vt 0.478833 0.724267
vt 0.500000 0.723891
vt 0.500000 0.725962
vt 0.520748 0.722208
vt 0.521167 0.724267
vt 0.540624 0.717159
vt 0.541437 0.719163
vt 0.558757 0.708739
vt 0.559912 0.710623
vt 0.457218 0.722073
vt 0.438198 0.713438
vt 0.478134 0.727184
vt 0.500000 0.728866
vt 0.521866 0.727184
vt 0.542783 0.722073
vt 0.561802 0.713438
vt 0.455124 0.726190
vt 0.435279 0.717513
vt 0.477043 0.731231
vt 0.500000 0.732862
vt 0.522957 0.731231
vt 0.544876 0.726190
vt 0.564721 0.717513
vt 0.452127 0.731807
vt 0.431024 0.723227
vt 0.475502 0.736645
vt 0.500000 0.738168
vt 0.524498 0.736645
vt 0.547873 0.731807
vt 0.568976 0.723227
vt 0.448314 0.739165
vt 0.425076 0.731156
vt 0.473681 0.743522
vt 0.500000 0.744870
vt 0.526319 0.743522
vt 0.551686 0.739165
vt 0.574925 0.731156
vt 0.444034 0.748403
vt 0.417368 0.741843
vt 0.471831 0.751913
vt 0.500000 0.753017
vt 0.528169 0.751913
vt 0.555966 0.748403
vt 0.582632 0.741843
vt 0.441956 0.707456
vt 0.459871 0.715757
vt 0.479506 0.720738
vt 0.500000 0.722398
vt 0.520495 0.720738
vt 0.540129 0.715757
vt 0.558044 0.707456
vt 0.579707 0.726912
vt 0.552832 0.726744
vt 0.553355 0.727260
vt 0.580184 0.727355
vt 0.526329 0.726820
vt 0.526643 0.727248
vt 0.500000 0.726894
vt 0.500000 0.727262
vt 0.473671 0.726820
vt 0.473357 0.727248
vt 0.447168 0.726744
vt 0.446645 0.727260
vt 0.420293 0.726912
vt 0.419817 0.727355
vt 0.553518 0.727333
vt 0.580296 0.727410
vt 0.526755 0.727286
vt 0.500000 0.727270
vt 0.473246 0.727286
vt 0.446482 0.727333
vt 0.419705 0.727410
vt 0.553541 0.727160
vt 0.580311 0.727320
vt 0.526771 0.727048
vt 0.500000 0.727005
vt 0.473230 0.727048
vt 0.446459 0.727160
vt 0.419689 0.727320
vt 0.553509 0.726796
vt 0.580289 0.727122
vt 0.526748 0.726576
vt 0.500000 0.726496
vt 0.473252 0.726576
vt 0.446492 0.726796
vt 0.419711 0.727122
vt 0.553281 0.726042
vt 0.580133 0.726695
vt 0.526592 0.725666
vt 0.500000 0.725551
vt 0.473409 0.725666
vt 0.446719 0.726042
vt 0.419868 0.726695
vt 0.552564 0.724538
vt 0.579499 0.725666
vt 0.526154 0.724035
vt 0.500000 0.723918
vt 0.473846 0.724035
vt 0.447436 0.724538
vt 0.420502 0.725666
vt 0.607082 0.727503
vt 0.577450 0.724742
vt 0.607082 0.727503
vt 0.551403 0.725278
vt 0.525667 0.725846
vt 0.500000 0.726079
vt 0.474333 0.725845
vt 0.448597 0.725278
vt 0.422550 0.724742
vt 0.392918 0.727503
vt 0.392918 0.727503
vt 0.392918 0.727503
vt 0.423316 0.722279
vt 0.449328 0.721520
vt 0.474759 0.721353
vt 0.500000 0.721349
vt 0.525241 0.721354
vt 0.550672 0.721520
vt 0.576684 0.722279
vt 0.392918 0.701877
vt 0.392918 0.676251
vt 0.392918 0.676251
vt 0.392918 0.701877
vt 0.392918 0.650626
vt 0.392918 0.650626
vt 0.392918 0.625000
vt 0.392918 0.625000
vt 0.392918 0.599374
vt 0.392918 0.599374
vt 0.392918 0.573749
vt 0.392918 0.573749
vt 0.392918 0.548123
vt 0.392918 0.548123
vt 0.392918 0.676251
vt 0.392918 0.701877
vt 0.392918 0.650626
vt 0.392918 0.599374
vt 0.392918 0.573749
vt 0.392918 0.701877
vt 0.392918 0.676251
vt 0.392918 0.701877
vt 0.392918 0.625000
vt 0.392918 0.727503
vt 0.392918 0.701877
vt 0.392918 0.676251
vt 0.392918 0.650626
vt 0.392918 0.625000
vt 0.392918 0.573749
vt 0.392918 0.548123
vt 0.392918 0.522497
vt 0.392918 0.522497
vt 0.392918 0.599374
vt 0.392918 0.701877
vt 0.392918 0.727503
vt 0.607082 0.548123
vt 0.607082 0.573749
vt 0.607082 0.573749
vt 0.607082 0.599374
vt 0.607082 0.599374
vt 0.607082 0.625000
vt 0.607082 0.625000
vt 0.607082 0.650626
vt 0.607082 0.650626
vt 0.607082 0.676251
vt 0.607082 0.676251
vt 0.607082 0.701877
vt 0.607082 0.701877
vt 0.607082 0.548123
vt 0.607082 0.599374
vt 0.607082 0.650626
vt 0.607082 0.676251
vt 0.607082 0.701877
vt 0.607082 0.625000
vt 0.607082 0.599374
vt 0.607082 0.701877
vt 0.607082 0.599374
vt 0.607082 0.650626
vt 0.607082 0.701877
vt 0.607082 0.522497
vt 0.607082 0.548123
vt 0.607082 0.522497
vt 0.607082 0.599374
vt 0.607082 0.625000
vt 0.607082 0.676251
vt 0.607082 0.701877
vt 0.607082 0.625000
vt 0.545017 0.566654
vt 0.531126 0.560794
vt 0.532220 0.558038
vt 0.546574 0.564065
vt 0.515897 0.557281
vt 0.516461 0.554449
vt 0.500000 0.556111
vt 0.500000 0.553261
vt 0.484103 0.557281
vt 0.483539 0.554448
vt 0.468874 0.560794
vt 0.467780 0.558038
vt 0.454983 0.566654
vt 0.453426 0.564065
vt 0.533820 0.554589
vt 0.548818 0.560702
vt 0.517293 0.551014
vt 0.500000 0.549851
vt 0.482707 0.551014
vt 0.466180 0.554589
vt 0.451182 0.560702
vt 0.536097 0.550341
vt 0.551973 0.556396
vt 0.518483 0.546930
vt 0.500000 0.545861
vt 0.481517 0.546931
vt 0.463903 0.550342
vt 0.448027 0.556396
vt 0.539172 0.545246
vt 0.556290 0.550947
vt 0.520074 0.542232
vt 0.500000 0.541345
vt 0.479926 0.542232
vt 0.460828 0.545246
vt 0.443710 0.550947
vt 0.542967 0.539486
vt 0.562122 0.544048
vt 0.521904 0.537285
vt 0.500000 0.536672
vt 0.478096 0.537285
vt 0.457033 0.539486
vt 0.437878 0.544048
vt 0.547162 0.533495
vt 0.569565 0.535642
vt 0.523737 0.532566
vt 0.500000 0.532292
vt 0.476263 0.532566
vt 0.452838 0.533495
vt 0.430435 0.535642
vt 0.555525 0.576582
vt 0.543921 0.568639
vt 0.556903 0.574867
vt 0.530365 0.562965
vt 0.515508 0.559560
vt 0.500000 0.558426
vt 0.484492 0.559560
vt 0.469635 0.562965
vt 0.456079 0.568639
vt 0.444476 0.576582
vt 0.443097 0.574867
vt 0.441179 0.572570
vt 0.438480 0.569482
vt 0.434759 0.565395
vt 0.429689 0.560009
vt 0.422604 0.552667
vt 0.412391 0.542243
vt 0.392918 0.522497
vt 0.423316 0.527721
vt 0.449328 0.528480
vt 0.474759 0.528647
vt 0.500000 0.528651
vt 0.525241 0.528647
vt 0.550672 0.528480
vt 0.576684 0.527721
vt 0.587609 0.542243
vt 0.607082 0.522497
vt 0.577396 0.552667
vt 0.570311 0.560009
vt 0.565241 0.565395
vt 0.561520 0.569482
vt 0.558821 0.572570
vt 0.433742 0.585362
vt 0.426873 0.597770
vt 0.424655 0.596411
vt 0.431596 0.583495
vt 0.422301 0.611648
vt 0.420187 0.610794
vt 0.419839 0.626552
vt 0.418024 0.626120
vt 0.419318 0.642021
vt 0.418063 0.641820
vt 0.420645 0.657524
vt 0.420464 0.657137
vt 0.423996 0.672297
vt 0.425588 0.671149
vt 0.421732 0.594536
vt 0.428677 0.580928
vt 0.417444 0.609672
vt 0.415609 0.625706
vt 0.416119 0.641960
vt 0.419225 0.657581
vt 0.425289 0.671658
vt 0.417931 0.591996
vt 0.424769 0.577461
vt 0.413925 0.608225
vt 0.412425 0.625369
vt 0.413233 0.642627
vt 0.416636 0.659096
vt 0.423047 0.673849
vt 0.413107 0.588657
vt 0.419609 0.572839
vt 0.409542 0.606413
vt 0.408370 0.625156
vt 0.409251 0.643947
vt 0.412561 0.661804
vt 0.418883 0.677714
vt 0.407218 0.584429
vt 0.412751 0.566597
vt 0.404435 0.604278
vt 0.403611 0.625046
vt 0.404348 0.645829
vt 0.407056 0.665708
vt 0.412536 0.683567
vt 0.400339 0.579330
vt 0.403771 0.558287
vt 0.398809 0.601892
vt 0.398382 0.625006
vt 0.398798 0.648122
vt 0.400318 0.670688
vt 0.403744 0.691734
vt 0.435328 0.586731
vt 0.428556 0.598764
vt 0.423930 0.612296
vt 0.421225 0.626941
vt 0.420189 0.642329
vt 0.420487 0.658156
vt 0.421664 0.674200
vt 0.431180 0.684151
vt 0.434353 0.682456
vt 0.434742 0.683219
vt 0.432875 0.685959
vt 0.428894 0.690562
vt 0.422369 0.697503
vt 0.412361 0.707779
vt 0.392918 0.701877
vt 0.392918 0.676251
vt 0.392918 0.650626
vt 0.576005 0.672297
vt 0.579355 0.657524
vt 0.579536 0.657137
vt 0.574412 0.671149
vt 0.580682 0.642021
vt 0.581937 0.641820
vt 0.580161 0.626552
vt 0.581976 0.626120
vt 0.577699 0.611648
vt 0.579813 0.610794
vt 0.573128 0.597771
vt 0.575345 0.596411
vt 0.566258 0.585362
vt 0.568404 0.583495
vt 0.580775 0.657582
vt 0.574711 0.671658
vt 0.583881 0.641960
vt 0.584391 0.625706
vt 0.582557 0.609672
vt 0.578268 0.594536
vt 0.571323 0.580928
vt 0.583364 0.659096
vt 0.576954 0.673849
vt 0.586767 0.642627
vt 0.587575 0.625370
vt 0.586075 0.608225
vt 0.582069 0.591997
vt 0.575231 0.577461
vt 0.587439 0.661804
vt 0.581117 0.677714
vt 0.590750 0.643947
vt 0.591630 0.625156
vt 0.590458 0.606413
vt 0.586893 0.588657
vt 0.580391 0.572839
vt 0.592944 0.665708
vt 0.587464 0.683567
vt 0.595652 0.645829
vt 0.596389 0.625046
vt 0.595565 0.604278
vt 0.592782 0.584429
vt 0.587249 0.566597
vt 0.599682 0.670688
vt 0.596256 0.691734
vt 0.601202 0.648122
vt 0.601618 0.625006
vt 0.601191 0.601892
vt 0.599662 0.579330
vt 0.596229 0.558287
vt 0.578528 0.691651
vt 0.578336 0.674200
vt 0.568820 0.684151
vt 0.579513 0.658156
vt 0.579811 0.642330
vt 0.578775 0.626941
vt 0.576070 0.612296
vt 0.571444 0.598764
vt 0.564672 0.586731
vt 0.607082 0.573749
vt 0.587639 0.707779
vt 0.577631 0.697503
vt 0.571106 0.690562
vt 0.567125 0.685959
vt 0.565258 0.683219
vt 0.565647 0.682456
vt 0.445004 0.690140
vt 0.462396 0.692781
vt 0.463526 0.694380
vt 0.447375 0.689977
vt 0.480971 0.694036
vt 0.481372 0.696654
vt 0.500000 0.694400
vt 0.500000 0.697322
vt 0.519029 0.694036
vt 0.518628 0.696654
vt 0.537604 0.692781
vt 0.536474 0.694380
vt 0.554996 0.690140
vt 0.552625 0.689977
vt 0.463665 0.696863
vt 0.447789 0.691529
vt 0.481377 0.699732
vt 0.500000 0.700591
vt 0.518623 0.699732
vt 0.536335 0.696863
vt 0.552211 0.691529
vt 0.462608 0.700409
vt 0.446306 0.694732
vt 0.480825 0.703467
vt 0.500000 0.704380
vt 0.519175 0.703467
vt 0.537392 0.700409
vt 0.553695 0.694732
vt 0.460282 0.705070
vt 0.442983 0.699528
vt 0.479634 0.707936
vt 0.500000 0.708757
vt 0.520366 0.707936
vt 0.539719 0.705070
vt 0.557017 0.699528
vt 0.456871 0.710608
vt 0.437663 0.706092
vt 0.478010 0.712764
vt 0.500000 0.713358
vt 0.521990 0.712765
vt 0.543129 0.710608
vt 0.562337 0.706093
vt 0.452818 0.716517
vt 0.430408 0.714375
vt 0.476253 0.717440
vt 0.500000 0.717712
vt 0.523748 0.717440
vt 0.547182 0.716517
vt 0.569592 0.714375
vt 0.441104 0.691651
vt 0.460736 0.691651
vt 0.480368 0.691651
vt 0.500000 0.691651
vt 0.519632 0.691651
vt 0.539264 0.691652
vt 0.558896 0.691651
vt 0.550672 0.721520
vt 0.525241 0.721353
vt 0.500000 0.721349
vt 0.474759 0.721353
vt 0.449328 0.721520
vt 0.423316 0.722279
vt 0.420293 0.523088
vt 0.447168 0.523256
vt 0.446645 0.522740
vt 0.419816 0.522645
vt 0.473671 0.523180
vt 0.473357 0.522752
vt 0.500000 0.523106
vt 0.500000 0.522738
vt 0.526329 0.523180
vt 0.526643 0.522752
vt 0.552832 0.523256
vt 0.553355 0.522740
vt 0.579707 0.523088
vt 0.580184 0.522645
vt 0.446482 0.522667
vt 0.419705 0.522590
vt 0.473246 0.522714
vt 0.500000 0.522730
vt 0.526754 0.522714
vt 0.553518 0.522667
vt 0.580295 0.522590
vt 0.446459 0.522840
vt 0.419689 0.522680
vt 0.473230 0.522952
vt 0.500000 0.522995
vt 0.526770 0.522952
vt 0.553541 0.522840
vt 0.580311 0.522680
vt 0.446492 0.523204
vt 0.419711 0.522878
vt 0.473252 0.523424
vt 0.500000 0.523504
vt 0.526748 0.523424
vt 0.553508 0.523204
vt 0.580289 0.522878
vt 0.446719 0.523958
vt 0.419868 0.523305
vt 0.473408 0.524334
vt 0.500000 0.524449
vt 0.526591 0.524334
vt 0.553281 0.523958
vt 0.580132 0.523305
vt 0.447436 0.525462
vt 0.420502 0.524334
vt 0.473846 0.525965
vt 0.500000 0.526082
vt 0.526154 0.525965
vt 0.552564 0.525462
vt 0.579498 0.524334
vt 0.392918 0.522497
vt 0.422550 0.525258
vt 0.448597 0.524722
vt 0.474333 0.524155
vt 0.500000 0.523921
vt 0.525667 0.524155
vt 0.551403 0.524722
vt 0.577450 0.525258
vt 0.607082 0.522497
vt 0.576684 0.527721
vt 0.550672 0.528480
vt 0.525241 0.528647
vt 0.500000 0.528651
vt 0.423316 0.527721
vt 0.392918 0.522497
vt 0.578528 0.575011
vt 0.578528 0.591674
vt 0.578528 0.591674
vt 0.578528 0.575011
vt 0.578528 0.608337
vt 0.578528 0.608337
vt 0.578528 0.625000
vt 0.578528 0.625000
vt 0.578528 0.641663
vt 0.578528 0.641663
vt 0.578528 0.658326
vt 0.578528 0.658326
vt 0.578528 0.674989
vt 0.578528 0.591674
vt 0.578528 0.575011
vt 0.578528 0.608337
vt 0.578528 0.625000
vt 0.578528 0.658326
vt 0.578528 0.674989
vt 0.578528 0.591674
vt 0.578528 0.575011
vt 0.578528 0.641663
vt 0.578528 0.658326
vt 0.578528 0.674989
vt 0.578528 0.625000
vt 0.578528 0.674989
vt 0.578528 0.575012
vt 0.578528 0.641663
vt 0.578528 0.591674
vt 0.578528 0.608337
vt 0.578528 0.625000
vt 0.578528 0.641663
vt 0.578528 0.658326
vt 0.578528 0.674989
vt 0.578528 0.558349
vt 0.578528 0.658326
vt 0.578528 0.691651
vt 0.578528 0.691651
vt 0.578528 0.691652
vt 0.578528 0.674989
vt 0.578528 0.658326
vt 0.578528 0.558349
vt 0.458642 0.573246
vt 0.471754 0.567757
vt 0.471804 0.567820
vt 0.458685 0.573318
vt 0.486664 0.563867
vt 0.486751 0.563890
vt 0.503043 0.561332
vt 0.503215 0.561270
vt 0.520592 0.559887
vt 0.520894 0.559697
vt 0.539125 0.559168
vt 0.539529 0.558871
vt 0.558500 0.558774
vt 0.558852 0.558499
vt 0.471890 0.568032
vt 0.458796 0.573518
vt 0.486825 0.564089
vt 0.503300 0.561425
vt 0.521012 0.559778
vt 0.539659 0.558886
vt 0.558936 0.558493
vt 0.472044 0.568455
vt 0.459009 0.573910
vt 0.486925 0.564515
vt 0.503359 0.561819
vt 0.521049 0.560100
vt 0.539684 0.559111
vt 0.558948 0.558608
vt 0.472295 0.569157
vt 0.459360 0.574556
vt 0.487078 0.565229
vt 0.503428 0.562493
vt 0.521059 0.560677
vt 0.539665 0.559536
vt 0.558930 0.558833
vt 0.472660 0.570212
vt 0.459883 0.575520
vt 0.487274 0.566326
vt 0.503454 0.563577
vt 0.520936 0.561678
vt 0.539472 0.560335
vt 0.558796 0.559277
vt 0.473152 0.571702
vt 0.460611 0.576869
vt 0.487492 0.567912
vt 0.503362 0.565219
vt 0.520522 0.563318
vt 0.538850 0.561803
vt 0.558261 0.560241
vt 0.458632 0.573240
vt 0.471711 0.567779
vt 0.486529 0.563968
vt 0.502727 0.561589
vt 0.519973 0.560403
vt 0.538037 0.560084
vt 0.556840 0.560180
vt 0.578528 0.558349
vt 0.578528 0.558349
vt 0.555948 0.563073
vt 0.537224 0.564542
vt 0.519621 0.565851
vt 0.503075 0.567569
vt 0.487714 0.570092
vt 0.473787 0.573705
vt 0.461578 0.578666
vt 0.558908 0.691637
vt 0.539365 0.691559
vt 0.539461 0.691433
vt 0.558921 0.691604
vt 0.519974 0.691352
vt 0.520298 0.691018
vt 0.500811 0.690954
vt 0.501579 0.690234
vt 0.481999 0.690258
vt 0.483524 0.688898
vt 0.463852 0.688999
vt 0.466640 0.686577
vt 0.447027 0.686619
vt 0.451649 0.682656
vt 0.539546 0.691240
vt 0.558931 0.691531
vt 0.520586 0.690611
vt 0.502261 0.689471
vt 0.484843 0.687600
vt 0.468844 0.684555
vt 0.454850 0.679831
vt 0.539616 0.690947
vt 0.558940 0.691399
vt 0.520819 0.690096
vt 0.502814 0.688644
vt 0.485894 0.686360
vt 0.470476 0.682876
vt 0.457007 0.677790
vt 0.539636 0.690489
vt 0.558927 0.691170
vt 0.520962 0.689405
vt 0.503198 0.687702
vt 0.486643 0.685140
vt 0.471634 0.681405
vt 0.458516 0.676161
vt 0.539464 0.689672
vt 0.558795 0.690724
vt 0.520907 0.688346
vt 0.503386 0.686481
vt 0.487145 0.683784
vt 0.472464 0.679954
vt 0.459633 0.674692
vt 0.538849 0.688198
vt 0.558261 0.689759
vt 0.520518 0.686685
vt 0.503353 0.684788
vt 0.487476 0.682102
vt 0.473128 0.678319
vt 0.460580 0.673158
vt 0.558896 0.691651
vt 0.539264 0.691651
vt 0.441104 0.691651
vt 0.461578 0.671334
vt 0.473788 0.676295
vt 0.487714 0.679908
vt 0.503075 0.682431
vt 0.519621 0.684150
vt 0.537224 0.685458
vt 0.555948 0.686927
vt 0.532733 0.598112
vt 0.522375 0.596864
vt 0.522552 0.593177
vt 0.532554 0.595327
vt 0.511327 0.596238
vt 0.511542 0.592048
vt 0.500010 0.596054
vt 0.500079 0.591742
vt 0.488696 0.596251
vt 0.488640 0.592153
vt 0.477652 0.596889
vt 0.477683 0.593374
vt 0.467293 0.598145
vt 0.467729 0.595589
vt 0.523369 0.589118
vt 0.533563 0.591806
vt 0.512068 0.587715
vt 0.500267 0.587409
vt 0.488550 0.588069
vt 0.477434 0.589782
vt 0.467430 0.592689
vt 0.524983 0.584598
vt 0.535781 0.587522
vt 0.513036 0.583180
vt 0.500632 0.583044
vt 0.488428 0.584021
vt 0.476927 0.586172
vt 0.466595 0.589614
vt 0.527463 0.579594
vt 0.539225 0.582439
vt 0.514513 0.578447
vt 0.501204 0.578676
vt 0.488281 0.580052
vt 0.476222 0.582631
vt 0.465438 0.586544
vt 0.530661 0.574263
vt 0.544032 0.576405
vt 0.516301 0.573756
vt 0.501886 0.574491
vt 0.488112 0.576300
vt 0.475404 0.579285
vt 0.464121 0.583612
vt 0.534228 0.568946
vt 0.550151 0.569445
vt 0.518122 0.569428
vt 0.502552 0.570714
vt 0.487922 0.572927
vt 0.474562 0.576265
vt 0.462785 0.580945
vt 0.545071 0.600355
vt 0.533803 0.600356
vt 0.541090 0.600662
vt 0.522536 0.600356
vt 0.511268 0.600355
vt 0.500000 0.600355
vt 0.488732 0.600355
vt 0.477465 0.600355
vt 0.466197 0.600355
vt 0.454929 0.600355
vt 0.458896 0.600698
vt 0.459575 0.599144
vt 0.459082 0.596954
vt 0.457897 0.594467
vt 0.456343 0.591918
vt 0.454622 0.589450
vt 0.452905 0.587182
vt 0.451366 0.585233
vt 0.461578 0.578666
vt 0.487714 0.570092
vt 0.519621 0.565851
vt 0.537224 0.564542
vt 0.555948 0.563073
vt 0.563195 0.572977
vt 0.554796 0.581227
vt 0.548880 0.587385
vt 0.544735 0.592178
vt 0.542007 0.595989
vt 0.540713 0.598858
vt 0.454110 0.605428
vt 0.451576 0.611444
vt 0.450307 0.610578
vt 0.453858 0.604271
vt 0.450392 0.617986
vt 0.448490 0.617550
vt 0.450466 0.624701
vt 0.448247 0.624801
vt 0.451840 0.631311
vt 0.449509 0.631990
vt 0.454595 0.637567
vt 0.452316 0.638826
vt 0.458820 0.643227
vt 0.456731 0.645031
vt 0.448615 0.609468
vt 0.452824 0.602650
vt 0.446303 0.617006
vt 0.445770 0.624881
vt 0.446934 0.632721
vt 0.449808 0.640202
vt 0.454433 0.647008
vt 0.446563 0.608198
vt 0.451212 0.600763
vt 0.443888 0.616386
vt 0.443123 0.624938
vt 0.444217 0.633474
vt 0.447179 0.641635
vt 0.452028 0.649071
vt 0.444279 0.606864
vt 0.449274 0.598796
vt 0.441329 0.615724
vt 0.440399 0.624974
vt 0.441468 0.634217
vt 0.444538 0.643065
vt 0.449618 0.651134
vt 0.441922 0.605546
vt 0.447204 0.596869
vt 0.438767 0.615060
vt 0.437732 0.624992
vt 0.438809 0.634922
vt 0.441999 0.644433
vt 0.447307 0.653110
vt 0.439668 0.604317
vt 0.445182 0.595084
vt 0.436361 0.614436
vt 0.435261 0.624999
vt 0.436366 0.635562
vt 0.439677 0.645681
vt 0.445195 0.654913
vt 0.453863 0.606041
vt 0.452551 0.612042
vt 0.451973 0.618290
vt 0.452343 0.624582
vt 0.453823 0.630716
vt 0.456538 0.636485
vt 0.460599 0.641682
vt 0.466120 0.646097
vt 0.464604 0.648048
vt 0.462818 0.650327
vt 0.460849 0.652825
vt 0.458786 0.655432
vt 0.456718 0.658039
vt 0.454733 0.660537
vt 0.452919 0.662816
vt 0.451366 0.664767
vt 0.443387 0.656456
vt 0.437687 0.646748
vt 0.434268 0.636107
vt 0.433128 0.625000
vt 0.434268 0.613893
vt 0.437687 0.603252
vt 0.443387 0.593544
vt 0.540756 0.643259
vt 0.544982 0.637592
vt 0.547676 0.639023
vt 0.543296 0.645293
vt 0.547747 0.631324
vt 0.550452 0.632095
vt 0.549150 0.624701
vt 0.551719 0.624801
vt 0.549277 0.617973
vt 0.551533 0.617445
vt 0.548178 0.611420
vt 0.549812 0.610382
vt 0.545762 0.605395
vt 0.546364 0.604010
vt 0.550968 0.640866
vt 0.546475 0.647891
vt 0.553706 0.633076
vt 0.554817 0.624881
vt 0.554377 0.616652
vt 0.552241 0.608804
vt 0.548198 0.601768
vt 0.554968 0.643209
vt 0.550438 0.651164
vt 0.557591 0.634314
vt 0.558534 0.624938
vt 0.557942 0.615546
vt 0.555625 0.606625
vt 0.551313 0.598670
vt 0.559767 0.646131
vt 0.555363 0.655258
vt 0.562153 0.635841
vt 0.562914 0.624974
vt 0.562300 0.614100
vt 0.560044 0.603799
vt 0.555733 0.594672
vt 0.565385 0.649680
vt 0.561569 0.660473
vt 0.567276 0.637621
vt 0.567824 0.624992
vt 0.567320 0.612362
vt 0.565467 0.600299
vt 0.561679 0.589507
vt 0.571752 0.653836
vt 0.569354 0.667099
vt 0.572800 0.639592
vt 0.573088 0.624999
vt 0.572805 0.610406
vt 0.571762 0.596161
vt 0.569368 0.582899
vt 0.533187 0.646097
vt 0.538708 0.641682
vt 0.534973 0.648084
vt 0.542776 0.636485
vt 0.545507 0.630716
vt 0.547022 0.624582
vt 0.547448 0.618290
vt 0.546964 0.612042
vt 0.545805 0.606041
vt 0.578528 0.591674
vt 0.578528 0.625000
vt 0.563180 0.677021
vt 0.554676 0.668760
vt 0.548475 0.662572
vt 0.543773 0.657721
vt 0.540098 0.653791
vt 0.537221 0.650613
vt 0.471953 0.651830
vt 0.480539 0.654531
vt 0.479609 0.657459
vt 0.470559 0.654483
vt 0.489951 0.656155
vt 0.489543 0.659261
vt 0.499778 0.656700
vt 0.499933 0.659896
vt 0.509607 0.656168
vt 0.510348 0.659366
vt 0.519027 0.654556
vt 0.520337 0.657656
vt 0.527620 0.651862
vt 0.529446 0.654745
vt 0.478584 0.660681
vt 0.469017 0.657394
vt 0.489117 0.662709
vt 0.500182 0.663500
vt 0.511332 0.663063
vt 0.522053 0.661345
vt 0.531818 0.658276
vt 0.477520 0.664063
vt 0.467400 0.660434
vt 0.488725 0.666372
vt 0.500589 0.667416
vt 0.512653 0.667213
vt 0.524305 0.665636
vt 0.534895 0.662526
vt 0.476472 0.667468
vt 0.465778 0.663477
vt 0.488406 0.670114
vt 0.501186 0.671518
vt 0.514351 0.671719
vt 0.527177 0.670505
vt 0.538851 0.667581
vt 0.475478 0.670745
vt 0.464221 0.666394
vt 0.488149 0.673749
vt 0.501881 0.675566
vt 0.516253 0.676293
vt 0.530576 0.675767
vt 0.543922 0.673601
vt 0.474571 0.673739
vt 0.462798 0.669056
vt 0.487927 0.677079
vt 0.502552 0.679294
vt 0.518116 0.680578
vt 0.534218 0.681058
vt 0.550138 0.680556
vt 0.473128 0.649558
vt 0.481315 0.652031
vt 0.490287 0.653514
vt 0.499653 0.654009
vt 0.509019 0.653514
vt 0.517992 0.652031
vt 0.526179 0.649558
vt 0.555948 0.686927
vt 0.537224 0.685458
vt 0.519621 0.684150
vt 0.503075 0.682431
vt 0.473788 0.676295
vt 0.475003 0.614383
vt 0.479558 0.613802
vt 0.478733 0.617387
vt 0.473812 0.617723
vt 0.484824 0.613330
vt 0.484265 0.617082
vt 0.490502 0.613142
vt 0.490166 0.616952
vt 0.496284 0.613330
vt 0.496180 0.617082
vt 0.501843 0.613802
vt 0.502052 0.617387
vt 0.506863 0.614383
vt 0.507534 0.617723
vt 0.477786 0.621611
vt 0.472508 0.621794
vt 0.483668 0.621433
vt 0.489911 0.621353
vt 0.496271 0.621433
vt 0.502510 0.621611
vt 0.508392 0.621794
vt 0.476791 0.626426
vt 0.471181 0.626518
vt 0.483061 0.626335
vt 0.489717 0.626293
vt 0.496483 0.626335
vt 0.503103 0.626426
vt 0.509322 0.626518
vt 0.475776 0.631763
vt 0.469815 0.631801
vt 0.482467 0.631724
vt 0.489564 0.631707
vt 0.496758 0.631724
vt 0.503766 0.631763
vt 0.510306 0.631801
vt 0.474674 0.637501
vt 0.468199 0.637512
vt 0.481876 0.637489
vt 0.489442 0.637484
vt 0.497081 0.637489
vt 0.504531 0.637501
vt 0.511494 0.637512
vt 0.473426 0.643506
vt 0.466101 0.643507
vt 0.481275 0.643504
vt 0.489340 0.643504
vt 0.497444 0.643504
vt 0.505430 0.643506
vt 0.513054 0.643507
vt 0.472811 0.612678
vt 0.475705 0.611812
vt 0.471407 0.614702
vt 0.480099 0.610880
vt 0.485301 0.610222
vt 0.490941 0.609977
vt 0.496667 0.610222
vt 0.502101 0.610880
vt 0.506822 0.611812
vt 0.510021 0.612678
vt 0.511113 0.614702
vt 0.512425 0.617884
vt 0.513688 0.621877
vt 0.514884 0.626559
vt 0.516075 0.631819
vt 0.517495 0.637517
vt 0.519513 0.643508
vt 0.523567 0.649645
vt 0.514988 0.649645
vt 0.506408 0.649645
vt 0.497828 0.649645
vt 0.489248 0.649645
vt 0.480668 0.649645
vt 0.472089 0.649645
vt 0.463509 0.649645
vt 0.460353 0.643508
vt 0.454929 0.649645
vt 0.463050 0.637517
vt 0.464938 0.631819
vt 0.466509 0.626559
vt 0.468074 0.621877
vt 0.469713 0.617884
vt 0.528265 0.649645
vt 0.517788 0.649645
vt 0.516162 0.649645
vt 0.526368 0.649645
vt 0.507312 0.649645
vt 0.505957 0.649645
vt 0.496835 0.649645
vt 0.495751 0.649645
vt 0.486359 0.649645
vt 0.485546 0.649645
vt 0.475882 0.649645
vt 0.475340 0.649645
vt 0.465406 0.649645
vt 0.465135 0.649645
vt 0.514537 0.649645
vt 0.524471 0.649645
vt 0.504602 0.649645
vt 0.494667 0.649645
vt 0.484733 0.649645
vt 0.474798 0.649645
vt 0.464864 0.649645
vt 0.512911 0.649645
vt 0.522575 0.649645
vt 0.503247 0.649645
vt 0.493584 0.649645
vt 0.483920 0.649645
vt 0.474256 0.649645
vt 0.464593 0.649645
vt 0.511285 0.649645
vt 0.520678 0.649645
vt 0.501892 0.649645
vt 0.492500 0.649645
vt 0.483107 0.649645
vt 0.473714 0.649645
vt 0.464322 0.649645
vt 0.509659 0.649645
vt 0.518781 0.649645
vt 0.500538 0.649645
vt 0.491416 0.649645
vt 0.482294 0.649645
vt 0.473172 0.649645
vt 0.464051 0.649645
vt 0.508034 0.649645
vt 0.516884 0.649645
vt 0.499183 0.649645
vt 0.490332 0.649645
vt 0.481481 0.649645
vt 0.472631 0.649645
vt 0.463780 0.649645
vt 0.540909 0.649645
vt 0.530161 0.649645
vt 0.538741 0.649645
vt 0.519414 0.649645
vt 0.508666 0.649645
vt 0.497919 0.649645
vt 0.487171 0.649645
vt 0.476424 0.649645
vt 0.465677 0.649645
vt 0.454929 0.649645
vt 0.454929 0.649645
vt 0.506408 0.649645
vt 0.514988 0.649645
vt 0.525735 0.649645
vt 0.523567 0.649645
vt 0.527903 0.649645
vt 0.530070 0.649645
vt 0.532238 0.649645
vt 0.534406 0.649645
vt 0.536574 0.649645
vt 0.455193 0.643348
vt 0.455311 0.637191
vt 0.455195 0.637343
vt 0.455039 0.643462
vt 0.455396 0.631168
vt 0.455455 0.631346
vt 0.455587 0.625256
vt 0.455913 0.625509
vt 0.456014 0.619456
vt 0.456702 0.619884
vt 0.456787 0.613823
vt 0.458072 0.614613
vt 0.458168 0.608521
vt 0.460389 0.609911
vt 0.455362 0.637411
vt 0.455102 0.643492
vt 0.455799 0.631476
vt 0.456506 0.625754
vt 0.457613 0.620332
vt 0.459390 0.615363
vt 0.462152 0.611022
vt 0.455773 0.637446
vt 0.455303 0.643499
vt 0.456438 0.631578
vt 0.457393 0.625989
vt 0.458762 0.620775
vt 0.460767 0.616055
vt 0.463658 0.611952
vt 0.456469 0.637473
vt 0.455662 0.643502
vt 0.457429 0.631670
vt 0.458633 0.626206
vt 0.460198 0.621189
vt 0.462308 0.616704
vt 0.465171 0.612828
vt 0.457663 0.637496
vt 0.456310 0.643505
vt 0.458992 0.631747
vt 0.460417 0.626388
vt 0.462092 0.621539
vt 0.464177 0.617275
vt 0.466845 0.613653
vt 0.459672 0.637512
vt 0.457530 0.643507
vt 0.461395 0.631800
vt 0.462968 0.626513
vt 0.464648 0.621785
vt 0.466563 0.617709
vt 0.468826 0.614365
vt 0.456109 0.642825
vt 0.455878 0.636830
vt 0.455625 0.630907
vt 0.455503 0.625000
vt 0.455571 0.619093
vt 0.455780 0.613170
vt 0.455995 0.607175
vt 0.461419 0.604288
vt 0.464357 0.606187
vt 0.466256 0.607510
vt 0.467683 0.608589
vt 0.469000 0.609637
vt 0.470325 0.610707
vt 0.471679 0.611791
vt 0.471407 0.614702
vt 0.469713 0.617884
vt 0.468074 0.621877
vt 0.466509 0.626559
vt 0.464938 0.631819
vt 0.460353 0.643508
vt 0.534979 0.608521
vt 0.536023 0.613824
vt 0.533003 0.614613
vt 0.530875 0.609911
vt 0.536593 0.619456
vt 0.534237 0.619884
vt 0.536953 0.625256
vt 0.534970 0.625509
vt 0.537209 0.631168
vt 0.535465 0.631346
vt 0.537502 0.637191
vt 0.535853 0.637343
vt 0.537985 0.643348
vt 0.536216 0.643462
vt 0.529888 0.615363
vt 0.527237 0.611022
vt 0.531566 0.620332
vt 0.532612 0.625754
vt 0.533315 0.631476
vt 0.533796 0.637411
vt 0.534136 0.643492
vt 0.526757 0.616055
vt 0.523955 0.611952
vt 0.528662 0.620775
vt 0.529939 0.625989
vt 0.530827 0.631578
vt 0.531447 0.637446
vt 0.531887 0.643499
vt 0.523586 0.616704
vt 0.520828 0.612828
vt 0.525558 0.621189
vt 0.526970 0.626206
vt 0.528024 0.631670
vt 0.528835 0.637473
vt 0.529490 0.643502
vt 0.520256 0.617275
vt 0.517746 0.613653
vt 0.522135 0.621539
vt 0.523580 0.626388
vt 0.524762 0.631747
vt 0.525819 0.637496
vt 0.526859 0.643505
vt 0.516610 0.617709
vt 0.514598 0.614365
vt 0.518234 0.621785
vt 0.519606 0.626513
vt 0.520850 0.631800
vt 0.522174 0.637511
vt 0.523788 0.643507
vt 0.540909 0.600355
vt 0.538797 0.607175
vt 0.532083 0.604288
vt 0.538545 0.613170
vt 0.538511 0.619093
vt 0.538504 0.625000
vt 0.538457 0.630907
vt 0.538447 0.636830
vt 0.538684 0.642825
vt 0.540909 0.649645
vt 0.525735 0.649645
vt 0.516075 0.631819
vt 0.514884 0.626559
vt 0.513688 0.621877
vt 0.512425 0.617884
vt 0.511113 0.614702
vt 0.511865 0.611791
vt 0.514333 0.610707
vt 0.517049 0.609637
vt 0.519987 0.608589
vt 0.523223 0.607510
vt 0.527076 0.606187
vt 0.468410 0.602229
vt 0.477394 0.601377
vt 0.478238 0.602371
vt 0.470496 0.603760
vt 0.487001 0.600988
vt 0.486818 0.601664
vt 0.496839 0.600878
vt 0.495780 0.601458
vt 0.506675 0.600988
vt 0.504742 0.601664
vt 0.516276 0.601378
vt 0.513315 0.602371
vt 0.525231 0.602229
vt 0.521027 0.603760
vt 0.478868 0.603328
vt 0.471934 0.604975
vt 0.486614 0.602427
vt 0.494763 0.602152
vt 0.502918 0.602427
vt 0.510668 0.603328
vt 0.517591 0.604975
vt 0.479346 0.604327
vt 0.472994 0.606058
vt 0.486399 0.603335
vt 0.493811 0.603018
vt 0.501237 0.603335
vt 0.508317 0.604327
vt 0.514688 0.606058
vt 0.479748 0.605469
vt 0.473925 0.607188
vt 0.486183 0.604455
vt 0.492942 0.604121
vt 0.499729 0.604455
vt 0.506225 0.605469
vt 0.512106 0.607188
vt 0.480061 0.606859
vt 0.474777 0.608452
vt 0.485948 0.605896
vt 0.492168 0.605571
vt 0.498434 0.605896
vt 0.504427 0.606859
vt 0.509828 0.608452
vt 0.480228 0.608611
vt 0.475488 0.609933
vt 0.485666 0.607777
vt 0.491498 0.607483
vt 0.497395 0.607777
vt 0.502999 0.608611
vt 0.507943 0.609933
vt 0.465677 0.600355
vt 0.476424 0.600355
vt 0.487171 0.600355
vt 0.497919 0.600355
vt 0.508666 0.600355
vt 0.519414 0.600356
vt 0.530161 0.600355
vt 0.442434 0.543463
vt 0.460198 0.535267
vt 0.460245 0.535827
vt 0.442527 0.543898
vt 0.479672 0.530352
vt 0.479690 0.531010
vt 0.500000 0.528714
vt 0.500000 0.529411
vt 0.520328 0.530352
vt 0.520309 0.531010
vt 0.539802 0.535267
vt 0.539755 0.535828
vt 0.557567 0.543463
vt 0.557473 0.543898
vt 0.459831 0.535763
vt 0.442000 0.543636
vt 0.479465 0.531122
vt 0.500000 0.529599
vt 0.520535 0.531122
vt 0.540169 0.535763
vt 0.558000 0.543636
vt 0.458779 0.534910
vt 0.440615 0.542465
vt 0.478900 0.530572
vt 0.500000 0.529186
vt 0.521100 0.530572
vt 0.541221 0.534910
vt 0.559385 0.542465
vt 0.456949 0.533153
vt 0.438106 0.540144
vt 0.477943 0.529318
vt 0.500000 0.528144
vt 0.522057 0.529318
vt 0.543051 0.533153
vt 0.561894 0.540144
vt 0.454366 0.530567
vt 0.434075 0.536313
vt 0.476721 0.527597
vt 0.500000 0.526715
vt 0.523279 0.527597
vt 0.545634 0.530567
vt 0.565925 0.536313
vt 0.451270 0.527438
vt 0.428341 0.530819
vt 0.475425 0.525738
vt 0.500000 0.525204
vt 0.524575 0.525738
vt 0.548730 0.527438
vt 0.571659 0.530819
vt 0.426621 0.554165
vt 0.441956 0.542544
vt 0.427232 0.554946
vt 0.459871 0.534243
vt 0.500000 0.527602
vt 0.520495 0.529262
vt 0.573379 0.554165
vt 0.572768 0.554946
vt 0.572600 0.555254
vt 0.573129 0.554853
vt 0.574611 0.553505
vt 0.577390 0.550889
vt 0.582155 0.546349
vt 0.590046 0.538803
vt 0.409954 0.538803
vt 0.417845 0.546349
vt 0.422610 0.550888
vt 0.425389 0.553505
vt 0.426871 0.554853
vt 0.427400 0.555254
vt 0.584695 0.569581
vt 0.593209 0.586683
vt 0.592821 0.586808
vt 0.584421 0.569786
vt 0.598315 0.605430
vt 0.597835 0.605489
vt 0.600016 0.625000
vt 0.599499 0.625000
vt 0.598315 0.644570
vt 0.597835 0.644511
vt 0.593209 0.663317
vt 0.592821 0.663192
vt 0.584695 0.680419
vt 0.584421 0.680214
vt 0.593030 0.586470
vt 0.584823 0.569365
vt 0.597868 0.605303
vt 0.599454 0.625000
vt 0.597868 0.644697
vt 0.593030 0.663530
vt 0.584823 0.680635
vt 0.594015 0.585501
vt 0.586132 0.568096
vt 0.598541 0.604781
vt 0.599988 0.625000
vt 0.598541 0.645219
vt 0.594015 0.664499
vt 0.586132 0.681904
vt 0.595934 0.583751
vt 0.588625 0.565713
vt 0.599938 0.603863
vt 0.601161 0.625000
vt 0.599938 0.646138
vt 0.595934 0.666250
vt 0.588625 0.684288
vt 0.598849 0.581135
vt 0.592768 0.561764
vt 0.601948 0.602592
vt 0.602849 0.625000
vt 0.601948 0.647408
vt 0.598849 0.668865
vt 0.592768 0.688236
vt 0.602706 0.577675
vt 0.599001 0.555826
vt 0.604401 0.601053
vt 0.604880 0.625000
vt 0.604401 0.648947
vt 0.602706 0.672325
vt 0.599001 0.694174
vt 0.594017 0.586262
vt 0.599176 0.605216
vt 0.600896 0.625000
vt 0.599176 0.644784
vt 0.594017 0.663738
vt 0.585418 0.681031
vt 0.573379 0.695835
vt 0.572768 0.695054
vt 0.572600 0.694746
vt 0.573129 0.695147
vt 0.574611 0.696495
vt 0.577390 0.699112
vt 0.582155 0.703651
vt 0.590046 0.711197
vt 0.415305 0.680419
vt 0.406791 0.663317
vt 0.407179 0.663192
vt 0.415580 0.680214
vt 0.401685 0.644570
vt 0.402165 0.644511
vt 0.399985 0.625000
vt 0.400501 0.625000
vt 0.401685 0.605430
vt 0.402165 0.605489
vt 0.406791 0.586683
vt 0.407179 0.586808
vt 0.415305 0.569580
vt 0.415580 0.569786
vt 0.406970 0.663530
vt 0.415177 0.680635
vt 0.402132 0.644697
vt 0.400546 0.625000
vt 0.402132 0.605303
vt 0.406970 0.586470
vt 0.415177 0.569365
vt 0.405985 0.664499
vt 0.413868 0.681904
vt 0.401459 0.645219
vt 0.400012 0.625000
vt 0.401459 0.604781
vt 0.405985 0.585501
vt 0.413868 0.568096
vt 0.404066 0.666249
vt 0.411375 0.684288
vt 0.400062 0.646138
vt 0.398839 0.625000
vt 0.400062 0.603863
vt 0.404066 0.583751
vt 0.411375 0.565712
vt 0.401151 0.668865
vt 0.407232 0.688236
vt 0.398052 0.647408
vt 0.397151 0.625000
vt 0.398053 0.602592
vt 0.401151 0.581135
vt 0.407232 0.561764
vt 0.397294 0.672325
vt 0.400999 0.694174
vt 0.395599 0.648947
vt 0.395120 0.625000
vt 0.395599 0.601053
vt 0.397294 0.577675
vt 0.400999 0.555826
vt 0.426621 0.695835
vt 0.427232 0.695054
vt 0.405983 0.663738
vt 0.400824 0.644784
vt 0.399104 0.625000
vt 0.400824 0.605216
vt 0.405983 0.586262
vt 0.414583 0.568969
vt 0.392918 0.548123
vt 0.409954 0.711197
vt 0.417845 0.703651
vt 0.422610 0.699112
vt 0.425389 0.696495
vt 0.426871 0.695147
vt 0.427400 0.694746
vt 0.557567 0.706537
vt 0.539802 0.714733
vt 0.539755 0.714173
vt 0.557473 0.706102
vt 0.520328 0.719648
vt 0.520310 0.718990
vt 0.500000 0.721286
vt 0.500000 0.720589
vt 0.479672 0.719648
vt 0.479691 0.718990
vt 0.460198 0.714733
vt 0.460245 0.714173
vt 0.442434 0.706537
vt 0.442527 0.706102
vt 0.540169 0.714237
vt 0.558001 0.706364
vt 0.520535 0.718878
vt 0.500000 0.720401
vt 0.479465 0.718879
vt 0.459831 0.714237
vt 0.442000 0.706364
vt 0.541221 0.715090
vt 0.559385 0.707535
vt 0.521100 0.719428
vt 0.500000 0.720814
vt 0.478900 0.719428
vt 0.458779 0.715090
vt 0.440615 0.707535
vt 0.543051 0.716847
vt 0.561894 0.709856
vt 0.522057 0.720682
vt 0.500000 0.721856
vt 0.477943 0.720682
vt 0.456949 0.716847
vt 0.438106 0.709856
vt 0.545634 0.719434
vt 0.565925 0.713687
vt 0.523279 0.722403
vt 0.500000 0.723285
vt 0.476721 0.722403
vt 0.454366 0.719433
vt 0.434075 0.713687
vt 0.548730 0.722562
vt 0.571659 0.719181
vt 0.524575 0.724262
vt 0.500000 0.724796
vt 0.475425 0.724262
vt 0.451270 0.722562
vt 0.428341 0.719181
vt 0.558044 0.707456
vt 0.540129 0.715757
vt 0.520494 0.720738
vt 0.500000 0.722398
vt 0.479506 0.720738
vt 0.459871 0.715757
vt 0.441956 0.707456
vt 0.539264 0.691651
vt 0.539264 0.691651
vt 0.519632 0.691651
vt 0.519632 0.691651
vt 0.500000 0.691651
vt 0.480368 0.691651
vt 0.480368 0.691651
vt 0.460736 0.691651
vt 0.441104 0.691651
vt 0.539264 0.691651
vt 0.558896 0.691651
vt 0.519632 0.691651
vt 0.480368 0.691651
vt 0.460736 0.691651
vt 0.441104 0.691651
vt 0.539264 0.691651
vt 0.539264 0.691651
vt 0.558896 0.691651
vt 0.558896 0.691651
vt 0.500000 0.691651
vt 0.441104 0.691651
vt 0.558896 0.691651
vt 0.519632 0.691651
vt 0.480368 0.691651
vt 0.558896 0.691652
vt 0.421472 0.691651
vt 0.421472 0.691651
vt 0.456908 0.570169
vt 0.470209 0.564649
vt 0.470647 0.565908
vt 0.457531 0.571319
vt 0.484788 0.561334
vt 0.485033 0.562649
vt 0.500009 0.560226
vt 0.500068 0.561534
vt 0.515231 0.561324
vt 0.515124 0.562564
vt 0.529817 0.564629
vt 0.529558 0.565749
vt 0.543124 0.570143
vt 0.542720 0.571107
vt 0.470975 0.566798
vt 0.457980 0.572141
vt 0.485259 0.563548
vt 0.500230 0.562370
vt 0.515273 0.563261
vt 0.529715 0.566261
vt 0.542869 0.571427
vt 0.471221 0.567373
vt 0.458284 0.572689
vt 0.485498 0.564076
vt 0.500545 0.562755
vt 0.515764 0.563396
vt 0.530415 0.566100
vt 0.543727 0.570997
vt 0.471409 0.567689
vt 0.458473 0.573017
vt 0.485770 0.564288
vt 0.501040 0.562732
vt 0.516639 0.562988
vt 0.531751 0.565228
vt 0.545477 0.569692
vt 0.471547 0.567815
vt 0.458575 0.573182
vt 0.486055 0.564274
vt 0.501636 0.562429
vt 0.517769 0.562201
vt 0.533684 0.563722
vt 0.548393 0.567311
vt 0.471646 0.567822
vt 0.458619 0.573237
vt 0.486318 0.564134
vt 0.502232 0.561997
vt 0.518965 0.561249
vt 0.536017 0.561792
vt 0.552588 0.563784
vt 0.456079 0.568639
vt 0.445523 0.577897
vt 0.484492 0.559560
vt 0.500000 0.558426
vt 0.515508 0.559560
vt 0.530365 0.562965
vt 0.543921 0.568639
vt 0.555524 0.576582
vt 0.554511 0.577868
vt 0.553963 0.578654
vt 0.554047 0.578812
vt 0.554930 0.578216
vt 0.556844 0.576685
vt 0.560275 0.573821
vt 0.566038 0.568947
vt 0.447642 0.580558
vt 0.447599 0.580503
vt 0.447481 0.580356
vt 0.447252 0.580068
vt 0.446874 0.579593
vt 0.446310 0.578885
vt 0.563489 0.587749
vt 0.570170 0.599500
vt 0.569360 0.599921
vt 0.562796 0.588348
vt 0.574814 0.612775
vt 0.573956 0.613045
vt 0.577684 0.627232
vt 0.576882 0.627393
vt 0.579069 0.642549
vt 0.578450 0.642657
vt 0.579367 0.658500
vt 0.579013 0.658603
vt 0.579029 0.674910
vt 0.578930 0.675011
vt 0.569120 0.599931
vt 0.562736 0.588406
vt 0.573556 0.613043
vt 0.576402 0.627398
vt 0.578007 0.642673
vt 0.578690 0.658623
vt 0.578762 0.675024
vt 0.569551 0.599432
vt 0.563455 0.587800
vt 0.573673 0.612708
vt 0.576272 0.627221
vt 0.577771 0.642600
vt 0.578469 0.658603
vt 0.578632 0.675023
vt 0.570743 0.598341
vt 0.565132 0.586379
vt 0.574336 0.612001
vt 0.576503 0.626848
vt 0.577756 0.642443
vt 0.578369 0.658557
vt 0.578555 0.675017
vt 0.572719 0.596622
vt 0.568087 0.583873
vt 0.575456 0.610975
vt 0.577019 0.626319
vt 0.577916 0.642219
vt 0.578367 0.658491
vt 0.578522 0.675009
vt 0.575424 0.594311
vt 0.572618 0.580027
vt 0.576907 0.609717
vt 0.577726 0.625686
vt 0.578192 0.641952
vt 0.578431 0.658411
vt 0.578517 0.674999
vt 0.564672 0.586731
vt 0.578775 0.626941
vt 0.579513 0.658156
vt 0.420971 0.674910
vt 0.420634 0.658501
vt 0.420996 0.658610
vt 0.421071 0.675012
vt 0.420935 0.642552
vt 0.421579 0.642682
vt 0.422325 0.627239
vt 0.423186 0.627451
vt 0.425203 0.612789
vt 0.426173 0.613154
vt 0.429855 0.599521
vt 0.430836 0.600087
vt 0.436542 0.587776
vt 0.437454 0.588561
vt 0.421339 0.658647
vt 0.421242 0.675027
vt 0.422090 0.642755
vt 0.423828 0.627593
vt 0.426879 0.613412
vt 0.431542 0.600492
vt 0.438109 0.589123
vt 0.421599 0.658661
vt 0.421377 0.675031
vt 0.422459 0.642795
vt 0.424273 0.627684
vt 0.427358 0.613583
vt 0.432016 0.600763
vt 0.438548 0.589500
vt 0.421780 0.658653
vt 0.421473 0.675021
vt 0.422702 0.642805
vt 0.424554 0.627730
vt 0.427654 0.613683
vt 0.432306 0.600926
vt 0.438814 0.589728
vt 0.421991 0.658548
vt 0.421600 0.674951
vt 0.422926 0.642726
vt 0.424754 0.627708
vt 0.427829 0.613715
vt 0.432461 0.601004
vt 0.438952 0.589845
vt 0.422425 0.658207
vt 0.421968 0.674653
vt 0.423267 0.642477
vt 0.424967 0.627580
vt 0.427952 0.613676
vt 0.432536 0.601018
vt 0.439005 0.589886
vt 0.420189 0.642330
vt 0.421225 0.626941
vt 0.423930 0.612296
vt 0.435328 0.586731
vt 0.421472 0.691651
vt 0.466132 0.600355
vt 0.477334 0.600355
vt 0.477204 0.600355
vt 0.466067 0.600355
vt 0.488537 0.600355
vt 0.488342 0.600355
vt 0.499740 0.600355
vt 0.499480 0.600355
vt 0.510943 0.600355
vt 0.510617 0.600355
vt 0.522145 0.600355
vt 0.521755 0.600355
vt 0.533348 0.600355
vt 0.532893 0.600355
vt 0.477074 0.600355
vt 0.466002 0.600355
vt 0.488147 0.600355
vt 0.499220 0.600355
vt 0.510292 0.600355
vt 0.521365 0.600355
vt 0.532438 0.600355
vt 0.476944 0.600355
vt 0.465937 0.600355
vt 0.487952 0.600355
vt 0.498959 0.600355
vt 0.509967 0.600355
vt 0.520975 0.600355
vt 0.531982 0.600355
vt 0.476814 0.600355
vt 0.465872 0.600355
vt 0.487757 0.600355
vt 0.498699 0.600355
vt 0.509642 0.600356
vt 0.520584 0.600355
vt 0.531527 0.600355
vt 0.476684 0.600355
vt 0.465807 0.600355
vt 0.487562 0.600355
vt 0.498439 0.600355
vt 0.509317 0.600355
vt 0.520194 0.600355
vt 0.531072 0.600355
vt 0.476554 0.600355
vt 0.465742 0.600355
vt 0.487367 0.600355
vt 0.498179 0.600355
vt 0.508991 0.600355
vt 0.519804 0.600355
vt 0.530617 0.600355
vt 0.454929 0.600355
vt 0.466197 0.600355
vt 0.454929 0.600355
vt 0.488732 0.600355
vt 0.500000 0.600355
vt 0.545071 0.600355
vt 0.544551 0.600356
vt 0.544030 0.600356
vt 0.543510 0.600355
vt 0.542990 0.600356
vt 0.542470 0.600355
vt 0.541949 0.600356
vt 0.541429 0.600356
vt 0.540909 0.600355
vt 0.530161 0.600356
vt 0.454929 0.600355
vt 0.545278 0.606340
vt 0.545828 0.612378
vt 0.544757 0.612527
vt 0.544498 0.606460
vt 0.545905 0.618451
vt 0.544598 0.618511
vt 0.545256 0.624450
vt 0.543810 0.624331
vt 0.543662 0.630234
vt 0.542189 0.629888
vt 0.540969 0.635634
vt 0.539563 0.635037
vt 0.537040 0.640471
vt 0.535770 0.639622
vt 0.543806 0.612576
vt 0.543749 0.606499
vt 0.543501 0.618519
vt 0.542653 0.624255
vt 0.541077 0.629699
vt 0.538576 0.634714
vt 0.534950 0.639150
vt 0.542961 0.612584
vt 0.543049 0.606505
vt 0.542578 0.618524
vt 0.541752 0.624254
vt 0.540317 0.629688
vt 0.538031 0.634681
vt 0.534630 0.639072
vt 0.542174 0.612602
vt 0.542372 0.606510
vt 0.541770 0.618568
vt 0.541050 0.624348
vt 0.539867 0.629863
vt 0.537923 0.634948
vt 0.534873 0.639410
vt 0.541323 0.612661
vt 0.541648 0.606539
vt 0.540937 0.618666
vt 0.540394 0.624522
vt 0.539555 0.630174
vt 0.538152 0.635479
vt 0.535785 0.640217
vt 0.540230 0.612809
vt 0.540707 0.606652
vt 0.539913 0.618834
vt 0.539605 0.624748
vt 0.539170 0.630552
vt 0.538508 0.636188
vt 0.537356 0.641495
vt 0.546965 0.612042
vt 0.547448 0.618290
vt 0.547022 0.624582
vt 0.545507 0.630716
vt 0.542776 0.636485
vt 0.538708 0.641682
vt 0.533187 0.646097
vt 0.531735 0.644567
vt 0.530648 0.643485
vt 0.529998 0.642858
vt 0.529854 0.642698
vt 0.530325 0.643033
vt 0.531668 0.643974
vt 0.534329 0.645732
vt 0.541429 0.600355
vt 0.461975 0.640471
vt 0.458050 0.635634
vt 0.459093 0.635037
vt 0.462887 0.639622
vt 0.455373 0.630234
vt 0.456475 0.629888
vt 0.453810 0.624450
vt 0.454875 0.624330
vt 0.453212 0.618451
vt 0.454128 0.618511
vt 0.453372 0.612378
vt 0.454031 0.612527
vt 0.454044 0.606340
vt 0.454371 0.606460
vt 0.459642 0.634714
vt 0.463284 0.639150
vt 0.457133 0.629699
vt 0.455567 0.624255
vt 0.454751 0.618519
vt 0.454497 0.612576
vt 0.454619 0.606499
vt 0.459672 0.634681
vt 0.463116 0.639072
vt 0.457353 0.629688
vt 0.455912 0.624254
vt 0.455115 0.618524
vt 0.454790 0.612584
vt 0.454781 0.606505
vt 0.459178 0.634948
vt 0.462318 0.639410
vt 0.457163 0.629863
vt 0.455954 0.624348
vt 0.455271 0.618568
vt 0.454955 0.612602
vt 0.454882 0.606510
vt 0.458228 0.635479
vt 0.460778 0.640217
vt 0.456696 0.630174
vt 0.455812 0.624522
vt 0.455319 0.618666
vt 0.455074 0.612661
vt 0.454969 0.606538
vt 0.456981 0.636188
vt 0.458470 0.641495
vt 0.456116 0.630552
vt 0.455617 0.624748
vt 0.455375 0.618834
vt 0.455268 0.612809
vt 0.455157 0.606652
vt 0.466120 0.646097
vt 0.460599 0.641682
vt 0.467279 0.644567
vt 0.456538 0.636485
vt 0.453823 0.630716
vt 0.452343 0.624582
vt 0.451973 0.618290
vt 0.452551 0.612042
vt 0.453863 0.606041
vt 0.461851 0.645732
vt 0.465063 0.643974
vt 0.466950 0.643033
vt 0.467933 0.642698
vt 0.468253 0.642858
vt 0.468013 0.643484
vt 0.525002 0.647775
vt 0.517135 0.650065
vt 0.516482 0.648638
vt 0.524124 0.646496
vt 0.508510 0.651438
vt 0.508094 0.649917
vt 0.499508 0.651896
vt 0.499333 0.650341
vt 0.490505 0.651438
vt 0.490573 0.649917
vt 0.481880 0.650065
vt 0.482184 0.648638
vt 0.474012 0.647775
vt 0.474540 0.646496
vt 0.516092 0.647727
vt 0.523617 0.645718
vt 0.507804 0.648913
vt 0.499135 0.649302
vt 0.490465 0.648913
vt 0.482175 0.647727
vt 0.474645 0.645718
vt 0.516023 0.647312
vt 0.523552 0.645436
vt 0.507674 0.648390
vt 0.498916 0.648735
vt 0.490158 0.648390
vt 0.481804 0.647312
vt 0.474261 0.645436
vt 0.516326 0.647364
vt 0.524024 0.645655
vt 0.507726 0.648301
vt 0.498681 0.648587
vt 0.489635 0.648301
vt 0.481026 0.647363
vt 0.473302 0.645655
vt 0.517029 0.647834
vt 0.525214 0.646427
vt 0.507938 0.648552
vt 0.498434 0.648761
vt 0.488928 0.648552
vt 0.479826 0.647834
vt 0.471608 0.646427
vt 0.518116 0.648648
vt 0.527294 0.647794
vt 0.508271 0.649039
vt 0.498178 0.649149
vt 0.488085 0.649039
vt 0.478233 0.648648
vt 0.469026 0.647794
vt 0.526179 0.649558
vt 0.509019 0.653514
vt 0.499653 0.654009
vt 0.490287 0.653514
vt 0.481315 0.652031
vt 0.473128 0.649558
vt 0.465676 0.649645
vt 0.406250 0.390617
vt 0.437500 0.406128
vt 0.437500 0.390610
vt 0.406250 0.421654
vt 0.437500 0.421462
vt 0.406250 0.436977
vt 0.437500 0.436521
vt 0.406273 0.452090
vt 0.437533 0.451191
vt 0.406431 0.466874
vt 0.437764 0.465268
vt 0.407080 0.481191
vt 0.438493 0.478525
vt 0.468750 0.406087
vt 0.468750 0.390605
vt 0.468750 0.436199
vt 0.468773 0.450561
vt 0.468931 0.464182
vt 0.469375 0.476807
vt 0.500000 0.406072
vt 0.500000 0.390603
vt 0.500000 0.421274
vt 0.500000 0.463787
vt 0.500000 0.476210
vt 0.531250 0.436199
vt 0.531227 0.450561
vt 0.531069 0.464182
vt 0.530625 0.476807
vt 0.562500 0.406128
vt 0.562500 0.390610
vt 0.562500 0.421462
vt 0.562467 0.451191
vt 0.562236 0.465268
vt 0.561507 0.478525
vt 0.593750 0.406185
vt 0.593750 0.390617
vt 0.593727 0.452090
vt 0.593569 0.466874
vt 0.375000 0.390625
vt 0.406250 0.375000
vt 0.375000 0.421875
vt 0.409990 0.494999
vt 0.440431 0.490721
vt 0.529697 0.488181
vt 0.559569 0.490721
vt 0.590010 0.494999
vt 0.625000 0.421875
vt 0.593750 0.375000
vt 0.531250 0.375000
vt 0.468750 0.375000
vt 0.421970 0.674653
vt 0.421617 0.674951
vt 0.422018 0.658543
vt 0.422429 0.658206
vt 0.421532 0.675019
vt 0.421871 0.658633
vt 0.421515 0.675025
vt 0.421813 0.658615
vt 0.421507 0.675018
vt 0.421750 0.658562
vt 0.421497 0.675009
vt 0.421668 0.658492
vt 0.421485 0.674999
vt 0.421574 0.658412
vt 0.422946 0.642706
vt 0.423270 0.642474
vt 0.422771 0.642739
vt 0.422623 0.642639
vt 0.422411 0.642459
vt 0.422134 0.642224
vt 0.421814 0.641953
vt 0.424744 0.627661
vt 0.424966 0.627575
vt 0.424523 0.627575
vt 0.424199 0.627314
vt 0.423696 0.626888
vt 0.423040 0.626331
vt 0.422282 0.625687
vt 0.427763 0.613627
vt 0.427944 0.613665
vt 0.427432 0.613389
vt 0.426832 0.612886
vt 0.425877 0.612076
vt 0.424607 0.610998
vt 0.423101 0.609719
vt 0.432328 0.600874
vt 0.432520 0.601002
vt 0.431855 0.600485
vt 0.430947 0.599716
vt 0.429468 0.598461
vt 0.427343 0.596657
vt 0.424583 0.594315
vt 0.438759 0.589682
vt 0.438980 0.589866
vt 0.438163 0.589178
vt 0.437006 0.588196
vt 0.435062 0.586546
vt 0.431967 0.583919
vt 0.427380 0.580026
vt 0.423630 0.673244
vt 0.421472 0.674989
vt 0.421472 0.658326
vt 0.421472 0.641663
vt 0.421472 0.625000
vt 0.421472 0.608337
vt 0.421472 0.591674
vt 0.421472 0.575011
vt 0.421472 0.558349
vt 0.433845 0.568850
vt 0.439741 0.573854
vt 0.443320 0.576892
vt 0.445467 0.578714
vt 0.446728 0.579785
vt 0.447376 0.580334
vt 0.447614 0.580537
vt 0.439017 0.589888
vt 0.428093 0.613566
vt 0.425290 0.627314
vt 0.423517 0.657284
vt 0.265609 0.562500
vt 0.281182 0.531250
vt 0.265602 0.625000
vt 0.281064 0.625000
vt 0.281080 0.656250
vt 0.265609 0.687500
vt 0.281122 0.687500
vt 0.265616 0.718750
vt 0.281182 0.718750
vt 0.296645 0.531250
vt 0.296301 0.656250
vt 0.296444 0.687500
vt 0.311954 0.531250
vt 0.311141 0.593750
vt 0.311478 0.687500
vt 0.311954 0.718750
vt 0.326104 0.562534
vt 0.327043 0.531274
vt 0.325446 0.593774
vt 0.325199 0.625000
vt 0.340107 0.562776
vt 0.338973 0.593939
vt 0.338560 0.625000
vt 0.338973 0.656061
vt 0.340107 0.687224
vt 0.341787 0.718561
vt 0.353243 0.563536
vt 0.356032 0.532114
vt 0.351451 0.594403
vt 0.350829 0.625000
vt 0.351451 0.655597
vt 0.250000 0.531250
vt 0.265625 0.500000
vt 0.250000 0.593750
vt 0.250000 0.656250
vt 0.250000 0.718750
vt 0.265625 0.750000
vt 0.296875 0.750000
vt 0.369684 0.714884
vt 0.361739 0.625000
vt 0.296875 0.500000
vt 0.646758 0.563536
vt 0.658213 0.531440
vt 0.648549 0.594403
vt 0.649171 0.625000
vt 0.648549 0.655597
vt 0.661027 0.656061
vt 0.646757 0.686464
vt 0.658213 0.718561
vt 0.673896 0.562534
vt 0.672957 0.531274
vt 0.674554 0.593774
vt 0.674554 0.656226
vt 0.673896 0.687466
vt 0.672957 0.718726
vt 0.688523 0.562500
vt 0.688046 0.531250
vt 0.688987 0.625000
vt 0.688523 0.687500
vt 0.688046 0.718750
vt 0.703556 0.562500
vt 0.703355 0.531250
vt 0.718878 0.562500
vt 0.718818 0.531250
vt 0.718936 0.625000
vt 0.734391 0.562500
vt 0.734384 0.531250
vt 0.734398 0.625000
vt 0.734396 0.656250
vt 0.734391 0.687500
vt 0.634759 0.565550
vt 0.637393 0.654629
vt 0.630316 0.714884
vt 0.703125 0.750000
vt 0.734375 0.750000
vt 0.750000 0.718750
vt 0.750000 0.656250
vt 0.750000 0.593750
vt 0.750000 0.531250
vt 0.734375 0.500000
vt 0.703125 0.500000
vt 0.437764 0.784732
vt 0.438493 0.771475
vt 0.437533 0.798809
vt 0.437500 0.813479
vt 0.437500 0.828538
vt 0.406250 0.843815
vt 0.437500 0.843872
vt 0.406250 0.859383
vt 0.468931 0.785818
vt 0.469375 0.773193
vt 0.468750 0.813801
vt 0.468750 0.828674
vt 0.500000 0.813924
vt 0.500000 0.828726
vt 0.531069 0.785818
vt 0.530625 0.773193
vt 0.531227 0.799439
vt 0.531250 0.859395
vt 0.562467 0.798809
vt 0.562500 0.813479
vt 0.562500 0.828538
vt 0.562500 0.843872
vt 0.593569 0.783126
vt 0.592920 0.768809
vt 0.593750 0.828346
vt 0.593750 0.843815
vt 0.409990 0.755001
vt 0.375000 0.828125
vt 0.375000 0.859375
vt 0.406250 0.875000
vt 0.468750 0.875000
vt 0.531250 0.875000
vt 0.593750 0.875000
vt 0.625000 0.828125
vt 0.590010 0.755001
vt 0.470303 0.761819
vt 0.558757 0.541261
vt 0.541437 0.530837
vt 0.540624 0.532841
vt 0.561802 0.536562
vt 0.542782 0.527927
vt 0.564721 0.532487
vt 0.568976 0.526773
vt 0.574925 0.518844
vt 0.551686 0.510835
vt 0.555966 0.501597
vt 0.520748 0.527792
vt 0.522957 0.518769
vt 0.524498 0.513355
vt 0.526319 0.506478
vt 0.528169 0.498088
vt 0.500000 0.524039
vt 0.500000 0.526109
vt 0.500000 0.511832
vt 0.500000 0.496984
vt 0.478833 0.525733
vt 0.478134 0.522816
vt 0.475502 0.513355
vt 0.458563 0.530837
vt 0.457217 0.527927
vt 0.455124 0.523810
vt 0.448314 0.510835
vt 0.440088 0.539377
vt 0.438198 0.536562
vt 0.431024 0.526773
vt 0.425076 0.518844
vt 0.417368 0.508157
vt 0.573379 0.554165
vt 0.574275 0.553056
vt 0.558044 0.542544
vt 0.575695 0.551382
vt 0.577975 0.548815
vt 0.581454 0.545025
vt 0.586543 0.539605
vt 0.593964 0.531841
vt 0.590010 0.494999
vt 0.500000 0.487343
vt 0.440431 0.490721
vt 0.409990 0.494999
vt 0.406036 0.531841
vt 0.413457 0.539605
vt 0.422025 0.548815
vt 0.424305 0.551382
vt 0.425725 0.553056
vt 0.441956 0.542544
vt 0.426621 0.554165
vt 0.459871 0.534243
vt 0.479506 0.529262
vt 0.500000 0.527602
vt 0.540129 0.534243
vt 0.413503 0.568128
vt 0.411925 0.566761
vt 0.402911 0.584944
vt 0.404496 0.585988
vt 0.409452 0.564631
vt 0.400456 0.583350
vt 0.405743 0.561453
vt 0.396803 0.581007
vt 0.400408 0.556926
vt 0.391634 0.577778
vt 0.392860 0.550699
vt 0.384691 0.573754
vt 0.382541 0.542717
vt 0.375823 0.569289
vt 0.397037 0.605242
vt 0.398429 0.606042
vt 0.394820 0.604158
vt 0.391439 0.602728
vt 0.386604 0.600932
vt 0.380211 0.598935
vt 0.372212 0.596970
vt 0.394081 0.626967
vt 0.395031 0.627699
vt 0.392325 0.626246
vt 0.389367 0.625653
vt 0.384875 0.625276
vt 0.378778 0.625082
vt 0.371068 0.625010
vt 0.393906 0.649353
vt 0.394055 0.650343
vt 0.392861 0.648727
vt 0.390416 0.648782
vt 0.386172 0.649705
vt 0.380083 0.651254
vt 0.372196 0.653054
vt 0.396730 0.671325
vt 0.395358 0.673256
vt 0.396749 0.670420
vt 0.394886 0.670943
vt 0.390825 0.673045
vt 0.384452 0.676490
vt 0.375793 0.680741
vt 0.403064 0.691537
vt 0.399189 0.695337
vt 0.404442 0.690044
vt 0.403195 0.690923
vt 0.399333 0.694076
vt 0.392542 0.699598
vt 0.382501 0.707320
vt 0.414527 0.569021
vt 0.365241 0.565550
vt 0.361739 0.625000
vt 0.362607 0.654629
vt 0.395120 0.729428
vt 0.405688 0.718476
vt 0.412281 0.711464
vt 0.415759 0.707510
vt 0.416496 0.706221
vt 0.414226 0.707855
vt 0.408177 0.713174
vt 0.394627 0.699794
vt 0.393805 0.675197
vt 0.393894 0.651307
vt 0.395573 0.628325
vt 0.399334 0.606619
vt 0.405542 0.586678
vt 0.600811 0.695337
vt 0.596936 0.691537
vt 0.603270 0.671325
vt 0.604642 0.673256
vt 0.595558 0.690044
vt 0.603251 0.670420
vt 0.596805 0.690923
vt 0.605114 0.670943
vt 0.600667 0.694076
vt 0.609175 0.673045
vt 0.607458 0.699598
vt 0.615548 0.676490
vt 0.617499 0.707320
vt 0.624207 0.680741
vt 0.606094 0.649353
vt 0.605945 0.650343
vt 0.607139 0.648727
vt 0.609584 0.648782
vt 0.613828 0.649705
vt 0.619918 0.651253
vt 0.627804 0.653054
vt 0.605919 0.626967
vt 0.604969 0.627699
vt 0.607675 0.626246
vt 0.610633 0.625653
vt 0.615125 0.625276
vt 0.621222 0.625082
vt 0.628932 0.625010
vt 0.602963 0.605242
vt 0.601571 0.606041
vt 0.605180 0.604158
vt 0.608561 0.602728
vt 0.613396 0.600932
vt 0.619790 0.598935
vt 0.627788 0.596970
vt 0.597089 0.584944
vt 0.595504 0.585988
vt 0.599544 0.583350
vt 0.603197 0.581007
vt 0.608366 0.577778
vt 0.615309 0.573754
vt 0.624177 0.569289
vt 0.588075 0.566761
vt 0.586497 0.568128
vt 0.590548 0.564631
vt 0.594257 0.561453
vt 0.599592 0.556926
vt 0.607140 0.550699
vt 0.617460 0.542717
vt 0.591823 0.713174
vt 0.605373 0.699794
vt 0.585774 0.707855
vt 0.583504 0.706221
vt 0.584241 0.707510
vt 0.587719 0.711464
vt 0.594313 0.718476
vt 0.604880 0.729428
vt 0.634759 0.684451
vt 0.638261 0.625000
vt 0.630316 0.535116
vt 0.585473 0.569021
vt 0.594458 0.586678
vt 0.600666 0.606619
vt 0.604427 0.628325
vt 0.606106 0.651307
vt 0.606195 0.675197
vt 0.426457 0.722010
vt 0.431131 0.718618
vt 0.452244 0.724841
vt 0.449698 0.725768
vt 0.433176 0.717900
vt 0.453493 0.725440
vt 0.432731 0.719775
vt 0.453207 0.727925
vt 0.429949 0.724181
vt 0.451318 0.732539
vt 0.424757 0.731438
vt 0.448075 0.739382
vt 0.417328 0.741879
vt 0.444004 0.748430
vt 0.475606 0.728030
vt 0.474546 0.727517
vt 0.476164 0.729528
vt 0.476020 0.732455
vt 0.475070 0.737161
vt 0.473553 0.743675
vt 0.471815 0.751932
vt 0.500000 0.728960
vt 0.500000 0.728017
vt 0.500000 0.730763
vt 0.500000 0.733856
vt 0.500000 0.738587
vt 0.500000 0.744994
vt 0.500000 0.753032
vt 0.524394 0.728030
vt 0.525454 0.727517
vt 0.523837 0.729528
vt 0.523981 0.732455
vt 0.524930 0.737161
vt 0.526447 0.743675
vt 0.528185 0.751932
vt 0.547757 0.724841
vt 0.550302 0.725768
vt 0.546507 0.725440
vt 0.546793 0.727925
vt 0.548682 0.732539
vt 0.551925 0.739382
vt 0.555996 0.748430
vt 0.568869 0.718618
vt 0.573544 0.722010
vt 0.566824 0.717900
vt 0.567269 0.719775
vt 0.570051 0.724181
vt 0.575243 0.731438
vt 0.582672 0.741879
vt 0.419689 0.727503
vt 0.580311 0.727503
vt 0.553541 0.727503
vt 0.526771 0.727503
vt 0.500000 0.727503
vt 0.473230 0.727503
vt 0.446459 0.727503
vt 0.580311 0.727500
vt 0.580311 0.727480
vt 0.553541 0.727460
vt 0.553541 0.727497
vt 0.580311 0.727426
vt 0.553541 0.727358
vt 0.580311 0.727320
vt 0.580289 0.727122
vt 0.580133 0.726695
vt 0.553281 0.726042
vt 0.579499 0.725666
vt 0.526771 0.727446
vt 0.526770 0.727496
vt 0.526770 0.727311
vt 0.526771 0.727048
vt 0.526748 0.726576
vt 0.526592 0.725666
vt 0.526154 0.724035
vt 0.500000 0.727440
vt 0.500000 0.727495
vt 0.500000 0.727293
vt 0.500000 0.727005
vt 0.500000 0.726496
vt 0.500000 0.725551
vt 0.500000 0.723918
vt 0.473230 0.727446
vt 0.473230 0.727496
vt 0.473230 0.727311
vt 0.473252 0.726576
vt 0.473846 0.724035
vt 0.446459 0.727460
vt 0.446459 0.727497
vt 0.446459 0.727358
vt 0.446459 0.727160
vt 0.446492 0.726796
vt 0.446719 0.726042
vt 0.419689 0.727480
vt 0.419689 0.727500
vt 0.419689 0.727426
vt 0.419689 0.727320
vt 0.419868 0.726695
vt 0.420502 0.725666
vt 0.576684 0.722279
vt 0.525241 0.721353
vt 0.474759 0.721353
vt 0.423316 0.722279
vt 0.419689 0.727503
vt 0.473230 0.727503
vt 0.500000 0.727503
vt 0.526771 0.727503
vt 0.553541 0.727503
vt 0.392935 0.701893
vt 0.392950 0.701908
vt 0.393174 0.676496
vt 0.393055 0.676382
vt 0.392961 0.701918
vt 0.393258 0.676577
vt 0.392965 0.701922
vt 0.393290 0.676607
vt 0.392961 0.701918
vt 0.392950 0.701908
vt 0.392935 0.701893
vt 0.393055 0.676382
vt 0.393781 0.651451
vt 0.393379 0.651067
vt 0.394065 0.651724
vt 0.394173 0.651827
vt 0.393781 0.651451
vt 0.393379 0.651067
vt 0.394963 0.626958
vt 0.394010 0.626046
vt 0.395637 0.627603
vt 0.395893 0.627847
vt 0.394963 0.626958
vt 0.397017 0.603298
vt 0.395117 0.601479
vt 0.398332 0.604556
vt 0.398821 0.605024
vt 0.398332 0.604556
vt 0.397017 0.603298
vt 0.400657 0.581156
vt 0.397127 0.577778
vt 0.402919 0.583322
vt 0.403701 0.584070
vt 0.400657 0.581156
vt 0.397127 0.577778
vt 0.406887 0.561495
vt 0.400931 0.555793
vt 0.410297 0.564759
vt 0.411369 0.565785
vt 0.410297 0.564759
vt 0.406887 0.561495
vt 0.400931 0.555793
vt 0.409743 0.538602
vt 0.417458 0.545987
vt 0.421455 0.549814
vt 0.422663 0.550970
vt 0.421455 0.549814
vt 0.417458 0.545987
vt 0.409743 0.538602
vt 0.599069 0.555794
vt 0.593113 0.561495
vt 0.599343 0.581156
vt 0.602873 0.577778
vt 0.589703 0.564759
vt 0.597081 0.583322
vt 0.588631 0.565785
vt 0.596299 0.584070
vt 0.589703 0.564759
vt 0.597081 0.583322
vt 0.593113 0.561495
vt 0.599344 0.581156
vt 0.602983 0.603298
vt 0.604883 0.601479
vt 0.601668 0.604556
vt 0.601179 0.605025
vt 0.601669 0.604556
vt 0.602983 0.603298
vt 0.604883 0.601479
vt 0.605037 0.626958
vt 0.605990 0.626045
vt 0.604363 0.627603
vt 0.604107 0.627847
vt 0.605037 0.626958
vt 0.605990 0.626046
vt 0.606219 0.651451
vt 0.606621 0.651067
vt 0.605935 0.651724
vt 0.605827 0.651827
vt 0.606219 0.651452
vt 0.606621 0.651067
vt 0.606826 0.676496
vt 0.606945 0.676382
vt 0.606742 0.676577
vt 0.606710 0.676607
vt 0.606826 0.676496
vt 0.607050 0.701908
vt 0.607065 0.701893
vt 0.607039 0.701918
vt 0.607035 0.701922
vt 0.607039 0.701918
vt 0.607050 0.701908
vt 0.607065 0.701893
vt 0.590257 0.538602
vt 0.582542 0.545988
vt 0.578545 0.549814
vt 0.577337 0.550970
vt 0.578545 0.549814
vt 0.582542 0.545988
vt 0.590257 0.538602
vt 0.554996 0.559856
vt 0.552625 0.559994
vt 0.536474 0.555575
vt 0.537604 0.557214
vt 0.552211 0.558372
vt 0.536335 0.552987
vt 0.553695 0.555033
vt 0.537392 0.549233
vt 0.557040 0.549994
vt 0.539751 0.544195
vt 0.562524 0.542970
vt 0.543389 0.537898
vt 0.570422 0.533676
vt 0.548159 0.530497
vt 0.518628 0.553289
vt 0.519029 0.555957
vt 0.518623 0.550075
vt 0.519175 0.546076
vt 0.520388 0.541134
vt 0.522169 0.535394
vt 0.524363 0.529090
vt 0.500000 0.552616
vt 0.500000 0.555593
vt 0.500000 0.549199
vt 0.500000 0.545122
vt 0.500000 0.540237
vt 0.500000 0.534690
vt 0.500000 0.528704
vt 0.481376 0.553289
vt 0.480973 0.555957
vt 0.481380 0.550075
vt 0.480827 0.546076
vt 0.479613 0.541134
vt 0.477831 0.535394
vt 0.475636 0.529090
vt 0.463553 0.555575
vt 0.462413 0.557214
vt 0.463687 0.552987
vt 0.462620 0.549233
vt 0.460254 0.544195
vt 0.456613 0.537899
vt 0.451841 0.530497
vt 0.447470 0.559993
vt 0.445075 0.559855
vt 0.447865 0.558372
vt 0.446347 0.555033
vt 0.442978 0.549994
vt 0.437481 0.542970
vt 0.429578 0.533676
vt 0.568820 0.565848
vt 0.558896 0.558349
vt 0.565647 0.567529
vt 0.565258 0.566729
vt 0.567125 0.563917
vt 0.571114 0.559197
vt 0.577697 0.552087
vt 0.587867 0.541606
vt 0.580311 0.522497
vt 0.553541 0.522497
vt 0.526770 0.522497
vt 0.500000 0.522497
vt 0.473230 0.522497
vt 0.446459 0.522497
vt 0.419689 0.522497
vt 0.412135 0.541605
vt 0.422316 0.552087
vt 0.428928 0.559196
vt 0.432974 0.563917
vt 0.434926 0.566728
vt 0.434610 0.567523
vt 0.431419 0.565818
vt 0.441104 0.558349
vt 0.460736 0.558349
vt 0.480368 0.558349
vt 0.500000 0.558349
vt 0.519632 0.558349
vt 0.539264 0.558349
vt 0.424580 0.577611
vt 0.426109 0.578846
vt 0.421163 0.592978
vt 0.421601 0.592565
vt 0.425630 0.578328
vt 0.419659 0.592497
vt 0.423227 0.576104
vt 0.416862 0.590934
vt 0.418958 0.572192
vt 0.412656 0.588187
vt 0.412550 0.566304
vt 0.407084 0.584265
vt 0.403730 0.558155
vt 0.400322 0.579292
vt 0.418621 0.608637
vt 0.420199 0.608579
vt 0.416442 0.608335
vt 0.413398 0.607527
vt 0.409320 0.606116
vt 0.404369 0.604186
vt 0.398801 0.601878
vt 0.417878 0.625000
vt 0.419796 0.625000
vt 0.415477 0.625000
vt 0.412351 0.625000
vt 0.408339 0.625000
vt 0.403601 0.625000
vt 0.398381 0.625000
vt 0.418621 0.641363
vt 0.420199 0.641421
vt 0.416442 0.641664
vt 0.413398 0.642471
vt 0.409320 0.643881
vt 0.404369 0.645809
vt 0.398801 0.648119
vt 0.421163 0.657019
vt 0.421601 0.657435
vt 0.419659 0.657496
vt 0.416862 0.659050
vt 0.412656 0.661785
vt 0.407084 0.665702
vt 0.400322 0.670687
vt 0.426109 0.671147
vt 0.424580 0.672388
vt 0.425630 0.671649
vt 0.423227 0.673844
vt 0.418959 0.677712
vt 0.412559 0.683566
vt 0.403747 0.691734
vt 0.412363 0.707779
vt 0.422381 0.697503
vt 0.428936 0.690562
vt 0.432974 0.685959
vt 0.434926 0.683220
vt 0.434610 0.682461
vt 0.431419 0.684180
vt 0.421472 0.658326
vt 0.421472 0.641663
vt 0.421472 0.608337
vt 0.576035 0.672273
vt 0.574434 0.671131
vt 0.579714 0.656997
vt 0.579600 0.657330
vt 0.574725 0.671647
vt 0.580888 0.657493
vt 0.576961 0.673844
vt 0.583423 0.659050
vt 0.581120 0.677712
vt 0.587464 0.661785
vt 0.587465 0.683566
vt 0.592952 0.665702
vt 0.596256 0.691734
vt 0.599683 0.670687
vt 0.582537 0.641348
vt 0.581509 0.641366
vt 0.584260 0.641662
vt 0.586966 0.642471
vt 0.590833 0.643881
vt 0.595677 0.645809
vt 0.601205 0.648119
vt 0.583398 0.625000
vt 0.582120 0.625000
vt 0.585290 0.625000
vt 0.588046 0.625000
vt 0.591829 0.625000
vt 0.596448 0.625000
vt 0.601626 0.625000
vt 0.582537 0.608652
vt 0.581509 0.608634
vt 0.584261 0.608337
vt 0.586966 0.607527
vt 0.590833 0.606116
vt 0.595677 0.604187
vt 0.601205 0.601878
vt 0.579714 0.593001
vt 0.579600 0.592669
vt 0.580888 0.592500
vt 0.583423 0.590934
vt 0.587464 0.588187
vt 0.592952 0.584265
vt 0.599683 0.579292
vt 0.574434 0.578862
vt 0.576035 0.577727
vt 0.574725 0.578331
vt 0.576961 0.576104
vt 0.581121 0.572192
vt 0.587473 0.566304
vt 0.596273 0.558155
vt 0.578374 0.674170
vt 0.571106 0.690562
vt 0.577631 0.697503
vt 0.587639 0.707779
vt 0.578374 0.575830
vt 0.579817 0.592087
vt 0.580836 0.608489
vt 0.581205 0.625000
vt 0.580836 0.641511
vt 0.579817 0.657913
vt 0.445075 0.690141
vt 0.447470 0.689978
vt 0.463553 0.694380
vt 0.462413 0.692780
vt 0.447865 0.691529
vt 0.463687 0.696863
vt 0.446347 0.694732
vt 0.462620 0.700409
vt 0.443001 0.699528
vt 0.460287 0.705071
vt 0.437668 0.706092
vt 0.456873 0.710608
vt 0.430409 0.714375
vt 0.452818 0.716517
vt 0.481376 0.696654
vt 0.480973 0.694036
vt 0.481380 0.699732
vt 0.480827 0.703467
vt 0.479635 0.707936
vt 0.478010 0.712765
vt 0.476253 0.717440
vt 0.500000 0.700591
vt 0.500000 0.708757
vt 0.500000 0.713358
vt 0.500000 0.717712
vt 0.518628 0.696654
vt 0.519029 0.694036
vt 0.518623 0.699732
vt 0.519175 0.703467
vt 0.520366 0.707936
vt 0.521990 0.712765
vt 0.523748 0.717440
vt 0.536474 0.694380
vt 0.537604 0.692780
vt 0.539718 0.705070
vt 0.543129 0.710608
vt 0.552625 0.689977
vt 0.554996 0.690140
vt 0.552211 0.691529
vt 0.557017 0.699528
vt 0.562337 0.706092
vt 0.474759 0.721353
vt 0.550672 0.721520
vt 0.576684 0.722279
vt 0.427685 0.530184
vt 0.433626 0.535900
vt 0.453942 0.530149
vt 0.450532 0.526657
vt 0.437025 0.539174
vt 0.456120 0.532396
vt 0.438093 0.540204
vt 0.456870 0.533175
vt 0.437025 0.539174
vt 0.456120 0.532396
vt 0.433626 0.535900
vt 0.453942 0.530149
vt 0.427685 0.530184
vt 0.450532 0.526657
vt 0.476465 0.527246
vt 0.474967 0.525043
vt 0.477496 0.528777
vt 0.477877 0.529349
vt 0.477496 0.528777
vt 0.476465 0.527247
vt 0.474967 0.525043
vt 0.500000 0.526412
vt 0.500000 0.524588
vt 0.500000 0.527703
vt 0.500000 0.528192
vt 0.500000 0.527703
vt 0.500000 0.526412
vt 0.523534 0.527247
vt 0.525033 0.525043
vt 0.522504 0.528777
vt 0.522123 0.529349
vt 0.523535 0.527247
vt 0.525033 0.525043
vt 0.546058 0.530149
vt 0.549468 0.526657
vt 0.543880 0.532396
vt 0.543130 0.533175
vt 0.543880 0.532396
vt 0.546058 0.530149
vt 0.549468 0.526657
vt 0.566374 0.535900
vt 0.572315 0.530184
vt 0.562975 0.539174
vt 0.561907 0.540204
vt 0.562975 0.539174
vt 0.572315 0.530184
vt 0.446459 0.522497
vt 0.473230 0.522497
vt 0.580311 0.522497
vt 0.580311 0.522497
vt 0.553541 0.522497
vt 0.526770 0.522497
vt 0.572642 0.580007
vt 0.568279 0.583710
vt 0.572853 0.596491
vt 0.575441 0.594294
vt 0.565782 0.585829
vt 0.571193 0.597899
vt 0.564997 0.586496
vt 0.570620 0.598386
vt 0.565783 0.585829
vt 0.571193 0.597899
vt 0.568284 0.583706
vt 0.572853 0.596491
vt 0.572651 0.579999
vt 0.575441 0.594294
vt 0.575522 0.610888
vt 0.576916 0.609706
vt 0.574558 0.611707
vt 0.574199 0.612011
vt 0.574558 0.611707
vt 0.575522 0.610888
vt 0.576916 0.609706
vt 0.577028 0.626273
vt 0.577727 0.625680
vt 0.576534 0.626692
vt 0.576346 0.626851
vt 0.576534 0.626692
vt 0.577028 0.626273
vt 0.577727 0.625680
vt 0.577895 0.642200
vt 0.578190 0.641950
vt 0.577687 0.642377
vt 0.577608 0.642444
vt 0.577687 0.642377
vt 0.577895 0.642200
vt 0.578190 0.641950
vt 0.578340 0.658485
vt 0.578428 0.658411
vt 0.578279 0.658537
vt 0.578255 0.658557
vt 0.578340 0.658485
vt 0.578428 0.658411
vt 0.578504 0.675008
vt 0.578515 0.674999
vt 0.578497 0.675015
vt 0.578494 0.675017
vt 0.578497 0.675015
vt 0.578504 0.675009
vt 0.578515 0.674999
vt 0.566066 0.568926
vt 0.560498 0.573652
vt 0.557596 0.576114
vt 0.556714 0.576863
vt 0.557601 0.576111
vt 0.560532 0.573623
vt 0.566190 0.568821
vt 0.458593 0.573219
vt 0.458365 0.573041
vt 0.471387 0.567721
vt 0.471626 0.567810
vt 0.457764 0.572542
vt 0.470867 0.567372
vt 0.456604 0.571562
vt 0.469939 0.566622
vt 0.454663 0.569909
vt 0.468483 0.565347
vt 0.451575 0.567276
vt 0.466420 0.563491
vt 0.446999 0.563373
vt 0.463747 0.561074
vt 0.485968 0.564225
vt 0.486308 0.564128
vt 0.485479 0.564120
vt 0.484807 0.563679
vt 0.483932 0.562801
vt 0.482870 0.561546
vt 0.481659 0.560017
vt 0.501636 0.562399
vt 0.502233 0.561994
vt 0.501040 0.562630
vt 0.500545 0.562514
vt 0.500230 0.561929
vt 0.500068 0.560952
vt 0.500009 0.559715
vt 0.517855 0.562151
vt 0.518976 0.561243
vt 0.516930 0.562820
vt 0.516454 0.562999
vt 0.516600 0.562514
vt 0.517288 0.561461
vt 0.518361 0.560007
vt 0.533845 0.563628
vt 0.536037 0.561780
vt 0.532292 0.564912
vt 0.531697 0.565349
vt 0.532208 0.564810
vt 0.533785 0.563331
vt 0.536278 0.561054
vt 0.548603 0.567170
vt 0.552615 0.563766
vt 0.546186 0.569217
vt 0.545407 0.569869
vt 0.546186 0.569195
vt 0.548676 0.567064
vt 0.553032 0.563347
vt 0.458632 0.573240
vt 0.480368 0.558349
vt 0.539264 0.558349
vt 0.558896 0.558349
vt 0.538037 0.560084
vt 0.519973 0.560403
vt 0.502727 0.561589
vt 0.486529 0.563968
vt 0.471711 0.567779
vt 0.558896 0.691648
vt 0.558896 0.691625
vt 0.539264 0.691601
vt 0.539264 0.691645
vt 0.558896 0.691561
vt 0.539264 0.691482
vt 0.558896 0.691437
vt 0.539264 0.691250
vt 0.558877 0.691213
vt 0.539236 0.690836
vt 0.558742 0.690770
vt 0.539041 0.690044
vt 0.558208 0.689806
vt 0.538430 0.688570
vt 0.519632 0.691585
vt 0.519632 0.691643
vt 0.519632 0.691426
vt 0.519632 0.691118
vt 0.519613 0.690579
vt 0.519478 0.689602
vt 0.519104 0.687941
vt 0.500000 0.691579
vt 0.500000 0.691642
vt 0.500000 0.691405
vt 0.500000 0.691068
vt 0.500000 0.690484
vt 0.500000 0.689457
vt 0.500000 0.687765
vt 0.480368 0.691585
vt 0.480368 0.691643
vt 0.480368 0.691426
vt 0.480368 0.691118
vt 0.480387 0.690579
vt 0.480522 0.689602
vt 0.480897 0.687941
vt 0.460736 0.691601
vt 0.460736 0.691645
vt 0.460736 0.691482
vt 0.460736 0.691250
vt 0.460764 0.690836
vt 0.460960 0.690044
vt 0.461570 0.688570
vt 0.441104 0.691625
vt 0.441104 0.691648
vt 0.441104 0.691561
vt 0.441104 0.691437
vt 0.441123 0.691213
vt 0.441258 0.690770
vt 0.441792 0.689806
vt 0.555900 0.686970
vt 0.536839 0.685802
vt 0.518323 0.685310
vt 0.500000 0.685183
vt 0.481677 0.685310
vt 0.463161 0.685802
vt 0.444101 0.686970
vt 0.532732 0.598107
vt 0.532553 0.595291
vt 0.522542 0.593116
vt 0.522374 0.596857
vt 0.533559 0.591686
vt 0.523336 0.588911
vt 0.535771 0.587237
vt 0.524904 0.584107
vt 0.539226 0.581871
vt 0.527340 0.578610
vt 0.544163 0.575348
vt 0.530649 0.572404
vt 0.550814 0.567439
vt 0.534743 0.565552
vt 0.511509 0.591950
vt 0.511323 0.596226
vt 0.511955 0.587387
vt 0.512769 0.582403
vt 0.514024 0.576910
vt 0.515659 0.570984
vt 0.517574 0.564746
vt 0.500000 0.591597
vt 0.500000 0.596036
vt 0.500000 0.586921
vt 0.500000 0.581888
vt 0.500000 0.576419
vt 0.500000 0.570594
vt 0.500000 0.564531
vt 0.488494 0.591950
vt 0.488680 0.596226
vt 0.488048 0.587387
vt 0.487232 0.582403
vt 0.485977 0.576910
vt 0.484341 0.570983
vt 0.482426 0.564746
vt 0.477485 0.593116
vt 0.477644 0.596857
vt 0.476687 0.588911
vt 0.475109 0.584107
vt 0.472665 0.578610
vt 0.469353 0.572404
vt 0.465257 0.565552
vt 0.467546 0.595294
vt 0.467344 0.598112
vt 0.466519 0.591686
vt 0.464272 0.587237
vt 0.460792 0.581871
vt 0.455842 0.575348
vt 0.449187 0.567439
vt 0.541090 0.600660
vt 0.540713 0.598839
vt 0.542007 0.595927
vt 0.544735 0.592032
vt 0.548887 0.587105
vt 0.554852 0.580770
vt 0.563389 0.572340
vt 0.436613 0.572340
vt 0.445161 0.580770
vt 0.451156 0.587105
vt 0.455367 0.592032
vt 0.458184 0.595929
vt 0.459566 0.598856
vt 0.459208 0.600709
vt 0.455050 0.605571
vt 0.454224 0.604053
vt 0.451062 0.610471
vt 0.453175 0.611688
vt 0.452164 0.601750
vt 0.448271 0.608820
vt 0.448876 0.598610
vt 0.444638 0.606614
vt 0.444346 0.594559
vt 0.440066 0.603769
vt 0.438338 0.589358
vt 0.434566 0.600261
vt 0.430620 0.582774
vt 0.428242 0.596136
vt 0.449414 0.617575
vt 0.452272 0.618254
vt 0.446159 0.616707
vt 0.442331 0.615569
vt 0.437815 0.614107
vt 0.432714 0.612360
vt 0.427199 0.610403
vt 0.448925 0.625000
vt 0.452008 0.625000
vt 0.445521 0.625000
vt 0.441634 0.625000
vt 0.437157 0.625000
vt 0.432197 0.625000
vt 0.426915 0.625000
vt 0.449414 0.632425
vt 0.452272 0.631746
vt 0.446159 0.633292
vt 0.442331 0.634429
vt 0.437815 0.635889
vt 0.432714 0.637635
vt 0.427199 0.639594
vt 0.451062 0.639527
vt 0.453175 0.638312
vt 0.448271 0.641173
vt 0.444638 0.643368
vt 0.440066 0.646198
vt 0.434566 0.649700
vt 0.428242 0.653839
vt 0.454224 0.645940
vt 0.455050 0.644428
vt 0.452164 0.648225
vt 0.448876 0.651329
vt 0.444347 0.655328
vt 0.438345 0.660493
vt 0.430635 0.667101
vt 0.454929 0.606517
vt 0.436806 0.677023
vt 0.445216 0.668773
vt 0.451163 0.662615
vt 0.455367 0.657822
vt 0.458184 0.654010
vt 0.459565 0.651126
vt 0.459208 0.649289
vt 0.454929 0.643483
vt 0.454929 0.637322
vt 0.454929 0.631161
vt 0.454929 0.625000
vt 0.454929 0.618839
vt 0.454929 0.612678
vt 0.545777 0.644600
vt 0.546375 0.645987
vt 0.549903 0.639594
vt 0.548304 0.638543
vt 0.548206 0.648231
vt 0.552298 0.641181
vt 0.551316 0.651329
vt 0.555654 0.643368
vt 0.555734 0.655328
vt 0.560057 0.646198
vt 0.561679 0.660493
vt 0.565470 0.649700
vt 0.569368 0.667101
vt 0.571762 0.653839
vt 0.551839 0.632471
vt 0.549701 0.631901
vt 0.554570 0.633298
vt 0.558042 0.634429
vt 0.562343 0.635889
vt 0.567333 0.637635
vt 0.572807 0.639594
vt 0.552442 0.625000
vt 0.550154 0.625000
vt 0.555273 0.625000
vt 0.558773 0.625000
vt 0.563015 0.625000
vt 0.567854 0.625000
vt 0.573091 0.625000
vt 0.551839 0.617529
vt 0.549701 0.618099
vt 0.554570 0.616701
vt 0.558042 0.615569
vt 0.562343 0.614107
vt 0.567332 0.612360
vt 0.572807 0.610403
vt 0.549903 0.610404
vt 0.548304 0.611457
vt 0.552298 0.608811
vt 0.555654 0.606614
vt 0.560057 0.603769
vt 0.565471 0.600261
vt 0.571762 0.596136
vt 0.546375 0.604005
vt 0.545777 0.605399
vt 0.548205 0.601744
vt 0.551316 0.598610
vt 0.555735 0.594559
vt 0.561686 0.589358
vt 0.569383 0.582774
vt 0.545071 0.649645
vt 0.541090 0.649338
vt 0.545825 0.643953
vt 0.540713 0.651142
vt 0.542007 0.654012
vt 0.544735 0.657822
vt 0.548880 0.662615
vt 0.554796 0.668773
vt 0.563195 0.677023
vt 0.545825 0.606048
vt 0.547122 0.612094
vt 0.547980 0.618466
vt 0.548281 0.625000
vt 0.547980 0.631534
vt 0.547122 0.637906
vt 0.467344 0.651884
vt 0.467546 0.654672
vt 0.477485 0.656832
vt 0.477644 0.653137
vt 0.466519 0.658197
vt 0.476687 0.660912
vt 0.464272 0.662487
vt 0.475109 0.665474
vt 0.460813 0.667578
vt 0.472693 0.670542
vt 0.456003 0.673622
vt 0.469576 0.675950
vt 0.449889 0.680591
vt 0.466091 0.681341
vt 0.488494 0.657983
vt 0.488680 0.653766
vt 0.488048 0.662387
vt 0.487232 0.667061
vt 0.485996 0.672013
vt 0.484495 0.676962
vt 0.482955 0.681541
vt 0.500000 0.658330
vt 0.500000 0.653955
vt 0.500000 0.662833
vt 0.500000 0.667529
vt 0.500000 0.672413
vt 0.500000 0.677212
vt 0.500000 0.681583
vt 0.511509 0.657983
vt 0.511323 0.653766
vt 0.511955 0.662387
vt 0.512769 0.667061
vt 0.514005 0.672013
vt 0.515505 0.676962
vt 0.517045 0.681541
vt 0.522542 0.656832
vt 0.522374 0.653137
vt 0.523336 0.660912
vt 0.524904 0.665474
vt 0.527313 0.670543
vt 0.530425 0.675950
vt 0.533909 0.681341
vt 0.532553 0.654674
vt 0.532733 0.651888
vt 0.533559 0.658198
vt 0.535771 0.662487
vt 0.539206 0.667578
vt 0.544003 0.673622
vt 0.550111 0.680591
vt 0.466197 0.649645
vt 0.444101 0.686970
vt 0.463161 0.685802
vt 0.481677 0.685310
vt 0.500000 0.685183
vt 0.518323 0.685310
vt 0.536839 0.685802
vt 0.555900 0.686970
vt 0.533803 0.649645
vt 0.522536 0.649645
vt 0.511268 0.649645
vt 0.500000 0.649645
vt 0.488732 0.649645
vt 0.477465 0.649645
vt 0.463721 0.608379
vt 0.463635 0.613660
vt 0.472185 0.614571
vt 0.472337 0.609880
vt 0.463575 0.619354
vt 0.472091 0.619855
vt 0.463537 0.625256
vt 0.472041 0.625509
vt 0.463515 0.631269
vt 0.472025 0.631376
vt 0.463506 0.637354
vt 0.472033 0.637386
vt 0.463505 0.643487
vt 0.472057 0.643492
vt 0.480422 0.615358
vt 0.480600 0.611018
vt 0.480344 0.620329
vt 0.480339 0.625754
vt 0.480381 0.631479
vt 0.480458 0.637417
vt 0.480558 0.643495
vt 0.488190 0.616055
vt 0.488333 0.611952
vt 0.488205 0.620775
vt 0.488326 0.625989
vt 0.488509 0.631578
vt 0.488732 0.637446
vt 0.488983 0.643499
vt 0.495347 0.616704
vt 0.495369 0.612828
vt 0.495551 0.621189
vt 0.495897 0.626206
vt 0.496313 0.631670
vt 0.496782 0.637473
vt 0.497293 0.643502
vt 0.501805 0.617275
vt 0.501572 0.613653
vt 0.502297 0.621539
vt 0.502929 0.626388
vt 0.503634 0.631747
vt 0.504442 0.637496
vt 0.505386 0.643505
vt 0.507503 0.617709
vt 0.506829 0.614365
vt 0.508366 0.621785
vt 0.509300 0.626513
vt 0.510290 0.631800
vt 0.511483 0.637511
vt 0.513049 0.643507
vt 0.463839 0.604249
vt 0.454929 0.643484
vt 0.519513 0.643508
vt 0.516075 0.631819
vt 0.514884 0.626559
vt 0.506787 0.611791
vt 0.501819 0.610707
vt 0.495716 0.609637
vt 0.488686 0.608589
vt 0.480905 0.607509
vt 0.472560 0.606177
vt 0.527980 0.649629
vt 0.526249 0.649629
vt 0.516108 0.649519
vt 0.517489 0.649517
vt 0.524426 0.649630
vt 0.514601 0.649525
vt 0.522562 0.649631
vt 0.513019 0.649538
vt 0.520681 0.649634
vt 0.511397 0.649558
vt 0.518789 0.649637
vt 0.509748 0.649583
vt 0.516890 0.649641
vt 0.508083 0.649613
vt 0.506330 0.649220
vt 0.507445 0.649213
vt 0.505085 0.649242
vt 0.503740 0.649284
vt 0.502323 0.649350
vt 0.500854 0.649437
vt 0.499350 0.649537
vt 0.497071 0.648639
vt 0.497979 0.648620
vt 0.496030 0.648690
vt 0.494859 0.648789
vt 0.493566 0.648947
vt 0.492179 0.649153
vt 0.490729 0.649391
vt 0.488482 0.647680
vt 0.489221 0.647644
vt 0.487590 0.647776
vt 0.486520 0.647963
vt 0.485257 0.648262
vt 0.483829 0.648661
vt 0.482280 0.649134
vt 0.480715 0.646241
vt 0.481314 0.646187
vt 0.479936 0.646387
vt 0.478925 0.646671
vt 0.477631 0.647135
vt 0.476033 0.647802
vt 0.474141 0.648668
vt 0.473924 0.644220
vt 0.474404 0.644151
vt 0.473243 0.644406
vt 0.472285 0.644770
vt 0.470960 0.645380
vt 0.469113 0.646351
vt 0.466603 0.647791
vt 0.529425 0.649629
vt 0.463509 0.649645
vt 0.460697 0.645762
vt 0.463630 0.643911
vt 0.465542 0.642788
vt 0.466815 0.642114
vt 0.467684 0.641719
vt 0.468263 0.641515
vt 0.468638 0.641440
vt 0.474759 0.644141
vt 0.468893 0.641430
vt 0.481789 0.646179
vt 0.489834 0.647639
vt 0.498749 0.648618
vt 0.508393 0.649211
vt 0.518648 0.649516
vt 0.464111 0.637991
vt 0.463833 0.638059
vt 0.460524 0.633921
vt 0.460724 0.633873
vt 0.463374 0.638245
vt 0.460191 0.634065
vt 0.462655 0.638609
vt 0.459660 0.634349
vt 0.461581 0.639219
vt 0.458872 0.634813
vt 0.459996 0.640190
vt 0.457797 0.635480
vt 0.457752 0.641629
vt 0.456441 0.636346
vt 0.458173 0.629205
vt 0.458327 0.629191
vt 0.457953 0.629293
vt 0.457613 0.629479
vt 0.457114 0.629779
vt 0.456474 0.630177
vt 0.455729 0.630650
vt 0.456619 0.624016
vt 0.456770 0.624048
vt 0.456478 0.624048
vt 0.456296 0.624144
vt 0.456034 0.624302
vt 0.455704 0.624508
vt 0.455328 0.624746
vt 0.455695 0.618453
vt 0.455887 0.618539
vt 0.455589 0.618441
vt 0.455506 0.618478
vt 0.455395 0.618544
vt 0.455256 0.618631
vt 0.455097 0.618732
vt 0.455217 0.612597
vt 0.455450 0.612722
vt 0.455132 0.612564
vt 0.455100 0.612571
vt 0.455067 0.612590
vt 0.455026 0.612616
vt 0.454979 0.612646
vt 0.455008 0.606531
vt 0.455206 0.606641
vt 0.454960 0.606505
vt 0.454950 0.606503
vt 0.454946 0.606506
vt 0.454941 0.606509
vt 0.454935 0.606513
vt 0.464289 0.637983
vt 0.454929 0.637322
vt 0.454929 0.631161
vt 0.454929 0.625000
vt 0.456132 0.607162
vt 0.456063 0.613063
vt 0.456248 0.618732
vt 0.456980 0.624144
vt 0.458467 0.629228
vt 0.460858 0.633878
vt 0.534981 0.608522
vt 0.530876 0.609911
vt 0.533008 0.614616
vt 0.536039 0.613833
vt 0.527237 0.611022
vt 0.529889 0.615363
vt 0.523955 0.611952
vt 0.520828 0.612828
vt 0.523586 0.616704
vt 0.517746 0.613653
vt 0.520256 0.617275
vt 0.514598 0.614365
vt 0.516610 0.617709
vt 0.534253 0.619893
vt 0.536647 0.619486
vt 0.531568 0.620333
vt 0.528662 0.620775
vt 0.525558 0.621189
vt 0.522135 0.621539
vt 0.518234 0.621785
vt 0.535008 0.625530
vt 0.537082 0.625328
vt 0.532617 0.625757
vt 0.529939 0.625989
vt 0.526970 0.626207
vt 0.519606 0.626513
vt 0.535534 0.631385
vt 0.537445 0.631300
vt 0.533323 0.631480
vt 0.530827 0.631579
vt 0.524762 0.631747
vt 0.520850 0.631800
vt 0.535935 0.637389
vt 0.537810 0.637363
vt 0.533806 0.637417
vt 0.531447 0.637446
vt 0.528835 0.637473
vt 0.525819 0.637496
vt 0.522174 0.637511
vt 0.536269 0.643492
vt 0.538236 0.643489
vt 0.534143 0.643495
vt 0.529490 0.643502
vt 0.523788 0.643507
vt 0.538802 0.607178
vt 0.527076 0.606187
vt 0.523223 0.607510
vt 0.514333 0.610707
vt 0.511865 0.611791
vt 0.514884 0.626559
vt 0.517495 0.637517
vt 0.539869 0.643486
vt 0.539365 0.637344
vt 0.539040 0.631233
vt 0.538810 0.625171
vt 0.538640 0.619165
vt 0.538583 0.613191
vt 0.465400 0.600363
vt 0.465128 0.600395
vt 0.475253 0.600478
vt 0.475833 0.600395
vt 0.464865 0.600473
vt 0.474693 0.600648
vt 0.464615 0.600622
vt 0.474164 0.600950
vt 0.464383 0.600880
vt 0.473675 0.601449
vt 0.464173 0.601345
vt 0.473238 0.602307
vt 0.463990 0.602222
vt 0.472863 0.603750
vt 0.485231 0.600648
vt 0.486192 0.600473
vt 0.484306 0.600938
vt 0.483438 0.601398
vt 0.482643 0.602109
vt 0.481943 0.603234
vt 0.481357 0.604963
vt 0.494987 0.600950
vt 0.496438 0.600622
vt 0.493598 0.601398
vt 0.492300 0.602029
vt 0.491126 0.602917
vt 0.490110 0.604204
vt 0.489285 0.606043
vt 0.504407 0.601449
vt 0.506506 0.600880
vt 0.502426 0.602109
vt 0.500600 0.602917
vt 0.498963 0.603947
vt 0.497565 0.605319
vt 0.496461 0.607169
vt 0.513216 0.602307
vt 0.516226 0.601345
vt 0.510522 0.603234
vt 0.508128 0.604204
vt 0.505998 0.605319
vt 0.504170 0.606688
vt 0.502723 0.608431
vt 0.521014 0.603752
vt 0.525225 0.602225
vt 0.517572 0.604963
vt 0.514665 0.606043
vt 0.512077 0.607169
vt 0.509795 0.608431
vt 0.507909 0.609910
vt 0.442434 0.543463
vt 0.442527 0.543898
vt 0.460245 0.535828
vt 0.460198 0.535267
vt 0.442000 0.543636
vt 0.440615 0.542465
vt 0.458779 0.534910
vt 0.438089 0.540128
vt 0.456926 0.533128
vt 0.433941 0.536182
vt 0.454180 0.530366
vt 0.427724 0.530219
vt 0.450561 0.526684
vt 0.479690 0.531010
vt 0.479672 0.530352
vt 0.479465 0.531122
vt 0.478900 0.530572
vt 0.477927 0.529293
vt 0.476593 0.527400
vt 0.474983 0.525062
vt 0.500000 0.529411
vt 0.500000 0.528714
vt 0.500000 0.529599
vt 0.500000 0.529186
vt 0.500000 0.528122
vt 0.500000 0.526537
vt 0.500000 0.524604
vt 0.520310 0.531010
vt 0.520535 0.531122
vt 0.522073 0.529293
vt 0.523407 0.527400
vt 0.525017 0.525062
vt 0.539755 0.535828
vt 0.539802 0.535267
vt 0.540169 0.535763
vt 0.541221 0.534910
vt 0.543074 0.533128
vt 0.545820 0.530366
vt 0.549439 0.526684
vt 0.557473 0.543898
vt 0.557566 0.543463
vt 0.558000 0.543636
vt 0.559385 0.542465
vt 0.561911 0.540128
vt 0.566059 0.536182
vt 0.572276 0.530219
vt 0.426621 0.554165
vt 0.427232 0.554946
vt 0.441956 0.542544
vt 0.426871 0.554853
vt 0.425389 0.553505
vt 0.422605 0.550883
vt 0.417798 0.546304
vt 0.409785 0.538642
vt 0.590215 0.538642
vt 0.582202 0.546304
vt 0.577395 0.550883
vt 0.574611 0.553505
vt 0.573129 0.554853
vt 0.572600 0.555254
vt 0.572768 0.554946
vt 0.540129 0.534243
vt 0.520495 0.529262
vt 0.500000 0.527602
vt 0.584757 0.569639
vt 0.584485 0.569848
vt 0.593339 0.587299
vt 0.593705 0.587151
vt 0.584886 0.569425
vt 0.593536 0.586951
vt 0.586189 0.568151
vt 0.594474 0.585938
vt 0.588673 0.565757
vt 0.596311 0.584110
vt 0.592808 0.561790
vt 0.599115 0.581390
vt 0.599031 0.555830
vt 0.602844 0.577807
vt 0.599583 0.607145
vt 0.599988 0.607010
vt 0.599575 0.606926
vt 0.600090 0.606258
vt 0.601209 0.605077
vt 0.602847 0.603452
vt 0.604866 0.601498
vt 0.603641 0.628925
vt 0.603981 0.628744
vt 0.603502 0.628849
vt 0.603659 0.628501
vt 0.604174 0.627878
vt 0.604981 0.627039
vt 0.605983 0.626056
vt 0.605948 0.652199
vt 0.606098 0.651920
vt 0.605799 0.652239
vt 0.605760 0.652103
vt 0.605907 0.651840
vt 0.606211 0.651486
vt 0.606620 0.651071
vt 0.606985 0.676623
vt 0.606904 0.676252
vt 0.606890 0.676718
vt 0.606794 0.676689
vt 0.606777 0.676611
vt 0.606837 0.676506
vt 0.606947 0.676383
vt 0.607228 0.701856
vt 0.607030 0.701522
vt 0.607185 0.701927
vt 0.607116 0.701932
vt 0.607073 0.701922
vt 0.607060 0.701909
vt 0.607066 0.701894
vt 0.585473 0.569021
vt 0.606106 0.651307
vt 0.604427 0.628325
vt 0.392970 0.701522
vt 0.392772 0.701856
vt 0.393015 0.676623
vt 0.393096 0.676252
vt 0.392815 0.701927
vt 0.393110 0.676718
vt 0.392884 0.701932
vt 0.393206 0.676689
vt 0.392927 0.701922
vt 0.393223 0.676611
vt 0.392940 0.701909
vt 0.393163 0.676506
vt 0.392934 0.701894
vt 0.393053 0.676383
vt 0.394052 0.652199
vt 0.393902 0.651920
vt 0.394201 0.652239
vt 0.394240 0.652102
vt 0.394093 0.651840
vt 0.393789 0.651486
vt 0.393380 0.651071
vt 0.396359 0.628925
vt 0.396019 0.628744
vt 0.396498 0.628849
vt 0.396341 0.628501
vt 0.395826 0.627878
vt 0.395019 0.627039
vt 0.394017 0.626056
vt 0.400417 0.607145
vt 0.400013 0.607010
vt 0.400425 0.606926
vt 0.399910 0.606258
vt 0.398791 0.605077
vt 0.397153 0.603452
vt 0.395134 0.601498
vt 0.406662 0.587298
vt 0.406295 0.587151
vt 0.406464 0.586951
vt 0.405526 0.585938
vt 0.403689 0.584110
vt 0.400885 0.581390
vt 0.397156 0.577807
vt 0.415515 0.569848
vt 0.415243 0.569639
vt 0.415114 0.569425
vt 0.413811 0.568151
vt 0.411327 0.565757
vt 0.407192 0.561790
vt 0.400970 0.555830
vt 0.394627 0.699794
vt 0.414527 0.569021
vt 0.405542 0.586678
vt 0.399334 0.606619
vt 0.395573 0.628325
vt 0.393894 0.651307
vt 0.393805 0.675197
vt 0.580311 0.727503
vt 0.580311 0.727503
vt 0.553541 0.727503
vt 0.580311 0.727503
vt 0.553541 0.727503
vt 0.526771 0.727503
vt 0.526770 0.727503
vt 0.526770 0.727503
vt 0.526771 0.727503
vt 0.526770 0.727503
vt 0.500000 0.727503
vt 0.500000 0.727503
vt 0.473230 0.727503
vt 0.473230 0.727503
vt 0.473230 0.727503
vt 0.473230 0.727503
vt 0.446459 0.727503
vt 0.446459 0.727503
vt 0.419689 0.727503
vt 0.419689 0.727503
vt 0.419689 0.727503
vt 0.419689 0.727503
vt 0.558908 0.691641
vt 0.558919 0.691632
vt 0.539451 0.691492
vt 0.539364 0.691566
vt 0.558927 0.691625
vt 0.539513 0.691440
vt 0.558930 0.691622
vt 0.539537 0.691420
vt 0.539513 0.691440
vt 0.558919 0.691631
vt 0.539451 0.691492
vt 0.558908 0.691641
vt 0.520265 0.691114
vt 0.519970 0.691365
vt 0.520473 0.690937
vt 0.520552 0.690870
vt 0.520473 0.690937
vt 0.520265 0.691114
vt 0.519970 0.691365
vt 0.501500 0.690379
vt 0.500801 0.690972
vt 0.501994 0.689959
vt 0.502181 0.689800
vt 0.501994 0.689959
vt 0.501500 0.690379
vt 0.500801 0.690972
vt 0.483374 0.689100
vt 0.481980 0.690283
vt 0.484338 0.688282
vt 0.484697 0.687977
vt 0.481980 0.690283
vt 0.466411 0.686835
vt 0.463823 0.689032
vt 0.468070 0.685426
vt 0.468643 0.684940
vt 0.468071 0.685426
vt 0.466411 0.686835
vt 0.463823 0.689032
vt 0.451348 0.682957
vt 0.446981 0.686664
vt 0.453849 0.680834
vt 0.454635 0.680167
vt 0.453850 0.680834
vt 0.451353 0.682953
vt 0.446990 0.686656
vt 0.433934 0.681074
vt 0.439502 0.676348
vt 0.442404 0.673886
vt 0.443286 0.673137
vt 0.442399 0.673889
vt 0.439468 0.676377
vt 0.433810 0.681179
vt 0.447012 0.563363
vt 0.451599 0.567256
vt 0.466607 0.563332
vt 0.463847 0.560989
vt 0.454694 0.569883
vt 0.468732 0.565135
vt 0.456638 0.571533
vt 0.470211 0.566391
vt 0.457795 0.572515
vt 0.471117 0.567161
vt 0.458389 0.573021
vt 0.471575 0.567562
vt 0.458605 0.573209
vt 0.471726 0.567725
vt 0.483503 0.561009
vt 0.481997 0.559731
vt 0.484773 0.562087
vt 0.485728 0.562898
vt 0.486320 0.563407
vt 0.486601 0.563688
vt 0.486646 0.563841
vt 0.501568 0.559679
vt 0.500809 0.559036
vt 0.502224 0.560236
vt 0.502727 0.560663
vt 0.503033 0.560938
vt 0.503136 0.561126
vt 0.503033 0.561314
vt 0.520293 0.558910
vt 0.519973 0.558638
vt 0.520570 0.559145
vt 0.520782 0.559325
vt 0.520900 0.559451
vt 0.520861 0.559600
vt 0.520588 0.559874
vt 0.539460 0.558515
vt 0.539365 0.558434
vt 0.539542 0.558585
vt 0.539605 0.558638
vt 0.539626 0.558687
vt 0.539520 0.558811
vt 0.539123 0.559160
vt 0.558920 0.558369
vt 0.558908 0.558359
vt 0.558931 0.558378
vt 0.558938 0.558385
vt 0.558931 0.558399
vt 0.558851 0.558472
vt 0.558500 0.558771
vt 0.433845 0.568850
vt 0.439741 0.573854
vt 0.443320 0.576892
vt 0.445467 0.578714
vt 0.446728 0.579785
vt 0.447376 0.580334
vt 0.447614 0.580537
vt 0.579072 0.575125
vt 0.578976 0.575027
vt 0.579378 0.591697
vt 0.579712 0.591779
vt 0.578807 0.575013
vt 0.579052 0.591677
vt 0.578673 0.575011
vt 0.578800 0.591674
vt 0.578589 0.575011
vt 0.578643 0.591674
vt 0.578546 0.575011
vt 0.578562 0.591674
vt 0.578530 0.575011
vt 0.578532 0.591674
vt 0.579682 0.608353
vt 0.580233 0.608393
vt 0.579227 0.608339
vt 0.578890 0.608337
vt 0.578681 0.608337
vt 0.578573 0.608337
vt 0.578533 0.608337
vt 0.579804 0.625000
vt 0.580444 0.625000
vt 0.579295 0.625000
vt 0.578924 0.625000
vt 0.578695 0.625000
vt 0.578577 0.625000
vt 0.578534 0.625000
vt 0.579683 0.641648
vt 0.580233 0.641607
vt 0.579227 0.641661
vt 0.578890 0.641663
vt 0.578681 0.641663
vt 0.578573 0.641663
vt 0.578533 0.641663
vt 0.579378 0.658303
vt 0.579712 0.658221
vt 0.579052 0.658323
vt 0.578800 0.658326
vt 0.578643 0.658326
vt 0.578562 0.658326
vt 0.578532 0.658326
vt 0.578976 0.674973
vt 0.579072 0.674875
vt 0.578807 0.674987
vt 0.578673 0.674989
vt 0.578589 0.674989
vt 0.578546 0.674989
vt 0.578530 0.674989
vt 0.578374 0.674170
vt 0.579817 0.657913
vt 0.580836 0.641511
vt 0.581205 0.625000
vt 0.580836 0.608489
vt 0.579817 0.592087
vt 0.427361 0.670012
vt 0.431741 0.666315
vt 0.427343 0.653675
vt 0.424660 0.655792
vt 0.434252 0.664201
vt 0.429085 0.652337
vt 0.435046 0.663540
vt 0.429720 0.651904
vt 0.434277 0.664201
vt 0.429205 0.652408
vt 0.431866 0.666252
vt 0.427693 0.653726
vt 0.427856 0.669657
vt 0.425515 0.655587
vt 0.425140 0.639673
vt 0.423426 0.640584
vt 0.426380 0.639090
vt 0.426951 0.638965
vt 0.426741 0.639370
vt 0.425952 0.640155
vt 0.424882 0.641106
vt 0.424540 0.625058
vt 0.423083 0.625007
vt 0.425690 0.625195
vt 0.426380 0.625463
vt 0.426517 0.625882
vt 0.426244 0.626389
vt 0.425767 0.626895
vt 0.425240 0.610461
vt 0.423439 0.609432
vt 0.426718 0.611362
vt 0.427752 0.612105
vt 0.428273 0.612675
vt 0.428395 0.613090
vt 0.428282 0.613378
vt 0.427531 0.596498
vt 0.424684 0.594230
vt 0.429717 0.598249
vt 0.431220 0.599485
vt 0.432104 0.600273
vt 0.432515 0.600715
vt 0.432620 0.600917
vt 0.431990 0.583899
vt 0.427393 0.580015
vt 0.435093 0.586519
vt 0.437040 0.588167
vt 0.438195 0.589152
vt 0.438782 0.589662
vt 0.438993 0.589855
vt 0.469447 0.602200
vt 0.471837 0.603570
vt 0.480393 0.602136
vt 0.479070 0.601324
vt 0.473165 0.604355
vt 0.481192 0.602657
vt 0.473524 0.604602
vt 0.481378 0.602837
vt 0.473001 0.604355
vt 0.480922 0.602657
vt 0.471527 0.603572
vt 0.479859 0.602136
vt 0.469021 0.602202
vt 0.478280 0.601324
vt 0.490028 0.601299
vt 0.489442 0.600861
vt 0.490374 0.601601
vt 0.490379 0.601714
vt 0.489982 0.601601
vt 0.489246 0.601299
vt 0.488270 0.600861
vt 0.500321 0.600826
vt 0.500189 0.600607
vt 0.500338 0.600981
vt 0.500183 0.601040
vt 0.499817 0.600981
vt 0.499280 0.600826
vt 0.498628 0.600607
vt 0.510972 0.600554
vt 0.511132 0.600461
vt 0.510764 0.600619
vt 0.510483 0.600644
vt 0.510114 0.600619
vt 0.509671 0.600554
vt 0.509181 0.600461
vt 0.521860 0.600414
vt 0.522201 0.600387
vt 0.521505 0.600434
vt 0.521128 0.600441
vt 0.520724 0.600434
vt 0.520299 0.600414
vt 0.519860 0.600387
vt 0.532906 0.600363
vt 0.533355 0.600359
vt 0.532455 0.600365
vt 0.532001 0.600366
vt 0.531545 0.600365
vt 0.531085 0.600363
vt 0.530623 0.600359
vt 0.461925 0.604228
vt 0.465092 0.606003
vt 0.466704 0.606923
vt 0.467160 0.607201
vt 0.466624 0.606924
vt 0.464966 0.606014
vt 0.461838 0.604266
vt 0.545301 0.606348
vt 0.544522 0.606471
vt 0.544953 0.612611
vt 0.546010 0.612447
vt 0.543773 0.606511
vt 0.544003 0.612669
vt 0.543072 0.606517
vt 0.543144 0.612678
vt 0.542392 0.606520
vt 0.542326 0.612683
vt 0.541662 0.606546
vt 0.541437 0.612723
vt 0.540716 0.606657
vt 0.540302 0.612850
vt 0.545259 0.618793
vt 0.546518 0.618684
vt 0.544165 0.618833
vt 0.543195 0.618839
vt 0.542286 0.618844
vt 0.541320 0.618877
vt 0.540158 0.618971
vt 0.545375 0.625000
vt 0.546710 0.625000
vt 0.544227 0.625000
vt 0.543214 0.625000
vt 0.542274 0.625003
vt 0.541303 0.625021
vt 0.540187 0.625072
vt 0.545259 0.631207
vt 0.546518 0.631317
vt 0.544165 0.631167
vt 0.543195 0.631161
vt 0.542292 0.631162
vt 0.541366 0.631170
vt 0.540318 0.631192
vt 0.544953 0.637389
vt 0.546010 0.637553
vt 0.544003 0.637331
vt 0.543144 0.637322
vt 0.542335 0.637323
vt 0.541504 0.637325
vt 0.540560 0.637331
vt 0.544522 0.643529
vt 0.545301 0.643651
vt 0.543773 0.643489
vt 0.543072 0.643484
vt 0.542397 0.643484
vt 0.541709 0.643484
vt 0.540937 0.643485
vt 0.545825 0.606047
vt 0.541429 0.649645
vt 0.541949 0.649645
vt 0.542470 0.649645
vt 0.542990 0.649645
vt 0.543510 0.649645
vt 0.544030 0.649645
vt 0.544551 0.649645
vt 0.545825 0.643952
vt 0.547980 0.631534
vt 0.548281 0.625000
vt 0.547980 0.618466
vt 0.547122 0.612094
vt 0.458268 0.641633
vt 0.460846 0.640197
vt 0.458328 0.635539
vt 0.456734 0.636377
vt 0.462559 0.639228
vt 0.459540 0.634891
vt 0.463601 0.638619
vt 0.460355 0.634434
vt 0.464176 0.638255
vt 0.460807 0.634143
vt 0.464412 0.638066
vt 0.460980 0.633980
vt 0.464414 0.637995
vt 0.460966 0.633905
vt 0.457039 0.630376
vt 0.456032 0.630756
vt 0.457861 0.630043
vt 0.458425 0.629768
vt 0.458693 0.629557
vt 0.458729 0.629404
vt 0.458623 0.629297
vt 0.456647 0.624979
vt 0.455832 0.624997
vt 0.457289 0.624928
vt 0.457668 0.624829
vt 0.457732 0.624674
vt 0.457563 0.624487
vt 0.457274 0.624299
vt 0.456985 0.619575
vt 0.456025 0.619238
vt 0.457679 0.619790
vt 0.457996 0.619836
vt 0.457872 0.619687
vt 0.457422 0.619396
vt 0.456814 0.619045
vt 0.458228 0.614397
vt 0.456721 0.613615
vt 0.459202 0.614892
vt 0.459552 0.615052
vt 0.459257 0.614866
vt 0.458404 0.614378
vt 0.457183 0.613690
vt 0.460713 0.609724
vt 0.458252 0.608357
vt 0.462111 0.610505
vt 0.462540 0.610750
vt 0.462091 0.610505
vt 0.460730 0.609747
vt 0.458486 0.608488
vt 0.461943 0.645762
vt 0.465235 0.643911
vt 0.467189 0.642788
vt 0.468308 0.642114
vt 0.468902 0.641719
vt 0.469122 0.641515
vt 0.469081 0.641440
vt 0.454929 0.606516
vt 0.533355 0.649641
vt 0.532902 0.649637
vt 0.521857 0.649583
vt 0.522201 0.649613
vt 0.532443 0.649634
vt 0.521494 0.649558
vt 0.531972 0.649631
vt 0.521101 0.649538
vt 0.531484 0.649630
vt 0.520666 0.649525
vt 0.530954 0.649629
vt 0.520153 0.649519
vt 0.530332 0.649629
vt 0.519512 0.649517
vt 0.510977 0.649437
vt 0.511133 0.649537
vt 0.510781 0.649350
vt 0.510523 0.649284
vt 0.510182 0.649242
vt 0.509733 0.649220
vt 0.509148 0.649212
vt 0.500346 0.649153
vt 0.500192 0.649391
vt 0.500423 0.648947
vt 0.500384 0.648789
vt 0.500198 0.648690
vt 0.499862 0.648639
vt 0.499378 0.648620
vt 0.490087 0.648661
vt 0.489449 0.649134
vt 0.490572 0.648262
vt 0.490848 0.647963
vt 0.490883 0.647776
vt 0.490699 0.647680
vt 0.490336 0.647644
vt 0.480491 0.647802
vt 0.479082 0.648668
vt 0.481519 0.647135
vt 0.482154 0.646671
vt 0.482429 0.646387
vt 0.482410 0.646241
vt 0.482172 0.646187
vt 0.471966 0.646351
vt 0.469463 0.647791
vt 0.473600 0.645380
vt 0.474555 0.644770
vt 0.475035 0.644406
vt 0.475162 0.644220
vt 0.475036 0.644151
vt 0.545071 0.649645
vt 0.533803 0.649645
vt 0.466197 0.649645
vt 0.488732 0.649645
s 1
usemtl Bread_1
f 1233/1/1233 1234/2/1234 1241/3/1241 1240/4/1240
f 1234/2/1234 1235/5/1235 1242/6/1242 1241/3/1241
f 1235/5/1235 1236/7/1236 1243/8/1243 1242/6/1242
f 1236/7/1236 1237/9/1237 1244/10/1244 1243/8/1243
f 1237/9/1237 1238/11/1238 1245/12/1245 1244/10/1244
f 1238/11/1238 1239/13/1239 1246/14/1246 1245/12/1245
f 1240/4/1240 1241/3/1241 1248/15/1248 1247/16/1247
f 1241/3/1241 1242/6/1242 1249/17/1249 1248/15/1248
f 1242/6/1242 1243/8/1243 1250/18/1250 1249/17/1249
f 1243/8/1243 1244/10/1244 1251/19/1251 1250/18/1250
f 1244/10/1244 1245/12/1245 1252/20/1252 1251/19/1251
f 1245/12/1245 1246/14/1246 1253/21/1253 1252/20/1252
f 1247/16/1247 1248/15/1248 1255/22/1255 1254/23/1254
f 1248/15/1248 1249/17/1249 1256/24/1256 1255/22/1255
f 1249/17/1249 1250/18/1250 1257/25/1257 1256/24/1256
f 1250/18/1250 1251/19/1251 1258/26/1258 1257/25/1257
f 1251/19/1251 1252/20/1252 1259/27/1259 1258/26/1258
f 1252/20/1252 1253/21/1253 1260/28/1260 1259/27/1259
f 1254/23/1254 1255/22/1255 1262/29/1262 1261/30/1261
f 1255/22/1255 1256/24/1256 1263/31/1263 1262/29/1262
f 1256/24/1256 1257/25/1257 1264/32/1264 1263/31/1263
f 1257/25/1257 1258/26/1258 1265/33/1265 1264/32/1264
f 1258/26/1258 1259/27/1259 1266/34/1266 1265/33/1265
f 1259/27/1259 1260/28/1260 1267/35/1267 1266/34/1266
f 1261/30/1261 1262/29/1262 1269/36/1269 1268/37/1268
f 1262/29/1262 1263/31/1263 1270/38/1270 1269/36/1269
f 1263/31/1263 1264/32/1264 1271/39/1271 1270/38/1270
f 1264/32/1264 1265/33/1265 1272/40/1272 1271/39/1271
f 1265/33/1265 1266/34/1266 1273/41/1273 1272/40/1272
f 1266/34/1266 1267/35/1267 1274/42/1274 1273/41/1273
f 1268/37/1268 1269/36/1269 1276/43/1276 1275/44/1275
f 1269/36/1269 1270/38/1270 1277/45/1277 1276/43/1276
f 1270/38/1270 1271/39/1271 1278/46/1278 1277/45/1277
f 1271/39/1271 1272/40/1272 1279/47/1279 1278/46/1278
f 1272/40/1272 1273/41/1273 1280/48/1280 1279/47/1279
f 1273/41/1273 1274/42/1274 1281/49/1281 1280/48/1280
f 5/50/5 168/51/168 1233/1/1233 133/52/133
f 168/51/168 167/53/167 1234/2/1234 1233/1/1233
f 167/53/167 166/54/166 1235/5/1235 1234/2/1234
f 166/54/166 165/55/165 1236/7/1236 1235/5/1235
f 165/55/165 164/56/164 1237/9/1237 1236/7/1236
f 164/56/164 163/57/163 1238/11/1238 1237/9/1237
f 163/57/163 162/58/162 1239/13/1239 1238/11/1238
f 162/58/162 6/59/6 85/60/85 1239/13/1239
f 1239/13/1239 85/60/85 86/61/86 1246/14/1246
f 1246/14/1246 86/61/86 87/62/87 1253/21/1253
f 1253/21/1253 87/62/87 88/63/88 1260/28/1260
f 1260/28/1260 88/63/88 89/64/89 1267/35/1267
f 1267/35/1267 89/64/89 90/65/90 1274/42/1274
f 1274/42/1274 90/65/90 91/66/91 1281/49/1281
f 1281/49/1281 91/66/91 9/67/9 92/68/92
f 1280/48/1280 1281/49/1281 92/68/92 93/69/93
f 1279/47/1279 1280/48/1280 93/69/93 94/70/94
f 1278/46/1278 1279/47/1279 94/70/94 95/71/95
f 1277/45/1277 1278/46/1278 95/71/95 96/72/96
f 1276/43/1276 1277/45/1277 96/72/96 97/73/97
f 1275/44/1275 1276/43/1276 97/73/97 98/74/98
f 127/75/127 1275/44/1275 98/74/98 10/76/10
f 128/77/128 1268/37/1268 1275/44/1275 127/75/127
f 129/78/129 1261/30/1261 1268/37/1268 128/77/128
f 130/79/130 1254/23/1254 1261/30/1261 129/78/129
f 131/80/131 1247/16/1247 1254/23/1254 130/79/130
f 132/81/132 1240/4/1240 1247/16/1247 131/80/131
f 133/52/133 1233/1/1233 1240/4/1240 132/81/132
f 1282/82/1282 1283/83/1283 1290/84/1290 1289/85/1289
f 1283/83/1283 1284/86/1284 1291/87/1291 1290/84/1290
f 1284/86/1284 1285/88/1285 1292/89/1292 1291/87/1291
f 1285/88/1285 1286/90/1286 1293/91/1293 1292/89/1292
f 1286/90/1286 1287/92/1287 1294/93/1294 1293/91/1293
f 1287/92/1287 1288/94/1288 1295/95/1295 1294/93/1294
f 1289/85/1289 1290/84/1290 1297/96/1297 1296/97/1296
f 1290/84/1290 1291/87/1291 1298/98/1298 1297/96/1297
f 1291/87/1291 1292/89/1292 1299/99/1299 1298/98/1298
f 1292/89/1292 1293/91/1293 1300/100/1300 1299/99/1299
f 1293/91/1293 1294/93/1294 1301/101/1301 1300/100/1300
f 1294/93/1294 1295/95/1295 1302/102/1302 1301/101/1301
f 1296/97/1296 1297/96/1297 1304/103/1304 1303/104/1303
f 1297/96/1297 1298/98/1298 1305/105/1305 1304/103/1304
f 1298/98/1298 1299/99/1299 1306/106/1306 1305/105/1305
f 1299/99/1299 1300/100/1300 1307/107/1307 1306/106/1306
f 1300/100/1300 1301/101/1301 1308/108/1308 1307/107/1307
f 1301/101/1301 1302/102/1302 1309/109/1309 1308/108/1308
f 1303/104/1303 1304/103/1304 1311/110/1311 1310/111/1310
f 1304/103/1304 1305/105/1305 1312/112/1312 1311/110/1311
f 1305/105/1305 1306/106/1306 1313/113/1313 1312/112/1312
f 1306/106/1306 1307/107/1307 1314/114/1314 1313/113/1313
f 1307/107/1307 1308/108/1308 1315/115/1315 1314/114/1314
f 1308/108/1308 1309/109/1309 1316/116/1316 1315/115/1315
f 1310/111/1310 1311/110/1311 1318/117/1318 1317/118/1317
f 1311/110/1311 1312/112/1312 1319/119/1319 1318/117/1318
f 1312/112/1312 1313/113/1313 1320/120/1320 1319/119/1319
f 1313/113/1313 1314/114/1314 1321/121/1321 1320/120/1320
f 1314/114/1314 1315/115/1315 1322/122/1322 1321/121/1321
f 1315/115/1315 1316/116/1316 1323/123/1323 1322/122/1322
f 1317/118/1317 1318/117/1318 1325/124/1325 1324/125/1324
f 1318/117/1318 1319/119/1319 1326/126/1326 1325/124/1325
f 1319/119/1319 1320/120/1320 1327/127/1327 1326/126/1326
f 1320/120/1320 1321/121/1321 1328/128/1328 1327/127/1327
f 1321/121/1321 1322/122/1322 1329/129/1329 1328/128/1328
f 1322/122/1322 1323/123/1323 1330/130/1330 1329/129/1329
f 40/131/40 616/132/616 1282/82/1282 470/133/470
f 616/132/616 615/134/615 1283/83/1283 1282/82/1282
f 615/134/615 614/135/614 1284/86/1284 1283/83/1283
f 614/135/614 613/136/613 1285/88/1285 1284/86/1284
f 613/136/613 612/137/612 1286/90/1286 1285/88/1285
f 612/137/612 611/138/611 1287/92/1287 1286/90/1286
f 611/138/611 610/139/610 1288/94/1288 1287/92/1287
f 610/139/610 39/140/39 581/141/581 1288/94/1288
f 1288/94/1288 581/141/581 580/142/580 1295/95/1295
f 1295/95/1295 580/142/580 579/143/579 1302/102/1302
f 1302/102/1302 579/143/579 578/144/578 1309/109/1309
f 1309/109/1309 578/144/578 577/145/577 1316/116/1316
f 1316/116/1316 577/145/577 576/146/576 1323/123/1323
f 1323/123/1323 576/146/576 575/147/575 1330/130/1330
f 1330/130/1330 575/147/575 26/148/26 322/149/322
f 1329/129/1329 1330/130/1330 322/149/322 321/150/321
f 1328/128/1328 1329/129/1329 321/150/321 320/151/320
f 1327/127/1327 1328/128/1328 320/151/320 319/152/319
f 1326/126/1326 1327/127/1327 319/152/319 318/153/318
f 1325/124/1325 1326/126/1326 318/153/318 317/154/317
f 1324/125/1324 1325/124/1325 317/154/317 316/155/316
f 476/156/476 1324/125/1324 316/155/316 27/157/27
f 475/158/475 1317/118/1317 1324/125/1324 476/156/476
f 474/159/474 1310/111/1310 1317/118/1317 475/158/475
f 473/160/473 1303/104/1303 1310/111/1310 474/159/474
f 472/161/472 1296/97/1296 1303/104/1303 473/160/473
f 471/162/471 1289/85/1289 1296/97/1296 472/161/472
f 470/133/470 1282/82/1282 1289/85/1289 471/162/471
f 1331/163/1331 1332/164/1332 1339/165/1339 1338/166/1338
f 1332/164/1332 1333/167/1333 1340/168/1340 1339/165/1339
f 1333/167/1333 1334/169/1334 1341/170/1341 1340/168/1340
f 1334/169/1334 1335/171/1335 1342/172/1342 1341/170/1341
f 1335/171/1335 1336/173/1336 1343/174/1343 1342/172/1342
f 1336/173/1336 1337/175/1337 1344/176/1344 1343/174/1343
f 1338/166/1338 1339/165/1339 1346/177/1346 1345/178/1345
f 1339/165/1339 1340/168/1340 1347/179/1347 1346/177/1346
f 1340/168/1340 1341/170/1341 1348/180/1348 1347/179/1347
f 1341/170/1341 1342/172/1342 1349/181/1349 1348/180/1348
f 1342/172/1342 1343/174/1343 1350/182/1350 1349/181/1349
f 1343/174/1343 1344/176/1344 1351/183/1351 1350/182/1350
f 1345/178/1345 1346/177/1346 1353/184/1353 1352/185/1352
f 1346/177/1346 1347/179/1347 1354/186/1354 1353/184/1353
f 1347/179/1347 1348/180/1348 1355/187/1355 1354/186/1354
f 1348/180/1348 1349/181/1349 1356/188/1356 1355/187/1355
f 1349/181/1349 1350/182/1350 1357/189/1357 1356/188/1356
f 1350/182/1350 1351/183/1351 1358/190/1358 1357/189/1357
f 1352/185/1352 1353/184/1353 1360/191/1360 1359/192/1359
f 1353/184/1353 1354/186/1354 1361/193/1361 1360/191/1360
f 1354/186/1354 1355/187/1355 1362/194/1362 1361/193/1361
f 1355/187/1355 1356/188/1356 1363/195/1363 1362/194/1362
f 1356/188/1356 1357/189/1357 1364/196/1364 1363/195/1363
f 1357/189/1357 1358/190/1358 1365/197/1365 1364/196/1364
f 1359/192/1359 1360/191/1360 1367/198/1367 1366/199/1366
f 1360/191/1360 1361/193/1361 1368/200/1368 1367/198/1367
f 1361/193/1361 1362/194/1362 1369/201/1369 1368/200/1368
f 1362/194/1362 1363/195/1363 1370/202/1370 1369/201/1369
f 1363/195/1363 1364/196/1364 1371/203/1371 1370/202/1370
f 1364/196/1364 1365/197/1365 1372/204/1372 1371/203/1371
f 1366/199/1366 1367/198/1367 1374/205/1374 1373/206/1373
f 1367/198/1367 1368/200/1368 1375/207/1375 1374/205/1374
f 1368/200/1368 1369/201/1369 1376/208/1376 1375/207/1375
f 1369/201/1369 1370/202/1370 1377/209/1377 1376/208/1376
f 1370/202/1370 1371/203/1371 1378/210/1378 1377/209/1377
f 1371/203/1371 1372/204/1372 1379/211/1379 1378/210/1378
f 5/212/5 133/213/133 1331/163/1331 148/214/148
f 133/213/133 132/215/132 1332/164/1332 1331/163/1331
f 132/215/132 131/216/131 1333/167/1333 1332/164/1332
f 131/216/131 130/217/130 1334/169/1334 1333/167/1333
f 130/217/130 129/218/129 1335/171/1335 1334/169/1334
f 129/218/129 128/219/128 1336/173/1336 1335/171/1335
f 128/219/128 127/220/127 1337/175/1337 1336/173/1336
f 127/220/127 10/76/10 105/221/105 1337/175/1337
f 1337/175/1337 105/221/105 104/222/104 1344/176/1344
f 1344/176/1344 104/222/104 103/223/103 1351/183/1351
f 1351/183/1351 103/223/103 102/224/102 1358/190/1358
f 1358/190/1358 102/224/102 101/225/101 1365/197/1365
f 1365/197/1365 101/225/101 100/226/100 1372/204/1372
f 1372/204/1372 100/226/100 99/227/99 1379/211/1379
f 1379/211/1379 99/227/99 11/228/11 126/229/126
f 1378/210/1378 1379/211/1379 126/229/126 125/230/125
f 1377/209/1377 1378/210/1378 125/230/125 124/231/124
f 1376/208/1376 1377/209/1377 124/231/124 123/232/123
f 1375/207/1375 1376/208/1376 123/232/123 122/233/122
f 1374/205/1374 1375/207/1375 122/233/122 121/234/121
f 1373/206/1373 1374/205/1374 121/234/121 120/235/120
f 154/236/154 1373/206/1373 120/235/120 7/237/7
f 153/238/153 1366/199/1366 1373/206/1373 154/236/154
f 152/239/152 1359/192/1359 1366/199/1366 153/238/153
f 151/240/151 1352/185/1352 1359/192/1359 152/239/152
f 150/241/150 1345/178/1345 1352/185/1352 151/240/151
f 149/242/149 1338/166/1338 1345/178/1345 150/241/150
f 148/214/148 1331/163/1331 1338/166/1338 149/242/149
f 1380/243/1380 1381/244/1381 1388/245/1388 1387/246/1387
f 1381/244/1381 1382/247/1382 1389/248/1389 1388/245/1388
f 1382/247/1382 1383/249/1383 1390/250/1390 1389/248/1389
f 1383/249/1383 1384/251/1384 1391/252/1391 1390/250/1390
f 1384/251/1384 1385/253/1385 1392/254/1392 1391/252/1391
f 1385/253/1385 1386/255/1386 1393/256/1393 1392/254/1392
f 1387/246/1387 1388/245/1388 1395/257/1395 1394/258/1394
f 1388/245/1388 1389/248/1389 1396/259/1396 1395/257/1395
f 1389/248/1389 1390/250/1390 1397/260/1397 1396/259/1396
f 1390/250/1390 1391/252/1391 1398/261/1398 1397/260/1397
f 1391/252/1391 1392/254/1392 1399/262/1399 1398/261/1398
f 1392/254/1392 1393/256/1393 1400/263/1400 1399/262/1399
f 1394/258/1394 1395/257/1395 1402/264/1402 1401/265/1401
f 1395/257/1395 1396/259/1396 1403/266/1403 1402/264/1402
f 1396/259/1396 1397/260/1397 1404/267/1404 1403/266/1403
f 1397/260/1397 1398/261/1398 1405/268/1405 1404/267/1404
f 1398/261/1398 1399/262/1399 1406/269/1406 1405/268/1405
f 1399/262/1399 1400/263/1400 1407/270/1407 1406/269/1406
f 1401/265/1401 1402/264/1402 1409/271/1409 1408/272/1408
f 1402/264/1402 1403/266/1403 1410/273/1410 1409/271/1409
f 1403/266/1403 1404/267/1404 1411/274/1411 1410/273/1410
f 1404/267/1404 1405/268/1405 1412/275/1412 1411/274/1411
f 1405/268/1405 1406/269/1406 1413/276/1413 1412/275/1412
f 1406/269/1406 1407/270/1407 1414/277/1414 1413/276/1413
f 1408/272/1408 1409/271/1409 1416/278/1416 1415/279/1415
f 1409/271/1409 1410/273/1410 1417/280/1417 1416/278/1416
f 1410/273/1410 1411/274/1411 1418/281/1418 1417/280/1417
f 1411/274/1411 1412/275/1412 1419/282/1419 1418/281/1418
f 1412/275/1412 1413/276/1413 1420/283/1420 1419/282/1419
f 1413/276/1413 1414/277/1414 1421/284/1421 1420/283/1420
f 1415/279/1415 1416/278/1416 1423/285/1423 1422/286/1422
f 1416/278/1416 1417/280/1417 1424/287/1424 1423/285/1423
f 1417/280/1417 1418/281/1418 1425/288/1425 1424/287/1424
f 1418/281/1418 1419/282/1419 1426/289/1426 1425/288/1425
f 1419/282/1419 1420/283/1420 1427/290/1427 1426/289/1426
f 1420/283/1420 1421/284/1421 1428/291/1428 1427/290/1427
f 9/67/9 91/292/91 1380/243/1380 106/293/106
f 91/292/91 90/294/90 1381/244/1381 1380/243/1380
f 90/294/90 89/295/89 1382/247/1382 1381/244/1381
f 89/295/89 88/296/88 1383/249/1383 1382/247/1382
f 88/296/88 87/297/87 1384/251/1384 1383/249/1383
f 87/297/87 86/298/86 1385/253/1385 1384/251/1384
f 86/298/86 85/299/85 1386/255/1386 1385/253/1385
f 85/299/85 6/300/6 141/301/141 1386/255/1386
f 1386/255/1386 141/301/141 142/302/142 1393/256/1393
f 1393/256/1393 142/302/142 143/303/143 1400/263/1400
f 1400/263/1400 143/303/143 144/304/144 1407/270/1407
f 1407/270/1407 144/304/144 145/305/145 1414/277/1414
f 1414/277/1414 145/305/145 146/306/146 1421/284/1421
f 1421/284/1421 146/306/146 147/307/147 1428/291/1428
f 1428/291/1428 147/307/147 8/308/8 140/309/140
f 1427/290/1427 1428/291/1428 140/309/140 139/310/139
f 1426/289/1426 1427/290/1427 139/310/139 138/311/138
f 1425/288/1425 1426/289/1426 138/311/138 137/312/137
f 1424/287/1424 1425/288/1425 137/312/137 136/313/136
f 1423/285/1423 1424/287/1424 136/313/136 135/314/135
f 1422/286/1422 1423/285/1423 135/314/135 134/315/134
f 112/316/112 1422/286/1422 134/315/134 12/317/12
f 111/318/111 1415/279/1415 1422/286/1422 112/316/112
f 110/319/110 1408/272/1408 1415/279/1415 111/318/111
f 109/320/109 1401/265/1401 1408/272/1408 110/319/110
f 108/321/108 1394/258/1394 1401/265/1401 109/320/109
f 107/322/107 1387/246/1387 1394/258/1394 108/321/108
f 106/293/106 1380/243/1380 1387/246/1387 107/322/107
f 1429/323/1429 1430/324/1430 1437/325/1437 1436/326/1436
f 1430/324/1430 1431/327/1431 1438/328/1438 1437/325/1437
f 1431/327/1431 1432/329/1432 1439/330/1439 1438/328/1438
f 1432/329/1432 1433/331/1433 1440/332/1440 1439/330/1439
f 1433/331/1433 1434/333/1434 1441/334/1441 1440/332/1440
f 1434/333/1434 1435/335/1435 1442/336/1442 1441/334/1441
f 1436/326/1436 1437/325/1437 1444/337/1444 1443/338/1443
f 1437/325/1437 1438/328/1438 1445/339/1445 1444/337/1444
f 1438/328/1438 1439/330/1439 1446/340/1446 1445/339/1445
f 1439/330/1439 1440/332/1440 1447/341/1447 1446/340/1446
f 1440/332/1440 1441/334/1441 1448/342/1448 1447/341/1447
f 1441/334/1441 1442/336/1442 1449/343/1449 1448/342/1448
f 1443/338/1443 1444/337/1444 1451/344/1451 1450/345/1450
f 1444/337/1444 1445/339/1445 1452/346/1452 1451/344/1451
f 1445/339/1445 1446/340/1446 1453/347/1453 1452/346/1452
f 1446/340/1446 1447/341/1447 1454/348/1454 1453/347/1453
f 1447/341/1447 1448/342/1448 1455/349/1455 1454/348/1454
f 1448/342/1448 1449/343/1449 1456/350/1456 1455/349/1455
f 1450/345/1450 1451/344/1451 1458/351/1458 1457/352/1457
f 1451/344/1451 1452/346/1452 1459/353/1459 1458/351/1458
f 1452/346/1452 1453/347/1453 1460/354/1460 1459/353/1459
f 1453/347/1453 1454/348/1454 1461/355/1461 1460/354/1460
f 1454/348/1454 1455/349/1455 1462/356/1462 1461/355/1461
f 1455/349/1455 1456/350/1456 1463/357/1463 1462/356/1462
f 1457/352/1457 1458/351/1458 1465/358/1465 1464/359/1464
f 1458/351/1458 1459/353/1459 1466/360/1466 1465/358/1465
f 1459/353/1459 1460/354/1460 1467/361/1467 1466/360/1466
f 1460/354/1460 1461/355/1461 1468/362/1468 1467/361/1467
f 1461/355/1461 1462/356/1462 1469/363/1469 1468/362/1468
f 1462/356/1462 1463/357/1463 1470/364/1470 1469/363/1469
f 1464/359/1464 1465/358/1465 1472/365/1472 1471/366/1471
f 1465/358/1465 1466/360/1466 1473/367/1473 1472/365/1472
f 1466/360/1466 1467/361/1467 1474/368/1474 1473/367/1473
f 1467/361/1467 1468/362/1468 1475/369/1475 1474/368/1474
f 1468/362/1468 1469/363/1469 1476/370/1476 1475/369/1475
f 1469/363/1469 1470/364/1470 1477/371/1477 1476/370/1476
f 11/228/11 119/372/119 1429/323/1429 126/373/126
f 119/372/119 118/374/118 1430/324/1430 1429/323/1429
f 118/374/118 117/375/117 1431/327/1431 1430/324/1430
f 117/375/117 116/376/116 1432/329/1432 1431/327/1431
f 116/376/116 115/377/115 1433/331/1433 1432/329/1432
f 115/377/115 114/378/114 1434/333/1434 1433/331/1433
f 114/378/114 113/379/113 1435/335/1435 1434/333/1434
f 113/379/113 12/317/12 134/380/134 1435/335/1435
f 1435/335/1435 134/380/134 135/381/135 1442/336/1442
f 1442/336/1442 135/381/135 136/382/136 1449/343/1449
f 1449/343/1449 136/382/136 137/383/137 1456/350/1456
f 1456/350/1456 137/383/137 138/384/138 1463/357/1463
f 1463/357/1463 138/384/138 139/385/139 1470/364/1470
f 1470/364/1470 139/385/139 140/386/140 1477/371/1477
f 1477/371/1477 140/386/140 8/387/8 155/388/155
f 1476/370/1476 1477/371/1477 155/388/155 156/389/156
f 1475/369/1475 1476/370/1476 156/389/156 157/390/157
f 1474/368/1474 1475/369/1475 157/390/157 158/391/158
f 1473/367/1473 1474/368/1474 158/391/158 159/392/159
f 1472/365/1472 1473/367/1473 159/392/159 160/393/160
f 1471/366/1471 1472/365/1472 160/393/160 161/394/161
f 120/395/120 1471/366/1471 161/394/161 7/396/7
f 121/397/121 1464/359/1464 1471/366/1471 120/395/120
f 122/398/122 1457/352/1457 1464/359/1464 121/397/121
f 123/399/123 1450/345/1450 1457/352/1457 122/398/122
f 124/400/124 1443/338/1443 1450/345/1450 123/399/123
f 125/401/125 1436/326/1436 1443/338/1443 124/400/124
f 126/373/126 1429/323/1429 1436/326/1436 125/401/125
f 1478/402/1478 1479/403/1479 1486/404/1486 1485/405/1485
f 1479/403/1479 1480/406/1480 1487/407/1487 1486/404/1486
f 1480/406/1480 1481/408/1481 1488/409/1488 1487/407/1487
f 1481/408/1481 1482/410/1482 1489/411/1489 1488/409/1488
f 1482/410/1482 1483/412/1483 1490/413/1490 1489/411/1489
f 1483/412/1483 1484/414/1484 1491/415/1491 1490/413/1490
f 1485/405/1485 1486/404/1486 1493/416/1493 1492/417/1492
f 1486/404/1486 1487/407/1487 1494/418/1494 1493/416/1493
f 1487/407/1487 1488/409/1488 1495/419/1495 1494/418/1494
f 1488/409/1488 1489/411/1489 1496/420/1496 1495/419/1495
f 1489/411/1489 1490/413/1490 1497/421/1497 1496/420/1496
f 1490/413/1490 1491/415/1491 1498/422/1498 1497/421/1497
f 1492/417/1492 1493/416/1493 1500/423/1500 1499/424/1499
f 1493/416/1493 1494/418/1494 1501/425/1501 1500/423/1500
f 1494/418/1494 1495/419/1495 1502/426/1502 1501/425/1501
f 1495/419/1495 1496/420/1496 1503/427/1503 1502/426/1502
f 1496/420/1496 1497/421/1497 1504/428/1504 1503/427/1503
f 1497/421/1497 1498/422/1498 1505/429/1505 1504/428/1504
f 1499/424/1499 1500/423/1500 1507/430/1507 1506/431/1506
f 1500/423/1500 1501/425/1501 1508/432/1508 1507/430/1507
f 1501/425/1501 1502/426/1502 1509/433/1509 1508/432/1508
f 1502/426/1502 1503/427/1503 1510/434/1510 1509/433/1509
f 1503/427/1503 1504/428/1504 1511/435/1511 1510/434/1510
f 1504/428/1504 1505/429/1505 1512/436/1512 1511/435/1511
f 1506/431/1506 1507/430/1507 1514/437/1514 1513/438/1513
f 1507/430/1507 1508/432/1508 1515/439/1515 1514/437/1514
f 1508/432/1508 1509/433/1509 1516/440/1516 1515/439/1515
f 1509/433/1509 1510/434/1510 1517/441/1517 1516/440/1516
f 1510/434/1510 1511/435/1511 1518/442/1518 1517/441/1517
f 1511/435/1511 1512/436/1512 1519/443/1519 1518/442/1518
f 1513/438/1513 1514/437/1514 1521/444/1521 1520/445/1520
f 1514/437/1514 1515/439/1515 1522/446/1522 1521/444/1521
f 1515/439/1515 1516/440/1516 1523/447/1523 1522/446/1522
f 1516/440/1516 1517/441/1517 1524/448/1524 1523/447/1523
f 1517/441/1517 1518/442/1518 1525/449/1525 1524/448/1524
f 1518/442/1518 1519/443/1519 1526/450/1526 1525/449/1525
f 4/451/4 169/452/169 1478/402/1478 203/453/203
f 169/452/169 170/454/170 1479/403/1479 1478/402/1478
f 170/454/170 171/455/171 1480/406/1480 1479/403/1479
f 171/455/171 172/456/172 1481/408/1481 1480/406/1480
f 172/456/172 173/457/173 1482/410/1482 1481/408/1481
f 173/457/173 174/458/174 1483/412/1483 1482/410/1482
f 174/458/174 175/459/175 1484/414/1484 1483/412/1483
f 175/459/175 3/460/3 204/461/204 1484/414/1484
f 1484/414/1484 204/461/204 205/462/205 1491/415/1491
f 1491/415/1491 205/462/205 206/463/206 1498/422/1498
f 1498/422/1498 206/463/206 207/464/207 1505/429/1505
f 1505/429/1505 207/464/207 208/465/208 1512/436/1512
f 1512/436/1512 208/465/208 209/466/209 1519/443/1519
f 1519/443/1519 209/466/209 210/467/210 1526/450/1526
f 1526/450/1526 210/467/210 10/76/10 98/468/98
f 1525/449/1525 1526/450/1526 98/468/98 97/469/97
f 1524/448/1524 1525/449/1525 97/469/97 96/470/96
f 1523/447/1523 1524/448/1524 96/470/96 95/471/95
f 1522/446/1522 1523/447/1523 95/471/95 94/472/94
f 1521/444/1521 1522/446/1522 94/472/94 93/473/93
f 1520/445/1520 1521/444/1521 93/473/93 92/474/92
f 197/475/197 1520/445/1520 92/474/92 9/67/9
f 198/476/198 1513/438/1513 1520/445/1520 197/475/197
f 199/477/199 1506/431/1506 1513/438/1513 198/476/198
f 200/478/200 1499/424/1499 1506/431/1506 199/477/199
f 201/479/201 1492/417/1492 1499/424/1499 200/478/200
f 202/480/202 1485/405/1485 1492/417/1492 201/479/201
f 203/453/203 1478/402/1478 1485/405/1485 202/480/202
f 1527/481/1527 1528/482/1528 1535/483/1535 1534/484/1534
f 1528/482/1528 1529/485/1529 1536/486/1536 1535/483/1535
f 1529/485/1529 1530/487/1530 1537/488/1537 1536/486/1536
f 1530/487/1530 1531/489/1531 1538/490/1538 1537/488/1537
f 1531/489/1531 1532/491/1532 1539/492/1539 1538/490/1538
f 1532/491/1532 1533/493/1533 1540/494/1540 1539/492/1539
f 1534/484/1534 1535/483/1535 1542/495/1542 1541/496/1541
f 1535/483/1535 1536/486/1536 1543/497/1543 1542/495/1542
f 1536/486/1536 1537/488/1537 1544/498/1544 1543/497/1543
f 1537/488/1537 1538/490/1538 1545/499/1545 1544/498/1544
f 1538/490/1538 1539/492/1539 1546/500/1546 1545/499/1545
f 1539/492/1539 1540/494/1540 1547/501/1547 1546/500/1546
f 1541/496/1541 1542/495/1542 1549/502/1549 1548/503/1548
f 1542/495/1542 1543/497/1543 1550/504/1550 1549/502/1549
f 1543/497/1543 1544/498/1544 1551/505/1551 1550/504/1550
f 1544/498/1544 1545/499/1545 1552/506/1552 1551/505/1551
f 1545/499/1545 1546/500/1546 1553/507/1553 1552/506/1552
f 1546/500/1546 1547/501/1547 1554/508/1554 1553/507/1553
f 1548/503/1548 1549/502/1549 1556/509/1556 1555/510/1555
f 1549/502/1549 1550/504/1550 1557/511/1557 1556/509/1556
f 1550/504/1550 1551/505/1551 1558/512/1558 1557/511/1557
f 1551/505/1551 1552/506/1552 1559/513/1559 1558/512/1558
f 1552/506/1552 1553/507/1553 1560/514/1560 1559/513/1559
f 1553/507/1553 1554/508/1554 1561/515/1561 1560/514/1560
f 1555/510/1555 1556/509/1556 1563/516/1563 1562/517/1562
f 1556/509/1556 1557/511/1557 1564/518/1564 1563/516/1563
f 1557/511/1557 1558/512/1558 1565/519/1565 1564/518/1564
f 1558/512/1558 1559/513/1559 1566/520/1566 1565/519/1565
f 1559/513/1559 1560/514/1560 1567/521/1567 1566/520/1566
f 1560/514/1560 1561/515/1561 1568/522/1568 1567/521/1567
f 1562/517/1562 1563/516/1563 1570/523/1570 1569/524/1569
f 1563/516/1563 1564/518/1564 1571/525/1571 1570/523/1570
f 1564/518/1564 1565/519/1565 1572/526/1572 1571/525/1571
f 1565/519/1565 1566/520/1566 1573/527/1573 1572/526/1572
f 1566/520/1566 1567/521/1567 1574/528/1574 1573/527/1573
f 1567/521/1567 1568/522/1568 1575/529/1575 1574/528/1574
f 3/460/3 182/530/182 1527/481/1527 204/461/204
f 182/530/182 181/531/181 1528/482/1528 1527/481/1527
f 181/531/181 180/532/180 1529/485/1529 1528/482/1528
f 180/532/180 179/533/179 1530/487/1530 1529/485/1529
f 179/533/179 178/534/178 1531/489/1531 1530/487/1530
f 178/534/178 177/535/177 1532/491/1532 1531/489/1531
f 177/535/177 176/536/176 1533/493/1533 1532/491/1532
f 176/536/176 1/537/1 211/538/211 1533/493/1533
f 1533/493/1533 211/538/211 212/539/212 1540/494/1540
f 1540/494/1540 212/539/212 213/540/213 1547/501/1547
f 1547/501/1547 213/540/213 214/541/214 1554/508/1554
f 1554/508/1554 214/541/214 215/542/215 1561/515/1561
f 1561/515/1561 215/542/215 216/543/216 1568/522/1568
f 1568/522/1568 216/543/216 217/544/217 1575/529/1575
f 1575/529/1575 217/544/217 11/228/11 99/227/99
f 1574/528/1574 1575/529/1575 99/227/99 100/226/100
f 1573/527/1573 1574/528/1574 100/226/100 101/545/101
f 1572/526/1572 1573/527/1573 101/545/101 102/546/102
f 1571/525/1571 1572/526/1572 102/546/102 103/547/103
f 1570/523/1570 1571/525/1571 103/547/103 104/222/104
f 1569/524/1569 1570/523/1570 104/222/104 105/548/105
f 210/467/210 1569/524/1569 105/548/105 10/76/10
f 209/466/209 1562/517/1562 1569/524/1569 210/467/210
f 208/465/208 1555/510/1555 1562/517/1562 209/466/209
f 207/464/207 1548/503/1548 1555/510/1555 208/465/208
f 206/463/206 1541/496/1541 1548/503/1548 207/464/207
f 205/462/205 1534/484/1534 1541/496/1541 206/463/206
f 204/461/204 1527/481/1527 1534/484/1534 205/462/205
f 1576/549/1576 1577/550/1577 1584/551/1584 1583/552/1583
f 1577/550/1577 1578/553/1578 1585/554/1585 1584/551/1584
f 1578/553/1578 1579/555/1579 1586/556/1586 1585/554/1585
f 1579/555/1579 1580/557/1580 1587/558/1587 1586/556/1586
f 1580/557/1580 1581/559/1581 1588/560/1588 1587/558/1587
f 1581/559/1581 1582/561/1582 1589/562/1589 1588/560/1588
f 1583/552/1583 1584/551/1584 1591/563/1591 1590/564/1590
f 1584/551/1584 1585/554/1585 1592/565/1592 1591/563/1591
f 1585/554/1585 1586/556/1586 1593/566/1593 1592/565/1592
f 1586/556/1586 1587/558/1587 1594/567/1594 1593/566/1593
f 1587/558/1587 1588/560/1588 1595/568/1595 1594/567/1594
f 1588/560/1588 1589/562/1589 1596/569/1596 1595/568/1595
f 1590/564/1590 1591/563/1591 1598/570/1598 1597/571/1597
f 1591/563/1591 1592/565/1592 1599/572/1599 1598/570/1598
f 1592/565/1592 1593/566/1593 1600/573/1600 1599/572/1599
f 1593/566/1593 1594/567/1594 1601/574/1601 1600/573/1600
f 1594/567/1594 1595/568/1595 1602/575/1602 1601/574/1601
f 1595/568/1595 1596/569/1596 1603/576/1603 1602/575/1602
f 1597/571/1597 1598/570/1598 1605/577/1605 1604/578/1604
f 1598/570/1598 1599/572/1599 1606/579/1606 1605/577/1605
f 1599/572/1599 1600/573/1600 1607/580/1607 1606/579/1606
f 1600/573/1600 1601/574/1601 1608/581/1608 1607/580/1607
f 1601/574/1601 1602/575/1602 1609/582/1609 1608/581/1608
f 1602/575/1602 1603/576/1603 1610/583/1610 1609/582/1609
f 1604/578/1604 1605/577/1605 1612/584/1612 1611/585/1611
f 1605/577/1605 1606/579/1606 1613/586/1613 1612/584/1612
f 1606/579/1606 1607/580/1607 1614/587/1614 1613/586/1613
f 1607/580/1607 1608/581/1608 1615/588/1615 1614/587/1614
f 1608/581/1608 1609/582/1609 1616/589/1616 1615/588/1615
f 1609/582/1609 1610/583/1610 1617/590/1617 1616/589/1616
f 1611/585/1611 1612/584/1612 1619/591/1619 1618/592/1618
f 1612/584/1612 1613/586/1613 1620/593/1620 1619/591/1619
f 1613/586/1613 1614/587/1614 1621/594/1621 1620/593/1620
f 1614/587/1614 1615/588/1615 1622/595/1622 1621/594/1621
f 1615/588/1615 1616/589/1616 1623/596/1623 1622/595/1622
f 1616/589/1616 1617/590/1617 1624/597/1624 1623/596/1623
f 2/598/2 189/599/189 1576/549/1576 224/600/224
f 189/599/189 188/601/188 1577/550/1577 1576/549/1576
f 188/601/188 187/602/187 1578/553/1578 1577/550/1577
f 187/602/187 186/603/186 1579/555/1579 1578/553/1578
f 186/603/186 185/604/185 1580/557/1580 1579/555/1579
f 185/604/185 184/605/184 1581/559/1581 1580/557/1580
f 184/605/184 183/606/183 1582/561/1582 1581/559/1581
f 183/606/183 4/451/4 203/453/203 1582/561/1582
f 1582/561/1582 203/453/203 202/480/202 1589/562/1589
f 1589/562/1589 202/480/202 201/479/201 1596/569/1596
f 1596/569/1596 201/479/201 200/478/200 1603/576/1603
f 1603/576/1603 200/478/200 199/477/199 1610/583/1610
f 1610/583/1610 199/477/199 198/476/198 1617/590/1617
f 1617/590/1617 198/476/198 197/475/197 1624/597/1624
f 1624/597/1624 197/475/197 9/67/9 106/607/106
f 1623/596/1623 1624/597/1624 106/607/106 107/322/107
f 1622/595/1622 1623/596/1623 107/322/107 108/608/108
f 1621/594/1621 1622/595/1622 108/608/108 109/609/109
f 1620/593/1620 1621/594/1621 109/609/109 110/610/110
f 1619/591/1619 1620/593/1620 110/610/110 111/611/111
f 1618/592/1618 1619/591/1619 111/611/111 112/612/112
f 218/613/218 1618/592/1618 112/612/112 12/317/12
f 219/614/219 1611/585/1611 1618/592/1618 218/613/218
f 220/615/220 1604/578/1604 1611/585/1611 219/614/219
f 221/616/221 1597/571/1597 1604/578/1604 220/615/220
f 222/617/222 1590/564/1590 1597/571/1597 221/616/221
f 223/618/223 1583/552/1583 1590/564/1590 222/617/222
f 224/600/224 1576/549/1576 1583/552/1583 223/618/223
f 1625/619/1625 1626/620/1626 1633/621/1633 1632/622/1632
f 1626/620/1626 1627/623/1627 1634/624/1634 1633/621/1633
f 1627/623/1627 1628/625/1628 1635/626/1635 1634/624/1634
f 1628/625/1628 1629/627/1629 1636/628/1636 1635/626/1635
f 1629/627/1629 1630/629/1630 1637/630/1637 1636/628/1636
f 1630/629/1630 1631/631/1631 1638/632/1638 1637/630/1637
f 1632/622/1632 1633/621/1633 1640/633/1640 1639/634/1639
f 1633/621/1633 1634/624/1634 1641/635/1641 1640/633/1640
f 1634/624/1634 1635/626/1635 1642/636/1642 1641/635/1641
f 1635/626/1635 1636/628/1636 1643/637/1643 1642/636/1642
f 1636/628/1636 1637/630/1637 1644/638/1644 1643/637/1643
f 1637/630/1637 1638/632/1638 1645/639/1645 1644/638/1644
f 1639/634/1639 1640/633/1640 1647/640/1647 1646/641/1646
f 1640/633/1640 1641/635/1641 1648/642/1648 1647/640/1647
f 1641/635/1641 1642/636/1642 1649/643/1649 1648/642/1648
f 1642/636/1642 1643/637/1643 1650/644/1650 1649/643/1649
f 1643/637/1643 1644/638/1644 1651/645/1651 1650/644/1650
f 1644/638/1644 1645/639/1645 1652/646/1652 1651/645/1651
f 1646/641/1646 1647/640/1647 1654/647/1654 1653/648/1653
f 1647/640/1647 1648/642/1648 1655/649/1655 1654/647/1654
f 1648/642/1648 1649/643/1649 1656/650/1656 1655/649/1655
f 1649/643/1649 1650/644/1650 1657/651/1657 1656/650/1656
f 1650/644/1650 1651/645/1651 1658/652/1658 1657/651/1657
f 1651/645/1651 1652/646/1652 1659/653/1659 1658/652/1658
f 1653/648/1653 1654/647/1654 1661/654/1661 1660/655/1660
f 1654/647/1654 1655/649/1655 1662/656/1662 1661/654/1661
f 1655/649/1655 1656/650/1656 1663/657/1663 1662/656/1662
f 1656/650/1656 1657/651/1657 1664/658/1664 1663/657/1663
f 1657/651/1657 1658/652/1658 1665/659/1665 1664/658/1664
f 1658/652/1658 1659/653/1659 1666/660/1666 1665/659/1665
f 1660/655/1660 1661/654/1661 1668/661/1668 1667/662/1667
f 1661/654/1661 1662/656/1662 1669/663/1669 1668/661/1668
f 1662/656/1662 1663/657/1663 1670/664/1670 1669/663/1669
f 1663/657/1663 1664/658/1664 1671/665/1671 1670/664/1670
f 1664/658/1664 1665/659/1665 1672/666/1672 1671/665/1671
f 1665/659/1665 1666/660/1666 1673/667/1673 1672/666/1672
f 1/537/1 196/668/196 1625/619/1625 211/538/211
f 196/668/196 195/669/195 1626/620/1626 1625/619/1625
f 195/669/195 194/670/194 1627/623/1627 1626/620/1626
f 194/670/194 193/671/193 1628/625/1628 1627/623/1627
f 193/671/193 192/672/192 1629/627/1629 1628/625/1628
f 192/672/192 191/673/191 1630/629/1630 1629/627/1629
f 191/673/191 190/674/190 1631/631/1631 1630/629/1630
f 190/674/190 2/598/2 224/600/224 1631/631/1631
f 1631/631/1631 224/600/224 223/618/223 1638/632/1638
f 1638/632/1638 223/618/223 222/617/222 1645/639/1645
f 1645/639/1645 222/617/222 221/616/221 1652/646/1652
f 1652/646/1652 221/616/221 220/615/220 1659/653/1659
f 1659/653/1659 220/615/220 219/614/219 1666/660/1666
f 1666/660/1666 219/614/219 218/613/218 1673/667/1673
f 1673/667/1673 218/613/218 12/317/12 113/379/113
f 1672/666/1672 1673/667/1673 113/379/113 114/378/114
f 1671/665/1671 1672/666/1672 114/378/114 115/377/115
f 1670/664/1670 1671/665/1671 115/377/115 116/376/116
f 1669/663/1669 1670/664/1670 116/376/116 117/375/117
f 1668/661/1668 1669/663/1669 117/375/117 118/374/118
f 1667/662/1667 1668/661/1668 118/374/118 119/372/119
f 217/544/217 1667/662/1667 119/372/119 11/228/11
f 216/543/216 1660/655/1660 1667/662/1667 217/544/217
f 215/542/215 1653/648/1653 1660/655/1660 216/543/216
f 214/541/214 1646/641/1646 1653/648/1653 215/542/215
f 213/540/213 1639/634/1639 1646/641/1646 214/541/214
f 212/539/212 1632/622/1632 1639/634/1639 213/540/213
f 211/538/211 1625/619/1625 1632/622/1632 212/539/212
f 1674/675/1674 1675/676/1675 1682/677/1682 1681/678/1681
f 1675/676/1675 1676/679/1676 1683/680/1683 1682/677/1682
f 1676/679/1676 1677/681/1677 1684/682/1684 1683/680/1683
f 1677/681/1677 1678/683/1678 1685/684/1685 1684/682/1684
f 1678/683/1678 1679/685/1679 1686/686/1686 1685/684/1685
f 1679/685/1679 1680/687/1680 1687/688/1687 1686/686/1686
f 1681/678/1681 1682/677/1682 1689/689/1689 1688/690/1688
f 1682/677/1682 1683/680/1683 1690/691/1690 1689/689/1689
f 1683/680/1683 1684/682/1684 1691/692/1691 1690/691/1690
f 1684/682/1684 1685/684/1685 1692/693/1692 1691/692/1691
f 1685/684/1685 1686/686/1686 1693/694/1693 1692/693/1692
f 1686/686/1686 1687/688/1687 1694/695/1694 1693/694/1693
f 1688/690/1688 1689/689/1689 1696/696/1696 1695/697/1695
f 1689/689/1689 1690/691/1690 1697/698/1697 1696/696/1696
f 1690/691/1690 1691/692/1691 1698/699/1698 1697/698/1697
f 1691/692/1691 1692/693/1692 1699/700/1699 1698/699/1698
f 1692/693/1692 1693/694/1693 1700/701/1700 1699/700/1699
f 1693/694/1693 1694/695/1694 1701/702/1701 1700/701/1700
f 1695/697/1695 1696/696/1696 1703/703/1703 1702/704/1702
f 1696/696/1696 1697/698/1697 1704/705/1704 1703/703/1703
f 1697/698/1697 1698/699/1698 1705/706/1705 1704/705/1704
f 1698/699/1698 1699/700/1699 1706/707/1706 1705/706/1705
f 1699/700/1699 1700/701/1700 1707/708/1707 1706/707/1706
f 1700/701/1700 1701/702/1701 1708/709/1708 1707/708/1707
f 1702/704/1702 1703/703/1703 1710/710/1710 1709/711/1709
f 1703/703/1703 1704/705/1704 1711/712/1711 1710/710/1710
f 1704/705/1704 1705/706/1705 1712/713/1712 1711/712/1711
f 1705/706/1705 1706/707/1706 1713/714/1713 1712/713/1712
f 1706/707/1706 1707/708/1707 1714/715/1714 1713/714/1713
f 1707/708/1707 1708/709/1708 1715/716/1715 1714/715/1714
f 1709/711/1709 1710/710/1710 1717/717/1717 1716/718/1716
f 1710/710/1710 1711/712/1711 1718/719/1718 1717/717/1717
f 1711/712/1711 1712/713/1712 1719/720/1719 1718/719/1718
f 1712/713/1712 1713/714/1713 1720/721/1720 1719/720/1719
f 1713/714/1713 1714/715/1714 1721/722/1721 1720/721/1720
f 1714/715/1714 1715/716/1715 1722/723/1722 1721/722/1721
f 34/724/34 560/725/560 1674/675/1674 518/726/518
f 560/725/560 559/727/559 1675/676/1675 1674/675/1674
f 559/727/559 558/728/558 1676/679/1676 1675/676/1675
f 558/728/558 557/729/557 1677/681/1677 1676/679/1676
f 557/729/557 556/730/556 1678/683/1678 1677/681/1677
f 556/730/556 555/731/555 1679/685/1679 1678/683/1678
f 555/731/555 554/732/554 1680/687/1680 1679/685/1679
f 554/732/554 33/733/33 421/734/421 1680/687/1680
f 1680/687/1680 421/734/421 422/734/422 1687/688/1687
f 1687/688/1687 422/734/422 423/734/423 1694/695/1694
f 1694/695/1694 423/734/423 424/734/424 1701/702/1701
f 1701/702/1701 424/734/424 425/734/425 1708/709/1708
f 1708/709/1708 425/734/425 426/734/426 1715/716/1715
f 1715/716/1715 426/734/426 427/733/427 1722/723/1722
f 1722/723/1722 427/733/427 19/735/19 252/736/252
f 1721/722/1721 1722/723/1722 252/736/252 251/737/251
f 1720/721/1720 1721/722/1721 251/737/251 250/738/250
f 1719/720/1719 1720/721/1720 250/738/250 249/739/249
f 1718/719/1718 1719/720/1719 249/739/249 248/740/248
f 1717/717/1717 1718/719/1718 248/740/248 247/741/247
f 1716/718/1716 1717/717/1717 247/741/247 246/742/246
f 512/726/512 1716/718/1716 246/742/246 20/724/20
f 513/726/513 1709/711/1709 1716/718/1716 512/726/512
f 514/726/514 1702/704/1702 1709/711/1709 513/726/513
f 515/726/515 1695/697/1695 1702/704/1702 514/726/514
f 516/726/516 1688/690/1688 1695/697/1695 515/726/515
f 517/726/517 1681/678/1681 1688/690/1688 516/726/516
f 518/726/518 1674/675/1674 1681/678/1681 517/726/517
f 1723/743/1723 1724/744/1724 1731/745/1731 1730/746/1730
f 1724/744/1724 1725/747/1725 1732/748/1732 1731/745/1731
f 1725/747/1725 1726/749/1726 1733/750/1733 1732/748/1732
f 1726/749/1726 1727/751/1727 1734/752/1734 1733/750/1733
f 1727/751/1727 1728/753/1728 1735/754/1735 1734/752/1734
f 1728/753/1728 1729/755/1729 1736/756/1736 1735/754/1735
f 1730/746/1730 1731/745/1731 1738/757/1738 1737/758/1737
f 1731/745/1731 1732/748/1732 1739/759/1739 1738/757/1738
f 1732/748/1732 1733/750/1733 1740/750/1740 1739/759/1739
f 1733/750/1733 1734/752/1734 1741/760/1741 1740/750/1740
f 1734/752/1734 1735/754/1735 1742/761/1742 1741/760/1741
f 1735/754/1735 1736/756/1736 1743/756/1743 1742/761/1742
f 1737/758/1737 1738/757/1738 1745/757/1745 1744/746/1744
f 1738/757/1738 1739/759/1739 1746/748/1746 1745/757/1745
f 1739/759/1739 1740/750/1740 1747/750/1747 1746/748/1746
f 1740/750/1740 1741/760/1741 1748/760/1748 1747/750/1747
f 1741/760/1741 1742/761/1742 1749/754/1749 1748/760/1748
f 1742/761/1742 1743/756/1743 1750/756/1750 1749/754/1749
f 1744/746/1744 1745/757/1745 1752/757/1752 1751/743/1751
f 1745/757/1745 1746/748/1746 1753/759/1753 1752/757/1752
f 1746/748/1746 1747/750/1747 1754/750/1754 1753/759/1753
f 1747/750/1747 1748/760/1748 1755/760/1755 1754/750/1754
f 1748/760/1748 1749/754/1749 1756/761/1756 1755/760/1755
f 1749/754/1749 1750/756/1750 1757/756/1757 1756/761/1756
f 1751/743/1751 1752/757/1752 1759/745/1759 1758/762/1758
f 1752/757/1752 1753/759/1753 1760/748/1760 1759/745/1759
f 1753/759/1753 1754/750/1754 1761/750/1761 1760/748/1760
f 1754/750/1754 1755/760/1755 1762/752/1762 1761/750/1761
f 1755/760/1755 1756/761/1756 1763/754/1763 1762/752/1762
f 1756/761/1756 1757/756/1757 1764/755/1764 1763/754/1763
f 1758/762/1758 1759/745/1759 1766/763/1766 1765/764/1765
f 1759/745/1759 1760/748/1760 1767/747/1767 1766/763/1766
f 1760/748/1760 1761/750/1761 1768/765/1768 1767/747/1767
f 1761/750/1761 1762/752/1762 1769/752/1769 1768/765/1768
f 1762/752/1762 1763/754/1763 1770/761/1770 1769/752/1769
f 1763/754/1763 1764/755/1764 1771/755/1771 1770/761/1770
f 33/766/33 553/767/553 1723/743/1723 421/734/421
f 553/767/553 552/768/552 1724/744/1724 1723/743/1723
f 552/768/552 551/769/551 1725/747/1725 1724/744/1724
f 551/769/551 550/770/550 1726/749/1726 1725/747/1725
f 550/770/550 549/751/549 1727/751/1727 1726/749/1726
f 549/751/549 548/771/548 1728/753/1728 1727/751/1727
f 548/771/548 547/772/547 1729/755/1729 1728/753/1728
f 547/772/547 35/773/35 435/773/435 1729/755/1729
f 1729/755/1729 435/773/435 436/773/436 1736/756/1736
f 1736/756/1736 436/773/436 437/773/437 1743/756/1743
f 1743/756/1743 437/773/437 438/773/438 1750/756/1750
f 1750/756/1750 438/773/438 439/773/439 1757/756/1757
f 1757/756/1757 439/773/439 440/773/440 1764/755/1764
f 1764/755/1764 440/773/440 441/774/441 1771/755/1771
f 1771/755/1771 441/774/441 18/774/18 238/756/238
f 1770/761/1770 1771/755/1771 238/756/238 237/771/237
f 1769/752/1769 1770/761/1770 237/771/237 236/775/236
f 1768/765/1768 1769/752/1769 236/775/236 235/770/235
f 1767/747/1767 1768/765/1768 235/770/235 234/769/234
f 1766/763/1766 1767/747/1767 234/769/234 233/768/233
f 1765/764/1765 1766/763/1766 233/768/233 232/776/232
f 427/734/427 1765/764/1765 232/776/232 19/777/19
f 426/734/426 1758/762/1758 1765/764/1765 427/734/427
f 425/734/425 1751/743/1751 1758/762/1758 426/734/426
f 424/734/424 1744/746/1744 1751/743/1751 425/734/425
f 423/734/423 1737/758/1737 1744/746/1744 424/734/424
f 422/734/422 1730/746/1730 1737/758/1737 423/734/423
f 421/734/421 1723/743/1723 1730/746/1730 422/734/422
f 1772/778/1772 1773/779/1773 1780/780/1780 1779/778/1779
f 1773/779/1773 1774/781/1774 1781/782/1781 1780/780/1780
f 1774/781/1774 1775/783/1775 1782/784/1782 1781/782/1781
f 1775/783/1775 1776/785/1776 1783/786/1783 1782/784/1782
f 1776/785/1776 1777/787/1777 1784/788/1784 1783/786/1783
f 1777/787/1777 1778/789/1778 1785/790/1785 1784/788/1784
f 1779/778/1779 1780/780/1780 1787/780/1787 1786/791/1786
f 1780/780/1780 1781/782/1781 1788/792/1788 1787/780/1787
f 1781/782/1781 1782/784/1782 1789/783/1789 1788/792/1788
f 1782/784/1782 1783/786/1783 1790/793/1790 1789/783/1789
f 1783/786/1783 1784/788/1784 1791/794/1791 1790/793/1790
f 1784/788/1784 1785/790/1785 1792/795/1792 1791/794/1791
f 1786/791/1786 1787/780/1787 1794/780/1794 1793/778/1793
f 1787/780/1787 1788/792/1788 1795/782/1795 1794/780/1794
f 1788/792/1788 1789/783/1789 1796/796/1796 1795/782/1795
f 1789/783/1789 1790/793/1790 1797/786/1797 1796/796/1796
f 1790/793/1790 1791/794/1791 1798/788/1798 1797/786/1797
f 1791/794/1791 1792/795/1792 1799/790/1799 1798/788/1798
f 1793/778/1793 1794/780/1794 1801/780/1801 1800/791/1800
f 1794/780/1794 1795/782/1795 1802/797/1802 1801/780/1801
f 1795/782/1795 1796/796/1796 1803/783/1803 1802/797/1802
f 1796/796/1796 1797/786/1797 1804/793/1804 1803/783/1803
f 1797/786/1797 1798/788/1798 1805/794/1805 1804/793/1804
f 1798/788/1798 1799/790/1799 1806/795/1806 1805/794/1805
f 1800/791/1800 1801/780/1801 1808/780/1808 1807/778/1807
f 1801/780/1801 1802/797/1802 1809/782/1809 1808/780/1808
f 1802/797/1802 1803/783/1803 1810/784/1810 1809/782/1809
f 1803/783/1803 1804/793/1804 1811/786/1811 1810/784/1810
f 1804/793/1804 1805/794/1805 1812/787/1812 1811/786/1811
f 1805/794/1805 1806/795/1806 1813/798/1813 1812/787/1812
f 1807/778/1807 1808/780/1808 1815/780/1815 1814/778/1814
f 1808/780/1808 1809/782/1809 1816/799/1816 1815/780/1815
f 1809/782/1809 1810/784/1810 1817/796/1817 1816/799/1816
f 1810/784/1810 1811/786/1811 1818/800/1818 1817/796/1817
f 1811/786/1811 1812/787/1812 1819/787/1819 1818/800/1818
f 1812/787/1812 1813/798/1813 1820/801/1820 1819/787/1819
f 36/802/36 546/803/546 1772/778/1772 532/804/532
f 546/803/546 545/780/545 1773/779/1773 1772/778/1772
f 545/780/545 544/805/544 1774/781/1774 1773/779/1773
f 544/805/544 543/806/543 1775/783/1775 1774/781/1774
f 543/806/543 542/800/542 1776/785/1776 1775/783/1775
f 542/800/542 541/807/541 1777/787/1777 1776/785/1776
f 541/807/541 540/808/540 1778/789/1778 1777/787/1777
f 540/808/540 34/726/34 518/726/518 1778/789/1778
f 1778/789/1778 518/726/518 517/726/517 1785/790/1785
f 1785/790/1785 517/726/517 516/726/516 1792/795/1792
f 1792/795/1792 516/726/516 515/726/515 1799/790/1799
f 1799/790/1799 515/726/515 514/726/514 1806/795/1806
f 1806/795/1806 514/726/514 513/726/513 1813/798/1813
f 1813/798/1813 513/726/513 512/726/512 1820/801/1820
f 1820/801/1820 512/726/512 20/726/20 245/808/245
f 1819/787/1819 1820/801/1820 245/808/245 244/787/244
f 1818/800/1818 1819/787/1819 244/787/244 243/785/243
f 1817/796/1817 1818/800/1818 243/785/243 242/809/242
f 1816/799/1816 1817/796/1817 242/809/242 241/781/241
f 1815/780/1815 1816/799/1816 241/781/241 240/780/240
f 1814/778/1814 1815/780/1815 240/780/240 239/803/239
f 526/804/526 1814/778/1814 239/803/239 17/804/17
f 527/804/527 1807/778/1807 1814/778/1814 526/804/526
f 528/802/528 1800/791/1800 1807/778/1807 527/804/527
f 529/804/529 1793/778/1793 1800/791/1800 528/802/528
f 530/802/530 1786/791/1786 1793/778/1793 529/804/529
f 531/804/531 1779/778/1779 1786/791/1786 530/802/530
f 532/804/532 1772/778/1772 1779/778/1779 531/804/531
f 1821/810/1821 1822/811/1822 1829/812/1829 1828/813/1828
f 1822/811/1822 1823/814/1823 1830/815/1830 1829/812/1829
f 1823/814/1823 1824/816/1824 1831/817/1831 1830/815/1830
f 1824/816/1824 1825/818/1825 1832/819/1832 1831/817/1831
f 1825/818/1825 1826/820/1826 1833/821/1833 1832/819/1832
f 1826/820/1826 1827/822/1827 1834/823/1834 1833/821/1833
f 1828/813/1828 1829/812/1829 1836/824/1836 1835/825/1835
f 1829/812/1829 1830/815/1830 1837/826/1837 1836/824/1836
f 1830/815/1830 1831/817/1831 1838/827/1838 1837/826/1837
f 1831/817/1831 1832/819/1832 1839/828/1839 1838/827/1838
f 1832/819/1832 1833/821/1833 1840/829/1840 1839/828/1839
f 1833/821/1833 1834/823/1834 1841/830/1841 1840/829/1840
f 1835/825/1835 1836/824/1836 1843/831/1843 1842/832/1842
f 1836/824/1836 1837/826/1837 1844/833/1844 1843/831/1843
f 1837/826/1837 1838/827/1838 1845/834/1845 1844/833/1844
f 1838/827/1838 1839/828/1839 1846/835/1846 1845/834/1845
f 1839/828/1839 1840/829/1840 1847/836/1847 1846/835/1846
f 1840/829/1840 1841/830/1841 1848/837/1848 1847/836/1847
f 1842/832/1842 1843/831/1843 1850/838/1850 1849/839/1849
f 1843/831/1843 1844/833/1844 1851/840/1851 1850/838/1850
f 1844/833/1844 1845/834/1845 1852/841/1852 1851/840/1851
f 1845/834/1845 1846/835/1846 1853/842/1853 1852/841/1852
f 1846/835/1846 1847/836/1847 1854/843/1854 1853/842/1853
f 1847/836/1847 1848/837/1848 1855/844/1855 1854/843/1854
f 1849/839/1849 1850/838/1850 1857/845/1857 1856/846/1856
f 1850/838/1850 1851/840/1851 1858/847/1858 1857/845/1857
f 1851/840/1851 1852/841/1852 1859/848/1859 1858/847/1858
f 1852/841/1852 1853/842/1853 1860/849/1860 1859/848/1859
f 1853/842/1853 1854/843/1854 1861/850/1861 1860/849/1860
f 1854/843/1854 1855/844/1855 1862/851/1862 1861/850/1861
f 1856/846/1856 1857/845/1857 1864/852/1864 1863/853/1863
f 1857/845/1857 1858/847/1858 1865/854/1865 1864/852/1864
f 1858/847/1858 1859/848/1859 1866/855/1866 1865/854/1865
f 1859/848/1859 1860/849/1860 1867/856/1867 1866/855/1866
f 1860/849/1860 1861/850/1861 1868/857/1868 1867/856/1867
f 1861/850/1861 1862/851/1862 1869/858/1869 1868/857/1868
f 16/859/16 253/860/253 1821/810/1821 287/861/287
f 253/860/253 254/862/254 1822/811/1822 1821/810/1821
f 254/862/254 255/863/255 1823/814/1823 1822/811/1822
f 255/863/255 256/864/256 1824/816/1824 1823/814/1823
f 256/864/256 257/865/257 1825/818/1825 1824/816/1824
f 257/865/257 258/866/258 1826/820/1826 1825/818/1825
f 258/866/258 259/867/259 1827/822/1827 1826/820/1826
f 259/867/259 15/868/15 288/869/288 1827/822/1827
f 1827/822/1827 288/869/288 289/870/289 1834/823/1834
f 1834/823/1834 289/870/289 290/871/290 1841/830/1841
f 1841/830/1841 290/871/290 291/872/291 1848/837/1848
f 1848/837/1848 291/872/291 292/873/292 1855/844/1855
f 1855/844/1855 292/873/292 293/874/293 1862/851/1862
f 1862/851/1862 293/874/293 294/875/294 1869/858/1869
f 1869/858/1869 294/875/294 18/876/18 231/877/231
f 1868/857/1868 1869/858/1869 231/877/231 230/878/230
f 1867/856/1867 1868/857/1868 230/878/230 229/879/229
f 1866/855/1866 1867/856/1867 229/879/229 228/880/228
f 1865/854/1865 1866/855/1866 228/880/228 227/881/227
f 1864/852/1864 1865/854/1865 227/881/227 226/882/226
f 1863/853/1863 1864/852/1864 226/882/226 225/883/225
f 281/884/281 1863/853/1863 225/883/225 17/885/17
f 282/886/282 1856/846/1856 1863/853/1863 281/884/281
f 283/887/283 1849/839/1849 1856/846/1856 282/886/282
f 284/888/284 1842/832/1842 1849/839/1849 283/887/283
f 285/889/285 1835/825/1835 1842/832/1842 284/888/284
f 286/890/286 1828/813/1828 1835/825/1835 285/889/285
f 287/861/287 1821/810/1821 1828/813/1828 286/890/286
f 1870/891/1870 1871/892/1871 1878/893/1878 1877/894/1877
f 1871/892/1871 1872/895/1872 1879/896/1879 1878/893/1878
f 1872/895/1872 1873/897/1873 1880/898/1880 1879/896/1879
f 1873/897/1873 1874/899/1874 1881/900/1881 1880/898/1880
f 1874/899/1874 1875/901/1875 1882/902/1882 1881/900/1881
f 1875/901/1875 1876/903/1876 1883/904/1883 1882/902/1882
f 1877/894/1877 1878/893/1878 1885/905/1885 1884/906/1884
f 1878/893/1878 1879/896/1879 1886/907/1886 1885/905/1885
f 1879/896/1879 1880/898/1880 1887/908/1887 1886/907/1886
f 1880/898/1880 1881/900/1881 1888/909/1888 1887/908/1887
f 1881/900/1881 1882/902/1882 1889/910/1889 1888/909/1888
f 1882/902/1882 1883/904/1883 1890/911/1890 1889/910/1889
f 1884/906/1884 1885/905/1885 1892/912/1892 1891/913/1891
f 1885/905/1885 1886/907/1886 1893/914/1893 1892/912/1892
f 1886/907/1886 1887/908/1887 1894/915/1894 1893/914/1893
f 1887/908/1887 1888/909/1888 1895/916/1895 1894/915/1894
f 1888/909/1888 1889/910/1889 1896/917/1896 1895/916/1895
f 1889/910/1889 1890/911/1890 1897/918/1897 1896/917/1896
f 1891/913/1891 1892/912/1892 1899/919/1899 1898/920/1898
f 1892/912/1892 1893/914/1893 1900/921/1900 1899/919/1899
f 1893/914/1893 1894/915/1894 1901/922/1901 1900/921/1900
f 1894/915/1894 1895/916/1895 1902/923/1902 1901/922/1901
f 1895/916/1895 1896/917/1896 1903/924/1903 1902/923/1902
f 1896/917/1896 1897/918/1897 1904/925/1904 1903/924/1903
f 1898/920/1898 1899/919/1899 1906/926/1906 1905/927/1905
f 1899/919/1899 1900/921/1900 1907/928/1907 1906/926/1906
f 1900/921/1900 1901/922/1901 1908/929/1908 1907/928/1907
f 1901/922/1901 1902/923/1902 1909/930/1909 1908/929/1908
f 1902/923/1902 1903/924/1903 1910/931/1910 1909/930/1909
f 1903/924/1903 1904/925/1904 1911/932/1911 1910/931/1910
f 1905/927/1905 1906/926/1906 1913/933/1913 1912/934/1912
f 1906/926/1906 1907/928/1907 1914/935/1914 1913/933/1913
f 1907/928/1907 1908/929/1908 1915/936/1915 1914/935/1914
f 1908/929/1908 1909/930/1909 1916/937/1916 1915/936/1915
f 1909/930/1909 1910/931/1910 1917/938/1917 1916/937/1916
f 1910/931/1910 1911/932/1911 1918/939/1918 1917/938/1917
f 15/868/15 266/940/266 1870/891/1870 288/869/288
f 266/940/266 265/941/265 1871/892/1871 1870/891/1870
f 265/941/265 264/942/264 1872/895/1872 1871/892/1871
f 264/942/264 263/943/263 1873/897/1873 1872/895/1872
f 263/943/263 262/944/262 1874/899/1874 1873/897/1873
f 262/944/262 261/945/261 1875/901/1875 1874/899/1874
f 261/945/261 260/946/260 1876/903/1876 1875/901/1875
f 260/946/260 13/131/13 295/947/295 1876/903/1876
f 1876/903/1876 295/947/295 296/948/296 1883/904/1883
f 1883/904/1883 296/948/296 297/949/297 1890/911/1890
f 1890/911/1890 297/949/297 298/950/298 1897/918/1897
f 1897/918/1897 298/950/298 299/951/299 1904/925/1904
f 1904/925/1904 299/951/299 300/952/300 1911/932/1911
f 1911/932/1911 300/952/300 301/953/301 1918/939/1918
f 1918/939/1918 301/953/301 19/735/19 232/954/232
f 1917/938/1917 1918/939/1918 232/954/232 233/955/233
f 1916/937/1916 1917/938/1917 233/955/233 234/956/234
f 1915/936/1915 1916/937/1916 234/956/234 235/770/235
f 1914/935/1914 1915/936/1915 235/770/235 236/751/236
f 1913/933/1913 1914/935/1914 236/751/236 237/771/237
f 1912/934/1912 1913/933/1913 237/771/237 238/756/238
f 294/875/294 1912/934/1912 238/756/238 18/876/18
f 293/874/293 1905/927/1905 1912/934/1912 294/875/294
f 292/873/292 1898/920/1898 1905/927/1905 293/874/293
f 291/872/291 1891/913/1891 1898/920/1898 292/873/292
f 290/871/290 1884/906/1884 1891/913/1891 291/872/291
f 289/870/289 1877/894/1877 1884/906/1884 290/871/290
f 288/869/288 1870/891/1870 1877/894/1877 289/870/289
f 1919/957/1919 1920/958/1920 1927/959/1927 1926/960/1926
f 1920/958/1920 1921/961/1921 1928/962/1928 1927/959/1927
f 1921/961/1921 1922/963/1922 1929/964/1929 1928/962/1928
f 1922/963/1922 1923/965/1923 1930/966/1930 1929/964/1929
f 1923/965/1923 1924/967/1924 1931/968/1931 1930/966/1930
f 1924/967/1924 1925/969/1925 1932/970/1932 1931/968/1931
f 1926/960/1926 1927/959/1927 1934/971/1934 1933/972/1933
f 1927/959/1927 1928/962/1928 1935/973/1935 1934/971/1934
f 1928/962/1928 1929/964/1929 1936/974/1936 1935/973/1935
f 1929/964/1929 1930/966/1930 1937/975/1937 1936/974/1936
f 1930/966/1930 1931/968/1931 1938/976/1938 1937/975/1937
f 1931/968/1931 1932/970/1932 1939/977/1939 1938/976/1938
f 1933/972/1933 1934/971/1934 1941/978/1941 1940/979/1940
f 1934/971/1934 1935/973/1935 1942/980/1942 1941/978/1941
f 1935/973/1935 1936/974/1936 1943/981/1943 1942/980/1942
f 1936/974/1936 1937/975/1937 1944/982/1944 1943/981/1943
f 1937/975/1937 1938/976/1938 1945/983/1945 1944/982/1944
f 1938/976/1938 1939/977/1939 1946/984/1946 1945/983/1945
f 1940/979/1940 1941/978/1941 1948/985/1948 1947/986/1947
f 1941/978/1941 1942/980/1942 1949/987/1949 1948/985/1948
f 1942/980/1942 1943/981/1943 1950/988/1950 1949/987/1949
f 1943/981/1943 1944/982/1944 1951/989/1951 1950/988/1950
f 1944/982/1944 1945/983/1945 1952/990/1952 1951/989/1951
f 1945/983/1945 1946/984/1946 1953/991/1953 1952/990/1952
f 1947/986/1947 1948/985/1948 1955/992/1955 1954/993/1954
f 1948/985/1948 1949/987/1949 1956/994/1956 1955/992/1955
f 1949/987/1949 1950/988/1950 1957/995/1957 1956/994/1956
f 1950/988/1950 1951/989/1951 1958/996/1958 1957/995/1957
f 1951/989/1951 1952/990/1952 1959/997/1959 1958/996/1958
f 1952/990/1952 1953/991/1953 1960/998/1960 1959/997/1959
f 1954/993/1954 1955/992/1955 1962/999/1962 1961/1000/1961
f 1955/992/1955 1956/994/1956 1963/1001/1963 1962/999/1962
f 1956/994/1956 1957/995/1957 1964/1002/1964 1963/1001/1963
f 1957/995/1957 1958/996/1958 1965/1003/1965 1964/1002/1964
f 1958/996/1958 1959/997/1959 1966/1004/1966 1965/1003/1965
f 1959/997/1959 1960/998/1960 1967/1005/1967 1966/1004/1966
f 14/1006/14 273/1007/273 1919/957/1919 308/1008/308
f 273/1007/273 272/1009/272 1920/958/1920 1919/957/1919
f 272/1009/272 271/1010/271 1921/961/1921 1920/958/1920
f 271/1010/271 270/1011/270 1922/963/1922 1921/961/1921
f 270/1011/270 269/1012/269 1923/965/1923 1922/963/1922
f 269/1012/269 268/1013/268 1924/967/1924 1923/965/1923
f 268/1013/268 267/1014/267 1925/969/1925 1924/967/1924
f 267/1014/267 16/859/16 287/861/287 1925/969/1925
f 1925/969/1925 287/861/287 286/890/286 1932/970/1932
f 1932/970/1932 286/890/286 285/889/285 1939/977/1939
f 1939/977/1939 285/889/285 284/888/284 1946/984/1946
f 1946/984/1946 284/888/284 283/887/283 1953/991/1953
f 1953/991/1953 283/887/283 282/886/282 1960/998/1960
f 1960/998/1960 282/886/282 281/884/281 1967/1005/1967
f 1967/1005/1967 281/884/281 17/885/17 239/778/239
f 1966/1004/1966 1967/1005/1967 239/778/239 240/1015/240
f 1965/1003/1965 1966/1004/1966 240/1015/240 241/782/241
f 1964/1002/1964 1965/1003/1965 241/782/241 242/809/242
f 1963/1001/1963 1964/1002/1964 242/809/242 243/800/243
f 1962/999/1962 1963/1001/1963 243/800/243 244/787/244
f 1961/1000/1961 1962/999/1962 244/787/244 245/789/245
f 302/1016/302 1961/1000/1961 245/789/245 20/724/20
f 303/1017/303 1954/993/1954 1961/1000/1961 302/1016/302
f 304/1018/304 1947/986/1947 1954/993/1954 303/1017/303
f 305/1019/305 1940/979/1940 1947/986/1947 304/1018/304
f 306/1020/306 1933/972/1933 1940/979/1940 305/1019/305
f 307/1021/307 1926/960/1926 1933/972/1933 306/1020/306
f 308/1008/308 1919/957/1919 1926/960/1926 307/1021/307
f 1968/1022/1968 1969/1023/1969 1976/1024/1976 1975/1025/1975
f 1969/1023/1969 1970/1026/1970 1977/1027/1977 1976/1024/1976
f 1970/1026/1970 1971/1028/1971 1978/1029/1978 1977/1027/1977
f 1971/1028/1971 1972/1030/1972 1979/1031/1979 1978/1029/1978
f 1972/1030/1972 1973/1032/1973 1980/1033/1980 1979/1031/1979
f 1973/1032/1973 1974/1034/1974 1981/1035/1981 1980/1033/1980
f 1975/1025/1975 1976/1024/1976 1983/1036/1983 1982/1037/1982
f 1976/1024/1976 1977/1027/1977 1984/1038/1984 1983/1036/1983
f 1977/1027/1977 1978/1029/1978 1985/1039/1985 1984/1038/1984
f 1978/1029/1978 1979/1031/1979 1986/1040/1986 1985/1039/1985
f 1979/1031/1979 1980/1033/1980 1987/1041/1987 1986/1040/1986
f 1980/1033/1980 1981/1035/1981 1988/1042/1988 1987/1041/1987
f 1982/1037/1982 1983/1036/1983 1990/1043/1990 1989/1044/1989
f 1983/1036/1983 1984/1038/1984 1991/1045/1991 1990/1043/1990
f 1984/1038/1984 1985/1039/1985 1992/1046/1992 1991/1045/1991
f 1985/1039/1985 1986/1040/1986 1993/1047/1993 1992/1046/1992
f 1986/1040/1986 1987/1041/1987 1994/1048/1994 1993/1047/1993
f 1987/1041/1987 1988/1042/1988 1995/1049/1995 1994/1048/1994
f 1989/1044/1989 1990/1043/1990 1997/1050/1997 1996/1051/1996
f 1990/1043/1990 1991/1045/1991 1998/1052/1998 1997/1050/1997
f 1991/1045/1991 1992/1046/1992 1999/1053/1999 1998/1052/1998
f 1992/1046/1992 1993/1047/1993 2000/1054/2000 1999/1053/1999
f 1993/1047/1993 1994/1048/1994 2001/1055/2001 2000/1054/2000
f 1994/1048/1994 1995/1049/1995 2002/1056/2002 2001/1055/2001
f 1996/1051/1996 1997/1050/1997 2004/1057/2004 2003/1058/2003
f 1997/1050/1997 1998/1052/1998 2005/1059/2005 2004/1057/2004
f 1998/1052/1998 1999/1053/1999 2006/1060/2006 2005/1059/2005
f 1999/1053/1999 2000/1054/2000 2007/1061/2007 2006/1060/2006
f 2000/1054/2000 2001/1055/2001 2008/1062/2008 2007/1061/2007
f 2001/1055/2001 2002/1056/2002 2009/1063/2009 2008/1062/2008
f 2003/1058/2003 2004/1057/2004 2011/1064/2011 2010/1065/2010
f 2004/1057/2004 2005/1059/2005 2012/1066/2012 2011/1064/2011
f 2005/1059/2005 2006/1060/2006 2013/1067/2013 2012/1066/2012
f 2006/1060/2006 2007/1061/2007 2014/1068/2014 2013/1067/2013
f 2007/1061/2007 2008/1062/2008 2015/1069/2015 2014/1068/2014
f 2008/1062/2008 2009/1063/2009 2016/1070/2016 2015/1069/2015
f 13/131/13 280/1071/280 1968/1022/1968 295/947/295
f 280/1071/280 279/1072/279 1969/1023/1969 1968/1022/1968
f 279/1072/279 278/1073/278 1970/1026/1970 1969/1023/1969
f 278/1073/278 277/1074/277 1971/1028/1971 1970/1026/1970
f 277/1074/277 276/1075/276 1972/1030/1972 1971/1028/1971
f 276/1075/276 275/1076/275 1973/1032/1973 1972/1030/1972
f 275/1076/275 274/1077/274 1974/1034/1974 1973/1032/1973
f 274/1077/274 14/1006/14 308/1008/308 1974/1034/1974
f 1974/1034/1974 308/1008/308 307/1021/307 1981/1035/1981
f 1981/1035/1981 307/1021/307 306/1020/306 1988/1042/1988
f 1988/1042/1988 306/1020/306 305/1019/305 1995/1049/1995
f 1995/1049/1995 305/1019/305 304/1018/304 2002/1056/2002
f 2002/1056/2002 304/1018/304 303/1017/303 2009/1063/2009
f 2009/1063/2009 303/1017/303 302/1016/302 2016/1070/2016
f 2016/1070/2016 302/1016/302 20/724/20 246/742/246
f 2015/1069/2015 2016/1070/2016 246/742/246 247/1078/247
f 2014/1068/2014 2015/1069/2015 247/1078/247 248/1079/248
f 2013/1067/2013 2014/1068/2014 248/1079/248 249/1080/249
f 2012/1066/2012 2013/1067/2013 249/1080/249 250/1081/250
f 2011/1064/2011 2012/1066/2012 250/1081/250 251/1082/251
f 2010/1065/2010 2011/1064/2011 251/1082/251 252/1083/252
f 301/953/301 2010/1065/2010 252/1083/252 19/735/19
f 300/952/300 2003/1058/2003 2010/1065/2010 301/953/301
f 299/951/299 1996/1051/1996 2003/1058/2003 300/952/300
f 298/950/298 1989/1044/1989 1996/1051/1996 299/951/299
f 297/949/297 1982/1037/1982 1989/1044/1989 298/950/298
f 296/948/296 1975/1025/1975 1982/1037/1982 297/949/297
f 295/947/295 1968/1022/1968 1975/1025/1975 296/948/296
f 2017/1084/2017 2018/1085/2018 2025/1086/2025 2024/1087/2024
f 2018/1085/2018 2019/1088/2019 2026/1089/2026 2025/1086/2025
f 2019/1088/2019 2020/1090/2020 2027/1091/2027 2026/1089/2026
f 2020/1090/2020 2021/1092/2021 2028/1093/2028 2027/1091/2027
f 2021/1092/2021 2022/1094/2022 2029/1095/2029 2028/1093/2028
f 2022/1094/2022 2023/1096/2023 2030/1097/2030 2029/1095/2029
f 2024/1087/2024 2025/1086/2025 2032/1098/2032 2031/1099/2031
f 2025/1086/2025 2026/1089/2026 2033/1100/2033 2032/1098/2032
f 2026/1089/2026 2027/1091/2027 2034/1101/2034 2033/1100/2033
f 2027/1091/2027 2028/1093/2028 2035/1102/2035 2034/1101/2034
f 2028/1093/2028 2029/1095/2029 2036/1103/2036 2035/1102/2035
f 2029/1095/2029 2030/1097/2030 2037/1104/2037 2036/1103/2036
f 2031/1099/2031 2032/1098/2032 2039/1105/2039 2038/1106/2038
f 2032/1098/2032 2033/1100/2033 2040/1107/2040 2039/1105/2039
f 2033/1100/2033 2034/1101/2034 2041/1108/2041 2040/1107/2040
f 2034/1101/2034 2035/1102/2035 2042/1109/2042 2041/1108/2041
f 2035/1102/2035 2036/1103/2036 2043/1110/2043 2042/1109/2042
f 2036/1103/2036 2037/1104/2037 2044/1111/2044 2043/1110/2043
f 2038/1106/2038 2039/1105/2039 2046/1112/2046 2045/1113/2045
f 2039/1105/2039 2040/1107/2040 2047/1114/2047 2046/1112/2046
f 2040/1107/2040 2041/1108/2041 2048/1115/2048 2047/1114/2047
f 2041/1108/2041 2042/1109/2042 2049/1116/2049 2048/1115/2048
f 2042/1109/2042 2043/1110/2043 2050/1117/2050 2049/1116/2049
f 2043/1110/2043 2044/1111/2044 2051/1118/2051 2050/1117/2050
f 2045/1113/2045 2046/1112/2046 2053/1119/2053 2052/1120/2052
f 2046/1112/2046 2047/1114/2047 2054/1121/2054 2053/1119/2053
f 2047/1114/2047 2048/1115/2048 2055/1122/2055 2054/1121/2054
f 2048/1115/2048 2049/1116/2049 2056/1123/2056 2055/1122/2055
f 2049/1116/2049 2050/1117/2050 2057/1124/2057 2056/1123/2056
f 2050/1117/2050 2051/1118/2051 2058/1125/2058 2057/1124/2057
f 2052/1120/2052 2053/1119/2053 2060/1126/2060 2059/1127/2059
f 2053/1119/2053 2054/1121/2054 2061/1128/2061 2060/1126/2060
f 2054/1121/2054 2055/1122/2055 2062/1129/2062 2061/1128/2061
f 2055/1122/2055 2056/1123/2056 2063/1130/2063 2062/1129/2062
f 2056/1123/2056 2057/1124/2057 2064/1131/2064 2063/1130/2063
f 2057/1124/2057 2058/1125/2058 2065/1132/2065 2064/1131/2064
f 35/1133/35 539/1134/539 2017/1084/2017 435/773/435
f 539/1134/539 538/1135/538 2018/1085/2018 2017/1084/2017
f 538/1135/538 537/1136/537 2019/1088/2019 2018/1085/2018
f 537/1136/537 536/1137/536 2020/1090/2020 2019/1088/2019
f 536/1137/536 535/1138/535 2021/1092/2021 2020/1090/2020
f 535/1138/535 534/1139/534 2022/1094/2022 2021/1092/2021
f 534/1139/534 533/1140/533 2023/1096/2023 2022/1094/2022
f 533/1140/533 36/1141/36 532/804/532 2023/1096/2023
f 2023/1096/2023 532/804/532 531/804/531 2030/1097/2030
f 2030/1097/2030 531/804/531 530/802/530 2037/1104/2037
f 2037/1104/2037 530/802/530 529/804/529 2044/1111/2044
f 2044/1111/2044 529/804/529 528/802/528 2051/1118/2051
f 2051/1118/2051 528/802/528 527/804/527 2058/1125/2058
f 2058/1125/2058 527/804/527 526/804/526 2065/1132/2065
f 2065/1132/2065 526/804/526 17/885/17 225/1142/225
f 2064/1131/2064 2065/1132/2065 225/1142/225 226/1143/226
f 2063/1130/2063 2064/1131/2064 226/1143/226 227/1144/227
f 2062/1129/2062 2063/1130/2063 227/1144/227 228/1145/228
f 2061/1128/2061 2062/1129/2062 228/1145/228 229/879/229
f 2060/1126/2060 2061/1128/2061 229/879/229 230/878/230
f 2059/1127/2059 2060/1126/2060 230/878/230 231/1146/231
f 441/1147/441 2059/1127/2059 231/1146/231 18/876/18
f 440/773/440 2052/1120/2052 2059/1127/2059 441/1147/441
f 439/773/439 2045/1113/2045 2052/1120/2052 440/773/440
f 438/773/438 2038/1106/2038 2045/1113/2045 439/773/439
f 437/773/437 2031/1099/2031 2038/1106/2038 438/773/438
f 436/773/436 2024/1087/2024 2031/1099/2031 437/773/437
f 435/773/435 2017/1084/2017 2024/1087/2024 436/773/436
f 2066/1148/2066 2067/1149/2067 2074/1150/2074 2073/1151/2073
f 2067/1149/2067 2068/1152/2068 2075/1153/2075 2074/1150/2074
f 2068/1152/2068 2069/1154/2069 2076/1155/2076 2075/1153/2075
f 2069/1154/2069 2070/1156/2070 2077/1157/2077 2076/1155/2076
f 2070/1156/2070 2071/1158/2071 2078/1159/2078 2077/1157/2077
f 2071/1158/2071 2072/1160/2072 2079/1160/2079 2078/1159/2078
f 2073/1151/2073 2074/1150/2074 2081/1161/2081 2080/1162/2080
f 2074/1150/2074 2075/1153/2075 2082/1163/2082 2081/1161/2081
f 2075/1153/2075 2076/1155/2076 2083/1164/2083 2082/1163/2082
f 2076/1155/2076 2077/1157/2077 2084/1157/2084 2083/1164/2083
f 2077/1157/2077 2078/1159/2078 2085/1165/2085 2084/1157/2084
f 2078/1159/2078 2079/1160/2079 2086/1166/2086 2085/1165/2085
f 2080/1162/2080 2081/1161/2081 2088/1167/2088 2087/1168/2087
f 2081/1161/2081 2082/1163/2082 2089/1153/2089 2088/1167/2088
f 2082/1163/2082 2083/1164/2083 2090/1155/2090 2089/1153/2089
f 2083/1164/2083 2084/1157/2084 2091/1169/2091 2090/1155/2090
f 2084/1157/2084 2085/1165/2085 2092/1170/2092 2091/1169/2091
f 2085/1165/2085 2086/1166/2086 2093/1171/2093 2092/1170/2092
f 2087/1168/2087 2088/1167/2088 2095/1161/2095 2094/1162/2094
f 2088/1167/2088 2089/1153/2089 2096/1163/2096 2095/1161/2095
f 2089/1153/2089 2090/1155/2090 2097/1172/2097 2096/1163/2096
f 2090/1155/2090 2091/1169/2091 2098/1157/2098 2097/1172/2097
f 2091/1169/2091 2092/1170/2092 2099/1165/2099 2098/1157/2098
f 2092/1170/2092 2093/1171/2093 2100/1173/2100 2099/1165/2099
f 2094/1162/2094 2095/1161/2095 2102/1150/2102 2101/1174/2101
f 2095/1161/2095 2096/1163/2096 2103/1153/2103 2102/1150/2102
f 2096/1163/2096 2097/1172/2097 2104/1155/2104 2103/1153/2103
f 2097/1172/2097 2098/1157/2098 2105/1175/2105 2104/1155/2104
f 2098/1157/2098 2099/1165/2099 2106/1170/2106 2105/1175/2105
f 2099/1165/2099 2100/1173/2100 2107/1160/2107 2106/1170/2106
f 2101/1174/2101 2102/1150/2102 2109/1176/2109 2108/1148/2108
f 2102/1150/2102 2103/1153/2103 2110/1177/2110 2109/1176/2109
f 2103/1153/2103 2104/1155/2104 2111/1178/2111 2110/1177/2110
f 2104/1155/2104 2105/1175/2105 2112/1179/2112 2111/1178/2111
f 2105/1175/2105 2106/1170/2106 2113/1180/2113 2112/1179/2112
f 2106/1170/2106 2107/1160/2107 2114/1181/2114 2113/1180/2113
f 38/1182/38 609/1162/609 2066/1148/2066 574/1182/574
f 609/1162/609 608/1176/608 2067/1149/2067 2066/1148/2066
f 608/1176/608 607/1153/607 2068/1152/2068 2067/1149/2067
f 607/1153/607 606/1178/606 2069/1154/2069 2068/1152/2068
f 606/1178/606 605/1157/605 2070/1156/2070 2069/1154/2069
f 605/1157/605 604/1183/604 2071/1158/2071 2070/1156/2070
f 604/1183/604 603/1171/603 2072/1160/2072 2071/1158/2071
f 603/1171/603 37/1006/37 449/1184/449 2072/1160/2072
f 2072/1160/2072 449/1184/449 450/1185/450 2079/1160/2079
f 2079/1160/2079 450/1185/450 451/1185/451 2086/1166/2086
f 2086/1166/2086 451/1185/451 452/1184/452 2093/1171/2093
f 2093/1171/2093 452/1184/452 453/1184/453 2100/1173/2100
f 2100/1173/2100 453/1184/453 454/1186/454 2107/1160/2107
f 2107/1160/2107 454/1186/454 455/1186/455 2114/1181/2114
f 2114/1181/2114 455/1186/455 28/1184/28 329/1187/329
f 2113/1180/2113 2114/1181/2114 329/1187/329 328/1188/328
f 2112/1179/2112 2113/1180/2113 328/1188/328 327/1175/327
f 2111/1178/2111 2112/1179/2112 327/1175/327 326/1154/326
f 2110/1177/2110 2111/1178/2111 326/1154/326 325/1163/325
f 2109/1176/2109 2110/1177/2110 325/1163/325 324/1176/324
f 2108/1148/2108 2109/1176/2109 324/1176/324 323/1168/323
f 568/1189/568 2108/1148/2108 323/1168/323 25/1189/25
f 569/1189/569 2101/1174/2101 2108/1148/2108 568/1189/568
f 570/1182/570 2094/1162/2094 2101/1174/2101 569/1189/569
f 571/1182/571 2087/1168/2087 2094/1162/2094 570/1182/570
f 572/1182/572 2080/1162/2080 2087/1168/2087 571/1182/571
f 573/1182/573 2073/1151/2073 2080/1162/2080 572/1182/572
f 574/1182/574 2066/1148/2066 2073/1151/2073 573/1182/573
f 2115/1190/2115 2116/1191/2116 2123/1192/2123 2122/1193/2122
f 2116/1191/2116 2117/1194/2117 2124/1195/2124 2123/1192/2123
f 2117/1194/2117 2118/1196/2118 2125/1197/2125 2124/1195/2124
f 2118/1196/2118 2119/1198/2119 2126/1199/2126 2125/1197/2125
f 2119/1198/2119 2120/1200/2120 2127/1201/2127 2126/1199/2126
f 2120/1200/2120 2121/1202/2121 2128/1203/2128 2127/1201/2127
f 2122/1193/2122 2123/1192/2123 2130/1204/2130 2129/1205/2129
f 2123/1192/2123 2124/1195/2124 2131/1206/2131 2130/1204/2130
f 2124/1195/2124 2125/1197/2125 2132/1207/2132 2131/1206/2131
f 2125/1197/2125 2126/1199/2126 2133/1208/2133 2132/1207/2132
f 2126/1199/2126 2127/1201/2127 2134/1209/2134 2133/1208/2133
f 2127/1201/2127 2128/1203/2128 2135/1210/2135 2134/1209/2134
f 2129/1205/2129 2130/1204/2130 2137/1211/2137 2136/1212/2136
f 2130/1204/2130 2131/1206/2131 2138/1213/2138 2137/1211/2137
f 2131/1206/2131 2132/1207/2132 2139/1214/2139 2138/1213/2138
f 2132/1207/2132 2133/1208/2133 2140/1215/2140 2139/1214/2139
f 2133/1208/2133 2134/1209/2134 2141/1216/2141 2140/1215/2140
f 2134/1209/2134 2135/1210/2135 2142/1217/2142 2141/1216/2141
f 2136/1212/2136 2137/1211/2137 2144/1218/2144 2143/1219/2143
f 2137/1211/2137 2138/1213/2138 2145/1220/2145 2144/1218/2144
f 2138/1213/2138 2139/1214/2139 2146/1221/2146 2145/1220/2145
f 2139/1214/2139 2140/1215/2140 2147/1222/2147 2146/1221/2146
f 2140/1215/2140 2141/1216/2141 2148/1223/2148 2147/1222/2147
f 2141/1216/2141 2142/1217/2142 2149/1224/2149 2148/1223/2148
f 2143/1219/2143 2144/1218/2144 2151/1225/2151 2150/1226/2150
f 2144/1218/2144 2145/1220/2145 2152/1227/2152 2151/1225/2151
f 2145/1220/2145 2146/1221/2146 2153/1228/2153 2152/1227/2152
f 2146/1221/2146 2147/1222/2147 2154/1229/2154 2153/1228/2153
f 2147/1222/2147 2148/1223/2148 2155/1230/2155 2154/1229/2154
f 2148/1223/2148 2149/1224/2149 2156/1231/2156 2155/1230/2155
f 2150/1226/2150 2151/1225/2151 2158/1232/2158 2157/1233/2157
f 2151/1225/2151 2152/1227/2152 2159/1234/2159 2158/1232/2158
f 2152/1227/2152 2153/1228/2153 2160/1235/2160 2159/1234/2159
f 2153/1228/2153 2154/1229/2154 2161/1236/2161 2160/1235/2160
f 2154/1229/2154 2155/1230/2155 2162/1237/2162 2161/1236/2161
f 2155/1230/2155 2156/1231/2156 2163/1238/2163 2162/1237/2162
f 39/140/39 602/1239/602 2115/1190/2115 581/141/581
f 602/1239/602 601/1240/601 2116/1191/2116 2115/1190/2115
f 601/1240/601 600/1241/600 2117/1194/2117 2116/1191/2116
f 600/1241/600 599/1242/599 2118/1196/2118 2117/1194/2117
f 599/1242/599 598/1243/598 2119/1198/2119 2118/1196/2118
f 598/1243/598 597/1244/597 2120/1200/2120 2119/1198/2119
f 597/1244/597 596/1245/596 2121/1202/2121 2120/1200/2120
f 596/1245/596 38/1246/38 574/1182/574 2121/1202/2121
f 2121/1202/2121 574/1182/574 573/1182/573 2128/1203/2128
f 2128/1203/2128 573/1182/573 572/1182/572 2135/1210/2135
f 2135/1210/2135 572/1182/572 571/1182/571 2142/1217/2142
f 2142/1217/2142 571/1182/571 570/1182/570 2149/1224/2149
f 2149/1224/2149 570/1182/570 569/1189/569 2156/1231/2156
f 2156/1231/2156 569/1189/569 568/1247/568 2163/1238/2163
f 2163/1238/2163 568/1247/568 25/1247/25 309/1248/309
f 2162/1237/2162 2163/1238/2163 309/1248/309 310/1249/310
f 2161/1236/2161 2162/1237/2162 310/1249/310 311/1250/311
f 2160/1235/2160 2161/1236/2161 311/1250/311 312/1251/312
f 2159/1234/2159 2160/1235/2160 312/1251/312 313/1252/313
f 2158/1232/2158 2159/1234/2159 313/1252/313 314/1253/314
f 2157/1233/2157 2158/1232/2158 314/1253/314 315/1254/315
f 575/147/575 2157/1233/2157 315/1254/315 26/148/26
f 576/146/576 2150/1226/2150 2157/1233/2157 575/147/575
f 577/145/577 2143/1219/2143 2150/1226/2150 576/146/576
f 578/144/578 2136/1212/2136 2143/1219/2143 577/145/577
f 579/143/579 2129/1205/2129 2136/1212/2136 578/144/578
f 580/142/580 2122/1193/2122 2129/1205/2129 579/143/579
f 581/141/581 2115/1190/2115 2122/1193/2122 580/142/580
f 2164/1255/2164 2165/1256/2165 2172/1257/2172 2171/1258/2171
f 2165/1256/2165 2166/1259/2166 2173/1260/2173 2172/1257/2172
f 2166/1259/2166 2167/1261/2167 2174/1262/2174 2173/1260/2173
f 2167/1261/2167 2168/1263/2168 2175/1264/2175 2174/1262/2174
f 2168/1263/2168 2169/1265/2169 2176/1266/2176 2175/1264/2175
f 2169/1265/2169 2170/1267/2170 2177/1268/2177 2176/1266/2176
f 2171/1258/2171 2172/1257/2172 2179/1269/2179 2178/1270/2178
f 2172/1257/2172 2173/1260/2173 2180/1271/2180 2179/1269/2179
f 2173/1260/2173 2174/1262/2174 2181/1272/2181 2180/1271/2180
f 2174/1262/2174 2175/1264/2175 2182/1273/2182 2181/1272/2181
f 2175/1264/2175 2176/1266/2176 2183/1274/2183 2182/1273/2182
f 2176/1266/2176 2177/1268/2177 2184/1275/2184 2183/1274/2183
f 2178/1270/2178 2179/1269/2179 2186/1276/2186 2185/1277/2185
f 2179/1269/2179 2180/1271/2180 2187/1278/2187 2186/1276/2186
f 2180/1271/2180 2181/1272/2181 2188/1279/2188 2187/1278/2187
f 2181/1272/2181 2182/1273/2182 2189/1280/2189 2188/1279/2188
f 2182/1273/2182 2183/1274/2183 2190/1281/2190 2189/1280/2189
f 2183/1274/2183 2184/1275/2184 2191/1282/2191 2190/1281/2190
f 2185/1277/2185 2186/1276/2186 2193/1283/2193 2192/1284/2192
f 2186/1276/2186 2187/1278/2187 2194/1285/2194 2193/1283/2193
f 2187/1278/2187 2188/1279/2188 2195/1286/2195 2194/1285/2194
f 2188/1279/2188 2189/1280/2189 2196/1287/2196 2195/1286/2195
f 2189/1280/2189 2190/1281/2190 2197/1288/2197 2196/1287/2196
f 2190/1281/2190 2191/1282/2191 2198/1289/2198 2197/1288/2197
f 2192/1284/2192 2193/1283/2193 2200/1290/2200 2199/1291/2199
f 2193/1283/2193 2194/1285/2194 2201/1292/2201 2200/1290/2200
f 2194/1285/2194 2195/1286/2195 2202/1293/2202 2201/1292/2201
f 2195/1286/2195 2196/1287/2196 2203/1294/2203 2202/1293/2202
f 2196/1287/2196 2197/1288/2197 2204/1295/2204 2203/1294/2203
f 2197/1288/2197 2198/1289/2198 2205/1296/2205 2204/1295/2204
f 2199/1291/2199 2200/1290/2200 2207/1297/2207 2206/1298/2206
f 2200/1290/2200 2201/1292/2201 2208/1299/2208 2207/1297/2207
f 2201/1292/2201 2202/1293/2202 2209/1300/2209 2208/1299/2208
f 2202/1293/2202 2203/1294/2203 2210/1301/2210 2209/1300/2209
f 2203/1294/2203 2204/1295/2204 2211/1302/2211 2210/1301/2210
f 2204/1295/2204 2205/1296/2205 2212/1303/2212 2211/1302/2211
f 37/1006/37 595/1304/595 2164/1255/2164 449/1184/449
f 595/1304/595 594/1305/594 2165/1256/2165 2164/1255/2164
f 594/1305/594 593/1075/593 2166/1259/2166 2165/1256/2165
f 593/1075/593 592/1074/592 2167/1261/2167 2166/1259/2166
f 592/1074/592 591/1073/591 2168/1263/2168 2167/1261/2167
f 591/1073/591 590/1072/590 2169/1265/2169 2168/1263/2168
f 590/1072/590 589/1306/589 2170/1267/2170 2169/1265/2169
f 589/1306/589 40/131/40 470/133/470 2170/1267/2170
f 2170/1267/2170 470/133/470 471/162/471 2177/1268/2177
f 2177/1268/2177 471/162/471 472/161/472 2184/1275/2184
f 2184/1275/2184 472/161/472 473/160/473 2191/1282/2191
f 2191/1282/2191 473/160/473 474/159/474 2198/1289/2198
f 2198/1289/2198 474/159/474 475/158/475 2205/1296/2205
f 2205/1296/2205 475/158/475 476/156/476 2212/1303/2212
f 2212/1303/2212 476/156/476 27/157/27 336/1307/336
f 2211/1302/2211 2212/1303/2212 336/1307/336 335/1308/335
f 2210/1301/2210 2211/1302/2211 335/1308/335 334/1309/334
f 2209/1300/2209 2210/1301/2210 334/1309/334 333/1310/333
f 2208/1299/2208 2209/1300/2209 333/1310/333 332/1311/332
f 2207/1297/2207 2208/1299/2208 332/1311/332 331/1312/331
f 2206/1298/2206 2207/1297/2207 331/1312/331 330/1313/330
f 455/1184/455 2206/1298/2206 330/1313/330 28/1006/28
f 454/1186/454 2199/1291/2199 2206/1298/2206 455/1184/455
f 453/1184/453 2192/1284/2192 2199/1291/2199 454/1186/454
f 452/1184/452 2185/1277/2185 2192/1284/2192 453/1184/453
f 451/1185/451 2178/1270/2178 2185/1277/2185 452/1184/452
f 450/1185/450 2171/1258/2171 2178/1270/2178 451/1185/451
f 449/1184/449 2164/1255/2164 2171/1258/2171 450/1185/450
f 2213/1314/2213 2214/1315/2214 2221/1316/2221 2220/1317/2220
f 2214/1315/2214 2215/1318/2215 2222/1319/2222 2221/1316/2221
f 2215/1318/2215 2216/1320/2216 2223/1321/2223 2222/1319/2222
f 2216/1320/2216 2217/1322/2217 2224/1323/2224 2223/1321/2223
f 2217/1322/2217 2218/1324/2218 2225/1325/2225 2224/1323/2224
f 2218/1324/2218 2219/1326/2219 2226/1327/2226 2225/1325/2225
f 2220/1317/2220 2221/1316/2221 2228/1328/2228 2227/1329/2227
f 2221/1316/2221 2222/1319/2222 2229/1330/2229 2228/1328/2228
f 2222/1319/2222 2223/1321/2223 2230/1331/2230 2229/1330/2229
f 2223/1321/2223 2224/1323/2224 2231/1332/2231 2230/1331/2230
f 2224/1323/2224 2225/1325/2225 2232/1333/2232 2231/1332/2231
f 2225/1325/2225 2226/1327/2226 2233/1334/2233 2232/1333/2232
f 2227/1329/2227 2228/1328/2228 2235/1335/2235 2234/1336/2234
f 2228/1328/2228 2229/1330/2229 2236/1337/2236 2235/1335/2235
f 2229/1330/2229 2230/1331/2230 2237/1338/2237 2236/1337/2236
f 2230/1331/2230 2231/1332/2231 2238/1339/2238 2237/1338/2237
f 2231/1332/2231 2232/1333/2232 2239/1340/2239 2238/1339/2238
f 2232/1333/2232 2233/1334/2233 2240/1341/2240 2239/1340/2239
f 2234/1336/2234 2235/1335/2235 2242/1342/2242 2241/1343/2241
f 2235/1335/2235 2236/1337/2236 2243/1344/2243 2242/1342/2242
f 2236/1337/2236 2237/1338/2237 2244/1345/2244 2243/1344/2243
f 2237/1338/2237 2238/1339/2238 2245/1346/2245 2244/1345/2244
f 2238/1339/2238 2239/1340/2239 2246/1347/2246 2245/1346/2245
f 2239/1340/2239 2240/1341/2240 2247/1348/2247 2246/1347/2246
f 2241/1343/2241 2242/1342/2242 2249/1349/2249 2248/1350/2248
f 2242/1342/2242 2243/1344/2243 2250/1351/2250 2249/1349/2249
f 2243/1344/2243 2244/1345/2244 2251/1352/2251 2250/1351/2250
f 2244/1345/2244 2245/1346/2245 2252/1353/2252 2251/1352/2251
f 2245/1346/2245 2246/1347/2246 2253/1354/2253 2252/1353/2252
f 2246/1347/2246 2247/1348/2247 2254/1355/2254 2253/1354/2253
f 2248/1350/2248 2249/1349/2249 2256/1356/2256 2255/1357/2255
f 2249/1349/2249 2250/1351/2250 2257/1358/2257 2256/1356/2256
f 2250/1351/2250 2251/1352/2251 2258/1359/2258 2257/1358/2257
f 2251/1352/2251 2252/1353/2252 2259/1360/2259 2258/1359/2258
f 2252/1353/2252 2253/1354/2253 2260/1361/2260 2259/1360/2259
f 2253/1354/2253 2254/1355/2254 2261/1362/2261 2260/1361/2260
f 24/1363/24 337/1364/337 2213/1314/2213 371/1365/371
f 337/1364/337 338/1366/338 2214/1315/2214 2213/1314/2213
f 338/1366/338 339/1367/339 2215/1318/2215 2214/1315/2214
f 339/1367/339 340/1368/340 2216/1320/2216 2215/1318/2215
f 340/1368/340 341/1369/341 2217/1322/2217 2216/1320/2216
f 341/1369/341 342/1370/342 2218/1324/2218 2217/1322/2217
f 342/1370/342 343/1371/343 2219/1326/2219 2218/1324/2218
f 343/1371/343 23/1372/23 372/1373/372 2219/1326/2219
f 2219/1326/2219 372/1373/372 373/1374/373 2226/1327/2226
f 2226/1327/2226 373/1374/373 374/1375/374 2233/1334/2233
f 2233/1334/2233 374/1375/374 375/1376/375 2240/1341/2240
f 2240/1341/2240 375/1376/375 376/1377/376 2247/1348/2247
f 2247/1348/2247 376/1377/376 377/1378/377 2254/1355/2254
f 2254/1355/2254 377/1378/377 378/1379/378 2261/1362/2261
f 2261/1362/2261 378/1379/378 26/1380/26 315/1381/315
f 2260/1361/2260 2261/1362/2261 315/1381/315 314/1253/314
f 2259/1360/2259 2260/1361/2260 314/1253/314 313/1382/313
f 2258/1359/2258 2259/1360/2259 313/1382/313 312/1251/312
f 2257/1358/2257 2258/1359/2258 312/1251/312 311/1383/311
f 2256/1356/2256 2257/1358/2257 311/1383/311 310/1384/310
f 2255/1357/2255 2256/1356/2256 310/1384/310 309/1385/309
f 365/1386/365 2255/1357/2255 309/1385/309 25/1247/25
f 366/1387/366 2248/1350/2248 2255/1357/2255 365/1386/365
f 367/1388/367 2241/1343/2241 2248/1350/2248 366/1387/366
f 368/1389/368 2234/1336/2234 2241/1343/2241 367/1388/367
f 369/1390/369 2227/1329/2227 2234/1336/2234 368/1389/368
f 370/1391/370 2220/1317/2220 2227/1329/2227 369/1390/369
f 371/1365/371 2213/1314/2213 2220/1317/2220 370/1391/370
f 2262/1392/2262 2263/1393/2263 2270/1394/2270 2269/1395/2269
f 2263/1393/2263 2264/1396/2264 2271/1397/2271 2270/1394/2270
f 2264/1396/2264 2265/1398/2265 2272/1399/2272 2271/1397/2271
f 2265/1398/2265 2266/1400/2266 2273/1401/2273 2272/1399/2272
f 2266/1400/2266 2267/1402/2267 2274/1403/2274 2273/1401/2273
f 2267/1402/2267 2268/1404/2268 2275/1405/2275 2274/1403/2274
f 2269/1395/2269 2270/1394/2270 2277/1406/2277 2276/1407/2276
f 2270/1394/2270 2271/1397/2271 2278/1408/2278 2277/1406/2277
f 2271/1397/2271 2272/1399/2272 2279/1409/2279 2278/1408/2278
f 2272/1399/2272 2273/1401/2273 2280/1410/2280 2279/1409/2279
f 2273/1401/2273 2274/1403/2274 2281/1411/2281 2280/1410/2280
f 2274/1403/2274 2275/1405/2275 2282/1412/2282 2281/1411/2281
f 2276/1407/2276 2277/1406/2277 2284/1413/2284 2283/1414/2283
f 2277/1406/2277 2278/1408/2278 2285/1415/2285 2284/1413/2284
f 2278/1408/2278 2279/1409/2279 2286/1416/2286 2285/1415/2285
f 2279/1409/2279 2280/1410/2280 2287/1417/2287 2286/1416/2286
f 2280/1410/2280 2281/1411/2281 2288/1418/2288 2287/1417/2287
f 2281/1411/2281 2282/1412/2282 2289/1419/2289 2288/1418/2288
f 2283/1414/2283 2284/1413/2284 2291/1420/2291 2290/1421/2290
f 2284/1413/2284 2285/1415/2285 2292/1422/2292 2291/1420/2291
f 2285/1415/2285 2286/1416/2286 2293/1423/2293 2292/1422/2292
f 2286/1416/2286 2287/1417/2287 2294/1424/2294 2293/1423/2293
f 2287/1417/2287 2288/1418/2288 2295/1425/2295 2294/1424/2294
f 2288/1418/2288 2289/1419/2289 2296/1426/2296 2295/1425/2295
f 2290/1421/2290 2291/1420/2291 2298/1427/2298 2297/1428/2297
f 2291/1420/2291 2292/1422/2292 2299/1429/2299 2298/1427/2298
f 2292/1422/2292 2293/1423/2293 2300/1430/2300 2299/1429/2299
f 2293/1423/2293 2294/1424/2294 2301/1431/2301 2300/1430/2300
f 2294/1424/2294 2295/1425/2295 2302/1432/2302 2301/1431/2301
f 2295/1425/2295 2296/1426/2296 2303/1433/2303 2302/1432/2302
f 2297/1428/2297 2298/1427/2298 2305/1434/2305 2304/1435/2304
f 2298/1427/2298 2299/1429/2299 2306/1436/2306 2305/1434/2305
f 2299/1429/2299 2300/1430/2300 2307/1437/2307 2306/1436/2306
f 2300/1430/2300 2301/1431/2301 2308/1438/2308 2307/1437/2307
f 2301/1431/2301 2302/1432/2302 2309/1439/2309 2308/1438/2308
f 2302/1432/2302 2303/1433/2303 2310/1440/2310 2309/1439/2309
f 23/1372/23 350/1441/350 2262/1392/2262 372/1373/372
f 350/1441/350 349/1442/349 2263/1393/2263 2262/1392/2262
f 349/1442/349 348/1443/348 2264/1396/2264 2263/1393/2263
f 348/1443/348 347/1444/347 2265/1398/2265 2264/1396/2264
f 347/1444/347 346/1445/346 2266/1400/2266 2265/1398/2265
f 346/1445/346 345/1446/345 2267/1402/2267 2266/1400/2266
f 345/1446/345 344/1447/344 2268/1404/2268 2267/1402/2267
f 344/1447/344 21/1448/21 379/1449/379 2268/1404/2268
f 2268/1404/2268 379/1449/379 380/1450/380 2275/1405/2275
f 2275/1405/2275 380/1450/380 381/1451/381 2282/1412/2282
f 2282/1412/2282 381/1451/381 382/1452/382 2289/1419/2289
f 2289/1419/2289 382/1452/382 383/1453/383 2296/1426/2296
f 2296/1426/2296 383/1453/383 384/1454/384 2303/1433/2303
f 2303/1433/2303 384/1454/384 385/1455/385 2310/1440/2310
f 2310/1440/2310 385/1455/385 27/1456/27 316/1457/316
f 2309/1439/2309 2310/1440/2310 316/1457/316 317/1458/317
f 2308/1438/2308 2309/1439/2309 317/1458/317 318/1459/318
f 2307/1437/2307 2308/1438/2308 318/1459/318 319/1460/319
f 2306/1436/2306 2307/1437/2307 319/1460/319 320/1461/320
f 2305/1434/2305 2306/1436/2306 320/1461/320 321/1462/321
f 2304/1435/2304 2305/1434/2305 321/1462/321 322/1463/322
f 378/1379/378 2304/1435/2304 322/1463/322 26/1380/26
f 377/1378/377 2297/1428/2297 2304/1435/2304 378/1379/378
f 376/1377/376 2290/1421/2290 2297/1428/2297 377/1378/377
f 375/1376/375 2283/1414/2283 2290/1421/2290 376/1377/376
f 374/1375/374 2276/1407/2276 2283/1414/2283 375/1376/375
f 373/1374/373 2269/1395/2269 2276/1407/2276 374/1375/374
f 372/1373/372 2262/1392/2262 2269/1395/2269 373/1374/373
f 2311/1464/2311 2312/1465/2312 2319/1466/2319 2318/1467/2318
f 2312/1465/2312 2313/1468/2313 2320/1469/2320 2319/1466/2319
f 2313/1468/2313 2314/1470/2314 2321/1471/2321 2320/1469/2320
f 2314/1470/2314 2315/1472/2315 2322/1473/2322 2321/1471/2321
f 2315/1472/2315 2316/1474/2316 2323/1475/2323 2322/1473/2322
f 2316/1474/2316 2317/1476/2317 2324/1477/2324 2323/1475/2323
f 2318/1467/2318 2319/1466/2319 2326/1478/2326 2325/1479/2325
f 2319/1466/2319 2320/1469/2320 2327/1480/2327 2326/1478/2326
f 2320/1469/2320 2321/1471/2321 2328/1481/2328 2327/1480/2327
f 2321/1471/2321 2322/1473/2322 2329/1482/2329 2328/1481/2328
f 2322/1473/2322 2323/1475/2323 2330/1483/2330 2329/1482/2329
f 2323/1475/2323 2324/1477/2324 2331/1484/2331 2330/1483/2330
f 2325/1479/2325 2326/1478/2326 2333/1485/2333 2332/1486/2332
f 2326/1478/2326 2327/1480/2327 2334/1487/2334 2333/1485/2333
f 2327/1480/2327 2328/1481/2328 2335/1488/2335 2334/1487/2334
f 2328/1481/2328 2329/1482/2329 2336/1489/2336 2335/1488/2335
f 2329/1482/2329 2330/1483/2330 2337/1490/2337 2336/1489/2336
f 2330/1483/2330 2331/1484/2331 2338/1491/2338 2337/1490/2337
f 2332/1486/2332 2333/1485/2333 2340/1492/2340 2339/1493/2339
f 2333/1485/2333 2334/1487/2334 2341/1494/2341 2340/1492/2340
f 2334/1487/2334 2335/1488/2335 2342/1495/2342 2341/1494/2341
f 2335/1488/2335 2336/1489/2336 2343/1496/2343 2342/1495/2342
f 2336/1489/2336 2337/1490/2337 2344/1497/2344 2343/1496/2343
f 2337/1490/2337 2338/1491/2338 2345/1498/2345 2344/1497/2344
f 2339/1493/2339 2340/1492/2340 2347/1499/2347 2346/1500/2346
f 2340/1492/2340 2341/1494/2341 2348/1501/2348 2347/1499/2347
f 2341/1494/2341 2342/1495/2342 2349/1502/2349 2348/1501/2348
f 2342/1495/2342 2343/1496/2343 2350/1503/2350 2349/1502/2349
f 2343/1496/2343 2344/1497/2344 2351/1504/2351 2350/1503/2350
f 2344/1497/2344 2345/1498/2345 2352/1505/2352 2351/1504/2351
f 2346/1500/2346 2347/1499/2347 2354/1506/2354 2353/1507/2353
f 2347/1499/2347 2348/1501/2348 2355/1508/2355 2354/1506/2354
f 2348/1501/2348 2349/1502/2349 2356/1509/2356 2355/1508/2355
f 2349/1502/2349 2350/1503/2350 2357/1510/2357 2356/1509/2356
f 2350/1503/2350 2351/1504/2351 2358/1511/2358 2357/1510/2357
f 2351/1504/2351 2352/1505/2352 2359/1512/2359 2358/1511/2358
f 22/1513/22 357/1514/357 2311/1464/2311 392/1515/392
f 357/1514/357 356/1516/356 2312/1465/2312 2311/1464/2311
f 356/1516/356 355/1517/355 2313/1468/2313 2312/1465/2312
f 355/1517/355 354/1518/354 2314/1470/2314 2313/1468/2313
f 354/1518/354 353/1519/353 2315/1472/2315 2314/1470/2314
f 353/1519/353 352/1520/352 2316/1474/2316 2315/1472/2315
f 352/1520/352 351/1521/351 2317/1476/2317 2316/1474/2316
f 351/1521/351 24/1363/24 371/1365/371 2317/1476/2317
f 2317/1476/2317 371/1365/371 370/1391/370 2324/1477/2324
f 2324/1477/2324 370/1391/370 369/1390/369 2331/1484/2331
f 2331/1484/2331 369/1390/369 368/1389/368 2338/1491/2338
f 2338/1491/2338 368/1389/368 367/1388/367 2345/1498/2345
f 2345/1498/2345 367/1388/367 366/1387/366 2352/1505/2352
f 2352/1505/2352 366/1387/366 365/1386/365 2359/1512/2359
f 2359/1512/2359 365/1386/365 25/1247/25 323/1148/323
f 2358/1511/2358 2359/1512/2359 323/1148/323 324/1522/324
f 2357/1510/2357 2358/1511/2358 324/1522/324 325/1163/325
f 2356/1509/2356 2357/1510/2357 325/1163/325 326/1523/326
f 2355/1508/2355 2356/1509/2356 326/1523/326 327/1179/327
f 2354/1506/2354 2355/1508/2355 327/1179/327 328/1188/328
f 2353/1507/2353 2354/1506/2354 328/1188/328 329/1187/329
f 386/1524/386 2353/1507/2353 329/1187/329 28/1006/28
f 387/1525/387 2346/1500/2346 2353/1507/2353 386/1524/386
f 388/1526/388 2339/1493/2339 2346/1500/2346 387/1525/387
f 389/1527/389 2332/1486/2332 2339/1493/2339 388/1526/388
f 390/1528/390 2325/1479/2325 2332/1486/2332 389/1527/389
f 391/1529/391 2318/1467/2318 2325/1479/2325 390/1528/390
f 392/1515/392 2311/1464/2311 2318/1467/2318 391/1529/391
f 2360/1530/2360 2361/1531/2361 2368/1532/2368 2367/1533/2367
f 2361/1531/2361 2362/1534/2362 2369/1535/2369 2368/1532/2368
f 2362/1534/2362 2363/1536/2363 2370/1537/2370 2369/1535/2369
f 2363/1536/2363 2364/1538/2364 2371/1539/2371 2370/1537/2370
f 2364/1538/2364 2365/1540/2365 2372/1541/2372 2371/1539/2371
f 2365/1540/2365 2366/1542/2366 2373/1543/2373 2372/1541/2372
f 2367/1533/2367 2368/1532/2368 2375/1544/2375 2374/1545/2374
f 2368/1532/2368 2369/1535/2369 2376/1546/2376 2375/1544/2375
f 2369/1535/2369 2370/1537/2370 2377/1547/2377 2376/1546/2376
f 2370/1537/2370 2371/1539/2371 2378/1548/2378 2377/1547/2377
f 2371/1539/2371 2372/1541/2372 2379/1549/2379 2378/1548/2378
f 2372/1541/2372 2373/1543/2373 2380/1550/2380 2379/1549/2379
f 2374/1545/2374 2375/1544/2375 2382/1551/2382 2381/1552/2381
f 2375/1544/2375 2376/1546/2376 2383/1553/2383 2382/1551/2382
f 2376/1546/2376 2377/1547/2377 2384/1554/2384 2383/1553/2383
f 2377/1547/2377 2378/1548/2378 2385/1555/2385 2384/1554/2384
f 2378/1548/2378 2379/1549/2379 2386/1556/2386 2385/1555/2385
f 2379/1549/2379 2380/1550/2380 2387/1557/2387 2386/1556/2386
f 2381/1552/2381 2382/1551/2382 2389/1558/2389 2388/1559/2388
f 2382/1551/2382 2383/1553/2383 2390/1560/2390 2389/1558/2389
f 2383/1553/2383 2384/1554/2384 2391/1561/2391 2390/1560/2390
f 2384/1554/2384 2385/1555/2385 2392/1562/2392 2391/1561/2391
f 2385/1555/2385 2386/1556/2386 2393/1563/2393 2392/1562/2392
f 2386/1556/2386 2387/1557/2387 2394/1564/2394 2393/1563/2393
f 2388/1559/2388 2389/1558/2389 2396/1565/2396 2395/1566/2395
f 2389/1558/2389 2390/1560/2390 2397/1567/2397 2396/1565/2396
f 2390/1560/2390 2391/1561/2391 2398/1568/2398 2397/1567/2397
f 2391/1561/2391 2392/1562/2392 2399/1569/2399 2398/1568/2398
f 2392/1562/2392 2393/1563/2393 2400/1570/2400 2399/1569/2399
f 2393/1563/2393 2394/1564/2394 2401/1571/2401 2400/1570/2400
f 2395/1566/2395 2396/1565/2396 2403/1572/2403 2402/1573/2402
f 2396/1565/2396 2397/1567/2397 2404/1574/2404 2403/1572/2403
f 2397/1567/2397 2398/1568/2398 2405/1575/2405 2404/1574/2404
f 2398/1568/2398 2399/1569/2399 2406/1576/2406 2405/1575/2405
f 2399/1569/2399 2400/1570/2400 2407/1577/2407 2406/1576/2406
f 2400/1570/2400 2401/1571/2401 2408/1578/2408 2407/1577/2407
f 21/1448/21 364/1579/364 2360/1530/2360 379/1449/379
f 364/1579/364 363/1580/363 2361/1531/2361 2360/1530/2360
f 363/1580/363 362/1581/362 2362/1534/2362 2361/1531/2361
f 362/1581/362 361/1582/361 2363/1536/2363 2362/1534/2362
f 361/1582/361 360/1583/360 2364/1538/2364 2363/1536/2363
f 360/1583/360 359/1584/359 2365/1540/2365 2364/1538/2364
f 359/1584/359 358/1585/358 2366/1542/2366 2365/1540/2365
f 358/1585/358 22/1513/22 392/1515/392 2366/1542/2366
f 2366/1542/2366 392/1515/392 391/1529/391 2373/1543/2373
f 2373/1543/2373 391/1529/391 390/1528/390 2380/1550/2380
f 2380/1550/2380 390/1528/390 389/1527/389 2387/1557/2387
f 2387/1557/2387 389/1527/389 388/1526/388 2394/1564/2394
f 2394/1564/2394 388/1526/388 387/1525/387 2401/1571/2401
f 2401/1571/2401 387/1525/387 386/1524/386 2408/1578/2408
f 2408/1578/2408 386/1524/386 28/1006/28 330/1586/330
f 2407/1577/2407 2408/1578/2408 330/1586/330 331/1587/331
f 2406/1576/2406 2407/1577/2407 331/1587/331 332/1588/332
f 2405/1575/2405 2406/1576/2406 332/1588/332 333/1589/333
f 2404/1574/2404 2405/1575/2405 333/1589/333 334/1309/334
f 2403/1572/2403 2404/1574/2404 334/1309/334 335/1590/335
f 2402/1573/2402 2403/1572/2403 335/1590/335 336/1307/336
f 385/1455/385 2402/1573/2402 336/1307/336 27/1456/27
f 384/1454/384 2395/1566/2395 2402/1573/2402 385/1455/385
f 383/1453/383 2388/1559/2388 2395/1566/2395 384/1454/384
f 382/1452/382 2381/1552/2381 2388/1559/2388 383/1453/383
f 381/1451/381 2374/1545/2374 2381/1552/2381 382/1452/382
f 380/1450/380 2367/1533/2367 2374/1545/2374 381/1451/381
f 379/1449/379 2360/1530/2360 2367/1533/2367 380/1450/380
f 2409/1591/2409 2410/1592/2410 2417/1593/2417 2416/1594/2416
f 2410/1592/2410 2411/1595/2411 2418/1596/2418 2417/1593/2417
f 2411/1595/2411 2412/1597/2412 2419/1598/2419 2418/1596/2418
f 2412/1597/2412 2413/1599/2413 2420/1600/2420 2419/1598/2419
f 2413/1599/2413 2414/1601/2414 2421/1602/2421 2420/1600/2420
f 2414/1601/2414 2415/1603/2415 2422/1604/2422 2421/1602/2421
f 2416/1594/2416 2417/1593/2417 2424/1605/2424 2423/1606/2423
f 2417/1593/2417 2418/1596/2418 2425/1607/2425 2424/1605/2424
f 2418/1596/2418 2419/1598/2419 2426/1608/2426 2425/1607/2425
f 2419/1598/2419 2420/1600/2420 2427/1609/2427 2426/1608/2426
f 2420/1600/2420 2421/1602/2421 2428/1610/2428 2427/1609/2427
f 2421/1602/2421 2422/1604/2422 2429/1611/2429 2428/1610/2428
f 2423/1606/2423 2424/1605/2424 2431/1612/2431 2430/1613/2430
f 2424/1605/2424 2425/1607/2425 2432/1614/2432 2431/1612/2431
f 2425/1607/2425 2426/1608/2426 2433/1615/2433 2432/1614/2432
f 2426/1608/2426 2427/1609/2427 2434/1616/2434 2433/1615/2433
f 2427/1609/2427 2428/1610/2428 2435/1617/2435 2434/1616/2434
f 2428/1610/2428 2429/1611/2429 2436/1618/2436 2435/1617/2435
f 2430/1613/2430 2431/1612/2431 2438/1619/2438 2437/1620/2437
f 2431/1612/2431 2432/1614/2432 2439/1621/2439 2438/1619/2438
f 2432/1614/2432 2433/1615/2433 2440/1622/2440 2439/1621/2439
f 2433/1615/2433 2434/1616/2434 2441/1623/2441 2440/1622/2440
f 2434/1616/2434 2435/1617/2435 2442/1624/2442 2441/1623/2441
f 2435/1617/2435 2436/1618/2436 2443/1625/2443 2442/1624/2442
f 2437/1620/2437 2438/1619/2438 2445/1626/2445 2444/1627/2444
f 2438/1619/2438 2439/1621/2439 2446/1628/2446 2445/1626/2445
f 2439/1621/2439 2440/1622/2440 2447/1629/2447 2446/1628/2446
f 2440/1622/2440 2441/1623/2441 2448/1630/2448 2447/1629/2447
f 2441/1623/2441 2442/1624/2442 2449/1631/2449 2448/1630/2448
f 2442/1624/2442 2443/1625/2443 2450/1632/2450 2449/1631/2449
f 2444/1627/2444 2445/1626/2445 2452/1633/2452 2451/1634/2451
f 2445/1626/2445 2446/1628/2446 2453/1635/2453 2452/1633/2452
f 2446/1628/2446 2447/1629/2447 2454/1636/2454 2453/1635/2453
f 2447/1629/2447 2448/1630/2448 2455/1637/2455 2454/1636/2454
f 2448/1630/2448 2449/1631/2449 2456/1638/2456 2455/1637/2455
f 2449/1631/2449 2450/1632/2450 2457/1639/2457 2456/1638/2456
f 31/1640/31 399/1641/399 2409/1591/2409 406/1642/406
f 399/1641/399 398/1643/398 2410/1592/2410 2409/1591/2409
f 398/1643/398 397/1644/397 2411/1595/2411 2410/1592/2410
f 397/1644/397 396/1645/396 2412/1597/2412 2411/1595/2411
f 396/1645/396 395/1646/395 2413/1599/2413 2412/1597/2412
f 395/1646/395 394/1647/394 2414/1601/2414 2413/1599/2413
f 394/1647/394 393/1648/393 2415/1603/2415 2414/1601/2414
f 393/1648/393 32/1649/32 407/1650/407 2415/1603/2415
f 2415/1603/2415 407/1650/407 408/1651/408 2422/1604/2422
f 2422/1604/2422 408/1651/408 409/1652/409 2429/1611/2429
f 2429/1611/2429 409/1652/409 410/1653/410 2436/1618/2436
f 2436/1618/2436 410/1653/410 411/1654/411 2443/1625/2443
f 2443/1625/2443 411/1654/411 412/1655/412 2450/1632/2450
f 2450/1632/2450 412/1655/412 413/1656/413 2457/1639/2457
f 2457/1639/2457 413/1656/413 30/1657/30 414/1658/414
f 2456/1638/2456 2457/1639/2457 414/1658/414 415/1659/415
f 2455/1637/2455 2456/1638/2456 415/1659/415 416/1660/416
f 2454/1636/2454 2455/1637/2455 416/1660/416 417/1661/417
f 2453/1635/2453 2454/1636/2454 417/1661/417 418/1662/418
f 2452/1633/2452 2453/1635/2453 418/1662/418 419/1663/419
f 2451/1634/2451 2452/1633/2452 419/1663/419 420/1664/420
f 400/1665/400 2451/1634/2451 420/1664/420 29/1666/29
f 401/1667/401 2444/1627/2444 2451/1634/2451 400/1665/400
f 402/1668/402 2437/1620/2437 2444/1627/2444 401/1667/401
f 403/1669/403 2430/1613/2430 2437/1620/2437 402/1668/402
f 404/1670/404 2423/1606/2423 2430/1613/2430 403/1669/403
f 405/1671/405 2416/1594/2416 2423/1606/2423 404/1670/404
f 406/1642/406 2409/1591/2409 2416/1594/2416 405/1671/405
f 2458/1672/2458 2459/1673/2459 2466/1674/2466 2465/1675/2465
f 2459/1673/2459 2460/1676/2460 2467/1677/2467 2466/1674/2466
f 2460/1676/2460 2461/1678/2461 2468/1679/2468 2467/1677/2467
f 2461/1678/2461 2462/1680/2462 2469/1681/2469 2468/1679/2468
f 2462/1680/2462 2463/1682/2463 2470/1683/2470 2469/1681/2469
f 2463/1682/2463 2464/1684/2464 2471/1685/2471 2470/1683/2470
f 2465/1675/2465 2466/1674/2466 2473/1686/2473 2472/1687/2472
f 2466/1674/2466 2467/1677/2467 2474/1688/2474 2473/1686/2473
f 2467/1677/2467 2468/1679/2468 2475/1689/2475 2474/1688/2474
f 2468/1679/2468 2469/1681/2469 2476/1690/2476 2475/1689/2475
f 2469/1681/2469 2470/1683/2470 2477/1691/2477 2476/1690/2476
f 2470/1683/2470 2471/1685/2471 2478/1692/2478 2477/1691/2477
f 2472/1687/2472 2473/1686/2473 2480/1693/2480 2479/1694/2479
f 2473/1686/2473 2474/1688/2474 2481/1695/2481 2480/1693/2480
f 2474/1688/2474 2475/1689/2475 2482/1696/2482 2481/1695/2481
f 2475/1689/2475 2476/1690/2476 2483/1697/2483 2482/1696/2482
f 2476/1690/2476 2477/1691/2477 2484/1698/2484 2483/1697/2483
f 2477/1691/2477 2478/1692/2478 2485/1699/2485 2484/1698/2484
f 2479/1694/2479 2480/1693/2480 2487/1700/2487 2486/1701/2486
f 2480/1693/2480 2481/1695/2481 2488/1702/2488 2487/1700/2487
f 2481/1695/2481 2482/1696/2482 2489/1703/2489 2488/1702/2488
f 2482/1696/2482 2483/1697/2483 2490/1704/2490 2489/1703/2489
f 2483/1697/2483 2484/1698/2484 2491/1705/2491 2490/1704/2490
f 2484/1698/2484 2485/1699/2485 2492/1706/2492 2491/1705/2491
f 2486/1701/2486 2487/1700/2487 2494/1707/2494 2493/1708/2493
f 2487/1700/2487 2488/1702/2488 2495/1709/2495 2494/1707/2494
f 2488/1702/2488 2489/1703/2489 2496/1710/2496 2495/1709/2495
f 2489/1703/2489 2490/1704/2490 2497/1711/2497 2496/1710/2496
f 2490/1704/2490 2491/1705/2491 2498/1712/2498 2497/1711/2497
f 2491/1705/2491 2492/1706/2492 2499/1713/2499 2498/1712/2498
f 2493/1708/2493 2494/1707/2494 2501/1714/2501 2500/1715/2500
f 2494/1707/2494 2495/1709/2495 2502/1716/2502 2501/1714/2501
f 2495/1709/2495 2496/1710/2496 2503/1717/2503 2502/1716/2502
f 2496/1710/2496 2497/1711/2497 2504/1718/2504 2503/1717/2503
f 2497/1711/2497 2498/1712/2498 2505/1719/2505 2504/1718/2504
f 2498/1712/2498 2499/1713/2499 2506/1720/2506 2505/1719/2505
f 42/1721/42 672/1722/672 2458/1672/2458 630/1723/630
f 672/1722/672 671/1724/671 2459/1673/2459 2458/1672/2458
f 671/1724/671 670/1725/670 2460/1676/2460 2459/1673/2459
f 670/1725/670 669/1726/669 2461/1678/2461 2460/1676/2460
f 669/1726/669 668/1727/668 2462/1680/2462 2461/1678/2461
f 668/1727/668 667/1728/667 2463/1682/2463 2462/1680/2462
f 667/1728/667 666/1729/666 2464/1684/2464 2463/1682/2463
f 666/1729/666 41/1730/41 477/1731/477 2464/1684/2464
f 2464/1684/2464 477/1731/477 478/1731/478 2471/1685/2471
f 2471/1685/2471 478/1731/478 479/1730/479 2478/1692/2478
f 2478/1692/2478 479/1730/479 480/1731/480 2485/1699/2485
f 2485/1699/2485 480/1731/480 481/1730/481 2492/1706/2492
f 2492/1706/2492 481/1730/481 482/1731/482 2499/1713/2499
f 2499/1713/2499 482/1731/482 483/1731/483 2506/1720/2506
f 2506/1720/2506 483/1731/483 29/1730/29 420/1664/420
f 2505/1719/2505 2506/1720/2506 420/1664/420 419/1663/419
f 2504/1718/2504 2505/1719/2505 419/1663/419 418/1662/418
f 2503/1717/2503 2504/1718/2504 418/1662/418 417/1661/417
f 2502/1716/2502 2503/1717/2503 417/1661/417 416/1660/416
f 2501/1714/2501 2502/1716/2502 416/1660/416 415/1732/415
f 2500/1715/2500 2501/1714/2501 415/1732/415 414/1733/414
f 624/1734/624 2500/1715/2500 414/1733/414 30/1735/30
f 625/1736/625 2493/1708/2493 2500/1715/2500 624/1734/624
f 626/1737/626 2486/1701/2486 2493/1708/2493 625/1736/625
f 627/1738/627 2479/1694/2479 2486/1701/2486 626/1737/626
f 628/1739/628 2472/1687/2472 2479/1694/2479 627/1738/627
f 629/1740/629 2465/1675/2465 2472/1687/2472 628/1739/628
f 630/1723/630 2458/1672/2458 2465/1675/2465 629/1740/629
f 2507/1741/2507 2508/1742/2508 2515/1743/2515 2514/1744/2514
f 2508/1742/2508 2509/1745/2509 2516/1746/2516 2515/1743/2515
f 2509/1745/2509 2510/1747/2510 2517/1748/2517 2516/1746/2516
f 2510/1747/2510 2511/1749/2511 2518/1750/2518 2517/1748/2517
f 2511/1749/2511 2512/1751/2512 2519/1752/2519 2518/1750/2518
f 2512/1751/2512 2513/1753/2513 2520/1754/2520 2519/1752/2519
f 2514/1744/2514 2515/1743/2515 2522/1755/2522 2521/1756/2521
f 2515/1743/2515 2516/1746/2516 2523/1757/2523 2522/1755/2522
f 2516/1746/2516 2517/1748/2517 2524/1758/2524 2523/1757/2523
f 2517/1748/2517 2518/1750/2518 2525/1759/2525 2524/1758/2524
f 2518/1750/2518 2519/1752/2519 2526/1760/2526 2525/1759/2525
f 2519/1752/2519 2520/1754/2520 2527/1761/2527 2526/1760/2526
f 2521/1756/2521 2522/1755/2522 2529/1762/2529 2528/1763/2528
f 2522/1755/2522 2523/1757/2523 2530/1764/2530 2529/1762/2529
f 2523/1757/2523 2524/1758/2524 2531/1765/2531 2530/1764/2530
f 2524/1758/2524 2525/1759/2525 2532/1766/2532 2531/1765/2531
f 2525/1759/2525 2526/1760/2526 2533/1767/2533 2532/1766/2532
f 2526/1760/2526 2527/1761/2527 2534/1768/2534 2533/1767/2533
f 2528/1763/2528 2529/1762/2529 2536/1769/2536 2535/1770/2535
f 2529/1762/2529 2530/1764/2530 2537/1771/2537 2536/1769/2536
f 2530/1764/2530 2531/1765/2531 2538/1772/2538 2537/1771/2537
f 2531/1765/2531 2532/1766/2532 2539/1773/2539 2538/1772/2538
f 2532/1766/2532 2533/1767/2533 2540/1774/2540 2539/1773/2539
f 2533/1767/2533 2534/1768/2534 2541/1775/2541 2540/1774/2540
f 2535/1770/2535 2536/1769/2536 2543/1776/2543 2542/1777/2542
f 2536/1769/2536 2537/1771/2537 2544/1778/2544 2543/1776/2543
f 2537/1771/2537 2538/1772/2538 2545/1779/2545 2544/1778/2544
f 2538/1772/2538 2539/1773/2539 2546/1780/2546 2545/1779/2545
f 2539/1773/2539 2540/1774/2540 2547/1781/2547 2546/1780/2546
f 2540/1774/2540 2541/1775/2541 2548/1782/2548 2547/1781/2547
f 2542/1777/2542 2543/1776/2543 2550/1783/2550 2549/1784/2549
f 2543/1776/2543 2544/1778/2544 2551/1785/2551 2550/1783/2550
f 2544/1778/2544 2545/1779/2545 2552/1786/2552 2551/1785/2551
f 2545/1779/2545 2546/1780/2546 2553/1787/2553 2552/1786/2552
f 2546/1780/2546 2547/1781/2547 2554/1788/2554 2553/1787/2553
f 2547/1781/2547 2548/1782/2548 2555/1789/2555 2554/1788/2554
f 41/1666/41 665/1790/665 2507/1741/2507 477/1731/477
f 665/1790/665 664/1791/664 2508/1742/2508 2507/1741/2507
f 664/1791/664 663/1792/663 2509/1745/2509 2508/1742/2508
f 663/1792/663 662/1793/662 2510/1747/2510 2509/1745/2509
f 662/1793/662 661/1794/661 2511/1749/2511 2510/1747/2510
f 661/1794/661 660/1795/660 2512/1751/2512 2511/1749/2511
f 660/1795/660 659/1796/659 2513/1753/2513 2512/1751/2512
f 659/1796/659 43/1372/43 491/1797/491 2513/1753/2513
f 2513/1753/2513 491/1797/491 492/1798/492 2520/1754/2520
f 2520/1754/2520 492/1798/492 493/1799/493 2527/1761/2527
f 2527/1761/2527 493/1799/493 494/1800/494 2534/1768/2534
f 2534/1768/2534 494/1800/494 495/1801/495 2541/1775/2541
f 2541/1775/2541 495/1801/495 496/1802/496 2548/1782/2548
f 2548/1782/2548 496/1802/496 497/1803/497 2555/1789/2555
f 2555/1789/2555 497/1803/497 31/1640/31 406/1804/406
f 2554/1788/2554 2555/1789/2555 406/1804/406 405/1805/405
f 2553/1787/2553 2554/1788/2554 405/1805/405 404/1806/404
f 2552/1786/2552 2553/1787/2553 404/1806/404 403/1807/403
f 2551/1785/2551 2552/1786/2552 403/1807/403 402/1808/402
f 2550/1783/2550 2551/1785/2551 402/1808/402 401/1667/401
f 2549/1784/2549 2550/1783/2550 401/1667/401 400/1809/400
f 483/1666/483 2549/1784/2549 400/1809/400 29/1666/29
f 482/1731/482 2542/1777/2542 2549/1784/2549 483/1666/483
f 481/1730/481 2535/1770/2535 2542/1777/2542 482/1731/482
f 480/1731/480 2528/1763/2528 2535/1770/2535 481/1730/481
f 479/1730/479 2521/1756/2521 2528/1763/2528 480/1731/480
f 478/1731/478 2514/1744/2514 2521/1756/2521 479/1730/479
f 477/1731/477 2507/1741/2507 2514/1744/2514 478/1731/478
f 2556/1810/2556 2557/1811/2557 2564/1812/2564 2563/1813/2563
f 2557/1811/2557 2558/1814/2558 2565/1815/2565 2564/1812/2564
f 2558/1814/2558 2559/1816/2559 2566/1817/2566 2565/1815/2565
f 2559/1816/2559 2560/1818/2560 2567/1819/2567 2566/1817/2566
f 2560/1818/2560 2561/1820/2561 2568/1821/2568 2567/1819/2567
f 2561/1820/2561 2562/1822/2562 2569/1823/2569 2568/1821/2568
f 2563/1813/2563 2564/1812/2564 2571/1824/2571 2570/1825/2570
f 2564/1812/2564 2565/1815/2565 2572/1826/2572 2571/1824/2571
f 2565/1815/2565 2566/1817/2566 2573/1827/2573 2572/1826/2572
f 2566/1817/2566 2567/1819/2567 2574/1828/2574 2573/1827/2573
f 2567/1819/2567 2568/1821/2568 2575/1829/2575 2574/1828/2574
f 2568/1821/2568 2569/1823/2569 2576/1830/2576 2575/1829/2575
f 2570/1825/2570 2571/1824/2571 2578/1831/2578 2577/1832/2577
f 2571/1824/2571 2572/1826/2572 2579/1833/2579 2578/1831/2578
f 2572/1826/2572 2573/1827/2573 2580/1834/2580 2579/1833/2579
f 2573/1827/2573 2574/1828/2574 2581/1835/2581 2580/1834/2580
f 2574/1828/2574 2575/1829/2575 2582/1836/2582 2581/1835/2581
f 2575/1829/2575 2576/1830/2576 2583/1837/2583 2582/1836/2582
f 2577/1832/2577 2578/1831/2578 2585/1838/2585 2584/1839/2584
f 2578/1831/2578 2579/1833/2579 2586/1840/2586 2585/1838/2585
f 2579/1833/2579 2580/1834/2580 2587/1841/2587 2586/1840/2586
f 2580/1834/2580 2581/1835/2581 2588/1842/2588 2587/1841/2587
f 2581/1835/2581 2582/1836/2582 2589/1843/2589 2588/1842/2588
f 2582/1836/2582 2583/1837/2583 2590/1844/2590 2589/1843/2589
f 2584/1839/2584 2585/1838/2585 2592/1845/2592 2591/1846/2591
f 2585/1838/2585 2586/1840/2586 2593/1847/2593 2592/1845/2592
f 2586/1840/2586 2587/1841/2587 2594/1848/2594 2593/1847/2593
f 2587/1841/2587 2588/1842/2588 2595/1849/2595 2594/1848/2594
f 2588/1842/2588 2589/1843/2589 2596/1850/2596 2595/1849/2595
f 2589/1843/2589 2590/1844/2590 2597/1851/2597 2596/1850/2596
f 2591/1846/2591 2592/1845/2592 2599/1852/2599 2598/1853/2598
f 2592/1845/2592 2593/1847/2593 2600/1854/2600 2599/1852/2599
f 2593/1847/2593 2594/1848/2594 2601/1855/2601 2600/1854/2600
f 2594/1848/2594 2595/1849/2595 2602/1856/2602 2601/1855/2601
f 2595/1849/2595 2596/1850/2596 2603/1857/2603 2602/1856/2602
f 2596/1850/2596 2597/1851/2597 2604/1858/2604 2603/1857/2603
f 44/1859/44 658/1860/658 2556/1810/2556 644/1861/644
f 658/1860/658 657/1862/657 2557/1811/2557 2556/1810/2556
f 657/1862/657 656/1863/656 2558/1814/2558 2557/1811/2557
f 656/1863/656 655/1864/655 2559/1816/2559 2558/1814/2558
f 655/1864/655 654/1865/654 2560/1818/2560 2559/1816/2559
f 654/1865/654 653/1866/653 2561/1820/2561 2560/1818/2560
f 653/1866/653 652/1867/652 2562/1822/2562 2561/1820/2561
f 652/1867/652 42/1868/42 630/1723/630 2562/1822/2562
f 2562/1822/2562 630/1723/630 629/1740/629 2569/1823/2569
f 2569/1823/2569 629/1740/629 628/1739/628 2576/1830/2576
f 2576/1830/2576 628/1739/628 627/1738/627 2583/1837/2583
f 2583/1837/2583 627/1738/627 626/1737/626 2590/1844/2590
f 2590/1844/2590 626/1737/626 625/1736/625 2597/1851/2597
f 2597/1851/2597 625/1736/625 624/1869/624 2604/1858/2604
f 2604/1858/2604 624/1869/624 30/1657/30 413/1656/413
f 2603/1857/2603 2604/1858/2604 413/1656/413 412/1655/412
f 2602/1856/2602 2603/1857/2603 412/1655/412 411/1870/411
f 2601/1855/2601 2602/1856/2602 411/1870/411 410/1871/410
f 2600/1854/2600 2601/1855/2601 410/1871/410 409/1872/409
f 2599/1852/2599 2600/1854/2600 409/1872/409 408/1873/408
f 2598/1853/2598 2599/1852/2599 408/1873/408 407/1874/407
f 638/1875/638 2598/1853/2598 407/1874/407 32/1649/32
f 639/1876/639 2591/1846/2591 2598/1853/2598 638/1875/638
f 640/1877/640 2584/1839/2584 2591/1846/2591 639/1876/639
f 641/1878/641 2577/1832/2577 2584/1839/2584 640/1877/640
f 642/1879/642 2570/1825/2570 2577/1832/2577 641/1878/641
f 643/1880/643 2563/1813/2563 2570/1825/2570 642/1879/642
f 644/1861/644 2556/1810/2556 2563/1813/2563 643/1880/643
f 2605/1881/2605 2606/1882/2606 2613/1883/2613 2612/1884/2612
f 2606/1882/2606 2607/1885/2607 2614/1886/2614 2613/1883/2613
f 2607/1885/2607 2608/1887/2608 2615/1888/2615 2614/1886/2614
f 2608/1887/2608 2609/1889/2609 2616/1890/2616 2615/1888/2615
f 2609/1889/2609 2610/1891/2610 2617/1892/2617 2616/1890/2616
f 2610/1891/2610 2611/1893/2611 2618/1894/2618 2617/1892/2617
f 2612/1884/2612 2613/1883/2613 2620/1895/2620 2619/1896/2619
f 2613/1883/2613 2614/1886/2614 2621/1897/2621 2620/1895/2620
f 2614/1886/2614 2615/1888/2615 2622/1898/2622 2621/1897/2621
f 2615/1888/2615 2616/1890/2616 2623/1899/2623 2622/1898/2622
f 2616/1890/2616 2617/1892/2617 2624/1900/2624 2623/1899/2623
f 2617/1892/2617 2618/1894/2618 2625/1901/2625 2624/1900/2624
f 2619/1896/2619 2620/1895/2620 2627/1902/2627 2626/1903/2626
f 2620/1895/2620 2621/1897/2621 2628/1904/2628 2627/1902/2627
f 2621/1897/2621 2622/1898/2622 2629/1905/2629 2628/1904/2628
f 2622/1898/2622 2623/1899/2623 2630/1906/2630 2629/1905/2629
f 2623/1899/2623 2624/1900/2624 2631/1907/2631 2630/1906/2630
f 2624/1900/2624 2625/1901/2625 2632/1908/2632 2631/1907/2631
f 2626/1903/2626 2627/1902/2627 2634/1909/2634 2633/1910/2633
f 2627/1902/2627 2628/1904/2628 2635/1911/2635 2634/1909/2634
f 2628/1904/2628 2629/1905/2629 2636/1912/2636 2635/1911/2635
f 2629/1905/2629 2630/1906/2630 2637/1913/2637 2636/1912/2636
f 2630/1906/2630 2631/1907/2631 2638/1914/2638 2637/1913/2637
f 2631/1907/2631 2632/1908/2632 2639/1915/2639 2638/1914/2638
f 2633/1910/2633 2634/1909/2634 2641/1916/2641 2640/1917/2640
f 2634/1909/2634 2635/1911/2635 2642/1918/2642 2641/1916/2641
f 2635/1911/2635 2636/1912/2636 2643/1919/2643 2642/1918/2642
f 2636/1912/2636 2637/1913/2637 2644/1920/2644 2643/1919/2643
f 2637/1913/2637 2638/1914/2638 2645/1921/2645 2644/1920/2644
f 2638/1914/2638 2639/1915/2639 2646/1922/2646 2645/1921/2645
f 2640/1917/2640 2641/1916/2641 2648/1923/2648 2647/1924/2647
f 2641/1916/2641 2642/1918/2642 2649/1925/2649 2648/1923/2648
f 2642/1918/2642 2643/1919/2643 2650/1926/2650 2649/1925/2649
f 2643/1919/2643 2644/1920/2644 2651/1927/2651 2650/1926/2650
f 2644/1920/2644 2645/1921/2645 2652/1928/2652 2651/1927/2651
f 2645/1921/2645 2646/1922/2646 2653/1929/2653 2652/1928/2652
f 43/1372/43 651/1930/651 2605/1881/2605 491/1797/491
f 651/1930/651 650/1931/650 2606/1882/2606 2605/1881/2605
f 650/1931/650 649/1932/649 2607/1885/2607 2606/1882/2606
f 649/1932/649 648/1933/648 2608/1887/2608 2607/1885/2607
f 648/1933/648 647/1934/647 2609/1889/2609 2608/1887/2608
f 647/1934/647 646/1935/646 2610/1891/2610 2609/1889/2609
f 646/1935/646 645/1936/645 2611/1893/2611 2610/1891/2610
f 645/1936/645 44/1859/44 644/1861/644 2611/1893/2611
f 2611/1893/2611 644/1861/644 643/1880/643 2618/1894/2618
f 2618/1894/2618 643/1880/643 642/1879/642 2625/1901/2625
f 2625/1901/2625 642/1879/642 641/1878/641 2632/1908/2632
f 2632/1908/2632 641/1878/641 640/1877/640 2639/1915/2639
f 2639/1915/2639 640/1877/640 639/1876/639 2646/1922/2646
f 2646/1922/2646 639/1876/639 638/1875/638 2653/1929/2653
f 2653/1929/2653 638/1875/638 32/1649/32 393/1648/393
f 2652/1928/2652 2653/1929/2653 393/1648/393 394/1647/394
f 2651/1927/2651 2652/1928/2652 394/1647/394 395/1646/395
f 2650/1926/2650 2651/1927/2651 395/1646/395 396/1645/396
f 2649/1925/2649 2650/1926/2650 396/1645/396 397/1644/397
f 2648/1923/2648 2649/1925/2649 397/1644/397 398/1643/398
f 2647/1924/2647 2648/1923/2648 398/1643/398 399/1641/399
f 497/1803/497 2647/1924/2647 399/1641/399 31/1640/31
f 496/1802/496 2640/1917/2640 2647/1924/2647 497/1803/497
f 495/1801/495 2633/1910/2633 2640/1917/2640 496/1802/496
f 494/1800/494 2626/1903/2626 2633/1910/2633 495/1801/495
f 493/1799/493 2619/1896/2619 2626/1903/2626 494/1800/494
f 492/1798/492 2612/1884/2612 2619/1896/2619 493/1799/493
f 491/1797/491 2605/1881/2605 2612/1884/2612 492/1798/492
f 2654/1937/2654 2655/1938/2655 2662/1939/2662 2661/1940/2661
f 2655/1938/2655 2656/1941/2656 2663/1942/2663 2662/1939/2662
f 2656/1941/2656 2657/1943/2657 2664/1944/2664 2663/1942/2663
f 2657/1943/2657 2658/1945/2658 2665/1946/2665 2664/1944/2664
f 2658/1945/2658 2659/1947/2659 2666/1948/2666 2665/1946/2665
f 2659/1947/2659 2660/1949/2660 2667/1950/2667 2666/1948/2666
f 2661/1940/2661 2662/1939/2662 2669/1951/2669 2668/1952/2668
f 2662/1939/2662 2663/1942/2663 2670/1953/2670 2669/1951/2669
f 2663/1942/2663 2664/1944/2664 2671/1954/2671 2670/1953/2670
f 2664/1944/2664 2665/1946/2665 2672/1955/2672 2671/1954/2671
f 2665/1946/2665 2666/1948/2666 2673/1956/2673 2672/1955/2672
f 2666/1948/2666 2667/1950/2667 2674/1957/2674 2673/1956/2673
f 2668/1952/2668 2669/1951/2669 2676/1958/2676 2675/1959/2675
f 2669/1951/2669 2670/1953/2670 2677/1960/2677 2676/1958/2676
f 2670/1953/2670 2671/1954/2671 2678/1961/2678 2677/1960/2677
f 2671/1954/2671 2672/1955/2672 2679/1962/2679 2678/1961/2678
f 2672/1955/2672 2673/1956/2673 2680/1963/2680 2679/1962/2679
f 2673/1956/2673 2674/1957/2674 2681/1964/2681 2680/1963/2680
f 2675/1959/2675 2676/1958/2676 2683/1965/2683 2682/1966/2682
f 2676/1958/2676 2677/1960/2677 2684/1967/2684 2683/1965/2683
f 2677/1960/2677 2678/1961/2678 2685/1968/2685 2684/1967/2684
f 2678/1961/2678 2679/1962/2679 2686/1969/2686 2685/1968/2685
f 2679/1962/2679 2680/1963/2680 2687/1970/2687 2686/1969/2686
f 2680/1963/2680 2681/1964/2681 2688/1971/2688 2687/1970/2687
f 2682/1966/2682 2683/1965/2683 2690/1972/2690 2689/1973/2689
f 2683/1965/2683 2684/1967/2684 2691/1974/2691 2690/1972/2690
f 2684/1967/2684 2685/1968/2685 2692/1975/2692 2691/1974/2691
f 2685/1968/2685 2686/1969/2686 2693/1976/2693 2692/1975/2692
f 2686/1969/2686 2687/1970/2687 2694/1977/2694 2693/1976/2693
f 2687/1970/2687 2688/1971/2688 2695/1978/2695 2694/1977/2694
f 2689/1973/2689 2690/1972/2690 2697/1979/2697 2696/1980/2696
f 2690/1972/2690 2691/1974/2691 2698/1981/2698 2697/1979/2697
f 2691/1974/2691 2692/1975/2692 2699/1982/2699 2698/1981/2698
f 2692/1975/2692 2693/1976/2693 2700/1983/2700 2699/1982/2699
f 2693/1976/2693 2694/1977/2694 2701/1984/2701 2700/1983/2700
f 2694/1977/2694 2695/1978/2695 2702/1985/2702 2701/1984/2701
f 3/1986/3 175/1987/175 2654/1937/2654 519/1988/519
f 175/1987/175 174/1989/174 2655/1938/2655 2654/1937/2654
f 174/1989/174 173/457/173 2656/1941/2656 2655/1938/2655
f 173/457/173 172/1990/172 2657/1943/2657 2656/1941/2656
f 172/1990/172 171/1991/171 2658/1945/2658 2657/1943/2657
f 171/1991/171 170/454/170 2659/1947/2659 2658/1945/2658
f 170/454/170 169/452/169 2660/1949/2660 2659/1947/2659
f 169/452/169 4/1992/4 448/1993/448 2660/1949/2660
f 2660/1949/2660 448/1993/448 447/1994/447 2667/1950/2667
f 2667/1950/2667 447/1994/447 446/1995/446 2674/1957/2674
f 2674/1957/2674 446/1995/446 445/1996/445 2681/1964/2681
f 2681/1964/2681 445/1996/445 444/1997/444 2688/1971/2688
f 2688/1971/2688 444/1997/444 443/1998/443 2695/1978/2695
f 2695/1978/2695 443/1998/443 442/1999/442 2702/1985/2702
f 2702/1985/2702 442/1999/442 36/1141/36 533/1140/533
f 2701/1984/2701 2702/1985/2702 533/1140/533 534/1139/534
f 2700/1983/2700 2701/1984/2701 534/1139/534 535/1138/535
f 2699/1982/2699 2700/1983/2700 535/1138/535 536/1137/536
f 2698/1981/2698 2699/1982/2699 536/1137/536 537/1136/537
f 2697/1979/2697 2698/1981/2698 537/1136/537 538/1135/538
f 2696/1980/2696 2697/1979/2697 538/1135/538 539/1134/539
f 525/2000/525 2696/1980/2696 539/1134/539 35/1133/35
f 524/2001/524 2689/1973/2689 2696/1980/2696 525/2000/525
f 523/2002/523 2682/1966/2682 2689/1973/2689 524/2001/524
f 522/2003/522 2675/1959/2675 2682/1966/2682 523/2002/523
f 521/2004/521 2668/1952/2668 2675/1959/2675 522/2003/522
f 520/2005/520 2661/1940/2661 2668/1952/2668 521/2004/521
f 519/1988/519 2654/1937/2654 2661/1940/2661 520/2005/520
f 2703/2006/2703 2704/2007/2704 2711/2008/2711 2710/2009/2710
f 2704/2007/2704 2705/2010/2705 2712/2011/2712 2711/2008/2711
f 2705/2010/2705 2706/2012/2706 2713/2013/2713 2712/2011/2712
f 2706/2012/2706 2707/2014/2707 2714/2015/2714 2713/2013/2713
f 2707/2014/2707 2708/2016/2708 2715/2017/2715 2714/2015/2714
f 2708/2016/2708 2709/2018/2709 2716/2019/2716 2715/2017/2715
f 2710/2009/2710 2711/2008/2711 2718/2020/2718 2717/2021/2717
f 2711/2008/2711 2712/2011/2712 2719/2022/2719 2718/2020/2718
f 2712/2011/2712 2713/2013/2713 2720/2023/2720 2719/2022/2719
f 2713/2013/2713 2714/2015/2714 2721/2024/2721 2720/2023/2720
f 2714/2015/2714 2715/2017/2715 2722/2025/2722 2721/2024/2721
f 2715/2017/2715 2716/2019/2716 2723/2026/2723 2722/2025/2722
f 2717/2021/2717 2718/2020/2718 2725/2027/2725 2724/2028/2724
f 2718/2020/2718 2719/2022/2719 2726/2029/2726 2725/2027/2725
f 2719/2022/2719 2720/2023/2720 2727/2030/2727 2726/2029/2726
f 2720/2023/2720 2721/2024/2721 2728/2031/2728 2727/2030/2727
f 2721/2024/2721 2722/2025/2722 2729/2032/2729 2728/2031/2728
f 2722/2025/2722 2723/2026/2723 2730/2033/2730 2729/2032/2729
f 2724/2028/2724 2725/2027/2725 2732/2034/2732 2731/2035/2731
f 2725/2027/2725 2726/2029/2726 2733/2036/2733 2732/2034/2732
f 2726/2029/2726 2727/2030/2727 2734/2037/2734 2733/2036/2733
f 2727/2030/2727 2728/2031/2728 2735/2038/2735 2734/2037/2734
f 2728/2031/2728 2729/2032/2729 2736/2039/2736 2735/2038/2735
f 2729/2032/2729 2730/2033/2730 2737/2040/2737 2736/2039/2736
f 2731/2035/2731 2732/2034/2732 2739/2041/2739 2738/2042/2738
f 2732/2034/2732 2733/2036/2733 2740/2043/2740 2739/2041/2739
f 2733/2036/2733 2734/2037/2734 2741/2044/2741 2740/2043/2740
f 2734/2037/2734 2735/2038/2735 2742/2045/2742 2741/2044/2741
f 2735/2038/2735 2736/2039/2736 2743/2046/2743 2742/2045/2742
f 2736/2039/2736 2737/2040/2737 2744/2047/2744 2743/2046/2743
f 2738/2042/2738 2739/2041/2739 2746/2048/2746 2745/2049/2745
f 2739/2041/2739 2740/2043/2740 2747/2050/2747 2746/2048/2746
f 2740/2043/2740 2741/2044/2741 2748/2051/2748 2747/2050/2747
f 2741/2044/2741 2742/2045/2742 2749/2052/2749 2748/2051/2748
f 2742/2045/2742 2743/2046/2743 2750/2053/2750 2749/2052/2749
f 2743/2046/2743 2744/2047/2744 2751/2054/2751 2750/2053/2750
f 4/1992/4 183/606/183 2703/2006/2703 448/1993/448
f 183/606/183 184/2055/184 2704/2007/2704 2703/2006/2703
f 184/2055/184 185/2056/185 2705/2010/2705 2704/2007/2704
f 185/2056/185 186/2057/186 2706/2012/2706 2705/2010/2705
f 186/2057/186 187/2058/187 2707/2014/2707 2706/2012/2706
f 187/2058/187 188/2059/188 2708/2016/2708 2707/2014/2707
f 188/2059/188 189/2060/189 2709/2018/2709 2708/2016/2708
f 189/2060/189 2/2061/2 434/2062/434 2709/2018/2709
f 2709/2018/2709 434/2062/434 433/2063/433 2716/2019/2716
f 2716/2019/2716 433/2063/433 432/2064/432 2723/2026/2723
f 2723/2026/2723 432/2064/432 431/2065/431 2730/2033/2730
f 2730/2033/2730 431/2065/431 430/2066/430 2737/2040/2737
f 2737/2040/2737 430/2066/430 429/2067/429 2744/2047/2744
f 2744/2047/2744 429/2067/429 428/2068/428 2751/2054/2751
f 2751/2054/2751 428/2068/428 34/724/34 540/808/540
f 2750/2053/2750 2751/2054/2751 540/808/540 541/807/541
f 2749/2052/2749 2750/2053/2750 541/807/541 542/800/542
f 2748/2051/2748 2749/2052/2749 542/800/542 543/806/543
f 2747/2050/2747 2748/2051/2748 543/806/543 544/805/544
f 2746/2048/2746 2747/2050/2747 544/805/544 545/780/545
f 2745/2049/2745 2746/2048/2746 545/780/545 546/803/546
f 442/1999/442 2745/2049/2745 546/803/546 36/1141/36
f 443/1998/443 2738/2042/2738 2745/2049/2745 442/1999/442
f 444/1997/444 2731/2035/2731 2738/2042/2738 443/1998/443
f 445/1996/445 2724/2028/2724 2731/2035/2731 444/1997/444
f 446/1995/446 2717/2021/2717 2724/2028/2724 445/1996/445
f 447/1994/447 2710/2009/2710 2717/2021/2717 446/1995/446
f 448/1993/448 2703/2006/2703 2710/2009/2710 447/1994/447
f 2752/2069/2752 2753/2070/2753 2760/2071/2760 2759/2072/2759
f 2753/2070/2753 2754/2073/2754 2761/2074/2761 2760/2071/2760
f 2754/2073/2754 2755/2075/2755 2762/2076/2762 2761/2074/2761
f 2755/2075/2755 2756/2077/2756 2763/2078/2763 2762/2076/2762
f 2756/2077/2756 2757/2079/2757 2764/2080/2764 2763/2078/2763
f 2757/2079/2757 2758/2081/2758 2765/2082/2765 2764/2080/2764
f 2759/2072/2759 2760/2071/2760 2767/2083/2767 2766/2084/2766
f 2760/2071/2760 2761/2074/2761 2768/2085/2768 2767/2083/2767
f 2761/2074/2761 2762/2076/2762 2769/2086/2769 2768/2085/2768
f 2762/2076/2762 2763/2078/2763 2770/2087/2770 2769/2086/2769
f 2763/2078/2763 2764/2080/2764 2771/2088/2771 2770/2087/2770
f 2764/2080/2764 2765/2082/2765 2772/2089/2772 2771/2088/2771
f 2766/2084/2766 2767/2083/2767 2774/2090/2774 2773/2091/2773
f 2767/2083/2767 2768/2085/2768 2775/2092/2775 2774/2090/2774
f 2768/2085/2768 2769/2086/2769 2776/2093/2776 2775/2092/2775
f 2769/2086/2769 2770/2087/2770 2777/2094/2777 2776/2093/2776
f 2770/2087/2770 2771/2088/2771 2778/2095/2778 2777/2094/2777
f 2771/2088/2771 2772/2089/2772 2779/2096/2779 2778/2095/2778
f 2773/2091/2773 2774/2090/2774 2781/2097/2781 2780/2098/2780
f 2774/2090/2774 2775/2092/2775 2782/2099/2782 2781/2097/2781
f 2775/2092/2775 2776/2093/2776 2783/2100/2783 2782/2099/2782
f 2776/2093/2776 2777/2094/2777 2784/2101/2784 2783/2100/2783
f 2777/2094/2777 2778/2095/2778 2785/2102/2785 2784/2101/2784
f 2778/2095/2778 2779/2096/2779 2786/2103/2786 2785/2102/2785
f 2780/2098/2780 2781/2097/2781 2788/2104/2788 2787/2105/2787
f 2781/2097/2781 2782/2099/2782 2789/2106/2789 2788/2104/2788
f 2782/2099/2782 2783/2100/2783 2790/2107/2790 2789/2106/2789
f 2783/2100/2783 2784/2101/2784 2791/2108/2791 2790/2107/2790
f 2784/2101/2784 2785/2102/2785 2792/2109/2792 2791/2108/2791
f 2785/2102/2785 2786/2103/2786 2793/2110/2793 2792/2109/2792
f 2787/2105/2787 2788/2104/2788 2795/2111/2795 2794/2112/2794
f 2788/2104/2788 2789/2106/2789 2796/2113/2796 2795/2111/2795
f 2789/2106/2789 2790/2107/2790 2797/2114/2797 2796/2113/2796
f 2790/2107/2790 2791/2108/2791 2798/2115/2798 2797/2114/2797
f 2791/2108/2791 2792/2109/2792 2799/2116/2799 2798/2115/2798
f 2792/2109/2792 2793/2110/2793 2800/2117/2800 2799/2116/2799
f 1/2118/1 176/536/176 2752/2069/2752 505/2119/505
f 176/536/176 177/2120/177 2753/2070/2753 2752/2069/2752
f 177/2120/177 178/2121/178 2754/2073/2754 2753/2070/2753
f 178/2121/178 179/2122/179 2755/2075/2755 2754/2073/2754
f 179/2122/179 180/2123/180 2756/2077/2756 2755/2075/2755
f 180/2123/180 181/2124/181 2757/2079/2757 2756/2077/2756
f 181/2124/181 182/2125/182 2758/2081/2758 2757/2079/2757
f 182/2125/182 3/1986/3 519/1988/519 2758/2081/2758
f 2758/2081/2758 519/1988/519 520/2005/520 2765/2082/2765
f 2765/2082/2765 520/2005/520 521/2004/521 2772/2089/2772
f 2772/2089/2772 521/2004/521 522/2003/522 2779/2096/2779
f 2779/2096/2779 522/2003/522 523/2002/523 2786/2103/2786
f 2786/2103/2786 523/2002/523 524/2001/524 2793/2110/2793
f 2793/2110/2793 524/2001/524 525/2000/525 2800/2117/2800
f 2800/2117/2800 525/2000/525 35/1133/35 547/2126/547
f 2799/2116/2799 2800/2117/2800 547/2126/547 548/771/548
f 2798/2115/2798 2799/2116/2799 548/771/548 549/751/549
f 2797/2114/2797 2798/2115/2798 549/751/549 550/770/550
f 2796/2113/2796 2797/2114/2797 550/770/550 551/769/551
f 2795/2111/2795 2796/2113/2796 551/769/551 552/768/552
f 2794/2112/2794 2795/2111/2795 552/768/552 553/767/553
f 511/2127/511 2794/2112/2794 553/767/553 33/733/33
f 510/2128/510 2787/2105/2787 2794/2112/2794 511/2127/511
f 509/2129/509 2780/2098/2780 2787/2105/2787 510/2128/510
f 508/2130/508 2773/2091/2773 2780/2098/2780 509/2129/509
f 507/2131/507 2766/2084/2766 2773/2091/2773 508/2130/508
f 506/2132/506 2759/2072/2759 2766/2084/2766 507/2131/507
f 505/2119/505 2752/2069/2752 2759/2072/2759 506/2132/506
f 2801/2133/2801 2802/2134/2802 2809/2135/2809 2808/2136/2808
f 2802/2134/2802 2803/2137/2803 2810/2138/2810 2809/2135/2809
f 2803/2137/2803 2804/2139/2804 2811/2140/2811 2810/2138/2810
f 2804/2139/2804 2805/2141/2805 2812/2142/2812 2811/2140/2811
f 2805/2141/2805 2806/2143/2806 2813/2144/2813 2812/2142/2812
f 2806/2143/2806 2807/2145/2807 2814/2146/2814 2813/2144/2813
f 2808/2136/2808 2809/2135/2809 2816/2147/2816 2815/2148/2815
f 2809/2135/2809 2810/2138/2810 2817/2149/2817 2816/2147/2816
f 2810/2138/2810 2811/2140/2811 2818/2150/2818 2817/2149/2817
f 2811/2140/2811 2812/2142/2812 2819/2151/2819 2818/2150/2818
f 2812/2142/2812 2813/2144/2813 2820/2152/2820 2819/2151/2819
f 2813/2144/2813 2814/2146/2814 2821/2153/2821 2820/2152/2820
f 2815/2148/2815 2816/2147/2816 2823/2154/2823 2822/2155/2822
f 2816/2147/2816 2817/2149/2817 2824/2156/2824 2823/2154/2823
f 2817/2149/2817 2818/2150/2818 2825/2157/2825 2824/2156/2824
f 2818/2150/2818 2819/2151/2819 2826/2158/2826 2825/2157/2825
f 2819/2151/2819 2820/2152/2820 2827/2159/2827 2826/2158/2826
f 2820/2152/2820 2821/2153/2821 2828/2160/2828 2827/2159/2827
f 2822/2155/2822 2823/2154/2823 2830/2161/2830 2829/2162/2829
f 2823/2154/2823 2824/2156/2824 2831/2163/2831 2830/2161/2830
f 2824/2156/2824 2825/2157/2825 2832/2164/2832 2831/2163/2831
f 2825/2157/2825 2826/2158/2826 2833/2165/2833 2832/2164/2832
f 2826/2158/2826 2827/2159/2827 2834/2166/2834 2833/2165/2833
f 2827/2159/2827 2828/2160/2828 2835/2167/2835 2834/2166/2834
f 2829/2162/2829 2830/2161/2830 2837/2168/2837 2836/2169/2836
f 2830/2161/2830 2831/2163/2831 2838/2170/2838 2837/2168/2837
f 2831/2163/2831 2832/2164/2832 2839/2171/2839 2838/2170/2838
f 2832/2164/2832 2833/2165/2833 2840/2172/2840 2839/2171/2839
f 2833/2165/2833 2834/2166/2834 2841/2173/2841 2840/2172/2840
f 2834/2166/2834 2835/2167/2835 2842/2174/2842 2841/2173/2841
f 2836/2169/2836 2837/2168/2837 2844/2175/2844 2843/2176/2843
f 2837/2168/2837 2838/2170/2838 2845/2177/2845 2844/2175/2844
f 2838/2170/2838 2839/2171/2839 2846/2178/2846 2845/2177/2845
f 2839/2171/2839 2840/2172/2840 2847/2179/2847 2846/2178/2846
f 2840/2172/2840 2841/2173/2841 2848/2180/2848 2847/2179/2847
f 2841/2173/2841 2842/2174/2842 2849/2181/2849 2848/2180/2848
f 2/2061/2 190/2182/190 2801/2133/2801 434/2062/434
f 190/2182/190 191/2183/191 2802/2134/2802 2801/2133/2801
f 191/2183/191 192/2184/192 2803/2137/2803 2802/2134/2802
f 192/2184/192 193/2185/193 2804/2139/2804 2803/2137/2803
f 193/2185/193 194/2186/194 2805/2141/2805 2804/2139/2804
f 194/2186/194 195/2187/195 2806/2143/2806 2805/2141/2805
f 195/2187/195 196/2188/196 2807/2145/2807 2806/2143/2806
f 196/2188/196 1/2118/1 505/2119/505 2807/2145/2807
f 2807/2145/2807 505/2119/505 506/2132/506 2814/2146/2814
f 2814/2146/2814 506/2132/506 507/2131/507 2821/2153/2821
f 2821/2153/2821 507/2131/507 508/2130/508 2828/2160/2828
f 2828/2160/2828 508/2130/508 509/2129/509 2835/2167/2835
f 2835/2167/2835 509/2129/509 510/2128/510 2842/2174/2842
f 2842/2174/2842 510/2128/510 511/2127/511 2849/2181/2849
f 2849/2181/2849 511/2127/511 33/733/33 554/732/554
f 2848/2180/2848 2849/2181/2849 554/732/554 555/731/555
f 2847/2179/2847 2848/2180/2848 555/731/555 556/730/556
f 2846/2178/2846 2847/2179/2847 556/730/556 557/729/557
f 2845/2177/2845 2846/2178/2846 557/729/557 558/728/558
f 2844/2175/2844 2845/2177/2845 558/728/558 559/727/559
f 2843/2176/2843 2844/2175/2844 559/727/559 560/725/560
f 428/2068/428 2843/2176/2843 560/725/560 34/724/34
f 429/2067/429 2836/2169/2836 2843/2176/2843 428/2068/428
f 430/2066/430 2829/2162/2829 2836/2169/2836 429/2067/429
f 431/2065/431 2822/2155/2822 2829/2162/2829 430/2066/430
f 432/2064/432 2815/2148/2815 2822/2155/2822 431/2065/431
f 433/2063/433 2808/2136/2808 2815/2148/2815 432/2064/432
f 434/2062/434 2801/2133/2801 2808/2136/2808 433/2063/433
f 2850/1304/2850 2851/2189/2851 2858/2190/2858 2857/1304/2857
f 2851/2189/2851 2852/2191/2852 2859/2192/2859 2858/2190/2858
f 2852/2191/2852 2853/1074/2853 2860/2193/2860 2859/2192/2859
f 2853/1074/2853 2854/2194/2854 2861/2195/2861 2860/2193/2860
f 2854/2194/2854 2855/2196/2855 2862/2196/2862 2861/2195/2861
f 2855/2196/2855 2856/1306/2856 2863/2197/2863 2862/2196/2862
f 2857/1304/2857 2858/2190/2858 2865/2198/2865 2864/2199/2864
f 2858/2190/2858 2859/2192/2859 2866/2200/2866 2865/2198/2865
f 2859/2192/2859 2860/2193/2860 2867/2193/2867 2866/2200/2866
f 2860/2193/2860 2861/2195/2861 2868/2201/2868 2867/2193/2867
f 2861/2195/2861 2862/2196/2862 2869/2202/2869 2868/2201/2868
f 2862/2196/2862 2863/2197/2863 2870/2203/2870 2869/2202/2869
f 2864/2199/2864 2865/2198/2865 2872/2204/2872 2871/1077/2871
f 2865/2198/2865 2866/2200/2866 2873/2192/2873 2872/2204/2872
f 2866/2200/2866 2867/2193/2867 2874/2193/2874 2873/2192/2873
f 2867/2193/2867 2868/2201/2868 2875/2195/2875 2874/2193/2874
f 2868/2201/2868 2869/2202/2869 2876/2196/2876 2875/2195/2875
f 2869/2202/2869 2870/2203/2870 2877/2197/2877 2876/2196/2876
f 2871/1077/2871 2872/2204/2872 2879/2205/2879 2878/2206/2878
f 2872/2204/2872 2873/2192/2873 2880/2200/2880 2879/2205/2879
f 2873/2192/2873 2874/2193/2874 2881/2193/2881 2880/2200/2880
f 2874/2193/2874 2875/2195/2875 2882/2201/2882 2881/2193/2881
f 2875/2195/2875 2876/2196/2876 2883/2202/2883 2882/2201/2882
f 2876/2196/2876 2877/2197/2877 2884/2203/2884 2883/2202/2883
f 2878/2206/2878 2879/2205/2879 2886/2204/2886 2885/2207/2885
f 2879/2205/2879 2880/2200/2880 2887/2192/2887 2886/2204/2886
f 2880/2200/2880 2881/2193/2881 2888/2208/2888 2887/2192/2887
f 2881/2193/2881 2882/2201/2882 2889/2195/2889 2888/2208/2888
f 2882/2201/2882 2883/2202/2883 2890/2196/2890 2889/2195/2889
f 2883/2202/2883 2884/2203/2884 2891/2209/2891 2890/2196/2890
f 2885/2207/2885 2886/2204/2886 2893/2204/2893 2892/2210/2892
f 2886/2204/2886 2887/2192/2887 2894/2211/2894 2893/2204/2893
f 2887/2192/2887 2888/2208/2888 2895/2193/2895 2894/2211/2894
f 2888/2208/2888 2889/2195/2889 2896/2212/2896 2895/2193/2895
f 2889/2195/2889 2890/2196/2890 2897/2196/2897 2896/2212/2896
f 2890/2196/2890 2891/2209/2891 2898/1306/2898 2897/2196/2897
f 14/1184/14 274/2213/274 2850/1304/2850 561/1186/561
f 274/2213/274 275/1076/275 2851/2189/2851 2850/1304/2850
f 275/1076/275 276/1075/276 2852/2191/2852 2851/2189/2851
f 276/1075/276 277/1074/277 2853/1074/2853 2852/2191/2852
f 277/1074/277 278/1073/278 2854/2194/2854 2853/1074/2853
f 278/1073/278 279/1072/279 2855/2196/2855 2854/2194/2854
f 279/1072/279 280/1071/280 2856/1306/2856 2855/2196/2855
f 280/1071/280 13/2214/13 582/2215/582 2856/1306/2856
f 2856/1306/2856 582/2215/582 583/2215/583 2863/2197/2863
f 2863/2197/2863 583/2215/583 584/2215/584 2870/2203/2870
f 2870/2203/2870 584/2215/584 585/2215/585 2877/2197/2877
f 2877/2197/2877 585/2215/585 586/2215/586 2884/2203/2884
f 2884/2203/2884 586/2215/586 587/2215/587 2891/2209/2891
f 2891/2209/2891 587/2215/587 588/2215/588 2898/1306/2898
f 2898/1306/2898 588/2215/588 40/2214/40 589/1071/589
f 2897/2196/2897 2898/1306/2898 589/1071/589 590/1072/590
f 2896/2212/2896 2897/2196/2897 590/1072/590 591/1073/591
f 2895/2193/2895 2896/2212/2896 591/1073/591 592/1074/592
f 2894/2211/2894 2895/2193/2895 592/1074/592 593/1075/593
f 2893/2204/2893 2894/2211/2894 593/1075/593 594/1305/594
f 2892/2210/2892 2893/2204/2893 594/1305/594 595/1304/595
f 567/1184/567 2892/2210/2892 595/1304/595 37/1006/37
f 566/1184/566 2885/2207/2885 2892/2210/2892 567/1184/567
f 565/1185/565 2878/2206/2878 2885/2207/2885 566/1184/566
f 564/1185/564 2871/1077/2871 2878/2206/2878 565/1185/565
f 563/1184/563 2864/2199/2864 2871/1077/2871 564/1185/564
f 562/1186/562 2857/1304/2857 2864/2199/2864 563/1184/563
f 561/1186/561 2850/1304/2850 2857/1304/2857 562/1186/562
f 2899/2216/2899 2900/2217/2900 2907/2218/2907 2906/2219/2906
f 2900/2217/2900 2901/2220/2901 2908/2221/2908 2907/2218/2907
f 2901/2220/2901 2902/2222/2902 2909/2223/2909 2908/2221/2908
f 2902/2222/2902 2903/2224/2903 2910/2225/2910 2909/2223/2909
f 2903/2224/2903 2904/2226/2904 2911/2227/2911 2910/2225/2910
f 2904/2226/2904 2905/2228/2905 2912/2229/2912 2911/2227/2911
f 2906/2219/2906 2907/2218/2907 2914/2230/2914 2913/2231/2913
f 2907/2218/2907 2908/2221/2908 2915/2232/2915 2914/2230/2914
f 2908/2221/2908 2909/2223/2909 2916/2233/2916 2915/2232/2915
f 2909/2223/2909 2910/2225/2910 2917/2234/2917 2916/2233/2916
f 2910/2225/2910 2911/2227/2911 2918/2235/2918 2917/2234/2917
f 2911/2227/2911 2912/2229/2912 2919/2236/2919 2918/2235/2918
f 2913/2231/2913 2914/2230/2914 2921/2237/2921 2920/2238/2920
f 2914/2230/2914 2915/2232/2915 2922/2239/2922 2921/2237/2921
f 2915/2232/2915 2916/2233/2916 2923/2240/2923 2922/2239/2922
f 2916/2233/2916 2917/2234/2917 2924/2241/2924 2923/2240/2923
f 2917/2234/2917 2918/2235/2918 2925/2242/2925 2924/2241/2924
f 2918/2235/2918 2919/2236/2919 2926/2243/2926 2925/2242/2925
f 2920/2238/2920 2921/2237/2921 2928/2244/2928 2927/2245/2927
f 2921/2237/2921 2922/2239/2922 2929/2246/2929 2928/2244/2928
f 2922/2239/2922 2923/2240/2923 2930/2247/2930 2929/2246/2929
f 2923/2240/2923 2924/2241/2924 2931/2248/2931 2930/2247/2930
f 2924/2241/2924 2925/2242/2925 2932/2249/2932 2931/2248/2931
f 2925/2242/2925 2926/2243/2926 2933/2250/2933 2932/2249/2932
f 2927/2245/2927 2928/2244/2928 2935/2251/2935 2934/2252/2934
f 2928/2244/2928 2929/2246/2929 2936/2253/2936 2935/2251/2935
f 2929/2246/2929 2930/2247/2930 2937/2254/2937 2936/2253/2936
f 2930/2247/2930 2931/2248/2931 2938/2255/2938 2937/2254/2937
f 2931/2248/2931 2932/2249/2932 2939/2256/2939 2938/2255/2938
f 2932/2249/2932 2933/2250/2933 2940/2257/2940 2939/2256/2939
f 2934/2252/2934 2935/2251/2935 2942/2258/2942 2941/2259/2941
f 2935/2251/2935 2936/2253/2936 2943/2260/2943 2942/2258/2942
f 2936/2253/2936 2937/2254/2937 2944/2261/2944 2943/2260/2943
f 2937/2254/2937 2938/2255/2938 2945/2262/2945 2944/2261/2944
f 2938/2255/2938 2939/2256/2939 2946/2263/2946 2945/2262/2945
f 2939/2256/2939 2940/2257/2940 2947/2264/2947 2946/2263/2946
f 15/868/15 259/2265/259 2899/2216/2899 469/2266/469
f 259/2265/259 258/866/258 2900/2217/2900 2899/2216/2899
f 258/866/258 257/2267/257 2901/2220/2901 2900/2217/2900
f 257/2267/257 256/2268/256 2902/2222/2902 2901/2220/2901
f 256/2268/256 255/2269/255 2903/2224/2903 2902/2222/2902
f 255/2269/255 254/2270/254 2904/2226/2904 2903/2224/2903
f 254/2270/254 253/2271/253 2905/2228/2905 2904/2226/2904
f 253/2271/253 16/2272/16 462/2273/462 2905/2228/2905
f 2905/2228/2905 462/2273/462 461/2274/461 2912/2229/2912
f 2912/2229/2912 461/2274/461 460/2275/460 2919/2236/2919
f 2919/2236/2919 460/2275/460 459/2276/459 2926/2243/2926
f 2926/2243/2926 459/2276/459 458/2277/458 2933/2250/2933
f 2933/2250/2933 458/2277/458 457/2278/457 2940/2257/2940
f 2940/2257/2940 457/2278/457 456/2279/456 2947/2264/2947
f 2947/2264/2947 456/2279/456 38/1246/38 596/1245/596
f 2946/2263/2946 2947/2264/2947 596/1245/596 597/1244/597
f 2945/2262/2945 2946/2263/2946 597/1244/597 598/1243/598
f 2944/2261/2944 2945/2262/2945 598/1243/598 599/1242/599
f 2943/2260/2943 2944/2261/2944 599/1242/599 600/1241/600
f 2942/2258/2942 2943/2260/2943 600/1241/600 601/1240/601
f 2941/2259/2941 2942/2258/2942 601/1240/601 602/1239/602
f 463/2280/463 2941/2259/2941 602/1239/602 39/140/39
f 464/2281/464 2934/2252/2934 2941/2259/2941 463/2280/463
f 465/2282/465 2927/2245/2927 2934/2252/2934 464/2281/464
f 466/2283/466 2920/2238/2920 2927/2245/2927 465/2282/465
f 467/2284/467 2913/2231/2913 2920/2238/2920 466/2283/466
f 468/2285/468 2906/2219/2906 2913/2231/2913 467/2284/467
f 469/2266/469 2899/2216/2899 2906/2219/2906 468/2285/468
f 2948/2286/2948 2949/2287/2949 2956/2288/2956 2955/2289/2955
f 2949/2287/2949 2950/2290/2950 2957/2291/2957 2956/2288/2956
f 2950/2290/2950 2951/2292/2951 2958/2293/2958 2957/2291/2957
f 2951/2292/2951 2952/2294/2952 2959/2295/2959 2958/2293/2958
f 2952/2294/2952 2953/2296/2953 2960/2297/2960 2959/2295/2959
f 2953/2296/2953 2954/2298/2954 2961/2299/2961 2960/2297/2960
f 2955/2289/2955 2956/2288/2956 2963/2300/2963 2962/2301/2962
f 2956/2288/2956 2957/2291/2957 2964/2302/2964 2963/2300/2963
f 2957/2291/2957 2958/2293/2958 2965/2303/2965 2964/2302/2964
f 2958/2293/2958 2959/2295/2959 2966/2304/2966 2965/2303/2965
f 2959/2295/2959 2960/2297/2960 2967/2305/2967 2966/2304/2966
f 2960/2297/2960 2961/2299/2961 2968/2306/2968 2967/2305/2967
f 2962/2301/2962 2963/2300/2963 2970/2307/2970 2969/2308/2969
f 2963/2300/2963 2964/2302/2964 2971/2309/2971 2970/2307/2970
f 2964/2302/2964 2965/2303/2965 2972/2310/2972 2971/2309/2971
f 2965/2303/2965 2966/2304/2966 2973/2311/2973 2972/2310/2972
f 2966/2304/2966 2967/2305/2967 2974/2312/2974 2973/2311/2973
f 2967/2305/2967 2968/2306/2968 2975/2313/2975 2974/2312/2974
f 2969/2308/2969 2970/2307/2970 2977/2314/2977 2976/2315/2976
f 2970/2307/2970 2971/2309/2971 2978/2316/2978 2977/2314/2977
f 2971/2309/2971 2972/2310/2972 2979/2317/2979 2978/2316/2978
f 2972/2310/2972 2973/2311/2973 2980/2318/2980 2979/2317/2979
f 2973/2311/2973 2974/2312/2974 2981/2319/2981 2980/2318/2980
f 2974/2312/2974 2975/2313/2975 2982/2320/2982 2981/2319/2981
f 2976/2315/2976 2977/2314/2977 2984/2321/2984 2983/2322/2983
f 2977/2314/2977 2978/2316/2978 2985/2323/2985 2984/2321/2984
f 2978/2316/2978 2979/2317/2979 2986/2324/2986 2985/2323/2985
f 2979/2317/2979 2980/2318/2980 2987/2325/2987 2986/2324/2986
f 2980/2318/2980 2981/2319/2981 2988/2326/2988 2987/2325/2987
f 2981/2319/2981 2982/2320/2982 2989/2327/2989 2988/2326/2988
f 2983/2322/2983 2984/2321/2984 2991/2328/2991 2990/2329/2990
f 2984/2321/2984 2985/2323/2985 2992/2330/2992 2991/2328/2991
f 2985/2323/2985 2986/2324/2986 2993/2331/2993 2992/2330/2992
f 2986/2324/2986 2987/2325/2987 2994/2332/2994 2993/2331/2993
f 2987/2325/2987 2988/2326/2988 2995/2333/2995 2994/2332/2994
f 2988/2326/2988 2989/2327/2989 2996/2334/2996 2995/2333/2995
f 16/2272/16 267/2335/267 2948/2286/2948 462/2273/462
f 267/2335/267 268/1013/268 2949/2287/2949 2948/2286/2948
f 268/1013/268 269/1012/269 2950/2290/2950 2949/2287/2949
f 269/1012/269 270/2336/270 2951/2292/2951 2950/2290/2950
f 270/2336/270 271/1010/271 2952/2294/2952 2951/2292/2951
f 271/1010/271 272/2337/272 2953/2296/2953 2952/2294/2952
f 272/2337/272 273/1007/273 2954/2298/2954 2953/2296/2953
f 273/1007/273 14/1006/14 561/1186/561 2954/2298/2954
f 2954/2298/2954 561/1186/561 562/1186/562 2961/2299/2961
f 2961/2299/2961 562/1186/562 563/1184/563 2968/2306/2968
f 2968/2306/2968 563/1184/563 564/1185/564 2975/2313/2975
f 2975/2313/2975 564/1185/564 565/1185/565 2982/2320/2982
f 2982/2320/2982 565/1185/565 566/1184/566 2989/2327/2989
f 2989/2327/2989 566/1184/566 567/1184/567 2996/2334/2996
f 2996/2334/2996 567/1184/567 37/1006/37 603/1171/603
f 2995/2333/2995 2996/2334/2996 603/1171/603 604/1183/604
f 2994/2332/2994 2995/2333/2995 604/1183/604 605/1157/605
f 2993/2331/2993 2994/2332/2994 605/1157/605 606/1178/606
f 2992/2330/2992 2993/2331/2993 606/1178/606 607/1153/607
f 2991/2328/2991 2992/2330/2992 607/1153/607 608/1176/608
f 2990/2329/2990 2991/2328/2991 608/1176/608 609/1162/609
f 456/2279/456 2990/2329/2990 609/1162/609 38/1246/38
f 457/2278/457 2983/2322/2983 2990/2329/2990 456/2279/456
f 458/2277/458 2976/2315/2976 2983/2322/2983 457/2278/457
f 459/2276/459 2969/2308/2969 2976/2315/2976 458/2277/458
f 460/2275/460 2962/2301/2962 2969/2308/2969 459/2276/459
f 461/2274/461 2955/2289/2955 2962/2301/2962 460/2275/460
f 462/2273/462 2948/2286/2948 2955/2289/2955 461/2274/461
f 2997/2338/2997 2998/2339/2998 3005/2340/3005 3004/2341/3004
f 2998/2339/2998 2999/2342/2999 3006/2343/3006 3005/2340/3005
f 2999/2342/2999 3000/2344/3000 3007/2345/3007 3006/2343/3006
f 3000/2344/3000 3001/2346/3001 3008/2347/3008 3007/2345/3007
f 3001/2346/3001 3002/2348/3002 3009/2349/3009 3008/2347/3008
f 3002/2348/3002 3003/2350/3003 3010/2351/3010 3009/2349/3009
f 3004/2341/3004 3005/2340/3005 3012/2352/3012 3011/2353/3011
f 3005/2340/3005 3006/2343/3006 3013/2354/3013 3012/2352/3012
f 3006/2343/3006 3007/2345/3007 3014/2355/3014 3013/2354/3013
f 3007/2345/3007 3008/2347/3008 3015/2356/3015 3014/2355/3014
f 3008/2347/3008 3009/2349/3009 3016/2357/3016 3015/2356/3015
f 3009/2349/3009 3010/2351/3010 3017/2358/3017 3016/2357/3016
f 3011/2353/3011 3012/2352/3012 3019/2359/3019 3018/2360/3018
f 3012/2352/3012 3013/2354/3013 3020/2361/3020 3019/2359/3019
f 3013/2354/3013 3014/2355/3014 3021/2362/3021 3020/2361/3020
f 3014/2355/3014 3015/2356/3015 3022/2363/3022 3021/2362/3021
f 3015/2356/3015 3016/2357/3016 3023/2364/3023 3022/2363/3022
f 3016/2357/3016 3017/2358/3017 3024/2365/3024 3023/2364/3023
f 3018/2360/3018 3019/2359/3019 3026/2366/3026 3025/2367/3025
f 3019/2359/3019 3020/2361/3020 3027/2368/3027 3026/2366/3026
f 3020/2361/3020 3021/2362/3021 3028/2369/3028 3027/2368/3027
f 3021/2362/3021 3022/2363/3022 3029/2370/3029 3028/2369/3028
f 3022/2363/3022 3023/2364/3023 3030/2371/3030 3029/2370/3029
f 3023/2364/3023 3024/2365/3024 3031/2372/3031 3030/2371/3030
f 3025/2367/3025 3026/2366/3026 3033/2373/3033 3032/2374/3032
f 3026/2366/3026 3027/2368/3027 3034/2375/3034 3033/2373/3033
f 3027/2368/3027 3028/2369/3028 3035/2376/3035 3034/2375/3034
f 3028/2369/3028 3029/2370/3029 3036/2377/3036 3035/2376/3035
f 3029/2370/3029 3030/2371/3030 3037/2378/3037 3036/2377/3036
f 3030/2371/3030 3031/2372/3031 3038/2379/3038 3037/2378/3037
f 3032/2374/3032 3033/2373/3033 3040/2380/3040 3039/2381/3039
f 3033/2373/3033 3034/2375/3034 3041/2382/3041 3040/2380/3040
f 3034/2375/3034 3035/2376/3035 3042/2383/3042 3041/2382/3041
f 3035/2376/3035 3036/2377/3036 3043/2384/3043 3042/2383/3042
f 3036/2377/3036 3037/2378/3037 3044/2385/3044 3043/2384/3043
f 3037/2378/3037 3038/2379/3038 3045/2386/3045 3044/2385/3044
f 13/131/13 260/946/260 2997/2338/2997 582/2215/582
f 260/946/260 261/945/261 2998/2339/2998 2997/2338/2997
f 261/945/261 262/2387/262 2999/2342/2999 2998/2339/2998
f 262/2387/262 263/2388/263 3000/2344/3000 2999/2342/2999
f 263/2388/263 264/2389/264 3001/2346/3001 3000/2344/3000
f 264/2389/264 265/941/265 3002/2348/3002 3001/2346/3001
f 265/941/265 266/2390/266 3003/2350/3003 3002/2348/3002
f 266/2390/266 15/868/15 469/2266/469 3003/2350/3003
f 3003/2350/3003 469/2266/469 468/2285/468 3010/2351/3010
f 3010/2351/3010 468/2285/468 467/2284/467 3017/2358/3017
f 3017/2358/3017 467/2284/467 466/2283/466 3024/2365/3024
f 3024/2365/3024 466/2283/466 465/2282/465 3031/2372/3031
f 3031/2372/3031 465/2282/465 464/2281/464 3038/2379/3038
f 3038/2379/3038 464/2281/464 463/2280/463 3045/2386/3045
f 3045/2386/3045 463/2280/463 39/140/39 610/139/610
f 3044/2385/3044 3045/2386/3045 610/139/610 611/138/611
f 3043/2384/3043 3044/2385/3044 611/138/611 612/137/612
f 3042/2383/3042 3043/2384/3043 612/137/612 613/136/613
f 3041/2382/3041 3042/2383/3042 613/136/613 614/135/614
f 3040/2380/3040 3041/2382/3041 614/135/614 615/134/615
f 3039/2381/3039 3040/2380/3040 615/134/615 616/132/616
f 588/2391/588 3039/2381/3039 616/132/616 40/131/40
f 587/2215/587 3032/2374/3032 3039/2381/3039 588/2391/588
f 586/2215/586 3025/2367/3025 3032/2374/3032 587/2215/587
f 585/2215/585 3018/2360/3018 3025/2367/3025 586/2215/586
f 584/2215/584 3011/2353/3011 3018/2360/3018 585/2215/585
f 583/2215/583 3004/2341/3004 3011/2353/3011 584/2215/584
f 582/2215/582 2997/2338/2997 3004/2341/3004 583/2215/583
f 3046/2392/3046 3047/2393/3047 3054/2394/3054 3053/2395/3053
f 3047/2393/3047 3048/2396/3048 3055/2397/3055 3054/2394/3054
f 3048/2396/3048 3049/2398/3049 3056/2399/3056 3055/2397/3055
f 3049/2398/3049 3050/2400/3050 3057/2401/3057 3056/2399/3056
f 3050/2400/3050 3051/2402/3051 3058/2403/3058 3057/2401/3057
f 3051/2402/3051 3052/2404/3052 3059/2405/3059 3058/2403/3058
f 3053/2395/3053 3054/2394/3054 3061/2406/3061 3060/2407/3060
f 3054/2394/3054 3055/2397/3055 3062/2408/3062 3061/2406/3061
f 3055/2397/3055 3056/2399/3056 3063/2409/3063 3062/2408/3062
f 3056/2399/3056 3057/2401/3057 3064/2410/3064 3063/2409/3063
f 3057/2401/3057 3058/2403/3058 3065/2411/3065 3064/2410/3064
f 3058/2403/3058 3059/2405/3059 3066/2412/3066 3065/2411/3065
f 3060/2407/3060 3061/2406/3061 3068/2413/3068 3067/2414/3067
f 3061/2406/3061 3062/2408/3062 3069/2415/3069 3068/2413/3068
f 3062/2408/3062 3063/2409/3063 3070/2416/3070 3069/2415/3069
f 3063/2409/3063 3064/2410/3064 3071/2417/3071 3070/2416/3070
f 3064/2410/3064 3065/2411/3065 3072/2418/3072 3071/2417/3071
f 3065/2411/3065 3066/2412/3066 3073/2419/3073 3072/2418/3072
f 3067/2414/3067 3068/2413/3068 3075/2420/3075 3074/2421/3074
f 3068/2413/3068 3069/2415/3069 3076/2422/3076 3075/2420/3075
f 3069/2415/3069 3070/2416/3070 3077/2423/3077 3076/2422/3076
f 3070/2416/3070 3071/2417/3071 3078/2424/3078 3077/2423/3077
f 3071/2417/3071 3072/2418/3072 3079/2425/3079 3078/2424/3078
f 3072/2418/3072 3073/2419/3073 3080/2426/3080 3079/2425/3079
f 3074/2421/3074 3075/2420/3075 3082/2427/3082 3081/2428/3081
f 3075/2420/3075 3076/2422/3076 3083/2429/3083 3082/2427/3082
f 3076/2422/3076 3077/2423/3077 3084/2430/3084 3083/2429/3083
f 3077/2423/3077 3078/2424/3078 3085/2431/3085 3084/2430/3084
f 3078/2424/3078 3079/2425/3079 3086/2432/3086 3085/2431/3085
f 3079/2425/3079 3080/2426/3080 3087/2433/3087 3086/2432/3086
f 3081/2428/3081 3082/2427/3082 3089/2434/3089 3088/2435/3088
f 3082/2427/3082 3083/2429/3083 3090/2436/3090 3089/2434/3089
f 3083/2429/3083 3084/2430/3084 3091/2437/3091 3090/2436/3090
f 3084/2430/3084 3085/2431/3085 3092/2438/3092 3091/2437/3091
f 3085/2431/3085 3086/2432/3086 3093/2439/3093 3092/2438/3092
f 3086/2432/3086 3087/2433/3087 3094/2440/3094 3093/2439/3093
f 23/2441/23 343/2442/343 3046/2392/3046 631/2443/631
f 343/2442/343 342/1370/342 3047/2393/3047 3046/2392/3046
f 342/1370/342 341/2444/341 3048/2396/3048 3047/2393/3047
f 341/2444/341 340/2445/340 3049/2398/3049 3048/2396/3048
f 340/2445/340 339/1367/339 3050/2400/3050 3049/2398/3049
f 339/1367/339 338/1366/338 3051/2402/3051 3050/2400/3050
f 338/1366/338 337/1364/337 3052/2404/3052 3051/2402/3051
f 337/1364/337 24/2446/24 504/2447/504 3052/2404/3052
f 3052/2404/3052 504/2447/504 503/2448/503 3059/2405/3059
f 3059/2405/3059 503/2448/503 502/2449/502 3066/2412/3066
f 3066/2412/3066 502/2449/502 501/2450/501 3073/2419/3073
f 3073/2419/3073 501/2450/501 500/2451/500 3080/2426/3080
f 3080/2426/3080 500/2451/500 499/2452/499 3087/2433/3087
f 3087/2433/3087 499/2452/499 498/2453/498 3094/2440/3094
f 3094/2440/3094 498/2453/498 44/2454/44 645/2455/645
f 3093/2439/3093 3094/2440/3094 645/2455/645 646/1935/646
f 3092/2438/3092 3093/2439/3093 646/1935/646 647/1934/647
f 3091/2437/3091 3092/2438/3092 647/1934/647 648/1933/648
f 3090/2436/3090 3091/2437/3091 648/1933/648 649/1932/649
f 3089/2434/3089 3090/2436/3090 649/1932/649 650/1931/650
f 3088/2435/3088 3089/2434/3089 650/1931/650 651/1930/651
f 637/2443/637 3088/2435/3088 651/1930/651 43/2441/43
f 636/2443/636 3081/2428/3081 3088/2435/3088 637/2443/637
f 635/2456/635 3074/2421/3074 3081/2428/3081 636/2443/636
f 634/2443/634 3067/2414/3067 3074/2421/3074 635/2456/635
f 633/2456/633 3060/2407/3060 3067/2414/3067 634/2443/634
f 632/2443/632 3053/2395/3053 3060/2407/3060 633/2456/633
f 631/2443/631 3046/2392/3046 3053/2395/3053 632/2443/632
f 3095/2457/3095 3096/2458/3096 3103/2459/3103 3102/2460/3102
f 3096/2458/3096 3097/2461/3097 3104/2462/3104 3103/2459/3103
f 3097/2461/3097 3098/2463/3098 3105/2464/3105 3104/2462/3104
f 3098/2463/3098 3099/2465/3099 3106/2466/3106 3105/2464/3105
f 3099/2465/3099 3100/2467/3100 3107/2468/3107 3106/2466/3106
f 3100/2467/3100 3101/2469/3101 3108/2470/3108 3107/2468/3107
f 3102/2460/3102 3103/2459/3103 3110/2471/3110 3109/2472/3109
f 3103/2459/3103 3104/2462/3104 3111/2473/3111 3110/2471/3110
f 3104/2462/3104 3105/2464/3105 3112/2474/3112 3111/2473/3111
f 3105/2464/3105 3106/2466/3106 3113/2475/3113 3112/2474/3112
f 3106/2466/3106 3107/2468/3107 3114/2476/3114 3113/2475/3113
f 3107/2468/3107 3108/2470/3108 3115/2477/3115 3114/2476/3114
f 3109/2472/3109 3110/2471/3110 3117/2478/3117 3116/2479/3116
f 3110/2471/3110 3111/2473/3111 3118/2480/3118 3117/2478/3117
f 3111/2473/3111 3112/2474/3112 3119/2481/3119 3118/2480/3118
f 3112/2474/3112 3113/2475/3113 3120/2482/3120 3119/2481/3119
f 3113/2475/3113 3114/2476/3114 3121/2483/3121 3120/2482/3120
f 3114/2476/3114 3115/2477/3115 3122/2484/3122 3121/2483/3121
f 3116/2479/3116 3117/2478/3117 3124/2485/3124 3123/2486/3123
f 3117/2478/3117 3118/2480/3118 3125/2487/3125 3124/2485/3124
f 3118/2480/3118 3119/2481/3119 3126/2488/3126 3125/2487/3125
f 3119/2481/3119 3120/2482/3120 3127/2489/3127 3126/2488/3126
f 3120/2482/3120 3121/2483/3121 3128/2490/3128 3127/2489/3127
f 3121/2483/3121 3122/2484/3122 3129/2491/3129 3128/2490/3128
f 3123/2486/3123 3124/2485/3124 3131/2492/3131 3130/2493/3130
f 3124/2485/3124 3125/2487/3125 3132/2494/3132 3131/2492/3131
f 3125/2487/3125 3126/2488/3126 3133/2495/3133 3132/2494/3132
f 3126/2488/3126 3127/2489/3127 3134/2496/3134 3133/2495/3133
f 3127/2489/3127 3128/2490/3128 3135/2497/3135 3134/2496/3134
f 3128/2490/3128 3129/2491/3129 3136/2498/3136 3135/2497/3135
f 3130/2493/3130 3131/2492/3131 3138/2499/3138 3137/2500/3137
f 3131/2492/3131 3132/2494/3132 3139/2501/3139 3138/2499/3138
f 3132/2494/3132 3133/2495/3133 3140/2502/3140 3139/2501/3139
f 3133/2495/3133 3134/2496/3134 3141/2503/3141 3140/2502/3140
f 3134/2496/3134 3135/2497/3135 3142/2504/3142 3141/2503/3141
f 3135/2497/3135 3136/2498/3136 3143/2505/3143 3142/2504/3142
f 24/1363/24 351/1521/351 3095/2457/3095 504/2447/504
f 351/1521/351 352/2506/352 3096/2458/3096 3095/2457/3095
f 352/2506/352 353/2507/353 3097/2461/3097 3096/2458/3096
f 353/2507/353 354/2508/354 3098/2463/3098 3097/2461/3097
f 354/2508/354 355/2509/355 3099/2465/3099 3098/2463/3098
f 355/2509/355 356/2510/356 3100/2467/3100 3099/2465/3099
f 356/2510/356 357/2511/357 3101/2469/3101 3100/2467/3100
f 357/2511/357 22/2512/22 490/2513/490 3101/2469/3101
f 3101/2469/3101 490/2513/490 489/2514/489 3108/2470/3108
f 3108/2470/3108 489/2514/489 488/2515/488 3115/2477/3115
f 3115/2477/3115 488/2515/488 487/2516/487 3122/2484/3122
f 3122/2484/3122 487/2516/487 486/2517/486 3129/2491/3129
f 3129/2491/3129 486/2517/486 485/2518/485 3136/2498/3136
f 3136/2498/3136 485/2518/485 484/2519/484 3143/2505/3143
f 3143/2505/3143 484/2519/484 42/1868/42 652/1867/652
f 3142/2504/3142 3143/2505/3143 652/1867/652 653/1866/653
f 3141/2503/3141 3142/2504/3142 653/1866/653 654/1865/654
f 3140/2502/3140 3141/2503/3141 654/1865/654 655/1864/655
f 3139/2501/3139 3140/2502/3140 655/1864/655 656/1863/656
f 3138/2499/3138 3139/2501/3139 656/1863/656 657/1862/657
f 3137/2500/3137 3138/2499/3138 657/1862/657 658/1860/658
f 498/2520/498 3137/2500/3137 658/1860/658 44/1859/44
f 499/2452/499 3130/2493/3130 3137/2500/3137 498/2520/498
f 500/2451/500 3123/2486/3123 3130/2493/3130 499/2452/499
f 501/2450/501 3116/2479/3116 3123/2486/3123 500/2451/500
f 502/2449/502 3109/2472/3109 3116/2479/3116 501/2450/501
f 503/2448/503 3102/2460/3102 3109/2472/3109 502/2449/502
f 504/2447/504 3095/2457/3095 3102/2460/3102 503/2448/503
f 3144/2521/3144 3145/2522/3145 3152/2523/3152 3151/2524/3151
f 3145/2522/3145 3146/2525/3146 3153/2526/3153 3152/2523/3152
f 3146/2525/3146 3147/2527/3147 3154/2528/3154 3153/2526/3153
f 3147/2527/3147 3148/2529/3148 3155/2530/3155 3154/2528/3154
f 3148/2529/3148 3149/2531/3149 3156/2532/3156 3155/2530/3155
f 3149/2531/3149 3150/2533/3150 3157/2534/3157 3156/2532/3156
f 3151/2524/3151 3152/2523/3152 3159/2535/3159 3158/2536/3158
f 3152/2523/3152 3153/2526/3153 3160/2537/3160 3159/2535/3159
f 3153/2526/3153 3154/2528/3154 3161/2538/3161 3160/2537/3160
f 3154/2528/3154 3155/2530/3155 3162/2539/3162 3161/2538/3161
f 3155/2530/3155 3156/2532/3156 3163/2540/3163 3162/2539/3162
f 3156/2532/3156 3157/2534/3157 3164/2541/3164 3163/2540/3163
f 3158/2536/3158 3159/2535/3159 3166/2542/3166 3165/2543/3165
f 3159/2535/3159 3160/2537/3160 3167/2544/3167 3166/2542/3166
f 3160/2537/3160 3161/2538/3161 3168/2545/3168 3167/2544/3167
f 3161/2538/3161 3162/2539/3162 3169/2546/3169 3168/2545/3168
f 3162/2539/3162 3163/2540/3163 3170/2547/3170 3169/2546/3169
f 3163/2540/3163 3164/2541/3164 3171/2548/3171 3170/2547/3170
f 3165/2543/3165 3166/2542/3166 3173/2549/3173 3172/2550/3172
f 3166/2542/3166 3167/2544/3167 3174/2551/3174 3173/2549/3173
f 3167/2544/3167 3168/2545/3168 3175/2552/3175 3174/2551/3174
f 3168/2545/3168 3169/2546/3169 3176/2553/3176 3175/2552/3175
f 3169/2546/3169 3170/2547/3170 3177/2554/3177 3176/2553/3176
f 3170/2547/3170 3171/2548/3171 3178/2555/3178 3177/2554/3177
f 3172/2550/3172 3173/2549/3173 3180/2556/3180 3179/2557/3179
f 3173/2549/3173 3174/2551/3174 3181/2558/3181 3180/2556/3180
f 3174/2551/3174 3175/2552/3175 3182/2559/3182 3181/2558/3181
f 3175/2552/3175 3176/2553/3176 3183/2560/3183 3182/2559/3182
f 3176/2553/3176 3177/2554/3177 3184/2561/3184 3183/2560/3183
f 3177/2554/3177 3178/2555/3178 3185/2562/3185 3184/2561/3184
f 3179/2557/3179 3180/2556/3180 3187/2563/3187 3186/2564/3186
f 3180/2556/3180 3181/2558/3181 3188/2565/3188 3187/2563/3187
f 3181/2558/3181 3182/2559/3182 3189/2566/3189 3188/2565/3188
f 3182/2559/3182 3183/2560/3183 3190/2567/3190 3189/2566/3189
f 3183/2560/3183 3184/2561/3184 3191/2568/3191 3190/2567/3190
f 3184/2561/3184 3185/2562/3185 3192/2569/3192 3191/2568/3191
f 21/2570/21 344/2571/344 3144/2521/3144 617/2572/617
f 344/2571/344 345/2573/345 3145/2522/3145 3144/2521/3144
f 345/2573/345 346/2574/346 3146/2525/3146 3145/2522/3145
f 346/2574/346 347/2575/347 3147/2527/3147 3146/2525/3146
f 347/2575/347 348/2576/348 3148/2529/3148 3147/2527/3147
f 348/2576/348 349/2577/349 3149/2531/3149 3148/2529/3148
f 349/2577/349 350/2578/350 3150/2533/3150 3149/2531/3149
f 350/2578/350 23/1372/23 631/2443/631 3150/2533/3150
f 3150/2533/3150 631/2443/631 632/2443/632 3157/2534/3157
f 3157/2534/3157 632/2443/632 633/2456/633 3164/2541/3164
f 3164/2541/3164 633/2456/633 634/2443/634 3171/2548/3171
f 3171/2548/3171 634/2443/634 635/2456/635 3178/2555/3178
f 3178/2555/3178 635/2456/635 636/2443/636 3185/2562/3185
f 3185/2562/3185 636/2443/636 637/1372/637 3192/2569/3192
f 3192/2569/3192 637/1372/637 43/1372/43 659/1796/659
f 3191/2568/3191 3192/2569/3192 659/1796/659 660/1795/660
f 3190/2567/3190 3191/2568/3191 660/1795/660 661/1794/661
f 3189/2566/3189 3190/2567/3190 661/1794/661 662/1793/662
f 3188/2565/3188 3189/2566/3189 662/1793/662 663/1792/663
f 3187/2563/3187 3188/2565/3188 663/1792/663 664/1791/664
f 3186/2564/3186 3187/2563/3187 664/1791/664 665/1790/665
f 623/2579/623 3186/2564/3186 665/1790/665 41/1666/41
f 622/2580/622 3179/2557/3179 3186/2564/3186 623/2579/623
f 621/2581/621 3172/2550/3172 3179/2557/3179 622/2580/622
f 620/2582/620 3165/2543/3165 3172/2550/3172 621/2581/621
f 619/2583/619 3158/2536/3158 3165/2543/3165 620/2582/620
f 618/2584/618 3151/2524/3151 3158/2536/3158 619/2583/619
f 617/2572/617 3144/2521/3144 3151/2524/3151 618/2584/618
f 3193/2585/3193 3194/2586/3194 3201/2587/3201 3200/2588/3200
f 3194/2586/3194 3195/2589/3195 3202/2590/3202 3201/2587/3201
f 3195/2589/3195 3196/2591/3196 3203/2592/3203 3202/2590/3202
f 3196/2591/3196 3197/2593/3197 3204/2594/3204 3203/2592/3203
f 3197/2593/3197 3198/2595/3198 3205/2596/3205 3204/2594/3204
f 3198/2595/3198 3199/2597/3199 3206/2598/3206 3205/2596/3205
f 3200/2588/3200 3201/2587/3201 3208/2599/3208 3207/2600/3207
f 3201/2587/3201 3202/2590/3202 3209/2601/3209 3208/2599/3208
f 3202/2590/3202 3203/2592/3203 3210/2602/3210 3209/2601/3209
f 3203/2592/3203 3204/2594/3204 3211/2603/3211 3210/2602/3210
f 3204/2594/3204 3205/2596/3205 3212/2604/3212 3211/2603/3211
f 3205/2596/3205 3206/2598/3206 3213/2605/3213 3212/2604/3212
f 3207/2600/3207 3208/2599/3208 3215/2606/3215 3214/2607/3214
f 3208/2599/3208 3209/2601/3209 3216/2608/3216 3215/2606/3215
f 3209/2601/3209 3210/2602/3210 3217/2609/3217 3216/2608/3216
f 3210/2602/3210 3211/2603/3211 3218/2610/3218 3217/2609/3217
f 3211/2603/3211 3212/2604/3212 3219/2611/3219 3218/2610/3218
f 3212/2604/3212 3213/2605/3213 3220/2612/3220 3219/2611/3219
f 3214/2607/3214 3215/2606/3215 3222/2613/3222 3221/2614/3221
f 3215/2606/3215 3216/2608/3216 3223/2615/3223 3222/2613/3222
f 3216/2608/3216 3217/2609/3217 3224/2616/3224 3223/2615/3223
f 3217/2609/3217 3218/2610/3218 3225/2617/3225 3224/2616/3224
f 3218/2610/3218 3219/2611/3219 3226/2618/3226 3225/2617/3225
f 3219/2611/3219 3220/2612/3220 3227/2619/3227 3226/2618/3226
f 3221/2614/3221 3222/2613/3222 3229/2620/3229 3228/2621/3228
f 3222/2613/3222 3223/2615/3223 3230/2622/3230 3229/2620/3229
f 3223/2615/3223 3224/2616/3224 3231/2623/3231 3230/2622/3230
f 3224/2616/3224 3225/2617/3225 3232/2624/3232 3231/2623/3231
f 3225/2617/3225 3226/2618/3226 3233/2625/3233 3232/2624/3232
f 3226/2618/3226 3227/2619/3227 3234/2626/3234 3233/2625/3233
f 3228/2621/3228 3229/2620/3229 3236/2627/3236 3235/2628/3235
f 3229/2620/3229 3230/2622/3230 3237/2629/3237 3236/2627/3236
f 3230/2622/3230 3231/2623/3231 3238/2630/3238 3237/2629/3237
f 3231/2623/3231 3232/2624/3232 3239/2631/3239 3238/2630/3238
f 3232/2624/3232 3233/2625/3233 3240/2632/3240 3239/2631/3239
f 3233/2625/3233 3234/2626/3234 3241/2633/3241 3240/2632/3240
f 22/2512/22 358/2634/358 3193/2585/3193 490/2513/490
f 358/2634/358 359/1584/359 3194/2586/3194 3193/2585/3193
f 359/1584/359 360/2635/360 3195/2589/3195 3194/2586/3194
f 360/2635/360 361/2636/361 3196/2591/3196 3195/2589/3195
f 361/2636/361 362/2637/362 3197/2593/3197 3196/2591/3196
f 362/2637/362 363/2638/363 3198/2595/3198 3197/2593/3197
f 363/2638/363 364/2639/364 3199/2597/3199 3198/2595/3198
f 364/2639/364 21/2570/21 617/2572/617 3199/2597/3199
f 3199/2597/3199 617/2572/617 618/2584/618 3206/2598/3206
f 3206/2598/3206 618/2584/618 619/2583/619 3213/2605/3213
f 3213/2605/3213 619/2583/619 620/2582/620 3220/2612/3220
f 3220/2612/3220 620/2582/620 621/2581/621 3227/2619/3227
f 3227/2619/3227 621/2581/621 622/2580/622 3234/2626/3234
f 3234/2626/3234 622/2580/622 623/2579/623 3241/2633/3241
f 3241/2633/3241 623/2579/623 41/1666/41 666/2640/666
f 3240/2632/3240 3241/2633/3241 666/2640/666 667/1728/667
f 3239/2631/3239 3240/2632/3240 667/1728/667 668/1727/668
f 3238/2630/3238 3239/2631/3239 668/1727/668 669/1726/669
f 3237/2629/3237 3238/2630/3238 669/1726/669 670/1725/670
f 3236/2627/3236 3237/2629/3237 670/1725/670 671/1724/671
f 3235/2628/3235 3236/2627/3236 671/1724/671 672/1722/672
f 484/2519/484 3235/2628/3235 672/1722/672 42/1868/42
f 485/2518/485 3228/2621/3228 3235/2628/3235 484/2519/484
f 486/2517/486 3221/2614/3221 3228/2621/3228 485/2518/485
f 487/2516/487 3214/2607/3214 3221/2614/3221 486/2517/486
f 488/2515/488 3207/2600/3207 3214/2607/3214 487/2516/487
f 489/2514/489 3200/2588/3200 3207/2600/3207 488/2515/488
f 490/2513/490 3193/2585/3193 3200/2588/3200 489/2514/489
f 3242/2641/3242 3243/4/3243 3250/2642/3250 3249/2643/3249
f 3243/4/3243 3244/2644/3244 3251/2645/3251 3250/2642/3250
f 3244/2644/3244 3245/2646/3245 3252/2647/3252 3251/2645/3251
f 3245/2646/3245 3246/2648/3246 3253/2649/3253 3252/2647/3252
f 3246/2648/3246 3247/2650/3247 3254/2651/3254 3253/2649/3253
f 3247/2650/3247 3248/2652/3248 3255/2653/3255 3254/2651/3254
f 3249/2643/3249 3250/2642/3250 3257/2654/3257 3256/2655/3256
f 3250/2642/3250 3251/2645/3251 3258/17/3258 3257/2654/3257
f 3251/2645/3251 3252/2647/3252 3259/2656/3259 3258/17/3258
f 3252/2647/3252 3253/2649/3253 3260/2657/3260 3259/2656/3259
f 3253/2649/3253 3254/2651/3254 3261/2658/3261 3260/2657/3260
f 3254/2651/3254 3255/2653/3255 3262/2659/3262 3261/2658/3261
f 3256/2655/3256 3257/2654/3257 3264/2660/3264 3263/2661/3263
f 3257/2654/3257 3258/17/3258 3265/2662/3265 3264/2660/3264
f 3258/17/3258 3259/2656/3259 3266/25/3266 3265/2662/3265
f 3259/2656/3259 3260/2657/3260 3267/32/3267 3266/25/3266
f 3260/2657/3260 3261/2658/3261 3268/2663/3268 3267/32/3267
f 3261/2658/3261 3262/2659/3262 3269/2664/3269 3268/2663/3268
f 3263/2661/3263 3264/2660/3264 3271/10/3271 3270/9/3270
f 3264/2660/3264 3265/2662/3265 3272/19/3272 3271/10/3271
f 3265/2662/3265 3266/25/3266 3273/2665/3273 3272/19/3272
f 3266/25/3266 3267/32/3267 3274/2666/3274 3273/2665/3273
f 3267/32/3267 3268/2663/3268 3275/2667/3275 3274/2666/3274
f 3268/2663/3268 3269/2664/3269 3276/2668/3276 3275/2667/3275
f 3270/9/3270 3271/10/3271 3278/2669/3278 3277/2670/3277
f 3271/10/3271 3272/19/3272 3279/2671/3279 3278/2669/3278
f 3272/19/3272 3273/2665/3273 3280/27/3280 3279/2671/3279
f 3273/2665/3273 3274/2666/3274 3281/2672/3281 3280/27/3280
f 3274/2666/3274 3275/2667/3275 3282/2673/3282 3281/2672/3281
f 3275/2667/3275 3276/2668/3276 3283/2674/3283 3282/2673/3282
f 3277/2670/3277 3278/2669/3278 3285/2675/3285 3284/2676/3284
f 3278/2669/3278 3279/2671/3279 3286/21/3286 3285/2675/3285
f 3279/2671/3279 3280/27/3280 3287/28/3287 3286/21/3286
f 3280/27/3280 3281/2672/3281 3288/2677/3288 3287/28/3287
f 3281/2672/3281 3282/2673/3282 3289/2678/3289 3288/2677/3288
f 3282/2673/3282 3283/2674/3283 3290/49/3290 3289/2678/3289
f 5/50/5 721/2679/721 3242/2641/3242 168/2680/168
f 721/2679/721 720/81/720 3243/4/3243 3242/2641/3242
f 720/81/720 719/2681/719 3244/2644/3244 3243/4/3243
f 719/2681/719 718/79/718 3245/2646/3245 3244/2644/3244
f 718/79/718 717/78/717 3246/2648/3246 3245/2646/3245
f 717/78/717 716/77/716 3247/2650/3247 3246/2648/3246
f 716/77/716 715/75/715 3248/2652/3248 3247/2650/3247
f 715/75/715 50/76/50 686/2682/686 3248/2652/3248
f 3248/2652/3248 686/2682/686 685/2683/685 3255/2653/3255
f 3255/2653/3255 685/2683/685 684/72/684 3262/2659/3262
f 3262/2659/3262 684/72/684 683/71/683 3269/2664/3269
f 3269/2664/3269 683/71/683 682/2684/682 3276/2668/3276
f 3276/2668/3276 682/2684/682 681/2685/681 3283/2674/3283
f 3283/2674/3283 681/2685/681 680/2686/680 3290/49/3290
f 3290/49/3290 680/2686/680 49/67/49 679/66/679
f 3289/2678/3289 3290/49/3290 679/66/679 678/65/678
f 3288/2677/3288 3289/2678/3289 678/65/678 677/64/677
f 3287/28/3287 3288/2677/3288 677/64/677 676/63/676
f 3286/21/3286 3287/28/3287 676/63/676 675/2687/675
f 3285/2675/3285 3286/21/3286 675/2687/675 674/61/674
f 3284/2676/3284 3285/2675/3285 674/61/674 673/60/673
f 162/2688/162 3284/2676/3284 673/60/673 6/59/6
f 163/57/163 3277/2670/3277 3284/2676/3284 162/2688/162
f 164/2689/164 3270/9/3270 3277/2670/3277 163/57/163
f 165/55/165 3263/2661/3263 3270/9/3270 164/2689/164
f 166/2690/166 3256/2655/3256 3263/2661/3263 165/55/165
f 167/53/167 3249/2643/3249 3256/2655/3256 166/2690/166
f 168/2680/168 3242/2641/3242 3249/2643/3249 167/53/167
f 3291/2691/3291 3292/2692/3292 3299/2693/3299 3298/2694/3298
f 3292/2692/3292 3293/2695/3293 3300/2696/3300 3299/2693/3299
f 3293/2695/3293 3294/2697/3294 3301/2698/3301 3300/2696/3300
f 3294/2697/3294 3295/2699/3295 3302/2700/3302 3301/2698/3301
f 3295/2699/3295 3296/2701/3296 3303/2702/3303 3302/2700/3302
f 3296/2701/3296 3297/2703/3297 3304/2704/3304 3303/2702/3303
f 3298/2694/3298 3299/2693/3299 3306/2705/3306 3305/2706/3305
f 3299/2693/3299 3300/2696/3300 3307/2707/3307 3306/2705/3306
f 3300/2696/3300 3301/2698/3301 3308/2708/3308 3307/2707/3307
f 3301/2698/3301 3302/2700/3302 3309/2709/3309 3308/2708/3308
f 3302/2700/3302 3303/2702/3303 3310/2710/3310 3309/2709/3309
f 3303/2702/3303 3304/2704/3304 3311/2711/3311 3310/2710/3310
f 3305/2706/3305 3306/2705/3306 3313/2712/3313 3312/2713/3312
f 3306/2705/3306 3307/2707/3307 3314/2714/3314 3313/2712/3313
f 3307/2707/3307 3308/2708/3308 3315/2715/3315 3314/2714/3314
f 3308/2708/3308 3309/2709/3309 3316/2716/3316 3315/2715/3315
f 3309/2709/3309 3310/2710/3310 3317/2717/3317 3316/2716/3316
f 3310/2710/3310 3311/2711/3311 3318/2718/3318 3317/2717/3317
f 3312/2713/3312 3313/2712/3313 3320/2719/3320 3319/2720/3319
f 3313/2712/3313 3314/2714/3314 3321/2721/3321 3320/2719/3320
f 3314/2714/3314 3315/2715/3315 3322/2722/3322 3321/2721/3321
f 3315/2715/3315 3316/2716/3316 3323/2723/3323 3322/2722/3322
f 3316/2716/3316 3317/2717/3317 3324/2724/3324 3323/2723/3323
f 3317/2717/3317 3318/2718/3318 3325/2725/3325 3324/2724/3324
f 3319/2720/3319 3320/2719/3320 3327/2726/3327 3326/2727/3326
f 3320/2719/3320 3321/2721/3321 3328/2728/3328 3327/2726/3327
f 3321/2721/3321 3322/2722/3322 3329/2729/3329 3328/2728/3328
f 3322/2722/3322 3323/2723/3323 3330/2730/3330 3329/2729/3329
f 3323/2723/3323 3324/2724/3324 3331/2731/3331 3330/2730/3330
f 3324/2724/3324 3325/2725/3325 3332/2732/3332 3331/2731/3331
f 3326/2727/3326 3327/2726/3327 3334/2733/3334 3333/2734/3333
f 3327/2726/3327 3328/2728/3328 3335/2735/3335 3334/2733/3334
f 3328/2728/3328 3329/2729/3329 3336/2736/3336 3335/2735/3335
f 3329/2729/3329 3330/2730/3330 3337/2737/3337 3336/2736/3336
f 3330/2730/3330 3331/2731/3331 3338/2738/3338 3337/2737/3337
f 3331/2731/3331 3332/2732/3332 3339/2739/3339 3338/2738/3338
f 80/131/80 1030/2215/1030 3291/2691/3291 1176/2740/1176
f 1030/2215/1030 1031/2215/1031 3292/2692/3292 3291/2691/3291
f 1031/2215/1031 1032/2215/1032 3293/2695/3293 3292/2692/3292
f 1032/2215/1032 1033/2215/1033 3294/2697/3294 3293/2695/3293
f 1033/2215/1033 1034/2215/1034 3295/2699/3295 3294/2697/3294
f 1034/2215/1034 1035/2215/1035 3296/2701/3296 3295/2699/3295
f 1035/2215/1035 1036/2215/1036 3297/2703/3297 3296/2701/3296
f 1036/2215/1036 67/2214/67 876/2741/876 3297/2703/3297
f 3297/2703/3297 876/2741/876 877/2742/877 3304/2704/3304
f 3304/2704/3304 877/2742/877 878/2743/878 3311/2711/3311
f 3311/2711/3311 878/2743/878 879/2744/879 3318/2718/3318
f 3318/2718/3318 879/2744/879 880/2745/880 3325/2725/3325
f 3325/2725/3325 880/2745/880 881/2746/881 3332/2732/3332
f 3332/2732/3332 881/2746/881 882/2747/882 3339/2739/3339
f 3339/2739/3339 882/2747/882 66/2748/66 1135/2749/1135
f 3338/2738/3338 3339/2739/3339 1135/2749/1135 1136/2750/1136
f 3337/2737/3337 3338/2738/3338 1136/2750/1136 1137/2751/1137
f 3336/2736/3336 3337/2737/3337 1137/2751/1137 1138/2752/1138
f 3335/2735/3335 3336/2736/3336 1138/2752/1138 1139/2753/1139
f 3334/2733/3334 3335/2735/3335 1139/2753/1139 1140/2754/1140
f 3333/2734/3333 3334/2733/3334 1140/2754/1140 1141/2755/1141
f 1170/2756/1170 3333/2734/3333 1141/2755/1141 79/140/79
f 1171/138/1171 3326/2727/3326 3333/2734/3333 1170/2756/1170
f 1172/2757/1172 3319/2720/3319 3326/2727/3326 1171/138/1171
f 1173/2758/1173 3312/2713/3312 3319/2720/3319 1172/2757/1172
f 1174/135/1174 3305/2706/3305 3312/2713/3312 1173/2758/1173
f 1175/2759/1175 3298/2694/3298 3305/2706/3305 1174/135/1174
f 1176/2740/1176 3291/2691/3291 3298/2694/3298 1175/2759/1175
f 3340/163/3340 3341/2760/3341 3348/165/3348 3347/2761/3347
f 3341/2760/3341 3342/178/3342 3349/177/3349 3348/165/3348
f 3342/178/3342 3343/2762/3343 3350/2763/3350 3349/177/3349
f 3343/2762/3343 3344/192/3344 3351/2764/3351 3350/2763/3350
f 3344/192/3344 3345/2765/3345 3352/2766/3352 3351/2764/3351
f 3345/2765/3345 3346/2767/3346 3353/2768/3353 3352/2766/3352
f 3347/2761/3347 3348/165/3348 3355/168/3355 3354/2769/3354
f 3348/165/3348 3349/177/3349 3356/179/3356 3355/168/3355
f 3349/177/3349 3350/2763/3350 3357/186/3357 3356/179/3356
f 3350/2763/3350 3351/2764/3351 3358/2770/3358 3357/186/3357
f 3351/2764/3351 3352/2766/3352 3359/2771/3359 3358/2770/3358
f 3352/2766/3352 3353/2768/3353 3360/207/3360 3359/2771/3359
f 3354/2769/3354 3355/168/3355 3362/170/3362 3361/2772/3361
f 3355/168/3355 3356/179/3356 3363/2773/3363 3362/170/3362
f 3356/179/3356 3357/186/3357 3364/187/3364 3363/2773/3363
f 3357/186/3357 3358/2770/3358 3365/194/3365 3364/187/3364
f 3358/2770/3358 3359/2771/3359 3366/2774/3366 3365/194/3365
f 3359/2771/3359 3360/207/3360 3367/2775/3367 3366/2774/3366
f 3361/2772/3361 3362/170/3362 3369/2776/3369 3368/2777/3368
f 3362/170/3362 3363/2773/3363 3370/2778/3370 3369/2776/3369
f 3363/2773/3363 3364/187/3364 3371/2779/3371 3370/2778/3370
f 3364/187/3364 3365/194/3365 3372/195/3372 3371/2779/3371
f 3365/194/3365 3366/2774/3366 3373/202/3373 3372/195/3372
f 3366/2774/3366 3367/2775/3367 3374/209/3374 3373/202/3373
f 3368/2777/3368 3369/2776/3369 3376/2780/3376 3375/173/3375
f 3369/2776/3369 3370/2778/3370 3377/2781/3377 3376/2780/3376
f 3370/2778/3370 3371/2779/3371 3378/2782/3378 3377/2781/3377
f 3371/2779/3371 3372/195/3372 3379/2783/3379 3378/2782/3378
f 3372/195/3372 3373/202/3373 3380/2784/3380 3379/2783/3379
f 3373/202/3373 3374/209/3374 3381/2785/3381 3380/2784/3380
f 3375/173/3375 3376/2780/3376 3383/2786/3383 3382/2787/3382
f 3376/2780/3376 3377/2781/3377 3384/2788/3384 3383/2786/3383
f 3377/2781/3377 3378/2782/3378 3385/2789/3385 3384/2788/3384
f 3378/2782/3378 3379/2783/3379 3386/2790/3386 3385/2789/3385
f 3379/2783/3379 3380/2784/3380 3387/204/3387 3386/2790/3386
f 3380/2784/3380 3381/2785/3381 3388/211/3388 3387/204/3387
f 5/212/5 148/2791/148 3340/163/3340 721/2792/721
f 148/2791/148 149/242/149 3341/2760/3341 3340/163/3340
f 149/242/149 150/2793/150 3342/178/3342 3341/2760/3341
f 150/2793/150 151/240/151 3343/2762/3343 3342/178/3342
f 151/240/151 152/2794/152 3344/192/3344 3343/2762/3343
f 152/2794/152 153/238/153 3345/2765/3345 3344/192/3344
f 153/238/153 154/2795/154 3346/2767/3346 3345/2765/3345
f 154/2795/154 7/237/7 708/2796/708 3346/2767/3346
f 3346/2767/3346 708/2796/708 709/234/709 3353/2768/3353
f 3353/2768/3353 709/234/709 710/2797/710 3360/207/3360
f 3360/207/3360 710/2797/710 711/232/711 3367/2775/3367
f 3367/2775/3367 711/232/711 712/231/712 3374/209/3374
f 3374/209/3374 712/231/712 713/230/713 3381/2785/3381
f 3381/2785/3381 713/230/713 714/229/714 3388/211/3388
f 3388/211/3388 714/229/714 51/228/51 687/2798/687
f 3387/204/3387 3388/211/3388 687/2798/687 688/226/688
f 3386/2790/3386 3387/204/3387 688/226/688 689/225/689
f 3385/2789/3385 3386/2790/3386 689/225/689 690/2799/690
f 3384/2788/3384 3385/2789/3385 690/2799/690 691/547/691
f 3383/2786/3383 3384/2788/3384 691/547/691 692/222/692
f 3382/2787/3382 3383/2786/3383 692/222/692 693/548/693
f 715/220/715 3382/2787/3382 693/548/693 50/76/50
f 716/219/716 3375/173/3375 3382/2787/3382 715/220/715
f 717/218/717 3368/2777/3368 3375/173/3375 716/219/716
f 718/217/718 3361/2772/3361 3368/2777/3368 717/218/717
f 719/2800/719 3354/2769/3354 3361/2772/3361 718/217/718
f 720/215/720 3347/2761/3347 3354/2769/3354 719/2800/719
f 721/2792/721 3340/163/3340 3347/2761/3347 720/215/720
f 3389/243/3389 3390/2801/3390 3397/245/3397 3396/2802/3396
f 3390/2801/3390 3391/2803/3391 3398/257/3398 3397/245/3397
f 3391/2803/3391 3392/2804/3392 3399/264/3399 3398/257/3398
f 3392/2804/3392 3393/2805/3393 3400/2806/3400 3399/264/3399
f 3393/2805/3393 3394/2807/3394 3401/278/3401 3400/2806/3400
f 3394/2807/3394 3395/286/3395 3402/2808/3402 3401/278/3401
f 3396/2802/3396 3397/245/3397 3404/2809/3404 3403/2810/3403
f 3397/245/3397 3398/257/3398 3405/2811/3405 3404/2809/3404
f 3398/257/3398 3399/264/3399 3406/266/3406 3405/2811/3405
f 3399/264/3399 3400/2806/3400 3407/2812/3407 3406/266/3406
f 3400/2806/3400 3401/278/3401 3408/2813/3408 3407/2812/3407
f 3401/278/3401 3402/2808/3402 3409/2814/3409 3408/2813/3408
f 3403/2810/3403 3404/2809/3404 3411/2815/3411 3410/2816/3410
f 3404/2809/3404 3405/2811/3405 3412/260/3412 3411/2815/3411
f 3405/2811/3405 3406/266/3406 3413/2817/3413 3412/260/3412
f 3406/266/3406 3407/2812/3407 3414/274/3414 3413/2817/3413
f 3407/2812/3407 3408/2813/3408 3415/2818/3415 3414/274/3414
f 3408/2813/3408 3409/2814/3409 3416/2819/3416 3415/2818/3415
f 3410/2816/3410 3411/2815/3411 3418/2820/3418 3417/2821/3417
f 3411/2815/3411 3412/260/3412 3419/261/3419 3418/2820/3418
f 3412/260/3412 3413/2817/3413 3420/268/3420 3419/261/3419
f 3413/2817/3413 3414/274/3414 3421/275/3421 3420/268/3420
f 3414/274/3414 3415/2818/3415 3422/282/3422 3421/275/3421
f 3415/2818/3415 3416/2819/3416 3423/289/3423 3422/282/3422
f 3417/2821/3417 3418/2820/3418 3425/2822/3425 3424/2823/3424
f 3418/2820/3418 3419/261/3419 3426/262/3426 3425/2822/3425
f 3419/261/3419 3420/268/3420 3427/2824/3427 3426/262/3426
f 3420/268/3420 3421/275/3421 3428/276/3428 3427/2824/3427
f 3421/275/3421 3422/282/3422 3429/283/3429 3428/276/3428
f 3422/282/3422 3423/289/3423 3430/290/3430 3429/283/3429
f 3424/2823/3424 3425/2822/3425 3432/2825/3432 3431/2826/3431
f 3425/2822/3425 3426/262/3426 3433/263/3433 3432/2825/3432
f 3426/262/3426 3427/2824/3427 3434/2827/3434 3433/263/3433
f 3427/2824/3427 3428/276/3428 3435/2828/3435 3434/2827/3434
f 3428/276/3428 3429/283/3429 3436/2829/3436 3435/2828/3435
f 3429/283/3429 3430/290/3430 3437/291/3437 3436/2829/3436
f 49/67/49 694/293/694 3389/243/3389 679/292/679
f 694/293/694 695/2830/695 3390/2801/3390 3389/243/3389
f 695/2830/695 696/608/696 3391/2803/3391 3390/2801/3390
f 696/608/696 697/609/697 3392/2804/3392 3391/2803/3391
f 697/609/697 698/2831/698 3393/2805/3393 3392/2804/3392
f 698/2831/698 699/318/699 3394/2807/3394 3393/2805/3393
f 699/318/699 700/2832/700 3395/286/3395 3394/2807/3394
f 700/2832/700 52/317/52 722/315/722 3395/286/3395
f 3395/286/3395 722/315/722 723/314/723 3402/2808/3402
f 3402/2808/3402 723/314/723 724/313/724 3409/2814/3409
f 3409/2814/3409 724/313/724 725/312/725 3416/2819/3416
f 3416/2819/3416 725/312/725 726/2833/726 3423/289/3423
f 3423/289/3423 726/2833/726 727/310/727 3430/290/3430
f 3430/290/3430 727/310/727 728/2834/728 3437/291/3437
f 3437/291/3437 728/2834/728 8/308/8 147/2835/147
f 3436/2829/3436 3437/291/3437 147/2835/147 146/306/146
f 3435/2828/3435 3436/2829/3436 146/306/146 145/2836/145
f 3434/2827/3434 3435/2828/3435 145/2836/145 144/304/144
f 3433/263/3433 3434/2827/3434 144/304/144 143/2837/143
f 3432/2825/3432 3433/263/3433 143/2837/143 142/302/142
f 3431/2826/3431 3432/2825/3432 142/302/142 141/2838/141
f 673/2839/673 3431/2826/3431 141/2838/141 6/300/6
f 674/298/674 3424/2823/3424 3431/2826/3431 673/2839/673
f 675/2840/675 3417/2821/3417 3424/2823/3424 674/298/674
f 676/296/676 3410/2816/3410 3417/2821/3417 675/2840/675
f 677/295/677 3403/2810/3403 3410/2816/3410 676/296/676
f 678/294/678 3396/2802/3396 3403/2810/3403 677/295/677
f 679/292/679 3389/243/3389 3396/2802/3396 678/294/678
f 3438/323/3438 3439/326/3439 3446/2841/3446 3445/2842/3445
f 3439/326/3439 3440/338/3440 3447/2843/3447 3446/2841/3446
f 3440/338/3440 3441/345/3441 3448/2844/3448 3447/2843/3447
f 3441/345/3441 3442/352/3442 3449/2845/3449 3448/2844/3448
f 3442/352/3442 3443/2846/3443 3450/2847/3450 3449/2845/3449
f 3443/2846/3443 3444/2848/3444 3451/365/3451 3450/2847/3450
f 3445/2842/3445 3446/2841/3446 3453/2849/3453 3452/2850/3452
f 3446/2841/3446 3447/2843/3447 3454/339/3454 3453/2849/3453
f 3447/2843/3447 3448/2844/3448 3455/2851/3455 3454/339/3454
f 3448/2844/3448 3449/2845/3449 3456/2852/3456 3455/2851/3455
f 3449/2845/3449 3450/2847/3450 3457/360/3457 3456/2852/3456
f 3450/2847/3450 3451/365/3451 3458/367/3458 3457/360/3457
f 3452/2850/3452 3453/2849/3453 3460/330/3460 3459/329/3459
f 3453/2849/3453 3454/339/3454 3461/340/3461 3460/330/3460
f 3454/339/3454 3455/2851/3455 3462/2853/3462 3461/340/3461
f 3455/2851/3455 3456/2852/3456 3463/2854/3463 3462/2853/3462
f 3456/2852/3456 3457/360/3457 3464/361/3464 3463/2854/3463
f 3457/360/3457 3458/367/3458 3465/368/3465 3464/361/3464
f 3459/329/3459 3460/330/3460 3467/2855/3467 3466/2856/3466
f 3460/330/3460 3461/340/3461 3468/2857/3468 3467/2855/3467
f 3461/340/3461 3462/2853/3462 3469/348/3469 3468/2857/3468
f 3462/2853/3462 3463/2854/3463 3470/355/3470 3469/348/3469
f 3463/2854/3463 3464/361/3464 3471/362/3471 3470/355/3470
f 3464/361/3464 3465/368/3465 3472/2858/3472 3471/362/3471
f 3466/2856/3466 3467/2855/3467 3474/334/3474 3473/333/3473
f 3467/2855/3467 3468/2857/3468 3475/2859/3475 3474/334/3474
f 3468/2857/3468 3469/348/3469 3476/2860/3476 3475/2859/3475
f 3469/348/3469 3470/355/3470 3477/2861/3477 3476/2860/3476
f 3470/355/3470 3471/362/3471 3478/2862/3478 3477/2861/3477
f 3471/362/3471 3472/2858/3472 3479/370/3479 3478/2862/3478
f 3473/333/3473 3474/334/3474 3481/2863/3481 3480/2864/3480
f 3474/334/3474 3475/2859/3475 3482/343/3482 3481/2863/3481
f 3475/2859/3475 3476/2860/3476 3483/350/3483 3482/343/3482
f 3476/2860/3476 3477/2861/3477 3484/2865/3484 3483/350/3483
f 3477/2861/3477 3478/2862/3478 3485/2866/3485 3484/2865/3484
f 3478/2862/3478 3479/370/3479 3486/371/3486 3485/2866/3485
f 51/228/51 714/373/714 3438/323/3438 707/2867/707
f 714/373/714 713/401/713 3439/326/3439 3438/323/3438
f 713/401/713 712/400/712 3440/338/3440 3439/326/3439
f 712/400/712 711/399/711 3441/345/3441 3440/338/3440
f 711/399/711 710/2868/710 3442/352/3442 3441/345/3441
f 710/2868/710 709/397/709 3443/2846/3443 3442/352/3442
f 709/397/709 708/2869/708 3444/2848/3444 3443/2846/3443
f 708/2869/708 7/396/7 161/2870/161 3444/2848/3444
f 3444/2848/3444 161/2870/161 160/393/160 3451/365/3451
f 3451/365/3451 160/393/160 159/2871/159 3458/367/3458
f 3458/367/3458 159/2871/159 158/391/158 3465/368/3465
f 3465/368/3465 158/391/158 157/2872/157 3472/2858/3472
f 3472/2858/3472 157/2872/157 156/389/156 3479/370/3479
f 3479/370/3479 156/389/156 155/2873/155 3486/371/3486
f 3486/371/3486 155/2873/155 8/387/8 728/386/728
f 3485/2866/3485 3486/371/3486 728/386/728 727/385/727
f 3484/2865/3484 3485/2866/3485 727/385/727 726/2874/726
f 3483/350/3483 3484/2865/3484 726/2874/726 725/383/725
f 3482/343/3482 3483/350/3483 725/383/725 724/382/724
f 3481/2863/3481 3482/343/3482 724/382/724 723/381/723
f 3480/2864/3480 3481/2863/3481 723/381/723 722/380/722
f 701/2875/701 3480/2864/3480 722/380/722 52/317/52
f 702/378/702 3473/333/3473 3480/2864/3480 701/2875/701
f 703/377/703 3466/2856/3466 3473/333/3473 702/378/702
f 704/376/704 3459/329/3459 3466/2856/3466 703/377/703
f 705/2876/705 3452/2850/3452 3459/329/3459 704/376/704
f 706/374/706 3445/2842/3445 3452/2850/3452 705/2876/705
f 707/2867/707 3438/323/3438 3445/2842/3445 706/374/706
f 3487/2877/3487 3488/405/3488 3495/2878/3495 3494/2879/3494
f 3488/405/3488 3489/2880/3489 3496/2881/3496 3495/2878/3495
f 3489/2880/3489 3490/2882/3490 3497/423/3497 3496/2881/3496
f 3490/2882/3490 3491/2883/3491 3498/430/3498 3497/423/3497
f 3491/2883/3491 3492/2884/3492 3499/2885/3499 3498/430/3498
f 3492/2884/3492 3493/445/3493 3500/2886/3500 3499/2885/3499
f 3494/2879/3494 3495/2878/3495 3502/407/3502 3501/2887/3501
f 3495/2878/3495 3496/2881/3496 3503/418/3503 3502/407/3502
f 3496/2881/3496 3497/423/3497 3504/2888/3504 3503/418/3503
f 3497/423/3497 3498/430/3498 3505/2889/3505 3504/2888/3504
f 3498/430/3498 3499/2885/3499 3506/2890/3506 3505/2889/3505
f 3499/2885/3499 3500/2886/3500 3507/2891/3507 3506/2890/3506
f 3501/2887/3501 3502/407/3502 3509/2892/3509 3508/2893/3508
f 3502/407/3502 3503/418/3503 3510/419/3510 3509/2892/3509
f 3503/418/3503 3504/2888/3504 3511/426/3511 3510/419/3510
f 3504/2888/3504 3505/2889/3505 3512/2894/3512 3511/426/3511
f 3505/2889/3505 3506/2890/3506 3513/440/3513 3512/2894/3512
f 3506/2890/3506 3507/2891/3507 3514/2895/3514 3513/440/3513
f 3508/2893/3508 3509/2892/3509 3516/2896/3516 3515/410/3515
f 3509/2892/3509 3510/419/3510 3517/2897/3517 3516/2896/3516
f 3510/419/3510 3511/426/3511 3518/427/3518 3517/2897/3517
f 3511/426/3511 3512/2894/3512 3519/2898/3519 3518/427/3518
f 3512/2894/3512 3513/440/3513 3520/441/3520 3519/2898/3519
f 3513/440/3513 3514/2895/3514 3521/448/3521 3520/441/3520
f 3515/410/3515 3516/2896/3516 3523/2899/3523 3522/412/3522
f 3516/2896/3516 3517/2897/3517 3524/2900/3524 3523/2899/3523
f 3517/2897/3517 3518/427/3518 3525/2901/3525 3524/2900/3524
f 3518/427/3518 3519/2898/3519 3526/435/3526 3525/2901/3525
f 3519/2898/3519 3520/441/3520 3527/2902/3527 3526/435/3526
f 3520/441/3520 3521/448/3521 3528/449/3528 3527/2902/3527
f 3522/412/3522 3523/2899/3523 3530/2903/3530 3529/414/3529
f 3523/2899/3523 3524/2900/3524 3531/2904/3531 3530/2903/3530
f 3524/2900/3524 3525/2901/3525 3532/429/3532 3531/2904/3531
f 3525/2901/3525 3526/435/3526 3533/2905/3533 3532/429/3532
f 3526/435/3526 3527/2902/3527 3534/2906/3534 3533/2905/3533
f 3527/2902/3527 3528/449/3528 3535/2907/3535 3534/2906/3534
f 48/2908/48 763/2909/763 3487/2877/3487 729/2910/729
f 763/2909/763 762/2911/762 3488/405/3488 3487/2877/3487
f 762/2911/762 761/2912/761 3489/2880/3489 3488/405/3488
f 761/2912/761 760/2913/760 3490/2882/3490 3489/2880/3489
f 760/2913/760 759/2914/759 3491/2883/3491 3490/2882/3490
f 759/2914/759 758/2915/758 3492/2884/3492 3491/2883/3491
f 758/2915/758 757/475/757 3493/445/3493 3492/2884/3492
f 757/475/757 49/67/49 680/2916/680 3493/445/3493
f 3493/445/3493 680/2916/680 681/473/681 3500/2886/3500
f 3500/2886/3500 681/473/681 682/70/682 3507/2891/3507
f 3507/2891/3507 682/70/682 683/2917/683 3514/2895/3514
f 3514/2895/3514 683/2917/683 684/72/684 3521/448/3521
f 3521/448/3521 684/72/684 685/2918/685 3528/449/3528
f 3528/449/3528 685/2918/685 686/2919/686 3535/2907/3535
f 3535/2907/3535 686/2919/686 50/76/50 770/467/770
f 3534/2906/3534 3535/2907/3535 770/467/770 769/2920/769
f 3533/2905/3533 3534/2906/3534 769/2920/769 768/2921/768
f 3532/429/3532 3533/2905/3533 768/2921/768 767/464/767
f 3531/2904/3531 3532/429/3532 767/464/767 766/2922/766
f 3530/2903/3530 3531/2904/3531 766/2922/766 765/2923/765
f 3529/414/3529 3530/2903/3530 765/2923/765 764/2924/764
f 735/2925/735 3529/414/3529 764/2924/764 47/2926/47
f 734/2927/734 3522/412/3522 3529/414/3529 735/2925/735
f 733/2928/733 3515/410/3515 3522/412/3522 734/2927/734
f 732/2929/732 3508/2893/3508 3515/410/3515 733/2928/733
f 731/1991/731 3501/2887/3501 3508/2893/3508 732/2929/732
f 730/2930/730 3494/2879/3494 3501/2887/3501 731/1991/731
f 729/2910/729 3487/2877/3487 3494/2879/3494 730/2930/730
f 3536/2931/3536 3537/2932/3537 3544/2933/3544 3543/2934/3543
f 3537/2932/3537 3538/2935/3538 3545/2936/3545 3544/2933/3544
f 3538/2935/3538 3539/2937/3539 3546/2938/3546 3545/2936/3545
f 3539/2937/3539 3540/2939/3540 3547/2940/3547 3546/2938/3546
f 3540/2939/3540 3541/2941/3541 3548/2942/3548 3547/2940/3547
f 3541/2941/3541 3542/2943/3542 3549/2944/3549 3548/2942/3548
f 3543/2934/3543 3544/2933/3544 3551/2945/3551 3550/2946/3550
f 3544/2933/3544 3545/2936/3545 3552/2947/3552 3551/2945/3551
f 3545/2936/3545 3546/2938/3546 3553/2948/3553 3552/2947/3552
f 3546/2938/3546 3547/2940/3547 3554/2949/3554 3553/2948/3553
f 3547/2940/3547 3548/2942/3548 3555/2950/3555 3554/2949/3554
f 3548/2942/3548 3549/2944/3549 3556/2951/3556 3555/2950/3555
f 3550/2946/3550 3551/2945/3551 3558/2952/3558 3557/2953/3557
f 3551/2945/3551 3552/2947/3552 3559/2954/3559 3558/2952/3558
f 3552/2947/3552 3553/2948/3553 3560/2955/3560 3559/2954/3559
f 3553/2948/3553 3554/2949/3554 3561/2956/3561 3560/2955/3560
f 3554/2949/3554 3555/2950/3555 3562/2957/3562 3561/2956/3561
f 3555/2950/3555 3556/2951/3556 3563/2958/3563 3562/2957/3562
f 3557/2953/3557 3558/2952/3558 3565/2959/3565 3564/2960/3564
f 3558/2952/3558 3559/2954/3559 3566/2961/3566 3565/2959/3565
f 3559/2954/3559 3560/2955/3560 3567/2962/3567 3566/2961/3566
f 3560/2955/3560 3561/2956/3561 3568/2963/3568 3567/2962/3567
f 3561/2956/3561 3562/2957/3562 3569/2964/3569 3568/2963/3568
f 3562/2957/3562 3563/2958/3563 3570/2965/3570 3569/2964/3569
f 3564/2960/3564 3565/2959/3565 3572/2966/3572 3571/2967/3571
f 3565/2959/3565 3566/2961/3566 3573/2968/3573 3572/2966/3572
f 3566/2961/3566 3567/2962/3567 3574/2969/3574 3573/2968/3573
f 3567/2962/3567 3568/2963/3568 3575/2970/3575 3574/2969/3574
f 3568/2963/3568 3569/2964/3569 3576/2971/3576 3575/2970/3575
f 3569/2964/3569 3570/2965/3570 3577/2972/3577 3576/2971/3576
f 3571/2967/3571 3572/2966/3572 3579/2973/3579 3578/2974/3578
f 3572/2966/3572 3573/2968/3573 3580/2975/3580 3579/2973/3579
f 3573/2968/3573 3574/2969/3574 3581/2976/3581 3580/2975/3580
f 3574/2969/3574 3575/2970/3575 3582/2977/3582 3581/2976/3581
f 3575/2970/3575 3576/2971/3576 3583/2978/3583 3582/2977/3582
f 3576/2971/3576 3577/2972/3577 3584/2979/3584 3583/2978/3583
f 47/2926/47 764/2924/764 3536/2931/3536 742/2980/742
f 764/2924/764 765/2923/765 3537/2932/3537 3536/2931/3536
f 765/2923/765 766/2922/766 3538/2935/3538 3537/2932/3537
f 766/2922/766 767/464/767 3539/2937/3539 3538/2935/3538
f 767/464/767 768/2921/768 3540/2939/3540 3539/2937/3539
f 768/2921/768 769/2920/769 3541/2941/3541 3540/2939/3540
f 769/2920/769 770/467/770 3542/2943/3542 3541/2941/3541
f 770/467/770 50/76/50 693/548/693 3542/2943/3542
f 3542/2943/3542 693/548/693 692/2981/692 3549/2944/3549
f 3549/2944/3549 692/2981/692 691/223/691 3556/2951/3556
f 3556/2951/3556 691/223/691 690/2982/690 3563/2958/3563
f 3563/2958/3563 690/2982/690 689/2983/689 3570/2965/3570
f 3570/2965/3570 689/2983/689 688/226/688 3577/2972/3577
f 3577/2972/3577 688/226/688 687/2798/687 3584/2979/3584
f 3584/2979/3584 687/2798/687 51/228/51 777/2984/777
f 3583/2978/3583 3584/2979/3584 777/2984/777 776/2985/776
f 3582/2977/3582 3583/2978/3583 776/2985/776 775/2986/775
f 3581/2976/3581 3582/2977/3582 775/2986/775 774/2987/774
f 3580/2975/3580 3581/2976/3581 774/2987/774 773/2988/773
f 3579/2973/3579 3580/2975/3580 773/2988/773 772/2989/772
f 3578/2974/3578 3579/2973/3579 772/2989/772 771/2990/771
f 736/2991/736 3578/2974/3578 771/2990/771 45/735/45
f 737/2992/737 3571/2967/3571 3578/2974/3578 736/2991/736
f 738/2993/738 3564/2960/3564 3571/2967/3571 737/2992/737
f 739/2994/739 3557/2953/3557 3564/2960/3564 738/2993/738
f 740/2995/740 3550/2946/3550 3557/2953/3557 739/2994/739
f 741/2996/741 3543/2934/3543 3550/2946/3550 740/2995/740
f 742/2980/742 3536/2931/3536 3543/2934/3543 741/2996/741
f 3585/2997/3585 3586/2998/3586 3593/2999/3593 3592/3000/3592
f 3586/2998/3586 3587/3001/3587 3594/3002/3594 3593/2999/3593
f 3587/3001/3587 3588/3003/3588 3595/3004/3595 3594/3002/3594
f 3588/3003/3588 3589/3005/3589 3596/3006/3596 3595/3004/3595
f 3589/3005/3589 3590/3007/3590 3597/3008/3597 3596/3006/3596
f 3590/3007/3590 3591/3009/3591 3598/3010/3598 3597/3008/3597
f 3592/3000/3592 3593/2999/3593 3600/3011/3600 3599/3012/3599
f 3593/2999/3593 3594/3002/3594 3601/3013/3601 3600/3011/3600
f 3594/3002/3594 3595/3004/3595 3602/3014/3602 3601/3013/3601
f 3595/3004/3595 3596/3006/3596 3603/3015/3603 3602/3014/3602
f 3596/3006/3596 3597/3008/3597 3604/3016/3604 3603/3015/3603
f 3597/3008/3597 3598/3010/3598 3605/3017/3605 3604/3016/3604
f 3599/3012/3599 3600/3011/3600 3607/3018/3607 3606/3019/3606
f 3600/3011/3600 3601/3013/3601 3608/3020/3608 3607/3018/3607
f 3601/3013/3601 3602/3014/3602 3609/3021/3609 3608/3020/3608
f 3602/3014/3602 3603/3015/3603 3610/3022/3610 3609/3021/3609
f 3603/3015/3603 3604/3016/3604 3611/3023/3611 3610/3022/3610
f 3604/3016/3604 3605/3017/3605 3612/3024/3612 3611/3023/3611
f 3606/3019/3606 3607/3018/3607 3614/3025/3614 3613/3026/3613
f 3607/3018/3607 3608/3020/3608 3615/3027/3615 3614/3025/3614
f 3608/3020/3608 3609/3021/3609 3616/3028/3616 3615/3027/3615
f 3609/3021/3609 3610/3022/3610 3617/3029/3617 3616/3028/3616
f 3610/3022/3610 3611/3023/3611 3618/3030/3618 3617/3029/3617
f 3611/3023/3611 3612/3024/3612 3619/3031/3619 3618/3030/3618
f 3613/3026/3613 3614/3025/3614 3621/3032/3621 3620/3033/3620
f 3614/3025/3614 3615/3027/3615 3622/3034/3622 3621/3032/3621
f 3615/3027/3615 3616/3028/3616 3623/3035/3623 3622/3034/3622
f 3616/3028/3616 3617/3029/3617 3624/3036/3624 3623/3035/3623
f 3617/3029/3617 3618/3030/3618 3625/3037/3625 3624/3036/3624
f 3618/3030/3618 3619/3031/3619 3626/3038/3626 3625/3037/3625
f 3620/3033/3620 3621/3032/3621 3628/3039/3628 3627/3040/3627
f 3621/3032/3621 3622/3034/3622 3629/3041/3629 3628/3039/3628
f 3622/3034/3622 3623/3035/3623 3630/3042/3630 3629/3041/3629
f 3623/3035/3623 3624/3036/3624 3631/3043/3631 3630/3042/3630
f 3624/3036/3624 3625/3037/3625 3632/3044/3632 3631/3043/3631
f 3625/3037/3625 3626/3038/3626 3633/3045/3633 3632/3044/3632
f 46/724/46 784/3046/784 3585/2997/3585 749/3047/749
f 784/3046/784 783/3048/783 3586/2998/3586 3585/2997/3585
f 783/3048/783 782/3049/782 3587/3001/3587 3586/2998/3586
f 782/3049/782 781/3050/781 3588/3003/3588 3587/3001/3587
f 781/3050/781 780/3051/780 3589/3005/3589 3588/3003/3588
f 780/3051/780 779/3052/779 3590/3007/3590 3589/3005/3589
f 779/3052/779 778/3053/778 3591/3009/3591 3590/3007/3590
f 778/3053/778 52/317/52 700/612/700 3591/3009/3591
f 3591/3009/3591 700/612/700 699/3054/699 3598/3010/3598
f 3598/3010/3598 699/3054/699 698/610/698 3605/3017/3605
f 3605/3017/3605 698/610/698 697/3055/697 3612/3024/3612
f 3612/3024/3612 697/3055/697 696/321/696 3619/3031/3619
f 3619/3031/3619 696/321/696 695/322/695 3626/3038/3626
f 3626/3038/3626 695/322/695 694/3056/694 3633/3045/3633
f 3633/3045/3633 694/3056/694 49/67/49 757/475/757
f 3632/3044/3632 3633/3045/3633 757/475/757 758/2915/758
f 3631/3043/3631 3632/3044/3632 758/2915/758 759/2914/759
f 3630/3042/3630 3631/3043/3631 759/2914/759 760/2913/760
f 3629/3041/3629 3630/3042/3630 760/2913/760 761/2912/761
f 3628/3039/3628 3629/3041/3629 761/2912/761 762/2911/762
f 3627/3040/3627 3628/3039/3628 762/2911/762 763/2909/763
f 743/3057/743 3627/3040/3627 763/2909/763 48/2908/48
f 744/3058/744 3620/3033/3620 3627/3040/3627 743/3057/743
f 745/3059/745 3613/3026/3613 3620/3033/3620 744/3058/744
f 746/3060/746 3606/3019/3606 3613/3026/3613 745/3059/745
f 747/3061/747 3599/3012/3599 3606/3019/3606 746/3060/746
f 748/3062/748 3592/3000/3592 3599/3012/3599 747/3061/747
f 749/3047/749 3585/2997/3585 3592/3000/3592 748/3062/748
f 3634/3063/3634 3635/3064/3635 3642/3065/3642 3641/3066/3641
f 3635/3064/3635 3636/3067/3636 3643/3068/3643 3642/3065/3642
f 3636/3067/3636 3637/3069/3637 3644/3070/3644 3643/3068/3643
f 3637/3069/3637 3638/3071/3638 3645/3072/3645 3644/3070/3644
f 3638/3071/3638 3639/3073/3639 3646/3074/3646 3645/3072/3645
f 3639/3073/3639 3640/3075/3640 3647/3076/3647 3646/3074/3646
f 3641/3066/3641 3642/3065/3642 3649/3077/3649 3648/3078/3648
f 3642/3065/3642 3643/3068/3643 3650/3079/3650 3649/3077/3649
f 3643/3068/3643 3644/3070/3644 3651/3080/3651 3650/3079/3650
f 3644/3070/3644 3645/3072/3645 3652/3081/3652 3651/3080/3651
f 3645/3072/3645 3646/3074/3646 3653/3082/3653 3652/3081/3652
f 3646/3074/3646 3647/3076/3647 3654/3083/3654 3653/3082/3653
f 3648/3078/3648 3649/3077/3649 3656/3084/3656 3655/3085/3655
f 3649/3077/3649 3650/3079/3650 3657/3086/3657 3656/3084/3656
f 3650/3079/3650 3651/3080/3651 3658/3087/3658 3657/3086/3657
f 3651/3080/3651 3652/3081/3652 3659/3088/3659 3658/3087/3658
f 3652/3081/3652 3653/3082/3653 3660/3089/3660 3659/3088/3659
f 3653/3082/3653 3654/3083/3654 3661/3090/3661 3660/3089/3660
f 3655/3085/3655 3656/3084/3656 3663/3091/3663 3662/3092/3662
f 3656/3084/3656 3657/3086/3657 3664/3093/3664 3663/3091/3663
f 3657/3086/3657 3658/3087/3658 3665/3094/3665 3664/3093/3664
f 3658/3087/3658 3659/3088/3659 3666/3095/3666 3665/3094/3665
f 3659/3088/3659 3660/3089/3660 3667/3096/3667 3666/3095/3666
f 3660/3089/3660 3661/3090/3661 3668/3097/3668 3667/3096/3667
f 3662/3092/3662 3663/3091/3663 3670/3098/3670 3669/3099/3669
f 3663/3091/3663 3664/3093/3664 3671/3100/3671 3670/3098/3670
f 3664/3093/3664 3665/3094/3665 3672/3101/3672 3671/3100/3671
f 3665/3094/3665 3666/3095/3666 3673/3102/3673 3672/3101/3672
f 3666/3095/3666 3667/3096/3667 3674/3103/3674 3673/3102/3673
f 3667/3096/3667 3668/3097/3668 3675/3104/3675 3674/3103/3674
f 3669/3099/3669 3670/3098/3670 3677/3105/3677 3676/3106/3676
f 3670/3098/3670 3671/3100/3671 3678/3107/3678 3677/3105/3677
f 3671/3100/3671 3672/3101/3672 3679/3108/3679 3678/3107/3678
f 3672/3101/3672 3673/3102/3673 3680/3109/3680 3679/3108/3679
f 3673/3102/3673 3674/3103/3674 3681/3110/3681 3680/3109/3680
f 3674/3103/3674 3675/3104/3675 3682/3111/3682 3681/3110/3681
f 45/735/45 771/2990/771 3634/3063/3634 756/3112/756
f 771/2990/771 772/2989/772 3635/3064/3635 3634/3063/3634
f 772/2989/772 773/2988/773 3636/3067/3636 3635/3064/3635
f 773/2988/773 774/2987/774 3637/3069/3637 3636/3067/3636
f 774/2987/774 775/2986/775 3638/3071/3638 3637/3069/3637
f 775/2986/775 776/2985/776 3639/3073/3639 3638/3071/3638
f 776/2985/776 777/2984/777 3640/3075/3640 3639/3073/3639
f 777/2984/777 51/228/51 707/2867/707 3640/3075/3640
f 3640/3075/3640 707/2867/707 706/374/706 3647/3076/3647
f 3647/3076/3647 706/374/706 705/2876/705 3654/3083/3654
f 3654/3083/3654 705/2876/705 704/376/704 3661/3090/3661
f 3661/3090/3661 704/376/704 703/377/703 3668/3097/3668
f 3668/3097/3668 703/377/703 702/378/702 3675/3104/3675
f 3675/3104/3675 702/378/702 701/2875/701 3682/3111/3682
f 3682/3111/3682 701/2875/701 52/317/52 778/3053/778
f 3681/3110/3681 3682/3111/3682 778/3053/778 779/3052/779
f 3680/3109/3680 3681/3110/3681 779/3052/779 780/3051/780
f 3679/3108/3679 3680/3109/3680 780/3051/780 781/3050/781
f 3678/3107/3678 3679/3108/3679 781/3050/781 782/3049/782
f 3677/3105/3677 3678/3107/3678 782/3049/782 783/3048/783
f 3676/3106/3676 3677/3105/3677 783/3048/783 784/3046/784
f 750/3113/750 3676/3106/3676 784/3046/784 46/724/46
f 751/3114/751 3669/3099/3669 3676/3106/3676 750/3113/750
f 752/3115/752 3662/3092/3662 3669/3099/3669 751/3114/751
f 753/3116/753 3655/3085/3655 3662/3092/3662 752/3115/752
f 754/3117/754 3648/3078/3648 3655/3085/3655 753/3116/753
f 755/3118/755 3641/3066/3641 3648/3078/3648 754/3117/754
f 756/3112/756 3634/3063/3634 3641/3066/3641 755/3118/755
f 3683/3119/3683 3684/3120/3684 3691/3121/3691 3690/3122/3690
f 3684/3120/3684 3685/3123/3685 3692/3124/3692 3691/3121/3691
f 3685/3123/3685 3686/3125/3686 3693/696/3693 3692/3124/3692
f 3686/3125/3686 3687/3126/3687 3694/703/3694 3693/696/3693
f 3687/3126/3687 3688/3127/3688 3695/3128/3695 3694/703/3694
f 3688/3127/3688 3689/3129/3689 3696/717/3696 3695/3128/3695
f 3690/3122/3690 3691/3121/3691 3698/3130/3698 3697/3131/3697
f 3691/3121/3691 3692/3124/3692 3699/3132/3699 3698/3130/3698
f 3692/3124/3692 3693/696/3693 3700/3133/3700 3699/3132/3699
f 3693/696/3693 3694/703/3694 3701/3134/3701 3700/3133/3700
f 3694/703/3694 3695/3128/3695 3702/3135/3702 3701/3134/3701
f 3695/3128/3695 3696/717/3696 3703/3136/3703 3702/3135/3702
f 3697/3131/3697 3698/3130/3698 3705/3137/3705 3704/3138/3704
f 3698/3130/3698 3699/3132/3699 3706/3139/3706 3705/3137/3705
f 3699/3132/3699 3700/3133/3700 3707/3140/3707 3706/3139/3706
f 3700/3133/3700 3701/3134/3701 3708/3141/3708 3707/3140/3707
f 3701/3134/3701 3702/3135/3702 3709/3142/3709 3708/3141/3708
f 3702/3135/3702 3703/3136/3703 3710/3143/3710 3709/3142/3709
f 3704/3138/3704 3705/3137/3705 3712/3144/3712 3711/3145/3711
f 3705/3137/3705 3706/3139/3706 3713/3146/3713 3712/3144/3712
f 3706/3139/3706 3707/3140/3707 3714/700/3714 3713/3146/3713
f 3707/3140/3707 3708/3141/3708 3715/3147/3715 3714/700/3714
f 3708/3141/3708 3709/3142/3709 3716/714/3716 3715/3147/3715
f 3709/3142/3709 3710/3143/3710 3717/3148/3717 3716/714/3716
f 3711/3145/3711 3712/3144/3712 3719/3149/3719 3718/3150/3718
f 3712/3144/3712 3713/3146/3713 3720/3151/3720 3719/3149/3719
f 3713/3146/3713 3714/700/3714 3721/3152/3721 3720/3151/3720
f 3714/700/3714 3715/3147/3715 3722/3153/3722 3721/3152/3721
f 3715/3147/3715 3716/714/3716 3723/3154/3723 3722/3153/3722
f 3716/714/3716 3717/3148/3717 3724/722/3724 3723/3154/3723
f 3718/3150/3718 3719/3149/3719 3726/3155/3726 3725/3156/3725
f 3719/3149/3719 3720/3151/3720 3727/3157/3727 3726/3155/3726
f 3720/3151/3720 3721/3152/3721 3728/3158/3728 3727/3157/3727
f 3721/3152/3721 3722/3153/3722 3729/709/3729 3728/3158/3728
f 3722/3153/3722 3723/3154/3723 3730/3159/3730 3729/709/3729
f 3723/3154/3723 3724/722/3724 3731/3160/3731 3730/3159/3730
f 74/726/74 1078/726/1078 3683/3119/3683 1120/3113/1120
f 1078/726/1078 1077/726/1077 3684/3120/3684 3683/3119/3683
f 1077/726/1077 1076/726/1076 3685/3123/3685 3684/3120/3684
f 1076/726/1076 1075/726/1075 3686/3125/3686 3685/3123/3685
f 1075/726/1075 1074/726/1074 3687/3126/3687 3686/3125/3686
f 1074/726/1074 1073/726/1073 3688/3127/3688 3687/3126/3687
f 1073/726/1073 1072/726/1072 3689/3129/3689 3688/3127/3688
f 1072/726/1072 60/724/60 806/3161/806 3689/3129/3689
f 3689/3129/3689 806/3161/806 807/741/807 3696/717/3696
f 3696/717/3696 807/741/807 808/3162/808 3703/3136/3703
f 3703/3136/3703 808/3162/808 809/1080/809 3710/3143/3710
f 3710/3143/3710 809/1080/809 810/3163/810 3717/3148/3717
f 3717/3148/3717 810/3163/810 811/737/811 3724/722/3724
f 3724/722/3724 811/737/811 812/3164/812 3731/3160/3731
f 3731/3160/3731 812/3164/812 59/735/59 987/733/987
f 3730/3159/3730 3731/3160/3731 987/733/987 986/734/986
f 3729/709/3729 3730/3159/3730 986/734/986 985/734/985
f 3728/3158/3728 3729/709/3729 985/734/985 984/734/984
f 3727/3157/3727 3728/3158/3728 984/734/984 983/734/983
f 3726/3155/3726 3727/3157/3727 983/734/983 982/734/982
f 3725/3156/3725 3726/3155/3726 982/734/982 981/734/981
f 1114/3165/1114 3725/3156/3725 981/734/981 73/766/73
f 1115/3118/1115 3718/3150/3718 3725/3156/3725 1114/3165/1114
f 1116/3166/1116 3711/3145/3711 3718/3150/3718 1115/3118/1115
f 1117/3167/1117 3704/3138/3704 3711/3145/3711 1116/3166/1116
f 1118/3168/1118 3697/3131/3697 3704/3138/3704 1117/3167/1117
f 1119/3169/1119 3690/3122/3690 3697/3131/3697 1118/3168/1118
f 1120/3113/1120 3683/3119/3683 3690/3122/3690 1119/3169/1119
f 3732/3170/3732 3733/3171/3733 3740/3172/3740 3739/3173/3739
f 3733/3171/3733 3734/3174/3734 3741/3175/3741 3740/3172/3740
f 3734/3174/3734 3735/3176/3735 3742/3177/3742 3741/3175/3741
f 3735/3176/3735 3736/3178/3736 3743/3175/3743 3742/3177/3742
f 3736/3178/3736 3737/3179/3737 3744/3172/3744 3743/3175/3743
f 3737/3179/3737 3738/3180/3738 3745/3181/3745 3744/3172/3744
f 3739/3173/3739 3740/3172/3740 3747/3182/3747 3746/3183/3746
f 3740/3172/3740 3741/3175/3741 3748/3184/3748 3747/3182/3747
f 3741/3175/3741 3742/3177/3742 3749/3185/3749 3748/3184/3748
f 3742/3177/3742 3743/3175/3743 3750/3184/3750 3749/3185/3749
f 3743/3175/3743 3744/3172/3744 3751/3186/3751 3750/3184/3750
f 3744/3172/3744 3745/3181/3745 3752/3187/3752 3751/3186/3751
f 3746/3183/3746 3747/3182/3747 3754/3188/3754 3753/3189/3753
f 3747/3182/3747 3748/3184/3748 3755/3190/3755 3754/3188/3754
f 3748/3184/3748 3749/3185/3749 3756/3191/3756 3755/3190/3755
f 3749/3185/3749 3750/3184/3750 3757/3190/3757 3756/3191/3756
f 3750/3184/3750 3751/3186/3751 3758/3192/3758 3757/3190/3757
f 3751/3186/3751 3752/3187/3752 3759/3189/3759 3758/3192/3758
f 3753/3189/3753 3754/3188/3754 3761/3193/3761 3760/3194/3760
f 3754/3188/3754 3755/3190/3755 3762/3195/3762 3761/3193/3761
f 3755/3190/3755 3756/3191/3756 3763/3196/3763 3762/3195/3762
f 3756/3191/3756 3757/3190/3757 3764/3197/3764 3763/3196/3763
f 3757/3190/3757 3758/3192/3758 3765/3198/3765 3764/3197/3764
f 3758/3192/3758 3759/3189/3759 3766/3194/3766 3765/3198/3765
f 3760/3194/3760 3761/3193/3761 3768/3199/3768 3767/3200/3767
f 3761/3193/3761 3762/3195/3762 3769/3201/3769 3768/3199/3768
f 3762/3195/3762 3763/3196/3763 3770/3202/3770 3769/3201/3769
f 3763/3196/3763 3764/3197/3764 3771/3201/3771 3770/3202/3770
f 3764/3197/3764 3765/3198/3765 3772/3203/3772 3771/3201/3771
f 3765/3198/3765 3766/3194/3766 3773/3204/3773 3772/3203/3772
f 3767/3200/3767 3768/3199/3768 3775/3205/3775 3774/3206/3774
f 3768/3199/3768 3769/3201/3769 3776/3207/3776 3775/3205/3775
f 3769/3201/3769 3770/3202/3770 3777/3208/3777 3776/3207/3776
f 3770/3202/3770 3771/3201/3771 3778/3209/3778 3777/3208/3777
f 3771/3201/3771 3772/3203/3772 3779/3210/3779 3778/3209/3778
f 3772/3203/3772 3773/3204/3773 3780/3211/3780 3779/3210/3779
f 73/766/73 981/734/981 3732/3170/3732 1113/767/1113
f 981/734/981 982/734/982 3733/3171/3733 3732/3170/3732
f 982/734/982 983/734/983 3734/3174/3734 3733/3171/3733
f 983/734/983 984/734/984 3735/3176/3735 3734/3174/3734
f 984/734/984 985/734/985 3736/3178/3736 3735/3176/3735
f 985/734/985 986/734/986 3737/3179/3737 3736/3178/3736
f 986/734/986 987/734/987 3738/3180/3738 3737/3179/3737
f 987/734/987 59/777/59 792/776/792 3738/3180/3738
f 3738/3180/3738 792/776/792 793/768/793 3745/3181/3745
f 3745/3181/3745 793/768/793 794/769/794 3752/3187/3752
f 3752/3187/3752 794/769/794 795/770/795 3759/3189/3759
f 3759/3189/3759 795/770/795 796/775/796 3766/3194/3766
f 3766/3194/3766 796/775/796 797/771/797 3773/3204/3773
f 3773/3204/3773 797/771/797 798/755/798 3780/3211/3780
f 3780/3211/3780 798/755/798 58/876/58 1001/3212/1001
f 3779/3210/3779 3780/3211/3780 1001/3212/1001 1000/3213/1000
f 3778/3209/3778 3779/3210/3779 1000/3213/1000 999/3214/999
f 3777/3208/3777 3778/3209/3778 999/3214/999 998/3215/998
f 3776/3207/3776 3777/3208/3777 998/3215/998 997/3216/997
f 3775/3205/3775 3776/3207/3776 997/3216/997 996/3217/996
f 3774/3206/3774 3775/3205/3775 996/3217/996 995/3218/995
f 1107/2126/1107 3774/3206/3774 995/3218/995 75/1133/75
f 1108/771/1108 3767/3200/3767 3774/3206/3774 1107/2126/1107
f 1109/751/1109 3760/3194/3760 3767/3200/3767 1108/771/1108
f 1110/770/1110 3753/3189/3753 3760/3194/3760 1109/751/1109
f 1111/769/1111 3746/3183/3746 3753/3189/3753 1110/770/1110
f 1112/768/1112 3739/3173/3739 3746/3183/3746 1111/769/1111
f 1113/767/1113 3732/3170/3732 3739/3173/3739 1112/768/1112
f 3781/3219/3781 3782/3220/3782 3789/3221/3789 3788/3222/3788
f 3782/3220/3782 3783/3223/3783 3790/3224/3790 3789/3221/3789
f 3783/3223/3783 3784/3225/3784 3791/3226/3791 3790/3224/3790
f 3784/3225/3784 3785/3227/3785 3792/3228/3792 3791/3226/3791
f 3785/3227/3785 3786/3229/3786 3793/3230/3793 3792/3228/3792
f 3786/3229/3786 3787/3219/3787 3794/3222/3794 3793/3230/3793
f 3788/3222/3788 3789/3221/3789 3796/3231/3796 3795/3232/3795
f 3789/3221/3789 3790/3224/3790 3797/3233/3797 3796/3231/3796
f 3790/3224/3790 3791/3226/3791 3798/3234/3798 3797/3233/3797
f 3791/3226/3791 3792/3228/3792 3799/3235/3799 3798/3234/3798
f 3792/3228/3792 3793/3230/3793 3800/3236/3800 3799/3235/3799
f 3793/3230/3793 3794/3222/3794 3801/3237/3801 3800/3236/3800
f 3795/3232/3795 3796/3231/3796 3803/3238/3803 3802/3239/3802
f 3796/3231/3796 3797/3233/3797 3804/3240/3804 3803/3238/3803
f 3797/3233/3797 3798/3234/3798 3805/3241/3805 3804/3240/3804
f 3798/3234/3798 3799/3235/3799 3806/3240/3806 3805/3241/3805
f 3799/3235/3799 3800/3236/3800 3807/3242/3807 3806/3240/3806
f 3800/3236/3800 3801/3237/3801 3808/3243/3808 3807/3242/3807
f 3802/3239/3802 3803/3238/3803 3810/3244/3810 3809/3245/3809
f 3803/3238/3803 3804/3240/3804 3811/3246/3811 3810/3244/3810
f 3804/3240/3804 3805/3241/3805 3812/3247/3812 3811/3246/3811
f 3805/3241/3805 3806/3240/3806 3813/3246/3813 3812/3247/3812
f 3806/3240/3806 3807/3242/3807 3814/3248/3814 3813/3246/3813
f 3807/3242/3807 3808/3243/3808 3815/3249/3815 3814/3248/3814
f 3809/3245/3809 3810/3244/3810 3817/3250/3817 3816/3251/3816
f 3810/3244/3810 3811/3246/3811 3818/3252/3818 3817/3250/3817
f 3811/3246/3811 3812/3247/3812 3819/3253/3819 3818/3252/3818
f 3812/3247/3812 3813/3246/3813 3820/3252/3820 3819/3253/3819
f 3813/3246/3813 3814/3248/3814 3821/3254/3821 3820/3252/3820
f 3814/3248/3814 3815/3249/3815 3822/3251/3822 3821/3254/3821
f 3816/3251/3816 3817/3250/3817 3824/3255/3824 3823/3256/3823
f 3817/3250/3817 3818/3252/3818 3825/3257/3825 3824/3255/3824
f 3818/3252/3818 3819/3253/3819 3826/3258/3826 3825/3257/3825
f 3819/3253/3819 3820/3252/3820 3827/3259/3827 3826/3258/3826
f 3820/3252/3820 3821/3254/3821 3828/3260/3828 3827/3259/3827
f 3821/3254/3821 3822/3251/3822 3829/3261/3829 3828/3260/3828
f 76/1141/76 1092/3262/1092 3781/3219/3781 1106/803/1106
f 1092/3262/1092 1091/3263/1091 3782/3220/3782 3781/3219/3781
f 1091/3263/1091 1090/3264/1090 3783/3223/3783 3782/3220/3782
f 1090/3264/1090 1089/3265/1089 3784/3225/3784 3783/3223/3783
f 1089/3265/1089 1088/3266/1088 3785/3227/3785 3784/3225/3784
f 1088/3266/1088 1087/3267/1087 3786/3229/3786 3785/3227/3785
f 1087/3267/1087 1086/3268/1086 3787/3219/3787 3786/3229/3786
f 1086/3268/1086 57/885/57 799/803/799 3787/3219/3787
f 3787/3219/3787 799/803/799 800/780/800 3794/3222/3794
f 3794/3222/3794 800/780/800 801/781/801 3801/3237/3801
f 3801/3237/3801 801/781/801 802/809/802 3808/3243/3808
f 3808/3243/3808 802/809/802 803/785/803 3815/3249/3815
f 3815/3249/3815 803/785/803 804/787/804 3822/3251/3822
f 3822/3251/3822 804/787/804 805/808/805 3829/3261/3829
f 3829/3261/3829 805/808/805 60/726/60 1072/726/1072
f 3828/3260/3828 3829/3261/3829 1072/726/1072 1073/726/1073
f 3827/3259/3827 3828/3260/3828 1073/726/1073 1074/726/1074
f 3826/3258/3826 3827/3259/3827 1074/726/1074 1075/726/1075
f 3825/3257/3825 3826/3258/3826 1075/726/1075 1076/726/1076
f 3824/3255/3824 3825/3257/3825 1076/726/1076 1077/726/1077
f 3823/3256/3823 3824/3255/3824 1077/726/1077 1078/726/1078
f 1100/808/1100 3823/3256/3823 1078/726/1078 74/726/74
f 1101/807/1101 3816/3251/3816 3823/3256/3823 1100/808/1100
f 1102/800/1102 3809/3245/3809 3816/3251/3816 1101/807/1101
f 1103/806/1103 3802/3239/3802 3809/3245/3809 1102/800/1102
f 1104/805/1104 3795/3232/3795 3802/3239/3802 1103/806/1103
f 1105/780/1105 3788/3222/3788 3795/3232/3795 1104/805/1104
f 1106/803/1106 3781/3219/3781 3788/3222/3788 1105/780/1105
f 3830/3269/3830 3831/3270/3831 3838/3271/3838 3837/3272/3837
f 3831/3270/3831 3832/3273/3832 3839/3274/3839 3838/3271/3838
f 3832/3273/3832 3833/3275/3833 3840/3276/3840 3839/3274/3839
f 3833/3275/3833 3834/3277/3834 3841/3278/3841 3840/3276/3840
f 3834/3277/3834 3835/3279/3835 3842/3280/3842 3841/3278/3841
f 3835/3279/3835 3836/3281/3836 3843/3282/3843 3842/3280/3842
f 3837/3272/3837 3838/3271/3838 3845/3283/3845 3844/3284/3844
f 3838/3271/3838 3839/3274/3839 3846/3285/3846 3845/3283/3845
f 3839/3274/3839 3840/3276/3840 3847/3286/3847 3846/3285/3846
f 3840/3276/3840 3841/3278/3841 3848/3287/3848 3847/3286/3847
f 3841/3278/3841 3842/3280/3842 3849/3288/3849 3848/3287/3848
f 3842/3280/3842 3843/3282/3843 3850/3289/3850 3849/3288/3849
f 3844/3284/3844 3845/3283/3845 3852/3290/3852 3851/3291/3851
f 3845/3283/3845 3846/3285/3846 3853/3292/3853 3852/3290/3852
f 3846/3285/3846 3847/3286/3847 3854/3293/3854 3853/3292/3853
f 3847/3286/3847 3848/3287/3848 3855/3294/3855 3854/3293/3854
f 3848/3287/3848 3849/3288/3849 3856/3295/3856 3855/3294/3855
f 3849/3288/3849 3850/3289/3850 3857/3296/3857 3856/3295/3856
f 3851/3291/3851 3852/3290/3852 3859/3297/3859 3858/3298/3858
f 3852/3290/3852 3853/3292/3853 3860/3299/3860 3859/3297/3859
f 3853/3292/3853 3854/3293/3854 3861/3300/3861 3860/3299/3860
f 3854/3293/3854 3855/3294/3855 3862/3301/3862 3861/3300/3861
f 3855/3294/3855 3856/3295/3856 3863/3302/3863 3862/3301/3862
f 3856/3295/3856 3857/3296/3857 3864/3303/3864 3863/3302/3863
f 3858/3298/3858 3859/3297/3859 3866/3304/3866 3865/3305/3865
f 3859/3297/3859 3860/3299/3860 3867/3306/3867 3866/3304/3866
f 3860/3299/3860 3861/3300/3861 3868/3307/3868 3867/3306/3867
f 3861/3300/3861 3862/3301/3862 3869/3308/3869 3868/3307/3868
f 3862/3301/3862 3863/3302/3863 3870/3309/3870 3869/3308/3869
f 3863/3302/3863 3864/3303/3864 3871/3310/3871 3870/3309/3870
f 3865/3305/3865 3866/3304/3866 3873/3311/3873 3872/3312/3872
f 3866/3304/3866 3867/3306/3867 3874/3313/3874 3873/3311/3873
f 3867/3306/3867 3868/3307/3868 3875/3314/3875 3874/3313/3874
f 3868/3307/3868 3869/3308/3869 3876/3315/3876 3875/3314/3875
f 3869/3308/3869 3870/3309/3870 3877/3316/3877 3876/3315/3876
f 3870/3309/3870 3871/3310/3871 3878/3317/3878 3877/3316/3877
f 56/1247/56 847/3318/847 3830/3269/3830 813/3319/813
f 847/3318/847 846/3320/846 3831/3270/3831 3830/3269/3830
f 846/3320/846 845/3321/845 3832/3273/3832 3831/3270/3831
f 845/3321/845 844/3322/844 3833/3275/3833 3832/3273/3832
f 844/3322/844 843/3323/843 3834/3277/3834 3833/3275/3833
f 843/3323/843 842/3324/842 3835/3279/3835 3834/3277/3834
f 842/3324/842 841/3325/841 3836/3281/3836 3835/3279/3835
f 841/3325/841 57/885/57 785/3326/785 3836/3281/3836
f 3836/3281/3836 785/3326/785 786/3327/786 3843/3282/3843
f 3843/3282/3843 786/3327/786 787/3328/787 3850/3289/3850
f 3850/3289/3850 787/3328/787 788/3329/788 3857/3296/3857
f 3857/3296/3857 788/3329/788 789/3330/789 3864/3303/3864
f 3864/3303/3864 789/3330/789 790/3331/790 3871/3310/3871
f 3871/3310/3871 790/3331/790 791/3332/791 3878/3317/3878
f 3878/3317/3878 791/3332/791 58/876/58 854/3333/854
f 3877/3316/3877 3878/3317/3878 854/3333/854 853/3334/853
f 3876/3315/3876 3877/3316/3877 853/3334/853 852/3335/852
f 3875/3314/3875 3876/3315/3876 852/3335/852 851/3336/851
f 3874/3313/3874 3875/3314/3875 851/3336/851 850/3337/850
f 3873/3311/3873 3874/3313/3874 850/3337/850 849/3338/849
f 3872/3312/3872 3873/3311/3873 849/3338/849 848/3339/848
f 819/3340/819 3872/3312/3872 848/3339/848 55/2748/55
f 818/3341/818 3865/3305/3865 3872/3312/3872 819/3340/819
f 817/3342/817 3858/3298/3858 3865/3305/3865 818/3341/818
f 816/3343/816 3851/3291/3851 3858/3298/3858 817/3342/817
f 815/3344/815 3844/3284/3844 3851/3291/3851 816/3343/816
f 814/3345/814 3837/3272/3837 3844/3284/3844 815/3344/815
f 813/3319/813 3830/3269/3830 3837/3272/3837 814/3345/814
f 3879/3346/3879 3880/3347/3880 3887/3348/3887 3886/3349/3886
f 3880/3347/3880 3881/3350/3881 3888/3351/3888 3887/3348/3887
f 3881/3350/3881 3882/3352/3882 3889/3353/3889 3888/3351/3888
f 3882/3352/3882 3883/3354/3883 3890/3355/3890 3889/3353/3889
f 3883/3354/3883 3884/3356/3884 3891/3357/3891 3890/3355/3890
f 3884/3356/3884 3885/3358/3885 3892/3359/3892 3891/3357/3891
f 3886/3349/3886 3887/3348/3887 3894/3360/3894 3893/3361/3893
f 3887/3348/3887 3888/3351/3888 3895/3362/3895 3894/3360/3894
f 3888/3351/3888 3889/3353/3889 3896/3363/3896 3895/3362/3895
f 3889/3353/3889 3890/3355/3890 3897/3364/3897 3896/3363/3896
f 3890/3355/3890 3891/3357/3891 3898/3365/3898 3897/3364/3897
f 3891/3357/3891 3892/3359/3892 3899/3366/3899 3898/3365/3898
f 3893/3361/3893 3894/3360/3894 3901/3367/3901 3900/3368/3900
f 3894/3360/3894 3895/3362/3895 3902/3369/3902 3901/3367/3901
f 3895/3362/3895 3896/3363/3896 3903/3370/3903 3902/3369/3902
f 3896/3363/3896 3897/3364/3897 3904/3371/3904 3903/3370/3903
f 3897/3364/3897 3898/3365/3898 3905/3372/3905 3904/3371/3904
f 3898/3365/3898 3899/3366/3899 3906/3373/3906 3905/3372/3905
f 3900/3368/3900 3901/3367/3901 3908/3374/3908 3907/3375/3907
f 3901/3367/3901 3902/3369/3902 3909/3376/3909 3908/3374/3908
f 3902/3369/3902 3903/3370/3903 3910/3377/3910 3909/3376/3909
f 3903/3370/3903 3904/3371/3904 3911/3378/3911 3910/3377/3910
f 3904/3371/3904 3905/3372/3905 3912/3379/3912 3911/3378/3911
f 3905/3372/3905 3906/3373/3906 3913/3380/3913 3912/3379/3912
f 3907/3375/3907 3908/3374/3908 3915/3381/3915 3914/3382/3914
f 3908/3374/3908 3909/3376/3909 3916/3383/3916 3915/3381/3915
f 3909/3376/3909 3910/3377/3910 3917/3384/3917 3916/3383/3916
f 3910/3377/3910 3911/3378/3911 3918/3385/3918 3917/3384/3917
f 3911/3378/3911 3912/3379/3912 3919/3386/3919 3918/3385/3918
f 3912/3379/3912 3913/3380/3913 3920/3387/3920 3919/3386/3919
f 3914/3382/3914 3915/3381/3915 3922/3388/3922 3921/3389/3921
f 3915/3381/3915 3916/3383/3916 3923/3390/3923 3922/3388/3922
f 3916/3383/3916 3917/3384/3917 3924/3391/3924 3923/3390/3923
f 3917/3384/3917 3918/3385/3918 3925/3392/3925 3924/3391/3924
f 3918/3385/3918 3919/3386/3919 3926/3393/3926 3925/3392/3925
f 3919/3386/3919 3920/3387/3920 3927/3394/3927 3926/3393/3926
f 55/2748/55 848/3339/848 3879/3346/3879 826/2747/826
f 848/3339/848 849/3338/849 3880/3347/3880 3879/3346/3879
f 849/3338/849 850/3337/850 3881/3350/3881 3880/3347/3880
f 850/3337/850 851/3336/851 3882/3352/3882 3881/3350/3881
f 851/3336/851 852/3335/852 3883/3354/3883 3882/3352/3882
f 852/3335/852 853/3334/853 3884/3356/3884 3883/3354/3883
f 853/3334/853 854/3333/854 3885/3358/3885 3884/3356/3884
f 854/3333/854 58/876/58 798/756/798 3885/3358/3885
f 3885/3358/3885 798/756/798 797/771/797 3892/3359/3892
f 3892/3359/3892 797/771/797 796/751/796 3899/3366/3899
f 3899/3366/3899 796/751/796 795/770/795 3906/3373/3906
f 3906/3373/3906 795/770/795 794/956/794 3913/3380/3913
f 3913/3380/3913 794/956/794 793/955/793 3920/3387/3920
f 3920/3387/3920 793/955/793 792/954/792 3927/3394/3927
f 3927/3394/3927 792/954/792 59/735/59 861/3395/861
f 3926/3393/3926 3927/3394/3927 861/3395/861 860/3396/860
f 3925/3392/3925 3926/3393/3926 860/3396/860 859/3397/859
f 3924/3391/3924 3925/3392/3925 859/3397/859 858/3398/858
f 3923/3390/3923 3924/3391/3924 858/3398/858 857/3399/857
f 3922/3388/3922 3923/3390/3923 857/3399/857 856/3400/856
f 3921/3389/3921 3922/3388/3922 856/3400/856 855/3401/855
f 820/2741/820 3921/3389/3921 855/3401/855 53/131/53
f 821/3402/821 3914/3382/3914 3921/3389/3921 820/2741/820
f 822/3403/822 3907/3375/3907 3914/3382/3914 821/3402/821
f 823/2744/823 3900/3368/3900 3907/3375/3907 822/3403/822
f 824/3404/824 3893/3361/3893 3900/3368/3900 823/2744/823
f 825/2746/825 3886/3349/3886 3893/3361/3893 824/3404/824
f 826/2747/826 3879/3346/3879 3886/3349/3886 825/2746/825
f 3928/3405/3928 3929/3406/3929 3936/3407/3936 3935/3408/3935
f 3929/3406/3929 3930/3409/3930 3937/3410/3937 3936/3407/3936
f 3930/3409/3930 3931/3411/3931 3938/3412/3938 3937/3410/3937
f 3931/3411/3931 3932/3413/3932 3939/3414/3939 3938/3412/3938
f 3932/3413/3932 3933/3415/3933 3940/3416/3940 3939/3414/3939
f 3933/3415/3933 3934/3417/3934 3941/3418/3941 3940/3416/3940
f 3935/3408/3935 3936/3407/3936 3943/3419/3943 3942/3420/3942
f 3936/3407/3936 3937/3410/3937 3944/3421/3944 3943/3419/3943
f 3937/3410/3937 3938/3412/3938 3945/3422/3945 3944/3421/3944
f 3938/3412/3938 3939/3414/3939 3946/3423/3946 3945/3422/3945
f 3939/3414/3939 3940/3416/3940 3947/3424/3947 3946/3423/3946
f 3940/3416/3940 3941/3418/3941 3948/3425/3948 3947/3424/3947
f 3942/3420/3942 3943/3419/3943 3950/3426/3950 3949/3427/3949
f 3943/3419/3943 3944/3421/3944 3951/3428/3951 3950/3426/3950
f 3944/3421/3944 3945/3422/3945 3952/3429/3952 3951/3428/3951
f 3945/3422/3945 3946/3423/3946 3953/3430/3953 3952/3429/3952
f 3946/3423/3946 3947/3424/3947 3954/3431/3954 3953/3430/3953
f 3947/3424/3947 3948/3425/3948 3955/3432/3955 3954/3431/3954
f 3949/3427/3949 3950/3426/3950 3957/3433/3957 3956/3434/3956
f 3950/3426/3950 3951/3428/3951 3958/3435/3958 3957/3433/3957
f 3951/3428/3951 3952/3429/3952 3959/3436/3959 3958/3435/3958
f 3952/3429/3952 3953/3430/3953 3960/3437/3960 3959/3436/3959
f 3953/3430/3953 3954/3431/3954 3961/3438/3961 3960/3437/3960
f 3954/3431/3954 3955/3432/3955 3962/3439/3962 3961/3438/3961
f 3956/3434/3956 3957/3433/3957 3964/3440/3964 3963/3441/3963
f 3957/3433/3957 3958/3435/3958 3965/3442/3965 3964/3440/3964
f 3958/3435/3958 3959/3436/3959 3966/3443/3966 3965/3442/3965
f 3959/3436/3959 3960/3437/3960 3967/3444/3967 3966/3443/3966
f 3960/3437/3960 3961/3438/3961 3968/3445/3968 3967/3444/3967
f 3961/3438/3961 3962/3439/3962 3969/3446/3969 3968/3445/3968
f 3963/3441/3963 3964/3440/3964 3971/3447/3971 3970/3448/3970
f 3964/3440/3964 3965/3442/3965 3972/3449/3972 3971/3447/3971
f 3965/3442/3965 3966/3443/3966 3973/3450/3973 3972/3449/3972
f 3966/3443/3966 3967/3444/3967 3974/3451/3974 3973/3450/3973
f 3967/3444/3967 3968/3445/3968 3975/3452/3975 3974/3451/3974
f 3968/3445/3968 3969/3446/3969 3976/3453/3976 3975/3452/3975
f 54/1006/54 868/1008/868 3928/3405/3928 833/3454/833
f 868/1008/868 867/1021/867 3929/3406/3929 3928/3405/3928
f 867/1021/867 866/1020/866 3930/3409/3930 3929/3406/3929
f 866/1020/866 865/1019/865 3931/3411/3931 3930/3409/3930
f 865/1019/865 864/3455/864 3932/3413/3932 3931/3411/3931
f 864/3455/864 863/3456/863 3933/3415/3933 3932/3413/3932
f 863/3456/863 862/3457/862 3934/3417/3934 3933/3415/3933
f 862/3457/862 60/724/60 805/789/805 3934/3417/3934
f 3934/3417/3934 805/789/805 804/787/804 3941/3418/3941
f 3941/3418/3941 804/787/804 803/800/803 3948/3425/3948
f 3948/3425/3948 803/800/803 802/809/802 3955/3432/3955
f 3955/3432/3955 802/809/802 801/782/801 3962/3439/3962
f 3962/3439/3962 801/782/801 800/1015/800 3969/3446/3969
f 3969/3446/3969 800/1015/800 799/778/799 3976/3453/3976
f 3976/3453/3976 799/778/799 57/885/57 841/3325/841
f 3975/3452/3975 3976/3453/3976 841/3325/841 842/3324/842
f 3974/3451/3974 3975/3452/3975 842/3324/842 843/3323/843
f 3973/3450/3973 3974/3451/3974 843/3323/843 844/3322/844
f 3972/3449/3972 3973/3450/3973 844/3322/844 845/3321/845
f 3971/3447/3971 3972/3449/3972 845/3321/845 846/3320/846
f 3970/3448/3970 3971/3447/3971 846/3320/846 847/3318/847
f 827/3458/827 3970/3448/3970 847/3318/847 56/1247/56
f 828/3459/828 3963/3441/3963 3970/3448/3970 827/3458/827
f 829/3460/829 3956/3434/3956 3963/3441/3963 828/3459/828
f 830/3461/830 3949/3427/3949 3956/3434/3956 829/3460/829
f 831/3462/831 3942/3420/3942 3949/3427/3949 830/3461/830
f 832/3463/832 3935/3408/3935 3942/3420/3942 831/3462/831
f 833/3454/833 3928/3405/3928 3935/3408/3935 832/3463/832
f 3977/3464/3977 3978/3465/3978 3985/3466/3985 3984/3467/3984
f 3978/3465/3978 3979/3468/3979 3986/3469/3986 3985/3466/3985
f 3979/3468/3979 3980/3470/3980 3987/3471/3987 3986/3469/3986
f 3980/3470/3980 3981/3472/3981 3988/3473/3988 3987/3471/3987
f 3981/3472/3981 3982/3474/3982 3989/3475/3989 3988/3473/3988
f 3982/3474/3982 3983/3476/3983 3990/3477/3990 3989/3475/3989
f 3984/3467/3984 3985/3466/3985 3992/3478/3992 3991/3479/3991
f 3985/3466/3985 3986/3469/3986 3993/3480/3993 3992/3478/3992
f 3986/3469/3986 3987/3471/3987 3994/3481/3994 3993/3480/3993
f 3987/3471/3987 3988/3473/3988 3995/3482/3995 3994/3481/3994
f 3988/3473/3988 3989/3475/3989 3996/3483/3996 3995/3482/3995
f 3989/3475/3989 3990/3477/3990 3997/3484/3997 3996/3483/3996
f 3991/3479/3991 3992/3478/3992 3999/1029/3999 3998/1028/3998
f 3992/3478/3992 3993/3480/3993 4000/3485/4000 3999/1029/3999
f 3993/3480/3993 3994/3481/3994 4001/1046/4001 4000/3485/4000
f 3994/3481/3994 3995/3482/3995 4002/3486/4002 4001/1046/4001
f 3995/3482/3995 3996/3483/3996 4003/3487/4003 4002/3486/4002
f 3996/3483/3996 3997/3484/3997 4004/3488/4004 4003/3487/4003
f 3998/1028/3998 3999/1029/3999 4006/3489/4006 4005/3490/4005
f 3999/1029/3999 4000/3485/4000 4007/3491/4007 4006/3489/4006
f 4000/3485/4000 4001/1046/4001 4008/3492/4008 4007/3491/4007
f 4001/1046/4001 4002/3486/4002 4009/3493/4009 4008/3492/4008
f 4002/3486/4002 4003/3487/4003 4010/3494/4010 4009/3493/4009
f 4003/3487/4003 4004/3488/4004 4011/3495/4011 4010/3494/4010
f 4005/3490/4005 4006/3489/4006 4013/3496/4013 4012/3497/4012
f 4006/3489/4006 4007/3491/4007 4014/1041/4014 4013/3496/4013
f 4007/3491/4007 4008/3492/4008 4015/1048/4015 4014/1041/4014
f 4008/3492/4008 4009/3493/4009 4016/3498/4016 4015/1048/4015
f 4009/3493/4009 4010/3494/4010 4017/3499/4017 4016/3498/4016
f 4010/3494/4010 4011/3495/4011 4018/1069/4018 4017/3499/4017
f 4012/3497/4012 4013/3496/4013 4020/3500/4020 4019/3501/4019
f 4013/3496/4013 4014/1041/4014 4021/3502/4021 4020/3500/4020
f 4014/1041/4014 4015/1048/4015 4022/1049/4022 4021/3502/4021
f 4015/1048/4015 4016/3498/4016 4023/3503/4023 4022/1049/4022
f 4016/3498/4016 4017/3499/4017 4024/3504/4024 4023/3503/4023
f 4017/3499/4017 4018/1069/4018 4025/1070/4025 4024/3504/4024
f 53/131/53 855/3401/855 3977/3464/3977 840/1071/840
f 855/3401/855 856/3400/856 3978/3465/3978 3977/3464/3977
f 856/3400/856 857/3399/857 3979/3468/3979 3978/3465/3978
f 857/3399/857 858/3398/858 3980/3470/3980 3979/3468/3979
f 858/3398/858 859/3397/859 3981/3472/3981 3980/3470/3980
f 859/3397/859 860/3396/860 3982/3474/3982 3981/3472/3981
f 860/3396/860 861/3395/861 3983/3476/3983 3982/3474/3982
f 861/3395/861 59/735/59 812/1083/812 3983/3476/3983
f 3983/3476/3983 812/1083/812 811/1082/811 3990/3477/3990
f 3990/3477/3990 811/1082/811 810/3505/810 3997/3484/3997
f 3997/3484/3997 810/3505/810 809/739/809 4004/3488/4004
f 4004/3488/4004 809/739/809 808/1079/808 4011/3495/4011
f 4011/3495/4011 808/1079/808 807/3506/807 4018/1069/4018
f 4018/1069/4018 807/3506/807 806/3507/806 4025/1070/4025
f 4025/1070/4025 806/3507/806 60/724/60 862/3457/862
f 4024/3504/4024 4025/1070/4025 862/3457/862 863/3456/863
f 4023/3503/4023 4024/3504/4024 863/3456/863 864/3455/864
f 4022/1049/4022 4023/3503/4023 864/3455/864 865/1019/865
f 4021/3502/4021 4022/1049/4022 865/1019/865 866/1020/866
f 4020/3500/4020 4021/3502/4021 866/1020/866 867/1021/867
f 4019/3501/4019 4020/3500/4020 867/1021/867 868/1008/868
f 834/1077/834 4019/3501/4019 868/1008/868 54/1006/54
f 835/1076/835 4012/3497/4012 4019/3501/4019 834/1077/834
f 836/1075/836 4005/3490/4005 4012/3497/4012 835/1076/835
f 837/1074/837 3998/1028/3998 4005/3490/4005 836/1075/836
f 838/1073/838 3991/3479/3991 3998/1028/3998 837/1074/837
f 839/1072/839 3984/3467/3984 3991/3479/3991 838/1073/838
f 840/1071/840 3977/3464/3977 3984/3467/3984 839/1072/839
f 4026/3508/4026 4027/3509/4027 4034/3510/4034 4033/3511/4033
f 4027/3509/4027 4028/3512/4028 4035/3513/4035 4034/3510/4034
f 4028/3512/4028 4029/3514/4029 4036/3515/4036 4035/3513/4035
f 4029/3514/4029 4030/3516/4030 4037/3517/4037 4036/3515/4036
f 4030/3516/4030 4031/3518/4031 4038/3519/4038 4037/3517/4037
f 4031/3518/4031 4032/3520/4032 4039/3521/4039 4038/3519/4038
f 4033/3511/4033 4034/3510/4034 4041/3522/4041 4040/3523/4040
f 4034/3510/4034 4035/3513/4035 4042/3524/4042 4041/3522/4041
f 4035/3513/4035 4036/3515/4036 4043/3525/4043 4042/3524/4042
f 4036/3515/4036 4037/3517/4037 4044/3526/4044 4043/3525/4043
f 4037/3517/4037 4038/3519/4038 4045/3527/4045 4044/3526/4044
f 4038/3519/4038 4039/3521/4039 4046/3528/4046 4045/3527/4045
f 4040/3523/4040 4041/3522/4041 4048/3529/4048 4047/3530/4047
f 4041/3522/4041 4042/3524/4042 4049/3531/4049 4048/3529/4048
f 4042/3524/4042 4043/3525/4043 4050/3532/4050 4049/3531/4049
f 4043/3525/4043 4044/3526/4044 4051/3533/4051 4050/3532/4050
f 4044/3526/4044 4045/3527/4045 4052/3534/4052 4051/3533/4051
f 4045/3527/4045 4046/3528/4046 4053/3530/4053 4052/3534/4052
f 4047/3530/4047 4048/3529/4048 4055/3535/4055 4054/3536/4054
f 4048/3529/4048 4049/3531/4049 4056/3537/4056 4055/3535/4055
f 4049/3531/4049 4050/3532/4050 4057/3538/4057 4056/3537/4056
f 4050/3532/4050 4051/3533/4051 4058/3537/4058 4057/3538/4057
f 4051/3533/4051 4052/3534/4052 4059/3539/4059 4058/3537/4058
f 4052/3534/4052 4053/3530/4053 4060/3540/4060 4059/3539/4059
f 4054/3536/4054 4055/3535/4055 4062/3541/4062 4061/3542/4061
f 4055/3535/4055 4056/3537/4056 4063/3543/4063 4062/3541/4062
f 4056/3537/4056 4057/3538/4057 4064/3544/4064 4063/3543/4063
f 4057/3538/4057 4058/3537/4058 4065/3545/4065 4064/3544/4064
f 4058/3537/4058 4059/3539/4059 4066/3546/4066 4065/3545/4065
f 4059/3539/4059 4060/3540/4060 4067/3547/4067 4066/3546/4066
f 4061/3542/4061 4062/3541/4062 4069/3548/4069 4068/3549/4068
f 4062/3541/4062 4063/3543/4063 4070/3550/4070 4069/3548/4069
f 4063/3543/4063 4064/3544/4064 4071/3551/4071 4070/3550/4070
f 4064/3544/4064 4065/3545/4065 4072/3552/4072 4071/3551/4071
f 4065/3545/4065 4066/3546/4066 4073/3548/4073 4072/3552/4072
f 4066/3546/4066 4067/3547/4067 4074/3553/4074 4073/3548/4073
f 75/1133/75 995/3218/995 4026/3508/4026 1099/3332/1099
f 995/3218/995 996/3217/996 4027/3509/4027 4026/3508/4026
f 996/3217/996 997/3216/997 4028/3512/4028 4027/3509/4027
f 997/3216/997 998/3215/998 4029/3514/4029 4028/3512/4028
f 998/3215/998 999/3214/999 4030/3516/4030 4029/3514/4029
f 999/3214/999 1000/3213/1000 4031/3518/4031 4030/3516/4030
f 1000/3213/1000 1001/3212/1001 4032/3520/4032 4031/3518/4031
f 1001/3212/1001 58/876/58 791/3332/791 4032/3520/4032
f 4032/3520/4032 791/3332/791 790/3554/790 4039/3521/4039
f 4039/3521/4039 790/3554/790 789/3555/789 4046/3528/4046
f 4046/3528/4046 789/3555/789 788/3329/788 4053/3530/4053
f 4053/3530/4053 788/3329/788 787/3328/787 4060/3540/4060
f 4060/3540/4060 787/3328/787 786/3327/786 4067/3547/4067
f 4067/3547/4067 786/3327/786 785/3556/785 4074/3553/4074
f 4074/3553/4074 785/3556/785 57/885/57 1086/3268/1086
f 4073/3548/4073 4074/3553/4074 1086/3268/1086 1087/3267/1087
f 4072/3552/4072 4073/3548/4073 1087/3267/1087 1088/3266/1088
f 4071/3551/4071 4072/3552/4072 1088/3266/1088 1089/3265/1089
f 4070/3550/4070 4071/3551/4071 1089/3265/1089 1090/3264/1090
f 4069/3548/4069 4070/3550/4070 1090/3264/1090 1091/3263/1091
f 4068/3549/4068 4069/3548/4069 1091/3263/1091 1092/3262/1092
f 1093/3557/1093 4068/3549/4068 1092/3262/1092 76/1141/76
f 1094/3558/1094 4061/3542/4061 4068/3549/4068 1093/3557/1093
f 1095/3559/1095 4054/3536/4054 4061/3542/4061 1094/3558/1094
f 1096/3329/1096 4047/3530/4047 4054/3536/4054 1095/3559/1095
f 1097/3330/1097 4040/3523/4040 4047/3530/4047 1096/3329/1096
f 1098/3554/1098 4033/3511/4033 4040/3523/4040 1097/3330/1097
f 1099/3332/1099 4026/3508/4026 4033/3511/4033 1098/3554/1098
f 4075/3560/4075 4076/3561/4076 4083/3562/4083 4082/3563/4082
f 4076/3561/4076 4077/3564/4077 4084/3565/4084 4083/3562/4083
f 4077/3564/4077 4078/3566/4078 4085/3567/4085 4084/3565/4084
f 4078/3566/4078 4079/3568/4079 4086/3569/4086 4085/3567/4085
f 4079/3568/4079 4080/3570/4080 4087/3571/4087 4086/3569/4086
f 4080/3570/4080 4081/3572/4081 4088/3573/4088 4087/3571/4087
f 4082/3563/4082 4083/3562/4083 4090/3574/4090 4089/3575/4089
f 4083/3562/4083 4084/3565/4084 4091/3576/4091 4090/3574/4090
f 4084/3565/4084 4085/3567/4085 4092/3577/4092 4091/3576/4091
f 4085/3567/4085 4086/3569/4086 4093/3578/4093 4092/3577/4092
f 4086/3569/4086 4087/3571/4087 4094/3579/4094 4093/3578/4093
f 4087/3571/4087 4088/3573/4088 4095/3580/4095 4094/3579/4094
f 4089/3575/4089 4090/3574/4090 4097/3581/4097 4096/3582/4096
f 4090/3574/4090 4091/3576/4091 4098/3583/4098 4097/3581/4097
f 4091/3576/4091 4092/3577/4092 4099/3584/4099 4098/3583/4098
f 4092/3577/4092 4093/3578/4093 4100/3585/4100 4099/3584/4099
f 4093/3578/4093 4094/3579/4094 4101/3586/4101 4100/3585/4100
f 4094/3579/4094 4095/3580/4095 4102/3587/4102 4101/3586/4101
f 4096/3582/4096 4097/3581/4097 4104/3588/4104 4103/3589/4103
f 4097/3581/4097 4098/3583/4098 4105/3590/4105 4104/3588/4104
f 4098/3583/4098 4099/3584/4099 4106/3591/4106 4105/3590/4105
f 4099/3584/4099 4100/3585/4100 4107/3592/4107 4106/3591/4106
f 4100/3585/4100 4101/3586/4101 4108/3593/4108 4107/3592/4107
f 4101/3586/4101 4102/3587/4102 4109/3594/4109 4108/3593/4108
f 4103/3589/4103 4104/3588/4104 4111/3595/4111 4110/3596/4110
f 4104/3588/4104 4105/3590/4105 4112/3597/4112 4111/3595/4111
f 4105/3590/4105 4106/3591/4106 4113/3598/4113 4112/3597/4112
f 4106/3591/4106 4107/3592/4107 4114/3597/4114 4113/3598/4113
f 4107/3592/4107 4108/3593/4108 4115/3599/4115 4114/3597/4114
f 4108/3593/4108 4109/3594/4109 4116/3600/4116 4115/3599/4115
f 4110/3596/4110 4111/3595/4111 4118/3601/4118 4117/3602/4117
f 4111/3595/4111 4112/3597/4112 4119/3603/4119 4118/3601/4118
f 4112/3597/4112 4113/3598/4113 4120/3604/4120 4119/3603/4119
f 4113/3598/4113 4114/3597/4114 4121/3605/4121 4120/3604/4120
f 4114/3597/4114 4115/3599/4115 4122/3606/4122 4121/3605/4121
f 4115/3599/4115 4116/3600/4116 4123/3607/4123 4122/3606/4122
f 78/1246/78 1134/3608/1134 4075/3560/4075 1169/1162/1169
f 1134/3608/1134 1133/3609/1133 4076/3561/4076 4075/3560/4075
f 1133/3609/1133 1132/3610/1132 4077/3564/4077 4076/3561/4076
f 1132/3610/1132 1131/3611/1131 4078/3566/4078 4077/3564/4077
f 1131/3611/1131 1130/3612/1130 4079/3568/4079 4078/3566/4078
f 1130/3612/1130 1129/3613/1129 4080/3570/4080 4079/3568/4079
f 1129/3613/1129 1128/3614/1128 4081/3572/4081 4080/3570/4080
f 1128/3614/1128 65/1247/65 883/1168/883 4081/3572/4081
f 4081/3572/4081 883/1168/883 884/1176/884 4088/3573/4088
f 4088/3573/4088 884/1176/884 885/1163/885 4095/3580/4095
f 4095/3580/4095 885/1163/885 886/1154/886 4102/3587/4102
f 4102/3587/4102 886/1154/886 887/1175/887 4109/3594/4109
f 4109/3594/4109 887/1175/887 888/1188/888 4116/3600/4116
f 4116/3600/4116 888/1188/888 889/1187/889 4123/3607/4123
f 4123/3607/4123 889/1187/889 68/1184/68 1015/1186/1015
f 4122/3606/4122 4123/3607/4123 1015/1186/1015 1014/1186/1014
f 4121/3605/4121 4122/3606/4122 1014/1186/1014 1013/1184/1013
f 4120/3604/4120 4121/3605/4121 1013/1184/1013 1012/1184/1012
f 4119/3603/4119 4120/3604/4120 1012/1184/1012 1011/1185/1011
f 4118/3601/4118 4119/3603/4119 1011/1185/1011 1010/1185/1010
f 4117/3602/4117 4118/3601/4118 1010/1185/1010 1009/1184/1009
f 1163/1171/1163 4117/3602/4117 1009/1184/1009 77/1006/77
f 1164/1183/1164 4110/3596/4110 4117/3602/4117 1163/1171/1163
f 1165/1157/1165 4103/3589/4103 4110/3596/4110 1164/1183/1164
f 1166/1178/1166 4096/3582/4096 4103/3589/4103 1165/1157/1165
f 1167/1153/1167 4089/3575/4089 4096/3582/4096 1166/1178/1166
f 1168/1176/1168 4082/3563/4082 4089/3575/4089 1167/1153/1167
f 1169/1162/1169 4075/3560/4075 4082/3563/4082 1168/1176/1168
f 4124/3615/4124 4125/3616/4125 4132/3617/4132 4131/3618/4131
f 4125/3616/4125 4126/3619/4126 4133/3620/4133 4132/3617/4132
f 4126/3619/4126 4127/3621/4127 4134/3622/4134 4133/3620/4133
f 4127/3621/4127 4128/3623/4128 4135/3624/4135 4134/3622/4134
f 4128/3623/4128 4129/3625/4129 4136/3626/4136 4135/3624/4135
f 4129/3625/4129 4130/3627/4130 4137/3628/4137 4136/3626/4136
f 4131/3618/4131 4132/3617/4132 4139/3629/4139 4138/3630/4138
f 4132/3617/4132 4133/3620/4133 4140/3631/4140 4139/3629/4139
f 4133/3620/4133 4134/3622/4134 4141/3632/4141 4140/3631/4140
f 4134/3622/4134 4135/3624/4135 4142/3633/4142 4141/3632/4141
f 4135/3624/4135 4136/3626/4136 4143/3634/4143 4142/3633/4142
f 4136/3626/4136 4137/3628/4137 4144/3635/4144 4143/3634/4143
f 4138/3630/4138 4139/3629/4139 4146/3636/4146 4145/3637/4145
f 4139/3629/4139 4140/3631/4140 4147/3638/4147 4146/3636/4146
f 4140/3631/4140 4141/3632/4141 4148/3639/4148 4147/3638/4147
f 4141/3632/4141 4142/3633/4142 4149/3640/4149 4148/3639/4148
f 4142/3633/4142 4143/3634/4143 4150/3641/4150 4149/3640/4149
f 4143/3634/4143 4144/3635/4144 4151/3642/4151 4150/3641/4150
f 4145/3637/4145 4146/3636/4146 4153/3643/4153 4152/3644/4152
f 4146/3636/4146 4147/3638/4147 4154/3645/4154 4153/3643/4153
f 4147/3638/4147 4148/3639/4148 4155/3646/4155 4154/3645/4154
f 4148/3639/4148 4149/3640/4149 4156/3647/4156 4155/3646/4155
f 4149/3640/4149 4150/3641/4150 4157/3648/4157 4156/3647/4156
f 4150/3641/4150 4151/3642/4151 4158/3649/4158 4157/3648/4157
f 4152/3644/4152 4153/3643/4153 4160/3650/4160 4159/3651/4159
f 4153/3643/4153 4154/3645/4154 4161/3652/4161 4160/3650/4160
f 4154/3645/4154 4155/3646/4155 4162/3653/4162 4161/3652/4161
f 4155/3646/4155 4156/3647/4156 4163/3654/4163 4162/3653/4162
f 4156/3647/4156 4157/3648/4157 4164/3655/4164 4163/3654/4163
f 4157/3648/4157 4158/3649/4158 4165/3656/4165 4164/3655/4164
f 4159/3651/4159 4160/3650/4160 4167/3657/4167 4166/3658/4166
f 4160/3650/4160 4161/3652/4161 4168/3659/4168 4167/3657/4167
f 4161/3652/4161 4162/3653/4162 4169/3660/4169 4168/3659/4168
f 4162/3653/4162 4163/3654/4163 4170/3661/4170 4169/3660/4169
f 4163/3654/4163 4164/3655/4164 4171/3662/4171 4170/3661/4170
f 4164/3655/4164 4165/3656/4165 4172/3663/4172 4171/3662/4171
f 79/140/79 1141/2755/1141 4124/3615/4124 1162/3664/1162
f 1141/2755/1141 1140/2754/1140 4125/3616/4125 4124/3615/4124
f 1140/2754/1140 1139/2753/1139 4126/3619/4126 4125/3616/4125
f 1139/2753/1139 1138/2752/1138 4127/3621/4127 4126/3619/4126
f 1138/2752/1138 1137/2751/1137 4128/3623/4128 4127/3621/4127
f 1137/2751/1137 1136/2750/1136 4129/3625/4129 4128/3623/4128
f 1136/2750/1136 1135/2749/1135 4130/3627/4130 4129/3625/4129
f 1135/2749/1135 66/2748/66 875/3340/875 4130/3627/4130
f 4130/3627/4130 875/3340/875 874/3341/874 4137/3628/4137
f 4137/3628/4137 874/3341/874 873/3665/873 4144/3635/4144
f 4144/3635/4144 873/3665/873 872/3343/872 4151/3642/4151
f 4151/3642/4151 872/3343/872 871/3344/871 4158/3649/4158
f 4158/3649/4158 871/3344/871 870/3666/870 4165/3656/4165
f 4165/3656/4165 870/3666/870 869/3667/869 4172/3663/4172
f 4172/3663/4172 869/3667/869 65/1247/65 1128/3614/1128
f 4171/3662/4171 4172/3663/4172 1128/3614/1128 1129/3613/1129
f 4170/3661/4170 4171/3662/4171 1129/3613/1129 1130/3612/1130
f 4169/3660/4169 4170/3661/4170 1130/3612/1130 1131/3611/1131
f 4168/3659/4168 4169/3660/4169 1131/3611/1131 1132/3610/1132
f 4167/3657/4167 4168/3659/4168 1132/3610/1132 1133/3609/1133
f 4166/3658/4166 4167/3657/4167 1133/3609/1133 1134/3608/1134
f 1156/1245/1156 4166/3658/4166 1134/3608/1134 78/1246/78
f 1157/3668/1157 4159/3651/4159 4166/3658/4166 1156/1245/1156
f 1158/3669/1158 4152/3644/4152 4159/3651/4159 1157/3668/1157
f 1159/3670/1159 4145/3637/4145 4152/3644/4152 1158/3669/1158
f 1160/3671/1160 4138/3630/4138 4145/3637/4145 1159/3670/1159
f 1161/3672/1161 4131/3618/4131 4138/3630/4138 1160/3671/1160
f 1162/3664/1162 4124/3615/4124 4131/3618/4131 1161/3672/1161
f 4173/3673/4173 4174/3674/4174 4181/3675/4181 4180/3676/4180
f 4174/3674/4174 4175/3677/4175 4182/3678/4182 4181/3675/4181
f 4175/3677/4175 4176/3679/4176 4183/3680/4183 4182/3678/4182
f 4176/3679/4176 4177/3681/4177 4184/3682/4184 4183/3680/4183
f 4177/3681/4177 4178/3683/4178 4185/3684/4185 4184/3682/4184
f 4178/3683/4178 4179/3685/4179 4186/3686/4186 4185/3684/4185
f 4180/3676/4180 4181/3675/4181 4188/3687/4188 4187/3688/4187
f 4181/3675/4181 4182/3678/4182 4189/3689/4189 4188/3687/4188
f 4182/3678/4182 4183/3680/4183 4190/3690/4190 4189/3689/4189
f 4183/3680/4183 4184/3682/4184 4191/3691/4191 4190/3690/4190
f 4184/3682/4184 4185/3684/4185 4192/3692/4192 4191/3691/4191
f 4185/3684/4185 4186/3686/4186 4193/3693/4193 4192/3692/4192
f 4187/3688/4187 4188/3687/4188 4195/3694/4195 4194/3695/4194
f 4188/3687/4188 4189/3689/4189 4196/3696/4196 4195/3694/4195
f 4189/3689/4189 4190/3690/4190 4197/3697/4197 4196/3696/4196
f 4190/3690/4190 4191/3691/4191 4198/3698/4198 4197/3697/4197
f 4191/3691/4191 4192/3692/4192 4199/3699/4199 4198/3698/4198
f 4192/3692/4192 4193/3693/4193 4200/3700/4200 4199/3699/4199
f 4194/3695/4194 4195/3694/4195 4202/3701/4202 4201/3702/4201
f 4195/3694/4195 4196/3696/4196 4203/3703/4203 4202/3701/4202
f 4196/3696/4196 4197/3697/4197 4204/3704/4204 4203/3703/4203
f 4197/3697/4197 4198/3698/4198 4205/3705/4205 4204/3704/4204
f 4198/3698/4198 4199/3699/4199 4206/3706/4206 4205/3705/4205
f 4199/3699/4199 4200/3700/4200 4207/3707/4207 4206/3706/4206
f 4201/3702/4201 4202/3701/4202 4209/3708/4209 4208/3709/4208
f 4202/3701/4202 4203/3703/4203 4210/3710/4210 4209/3708/4209
f 4203/3703/4203 4204/3704/4204 4211/3711/4211 4210/3710/4210
f 4204/3704/4204 4205/3705/4205 4212/3712/4212 4211/3711/4211
f 4205/3705/4205 4206/3706/4206 4213/3713/4213 4212/3712/4212
f 4206/3706/4206 4207/3707/4207 4214/3714/4214 4213/3713/4213
f 4208/3709/4208 4209/3708/4209 4216/3715/4216 4215/3716/4215
f 4209/3708/4209 4210/3710/4210 4217/3717/4217 4216/3715/4216
f 4210/3710/4210 4211/3711/4211 4218/3718/4218 4217/3717/4217
f 4211/3711/4211 4212/3712/4212 4219/3719/4219 4218/3718/4218
f 4212/3712/4212 4213/3713/4213 4220/3720/4220 4219/3719/4219
f 4213/3713/4213 4214/3714/4214 4221/3721/4221 4220/3720/4220
f 77/1006/77 1009/1184/1009 4173/3673/4173 1155/1304/1155
f 1009/1184/1009 1010/1185/1010 4174/3674/4174 4173/3673/4173
f 1010/1185/1010 1011/1185/1011 4175/3677/4175 4174/3674/4174
f 1011/1185/1011 1012/1184/1012 4176/3679/4176 4175/3677/4175
f 1012/1184/1012 1013/1184/1013 4177/3681/4177 4176/3679/4176
f 1013/1184/1013 1014/1186/1014 4178/3683/4178 4177/3681/4177
f 1014/1186/1014 1015/1184/1015 4179/3685/4179 4178/3683/4178
f 1015/1184/1015 68/1006/68 890/3722/890 4179/3685/4179
f 4179/3685/4179 890/3722/890 891/3723/891 4186/3686/4186
f 4186/3686/4186 891/3723/891 892/3724/892 4193/3693/4193
f 4193/3693/4193 892/3724/892 893/3725/893 4200/3700/4200
f 4200/3700/4200 893/3725/893 894/3726/894 4207/3707/4207
f 4207/3707/4207 894/3726/894 895/3727/895 4214/3714/4214
f 4214/3714/4214 895/3727/895 896/3728/896 4221/3721/4221
f 4221/3721/4221 896/3728/896 67/131/67 1036/2391/1036
f 4220/3720/4220 4221/3721/4221 1036/2391/1036 1035/2215/1035
f 4219/3719/4219 4220/3720/4220 1035/2215/1035 1034/2215/1034
f 4218/3718/4218 4219/3719/4219 1034/2215/1034 1033/2215/1033
f 4217/3717/4217 4218/3718/4218 1033/2215/1033 1032/2215/1032
f 4216/3715/4216 4217/3717/4217 1032/2215/1032 1031/2215/1031
f 4215/3716/4215 4216/3715/4216 1031/2215/1031 1030/2215/1030
f 1149/1071/1149 4215/3716/4215 1030/2215/1030 80/2214/80
f 1150/1072/1150 4208/3709/4208 4215/3716/4215 1149/1071/1149
f 1151/1073/1151 4201/3702/4201 4208/3709/4208 1150/1072/1150
f 1152/1074/1152 4194/3695/4194 4201/3702/4201 1151/1073/1151
f 1153/1075/1153 4187/3688/4187 4194/3695/4194 1152/1074/1152
f 1154/1305/1154 4180/3676/4180 4187/3688/4187 1153/1075/1153
f 1155/1304/1155 4173/3673/4173 4180/3676/4180 1154/1305/1154
f 4222/3729/4222 4223/3730/4223 4230/3731/4230 4229/3732/4229
f 4223/3730/4223 4224/3733/4224 4231/3734/4231 4230/3731/4230
f 4224/3733/4224 4225/3735/4225 4232/3736/4232 4231/3734/4231
f 4225/3735/4225 4226/3737/4226 4233/3738/4233 4232/3736/4232
f 4226/3737/4226 4227/3739/4227 4234/3740/4234 4233/3738/4233
f 4227/3739/4227 4228/3741/4228 4235/3742/4235 4234/3740/4234
f 4229/3732/4229 4230/3731/4230 4237/3743/4237 4236/3744/4236
f 4230/3731/4230 4231/3734/4231 4238/3745/4238 4237/3743/4237
f 4231/3734/4231 4232/3736/4232 4239/3746/4239 4238/3745/4238
f 4232/3736/4232 4233/3738/4233 4240/3747/4240 4239/3746/4239
f 4233/3738/4233 4234/3740/4234 4241/3748/4241 4240/3747/4240
f 4234/3740/4234 4235/3742/4235 4242/3749/4242 4241/3748/4241
f 4236/3744/4236 4237/3743/4237 4244/3750/4244 4243/3751/4243
f 4237/3743/4237 4238/3745/4238 4245/3752/4245 4244/3750/4244
f 4238/3745/4238 4239/3746/4239 4246/3753/4246 4245/3752/4245
f 4239/3746/4239 4240/3747/4240 4247/3754/4247 4246/3753/4246
f 4240/3747/4240 4241/3748/4241 4248/3755/4248 4247/3754/4247
f 4241/3748/4241 4242/3749/4242 4249/3756/4249 4248/3755/4248
f 4243/3751/4243 4244/3750/4244 4251/3757/4251 4250/3758/4250
f 4244/3750/4244 4245/3752/4245 4252/3759/4252 4251/3757/4251
f 4245/3752/4245 4246/3753/4246 4253/3760/4253 4252/3759/4252
f 4246/3753/4246 4247/3754/4247 4254/3761/4254 4253/3760/4253
f 4247/3754/4247 4248/3755/4248 4255/3762/4255 4254/3761/4254
f 4248/3755/4248 4249/3756/4249 4256/3763/4256 4255/3762/4255
f 4250/3758/4250 4251/3757/4251 4258/3764/4258 4257/3765/4257
f 4251/3757/4251 4252/3759/4252 4259/3766/4259 4258/3764/4258
f 4252/3759/4252 4253/3760/4253 4260/3767/4260 4259/3766/4259
f 4253/3760/4253 4254/3761/4254 4261/3768/4261 4260/3767/4260
f 4254/3761/4254 4255/3762/4255 4262/3769/4262 4261/3768/4261
f 4255/3762/4255 4256/3763/4256 4263/3770/4263 4262/3769/4262
f 4257/3765/4257 4258/3764/4258 4265/3771/4265 4264/3772/4264
f 4258/3764/4258 4259/3766/4259 4266/3773/4266 4265/3771/4265
f 4259/3766/4259 4260/3767/4260 4267/3774/4267 4266/3773/4266
f 4260/3767/4260 4261/3768/4261 4268/3775/4268 4267/3774/4267
f 4261/3768/4261 4262/3769/4262 4269/3776/4269 4268/3775/4268
f 4262/3769/4262 4263/3770/4263 4270/3777/4270 4269/3776/4269
f 64/1363/64 931/3778/931 4222/3729/4222 897/1364/897
f 931/3778/931 930/3779/930 4223/3730/4223 4222/3729/4222
f 930/3779/930 929/3780/929 4224/3733/4224 4223/3730/4223
f 929/3780/929 928/3781/928 4225/3735/4225 4224/3733/4224
f 928/3781/928 927/3782/927 4226/3737/4226 4225/3735/4225
f 927/3782/927 926/3783/926 4227/3739/4227 4226/3737/4226
f 926/3783/926 925/3784/925 4228/3741/4228 4227/3739/4227
f 925/3784/925 65/1247/65 869/3319/869 4228/3741/4228
f 4228/3741/4228 869/3319/869 870/3345/870 4235/3742/4235
f 4235/3742/4235 870/3345/870 871/3344/871 4242/3749/4242
f 4242/3749/4242 871/3344/871 872/3343/872 4249/3756/4249
f 4249/3756/4249 872/3343/872 873/3342/873 4256/3763/4256
f 4256/3763/4256 873/3342/873 874/3341/874 4263/3770/4263
f 4263/3770/4263 874/3341/874 875/3340/875 4270/3777/4270
f 4270/3777/4270 875/3340/875 66/2748/66 938/3785/938
f 4269/3776/4269 4270/3777/4270 938/3785/938 937/3786/937
f 4268/3775/4268 4269/3776/4269 937/3786/937 936/3787/936
f 4267/3774/4267 4268/3775/4268 936/3787/936 935/3788/935
f 4266/3773/4266 4267/3774/4267 935/3788/935 934/3789/934
f 4265/3771/4265 4266/3773/4266 934/3789/934 933/3790/933
f 4264/3772/4264 4265/3771/4265 933/3790/933 932/3791/932
f 903/1371/903 4264/3772/4264 932/3791/932 63/1372/63
f 902/1370/902 4257/3765/4257 4264/3772/4264 903/1371/903
f 901/1369/901 4250/3758/4250 4257/3765/4257 902/1370/902
f 900/1368/900 4243/3751/4243 4250/3758/4250 901/1369/901
f 899/1367/899 4236/3744/4236 4243/3751/4243 900/1368/900
f 898/1366/898 4229/3732/4229 4236/3744/4236 899/1367/899
f 897/1364/897 4222/3729/4222 4229/3732/4229 898/1366/898
f 4271/3792/4271 4272/3793/4272 4279/3794/4279 4278/3795/4278
f 4272/3793/4272 4273/3796/4273 4280/3797/4280 4279/3794/4279
f 4273/3796/4273 4274/3798/4274 4281/3799/4281 4280/3797/4280
f 4274/3798/4274 4275/3800/4275 4282/3801/4282 4281/3799/4281
f 4275/3800/4275 4276/3802/4276 4283/3803/4283 4282/3801/4282
f 4276/3802/4276 4277/3804/4277 4284/3805/4284 4283/3803/4283
f 4278/3795/4278 4279/3794/4279 4286/3806/4286 4285/3807/4285
f 4279/3794/4279 4280/3797/4280 4287/3808/4287 4286/3806/4286
f 4280/3797/4280 4281/3799/4281 4288/3809/4288 4287/3808/4287
f 4281/3799/4281 4282/3801/4282 4289/3810/4289 4288/3809/4288
f 4282/3801/4282 4283/3803/4283 4290/3811/4290 4289/3810/4289
f 4283/3803/4283 4284/3805/4284 4291/3812/4291 4290/3811/4290
f 4285/3807/4285 4286/3806/4286 4293/3813/4293 4292/3814/4292
f 4286/3806/4286 4287/3808/4287 4294/3815/4294 4293/3813/4293
f 4287/3808/4287 4288/3809/4288 4295/3816/4295 4294/3815/4294
f 4288/3809/4288 4289/3810/4289 4296/3817/4296 4295/3816/4295
f 4289/3810/4289 4290/3811/4290 4297/3818/4297 4296/3817/4296
f 4290/3811/4290 4291/3812/4291 4298/3819/4298 4297/3818/4297
f 4292/3814/4292 4293/3813/4293 4300/3820/4300 4299/3821/4299
f 4293/3813/4293 4294/3815/4294 4301/3822/4301 4300/3820/4300
f 4294/3815/4294 4295/3816/4295 4302/3823/4302 4301/3822/4301
f 4295/3816/4295 4296/3817/4296 4303/3824/4303 4302/3823/4302
f 4296/3817/4296 4297/3818/4297 4304/3825/4304 4303/3824/4303
f 4297/3818/4297 4298/3819/4298 4305/3826/4305 4304/3825/4304
f 4299/3821/4299 4300/3820/4300 4307/3827/4307 4306/3828/4306
f 4300/3820/4300 4301/3822/4301 4308/3829/4308 4307/3827/4307
f 4301/3822/4301 4302/3823/4302 4309/3830/4309 4308/3829/4308
f 4302/3823/4302 4303/3824/4303 4310/3831/4310 4309/3830/4309
f 4303/3824/4303 4304/3825/4304 4311/3832/4311 4310/3831/4310
f 4304/3825/4304 4305/3826/4305 4312/3833/4312 4311/3832/4311
f 4306/3828/4306 4307/3827/4307 4314/3834/4314 4313/3835/4313
f 4307/3827/4307 4308/3829/4308 4315/3836/4315 4314/3834/4314
f 4308/3829/4308 4309/3830/4309 4316/3837/4316 4315/3836/4315
f 4309/3830/4309 4310/3831/4310 4317/3838/4317 4316/3837/4316
f 4310/3831/4310 4311/3832/4311 4318/3839/4318 4317/3838/4317
f 4311/3832/4311 4312/3833/4312 4319/3840/4319 4318/3839/4318
f 63/1372/63 932/3791/932 4271/3792/4271 910/3841/910
f 932/3791/932 933/3790/933 4272/3793/4272 4271/3792/4271
f 933/3790/933 934/3789/934 4273/3796/4273 4272/3793/4272
f 934/3789/934 935/3788/935 4274/3798/4274 4273/3796/4273
f 935/3788/935 936/3787/936 4275/3800/4275 4274/3798/4274
f 936/3787/936 937/3786/937 4276/3802/4276 4275/3800/4275
f 937/3786/937 938/3785/938 4277/3804/4277 4276/3802/4276
f 938/3785/938 66/2748/66 882/2747/882 4277/3804/4277
f 4277/3804/4277 882/2747/882 881/2746/881 4284/3805/4284
f 4284/3805/4284 881/2746/881 880/3404/880 4291/3812/4291
f 4291/3812/4291 880/3404/880 879/2744/879 4298/3819/4298
f 4298/3819/4298 879/2744/879 878/3403/878 4305/3826/4305
f 4305/3826/4305 878/3403/878 877/3402/877 4312/3833/4312
f 4312/3833/4312 877/3402/877 876/2741/876 4319/3840/4319
f 4319/3840/4319 876/2741/876 67/131/67 945/3842/945
f 4318/3839/4318 4319/3840/4319 945/3842/945 944/3843/944
f 4317/3838/4317 4318/3839/4318 944/3843/944 943/3844/943
f 4316/3837/4316 4317/3838/4317 943/3844/943 942/3845/942
f 4315/3836/4315 4316/3837/4316 942/3845/942 941/3846/941
f 4314/3834/4314 4315/3836/4315 941/3846/941 940/3847/940
f 4313/3835/4313 4314/3834/4314 940/3847/940 939/3848/939
f 904/3849/904 4313/3835/4313 939/3848/939 61/1666/61
f 905/3850/905 4306/3828/4306 4313/3835/4313 904/3849/904
f 906/3851/906 4299/3821/4299 4306/3828/4306 905/3850/905
f 907/3852/907 4292/3814/4292 4299/3821/4299 906/3851/906
f 908/3853/908 4285/3807/4285 4292/3814/4292 907/3852/907
f 909/3854/909 4278/3795/4278 4285/3807/4285 908/3853/908
f 910/3841/910 4271/3792/4271 4278/3795/4278 909/3854/909
f 4320/3855/4320 4321/3856/4321 4328/3857/4328 4327/3858/4327
f 4321/3856/4321 4322/3859/4322 4329/3860/4329 4328/3857/4328
f 4322/3859/4322 4323/3861/4323 4330/3862/4330 4329/3860/4329
f 4323/3861/4323 4324/3863/4324 4331/3864/4331 4330/3862/4330
f 4324/3863/4324 4325/3865/4325 4332/3866/4332 4331/3864/4331
f 4325/3865/4325 4326/3867/4326 4333/3868/4333 4332/3866/4332
f 4327/3858/4327 4328/3857/4328 4335/3869/4335 4334/3870/4334
f 4328/3857/4328 4329/3860/4329 4336/3871/4336 4335/3869/4335
f 4329/3860/4329 4330/3862/4330 4337/3872/4337 4336/3871/4336
f 4330/3862/4330 4331/3864/4331 4338/3873/4338 4337/3872/4337
f 4331/3864/4331 4332/3866/4332 4339/3874/4339 4338/3873/4338
f 4332/3866/4332 4333/3868/4333 4340/3875/4340 4339/3874/4339
f 4334/3870/4334 4335/3869/4335 4342/3876/4342 4341/3877/4341
f 4335/3869/4335 4336/3871/4336 4343/3878/4343 4342/3876/4342
f 4336/3871/4336 4337/3872/4337 4344/3879/4344 4343/3878/4343
f 4337/3872/4337 4338/3873/4338 4345/3880/4345 4344/3879/4344
f 4338/3873/4338 4339/3874/4339 4346/3881/4346 4345/3880/4345
f 4339/3874/4339 4340/3875/4340 4347/3882/4347 4346/3881/4346
f 4341/3877/4341 4342/3876/4342 4349/3883/4349 4348/3884/4348
f 4342/3876/4342 4343/3878/4343 4350/3885/4350 4349/3883/4349
f 4343/3878/4343 4344/3879/4344 4351/3886/4351 4350/3885/4350
f 4344/3879/4344 4345/3880/4345 4352/3887/4352 4351/3886/4351
f 4345/3880/4345 4346/3881/4346 4353/3888/4353 4352/3887/4352
f 4346/3881/4346 4347/3882/4347 4354/3889/4354 4353/3888/4353
f 4348/3884/4348 4349/3883/4349 4356/3890/4356 4355/3891/4355
f 4349/3883/4349 4350/3885/4350 4357/3892/4357 4356/3890/4356
f 4350/3885/4350 4351/3886/4351 4358/3893/4358 4357/3892/4357
f 4351/3886/4351 4352/3887/4352 4359/3894/4359 4358/3893/4358
f 4352/3887/4352 4353/3888/4353 4360/3895/4360 4359/3894/4359
f 4353/3888/4353 4354/3889/4354 4361/3896/4361 4360/3895/4360
f 4355/3891/4355 4356/3890/4356 4363/3897/4363 4362/3898/4362
f 4356/3890/4356 4357/3892/4357 4364/3899/4364 4363/3897/4363
f 4357/3892/4357 4358/3893/4358 4365/3900/4365 4364/3899/4364
f 4358/3893/4358 4359/3894/4359 4366/3901/4366 4365/3900/4365
f 4359/3894/4359 4360/3895/4360 4367/3902/4367 4366/3901/4366
f 4360/3895/4360 4361/3896/4361 4368/3903/4368 4367/3902/4367
f 62/3904/62 952/3905/952 4320/3855/4320 917/3906/917
f 952/3905/952 951/3907/951 4321/3856/4321 4320/3855/4320
f 951/3907/951 950/3908/950 4322/3859/4322 4321/3856/4321
f 950/3908/950 949/3909/949 4323/3861/4323 4322/3859/4322
f 949/3909/949 948/3910/948 4324/3863/4324 4323/3861/4323
f 948/3910/948 947/3911/947 4325/3865/4325 4324/3863/4324
f 947/3911/947 946/3912/946 4326/3867/4326 4325/3865/4325
f 946/3912/946 68/1006/68 889/1187/889 4326/3867/4326
f 4326/3867/4326 889/1187/889 888/1188/888 4333/3868/4333
f 4333/3868/4333 888/1188/888 887/1179/887 4340/3875/4340
f 4340/3875/4340 887/1179/887 886/1523/886 4347/3882/4347
f 4347/3882/4347 886/1523/886 885/1163/885 4354/3889/4354
f 4354/3889/4354 885/1163/885 884/1522/884 4361/3896/4361
f 4361/3896/4361 884/1522/884 883/1148/883 4368/3903/4368
f 4368/3903/4368 883/1148/883 65/1247/65 925/3784/925
f 4367/3902/4367 4368/3903/4368 925/3784/925 926/3783/926
f 4366/3901/4366 4367/3902/4367 926/3783/926 927/3782/927
f 4365/3900/4365 4366/3901/4366 927/3782/927 928/3781/928
f 4364/3899/4364 4365/3900/4365 928/3781/928 929/3780/929
f 4363/3897/4363 4364/3899/4364 929/3780/929 930/3779/930
f 4362/3898/4362 4363/3897/4363 930/3779/930 931/3778/931
f 911/3913/911 4362/3898/4362 931/3778/931 64/1363/64
f 912/3914/912 4355/3891/4355 4362/3898/4362 911/3913/911
f 913/3915/913 4348/3884/4348 4355/3891/4355 912/3914/912
f 914/3916/914 4341/3877/4341 4348/3884/4348 913/3915/913
f 915/3917/915 4334/3870/4334 4341/3877/4341 914/3916/914
f 916/3918/916 4327/3858/4327 4334/3870/4334 915/3917/915
f 917/3906/917 4320/3855/4320 4327/3858/4327 916/3918/916
f 4369/3919/4369 4370/3920/4370 4377/3921/4377 4376/3922/4376
f 4370/3920/4370 4371/3923/4371 4378/3924/4378 4377/3921/4377
f 4371/3923/4371 4372/3925/4372 4379/3926/4379 4378/3924/4378
f 4372/3925/4372 4373/3927/4373 4380/3928/4380 4379/3926/4379
f 4373/3927/4373 4374/3929/4374 4381/3930/4381 4380/3928/4380
f 4374/3929/4374 4375/3931/4375 4382/3932/4382 4381/3930/4381
f 4376/3922/4376 4377/3921/4377 4384/3933/4384 4383/3934/4383
f 4377/3921/4377 4378/3924/4378 4385/3935/4385 4384/3933/4384
f 4378/3924/4378 4379/3926/4379 4386/3936/4386 4385/3935/4385
f 4379/3926/4379 4380/3928/4380 4387/3937/4387 4386/3936/4386
f 4380/3928/4380 4381/3930/4381 4388/3938/4388 4387/3937/4387
f 4381/3930/4381 4382/3932/4382 4389/3939/4389 4388/3938/4388
f 4383/3934/4383 4384/3933/4384 4391/3940/4391 4390/3941/4390
f 4384/3933/4384 4385/3935/4385 4392/3942/4392 4391/3940/4391
f 4385/3935/4385 4386/3936/4386 4393/3943/4393 4392/3942/4392
f 4386/3936/4386 4387/3937/4387 4394/3944/4394 4393/3943/4393
f 4387/3937/4387 4388/3938/4388 4395/3945/4395 4394/3944/4394
f 4388/3938/4388 4389/3939/4389 4396/3946/4396 4395/3945/4395
f 4390/3941/4390 4391/3940/4391 4398/3947/4398 4397/3948/4397
f 4391/3940/4391 4392/3942/4392 4399/3949/4399 4398/3947/4398
f 4392/3942/4392 4393/3943/4393 4400/3950/4400 4399/3949/4399
f 4393/3943/4393 4394/3944/4394 4401/3951/4401 4400/3950/4400
f 4394/3944/4394 4395/3945/4395 4402/3952/4402 4401/3951/4401
f 4395/3945/4395 4396/3946/4396 4403/3953/4403 4402/3952/4402
f 4397/3948/4397 4398/3947/4398 4405/3954/4405 4404/3955/4404
f 4398/3947/4398 4399/3949/4399 4406/3956/4406 4405/3954/4405
f 4399/3949/4399 4400/3950/4400 4407/3957/4407 4406/3956/4406
f 4400/3950/4400 4401/3951/4401 4408/3958/4408 4407/3957/4407
f 4401/3951/4401 4402/3952/4402 4409/3959/4409 4408/3958/4408
f 4402/3952/4402 4403/3953/4403 4410/3960/4410 4409/3959/4409
f 4404/3955/4404 4405/3954/4405 4412/3961/4412 4411/3962/4411
f 4405/3954/4405 4406/3956/4406 4413/3963/4413 4412/3961/4412
f 4406/3956/4406 4407/3957/4407 4414/3964/4414 4413/3963/4413
f 4407/3957/4407 4408/3958/4408 4415/3965/4415 4414/3964/4414
f 4408/3958/4408 4409/3959/4409 4416/3966/4416 4415/3965/4415
f 4409/3959/4409 4410/3960/4410 4417/3967/4417 4416/3966/4416
f 61/1666/61 939/3848/939 4369/3919/4369 924/3968/924
f 939/3848/939 940/3847/940 4370/3920/4370 4369/3919/4369
f 940/3847/940 941/3846/941 4371/3923/4371 4370/3920/4370
f 941/3846/941 942/3845/942 4372/3925/4372 4371/3923/4371
f 942/3845/942 943/3844/943 4373/3927/4373 4372/3925/4372
f 943/3844/943 944/3843/944 4374/3929/4374 4373/3927/4373
f 944/3843/944 945/3842/945 4375/3931/4375 4374/3929/4374
f 945/3842/945 67/131/67 896/3969/896 4375/3931/4375
f 4375/3931/4375 896/3969/896 895/3970/895 4382/3932/4382
f 4382/3932/4382 895/3970/895 894/3971/894 4389/3939/4389
f 4389/3939/4389 894/3971/894 893/3972/893 4396/3946/4396
f 4396/3946/4396 893/3972/893 892/3973/892 4403/3953/4403
f 4403/3953/4403 892/3973/892 891/3974/891 4410/3960/4410
f 4410/3960/4410 891/3974/891 890/3975/890 4417/3967/4417
f 4417/3967/4417 890/3975/890 68/1006/68 946/3912/946
f 4416/3966/4416 4417/3967/4417 946/3912/946 947/3911/947
f 4415/3965/4415 4416/3966/4416 947/3911/947 948/3910/948
f 4414/3964/4414 4415/3965/4415 948/3910/948 949/3909/949
f 4413/3963/4413 4414/3964/4414 949/3909/949 950/3908/950
f 4412/3961/4412 4413/3963/4413 950/3908/950 951/3907/951
f 4411/3962/4411 4412/3961/4412 951/3907/951 952/3905/952
f 918/3976/918 4411/3962/4411 952/3905/952 62/3904/62
f 919/3977/919 4404/3955/4404 4411/3962/4411 918/3976/918
f 920/3978/920 4397/3948/4397 4404/3955/4404 919/3977/919
f 921/3979/921 4390/3941/4390 4397/3948/4397 920/3978/920
f 922/3980/922 4383/3934/4383 4390/3941/4390 921/3979/921
f 923/3981/923 4376/3922/4376 4383/3934/4383 922/3980/922
f 924/3968/924 4369/3919/4369 4376/3922/4376 923/3981/923
f 4418/3982/4418 4419/3983/4419 4426/3984/4426 4425/3985/4425
f 4419/3983/4419 4420/3986/4420 4427/3987/4427 4426/3984/4426
f 4420/3986/4420 4421/3988/4421 4428/3989/4428 4427/3987/4427
f 4421/3988/4421 4422/3990/4422 4429/3991/4429 4428/3989/4428
f 4422/3990/4422 4423/3992/4423 4430/3993/4430 4429/3991/4429
f 4423/3992/4423 4424/3994/4424 4431/3995/4431 4430/3993/4430
f 4425/3985/4425 4426/3984/4426 4433/3996/4433 4432/3997/4432
f 4426/3984/4426 4427/3987/4427 4434/3998/4434 4433/3996/4433
f 4427/3987/4427 4428/3989/4428 4435/3999/4435 4434/3998/4434
f 4428/3989/4428 4429/3991/4429 4436/4000/4436 4435/3999/4435
f 4429/3991/4429 4430/3993/4430 4437/4001/4437 4436/4000/4436
f 4430/3993/4430 4431/3995/4431 4438/4002/4438 4437/4001/4437
f 4432/3997/4432 4433/3996/4433 4440/4003/4440 4439/4004/4439
f 4433/3996/4433 4434/3998/4434 4441/4005/4441 4440/4003/4440
f 4434/3998/4434 4435/3999/4435 4442/4006/4442 4441/4005/4441
f 4435/3999/4435 4436/4000/4436 4443/4007/4443 4442/4006/4442
f 4436/4000/4436 4437/4001/4437 4444/4008/4444 4443/4007/4443
f 4437/4001/4437 4438/4002/4438 4445/4009/4445 4444/4008/4444
f 4439/4004/4439 4440/4003/4440 4447/4010/4447 4446/4011/4446
f 4440/4003/4440 4441/4005/4441 4448/4012/4448 4447/4010/4447
f 4441/4005/4441 4442/4006/4442 4449/4013/4449 4448/4012/4448
f 4442/4006/4442 4443/4007/4443 4450/4014/4450 4449/4013/4449
f 4443/4007/4443 4444/4008/4444 4451/4015/4451 4450/4014/4450
f 4444/4008/4444 4445/4009/4445 4452/4016/4452 4451/4015/4451
f 4446/4011/4446 4447/4010/4447 4454/4017/4454 4453/4018/4453
f 4447/4010/4447 4448/4012/4448 4455/4019/4455 4454/4017/4454
f 4448/4012/4448 4449/4013/4449 4456/4020/4456 4455/4019/4455
f 4449/4013/4449 4450/4014/4450 4457/4021/4457 4456/4020/4456
f 4450/4014/4450 4451/4015/4451 4458/4022/4458 4457/4021/4457
f 4451/4015/4451 4452/4016/4452 4459/4023/4459 4458/4022/4458
f 4453/4018/4453 4454/4017/4454 4461/4024/4461 4460/4025/4460
f 4454/4017/4454 4455/4019/4455 4462/4026/4462 4461/4024/4461
f 4455/4019/4455 4456/4020/4456 4463/4027/4463 4462/4026/4462
f 4456/4020/4456 4457/4021/4457 4464/4028/4464 4463/4027/4463
f 4457/4021/4457 4458/4022/4458 4465/4029/4465 4464/4028/4464
f 4458/4022/4458 4459/4023/4459 4466/4030/4466 4465/4029/4465
f 71/1372/71 966/3841/966 4418/3982/4418 959/4031/959
f 966/3841/966 965/3854/965 4419/3983/4419 4418/3982/4418
f 965/3854/965 964/3853/964 4420/3986/4420 4419/3983/4419
f 964/3853/964 963/3852/963 4421/3988/4421 4420/3986/4420
f 963/3852/963 962/3851/962 4422/3990/4422 4421/3988/4421
f 962/3851/962 961/3850/961 4423/3992/4423 4422/3990/4422
f 961/3850/961 960/4032/960 4424/3994/4424 4423/3992/4423
f 960/4032/960 69/1730/69 980/1664/980 4424/3994/4424
f 4424/3994/4424 980/1664/980 979/1663/979 4431/3995/4431
f 4431/3995/4431 979/1663/979 978/1662/978 4438/4002/4438
f 4438/4002/4438 978/1662/978 977/1661/977 4445/4009/4445
f 4445/4009/4445 977/1661/977 976/1660/976 4452/4016/4452
f 4452/4016/4452 976/1660/976 975/1659/975 4459/4023/4459
f 4459/4023/4459 975/1659/975 974/1658/974 4466/4030/4466
f 4466/4030/4466 974/1658/974 70/1657/70 973/4033/973
f 4465/4029/4465 4466/4030/4466 973/4033/973 972/1655/972
f 4464/4028/4464 4465/4029/4465 972/1655/972 971/4034/971
f 4463/4027/4463 4464/4028/4464 971/4034/971 970/4035/970
f 4462/4026/4462 4463/4027/4463 970/4035/970 969/1872/969
f 4461/4024/4461 4462/4026/4462 969/1872/969 968/1873/968
f 4460/4025/4460 4461/4024/4461 968/1873/968 967/1650/967
f 953/4036/953 4460/4025/4460 967/1650/967 72/1649/72
f 954/4037/954 4453/4018/4453 4460/4025/4460 953/4036/953
f 955/4038/955 4446/4011/4446 4453/4018/4453 954/4037/954
f 956/4039/956 4439/4004/4439 4446/4011/4446 955/4038/955
f 957/4040/957 4432/3997/4432 4439/4004/4439 956/4039/956
f 958/4041/958 4425/3985/4425 4432/3997/4432 957/4040/957
f 959/4031/959 4418/3982/4418 4425/3985/4425 958/4041/958
f 4467/4042/4467 4468/4043/4468 4475/4044/4475 4474/4045/4474
f 4468/4043/4468 4469/4046/4469 4476/4047/4476 4475/4044/4475
f 4469/4046/4469 4470/4048/4470 4477/4049/4477 4476/4047/4476
f 4470/4048/4470 4471/4050/4471 4478/4051/4478 4477/4049/4477
f 4471/4050/4471 4472/4052/4472 4479/4053/4479 4478/4051/4478
f 4472/4052/4472 4473/4054/4473 4480/4055/4480 4479/4053/4479
f 4474/4045/4474 4475/4044/4475 4482/4056/4482 4481/4057/4481
f 4475/4044/4475 4476/4047/4476 4483/4058/4483 4482/4056/4482
f 4476/4047/4476 4477/4049/4477 4484/4059/4484 4483/4058/4483
f 4477/4049/4477 4478/4051/4478 4485/4060/4485 4484/4059/4484
f 4478/4051/4478 4479/4053/4479 4486/4061/4486 4485/4060/4485
f 4479/4053/4479 4480/4055/4480 4487/4062/4487 4486/4061/4486
f 4481/4057/4481 4482/4056/4482 4489/4063/4489 4488/4064/4488
f 4482/4056/4482 4483/4058/4483 4490/4065/4490 4489/4063/4489
f 4483/4058/4483 4484/4059/4484 4491/4066/4491 4490/4065/4490
f 4484/4059/4484 4485/4060/4485 4492/4067/4492 4491/4066/4491
f 4485/4060/4485 4486/4061/4486 4493/4068/4493 4492/4067/4492
f 4486/4061/4486 4487/4062/4487 4494/4069/4494 4493/4068/4493
f 4488/4064/4488 4489/4063/4489 4496/4070/4496 4495/4071/4495
f 4489/4063/4489 4490/4065/4490 4497/4072/4497 4496/4070/4496
f 4490/4065/4490 4491/4066/4491 4498/4073/4498 4497/4072/4497
f 4491/4066/4491 4492/4067/4492 4499/4074/4499 4498/4073/4498
f 4492/4067/4492 4493/4068/4493 4500/4075/4500 4499/4074/4499
f 4493/4068/4493 4494/4069/4494 4501/4076/4501 4500/4075/4500
f 4495/4071/4495 4496/4070/4496 4503/4077/4503 4502/4078/4502
f 4496/4070/4496 4497/4072/4497 4504/4079/4504 4503/4077/4503
f 4497/4072/4497 4498/4073/4498 4505/4080/4505 4504/4079/4504
f 4498/4073/4498 4499/4074/4499 4506/4081/4506 4505/4080/4505
f 4499/4074/4499 4500/4075/4500 4507/4082/4507 4506/4081/4506
f 4500/4075/4500 4501/4076/4501 4508/4083/4508 4507/4082/4507
f 4502/4078/4502 4503/4077/4503 4510/4084/4510 4509/4085/4509
f 4503/4077/4503 4504/4079/4504 4511/4086/4511 4510/4084/4510
f 4504/4079/4504 4505/4080/4505 4512/4087/4512 4511/4086/4511
f 4505/4080/4505 4506/4081/4506 4513/4088/4513 4512/4087/4512
f 4506/4081/4506 4507/4082/4507 4514/4089/4514 4513/4088/4513
f 4507/4082/4507 4508/4083/4508 4515/4090/4515 4514/4089/4514
f 82/1868/82 1190/1723/1190 4467/4042/4467 1232/4091/1232
f 1190/1723/1190 1189/1740/1189 4468/4043/4468 4467/4042/4467
f 1189/1740/1189 1188/1739/1188 4469/4046/4469 4468/4043/4468
f 1188/1739/1188 1187/1738/1187 4470/4048/4470 4469/4046/4469
f 1187/1738/1187 1186/1737/1186 4471/4050/4471 4470/4048/4470
f 1186/1737/1186 1185/1736/1185 4472/4052/4472 4471/4050/4471
f 1185/1736/1185 1184/1734/1184 4473/4054/4473 4472/4052/4472
f 1184/1734/1184 70/1735/70 974/1733/974 4473/4054/4473
f 4473/4054/4473 974/1733/974 975/1732/975 4480/4055/4480
f 4480/4055/4480 975/1732/975 976/1660/976 4487/4062/4487
f 4487/4062/4487 976/1660/976 977/1661/977 4494/4069/4494
f 4494/4069/4494 977/1661/977 978/1662/978 4501/4076/4501
f 4501/4076/4501 978/1662/978 979/1663/979 4508/4083/4508
f 4508/4083/4508 979/1663/979 980/4092/980 4515/4090/4515
f 4515/4090/4515 980/4092/980 69/1666/69 1043/4093/1043
f 4514/4089/4514 4515/4090/4515 1043/4093/1043 1042/4094/1042
f 4513/4088/4513 4514/4089/4514 1042/4094/1042 1041/4095/1041
f 4512/4087/4512 4513/4088/4513 1041/4095/1041 1040/4096/1040
f 4511/4086/4511 4512/4087/4512 1040/4096/1040 1039/4097/1039
f 4510/4084/4510 4511/4086/4511 1039/4097/1039 1038/4098/1038
f 4509/4085/4509 4510/4084/4510 1038/4098/1038 1037/4099/1037
f 1226/4100/1226 4509/4085/4509 1037/4099/1037 81/4101/81
f 1227/4102/1227 4502/4078/4502 4509/4085/4509 1226/4100/1226
f 1228/4103/1228 4495/4071/4495 4502/4078/4502 1227/4102/1227
f 1229/4104/1229 4488/4064/4488 4495/4071/4495 1228/4103/1228
f 1230/4105/1230 4481/4057/4481 4488/4064/4488 1229/4104/1229
f 1231/4106/1231 4474/4045/4474 4481/4057/4481 1230/4105/1230
f 1232/4091/1232 4467/4042/4467 4474/4045/4474 1231/4106/1231
f 4516/4107/4516 4517/4108/4517 4524/4109/4524 4523/4110/4523
f 4517/4108/4517 4518/4111/4518 4525/4112/4525 4524/4109/4524
f 4518/4111/4518 4519/4113/4519 4526/4114/4526 4525/4112/4525
f 4519/4113/4519 4520/4115/4520 4527/4116/4527 4526/4114/4526
f 4520/4115/4520 4521/4117/4521 4528/4118/4528 4527/4116/4527
f 4521/4117/4521 4522/4119/4522 4529/4120/4529 4528/4118/4528
f 4523/4110/4523 4524/4109/4524 4531/4121/4531 4530/4122/4530
f 4524/4109/4524 4525/4112/4525 4532/4123/4532 4531/4121/4531
f 4525/4112/4525 4526/4114/4526 4533/4124/4533 4532/4123/4532
f 4526/4114/4526 4527/4116/4527 4534/4125/4534 4533/4124/4533
f 4527/4116/4527 4528/4118/4528 4535/4126/4535 4534/4125/4534
f 4528/4118/4528 4529/4120/4529 4536/4127/4536 4535/4126/4535
f 4530/4122/4530 4531/4121/4531 4538/4128/4538 4537/4129/4537
f 4531/4121/4531 4532/4123/4532 4539/4130/4539 4538/4128/4538
f 4532/4123/4532 4533/4124/4533 4540/4131/4540 4539/4130/4539
f 4533/4124/4533 4534/4125/4534 4541/4132/4541 4540/4131/4540
f 4534/4125/4534 4535/4126/4535 4542/4133/4542 4541/4132/4541
f 4535/4126/4535 4536/4127/4536 4543/4134/4543 4542/4133/4542
f 4537/4129/4537 4538/4128/4538 4545/4135/4545 4544/4136/4544
f 4538/4128/4538 4539/4130/4539 4546/4137/4546 4545/4135/4545
f 4539/4130/4539 4540/4131/4540 4547/4138/4547 4546/4137/4546
f 4540/4131/4540 4541/4132/4541 4548/4139/4548 4547/4138/4547
f 4541/4132/4541 4542/4133/4542 4549/4140/4549 4548/4139/4548
f 4542/4133/4542 4543/4134/4543 4550/4141/4550 4549/4140/4549
f 4544/4136/4544 4545/4135/4545 4552/4142/4552 4551/4143/4551
f 4545/4135/4545 4546/4137/4546 4553/4144/4553 4552/4142/4552
f 4546/4137/4546 4547/4138/4547 4554/4145/4554 4553/4144/4553
f 4547/4138/4547 4548/4139/4548 4555/4146/4555 4554/4145/4554
f 4548/4139/4548 4549/4140/4549 4556/4147/4556 4555/4146/4555
f 4549/4140/4549 4550/4141/4550 4557/4148/4557 4556/4147/4556
f 4551/4143/4551 4552/4142/4552 4559/4149/4559 4558/4150/4558
f 4552/4142/4552 4553/4144/4553 4560/4151/4560 4559/4149/4559
f 4553/4144/4553 4554/4145/4554 4561/4152/4561 4560/4151/4560
f 4554/4145/4554 4555/4146/4555 4562/4153/4562 4561/4152/4561
f 4555/4146/4555 4556/4147/4556 4563/4154/4563 4562/4153/4562
f 4556/4147/4556 4557/4148/4557 4564/4155/4564 4563/4154/4563
f 81/4101/81 1037/4099/1037 4516/4107/4516 1225/4156/1225
f 1037/4099/1037 1038/4098/1038 4517/4108/4517 4516/4107/4516
f 1038/4098/1038 1039/4097/1039 4518/4111/4518 4517/4108/4517
f 1039/4097/1039 1040/4096/1040 4519/4113/4519 4518/4111/4518
f 1040/4096/1040 1041/4095/1041 4520/4115/4520 4519/4113/4519
f 1041/4095/1041 1042/4094/1042 4521/4117/4521 4520/4115/4520
f 1042/4094/1042 1043/4093/1043 4522/4119/4522 4521/4117/4521
f 1043/4093/1043 69/1666/69 960/4032/960 4522/4119/4522
f 4522/4119/4522 960/4032/960 961/4157/961 4529/4120/4529
f 4529/4120/4529 961/4157/961 962/4158/962 4536/4127/4536
f 4536/4127/4536 962/4158/962 963/4159/963 4543/4134/4543
f 4543/4134/4543 963/4159/963 964/3853/964 4550/4141/4550
f 4550/4141/4550 964/3853/964 965/3854/965 4557/4148/4557
f 4557/4148/4557 965/3854/965 966/3841/966 4564/4155/4564
f 4564/4155/4564 966/3841/966 71/2441/71 1057/2443/1057
f 4563/4154/4563 4564/4155/4564 1057/2443/1057 1056/2443/1056
f 4562/4153/4562 4563/4154/4563 1056/2443/1056 1055/2456/1055
f 4561/4152/4561 4562/4153/4562 1055/2456/1055 1054/2443/1054
f 4560/4151/4560 4561/4152/4561 1054/2443/1054 1053/2456/1053
f 4559/4149/4559 4560/4151/4560 1053/2456/1053 1052/2443/1052
f 4558/4150/4558 4559/4149/4559 1052/2443/1052 1051/2443/1051
f 1219/4160/1219 4558/4150/4558 1051/2443/1051 83/1372/83
f 1220/4161/1220 4551/4143/4551 4558/4150/4558 1219/4160/1219
f 1221/4162/1221 4544/4136/4544 4551/4143/4551 1220/4161/1220
f 1222/4163/1222 4537/4129/4537 4544/4136/4544 1221/4162/1221
f 1223/4164/1223 4530/4122/4530 4537/4129/4537 1222/4163/1222
f 1224/4165/1224 4523/4110/4523 4530/4122/4530 1223/4164/1223
f 1225/4156/1225 4516/4107/4516 4523/4110/4523 1224/4165/1224
f 4565/4166/4565 4566/4167/4566 4573/4168/4573 4572/4169/4572
f 4566/4167/4566 4567/4170/4567 4574/4171/4574 4573/4168/4573
f 4567/4170/4567 4568/4172/4568 4575/1831/4575 4574/4171/4574
f 4568/4172/4568 4569/4173/4569 4576/4174/4576 4575/1831/4575
f 4569/4173/4569 4570/4175/4570 4577/4176/4577 4576/4174/4576
f 4570/4175/4570 4571/4177/4571 4578/4178/4578 4577/4176/4577
f 4572/4169/4572 4573/4168/4573 4580/4179/4580 4579/4180/4579
f 4573/4168/4573 4574/4171/4574 4581/4181/4581 4580/4179/4580
f 4574/4171/4574 4575/1831/4575 4582/4182/4582 4581/4181/4581
f 4575/1831/4575 4576/4174/4576 4583/4183/4583 4582/4182/4582
f 4576/4174/4576 4577/4176/4577 4584/4184/4584 4583/4183/4583
f 4577/4176/4577 4578/4178/4578 4585/4185/4585 4584/4184/4584
f 4579/4180/4579 4580/4179/4580 4587/4186/4587 4586/4187/4586
f 4580/4179/4580 4581/4181/4581 4588/4188/4588 4587/4186/4587
f 4581/4181/4581 4582/4182/4582 4589/4189/4589 4588/4188/4588
f 4582/4182/4582 4583/4183/4583 4590/4190/4590 4589/4189/4589
f 4583/4183/4583 4584/4184/4584 4591/1848/4591 4590/4190/4590
f 4584/4184/4584 4585/4185/4585 4592/4191/4592 4591/1848/4591
f 4586/4187/4586 4587/4186/4587 4594/4192/4594 4593/4193/4593
f 4587/4186/4587 4588/4188/4588 4595/4194/4595 4594/4192/4594
f 4588/4188/4588 4589/4189/4589 4596/4195/4596 4595/4194/4595
f 4589/4189/4589 4590/4190/4590 4597/1842/4597 4596/4195/4596
f 4590/4190/4590 4591/1848/4591 4598/4196/4598 4597/1842/4597
f 4591/1848/4591 4592/4191/4592 4599/4197/4599 4598/4196/4598
f 4593/4193/4593 4594/4192/4594 4601/4198/4601 4600/4199/4600
f 4594/4192/4594 4595/4194/4595 4602/4200/4602 4601/4198/4601
f 4595/4194/4595 4596/4195/4596 4603/4201/4603 4602/4200/4602
f 4596/4195/4596 4597/1842/4597 4604/4202/4604 4603/4201/4603
f 4597/1842/4597 4598/4196/4598 4605/4203/4605 4604/4202/4604
f 4598/4196/4598 4599/4197/4599 4606/4204/4606 4605/4203/4605
f 4600/4199/4600 4601/4198/4601 4608/4205/4608 4607/4206/4607
f 4601/4198/4601 4602/4200/4602 4609/4207/4609 4608/4205/4608
f 4602/4200/4602 4603/4201/4603 4610/1837/4610 4609/4207/4609
f 4603/4201/4603 4604/4202/4604 4611/4208/4611 4610/1837/4610
f 4604/4202/4604 4605/4203/4605 4612/1851/4612 4611/4208/4611
f 4605/4203/4605 4606/4204/4606 4613/4209/4613 4612/1851/4612
f 84/1859/84 1204/1861/1204 4565/4166/4565 1218/4210/1218
f 1204/1861/1204 1203/4211/1203 4566/4167/4566 4565/4166/4565
f 1203/4211/1203 1202/4212/1202 4567/4170/4567 4566/4167/4566
f 1202/4212/1202 1201/1878/1201 4568/4172/4568 4567/4170/4567
f 1201/1878/1201 1200/1877/1200 4569/4173/4569 4568/4172/4568
f 1200/1877/1200 1199/4213/1199 4570/4175/4570 4569/4173/4569
f 1199/4213/1199 1198/4214/1198 4571/4177/4571 4570/4175/4570
f 1198/4214/1198 72/1649/72 967/1874/967 4571/4177/4571
f 4571/4177/4571 967/1874/967 968/1651/968 4578/4178/4578
f 4578/4178/4578 968/1651/968 969/1872/969 4585/4185/4585
f 4585/4185/4585 969/1872/969 970/4215/970 4592/4191/4592
f 4592/4191/4592 970/4215/970 971/1654/971 4599/4197/4599
f 4599/4197/4599 971/1654/971 972/4216/972 4606/4204/4606
f 4606/4204/4606 972/4216/972 973/4033/973 4613/4209/4613
f 4613/4209/4613 973/4033/973 70/1657/70 1184/1869/1184
f 4612/1851/4612 4613/4209/4613 1184/1869/1184 1185/1736/1185
f 4611/4208/4611 4612/1851/4612 1185/1736/1185 1186/1737/1186
f 4610/1837/4610 4611/4208/4611 1186/1737/1186 1187/1738/1187
f 4609/4207/4609 4610/1837/4610 1187/1738/1187 1188/1739/1188
f 4608/4205/4608 4609/4207/4609 1188/1739/1188 1189/1740/1189
f 4607/4206/4607 4608/4205/4608 1189/1740/1189 1190/1723/1190
f 1212/4217/1212 4607/4206/4607 1190/1723/1190 82/1868/82
f 1213/4218/1213 4600/4199/4600 4607/4206/4607 1212/4217/1212
f 1214/4219/1214 4593/4193/4593 4600/4199/4600 1213/4218/1213
f 1215/4220/1215 4586/4187/4586 4593/4193/4593 1214/4219/1214
f 1216/4221/1216 4579/4180/4579 4586/4187/4586 1215/4220/1215
f 1217/4222/1217 4572/4169/4572 4579/4180/4579 1216/4221/1216
f 1218/4210/1218 4565/4166/4565 4572/4169/4572 1217/4222/1217
f 4614/4223/4614 4615/4224/4615 4622/4225/4622 4621/4226/4621
f 4615/4224/4615 4616/4227/4616 4623/4228/4623 4622/4225/4622
f 4616/4227/4616 4617/4229/4617 4624/4230/4624 4623/4228/4623
f 4617/4229/4617 4618/4231/4618 4625/4232/4625 4624/4230/4624
f 4618/4231/4618 4619/4233/4619 4626/4234/4626 4625/4232/4625
f 4619/4233/4619 4620/4235/4620 4627/4236/4627 4626/4234/4626
f 4621/4226/4621 4622/4225/4622 4629/4237/4629 4628/4238/4628
f 4622/4225/4622 4623/4228/4623 4630/4239/4630 4629/4237/4629
f 4623/4228/4623 4624/4230/4624 4631/4240/4631 4630/4239/4630
f 4624/4230/4624 4625/4232/4625 4632/4241/4632 4631/4240/4631
f 4625/4232/4625 4626/4234/4626 4633/4242/4633 4632/4241/4632
f 4626/4234/4626 4627/4236/4627 4634/4243/4634 4633/4242/4633
f 4628/4238/4628 4629/4237/4629 4636/4244/4636 4635/4245/4635
f 4629/4237/4629 4630/4239/4630 4637/4246/4637 4636/4244/4636
f 4630/4239/4630 4631/4240/4631 4638/4247/4638 4637/4246/4637
f 4631/4240/4631 4632/4241/4632 4639/4248/4639 4638/4247/4638
f 4632/4241/4632 4633/4242/4633 4640/4249/4640 4639/4248/4639
f 4633/4242/4633 4634/4243/4634 4641/4250/4641 4640/4249/4640
f 4635/4245/4635 4636/4244/4636 4643/4251/4643 4642/4252/4642
f 4636/4244/4636 4637/4246/4637 4644/4253/4644 4643/4251/4643
f 4637/4246/4637 4638/4247/4638 4645/4254/4645 4644/4253/4644
f 4638/4247/4638 4639/4248/4639 4646/4255/4646 4645/4254/4645
f 4639/4248/4639 4640/4249/4640 4647/4256/4647 4646/4255/4646
f 4640/4249/4640 4641/4250/4641 4648/4257/4648 4647/4256/4647
f 4642/4252/4642 4643/4251/4643 4650/4258/4650 4649/4259/4649
f 4643/4251/4643 4644/4253/4644 4651/4260/4651 4650/4258/4650
f 4644/4253/4644 4645/4254/4645 4652/4261/4652 4651/4260/4651
f 4645/4254/4645 4646/4255/4646 4653/4262/4653 4652/4261/4652
f 4646/4255/4646 4647/4256/4647 4654/4263/4654 4653/4262/4653
f 4647/4256/4647 4648/4257/4648 4655/4264/4655 4654/4263/4654
f 4649/4259/4649 4650/4258/4650 4657/4265/4657 4656/4266/4656
f 4650/4258/4650 4651/4260/4651 4658/4267/4658 4657/4265/4657
f 4651/4260/4651 4652/4261/4652 4659/4268/4659 4658/4267/4658
f 4652/4261/4652 4653/4262/4653 4660/4269/4660 4659/4268/4659
f 4653/4262/4653 4654/4263/4654 4661/4270/4661 4660/4269/4660
f 4654/4263/4654 4655/4264/4655 4662/4271/4662 4661/4270/4661
f 83/2441/83 1051/2443/1051 4614/4223/4614 1211/1930/1211
f 1051/2443/1051 1052/2443/1052 4615/4224/4615 4614/4223/4614
f 1052/2443/1052 1053/2456/1053 4616/4227/4616 4615/4224/4615
f 1053/2456/1053 1054/2443/1054 4617/4229/4617 4616/4227/4616
f 1054/2443/1054 1055/2456/1055 4618/4231/4618 4617/4229/4617
f 1055/2456/1055 1056/2443/1056 4619/4233/4619 4618/4231/4618
f 1056/2443/1056 1057/1372/1057 4620/4235/4620 4619/4233/4619
f 1057/1372/1057 71/1372/71 959/4031/959 4620/4235/4620
f 4620/4235/4620 959/4031/959 958/4041/958 4627/4236/4627
f 4627/4236/4627 958/4041/958 957/4040/957 4634/4243/4634
f 4634/4243/4634 957/4040/957 956/4039/956 4641/4250/4641
f 4641/4250/4641 956/4039/956 955/4038/955 4648/4257/4648
f 4648/4257/4648 955/4038/955 954/4037/954 4655/4264/4655
f 4655/4264/4655 954/4037/954 953/4036/953 4662/4271/4662
f 4662/4271/4662 953/4036/953 72/1649/72 1198/4214/1198
f 4661/4270/4661 4662/4271/4662 1198/4214/1198 1199/4213/1199
f 4660/4269/4660 4661/4270/4661 1199/4213/1199 1200/1877/1200
f 4659/4268/4659 4660/4269/4660 1200/1877/1200 1201/1878/1201
f 4658/4267/4658 4659/4268/4659 1201/1878/1201 1202/4212/1202
f 4657/4265/4657 4658/4267/4658 1202/4212/1202 1203/4211/1203
f 4656/4266/4656 4657/4265/4657 1203/4211/1203 1204/1861/1204
f 1205/1936/1205 4656/4266/4656 1204/1861/1204 84/1859/84
f 1206/1935/1206 4649/4259/4649 4656/4266/4656 1205/1936/1205
f 1207/1934/1207 4642/4252/4642 4649/4259/4649 1206/1935/1206
f 1208/1933/1208 4635/4245/4635 4642/4252/4642 1207/1934/1207
f 1209/1932/1209 4628/4238/4628 4635/4245/4635 1208/1933/1208
f 1210/1931/1210 4621/4226/4621 4628/4238/4628 1209/1932/1209
f 1211/1930/1211 4614/4223/4614 4621/4226/4621 1210/1931/1210
f 4663/4272/4663 4664/4273/4664 4671/4274/4671 4670/4275/4670
f 4664/4273/4664 4665/4276/4665 4672/1951/4672 4671/4274/4671
f 4665/4276/4665 4666/4277/4666 4673/4278/4673 4672/1951/4672
f 4666/4277/4666 4667/4279/4667 4674/4280/4674 4673/4278/4673
f 4667/4279/4667 4668/4281/4668 4675/4282/4675 4674/4280/4674
f 4668/4281/4668 4669/4283/4669 4676/4284/4676 4675/4282/4675
f 4670/4275/4670 4671/4274/4671 4678/4285/4678 4677/4286/4677
f 4671/4274/4671 4672/1951/4672 4679/4287/4679 4678/4285/4678
f 4672/1951/4672 4673/4278/4673 4680/4288/4680 4679/4287/4679
f 4673/4278/4673 4674/4280/4674 4681/4289/4681 4680/4288/4680
f 4674/4280/4674 4675/4282/4675 4682/4290/4682 4681/4289/4681
f 4675/4282/4675 4676/4284/4676 4683/4291/4683 4682/4290/4682
f 4677/4286/4677 4678/4285/4678 4685/4292/4685 4684/4293/4684
f 4678/4285/4678 4679/4287/4679 4686/4294/4686 4685/4292/4685
f 4679/4287/4679 4680/4288/4680 4687/4295/4687 4686/4294/4686
f 4680/4288/4680 4681/4289/4681 4688/4296/4688 4687/4295/4687
f 4681/4289/4681 4682/4290/4682 4689/4297/4689 4688/4296/4688
f 4682/4290/4682 4683/4291/4683 4690/4298/4690 4689/4297/4689
f 4684/4293/4684 4685/4292/4685 4692/4299/4692 4691/1945/4691
f 4685/4292/4685 4686/4294/4686 4693/4300/4693 4692/4299/4692
f 4686/4294/4686 4687/4295/4687 4694/1962/4694 4693/4300/4693
f 4687/4295/4687 4688/4296/4688 4695/4301/4695 4694/1962/4694
f 4688/4296/4688 4689/4297/4689 4696/4302/4696 4695/4301/4695
f 4689/4297/4689 4690/4298/4690 4697/4303/4697 4696/4302/4696
f 4691/1945/4691 4692/4299/4692 4699/4304/4699 4698/4305/4698
f 4692/4299/4692 4693/4300/4693 4700/4306/4700 4699/4304/4699
f 4693/4300/4693 4694/1962/4694 4701/4307/4701 4700/4306/4700
f 4694/1962/4694 4695/4301/4695 4702/4308/4702 4701/4307/4701
f 4695/4301/4695 4696/4302/4696 4703/4309/4703 4702/4308/4702
f 4696/4302/4696 4697/4303/4697 4704/4310/4704 4703/4309/4703
f 4698/4305/4698 4699/4304/4699 4706/4311/4706 4705/4312/4705
f 4699/4304/4699 4700/4306/4700 4707/4313/4707 4706/4311/4706
f 4700/4306/4700 4701/4307/4701 4708/4314/4708 4707/4313/4707
f 4701/4307/4701 4702/4308/4702 4709/4315/4709 4708/4314/4708
f 4702/4308/4702 4703/4309/4703 4710/4316/4710 4709/4315/4709
f 4703/4309/4703 4704/4310/4704 4711/4317/4711 4710/4316/4710
f 47/4318/47 1079/4319/1079 4663/4272/4663 735/4320/735
f 1079/4319/1079 1080/2005/1080 4664/4273/4664 4663/4272/4663
f 1080/2005/1080 1081/4321/1081 4665/4276/4665 4664/4273/4664
f 1081/4321/1081 1082/4322/1082 4666/4277/4666 4665/4276/4665
f 1082/4322/1082 1083/4323/1083 4667/4279/4667 4666/4277/4666
f 1083/4323/1083 1084/4324/1084 4668/4281/4668 4667/4279/4667
f 1084/4324/1084 1085/4325/1085 4669/4283/4669 4668/4281/4668
f 1085/4325/1085 75/1133/75 1099/3332/1099 4669/4283/4669
f 4669/4283/4669 1099/3332/1099 1098/3554/1098 4676/4284/4676
f 4676/4284/4676 1098/3554/1098 1097/3330/1097 4683/4291/4683
f 4683/4291/4683 1097/3330/1097 1096/3329/1096 4690/4298/4690
f 4690/4298/4690 1096/3329/1096 1095/3559/1095 4697/4303/4697
f 4697/4303/4697 1095/3559/1095 1094/3558/1094 4704/4310/4704
f 4704/4310/4704 1094/3558/1094 1093/3557/1093 4711/4317/4711
f 4711/4317/4711 1093/3557/1093 76/1141/76 1002/4326/1002
f 4710/4316/4710 4711/4317/4711 1002/4326/1002 1003/4327/1003
f 4709/4315/4709 4710/4316/4710 1003/4327/1003 1004/4328/1004
f 4708/4314/4708 4709/4315/4709 1004/4328/1004 1005/4329/1005
f 4707/4313/4707 4708/4314/4708 1005/4329/1005 1006/4330/1006
f 4706/4311/4706 4707/4313/4707 1006/4330/1006 1007/4331/1007
f 4705/4312/4705 4706/4311/4706 1007/4331/1007 1008/4332/1008
f 729/2910/729 4705/4312/4705 1008/4332/1008 48/1992/48
f 730/4333/730 4698/4305/4698 4705/4312/4705 729/2910/729
f 731/4334/731 4691/1945/4691 4698/4305/4698 730/4333/730
f 732/4335/732 4684/4293/4684 4691/1945/4691 731/4334/731
f 733/2928/733 4677/4286/4677 4684/4293/4684 732/4335/732
f 734/458/734 4670/4275/4670 4677/4286/4677 733/2928/733
f 735/4320/735 4663/4272/4663 4670/4275/4670 734/458/734
f 4712/4336/4712 4713/4337/4713 4720/4338/4720 4719/4339/4719
f 4713/4337/4713 4714/4340/4714 4721/4341/4721 4720/4338/4720
f 4714/4340/4714 4715/4342/4715 4722/4343/4722 4721/4341/4721
f 4715/4342/4715 4716/4344/4716 4723/4345/4723 4722/4343/4722
f 4716/4344/4716 4717/4346/4717 4724/4347/4724 4723/4345/4723
f 4717/4346/4717 4718/4348/4718 4725/4349/4725 4724/4347/4724
f 4719/4339/4719 4720/4338/4720 4727/4350/4727 4726/4351/4726
f 4720/4338/4720 4721/4341/4721 4728/4352/4728 4727/4350/4727
f 4721/4341/4721 4722/4343/4722 4729/4353/4729 4728/4352/4728
f 4722/4343/4722 4723/4345/4723 4730/4354/4730 4729/4353/4729
f 4723/4345/4723 4724/4347/4724 4731/4355/4731 4730/4354/4730
f 4724/4347/4724 4725/4349/4725 4732/4356/4732 4731/4355/4731
f 4726/4351/4726 4727/4350/4727 4734/4357/4734 4733/4358/4733
f 4727/4350/4727 4728/4352/4728 4735/4359/4735 4734/4357/4734
f 4728/4352/4728 4729/4353/4729 4736/4360/4736 4735/4359/4735
f 4729/4353/4729 4730/4354/4730 4737/4361/4737 4736/4360/4736
f 4730/4354/4730 4731/4355/4731 4738/4362/4738 4737/4361/4737
f 4731/4355/4731 4732/4356/4732 4739/4363/4739 4738/4362/4738
f 4733/4358/4733 4734/4357/4734 4741/4364/4741 4740/4365/4740
f 4734/4357/4734 4735/4359/4735 4742/4366/4742 4741/4364/4741
f 4735/4359/4735 4736/4360/4736 4743/4367/4743 4742/4366/4742
f 4736/4360/4736 4737/4361/4737 4744/4368/4744 4743/4367/4743
f 4737/4361/4737 4738/4362/4738 4745/4369/4745 4744/4368/4744
f 4738/4362/4738 4739/4363/4739 4746/4370/4746 4745/4369/4745
f 4740/4365/4740 4741/4364/4741 4748/4371/4748 4747/4372/4747
f 4741/4364/4741 4742/4366/4742 4749/4373/4749 4748/4371/4748
f 4742/4366/4742 4743/4367/4743 4750/4374/4750 4749/4373/4749
f 4743/4367/4743 4744/4368/4744 4751/4375/4751 4750/4374/4750
f 4744/4368/4744 4745/4369/4745 4752/4376/4752 4751/4375/4751
f 4745/4369/4745 4746/4370/4746 4753/4377/4753 4752/4376/4752
f 4747/4372/4747 4748/4371/4748 4755/4378/4755 4754/4379/4754
f 4748/4371/4748 4749/4373/4749 4756/4380/4756 4755/4378/4755
f 4749/4373/4749 4750/4374/4750 4757/4381/4757 4756/4380/4756
f 4750/4374/4750 4751/4375/4751 4758/4382/4758 4757/4381/4757
f 4751/4375/4751 4752/4376/4752 4759/4383/4759 4758/4382/4758
f 4752/4376/4752 4753/4377/4753 4760/4384/4760 4759/4383/4759
f 48/1992/48 1008/4332/1008 4712/4336/4712 743/4385/743
f 1008/4332/1008 1007/4331/1007 4713/4337/4713 4712/4336/4712
f 1007/4331/1007 1006/4330/1006 4714/4340/4714 4713/4337/4713
f 1006/4330/1006 1005/4329/1005 4715/4342/4715 4714/4340/4714
f 1005/4329/1005 1004/4328/1004 4716/4344/4716 4715/4342/4715
f 1004/4328/1004 1003/4327/1003 4717/4346/4717 4716/4344/4716
f 1003/4327/1003 1002/4326/1002 4718/4348/4718 4717/4346/4717
f 1002/4326/1002 76/1141/76 1106/803/1106 4718/4348/4718
f 4718/4348/4718 1106/803/1106 1105/780/1105 4725/4349/4725
f 4725/4349/4725 1105/780/1105 1104/805/1104 4732/4356/4732
f 4732/4356/4732 1104/805/1104 1103/806/1103 4739/4363/4739
f 4739/4363/4739 1103/806/1103 1102/800/1102 4746/4370/4746
f 4746/4370/4746 1102/800/1102 1101/807/1101 4753/4377/4753
f 4753/4377/4753 1101/807/1101 1100/808/1100 4760/4384/4760
f 4760/4384/4760 1100/808/1100 74/726/74 988/726/988
f 4759/4383/4759 4760/4384/4760 988/726/988 989/726/989
f 4758/4382/4758 4759/4383/4759 989/726/989 990/726/990
f 4757/4381/4757 4758/4382/4758 990/726/990 991/726/991
f 4756/4380/4756 4757/4381/4757 991/726/991 992/726/992
f 4755/4378/4755 4756/4380/4756 992/726/992 993/726/993
f 4754/4379/4754 4755/4378/4755 993/726/993 994/726/994
f 749/3047/749 4754/4379/4754 994/726/994 46/724/46
f 748/3062/748 4747/4372/4747 4754/4379/4754 749/3047/749
f 747/4386/747 4740/4365/4740 4747/4372/4747 748/3062/748
f 746/4387/746 4733/4358/4733 4740/4365/4740 747/4386/747
f 745/3059/745 4726/4351/4726 4733/4358/4733 746/4387/746
f 744/3058/744 4719/4339/4719 4726/4351/4726 745/3059/745
f 743/4385/743 4712/4336/4712 4719/4339/4719 744/3058/744
f 4761/4388/4761 4762/4389/4762 4769/4390/4769 4768/4391/4768
f 4762/4389/4762 4763/4392/4763 4770/4393/4770 4769/4390/4769
f 4763/4392/4763 4764/4394/4764 4771/4395/4771 4770/4393/4770
f 4764/4394/4764 4765/4396/4765 4772/4397/4772 4771/4395/4771
f 4765/4396/4765 4766/4398/4766 4773/4399/4773 4772/4397/4772
f 4766/4398/4766 4767/4400/4767 4774/4401/4774 4773/4399/4773
f 4768/4391/4768 4769/4390/4769 4776/4402/4776 4775/4403/4775
f 4769/4390/4769 4770/4393/4770 4777/4404/4777 4776/4402/4776
f 4770/4393/4770 4771/4395/4771 4778/4405/4778 4777/4404/4777
f 4771/4395/4771 4772/4397/4772 4779/4406/4779 4778/4405/4778
f 4772/4397/4772 4773/4399/4773 4780/4407/4780 4779/4406/4779
f 4773/4399/4773 4774/4401/4774 4781/4408/4781 4780/4407/4780
f 4775/4403/4775 4776/4402/4776 4783/4409/4783 4782/4410/4782
f 4776/4402/4776 4777/4404/4777 4784/4411/4784 4783/4409/4783
f 4777/4404/4777 4778/4405/4778 4785/4412/4785 4784/4411/4784
f 4778/4405/4778 4779/4406/4779 4786/4413/4786 4785/4412/4785
f 4779/4406/4779 4780/4407/4780 4787/4414/4787 4786/4413/4786
f 4780/4407/4780 4781/4408/4781 4788/4415/4788 4787/4414/4787
f 4782/4410/4782 4783/4409/4783 4790/4416/4790 4789/4417/4789
f 4783/4409/4783 4784/4411/4784 4791/4418/4791 4790/4416/4790
f 4784/4411/4784 4785/4412/4785 4792/4419/4792 4791/4418/4791
f 4785/4412/4785 4786/4413/4786 4793/4420/4793 4792/4419/4792
f 4786/4413/4786 4787/4414/4787 4794/4421/4794 4793/4420/4793
f 4787/4414/4787 4788/4415/4788 4795/4422/4795 4794/4421/4794
f 4789/4417/4789 4790/4416/4790 4797/4423/4797 4796/4424/4796
f 4790/4416/4790 4791/4418/4791 4798/4425/4798 4797/4423/4797
f 4791/4418/4791 4792/4419/4792 4799/4426/4799 4798/4425/4798
f 4792/4419/4792 4793/4420/4793 4800/4427/4800 4799/4426/4799
f 4793/4420/4793 4794/4421/4794 4801/4428/4801 4800/4427/4800
f 4794/4421/4794 4795/4422/4795 4802/4429/4802 4801/4428/4801
f 4796/4424/4796 4797/4423/4797 4804/4430/4804 4803/4431/4803
f 4797/4423/4797 4798/4425/4798 4805/4432/4805 4804/4430/4804
f 4798/4425/4798 4799/4426/4799 4806/4433/4806 4805/4432/4805
f 4799/4426/4799 4800/4427/4800 4807/4434/4807 4806/4433/4806
f 4800/4427/4800 4801/4428/4801 4808/4435/4808 4807/4434/4807
f 4801/4428/4801 4802/4429/4802 4809/4436/4809 4808/4435/4808
f 45/735/45 1065/734/1065 4761/4388/4761 736/4437/736
f 1065/734/1065 1066/734/1066 4762/4389/4762 4761/4388/4761
f 1066/734/1066 1067/734/1067 4763/4392/4763 4762/4389/4762
f 1067/734/1067 1068/734/1068 4764/4394/4764 4763/4392/4763
f 1068/734/1068 1069/734/1069 4765/4396/4765 4764/4394/4764
f 1069/734/1069 1070/734/1070 4766/4398/4766 4765/4396/4765
f 1070/734/1070 1071/734/1071 4767/4400/4767 4766/4398/4766
f 1071/734/1071 73/766/73 1113/767/1113 4767/4400/4767
f 4767/4400/4767 1113/767/1113 1112/768/1112 4774/4401/4774
f 4774/4401/4774 1112/768/1112 1111/769/1111 4781/4408/4781
f 4781/4408/4781 1111/769/1111 1110/770/1110 4788/4415/4788
f 4788/4415/4788 1110/770/1110 1109/751/1109 4795/4422/4795
f 4795/4422/4795 1109/751/1109 1108/771/1108 4802/4429/4802
f 4802/4429/4802 1108/771/1108 1107/2126/1107 4809/4436/4809
f 4809/4436/4809 1107/2126/1107 75/1133/75 1085/4325/1085
f 4808/4435/4808 4809/4436/4809 1085/4325/1085 1084/4324/1084
f 4807/4434/4807 4808/4435/4808 1084/4324/1084 1083/4323/1083
f 4806/4433/4806 4807/4434/4807 1083/4323/1083 1082/4322/1082
f 4805/4432/4805 4806/4433/4806 1082/4322/1082 1081/4321/1081
f 4804/4430/4804 4805/4432/4805 1081/4321/1081 1080/2005/1080
f 4803/4431/4803 4804/4430/4804 1080/2005/1080 1079/4319/1079
f 742/4438/742 4803/4431/4803 1079/4319/1079 47/4318/47
f 741/4439/741 4796/4424/4796 4803/4431/4803 742/4438/742
f 740/4440/740 4789/4417/4789 4796/4424/4796 741/4439/741
f 739/4441/739 4782/4410/4782 4789/4417/4789 740/4440/740
f 738/4442/738 4775/4403/4775 4782/4410/4782 739/4441/739
f 737/4443/737 4768/4391/4768 4775/4403/4775 738/4442/738
f 736/4437/736 4761/4388/4761 4768/4391/4768 737/4443/737
f 4810/4444/4810 4811/4445/4811 4818/4446/4818 4817/3114/4817
f 4811/4445/4811 4812/4447/4812 4819/4446/4819 4818/4446/4818
f 4812/4447/4812 4813/4445/4813 4820/4446/4820 4819/4446/4819
f 4813/4445/4813 4814/4447/4814 4821/4448/4821 4820/4446/4820
f 4814/4447/4814 4815/4444/4815 4822/4448/4822 4821/4448/4821
f 4815/4444/4815 4816/4444/4816 4823/3169/4823 4822/4448/4822
f 4817/3114/4817 4818/4446/4818 4825/4449/4825 4824/4450/4824
f 4818/4446/4818 4819/4446/4819 4826/4451/4826 4825/4449/4825
f 4819/4446/4819 4820/4446/4820 4827/4452/4827 4826/4451/4826
f 4820/4446/4820 4821/4448/4821 4828/4451/4828 4827/4452/4827
f 4821/4448/4821 4822/4448/4822 4829/4452/4829 4828/4451/4828
f 4822/4448/4822 4823/3169/4823 4830/4453/4830 4829/4452/4829
f 4824/4450/4824 4825/4449/4825 4832/4454/4832 4831/3167/4831
f 4825/4449/4825 4826/4451/4826 4833/4455/4833 4832/4454/4832
f 4826/4451/4826 4827/4452/4827 4834/4454/4834 4833/4455/4833
f 4827/4452/4827 4828/4451/4828 4835/4455/4835 4834/4454/4834
f 4828/4451/4828 4829/4452/4829 4836/4454/4836 4835/4455/4835
f 4829/4452/4829 4830/4453/4830 4837/3167/4837 4836/4454/4836
f 4831/3167/4831 4832/4454/4832 4839/4456/4839 4838/4457/4838
f 4832/4454/4832 4833/4455/4833 4840/4458/4840 4839/4456/4839
f 4833/4455/4833 4834/4454/4834 4841/4456/4841 4840/4458/4840
f 4834/4454/4834 4835/4455/4835 4842/4459/4842 4841/4456/4841
f 4835/4455/4835 4836/4454/4836 4843/4456/4843 4842/4459/4842
f 4836/4454/4836 4837/3167/4837 4844/3166/4844 4843/4456/4843
f 4838/4457/4838 4839/4456/4839 4846/4460/4846 4845/4461/4845
f 4839/4456/4839 4840/4458/4840 4847/4461/4847 4846/4460/4846
f 4840/4458/4840 4841/4456/4841 4848/4460/4848 4847/4461/4847
f 4841/4456/4841 4842/4459/4842 4849/4461/4849 4848/4460/4848
f 4842/4459/4842 4843/4456/4843 4850/4461/4850 4849/4461/4849
f 4843/4456/4843 4844/3166/4844 4851/4461/4851 4850/4461/4850
f 4845/4461/4845 4846/4460/4846 4853/4462/4853 4852/4463/4852
f 4846/4460/4846 4847/4461/4847 4854/4462/4854 4853/4462/4853
f 4847/4461/4847 4848/4460/4848 4855/4464/4855 4854/4462/4854
f 4848/4460/4848 4849/4461/4849 4856/4462/4856 4855/4464/4855
f 4849/4461/4849 4850/4461/4850 4857/4463/4857 4856/4462/4856
f 4850/4461/4850 4851/4461/4851 4858/4465/4858 4857/4463/4857
f 46/726/46 994/726/994 4810/4444/4810 750/3113/750
f 994/726/994 993/726/993 4811/4445/4811 4810/4444/4810
f 993/726/993 992/726/992 4812/4447/4812 4811/4445/4811
f 992/726/992 991/726/991 4813/4445/4813 4812/4447/4812
f 991/726/991 990/726/990 4814/4447/4814 4813/4445/4813
f 990/726/990 989/726/989 4815/4444/4815 4814/4447/4814
f 989/726/989 988/726/988 4816/4444/4816 4815/4444/4815
f 988/726/988 74/726/74 1120/3113/1120 4816/4444/4816
f 4816/4444/4816 1120/3113/1120 1119/3169/1119 4823/3169/4823
f 4823/3169/4823 1119/3169/1119 1118/3168/1118 4830/4453/4830
f 4830/4453/4830 1118/3168/1118 1117/3167/1117 4837/3167/4837
f 4837/3167/4837 1117/3167/1117 1116/3166/1116 4844/3166/4844
f 4844/3166/4844 1116/3166/1116 1115/3118/1115 4851/4461/4851
f 4851/4461/4851 1115/3118/1115 1114/3165/1114 4858/4465/4858
f 4858/4465/4858 1114/3165/1114 73/766/73 1071/734/1071
f 4857/4463/4857 4858/4465/4858 1071/734/1071 1070/734/1070
f 4856/4462/4856 4857/4463/4857 1070/734/1070 1069/734/1069
f 4855/4464/4855 4856/4462/4856 1069/734/1069 1068/734/1068
f 4854/4462/4854 4855/4464/4855 1068/734/1068 1067/734/1067
f 4853/4462/4853 4854/4462/4854 1067/734/1067 1066/734/1066
f 4852/4463/4852 4853/4462/4853 1066/734/1066 1065/734/1065
f 756/3112/756 4852/4463/4852 1065/734/1065 45/777/45
f 755/3118/755 4845/4461/4845 4852/4463/4852 756/3112/756
f 754/3117/754 4838/4457/4838 4845/4461/4845 755/3118/755
f 753/3116/753 4831/3167/4831 4838/4457/4838 754/3117/754
f 752/3115/752 4824/4450/4824 4831/3167/4831 753/3116/753
f 751/3169/751 4817/3114/4817 4824/4450/4824 752/3115/752
f 750/3113/750 4810/4444/4810 4817/3114/4817 751/3169/751
f 4859/4466/4859 4860/4467/4860 4867/4468/4867 4866/4469/4866
f 4860/4467/4860 4861/4470/4861 4868/4471/4868 4867/4468/4867
f 4861/4470/4861 4862/4472/4862 4869/4473/4869 4868/4471/4868
f 4862/4472/4862 4863/4470/4863 4870/4474/4870 4869/4473/4869
f 4863/4470/4863 4864/4475/4864 4871/4476/4871 4870/4474/4870
f 4864/4475/4864 4865/4477/4865 4872/4469/4872 4871/4476/4871
f 4866/4469/4866 4867/4468/4867 4874/4478/4874 4873/4479/4873
f 4867/4468/4867 4868/4471/4868 4875/4480/4875 4874/4478/4874
f 4868/4471/4868 4869/4473/4869 4876/4481/4876 4875/4480/4875
f 4869/4473/4869 4870/4474/4870 4877/4482/4877 4876/4481/4876
f 4870/4474/4870 4871/4476/4871 4878/4483/4878 4877/4482/4877
f 4871/4476/4871 4872/4469/4872 4879/4484/4879 4878/4483/4878
f 4873/4479/4873 4874/4478/4874 4881/4485/4881 4880/4486/4880
f 4874/4478/4874 4875/4480/4875 4882/4487/4882 4881/4485/4881
f 4875/4480/4875 4876/4481/4876 4883/4488/4883 4882/4487/4882
f 4876/4481/4876 4877/4482/4877 4884/4489/4884 4883/4488/4883
f 4877/4482/4877 4878/4483/4878 4885/4490/4885 4884/4489/4884
f 4878/4483/4878 4879/4484/4879 4886/4491/4886 4885/4490/4885
f 4880/4486/4880 4881/4485/4881 4888/4492/4888 4887/4493/4887
f 4881/4485/4881 4882/4487/4882 4889/4494/4889 4888/4492/4888
f 4882/4487/4882 4883/4488/4883 4890/4495/4890 4889/4494/4889
f 4883/4488/4883 4884/4489/4884 4891/4494/4891 4890/4495/4890
f 4884/4489/4884 4885/4490/4885 4892/4492/4892 4891/4494/4891
f 4885/4490/4885 4886/4491/4886 4893/4496/4893 4892/4492/4892
f 4887/4493/4887 4888/4492/4888 4895/4497/4895 4894/4498/4894
f 4888/4492/4888 4889/4494/4889 4896/4499/4896 4895/4497/4895
f 4889/4494/4889 4890/4495/4890 4897/4500/4897 4896/4499/4896
f 4890/4495/4890 4891/4494/4891 4898/4501/4898 4897/4500/4897
f 4891/4494/4891 4892/4492/4892 4899/4502/4899 4898/4501/4898
f 4892/4492/4892 4893/4496/4893 4900/4503/4900 4899/4502/4899
f 4894/4498/4894 4895/4497/4895 4902/4504/4902 4901/4505/4901
f 4895/4497/4895 4896/4499/4896 4903/4506/4903 4902/4504/4902
f 4896/4499/4896 4897/4500/4897 4904/4507/4904 4903/4506/4903
f 4897/4500/4897 4898/4501/4898 4905/4508/4905 4904/4507/4904
f 4898/4501/4898 4899/4502/4899 4906/4509/4906 4905/4508/4905
f 4899/4502/4899 4900/4503/4900 4907/4510/4907 4906/4509/4906
f 54/1184/54 1121/1186/1121 4859/4466/4859 834/2213/834
f 1121/1186/1121 1122/1186/1122 4860/4467/4860 4859/4466/4859
f 1122/1186/1122 1123/1184/1123 4861/4470/4861 4860/4467/4860
f 1123/1184/1123 1124/1185/1124 4862/4472/4862 4861/4470/4861
f 1124/1185/1124 1125/1185/1125 4863/4470/4863 4862/4472/4862
f 1125/1185/1125 1126/1184/1126 4864/4475/4864 4863/4470/4863
f 1126/1184/1126 1127/1184/1127 4865/4477/4865 4864/4475/4864
f 1127/1184/1127 77/1006/77 1155/1304/1155 4865/4477/4865
f 4865/4477/4865 1155/1304/1155 1154/1305/1154 4872/4469/4872
f 4872/4469/4872 1154/1305/1154 1153/1075/1153 4879/4484/4879
f 4879/4484/4879 1153/1075/1153 1152/1074/1152 4886/4491/4886
f 4886/4491/4886 1152/1074/1152 1151/1073/1151 4893/4496/4893
f 4893/4496/4893 1151/1073/1151 1150/1072/1150 4900/4503/4900
f 4900/4503/4900 1150/1072/1150 1149/1306/1149 4907/4510/4907
f 4907/4510/4907 1149/1306/1149 80/131/80 1148/4511/1148
f 4906/4509/4906 4907/4510/4907 1148/4511/1148 1147/4512/1147
f 4905/4508/4905 4906/4509/4906 1147/4512/1147 1146/4513/1146
f 4904/4507/4904 4905/4508/4905 1146/4513/1146 1145/4514/1145
f 4903/4506/4903 4904/4507/4904 1145/4514/1145 1144/4515/1144
f 4902/4504/4902 4903/4506/4903 1144/4515/1144 1143/4516/1143
f 4901/4505/4901 4902/4504/4902 1143/4516/1143 1142/4517/1142
f 840/1306/840 4901/4505/4901 1142/4517/1142 53/131/53
f 839/1072/839 4894/4498/4894 4901/4505/4901 840/1306/840
f 838/1073/838 4887/4493/4887 4894/4498/4894 839/1072/839
f 837/1074/837 4880/4486/4880 4887/4493/4887 838/1073/838
f 836/1075/836 4873/4479/4873 4880/4486/4880 837/1074/837
f 835/1076/835 4866/4469/4866 4873/4479/4873 836/1075/836
f 834/2213/834 4859/4466/4859 4866/4469/4866 835/1076/835
f 4908/4518/4908 4909/4519/4909 4916/4520/4916 4915/4521/4915
f 4909/4519/4909 4910/4522/4910 4917/4523/4917 4916/4520/4916
f 4910/4522/4910 4911/4524/4911 4918/4525/4918 4917/4523/4917
f 4911/4524/4911 4912/4526/4912 4919/4527/4919 4918/4525/4918
f 4912/4526/4912 4913/4528/4913 4920/4529/4920 4919/4527/4919
f 4913/4528/4913 4914/4530/4914 4921/4531/4921 4920/4529/4920
f 4915/4521/4915 4916/4520/4916 4923/4532/4923 4922/4533/4922
f 4916/4520/4916 4917/4523/4917 4924/4534/4924 4923/4532/4923
f 4917/4523/4917 4918/4525/4918 4925/4535/4925 4924/4534/4924
f 4918/4525/4918 4919/4527/4919 4926/4536/4926 4925/4535/4925
f 4919/4527/4919 4920/4529/4920 4927/4537/4927 4926/4536/4926
f 4920/4529/4920 4921/4531/4921 4928/4538/4928 4927/4537/4927
f 4922/4533/4922 4923/4532/4923 4930/4539/4930 4929/4540/4929
f 4923/4532/4923 4924/4534/4924 4931/4541/4931 4930/4539/4930
f 4924/4534/4924 4925/4535/4925 4932/4542/4932 4931/4541/4931
f 4925/4535/4925 4926/4536/4926 4933/4543/4933 4932/4542/4932
f 4926/4536/4926 4927/4537/4927 4934/4544/4934 4933/4543/4933
f 4927/4537/4927 4928/4538/4928 4935/4545/4935 4934/4544/4934
f 4929/4540/4929 4930/4539/4930 4937/4546/4937 4936/4547/4936
f 4930/4539/4930 4931/4541/4931 4938/4548/4938 4937/4546/4937
f 4931/4541/4931 4932/4542/4932 4939/4549/4939 4938/4548/4938
f 4932/4542/4932 4933/4543/4933 4940/4550/4940 4939/4549/4939
f 4933/4543/4933 4934/4544/4934 4941/4551/4941 4940/4550/4940
f 4934/4544/4934 4935/4545/4935 4942/4552/4942 4941/4551/4941
f 4936/4547/4936 4937/4546/4937 4944/4553/4944 4943/4554/4943
f 4937/4546/4937 4938/4548/4938 4945/4555/4945 4944/4553/4944
f 4938/4548/4938 4939/4549/4939 4946/4556/4946 4945/4555/4945
f 4939/4549/4939 4940/4550/4940 4947/4557/4947 4946/4556/4946
f 4940/4550/4940 4941/4551/4941 4948/4558/4948 4947/4557/4947
f 4941/4551/4941 4942/4552/4942 4949/4559/4949 4948/4558/4948
f 4943/4554/4943 4944/4553/4944 4951/4560/4951 4950/4561/4950
f 4944/4553/4944 4945/4555/4945 4952/4562/4952 4951/4560/4951
f 4945/4555/4945 4946/4556/4946 4953/4563/4953 4952/4562/4952
f 4946/4556/4946 4947/4557/4947 4954/4564/4954 4953/4563/4953
f 4947/4557/4947 4948/4558/4948 4955/4565/4955 4954/4564/4954
f 4948/4558/4948 4949/4559/4949 4956/4566/4956 4955/4565/4955
f 55/2748/55 1029/4567/1029 4908/4518/4908 819/3340/819
f 1029/4567/1029 1028/4568/1028 4909/4519/4909 4908/4518/4908
f 1028/4568/1028 1027/4569/1027 4910/4522/4910 4909/4519/4909
f 1027/4569/1027 1026/4570/1026 4911/4524/4911 4910/4522/4910
f 1026/4570/1026 1025/4571/1025 4912/4526/4912 4911/4524/4911
f 1025/4571/1025 1024/4572/1024 4913/4528/4913 4912/4526/4912
f 1024/4572/1024 1023/4573/1023 4914/4530/4914 4913/4528/4913
f 1023/4573/1023 79/140/79 1162/3664/1162 4914/4530/4914
f 4914/4530/4914 1162/3664/1162 1161/3672/1161 4921/4531/4921
f 4921/4531/4921 1161/3672/1161 1160/3671/1160 4928/4538/4928
f 4928/4538/4928 1160/3671/1160 1159/3670/1159 4935/4545/4935
f 4935/4545/4935 1159/3670/1159 1158/3669/1158 4942/4552/4942
f 4942/4552/4942 1158/3669/1158 1157/3668/1157 4949/4559/4949
f 4949/4559/4949 1157/3668/1157 1156/1245/1156 4956/4566/4956
f 4956/4566/4956 1156/1245/1156 78/1246/78 1016/1247/1016
f 4955/4565/4955 4956/4566/4956 1016/1247/1016 1017/1182/1017
f 4954/4564/4954 4955/4565/4955 1017/1182/1017 1018/1182/1018
f 4953/4563/4953 4954/4564/4954 1018/1182/1018 1019/1182/1019
f 4952/4562/4952 4953/4563/4953 1019/1182/1019 1020/1182/1020
f 4951/4560/4951 4952/4562/4952 1020/1182/1020 1021/1182/1021
f 4950/4561/4950 4951/4560/4951 1021/1182/1021 1022/1189/1022
f 813/3319/813 4950/4561/4950 1022/1189/1022 56/1189/56
f 814/3666/814 4943/4554/4943 4950/4561/4950 813/3319/813
f 815/3344/815 4936/4547/4936 4943/4554/4943 814/3666/814
f 816/3343/816 4929/4540/4929 4936/4547/4936 815/3344/815
f 817/3665/817 4922/4533/4922 4929/4540/4929 816/3343/816
f 818/3341/818 4915/4521/4915 4922/4533/4922 817/3665/817
f 819/3340/819 4908/4518/4908 4915/4521/4915 818/3341/818
f 4957/4574/4957 4958/4575/4958 4965/4576/4965 4964/4577/4964
f 4958/4575/4958 4959/4578/4959 4966/4579/4966 4965/4576/4965
f 4959/4578/4959 4960/4580/4960 4967/4581/4967 4966/4579/4966
f 4960/4580/4960 4961/4582/4961 4968/4583/4968 4967/4581/4967
f 4961/4582/4961 4962/4584/4962 4969/4585/4969 4968/4583/4968
f 4962/4584/4962 4963/4586/4963 4970/4587/4970 4969/4585/4969
f 4964/4577/4964 4965/4576/4965 4972/4588/4972 4971/4589/4971
f 4965/4576/4965 4966/4579/4966 4973/4590/4973 4972/4588/4972
f 4966/4579/4966 4967/4581/4967 4974/4591/4974 4973/4590/4973
f 4967/4581/4967 4968/4583/4968 4975/4592/4975 4974/4591/4974
f 4968/4583/4968 4969/4585/4969 4976/4593/4976 4975/4592/4975
f 4969/4585/4969 4970/4587/4970 4977/4594/4977 4976/4593/4976
f 4971/4589/4971 4972/4588/4972 4979/4595/4979 4978/4596/4978
f 4972/4588/4972 4973/4590/4973 4980/4597/4980 4979/4595/4979
f 4973/4590/4973 4974/4591/4974 4981/4598/4981 4980/4597/4980
f 4974/4591/4974 4975/4592/4975 4982/4599/4982 4981/4598/4981
f 4975/4592/4975 4976/4593/4976 4983/4600/4983 4982/4599/4982
f 4976/4593/4976 4977/4594/4977 4984/4601/4984 4983/4600/4983
f 4978/4596/4978 4979/4595/4979 4986/4602/4986 4985/4603/4985
f 4979/4595/4979 4980/4597/4980 4987/4604/4987 4986/4602/4986
f 4980/4597/4980 4981/4598/4981 4988/4605/4988 4987/4604/4987
f 4981/4598/4981 4982/4599/4982 4989/4606/4989 4988/4605/4988
f 4982/4599/4982 4983/4600/4983 4990/4607/4990 4989/4606/4989
f 4983/4600/4983 4984/4601/4984 4991/4608/4991 4990/4607/4990
f 4985/4603/4985 4986/4602/4986 4993/4609/4993 4992/4610/4992
f 4986/4602/4986 4987/4604/4987 4994/4611/4994 4993/4609/4993
f 4987/4604/4987 4988/4605/4988 4995/4612/4995 4994/4611/4994
f 4988/4605/4988 4989/4606/4989 4996/4613/4996 4995/4612/4995
f 4989/4606/4989 4990/4607/4990 4997/4614/4997 4996/4613/4996
f 4990/4607/4990 4991/4608/4991 4998/4615/4998 4997/4614/4997
f 4992/4610/4992 4993/4609/4993 5000/4616/5000 4999/4617/4999
f 4993/4609/4993 4994/4611/4994 5001/4618/5001 5000/4616/5000
f 4994/4611/4994 4995/4612/4995 5002/4619/5002 5001/4618/5001
f 4995/4612/4995 4996/4613/4996 5003/4620/5003 5002/4619/5002
f 4996/4613/4996 4997/4614/4997 5004/4621/5004 5003/4620/5003
f 4997/4614/4997 4998/4615/4998 5005/4622/5005 5004/4621/5004
f 56/1247/56 1022/1189/1022 4957/4574/4957 827/3458/827
f 1022/1189/1022 1021/1182/1021 4958/4575/4958 4957/4574/4957
f 1021/1182/1021 1020/1182/1020 4959/4578/4959 4958/4575/4958
f 1020/1182/1020 1019/1182/1019 4960/4580/4960 4959/4578/4959
f 1019/1182/1019 1018/1182/1018 4961/4582/4961 4960/4580/4960
f 1018/1182/1018 1017/1182/1017 4962/4584/4962 4961/4582/4961
f 1017/1182/1017 1016/1182/1016 4963/4586/4963 4962/4584/4962
f 1016/1182/1016 78/1182/78 1169/1162/1169 4963/4586/4963
f 4963/4586/4963 1169/1162/1169 1168/1176/1168 4970/4587/4970
f 4970/4587/4970 1168/1176/1168 1167/1153/1167 4977/4594/4977
f 4977/4594/4977 1167/1153/1167 1166/1178/1166 4984/4601/4984
f 4984/4601/4984 1166/1178/1166 1165/1157/1165 4991/4608/4991
f 4991/4608/4991 1165/1157/1165 1164/1183/1164 4998/4615/4998
f 4998/4615/4998 1164/1183/1164 1163/1171/1163 5005/4622/5005
f 5005/4622/5005 1163/1171/1163 77/1006/77 1127/1184/1127
f 5004/4621/5004 5005/4622/5005 1127/1184/1127 1126/1184/1126
f 5003/4620/5003 5004/4621/5004 1126/1184/1126 1125/1185/1125
f 5002/4619/5002 5003/4620/5003 1125/1185/1125 1124/1185/1124
f 5001/4618/5001 5002/4619/5002 1124/1185/1124 1123/1184/1123
f 5000/4616/5000 5001/4618/5001 1123/1184/1123 1122/1186/1122
f 4999/4617/4999 5000/4616/5000 1122/1186/1122 1121/1186/1121
f 833/4623/833 4999/4617/4999 1121/1186/1121 54/1006/54
f 832/4624/832 4992/4610/4992 4999/4617/4999 833/4623/833
f 831/4625/831 4985/4603/4985 4992/4610/4992 832/4624/832
f 830/4626/830 4978/4596/4978 4985/4603/4985 831/4625/831
f 829/4627/829 4971/4589/4971 4978/4596/4978 830/4626/830
f 828/4628/828 4964/4577/4964 4971/4589/4971 829/4627/829
f 827/3458/827 4957/4574/4957 4964/4577/4964 828/4628/828
f 5006/4629/5006 5007/4630/5007 5014/4631/5014 5013/4632/5013
f 5007/4630/5007 5008/4633/5008 5015/4634/5015 5014/4631/5014
f 5008/4633/5008 5009/4635/5009 5016/4636/5016 5015/4634/5015
f 5009/4635/5009 5010/4637/5010 5017/4638/5017 5016/4636/5016
f 5010/4637/5010 5011/4639/5011 5018/4640/5018 5017/4638/5017
f 5011/4639/5011 5012/4641/5012 5019/4642/5019 5018/4640/5018
f 5013/4632/5013 5014/4631/5014 5021/4643/5021 5020/4644/5020
f 5014/4631/5014 5015/4634/5015 5022/4645/5022 5021/4643/5021
f 5015/4634/5015 5016/4636/5016 5023/4646/5023 5022/4645/5022
f 5016/4636/5016 5017/4638/5017 5024/4647/5024 5023/4646/5023
f 5017/4638/5017 5018/4640/5018 5025/4648/5025 5024/4647/5024
f 5018/4640/5018 5019/4642/5019 5026/4649/5026 5025/4648/5025
f 5020/4644/5020 5021/4643/5021 5028/4650/5028 5027/4651/5027
f 5021/4643/5021 5022/4645/5022 5029/4652/5029 5028/4650/5028
f 5022/4645/5022 5023/4646/5023 5030/4653/5030 5029/4652/5029
f 5023/4646/5023 5024/4647/5024 5031/4654/5031 5030/4653/5030
f 5024/4647/5024 5025/4648/5025 5032/4655/5032 5031/4654/5031
f 5025/4648/5025 5026/4649/5026 5033/4656/5033 5032/4655/5032
f 5027/4651/5027 5028/4650/5028 5035/4657/5035 5034/4658/5034
f 5028/4650/5028 5029/4652/5029 5036/4659/5036 5035/4657/5035
f 5029/4652/5029 5030/4653/5030 5037/4660/5037 5036/4659/5036
f 5030/4653/5030 5031/4654/5031 5038/4661/5038 5037/4660/5037
f 5031/4654/5031 5032/4655/5032 5039/4662/5039 5038/4661/5038
f 5032/4655/5032 5033/4656/5033 5040/4663/5040 5039/4662/5039
f 5034/4658/5034 5035/4657/5035 5042/4664/5042 5041/4665/5041
f 5035/4657/5035 5036/4659/5036 5043/4666/5043 5042/4664/5042
f 5036/4659/5036 5037/4660/5037 5044/4667/5044 5043/4666/5043
f 5037/4660/5037 5038/4661/5038 5045/4668/5045 5044/4667/5044
f 5038/4661/5038 5039/4662/5039 5046/4669/5046 5045/4668/5045
f 5039/4662/5039 5040/4663/5040 5047/4670/5047 5046/4669/5046
f 5041/4665/5041 5042/4664/5042 5049/4671/5049 5048/4672/5048
f 5042/4664/5042 5043/4666/5043 5050/4673/5050 5049/4671/5049
f 5043/4666/5043 5044/4667/5044 5051/4674/5051 5050/4673/5050
f 5044/4667/5044 5045/4668/5045 5052/4675/5052 5051/4674/5051
f 5045/4668/5045 5046/4669/5046 5053/4676/5053 5052/4675/5052
f 5046/4669/5046 5047/4670/5047 5054/4677/5054 5053/4676/5053
f 53/131/53 1142/4517/1142 5006/4629/5006 820/2741/820
f 1142/4517/1142 1143/4516/1143 5007/4630/5007 5006/4629/5006
f 1143/4516/1143 1144/4515/1144 5008/4633/5008 5007/4630/5007
f 1144/4515/1144 1145/4514/1145 5009/4635/5009 5008/4633/5008
f 1145/4514/1145 1146/4513/1146 5010/4637/5010 5009/4635/5009
f 1146/4513/1146 1147/4512/1147 5011/4639/5011 5010/4637/5010
f 1147/4512/1147 1148/4511/1148 5012/4641/5012 5011/4639/5011
f 1148/4511/1148 80/131/80 1176/2740/1176 5012/4641/5012
f 5012/4641/5012 1176/2740/1176 1175/2759/1175 5019/4642/5019
f 5019/4642/5019 1175/2759/1175 1174/135/1174 5026/4649/5026
f 5026/4649/5026 1174/135/1174 1173/2758/1173 5033/4656/5033
f 5033/4656/5033 1173/2758/1173 1172/2757/1172 5040/4663/5040
f 5040/4663/5040 1172/2757/1172 1171/138/1171 5047/4670/5047
f 5047/4670/5047 1171/138/1171 1170/2756/1170 5054/4677/5054
f 5054/4677/5054 1170/2756/1170 79/140/79 1023/4573/1023
f 5053/4676/5053 5054/4677/5054 1023/4573/1023 1024/4572/1024
f 5052/4675/5052 5053/4676/5053 1024/4572/1024 1025/4571/1025
f 5051/4674/5051 5052/4675/5052 1025/4571/1025 1026/4570/1026
f 5050/4673/5050 5051/4674/5051 1026/4570/1026 1027/4569/1027
f 5049/4671/5049 5050/4673/5050 1027/4569/1027 1028/4568/1028
f 5048/4672/5048 5049/4671/5049 1028/4568/1028 1029/4567/1029
f 826/2747/826 5048/4672/5048 1029/4567/1029 55/2748/55
f 825/2746/825 5041/4665/5041 5048/4672/5048 826/2747/826
f 824/2745/824 5034/4658/5034 5041/4665/5041 825/2746/825
f 823/2744/823 5027/4651/5027 5034/4658/5034 824/2745/824
f 822/2743/822 5020/4644/5020 5027/4651/5027 823/2744/823
f 821/2742/821 5013/4632/5013 5020/4644/5020 822/2743/822
f 820/2741/820 5006/4629/5006 5013/4632/5013 821/2742/821
f 5055/4678/5055 5056/4679/5056 5063/4680/5063 5062/4681/5062
f 5056/4679/5056 5057/4682/5057 5064/4683/5064 5063/4680/5063
f 5057/4682/5057 5058/4684/5058 5065/4685/5065 5064/4683/5064
f 5058/4684/5058 5059/4686/5059 5066/4687/5066 5065/4685/5065
f 5059/4686/5059 5060/4688/5060 5067/4689/5067 5066/4687/5066
f 5060/4688/5060 5061/4690/5061 5068/4691/5068 5067/4689/5067
f 5062/4681/5062 5063/4680/5063 5070/4692/5070 5069/4693/5069
f 5063/4680/5063 5064/4683/5064 5071/4694/5071 5070/4692/5070
f 5064/4683/5064 5065/4685/5065 5072/4695/5072 5071/4694/5071
f 5065/4685/5065 5066/4687/5066 5073/4696/5073 5072/4695/5072
f 5066/4687/5066 5067/4689/5067 5074/4697/5074 5073/4696/5073
f 5067/4689/5067 5068/4691/5068 5075/4698/5075 5074/4697/5074
f 5069/4693/5069 5070/4692/5070 5077/4699/5077 5076/4700/5076
f 5070/4692/5070 5071/4694/5071 5078/4701/5078 5077/4699/5077
f 5071/4694/5071 5072/4695/5072 5079/4702/5079 5078/4701/5078
f 5072/4695/5072 5073/4696/5073 5080/4703/5080 5079/4702/5079
f 5073/4696/5073 5074/4697/5074 5081/4704/5081 5080/4703/5080
f 5074/4697/5074 5075/4698/5075 5082/4705/5082 5081/4704/5081
f 5076/4700/5076 5077/4699/5077 5084/4706/5084 5083/4707/5083
f 5077/4699/5077 5078/4701/5078 5085/4708/5085 5084/4706/5084
f 5078/4701/5078 5079/4702/5079 5086/4709/5086 5085/4708/5085
f 5079/4702/5079 5080/4703/5080 5087/4710/5087 5086/4709/5086
f 5080/4703/5080 5081/4704/5081 5088/4711/5088 5087/4710/5087
f 5081/4704/5081 5082/4705/5082 5089/4712/5089 5088/4711/5088
f 5083/4707/5083 5084/4706/5084 5091/4713/5091 5090/4714/5090
f 5084/4706/5084 5085/4708/5085 5092/4715/5092 5091/4713/5091
f 5085/4708/5085 5086/4709/5086 5093/4716/5093 5092/4715/5092
f 5086/4709/5086 5087/4710/5087 5094/4717/5094 5093/4716/5093
f 5087/4710/5087 5088/4711/5088 5095/4718/5095 5094/4717/5094
f 5088/4711/5088 5089/4712/5089 5096/4719/5096 5095/4718/5095
f 5090/4714/5090 5091/4713/5091 5098/4720/5098 5097/4721/5097
f 5091/4713/5091 5092/4715/5092 5099/4722/5099 5098/4720/5098
f 5092/4715/5092 5093/4716/5093 5100/4723/5100 5099/4722/5099
f 5093/4716/5093 5094/4717/5094 5101/4724/5101 5100/4723/5100
f 5094/4717/5094 5095/4718/5095 5102/4725/5102 5101/4724/5101
f 5095/4718/5095 5096/4719/5096 5103/4726/5103 5102/4725/5102
f 63/1372/63 1191/4727/1191 5055/4678/5055 903/2442/903
f 1191/4727/1191 1192/4728/1192 5056/4679/5056 5055/4678/5055
f 1192/4728/1192 1193/4729/1193 5057/4682/5057 5056/4679/5056
f 1193/4729/1193 1194/4730/1194 5058/4684/5058 5057/4682/5057
f 1194/4730/1194 1195/4731/1195 5059/4686/5059 5058/4684/5058
f 1195/4731/1195 1196/4732/1196 5060/4688/5060 5059/4686/5059
f 1196/4732/1196 1197/4733/1197 5061/4690/5061 5060/4688/5060
f 1197/4733/1197 83/1372/83 1211/1930/1211 5061/4690/5061
f 5061/4690/5061 1211/1930/1211 1210/1931/1210 5068/4691/5068
f 5068/4691/5068 1210/1931/1210 1209/1932/1209 5075/4698/5075
f 5075/4698/5075 1209/1932/1209 1208/1933/1208 5082/4705/5082
f 5082/4705/5082 1208/1933/1208 1207/1934/1207 5089/4712/5089
f 5089/4712/5089 1207/1934/1207 1206/1935/1206 5096/4719/5096
f 5096/4719/5096 1206/1935/1206 1205/2455/1205 5103/4726/5103
f 5103/4726/5103 1205/2455/1205 84/2454/84 1058/2453/1058
f 5102/4725/5102 5103/4726/5103 1058/2453/1058 1059/2452/1059
f 5101/4724/5101 5102/4725/5102 1059/2452/1059 1060/2451/1060
f 5100/4723/5100 5101/4724/5101 1060/2451/1060 1061/2450/1061
f 5099/4722/5099 5100/4723/5100 1061/2450/1061 1062/2449/1062
f 5098/4720/5098 5099/4722/5099 1062/2449/1062 1063/2448/1063
f 5097/4721/5097 5098/4720/5098 1063/2448/1063 1064/2447/1064
f 897/1364/897 5097/4721/5097 1064/2447/1064 64/2446/64
f 898/1366/898 5090/4714/5090 5097/4721/5097 897/1364/897
f 899/1367/899 5083/4707/5083 5090/4714/5090 898/1366/898
f 900/2445/900 5076/4700/5076 5083/4707/5083 899/1367/899
f 901/2444/901 5069/4693/5069 5076/4700/5076 900/2445/900
f 902/1370/902 5062/4681/5062 5069/4693/5069 901/2444/901
f 903/2442/903 5055/4678/5055 5062/4681/5062 902/1370/902
f 5104/4734/5104 5105/4735/5105 5112/4736/5112 5111/4737/5111
f 5105/4735/5105 5106/4738/5106 5113/4739/5113 5112/4736/5112
f 5106/4738/5106 5107/4740/5107 5114/4741/5114 5113/4739/5113
f 5107/4740/5107 5108/4742/5108 5115/4743/5115 5114/4741/5114
f 5108/4742/5108 5109/4744/5109 5116/4745/5116 5115/4743/5115
f 5109/4744/5109 5110/4746/5110 5117/4747/5117 5116/4745/5116
f 5111/4737/5111 5112/4736/5112 5119/4748/5119 5118/4749/5118
f 5112/4736/5112 5113/4739/5113 5120/4750/5120 5119/4748/5119
f 5113/4739/5113 5114/4741/5114 5121/4751/5121 5120/4750/5120
f 5114/4741/5114 5115/4743/5115 5122/4752/5122 5121/4751/5121
f 5115/4743/5115 5116/4745/5116 5123/4753/5123 5122/4752/5122
f 5116/4745/5116 5117/4747/5117 5124/4754/5124 5123/4753/5123
f 5118/4749/5118 5119/4748/5119 5126/4755/5126 5125/4756/5125
f 5119/4748/5119 5120/4750/5120 5127/4757/5127 5126/4755/5126
f 5120/4750/5120 5121/4751/5121 5128/4758/5128 5127/4757/5127
f 5121/4751/5121 5122/4752/5122 5129/4759/5129 5128/4758/5128
f 5122/4752/5122 5123/4753/5123 5130/4760/5130 5129/4759/5129
f 5123/4753/5123 5124/4754/5124 5131/4761/5131 5130/4760/5130
f 5125/4756/5125 5126/4755/5126 5133/4762/5133 5132/4763/5132
f 5126/4755/5126 5127/4757/5127 5134/4764/5134 5133/4762/5133
f 5127/4757/5127 5128/4758/5128 5135/4765/5135 5134/4764/5134
f 5128/4758/5128 5129/4759/5129 5136/4766/5136 5135/4765/5135
f 5129/4759/5129 5130/4760/5130 5137/4767/5137 5136/4766/5136
f 5130/4760/5130 5131/4761/5131 5138/4768/5138 5137/4767/5137
f 5132/4763/5132 5133/4762/5133 5140/4769/5140 5139/4770/5139
f 5133/4762/5133 5134/4764/5134 5141/4771/5141 5140/4769/5140
f 5134/4764/5134 5135/4765/5135 5142/4772/5142 5141/4771/5141
f 5135/4765/5135 5136/4766/5136 5143/4773/5143 5142/4772/5142
f 5136/4766/5136 5137/4767/5137 5144/4774/5144 5143/4773/5143
f 5137/4767/5137 5138/4768/5138 5145/4775/5145 5144/4774/5144
f 5139/4770/5139 5140/4769/5140 5147/4776/5147 5146/4777/5146
f 5140/4769/5140 5141/4771/5141 5148/4778/5148 5147/4776/5147
f 5141/4771/5141 5142/4772/5142 5149/4779/5149 5148/4778/5148
f 5142/4772/5142 5143/4773/5143 5150/4780/5150 5149/4779/5149
f 5143/4773/5143 5144/4774/5144 5151/4781/5151 5150/4780/5150
f 5144/4774/5144 5145/4775/5145 5152/4782/5152 5151/4781/5151
f 64/1363/64 1064/2447/1064 5104/4734/5104 911/4783/911
f 1064/2447/1064 1063/2448/1063 5105/4735/5105 5104/4734/5104
f 1063/2448/1063 1062/2449/1062 5106/4738/5106 5105/4735/5105
f 1062/2449/1062 1061/2450/1061 5107/4740/5107 5106/4738/5106
f 1061/2450/1061 1060/2451/1060 5108/4742/5108 5107/4740/5107
f 1060/2451/1060 1059/2452/1059 5109/4744/5109 5108/4742/5108
f 1059/2452/1059 1058/2520/1058 5110/4746/5110 5109/4744/5109
f 1058/2520/1058 84/1859/84 1218/4210/1218 5110/4746/5110
f 5110/4746/5110 1218/4210/1218 1217/4222/1217 5117/4747/5117
f 5117/4747/5117 1217/4222/1217 1216/4221/1216 5124/4754/5124
f 5124/4754/5124 1216/4221/1216 1215/4220/1215 5131/4761/5131
f 5131/4761/5131 1215/4220/1215 1214/4219/1214 5138/4768/5138
f 5138/4768/5138 1214/4219/1214 1213/4218/1213 5145/4775/5145
f 5145/4775/5145 1213/4218/1213 1212/4217/1212 5152/4782/5152
f 5152/4782/5152 1212/4217/1212 82/1868/82 1044/4784/1044
f 5151/4781/5151 5152/4782/5152 1044/4784/1044 1045/4785/1045
f 5150/4780/5150 5151/4781/5151 1045/4785/1045 1046/4786/1046
f 5149/4779/5149 5150/4780/5150 1046/4786/1046 1047/4787/1047
f 5148/4778/5148 5149/4779/5149 1047/4787/1047 1048/4788/1048
f 5147/4776/5147 5148/4778/5148 1048/4788/1048 1049/4789/1049
f 5146/4777/5146 5147/4776/5147 1049/4789/1049 1050/4790/1050
f 917/4791/917 5146/4777/5146 1050/4790/1050 62/3904/62
f 916/3918/916 5139/4770/5139 5146/4777/5146 917/4791/917
f 915/4792/915 5132/4763/5132 5139/4770/5139 916/3918/916
f 914/4793/914 5125/4756/5125 5132/4763/5132 915/4792/915
f 913/4794/913 5118/4749/5118 5125/4756/5125 914/4793/914
f 912/4795/912 5111/4737/5111 5118/4749/5118 913/4794/913
f 911/4783/911 5104/4734/5104 5111/4737/5111 912/4795/912
f 5153/4796/5153 5154/4797/5154 5161/4798/5161 5160/4799/5160
f 5154/4797/5154 5155/4800/5155 5162/4801/5162 5161/4798/5161
f 5155/4800/5155 5156/4802/5156 5163/4803/5163 5162/4801/5162
f 5156/4802/5156 5157/4804/5157 5164/4805/5164 5163/4803/5163
f 5157/4804/5157 5158/4806/5158 5165/4807/5165 5164/4805/5164
f 5158/4806/5158 5159/4808/5159 5166/4809/5166 5165/4807/5165
f 5160/4799/5160 5161/4798/5161 5168/4810/5168 5167/4811/5167
f 5161/4798/5161 5162/4801/5162 5169/4812/5169 5168/4810/5168
f 5162/4801/5162 5163/4803/5163 5170/4813/5170 5169/4812/5169
f 5163/4803/5163 5164/4805/5164 5171/4814/5171 5170/4813/5170
f 5164/4805/5164 5165/4807/5165 5172/4815/5172 5171/4814/5171
f 5165/4807/5165 5166/4809/5166 5173/4816/5173 5172/4815/5172
f 5167/4811/5167 5168/4810/5168 5175/4817/5175 5174/4818/5174
f 5168/4810/5168 5169/4812/5169 5176/4819/5176 5175/4817/5175
f 5169/4812/5169 5170/4813/5170 5177/4820/5177 5176/4819/5176
f 5170/4813/5170 5171/4814/5171 5178/4821/5178 5177/4820/5177
f 5171/4814/5171 5172/4815/5172 5179/4822/5179 5178/4821/5178
f 5172/4815/5172 5173/4816/5173 5180/4823/5180 5179/4822/5179
f 5174/4818/5174 5175/4817/5175 5182/4824/5182 5181/4825/5181
f 5175/4817/5175 5176/4819/5176 5183/4826/5183 5182/4824/5182
f 5176/4819/5176 5177/4820/5177 5184/4827/5184 5183/4826/5183
f 5177/4820/5177 5178/4821/5178 5185/4828/5185 5184/4827/5184
f 5178/4821/5178 5179/4822/5179 5186/4829/5186 5185/4828/5185
f 5179/4822/5179 5180/4823/5180 5187/4830/5187 5186/4829/5186
f 5181/4825/5181 5182/4824/5182 5189/4831/5189 5188/4832/5188
f 5182/4824/5182 5183/4826/5183 5190/4833/5190 5189/4831/5189
f 5183/4826/5183 5184/4827/5184 5191/4834/5191 5190/4833/5190
f 5184/4827/5184 5185/4828/5185 5192/4835/5192 5191/4834/5191
f 5185/4828/5185 5186/4829/5186 5193/4836/5193 5192/4835/5192
f 5186/4829/5186 5187/4830/5187 5194/4837/5194 5193/4836/5193
f 5188/4832/5188 5189/4831/5189 5196/4838/5196 5195/4839/5195
f 5189/4831/5189 5190/4833/5190 5197/4840/5197 5196/4838/5196
f 5190/4833/5190 5191/4834/5191 5198/4841/5198 5197/4840/5197
f 5191/4834/5191 5192/4835/5192 5199/4842/5199 5198/4841/5198
f 5192/4835/5192 5193/4836/5193 5200/4843/5200 5199/4842/5199
f 5193/4836/5193 5194/4837/5194 5201/4844/5201 5200/4843/5200
f 61/1666/61 1177/4845/1177 5153/4796/5153 904/4032/904
f 1177/4845/1177 1178/4846/1178 5154/4797/5154 5153/4796/5153
f 1178/4846/1178 1179/4847/1179 5155/4800/5155 5154/4797/5154
f 1179/4847/1179 1180/4848/1180 5156/4802/5156 5155/4800/5155
f 1180/4848/1180 1181/4849/1181 5157/4804/5157 5156/4802/5156
f 1181/4849/1181 1182/4850/1182 5158/4806/5158 5157/4804/5157
f 1182/4850/1182 1183/4851/1183 5159/4808/5159 5158/4806/5158
f 1183/4851/1183 81/4101/81 1225/4156/1225 5159/4808/5159
f 5159/4808/5159 1225/4156/1225 1224/4165/1224 5166/4809/5166
f 5166/4809/5166 1224/4165/1224 1223/4164/1223 5173/4816/5173
f 5173/4816/5173 1223/4164/1223 1222/4163/1222 5180/4823/5180
f 5180/4823/5180 1222/4163/1222 1221/4162/1221 5187/4830/5187
f 5187/4830/5187 1221/4162/1221 1220/4161/1220 5194/4837/5194
f 5194/4837/5194 1220/4161/1220 1219/4160/1219 5201/4844/5201
f 5201/4844/5201 1219/4160/1219 83/1372/83 1197/4733/1197
f 5200/4843/5200 5201/4844/5201 1197/4733/1197 1196/4732/1196
f 5199/4842/5199 5200/4843/5200 1196/4732/1196 1195/4731/1195
f 5198/4841/5198 5199/4842/5199 1195/4731/1195 1194/4730/1194
f 5197/4840/5197 5198/4841/5198 1194/4730/1194 1193/4729/1193
f 5196/4838/5196 5197/4840/5197 1193/4729/1193 1192/4728/1192
f 5195/4839/5195 5196/4838/5196 1192/4728/1192 1191/4727/1191
f 910/4852/910 5195/4839/5195 1191/4727/1191 63/1372/63
f 909/3854/909 5188/4832/5188 5195/4839/5195 910/4852/910
f 908/3853/908 5181/4825/5181 5188/4832/5188 909/3854/909
f 907/4159/907 5174/4818/5174 5181/4825/5181 908/3853/908
f 906/4158/906 5167/4811/5167 5174/4818/5174 907/4159/907
f 905/4157/905 5160/4799/5160 5167/4811/5167 906/4158/906
f 904/4032/904 5153/4796/5153 5160/4799/5160 905/4157/905
f 5202/4853/5202 5203/4854/5203 5210/4855/5210 5209/4856/5209
f 5203/4854/5203 5204/4857/5204 5211/4858/5211 5210/4855/5210
f 5204/4857/5204 5205/4859/5205 5212/4860/5212 5211/4858/5211
f 5205/4859/5205 5206/4861/5206 5213/4862/5213 5212/4860/5212
f 5206/4861/5206 5207/4863/5207 5214/4864/5214 5213/4862/5213
f 5207/4863/5207 5208/4865/5208 5215/4866/5215 5214/4864/5214
f 5209/4856/5209 5210/4855/5210 5217/4867/5217 5216/4868/5216
f 5210/4855/5210 5211/4858/5211 5218/4869/5218 5217/4867/5217
f 5211/4858/5211 5212/4860/5212 5219/4870/5219 5218/4869/5218
f 5212/4860/5212 5213/4862/5213 5220/4871/5220 5219/4870/5219
f 5213/4862/5213 5214/4864/5214 5221/4872/5221 5220/4871/5220
f 5214/4864/5214 5215/4866/5215 5222/4873/5222 5221/4872/5221
f 5216/4868/5216 5217/4867/5217 5224/4874/5224 5223/4875/5223
f 5217/4867/5217 5218/4869/5218 5225/4876/5225 5224/4874/5224
f 5218/4869/5218 5219/4870/5219 5226/4877/5226 5225/4876/5225
f 5219/4870/5219 5220/4871/5220 5227/4878/5227 5226/4877/5226
f 5220/4871/5220 5221/4872/5221 5228/4879/5228 5227/4878/5227
f 5221/4872/5221 5222/4873/5222 5229/4880/5229 5228/4879/5228
f 5223/4875/5223 5224/4874/5224 5231/4881/5231 5230/4882/5230
f 5224/4874/5224 5225/4876/5225 5232/4883/5232 5231/4881/5231
f 5225/4876/5225 5226/4877/5226 5233/4884/5233 5232/4883/5232
f 5226/4877/5226 5227/4878/5227 5234/4885/5234 5233/4884/5233
f 5227/4878/5227 5228/4879/5228 5235/4886/5235 5234/4885/5234
f 5228/4879/5228 5229/4880/5229 5236/4887/5236 5235/4886/5235
f 5230/4882/5230 5231/4881/5231 5238/4888/5238 5237/4889/5237
f 5231/4881/5231 5232/4883/5232 5239/4890/5239 5238/4888/5238
f 5232/4883/5232 5233/4884/5233 5240/4891/5240 5239/4890/5239
f 5233/4884/5233 5234/4885/5234 5241/4892/5241 5240/4891/5240
f 5234/4885/5234 5235/4886/5235 5242/4893/5242 5241/4892/5241
f 5235/4886/5235 5236/4887/5236 5243/4894/5243 5242/4893/5242
f 5237/4889/5237 5238/4888/5238 5245/4895/5245 5244/4896/5244
f 5238/4888/5238 5239/4890/5239 5246/4897/5246 5245/4895/5245
f 5239/4890/5239 5240/4891/5240 5247/4898/5247 5246/4897/5246
f 5240/4891/5240 5241/4892/5241 5248/4899/5248 5247/4898/5247
f 5241/4892/5241 5242/4893/5242 5249/4900/5249 5248/4899/5248
f 5242/4893/5242 5243/4894/5243 5250/4901/5250 5249/4900/5249
f 62/4902/62 1050/4790/1050 5202/4853/5202 918/4903/918
f 1050/4790/1050 1049/4789/1049 5203/4854/5203 5202/4853/5202
f 1049/4789/1049 1048/4788/1048 5204/4857/5204 5203/4854/5203
f 1048/4788/1048 1047/4787/1047 5205/4859/5205 5204/4857/5204
f 1047/4787/1047 1046/4786/1046 5206/4861/5206 5205/4859/5205
f 1046/4786/1046 1045/4785/1045 5207/4863/5207 5206/4861/5206
f 1045/4785/1045 1044/4784/1044 5208/4865/5208 5207/4863/5207
f 1044/4784/1044 82/1868/82 1232/4091/1232 5208/4865/5208
f 5208/4865/5208 1232/4091/1232 1231/4106/1231 5215/4866/5215
f 5215/4866/5215 1231/4106/1231 1230/4105/1230 5222/4873/5222
f 5222/4873/5222 1230/4105/1230 1229/4104/1229 5229/4880/5229
f 5229/4880/5229 1229/4104/1229 1228/4103/1228 5236/4887/5236
f 5236/4887/5236 1228/4103/1228 1227/4102/1227 5243/4894/5243
f 5243/4894/5243 1227/4102/1227 1226/4100/1226 5250/4901/5250
f 5250/4901/5250 1226/4100/1226 81/4101/81 1183/4851/1183
f 5249/4900/5249 5250/4901/5250 1183/4851/1183 1182/4850/1182
f 5248/4899/5248 5249/4900/5249 1182/4850/1182 1181/4849/1181
f 5247/4898/5247 5248/4899/5248 1181/4849/1181 1180/4848/1180
f 5246/4897/5246 5247/4898/5247 1180/4848/1180 1179/4847/1179
f 5245/4895/5245 5246/4897/5246 1179/4847/1179 1178/4846/1178
f 5244/4896/5244 5245/4895/5245 1178/4846/1178 1177/4845/1177
f 924/4904/924 5244/4896/5244 1177/4845/1177 61/1666/61
f 923/3981/923 5237/4889/5237 5244/4896/5244 924/4904/924
f 922/4905/922 5230/4882/5230 5237/4889/5237 923/3981/923
f 921/3979/921 5223/4875/5223 5230/4882/5230 922/4905/922
f 920/3978/920 5216/4868/5216 5223/4875/5223 921/3979/921
f 919/3977/919 5209/4856/5209 5216/4868/5216 920/3978/920
f 918/4903/918 5202/4853/5202 5209/4856/5209 919/3977/919
