# Blender 4.2.1 LTS
# www.blender.org
mtllib Wheat.mtl
o Cube.015
v -0.036046 -0.400601 -0.035337
v -0.002742 -0.310579 -0.013764
v -0.036046 -0.391070 -0.070388
v -0.002742 -0.303189 -0.049329
v -0.129179 -0.277238 -0.001067
v -0.076062 -0.194142 0.011870
v -0.129179 -0.268477 -0.048700
v -0.076062 -0.188007 -0.036172
v -0.168387 -0.170727 0.008585
v -0.144064 -0.141678 0.011574
v -0.168387 -0.166664 -0.027511
v -0.144064 -0.138307 -0.024594
v -0.036046 -0.206826 0.004087
v -0.002742 -0.114770 0.013842
v -0.036046 -0.201905 -0.031902
v -0.002742 -0.112039 -0.022380
v -0.129179 -0.080068 0.022123
v -0.076062 0.004004 0.024211
v -0.129179 -0.077538 -0.026243
v -0.076062 0.003877 -0.024221
v -0.168387 0.026798 0.017927
v -0.144064 0.055989 0.017135
v -0.168387 0.026160 -0.018392
v -0.144064 0.054656 -0.019165
v -0.036046 -0.009580 0.018132
v -0.002742 0.082965 0.015906
v -0.036046 -0.009352 -0.018191
v -0.002742 0.080991 -0.020364
v -0.129179 0.118446 0.019632
v -0.076062 0.202082 0.010835
v -0.129179 0.114703 -0.028655
v -0.076062 0.195696 -0.037174
v -0.168387 0.223873 0.001658
v -0.144064 0.252716 -0.002901
v -0.168387 0.218546 -0.034274
v -0.144064 0.246703 -0.038724
v -0.036046 0.187826 0.006563
v -0.002742 0.279307 -0.007606
v -0.036046 0.183357 -0.029485
v -0.002742 0.272661 -0.043317
v -0.129179 0.314973 -0.008498
v -0.076062 0.396770 -0.028032
v -0.129179 0.305019 -0.055896
v -0.076062 0.384232 -0.074813
v -0.168387 0.417191 -0.039949
v -0.144064 0.445204 -0.048198
v -0.168387 0.407265 -0.074890
v -0.144064 0.434610 -0.082943
v 0.000075 0.519583 -0.107907
v 0.005675 0.519970 -0.106862
v 0.010422 0.521073 -0.103888
v 0.013594 0.522725 -0.099437
v 0.014708 0.524672 -0.094187
v 0.013594 0.526620 -0.088937
v 0.010422 0.528271 -0.084486
v 0.005675 0.529375 -0.081512
v 0.000075 0.529762 -0.080468
v -0.005525 0.529375 -0.081512
v -0.010272 0.528271 -0.084486
v -0.013444 0.526620 -0.088937
v -0.014558 0.524672 -0.094187
v -0.013444 0.522725 -0.099437
v -0.010272 0.521073 -0.103888
v -0.005525 0.519970 -0.106862
v 0.000075 -0.028657 -0.030697
v 0.000075 0.195236 -0.038518
v 0.000075 0.316734 -0.055931
v 0.000075 0.405432 -0.075322
v 0.000075 0.472217 -0.094197
v 0.006750 0.472637 -0.092938
v 0.007375 0.405828 -0.073924
v 0.008417 0.317088 -0.054310
v 0.009875 0.195492 -0.036586
v 0.011716 -0.028702 -0.028381
v 0.012409 0.473835 -0.089351
v 0.013564 0.406953 -0.069945
v 0.015489 0.318095 -0.049693
v 0.018183 0.196223 -0.031083
v 0.021584 -0.028830 -0.021789
v 0.016190 0.475627 -0.083983
v 0.017699 0.408638 -0.063990
v 0.020214 0.319601 -0.042783
v 0.023735 0.197317 -0.022847
v 0.028178 -0.029021 -0.011922
v 0.017518 0.477741 -0.077652
v 0.019151 0.410625 -0.056965
v 0.021873 0.321379 -0.034633
v 0.025684 0.198608 -0.013132
v 0.030494 -0.029247 -0.000284
v 0.016190 0.479855 -0.071320
v 0.017699 0.412613 -0.049941
v 0.020214 0.323156 -0.026483
v 0.023735 0.199898 -0.003417
v 0.028178 -0.029472 0.011355
v 0.012409 0.481648 -0.065952
v 0.013564 0.414297 -0.043986
v 0.015489 0.324663 -0.019573
v 0.018183 0.200992 0.004819
v 0.021584 -0.029664 0.021222
v 0.006750 0.482845 -0.062366
v 0.007375 0.415423 -0.040007
v 0.008417 0.325669 -0.014956
v 0.009875 0.201723 0.010322
v 0.011716 -0.029792 0.027814
v 0.000075 0.483266 -0.061106
v 0.000075 0.415818 -0.038609
v 0.000075 0.326023 -0.013335
v 0.000075 0.201979 0.012255
v 0.000075 -0.029837 0.030129
v -0.006600 0.482845 -0.062366
v -0.007225 0.415423 -0.040007
v -0.008267 0.325669 -0.014956
v -0.009725 0.201723 0.010322
v -0.011566 -0.029792 0.027814
v -0.012259 0.481648 -0.065952
v -0.013414 0.414297 -0.043986
v -0.015339 0.324663 -0.019573
v -0.018034 0.200992 0.004819
v -0.021434 -0.029664 0.021222
v -0.016041 0.479855 -0.071320
v -0.017550 0.412613 -0.049941
v -0.020064 0.323156 -0.026483
v -0.023585 0.199898 -0.003417
v -0.028028 -0.029472 0.011355
v -0.017368 0.477741 -0.077652
v -0.019002 0.410625 -0.056965
v -0.021724 0.321379 -0.034633
v -0.025535 0.198608 -0.013132
v -0.030344 -0.029247 -0.000284
v -0.016041 0.475627 -0.083983
v -0.017550 0.408638 -0.063990
v -0.020064 0.319601 -0.042783
v -0.023585 0.197317 -0.022847
v -0.028028 -0.029021 -0.011922
v -0.012259 0.473835 -0.089351
v -0.013414 0.406953 -0.069945
v -0.015339 0.318095 -0.049693
v -0.018034 0.196223 -0.031083
v -0.021434 -0.028830 -0.021789
v -0.006600 0.472637 -0.092938
v -0.007225 0.405828 -0.073924
v -0.008267 0.317088 -0.054310
v -0.009725 0.195492 -0.036586
v -0.011566 -0.028702 -0.028381
v 0.000075 -0.543251 -0.117913
v 0.000075 -0.429742 -0.098694
v 0.000075 -0.538661 -0.124964
v 0.000075 -0.532562 -0.129217
v 0.000075 -0.525341 -0.130761
v 0.006030 -0.543682 -0.116809
v 0.013334 -0.430511 -0.096171
v 0.009182 -0.539318 -0.123276
v 0.011544 -0.533383 -0.127089
v 0.013085 -0.526263 -0.128343
v 0.011078 -0.544910 -0.113667
v 0.024575 -0.432701 -0.088987
v 0.016903 -0.541190 -0.118469
v 0.021266 -0.535724 -0.121029
v 0.024114 -0.528889 -0.121457
v 0.014451 -0.546747 -0.108965
v 0.032086 -0.435979 -0.078234
v 0.022062 -0.543991 -0.111274
v 0.027763 -0.539226 -0.111959
v 0.031484 -0.532819 -0.111151
v 0.015636 -0.548914 -0.103419
v 0.034723 -0.439845 -0.065551
v 0.023873 -0.547296 -0.102787
v 0.030044 -0.543357 -0.101260
v 0.034072 -0.537454 -0.098995
v 0.014451 -0.551081 -0.097872
v 0.032086 -0.443711 -0.052868
v 0.022062 -0.550600 -0.094301
v 0.027763 -0.547488 -0.090561
v 0.031484 -0.542090 -0.086839
v 0.011078 -0.552918 -0.093170
v 0.024575 -0.446989 -0.042116
v 0.016903 -0.553401 -0.087106
v 0.021266 -0.550990 -0.081491
v 0.024114 -0.546019 -0.076533
v 0.006030 -0.554146 -0.090028
v 0.013334 -0.449179 -0.034931
v 0.009182 -0.555273 -0.082299
v 0.011544 -0.553330 -0.075431
v 0.013085 -0.548645 -0.069647
v 0.000075 -0.554577 -0.088924
v 0.000075 -0.449948 -0.032408
v 0.000075 -0.555930 -0.080610
v 0.000075 -0.554152 -0.073303
v 0.000075 -0.549567 -0.067229
v -0.005880 -0.554146 -0.090028
v -0.013185 -0.449179 -0.034931
v -0.009032 -0.555273 -0.082299
v -0.011394 -0.553330 -0.075431
v -0.012935 -0.548645 -0.069647
v -0.010928 -0.552918 -0.093170
v -0.024425 -0.446989 -0.042116
v -0.016753 -0.553401 -0.087106
v -0.021116 -0.550990 -0.081491
v -0.023965 -0.546019 -0.076533
v -0.014302 -0.551081 -0.097872
v -0.031936 -0.443711 -0.052868
v -0.021912 -0.550600 -0.094301
v -0.027613 -0.547488 -0.090561
v -0.031334 -0.542090 -0.086839
v -0.015486 -0.548914 -0.103419
v -0.034574 -0.439845 -0.065551
v -0.023724 -0.547296 -0.102787
v -0.029894 -0.543357 -0.101260
v -0.033922 -0.537454 -0.098995
v -0.014302 -0.546747 -0.108965
v -0.031936 -0.435979 -0.078234
v -0.021912 -0.543991 -0.111274
v -0.027613 -0.539226 -0.111959
v -0.031334 -0.532819 -0.111151
v -0.010928 -0.544910 -0.113667
v -0.024425 -0.432701 -0.088987
v -0.016753 -0.541190 -0.118469
v -0.021116 -0.535724 -0.121029
v -0.023965 -0.528889 -0.121457
v -0.005880 -0.543682 -0.116809
v -0.013185 -0.430511 -0.096171
v -0.009032 -0.539318 -0.123276
v -0.011394 -0.533383 -0.127089
v -0.012935 -0.526263 -0.128343
v 0.000075 0.533652 -0.097551
v 0.000075 -0.549150 -0.103511
v 0.041318 0.379335 -0.028849
v -0.042300 0.379358 -0.028761
v 0.041318 0.369896 -0.065666
v -0.042300 0.369874 -0.065754
v 0.016896 0.593264 -0.102952
v -0.022751 0.593297 -0.102873
v 0.016896 0.579942 -0.134512
v -0.022751 0.579909 -0.134591
v 0.043667 0.501833 -0.060435
v -0.047085 0.501890 -0.060270
v 0.043667 0.486076 -0.105900
v -0.047085 0.486018 -0.106066
v 0.036195 -0.362860 -0.025589
v 0.002891 -0.272316 -0.006322
v 0.036195 -0.354226 -0.060872
v 0.002891 -0.265836 -0.042064
v 0.129329 -0.238662 0.005520
v 0.076212 -0.155262 0.016332
v 0.129329 -0.231120 -0.042321
v 0.076212 -0.150356 -0.031851
v 0.168537 -0.131939 0.012450
v 0.144214 -0.102824 0.014695
v 0.168537 -0.128799 -0.023738
v 0.144214 -0.100377 -0.021546
v 0.036195 -0.168141 0.008874
v 0.002891 -0.075866 0.016276
v 0.036195 -0.164140 -0.027229
v 0.002891 -0.074061 -0.020003
v 0.129329 -0.040964 0.023669
v 0.076212 0.043134 0.023609
v 0.129329 -0.039669 -0.024746
v 0.076212 0.041771 -0.024804
v 0.168537 0.065760 0.016745
v 0.144214 0.094921 0.015208
v 0.168537 0.064195 -0.019545
v 0.144214 0.092662 -0.021046
v 0.036195 0.029399 0.017879
v 0.002891 0.121857 0.013291
v 0.036195 0.028699 -0.018438
v 0.002891 0.118957 -0.022917
v 0.129329 0.157422 0.016110
v 0.076212 0.240806 0.005181
v 0.129329 0.152447 -0.032066
v 0.076212 0.233196 -0.042650
v 0.168537 0.262355 -0.004550
v 0.144214 0.291073 -0.009844
v 0.168537 0.256112 -0.040334
v 0.144214 0.284147 -0.045501
v 0.036195 0.226446 0.001274
v 0.002891 0.317535 -0.015227
v 0.036195 0.221058 -0.034648
v 0.002891 0.309979 -0.050756
v 0.129329 0.353166 -0.017028
v 0.076212 0.434438 -0.038645
v 0.129329 0.342006 -0.064157
v 0.076212 0.420709 -0.085090
v 0.168537 0.454548 -0.051079
v 0.144214 0.482341 -0.060040
v 0.168537 0.443733 -0.085756
v 0.144214 0.470864 -0.094504
v -0.033282 -0.406720 -0.067060
v -0.031849 -0.416638 -0.058680
v -0.033282 -0.412573 -0.046318
v -0.024538 -0.389878 -0.029723
v -0.012449 -0.366705 -0.022436
v -0.005004 -0.336081 -0.016576
v 0.003740 -0.308290 -0.020833
v 0.006951 -0.305643 -0.031289
v 0.003740 -0.303917 -0.041936
v -0.005004 -0.326934 -0.057181
v -0.012449 -0.356095 -0.065430
v -0.024538 -0.379267 -0.069970
v -0.104683 -0.309745 -0.056764
v -0.077704 -0.348269 -0.064588
v -0.052919 -0.376729 -0.069437
v -0.012279 -0.279050 -0.047350
v -0.029526 -0.247317 -0.043915
v -0.051877 -0.215800 -0.039857
v -0.088097 -0.205350 -0.045367
v -0.102621 -0.226931 -0.050857
v -0.117145 -0.249159 -0.052188
v -0.136649 -0.286794 -0.014027
v -0.139138 -0.288108 -0.027769
v -0.136649 -0.281802 -0.040039
v -0.068593 -0.177946 -0.023870
v -0.066103 -0.175669 -0.010264
v -0.068593 -0.181098 0.002428
v -0.088097 -0.213975 0.016084
v -0.102621 -0.237176 0.014945
v -0.117145 -0.259624 0.008977
v -0.052919 -0.387336 -0.028921
v -0.077704 -0.359139 -0.019522
v -0.104683 -0.319798 -0.009652
v -0.051877 -0.222804 0.007804
v -0.029526 -0.255036 0.001796
v -0.012279 -0.286907 -0.006212
v -0.151210 -0.141132 -0.027521
v -0.159276 -0.147719 -0.029501
v -0.165301 -0.157489 -0.029171
v -0.171330 -0.167898 0.001469
v -0.172740 -0.165619 -0.009120
v -0.171330 -0.165516 -0.019950
v -0.145182 -0.135108 -0.016882
v -0.145811 -0.134205 -0.005982
v -0.145182 -0.137053 0.004581
v -0.151210 -0.145081 0.013914
v -0.159276 -0.152121 0.014564
v -0.165301 -0.161895 0.012218
v -0.147412 -0.239166 0.005309
v -0.159344 -0.207976 0.008993
v -0.165934 -0.184652 0.009753
v -0.134385 -0.146175 0.013939
v -0.118785 -0.156015 0.015212
v -0.098927 -0.171825 0.014424
v -0.147412 -0.231648 -0.042273
v -0.159344 -0.201681 -0.036936
v -0.165934 -0.179596 -0.031823
v -0.134385 -0.142172 -0.027751
v -0.118785 -0.151293 -0.030905
v -0.098927 -0.166424 -0.033445
v -0.033282 -0.216994 -0.026579
v -0.031849 -0.225745 -0.016988
v -0.033282 -0.220117 -0.005255
v -0.024538 -0.195467 0.008268
v -0.012449 -0.171546 0.012498
v -0.005004 -0.140422 0.014351
v 0.003740 -0.113414 0.006536
v 0.006951 -0.112141 -0.004174
v 0.003740 -0.111805 -0.014955
v -0.005004 -0.136600 -0.027096
v -0.012449 -0.166583 -0.031507
v -0.024538 -0.190147 -0.033013
v -0.104683 -0.119502 -0.028905
v -0.077704 -0.158714 -0.031683
v -0.052919 -0.187561 -0.032813
v -0.012279 -0.087847 -0.023537
v -0.029526 -0.055936 -0.024233
v -0.051877 -0.024159 -0.024283
v -0.088097 -0.014509 -0.031098
v -0.102621 -0.036619 -0.033752
v -0.117145 -0.058832 -0.032199
v -0.136649 -0.091219 0.010507
v -0.139138 -0.094298 -0.002950
v -0.136649 -0.089631 -0.015932
v -0.068593 0.015444 -0.013323
v -0.066103 0.019461 -0.000126
v -0.068593 0.015718 0.013162
v -0.088097 -0.015119 0.030953
v -0.102621 -0.038272 0.032822
v -0.117145 -0.061304 0.029806
v -0.052919 -0.192842 0.008734
v -0.077704 -0.163667 0.014409
v -0.104683 -0.123380 0.019112
v -0.051877 -0.024943 0.023883
v -0.029526 -0.057682 0.022092
v -0.012279 -0.090321 0.018271
v -0.151210 0.051477 -0.021702
v -0.159276 0.044689 -0.022814
v -0.165301 0.035044 -0.021224
v -0.171330 0.028683 0.010505
v -0.172740 0.029574 -0.000290
v -0.171330 0.028276 -0.011042
v -0.145182 0.058825 -0.011931
v -0.145811 0.061131 -0.001239
v -0.145182 0.059672 0.009603
v -0.151210 0.052917 0.019895
v -0.159276 0.046021 0.021450
v -0.165301 0.036024 0.020387
v -0.147412 -0.041491 0.023525
v -0.159344 -0.010087 0.023146
v -0.165934 0.013140 0.020884
v -0.134385 0.051836 0.020062
v -0.118785 0.042243 0.022596
v -0.098927 0.026463 0.023858
v -0.147412 -0.040186 -0.024631
v -0.159344 -0.009781 -0.023211
v -0.165934 0.012780 -0.020996
v -0.134385 0.050416 -0.021795
v -0.118785 0.040964 -0.023744
v -0.098927 0.025631 -0.024308
v -0.033282 -0.023627 -0.010962
v -0.031849 -0.031065 -0.000320
v -0.033282 -0.023967 0.010586
v -0.024538 0.002224 0.020810
v -0.012449 0.026491 0.021913
v -0.005004 0.057594 0.019726
v 0.003740 0.083365 0.008487
v 0.006951 0.083243 -0.002299
v 0.003740 0.082182 -0.013032
v -0.005004 0.056026 -0.021867
v -0.012449 0.025725 -0.022365
v -0.024538 0.002164 -0.020813
v -0.104683 0.072747 -0.025870
v -0.077704 0.033505 -0.023557
v -0.052919 0.004753 -0.020948
v -0.012279 0.104830 -0.024639
v -0.029526 0.136383 -0.029454
v -0.051877 0.167887 -0.033611
v -0.088097 0.176575 -0.041617
v -0.102621 0.154308 -0.041390
v -0.117145 0.132481 -0.036979
v -0.136649 0.105887 0.009555
v -0.139138 0.101094 -0.003391
v -0.136649 0.104044 -0.016867
v -0.068593 0.208575 -0.027862
v -0.066103 0.214264 -0.015295
v -0.068593 0.212270 -0.001635
v -0.088097 0.183992 0.019992
v -0.102621 0.161274 0.024839
v -0.117145 0.138046 0.024825
v -0.052919 0.004887 0.020933
v -0.077704 0.034551 0.022789
v -0.104683 0.075108 0.022245
v -0.051877 0.173335 0.014252
v -0.029526 0.140640 0.016708
v -0.012279 0.107781 0.017138
v -0.151210 0.243222 -0.040829
v -0.159276 0.236348 -0.041054
v -0.165301 0.226989 -0.038231
v -0.171330 0.224782 -0.005946
v -0.172740 0.224271 -0.016765
v -0.171330 0.221594 -0.027260
v -0.145182 0.251772 -0.032090
v -0.145811 0.255440 -0.021785
v -0.145182 0.255395 -0.010845
v -0.151210 0.250027 0.000234
v -0.159276 0.243390 0.002667
v -0.165301 0.233340 0.002904
v -0.147412 0.156881 0.016036
v -0.159344 0.187972 0.011601
v -0.165934 0.210712 0.006356
v -0.134385 0.248977 0.000539
v -0.118785 0.239792 0.004292
v -0.098927 0.224308 0.007582
v -0.147412 0.151950 -0.031884
v -0.159344 0.182283 -0.034407
v -0.165934 0.204941 -0.035127
v -0.134385 0.242158 -0.040784
v -0.118785 0.232534 -0.041495
v -0.098927 0.217257 -0.040072
v -0.033282 0.170137 -0.020471
v -0.031849 0.164137 -0.008957
v -0.033282 0.172585 0.000941
v -0.024538 0.199878 0.007693
v -0.012449 0.224084 0.005650
v -0.005004 0.254643 -0.000539
v 0.003740 0.278745 -0.015015
v 0.006951 0.277230 -0.025694
v 0.003740 0.274790 -0.036200
v -0.005004 0.247712 -0.041580
v -0.012449 0.217600 -0.038157
v -0.024538 0.194438 -0.033573
v -0.104683 0.263775 -0.047711
v -0.077704 0.225161 -0.040345
v -0.052919 0.196988 -0.034042
v -0.012279 0.295748 -0.050638
v -0.029526 0.326414 -0.059491
v -0.051877 0.357116 -0.067685
v -0.088097 0.364697 -0.076747
v -0.102621 0.342646 -0.073644
v -0.117145 0.321573 -0.066448
v -0.136649 0.301216 -0.016867
v -0.139138 0.294790 -0.029085
v -0.136649 0.295973 -0.042830
v -0.068593 0.398206 -0.067244
v -0.066103 0.405472 -0.055517
v -0.068593 0.405260 -0.041714
v -0.088097 0.380015 -0.016613
v -0.102621 0.358114 -0.008871
v -0.117145 0.335079 -0.005882
v -0.052919 0.202534 0.007471
v -0.077704 0.232189 0.005477
v -0.104683 0.272336 -0.000305
v -0.051877 0.368706 -0.020928
v -0.029526 0.336603 -0.014266
v -0.012279 0.304075 -0.009592
v -0.151210 0.430887 -0.084580
v -0.159276 0.424041 -0.083915
v -0.165301 0.415125 -0.079906
v -0.171330 0.417111 -0.047606
v -0.172740 0.415205 -0.058269
v -0.171330 0.411194 -0.068329
v -0.145182 0.440494 -0.077020
v -0.145811 0.445463 -0.067276
v -0.145182 0.446833 -0.056422
v -0.151210 0.442942 -0.044742
v -0.159276 0.436675 -0.041471
v -0.165301 0.426740 -0.039937
v -0.147412 0.352620 -0.017032
v -0.159344 0.382877 -0.025449
v -0.165934 0.404748 -0.033589
v -0.134385 0.441940 -0.044304
v -0.118785 0.433317 -0.039395
v -0.098927 0.418388 -0.034130
v -0.147412 0.341536 -0.063913
v -0.159344 0.371289 -0.070335
v -0.165934 0.393664 -0.073978
v -0.134385 0.429837 -0.084399
v -0.118785 0.420202 -0.083859
v -0.098927 0.405237 -0.080473
v 0.004327 0.519773 -0.107393
v 0.002961 0.519625 -0.107791
v 0.001536 0.519580 -0.107914
v 0.000075 0.486610 -0.098795
v 0.000075 0.499695 -0.102937
v 0.000075 0.510879 -0.106139
v 0.009394 0.520712 -0.104862
v 0.008294 0.520394 -0.105720
v 0.007028 0.520162 -0.106345
v 0.013042 0.522254 -0.100706
v 0.012376 0.521813 -0.101893
v 0.011461 0.521431 -0.102925
v 0.014716 0.524164 -0.095557
v 0.014585 0.523668 -0.096893
v 0.014160 0.523193 -0.098174
v 0.014160 0.526151 -0.090200
v 0.014585 0.525676 -0.091481
v 0.014716 0.525181 -0.092817
v 0.011461 0.527914 -0.085450
v 0.012376 0.527531 -0.086481
v 0.013042 0.527091 -0.087668
v 0.007028 0.529182 -0.082030
v 0.008294 0.528951 -0.082655
v 0.009394 0.528633 -0.083512
v 0.001536 0.529765 -0.080461
v 0.002961 0.529719 -0.080584
v 0.004327 0.529572 -0.080981
v -0.004178 0.529571 -0.080981
v -0.002811 0.529719 -0.080584
v -0.001387 0.529765 -0.080461
v -0.009244 0.528633 -0.083512
v -0.008144 0.528951 -0.082655
v -0.006878 0.529182 -0.082030
v -0.012892 0.527091 -0.087668
v -0.012226 0.527531 -0.086481
v -0.011311 0.527914 -0.085450
v -0.014566 0.525181 -0.092817
v -0.014435 0.525676 -0.091481
v -0.014011 0.526151 -0.090200
v -0.014011 0.523193 -0.098174
v -0.014435 0.523668 -0.096893
v -0.014566 0.524164 -0.095557
v -0.011311 0.521431 -0.102925
v -0.012226 0.521813 -0.101893
v -0.012892 0.522254 -0.100706
v -0.006878 0.520162 -0.106345
v -0.008144 0.520394 -0.105720
v -0.009244 0.520712 -0.104862
v -0.001387 0.519580 -0.107914
v -0.002811 0.519625 -0.107791
v -0.004178 0.519773 -0.107393
v 0.000075 0.051274 -0.030033
v 0.000075 0.111463 -0.032114
v 0.000075 0.157551 -0.035131
v 0.000075 0.229281 -0.042375
v 0.000075 0.260767 -0.046645
v 0.000075 0.289862 -0.051198
v 0.000075 0.341556 -0.060763
v 0.000075 0.364499 -0.065631
v 0.000075 0.385734 -0.070494
v 0.000075 0.423762 -0.080102
v 0.000075 0.440892 -0.084833
v 0.000075 0.456989 -0.089525
v 0.006189 0.511296 -0.104996
v 0.006485 0.500122 -0.101735
v 0.006645 0.487037 -0.097560
v 0.006867 0.457403 -0.088239
v 0.007011 0.441301 -0.083515
v 0.007180 0.424164 -0.078747
v 0.007596 0.386122 -0.069048
v 0.007844 0.364878 -0.064133
v 0.008117 0.341924 -0.059206
v 0.008742 0.290198 -0.049507
v 0.009094 0.261082 -0.044878
v 0.009471 0.229569 -0.040528
v 0.010304 0.157767 -0.033108
v 0.010756 0.111622 -0.029995
v 0.011228 0.051351 -0.027816
v 0.011372 0.512481 -0.101742
v 0.011920 0.501338 -0.098314
v 0.012216 0.488251 -0.094042
v 0.012626 0.458583 -0.084577
v 0.012890 0.442463 -0.079762
v 0.013203 0.425309 -0.074889
v 0.013973 0.387226 -0.064933
v 0.014430 0.365956 -0.059866
v 0.014935 0.342970 -0.054772
v 0.016090 0.291156 -0.044691
v 0.016740 0.261979 -0.039849
v 0.017438 0.230392 -0.035270
v 0.018976 0.158383 -0.027346
v 0.019811 0.112078 -0.023962
v 0.020683 0.051570 -0.021502
v 0.014836 0.514256 -0.096872
v 0.015551 0.503159 -0.093193
v 0.015938 0.490069 -0.088776
v 0.016473 0.460348 -0.079096
v 0.016819 0.444202 -0.074146
v 0.017228 0.427022 -0.069114
v 0.018234 0.388878 -0.058775
v 0.018831 0.367569 -0.053481
v 0.019491 0.344535 -0.048136
v 0.021000 0.292589 -0.037485
v 0.021849 0.263322 -0.032322
v 0.022760 0.231623 -0.027399
v 0.024771 0.159305 -0.018723
v 0.025862 0.112760 -0.014932
v 0.027000 0.051897 -0.012053
v 0.016052 0.516348 -0.091127
v 0.016827 0.505306 -0.087153
v 0.017245 0.492213 -0.082566
v 0.017824 0.462430 -0.072630
v 0.018199 0.446254 -0.067521
v 0.018641 0.429043 -0.062303
v 0.019730 0.390827 -0.051510
v 0.020376 0.369472 -0.045948
v 0.021091 0.346382 -0.040308
v 0.022724 0.294280 -0.028984
v 0.023643 0.264906 -0.023443
v 0.024629 0.233075 -0.018115
v 0.026806 0.160393 -0.008552
v 0.027987 0.113564 -0.004281
v 0.029219 0.052284 -0.000906
v 0.014836 0.518441 -0.085382
v 0.015551 0.507454 -0.081113
v 0.015938 0.494357 -0.076355
v 0.016473 0.464513 -0.066165
v 0.016819 0.448306 -0.060895
v 0.017228 0.431064 -0.055491
v 0.018234 0.392776 -0.044245
v 0.018831 0.371375 -0.038416
v 0.019491 0.348229 -0.032481
v 0.021000 0.295971 -0.020483
v 0.021849 0.266490 -0.014564
v 0.022760 0.234527 -0.008832
v 0.024771 0.161481 0.001620
v 0.025862 0.114368 0.006370
v 0.027000 0.052671 0.010240
v 0.011372 0.520216 -0.080512
v 0.011920 0.509274 -0.075992
v 0.012216 0.496175 -0.071089
v 0.012626 0.466278 -0.060684
v 0.012890 0.450045 -0.055279
v 0.013203 0.432777 -0.049717
v 0.013973 0.394428 -0.038086
v 0.014430 0.372988 -0.032030
v 0.014935 0.349795 -0.025845
v 0.016090 0.297405 -0.013276
v 0.016740 0.267832 -0.007037
v 0.017438 0.235757 -0.000961
v 0.018976 0.162403 0.010243
v 0.019811 0.115050 0.015400
v 0.020683 0.052998 0.019689
v 0.006189 0.521401 -0.077258
v 0.006485 0.510491 -0.072570
v 0.006645 0.497389 -0.067571
v 0.006867 0.467457 -0.057021
v 0.007011 0.451208 -0.051526
v 0.007180 0.433922 -0.045858
v 0.007596 0.395532 -0.033971
v 0.007844 0.374066 -0.027764
v 0.008117 0.350841 -0.021411
v 0.008742 0.298362 -0.008461
v 0.009094 0.268730 -0.002007
v 0.009471 0.236580 0.004298
v 0.010304 0.163019 0.016005
v 0.010756 0.115505 0.021433
v 0.011228 0.053217 0.026003
v 0.000075 0.521818 -0.076115
v 0.000075 0.510918 -0.071369
v 0.000075 0.497815 -0.066336
v 0.000075 0.467872 -0.055735
v 0.000075 0.451616 -0.050208
v 0.000075 0.434324 -0.044503
v 0.000075 0.395919 -0.032526
v 0.000075 0.374444 -0.026265
v 0.000075 0.351208 -0.019854
v 0.000075 0.298699 -0.006770
v 0.000075 0.269045 -0.000241
v 0.000075 0.236869 0.006144
v 0.000075 0.163235 0.018028
v 0.000075 0.115665 0.023552
v 0.000075 0.053294 0.028220
v -0.006039 0.521401 -0.077258
v -0.006336 0.510491 -0.072570
v -0.006496 0.497389 -0.067571
v -0.006718 0.467457 -0.057021
v -0.006861 0.451208 -0.051526
v -0.007030 0.433922 -0.045858
v -0.007447 0.395532 -0.033971
v -0.007694 0.374066 -0.027764
v -0.007968 0.350841 -0.021411
v -0.008593 0.298362 -0.008461
v -0.008944 0.268730 -0.002007
v -0.009322 0.236580 0.004298
v -0.010155 0.163019 0.016005
v -0.010607 0.115505 0.021433
v -0.011078 0.053217 0.026003
v -0.011223 0.520216 -0.080512
v -0.011770 0.509274 -0.075992
v -0.012066 0.496175 -0.071089
v -0.012476 0.466278 -0.060684
v -0.012741 0.450045 -0.055279
v -0.013053 0.432777 -0.049717
v -0.013823 0.394428 -0.038086
v -0.014280 0.372988 -0.032030
v -0.014786 0.349795 -0.025845
v -0.015941 0.297405 -0.013276
v -0.016590 0.267832 -0.007037
v -0.017288 0.235757 -0.000961
v -0.018827 0.162403 0.010243
v -0.019662 0.115050 0.015400
v -0.020533 0.052998 0.019689
v -0.014686 0.518441 -0.085382
v -0.015402 0.507454 -0.081113
v -0.015788 0.494357 -0.076355
v -0.016324 0.464513 -0.066165
v -0.016669 0.448306 -0.060895
v -0.017078 0.431064 -0.055491
v -0.018084 0.392776 -0.044245
v -0.018681 0.371375 -0.038416
v -0.019341 0.348229 -0.032481
v -0.020850 0.295971 -0.020483
v -0.021699 0.266490 -0.014564
v -0.022611 0.234527 -0.008832
v -0.024621 0.161481 0.001620
v -0.025712 0.114368 0.006370
v -0.026851 0.052671 0.010240
v -0.015902 0.516348 -0.091127
v -0.016677 0.505306 -0.087153
v -0.017095 0.492213 -0.082566
v -0.017675 0.462430 -0.072630
v -0.018049 0.446254 -0.067521
v -0.018491 0.429043 -0.062303
v -0.019580 0.390827 -0.051510
v -0.020227 0.369472 -0.045948
v -0.020941 0.346382 -0.040308
v -0.022574 0.294280 -0.028984
v -0.023493 0.264906 -0.023443
v -0.024480 0.233075 -0.018115
v -0.026656 0.160393 -0.008552
v -0.027837 0.113564 -0.004281
v -0.029069 0.052284 -0.000906
v -0.014686 0.514256 -0.096872
v -0.015402 0.503159 -0.093193
v -0.015788 0.490069 -0.088776
v -0.016324 0.460348 -0.079096
v -0.016669 0.444202 -0.074146
v -0.017078 0.427022 -0.069114
v -0.018084 0.388878 -0.058775
v -0.018681 0.367569 -0.053481
v -0.019341 0.344535 -0.048136
v -0.020850 0.292589 -0.037485
v -0.021699 0.263322 -0.032322
v -0.022611 0.231623 -0.027399
v -0.024621 0.159305 -0.018723
v -0.025712 0.112760 -0.014932
v -0.026851 0.051897 -0.012053
v -0.011223 0.512481 -0.101742
v -0.011770 0.501338 -0.098314
v -0.012066 0.488251 -0.094042
v -0.012476 0.458583 -0.084577
v -0.012741 0.442463 -0.079762
v -0.013053 0.425309 -0.074889
v -0.013823 0.387226 -0.064933
v -0.014280 0.365956 -0.059866
v -0.014786 0.342970 -0.054772
v -0.015941 0.291156 -0.044691
v -0.016590 0.261979 -0.039849
v -0.017288 0.230392 -0.035270
v -0.018827 0.158383 -0.027346
v -0.019662 0.112078 -0.023962
v -0.020533 0.051570 -0.021502
v -0.006039 0.511296 -0.104996
v -0.006336 0.500122 -0.101735
v -0.006496 0.487037 -0.097560
v -0.006718 0.457403 -0.088239
v -0.006861 0.441301 -0.083515
v -0.007030 0.424164 -0.078747
v -0.007447 0.386122 -0.069048
v -0.007694 0.364878 -0.064133
v -0.007968 0.341924 -0.059206
v -0.008593 0.290198 -0.049507
v -0.008944 0.261082 -0.044878
v -0.009322 0.229569 -0.040528
v -0.010155 0.157767 -0.033108
v -0.010607 0.111623 -0.029995
v -0.011078 0.051351 -0.027816
v -0.008755 -0.028682 -0.029386
v -0.005859 -0.028668 -0.030110
v -0.002906 -0.028660 -0.030549
v -0.007359 0.195381 -0.037424
v -0.004921 0.195301 -0.038029
v -0.002435 0.195252 -0.038395
v -0.006253 0.316934 -0.055013
v -0.004178 0.316824 -0.055520
v -0.002062 0.316757 -0.055828
v -0.005463 0.405656 -0.074530
v -0.003647 0.405532 -0.074968
v -0.001795 0.405458 -0.075233
v -0.004989 0.472455 -0.093484
v -0.003328 0.472323 -0.093878
v -0.001635 0.472243 -0.094117
v -0.019222 -0.028791 -0.023792
v -0.016824 -0.028756 -0.025569
v -0.014264 -0.028727 -0.027105
v -0.016171 0.196001 -0.032755
v -0.014152 0.195804 -0.034239
v -0.011997 0.195634 -0.035520
v -0.013754 0.317789 -0.051096
v -0.012035 0.317517 -0.052341
v -0.010200 0.317283 -0.053416
v -0.012027 0.406611 -0.071154
v -0.010523 0.406308 -0.072227
v -0.008917 0.406046 -0.073154
v -0.010991 0.473471 -0.090441
v -0.009616 0.473148 -0.091408
v -0.008147 0.472869 -0.092243
v -0.026751 -0.028969 -0.014619
v -0.025216 -0.028919 -0.017179
v -0.023438 -0.028873 -0.019577
v -0.022510 0.197018 -0.025098
v -0.021217 0.196734 -0.027235
v -0.019721 0.196469 -0.029236
v -0.019149 0.319189 -0.044672
v -0.018049 0.318799 -0.046465
v -0.016775 0.318432 -0.048144
v -0.016749 0.408177 -0.065618
v -0.015786 0.407740 -0.067163
v -0.014671 0.407331 -0.068610
v -0.015308 0.475137 -0.085451
v -0.014428 0.474672 -0.086843
v -0.013408 0.474237 -0.088148
v -0.030196 -0.029189 -0.003264
v -0.029757 -0.029132 -0.006216
v -0.029033 -0.029076 -0.009112
v -0.025410 0.198277 -0.015620
v -0.025041 0.197950 -0.018084
v -0.024431 0.197629 -0.020501
v -0.021618 0.320923 -0.036720
v -0.021303 0.320473 -0.038788
v -0.020784 0.320030 -0.040815
v -0.018909 0.410116 -0.058764
v -0.018634 0.409612 -0.060546
v -0.018180 0.409118 -0.062294
v -0.017284 0.477200 -0.079273
v -0.017032 0.476664 -0.080879
v -0.016617 0.476138 -0.082455
v -0.029033 -0.029418 0.008545
v -0.029757 -0.029362 0.005649
v -0.030196 -0.029305 0.002697
v -0.024431 0.199586 -0.005763
v -0.025041 0.199265 -0.008180
v -0.025410 0.198938 -0.010644
v -0.020784 0.322727 -0.028451
v -0.021303 0.322285 -0.030478
v -0.021618 0.321834 -0.032546
v -0.018180 0.412133 -0.051637
v -0.018634 0.411638 -0.053385
v -0.018909 0.411134 -0.055166
v -0.016617 0.479345 -0.072849
v -0.017032 0.478819 -0.074424
v -0.017284 0.478283 -0.076030
v -0.023438 -0.029621 0.019010
v -0.025216 -0.029574 0.016612
v -0.026751 -0.029525 0.014052
v -0.019721 0.200747 0.002973
v -0.021217 0.200481 0.000971
v -0.022510 0.200197 -0.001165
v -0.016775 0.324325 -0.021122
v -0.018049 0.323959 -0.022801
v -0.019149 0.323568 -0.024594
v -0.014671 0.413920 -0.045321
v -0.015786 0.413510 -0.046768
v -0.016749 0.413073 -0.048313
v -0.013408 0.481246 -0.067156
v -0.014428 0.480810 -0.068460
v -0.015308 0.480345 -0.069853
v -0.014264 -0.029767 0.026537
v -0.016824 -0.029737 0.025002
v -0.019222 -0.029703 0.023225
v -0.011997 0.201581 0.009256
v -0.014152 0.201411 0.007975
v -0.016171 0.201214 0.006491
v -0.010200 0.325474 -0.015850
v -0.012035 0.325240 -0.016925
v -0.013754 0.324968 -0.018170
v -0.008917 0.415205 -0.040777
v -0.010523 0.414943 -0.041704
v -0.012027 0.414639 -0.042777
v -0.008147 0.482613 -0.063061
v -0.009616 0.482334 -0.063896
v -0.010991 0.482012 -0.064863
v -0.002906 -0.029834 0.029982
v -0.005859 -0.029825 0.029543
v -0.008755 -0.029811 0.028819
v -0.002435 0.201963 0.012131
v -0.004921 0.201914 0.011765
v -0.007359 0.201834 0.011160
v -0.002062 0.326000 -0.013438
v -0.004178 0.325933 -0.013745
v -0.006253 0.325823 -0.014253
v -0.001795 0.415793 -0.038698
v -0.003647 0.415718 -0.038963
v -0.005463 0.415595 -0.039400
v -0.001635 0.483239 -0.061187
v -0.003328 0.483159 -0.061425
v -0.004989 0.483028 -0.061820
v 0.008905 -0.029811 0.028819
v 0.006009 -0.029825 0.029543
v 0.003056 -0.029834 0.029982
v 0.007509 0.201834 0.011160
v 0.005071 0.201914 0.011765
v 0.002585 0.201963 0.012131
v 0.006403 0.325823 -0.014253
v 0.004327 0.325933 -0.013745
v 0.002211 0.326000 -0.013438
v 0.005612 0.415595 -0.039400
v 0.003796 0.415718 -0.038963
v 0.001944 0.415793 -0.038698
v 0.005138 0.483028 -0.061820
v 0.003478 0.483159 -0.061425
v 0.001784 0.483239 -0.061187
v 0.019372 -0.029703 0.023225
v 0.016973 -0.029737 0.025002
v 0.014413 -0.029767 0.026537
v 0.016321 0.201214 0.006491
v 0.014302 0.201411 0.007975
v 0.012146 0.201581 0.009256
v 0.013903 0.324968 -0.018170
v 0.012185 0.325240 -0.016925
v 0.010350 0.325474 -0.015850
v 0.012177 0.414639 -0.042777
v 0.010673 0.414943 -0.041704
v 0.009067 0.415205 -0.040777
v 0.011140 0.482012 -0.064863
v 0.009765 0.482334 -0.063896
v 0.008297 0.482613 -0.063061
v 0.026901 -0.029525 0.014052
v 0.025365 -0.029574 0.016612
v 0.023588 -0.029621 0.019010
v 0.022660 0.200197 -0.001165
v 0.021367 0.200481 0.000971
v 0.019870 0.200747 0.002973
v 0.019299 0.323568 -0.024594
v 0.018199 0.323959 -0.022801
v 0.016925 0.324325 -0.021122
v 0.016898 0.413073 -0.048313
v 0.015935 0.413510 -0.046768
v 0.014821 0.413920 -0.045321
v 0.015458 0.480345 -0.069853
v 0.014577 0.480810 -0.068460
v 0.013558 0.481246 -0.067156
v 0.030346 -0.029305 0.002697
v 0.029907 -0.029362 0.005649
v 0.029183 -0.029418 0.008545
v 0.025560 0.198938 -0.010644
v 0.025191 0.199265 -0.008180
v 0.024581 0.199586 -0.005763
v 0.021768 0.321834 -0.032546
v 0.021453 0.322285 -0.030478
v 0.020934 0.322727 -0.028451
v 0.019059 0.411134 -0.055166
v 0.018784 0.411638 -0.053385
v 0.018329 0.412133 -0.051637
v 0.017434 0.478283 -0.076030
v 0.017182 0.478819 -0.074424
v 0.016766 0.479345 -0.072849
v 0.029183 -0.029076 -0.009112
v 0.029907 -0.029132 -0.006216
v 0.030346 -0.029189 -0.003264
v 0.024581 0.197629 -0.020501
v 0.025191 0.197950 -0.018084
v 0.025560 0.198277 -0.015620
v 0.020934 0.320030 -0.040815
v 0.021453 0.320473 -0.038788
v 0.021768 0.320923 -0.036720
v 0.018329 0.409118 -0.062294
v 0.018784 0.409612 -0.060546
v 0.019059 0.410116 -0.058764
v 0.016766 0.476138 -0.082455
v 0.017182 0.476664 -0.080879
v 0.017434 0.477200 -0.079273
v 0.023588 -0.028873 -0.019577
v 0.025365 -0.028919 -0.017179
v 0.026901 -0.028969 -0.014619
v 0.019870 0.196469 -0.029236
v 0.021367 0.196734 -0.027235
v 0.022660 0.197018 -0.025098
v 0.016925 0.318432 -0.048144
v 0.018199 0.318799 -0.046465
v 0.019299 0.319189 -0.044672
v 0.014821 0.407331 -0.068610
v 0.015935 0.407740 -0.067163
v 0.016898 0.408177 -0.065618
v 0.013558 0.474237 -0.088148
v 0.014577 0.474672 -0.086843
v 0.015458 0.475137 -0.085451
v 0.014413 -0.028727 -0.027105
v 0.016973 -0.028756 -0.025569
v 0.019372 -0.028791 -0.023792
v 0.012146 0.195634 -0.035520
v 0.014302 0.195804 -0.034239
v 0.016321 0.196001 -0.032755
v 0.010350 0.317283 -0.053416
v 0.012185 0.317517 -0.052341
v 0.013903 0.317789 -0.051096
v 0.009067 0.406046 -0.073154
v 0.010673 0.406308 -0.072227
v 0.012177 0.406611 -0.071154
v 0.008297 0.472869 -0.092243
v 0.009765 0.473148 -0.091408
v 0.011140 0.473471 -0.090441
v 0.003056 -0.028660 -0.030549
v 0.006009 -0.028668 -0.030110
v 0.008905 -0.028682 -0.029386
v 0.002585 0.195252 -0.038395
v 0.005071 0.195301 -0.038029
v 0.007509 0.195381 -0.037424
v 0.002211 0.316757 -0.055828
v 0.004327 0.316824 -0.055520
v 0.006403 0.316934 -0.055013
v 0.001944 0.405458 -0.075233
v 0.003796 0.405533 -0.074968
v 0.005612 0.405656 -0.074530
v 0.001784 0.472244 -0.094117
v 0.003478 0.472323 -0.093878
v 0.005138 0.472455 -0.093484
v 0.000075 -0.522123 -0.130160
v 0.000075 -0.510723 -0.126261
v 0.000075 -0.482830 -0.116318
v 0.003471 -0.429791 -0.098533
v 0.006834 -0.429937 -0.098055
v 0.010133 -0.430177 -0.097266
v 0.013456 -0.483702 -0.113804
v 0.013439 -0.511645 -0.123768
v 0.013307 -0.523056 -0.127698
v 0.009944 -0.525863 -0.129392
v 0.006707 -0.525575 -0.130149
v 0.003407 -0.525400 -0.130607
v 0.000075 -0.530821 -0.129873
v 0.000075 -0.529026 -0.130351
v 0.000075 -0.527193 -0.130648
v 0.012792 -0.528097 -0.128286
v 0.012434 -0.529907 -0.128055
v 0.012017 -0.531674 -0.127656
v 0.008774 -0.533027 -0.128013
v 0.005921 -0.532770 -0.128679
v 0.003012 -0.532614 -0.129082
v 0.000075 -0.537296 -0.126253
v 0.000075 -0.535814 -0.127398
v 0.000075 -0.534231 -0.128390
v 0.011018 -0.535017 -0.126360
v 0.010445 -0.536561 -0.125475
v 0.009831 -0.537999 -0.124444
v 0.006983 -0.539033 -0.124009
v 0.004717 -0.538827 -0.124537
v 0.002407 -0.538703 -0.124857
v 0.000075 -0.542158 -0.120057
v 0.000075 -0.541055 -0.121913
v 0.000075 -0.539904 -0.123532
v 0.008499 -0.540512 -0.121970
v 0.007762 -0.541611 -0.120489
v 0.006947 -0.542655 -0.118784
v 0.004597 -0.543466 -0.117364
v 0.003142 -0.543304 -0.117779
v 0.001627 -0.543251 -0.117914
v 0.016407 -0.430935 -0.094780
v 0.019323 -0.431445 -0.093107
v 0.022055 -0.432036 -0.091170
v 0.024799 -0.486186 -0.106643
v 0.024768 -0.514268 -0.116667
v 0.024525 -0.525711 -0.120689
v 0.021642 -0.528091 -0.123550
v 0.018961 -0.527383 -0.125406
v 0.016100 -0.526772 -0.127009
v 0.023572 -0.530672 -0.121558
v 0.022912 -0.532416 -0.121519
v 0.022141 -0.534105 -0.121343
v 0.019086 -0.535012 -0.122870
v 0.016724 -0.534382 -0.124504
v 0.014201 -0.533837 -0.125916
v 0.020294 -0.537255 -0.120579
v 0.019236 -0.538685 -0.119999
v 0.018102 -0.540001 -0.119293
v 0.015172 -0.540621 -0.119930
v 0.013296 -0.540117 -0.121226
v 0.011293 -0.539681 -0.122345
v 0.015640 -0.542245 -0.117525
v 0.014278 -0.543194 -0.116433
v 0.012772 -0.544071 -0.115158
v 0.009982 -0.544510 -0.114691
v 0.008808 -0.544158 -0.115592
v 0.007464 -0.543898 -0.116258
v 0.026857 -0.433436 -0.086576
v 0.028882 -0.434232 -0.083963
v 0.030631 -0.435083 -0.081174
v 0.032379 -0.489903 -0.095925
v 0.032338 -0.518195 -0.106040
v 0.032021 -0.529685 -0.110198
v 0.030057 -0.531744 -0.113969
v 0.028341 -0.530725 -0.116642
v 0.026354 -0.529770 -0.119147
v 0.030776 -0.534524 -0.111489
v 0.029914 -0.536171 -0.111737
v 0.028906 -0.537743 -0.111895
v 0.026504 -0.538268 -0.114438
v 0.024992 -0.537360 -0.116791
v 0.023240 -0.536509 -0.118996
v 0.026493 -0.540604 -0.111928
v 0.025110 -0.541865 -0.111803
v 0.023629 -0.542998 -0.111584
v 0.021063 -0.543225 -0.113241
v 0.019861 -0.542499 -0.115107
v 0.018471 -0.541818 -0.116856
v 0.020412 -0.544839 -0.110871
v 0.018632 -0.545563 -0.110362
v 0.016665 -0.546190 -0.109732
v 0.013859 -0.546225 -0.110301
v 0.013145 -0.545736 -0.111553
v 0.012177 -0.545309 -0.112647
v 0.033230 -0.436912 -0.075172
v 0.034055 -0.437874 -0.072017
v 0.034555 -0.438855 -0.068799
v 0.035040 -0.494288 -0.083283
v 0.034996 -0.522827 -0.093504
v 0.034653 -0.534373 -0.097824
v 0.033907 -0.536267 -0.102108
v 0.033417 -0.535091 -0.105192
v 0.032607 -0.533938 -0.108216
v 0.033305 -0.539069 -0.099612
v 0.032372 -0.540600 -0.100199
v 0.031282 -0.542034 -0.100750
v 0.029899 -0.542299 -0.104000
v 0.029466 -0.541251 -0.106714
v 0.028752 -0.540223 -0.109376
v 0.028670 -0.544554 -0.101723
v 0.027173 -0.545616 -0.102135
v 0.025569 -0.546533 -0.102491
v 0.023758 -0.546449 -0.104961
v 0.023415 -0.545611 -0.107114
v 0.022848 -0.544789 -0.109225
v 0.022087 -0.547899 -0.103023
v 0.020161 -0.548357 -0.103201
v 0.018032 -0.548689 -0.103331
v 0.015638 -0.548349 -0.104864
v 0.015492 -0.547798 -0.106275
v 0.015047 -0.547269 -0.107630
v 0.034555 -0.440835 -0.062303
v 0.034055 -0.441816 -0.059086
v 0.033230 -0.442778 -0.055931
v 0.032379 -0.498672 -0.070641
v 0.032338 -0.527459 -0.080969
v 0.032021 -0.539060 -0.085450
v 0.032607 -0.540970 -0.089774
v 0.033417 -0.539817 -0.092798
v 0.033907 -0.538641 -0.095882
v 0.030776 -0.543613 -0.087735
v 0.029914 -0.545030 -0.088660
v 0.028906 -0.546326 -0.089606
v 0.028752 -0.546490 -0.093145
v 0.029466 -0.545463 -0.095806
v 0.029899 -0.544415 -0.098520
v 0.026493 -0.548505 -0.091518
v 0.025110 -0.549367 -0.092467
v 0.023629 -0.550068 -0.093397
v 0.022848 -0.549802 -0.096350
v 0.023415 -0.548980 -0.098461
v 0.023758 -0.548142 -0.100614
v 0.020412 -0.550959 -0.095174
v 0.018632 -0.551151 -0.096040
v 0.016665 -0.551189 -0.096930
v 0.015047 -0.550559 -0.099207
v 0.015492 -0.550030 -0.100562
v 0.015638 -0.549479 -0.101973
v 0.030631 -0.444607 -0.049929
v 0.028882 -0.445458 -0.047139
v 0.026857 -0.446254 -0.044526
v 0.024799 -0.502389 -0.059924
v 0.024768 -0.531386 -0.070342
v 0.024525 -0.543034 -0.074959
v 0.026354 -0.545138 -0.078844
v 0.028341 -0.544183 -0.081348
v 0.030057 -0.543164 -0.084022
v 0.023572 -0.547466 -0.077666
v 0.022912 -0.548785 -0.078878
v 0.022141 -0.549964 -0.080158
v 0.023240 -0.550205 -0.083525
v 0.024992 -0.549354 -0.085729
v 0.026504 -0.548446 -0.088082
v 0.020294 -0.551854 -0.082867
v 0.019236 -0.552547 -0.084271
v 0.018102 -0.553065 -0.085688
v 0.018471 -0.552773 -0.088719
v 0.019861 -0.552092 -0.090467
v 0.021063 -0.551366 -0.092334
v 0.015640 -0.553553 -0.088520
v 0.014278 -0.553520 -0.089970
v 0.012772 -0.553308 -0.091503
v 0.012177 -0.552519 -0.094191
v 0.013145 -0.552092 -0.095284
v 0.013859 -0.551603 -0.096536
v 0.022055 -0.447654 -0.039933
v 0.019323 -0.448245 -0.037996
v 0.016407 -0.448755 -0.036323
v 0.013456 -0.504873 -0.052763
v 0.013439 -0.534010 -0.063241
v 0.013307 -0.545690 -0.067950
v 0.016100 -0.548137 -0.070981
v 0.018961 -0.547525 -0.072584
v 0.021642 -0.546817 -0.074441
v 0.012792 -0.550040 -0.070938
v 0.012434 -0.551294 -0.072342
v 0.012017 -0.552395 -0.073845
v 0.014201 -0.552877 -0.076605
v 0.016724 -0.552332 -0.078016
v 0.019086 -0.551701 -0.079650
v 0.011018 -0.554091 -0.077086
v 0.010445 -0.554672 -0.078794
v 0.009831 -0.555067 -0.080537
v 0.011293 -0.554910 -0.083230
v 0.013296 -0.554475 -0.084349
v 0.015172 -0.553970 -0.085645
v 0.008499 -0.555286 -0.084075
v 0.007762 -0.555103 -0.085914
v 0.006947 -0.554724 -0.087877
v 0.007464 -0.553930 -0.090579
v 0.008808 -0.553670 -0.091245
v 0.009982 -0.553318 -0.092146
v 0.010133 -0.449513 -0.033837
v 0.006834 -0.449753 -0.033047
v 0.003471 -0.449899 -0.032569
v 0.000075 -0.505745 -0.050248
v 0.000075 -0.534931 -0.060747
v 0.000075 -0.546622 -0.065488
v 0.003407 -0.549509 -0.067383
v 0.006707 -0.549334 -0.067842
v 0.009944 -0.549045 -0.068598
v 0.000075 -0.550944 -0.068576
v 0.000075 -0.552175 -0.070047
v 0.000075 -0.553248 -0.071628
v 0.003012 -0.554100 -0.073439
v 0.005921 -0.553944 -0.073842
v 0.008774 -0.553687 -0.074508
v 0.000075 -0.554877 -0.075057
v 0.000075 -0.555418 -0.076871
v 0.000075 -0.555770 -0.078728
v 0.002407 -0.555888 -0.080718
v 0.004717 -0.555764 -0.081038
v 0.006983 -0.555558 -0.081566
v 0.000075 -0.555894 -0.082513
v 0.000075 -0.555659 -0.084489
v 0.000075 -0.555221 -0.086604
v 0.001627 -0.554577 -0.088923
v 0.003142 -0.554524 -0.089058
v 0.004597 -0.554362 -0.089473
v -0.003321 -0.449899 -0.032569
v -0.006684 -0.449753 -0.033047
v -0.009983 -0.449513 -0.033837
v -0.013306 -0.504873 -0.052763
v -0.013289 -0.534010 -0.063241
v -0.013158 -0.545690 -0.067950
v -0.009794 -0.549045 -0.068598
v -0.006557 -0.549334 -0.067842
v -0.003257 -0.549509 -0.067383
v -0.012642 -0.550040 -0.070938
v -0.012285 -0.551294 -0.072342
v -0.011867 -0.552395 -0.073845
v -0.008625 -0.553687 -0.074508
v -0.005771 -0.553944 -0.073842
v -0.002862 -0.554100 -0.073439
v -0.010868 -0.554091 -0.077086
v -0.010295 -0.554672 -0.078794
v -0.009682 -0.555067 -0.080537
v -0.006833 -0.555558 -0.081566
v -0.004568 -0.555764 -0.081038
v -0.002258 -0.555888 -0.080718
v -0.008349 -0.555286 -0.084075
v -0.007612 -0.555103 -0.085914
v -0.006797 -0.554724 -0.087877
v -0.004447 -0.554362 -0.089473
v -0.002992 -0.554524 -0.089058
v -0.001477 -0.554577 -0.088923
v -0.016258 -0.448755 -0.036323
v -0.019174 -0.448245 -0.037996
v -0.021905 -0.447654 -0.039933
v -0.024649 -0.502389 -0.059924
v -0.024618 -0.531386 -0.070342
v -0.024376 -0.543034 -0.074959
v -0.021492 -0.546817 -0.074441
v -0.018812 -0.547525 -0.072584
v -0.015950 -0.548137 -0.070981
v -0.023423 -0.547466 -0.077666
v -0.022763 -0.548785 -0.078878
v -0.021992 -0.549964 -0.080158
v -0.018937 -0.551701 -0.079650
v -0.016574 -0.552332 -0.078016
v -0.014052 -0.552877 -0.076605
v -0.020145 -0.551854 -0.082867
v -0.019087 -0.552547 -0.084271
v -0.017953 -0.553065 -0.085688
v -0.015022 -0.553970 -0.085645
v -0.013146 -0.554475 -0.084349
v -0.011143 -0.554910 -0.083230
v -0.015490 -0.553553 -0.088520
v -0.014128 -0.553520 -0.089970
v -0.012622 -0.553308 -0.091503
v -0.009832 -0.553318 -0.092146
v -0.008658 -0.553670 -0.091245
v -0.007315 -0.553930 -0.090579
v -0.026708 -0.446254 -0.044526
v -0.028733 -0.445458 -0.047139
v -0.030481 -0.444607 -0.049929
v -0.032229 -0.498672 -0.070641
v -0.032188 -0.527459 -0.080969
v -0.031871 -0.539060 -0.085450
v -0.029907 -0.543164 -0.084022
v -0.028191 -0.544183 -0.081348
v -0.026204 -0.545138 -0.078844
v -0.030626 -0.543613 -0.087735
v -0.029764 -0.545030 -0.088660
v -0.028756 -0.546326 -0.089606
v -0.026355 -0.548445 -0.088082
v -0.024842 -0.549354 -0.085729
v -0.023091 -0.550205 -0.083525
v -0.026343 -0.548505 -0.091518
v -0.024961 -0.549367 -0.092467
v -0.023479 -0.550068 -0.093397
v -0.020913 -0.551366 -0.092334
v -0.019712 -0.552092 -0.090467
v -0.018321 -0.552773 -0.088719
v -0.020262 -0.550959 -0.095174
v -0.018482 -0.551151 -0.096040
v -0.016515 -0.551189 -0.096930
v -0.013709 -0.551603 -0.096536
v -0.012995 -0.552092 -0.095284
v -0.012027 -0.552519 -0.094191
v -0.033080 -0.442778 -0.055931
v -0.033906 -0.441816 -0.059086
v -0.034406 -0.440835 -0.062303
v -0.034891 -0.494288 -0.083283
v -0.034847 -0.522827 -0.093504
v -0.034503 -0.534373 -0.097824
v -0.033757 -0.538641 -0.095882
v -0.033267 -0.539817 -0.092798
v -0.032457 -0.540970 -0.089774
v -0.033156 -0.539069 -0.099612
v -0.032222 -0.540600 -0.100199
v -0.031132 -0.542034 -0.100750
v -0.029749 -0.544415 -0.098520
v -0.029316 -0.545463 -0.095806
v -0.028603 -0.546491 -0.093145
v -0.028520 -0.544554 -0.101723
v -0.027024 -0.545616 -0.102135
v -0.025420 -0.546533 -0.102491
v -0.023608 -0.548142 -0.100614
v -0.023265 -0.548980 -0.098461
v -0.022698 -0.549802 -0.096350
v -0.021938 -0.547899 -0.103023
v -0.020011 -0.548357 -0.103201
v -0.017882 -0.548689 -0.103331
v -0.015488 -0.549479 -0.101973
v -0.015342 -0.550030 -0.100562
v -0.014897 -0.550559 -0.099207
v -0.034406 -0.438855 -0.068799
v -0.033906 -0.437874 -0.072017
v -0.033080 -0.436912 -0.075172
v -0.032229 -0.489903 -0.095925
v -0.032188 -0.518195 -0.106040
v -0.031871 -0.529685 -0.110198
v -0.032457 -0.533938 -0.108216
v -0.033267 -0.535091 -0.105192
v -0.033757 -0.536267 -0.102108
v -0.030626 -0.534524 -0.111489
v -0.029764 -0.536171 -0.111737
v -0.028756 -0.537743 -0.111895
v -0.028603 -0.540223 -0.109376
v -0.029316 -0.541251 -0.106714
v -0.029749 -0.542299 -0.104000
v -0.026343 -0.540604 -0.111928
v -0.024961 -0.541865 -0.111803
v -0.023479 -0.542998 -0.111584
v -0.022698 -0.544789 -0.109225
v -0.023265 -0.545611 -0.107114
v -0.023608 -0.546449 -0.104961
v -0.020262 -0.544839 -0.110871
v -0.018482 -0.545563 -0.110362
v -0.016515 -0.546190 -0.109732
v -0.014897 -0.547269 -0.107630
v -0.015342 -0.547798 -0.106275
v -0.015488 -0.548349 -0.104864
v -0.030481 -0.435083 -0.081174
v -0.028733 -0.434232 -0.083963
v -0.026708 -0.433436 -0.086576
v -0.024649 -0.486186 -0.106643
v -0.024618 -0.514268 -0.116667
v -0.024376 -0.525711 -0.120689
v -0.026204 -0.529770 -0.119147
v -0.028191 -0.530725 -0.116642
v -0.029907 -0.531744 -0.113969
v -0.023423 -0.530672 -0.121558
v -0.022763 -0.532416 -0.121519
v -0.021992 -0.534105 -0.121343
v -0.023091 -0.536509 -0.118996
v -0.024842 -0.537360 -0.116791
v -0.026355 -0.538268 -0.114439
v -0.020145 -0.537255 -0.120579
v -0.019087 -0.538685 -0.119999
v -0.017953 -0.540001 -0.119293
v -0.018321 -0.541818 -0.116856
v -0.019712 -0.542499 -0.115107
v -0.020913 -0.543225 -0.113241
v -0.015490 -0.542245 -0.117525
v -0.014128 -0.543194 -0.116433
v -0.012622 -0.544071 -0.115158
v -0.012027 -0.545309 -0.112647
v -0.012995 -0.545736 -0.111553
v -0.013709 -0.546225 -0.110301
v -0.021905 -0.432036 -0.091170
v -0.019174 -0.431445 -0.093107
v -0.016258 -0.430935 -0.094780
v -0.013306 -0.483702 -0.113804
v -0.013289 -0.511645 -0.123768
v -0.013158 -0.523056 -0.127698
v -0.015950 -0.526772 -0.127009
v -0.018812 -0.527383 -0.125406
v -0.021492 -0.528091 -0.123550
v -0.012642 -0.528097 -0.128286
v -0.012285 -0.529907 -0.128055
v -0.011867 -0.531674 -0.127656
v -0.014052 -0.533837 -0.125915
v -0.016574 -0.534382 -0.124504
v -0.018937 -0.535013 -0.122871
v -0.010868 -0.535017 -0.126360
v -0.010295 -0.536561 -0.125475
v -0.009682 -0.537999 -0.124444
v -0.011143 -0.539681 -0.122345
v -0.013146 -0.540117 -0.121226
v -0.015022 -0.540621 -0.119930
v -0.008349 -0.540512 -0.121970
v -0.007612 -0.541611 -0.120489
v -0.006797 -0.542655 -0.118784
v -0.007315 -0.543898 -0.116258
v -0.008658 -0.544158 -0.115592
v -0.009832 -0.544510 -0.114691
v -0.009983 -0.430177 -0.097266
v -0.006684 -0.429937 -0.098055
v -0.003321 -0.429791 -0.098533
v -0.003257 -0.525400 -0.130607
v -0.006557 -0.525575 -0.130149
v -0.009794 -0.525863 -0.129392
v -0.002862 -0.532614 -0.129082
v -0.005771 -0.532770 -0.128679
v -0.008625 -0.533027 -0.128013
v -0.002258 -0.538703 -0.124857
v -0.004568 -0.538827 -0.124537
v -0.006833 -0.539033 -0.124009
v -0.001477 -0.543251 -0.117914
v -0.002992 -0.543304 -0.117779
v -0.004447 -0.543466 -0.117364
v 0.000075 -0.345944 -0.075096
v 0.000075 -0.241217 -0.052772
v 0.000075 -0.130255 -0.037466
v 0.012210 -0.130468 -0.035061
v 0.012673 -0.241627 -0.050300
v 0.013063 -0.346550 -0.072584
v -0.012913 -0.346550 -0.072584
v -0.012524 -0.241627 -0.050300
v -0.012060 -0.130468 -0.035061
v 0.022497 -0.131074 -0.028214
v 0.023354 -0.242794 -0.043259
v 0.024073 -0.348276 -0.065432
v 0.029371 -0.131981 -0.017967
v 0.030490 -0.244540 -0.032722
v 0.031430 -0.350859 -0.054729
v 0.031785 -0.133052 -0.005879
v 0.032996 -0.246599 -0.020293
v 0.034014 -0.353906 -0.042104
v 0.029371 -0.134122 0.006208
v 0.030490 -0.248659 -0.007864
v 0.031430 -0.356954 -0.029478
v 0.022497 -0.135030 0.016456
v 0.023354 -0.250405 0.002672
v 0.024073 -0.359537 -0.018775
v 0.012210 -0.135636 0.023303
v 0.012673 -0.251572 0.009713
v 0.013063 -0.361263 -0.011624
v 0.000075 -0.135849 0.025707
v 0.000075 -0.251981 0.012185
v 0.000075 -0.361869 -0.009112
v -0.012060 -0.135636 0.023303
v -0.012524 -0.251572 0.009713
v -0.012913 -0.361263 -0.011624
v -0.022348 -0.135030 0.016456
v -0.023204 -0.250405 0.002672
v -0.023924 -0.359537 -0.018775
v -0.029221 -0.134122 0.006208
v -0.030341 -0.248659 -0.007864
v -0.031281 -0.356954 -0.029478
v -0.031635 -0.133052 -0.005879
v -0.032847 -0.246599 -0.020293
v -0.033864 -0.353906 -0.042104
v -0.029221 -0.131981 -0.017967
v -0.030341 -0.244540 -0.032722
v -0.031281 -0.350859 -0.054729
v -0.022348 -0.131074 -0.028214
v -0.023204 -0.242794 -0.043259
v -0.023924 -0.348276 -0.065432
v 0.002513 0.531430 -0.103004
v 0.003834 0.529327 -0.105618
v 0.004882 0.525790 -0.106991
v 0.000075 0.525454 -0.107886
v 0.000075 0.529063 -0.106318
v 0.000075 0.531259 -0.103458
v -0.004732 0.525790 -0.106991
v -0.003684 0.529327 -0.105618
v -0.002363 0.531430 -0.103004
v -0.008808 0.526746 -0.104442
v -0.006871 0.530079 -0.103626
v -0.004431 0.531919 -0.101712
v -0.011531 0.528178 -0.100626
v -0.009000 0.531204 -0.100645
v -0.005812 0.532650 -0.099779
v -0.012487 0.529866 -0.096125
v -0.009748 0.532531 -0.097128
v -0.006297 0.533512 -0.097498
v -0.011531 0.531555 -0.091624
v -0.009000 0.533858 -0.093611
v -0.005812 0.534374 -0.095218
v -0.008808 0.532987 -0.087809
v -0.006871 0.534983 -0.090629
v -0.004431 0.535105 -0.093284
v -0.004732 0.533943 -0.085259
v -0.003684 0.535735 -0.088637
v -0.002363 0.535594 -0.091992
v 0.000075 0.534279 -0.084364
v 0.000075 0.535999 -0.087937
v 0.000075 0.535766 -0.091538
v 0.004882 0.533943 -0.085259
v 0.003834 0.535735 -0.088637
v 0.002513 0.535594 -0.091992
v 0.008957 0.532987 -0.087809
v 0.007021 0.534983 -0.090629
v 0.004580 0.535105 -0.093284
v 0.011680 0.531555 -0.091624
v 0.009150 0.533858 -0.093611
v 0.005961 0.534374 -0.095218
v 0.012637 0.529866 -0.096125
v 0.009898 0.532531 -0.097128
v 0.006446 0.533512 -0.097498
v 0.011680 0.528178 -0.100626
v 0.009150 0.531204 -0.100645
v 0.005961 0.532650 -0.099779
v 0.008957 0.526746 -0.104442
v 0.007021 0.530079 -0.103626
v 0.004580 0.531918 -0.101712
v 0.000075 -0.546859 -0.109362
v 0.000075 -0.545551 -0.112632
v 0.000075 -0.544374 -0.115438
v 0.004991 -0.544730 -0.114527
v 0.003827 -0.545823 -0.111937
v 0.002480 -0.547033 -0.108917
v 0.009159 -0.545744 -0.111933
v 0.007008 -0.546597 -0.109957
v 0.004518 -0.547529 -0.107648
v 0.011944 -0.547261 -0.108051
v 0.009134 -0.547755 -0.106994
v 0.005880 -0.548271 -0.105749
v 0.012922 -0.549051 -0.103472
v 0.009880 -0.549121 -0.103499
v 0.006359 -0.549146 -0.103509
v 0.011944 -0.550840 -0.098893
v 0.009134 -0.550487 -0.100004
v 0.005880 -0.550022 -0.101270
v 0.009159 -0.552357 -0.095011
v 0.007008 -0.551645 -0.097041
v 0.004518 -0.550764 -0.099371
v 0.004991 -0.553371 -0.092417
v 0.003827 -0.552419 -0.095062
v 0.002480 -0.551260 -0.098102
v 0.000075 -0.553727 -0.091506
v 0.000075 -0.552690 -0.094367
v 0.000075 -0.551434 -0.097657
v -0.004841 -0.553371 -0.092417
v -0.003678 -0.552419 -0.095062
v -0.002330 -0.551260 -0.098102
v -0.009009 -0.552357 -0.095011
v -0.006859 -0.551645 -0.097041
v -0.004368 -0.550764 -0.099371
v -0.011794 -0.550840 -0.098893
v -0.008984 -0.550487 -0.100004
v -0.005731 -0.550022 -0.101270
v -0.012772 -0.549051 -0.103472
v -0.009731 -0.549121 -0.103499
v -0.006209 -0.549146 -0.103509
v -0.011794 -0.547261 -0.108051
v -0.008984 -0.547755 -0.106994
v -0.005731 -0.548271 -0.105749
v -0.009009 -0.545744 -0.111933
v -0.006859 -0.546597 -0.109957
v -0.004368 -0.547529 -0.107648
v -0.004841 -0.544730 -0.114527
v -0.003678 -0.545823 -0.111937
v -0.002330 -0.547033 -0.108917
v 0.047772 0.365508 -0.056587
v 0.051037 0.365068 -0.044843
v 0.047772 0.371018 -0.034700
v 0.024432 0.373599 -0.024445
v -0.000402 0.370712 -0.022216
v -0.025296 0.373613 -0.024389
v -0.048635 0.371032 -0.034643
v -0.051841 0.365068 -0.044843
v -0.048635 0.365493 -0.056643
v -0.025296 0.362912 -0.066898
v -0.000402 0.359425 -0.067469
v 0.024432 0.362926 -0.066841
v -0.014525 0.582901 -0.138496
v -0.003016 0.584408 -0.140438
v 0.008552 0.582923 -0.138446
v 0.018598 0.594565 -0.111084
v 0.019363 0.592594 -0.121276
v 0.018598 0.586619 -0.129760
v -0.024571 0.586597 -0.129811
v -0.025396 0.592594 -0.121276
v -0.024571 0.594587 -0.111034
v -0.014525 0.598282 -0.102348
v -0.003016 0.600780 -0.102114
v 0.008552 0.598261 -0.102399
v 0.037098 0.535189 -0.073047
v 0.029749 0.562631 -0.084915
v 0.022486 0.582448 -0.095470
v -0.051093 0.465007 -0.047670
v -0.051819 0.428933 -0.037263
v -0.048160 0.398528 -0.030907
v 0.037098 0.518782 -0.117049
v 0.029749 0.546282 -0.126278
v 0.022486 0.567303 -0.132210
v -0.051093 0.450109 -0.094470
v -0.051819 0.415502 -0.083327
v -0.048160 0.387123 -0.073188
v 0.046834 0.398494 -0.031031
v 0.049922 0.428887 -0.037420
v 0.048473 0.464954 -0.047837
v -0.027998 0.582494 -0.095357
v -0.034689 0.562688 -0.084771
v -0.041316 0.535248 -0.072887
v 0.046834 0.387157 -0.073063
v 0.049922 0.415548 -0.083170
v 0.048473 0.450162 -0.094303
v -0.027998 0.567257 -0.132322
v -0.034689 0.546225 -0.126422
v -0.041316 0.518723 -0.117208
v -0.026524 0.483804 -0.112457
v -0.001709 0.483082 -0.114539
v 0.023106 0.483843 -0.112343
v 0.023106 0.504065 -0.053992
v -0.001709 0.504826 -0.051797
v -0.026524 0.504105 -0.053879
v -0.059847 0.498298 -0.070634
v -0.064101 0.493954 -0.083168
v -0.059847 0.489610 -0.095702
v 0.056428 0.489650 -0.095588
v 0.060682 0.493954 -0.083168
v 0.056428 0.498259 -0.070748
v 0.033432 -0.369787 -0.057145
v 0.031999 -0.379487 -0.048515
v 0.033432 -0.375108 -0.036261
v 0.024688 -0.351997 -0.020251
v 0.012599 -0.328645 -0.013557
v 0.005153 -0.297882 -0.008481
v -0.003591 -0.270209 -0.013447
v -0.006802 -0.267829 -0.023967
v -0.003591 -0.266375 -0.034655
v 0.005153 -0.289774 -0.049307
v 0.012599 -0.319136 -0.056809
v 0.024688 -0.342416 -0.060755
v 0.104833 -0.272581 -0.049329
v 0.077854 -0.311291 -0.056167
v 0.053069 -0.339866 -0.060288
v 0.012428 -0.241655 -0.040701
v 0.029675 -0.209844 -0.038078
v 0.052027 -0.178235 -0.034826
v 0.088246 -0.167928 -0.040601
v 0.102770 -0.189643 -0.045538
v 0.117294 -0.211897 -0.046301
v 0.136798 -0.248546 -0.007192
v 0.139288 -0.250210 -0.020896
v 0.136798 -0.244220 -0.033323
v 0.068742 -0.139984 -0.019810
v 0.066253 -0.137360 -0.006267
v 0.068742 -0.142464 0.006560
v 0.088246 -0.174982 0.021050
v 0.102770 -0.198204 0.020504
v 0.117294 -0.220798 0.015111
v 0.053069 -0.349435 -0.019514
v 0.077854 -0.321007 -0.010838
v 0.104833 -0.281427 -0.001975
v 0.052027 -0.184019 0.012998
v 0.029675 -0.216394 0.007815
v 0.012428 -0.248459 0.000624
v 0.151360 -0.103276 -0.024400
v 0.159425 -0.109911 -0.026211
v 0.165451 -0.119669 -0.025632
v 0.171480 -0.129293 0.005264
v 0.172890 -0.127285 -0.005380
v 0.171480 -0.127459 -0.016209
v 0.145331 -0.096982 -0.013919
v 0.145961 -0.095800 -0.003045
v 0.145331 -0.098378 0.007587
v 0.151360 -0.106165 0.017122
v 0.159425 -0.113186 0.017951
v 0.165451 -0.123018 0.015855
v 0.147562 -0.200439 0.010922
v 0.159494 -0.169166 0.013808
v 0.166084 -0.145830 0.013972
v 0.134535 -0.107258 0.017175
v 0.118935 -0.117063 0.018699
v 0.099076 -0.132888 0.018314
v 0.147562 -0.194139 -0.036837
v 0.159494 -0.164046 -0.032266
v 0.166084 -0.141836 -0.027719
v 0.134535 -0.104321 -0.024603
v 0.118935 -0.113519 -0.027524
v 0.099076 -0.128711 -0.029677
v 0.033432 -0.179089 -0.021522
v 0.031999 -0.187592 -0.011710
v 0.033432 -0.181666 -0.000125
v 0.024688 -0.156679 0.012764
v 0.012599 -0.132658 0.016382
v 0.005153 -0.101497 0.017439
v -0.003591 -0.074697 0.008938
v -0.006802 -0.073698 -0.001801
v -0.003591 -0.073638 -0.012587
v 0.005153 -0.098734 -0.024091
v 0.012599 -0.128820 -0.027735
v 0.024688 -0.152415 -0.028640
v 0.104833 -0.081688 -0.026336
v 0.077854 -0.120958 -0.028113
v 0.053069 -0.149825 -0.028506
v 0.012428 -0.049906 -0.021778
v 0.029675 -0.018023 -0.023288
v 0.052027 0.013742 -0.024150
v 0.088246 0.023215 -0.031209
v 0.102770 0.001045 -0.033297
v 0.117294 -0.021122 -0.031178
v 0.136798 -0.052408 0.012340
v 0.139288 -0.055830 -0.001034
v 0.136798 -0.051496 -0.014130
v 0.068742 0.053612 -0.014205
v 0.066253 0.057964 -0.001114
v 0.068742 0.054562 0.012265
v 0.088246 0.024190 0.030837
v 0.102770 0.001092 0.033297
v 0.117294 -0.022010 0.030869
v 0.053069 -0.154043 0.013163
v 0.077854 -0.124733 0.018092
v 0.104833 -0.084339 0.021764
v 0.052027 0.014187 0.024021
v 0.029675 -0.018586 0.023066
v 0.012428 -0.051312 0.020080
v 0.151360 0.089419 -0.023501
v 0.159425 0.082605 -0.024439
v 0.165451 0.073004 -0.022604
v 0.171480 0.067455 0.009277
v 0.172890 0.068070 -0.001537
v 0.171480 0.066498 -0.012253
v 0.145331 0.097015 -0.013921
v 0.145961 0.099592 -0.003291
v 0.145331 0.098411 0.007585
v 0.151360 0.091921 0.018046
v 0.159425 0.085066 0.019776
v 0.165451 0.075046 0.018969
v 0.147562 -0.002363 0.024085
v 0.159494 0.029021 0.022904
v 0.166084 0.052182 0.020050
v 0.134535 0.090844 0.018241
v 0.118935 0.081319 0.021019
v 0.099076 0.065577 0.022683
v 0.147562 -0.002289 -0.024088
v 0.159494 0.028142 -0.023446
v 0.166084 0.050753 -0.021807
v 0.134535 0.088356 -0.023567
v 0.118935 0.078858 -0.025274
v 0.099076 0.063515 -0.025446
v 0.033432 0.014614 -0.010847
v 0.031999 0.007450 -0.000018
v 0.033432 0.014824 0.010703
v 0.024688 0.041268 0.020254
v 0.012599 0.065555 0.020738
v 0.005153 0.096591 0.017758
v -0.003591 0.122067 0.005864
v -0.006802 0.121670 -0.004915
v -0.003591 0.120335 -0.015618
v 0.005153 0.093962 -0.023782
v 0.012599 0.063658 -0.023506
v 0.024688 0.040145 -0.021353
v 0.104833 0.110576 -0.028211
v 0.077854 0.071406 -0.024896
v 0.053069 0.042730 -0.021555
v 0.012428 0.142680 -0.027799
v 0.029675 0.174100 -0.033418
v 0.052027 0.205487 -0.038378
v 0.088246 0.213968 -0.046603
v 0.102770 0.191714 -0.045808
v 0.117294 0.170007 -0.040841
v 0.136798 0.144609 0.006356
v 0.139288 0.139488 -0.006463
v 0.136798 0.142092 -0.020010
v 0.068742 0.246309 -0.033670
v 0.066253 0.252317 -0.021252
v 0.068742 0.250672 -0.007546
v 0.088246 0.222955 0.014796
v 0.102770 0.200369 0.020221
v 0.117294 0.177148 0.020801
v 0.053069 0.043933 0.020310
v 0.077854 0.073634 0.021408
v 0.104833 0.114165 0.019828
v 0.052027 0.212156 0.009331
v 0.029675 0.179534 0.012620
v 0.012428 0.146697 0.013889
v 0.151360 0.280613 -0.047517
v 0.159425 0.273736 -0.047567
v 0.165451 0.264452 -0.044505
v 0.171480 0.263071 -0.012175
v 0.172890 0.262283 -0.022977
v 0.171480 0.259339 -0.033400
v 0.145331 0.289384 -0.038999
v 0.145961 0.293313 -0.028792
v 0.145331 0.293548 -0.017854
v 0.151360 0.288465 -0.006642
v 0.159425 0.281891 -0.004040
v 0.165451 0.271851 -0.003546
v 0.147562 0.195752 0.011533
v 0.159494 0.226720 0.006306
v 0.166084 0.249318 0.000482
v 0.134535 0.287422 -0.006310
v 0.118935 0.278336 -0.002324
v 0.099076 0.262941 0.001361
v 0.147562 0.189599 -0.036245
v 0.159494 0.219858 -0.039541
v 0.166084 0.242491 -0.040839
v 0.134535 0.279551 -0.047445
v 0.118935 0.269911 -0.047910
v 0.099076 0.254676 -0.046097
v 0.033432 0.208072 -0.025300
v 0.031999 0.202368 -0.013636
v 0.033432 0.211066 -0.003958
v 0.024688 0.238522 0.002095
v 0.012599 0.262668 -0.000565
v 0.005153 0.293059 -0.007532
v -0.003591 0.316783 -0.022619
v -0.006802 0.314997 -0.033256
v -0.003591 0.312290 -0.043696
v 0.005153 0.285083 -0.048383
v 0.012599 0.255068 -0.044192
v 0.024688 0.232030 -0.039018
v 0.104833 0.300984 -0.054922
v 0.077854 0.262571 -0.046572
v 0.053069 0.234568 -0.039552
v 0.012428 0.332872 -0.058664
v 0.029675 0.363302 -0.068297
v 0.052027 0.393785 -0.077273
v 0.088246 0.401132 -0.086525
v 0.102770 0.379167 -0.082860
v 0.117294 0.358284 -0.075128
v 0.136798 0.339200 -0.025044
v 0.139288 0.332464 -0.037094
v 0.136798 0.333296 -0.050864
v 0.068742 0.434872 -0.077881
v 0.066253 0.442435 -0.066343
v 0.068742 0.442576 -0.052539
v 0.088246 0.417980 -0.026802
v 0.102770 0.396284 -0.018503
v 0.117294 0.373333 -0.014927
v 0.053069 0.241172 0.001806
v 0.077854 0.270766 -0.000945
v 0.104833 0.310752 -0.007750
v 0.052027 0.406565 -0.030826
v 0.029675 0.374642 -0.023347
v 0.012428 0.342244 -0.017844
v 0.151360 0.467100 -0.096046
v 0.159425 0.460273 -0.095206
v 0.165451 0.451463 -0.090970
v 0.171480 0.454272 -0.058732
v 0.172890 0.452095 -0.069342
v 0.171480 0.447828 -0.079297
v 0.145331 0.476897 -0.088733
v 0.145961 0.482114 -0.079119
v 0.145331 0.483760 -0.068304
v 0.151360 0.480169 -0.056528
v 0.159425 0.473987 -0.053099
v 0.165451 0.464095 -0.051311
v 0.147562 0.390583 -0.026522
v 0.159494 0.420616 -0.035708
v 0.166084 0.442272 -0.044404
v 0.134535 0.479178 -0.056064
v 0.118935 0.470683 -0.050937
v 0.099076 0.455894 -0.045293
v 0.147562 0.378306 -0.073104
v 0.159494 0.407885 -0.080284
v 0.166084 0.430160 -0.084496
v 0.134535 0.466056 -0.095837
v 0.118935 0.456437 -0.095052
v 0.099076 0.441563 -0.091285
v -0.014678 -0.404264 -0.043264
v -0.011629 -0.407831 -0.056178
v -0.014678 -0.398155 -0.065405
v -0.001530 -0.379921 -0.036127
v 0.002126 -0.382077 -0.049191
v -0.001530 -0.373874 -0.059562
v 0.004920 -0.345550 -0.028317
v 0.008568 -0.345794 -0.040170
v 0.004920 -0.340328 -0.050684
v -0.042592 -0.355310 -0.069873
v -0.066474 -0.324518 -0.065761
v -0.092680 -0.287295 -0.059062
v -0.030200 -0.329751 -0.065780
v -0.052930 -0.297185 -0.062112
v -0.078195 -0.261429 -0.056469
v -0.020047 -0.301801 -0.057704
v -0.040071 -0.269661 -0.054509
v -0.063795 -0.236162 -0.049858
v -0.109925 -0.187908 0.019350
v -0.128080 -0.168239 0.020485
v -0.141927 -0.154433 0.018856
v -0.123207 -0.206702 0.019201
v -0.139365 -0.182613 0.021033
v -0.151213 -0.164694 0.019725
v -0.136451 -0.224915 0.014342
v -0.150349 -0.196897 0.017059
v -0.159516 -0.175986 0.016523
v -0.092680 -0.299297 0.001485
v -0.066474 -0.337559 -0.007784
v -0.042592 -0.368087 -0.018140
v -0.078195 -0.273167 0.008726
v -0.052930 -0.310024 0.000374
v -0.030200 -0.342485 -0.010068
v -0.063795 -0.246027 0.011074
v -0.040071 -0.280498 0.003921
v -0.020047 -0.312654 -0.005533
v -0.056841 -0.394659 -0.064519
v -0.057375 -0.404130 -0.055144
v -0.056841 -0.400752 -0.042226
v -0.084034 -0.365599 -0.058040
v -0.085883 -0.374076 -0.047119
v -0.084034 -0.371794 -0.033465
v -0.112053 -0.325324 -0.048991
v -0.114477 -0.332705 -0.037149
v -0.112053 -0.331055 -0.023278
v -0.044422 -0.204032 -0.027157
v -0.041912 -0.201368 -0.013501
v -0.044422 -0.207627 -0.001060
v -0.022511 -0.234937 -0.031238
v -0.019978 -0.232434 -0.018015
v -0.022511 -0.238917 -0.006208
v -0.005798 -0.268638 -0.035858
v -0.003026 -0.267379 -0.023886
v -0.005798 -0.272786 -0.013122
v -0.169186 -0.151549 -0.019175
v -0.170667 -0.150532 -0.007530
v -0.169186 -0.153874 0.003675
v -0.164071 -0.141804 -0.018835
v -0.165677 -0.140616 -0.006568
v -0.164071 -0.144097 0.005258
v -0.156014 -0.136415 -0.017713
v -0.157474 -0.135365 -0.006086
v -0.156014 -0.138508 0.005160
v -0.154228 -0.246775 -0.006973
v -0.165031 -0.213347 -0.002364
v -0.170289 -0.187233 -0.000020
v -0.156506 -0.247688 -0.020474
v -0.166975 -0.213602 -0.015200
v -0.171902 -0.186406 -0.011562
v -0.154228 -0.242503 -0.032967
v -0.165031 -0.209793 -0.027458
v -0.170289 -0.184386 -0.022955
v -0.092148 -0.158379 -0.021583
v -0.113399 -0.145214 -0.019738
v -0.131154 -0.137779 -0.017910
v -0.089908 -0.156647 -0.008156
v -0.111756 -0.143964 -0.006886
v -0.130524 -0.136814 -0.006217
v -0.092148 -0.161169 0.004612
v -0.113399 -0.147675 0.005487
v -0.131154 -0.139907 0.005103
v -0.136451 -0.215896 -0.046720
v -0.150349 -0.189290 -0.041878
v -0.159516 -0.169877 -0.036414
v -0.123207 -0.197820 -0.046444
v -0.139365 -0.175050 -0.042309
v -0.151213 -0.158571 -0.037094
v -0.109925 -0.180373 -0.041913
v -0.128080 -0.161739 -0.038585
v -0.141927 -0.149072 -0.034162
v -0.014678 -0.211483 -0.003301
v -0.011629 -0.216689 -0.015645
v -0.014678 -0.208287 -0.026045
v -0.001530 -0.186421 0.000630
v 0.002126 -0.190248 -0.012045
v -0.001530 -0.183454 -0.023389
v 0.004920 -0.151329 0.003932
v 0.008568 -0.153103 -0.007790
v 0.004920 -0.149042 -0.018922
v -0.042592 -0.166378 -0.036014
v -0.066474 -0.135313 -0.035917
v -0.092680 -0.097537 -0.034085
v -0.030200 -0.140505 -0.035259
v -0.052930 -0.107738 -0.035832
v -0.078195 -0.071553 -0.034858
v -0.020047 -0.111745 -0.030864
v -0.040071 -0.079462 -0.031850
v -0.063795 -0.045643 -0.031568
v -0.109925 0.011152 0.030822
v -0.128080 0.030802 0.029405
v -0.141927 0.044282 0.026005
v -0.123207 -0.007504 0.033104
v -0.139365 0.016620 0.031806
v -0.151213 0.034220 0.028193
v -0.136451 -0.026192 0.030640
v -0.150349 0.001942 0.029712
v -0.159516 0.022609 0.026478
v -0.092680 -0.101611 0.027505
v -0.066474 -0.140751 0.023260
v -0.042592 -0.172362 0.016937
v -0.078195 -0.074765 0.031308
v -0.052930 -0.112392 0.027790
v -0.030200 -0.145931 0.021631
v -0.063795 -0.047549 0.030128
v -0.040071 -0.082655 0.027491
v -0.020047 -0.115764 0.022273
v -0.056841 -0.204705 -0.025619
v -0.057375 -0.212885 -0.015098
v -0.056841 -0.207866 -0.002725
v -0.084034 -0.175052 -0.022951
v -0.085883 -0.182046 -0.011025
v -0.084034 -0.178018 0.002219
v -0.112053 -0.133945 -0.019183
v -0.114477 -0.139734 -0.006486
v -0.112053 -0.136305 0.007054
v -0.044422 -0.010849 -0.013211
v -0.041912 -0.006441 -0.000014
v -0.044422 -0.011040 0.013132
v -0.022511 -0.042021 -0.013262
v -0.019978 -0.037831 -0.000474
v -0.022511 -0.042733 0.012072
v -0.005798 -0.076037 -0.013488
v -0.003026 -0.073241 -0.001779
v -0.005798 -0.077211 0.009593
v -0.169186 0.042226 -0.012080
v -0.170667 0.044740 -0.000664
v -0.169186 0.042874 0.010879
v -0.164071 0.051934 -0.013003
v -0.165677 0.054697 -0.000992
v -0.164071 0.052774 0.011185
v -0.156014 0.057422 -0.012586
v -0.157474 0.059966 -0.001192
v -0.156014 0.058303 0.010365
v -0.154228 -0.050624 0.012329
v -0.165031 -0.016881 0.012578
v -0.170289 0.009318 0.011527
v -0.156506 -0.053274 -0.000941
v -0.166975 -0.018793 -0.000117
v -0.171902 0.008646 -0.000025
v -0.154228 -0.049747 -0.014000
v -0.165031 -0.016600 -0.012764
v -0.170289 0.009176 -0.011584
v -0.092148 0.035142 -0.013585
v -0.113399 0.048435 -0.013456
v -0.131154 0.056044 -0.012605
v -0.089908 0.038596 -0.000494
v -0.111756 0.051336 -0.000874
v -0.130524 0.058512 -0.001135
v -0.092148 0.035761 0.012751
v -0.113399 0.049256 0.011874
v -0.131154 0.056909 0.010490
v -0.136451 -0.025142 -0.031076
v -0.150349 0.001867 -0.029714
v -0.159516 0.021824 -0.026805
v -0.123207 -0.007181 -0.033139
v -0.139365 0.015932 -0.031982
v -0.151213 0.032947 -0.028941
v -0.109925 0.010704 -0.030901
v -0.128080 0.029612 -0.030009
v -0.141927 0.042745 -0.027261
v -0.014678 -0.015153 0.011409
v -0.011629 -0.021911 -0.000159
v -0.014678 -0.014924 -0.011559
v -0.001530 0.010206 0.012067
v 0.002126 0.004773 -0.000008
v -0.001530 0.010044 -0.012135
v 0.004920 0.045431 0.010805
v 0.008568 0.042157 -0.000589
v 0.004920 0.044745 -0.012153
v -0.042592 0.025345 -0.026861
v -0.066474 0.056161 -0.030780
v -0.092680 0.093858 -0.033847
v -0.030200 0.051099 -0.029457
v -0.052930 0.083517 -0.034259
v -0.078195 0.119524 -0.037972
v -0.020047 0.080185 -0.028815
v -0.040071 0.112070 -0.033966
v -0.063795 0.145642 -0.038058
v -0.109925 0.210025 0.016467
v -0.128080 0.229327 0.012521
v -0.141927 0.242255 0.007408
v -0.123207 0.191821 0.021141
v -0.139365 0.215575 0.016736
v -0.151213 0.232559 0.010879
v -0.136451 0.172971 0.021113
v -0.150349 0.200749 0.016557
v -0.159516 0.220824 0.010678
v -0.092680 0.097779 0.027754
v -0.066474 0.058418 0.028603
v -0.042592 0.026256 0.026420
v -0.078195 0.124891 0.028054
v -0.052930 0.087125 0.029430
v -0.030200 0.053072 0.027658
v -0.063795 0.151726 0.023367
v -0.040071 0.116574 0.025289
v -0.020047 0.083069 0.024395
v -0.056841 -0.011317 -0.011598
v -0.057375 -0.018068 -0.000108
v -0.056841 -0.011491 0.011512
v -0.084034 0.018432 -0.012786
v -0.085883 0.013038 -0.000056
v -0.084034 0.018745 0.012557
v -0.112053 0.059682 -0.014363
v -0.114477 0.055583 -0.001024
v -0.112053 0.060733 0.011959
v -0.044422 0.182517 -0.024353
v -0.041912 0.188593 -0.011836
v -0.044422 0.185733 0.001794
v -0.022511 0.151599 -0.020374
v -0.019978 0.157408 -0.008235
v -0.022511 0.154168 0.004839
v -0.005798 0.117840 -0.016201
v -0.003026 0.122126 -0.004952
v -0.005798 0.119659 0.006838
v -0.169186 0.235293 -0.030091
v -0.170667 0.239261 -0.019096
v -0.169186 0.238903 -0.007409
v -0.164071 0.244800 -0.032261
v -0.165677 0.249092 -0.020709
v -0.164071 0.248759 -0.008385
v -0.156014 0.250296 -0.032558
v -0.157474 0.254292 -0.021589
v -0.156014 0.254137 -0.009913
v -0.154228 0.146377 0.006115
v -0.165031 0.179869 0.002000
v -0.170289 0.205712 -0.002429
v -0.156506 0.142034 -0.006702
v -0.166975 0.176332 -0.010342
v -0.171902 0.203552 -0.013797
v -0.154228 0.143843 -0.020107
v -0.165031 0.176872 -0.023166
v -0.170289 0.202585 -0.025327
v -0.092148 0.228074 -0.030668
v -0.113399 0.241272 -0.032259
v -0.131154 0.248927 -0.032398
v -0.089908 0.233191 -0.018134
v -0.111756 0.245775 -0.020157
v -0.130524 0.252857 -0.021344
v -0.092148 0.232092 -0.004633
v -0.113399 0.245360 -0.007247
v -0.131154 0.252770 -0.009609
v -0.136451 0.166035 -0.040221
v -0.150349 0.192993 -0.042361
v -0.159516 0.213159 -0.042056
v -0.123207 0.183578 -0.044588
v -0.139365 0.206647 -0.046428
v -0.151213 0.223912 -0.045612
v -0.109925 0.201603 -0.044681
v -0.128080 0.220467 -0.046240
v -0.141927 0.233845 -0.045212
v -0.014678 0.181431 0.000617
v -0.011629 0.173235 -0.009980
v -0.014678 0.178690 -0.022187
v -0.001530 0.206663 -0.002009
v 0.002126 0.199715 -0.013279
v -0.001530 0.203374 -0.025986
v 0.004920 0.241429 -0.007813
v 0.008568 0.236710 -0.018688
v 0.004920 0.237781 -0.030490
v -0.042592 0.216642 -0.042566
v -0.066474 0.246694 -0.050436
v -0.092680 0.283678 -0.058350
v -0.030200 0.241845 -0.048470
v -0.052930 0.273370 -0.057422
v -0.078195 0.308596 -0.065758
v -0.020047 0.270770 -0.051593
v -0.040071 0.301722 -0.060822
v -0.063795 0.334483 -0.069219
v -0.109925 0.405374 -0.023474
v -0.128080 0.424004 -0.029882
v -0.141927 0.436162 -0.036623
v -0.123207 0.387927 -0.016486
v -0.139365 0.410912 -0.023925
v -0.151213 0.426997 -0.031928
v -0.136451 0.369231 -0.014077
v -0.150349 0.396187 -0.022186
v -0.159516 0.415334 -0.030610
v -0.092680 0.295528 0.002227
v -0.066474 0.256608 0.008157
v -0.042592 0.224433 0.010149
v -0.078195 0.322452 -0.000979
v -0.052930 0.285181 0.005266
v -0.030200 0.251184 0.007911
v -0.063795 0.348456 -0.009097
v -0.040071 0.313847 -0.002646
v -0.020047 0.280508 0.000798
v -0.056841 0.182261 -0.022693
v -0.057375 0.177052 -0.010427
v -0.056841 0.185075 0.000246
v -0.084034 0.211607 -0.027716
v -0.085883 0.207904 -0.014396
v -0.084034 0.215193 -0.002627
v -0.112053 0.252307 -0.034612
v -0.114477 0.249966 -0.020855
v -0.112053 0.256752 -0.008646
v -0.044422 0.372821 -0.060396
v -0.041912 0.380464 -0.048769
v -0.044422 0.379389 -0.034884
v -0.022511 0.342677 -0.052454
v -0.019978 0.350005 -0.041168
v -0.022511 0.348483 -0.027784
v -0.005798 0.309740 -0.043952
v -0.003026 0.315444 -0.033351
v -0.005798 0.314522 -0.021341
v -0.169186 0.424412 -0.072908
v -0.170667 0.429768 -0.062518
v -0.169186 0.430924 -0.050882
v -0.164071 0.433559 -0.076289
v -0.165677 0.439308 -0.065388
v -0.164071 0.440571 -0.053125
v -0.156014 0.438971 -0.077293
v -0.157474 0.444350 -0.066932
v -0.156014 0.445706 -0.055334
v -0.154228 0.340922 -0.025512
v -0.165031 0.373601 -0.033922
v -0.170289 0.398655 -0.041654
v -0.156506 0.334958 -0.037660
v -0.166975 0.368499 -0.045703
v -0.171902 0.395044 -0.052647
v -0.154228 0.335020 -0.051186
v -0.165031 0.367376 -0.058489
v -0.170289 0.392594 -0.063956
v -0.092148 0.417179 -0.072547
v -0.113399 0.430060 -0.075831
v -0.131154 0.437633 -0.076958
v -0.089908 0.423873 -0.060779
v -0.111756 0.436090 -0.064412
v -0.130524 0.442959 -0.066504
v -0.092148 0.424528 -0.047249
v -0.113399 0.437347 -0.051557
v -0.131154 0.444390 -0.054857
v -0.136451 0.354425 -0.074000
v -0.150349 0.380880 -0.079607
v -0.159516 0.400917 -0.081911
v -0.123207 0.371257 -0.080598
v -0.139365 0.393894 -0.085404
v -0.151213 0.411121 -0.086827
v -0.109925 0.389118 -0.083020
v -0.128080 0.407623 -0.087005
v -0.141927 0.421022 -0.087715
v 0.001758 0.486637 -0.098718
v 0.001720 0.499719 -0.102869
v 0.001652 0.510895 -0.106097
v 0.003425 0.486718 -0.098485
v 0.003347 0.499796 -0.102651
v 0.003205 0.510962 -0.105912
v 0.005059 0.486851 -0.098097
v 0.004938 0.499933 -0.102266
v 0.004715 0.511103 -0.105525
v 0.008169 0.487272 -0.096879
v 0.007978 0.500355 -0.101080
v 0.007629 0.511516 -0.104391
v 0.009615 0.487554 -0.096061
v 0.009392 0.500635 -0.100292
v 0.008989 0.511782 -0.103661
v 0.010967 0.487882 -0.095112
v 0.010706 0.500965 -0.099362
v 0.010226 0.512110 -0.102761
v 0.013348 0.488659 -0.092862
v 0.013033 0.501745 -0.097170
v 0.012456 0.512874 -0.100665
v 0.014352 0.489100 -0.091583
v 0.014019 0.502185 -0.095932
v 0.013415 0.513297 -0.099502
v 0.015218 0.489572 -0.090217
v 0.014856 0.502659 -0.094599
v 0.014191 0.513762 -0.098225
v 0.016506 0.490587 -0.087277
v 0.016115 0.503677 -0.091735
v 0.015398 0.514760 -0.095487
v 0.016916 0.491120 -0.085732
v 0.016524 0.504210 -0.090236
v 0.015811 0.515277 -0.094068
v 0.017163 0.491664 -0.084157
v 0.016755 0.504755 -0.088703
v 0.016008 0.515809 -0.092609
v 0.017163 0.492762 -0.080974
v 0.016755 0.505857 -0.085603
v 0.016008 0.516888 -0.089645
v 0.016916 0.493306 -0.079399
v 0.016524 0.506402 -0.084070
v 0.015811 0.517420 -0.088186
v 0.016506 0.493839 -0.077854
v 0.016115 0.506935 -0.082570
v 0.015398 0.517937 -0.086768
v 0.015218 0.494854 -0.074914
v 0.014856 0.507954 -0.079706
v 0.014191 0.518934 -0.084029
v 0.014352 0.495326 -0.073548
v 0.014019 0.508427 -0.078374
v 0.013415 0.519400 -0.082752
v 0.013348 0.495767 -0.072269
v 0.013033 0.508868 -0.077136
v 0.012456 0.519823 -0.081590
v 0.010967 0.496544 -0.070019
v 0.010706 0.509647 -0.074943
v 0.010226 0.520587 -0.079494
v 0.009615 0.496872 -0.069070
v 0.009392 0.509977 -0.074014
v 0.008989 0.520915 -0.078593
v 0.008169 0.497154 -0.068252
v 0.007978 0.510258 -0.073226
v 0.007629 0.521181 -0.077864
v 0.005059 0.497574 -0.067034
v 0.004938 0.510680 -0.072039
v 0.004715 0.521594 -0.076729
v 0.003425 0.497708 -0.066646
v 0.003347 0.510816 -0.071654
v 0.003205 0.521735 -0.076342
v 0.001758 0.497789 -0.066413
v 0.001720 0.510894 -0.071436
v 0.001652 0.521802 -0.076157
v -0.001608 0.497789 -0.066413
v -0.001570 0.510894 -0.071436
v -0.001503 0.521802 -0.076157
v -0.003275 0.497708 -0.066646
v -0.003197 0.510816 -0.071654
v -0.003055 0.521735 -0.076342
v -0.004909 0.497574 -0.067034
v -0.004788 0.510680 -0.072039
v -0.004565 0.521594 -0.076729
v -0.008019 0.497154 -0.068252
v -0.007828 0.510258 -0.073226
v -0.007480 0.521181 -0.077864
v -0.009465 0.496872 -0.069070
v -0.009243 0.509977 -0.074014
v -0.008839 0.520915 -0.078593
v -0.010818 0.496544 -0.070019
v -0.010557 0.509647 -0.074943
v -0.010076 0.520587 -0.079494
v -0.013198 0.495767 -0.072269
v -0.012883 0.508868 -0.077136
v -0.012307 0.519823 -0.081590
v -0.014202 0.495326 -0.073548
v -0.013870 0.508427 -0.078374
v -0.013265 0.519400 -0.082752
v -0.015068 0.494854 -0.074914
v -0.014706 0.507954 -0.079706
v -0.014041 0.518934 -0.084029
v -0.016356 0.493839 -0.077854
v -0.015965 0.506935 -0.082570
v -0.015249 0.517937 -0.086768
v -0.016766 0.493306 -0.079399
v -0.016374 0.506402 -0.084070
v -0.015661 0.517420 -0.088186
v -0.017013 0.492762 -0.080974
v -0.016605 0.505857 -0.085603
v -0.015858 0.516888 -0.089645
v -0.017013 0.491664 -0.084157
v -0.016605 0.504755 -0.088703
v -0.015858 0.515809 -0.092609
v -0.016766 0.491120 -0.085732
v -0.016374 0.504210 -0.090236
v -0.015661 0.515277 -0.094068
v -0.016356 0.490587 -0.087277
v -0.015965 0.503677 -0.091735
v -0.015249 0.514760 -0.095487
v -0.015068 0.489572 -0.090217
v -0.014706 0.502659 -0.094599
v -0.014041 0.513762 -0.098225
v -0.014202 0.489100 -0.091583
v -0.013870 0.502185 -0.095932
v -0.013265 0.513297 -0.099502
v -0.013198 0.488659 -0.092862
v -0.012883 0.501745 -0.097170
v -0.012307 0.512874 -0.100665
v 0.002271 -0.545087 -0.113777
v 0.001409 -0.544330 -0.115550
v 0.002660 -0.544319 -0.115575
v 0.003805 -0.544504 -0.115106
v 0.002846 -0.545493 -0.112773
v 0.001590 -0.546371 -0.110600
v 0.001326 -0.545383 -0.113055
v -0.010818 0.487882 -0.095112
v -0.010557 0.500965 -0.099362
v -0.010076 0.512110 -0.102761
v -0.009465 0.487554 -0.096061
v -0.009243 0.500635 -0.100292
v -0.008839 0.511782 -0.103661
v -0.008019 0.487272 -0.096879
v -0.007828 0.500355 -0.101080
v -0.007480 0.511516 -0.104391
v -0.004909 0.486851 -0.098097
v -0.004788 0.499933 -0.102266
v -0.004565 0.511103 -0.105525
v -0.003275 0.486718 -0.098485
v -0.003197 0.499796 -0.102651
v -0.003055 0.510962 -0.105912
v -0.001608 0.486637 -0.098718
v -0.001570 0.499719 -0.102869
v -0.001503 0.510895 -0.106097
v -0.009777 -0.346287 -0.073674
v -0.009482 -0.241449 -0.051372
v -0.009130 -0.130375 -0.036105
v -0.006546 -0.346097 -0.074460
v -0.006347 -0.241321 -0.052146
v -0.006111 -0.130309 -0.036857
v -0.003251 -0.345982 -0.074935
v -0.003152 -0.241244 -0.052614
v -0.003033 -0.130268 -0.037313
v 0.016073 -0.346884 -0.071199
v 0.015593 -0.241853 -0.048936
v 0.015022 -0.130585 -0.033735
v 0.018929 -0.347286 -0.069534
v 0.018364 -0.242125 -0.047297
v 0.017691 -0.130726 -0.032141
v 0.021605 -0.347751 -0.067606
v 0.020959 -0.242439 -0.045399
v 0.020191 -0.130890 -0.030295
v -0.008385 0.051317 -0.028778
v -0.008027 0.111553 -0.030914
v -0.007685 0.157673 -0.033985
v -0.005610 0.051293 -0.029471
v -0.005370 0.111503 -0.031577
v -0.005140 0.157606 -0.034618
v -0.002781 0.051279 -0.029892
v -0.002661 0.111473 -0.031979
v -0.002545 0.157565 -0.035002
v -0.007053 0.229444 -0.041330
v -0.006766 0.260945 -0.045645
v -0.006500 0.290052 -0.050240
v -0.004715 0.229354 -0.041907
v -0.004523 0.260847 -0.046197
v -0.004344 0.289947 -0.050770
v -0.002332 0.229299 -0.042257
v -0.002235 0.260787 -0.046532
v -0.002145 0.289883 -0.051090
v -0.006026 0.341764 -0.059881
v -0.005818 0.364714 -0.064783
v -0.005631 0.385954 -0.069675
v -0.004025 0.341649 -0.060368
v -0.003886 0.364595 -0.065252
v -0.003759 0.385833 -0.070128
v -0.001985 0.341580 -0.060663
v -0.001915 0.364523 -0.065536
v -0.001851 0.385759 -0.070401
v -0.005315 0.423990 -0.079335
v -0.005186 0.441123 -0.084087
v -0.005078 0.457223 -0.088797
v -0.003547 0.423864 -0.079759
v -0.003461 0.440996 -0.084499
v -0.003388 0.457094 -0.089199
v -0.001745 0.423788 -0.080016
v -0.001701 0.440918 -0.084749
v -0.001665 0.457015 -0.089443
v -0.018413 0.051503 -0.023420
v -0.017632 0.111940 -0.025795
v -0.016883 0.158196 -0.029097
v -0.016116 0.051444 -0.025123
v -0.015431 0.111817 -0.027421
v -0.014775 0.158030 -0.030650
v -0.013663 0.051393 -0.026593
v -0.013082 0.111711 -0.028826
v -0.012525 0.157887 -0.031992
v -0.015502 0.230142 -0.036868
v -0.014876 0.261707 -0.041377
v -0.014293 0.290865 -0.046155
v -0.013566 0.229920 -0.038285
v -0.013018 0.261465 -0.042733
v -0.012508 0.290606 -0.047453
v -0.011500 0.229729 -0.039510
v -0.011034 0.261256 -0.043904
v -0.010601 0.290383 -0.048574
v -0.013257 0.342652 -0.056119
v -0.012804 0.365628 -0.061163
v -0.012394 0.386891 -0.066184
v -0.011600 0.342370 -0.057314
v -0.011203 0.365338 -0.062313
v -0.010844 0.386593 -0.067293
v -0.009832 0.342126 -0.058347
v -0.009495 0.365087 -0.063307
v -0.009190 0.386336 -0.068251
v -0.011703 0.424961 -0.076061
v -0.011422 0.442110 -0.080903
v -0.011185 0.458224 -0.085690
v -0.010239 0.424653 -0.077101
v -0.009994 0.441796 -0.081915
v -0.009786 0.457906 -0.086677
v -0.008677 0.424386 -0.078000
v -0.008468 0.441526 -0.082788
v -0.008292 0.457632 -0.087530
v -0.021455 -0.347751 -0.067606
v -0.020810 -0.242439 -0.045399
v -0.020041 -0.130890 -0.030295
v -0.018779 -0.347286 -0.069534
v -0.018214 -0.242125 -0.047297
v -0.017541 -0.130726 -0.032141
v -0.015923 -0.346884 -0.071199
v -0.015443 -0.241853 -0.048936
v -0.014872 -0.130585 -0.033735
v -0.025627 0.051808 -0.014636
v -0.024540 0.112573 -0.017400
v -0.023499 0.159053 -0.021080
v -0.024156 0.051723 -0.017087
v -0.023131 0.112397 -0.019743
v -0.022150 0.158814 -0.023317
v -0.022453 0.051643 -0.019383
v -0.021500 0.112231 -0.021937
v -0.020587 0.158590 -0.025413
v -0.021580 0.231286 -0.029551
v -0.020709 0.262955 -0.034380
v -0.019899 0.292197 -0.039455
v -0.020340 0.230967 -0.031592
v -0.019520 0.262606 -0.036332
v -0.018756 0.291825 -0.041324
v -0.018905 0.230668 -0.033505
v -0.018143 0.262280 -0.038161
v -0.017432 0.291477 -0.043076
v -0.018459 0.344107 -0.049950
v -0.017829 0.367128 -0.055226
v -0.017259 0.388426 -0.060458
v -0.017398 0.343701 -0.051671
v -0.016804 0.366709 -0.056883
v -0.016267 0.387998 -0.062056
v -0.016170 0.343321 -0.053284
v -0.015618 0.366317 -0.058435
v -0.015118 0.387596 -0.063553
v -0.016299 0.426554 -0.070693
v -0.015908 0.443727 -0.075681
v -0.015578 0.459865 -0.080594
v -0.015361 0.426109 -0.072191
v -0.014994 0.443276 -0.077138
v -0.014682 0.459407 -0.082016
v -0.014276 0.425693 -0.073594
v -0.013934 0.442853 -0.078503
v -0.013645 0.458978 -0.083348
v -0.029856 -0.350153 -0.057655
v -0.028958 -0.244062 -0.035603
v -0.027890 -0.131733 -0.020768
v -0.028143 -0.349483 -0.060432
v -0.027297 -0.243610 -0.038336
v -0.026289 -0.131498 -0.023427
v -0.026159 -0.348855 -0.063033
v -0.025373 -0.243185 -0.040897
v -0.024436 -0.131278 -0.025917
v -0.028928 0.052185 -0.003761
v -0.027702 0.113358 -0.007009
v -0.026526 0.160115 -0.011156
v -0.028507 0.052087 -0.006588
v -0.027299 0.113154 -0.009710
v -0.026141 0.159839 -0.013737
v -0.027813 0.051991 -0.009361
v -0.026634 0.112954 -0.012360
v -0.025504 0.159568 -0.016267
v -0.024361 0.232703 -0.020493
v -0.023379 0.264500 -0.025717
v -0.022464 0.293847 -0.031161
v -0.024006 0.232334 -0.022848
v -0.023039 0.264098 -0.027969
v -0.022138 0.293418 -0.033317
v -0.023422 0.231973 -0.025158
v -0.022477 0.263704 -0.030178
v -0.021598 0.292998 -0.035432
v -0.020839 0.345909 -0.042313
v -0.020128 0.368985 -0.047877
v -0.019485 0.390328 -0.053370
v -0.020536 0.345441 -0.044298
v -0.019835 0.368502 -0.049788
v -0.019201 0.389834 -0.055213
v -0.020035 0.344981 -0.046246
v -0.019352 0.368028 -0.051662
v -0.018733 0.389349 -0.057020
v -0.018401 0.428526 -0.064047
v -0.017961 0.445729 -0.069217
v -0.017589 0.461897 -0.074286
v -0.018133 0.428013 -0.065775
v -0.017700 0.445208 -0.070898
v -0.017333 0.461369 -0.075926
v -0.017691 0.427510 -0.067469
v -0.017268 0.444698 -0.072546
v -0.016910 0.460851 -0.077534
v -0.033700 -0.353126 -0.045337
v -0.032687 -0.246072 -0.023477
v -0.031481 -0.132778 -0.008975
v -0.033210 -0.352353 -0.048540
v -0.032212 -0.245549 -0.026629
v -0.031024 -0.132506 -0.012041
v -0.032401 -0.351595 -0.051681
v -0.031428 -0.245037 -0.029721
v -0.030269 -0.132240 -0.015048
v -0.027813 0.052577 0.007548
v -0.026634 0.114174 0.003798
v -0.025504 0.161218 -0.000836
v -0.028507 0.052481 0.004776
v -0.027299 0.113974 0.001149
v -0.026141 0.160948 -0.003367
v -0.028928 0.052383 0.001948
v -0.027702 0.113770 -0.001553
v -0.026526 0.160672 -0.005947
v -0.023422 0.234176 -0.011073
v -0.022477 0.266107 -0.016708
v -0.021598 0.295563 -0.022535
v -0.024006 0.233815 -0.013383
v -0.023039 0.265713 -0.018917
v -0.022138 0.295142 -0.024650
v -0.024361 0.233446 -0.015738
v -0.023379 0.265311 -0.021169
v -0.022464 0.294713 -0.026807
v -0.020035 0.347783 -0.034371
v -0.019352 0.370915 -0.040235
v -0.018733 0.392305 -0.045999
v -0.020536 0.347324 -0.036318
v -0.019835 0.370442 -0.042109
v -0.019201 0.391820 -0.047806
v -0.020839 0.346855 -0.038304
v -0.020128 0.369959 -0.044019
v -0.019485 0.391326 -0.049649
v -0.017691 0.430576 -0.057136
v -0.017268 0.447811 -0.062495
v -0.016910 0.464010 -0.067726
v -0.018133 0.430073 -0.058830
v -0.017700 0.447300 -0.064143
v -0.017333 0.463492 -0.069334
v -0.018401 0.429561 -0.060558
v -0.017961 0.446780 -0.065824
v -0.017589 0.462964 -0.070974
v -0.032401 -0.356218 -0.032527
v -0.031428 -0.248162 -0.010866
v -0.030269 -0.133864 0.003290
v -0.033210 -0.355460 -0.035668
v -0.032212 -0.247649 -0.013958
v -0.031024 -0.133597 0.000282
v -0.033700 -0.354687 -0.038870
v -0.032687 -0.247127 -0.017110
v -0.031481 -0.133326 -0.002784
v -0.022453 0.052925 0.017571
v -0.021500 0.114897 0.013375
v -0.020587 0.162196 0.008310
v -0.024156 0.052845 0.015274
v -0.023131 0.114731 0.011181
v -0.022150 0.161972 0.006214
v -0.025627 0.052760 0.012823
v -0.024540 0.114554 0.008839
v -0.023499 0.161733 0.003977
v -0.018905 0.235481 -0.002726
v -0.018143 0.267531 -0.008724
v -0.017432 0.297083 -0.014892
v -0.020340 0.235182 -0.004638
v -0.019520 0.267205 -0.010554
v -0.018756 0.296735 -0.016643
v -0.021580 0.234863 -0.006680
v -0.020709 0.266857 -0.012506
v -0.019899 0.296363 -0.018513
v -0.016170 0.349444 -0.027332
v -0.015618 0.372626 -0.033462
v -0.015118 0.394057 -0.039467
v -0.017398 0.349063 -0.028945
v -0.016804 0.372234 -0.035014
v -0.016267 0.393656 -0.040964
v -0.018459 0.348657 -0.030667
v -0.017829 0.371816 -0.036670
v -0.017259 0.393227 -0.042561
v -0.014276 0.432393 -0.051011
v -0.013934 0.449655 -0.056538
v -0.013645 0.465882 -0.061912
v -0.015361 0.431977 -0.052414
v -0.014994 0.449233 -0.057903
v -0.014682 0.465453 -0.063244
v -0.016299 0.431532 -0.053912
v -0.015908 0.448781 -0.059360
v -0.015578 0.464995 -0.064666
v -0.026159 -0.358958 -0.021175
v -0.025373 -0.250014 0.000310
v -0.024436 -0.134826 0.014158
v -0.028143 -0.358330 -0.023776
v -0.027297 -0.249589 -0.002251
v -0.026289 -0.134606 0.011668
v -0.029856 -0.357660 -0.026552
v -0.028958 -0.249136 -0.004984
v -0.027890 -0.134370 0.009010
v -0.013663 0.053175 0.024780
v -0.013082 0.115417 0.020264
v -0.012525 0.162900 0.014889
v -0.016116 0.053124 0.023310
v -0.015431 0.115311 0.018860
v -0.014775 0.162756 0.013547
v -0.018413 0.053065 0.021608
v -0.017632 0.115188 0.017233
v -0.016883 0.162590 0.011994
v -0.011500 0.236420 0.003279
v -0.011034 0.268556 -0.002982
v -0.010601 0.298177 -0.009393
v -0.013566 0.236229 0.002055
v -0.013018 0.268347 -0.004153
v -0.012508 0.297954 -0.010515
v -0.015502 0.236007 0.000637
v -0.014876 0.268105 -0.005509
v -0.014293 0.297696 -0.011813
v -0.009832 0.350638 -0.022270
v -0.009495 0.373857 -0.028590
v -0.009190 0.395318 -0.034768
v -0.011600 0.350395 -0.023302
v -0.011203 0.373606 -0.029584
v -0.010844 0.395061 -0.035726
v -0.013257 0.350113 -0.024497
v -0.012804 0.373316 -0.030734
v -0.012394 0.394763 -0.036836
v -0.008677 0.433700 -0.046605
v -0.008468 0.450983 -0.052253
v -0.008292 0.467229 -0.057731
v -0.010239 0.433434 -0.047504
v -0.009994 0.450712 -0.053127
v -0.009786 0.466954 -0.058583
v -0.011703 0.433125 -0.048544
v -0.011422 0.450399 -0.054138
v -0.011185 0.466636 -0.059571
v -0.015923 -0.360929 -0.013009
v -0.015443 -0.251346 0.008349
v -0.014872 -0.135518 0.021976
v -0.018779 -0.360527 -0.014674
v -0.018214 -0.251074 0.006710
v -0.017541 -0.135377 0.020382
v -0.021455 -0.360061 -0.016602
v -0.020810 -0.250760 0.004812
v -0.020041 -0.135214 0.018536
v -0.002781 0.053289 0.028079
v -0.002661 0.115655 0.023417
v -0.002545 0.163222 0.017899
v -0.005610 0.053275 0.027659
v -0.005370 0.115625 0.023015
v -0.005140 0.163181 0.017515
v -0.008385 0.053251 0.026965
v -0.008027 0.115575 0.022352
v -0.007685 0.163113 0.016882
v -0.002332 0.236850 0.006027
v -0.002235 0.269025 -0.000354
v -0.002145 0.298677 -0.006878
v -0.004715 0.236795 0.005677
v -0.004523 0.268965 -0.000689
v -0.004344 0.298614 -0.007198
v -0.007053 0.236705 0.005099
v -0.006766 0.268866 -0.001241
v -0.006500 0.298508 -0.007727
v -0.001985 0.351185 -0.019953
v -0.001915 0.374420 -0.026361
v -0.001851 0.395895 -0.032618
v -0.004025 0.351115 -0.020248
v -0.003886 0.374349 -0.026645
v -0.003759 0.395821 -0.032892
v -0.006026 0.351000 -0.020735
v -0.005818 0.374230 -0.027114
v -0.005631 0.395700 -0.033344
v -0.001745 0.434298 -0.044590
v -0.001701 0.451590 -0.050292
v -0.001665 0.467845 -0.055817
v -0.003547 0.434222 -0.044846
v -0.003461 0.451512 -0.050542
v -0.003388 0.467767 -0.056061
v -0.005315 0.434096 -0.045270
v -0.005186 0.451385 -0.050954
v -0.005078 0.467637 -0.056463
v -0.003251 -0.361830 -0.009272
v -0.003152 -0.251955 0.012028
v -0.003033 -0.135835 0.025554
v -0.006546 -0.361716 -0.009748
v -0.006347 -0.251878 0.011559
v -0.006111 -0.135795 0.025098
v -0.009777 -0.361526 -0.010534
v -0.009482 -0.251749 0.010785
v -0.009130 -0.135728 0.024346
v 0.008535 0.053251 0.026965
v 0.008177 0.115575 0.022352
v 0.007834 0.163113 0.016882
v 0.005760 0.053275 0.027659
v 0.005520 0.115625 0.023015
v 0.005289 0.163181 0.017515
v 0.002931 0.053289 0.028079
v 0.002810 0.115655 0.023417
v 0.002695 0.163222 0.017899
v 0.007203 0.236705 0.005099
v 0.006916 0.268866 -0.001241
v 0.006649 0.298508 -0.007727
v 0.004865 0.236795 0.005677
v 0.004672 0.268965 -0.000689
v 0.004493 0.298614 -0.007198
v 0.002481 0.236850 0.006027
v 0.002385 0.269025 -0.000354
v 0.002295 0.298677 -0.006878
v 0.006175 0.351000 -0.020735
v 0.005968 0.374230 -0.027114
v 0.005780 0.395700 -0.033344
v 0.004175 0.351115 -0.020248
v 0.004035 0.374349 -0.026645
v 0.003909 0.395821 -0.032892
v 0.002135 0.351185 -0.019953
v 0.002065 0.374420 -0.026361
v 0.002001 0.395895 -0.032618
v 0.005464 0.434096 -0.045270
v 0.005336 0.451385 -0.050954
v 0.005227 0.467637 -0.056463
v 0.003697 0.434222 -0.044846
v 0.003610 0.451512 -0.050542
v 0.003537 0.467767 -0.056061
v 0.001894 0.434298 -0.044590
v 0.001851 0.451590 -0.050292
v 0.001814 0.467845 -0.055817
v 0.009927 -0.361526 -0.010534
v 0.009631 -0.251749 0.010785
v 0.009280 -0.135728 0.024346
v 0.006696 -0.361716 -0.009748
v 0.006497 -0.251878 0.011559
v 0.006261 -0.135795 0.025098
v 0.003401 -0.361830 -0.009272
v 0.003301 -0.251955 0.012028
v 0.003183 -0.135835 0.025554
v 0.018563 0.053065 0.021608
v 0.017781 0.115188 0.017233
v 0.017032 0.162590 0.011994
v 0.016265 0.053124 0.023310
v 0.015581 0.115311 0.018860
v 0.014925 0.162756 0.013547
v 0.013813 0.053175 0.024780
v 0.013232 0.115417 0.020264
v 0.012675 0.162900 0.014889
v 0.015652 0.236007 0.000637
v 0.015026 0.268105 -0.005509
v 0.014443 0.297696 -0.011813
v 0.013716 0.236229 0.002055
v 0.013168 0.268347 -0.004153
v 0.012657 0.297954 -0.010515
v 0.011649 0.236421 0.003279
v 0.011184 0.268556 -0.002982
v 0.010751 0.298177 -0.009393
v 0.013407 0.350113 -0.024497
v 0.012954 0.373316 -0.030734
v 0.012543 0.394763 -0.036836
v 0.011750 0.350395 -0.023302
v 0.011353 0.373606 -0.029584
v 0.010994 0.395061 -0.035726
v 0.009981 0.350638 -0.022270
v 0.009644 0.373857 -0.028590
v 0.009340 0.395318 -0.034768
v 0.011853 0.433125 -0.048544
v 0.011572 0.450399 -0.054138
v 0.011335 0.466636 -0.059571
v 0.010389 0.433434 -0.047504
v 0.010143 0.450712 -0.053127
v 0.009935 0.466954 -0.058583
v 0.008826 0.433700 -0.046605
v 0.008618 0.450983 -0.052253
v 0.008441 0.467229 -0.057731
v 0.021605 -0.360061 -0.016602
v 0.020959 -0.250760 0.004812
v 0.020191 -0.135214 0.018536
v 0.018929 -0.360527 -0.014674
v 0.018364 -0.251074 0.006710
v 0.017691 -0.135377 0.020382
v 0.016073 -0.360929 -0.013009
v 0.015593 -0.251346 0.008349
v 0.015022 -0.135518 0.021976
v 0.025777 0.052760 0.012823
v 0.024690 0.114554 0.008839
v 0.023649 0.161733 0.003977
v 0.024306 0.052845 0.015274
v 0.023281 0.114731 0.011181
v 0.022299 0.161972 0.006214
v 0.022602 0.052925 0.017571
v 0.021650 0.114897 0.013375
v 0.020737 0.162196 0.008310
v 0.021729 0.234863 -0.006680
v 0.020859 0.266857 -0.012506
v 0.020049 0.296363 -0.018513
v 0.020490 0.235182 -0.004638
v 0.019670 0.267205 -0.010554
v 0.018906 0.296735 -0.016643
v 0.019055 0.235481 -0.002726
v 0.018292 0.267531 -0.008724
v 0.017582 0.297083 -0.014892
v 0.018609 0.348657 -0.030667
v 0.017979 0.371816 -0.036670
v 0.017408 0.393227 -0.042561
v 0.017548 0.349063 -0.028945
v 0.016954 0.372234 -0.035014
v 0.016416 0.393656 -0.040964
v 0.016320 0.349444 -0.027332
v 0.015767 0.372626 -0.033462
v 0.015268 0.394057 -0.039467
v 0.016448 0.431532 -0.053912
v 0.016058 0.448781 -0.059360
v 0.015728 0.464995 -0.064666
v 0.015511 0.431977 -0.052414
v 0.015143 0.449233 -0.057903
v 0.014832 0.465453 -0.063244
v 0.014426 0.432393 -0.051011
v 0.014084 0.449655 -0.056538
v 0.013795 0.465882 -0.061912
v 0.030005 -0.357660 -0.026552
v 0.029108 -0.249136 -0.004984
v 0.028040 -0.134370 0.009010
v 0.028292 -0.358330 -0.023776
v 0.027446 -0.249589 -0.002251
v 0.026439 -0.134606 0.011668
v 0.026309 -0.358958 -0.021175
v 0.025522 -0.250014 0.000310
v 0.024586 -0.134826 0.014158
v 0.029077 0.052383 0.001948
v 0.027851 0.113770 -0.001553
v 0.026676 0.160672 -0.005947
v 0.028657 0.052481 0.004776
v 0.027449 0.113974 0.001149
v 0.026290 0.160948 -0.003367
v 0.027963 0.052577 0.007548
v 0.026784 0.114174 0.003798
v 0.025654 0.161218 -0.000836
v 0.024510 0.233446 -0.015738
v 0.023528 0.265311 -0.021169
v 0.022614 0.294713 -0.026807
v 0.024156 0.233815 -0.013383
v 0.023188 0.265713 -0.018917
v 0.022287 0.295142 -0.024650
v 0.023571 0.234176 -0.011073
v 0.022627 0.266107 -0.016708
v 0.021748 0.295563 -0.022535
v 0.020989 0.346855 -0.038304
v 0.020278 0.369959 -0.044019
v 0.019634 0.391326 -0.049649
v 0.020686 0.347324 -0.036318
v 0.019985 0.370442 -0.042109
v 0.019351 0.391820 -0.047806
v 0.020185 0.347783 -0.034371
v 0.019501 0.370915 -0.040235
v 0.018883 0.392305 -0.045999
v 0.018551 0.429561 -0.060558
v 0.018111 0.446780 -0.065824
v 0.017738 0.462964 -0.070974
v 0.018283 0.430073 -0.058830
v 0.017849 0.447300 -0.064143
v 0.017482 0.463492 -0.069334
v 0.017841 0.430576 -0.057136
v 0.017418 0.447811 -0.062495
v 0.017059 0.464010 -0.067726
v 0.033849 -0.354687 -0.038870
v 0.032837 -0.247127 -0.017110
v 0.031631 -0.133326 -0.002784
v 0.033360 -0.355460 -0.035668
v 0.032362 -0.247649 -0.013958
v 0.031174 -0.133597 0.000282
v 0.032551 -0.356218 -0.032527
v 0.031577 -0.248162 -0.010866
v 0.030418 -0.133864 0.003290
v 0.027963 0.051991 -0.009361
v 0.026784 0.112954 -0.012360
v 0.025654 0.159568 -0.016267
v 0.028657 0.052087 -0.006588
v 0.027449 0.113154 -0.009710
v 0.026290 0.159839 -0.013737
v 0.029077 0.052185 -0.003761
v 0.027851 0.113358 -0.007009
v 0.026676 0.160115 -0.011156
v 0.023571 0.231973 -0.025158
v 0.022627 0.263704 -0.030178
v 0.021748 0.292997 -0.035432
v 0.024156 0.232334 -0.022848
v 0.023188 0.264098 -0.027969
v 0.022287 0.293418 -0.033317
v 0.024510 0.232703 -0.020493
v 0.023528 0.264500 -0.025717
v 0.022614 0.293847 -0.031161
v 0.020185 0.344981 -0.046246
v 0.019501 0.368028 -0.051662
v 0.018883 0.389349 -0.057020
v 0.020686 0.345441 -0.044298
v 0.019985 0.368502 -0.049788
v 0.019351 0.389834 -0.055213
v 0.020989 0.345909 -0.042313
v 0.020278 0.368985 -0.047877
v 0.019634 0.390328 -0.053370
v 0.017841 0.427510 -0.067469
v 0.017418 0.444698 -0.072546
v 0.017059 0.460851 -0.077534
v 0.018283 0.428013 -0.065775
v 0.017849 0.445208 -0.070898
v 0.017482 0.461369 -0.075926
v 0.018551 0.428526 -0.064047
v 0.018111 0.445729 -0.069217
v 0.017738 0.461897 -0.074286
v 0.032551 -0.351595 -0.051681
v 0.031577 -0.245037 -0.029721
v 0.030418 -0.132240 -0.015048
v 0.033360 -0.352353 -0.048540
v 0.032362 -0.245549 -0.026629
v 0.031174 -0.132506 -0.012041
v 0.033849 -0.353126 -0.045337
v 0.032837 -0.246072 -0.023477
v 0.031631 -0.132778 -0.008975
v 0.022602 0.051643 -0.019384
v 0.021650 0.112231 -0.021937
v 0.020737 0.158590 -0.025413
v 0.024306 0.051723 -0.017087
v 0.023281 0.112397 -0.019743
v 0.022299 0.158814 -0.023317
v 0.025777 0.051808 -0.014636
v 0.024690 0.112573 -0.017400
v 0.023649 0.159053 -0.021080
v 0.019055 0.230668 -0.033505
v 0.018292 0.262280 -0.038161
v 0.017582 0.291477 -0.043076
v 0.020490 0.230967 -0.031592
v 0.019670 0.262606 -0.036332
v 0.018906 0.291825 -0.041324
v 0.021729 0.231286 -0.029551
v 0.020859 0.262955 -0.034380
v 0.020049 0.292197 -0.039455
v 0.016320 0.343321 -0.053284
v 0.015767 0.366317 -0.058435
v 0.015268 0.387596 -0.063553
v 0.017548 0.343701 -0.051671
v 0.016954 0.366709 -0.056883
v 0.016416 0.387998 -0.062056
v 0.018609 0.344107 -0.049950
v 0.017979 0.367128 -0.055226
v 0.017408 0.388426 -0.060458
v 0.014426 0.425693 -0.073594
v 0.014084 0.442853 -0.078503
v 0.013795 0.458978 -0.083348
v 0.015511 0.426109 -0.072191
v 0.015143 0.443276 -0.077138
v 0.014832 0.459407 -0.082016
v 0.016448 0.426554 -0.070693
v 0.016058 0.443727 -0.075681
v 0.015728 0.459865 -0.080594
v 0.026309 -0.348855 -0.063033
v 0.025522 -0.243185 -0.040897
v 0.024586 -0.131277 -0.025917
v 0.028292 -0.349483 -0.060432
v 0.027446 -0.243610 -0.038336
v 0.026439 -0.131498 -0.023427
v 0.030005 -0.350153 -0.057655
v 0.029108 -0.244062 -0.035603
v 0.028040 -0.131733 -0.020768
v 0.013813 0.051393 -0.026593
v 0.013232 0.111711 -0.028826
v 0.012675 0.157887 -0.031992
v 0.016265 0.051444 -0.025123
v 0.015581 0.111817 -0.027421
v 0.014925 0.158030 -0.030650
v 0.018563 0.051503 -0.023420
v 0.017781 0.111940 -0.025795
v 0.017032 0.158196 -0.029097
v 0.011649 0.229729 -0.039510
v 0.011184 0.261256 -0.043904
v 0.010751 0.290383 -0.048574
v 0.013716 0.229920 -0.038285
v 0.013168 0.261465 -0.042733
v 0.012657 0.290606 -0.047453
v 0.015652 0.230142 -0.036868
v 0.015026 0.261707 -0.041377
v 0.014443 0.290865 -0.046155
v 0.009981 0.342126 -0.058347
v 0.009644 0.365087 -0.063307
v 0.009340 0.386336 -0.068251
v 0.011750 0.342370 -0.057314
v 0.011353 0.365338 -0.062313
v 0.010994 0.386593 -0.067293
v 0.013407 0.342652 -0.056119
v 0.012954 0.365628 -0.061163
v 0.012543 0.386891 -0.066184
v 0.008826 0.424386 -0.078000
v 0.008618 0.441526 -0.082788
v 0.008441 0.457632 -0.087530
v 0.010389 0.424653 -0.077101
v 0.010143 0.441796 -0.081915
v 0.009935 0.457906 -0.086677
v 0.011853 0.424961 -0.076061
v 0.011572 0.442110 -0.080903
v 0.011335 0.458224 -0.085690
v 0.002931 0.051279 -0.029892
v 0.002810 0.111473 -0.031979
v 0.002695 0.157565 -0.035002
v 0.005760 0.051293 -0.029471
v 0.005520 0.111503 -0.031577
v 0.005289 0.157606 -0.034618
v 0.008535 0.051317 -0.028778
v 0.008177 0.111553 -0.030914
v 0.007834 0.157673 -0.033985
v 0.002481 0.229299 -0.042257
v 0.002385 0.260787 -0.046532
v 0.002295 0.289883 -0.051090
v 0.004865 0.229354 -0.041907
v 0.004672 0.260847 -0.046197
v 0.004493 0.289947 -0.050770
v 0.007203 0.229444 -0.041330
v 0.006916 0.260945 -0.045645
v 0.006649 0.290052 -0.050240
v 0.002135 0.341580 -0.060663
v 0.002065 0.364523 -0.065536
v 0.002001 0.385759 -0.070401
v 0.004175 0.341649 -0.060368
v 0.004035 0.364595 -0.065252
v 0.003909 0.385833 -0.070128
v 0.006175 0.341764 -0.059881
v 0.005968 0.364714 -0.064783
v 0.005780 0.385954 -0.069675
v 0.001894 0.423788 -0.080016
v 0.001851 0.440918 -0.084749
v 0.001814 0.457015 -0.089443
v 0.003697 0.423864 -0.079759
v 0.003610 0.440996 -0.084499
v 0.003537 0.457094 -0.089199
v 0.005464 0.423990 -0.079335
v 0.005336 0.441123 -0.084087
v 0.005227 0.457223 -0.088797
v 0.003502 -0.482886 -0.116158
v 0.006896 -0.483051 -0.115681
v 0.010225 -0.483324 -0.114895
v 0.003497 -0.510782 -0.126102
v 0.006887 -0.510957 -0.125629
v 0.010212 -0.511245 -0.124849
v 0.003464 -0.522183 -0.130003
v 0.006820 -0.522359 -0.129536
v 0.010112 -0.522651 -0.128766
v 0.003332 -0.527251 -0.130498
v 0.006557 -0.527422 -0.130050
v 0.009721 -0.527705 -0.129311
v 0.003240 -0.529082 -0.130204
v 0.006375 -0.529249 -0.129769
v 0.009450 -0.529524 -0.129051
v 0.003133 -0.530875 -0.129732
v 0.006163 -0.531037 -0.129311
v 0.009134 -0.531304 -0.128618
v 0.002877 -0.534281 -0.128260
v 0.005653 -0.534430 -0.127876
v 0.008375 -0.534676 -0.127240
v 0.002731 -0.535862 -0.127276
v 0.005361 -0.536003 -0.126911
v 0.007941 -0.536237 -0.126309
v 0.002573 -0.537341 -0.126138
v 0.005048 -0.537474 -0.125795
v 0.007475 -0.537694 -0.125229
v 0.002233 -0.539942 -0.123433
v 0.004369 -0.540057 -0.123139
v 0.006465 -0.540248 -0.122649
v 0.002047 -0.541087 -0.121831
v 0.003997 -0.541189 -0.121571
v 0.005906 -0.541366 -0.121116
v 0.001846 -0.542177 -0.120007
v 0.003591 -0.542260 -0.119796
v 0.005289 -0.542427 -0.119369
v 0.016557 -0.484183 -0.112417
v 0.019499 -0.484762 -0.110749
v 0.022256 -0.485431 -0.108819
v 0.016536 -0.512153 -0.122392
v 0.019475 -0.512764 -0.120739
v 0.022228 -0.513471 -0.118824
v 0.016374 -0.523570 -0.126341
v 0.019284 -0.524188 -0.124709
v 0.022011 -0.524904 -0.122819
v 0.015739 -0.528596 -0.126982
v 0.018536 -0.529195 -0.125416
v 0.021156 -0.529889 -0.123602
v 0.015299 -0.530393 -0.126790
v 0.018017 -0.530977 -0.125268
v 0.020563 -0.531653 -0.123506
v 0.014785 -0.532145 -0.126433
v 0.017411 -0.532711 -0.124963
v 0.019872 -0.533367 -0.123261
v 0.013554 -0.535451 -0.125240
v 0.015960 -0.535972 -0.123894
v 0.018215 -0.536575 -0.122336
v 0.012848 -0.536972 -0.124414
v 0.015129 -0.537467 -0.123139
v 0.017265 -0.538040 -0.121663
v 0.012092 -0.538387 -0.123447
v 0.014238 -0.538853 -0.122247
v 0.016248 -0.539393 -0.120859
v 0.010452 -0.540847 -0.121110
v 0.012305 -0.541251 -0.120076
v 0.014040 -0.541718 -0.118877
v 0.009550 -0.541915 -0.119710
v 0.011244 -0.542280 -0.118774
v 0.012822 -0.542710 -0.117674
v 0.008562 -0.542920 -0.118106
v 0.010088 -0.543239 -0.117290
v 0.011481 -0.543629 -0.116289
v 0.027102 -0.487019 -0.104240
v 0.029146 -0.487922 -0.101635
v 0.030911 -0.488887 -0.098855
v 0.027068 -0.515149 -0.114284
v 0.029109 -0.516103 -0.111702
v 0.030872 -0.517122 -0.108945
v 0.026803 -0.526602 -0.118337
v 0.028824 -0.527568 -0.115788
v 0.030569 -0.528599 -0.113066
v 0.025761 -0.531535 -0.119301
v 0.027703 -0.532472 -0.116854
v 0.029381 -0.533471 -0.114242
v 0.025040 -0.533258 -0.119326
v 0.026927 -0.534170 -0.116949
v 0.028557 -0.535144 -0.114412
v 0.024197 -0.534921 -0.119225
v 0.026021 -0.535805 -0.116929
v 0.027596 -0.536749 -0.114478
v 0.022178 -0.538006 -0.118640
v 0.023849 -0.538820 -0.116537
v 0.025292 -0.539688 -0.114293
v 0.021021 -0.539398 -0.118161
v 0.022605 -0.540171 -0.116169
v 0.023973 -0.540996 -0.114043
v 0.019782 -0.540673 -0.117565
v 0.021271 -0.541402 -0.115692
v 0.022558 -0.542179 -0.113692
v 0.017091 -0.542827 -0.116034
v 0.018378 -0.543457 -0.114417
v 0.019488 -0.544130 -0.112691
v 0.015610 -0.543723 -0.115076
v 0.016791 -0.544297 -0.113607
v 0.017796 -0.544913 -0.112028
v 0.013986 -0.544540 -0.113956
v 0.015060 -0.545047 -0.112658
v 0.015937 -0.545602 -0.111237
v 0.033533 -0.490962 -0.092873
v 0.034366 -0.492052 -0.089728
v 0.034871 -0.493165 -0.086521
v 0.033491 -0.519314 -0.103013
v 0.034323 -0.520466 -0.099894
v 0.034827 -0.521641 -0.096715
v 0.033163 -0.530817 -0.107210
v 0.033987 -0.531983 -0.104132
v 0.034485 -0.533172 -0.100993
v 0.031873 -0.535622 -0.108621
v 0.032665 -0.536752 -0.105666
v 0.033144 -0.537905 -0.102654
v 0.030980 -0.537240 -0.108951
v 0.031749 -0.538342 -0.106081
v 0.032215 -0.539466 -0.103154
v 0.029937 -0.538779 -0.109204
v 0.030680 -0.539847 -0.106431
v 0.031130 -0.540936 -0.103605
v 0.027437 -0.541558 -0.109464
v 0.028118 -0.542540 -0.106925
v 0.028531 -0.543543 -0.104337
v 0.026005 -0.542771 -0.109468
v 0.026651 -0.543704 -0.107063
v 0.027042 -0.544655 -0.104611
v 0.024471 -0.543852 -0.109389
v 0.025078 -0.544731 -0.107126
v 0.025446 -0.545628 -0.104820
v 0.021140 -0.545578 -0.108976
v 0.021665 -0.546339 -0.107024
v 0.021982 -0.547115 -0.105033
v 0.019306 -0.546237 -0.108634
v 0.019793 -0.546931 -0.106855
v 0.020073 -0.547640 -0.105038
v 0.017292 -0.546793 -0.108188
v 0.017751 -0.547410 -0.106606
v 0.017977 -0.548045 -0.104981
v 0.034871 -0.495410 -0.080046
v 0.034366 -0.496523 -0.076839
v 0.033533 -0.497613 -0.073694
v 0.034827 -0.524013 -0.090294
v 0.034323 -0.525188 -0.087114
v 0.033491 -0.526341 -0.083995
v 0.034485 -0.535573 -0.094655
v 0.033987 -0.536762 -0.091516
v 0.033163 -0.537928 -0.088437
v 0.033144 -0.540233 -0.096570
v 0.032665 -0.541385 -0.093557
v 0.031873 -0.542516 -0.090603
v 0.032215 -0.541735 -0.097244
v 0.031749 -0.542858 -0.094317
v 0.030980 -0.543960 -0.091446
v 0.031130 -0.543134 -0.097896
v 0.030680 -0.544222 -0.095069
v 0.029937 -0.545290 -0.092297
v 0.028531 -0.545566 -0.099110
v 0.028118 -0.546568 -0.096521
v 0.027437 -0.547551 -0.093982
v 0.027042 -0.546577 -0.099659
v 0.026651 -0.547528 -0.097206
v 0.026005 -0.548461 -0.094801
v 0.025446 -0.547438 -0.100162
v 0.025078 -0.548335 -0.097855
v 0.024471 -0.549214 -0.095593
v 0.021982 -0.548683 -0.101012
v 0.021665 -0.549459 -0.099021
v 0.021140 -0.550220 -0.097069
v 0.020073 -0.549074 -0.101364
v 0.019793 -0.549783 -0.099547
v 0.019306 -0.550477 -0.097769
v 0.017977 -0.549334 -0.101681
v 0.017751 -0.549968 -0.100056
v 0.017292 -0.550586 -0.098473
v 0.030911 -0.499688 -0.067712
v 0.029146 -0.500653 -0.064931
v 0.027102 -0.501556 -0.062327
v 0.030872 -0.528533 -0.078063
v 0.029109 -0.529551 -0.075307
v 0.027068 -0.530506 -0.072724
v 0.030569 -0.540147 -0.082582
v 0.028824 -0.541178 -0.079860
v 0.026803 -0.542143 -0.077311
v 0.029381 -0.544667 -0.084982
v 0.027703 -0.545666 -0.082370
v 0.025761 -0.546602 -0.079923
v 0.028557 -0.546056 -0.085986
v 0.026927 -0.547030 -0.083449
v 0.025040 -0.547943 -0.081071
v 0.027596 -0.547320 -0.087023
v 0.026021 -0.548264 -0.084572
v 0.024197 -0.549148 -0.082276
v 0.025292 -0.549420 -0.089153
v 0.023849 -0.550289 -0.086909
v 0.022178 -0.551103 -0.084806
v 0.023973 -0.550236 -0.090226
v 0.022605 -0.551061 -0.088100
v 0.021021 -0.551834 -0.086108
v 0.022558 -0.550887 -0.091290
v 0.021271 -0.551665 -0.089290
v 0.019782 -0.552393 -0.087416
v 0.019488 -0.551668 -0.093354
v 0.018378 -0.552341 -0.091628
v 0.017091 -0.552971 -0.090011
v 0.017796 -0.551802 -0.094375
v 0.016791 -0.552418 -0.092796
v 0.015610 -0.552991 -0.091327
v 0.015937 -0.551776 -0.095425
v 0.015060 -0.552332 -0.094004
v 0.013986 -0.552838 -0.092706
v 0.022256 -0.503144 -0.057748
v 0.019499 -0.503813 -0.055818
v 0.016557 -0.504392 -0.054150
v 0.022228 -0.532183 -0.068184
v 0.019475 -0.532890 -0.066270
v 0.016536 -0.533501 -0.064616
v 0.022011 -0.543841 -0.072829
v 0.019284 -0.544557 -0.070939
v 0.016374 -0.545175 -0.069307
v 0.021156 -0.548248 -0.075622
v 0.018536 -0.548942 -0.073808
v 0.015739 -0.549542 -0.072241
v 0.020563 -0.549547 -0.076892
v 0.018017 -0.550224 -0.075130
v 0.015299 -0.550808 -0.073608
v 0.019872 -0.550702 -0.078239
v 0.017411 -0.551358 -0.076537
v 0.014785 -0.551924 -0.075068
v 0.018215 -0.552534 -0.081110
v 0.015960 -0.553137 -0.079552
v 0.013554 -0.553658 -0.078206
v 0.017265 -0.553193 -0.082606
v 0.015129 -0.553765 -0.081130
v 0.012848 -0.554260 -0.079855
v 0.016248 -0.553673 -0.084123
v 0.014238 -0.554213 -0.082734
v 0.012092 -0.554679 -0.081535
v 0.014040 -0.554080 -0.087168
v 0.012305 -0.554547 -0.085969
v 0.010452 -0.554950 -0.084935
v 0.012822 -0.554005 -0.088729
v 0.011244 -0.554434 -0.087628
v 0.009550 -0.554799 -0.086692
v 0.011481 -0.553749 -0.090373
v 0.010088 -0.554140 -0.089372
v 0.008562 -0.554459 -0.088556
v 0.010225 -0.505251 -0.051672
v 0.006896 -0.505524 -0.050885
v 0.003502 -0.505689 -0.050409
v 0.010212 -0.534409 -0.062159
v 0.006887 -0.534698 -0.061379
v 0.003497 -0.534872 -0.060906
v 0.010112 -0.546094 -0.066882
v 0.006820 -0.546386 -0.066111
v 0.003464 -0.546563 -0.065645
v 0.009721 -0.550433 -0.069913
v 0.006557 -0.550715 -0.069174
v 0.003332 -0.550887 -0.068726
v 0.009450 -0.551676 -0.071347
v 0.006375 -0.551952 -0.070628
v 0.003240 -0.552119 -0.070193
v 0.009134 -0.552765 -0.072883
v 0.006163 -0.553032 -0.072189
v 0.003133 -0.553194 -0.071769
v 0.008375 -0.554432 -0.076206
v 0.005653 -0.554678 -0.075571
v 0.002877 -0.554827 -0.075186
v 0.007941 -0.554995 -0.077960
v 0.005361 -0.555229 -0.077358
v 0.002731 -0.555370 -0.076994
v 0.007475 -0.555372 -0.079752
v 0.005048 -0.555592 -0.079186
v 0.002573 -0.555725 -0.078844
v 0.006465 -0.555550 -0.083396
v 0.004369 -0.555741 -0.082906
v 0.002233 -0.555856 -0.082612
v 0.005906 -0.555348 -0.085286
v 0.003997 -0.555525 -0.084832
v 0.002047 -0.555627 -0.084571
v 0.005289 -0.554952 -0.087293
v 0.003591 -0.555119 -0.086865
v 0.001846 -0.555201 -0.086655
v -0.003352 -0.505689 -0.050409
v -0.006746 -0.505524 -0.050885
v -0.010075 -0.505251 -0.051672
v -0.003348 -0.534872 -0.060906
v -0.006738 -0.534698 -0.061379
v -0.010062 -0.534409 -0.062159
v -0.003314 -0.546563 -0.065645
v -0.006671 -0.546386 -0.066111
v -0.009963 -0.546094 -0.066882
v -0.003182 -0.550887 -0.068726
v -0.006408 -0.550715 -0.069174
v -0.009571 -0.550433 -0.069913
v -0.003090 -0.552119 -0.070193
v -0.006226 -0.551952 -0.070628
v -0.009300 -0.551676 -0.071347
v -0.002984 -0.553194 -0.071769
v -0.006013 -0.553032 -0.072189
v -0.008984 -0.552765 -0.072883
v -0.002728 -0.554827 -0.075186
v -0.005503 -0.554678 -0.075571
v -0.008226 -0.554432 -0.076206
v -0.002581 -0.555370 -0.076994
v -0.005211 -0.555229 -0.077358
v -0.007791 -0.554995 -0.077960
v -0.002424 -0.555725 -0.078844
v -0.004899 -0.555592 -0.079186
v -0.007326 -0.555372 -0.079752
v -0.002083 -0.555856 -0.082612
v -0.004220 -0.555741 -0.082906
v -0.006315 -0.555550 -0.083396
v -0.001897 -0.555627 -0.084571
v -0.003847 -0.555525 -0.084832
v -0.005756 -0.555348 -0.085286
v -0.001696 -0.555201 -0.086655
v -0.003441 -0.555119 -0.086865
v -0.005140 -0.554952 -0.087293
v -0.016407 -0.504392 -0.054150
v -0.019350 -0.503813 -0.055818
v -0.022106 -0.503144 -0.057748
v -0.016386 -0.533501 -0.064616
v -0.019325 -0.532890 -0.066270
v -0.022079 -0.532183 -0.068184
v -0.016224 -0.545175 -0.069307
v -0.019135 -0.544557 -0.070939
v -0.021861 -0.543841 -0.072829
v -0.015589 -0.549542 -0.072241
v -0.018386 -0.548942 -0.073808
v -0.021006 -0.548248 -0.075622
v -0.015149 -0.550808 -0.073608
v -0.017867 -0.550224 -0.075130
v -0.020414 -0.549547 -0.076892
v -0.014635 -0.551924 -0.075068
v -0.017262 -0.551358 -0.076537
v -0.019722 -0.550702 -0.078239
v -0.013404 -0.553658 -0.078206
v -0.015811 -0.553137 -0.079552
v -0.018065 -0.552534 -0.081110
v -0.012699 -0.554260 -0.079855
v -0.014979 -0.553765 -0.081130
v -0.017116 -0.553193 -0.082606
v -0.011943 -0.554679 -0.081535
v -0.014088 -0.554213 -0.082734
v -0.016098 -0.553673 -0.084123
v -0.010302 -0.554950 -0.084935
v -0.012155 -0.554547 -0.085969
v -0.013890 -0.554080 -0.087168
v -0.009400 -0.554799 -0.086692
v -0.011095 -0.554434 -0.087628
v -0.012672 -0.554005 -0.088729
v -0.008412 -0.554459 -0.088556
v -0.009938 -0.554140 -0.089372
v -0.011332 -0.553749 -0.090373
v -0.026953 -0.501556 -0.062327
v -0.028996 -0.500653 -0.064931
v -0.030761 -0.499688 -0.067712
v -0.026919 -0.530506 -0.072724
v -0.028959 -0.529551 -0.075307
v -0.030722 -0.528533 -0.078063
v -0.026653 -0.542143 -0.077311
v -0.028674 -0.541178 -0.079860
v -0.030420 -0.540147 -0.082582
v -0.025612 -0.546602 -0.079923
v -0.027554 -0.545666 -0.082370
v -0.029231 -0.544667 -0.084982
v -0.024890 -0.547943 -0.081071
v -0.026778 -0.547030 -0.083449
v -0.028408 -0.546056 -0.085986
v -0.024047 -0.549148 -0.082276
v -0.025871 -0.548264 -0.084572
v -0.027446 -0.547320 -0.087023
v -0.022028 -0.551103 -0.084806
v -0.023699 -0.550289 -0.086909
v -0.025143 -0.549420 -0.089153
v -0.020872 -0.551834 -0.086108
v -0.022455 -0.551061 -0.088100
v -0.023823 -0.550236 -0.090226
v -0.019632 -0.552393 -0.087416
v -0.021122 -0.551665 -0.089290
v -0.022409 -0.550887 -0.091290
v -0.016941 -0.552971 -0.090011
v -0.018229 -0.552341 -0.091628
v -0.019339 -0.551668 -0.093354
v -0.015461 -0.552991 -0.091327
v -0.016642 -0.552418 -0.092796
v -0.017647 -0.551802 -0.094375
v -0.013836 -0.552838 -0.092706
v -0.014910 -0.552332 -0.094004
v -0.015787 -0.551776 -0.095425
v -0.033384 -0.497613 -0.073694
v -0.034216 -0.496523 -0.076839
v -0.034721 -0.495410 -0.080046
v -0.033342 -0.526341 -0.083995
v -0.034173 -0.525188 -0.087114
v -0.034677 -0.524013 -0.090294
v -0.033013 -0.537928 -0.088437
v -0.033837 -0.536762 -0.091516
v -0.034336 -0.535573 -0.094655
v -0.031724 -0.542516 -0.090603
v -0.032515 -0.541385 -0.093557
v -0.032995 -0.540233 -0.096570
v -0.030830 -0.543960 -0.091446
v -0.031600 -0.542858 -0.094317
v -0.032066 -0.541735 -0.097244
v -0.029787 -0.545290 -0.092297
v -0.030530 -0.544222 -0.095069
v -0.030980 -0.543134 -0.097896
v -0.027288 -0.547551 -0.093982
v -0.027969 -0.546568 -0.096521
v -0.028381 -0.545566 -0.099110
v -0.025856 -0.548461 -0.094801
v -0.026501 -0.547528 -0.097206
v -0.026892 -0.546577 -0.099659
v -0.024321 -0.549214 -0.095593
v -0.024928 -0.548335 -0.097855
v -0.025296 -0.547438 -0.100162
v -0.020990 -0.550220 -0.097069
v -0.021516 -0.549459 -0.099021
v -0.021832 -0.548683 -0.101012
v -0.019156 -0.550477 -0.097769
v -0.019644 -0.549783 -0.099547
v -0.019924 -0.549074 -0.101364
v -0.017142 -0.550586 -0.098473
v -0.017602 -0.549968 -0.100056
v -0.017827 -0.549334 -0.101681
v -0.034721 -0.493165 -0.086521
v -0.034216 -0.492052 -0.089728
v -0.033384 -0.490962 -0.092873
v -0.034677 -0.521641 -0.096715
v -0.034173 -0.520466 -0.099894
v -0.033342 -0.519314 -0.103013
v -0.034336 -0.533172 -0.100993
v -0.033837 -0.531983 -0.104132
v -0.033013 -0.530817 -0.107210
v -0.032995 -0.537905 -0.102654
v -0.032515 -0.536752 -0.105666
v -0.031724 -0.535622 -0.108621
v -0.032066 -0.539466 -0.103154
v -0.031600 -0.538342 -0.106081
v -0.030830 -0.537240 -0.108951
v -0.030980 -0.540936 -0.103605
v -0.030530 -0.539847 -0.106431
v -0.029787 -0.538779 -0.109204
v -0.028381 -0.543543 -0.104337
v -0.027969 -0.542540 -0.106925
v -0.027288 -0.541558 -0.109464
v -0.026892 -0.544655 -0.104611
v -0.026501 -0.543704 -0.107063
v -0.025856 -0.542771 -0.109468
v -0.025296 -0.545628 -0.104820
v -0.024928 -0.544731 -0.107126
v -0.024321 -0.543852 -0.109389
v -0.021832 -0.547115 -0.105033
v -0.021516 -0.546339 -0.107024
v -0.020990 -0.545578 -0.108976
v -0.019924 -0.547640 -0.105038
v -0.019644 -0.546931 -0.106855
v -0.019156 -0.546237 -0.108634
v -0.017827 -0.548045 -0.104981
v -0.017602 -0.547410 -0.106606
v -0.017142 -0.546793 -0.108188
v -0.030761 -0.488887 -0.098855
v -0.028996 -0.487922 -0.101635
v -0.026953 -0.487019 -0.104240
v -0.030722 -0.517122 -0.108945
v -0.028959 -0.516103 -0.111702
v -0.026919 -0.515149 -0.114284
v -0.030420 -0.528599 -0.113066
v -0.028674 -0.527568 -0.115788
v -0.026653 -0.526602 -0.118337
v -0.029231 -0.533471 -0.114242
v -0.027554 -0.532472 -0.116854
v -0.025612 -0.531535 -0.119301
v -0.028408 -0.535144 -0.114412
v -0.026778 -0.534170 -0.116949
v -0.024890 -0.533258 -0.119326
v -0.027446 -0.536749 -0.114478
v -0.025871 -0.535805 -0.116929
v -0.024047 -0.534921 -0.119225
v -0.025143 -0.539688 -0.114293
v -0.023699 -0.538820 -0.116537
v -0.022028 -0.538006 -0.118640
v -0.023823 -0.540996 -0.114043
v -0.022455 -0.540171 -0.116169
v -0.020872 -0.539398 -0.118161
v -0.022409 -0.542179 -0.113692
v -0.021122 -0.541402 -0.115692
v -0.019632 -0.540673 -0.117565
v -0.019339 -0.544130 -0.112691
v -0.018229 -0.543457 -0.114417
v -0.016941 -0.542827 -0.116034
v -0.017647 -0.544913 -0.112028
v -0.016642 -0.544297 -0.113607
v -0.015461 -0.543723 -0.115076
v -0.015787 -0.545602 -0.111237
v -0.014910 -0.545047 -0.112658
v -0.013836 -0.544540 -0.113956
v -0.022106 -0.485431 -0.108819
v -0.019350 -0.484762 -0.110749
v -0.016407 -0.484183 -0.112417
v -0.022079 -0.513471 -0.118824
v -0.019325 -0.512764 -0.120739
v -0.016386 -0.512153 -0.122392
v -0.021861 -0.524904 -0.122819
v -0.019135 -0.524188 -0.124709
v -0.016224 -0.523570 -0.126341
v -0.021006 -0.529889 -0.123602
v -0.018386 -0.529195 -0.125416
v -0.015589 -0.528596 -0.126982
v -0.020414 -0.531653 -0.123506
v -0.017867 -0.530977 -0.125268
v -0.015149 -0.530393 -0.126790
v -0.019722 -0.533367 -0.123261
v -0.017262 -0.532711 -0.124963
v -0.014635 -0.532145 -0.126433
v -0.018065 -0.536575 -0.122336
v -0.015811 -0.535972 -0.123894
v -0.013404 -0.535451 -0.125240
v -0.017116 -0.538040 -0.121663
v -0.014979 -0.537467 -0.123139
v -0.012699 -0.536972 -0.124414
v -0.016098 -0.539393 -0.120859
v -0.014088 -0.538853 -0.122247
v -0.011943 -0.538387 -0.123447
v -0.013890 -0.541718 -0.118877
v -0.012155 -0.541251 -0.120076
v -0.010302 -0.540847 -0.121110
v -0.012672 -0.542710 -0.117674
v -0.011095 -0.542280 -0.118774
v -0.009400 -0.541915 -0.119710
v -0.011332 -0.543629 -0.116289
v -0.009938 -0.543239 -0.117290
v -0.008412 -0.542920 -0.118106
v -0.010075 -0.483324 -0.114895
v -0.006746 -0.483051 -0.115681
v -0.003352 -0.482886 -0.116158
v -0.010062 -0.511245 -0.124849
v -0.006738 -0.510957 -0.125629
v -0.003348 -0.510782 -0.126102
v -0.009963 -0.522651 -0.128766
v -0.006671 -0.522359 -0.129536
v -0.003314 -0.522183 -0.130003
v -0.009571 -0.527705 -0.129311
v -0.006408 -0.527422 -0.130050
v -0.003182 -0.527251 -0.130498
v -0.009300 -0.529524 -0.129051
v -0.006226 -0.529249 -0.129769
v -0.003090 -0.529082 -0.130204
v -0.008984 -0.531304 -0.128618
v -0.006013 -0.531037 -0.129311
v -0.002984 -0.530875 -0.129732
v -0.008226 -0.534676 -0.127240
v -0.005503 -0.534430 -0.127876
v -0.002728 -0.534281 -0.128260
v -0.007791 -0.536237 -0.126309
v -0.005211 -0.536003 -0.126911
v -0.002581 -0.535862 -0.127276
v -0.007326 -0.537694 -0.125229
v -0.004899 -0.537474 -0.125795
v -0.002424 -0.537341 -0.126138
v -0.006315 -0.540248 -0.122649
v -0.004220 -0.540057 -0.123139
v -0.002083 -0.539942 -0.123433
v -0.005756 -0.541366 -0.121116
v -0.003847 -0.541189 -0.121571
v -0.001897 -0.541087 -0.121831
v -0.005140 -0.542427 -0.119369
v -0.003441 -0.542260 -0.119796
v -0.001696 -0.542177 -0.120007
v 0.003401 -0.345982 -0.074935
v 0.003301 -0.241244 -0.052614
v 0.003183 -0.130268 -0.037313
v 0.006696 -0.346097 -0.074460
v 0.006497 -0.241321 -0.052146
v 0.006261 -0.130309 -0.036857
v 0.009927 -0.346287 -0.073674
v 0.009631 -0.241449 -0.051372
v 0.009280 -0.130375 -0.036105
v 0.002265 0.528087 -0.107217
v 0.003722 0.525556 -0.107559
v 0.002604 0.525329 -0.108001
v 0.001382 0.525393 -0.107995
v 0.001329 0.528809 -0.106703
v 0.001608 0.530652 -0.104657
v 0.002847 0.528915 -0.106421
v -0.002115 0.528087 -0.107217
v -0.001232 0.525393 -0.107995
v -0.002454 0.525329 -0.108001
v -0.003572 0.525556 -0.107559
v -0.002697 0.528915 -0.106421
v -0.001458 0.530652 -0.104657
v -0.001180 0.528809 -0.106703
v -0.006161 0.528678 -0.105649
v -0.005987 0.525907 -0.106622
v -0.007126 0.526008 -0.106189
v -0.007970 0.526373 -0.105381
v -0.006302 0.529558 -0.104718
v -0.004291 0.531067 -0.103560
v -0.005016 0.529254 -0.105523
v -0.009258 0.529770 -0.102751
v -0.009819 0.527022 -0.103651
v -0.010702 0.527264 -0.102840
v -0.011144 0.527719 -0.101794
v -0.008936 0.530638 -0.101854
v -0.006460 0.531833 -0.101531
v -0.008077 0.530184 -0.103058
v -0.010934 0.531197 -0.098965
v -0.012144 0.528567 -0.099533
v -0.012638 0.528906 -0.098466
v -0.012610 0.529389 -0.097342
v -0.010198 0.531992 -0.098265
v -0.007633 0.532835 -0.098881
v -0.009897 0.531456 -0.099685
v -0.010934 0.532742 -0.094867
v -0.012610 0.530307 -0.094895
v -0.012638 0.530682 -0.093730
v -0.012144 0.531129 -0.092704
v -0.009897 0.533413 -0.094498
v -0.007633 0.533919 -0.096013
v -0.010198 0.532878 -0.095918
v -0.009258 0.534169 -0.091081
v -0.011144 0.531977 -0.090443
v -0.010702 0.532323 -0.089355
v -0.009819 0.532674 -0.088586
v -0.008077 0.534686 -0.091125
v -0.006460 0.534921 -0.093363
v -0.008936 0.534232 -0.092328
v -0.006161 0.535261 -0.088183
v -0.007970 0.533323 -0.086855
v -0.007126 0.533579 -0.086007
v -0.005987 0.533789 -0.085614
v -0.005016 0.535616 -0.088660
v -0.004291 0.535688 -0.091335
v -0.006302 0.535312 -0.089465
v -0.002115 0.535852 -0.086615
v -0.003572 0.534140 -0.084678
v -0.002454 0.534259 -0.084195
v -0.001232 0.534304 -0.084242
v -0.001180 0.536061 -0.087479
v -0.001458 0.536103 -0.090237
v -0.002697 0.535954 -0.087762
v 0.002265 0.535852 -0.086615
v 0.001382 0.534304 -0.084242
v 0.002604 0.534259 -0.084195
v 0.003722 0.534140 -0.084678
v 0.002847 0.535954 -0.087762
v 0.001608 0.536103 -0.090237
v 0.001329 0.536061 -0.087479
v 0.006311 0.535261 -0.088183
v 0.006136 0.533789 -0.085614
v 0.007276 0.533579 -0.086007
v 0.008120 0.533323 -0.086855
v 0.006452 0.535312 -0.089465
v 0.004441 0.535688 -0.091335
v 0.005165 0.535616 -0.088660
v 0.009408 0.534169 -0.091081
v 0.009968 0.532674 -0.088586
v 0.010852 0.532323 -0.089355
v 0.011294 0.531977 -0.090443
v 0.009086 0.534232 -0.092328
v 0.006609 0.534921 -0.093363
v 0.008226 0.534686 -0.091125
v 0.011084 0.532742 -0.094867
v 0.012294 0.531129 -0.092704
v 0.012788 0.530682 -0.093730
v 0.012759 0.530307 -0.094895
v 0.010348 0.532878 -0.095918
v 0.007783 0.533919 -0.096013
v 0.010046 0.533413 -0.094498
v 0.011084 0.531197 -0.098965
v 0.012759 0.529389 -0.097342
v 0.012788 0.528906 -0.098466
v 0.012294 0.528567 -0.099533
v 0.010046 0.531456 -0.099685
v 0.007783 0.532835 -0.098881
v 0.010348 0.531992 -0.098265
v 0.009408 0.529770 -0.102751
v 0.011294 0.527719 -0.101794
v 0.010852 0.527264 -0.102840
v 0.009968 0.527022 -0.103651
v 0.008226 0.530184 -0.103058
v 0.006609 0.531833 -0.101531
v 0.009086 0.530638 -0.101854
v 0.006311 0.528678 -0.105649
v 0.008120 0.526373 -0.105381
v 0.007276 0.526008 -0.106189
v 0.006136 0.525907 -0.106622
v 0.005165 0.529254 -0.105523
v 0.004441 0.531066 -0.103560
v 0.006452 0.529558 -0.104718
v 0.006329 -0.545699 -0.112211
v 0.006270 -0.544875 -0.114155
v 0.007436 -0.545039 -0.113732
v 0.008301 -0.545369 -0.112891
v 0.006445 -0.546155 -0.111079
v 0.004388 -0.546793 -0.109521
v 0.005157 -0.545842 -0.111881
v 0.009435 -0.546829 -0.109319
v 0.010188 -0.546056 -0.111133
v 0.011092 -0.546369 -0.110327
v 0.011545 -0.546795 -0.109242
v 0.009075 -0.547268 -0.108232
v 0.006530 -0.547573 -0.107526
v 0.008214 -0.546799 -0.109432
v 0.011116 -0.548306 -0.105539
v 0.012566 -0.547692 -0.106946
v 0.013070 -0.548108 -0.105879
v 0.013042 -0.548564 -0.104714
v 0.010335 -0.548663 -0.104663
v 0.007690 -0.548592 -0.104919
v 0.010033 -0.548109 -0.106079
v 0.011116 -0.549905 -0.101448
v 0.013042 -0.549536 -0.102229
v 0.013070 -0.549989 -0.101064
v 0.012566 -0.550408 -0.099998
v 0.010033 -0.550127 -0.100918
v 0.007690 -0.549694 -0.102097
v 0.010335 -0.549573 -0.102333
v 0.009435 -0.551382 -0.097668
v 0.011545 -0.551305 -0.097702
v 0.011092 -0.551728 -0.096615
v 0.010188 -0.552044 -0.095810
v 0.008214 -0.551437 -0.097565
v 0.006530 -0.550713 -0.099491
v 0.009075 -0.550968 -0.098765
v 0.006329 -0.552513 -0.094776
v 0.008301 -0.552731 -0.094053
v 0.007436 -0.553059 -0.093210
v 0.006270 -0.553225 -0.092789
v 0.005157 -0.552394 -0.095115
v 0.004388 -0.551493 -0.097496
v 0.006445 -0.552081 -0.095917
v 0.002271 -0.553125 -0.093210
v 0.003805 -0.553596 -0.091838
v 0.002660 -0.553779 -0.091368
v 0.001409 -0.553770 -0.091394
v 0.001326 -0.552853 -0.093942
v 0.001590 -0.551915 -0.096416
v 0.002846 -0.552743 -0.094224
v -0.002121 -0.553125 -0.093210
v -0.001259 -0.553770 -0.091394
v -0.002510 -0.553779 -0.091368
v -0.003655 -0.553597 -0.091838
v -0.002696 -0.552743 -0.094224
v -0.001440 -0.551915 -0.096416
v -0.001176 -0.552853 -0.093942
v -0.006179 -0.552513 -0.094776
v -0.006120 -0.553225 -0.092789
v -0.007286 -0.553059 -0.093210
v -0.008151 -0.552731 -0.094053
v -0.006296 -0.552081 -0.095917
v -0.004239 -0.551493 -0.097496
v -0.005007 -0.552395 -0.095115
v -0.009285 -0.551382 -0.097668
v -0.010038 -0.552044 -0.095810
v -0.010942 -0.551728 -0.096615
v -0.011395 -0.551305 -0.097702
v -0.008926 -0.550968 -0.098765
v -0.006381 -0.550713 -0.099491
v -0.008065 -0.551437 -0.097565
v -0.010966 -0.549905 -0.101448
v -0.012416 -0.550408 -0.099998
v -0.012920 -0.549989 -0.101064
v -0.012893 -0.549536 -0.102229
v -0.010185 -0.549573 -0.102333
v -0.007540 -0.549694 -0.102097
v -0.009883 -0.550127 -0.100918
v -0.010966 -0.548306 -0.105539
v -0.012893 -0.548564 -0.104714
v -0.012920 -0.548108 -0.105879
v -0.012416 -0.547692 -0.106946
v -0.009883 -0.548109 -0.106079
v -0.007540 -0.548592 -0.104919
v -0.010185 -0.548663 -0.104663
v -0.009285 -0.546829 -0.109319
v -0.011395 -0.546795 -0.109242
v -0.010942 -0.546369 -0.110327
v -0.010038 -0.546056 -0.111134
v -0.008065 -0.546799 -0.109432
v -0.006381 -0.547573 -0.107526
v -0.008926 -0.547268 -0.108232
v -0.006179 -0.545699 -0.112211
v -0.008151 -0.545369 -0.112891
v -0.007286 -0.545039 -0.113732
v -0.006120 -0.544875 -0.114155
v -0.005007 -0.545842 -0.111881
v -0.004239 -0.546793 -0.109521
v -0.006296 -0.546155 -0.111079
v -0.002121 -0.545087 -0.113777
v -0.003655 -0.544503 -0.115106
v -0.002510 -0.544319 -0.115575
v -0.001259 -0.544330 -0.115550
v -0.001176 -0.545383 -0.113055
v -0.001440 -0.546371 -0.110600
v -0.002696 -0.545493 -0.112773
v 0.026511 0.357492 -0.030513
v -0.000262 0.352997 -0.028724
v -0.027121 0.357498 -0.030484
v 0.028112 0.350027 -0.041173
v -0.000215 0.344982 -0.039979
v -0.028637 0.350027 -0.041173
v 0.026511 0.351798 -0.054051
v -0.000262 0.347057 -0.053622
v -0.027121 0.351791 -0.054080
v 0.048098 0.522541 -0.107082
v 0.038590 0.550286 -0.117013
v 0.028684 0.571798 -0.124429
v 0.051755 0.527061 -0.095076
v 0.041466 0.555053 -0.105833
v 0.030560 0.576953 -0.114698
v 0.048098 0.531505 -0.083041
v 0.038590 0.559223 -0.094416
v 0.028684 0.580170 -0.104165
v -0.052316 0.531546 -0.082931
v -0.043539 0.559263 -0.094317
v -0.034229 0.580201 -0.104088
v -0.055975 0.527061 -0.095076
v -0.046424 0.555053 -0.105833
v -0.036134 0.576953 -0.114698
v -0.052316 0.522500 -0.107192
v -0.043539 0.550247 -0.117112
v -0.034229 0.571766 -0.124506
v -0.023558 0.537593 -0.066716
v -0.002110 0.538383 -0.064715
v 0.019339 0.537552 -0.066826
v -0.020151 0.565290 -0.079075
v -0.002479 0.566345 -0.077298
v 0.015202 0.565251 -0.079174
v -0.016819 0.585669 -0.090854
v -0.002787 0.587332 -0.089625
v 0.011274 0.585637 -0.090931
v 0.007972 0.594835 -0.133958
v -0.003156 0.597466 -0.135720
v -0.014199 0.594823 -0.133983
v 0.008074 0.601989 -0.125327
v -0.003203 0.605129 -0.126698
v -0.014387 0.601989 -0.125327
v 0.007972 0.603386 -0.114198
v -0.003156 0.606513 -0.114935
v -0.014199 0.603397 -0.114172
v -0.023558 0.516453 -0.123408
v -0.020151 0.544219 -0.132354
v -0.016819 0.566298 -0.137740
v -0.002110 0.515739 -0.125437
v -0.002479 0.543761 -0.134367
v -0.002787 0.566574 -0.139771
v 0.019339 0.516494 -0.123298
v 0.015202 0.544259 -0.132255
v 0.011274 0.566330 -0.137663
v -0.026825 0.383852 -0.078481
v -0.028739 0.413163 -0.089652
v -0.028531 0.447972 -0.100987
v -0.000632 0.381833 -0.080002
v -0.000940 0.412091 -0.091635
v -0.001309 0.447237 -0.103100
v 0.025533 0.383875 -0.078395
v 0.026850 0.413194 -0.089545
v 0.025913 0.448009 -0.100872
v -0.026825 0.398296 -0.024671
v -0.000632 0.397249 -0.022329
v 0.025533 0.398273 -0.024757
v -0.028739 0.430340 -0.030666
v -0.000940 0.430480 -0.028412
v 0.026850 0.430309 -0.030774
v -0.028531 0.467028 -0.041116
v -0.001309 0.467647 -0.038967
v 0.025913 0.466992 -0.041231
v -0.061251 0.394207 -0.039904
v -0.066217 0.425421 -0.047558
v -0.065105 0.461577 -0.058244
v -0.065729 0.389541 -0.051165
v -0.071043 0.421285 -0.060023
v -0.069780 0.457442 -0.071033
v -0.061251 0.387941 -0.063248
v -0.066217 0.418082 -0.072760
v -0.065105 0.453424 -0.083860
v 0.059958 0.387964 -0.063162
v 0.064329 0.418113 -0.072652
v 0.062487 0.453460 -0.083745
v 0.064465 0.389541 -0.051165
v 0.069164 0.421285 -0.060023
v 0.067163 0.457442 -0.071033
v 0.059958 0.394184 -0.039990
v 0.064329 0.425389 -0.047666
v 0.062487 0.461540 -0.058359
v 0.014828 -0.366724 -0.033420
v 0.001680 -0.342207 -0.026907
v -0.004770 -0.307647 -0.019977
v 0.011778 -0.370620 -0.046239
v -0.001976 -0.344696 -0.039911
v -0.008418 -0.308194 -0.031820
v 0.014828 -0.361182 -0.055710
v 0.001680 -0.336760 -0.050488
v -0.004770 -0.302998 -0.042470
v 0.042742 -0.318465 -0.061271
v 0.030350 -0.292810 -0.057832
v 0.020197 -0.264663 -0.050471
v 0.066623 -0.287578 -0.057946
v 0.053080 -0.260161 -0.054996
v 0.040221 -0.232452 -0.048098
v 0.092829 -0.250196 -0.052199
v 0.078344 -0.224272 -0.050268
v 0.063945 -0.198845 -0.044303
v 0.110075 -0.148840 0.023650
v 0.123357 -0.167632 0.023981
v 0.136601 -0.185963 0.019588
v 0.128230 -0.129148 0.024282
v 0.139515 -0.143503 0.025196
v 0.150499 -0.157885 0.021588
v 0.142077 -0.115388 0.022301
v 0.151363 -0.125624 0.023432
v 0.159666 -0.136993 0.020519
v 0.092829 -0.260648 0.008634
v 0.078344 -0.234343 0.015206
v 0.063945 -0.207151 0.016860
v 0.066623 -0.299135 0.000345
v 0.053080 -0.271400 0.007797
v 0.040221 -0.241793 0.010590
v 0.042742 -0.329917 -0.009228
v 0.030350 -0.304117 -0.001813
v 0.020197 -0.274180 0.001960
v 0.056991 -0.357664 -0.054913
v 0.084183 -0.328449 -0.049179
v 0.112203 -0.287955 -0.041161
v 0.057525 -0.366893 -0.045299
v 0.086033 -0.336644 -0.038045
v 0.114627 -0.295032 -0.029134
v 0.056991 -0.363186 -0.032472
v 0.084183 -0.334014 -0.024453
v 0.112203 -0.293029 -0.015310
v 0.044571 -0.166146 -0.022431
v 0.022661 -0.197145 -0.025721
v 0.005948 -0.230953 -0.029480
v 0.042062 -0.163134 -0.008847
v 0.020127 -0.194305 -0.012567
v 0.003176 -0.229389 -0.017544
v 0.044571 -0.169073 0.003749
v 0.022661 -0.200485 -0.000598
v 0.005948 -0.234519 -0.006645
v 0.169336 -0.113476 -0.015791
v 0.164221 -0.103725 -0.015700
v 0.156164 -0.098310 -0.014716
v 0.170817 -0.112162 -0.004176
v 0.165826 -0.102225 -0.003468
v 0.157624 -0.096963 -0.003120
v 0.169336 -0.115217 0.007111
v 0.164221 -0.105403 0.008443
v 0.156164 -0.099818 0.008203
v 0.154378 -0.208360 -0.001161
v 0.156656 -0.209617 -0.014635
v 0.154378 -0.204752 -0.027257
v 0.165181 -0.174825 0.002592
v 0.167124 -0.175408 -0.010233
v 0.165181 -0.171912 -0.022584
v 0.170439 -0.148659 0.004268
v 0.172052 -0.148127 -0.007291
v 0.170439 -0.146399 -0.018732
v 0.092298 -0.120366 -0.018024
v 0.090057 -0.118291 -0.004645
v 0.092298 -0.122486 0.008234
v 0.113548 -0.107158 -0.016515
v 0.111905 -0.105580 -0.003699
v 0.113548 -0.108973 0.008764
v 0.131303 -0.099679 -0.014878
v 0.130673 -0.098415 -0.003214
v 0.131303 -0.101218 0.008182
v 0.136601 -0.178506 -0.041685
v 0.123357 -0.160428 -0.041870
v 0.110075 -0.142872 -0.037786
v 0.150499 -0.151785 -0.037524
v 0.139515 -0.137560 -0.038317
v 0.128230 -0.124159 -0.034935
v 0.159666 -0.132238 -0.032556
v 0.151363 -0.120953 -0.033526
v 0.142077 -0.111383 -0.030836
v 0.014828 -0.172985 0.001608
v 0.001680 -0.147831 0.004898
v -0.004770 -0.112666 0.007303
v 0.011778 -0.178505 -0.010599
v -0.001976 -0.151981 -0.007676
v -0.008418 -0.114739 -0.004370
v 0.014828 -0.170371 -0.021211
v 0.001680 -0.145479 -0.019190
v -0.004770 -0.110964 -0.015602
v 0.042742 -0.128731 -0.032246
v 0.030350 -0.102846 -0.032152
v 0.020197 -0.073984 -0.028492
v 0.066623 -0.097673 -0.032942
v 0.053080 -0.070104 -0.033561
v 0.040221 -0.041736 -0.030302
v 0.092829 -0.059862 -0.032076
v 0.078344 -0.033906 -0.033512
v 0.063945 -0.007921 -0.030884
v 0.110075 0.050448 0.030036
v 0.123357 0.031857 0.032793
v 0.136601 0.013112 0.030807
v 0.128230 0.070056 0.028117
v 0.139515 0.055940 0.030880
v 0.150499 0.041213 0.029161
v 0.142077 0.083445 0.024374
v 0.151363 0.073441 0.026819
v 0.159666 0.061791 0.025400
v 0.092829 -0.062363 0.029599
v 0.078344 -0.035429 0.032715
v 0.063945 -0.008252 0.030840
v 0.066623 -0.101599 0.026354
v 0.053080 -0.073133 0.030159
v 0.040221 -0.043413 0.029100
v 0.042742 -0.133360 0.020840
v 0.030350 -0.106818 0.024858
v 0.020197 -0.076644 0.024730
v 0.056991 -0.166779 -0.020876
v 0.084183 -0.137068 -0.018966
v 0.112203 -0.095878 -0.016249
v 0.057525 -0.174688 -0.010149
v 0.086033 -0.143756 -0.006866
v 0.114627 -0.101341 -0.003408
v 0.056991 -0.169354 0.002092
v 0.084183 -0.139390 0.006272
v 0.112203 -0.097567 0.010041
v 0.044571 0.027331 -0.013422
v 0.022661 -0.003833 -0.012677
v 0.005948 -0.037843 -0.012034
v 0.042062 0.032074 -0.000341
v 0.020127 0.000683 -0.000000
v 0.003176 -0.034750 -0.000400
v 0.044571 0.027812 0.012918
v 0.022661 -0.003898 0.012667
v 0.005948 -0.038428 0.011070
v 0.169336 0.080417 -0.013646
v 0.164221 0.090098 -0.014816
v 0.156164 0.095595 -0.014540
v 0.170817 0.083222 -0.002297
v 0.165826 0.093167 -0.002880
v 0.157624 0.098429 -0.003215
v 0.169336 0.081651 0.009289
v 0.164221 0.091555 0.009342
v 0.156164 0.097062 0.008382
v 0.154378 -0.011779 0.013126
v 0.156656 -0.014768 -0.000072
v 0.154378 -0.011576 -0.013217
v 0.165181 0.021959 0.012514
v 0.167124 0.019724 -0.000129
v 0.165181 0.021593 -0.012828
v 0.170439 0.048122 0.010794
v 0.172052 0.047155 -0.000737
v 0.170439 0.047391 -0.012306
v 0.092298 0.073297 -0.014969
v 0.090057 0.077084 -0.001971
v 0.092298 0.074588 0.011343
v 0.113548 0.086589 -0.015180
v 0.111905 0.089810 -0.002676
v 0.113548 0.088056 0.010121
v 0.131303 0.094217 -0.014524
v 0.130673 0.096977 -0.003121
v 0.131303 0.095671 0.008542
v 0.136601 0.012586 -0.030916
v 0.123357 0.030488 -0.033437
v 0.110075 0.048425 -0.031656
v 0.150499 0.039621 -0.030244
v 0.139515 0.053623 -0.032870
v 0.128230 0.067350 -0.031247
v 0.159666 0.059646 -0.027845
v 0.151363 0.070711 -0.030265
v 0.142077 0.080548 -0.028835
v 0.014828 0.023656 0.011300
v 0.001680 0.049024 0.011311
v -0.004770 0.084206 0.009150
v 0.011778 0.016605 -0.000091
v -0.001976 0.043285 -0.000621
v -0.008418 0.080641 -0.002157
v 0.014828 0.023299 -0.011665
v 0.001680 0.048244 -0.012879
v -0.004770 0.082933 -0.013783
v 0.042742 0.063164 -0.027991
v 0.030350 0.088843 -0.031244
v 0.020197 0.117936 -0.031345
v 0.066623 0.093870 -0.032695
v 0.053080 0.121128 -0.036872
v 0.040221 0.149680 -0.037308
v 0.092829 0.131476 -0.036724
v 0.078344 0.157029 -0.041503
v 0.063945 0.183136 -0.042256
v 0.110075 0.248890 0.010608
v 0.123357 0.230811 0.015745
v 0.136601 0.211966 0.016199
v 0.128230 0.268085 0.006171
v 0.139515 0.254445 0.010735
v 0.150499 0.239619 0.010934
v 0.142077 0.280878 0.000729
v 0.151363 0.271274 0.004446
v 0.159666 0.259538 0.004545
v 0.092829 0.136969 0.024757
v 0.078344 0.164080 0.024365
v 0.063945 0.190786 0.018993
v 0.066623 0.097643 0.026611
v 0.053080 0.126361 0.026704
v 0.040221 0.155695 0.021813
v 0.042742 0.065435 0.025249
v 0.030350 0.092274 0.025802
v 0.020197 0.122178 0.021774
v 0.056991 0.026904 -0.011797
v 0.084183 0.056613 -0.013744
v 0.112203 0.097809 -0.016374
v 0.057525 0.020448 -0.000139
v 0.086033 0.051545 -0.000881
v 0.114627 0.094051 -0.002935
v 0.056991 0.027319 0.011310
v 0.084183 0.057572 0.011582
v 0.112203 0.099532 0.009913
v 0.044571 0.220349 -0.029497
v 0.022661 0.189543 -0.024730
v 0.005948 0.155901 -0.019696
v 0.042062 0.226743 -0.017139
v 0.020127 0.195659 -0.012743
v 0.003176 0.160473 -0.008560
v 0.044571 0.224231 -0.003441
v 0.022661 0.192755 0.000410
v 0.005948 0.158308 0.003289
v 0.169336 0.272961 -0.036581
v 0.164221 0.282409 -0.038993
v 0.156164 0.287896 -0.039429
v 0.170817 0.277209 -0.025690
v 0.165826 0.286996 -0.027553
v 0.157624 0.292171 -0.028566
v 0.169336 0.277149 -0.013998
v 0.164221 0.286977 -0.015226
v 0.156164 0.292314 -0.016890
v 0.154378 0.184998 0.001884
v 0.156656 0.180329 -0.010818
v 0.154378 0.181796 -0.024264
v 0.165181 0.218375 -0.003085
v 0.167124 0.214524 -0.015332
v 0.165181 0.214736 -0.028166
v 0.170439 0.244096 -0.008172
v 0.172052 0.241647 -0.019481
v 0.170439 0.240385 -0.030983
v 0.092298 0.265729 -0.036973
v 0.090057 0.271165 -0.024573
v 0.092298 0.270411 -0.011049
v 0.113548 0.278883 -0.038901
v 0.111905 0.283693 -0.026917
v 0.113548 0.283608 -0.014001
v 0.131303 0.286531 -0.039235
v 0.130673 0.290743 -0.028285
v 0.131303 0.290955 -0.016551
v 0.136601 0.203467 -0.044939
v 0.123357 0.220893 -0.049752
v 0.110075 0.238909 -0.050305
v 0.150499 0.230361 -0.047766
v 0.139515 0.243907 -0.052180
v 0.128230 0.257728 -0.052346
v 0.159666 0.250528 -0.047976
v 0.151363 0.261188 -0.051806
v 0.142077 0.271128 -0.051660
v 0.014828 0.219901 -0.004508
v 0.001680 0.245057 -0.007776
v -0.004770 0.279664 -0.014466
v 0.011778 0.211436 -0.014892
v -0.001976 0.237824 -0.018866
v -0.008418 0.274668 -0.025218
v 0.014828 0.216578 -0.027234
v 0.001680 0.241157 -0.031662
v -0.004770 0.275438 -0.037042
v 0.042742 0.253998 -0.048576
v 0.030350 0.279042 -0.055120
v 0.020197 0.307878 -0.058981
v 0.066623 0.283839 -0.057210
v 0.053080 0.310328 -0.064875
v 0.040221 0.338584 -0.068997
v 0.092829 0.320609 -0.066065
v 0.078344 0.345329 -0.074107
v 0.063945 0.371120 -0.078228
v 0.110075 0.443155 -0.034308
v 0.123357 0.425892 -0.026877
v 0.136601 0.407264 -0.023991
v 0.128230 0.461616 -0.041189
v 0.139515 0.448680 -0.034900
v 0.150499 0.434004 -0.032786
v 0.142077 0.473598 -0.048239
v 0.151363 0.464556 -0.043311
v 0.159666 0.452930 -0.041696
v 0.092829 0.334002 -0.005811
v 0.078344 0.360835 -0.009703
v 0.063945 0.386623 -0.018482
v 0.066623 0.295246 0.001111
v 0.053080 0.323735 -0.002509
v 0.040221 0.352191 -0.011150
v 0.042742 0.263132 0.003924
v 0.030350 0.289817 0.001003
v 0.020197 0.318950 -0.006856
v 0.056991 0.220136 -0.027831
v 0.084183 0.249344 -0.033601
v 0.112203 0.289854 -0.041534
v 0.057525 0.215241 -0.015435
v 0.086033 0.245982 -0.020191
v 0.114627 0.287866 -0.027722
v 0.056991 0.223534 -0.004971
v 0.084183 0.253569 -0.008612
v 0.112203 0.294961 -0.015691
v 0.044571 0.409670 -0.070386
v 0.022661 0.379739 -0.061678
v 0.005948 0.347030 -0.052338
v 0.042062 0.417608 -0.058959
v 0.020127 0.387353 -0.050582
v 0.003176 0.353002 -0.041886
v 0.044571 0.416888 -0.045051
v 0.022661 0.386173 -0.037164
v 0.005948 0.352387 -0.029856
v 0.169336 0.460925 -0.084212
v 0.164221 0.469983 -0.087825
v 0.156164 0.475367 -0.088967
v 0.170817 0.466545 -0.073962
v 0.165826 0.476009 -0.077074
v 0.157624 0.481010 -0.078747
v 0.169336 0.467997 -0.062360
v 0.164221 0.477584 -0.064848
v 0.156164 0.482661 -0.067188
v 0.154378 0.378672 -0.034700
v 0.156656 0.372401 -0.046691
v 0.154378 0.372117 -0.060215
v 0.165181 0.411126 -0.043941
v 0.167124 0.405725 -0.055588
v 0.165181 0.404276 -0.068342
v 0.170439 0.435975 -0.052311
v 0.172052 0.432084 -0.063208
v 0.170439 0.429346 -0.074451
v 0.092298 0.453703 -0.083666
v 0.090057 0.460696 -0.072073
v 0.092298 0.461697 -0.058565
v 0.113548 0.466497 -0.087278
v 0.111905 0.472816 -0.076017
v 0.113548 0.474402 -0.063198
v 0.131303 0.474039 -0.088598
v 0.130673 0.479630 -0.078284
v 0.131303 0.481357 -0.066677
v 0.136601 0.390933 -0.083517
v 0.123357 0.407591 -0.090542
v 0.110075 0.425385 -0.093419
v 0.150499 0.417237 -0.089797
v 0.139515 0.430099 -0.095925
v 0.128230 0.443782 -0.097876
v 0.159666 0.437208 -0.092612
v 0.151363 0.447283 -0.097787
v 0.142077 0.457158 -0.098927
vn -0.0329 -0.6138 0.7888
vn 0.6078 -0.0758 0.7904
vn -0.0331 -0.1423 -0.9893
vn 0.6055 0.2474 -0.7564
vn -0.4643 -0.3869 0.7967
vn 0.3525 0.2125 0.9114
vn -0.4637 -0.0843 -0.8820
vn 0.3513 0.4473 -0.8225
vn -0.8334 -0.0333 0.5517
vn 0.0369 0.7108 0.7024
vn -0.8336 0.0919 -0.5446
vn 0.0366 0.8353 -0.5485
vn -0.0329 -0.5067 0.8615
vn 0.6078 0.0270 0.7936
vn -0.0331 -0.2690 -0.9626
vn 0.6055 0.1476 -0.7821
vn -0.4643 -0.2807 0.8400
vn 0.3525 0.3286 0.8762
vn -0.4637 -0.1976 -0.8637
vn 0.3513 0.3372 -0.8734
vn -0.8334 0.0383 0.5514
vn 0.0369 0.7956 0.6047
vn -0.8336 0.0208 -0.5519
vn 0.0366 0.7574 -0.6519
vn -0.0329 -0.3911 0.9198
vn 0.6078 0.1294 0.7835
vn -0.0331 -0.3912 -0.9197
vn 0.6055 0.0452 -0.7946
vn -0.4643 -0.1698 0.8692
vn 0.3525 0.4391 0.8264
vn -0.4637 -0.3075 -0.8309
vn 0.3513 0.2215 -0.9097
vn -0.8334 0.1093 0.5418
vn 0.0369 0.8671 0.4967
vn -0.8336 -0.0507 -0.5500
vn 0.0366 0.6668 -0.7443
vn -0.0329 -0.2690 0.9626
vn 0.6078 0.2296 0.7602
vn -0.0331 -0.5068 -0.8615
vn 0.6055 -0.0578 -0.7938
vn -0.4643 -0.0560 0.8839
vn 0.3525 0.5422 0.7627
vn -0.4637 -0.4124 -0.7842
vn 0.3513 0.1021 -0.9307
vn -0.8334 0.1784 0.5231
vn 0.0369 0.9240 0.3805
vn -0.8336 -0.1214 -0.5388
vn 0.0366 0.5650 -0.8243
vn -0.0000 -0.1042 -0.9946
vn 0.3707 -0.0788 -0.9254
vn 0.6851 -0.0063 -0.7284
vn 0.8953 0.1021 -0.4335
vn 0.9694 0.2302 -0.0855
vn 0.8959 0.3583 0.2628
vn 0.6858 0.4670 0.5582
vn 0.3712 0.5396 0.7556
vn -0.0000 0.5651 0.8250
vn -0.3712 0.5396 0.7557
vn -0.6858 0.4670 0.5582
vn -0.8959 0.3583 0.2628
vn -0.9694 0.2302 -0.0855
vn -0.8953 0.1021 -0.4335
vn -0.6851 -0.0063 -0.7284
vn -0.3707 -0.0788 -0.9254
vn -0.0000 0.0374 -0.9993
vn -0.0000 -0.1010 -0.9949
vn -0.0000 -0.1823 -0.9832
vn -0.0000 -0.2452 -0.9695
vn -0.0000 -0.2988 -0.9543
vn 0.3827 -0.2748 -0.8821
vn 0.3826 -0.2245 -0.8962
vn 0.3826 -0.1661 -0.9089
vn 0.3826 -0.0911 -0.9194
vn 0.3830 0.0356 -0.9231
vn 0.7071 -0.2062 -0.6764
vn 0.7069 -0.1656 -0.6876
vn 0.7069 -0.1201 -0.6970
vn 0.7070 -0.0628 -0.7044
vn 0.7075 0.0306 -0.7061
vn 0.9238 -0.1035 -0.3687
vn 0.9236 -0.0775 -0.3754
vn 0.9235 -0.0512 -0.3801
vn 0.9236 -0.0205 -0.3828
vn 0.9241 0.0230 -0.3814
vn 0.9998 0.0175 -0.0057
vn 0.9996 0.0264 -0.0072
vn 0.9995 0.0300 -0.0062
vn 0.9996 0.0295 -0.0035
vn 0.9999 0.0140 0.0013
vn 0.9237 0.1386 0.3573
vn 0.9235 0.1303 0.3609
vn 0.9234 0.1112 0.3675
vn 0.9233 0.0794 0.3757
vn 0.9235 0.0050 0.3837
vn 0.7069 0.2412 0.6649
vn 0.7067 0.2184 0.6729
vn 0.7066 0.1800 0.6843
vn 0.7066 0.1217 0.6971
vn 0.7066 -0.0025 0.7076
vn 0.3826 0.3097 0.8705
vn 0.3825 0.2773 0.8814
vn 0.3824 0.2260 0.8959
vn 0.3824 0.1500 0.9117
vn 0.3823 -0.0076 0.9240
vn -0.0000 0.3338 0.9426
vn -0.0000 0.2979 0.9546
vn -0.0000 0.2421 0.9703
vn -0.0000 0.1599 0.9871
vn -0.0000 -0.0094 1.0000
vn -0.3826 0.3097 0.8705
vn -0.3825 0.2773 0.8814
vn -0.3824 0.2260 0.8959
vn -0.3824 0.1500 0.9117
vn -0.3823 -0.0076 0.9240
vn -0.7069 0.2412 0.6649
vn -0.7067 0.2184 0.6729
vn -0.7066 0.1800 0.6843
vn -0.7066 0.1217 0.6971
vn -0.7066 -0.0025 0.7076
vn -0.9237 0.1386 0.3573
vn -0.9235 0.1303 0.3609
vn -0.9234 0.1112 0.3675
vn -0.9233 0.0794 0.3757
vn -0.9235 0.0050 0.3837
vn -0.9998 0.0175 -0.0057
vn -0.9996 0.0264 -0.0072
vn -0.9995 0.0300 -0.0062
vn -0.9996 0.0295 -0.0035
vn -0.9999 0.0140 0.0012
vn -0.9238 -0.1035 -0.3687
vn -0.9236 -0.0775 -0.3754
vn -0.9235 -0.0512 -0.3801
vn -0.9236 -0.0205 -0.3828
vn -0.9241 0.0230 -0.3814
vn -0.7071 -0.2062 -0.6764
vn -0.7069 -0.1656 -0.6876
vn -0.7069 -0.1201 -0.6970
vn -0.7070 -0.0628 -0.7044
vn -0.7075 0.0306 -0.7061
vn -0.3827 -0.2748 -0.8821
vn -0.3826 -0.2245 -0.8962
vn -0.3826 -0.1661 -0.9089
vn -0.3826 -0.0911 -0.9194
vn -0.3830 0.0356 -0.9231
vn -0.0000 -0.9005 -0.4349
vn -0.0000 0.2931 -0.9561
vn -0.0000 -0.7208 -0.6931
vn -0.0000 -0.3977 -0.9175
vn -0.0000 0.0630 -0.9980
vn 0.0297 -0.9026 -0.4294
vn 0.3829 0.2713 -0.8830
vn 0.1472 -0.7312 -0.6661
vn 0.2729 -0.4165 -0.8672
vn 0.3655 0.0376 -0.9301
vn 0.0549 -0.9087 -0.4139
vn 0.7075 0.2091 -0.6751
vn 0.2729 -0.7607 -0.5890
vn 0.5054 -0.4704 -0.7234
vn 0.6757 -0.0348 -0.7364
vn 0.0720 -0.9178 -0.3905
vn 0.9241 0.1160 -0.3641
vn 0.3581 -0.8052 -0.4726
vn 0.6624 -0.5515 -0.5070
vn 0.8834 -0.1433 -0.4462
vn 0.0782 -0.9286 -0.3628
vn 1.0000 0.0063 0.0026
vn 0.3896 -0.8582 -0.3341
vn 0.7196 -0.6477 -0.2501
vn 0.9568 -0.2715 -0.1035
vn 0.0725 -0.9395 -0.3347
vn 0.9236 -0.1034 0.3692
vn 0.3618 -0.9118 -0.1942
vn 0.6673 -0.7448 0.0087
vn 0.8846 -0.4000 0.2397
vn 0.0557 -0.9488 -0.3108
vn 0.7067 -0.1964 0.6797
vn 0.2780 -0.9577 -0.0744
vn 0.5122 -0.8276 0.2296
vn 0.6775 -0.5090 0.5310
vn 0.0302 -0.9551 -0.2948
vn 0.3824 -0.2584 0.8871
vn 0.1509 -0.9885 0.0061
vn 0.2778 -0.8832 0.3778
vn 0.3668 -0.5819 0.7258
vn -0.0000 -0.9573 -0.2891
vn -0.0000 -0.2802 0.9599
vn -0.0000 -0.9994 0.0345
vn -0.0000 -0.9028 0.4301
vn -0.0000 -0.6076 0.7943
vn -0.0302 -0.9551 -0.2948
vn -0.3824 -0.2584 0.8871
vn -0.1509 -0.9885 0.0061
vn -0.2778 -0.8832 0.3778
vn -0.3668 -0.5819 0.7258
vn -0.0557 -0.9488 -0.3109
vn -0.7067 -0.1964 0.6797
vn -0.2780 -0.9577 -0.0744
vn -0.5122 -0.8276 0.2296
vn -0.6775 -0.5090 0.5310
vn -0.0726 -0.9395 -0.3348
vn -0.9236 -0.1034 0.3692
vn -0.3618 -0.9118 -0.1942
vn -0.6673 -0.7448 0.0087
vn -0.8846 -0.4000 0.2397
vn -0.0782 -0.9286 -0.3628
vn -1.0000 0.0063 0.0026
vn -0.3896 -0.8582 -0.3341
vn -0.7196 -0.6478 -0.2501
vn -0.9568 -0.2715 -0.1035
vn -0.0720 -0.9178 -0.3905
vn -0.9241 0.1160 -0.3641
vn -0.3581 -0.8052 -0.4726
vn -0.6624 -0.5515 -0.5070
vn -0.8834 -0.1433 -0.4462
vn -0.0549 -0.9087 -0.4139
vn -0.7075 0.2091 -0.6751
vn -0.2729 -0.7607 -0.5890
vn -0.5054 -0.4704 -0.7234
vn -0.6757 -0.0348 -0.7364
vn -0.0296 -0.9026 -0.4294
vn -0.3829 0.2713 -0.8830
vn -0.1473 -0.7312 -0.6661
vn -0.2730 -0.4166 -0.8672
vn -0.3655 0.0376 -0.9301
vn -0.0000 0.9354 -0.3536
vn -0.0000 -0.9314 -0.3640
vn 0.3999 -0.1248 0.9080
vn -0.3981 -0.1325 0.9077
vn 0.3988 -0.5543 -0.7306
vn -0.3970 -0.5610 -0.7264
vn 0.5760 0.6972 0.4267
vn -0.5801 0.6894 0.4338
vn 0.5738 0.1913 -0.7963
vn -0.5780 0.1807 -0.7958
vn 0.4945 0.3664 0.7882
vn -0.4950 0.3567 0.7923
vn 0.4954 -0.1955 -0.8464
vn -0.4959 -0.2060 -0.8436
vn 0.0329 -0.5935 0.8042
vn -0.6078 -0.0556 0.7921
vn 0.0331 -0.1675 -0.9853
vn -0.6055 0.2280 -0.7625
vn 0.4643 -0.3665 0.8063
vn -0.3525 0.2357 0.9056
vn 0.4637 -0.1068 -0.8796
vn -0.3513 0.4262 -0.8337
vn 0.8334 -0.0192 0.5524
vn -0.0369 0.7285 0.6841
vn 0.8336 0.0780 -0.5468
vn -0.0366 0.8211 -0.5697
vn 0.0329 -0.4846 0.8741
vn -0.6078 0.0473 0.7927
vn 0.0331 -0.2935 -0.9554
vn -0.6055 0.1276 -0.7856
vn 0.4643 -0.2592 0.8469
vn -0.3525 0.3508 0.8676
vn 0.4637 -0.2195 -0.8584
vn -0.3513 0.3148 -0.8817
vn 0.8334 0.0524 0.5502
vn -0.0369 0.8108 0.5842
vn 0.8336 0.0067 -0.5523
vn -0.0366 0.7405 -0.6710
vn 0.0329 -0.3675 0.9294
vn -0.6078 0.1493 0.7799
vn 0.0331 -0.4145 -0.9094
vn -0.6055 0.0249 -0.7955
vn 0.4643 -0.1475 0.8733
vn -0.3525 0.4600 0.8149
vn 0.4637 -0.3287 -0.8228
vn -0.3513 0.1982 -0.9150
vn 0.8334 0.1231 0.5388
vn -0.0369 0.8795 0.4744
vn 0.8336 -0.0648 -0.5485
vn -0.0366 0.6476 -0.7611
vn 0.0329 -0.2443 0.9691
vn -0.6078 0.2489 0.7541
vn 0.0331 -0.5286 -0.8482
vn -0.6055 -0.0781 -0.7920
vn 0.4643 -0.0334 0.8850
vn -0.3525 0.5615 0.7486
vn 0.4637 -0.4323 -0.7734
vn -0.3513 0.0783 -0.9330
vn 0.8334 0.1917 0.5184
vn -0.0369 0.9335 0.3568
vn 0.8336 -0.1351 -0.5355
vn -0.0366 0.5438 -0.8384
vn -0.0321 -0.4868 -0.8729
vn 0.0038 -0.9631 -0.2691
vn -0.0324 -0.8648 0.5010
vn 0.2028 -0.4885 0.8486
vn 0.3843 -0.3453 0.8562
vn 0.5258 -0.2022 0.8263
vn 0.8599 0.0206 0.5101
vn 0.9895 0.1412 0.0299
vn 0.8585 0.2236 -0.4615
vn 0.5242 0.1708 -0.8343
vn 0.3841 0.0854 -0.9193
vn 0.2022 -0.0189 -0.9792
vn -0.3984 -0.0717 -0.9144
vn -0.3243 -0.0720 -0.9432
vn -0.2114 -0.0935 -0.9729
vn 0.5244 0.3155 -0.7909
vn 0.4336 0.3666 -0.8232
vn 0.3769 0.4057 -0.8327
vn 0.1548 0.2684 -0.9508
vn -0.0039 0.1569 -0.9876
vn -0.1898 0.0580 -0.9801
vn -0.7621 -0.4685 0.4468
vn -0.8973 -0.4336 -0.0829
vn -0.7621 -0.2744 -0.5864
vn 0.5742 0.6612 -0.4829
vn 0.6849 0.7233 0.0878
vn 0.5773 0.5184 0.6309
vn 0.1544 -0.0130 0.9879
vn -0.0048 -0.1538 0.9881
vn -0.1909 -0.2687 0.9441
vn -0.2119 -0.5458 0.8107
vn -0.3249 -0.4829 0.8132
vn -0.3991 -0.4303 0.8097
vn 0.3774 0.1374 0.9158
vn 0.4338 0.0677 0.8985
vn 0.5258 -0.0016 0.8506
vn -0.1930 0.7085 -0.6788
vn -0.4728 0.4912 -0.7316
vn -0.7027 0.2603 -0.6622
vn -0.9590 0.0180 0.2829
vn -0.9986 0.0528 0.0058
vn -0.9589 0.0805 -0.2722
vn 0.0296 0.9673 -0.2520
vn 0.0296 0.9954 0.0909
vn 0.0298 0.9032 0.4281
vn -0.1953 0.5561 0.8078
vn -0.4749 0.3261 0.8174
vn -0.7030 0.1095 0.7027
vn -0.5447 -0.3398 0.7667
vn -0.6474 -0.2691 0.7130
vn -0.7554 -0.1617 0.6349
vn 0.1867 0.5845 0.7896
vn 0.2875 0.4371 0.8522
vn 0.3335 0.3088 0.8907
vn -0.5443 -0.0912 -0.8339
vn -0.6474 -0.0695 -0.7590
vn -0.7556 -0.0045 -0.6550
vn 0.1844 0.7344 -0.6532
vn 0.2848 0.6132 -0.7368
vn 0.3314 0.5127 -0.7921
vn -0.0321 -0.5955 -0.8027
vn 0.0038 -0.9898 -0.1423
vn -0.0324 -0.7928 0.6086
vn 0.2028 -0.3747 0.9047
vn 0.3843 -0.2317 0.8937
vn 0.5258 -0.0937 0.8455
vn 0.8599 0.0863 0.5032
vn 0.9895 0.1439 0.0114
vn 0.8585 0.1621 -0.4865
vn 0.5242 0.0615 -0.8494
vn 0.3841 -0.0342 -0.9226
vn 0.2022 -0.1453 -0.9685
vn -0.3984 -0.1893 -0.8975
vn -0.3243 -0.1933 -0.9260
vn -0.2114 -0.2185 -0.9527
vn 0.5244 0.2106 -0.8250
vn 0.4336 0.2571 -0.8637
vn 0.3769 0.2947 -0.8781
vn 0.1548 0.1432 -0.9775
vn -0.0039 0.0280 -0.9996
vn -0.1898 -0.0692 -0.9794
vn -0.7621 -0.4068 0.5036
vn -0.8973 -0.4407 -0.0261
vn -0.7621 -0.3479 -0.5460
vn 0.5742 0.5932 -0.5643
vn 0.6849 0.7286 -0.0065
vn 0.5773 0.5956 0.5586
vn 0.1544 0.1148 0.9813
vn -0.0048 -0.0248 0.9997
vn -0.1909 -0.1444 0.9709
vn -0.2119 -0.4364 0.8744
vn -0.3249 -0.3738 0.8688
vn -0.3991 -0.3220 0.8585
vn 0.3774 0.2546 0.8903
vn 0.4338 0.1832 0.8822
vn 0.5258 0.1084 0.8437
vn -0.1930 0.6148 -0.7647
vn -0.4728 0.3925 -0.7889
vn -0.7027 0.1726 -0.6903
vn -0.9590 0.0545 0.2782
vn -0.9986 0.0531 -0.0010
vn -0.9589 0.0446 -0.2803
vn 0.0296 0.9266 -0.3749
vn 0.0296 0.9988 -0.0386
vn 0.0298 0.9510 0.3077
vn -0.1953 0.6559 0.7292
vn -0.4749 0.4290 0.7684
vn -0.7030 0.1994 0.6827
vn -0.5447 -0.2378 0.8042
vn -0.6474 -0.1746 0.7418
vn -0.7554 -0.0783 0.6505
vn 0.1867 0.6817 0.7074
vn 0.2875 0.5436 0.7886
vn 0.3335 0.4214 0.8433
vn -0.5443 -0.1982 -0.8152
vn -0.6474 -0.1670 -0.7436
vn -0.7556 -0.0891 -0.6490
vn 0.1844 0.6438 -0.7427
vn 0.2848 0.5129 -0.8099
vn 0.3314 0.4060 -0.8517
vn -0.0321 -0.6943 -0.7190
vn 0.0038 -0.9999 -0.0132
vn -0.0324 -0.7075 0.7060
vn 0.2028 -0.2547 0.9455
vn 0.3843 -0.1142 0.9161
vn 0.5258 0.0164 0.8505
vn 0.8599 0.1506 0.4878
vn 0.9895 0.1441 -0.0073
vn 0.8585 0.0979 -0.5034
vn 0.5242 -0.0488 -0.8502
vn 0.3841 -0.1532 -0.9105
vn 0.2022 -0.2693 -0.9416
vn -0.3984 -0.3037 -0.8655
vn -0.3243 -0.3114 -0.8932
vn -0.2114 -0.3398 -0.9164
vn 0.5244 0.1022 -0.8453
vn 0.4336 0.1433 -0.8896
vn 0.3769 0.1787 -0.9088
vn 0.1548 0.0156 -0.9878
vn -0.0039 -0.1015 -0.9948
vn -0.1898 -0.1952 -0.9622
vn -0.7621 -0.3383 0.5520
vn -0.8973 -0.4403 0.0311
vn -0.7621 -0.4156 -0.4965
vn 0.5742 0.5153 -0.6363
vn 0.6849 0.7217 -0.1006
vn 0.5773 0.6628 0.4769
vn 0.1544 0.2407 0.9583
vn -0.0048 0.1046 0.9945
vn -0.1909 -0.0177 0.9815
vn -0.2119 -0.3197 0.9235
vn -0.3249 -0.2583 0.9098
vn -0.3991 -0.2083 0.8929
vn 0.3774 0.3676 0.8500
vn 0.4338 0.2957 0.8511
vn 0.5258 0.2165 0.8226
vn -0.1930 0.5108 -0.8378
vn -0.4728 0.2872 -0.8331
vn -0.7027 0.0819 -0.7068
vn -0.9590 0.0900 0.2688
vn -0.9986 0.0526 -0.0079
vn -0.9589 0.0080 -0.2837
vn 0.0296 0.8704 -0.4915
vn 0.0296 0.9855 -0.1674
vn 0.0298 0.9828 0.1822
vn -0.1953 0.7446 0.6383
vn -0.4749 0.5248 0.7065
vn -0.7030 0.2860 0.6512
vn -0.5447 -0.1319 0.8282
vn -0.6474 -0.0773 0.7582
vn -0.7554 0.0065 0.6552
vn 0.1867 0.7674 0.6134
vn 0.2875 0.6410 0.7117
vn 0.3335 0.5269 0.7818
vn -0.5443 -0.3019 -0.7827
vn -0.6474 -0.2618 -0.7158
vn -0.7556 -0.1723 -0.6320
vn 0.1844 0.5424 -0.8196
vn 0.2848 0.4039 -0.8694
vn 0.3314 0.2925 -0.8970
vn -0.0321 -0.7814 -0.6232
vn 0.0038 -0.9932 0.1162
vn -0.0324 -0.6103 0.7915
vn 0.2028 -0.1303 0.9705
vn 0.3843 0.0051 0.9232
vn 0.5258 0.1262 0.8412
vn 0.8599 0.2124 0.4642
vn 0.9895 0.1420 -0.0259
vn 0.8585 0.0320 -0.5118
vn 0.5242 -0.1583 -0.8368
vn 0.3841 -0.2696 -0.8830
vn 0.2022 -0.3888 -0.8989
vn -0.3984 -0.4130 -0.8189
vn -0.3243 -0.4243 -0.8455
vn -0.2114 -0.4554 -0.8648
vn 0.5244 -0.0080 -0.8515
vn 0.4336 0.0271 -0.9007
vn 0.3769 0.0597 -0.9243
vn 0.1548 -0.1122 -0.9816
vn -0.0039 -0.2292 -0.9734
vn -0.1898 -0.3179 -0.9289
vn -0.7621 -0.2642 0.5911
vn -0.8973 -0.4326 0.0877
vn -0.7621 -0.4763 -0.4386
vn 0.5742 0.4287 -0.6975
vn 0.6849 0.7026 -0.1930
vn 0.5773 0.7189 0.3872
vn 0.1544 0.3625 0.9191
vn -0.0048 0.2323 0.9726
vn -0.1909 0.1093 0.9755
vn -0.2119 -0.1977 0.9571
vn -0.3249 -0.1386 0.9355
vn -0.3991 -0.0912 0.9124
vn 0.3774 0.4744 0.7953
vn 0.4338 0.4033 0.8057
vn 0.5258 0.3210 0.7877
vn -0.1930 0.3982 -0.8968
vn -0.4728 0.1772 -0.8632
vn -0.7027 -0.0102 -0.7114
vn -0.9590 0.1240 0.2550
vn -0.9986 0.0511 -0.0146
vn -0.9589 -0.0287 -0.2824
vn 0.0296 0.7995 -0.5999
vn 0.0296 0.9555 -0.2933
vn 0.0298 0.9981 0.0537
vn -0.1953 0.8209 0.5366
vn -0.4749 0.6117 0.6327
vn -0.7030 0.3678 0.6087
vn -0.5447 -0.0237 0.8383
vn -0.6474 0.0214 0.7618
vn -0.7554 0.0911 0.6489
vn 0.1867 0.8402 0.5091
vn 0.2875 0.7276 0.6229
vn 0.3335 0.6235 0.7071
vn -0.5443 -0.4006 -0.7371
vn -0.6474 -0.3521 -0.6759
vn -0.7556 -0.2525 -0.6044
vn 0.1844 0.4319 -0.8829
vn 0.2848 0.2881 -0.9143
vn 0.3314 0.1741 -0.9273
vn 0.3424 -0.0889 -0.9353
vn 0.1896 -0.1091 -0.9758
vn 0.0311 -0.1103 -0.9934
vn -0.0000 -0.3032 -0.9529
vn -0.0000 -0.2892 -0.9573
vn -0.0000 -0.2393 -0.9710
vn 0.6639 -0.0197 -0.7476
vn 0.5398 -0.0590 -0.8397
vn 0.3998 -0.0808 -0.9130
vn 0.8844 0.0866 -0.4587
vn 0.8080 0.0335 -0.5882
vn 0.7079 -0.0049 -0.7063
vn 0.9703 0.2140 -0.1125
vn 0.9533 0.1545 -0.2594
vn 0.9083 0.1060 -0.4048
vn 0.9086 0.3430 0.2383
vn 0.9535 0.2854 0.0965
vn 0.9705 0.2350 -0.0541
vn 0.7084 0.4541 0.5403
vn 0.8085 0.4065 0.4255
vn 0.8850 0.3625 0.2923
vn 0.4002 0.5302 0.7474
vn 0.5403 0.4992 0.6774
vn 0.6646 0.4690 0.5817
vn 0.0310 0.5598 0.8280
vn 0.1897 0.5493 0.8138
vn 0.3429 0.5383 0.7698
vn -0.3429 0.5383 0.7698
vn -0.1898 0.5493 0.8138
vn -0.0310 0.5598 0.8280
vn -0.6646 0.4690 0.5817
vn -0.5403 0.4992 0.6774
vn -0.4002 0.5302 0.7474
vn -0.8850 0.3625 0.2923
vn -0.8085 0.4065 0.4255
vn -0.7084 0.4541 0.5403
vn -0.9705 0.2350 -0.0541
vn -0.9535 0.2854 0.0965
vn -0.9086 0.3430 0.2383
vn -0.9083 0.1060 -0.4048
vn -0.9533 0.1545 -0.2594
vn -0.9703 0.2140 -0.1125
vn -0.7079 -0.0049 -0.7063
vn -0.8080 0.0335 -0.5882
vn -0.8844 0.0866 -0.4587
vn -0.3998 -0.0808 -0.9130
vn -0.5398 -0.0590 -0.8397
vn -0.6639 -0.0197 -0.7476
vn -0.0311 -0.1103 -0.9934
vn -0.1895 -0.1091 -0.9758
vn -0.3424 -0.0889 -0.9353
vn -0.0000 -0.0131 -0.9999
vn -0.0000 -0.0499 -0.9988
vn -0.0000 -0.0774 -0.9970
vn -0.0000 -0.1235 -0.9923
vn -0.0000 -0.1445 -0.9895
vn -0.0000 -0.1640 -0.9865
vn -0.0000 -0.1993 -0.9799
vn -0.0000 -0.2154 -0.9765
vn -0.0000 -0.2306 -0.9730
vn -0.0000 -0.2593 -0.9658
vn -0.0000 -0.2730 -0.9620
vn -0.0000 -0.2866 -0.9581
vn 0.3805 -0.2135 -0.8998
vn 0.3823 -0.2638 -0.8856
vn 0.3826 -0.2784 -0.8810
vn 0.3827 -0.2633 -0.8856
vn 0.3826 -0.2505 -0.8893
vn 0.3826 -0.2377 -0.8928
vn 0.3826 -0.2110 -0.8995
vn 0.3826 -0.1968 -0.9027
vn 0.3826 -0.1819 -0.9058
vn 0.3826 -0.1493 -0.9118
vn 0.3826 -0.1312 -0.9145
vn 0.3826 -0.1118 -0.9171
vn 0.3827 -0.0695 -0.9213
vn 0.3828 -0.0444 -0.9228
vn 0.3829 -0.0108 -0.9237
vn 0.7030 -0.1400 -0.6972
vn 0.7063 -0.1914 -0.6815
vn 0.7070 -0.2078 -0.6760
vn 0.7070 -0.1969 -0.6792
vn 0.7070 -0.1865 -0.6822
vn 0.7070 -0.1761 -0.6850
vn 0.7069 -0.1549 -0.6901
vn 0.7069 -0.1439 -0.6925
vn 0.7069 -0.1323 -0.6948
vn 0.7069 -0.1071 -0.6991
vn 0.7069 -0.0933 -0.7011
vn 0.7069 -0.0785 -0.7029
vn 0.7071 -0.0468 -0.7056
vn 0.7072 -0.0287 -0.7064
vn 0.7073 -0.0040 -0.7069
vn 0.9186 -0.0301 -0.3940
vn 0.9229 -0.0832 -0.3761
vn 0.9237 -0.1021 -0.3694
vn 0.9237 -0.0976 -0.3704
vn 0.9237 -0.0907 -0.3722
vn 0.9236 -0.0840 -0.3739
vn 0.9236 -0.0711 -0.3768
vn 0.9236 -0.0646 -0.3780
vn 0.9235 -0.0580 -0.3791
vn 0.9235 -0.0441 -0.3809
vn 0.9236 -0.0366 -0.3817
vn 0.9236 -0.0287 -0.3824
vn 0.9237 -0.0130 -0.3829
vn 0.9238 -0.0052 -0.3828
vn 0.9240 0.0060 -0.3824
vn 0.9944 0.0996 -0.0363
vn 0.9989 0.0446 -0.0158
vn 0.9997 0.0226 -0.0077
vn 0.9998 0.0196 -0.0061
vn 0.9997 0.0223 -0.0067
vn 0.9997 0.0246 -0.0071
vn 0.9996 0.0278 -0.0072
vn 0.9996 0.0288 -0.0070
vn 0.9995 0.0295 -0.0067
vn 0.9995 0.0302 -0.0057
vn 0.9995 0.0302 -0.0050
vn 0.9995 0.0301 -0.0043
vn 0.9996 0.0270 -0.0024
vn 0.9997 0.0226 -0.0011
vn 0.9998 0.0179 0.0001
vn 0.9187 0.2293 0.3215
vn 0.9228 0.1723 0.3445
vn 0.9236 0.1472 0.3540
vn 0.9236 0.1367 0.3581
vn 0.9236 0.1353 0.3588
vn 0.9235 0.1332 0.3597
vn 0.9234 0.1267 0.3623
vn 0.9234 0.1223 0.3639
vn 0.9234 0.1171 0.3656
vn 0.9233 0.1045 0.3695
vn 0.9233 0.0971 0.3715
vn 0.9233 0.0889 0.3736
vn 0.9234 0.0670 0.3780
vn 0.9235 0.0503 0.3804
vn 0.9235 0.0297 0.3825
vn 0.7032 0.3393 0.6248
vn 0.7063 0.2806 0.6499
vn 0.7068 0.2529 0.6606
vn 0.7069 0.2360 0.6668
vn 0.7068 0.2311 0.6686
vn 0.7068 0.2253 0.6706
vn 0.7067 0.2105 0.6755
vn 0.7067 0.2014 0.6783
vn 0.7067 0.1913 0.6812
vn 0.7066 0.1675 0.6875
vn 0.7066 0.1537 0.6907
vn 0.7066 0.1386 0.6939
vn 0.7066 0.1008 0.7004
vn 0.7067 0.0738 0.7037
vn 0.7066 0.0397 0.7065
vn 0.3806 0.4127 0.8275
vn 0.3823 0.3530 0.8540
vn 0.3825 0.3235 0.8655
vn 0.3825 0.3024 0.8731
vn 0.3825 0.2951 0.8755
vn 0.3825 0.2868 0.8783
vn 0.3824 0.2665 0.8847
vn 0.3824 0.2544 0.8883
vn 0.3824 0.2409 0.8920
vn 0.3824 0.2095 0.8999
vn 0.3824 0.1915 0.9039
vn 0.3824 0.1719 0.9079
vn 0.3824 0.1234 0.9157
vn 0.3824 0.0895 0.9197
vn 0.3824 0.0465 0.9228
vn -0.0000 0.4386 0.8987
vn -0.0000 0.3784 0.9257
vn -0.0000 0.3483 0.9374
vn -0.0000 0.3257 0.9455
vn -0.0000 0.3176 0.9482
vn -0.0000 0.3084 0.9513
vn -0.0000 0.2861 0.9582
vn -0.0000 0.2729 0.9620
vn -0.0000 0.2583 0.9661
vn -0.0000 0.2243 0.9745
vn -0.0000 0.2048 0.9788
vn -0.0000 0.1836 0.9830
vn -0.0000 0.1314 0.9913
vn -0.0000 0.0950 0.9955
vn -0.0000 0.0488 0.9988
vn -0.3806 0.4127 0.8275
vn -0.3822 0.3530 0.8540
vn -0.3825 0.3235 0.8655
vn -0.3825 0.3024 0.8731
vn -0.3825 0.2951 0.8755
vn -0.3825 0.2868 0.8783
vn -0.3825 0.2665 0.8847
vn -0.3824 0.2544 0.8883
vn -0.3824 0.2409 0.8920
vn -0.3824 0.2095 0.8999
vn -0.3824 0.1915 0.9039
vn -0.3824 0.1719 0.9079
vn -0.3824 0.1234 0.9157
vn -0.3824 0.0895 0.9197
vn -0.3824 0.0465 0.9228
vn -0.7032 0.3393 0.6248
vn -0.7063 0.2806 0.6499
vn -0.7069 0.2529 0.6606
vn -0.7069 0.2360 0.6668
vn -0.7068 0.2311 0.6686
vn -0.7068 0.2253 0.6706
vn -0.7067 0.2105 0.6755
vn -0.7067 0.2014 0.6783
vn -0.7067 0.1913 0.6812
vn -0.7066 0.1675 0.6875
vn -0.7066 0.1537 0.6907
vn -0.7066 0.1386 0.6939
vn -0.7066 0.1008 0.7004
vn -0.7067 0.0738 0.7037
vn -0.7066 0.0397 0.7065
vn -0.9187 0.2293 0.3215
vn -0.9228 0.1723 0.3445
vn -0.9236 0.1472 0.3540
vn -0.9236 0.1367 0.3581
vn -0.9236 0.1353 0.3588
vn -0.9235 0.1332 0.3597
vn -0.9234 0.1267 0.3623
vn -0.9234 0.1223 0.3639
vn -0.9234 0.1171 0.3656
vn -0.9233 0.1045 0.3695
vn -0.9233 0.0971 0.3715
vn -0.9233 0.0889 0.3736
vn -0.9234 0.0670 0.3780
vn -0.9235 0.0503 0.3804
vn -0.9235 0.0297 0.3825
vn -0.9944 0.0996 -0.0363
vn -0.9989 0.0446 -0.0158
vn -0.9997 0.0226 -0.0077
vn -0.9998 0.0196 -0.0061
vn -0.9997 0.0223 -0.0067
vn -0.9997 0.0246 -0.0071
vn -0.9996 0.0278 -0.0072
vn -0.9996 0.0288 -0.0070
vn -0.9995 0.0295 -0.0067
vn -0.9995 0.0302 -0.0057
vn -0.9995 0.0302 -0.0050
vn -0.9995 0.0301 -0.0043
vn -0.9996 0.0270 -0.0024
vn -0.9997 0.0226 -0.0011
vn -0.9998 0.0179 0.0001
vn -0.9186 -0.0301 -0.3940
vn -0.9229 -0.0831 -0.3761
vn -0.9237 -0.1021 -0.3694
vn -0.9237 -0.0976 -0.3704
vn -0.9237 -0.0907 -0.3722
vn -0.9236 -0.0840 -0.3739
vn -0.9236 -0.0711 -0.3768
vn -0.9236 -0.0646 -0.3780
vn -0.9235 -0.0580 -0.3791
vn -0.9235 -0.0441 -0.3809
vn -0.9236 -0.0366 -0.3817
vn -0.9236 -0.0287 -0.3824
vn -0.9237 -0.0130 -0.3829
vn -0.9238 -0.0052 -0.3828
vn -0.9240 0.0060 -0.3824
vn -0.7030 -0.1400 -0.6972
vn -0.7063 -0.1914 -0.6815
vn -0.7070 -0.2078 -0.6760
vn -0.7070 -0.1969 -0.6792
vn -0.7070 -0.1865 -0.6822
vn -0.7070 -0.1761 -0.6850
vn -0.7069 -0.1549 -0.6901
vn -0.7069 -0.1439 -0.6925
vn -0.7069 -0.1323 -0.6948
vn -0.7069 -0.1071 -0.6991
vn -0.7069 -0.0933 -0.7011
vn -0.7070 -0.0785 -0.7029
vn -0.7071 -0.0468 -0.7056
vn -0.7072 -0.0287 -0.7064
vn -0.7073 -0.0040 -0.7069
vn -0.3805 -0.2135 -0.8998
vn -0.3823 -0.2638 -0.8856
vn -0.3826 -0.2784 -0.8810
vn -0.3827 -0.2633 -0.8856
vn -0.3826 -0.2505 -0.8893
vn -0.3826 -0.2377 -0.8928
vn -0.3826 -0.2110 -0.8995
vn -0.3826 -0.1968 -0.9027
vn -0.3826 -0.1819 -0.9058
vn -0.3826 -0.1493 -0.9118
vn -0.3826 -0.1312 -0.9145
vn -0.3826 -0.1118 -0.9171
vn -0.3827 -0.0695 -0.9213
vn -0.3828 -0.0444 -0.9228
vn -0.3829 -0.0108 -0.9237
vn -0.2902 0.0364 -0.9563
vn -0.1952 0.0370 -0.9801
vn -0.0984 0.0373 -0.9944
vn -0.2899 -0.0954 -0.9523
vn -0.1951 -0.0985 -0.9758
vn -0.0983 -0.1004 -0.9901
vn -0.2899 -0.1731 -0.9413
vn -0.1951 -0.1782 -0.9645
vn -0.0983 -0.1812 -0.9785
vn -0.2899 -0.2335 -0.9281
vn -0.1951 -0.2400 -0.9510
vn -0.0983 -0.2439 -0.9648
vn -0.2901 -0.2852 -0.9135
vn -0.1951 -0.2928 -0.9361
vn -0.0982 -0.2973 -0.9497
vn -0.6345 0.0321 -0.7722
vn -0.5559 0.0335 -0.8306
vn -0.4720 0.0346 -0.8809
vn -0.6340 -0.0714 -0.7700
vn -0.5555 -0.0790 -0.8278
vn -0.4716 -0.0856 -0.8776
vn -0.6340 -0.1341 -0.7616
vn -0.5554 -0.1465 -0.8186
vn -0.4716 -0.1572 -0.8677
vn -0.6340 -0.1836 -0.7512
vn -0.5555 -0.1994 -0.8073
vn -0.4716 -0.2131 -0.8557
vn -0.6343 -0.2271 -0.7390
vn -0.5556 -0.2456 -0.7944
vn -0.4715 -0.2615 -0.8422
vn -0.8821 0.0250 -0.4705
vn -0.8318 0.0270 -0.5544
vn -0.7736 0.0288 -0.6330
vn -0.8815 -0.0321 -0.4710
vn -0.8313 -0.0430 -0.5542
vn -0.7731 -0.0533 -0.6321
vn -0.8815 -0.0701 -0.4670
vn -0.8312 -0.0879 -0.5490
vn -0.7730 -0.1046 -0.6257
vn -0.8815 -0.1017 -0.4611
vn -0.8313 -0.1245 -0.5418
vn -0.7730 -0.1458 -0.6174
vn -0.8818 -0.1316 -0.4529
vn -0.8314 -0.1583 -0.5327
vn -0.7730 -0.1831 -0.6073
vn -0.9951 0.0163 -0.0971
vn -0.9809 0.0186 -0.1938
vn -0.9572 0.0208 -0.2887
vn -0.9947 0.0167 -0.1010
vn -0.9804 0.0040 -0.1969
vn -0.9567 -0.0084 -0.2909
vn -0.9947 0.0091 -0.1023
vn -0.9804 -0.0114 -0.1968
vn -0.9567 -0.0316 -0.2895
vn -0.9948 -0.0003 -0.1018
vn -0.9805 -0.0266 -0.1949
vn -0.9567 -0.0523 -0.2862
vn -0.9950 -0.0135 -0.0988
vn -0.9807 -0.0442 -0.1907
vn -0.9569 -0.0743 -0.2809
vn -0.9567 0.0072 0.2910
vn -0.9805 0.0094 0.1962
vn -0.9950 0.0117 0.0995
vn -0.9565 0.0673 0.2838
vn -0.9803 0.0549 0.1898
vn -0.9947 0.0423 0.0939
vn -0.9565 0.0915 0.2770
vn -0.9803 0.0714 0.1843
vn -0.9947 0.0508 0.0898
vn -0.9566 0.1051 0.2717
vn -0.9804 0.0794 0.1804
vn -0.9948 0.0531 0.0874
vn -0.9568 0.1093 0.2695
vn -0.9806 0.0792 0.1794
vn -0.9950 0.0486 0.0874
vn -0.7727 -0.0008 0.6348
vn -0.8310 0.0010 0.5563
vn -0.8813 0.0030 0.4725
vn -0.7727 0.1122 0.6248
vn -0.8309 0.1020 0.5469
vn -0.8812 0.0910 0.4638
vn -0.7727 0.1645 0.6131
vn -0.8310 0.1478 0.5363
vn -0.8812 0.1300 0.4544
vn -0.7728 0.1986 0.6027
vn -0.8311 0.1773 0.5272
vn -0.8814 0.1545 0.4465
vn -0.7729 0.2181 0.5959
vn -0.8313 0.1932 0.5212
vn -0.8816 0.1667 0.4415
vn -0.4713 -0.0066 0.8820
vn -0.5551 -0.0054 0.8318
vn -0.6336 -0.0041 0.7736
vn -0.4713 0.1445 0.8700
vn -0.5552 0.1380 0.8202
vn -0.6337 0.1304 0.7625
vn -0.4713 0.2170 0.8548
vn -0.5552 0.2064 0.8057
vn -0.6337 0.1940 0.7488
vn -0.4714 0.2658 0.8409
vn -0.5553 0.2522 0.7925
vn -0.6338 0.2364 0.7365
vn -0.4714 0.2964 0.8306
vn -0.5554 0.2805 0.7829
vn -0.6341 0.2620 0.7275
vn -0.0982 -0.0093 0.9951
vn -0.1949 -0.0089 0.9808
vn -0.2897 -0.0084 0.9571
vn -0.0983 0.1593 0.9823
vn -0.1949 0.1574 0.9681
vn -0.2897 0.1543 0.9446
vn -0.0983 0.2411 0.9655
vn -0.1949 0.2380 0.9515
vn -0.2898 0.2330 0.9283
vn -0.0983 0.2966 0.9499
vn -0.1950 0.2927 0.9361
vn -0.2898 0.2863 0.9133
vn -0.0981 0.3323 0.9381
vn -0.1950 0.3277 0.9244
vn -0.2901 0.3202 0.9019
vn 0.2897 -0.0084 0.9571
vn 0.1949 -0.0089 0.9808
vn 0.0982 -0.0093 0.9951
vn 0.2897 0.1543 0.9446
vn 0.1949 0.1574 0.9681
vn 0.0983 0.1593 0.9823
vn 0.2898 0.2330 0.9283
vn 0.1949 0.2380 0.9515
vn 0.0983 0.2411 0.9655
vn 0.2898 0.2863 0.9133
vn 0.1950 0.2927 0.9361
vn 0.0983 0.2966 0.9499
vn 0.2901 0.3202 0.9019
vn 0.1950 0.3277 0.9244
vn 0.0981 0.3323 0.9381
vn 0.6336 -0.0041 0.7736
vn 0.5551 -0.0054 0.8318
vn 0.4713 -0.0066 0.8820
vn 0.6337 0.1304 0.7625
vn 0.5552 0.1380 0.8202
vn 0.4713 0.1445 0.8700
vn 0.6337 0.1940 0.7488
vn 0.5552 0.2064 0.8057
vn 0.4714 0.2170 0.8548
vn 0.6338 0.2364 0.7365
vn 0.5553 0.2522 0.7925
vn 0.4714 0.2658 0.8409
vn 0.6341 0.2620 0.7275
vn 0.5554 0.2805 0.7829
vn 0.4714 0.2964 0.8306
vn 0.8813 0.0030 0.4725
vn 0.8310 0.0010 0.5563
vn 0.7727 -0.0008 0.6348
vn 0.8812 0.0910 0.4638
vn 0.8309 0.1020 0.5469
vn 0.7727 0.1122 0.6248
vn 0.8812 0.1300 0.4544
vn 0.8310 0.1478 0.5363
vn 0.7727 0.1645 0.6131
vn 0.8814 0.1545 0.4465
vn 0.8311 0.1773 0.5272
vn 0.7728 0.1986 0.6027
vn 0.8816 0.1667 0.4415
vn 0.8313 0.1932 0.5212
vn 0.7729 0.2181 0.5959
vn 0.9950 0.0117 0.0995
vn 0.9805 0.0094 0.1962
vn 0.9567 0.0072 0.2910
vn 0.9947 0.0423 0.0939
vn 0.9803 0.0549 0.1898
vn 0.9565 0.0673 0.2838
vn 0.9947 0.0508 0.0898
vn 0.9803 0.0714 0.1843
vn 0.9565 0.0915 0.2770
vn 0.9948 0.0531 0.0874
vn 0.9804 0.0794 0.1804
vn 0.9566 0.1051 0.2717
vn 0.9950 0.0486 0.0874
vn 0.9806 0.0792 0.1794
vn 0.9568 0.1093 0.2695
vn 0.9572 0.0208 -0.2887
vn 0.9809 0.0186 -0.1938
vn 0.9951 0.0163 -0.0971
vn 0.9567 -0.0084 -0.2909
vn 0.9804 0.0040 -0.1969
vn 0.9947 0.0167 -0.1010
vn 0.9567 -0.0316 -0.2895
vn 0.9804 -0.0114 -0.1968
vn 0.9947 0.0091 -0.1023
vn 0.9567 -0.0523 -0.2862
vn 0.9805 -0.0266 -0.1949
vn 0.9948 -0.0003 -0.1019
vn 0.9569 -0.0743 -0.2809
vn 0.9807 -0.0442 -0.1907
vn 0.9950 -0.0135 -0.0988
vn 0.7736 0.0288 -0.6330
vn 0.8318 0.0270 -0.5544
vn 0.8821 0.0250 -0.4705
vn 0.7731 -0.0533 -0.6321
vn 0.8313 -0.0430 -0.5542
vn 0.8815 -0.0321 -0.4710
vn 0.7730 -0.1046 -0.6257
vn 0.8312 -0.0879 -0.5490
vn 0.8815 -0.0701 -0.4670
vn 0.7730 -0.1458 -0.6174
vn 0.8313 -0.1245 -0.5418
vn 0.8815 -0.1017 -0.4611
vn 0.7730 -0.1831 -0.6073
vn 0.8314 -0.1583 -0.5327
vn 0.8818 -0.1316 -0.4529
vn 0.4720 0.0346 -0.8809
vn 0.5559 0.0335 -0.8306
vn 0.6345 0.0321 -0.7722
vn 0.4716 -0.0856 -0.8776
vn 0.5555 -0.0790 -0.8278
vn 0.6340 -0.0714 -0.7700
vn 0.4716 -0.1572 -0.8677
vn 0.5554 -0.1465 -0.8186
vn 0.6340 -0.1341 -0.7616
vn 0.4716 -0.2131 -0.8557
vn 0.5555 -0.1994 -0.8073
vn 0.6340 -0.1836 -0.7512
vn 0.4715 -0.2615 -0.8422
vn 0.5556 -0.2456 -0.7944
vn 0.6343 -0.2271 -0.7390
vn 0.0984 0.0373 -0.9944
vn 0.1952 0.0370 -0.9801
vn 0.2902 0.0364 -0.9563
vn 0.0983 -0.1004 -0.9901
vn 0.1951 -0.0985 -0.9758
vn 0.2899 -0.0954 -0.9523
vn 0.0983 -0.1812 -0.9785
vn 0.1950 -0.1782 -0.9645
vn 0.2899 -0.1731 -0.9413
vn 0.0983 -0.2439 -0.9648
vn 0.1951 -0.2400 -0.9510
vn 0.2899 -0.2335 -0.9281
vn 0.0982 -0.2973 -0.9497
vn 0.1951 -0.2928 -0.9361
vn 0.2901 -0.2852 -0.9135
vn -0.0000 0.2545 -0.9671
vn -0.0000 0.3297 -0.9441
vn -0.0000 0.3254 -0.9456
vn 0.0984 0.2918 -0.9514
vn 0.1952 0.2876 -0.9376
vn 0.2902 0.2808 -0.9148
vn 0.3828 0.3008 -0.8735
vn 0.3827 0.3035 -0.8726
vn 0.3806 0.2280 -0.8962
vn 0.2769 0.0487 -0.9597
vn 0.1863 0.0566 -0.9809
vn 0.0939 0.0614 -0.9937
vn -0.0000 -0.3042 -0.9526
vn -0.0000 -0.2081 -0.9781
vn -0.0000 -0.1100 -0.9939
vn 0.3403 -0.1335 -0.9308
vn 0.3211 -0.2303 -0.9186
vn 0.2986 -0.3248 -0.8974
vn 0.2068 -0.4083 -0.8891
vn 0.1391 -0.4024 -0.9048
vn 0.0701 -0.3989 -0.9143
vn -0.0000 -0.6488 -0.7610
vn -0.0000 -0.5708 -0.8211
vn -0.0000 -0.4870 -0.8734
vn 0.2446 -0.5040 -0.8284
vn 0.2142 -0.5857 -0.7818
vn 0.1817 -0.6614 -0.7277
vn 0.1116 -0.7266 -0.6779
vn 0.0750 -0.7234 -0.6864
vn 0.0378 -0.7215 -0.6914
vn -0.0000 -0.8750 -0.4842
vn -0.0000 -0.8369 -0.5473
vn -0.0000 -0.7849 -0.6196
vn 0.1120 -0.7928 -0.5991
vn 0.0788 -0.8425 -0.5329
vn 0.0509 -0.8786 -0.4749
vn 0.0270 -0.9015 -0.4320
vn 0.0157 -0.8997 -0.4363
vn 0.0035 -0.8998 -0.4363
vn 0.4720 0.2592 -0.8426
vn 0.5559 0.2448 -0.7944
vn 0.6345 0.2281 -0.7385
vn 0.7073 0.2306 -0.6682
vn 0.7071 0.2291 -0.6690
vn 0.7033 0.1524 -0.6943
vn 0.6059 -0.0127 -0.7955
vn 0.5307 0.0067 -0.8475
vn 0.4505 0.0235 -0.8924
vn 0.6295 -0.2005 -0.7507
vn 0.5941 -0.2935 -0.7490
vn 0.5526 -0.3836 -0.7399
vn 0.4530 -0.4540 -0.7673
vn 0.3966 -0.4395 -0.8059
vn 0.3366 -0.4270 -0.8393
vn 0.4531 -0.5524 -0.6997
vn 0.3968 -0.6282 -0.6693
vn 0.3367 -0.6977 -0.6324
vn 0.2446 -0.7517 -0.6125
vn 0.2141 -0.7437 -0.6333
vn 0.1816 -0.7368 -0.6512
vn 0.2075 -0.8154 -0.5405
vn 0.1460 -0.8585 -0.4917
vn 0.0942 -0.8889 -0.4483
vn 0.0535 -0.9072 -0.4172
vn 0.0448 -0.9040 -0.4252
vn 0.0336 -0.9024 -0.4295
vn 0.7736 0.1881 -0.6052
vn 0.8318 0.1656 -0.5298
vn 0.8820 0.1415 -0.4494
vn 0.9240 0.1256 -0.3611
vn 0.9238 0.1177 -0.3643
vn 0.9191 0.0393 -0.3922
vn 0.8429 -0.1136 -0.5259
vn 0.7947 -0.0855 -0.6009
vn 0.7389 -0.0592 -0.6712
vn 0.8237 -0.3011 -0.4805
vn 0.7778 -0.3885 -0.4942
vn 0.7240 -0.4720 -0.5031
vn 0.6317 -0.5292 -0.5665
vn 0.5952 -0.5082 -0.6225
vn 0.5530 -0.4886 -0.6749
vn 0.5942 -0.6253 -0.5059
vn 0.5205 -0.6923 -0.4998
vn 0.4417 -0.7523 -0.4887
vn 0.3414 -0.7930 -0.5046
vn 0.3216 -0.7814 -0.5348
vn 0.2987 -0.7706 -0.5629
vn 0.2723 -0.8494 -0.4521
vn 0.1915 -0.8825 -0.4295
vn 0.1236 -0.9045 -0.4081
vn 0.0720 -0.9162 -0.3941
vn 0.0673 -0.9120 -0.4046
vn 0.0586 -0.9090 -0.4126
vn 0.9572 0.0894 -0.2752
vn 0.9809 0.0622 -0.1843
vn 0.9952 0.0345 -0.0916
vn 1.0000 0.0018 0.0010
vn 0.9999 -0.0138 -0.0049
vn 0.9949 -0.0943 -0.0357
vn 0.9520 -0.2386 -0.1916
vn 0.9381 -0.2062 -0.2783
vn 0.9152 -0.1744 -0.3633
vn 0.8931 -0.4202 -0.1608
vn 0.8438 -0.5010 -0.1923
vn 0.7860 -0.5770 -0.2221
vn 0.7155 -0.6229 -0.3163
vn 0.7045 -0.5986 -0.3813
vn 0.6868 -0.5747 -0.4450
vn 0.6459 -0.7120 -0.2756
vn 0.5660 -0.7686 -0.2982
vn 0.4805 -0.8174 -0.3177
vn 0.3873 -0.8446 -0.3698
vn 0.3812 -0.8311 -0.4049
vn 0.3714 -0.8180 -0.4393
vn 0.2962 -0.8899 -0.3469
vn 0.2083 -0.9112 -0.3555
vn 0.1344 -0.9231 -0.3604
vn 0.0798 -0.9272 -0.3660
vn 0.0797 -0.9226 -0.3774
vn 0.0749 -0.9186 -0.3880
vn 0.9951 -0.0219 0.0968
vn 0.9806 -0.0497 0.1895
vn 0.9568 -0.0769 0.2804
vn 0.9237 -0.1220 0.3631
vn 0.9237 -0.1452 0.3544
vn 0.9193 -0.2278 0.3209
vn 0.9162 -0.3688 0.1565
vn 0.9388 -0.3370 0.0714
vn 0.9524 -0.3045 -0.0154
vn 0.8265 -0.5398 0.1600
vn 0.7814 -0.6141 0.1110
vn 0.7283 -0.6826 0.0605
vn 0.6906 -0.7212 -0.0541
vn 0.7071 -0.6971 -0.1184
vn 0.7168 -0.6726 -0.1838
vn 0.5992 -0.7994 -0.0433
vn 0.5253 -0.8456 -0.0946
vn 0.4461 -0.8831 -0.1450
vn 0.3743 -0.8988 -0.2281
vn 0.3832 -0.8855 -0.2629
vn 0.3883 -0.8719 -0.2983
vn 0.2750 -0.9309 -0.2406
vn 0.1934 -0.9401 -0.2808
vn 0.1247 -0.9418 -0.3123
vn 0.0754 -0.9384 -0.3372
vn 0.0800 -0.9341 -0.3478
vn 0.0799 -0.9298 -0.3594
vn 0.8814 -0.1289 0.4544
vn 0.8311 -0.1530 0.5347
vn 0.7728 -0.1755 0.6099
vn 0.7069 -0.2269 0.6699
vn 0.7070 -0.2566 0.6590
vn 0.7037 -0.3411 0.6233
vn 0.7407 -0.4845 0.4654
vn 0.7964 -0.4580 0.3949
vn 0.8445 -0.4299 0.3195
vn 0.6334 -0.6415 0.4328
vn 0.5992 -0.7104 0.3691
vn 0.5588 -0.7726 0.3013
vn 0.5597 -0.8089 0.1798
vn 0.6015 -0.7888 0.1263
vn 0.6374 -0.7674 0.0692
vn 0.4602 -0.8742 0.1551
vn 0.4036 -0.9115 0.0793
vn 0.3428 -0.9394 0.0027
vn 0.3038 -0.9473 -0.1014
vn 0.3264 -0.9362 -0.1304
vn 0.3457 -0.9243 -0.1614
vn 0.2114 -0.9659 -0.1496
vn 0.1487 -0.9648 -0.2169
vn 0.0958 -0.9578 -0.2711
vn 0.0594 -0.9482 -0.3121
vn 0.0681 -0.9449 -0.3203
vn 0.0727 -0.9408 -0.3310
vn 0.6338 -0.2153 0.7430
vn 0.5552 -0.2320 0.7987
vn 0.4714 -0.2464 0.8468
vn 0.3825 -0.2970 0.8749
vn 0.3826 -0.3311 0.8626
vn 0.3808 -0.4168 0.8254
vn 0.4521 -0.5678 0.6880
vn 0.5324 -0.5508 0.6427
vn 0.6076 -0.5312 0.5904
vn 0.3431 -0.7096 0.6154
vn 0.3247 -0.7750 0.5422
vn 0.3029 -0.8331 0.4629
vn 0.3422 -0.8724 0.3490
vn 0.4029 -0.8595 0.3146
vn 0.4597 -0.8445 0.2747
vn 0.2496 -0.9244 0.2884
vn 0.2190 -0.9558 0.1963
vn 0.1861 -0.9772 0.1021
vn 0.1859 -0.9825 -0.0095
vn 0.2189 -0.9753 -0.0282
vn 0.2496 -0.9670 -0.0499
vn 0.1147 -0.9895 -0.0884
vn 0.0807 -0.9815 -0.1739
vn 0.0520 -0.9685 -0.2434
vn 0.0342 -0.9550 -0.2946
vn 0.0456 -0.9531 -0.2991
vn 0.0543 -0.9501 -0.3073
vn 0.2898 -0.2679 0.9188
vn 0.1949 -0.2747 0.9416
vn 0.0983 -0.2788 0.9553
vn -0.0000 -0.3216 0.9469
vn -0.0000 -0.3572 0.9340
vn -0.0000 -0.4434 0.8963
vn 0.0943 -0.6059 0.7899
vn 0.1870 -0.6011 0.7770
vn 0.2780 -0.5931 0.7556
vn -0.0000 -0.7335 0.6796
vn -0.0000 -0.7977 0.6030
vn -0.0000 -0.8543 0.5197
vn 0.0714 -0.9015 0.4267
vn 0.1417 -0.8979 0.4169
vn 0.2106 -0.8917 0.4006
vn -0.0000 -0.9421 0.3354
vn -0.0000 -0.9714 0.2375
vn -0.0000 -0.9906 0.1371
vn 0.0388 -0.9987 0.0328
vn 0.0770 -0.9967 0.0275
vn 0.1145 -0.9933 0.0185
vn -0.0000 -0.9978 -0.0668
vn -0.0000 -0.9873 -0.1588
vn -0.0000 -0.9723 -0.2337
vn 0.0036 -0.9578 -0.2875
vn 0.0161 -0.9576 -0.2875
vn 0.0275 -0.9560 -0.2920
vn -0.0983 -0.2788 0.9553
vn -0.1949 -0.2747 0.9416
vn -0.2898 -0.2679 0.9188
vn -0.3825 -0.2970 0.8749
vn -0.3826 -0.3311 0.8626
vn -0.3808 -0.4168 0.8254
vn -0.2780 -0.5931 0.7556
vn -0.1870 -0.6011 0.7770
vn -0.0943 -0.6059 0.7899
vn -0.3431 -0.7096 0.6154
vn -0.3247 -0.7750 0.5422
vn -0.3029 -0.8331 0.4629
vn -0.2105 -0.8917 0.4006
vn -0.1417 -0.8979 0.4169
vn -0.0714 -0.9016 0.4267
vn -0.2496 -0.9244 0.2884
vn -0.2190 -0.9558 0.1963
vn -0.1861 -0.9772 0.1021
vn -0.1145 -0.9933 0.0185
vn -0.0770 -0.9967 0.0275
vn -0.0387 -0.9987 0.0328
vn -0.1147 -0.9895 -0.0884
vn -0.0807 -0.9815 -0.1739
vn -0.0520 -0.9685 -0.2434
vn -0.0275 -0.9560 -0.2920
vn -0.0160 -0.9576 -0.2875
vn -0.0036 -0.9578 -0.2875
vn -0.4714 -0.2464 0.8468
vn -0.5552 -0.2320 0.7987
vn -0.6338 -0.2153 0.7430
vn -0.7069 -0.2269 0.6699
vn -0.7070 -0.2566 0.6590
vn -0.7037 -0.3411 0.6233
vn -0.6076 -0.5312 0.5904
vn -0.5324 -0.5508 0.6427
vn -0.4521 -0.5678 0.6880
vn -0.6334 -0.6415 0.4328
vn -0.5992 -0.7104 0.3691
vn -0.5588 -0.7726 0.3013
vn -0.4597 -0.8445 0.2747
vn -0.4029 -0.8595 0.3146
vn -0.3422 -0.8724 0.3490
vn -0.4602 -0.8742 0.1551
vn -0.4036 -0.9115 0.0793
vn -0.3428 -0.9394 0.0027
vn -0.2497 -0.9670 -0.0499
vn -0.2189 -0.9753 -0.0282
vn -0.1859 -0.9825 -0.0095
vn -0.2114 -0.9659 -0.1496
vn -0.1486 -0.9648 -0.2169
vn -0.0958 -0.9578 -0.2711
vn -0.0543 -0.9501 -0.3073
vn -0.0456 -0.9532 -0.2990
vn -0.0342 -0.9550 -0.2946
vn -0.7728 -0.1755 0.6099
vn -0.8311 -0.1530 0.5347
vn -0.8814 -0.1289 0.4544
vn -0.9237 -0.1220 0.3631
vn -0.9237 -0.1452 0.3544
vn -0.9193 -0.2278 0.3209
vn -0.8445 -0.4299 0.3195
vn -0.7964 -0.4580 0.3949
vn -0.7407 -0.4845 0.4654
vn -0.8265 -0.5398 0.1600
vn -0.7814 -0.6141 0.1110
vn -0.7283 -0.6826 0.0605
vn -0.6374 -0.7674 0.0692
vn -0.6015 -0.7888 0.1263
vn -0.5597 -0.8089 0.1798
vn -0.5992 -0.7994 -0.0433
vn -0.5253 -0.8456 -0.0946
vn -0.4461 -0.8832 -0.1450
vn -0.3457 -0.9243 -0.1614
vn -0.3264 -0.9362 -0.1304
vn -0.3038 -0.9473 -0.1014
vn -0.2750 -0.9309 -0.2406
vn -0.1934 -0.9401 -0.2808
vn -0.1247 -0.9418 -0.3123
vn -0.0728 -0.9408 -0.3310
vn -0.0681 -0.9449 -0.3203
vn -0.0594 -0.9482 -0.3121
vn -0.9568 -0.0769 0.2804
vn -0.9806 -0.0497 0.1895
vn -0.9951 -0.0219 0.0968
vn -1.0000 0.0018 0.0010
vn -0.9999 -0.0138 -0.0049
vn -0.9949 -0.0943 -0.0357
vn -0.9524 -0.3045 -0.0154
vn -0.9388 -0.3370 0.0714
vn -0.9162 -0.3688 0.1565
vn -0.8931 -0.4202 -0.1608
vn -0.8438 -0.5010 -0.1923
vn -0.7860 -0.5770 -0.2221
vn -0.7168 -0.6726 -0.1838
vn -0.7071 -0.6971 -0.1184
vn -0.6906 -0.7212 -0.0541
vn -0.6459 -0.7120 -0.2756
vn -0.5660 -0.7686 -0.2982
vn -0.4805 -0.8174 -0.3177
vn -0.3883 -0.8719 -0.2983
vn -0.3832 -0.8855 -0.2629
vn -0.3743 -0.8988 -0.2281
vn -0.2962 -0.8899 -0.3469
vn -0.2083 -0.9112 -0.3555
vn -0.1344 -0.9231 -0.3604
vn -0.0799 -0.9298 -0.3594
vn -0.0800 -0.9341 -0.3478
vn -0.0754 -0.9384 -0.3372
vn -0.9952 0.0345 -0.0916
vn -0.9809 0.0622 -0.1843
vn -0.9572 0.0894 -0.2752
vn -0.9240 0.1256 -0.3611
vn -0.9238 0.1177 -0.3643
vn -0.9191 0.0393 -0.3922
vn -0.9152 -0.1744 -0.3633
vn -0.9381 -0.2062 -0.2783
vn -0.9520 -0.2386 -0.1916
vn -0.8237 -0.3011 -0.4805
vn -0.7777 -0.3885 -0.4942
vn -0.7240 -0.4720 -0.5031
vn -0.6868 -0.5747 -0.4450
vn -0.7045 -0.5986 -0.3813
vn -0.7155 -0.6229 -0.3163
vn -0.5942 -0.6253 -0.5059
vn -0.5205 -0.6923 -0.4998
vn -0.4417 -0.7523 -0.4887
vn -0.3714 -0.8180 -0.4393
vn -0.3812 -0.8311 -0.4049
vn -0.3873 -0.8446 -0.3698
vn -0.2722 -0.8494 -0.4521
vn -0.1915 -0.8825 -0.4295
vn -0.1236 -0.9045 -0.4081
vn -0.0749 -0.9186 -0.3880
vn -0.0797 -0.9226 -0.3774
vn -0.0798 -0.9272 -0.3660
vn -0.8820 0.1415 -0.4494
vn -0.8318 0.1656 -0.5298
vn -0.7736 0.1881 -0.6052
vn -0.7073 0.2306 -0.6682
vn -0.7071 0.2291 -0.6690
vn -0.7033 0.1524 -0.6943
vn -0.7389 -0.0592 -0.6712
vn -0.7947 -0.0855 -0.6009
vn -0.8430 -0.1136 -0.5259
vn -0.6295 -0.2005 -0.7507
vn -0.5941 -0.2935 -0.7490
vn -0.5527 -0.3836 -0.7399
vn -0.5530 -0.4886 -0.6749
vn -0.5952 -0.5082 -0.6225
vn -0.6317 -0.5292 -0.5665
vn -0.4531 -0.5524 -0.6997
vn -0.3968 -0.6282 -0.6693
vn -0.3367 -0.6977 -0.6324
vn -0.2987 -0.7706 -0.5629
vn -0.3216 -0.7814 -0.5348
vn -0.3414 -0.7930 -0.5046
vn -0.2075 -0.8154 -0.5405
vn -0.1460 -0.8585 -0.4917
vn -0.0942 -0.8889 -0.4482
vn -0.0586 -0.9090 -0.4126
vn -0.0673 -0.9120 -0.4046
vn -0.0720 -0.9162 -0.3941
vn -0.6345 0.2281 -0.7385
vn -0.5559 0.2448 -0.7944
vn -0.4720 0.2592 -0.8426
vn -0.3828 0.3008 -0.8735
vn -0.3827 0.3035 -0.8726
vn -0.3806 0.2280 -0.8962
vn -0.4505 0.0235 -0.8924
vn -0.5307 0.0067 -0.8475
vn -0.6059 -0.0127 -0.7955
vn -0.3403 -0.1335 -0.9308
vn -0.3211 -0.2303 -0.9186
vn -0.2986 -0.3248 -0.8974
vn -0.3366 -0.4270 -0.8393
vn -0.3966 -0.4395 -0.8060
vn -0.4530 -0.4540 -0.7673
vn -0.2446 -0.5040 -0.8284
vn -0.2142 -0.5857 -0.7817
vn -0.1817 -0.6614 -0.7277
vn -0.1816 -0.7368 -0.6512
vn -0.2141 -0.7437 -0.6333
vn -0.2446 -0.7517 -0.6125
vn -0.1120 -0.7928 -0.5991
vn -0.0788 -0.8425 -0.5329
vn -0.0509 -0.8786 -0.4749
vn -0.0336 -0.9024 -0.4295
vn -0.0448 -0.9040 -0.4252
vn -0.0535 -0.9072 -0.4172
vn -0.2902 0.2808 -0.9148
vn -0.1952 0.2876 -0.9376
vn -0.0984 0.2918 -0.9514
vn -0.0939 0.0614 -0.9937
vn -0.1863 0.0566 -0.9809
vn -0.2769 0.0487 -0.9597
vn -0.0701 -0.3989 -0.9143
vn -0.1391 -0.4024 -0.9048
vn -0.2068 -0.4083 -0.8891
vn -0.0378 -0.7215 -0.6914
vn -0.0750 -0.7234 -0.6864
vn -0.1116 -0.7266 -0.6779
vn -0.0035 -0.8998 -0.4363
vn -0.0157 -0.8997 -0.4363
vn -0.0270 -0.9015 -0.4320
vn -0.0000 0.2399 -0.9708
vn -0.0000 0.1727 -0.9850
vn -0.0000 0.1016 -0.9948
vn 0.3830 0.0948 -0.9189
vn 0.3831 0.1603 -0.9097
vn 0.3830 0.2222 -0.8966
vn -0.3830 0.2222 -0.8966
vn -0.3831 0.1603 -0.9097
vn -0.3831 0.0948 -0.9189
vn 0.7076 0.0752 -0.7026
vn 0.7076 0.1249 -0.6954
vn 0.7076 0.1720 -0.6854
vn 0.9242 0.0459 -0.3791
vn 0.9242 0.0720 -0.3750
vn 0.9242 0.0968 -0.3694
vn 0.9999 0.0113 0.0021
vn 1.0000 0.0096 0.0028
vn 1.0000 0.0082 0.0030
vn 0.9234 -0.0232 0.3831
vn 0.9234 -0.0527 0.3801
vn 0.9235 -0.0804 0.3751
vn 0.7065 -0.0524 0.7058
vn 0.7065 -0.1055 0.6998
vn 0.7066 -0.1554 0.6904
vn 0.3823 -0.0719 0.9213
vn 0.3823 -0.1407 0.9133
vn 0.3823 -0.2055 0.9009
vn -0.0000 -0.0787 0.9969
vn -0.0000 -0.1531 0.9882
vn -0.0000 -0.2231 0.9748
vn -0.3823 -0.0719 0.9213
vn -0.3823 -0.1407 0.9133
vn -0.3823 -0.2055 0.9009
vn -0.7065 -0.0524 0.7058
vn -0.7065 -0.1055 0.6998
vn -0.7066 -0.1554 0.6904
vn -0.9234 -0.0232 0.3831
vn -0.9234 -0.0527 0.3801
vn -0.9235 -0.0804 0.3751
vn -0.9999 0.0113 0.0021
vn -1.0000 0.0096 0.0027
vn -1.0000 0.0082 0.0030
vn -0.9242 0.0459 -0.3791
vn -0.9242 0.0720 -0.3750
vn -0.9242 0.0968 -0.3694
vn -0.7076 0.0752 -0.7026
vn -0.7076 0.1249 -0.6954
vn -0.7076 0.1720 -0.6854
vn 0.0437 0.8920 -0.4499
vn 0.1908 0.6485 -0.7369
vn 0.3251 0.2180 -0.9202
vn -0.0000 0.1956 -0.9807
vn -0.0000 0.6353 -0.7723
vn -0.0000 0.8890 -0.4580
vn -0.3251 0.2180 -0.9202
vn -0.1908 0.6485 -0.7369
vn -0.0437 0.8920 -0.4499
vn -0.6011 0.2819 -0.7478
vn -0.3529 0.6862 -0.6361
vn -0.0807 0.9007 -0.4268
vn -0.7860 0.3777 -0.4895
vn -0.4617 0.7429 -0.4847
vn -0.1057 0.9138 -0.3922
vn -0.8515 0.4909 -0.1842
vn -0.5007 0.8099 -0.3056
vn -0.1146 0.9292 -0.3513
vn -0.7874 0.6043 0.1216
vn -0.4634 0.8772 -0.1258
vn -0.1060 0.9447 -0.3102
vn -0.6031 0.7007 0.3812
vn -0.3552 0.9344 0.0271
vn -0.0813 0.9579 -0.2752
vn -0.3265 0.7651 0.5550
vn -0.1924 0.9727 0.1295
vn -0.0440 0.9668 -0.2518
vn -0.0000 0.7877 0.6160
vn -0.0000 0.9862 0.1655
vn -0.0000 0.9699 -0.2436
vn 0.3265 0.7651 0.5550
vn 0.1924 0.9727 0.1295
vn 0.0441 0.9668 -0.2518
vn 0.6031 0.7007 0.3812
vn 0.3552 0.9344 0.0271
vn 0.0813 0.9579 -0.2752
vn 0.7874 0.6043 0.1215
vn 0.4634 0.8772 -0.1258
vn 0.1061 0.9447 -0.3102
vn 0.8515 0.4909 -0.1843
vn 0.5007 0.8099 -0.3056
vn 0.1146 0.9292 -0.3513
vn 0.7860 0.3777 -0.4895
vn 0.4617 0.7429 -0.4847
vn 0.1057 0.9138 -0.3922
vn 0.6011 0.2819 -0.7478
vn 0.3528 0.6862 -0.6361
vn 0.0808 0.9007 -0.4268
vn -0.0000 -0.9303 -0.3669
vn -0.0000 -0.9257 -0.3782
vn -0.0000 -0.9164 -0.4003
vn 0.0151 -0.9175 -0.3975
vn 0.0059 -0.9261 -0.3771
vn 0.0011 -0.9304 -0.3667
vn 0.0279 -0.9205 -0.3896
vn 0.0108 -0.9273 -0.3741
vn 0.0021 -0.9306 -0.3660
vn 0.0365 -0.9252 -0.3778
vn 0.0142 -0.9291 -0.3694
vn 0.0028 -0.9310 -0.3651
vn 0.0397 -0.9307 -0.3637
vn 0.0154 -0.9313 -0.3640
vn 0.0030 -0.9314 -0.3640
vn 0.0368 -0.9362 -0.3495
vn 0.0142 -0.9334 -0.3585
vn 0.0028 -0.9318 -0.3630
vn 0.0282 -0.9409 -0.3374
vn 0.0109 -0.9353 -0.3538
vn 0.0022 -0.9322 -0.3620
vn 0.0153 -0.9441 -0.3293
vn 0.0059 -0.9365 -0.3507
vn 0.0012 -0.9324 -0.3614
vn -0.0000 -0.9452 -0.3264
vn -0.0000 -0.9369 -0.3496
vn -0.0000 -0.9325 -0.3612
vn -0.0153 -0.9441 -0.3293
vn -0.0059 -0.9365 -0.3507
vn -0.0012 -0.9324 -0.3614
vn -0.0282 -0.9409 -0.3374
vn -0.0109 -0.9353 -0.3538
vn -0.0022 -0.9322 -0.3620
vn -0.0368 -0.9362 -0.3495
vn -0.0142 -0.9334 -0.3585
vn -0.0028 -0.9318 -0.3630
vn -0.0397 -0.9307 -0.3637
vn -0.0154 -0.9313 -0.3640
vn -0.0030 -0.9314 -0.3640
vn -0.0365 -0.9252 -0.3778
vn -0.0142 -0.9291 -0.3695
vn -0.0028 -0.9310 -0.3651
vn -0.0279 -0.9205 -0.3897
vn -0.0108 -0.9273 -0.3741
vn -0.0022 -0.9306 -0.3660
vn -0.0150 -0.9175 -0.3975
vn -0.0059 -0.9261 -0.3771
vn -0.0011 -0.9304 -0.3667
vn 0.6058 -0.6714 -0.4270
vn 0.7418 -0.6502 0.1645
vn 0.6076 -0.3825 0.6961
vn 0.2077 -0.1692 0.9634
vn 0.0010 -0.1819 0.9833
vn -0.2059 -0.1733 0.9631
vn -0.6039 -0.3915 0.6943
vn -0.7351 -0.6573 0.1663
vn -0.6020 -0.6785 -0.4210
vn -0.2054 -0.6180 -0.7589
vn 0.0010 -0.6330 -0.7742
vn 0.2073 -0.6145 -0.7612
vn -0.3377 0.1777 -0.9243
vn 0.0015 0.1740 -0.9847
vn 0.3380 0.1836 -0.9231
vn 0.7014 0.7045 0.1080
vn 0.7530 0.6056 -0.2573
vn 0.6990 0.4168 -0.5811
vn -0.7073 0.4053 -0.5792
vn -0.7631 0.5948 -0.2527
vn -0.7096 0.6952 0.1149
vn -0.3394 0.7823 0.5223
vn 0.0016 0.8247 0.5655
vn 0.3398 0.7854 0.5173
vn 0.5307 0.4226 0.7346
vn 0.5690 0.4954 0.6563
vn 0.5909 0.5916 0.5484
vn -0.4697 0.2939 0.8325
vn -0.4543 0.1955 0.8691
vn -0.4389 0.0479 0.8973
vn 0.5313 -0.1548 -0.8329
vn 0.5688 -0.0782 -0.8188
vn 0.5896 0.0440 -0.8065
vn -0.4707 -0.2405 -0.8489
vn -0.4549 -0.3054 -0.8365
vn -0.4387 -0.4169 -0.7960
vn 0.4397 0.0568 0.8963
vn 0.4545 0.2043 0.8670
vn 0.4695 0.3028 0.8294
vn -0.5937 0.5816 0.5561
vn -0.5707 0.4844 0.6630
vn -0.5317 0.4120 0.7400
vn 0.4396 -0.4086 -0.7999
vn 0.4551 -0.2965 -0.8396
vn 0.4704 -0.2311 -0.8516
vn -0.5926 0.0313 -0.8049
vn -0.5706 -0.0912 -0.8162
vn -0.5323 -0.1668 -0.8300
vn -0.2049 -0.2880 -0.9354
vn 0.0025 -0.3073 -0.9516
vn 0.2085 -0.2832 -0.9361
vn 0.2082 0.3544 0.9116
vn 0.0025 0.3457 0.9384
vn -0.2046 0.3503 0.9140
vn -0.8264 0.3141 0.4674
vn -0.9838 0.1698 -0.0567
vn -0.8275 -0.0377 -0.5602
vn 0.8236 -0.0216 -0.5667
vn 0.9799 0.1891 -0.0633
vn 0.8226 0.3305 0.4627
vn 0.0321 -0.5089 -0.8602
vn -0.0038 -0.9697 -0.2444
vn 0.0324 -0.8518 0.5229
vn -0.2028 -0.4667 0.8608
vn -0.3843 -0.3233 0.8648
vn -0.5258 -0.1810 0.8311
vn -0.8599 0.0336 0.5094
vn -0.9895 0.1419 0.0263
vn -0.8585 0.2118 -0.4670
vn -0.5242 0.1494 -0.8384
vn -0.3841 0.0619 -0.9212
vn -0.2022 -0.0439 -0.9784
vn 0.3984 -0.0950 -0.9123
vn 0.3243 -0.0961 -0.9411
vn 0.2114 -0.1183 -0.9702
vn -0.5244 0.2952 -0.7987
vn -0.4336 0.3454 -0.8323
vn -0.3769 0.3843 -0.8427
vn -0.1548 0.2440 -0.9573
vn 0.0039 0.1317 -0.9913
vn 0.1898 0.0330 -0.9813
vn 0.7621 -0.4570 0.4586
vn 0.8973 -0.4356 -0.0718
vn 0.7621 -0.2893 -0.5792
vn -0.5742 0.6486 -0.4996
vn -0.6849 0.7254 0.0693
vn -0.5773 0.5343 0.6174
vn -0.1544 0.0122 0.9879
vn 0.0048 -0.1286 0.9917
vn 0.1909 -0.2445 0.9507
vn 0.2119 -0.5249 0.8244
vn 0.3249 -0.4620 0.8252
vn 0.3991 -0.4095 0.8204
vn -0.3774 0.1608 0.9120
vn -0.4338 0.0906 0.8964
vn -0.5258 0.0201 0.8504
vn 0.1930 0.6909 -0.6967
vn 0.4728 0.4724 -0.7439
vn 0.7027 0.2433 -0.6686
vn 0.9590 0.0253 0.2824
vn 0.9986 0.0530 0.0045
vn 0.9589 0.0735 -0.2742
vn -0.0296 0.9605 -0.2766
vn -0.0296 0.9974 0.0654
vn -0.0298 0.9139 0.4049
vn 0.1953 0.5766 0.7934
vn 0.4749 0.3469 0.8088
vn 0.7030 0.1274 0.6997
vn 0.5447 -0.3201 0.7751
vn 0.6474 -0.2508 0.7197
vn 0.7554 -0.1455 0.6389
vn -0.1867 0.6045 0.7744
vn -0.2875 0.4587 0.8408
vn -0.3335 0.3315 0.8826
vn 0.5443 -0.1124 -0.8313
vn 0.6474 -0.0889 -0.7569
vn 0.7556 -0.0212 -0.6547
vn -0.1844 0.7175 -0.6717
vn -0.2848 0.5942 -0.7522
vn -0.3314 0.4923 -0.8049
vn 0.0321 -0.6158 -0.7872
vn -0.0038 -0.9931 -0.1170
vn 0.0324 -0.7770 0.6286
vn -0.2028 -0.3515 0.9139
vn -0.3843 -0.2088 0.8993
vn -0.5258 -0.0721 0.8476
vn -0.8599 0.0991 0.5008
vn -0.9895 0.1441 0.0077
vn -0.8585 0.1496 -0.4905
vn -0.5242 0.0398 -0.8507
vn -0.3841 -0.0577 -0.9215
vn -0.2022 -0.1700 -0.9645
vn 0.3984 -0.2122 -0.8923
vn 0.3243 -0.2169 -0.9208
vn 0.2114 -0.2427 -0.9468
vn -0.5244 0.1895 -0.8302
vn -0.4336 0.2349 -0.8699
vn -0.3769 0.2721 -0.8854
vn -0.1548 0.1182 -0.9809
vn 0.0039 0.0024 -1.0000
vn 0.1898 -0.0941 -0.9773
vn 0.7621 -0.3939 0.5138
vn 0.8973 -0.4412 -0.0149
vn 0.7621 -0.3617 -0.5370
vn -0.5742 0.5786 -0.5793
vn -0.6849 0.7282 -0.0251
vn -0.5773 0.6097 0.5432
vn -0.1544 0.1398 0.9781
vn 0.0048 0.0007 1.0000
vn 0.1909 -0.1196 0.9743
vn 0.2119 -0.4139 0.8853
vn 0.3249 -0.3515 0.8780
vn 0.3991 -0.3000 0.8664
vn -0.3774 0.2773 0.8835
vn -0.4338 0.2057 0.8772
vn -0.5258 0.1299 0.8406
vn 0.1930 0.5951 -0.7802
vn 0.4728 0.3722 -0.7987
vn 0.7027 0.1549 -0.6944
vn 0.9590 0.0615 0.2767
vn 0.9986 0.0531 -0.0024
vn 0.9589 0.0375 -0.2814
vn -0.0296 0.9167 -0.3984
vn -0.0296 0.9975 -0.0641
vn -0.0298 0.9585 0.2834
vn 0.1953 0.6743 0.7122
vn 0.4749 0.4485 0.7572
vn 0.7030 0.2168 0.6774
vn 0.5447 -0.2172 0.8100
vn 0.6474 -0.1556 0.7460
vn 0.7554 -0.0617 0.6523
vn -0.1867 0.6995 0.6898
vn -0.2875 0.5635 0.7744
vn -0.3335 0.4428 0.8323
vn 0.5443 -0.2190 -0.8098
vn 0.6474 -0.1860 -0.7391
vn 0.7556 -0.1057 -0.6465
vn -0.1844 0.6246 -0.7588
vn -0.2848 0.4920 -0.8227
vn -0.3314 0.3841 -0.8618
vn 0.0321 -0.7124 -0.7010
vn -0.0038 -0.9999 0.0123
vn 0.0324 -0.6893 0.7238
vn -0.2028 -0.2304 0.9517
vn -0.3843 -0.0908 0.9187
vn -0.5258 0.0381 0.8498
vn -0.8599 0.1630 0.4838
vn -0.9895 0.1439 -0.0110
vn -0.8585 0.0850 -0.5057
vn -0.5242 -0.0705 -0.8487
vn -0.3841 -0.1764 -0.9063
vn -0.2022 -0.2933 -0.9344
vn 0.3984 -0.3257 -0.8574
vn 0.3243 -0.3341 -0.8850
vn 0.2114 -0.3631 -0.9075
vn -0.5244 0.0806 -0.8477
vn -0.4336 0.1205 -0.8930
vn -0.3769 0.1554 -0.9131
vn -0.1548 -0.0096 -0.9879
vn 0.0039 -0.1268 -0.9919
vn 0.1898 -0.2197 -0.9569
vn 0.7621 -0.3241 0.5604
vn 0.8973 -0.4394 0.0423
vn 0.7621 -0.4281 -0.4857
vn -0.5742 0.4989 -0.6492
vn -0.6849 0.7189 -0.1190
vn -0.5773 0.6748 0.4598
vn -0.1544 0.2651 0.9518
vn 0.0048 0.1300 0.9915
vn 0.1909 0.0074 0.9816
vn 0.2119 -0.2960 0.9314
vn 0.3249 -0.2350 0.9161
vn 0.3991 -0.1855 0.8980
vn -0.3774 0.3892 0.8403
vn -0.4338 0.3174 0.8433
vn -0.5258 0.2375 0.8168
vn 0.1930 0.4892 -0.8505
vn 0.4728 0.2659 -0.8401
vn 0.7027 0.0638 -0.7086
vn 0.9590 0.0968 0.2665
vn 0.9986 0.0523 -0.0092
vn 0.9589 0.0008 -0.2839
vn -0.0296 0.8575 -0.5136
vn -0.0296 0.9809 -0.1925
vn -0.0298 0.9871 0.1571
vn 0.1953 0.7607 0.6190
vn 0.4749 0.5426 0.6929
vn 0.7030 0.3025 0.6436
vn 0.5447 -0.1107 0.8313
vn 0.6474 -0.0579 0.7599
vn 0.7554 0.0232 0.6548
vn -0.1867 0.7828 0.5936
vn -0.2875 0.6589 0.6951
vn -0.3335 0.5466 0.7681
vn 0.5443 -0.3218 -0.7747
vn 0.6474 -0.2800 -0.7089
vn 0.7556 -0.1884 -0.6274
vn -0.1844 0.5213 -0.8332
vn -0.2848 0.3816 -0.8794
vn -0.3314 0.2695 -0.9042
vn 0.0322 -0.7970 -0.6031
vn -0.0038 -0.9899 0.1415
vn 0.0324 -0.5899 0.8068
vn -0.2028 -0.1055 0.9735
vn -0.3843 0.0287 0.9228
vn -0.5258 0.1476 0.8377
vn -0.8599 0.2242 0.4586
vn -0.9895 0.1413 -0.0295
vn -0.8585 0.0189 -0.5124
vn -0.5242 -0.1796 -0.8325
vn -0.3841 -0.2920 -0.8759
vn -0.2022 -0.4116 -0.8887
vn 0.3984 -0.4338 -0.8081
vn 0.3243 -0.4457 -0.8344
vn 0.2114 -0.4773 -0.8529
vn -0.5244 -0.0297 -0.8510
vn -0.4336 0.0041 -0.9011
vn -0.3769 0.0361 -0.9255
vn -0.1548 -0.1372 -0.9784
vn 0.0039 -0.2540 -0.9672
vn 0.1898 -0.3415 -0.9205
vn 0.7621 -0.2490 0.5976
vn 0.8973 -0.4302 0.0987
vn 0.7621 -0.4873 -0.4263
vn -0.5742 0.4108 -0.7082
vn -0.6849 0.6975 -0.2109
vn -0.5773 0.7285 0.3688
vn -0.1544 0.3859 0.9095
vn 0.0048 0.2570 0.9664
vn 0.1909 0.1342 0.9724
vn 0.2119 -0.1732 0.9618
vn 0.3249 -0.1146 0.9388
vn 0.3991 -0.0678 0.9144
vn -0.3774 0.4945 0.7829
vn -0.4338 0.4237 0.7952
vn -0.5258 0.3411 0.7793
vn 0.1930 0.3752 -0.9066
vn 0.4728 0.1551 -0.8674
vn 0.7027 -0.0283 -0.7109
vn 0.9590 0.1304 0.2517
vn 0.9986 0.0507 -0.0159
vn 0.9589 -0.0359 -0.2816
vn -0.0296 0.7839 -0.6201
vn -0.0296 0.9477 -0.3176
vn -0.0298 0.9992 0.0282
vn 0.1953 0.8343 0.5155
vn 0.4749 0.6276 0.6169
vn 0.7030 0.3832 0.5991
vn 0.5447 -0.0023 0.8386
vn 0.6474 0.0408 0.7610
vn 0.7554 0.1076 0.6463
vn -0.1867 0.8530 0.4874
vn -0.2875 0.7432 0.6041
vn -0.3335 0.6413 0.6910
vn 0.5443 -0.4192 -0.7266
vn 0.6474 -0.3692 -0.6667
vn 0.7556 -0.2679 -0.5978
vn -0.1844 0.4092 -0.8936
vn -0.2848 0.2647 -0.9213
vn -0.3314 0.1504 -0.9314
vn 0.4924 -0.6733 0.5516
vn 0.6615 -0.7232 -0.1986
vn 0.4912 -0.3054 -0.8157
vn 0.7240 -0.4020 0.5606
vn 0.9378 -0.3364 -0.0863
vn 0.7245 -0.0860 -0.6839
vn 0.8297 -0.1860 0.5263
vn 0.9967 -0.0795 -0.0178
vn 0.8298 0.0671 -0.5540
vn 0.0023 0.0696 -0.9976
vn -0.0980 0.0853 -0.9915
vn -0.1516 0.0784 -0.9853
vn 0.1606 0.1556 -0.9747
vn 0.0586 0.1738 -0.9830
vn 0.0142 0.1699 -0.9854
vn 0.3048 0.2288 -0.9245
vn 0.2133 0.2535 -0.9435
vn 0.1675 0.2620 -0.9504
vn 0.1464 0.0450 0.9882
vn 0.1070 0.1410 0.9842
vn -0.0054 0.2966 0.9550
vn -0.0270 -0.1186 0.9926
vn -0.0901 -0.0521 0.9946
vn -0.2365 0.0880 0.9676
vn -0.2435 -0.2389 0.9400
vn -0.3377 -0.1837 0.9232
vn -0.4808 -0.0707 0.8740
vn -0.1523 -0.2984 0.9422
vn -0.0982 -0.3396 0.9354
vn 0.0025 -0.3929 0.9196
vn 0.0136 -0.1853 0.9826
vn 0.0584 -0.2257 0.9724
vn 0.1605 -0.2783 0.9470
vn 0.1671 -0.0582 0.9842
vn 0.2130 -0.1055 0.9713
vn 0.3044 -0.1594 0.9391
vn -0.4597 -0.4168 -0.7842
vn -0.5807 -0.7857 -0.2135
vn -0.4614 -0.7501 0.4737
vn -0.6161 -0.3395 -0.7107
vn -0.7776 -0.6099 -0.1526
vn -0.6169 -0.6288 0.4733
vn -0.6988 -0.3015 -0.6487
vn -0.8515 -0.5120 -0.1132
vn -0.6991 -0.5431 0.4650
vn 0.6380 0.5826 -0.5035
vn 0.7764 0.6243 0.0867
vn 0.6399 0.4157 0.6464
vn 0.7114 0.4951 -0.4988
vn 0.8598 0.5042 0.0804
vn 0.7122 0.3092 0.6302
vn 0.7951 0.3810 -0.4719
vn 0.9362 0.3457 0.0633
vn 0.7954 0.1873 0.5764
vn -0.8887 0.3245 -0.3240
vn -0.9501 0.3105 0.0314
vn -0.8893 0.2489 0.3836
vn -0.6716 0.6443 -0.3657
vn -0.7397 0.6699 0.0638
vn -0.6743 0.5577 0.4841
vn -0.3160 0.8940 -0.3175
vn -0.3436 0.9352 0.0862
vn -0.3190 0.8170 0.4804
vn -0.8263 -0.3857 0.4104
vn -0.8905 -0.2837 0.3558
vn -0.9431 -0.1561 0.2937
vn -0.9364 -0.3463 -0.0568
vn -0.9695 -0.2427 -0.0345
vn -0.9933 -0.1149 -0.0143
vn -0.8263 -0.2370 -0.5109
vn -0.8904 -0.1752 -0.4200
vn -0.9430 -0.0797 -0.3231
vn 0.5036 0.7453 -0.4369
vn 0.4073 0.8356 -0.3687
vn 0.2665 0.9202 -0.2868
vn 0.5772 0.8119 0.0876
vn 0.4459 0.8907 0.0880
vn 0.2749 0.9573 0.0893
vn 0.5076 0.6275 0.5905
vn 0.4113 0.7414 0.5302
vn 0.2696 0.8474 0.4575
vn -0.2424 0.0418 -0.9693
vn -0.3370 0.0571 -0.9398
vn -0.4809 0.1335 -0.8665
vn -0.0261 0.1536 -0.9878
vn -0.0893 0.1895 -0.9778
vn -0.2357 0.3012 -0.9240
vn 0.1466 0.2935 -0.9447
vn 0.1069 0.3636 -0.9254
vn -0.0051 0.4946 -0.8691
vn 0.4924 -0.5963 0.6340
vn 0.6615 -0.7428 -0.1034
vn 0.4912 -0.4083 -0.7694
vn 0.7240 -0.3262 0.6078
vn 0.9378 -0.3447 -0.0421
vn 0.7245 -0.1737 -0.6670
vn 0.8297 -0.1164 0.5459
vn 0.9967 -0.0811 -0.0073
vn 0.8298 -0.0051 -0.5580
vn 0.0023 -0.0600 -0.9982
vn -0.0980 -0.0436 -0.9942
vn -0.1516 -0.0496 -0.9872
vn 0.1606 0.0283 -0.9866
vn 0.0586 0.0453 -0.9973
vn 0.0142 0.0411 -0.9991
vn 0.3048 0.1073 -0.9464
vn 0.2133 0.1294 -0.9684
vn 0.1675 0.1370 -0.9763
vn 0.1464 0.1724 0.9741
vn 0.1070 0.2671 0.9577
vn -0.0054 0.4175 0.9087
vn -0.0270 0.0107 0.9996
vn -0.0901 0.0769 0.9930
vn -0.2365 0.2123 0.9481
vn -0.2435 -0.1154 0.9630
vn -0.3377 -0.0628 0.9392
vn -0.4808 0.0429 0.8758
vn -0.1523 -0.1741 0.9729
vn -0.0982 -0.2159 0.9715
vn 0.0025 -0.2707 0.9627
vn 0.0136 -0.0567 0.9983
vn 0.0584 -0.0981 0.9935
vn 0.1605 -0.1536 0.9750
vn 0.1671 0.0695 0.9835
vn 0.2130 0.0209 0.9768
vn 0.3044 -0.0367 0.9519
vn -0.4597 -0.5147 -0.7237
vn -0.5807 -0.8067 -0.1101
vn -0.4614 -0.6826 0.5667
vn -0.6161 -0.4286 -0.6609
vn -0.7776 -0.6245 -0.0725
vn -0.6169 -0.5623 0.5506
vn -0.6988 -0.3828 -0.6042
vn -0.8515 -0.5223 -0.0461
vn -0.6991 -0.4785 0.5313
vn 0.6380 0.5127 -0.5746
vn 0.7764 0.6303 0.0052
vn 0.6399 0.4957 0.5872
vn 0.7114 0.4265 -0.5586
vn 0.8598 0.5104 0.0146
vn 0.7122 0.3881 0.5850
vn 0.7951 0.3168 -0.5172
vn 0.9362 0.3510 0.0181
vn 0.7954 0.2602 0.5474
vn -0.8887 0.2799 -0.3632
vn -0.9501 0.3119 -0.0090
vn -0.8893 0.2964 0.3482
vn -0.6716 0.5916 -0.4460
vn -0.7397 0.6725 -0.0233
vn -0.6743 0.6156 0.4079
vn -0.3160 0.8455 -0.4304
vn -0.3436 0.9384 -0.0354
vn -0.3190 0.8722 0.3708
vn -0.8263 -0.3294 0.4568
vn -0.8905 -0.2353 0.3895
vn -0.9431 -0.1168 0.3115
vn -0.9364 -0.3507 -0.0116
vn -0.9695 -0.2451 -0.0028
vn -0.9933 -0.1158 0.0007
vn -0.8263 -0.3011 -0.4760
vn -0.8904 -0.2280 -0.3938
vn -0.9430 -0.1208 -0.3101
vn 0.5036 0.6826 -0.5296
vn 0.4073 0.7809 -0.4736
vn 0.2665 0.8754 -0.4034
vn 0.5772 0.8164 -0.0180
vn 0.4459 0.8946 -0.0279
vn 0.2749 0.9608 -0.0352
vn 0.5076 0.6985 0.5044
vn 0.4113 0.8037 0.4300
vn 0.2696 0.8994 0.3441
vn -0.2424 -0.0839 -0.9666
vn -0.3370 -0.0648 -0.9393
vn -0.4809 0.0204 -0.8765
vn -0.0261 0.0246 -0.9994
vn -0.0893 0.0615 -0.9941
vn -0.2357 0.1792 -0.9551
vn 0.1466 0.1689 -0.9747
vn 0.1069 0.2410 -0.9646
vn -0.0051 0.3781 -0.9257
vn 0.4924 -0.5093 0.7058
vn 0.6615 -0.7499 -0.0065
vn 0.4912 -0.5044 -0.7102
vn 0.7240 -0.2449 0.6449
vn 0.9378 -0.3473 0.0028
vn 0.7245 -0.2585 -0.6390
vn 0.8297 -0.0449 0.5564
vn 0.9967 -0.0814 0.0032
vn 0.8298 -0.0772 -0.5527
vn 0.0023 -0.1885 -0.9821
vn -0.0980 -0.1718 -0.9802
vn -0.1516 -0.1768 -0.9725
vn 0.1606 -0.0995 -0.9820
vn 0.0586 -0.0840 -0.9947
vn 0.0142 -0.0884 -0.9960
vn 0.3048 -0.0159 -0.9523
vn 0.2133 0.0032 -0.9770
vn 0.1675 0.0096 -0.9858
vn 0.1464 0.2969 0.9436
vn 0.1070 0.3886 0.9152
vn -0.0054 0.5315 0.8471
vn -0.0270 0.1398 0.9898
vn -0.0901 0.2046 0.9747
vn -0.2365 0.3331 0.9127
vn -0.2435 0.0101 0.9699
vn -0.3377 0.0591 0.9394
vn -0.4808 0.1558 0.8629
vn -0.1523 -0.0469 0.9872
vn -0.0982 -0.0885 0.9912
vn 0.0025 -0.1440 0.9896
vn 0.0136 0.0728 0.9973
vn 0.0584 0.0311 0.9978
vn 0.1605 -0.0262 0.9867
vn 0.1671 0.1961 0.9662
vn 0.2130 0.1470 0.9659
vn 0.3044 0.0866 0.9486
vn -0.4597 -0.6039 -0.6511
vn -0.5807 -0.8141 -0.0049
vn -0.4614 -0.6036 0.6502
vn -0.6161 -0.5104 -0.5999
vn -0.7776 -0.6287 0.0089
vn -0.6169 -0.4865 0.6187
vn -0.6988 -0.4577 -0.5497
vn -0.8515 -0.5239 0.0218
vn -0.6991 -0.4058 0.5887
vn 0.6380 0.4341 -0.6361
vn 0.7764 0.6257 -0.0763
vn 0.6399 0.5675 0.5182
vn 0.7114 0.3507 -0.6090
vn 0.8598 0.5080 -0.0515
vn 0.7122 0.4605 0.5299
vn 0.7951 0.2473 -0.5538
vn 0.9362 0.3504 -0.0275
vn 0.7954 0.3288 0.5091
vn -0.8887 0.2306 -0.3963
vn -0.9501 0.3082 -0.0493
vn -0.8893 0.3389 0.3070
vn -0.6716 0.5290 -0.5187
vn -0.7397 0.6639 -0.1100
vn -0.6743 0.6631 0.3249
vn -0.3160 0.7827 -0.5361
vn -0.3436 0.9260 -0.1564
vn -0.3190 0.9128 0.2549
vn -0.8263 -0.2676 0.4956
vn -0.8905 -0.1830 0.4166
vn -0.9431 -0.0756 0.3239
vn -0.9364 -0.3493 0.0338
vn -0.9695 -0.2434 0.0289
vn -0.9933 -0.1147 0.0156
vn -0.8263 -0.3601 -0.4331
vn -0.8904 -0.2770 -0.3611
vn -0.9430 -0.1598 -0.2919
vn 0.5036 0.6084 -0.6134
vn 0.4073 0.7131 -0.5706
vn 0.2665 0.8159 -0.5131
vn 0.5772 0.8072 -0.1234
vn 0.4459 0.8835 -0.1433
vn 0.2749 0.9482 -0.1591
vn 0.5076 0.7579 0.4099
vn 0.4113 0.8525 0.3225
vn 0.2696 0.9363 0.2249
vn -0.2424 -0.2081 -0.9476
vn -0.3370 -0.1857 -0.9230
vn -0.4809 -0.0931 -0.8718
vn -0.0261 -0.1047 -0.9942
vn -0.0893 -0.0675 -0.9937
vn -0.2357 0.0542 -0.9703
vn 0.1466 0.0415 -0.9883
vn 0.1069 0.1143 -0.9877
vn -0.0051 0.2553 -0.9668
vn 0.4924 -0.4138 0.7657
vn 0.6615 -0.7445 0.0905
vn 0.4912 -0.5919 -0.6390
vn 0.7240 -0.1595 0.6711
vn 0.9378 -0.3440 0.0477
vn 0.7245 -0.3389 -0.6002
vn 0.8297 0.0274 0.5575
vn 0.9967 -0.0803 0.0137
vn 0.8298 -0.1479 -0.5380
vn 0.0023 -0.3139 -0.9495
vn -0.0980 -0.2970 -0.9498
vn -0.1516 -0.3010 -0.9415
vn 0.1606 -0.2256 -0.9609
vn 0.0586 -0.2119 -0.9755
vn 0.0142 -0.2164 -0.9762
vn 0.3048 -0.1389 -0.9422
vn 0.2133 -0.1231 -0.9692
vn 0.1675 -0.1179 -0.9788
vn 0.1464 0.4163 0.8973
vn 0.1070 0.5037 0.8572
vn -0.0054 0.6365 0.7713
vn -0.0270 0.2666 0.9634
vn -0.0901 0.3288 0.9401
vn -0.2365 0.4483 0.8620
vn -0.2435 0.1354 0.9604
vn -0.3377 0.1801 0.9239
vn -0.4808 0.2660 0.8355
vn -0.1523 0.0811 0.9850
vn -0.0982 0.0404 0.9943
vn 0.0025 -0.0149 0.9999
vn 0.0136 0.2011 0.9795
vn 0.0584 0.1598 0.9854
vn 0.1605 0.1015 0.9818
vn 0.1671 0.3193 0.9328
vn 0.2130 0.2706 0.9388
vn 0.3044 0.2085 0.9295
vn -0.4597 -0.6830 -0.5676
vn -0.5807 -0.8079 0.1004
vn -0.4614 -0.5145 0.7228
vn -0.6161 -0.5837 -0.5289
vn -0.7776 -0.6222 0.0901
vn -0.6169 -0.4024 0.6763
vn -0.6988 -0.5249 -0.4859
vn -0.8515 -0.5167 0.0893
vn -0.6991 -0.3263 0.6362
vn 0.6380 0.3482 -0.6868
vn 0.7764 0.6105 -0.1565
vn 0.6399 0.6297 0.4405
vn 0.7114 0.2690 -0.6493
vn 0.8598 0.4971 -0.1167
vn 0.7122 0.5251 0.4659
vn 0.7951 0.1737 -0.5811
vn 0.9362 0.3439 -0.0725
vn 0.7954 0.3918 0.4624
vn -0.8887 0.1774 -0.4228
vn -0.9501 0.2992 -0.0887
vn -0.8893 0.3757 0.2606
vn -0.6716 0.4575 -0.5827
vn -0.7397 0.6441 -0.1949
vn -0.6743 0.6996 0.2365
vn -0.3160 0.7069 -0.6328
vn -0.3436 0.8980 -0.2748
vn -0.3190 0.9381 0.1348
vn -0.8263 -0.2013 0.5260
vn -0.8905 -0.1276 0.4368
vn -0.9431 -0.0331 0.3310
vn -0.9364 -0.3420 0.0787
vn -0.9695 -0.2376 0.0601
vn -0.9933 -0.1117 0.0303
vn -0.8263 -0.4130 -0.3829
vn -0.8904 -0.3214 -0.3222
vn -0.9430 -0.1962 -0.2688
vn 0.5036 0.5240 -0.6869
vn 0.4073 0.6334 -0.6580
vn 0.2665 0.7427 -0.6143
vn 0.5772 0.7845 -0.2267
vn 0.4459 0.8576 -0.2563
vn 0.2749 0.9197 -0.2803
vn 0.5076 0.8045 0.3085
vn 0.4113 0.8871 0.2095
vn 0.2696 0.9576 0.1020
vn -0.2424 -0.3288 -0.9128
vn -0.3370 -0.3035 -0.8912
vn -0.4809 -0.2050 -0.8525
vn -0.0261 -0.2324 -0.9723
vn -0.0893 -0.1954 -0.9767
vn -0.2357 -0.0716 -0.9692
vn 0.1466 -0.0866 -0.9854
vn 0.1069 -0.0144 -0.9942
vn -0.0051 0.1282 -0.9917
vn 0.0965 -0.3019 -0.9485
vn 0.0898 -0.2885 -0.9533
vn 0.0725 -0.2401 -0.9680
vn 0.1951 -0.2973 -0.9346
vn 0.1949 -0.2841 -0.9388
vn 0.1940 -0.2362 -0.9521
vn 0.2917 -0.2892 -0.9117
vn 0.2977 -0.2747 -0.9143
vn 0.3125 -0.2238 -0.9232
vn 0.4700 -0.2652 -0.8419
vn 0.4637 -0.2517 -0.8495
vn 0.4466 -0.2050 -0.8710
vn 0.5555 -0.2486 -0.7935
vn 0.5550 -0.2342 -0.7982
vn 0.5526 -0.1856 -0.8125
vn 0.6355 -0.2291 -0.7374
vn 0.6400 -0.2123 -0.7385
vn 0.6500 -0.1586 -0.7432
vn 0.7719 -0.1847 -0.6084
vn 0.7670 -0.1699 -0.6187
vn 0.7526 -0.1237 -0.6467
vn 0.8313 -0.1588 -0.5327
vn 0.8306 -0.1421 -0.5384
vn 0.8271 -0.0920 -0.5545
vn 0.8825 -0.1307 -0.4519
vn 0.8848 -0.1110 -0.4526
vn 0.8886 -0.0542 -0.4555
vn 0.9563 -0.0727 -0.2834
vn 0.9535 -0.0556 -0.2962
vn 0.9441 -0.0087 -0.3295
vn 0.9805 -0.0413 -0.1919
vn 0.9798 -0.0218 -0.1990
vn 0.9756 0.0302 -0.2174
vn 0.9951 -0.0090 -0.0988
vn 0.9949 0.0140 -0.1002
vn 0.9919 0.0733 -0.1039
vn 0.9950 0.0538 0.0836
vn 0.9949 0.0740 0.0691
vn 0.9919 0.1226 0.0326
vn 0.9805 0.0858 0.1769
vn 0.9797 0.1085 0.1684
vn 0.9756 0.1625 0.1474
vn 0.9562 0.1174 0.2682
vn 0.9535 0.1435 0.2651
vn 0.9442 0.2045 0.2582
vn 0.8824 0.1755 0.4366
vn 0.8848 0.1989 0.4215
vn 0.8887 0.2501 0.3843
vn 0.8312 0.2032 0.5175
vn 0.8306 0.2288 0.5078
vn 0.8271 0.2847 0.4846
vn 0.7718 0.2294 0.5931
vn 0.7670 0.2578 0.5876
vn 0.7527 0.3196 0.5756
vn 0.6354 0.2738 0.7220
vn 0.6400 0.3002 0.7073
vn 0.6502 0.3545 0.6720
vn 0.5554 0.2930 0.7783
vn 0.5550 0.3209 0.7675
vn 0.5527 0.3783 0.7426
vn 0.4699 0.3099 0.8266
vn 0.4637 0.3396 0.8183
vn 0.4466 0.4009 0.7999
vn 0.2916 0.3339 0.8963
vn 0.2977 0.3626 0.8831
vn 0.3126 0.4198 0.8521
vn 0.1950 0.3417 0.9194
vn 0.1949 0.3707 0.9081
vn 0.1941 0.4289 0.8823
vn 0.0964 0.3466 0.9331
vn 0.0898 0.3764 0.9221
vn 0.0725 0.4361 0.8970
vn -0.0964 0.3466 0.9331
vn -0.0898 0.3764 0.9221
vn -0.0725 0.4361 0.8970
vn -0.1950 0.3417 0.9194
vn -0.1949 0.3707 0.9081
vn -0.1941 0.4289 0.8823
vn -0.2916 0.3339 0.8963
vn -0.2977 0.3626 0.8831
vn -0.3126 0.4198 0.8521
vn -0.4698 0.3099 0.8266
vn -0.4637 0.3396 0.8183
vn -0.4466 0.4009 0.7999
vn -0.5554 0.2930 0.7783
vn -0.5550 0.3209 0.7675
vn -0.5527 0.3783 0.7426
vn -0.6354 0.2738 0.7220
vn -0.6400 0.3002 0.7073
vn -0.6502 0.3545 0.6720
vn -0.7718 0.2294 0.5931
vn -0.7670 0.2578 0.5876
vn -0.7527 0.3196 0.5756
vn -0.8312 0.2032 0.5175
vn -0.8306 0.2288 0.5078
vn -0.8271 0.2847 0.4846
vn -0.8824 0.1755 0.4366
vn -0.8848 0.1989 0.4215
vn -0.8887 0.2501 0.3843
vn -0.9562 0.1174 0.2682
vn -0.9535 0.1435 0.2651
vn -0.9442 0.2045 0.2582
vn -0.9805 0.0858 0.1769
vn -0.9797 0.1085 0.1684
vn -0.9756 0.1625 0.1474
vn -0.9950 0.0538 0.0836
vn -0.9949 0.0740 0.0691
vn -0.9919 0.1226 0.0326
vn -0.9951 -0.0090 -0.0988
vn -0.9949 0.0140 -0.1002
vn -0.9919 0.0733 -0.1039
vn -0.9805 -0.0413 -0.1919
vn -0.9798 -0.0218 -0.1990
vn -0.9756 0.0302 -0.2174
vn -0.9563 -0.0727 -0.2834
vn -0.9535 -0.0556 -0.2962
vn -0.9441 -0.0087 -0.3295
vn -0.8825 -0.1307 -0.4519
vn -0.8848 -0.1110 -0.4526
vn -0.8886 -0.0542 -0.4555
vn -0.8313 -0.1588 -0.5327
vn -0.8306 -0.1421 -0.5384
vn -0.8271 -0.0920 -0.5545
vn -0.7719 -0.1847 -0.6084
vn -0.7670 -0.1699 -0.6187
vn -0.7526 -0.1237 -0.6467
vn 0.0047 -0.9225 -0.3859
vn -0.0020 -0.9154 -0.4026
vn 0.0086 -0.9148 -0.4038
vn 0.0178 -0.9168 -0.3990
vn 0.0084 -0.9256 -0.3784
vn 0.0013 -0.9290 -0.3702
vn -0.0018 -0.9249 -0.3803
vn -0.6355 -0.2291 -0.7374
vn -0.6400 -0.2123 -0.7385
vn -0.6500 -0.1586 -0.7432
vn -0.5555 -0.2486 -0.7935
vn -0.5550 -0.2342 -0.7982
vn -0.5526 -0.1856 -0.8125
vn -0.4700 -0.2652 -0.8419
vn -0.4637 -0.2517 -0.8495
vn -0.4466 -0.2050 -0.8710
vn -0.2917 -0.2892 -0.9117
vn -0.2978 -0.2747 -0.9143
vn -0.3125 -0.2238 -0.9232
vn -0.1951 -0.2973 -0.9346
vn -0.1949 -0.2841 -0.9388
vn -0.1940 -0.2362 -0.9521
vn -0.0965 -0.3019 -0.9485
vn -0.0898 -0.2885 -0.9533
vn -0.0725 -0.2401 -0.9680
vn -0.2902 0.2299 -0.9289
vn -0.2903 0.1657 -0.9425
vn -0.2903 0.0978 -0.9519
vn -0.1953 0.2354 -0.9521
vn -0.1953 0.1695 -0.9660
vn -0.1953 0.0999 -0.9756
vn -0.0984 0.2388 -0.9661
vn -0.0984 0.1719 -0.9802
vn -0.0984 0.1012 -0.9900
vn 0.4721 0.2125 -0.8556
vn 0.4721 0.1534 -0.8681
vn 0.4721 0.0910 -0.8768
vn 0.5560 0.2008 -0.8066
vn 0.5561 0.1452 -0.8184
vn 0.5560 0.0864 -0.8267
vn 0.6346 0.1873 -0.7498
vn 0.6347 0.1357 -0.7608
vn 0.6346 0.0811 -0.7685
vn -0.2901 -0.0118 -0.9569
vn -0.2900 -0.0468 -0.9559
vn -0.2900 -0.0729 -0.9542
vn -0.1952 -0.0125 -0.9807
vn -0.1951 -0.0485 -0.9796
vn -0.1951 -0.0754 -0.9779
vn -0.0984 -0.0130 -0.9951
vn -0.0984 -0.0496 -0.9939
vn -0.0983 -0.0769 -0.9922
vn -0.2899 -0.1169 -0.9499
vn -0.2899 -0.1370 -0.9472
vn -0.2899 -0.1557 -0.9443
vn -0.1951 -0.1205 -0.9734
vn -0.1951 -0.1411 -0.9706
vn -0.1951 -0.1603 -0.9676
vn -0.0983 -0.1227 -0.9876
vn -0.0983 -0.1436 -0.9847
vn -0.0983 -0.1631 -0.9817
vn -0.2899 -0.1895 -0.9381
vn -0.2899 -0.2049 -0.9349
vn -0.2899 -0.2195 -0.9315
vn -0.1950 -0.1949 -0.9612
vn -0.1950 -0.2107 -0.9579
vn -0.1950 -0.2257 -0.9545
vn -0.0983 -0.1982 -0.9752
vn -0.0983 -0.2142 -0.9718
vn -0.0983 -0.2294 -0.9684
vn -0.2899 -0.2471 -0.9246
vn -0.2899 -0.2603 -0.9210
vn -0.2900 -0.2734 -0.9171
vn -0.1951 -0.2538 -0.9474
vn -0.1951 -0.2674 -0.9436
vn -0.1951 -0.2807 -0.9398
vn -0.0983 -0.2579 -0.9612
vn -0.0983 -0.2716 -0.9574
vn -0.0983 -0.2851 -0.9534
vn -0.6344 -0.0061 -0.7730
vn -0.6342 -0.0335 -0.7724
vn -0.6341 -0.0537 -0.7714
vn -0.5558 -0.0079 -0.8313
vn -0.5557 -0.0377 -0.8306
vn -0.5556 -0.0598 -0.8293
vn -0.4719 -0.0095 -0.8816
vn -0.4718 -0.0414 -0.8807
vn -0.4717 -0.0651 -0.8794
vn -0.6340 -0.0886 -0.7682
vn -0.6340 -0.1049 -0.7662
vn -0.6340 -0.1200 -0.7640
vn -0.5555 -0.0976 -0.8258
vn -0.5555 -0.1150 -0.8236
vn -0.5554 -0.1313 -0.8211
vn -0.4716 -0.1053 -0.8755
vn -0.4716 -0.1238 -0.8731
vn -0.4716 -0.1411 -0.8705
vn -0.6340 -0.1474 -0.7592
vn -0.6340 -0.1600 -0.7566
vn -0.6340 -0.1720 -0.7540
vn -0.5554 -0.1608 -0.8159
vn -0.5554 -0.1742 -0.8131
vn -0.5554 -0.1871 -0.8102
vn -0.4716 -0.1723 -0.8648
vn -0.4716 -0.1865 -0.8619
vn -0.4716 -0.2001 -0.8588
vn -0.6340 -0.1949 -0.7483
vn -0.6341 -0.2060 -0.7453
vn -0.6341 -0.2171 -0.7421
vn -0.5555 -0.2114 -0.8042
vn -0.5555 -0.2233 -0.8010
vn -0.5555 -0.2350 -0.7976
vn -0.4716 -0.2257 -0.8524
vn -0.4716 -0.2381 -0.8490
vn -0.4717 -0.2504 -0.8455
vn -0.6346 0.1873 -0.7498
vn -0.6347 0.1357 -0.7608
vn -0.6346 0.0811 -0.7685
vn -0.5560 0.2008 -0.8066
vn -0.5561 0.1452 -0.8184
vn -0.5560 0.0864 -0.8267
vn -0.4721 0.2125 -0.8556
vn -0.4721 0.1534 -0.8681
vn -0.4721 0.0910 -0.8768
vn -0.8819 0.0033 -0.4714
vn -0.8818 -0.0116 -0.4716
vn -0.8816 -0.0222 -0.4714
vn -0.8317 0.0007 -0.5553
vn -0.8315 -0.0177 -0.5553
vn -0.8314 -0.0310 -0.5549
vn -0.7734 -0.0018 -0.6339
vn -0.7733 -0.0234 -0.6336
vn -0.7731 -0.0392 -0.6330
vn -0.8815 -0.0423 -0.4703
vn -0.8815 -0.0522 -0.4693
vn -0.8815 -0.0614 -0.4682
vn -0.8312 -0.0552 -0.5532
vn -0.8312 -0.0668 -0.5519
vn -0.8312 -0.0777 -0.5505
vn -0.7730 -0.0673 -0.6308
vn -0.7730 -0.0806 -0.6293
vn -0.7730 -0.0930 -0.6276
vn -0.8815 -0.0784 -0.4657
vn -0.8815 -0.0864 -0.4643
vn -0.8815 -0.0941 -0.4627
vn -0.8312 -0.0976 -0.5473
vn -0.8312 -0.1068 -0.5456
vn -0.8312 -0.1158 -0.5437
vn -0.7730 -0.1156 -0.6238
vn -0.7730 -0.1260 -0.6218
vn -0.7730 -0.1361 -0.6196
vn -0.8816 -0.1093 -0.4592
vn -0.8816 -0.1170 -0.4573
vn -0.8817 -0.1248 -0.4551
vn -0.8313 -0.1331 -0.5397
vn -0.8313 -0.1418 -0.5374
vn -0.8314 -0.1505 -0.5349
vn -0.7731 -0.1554 -0.6150
vn -0.7731 -0.1650 -0.6125
vn -0.7731 -0.1746 -0.6097
vn -0.8822 0.1174 -0.4561
vn -0.8822 0.0865 -0.4629
vn -0.8822 0.0539 -0.4678
vn -0.8319 0.1369 -0.5378
vn -0.8320 0.1002 -0.5457
vn -0.8319 0.0615 -0.5515
vn -0.7737 0.1551 -0.6143
vn -0.7737 0.1130 -0.6234
vn -0.7737 0.0686 -0.6298
vn -0.9951 0.0148 -0.0981
vn -0.9949 0.0154 -0.0992
vn -0.9948 0.0167 -0.1002
vn -0.9808 0.0118 -0.1949
vn -0.9806 0.0084 -0.1957
vn -0.9805 0.0066 -0.1964
vn -0.9571 0.0089 -0.2897
vn -0.9569 0.0015 -0.2903
vn -0.9568 -0.0033 -0.2907
vn -0.9947 0.0150 -0.1015
vn -0.9947 0.0130 -0.1018
vn -0.9947 0.0111 -0.1021
vn -0.9804 0.0002 -0.1970
vn -0.9804 -0.0039 -0.1971
vn -0.9804 -0.0077 -0.1970
vn -0.9567 -0.0144 -0.2908
vn -0.9567 -0.0204 -0.2905
vn -0.9567 -0.0261 -0.2900
vn -0.9947 0.0070 -0.1024
vn -0.9947 0.0048 -0.1023
vn -0.9948 0.0024 -0.1022
vn -0.9804 -0.0151 -0.1965
vn -0.9804 -0.0188 -0.1961
vn -0.9804 -0.0226 -0.1956
vn -0.9567 -0.0368 -0.2889
vn -0.9567 -0.0420 -0.2881
vn -0.9567 -0.0471 -0.2872
vn -0.9948 -0.0033 -0.1013
vn -0.9949 -0.0067 -0.1006
vn -0.9950 -0.0105 -0.0997
vn -0.9805 -0.0308 -0.1941
vn -0.9806 -0.0353 -0.1931
vn -0.9806 -0.0401 -0.1918
vn -0.9568 -0.0577 -0.2850
vn -0.9568 -0.0633 -0.2837
vn -0.9569 -0.0692 -0.2821
vn -0.9952 0.0309 -0.0927
vn -0.9952 0.0256 -0.0943
vn -0.9952 0.0202 -0.0958
vn -0.9809 0.0533 -0.1868
vn -0.9810 0.0414 -0.1898
vn -0.9809 0.0289 -0.1922
vn -0.9573 0.0753 -0.2792
vn -0.9573 0.0569 -0.2834
vn -0.9573 0.0375 -0.2867
vn -0.9567 0.0268 0.2899
vn -0.9566 0.0436 0.2880
vn -0.9566 0.0573 0.2858
vn -0.9805 0.0239 0.1951
vn -0.9804 0.0367 0.1934
vn -0.9803 0.0474 0.1915
vn -0.9949 0.0209 0.0984
vn -0.9948 0.0297 0.0969
vn -0.9947 0.0373 0.0953
vn -0.9565 0.0746 0.2820
vn -0.9565 0.0809 0.2803
vn -0.9565 0.0865 0.2786
vn -0.9803 0.0601 0.1883
vn -0.9803 0.0643 0.1869
vn -0.9803 0.0681 0.1856
vn -0.9947 0.0452 0.0928
vn -0.9947 0.0474 0.0917
vn -0.9947 0.0493 0.0907
vn -0.9565 0.0959 0.2754
vn -0.9565 0.0996 0.2740
vn -0.9566 0.1027 0.2728
vn -0.9803 0.0742 0.1831
vn -0.9803 0.0765 0.1821
vn -0.9803 0.0782 0.1812
vn -0.9947 0.0520 0.0890
vn -0.9947 0.0528 0.0883
vn -0.9947 0.0532 0.0877
vn -0.9567 0.1069 0.2709
vn -0.9567 0.1080 0.2702
vn -0.9568 0.1084 0.2699
vn -0.9804 0.0800 0.1799
vn -0.9805 0.0799 0.1796
vn -0.9805 0.0793 0.1796
vn -0.9948 0.0525 0.0872
vn -0.9949 0.0514 0.0872
vn -0.9949 0.0497 0.0875
vn -0.9567 -0.0590 0.2850
vn -0.9567 -0.0376 0.2887
vn -0.9567 -0.0148 0.2908
vn -0.9806 -0.0370 0.1927
vn -0.9805 -0.0222 0.1952
vn -0.9805 -0.0062 0.1964
vn -0.9950 -0.0146 0.0986
vn -0.9950 -0.0064 0.0998
vn -0.9950 0.0025 0.1001
vn -0.7728 0.0375 0.6336
vn -0.7728 0.0685 0.6310
vn -0.7727 0.0932 0.6279
vn -0.8310 0.0351 0.5551
vn -0.8310 0.0628 0.5527
vn -0.8310 0.0850 0.5498
vn -0.8813 0.0325 0.4714
vn -0.8813 0.0567 0.4691
vn -0.8813 0.0762 0.4664
vn -0.7727 0.1274 0.6219
vn -0.7727 0.1410 0.6189
vn -0.7727 0.1533 0.6160
vn -0.8309 0.1154 0.5443
vn -0.8309 0.1272 0.5416
vn -0.8309 0.1380 0.5390
vn -0.8812 0.1025 0.4615
vn -0.8812 0.1126 0.4591
vn -0.8812 0.1218 0.4567
vn -0.7727 0.1746 0.6102
vn -0.7728 0.1836 0.6076
vn -0.7728 0.1916 0.6050
vn -0.8310 0.1566 0.5338
vn -0.8310 0.1645 0.5314
vn -0.8310 0.1713 0.5292
vn -0.8813 0.1374 0.4522
vn -0.8813 0.1440 0.4501
vn -0.8813 0.1497 0.4482
vn -0.7729 0.2046 0.6007
vn -0.7729 0.2096 0.5989
vn -0.7730 0.2137 0.5974
vn -0.8311 0.1823 0.5254
vn -0.8312 0.1864 0.5239
vn -0.8312 0.1897 0.5226
vn -0.8814 0.1585 0.4450
vn -0.8815 0.1616 0.4438
vn -0.8815 0.1640 0.4428
vn -0.7727 -0.1386 0.6195
vn -0.7726 -0.0936 0.6279
vn -0.7726 -0.0458 0.6332
vn -0.8310 -0.1204 0.5431
vn -0.8309 -0.0808 0.5505
vn -0.8309 -0.0387 0.5551
vn -0.8813 -0.1010 0.4616
vn -0.8813 -0.0672 0.4678
vn -0.8813 -0.0312 0.4716
vn -0.4713 0.0451 0.8808
vn -0.4713 0.0864 0.8777
vn -0.4713 0.1190 0.8739
vn -0.5552 0.0436 0.8306
vn -0.5552 0.0828 0.8276
vn -0.5552 0.1138 0.8239
vn -0.6337 0.0418 0.7724
vn -0.6337 0.0786 0.7696
vn -0.6337 0.1077 0.7660
vn -0.4713 0.1654 0.8663
vn -0.4713 0.1842 0.8625
vn -0.4713 0.2014 0.8587
vn -0.5552 0.1577 0.8167
vn -0.5552 0.1754 0.8130
vn -0.5552 0.1916 0.8094
vn -0.6337 0.1488 0.7591
vn -0.6337 0.1652 0.7557
vn -0.6337 0.1803 0.7523
vn -0.4714 0.2312 0.8511
vn -0.4714 0.2441 0.8475
vn -0.4714 0.2556 0.8441
vn -0.5552 0.2197 0.8022
vn -0.5552 0.2318 0.7987
vn -0.5552 0.2426 0.7955
vn -0.6337 0.2064 0.7455
vn -0.6337 0.2176 0.7423
vn -0.6338 0.2275 0.7393
vn -0.4714 0.2748 0.8380
vn -0.4715 0.2827 0.8353
vn -0.4715 0.2895 0.8330
vn -0.5553 0.2606 0.7898
vn -0.5553 0.2679 0.7873
vn -0.5554 0.2741 0.7851
vn -0.6338 0.2440 0.7340
vn -0.6339 0.2507 0.7317
vn -0.6339 0.2563 0.7297
vn -0.4712 -0.1958 0.8600
vn -0.4712 -0.1339 0.8718
vn -0.4712 -0.0681 0.8794
vn -0.5551 -0.1842 0.8111
vn -0.5550 -0.1257 0.8223
vn -0.5550 -0.0636 0.8294
vn -0.6336 -0.1707 0.7546
vn -0.6336 -0.1162 0.7649
vn -0.6336 -0.0583 0.7715
vn -0.0983 0.0487 0.9940
vn -0.0983 0.0946 0.9906
vn -0.0983 0.1309 0.9865
vn -0.1949 0.0482 0.9796
vn -0.1949 0.0936 0.9763
vn -0.1949 0.1294 0.9722
vn -0.2897 0.0475 0.9559
vn -0.2898 0.0919 0.9527
vn -0.2898 0.1269 0.9487
vn -0.0983 0.1828 0.9782
vn -0.0983 0.2040 0.9740
vn -0.0983 0.2234 0.9698
vn -0.1949 0.1806 0.9640
vn -0.1949 0.2015 0.9599
vn -0.1949 0.2206 0.9557
vn -0.2897 0.1770 0.9406
vn -0.2898 0.1973 0.9365
vn -0.2898 0.2160 0.9324
vn -0.0983 0.2572 0.9614
vn -0.0983 0.2718 0.9573
vn -0.0983 0.2849 0.9535
vn -0.1950 0.2539 0.9474
vn -0.1950 0.2682 0.9434
vn -0.1950 0.2812 0.9396
vn -0.2898 0.2485 0.9243
vn -0.2898 0.2624 0.9204
vn -0.2898 0.2750 0.9167
vn -0.0983 0.3070 0.9466
vn -0.0983 0.3162 0.9436
vn -0.0983 0.3242 0.9409
vn -0.1950 0.3029 0.9329
vn -0.1950 0.3119 0.9299
vn -0.1950 0.3198 0.9272
vn -0.2898 0.2962 0.9101
vn -0.2898 0.3049 0.9072
vn -0.2899 0.3125 0.9046
vn -0.0982 -0.2220 0.9701
vn -0.0982 -0.1523 0.9834
vn -0.0982 -0.0783 0.9921
vn -0.1949 -0.2187 0.9561
vn -0.1949 -0.1500 0.9693
vn -0.1949 -0.0770 0.9778
vn -0.2897 -0.2132 0.9331
vn -0.2896 -0.1461 0.9459
vn -0.2897 -0.0749 0.9542
vn 0.2897 0.0475 0.9559
vn 0.2898 0.0919 0.9527
vn 0.2898 0.1269 0.9487
vn 0.1949 0.0482 0.9796
vn 0.1949 0.0936 0.9763
vn 0.1949 0.1294 0.9722
vn 0.0983 0.0487 0.9940
vn 0.0983 0.0946 0.9906
vn 0.0983 0.1309 0.9865
vn 0.2897 0.1770 0.9406
vn 0.2898 0.1973 0.9365
vn 0.2898 0.2160 0.9324
vn 0.1949 0.1806 0.9640
vn 0.1949 0.2015 0.9599
vn 0.1949 0.2206 0.9557
vn 0.0983 0.1828 0.9782
vn 0.0983 0.2040 0.9740
vn 0.0983 0.2234 0.9698
vn 0.2898 0.2485 0.9243
vn 0.2898 0.2624 0.9204
vn 0.2898 0.2750 0.9167
vn 0.1950 0.2539 0.9474
vn 0.1950 0.2682 0.9434
vn 0.1950 0.2812 0.9396
vn 0.0983 0.2572 0.9614
vn 0.0983 0.2717 0.9573
vn 0.0983 0.2849 0.9535
vn 0.2898 0.2962 0.9101
vn 0.2898 0.3049 0.9072
vn 0.2899 0.3125 0.9046
vn 0.1950 0.3029 0.9329
vn 0.1950 0.3119 0.9299
vn 0.1950 0.3198 0.9272
vn 0.0983 0.3070 0.9466
vn 0.0983 0.3162 0.9436
vn 0.0983 0.3242 0.9409
vn 0.2897 -0.2132 0.9331
vn 0.2896 -0.1461 0.9459
vn 0.2897 -0.0749 0.9542
vn 0.1949 -0.2187 0.9561
vn 0.1949 -0.1500 0.9693
vn 0.1949 -0.0770 0.9778
vn 0.0982 -0.2220 0.9701
vn 0.0982 -0.1523 0.9834
vn 0.0982 -0.0783 0.9921
vn 0.6337 0.0418 0.7724
vn 0.6337 0.0786 0.7696
vn 0.6337 0.1077 0.7660
vn 0.5552 0.0436 0.8306
vn 0.5552 0.0828 0.8276
vn 0.5552 0.1138 0.8239
vn 0.4713 0.0451 0.8808
vn 0.4713 0.0864 0.8777
vn 0.4713 0.1190 0.8739
vn 0.6337 0.1488 0.7591
vn 0.6337 0.1652 0.7557
vn 0.6337 0.1803 0.7523
vn 0.5552 0.1577 0.8167
vn 0.5552 0.1754 0.8130
vn 0.5552 0.1916 0.8094
vn 0.4713 0.1654 0.8663
vn 0.4713 0.1842 0.8625
vn 0.4713 0.2014 0.8587
vn 0.6337 0.2064 0.7455
vn 0.6338 0.2176 0.7423
vn 0.6338 0.2275 0.7393
vn 0.5552 0.2197 0.8022
vn 0.5552 0.2318 0.7987
vn 0.5552 0.2426 0.7955
vn 0.4714 0.2312 0.8511
vn 0.4714 0.2441 0.8475
vn 0.4714 0.2556 0.8441
vn 0.6338 0.2440 0.7340
vn 0.6339 0.2507 0.7317
vn 0.6339 0.2563 0.7297
vn 0.5553 0.2606 0.7898
vn 0.5553 0.2679 0.7873
vn 0.5554 0.2741 0.7851
vn 0.4714 0.2748 0.8380
vn 0.4715 0.2827 0.8353
vn 0.4715 0.2895 0.8330
vn 0.6336 -0.1707 0.7546
vn 0.6336 -0.1162 0.7649
vn 0.6336 -0.0583 0.7715
vn 0.5551 -0.1842 0.8111
vn 0.5550 -0.1257 0.8223
vn 0.5550 -0.0636 0.8294
vn 0.4712 -0.1958 0.8600
vn 0.4712 -0.1339 0.8718
vn 0.4712 -0.0681 0.8794
vn 0.8813 0.0325 0.4714
vn 0.8813 0.0567 0.4691
vn 0.8813 0.0762 0.4664
vn 0.8310 0.0351 0.5551
vn 0.8310 0.0628 0.5527
vn 0.8310 0.0850 0.5498
vn 0.7728 0.0375 0.6336
vn 0.7728 0.0685 0.6310
vn 0.7727 0.0932 0.6279
vn 0.8812 0.1025 0.4615
vn 0.8812 0.1126 0.4591
vn 0.8812 0.1218 0.4567
vn 0.8309 0.1154 0.5443
vn 0.8309 0.1272 0.5416
vn 0.8309 0.1380 0.5390
vn 0.7727 0.1274 0.6219
vn 0.7727 0.1410 0.6189
vn 0.7727 0.1533 0.6160
vn 0.8813 0.1374 0.4522
vn 0.8813 0.1440 0.4501
vn 0.8813 0.1497 0.4482
vn 0.8310 0.1566 0.5338
vn 0.8310 0.1645 0.5314
vn 0.8310 0.1713 0.5292
vn 0.7727 0.1746 0.6102
vn 0.7728 0.1836 0.6075
vn 0.7728 0.1916 0.6050
vn 0.8814 0.1585 0.4450
vn 0.8815 0.1616 0.4438
vn 0.8815 0.1640 0.4428
vn 0.8311 0.1823 0.5254
vn 0.8312 0.1864 0.5239
vn 0.8312 0.1897 0.5226
vn 0.7729 0.2046 0.6007
vn 0.7729 0.2096 0.5989
vn 0.7730 0.2137 0.5974
vn 0.8813 -0.1010 0.4616
vn 0.8813 -0.0672 0.4678
vn 0.8813 -0.0312 0.4716
vn 0.8310 -0.1204 0.5431
vn 0.8309 -0.0808 0.5505
vn 0.8309 -0.0387 0.5551
vn 0.7727 -0.1386 0.6195
vn 0.7726 -0.0936 0.6279
vn 0.7726 -0.0458 0.6332
vn 0.9949 0.0209 0.0984
vn 0.9948 0.0297 0.0969
vn 0.9947 0.0373 0.0953
vn 0.9805 0.0239 0.1951
vn 0.9804 0.0367 0.1934
vn 0.9803 0.0474 0.1915
vn 0.9567 0.0268 0.2899
vn 0.9566 0.0436 0.2880
vn 0.9566 0.0573 0.2858
vn 0.9947 0.0452 0.0928
vn 0.9947 0.0474 0.0917
vn 0.9947 0.0493 0.0907
vn 0.9803 0.0601 0.1883
vn 0.9803 0.0643 0.1869
vn 0.9803 0.0681 0.1856
vn 0.9565 0.0746 0.2820
vn 0.9565 0.0809 0.2803
vn 0.9565 0.0865 0.2786
vn 0.9947 0.0520 0.0890
vn 0.9947 0.0528 0.0883
vn 0.9947 0.0532 0.0877
vn 0.9803 0.0742 0.1831
vn 0.9803 0.0765 0.1821
vn 0.9803 0.0782 0.1812
vn 0.9565 0.0959 0.2754
vn 0.9565 0.0996 0.2740
vn 0.9566 0.1027 0.2728
vn 0.9948 0.0525 0.0872
vn 0.9949 0.0514 0.0872
vn 0.9949 0.0497 0.0875
vn 0.9804 0.0800 0.1799
vn 0.9805 0.0799 0.1796
vn 0.9805 0.0793 0.1796
vn 0.9567 0.1069 0.2708
vn 0.9567 0.1080 0.2702
vn 0.9568 0.1084 0.2699
vn 0.9950 -0.0146 0.0986
vn 0.9950 -0.0064 0.0997
vn 0.9950 0.0025 0.1001
vn 0.9806 -0.0370 0.1927
vn 0.9805 -0.0222 0.1952
vn 0.9805 -0.0062 0.1964
vn 0.9567 -0.0590 0.2850
vn 0.9567 -0.0376 0.2887
vn 0.9567 -0.0148 0.2908
vn 0.9571 0.0089 -0.2897
vn 0.9569 0.0015 -0.2903
vn 0.9568 -0.0033 -0.2907
vn 0.9808 0.0118 -0.1949
vn 0.9806 0.0084 -0.1957
vn 0.9805 0.0066 -0.1964
vn 0.9951 0.0148 -0.0981
vn 0.9949 0.0154 -0.0992
vn 0.9948 0.0167 -0.1002
vn 0.9567 -0.0144 -0.2908
vn 0.9567 -0.0204 -0.2905
vn 0.9567 -0.0261 -0.2900
vn 0.9804 0.0002 -0.1970
vn 0.9804 -0.0039 -0.1971
vn 0.9804 -0.0077 -0.1970
vn 0.9947 0.0150 -0.1015
vn 0.9947 0.0130 -0.1018
vn 0.9947 0.0111 -0.1021
vn 0.9567 -0.0368 -0.2889
vn 0.9567 -0.0420 -0.2881
vn 0.9567 -0.0471 -0.2872
vn 0.9804 -0.0151 -0.1965
vn 0.9804 -0.0188 -0.1961
vn 0.9804 -0.0226 -0.1956
vn 0.9947 0.0070 -0.1024
vn 0.9947 0.0048 -0.1023
vn 0.9948 0.0024 -0.1022
vn 0.9568 -0.0577 -0.2850
vn 0.9568 -0.0633 -0.2837
vn 0.9569 -0.0692 -0.2821
vn 0.9805 -0.0308 -0.1941
vn 0.9806 -0.0353 -0.1931
vn 0.9806 -0.0401 -0.1918
vn 0.9948 -0.0033 -0.1013
vn 0.9949 -0.0067 -0.1006
vn 0.9950 -0.0105 -0.0997
vn 0.9573 0.0753 -0.2792
vn 0.9573 0.0569 -0.2834
vn 0.9573 0.0375 -0.2867
vn 0.9809 0.0533 -0.1868
vn 0.9810 0.0414 -0.1898
vn 0.9809 0.0289 -0.1922
vn 0.9952 0.0309 -0.0927
vn 0.9952 0.0256 -0.0943
vn 0.9952 0.0202 -0.0958
vn 0.7734 -0.0018 -0.6339
vn 0.7733 -0.0234 -0.6336
vn 0.7731 -0.0392 -0.6330
vn 0.8317 0.0007 -0.5553
vn 0.8315 -0.0177 -0.5553
vn 0.8314 -0.0310 -0.5549
vn 0.8819 0.0033 -0.4714
vn 0.8818 -0.0116 -0.4716
vn 0.8816 -0.0222 -0.4714
vn 0.7730 -0.0673 -0.6308
vn 0.7730 -0.0806 -0.6293
vn 0.7730 -0.0930 -0.6276
vn 0.8312 -0.0552 -0.5532
vn 0.8312 -0.0668 -0.5519
vn 0.8312 -0.0777 -0.5505
vn 0.8815 -0.0423 -0.4703
vn 0.8815 -0.0522 -0.4693
vn 0.8815 -0.0614 -0.4682
vn 0.7730 -0.1156 -0.6238
vn 0.7730 -0.1260 -0.6218
vn 0.7730 -0.1361 -0.6196
vn 0.8312 -0.0976 -0.5473
vn 0.8312 -0.1068 -0.5456
vn 0.8312 -0.1158 -0.5437
vn 0.8815 -0.0784 -0.4657
vn 0.8815 -0.0864 -0.4643
vn 0.8815 -0.0941 -0.4627
vn 0.7731 -0.1554 -0.6150
vn 0.7731 -0.1650 -0.6125
vn 0.7731 -0.1746 -0.6097
vn 0.8313 -0.1331 -0.5397
vn 0.8313 -0.1418 -0.5374
vn 0.8314 -0.1505 -0.5349
vn 0.8816 -0.1093 -0.4592
vn 0.8816 -0.1170 -0.4573
vn 0.8817 -0.1248 -0.4551
vn 0.7737 0.1551 -0.6143
vn 0.7737 0.1130 -0.6234
vn 0.7737 0.0686 -0.6298
vn 0.8319 0.1369 -0.5378
vn 0.8320 0.1002 -0.5457
vn 0.8319 0.0615 -0.5515
vn 0.8822 0.1174 -0.4561
vn 0.8822 0.0865 -0.4629
vn 0.8822 0.0539 -0.4678
vn 0.4719 -0.0095 -0.8816
vn 0.4718 -0.0414 -0.8807
vn 0.4717 -0.0651 -0.8794
vn 0.5558 -0.0079 -0.8313
vn 0.5557 -0.0377 -0.8306
vn 0.5556 -0.0598 -0.8293
vn 0.6344 -0.0061 -0.7730
vn 0.6342 -0.0335 -0.7724
vn 0.6341 -0.0537 -0.7714
vn 0.4716 -0.1053 -0.8755
vn 0.4716 -0.1238 -0.8731
vn 0.4716 -0.1411 -0.8705
vn 0.5555 -0.0976 -0.8258
vn 0.5555 -0.1150 -0.8236
vn 0.5554 -0.1313 -0.8211
vn 0.6340 -0.0886 -0.7682
vn 0.6340 -0.1049 -0.7662
vn 0.6340 -0.1200 -0.7640
vn 0.4716 -0.1723 -0.8648
vn 0.4716 -0.1865 -0.8619
vn 0.4716 -0.2001 -0.8588
vn 0.5554 -0.1608 -0.8159
vn 0.5554 -0.1742 -0.8131
vn 0.5554 -0.1871 -0.8102
vn 0.6340 -0.1474 -0.7592
vn 0.6340 -0.1600 -0.7566
vn 0.6340 -0.1720 -0.7540
vn 0.4716 -0.2257 -0.8524
vn 0.4716 -0.2381 -0.8490
vn 0.4717 -0.2504 -0.8455
vn 0.5555 -0.2114 -0.8042
vn 0.5555 -0.2233 -0.8010
vn 0.5555 -0.2350 -0.7976
vn 0.6340 -0.1949 -0.7483
vn 0.6341 -0.2060 -0.7453
vn 0.6341 -0.2171 -0.7421
vn 0.0984 -0.0130 -0.9951
vn 0.0984 -0.0496 -0.9939
vn 0.0983 -0.0769 -0.9922
vn 0.1952 -0.0125 -0.9807
vn 0.1951 -0.0485 -0.9796
vn 0.1951 -0.0754 -0.9779
vn 0.2901 -0.0118 -0.9569
vn 0.2900 -0.0468 -0.9559
vn 0.2900 -0.0729 -0.9542
vn 0.0983 -0.1227 -0.9876
vn 0.0983 -0.1436 -0.9847
vn 0.0983 -0.1631 -0.9817
vn 0.1951 -0.1205 -0.9734
vn 0.1951 -0.1411 -0.9706
vn 0.1951 -0.1603 -0.9676
vn 0.2899 -0.1169 -0.9499
vn 0.2899 -0.1370 -0.9472
vn 0.2899 -0.1557 -0.9443
vn 0.0983 -0.1982 -0.9752
vn 0.0983 -0.2142 -0.9718
vn 0.0983 -0.2294 -0.9684
vn 0.1950 -0.1949 -0.9612
vn 0.1950 -0.2107 -0.9579
vn 0.1951 -0.2257 -0.9545
vn 0.2899 -0.1895 -0.9381
vn 0.2899 -0.2049 -0.9349
vn 0.2899 -0.2195 -0.9315
vn 0.0983 -0.2579 -0.9612
vn 0.0983 -0.2716 -0.9574
vn 0.0983 -0.2851 -0.9534
vn 0.1951 -0.2538 -0.9474
vn 0.1951 -0.2674 -0.9436
vn 0.1951 -0.2807 -0.9398
vn 0.2899 -0.2471 -0.9246
vn 0.2899 -0.2603 -0.9210
vn 0.2900 -0.2734 -0.9171
vn 0.0984 0.3239 -0.9410
vn 0.1952 0.3192 -0.9274
vn 0.2901 0.3115 -0.9049
vn 0.0983 0.3280 -0.9395
vn 0.1951 0.3231 -0.9260
vn 0.2900 0.3149 -0.9037
vn 0.0978 0.2528 -0.9625
vn 0.1940 0.2478 -0.9492
vn 0.2884 0.2396 -0.9271
vn 0.0874 -0.1115 -0.9899
vn 0.1735 -0.1159 -0.9780
vn 0.2578 -0.1232 -0.9583
vn 0.0825 -0.2095 -0.9743
vn 0.1636 -0.2137 -0.9631
vn 0.2432 -0.2206 -0.9445
vn 0.0767 -0.3055 -0.9491
vn 0.1521 -0.3094 -0.9387
vn 0.2262 -0.3158 -0.9215
vn 0.0628 -0.4881 -0.8705
vn 0.1246 -0.4913 -0.8620
vn 0.1853 -0.4966 -0.8480
vn 0.0550 -0.5717 -0.8186
vn 0.1091 -0.5745 -0.8112
vn 0.1622 -0.5792 -0.7989
vn 0.0466 -0.6496 -0.7589
vn 0.0926 -0.6520 -0.7526
vn 0.1376 -0.6559 -0.7422
vn 0.0284 -0.7852 -0.6186
vn 0.0571 -0.7865 -0.6149
vn 0.0852 -0.7892 -0.6082
vn 0.0191 -0.8368 -0.5472
vn 0.0404 -0.8375 -0.5450
vn 0.0611 -0.8398 -0.5395
vn 0.0105 -0.8745 -0.4849
vn 0.0264 -0.8747 -0.4839
vn 0.0414 -0.8767 -0.4792
vn 0.4718 0.2872 -0.8336
vn 0.5558 0.2709 -0.7860
vn 0.6343 0.2520 -0.7308
vn 0.4717 0.2891 -0.8330
vn 0.5556 0.2718 -0.7858
vn 0.6341 0.2518 -0.7311
vn 0.4691 0.2133 -0.8570
vn 0.5526 0.1958 -0.8101
vn 0.6307 0.1755 -0.7559
vn 0.4196 -0.1465 -0.8958
vn 0.4943 -0.1620 -0.8541
vn 0.5644 -0.1800 -0.8057
vn 0.3958 -0.2425 -0.8857
vn 0.4664 -0.2572 -0.8464
vn 0.5325 -0.2742 -0.8008
vn 0.3681 -0.3362 -0.8669
vn 0.4338 -0.3498 -0.8303
vn 0.4954 -0.3656 -0.7880
vn 0.3017 -0.5134 -0.8034
vn 0.3555 -0.5246 -0.7736
vn 0.4061 -0.5376 -0.7390
vn 0.2641 -0.5939 -0.7600
vn 0.3113 -0.6037 -0.7339
vn 0.3556 -0.6152 -0.7036
vn 0.2240 -0.6685 -0.7092
vn 0.2641 -0.6769 -0.6871
vn 0.3017 -0.6866 -0.6615
vn 0.1379 -0.7969 -0.5881
vn 0.1631 -0.8020 -0.5746
vn 0.1864 -0.8084 -0.5584
vn 0.0964 -0.8450 -0.5260
vn 0.1154 -0.8485 -0.5164
vn 0.1323 -0.8535 -0.5040
vn 0.0610 -0.8796 -0.4718
vn 0.0752 -0.8820 -0.4653
vn 0.0872 -0.8859 -0.4556
vn 0.7734 0.2070 -0.5992
vn 0.8317 0.1816 -0.5248
vn 0.8819 0.1544 -0.4454
vn 0.7732 0.2040 -0.6005
vn 0.8314 0.1770 -0.5267
vn 0.8817 0.1482 -0.4479
vn 0.7691 0.1270 -0.6264
vn 0.8271 0.0996 -0.5532
vn 0.8771 0.0703 -0.4751
vn 0.6886 -0.2231 -0.6900
vn 0.7407 -0.2475 -0.6246
vn 0.7858 -0.2735 -0.5547
vn 0.6499 -0.3148 -0.6918
vn 0.6992 -0.3378 -0.6301
vn 0.7419 -0.3624 -0.5642
vn 0.6047 -0.4034 -0.6867
vn 0.6507 -0.4248 -0.6294
vn 0.6905 -0.4477 -0.5681
vn 0.4959 -0.5687 -0.6562
vn 0.5337 -0.5864 -0.6094
vn 0.5665 -0.6052 -0.5592
vn 0.4343 -0.6426 -0.6313
vn 0.4674 -0.6581 -0.5903
vn 0.4962 -0.6747 -0.5464
vn 0.3685 -0.7099 -0.6002
vn 0.3966 -0.7232 -0.5654
vn 0.4211 -0.7373 -0.5282
vn 0.2271 -0.8227 -0.5211
vn 0.2450 -0.8309 -0.4996
vn 0.2600 -0.8400 -0.4762
vn 0.1596 -0.8632 -0.4790
vn 0.1733 -0.8690 -0.4634
vn 0.1839 -0.8760 -0.4459
vn 0.1024 -0.8913 -0.4418
vn 0.1130 -0.8954 -0.4307
vn 0.1201 -0.9007 -0.4175
vn 0.9571 0.0956 -0.2734
vn 0.9809 0.0649 -0.1836
vn 0.9952 0.0336 -0.0920
vn 0.9570 0.0858 -0.2772
vn 0.9807 0.0532 -0.1881
vn 0.9951 0.0200 -0.0973
vn 0.9521 0.0069 -0.3058
vn 0.9757 -0.0262 -0.2174
vn 0.9901 -0.0599 -0.1273
vn 0.8536 -0.3299 -0.4031
vn 0.8751 -0.3594 -0.3239
vn 0.8883 -0.3896 -0.2430
vn 0.8061 -0.4157 -0.4212
vn 0.8266 -0.4435 -0.3464
vn 0.8392 -0.4720 -0.2700
vn 0.7505 -0.4974 -0.4352
vn 0.7697 -0.5234 -0.3656
vn 0.7816 -0.5499 -0.2945
vn 0.6161 -0.6462 -0.4503
vn 0.6321 -0.6677 -0.3932
vn 0.6420 -0.6896 -0.3350
vn 0.5398 -0.7107 -0.4511
vn 0.5538 -0.7296 -0.4012
vn 0.5626 -0.7489 -0.3501
vn 0.4581 -0.7680 -0.4474
vn 0.4701 -0.7842 -0.4051
vn 0.4776 -0.8006 -0.3618
vn 0.2825 -0.8589 -0.4271
vn 0.2903 -0.8690 -0.4007
vn 0.2947 -0.8795 -0.3737
vn 0.1990 -0.8888 -0.4129
vn 0.2054 -0.8961 -0.3935
vn 0.2080 -0.9040 -0.3734
vn 0.1286 -0.9078 -0.3992
vn 0.1339 -0.9131 -0.3851
vn 0.1350 -0.9190 -0.3703
vn 0.9951 -0.0300 0.0941
vn 0.9807 -0.0613 0.1856
vn 0.9569 -0.0920 0.2754
vn 0.9950 -0.0476 0.0874
vn 0.9807 -0.0808 0.1783
vn 0.9569 -0.1134 0.2674
vn 0.9901 -0.1286 0.0560
vn 0.9759 -0.1623 0.1461
vn 0.9523 -0.1955 0.2345
vn 0.8891 -0.4509 -0.0784
vn 0.8767 -0.4811 0.0026
vn 0.8558 -0.5108 0.0822
vn 0.8402 -0.5300 -0.1145
vn 0.8286 -0.5586 -0.0379
vn 0.8090 -0.5866 0.0374
vn 0.7828 -0.6040 -0.1497
vn 0.7721 -0.6307 -0.0783
vn 0.7539 -0.6569 -0.0081
vn 0.6434 -0.7344 -0.2161
vn 0.6348 -0.7565 -0.1574
vn 0.6201 -0.7782 -0.0997
vn 0.5639 -0.7883 -0.2460
vn 0.5564 -0.8078 -0.1946
vn 0.5436 -0.8269 -0.1441
vn 0.4788 -0.8342 -0.2735
vn 0.4725 -0.8509 -0.2299
vn 0.4616 -0.8672 -0.1870
vn 0.2955 -0.9002 -0.3199
vn 0.2918 -0.9106 -0.2926
vn 0.2847 -0.9210 -0.2660
vn 0.2085 -0.9180 -0.3374
vn 0.2064 -0.9257 -0.3171
vn 0.2005 -0.9334 -0.2976
vn 0.1354 -0.9268 -0.3504
vn 0.1345 -0.9324 -0.3354
vn 0.1294 -0.9381 -0.3212
vn 0.8816 -0.1508 0.4473
vn 0.8313 -0.1779 0.5266
vn 0.7730 -0.2033 0.6009
vn 0.8816 -0.1758 0.4380
vn 0.8313 -0.2046 0.5168
vn 0.7731 -0.2316 0.5905
vn 0.8774 -0.2589 0.4039
vn 0.8274 -0.2882 0.4821
vn 0.7694 -0.3156 0.5553
vn 0.7891 -0.5677 0.2348
vn 0.7443 -0.5939 0.3053
vn 0.6924 -0.6186 0.3714
vn 0.7462 -0.6405 0.1817
vn 0.7040 -0.6654 0.2484
vn 0.6549 -0.6887 0.3110
vn 0.6956 -0.7072 0.1264
vn 0.6563 -0.7305 0.1887
vn 0.6107 -0.7523 0.2471
vn 0.5724 -0.8199 0.0110
vn 0.5403 -0.8392 0.0623
vn 0.5028 -0.8573 0.1104
vn 0.5019 -0.8636 -0.0470
vn 0.4738 -0.8806 -0.0021
vn 0.4410 -0.8966 0.0401
vn 0.4263 -0.8985 -0.1046
vn 0.4024 -0.9131 -0.0664
vn 0.3745 -0.9267 -0.0306
vn 0.2632 -0.9403 -0.2158
vn 0.2486 -0.9494 -0.1918
vn 0.2309 -0.9581 -0.1697
vn 0.1861 -0.9464 -0.2640
vn 0.1758 -0.9532 -0.2459
vn 0.1622 -0.9596 -0.2299
vn 0.1215 -0.9453 -0.3026
vn 0.1145 -0.9505 -0.2890
vn 0.1039 -0.9550 -0.2777
vn 0.6339 -0.2483 0.7325
vn 0.5554 -0.2671 0.7875
vn 0.4715 -0.2834 0.8351
vn 0.6340 -0.2793 0.7211
vn 0.5555 -0.2993 0.7758
vn 0.4716 -0.3166 0.8230
vn 0.6311 -0.3642 0.6849
vn 0.5529 -0.3845 0.7392
vn 0.4694 -0.4021 0.7861
vn 0.5682 -0.6622 0.4884
vn 0.4979 -0.6805 0.5375
vn 0.4228 -0.6963 0.5799
vn 0.5376 -0.7301 0.4219
vn 0.4711 -0.7474 0.4684
vn 0.4001 -0.7624 0.5085
vn 0.5014 -0.7910 0.3505
vn 0.4395 -0.8073 0.3940
vn 0.3732 -0.8213 0.4315
vn 0.4130 -0.8895 0.1957
vn 0.3620 -0.9029 0.2315
vn 0.3075 -0.9146 0.2625
vn 0.3623 -0.9250 0.1150
vn 0.3176 -0.9369 0.1464
vn 0.2698 -0.9471 0.1736
vn 0.3077 -0.9509 0.0330
vn 0.2698 -0.9611 0.0597
vn 0.2292 -0.9699 0.0828
vn 0.1902 -0.9730 -0.1310
vn 0.1667 -0.9794 -0.1140
vn 0.1412 -0.9849 -0.0999
vn 0.1349 -0.9696 -0.2039
vn 0.1179 -0.9745 -0.1909
vn 0.0986 -0.9785 -0.1810
vn 0.0888 -0.9606 -0.2633
vn 0.0767 -0.9644 -0.2532
vn 0.0623 -0.9671 -0.2466
vn 0.2899 -0.3077 0.9063
vn 0.1950 -0.3154 0.9287
vn 0.0983 -0.3200 0.9423
vn 0.2899 -0.3424 0.8937
vn 0.1950 -0.3506 0.9160
vn 0.0983 -0.3555 0.9295
vn 0.2886 -0.4284 0.8563
vn 0.1942 -0.4367 0.8784
vn 0.0979 -0.4417 0.8918
vn 0.2600 -0.7200 0.6434
vn 0.1750 -0.7275 0.6634
vn 0.0882 -0.7320 0.6756
vn 0.2461 -0.7849 0.5687
vn 0.1656 -0.7920 0.5877
vn 0.0835 -0.7963 0.5992
vn 0.2296 -0.8423 0.4877
vn 0.1545 -0.8489 0.5054
vn 0.0779 -0.8530 0.5161
vn 0.1892 -0.9321 0.3089
vn 0.1273 -0.9376 0.3235
vn 0.0642 -0.9409 0.3324
vn 0.1660 -0.9626 0.2143
vn 0.1117 -0.9674 0.2272
vn 0.0563 -0.9704 0.2349
vn 0.1411 -0.9830 0.1174
vn 0.0949 -0.9872 0.1283
vn 0.0478 -0.9897 0.1349
vn 0.0874 -0.9930 -0.0788
vn 0.0587 -0.9957 -0.0717
vn 0.0292 -0.9973 -0.0679
vn 0.0626 -0.9840 -0.1669
vn 0.0415 -0.9861 -0.1610
vn 0.0196 -0.9871 -0.1588
vn 0.0423 -0.9702 -0.2388
vn 0.0270 -0.9719 -0.2338
vn 0.0108 -0.9724 -0.2329
vn -0.0983 -0.3200 0.9423
vn -0.1950 -0.3154 0.9287
vn -0.2899 -0.3077 0.9063
vn -0.0983 -0.3555 0.9295
vn -0.1950 -0.3506 0.9160
vn -0.2899 -0.3424 0.8937
vn -0.0979 -0.4417 0.8918
vn -0.1942 -0.4367 0.8784
vn -0.2886 -0.4284 0.8563
vn -0.0882 -0.7320 0.6756
vn -0.1750 -0.7275 0.6634
vn -0.2600 -0.7200 0.6434
vn -0.0835 -0.7963 0.5992
vn -0.1656 -0.7920 0.5877
vn -0.2461 -0.7849 0.5687
vn -0.0779 -0.8530 0.5161
vn -0.1545 -0.8489 0.5054
vn -0.2296 -0.8423 0.4876
vn -0.0642 -0.9409 0.3324
vn -0.1273 -0.9376 0.3235
vn -0.1892 -0.9321 0.3089
vn -0.0563 -0.9704 0.2349
vn -0.1117 -0.9674 0.2272
vn -0.1660 -0.9626 0.2143
vn -0.0478 -0.9897 0.1349
vn -0.0949 -0.9872 0.1283
vn -0.1411 -0.9830 0.1174
vn -0.0292 -0.9973 -0.0679
vn -0.0587 -0.9957 -0.0717
vn -0.0874 -0.9930 -0.0788
vn -0.0196 -0.9871 -0.1588
vn -0.0415 -0.9861 -0.1610
vn -0.0626 -0.9840 -0.1669
vn -0.0108 -0.9724 -0.2329
vn -0.0270 -0.9719 -0.2338
vn -0.0423 -0.9702 -0.2388
vn -0.4715 -0.2834 0.8351
vn -0.5554 -0.2671 0.7875
vn -0.6339 -0.2483 0.7325
vn -0.4716 -0.3166 0.8230
vn -0.5555 -0.2993 0.7758
vn -0.6340 -0.2793 0.7211
vn -0.4694 -0.4021 0.7861
vn -0.5529 -0.3845 0.7392
vn -0.6311 -0.3642 0.6849
vn -0.4228 -0.6963 0.5799
vn -0.4979 -0.6805 0.5375
vn -0.5682 -0.6622 0.4884
vn -0.4001 -0.7624 0.5085
vn -0.4711 -0.7474 0.4684
vn -0.5376 -0.7301 0.4219
vn -0.3732 -0.8213 0.4315
vn -0.4395 -0.8073 0.3940
vn -0.5014 -0.7910 0.3505
vn -0.3075 -0.9146 0.2625
vn -0.3621 -0.9029 0.2315
vn -0.4130 -0.8895 0.1957
vn -0.2698 -0.9471 0.1736
vn -0.3176 -0.9369 0.1464
vn -0.3623 -0.9250 0.1150
vn -0.2292 -0.9699 0.0828
vn -0.2698 -0.9611 0.0597
vn -0.3077 -0.9509 0.0330
vn -0.1412 -0.9849 -0.0999
vn -0.1667 -0.9794 -0.1140
vn -0.1902 -0.9730 -0.1310
vn -0.0986 -0.9785 -0.1810
vn -0.1178 -0.9745 -0.1909
vn -0.1349 -0.9696 -0.2039
vn -0.0623 -0.9671 -0.2466
vn -0.0767 -0.9644 -0.2532
vn -0.0888 -0.9606 -0.2633
vn -0.7730 -0.2033 0.6009
vn -0.8313 -0.1779 0.5266
vn -0.8816 -0.1508 0.4473
vn -0.7731 -0.2316 0.5905
vn -0.8313 -0.2046 0.5168
vn -0.8816 -0.1758 0.4380
vn -0.7694 -0.3156 0.5553
vn -0.8274 -0.2882 0.4821
vn -0.8774 -0.2589 0.4039
vn -0.6924 -0.6186 0.3714
vn -0.7444 -0.5939 0.3053
vn -0.7891 -0.5677 0.2348
vn -0.6549 -0.6887 0.3110
vn -0.7040 -0.6654 0.2484
vn -0.7462 -0.6405 0.1817
vn -0.6107 -0.7523 0.2471
vn -0.6563 -0.7305 0.1887
vn -0.6956 -0.7072 0.1264
vn -0.5028 -0.8573 0.1104
vn -0.5403 -0.8392 0.0623
vn -0.5724 -0.8199 0.0110
vn -0.4410 -0.8966 0.0401
vn -0.4738 -0.8806 -0.0021
vn -0.5019 -0.8636 -0.0470
vn -0.3745 -0.9267 -0.0306
vn -0.4024 -0.9131 -0.0664
vn -0.4263 -0.8985 -0.1046
vn -0.2309 -0.9581 -0.1697
vn -0.2486 -0.9494 -0.1918
vn -0.2632 -0.9403 -0.2158
vn -0.1622 -0.9596 -0.2299
vn -0.1758 -0.9532 -0.2459
vn -0.1861 -0.9464 -0.2640
vn -0.1039 -0.9550 -0.2777
vn -0.1145 -0.9505 -0.2890
vn -0.1215 -0.9453 -0.3026
vn -0.9569 -0.0920 0.2754
vn -0.9807 -0.0613 0.1856
vn -0.9951 -0.0300 0.0941
vn -0.9569 -0.1134 0.2674
vn -0.9807 -0.0808 0.1783
vn -0.9950 -0.0476 0.0874
vn -0.9523 -0.1955 0.2345
vn -0.9759 -0.1623 0.1461
vn -0.9901 -0.1286 0.0560
vn -0.8558 -0.5108 0.0822
vn -0.8767 -0.4811 0.0026
vn -0.8891 -0.4509 -0.0784
vn -0.8090 -0.5866 0.0374
vn -0.8286 -0.5586 -0.0379
vn -0.8402 -0.5300 -0.1145
vn -0.7539 -0.6569 -0.0081
vn -0.7721 -0.6307 -0.0783
vn -0.7828 -0.6041 -0.1497
vn -0.6201 -0.7782 -0.0997
vn -0.6348 -0.7565 -0.1574
vn -0.6434 -0.7344 -0.2161
vn -0.5436 -0.8269 -0.1441
vn -0.5564 -0.8078 -0.1946
vn -0.5639 -0.7883 -0.2460
vn -0.4616 -0.8672 -0.1870
vn -0.4725 -0.8509 -0.2299
vn -0.4788 -0.8342 -0.2735
vn -0.2847 -0.9210 -0.2660
vn -0.2919 -0.9106 -0.2926
vn -0.2955 -0.9002 -0.3199
vn -0.2005 -0.9334 -0.2976
vn -0.2064 -0.9257 -0.3171
vn -0.2085 -0.9180 -0.3374
vn -0.1294 -0.9381 -0.3212
vn -0.1345 -0.9324 -0.3354
vn -0.1354 -0.9268 -0.3504
vn -0.9952 0.0336 -0.0920
vn -0.9809 0.0649 -0.1836
vn -0.9571 0.0956 -0.2734
vn -0.9951 0.0200 -0.0973
vn -0.9807 0.0532 -0.1881
vn -0.9570 0.0858 -0.2772
vn -0.9901 -0.0599 -0.1273
vn -0.9757 -0.0262 -0.2174
vn -0.9521 0.0069 -0.3058
vn -0.8883 -0.3896 -0.2430
vn -0.8751 -0.3594 -0.3239
vn -0.8536 -0.3299 -0.4031
vn -0.8392 -0.4720 -0.2700
vn -0.8266 -0.4435 -0.3464
vn -0.8061 -0.4157 -0.4212
vn -0.7816 -0.5499 -0.2945
vn -0.7697 -0.5234 -0.3656
vn -0.7505 -0.4974 -0.4352
vn -0.6420 -0.6896 -0.3350
vn -0.6321 -0.6677 -0.3932
vn -0.6161 -0.6462 -0.4503
vn -0.5626 -0.7489 -0.3501
vn -0.5538 -0.7296 -0.4012
vn -0.5398 -0.7107 -0.4511
vn -0.4776 -0.8006 -0.3618
vn -0.4701 -0.7842 -0.4051
vn -0.4581 -0.7680 -0.4474
vn -0.2947 -0.8795 -0.3737
vn -0.2903 -0.8690 -0.4007
vn -0.2825 -0.8589 -0.4271
vn -0.2080 -0.9040 -0.3734
vn -0.2054 -0.8961 -0.3935
vn -0.1990 -0.8888 -0.4129
vn -0.1350 -0.9190 -0.3703
vn -0.1339 -0.9131 -0.3851
vn -0.1286 -0.9078 -0.3992
vn -0.8819 0.1544 -0.4454
vn -0.8317 0.1816 -0.5248
vn -0.7734 0.2070 -0.5992
vn -0.8817 0.1482 -0.4479
vn -0.8314 0.1770 -0.5267
vn -0.7732 0.2040 -0.6005
vn -0.8771 0.0703 -0.4751
vn -0.8271 0.0996 -0.5532
vn -0.7691 0.1270 -0.6264
vn -0.7858 -0.2735 -0.5547
vn -0.7407 -0.2475 -0.6246
vn -0.6886 -0.2231 -0.6900
vn -0.7419 -0.3624 -0.5642
vn -0.6992 -0.3378 -0.6301
vn -0.6499 -0.3148 -0.6918
vn -0.6905 -0.4477 -0.5682
vn -0.6506 -0.4248 -0.6294
vn -0.6047 -0.4034 -0.6867
vn -0.5665 -0.6052 -0.5592
vn -0.5337 -0.5864 -0.6094
vn -0.4959 -0.5687 -0.6562
vn -0.4962 -0.6747 -0.5464
vn -0.4675 -0.6581 -0.5903
vn -0.4343 -0.6426 -0.6313
vn -0.4211 -0.7373 -0.5282
vn -0.3967 -0.7232 -0.5654
vn -0.3685 -0.7099 -0.6002
vn -0.2600 -0.8400 -0.4762
vn -0.2450 -0.8309 -0.4996
vn -0.2271 -0.8227 -0.5211
vn -0.1839 -0.8760 -0.4459
vn -0.1733 -0.8690 -0.4634
vn -0.1596 -0.8632 -0.4790
vn -0.1201 -0.9007 -0.4175
vn -0.1130 -0.8954 -0.4307
vn -0.1024 -0.8913 -0.4418
vn -0.6343 0.2520 -0.7308
vn -0.5557 0.2709 -0.7860
vn -0.4718 0.2872 -0.8336
vn -0.6341 0.2518 -0.7311
vn -0.5556 0.2718 -0.7858
vn -0.4717 0.2891 -0.8330
vn -0.6307 0.1755 -0.7559
vn -0.5526 0.1958 -0.8101
vn -0.4691 0.2133 -0.8570
vn -0.5644 -0.1800 -0.8057
vn -0.4943 -0.1620 -0.8541
vn -0.4196 -0.1465 -0.8958
vn -0.5325 -0.2742 -0.8008
vn -0.4664 -0.2572 -0.8464
vn -0.3958 -0.2425 -0.8857
vn -0.4954 -0.3656 -0.7880
vn -0.4338 -0.3498 -0.8303
vn -0.3681 -0.3362 -0.8669
vn -0.4061 -0.5376 -0.7390
vn -0.3555 -0.5246 -0.7736
vn -0.3017 -0.5133 -0.8034
vn -0.3556 -0.6152 -0.7036
vn -0.3113 -0.6037 -0.7339
vn -0.2641 -0.5939 -0.7600
vn -0.3017 -0.6866 -0.6615
vn -0.2641 -0.6769 -0.6871
vn -0.2241 -0.6685 -0.7092
vn -0.1864 -0.8084 -0.5584
vn -0.1631 -0.8020 -0.5746
vn -0.1379 -0.7969 -0.5881
vn -0.1323 -0.8535 -0.5040
vn -0.1154 -0.8485 -0.5164
vn -0.0964 -0.8450 -0.5260
vn -0.0872 -0.8859 -0.4556
vn -0.0752 -0.8820 -0.4653
vn -0.0610 -0.8796 -0.4718
vn -0.2901 0.3115 -0.9049
vn -0.1952 0.3192 -0.9274
vn -0.0984 0.3239 -0.9410
vn -0.2900 0.3149 -0.9037
vn -0.1951 0.3231 -0.9260
vn -0.0983 0.3280 -0.9395
vn -0.2884 0.2396 -0.9271
vn -0.1940 0.2478 -0.9492
vn -0.0978 0.2528 -0.9625
vn -0.2578 -0.1232 -0.9583
vn -0.1735 -0.1159 -0.9780
vn -0.0874 -0.1115 -0.9899
vn -0.2432 -0.2206 -0.9445
vn -0.1636 -0.2137 -0.9631
vn -0.0825 -0.2095 -0.9743
vn -0.2262 -0.3158 -0.9215
vn -0.1521 -0.3094 -0.9387
vn -0.0767 -0.3055 -0.9491
vn -0.1853 -0.4966 -0.8480
vn -0.1246 -0.4913 -0.8620
vn -0.0628 -0.4881 -0.8705
vn -0.1622 -0.5792 -0.7989
vn -0.1091 -0.5745 -0.8112
vn -0.0550 -0.5717 -0.8186
vn -0.1376 -0.6559 -0.7422
vn -0.0926 -0.6520 -0.7526
vn -0.0466 -0.6496 -0.7589
vn -0.0852 -0.7892 -0.6082
vn -0.0572 -0.7865 -0.6149
vn -0.0284 -0.7852 -0.6186
vn -0.0611 -0.8398 -0.5395
vn -0.0405 -0.8375 -0.5450
vn -0.0191 -0.8368 -0.5472
vn -0.0414 -0.8767 -0.4792
vn -0.0264 -0.8747 -0.4839
vn -0.0106 -0.8745 -0.4849
vn 0.0984 0.2388 -0.9661
vn 0.0984 0.1719 -0.9802
vn 0.0984 0.1012 -0.9900
vn 0.1953 0.2354 -0.9521
vn 0.1953 0.1695 -0.9660
vn 0.1953 0.0999 -0.9756
vn 0.2902 0.2299 -0.9289
vn 0.2903 0.1657 -0.9425
vn 0.2903 0.0978 -0.9519
vn 0.1362 0.4292 -0.8929
vn 0.3885 0.1970 -0.9002
vn 0.1712 0.1469 -0.9742
vn -0.0628 0.1656 -0.9842
vn -0.0534 0.5887 -0.8066
vn 0.0485 0.8201 -0.5702
vn 0.2588 0.6105 -0.7486
vn -0.1362 0.4292 -0.8929
vn 0.0628 0.1656 -0.9842
vn -0.1712 0.1469 -0.9742
vn -0.3885 0.1970 -0.9002
vn -0.2588 0.6105 -0.7486
vn -0.0485 0.8201 -0.5702
vn 0.0534 0.5887 -0.8066
vn -0.3880 0.4654 -0.7955
vn -0.2724 0.1798 -0.9452
vn -0.4878 0.1924 -0.8515
vn -0.6553 0.2693 -0.7058
vn -0.4251 0.6581 -0.6215
vn -0.1381 0.8331 -0.5356
vn -0.1602 0.5959 -0.7869
vn -0.5813 0.5325 -0.6152
vn -0.5665 0.2375 -0.7891
vn -0.7304 0.2765 -0.6246
vn -0.8226 0.3715 -0.4304
vn -0.5271 0.7244 -0.4444
vn -0.2070 0.8572 -0.4716
vn -0.3497 0.6311 -0.6924
vn -0.6865 0.6204 -0.3792
vn -0.7747 0.3300 -0.5393
vn -0.8621 0.3865 -0.3278
vn -0.8650 0.4883 -0.1156
vn -0.5492 0.7993 -0.2439
vn -0.2446 0.8888 -0.3876
vn -0.4865 0.6891 -0.5371
vn -0.6874 0.7158 -0.1231
vn -0.8654 0.4433 -0.2337
vn -0.8627 0.5058 -0.0061
vn -0.7755 0.6018 0.1906
vn -0.4876 0.8716 -0.0505
vn -0.2450 0.9231 -0.2965
vn -0.5496 0.7612 -0.3443
vn -0.5834 0.8041 0.1141
vn -0.8244 0.5602 0.0814
vn -0.7318 0.6161 0.2915
vn -0.5677 0.6948 0.4416
vn -0.3514 0.9302 0.1063
vn -0.2081 0.9549 -0.2120
vn -0.5291 0.8364 -0.1432
vn -0.3902 0.8718 0.2961
vn -0.6576 0.6629 0.3579
vn -0.4892 0.7006 0.5195
vn -0.2730 0.7529 0.5988
vn -0.1612 0.9660 0.2023
vn -0.1392 0.9793 -0.1471
vn -0.4278 0.9032 0.0353
vn -0.1371 0.9085 0.3947
vn -0.3904 0.7356 0.5535
vn -0.1718 0.7464 0.6429
vn 0.0636 0.7673 0.6382
vn 0.0539 0.9734 0.2226
vn -0.0489 0.9925 -0.1119
vn -0.2609 0.9514 0.1639
vn 0.1371 0.9085 0.3947
vn -0.0636 0.7673 0.6382
vn 0.1718 0.7464 0.6430
vn 0.3904 0.7356 0.5535
vn 0.2609 0.9513 0.1639
vn 0.0489 0.9925 -0.1119
vn -0.0539 0.9734 0.2226
vn 0.3902 0.8718 0.2961
vn 0.2730 0.7529 0.5988
vn 0.4892 0.7006 0.5195
vn 0.6576 0.6629 0.3579
vn 0.4278 0.9032 0.0353
vn 0.1392 0.9793 -0.1471
vn 0.1612 0.9660 0.2023
vn 0.5834 0.8041 0.1141
vn 0.5677 0.6948 0.4416
vn 0.7318 0.6161 0.2915
vn 0.8244 0.5602 0.0814
vn 0.5291 0.8364 -0.1432
vn 0.2081 0.9549 -0.2120
vn 0.3514 0.9302 0.1063
vn 0.6874 0.7158 -0.1231
vn 0.7755 0.6018 0.1906
vn 0.8627 0.5058 -0.0061
vn 0.8654 0.4433 -0.2337
vn 0.5496 0.7612 -0.3443
vn 0.2450 0.9231 -0.2965
vn 0.4876 0.8716 -0.0505
vn 0.6865 0.6204 -0.3792
vn 0.8650 0.4883 -0.1156
vn 0.8621 0.3865 -0.3278
vn 0.7747 0.3300 -0.5394
vn 0.4865 0.6891 -0.5371
vn 0.2446 0.8888 -0.3876
vn 0.5491 0.7993 -0.2439
vn 0.5813 0.5326 -0.6152
vn 0.8226 0.3715 -0.4304
vn 0.7304 0.2765 -0.6246
vn 0.5665 0.2375 -0.7891
vn 0.3496 0.6311 -0.6924
vn 0.2070 0.8572 -0.4716
vn 0.5271 0.7244 -0.4444
vn 0.3880 0.4654 -0.7955
vn 0.6553 0.2693 -0.7058
vn 0.4878 0.1924 -0.8515
vn 0.2724 0.1798 -0.9452
vn 0.1602 0.5959 -0.7869
vn 0.1382 0.8331 -0.5356
vn 0.4251 0.6581 -0.6215
vn 0.0134 -0.9238 -0.3826
vn 0.0142 -0.9162 -0.4004
vn 0.0245 -0.9172 -0.3978
vn 0.0310 -0.9203 -0.3900
vn 0.0137 -0.9272 -0.3743
vn 0.0038 -0.9293 -0.3693
vn 0.0051 -0.9251 -0.3797
vn 0.0201 -0.9262 -0.3764
vn 0.0283 -0.9193 -0.3926
vn 0.0367 -0.9216 -0.3865
vn 0.0396 -0.9254 -0.3770
vn 0.0169 -0.9294 -0.3687
vn 0.0057 -0.9300 -0.3675
vn 0.0112 -0.9263 -0.3767
vn 0.0238 -0.9294 -0.3683
vn 0.0382 -0.9241 -0.3804
vn 0.0435 -0.9273 -0.3717
vn 0.0422 -0.9313 -0.3618
vn 0.0176 -0.9319 -0.3623
vn 0.0067 -0.9309 -0.3653
vn 0.0156 -0.9282 -0.3718
vn 0.0239 -0.9328 -0.3595
vn 0.0423 -0.9299 -0.3655
vn 0.0436 -0.9336 -0.3556
vn 0.0383 -0.9371 -0.3469
vn 0.0157 -0.9343 -0.3561
vn 0.0067 -0.9318 -0.3628
vn 0.0177 -0.9306 -0.3657
vn 0.0203 -0.9360 -0.3513
vn 0.0399 -0.9358 -0.3502
vn 0.0371 -0.9395 -0.3405
vn 0.0286 -0.9420 -0.3344
vn 0.0113 -0.9363 -0.3511
vn 0.0057 -0.9327 -0.3605
vn 0.0171 -0.9331 -0.3592
vn 0.0136 -0.9385 -0.3450
vn 0.0315 -0.9410 -0.3370
vn 0.0249 -0.9440 -0.3290
vn 0.0145 -0.9451 -0.3263
vn 0.0051 -0.9375 -0.3480
vn 0.0038 -0.9334 -0.3587
vn 0.0139 -0.9353 -0.3535
vn 0.0047 -0.9399 -0.3416
vn 0.0181 -0.9446 -0.3277
vn 0.0087 -0.9465 -0.3227
vn -0.0020 -0.9461 -0.3240
vn -0.0019 -0.9377 -0.3474
vn 0.0013 -0.9338 -0.3578
vn 0.0085 -0.9370 -0.3493
vn -0.0047 -0.9399 -0.3416
vn 0.0020 -0.9461 -0.3240
vn -0.0087 -0.9465 -0.3227
vn -0.0181 -0.9446 -0.3277
vn -0.0085 -0.9370 -0.3493
vn -0.0013 -0.9338 -0.3578
vn 0.0018 -0.9377 -0.3474
vn -0.0136 -0.9385 -0.3450
vn -0.0145 -0.9452 -0.3263
vn -0.0248 -0.9440 -0.3289
vn -0.0314 -0.9410 -0.3370
vn -0.0139 -0.9353 -0.3535
vn -0.0038 -0.9334 -0.3588
vn -0.0051 -0.9375 -0.3480
vn -0.0203 -0.9361 -0.3512
vn -0.0286 -0.9420 -0.3344
vn -0.0371 -0.9395 -0.3405
vn -0.0399 -0.9358 -0.3502
vn -0.0171 -0.9331 -0.3592
vn -0.0057 -0.9327 -0.3605
vn -0.0113 -0.9363 -0.3511
vn -0.0238 -0.9329 -0.3595
vn -0.0383 -0.9371 -0.3468
vn -0.0436 -0.9337 -0.3555
vn -0.0423 -0.9299 -0.3655
vn -0.0177 -0.9306 -0.3657
vn -0.0067 -0.9318 -0.3628
vn -0.0156 -0.9343 -0.3561
vn -0.0238 -0.9294 -0.3683
vn -0.0422 -0.9313 -0.3618
vn -0.0435 -0.9274 -0.3716
vn -0.0382 -0.9241 -0.3804
vn -0.0156 -0.9282 -0.3719
vn -0.0067 -0.9309 -0.3653
vn -0.0176 -0.9319 -0.3623
vn -0.0201 -0.9262 -0.3764
vn -0.0396 -0.9254 -0.3769
vn -0.0367 -0.9216 -0.3865
vn -0.0283 -0.9193 -0.3926
vn -0.0111 -0.9262 -0.3768
vn -0.0056 -0.9300 -0.3675
vn -0.0170 -0.9294 -0.3687
vn -0.0134 -0.9238 -0.3826
vn -0.0310 -0.9203 -0.3900
vn -0.0245 -0.9172 -0.3977
vn -0.0142 -0.9162 -0.4004
vn -0.0050 -0.9251 -0.3797
vn -0.0038 -0.9293 -0.3693
vn -0.0137 -0.9272 -0.3743
vn -0.0047 -0.9225 -0.3859
vn -0.0178 -0.9168 -0.3990
vn -0.0086 -0.9148 -0.4038
vn 0.0019 -0.9154 -0.4026
vn 0.0018 -0.9249 -0.3803
vn -0.0013 -0.9290 -0.3702
vn -0.0084 -0.9256 -0.3784
vn 0.3043 -0.5717 0.7619
vn 0.0006 -0.6166 0.7872
vn -0.3021 -0.5751 0.7603
vn 0.3765 -0.9002 0.2188
vn 0.0007 -0.9724 0.2332
vn -0.3729 -0.9016 0.2192
vn 0.3026 -0.8617 -0.4074
vn 0.0006 -0.9106 -0.4132
vn -0.3003 -0.8639 -0.4044
vn 0.8331 0.0480 -0.5510
vn 0.8343 0.1387 -0.5335
vn 0.8105 0.2621 -0.5239
vn 0.9609 0.2602 -0.0951
vn 0.9314 0.3389 -0.1325
vn 0.8763 0.4456 -0.1831
vn 0.8329 0.3927 0.3899
vn 0.8352 0.4613 0.2994
vn 0.8124 0.5508 0.1912
vn -0.8379 0.3756 0.3960
vn -0.8416 0.4445 0.3066
vn -0.8205 0.5360 0.1989
vn -0.9667 0.2405 -0.0878
vn -0.9392 0.3199 -0.1250
vn -0.8859 0.4291 -0.1763
vn -0.8383 0.0308 -0.5444
vn -0.8410 0.1214 -0.5273
vn -0.8186 0.2461 -0.5189
vn -0.2275 0.3972 0.8891
vn 0.0028 0.3891 0.9212
vn 0.2314 0.4019 0.8859
vn -0.2569 0.4721 0.8433
vn 0.0029 0.4642 0.8857
vn 0.2608 0.4771 0.8393
vn -0.2821 0.5951 0.7525
vn 0.0027 0.6040 0.7970
vn 0.2852 0.5995 0.7478
vn 0.4286 0.5368 -0.7267
vn -0.0005 0.5884 -0.8086
vn -0.4329 0.5323 -0.7275
vn 0.4749 0.8078 -0.3491
vn -0.0016 0.9172 -0.3983
vn -0.4814 0.8046 -0.3477
vn 0.4309 0.8952 0.1140
vn -0.0005 0.9916 0.1296
vn -0.4352 0.8926 0.1178
vn -0.2279 -0.2776 -0.9333
vn -0.2572 -0.2254 -0.9397
vn -0.2822 -0.0990 -0.9542
vn 0.0028 -0.3056 -0.9521
vn 0.0029 -0.2614 -0.9652
vn 0.0027 -0.1257 -0.9921
vn 0.2318 -0.2718 -0.9340
vn 0.2610 -0.2188 -0.9402
vn 0.2852 -0.0924 -0.9540
vn -0.1788 -0.4206 -0.8895
vn -0.1842 -0.3308 -0.9255
vn -0.1907 -0.2943 -0.9365
vn 0.0016 -0.4265 -0.9045
vn 0.0020 -0.3346 -0.9424
vn 0.0022 -0.3055 -0.9522
vn 0.1814 -0.4168 -0.8907
vn 0.1872 -0.3269 -0.9264
vn 0.1940 -0.2901 -0.9371
vn -0.1781 0.0900 0.9799
vn 0.0016 0.0907 0.9959
vn 0.1807 0.0937 0.9791
vn -0.1837 0.2217 0.9577
vn 0.0020 0.2271 0.9739
vn 0.1867 0.2254 0.9562
vn -0.1903 0.3013 0.9343
vn 0.0022 0.3014 0.9535
vn 0.1936 0.3049 0.9325
vn -0.7679 -0.1037 0.6321
vn -0.8057 0.1067 0.5826
vn -0.8167 0.2353 0.5269
vn -0.9451 -0.3153 0.0857
vn -0.9978 -0.0639 0.0202
vn -0.9964 0.0815 -0.0239
vn -0.7672 -0.4112 -0.4922
vn -0.8067 -0.2243 -0.5468
vn -0.8182 -0.1104 -0.5643
vn 0.7693 -0.3989 -0.4990
vn 0.8060 -0.2100 -0.5535
vn 0.8156 -0.0953 -0.5707
vn 0.9501 -0.3009 0.0818
vn 0.9988 -0.0462 0.0150
vn 0.9945 0.1002 -0.0299
vn 0.7699 -0.0898 0.6318
vn 0.8050 0.1220 0.5806
vn 0.8142 0.2510 0.5235
vn -0.4924 -0.6590 0.5686
vn -0.7240 -0.3876 0.5706
vn -0.8297 -0.1725 0.5309
vn -0.6615 -0.7280 -0.1800
vn -0.9378 -0.3385 -0.0777
vn -0.9967 -0.0799 -0.0157
vn -0.4912 -0.3262 -0.8077
vn -0.7245 -0.1035 -0.6815
vn -0.8298 0.0529 -0.5555
vn -0.0023 0.0441 -0.9990
vn -0.1606 0.1306 -0.9783
vn -0.3048 0.2051 -0.9301
vn 0.0980 0.0599 -0.9934
vn -0.0586 0.1486 -0.9872
vn -0.2133 0.2294 -0.9497
vn 0.1516 0.0532 -0.9870
vn -0.0142 0.1447 -0.9894
vn -0.1675 0.2377 -0.9568
vn -0.1464 0.0703 0.9867
vn 0.0270 -0.0932 0.9953
vn 0.2435 -0.2148 0.9458
vn -0.1070 0.1661 0.9803
vn 0.0901 -0.0267 0.9956
vn 0.3377 -0.1600 0.9276
vn 0.0054 0.3209 0.9471
vn 0.2365 0.1127 0.9651
vn 0.4808 -0.0483 0.8755
vn 0.1523 -0.2743 0.9495
vn -0.0136 -0.1601 0.9870
vn -0.1671 -0.0330 0.9854
vn 0.0982 -0.3156 0.9438
vn -0.0584 -0.2008 0.9779
vn -0.2130 -0.0807 0.9737
vn -0.0025 -0.3693 0.9293
vn -0.1605 -0.2540 0.9538
vn -0.3044 -0.1354 0.9429
vn 0.4597 -0.4367 -0.7733
vn 0.6161 -0.3576 -0.7018
vn 0.6988 -0.3180 -0.6407
vn 0.5807 -0.7908 -0.1933
vn 0.7776 -0.6136 -0.1370
vn 0.8515 -0.5147 -0.1001
vn 0.4614 -0.7378 0.4927
vn 0.6169 -0.6165 0.4892
vn 0.6991 -0.5311 0.4787
vn -0.6380 0.5696 -0.5182
vn -0.7114 0.4822 -0.5113
vn -0.7951 0.3689 -0.4814
vn -0.7764 0.6263 0.0707
vn -0.8598 0.5061 0.0675
vn -0.9362 0.3472 0.0544
vn -0.6399 0.4320 0.6355
vn -0.7122 0.3252 0.6221
vn -0.7954 0.2019 0.5714
vn 0.8887 0.3161 -0.3321
vn 0.6716 0.6348 -0.3821
vn 0.3160 0.8856 -0.3403
vn 0.9501 0.3112 0.0234
vn 0.7397 0.6713 0.0467
vn 0.3436 0.9370 0.0623
vn 0.8893 0.2586 0.3771
vn 0.6743 0.5699 0.4697
vn 0.3190 0.8290 0.4594
vn 0.8263 -0.3751 0.4201
vn 0.9364 -0.3476 -0.0480
vn 0.8263 -0.2500 -0.5047
vn 0.8905 -0.2745 0.3629
vn 0.9695 -0.2435 -0.0283
vn 0.8904 -0.1859 -0.4154
vn 0.9431 -0.1485 0.2976
vn 0.9933 -0.1152 -0.0114
vn 0.9430 -0.0879 -0.3209
vn -0.5036 0.7339 -0.4558
vn -0.5772 0.8138 0.0669
vn -0.5076 0.6424 0.5743
vn -0.4073 0.8259 -0.3899
vn -0.4459 0.8927 0.0652
vn -0.4113 0.7547 0.5111
vn -0.2665 0.9126 -0.3102
vn -0.2749 0.9593 0.0648
vn -0.2696 0.8588 0.4357
vn 0.2424 0.0170 -0.9700
vn 0.0261 0.1283 -0.9914
vn -0.1466 0.2693 -0.9518
vn 0.3370 0.0331 -0.9409
vn 0.0893 0.1645 -0.9823
vn -0.1069 0.3399 -0.9344
vn 0.4809 0.1114 -0.8696
vn 0.2357 0.2775 -0.9314
vn 0.0051 0.4723 -0.8814
vn -0.4924 -0.5799 0.6490
vn -0.7240 -0.3106 0.6159
vn -0.8297 -0.1024 0.5487
vn -0.6615 -0.7452 -0.0844
vn -0.9378 -0.3457 -0.0333
vn -0.9967 -0.0813 -0.0053
vn -0.4912 -0.4278 -0.7587
vn -0.7245 -0.1907 -0.6624
vn -0.8298 -0.0193 -0.5577
vn -0.0023 -0.0854 -0.9963
vn -0.1606 0.0031 -0.9870
vn -0.3048 0.0831 -0.9488
vn 0.0980 -0.0690 -0.9928
vn -0.0586 0.0198 -0.9981
vn -0.2133 0.1047 -0.9714
vn 0.1516 -0.0748 -0.9856
vn -0.0142 0.0156 -0.9998
vn -0.1675 0.1120 -0.9795
vn -0.1464 0.1972 0.9694
vn 0.0270 0.0362 0.9990
vn 0.2435 -0.0907 0.9657
vn -0.1070 0.2914 0.9506
vn 0.0901 0.1022 0.9907
vn 0.3377 -0.0388 0.9405
vn 0.0054 0.4406 0.8977
vn 0.2365 0.2365 0.9424
vn 0.4808 0.0653 0.8744
vn 0.1523 -0.1492 0.9770
vn -0.0136 -0.0312 0.9994
vn -0.1671 0.0946 0.9814
vn 0.0982 -0.1910 0.9767
vn -0.0584 -0.0727 0.9956
vn -0.2130 0.0459 0.9760
vn -0.0025 -0.2460 0.9693
vn -0.1605 -0.1286 0.9786
vn -0.3044 -0.0124 0.9525
vn 0.4597 -0.5330 -0.7104
vn 0.6161 -0.4453 -0.6497
vn 0.6988 -0.3981 -0.5943
vn 0.5807 -0.8092 -0.0895
vn 0.7776 -0.6262 -0.0565
vn 0.8515 -0.5233 -0.0327
vn 0.4614 -0.6679 0.5840
vn 0.6169 -0.5481 0.5648
vn 0.6991 -0.4647 0.5433
vn -0.6380 0.4978 -0.5875
vn -0.7114 0.4121 -0.5693
vn -0.7951 0.3035 -0.5251
vn -0.7764 0.6302 -0.0108
vn -0.8598 0.5106 0.0016
vn -0.9362 0.3513 0.0091
vn -0.6399 0.5106 0.5744
vn -0.7122 0.4029 0.5749
vn -0.7954 0.2741 0.5405
vn 0.8887 0.2705 -0.3702
vn 0.6716 0.5801 -0.4609
vn 0.3160 0.8342 -0.4519
vn 0.9501 0.3116 -0.0170
vn 0.7397 0.6717 -0.0405
vn 0.3436 0.9372 -0.0593
vn 0.8893 0.3052 0.3405
vn 0.6743 0.6258 0.3921
vn 0.3190 0.8814 0.3484
vn 0.8263 -0.3177 0.4651
vn 0.9364 -0.3509 -0.0027
vn 0.8263 -0.3131 -0.4681
vn 0.8905 -0.2253 0.3954
vn 0.9695 -0.2451 0.0035
vn 0.8904 -0.2380 -0.3879
vn 0.9431 -0.1088 0.3143
vn 0.9933 -0.1157 0.0036
vn 0.9430 -0.1286 -0.3069
vn -0.5036 0.6688 -0.5469
vn -0.5772 0.8156 -0.0389
vn -0.5076 0.7112 0.4864
vn -0.4073 0.7686 -0.4934
vn -0.4459 0.8936 -0.0508
vn -0.4113 0.8144 0.4093
vn -0.2665 0.8648 -0.4256
vn -0.2749 0.9596 -0.0597
vn -0.2696 0.9079 0.3210
vn 0.2424 -0.1085 -0.9641
vn 0.0261 -0.0009 -0.9997
vn -0.1466 0.1440 -0.9787
vn 0.3370 -0.0888 -0.9373
vn 0.0893 0.0361 -0.9953
vn -0.1069 0.2163 -0.9705
vn 0.4809 -0.0020 -0.8767
vn 0.2357 0.1548 -0.9594
vn 0.0051 0.3544 -0.9351
vn -0.4924 -0.4912 0.7186
vn -0.7240 -0.2283 0.6509
vn -0.8297 -0.0307 0.5573
vn -0.6615 -0.7498 0.0126
vn -0.9378 -0.3471 0.0117
vn -0.9967 -0.0813 0.0053
vn -0.4912 -0.5223 -0.6971
vn -0.7245 -0.2747 -0.6322
vn -0.8298 -0.0912 -0.5505
vn -0.0023 -0.2135 -0.9769
vn -0.1606 -0.1245 -0.9791
vn -0.3048 -0.0402 -0.9516
vn 0.0981 -0.1967 -0.9755
vn -0.0586 -0.1094 -0.9923
vn -0.2133 -0.0218 -0.9767
vn 0.1516 -0.2016 -0.9677
vn -0.0142 -0.1138 -0.9934
vn -0.1675 -0.0156 -0.9857
vn -0.1464 0.3209 0.9357
vn 0.0270 0.1650 0.9859
vn 0.2435 0.0349 0.9693
vn -0.1070 0.4119 0.9049
vn 0.0901 0.2294 0.9692
vn 0.3377 0.0831 0.9376
vn 0.0054 0.5529 0.8332
vn 0.2365 0.3563 0.9039
vn 0.4808 0.1777 0.8586
vn 0.1523 -0.0217 0.9881
vn -0.0136 0.0982 0.9951
vn -0.1671 0.2207 0.9609
vn 0.0982 -0.0631 0.9932
vn -0.0584 0.0566 0.9967
vn -0.2130 0.1716 0.9619
vn -0.0025 -0.1187 0.9929
vn -0.1605 -0.0010 0.9870
vn -0.3044 0.1108 0.9461
vn 0.4597 -0.6204 -0.6355
vn 0.6161 -0.5256 -0.5867
vn 0.6988 -0.4716 -0.5378
vn 0.5807 -0.8140 0.0159
vn 0.7776 -0.6282 0.0249
vn 0.8515 -0.5232 0.0352
vn 0.4614 -0.5868 0.6654
vn 0.6169 -0.4705 0.6309
vn 0.6991 -0.3906 0.5989
vn -0.6380 0.4177 -0.6469
vn -0.7114 0.3350 -0.6178
vn -0.7951 0.2331 -0.5599
vn -0.7764 0.6235 -0.0922
vn -0.8598 0.5065 -0.0645
vn -0.9362 0.3496 -0.0364
vn -0.6399 0.5805 0.5035
vn -0.7122 0.4739 0.5180
vn -0.7954 0.3416 0.5006
vn 0.8887 0.2204 -0.4021
vn 0.6716 0.5156 -0.5320
vn 0.3160 0.7688 -0.5559
vn 0.9501 0.3068 -0.0571
vn 0.7397 0.6608 -0.1269
vn 0.3436 0.9217 -0.1800
vn 0.8893 0.3466 0.2982
vn 0.6743 0.6712 0.3079
vn 0.3190 0.9190 0.2315
vn 0.8263 -0.2549 0.5022
vn 0.9364 -0.3483 0.0427
vn 0.8263 -0.3710 -0.4237
vn 0.8905 -0.1723 0.4212
vn 0.9695 -0.2426 0.0351
vn 0.8904 -0.2861 -0.3539
vn 0.9431 -0.0673 0.3258
vn 0.9933 -0.1143 0.0185
vn 0.9430 -0.1672 -0.2877
vn -0.5036 0.5925 -0.6287
vn -0.5772 0.8038 -0.1440
vn -0.5076 0.7681 0.3904
vn -0.4073 0.6983 -0.5886
vn -0.4459 0.8796 -0.1658
vn -0.4113 0.8605 0.3006
vn -0.2665 0.8025 -0.5338
vn -0.2749 0.9438 -0.1832
vn -0.2696 0.9418 0.2010
vn 0.2424 -0.2322 -0.9420
vn 0.0261 -0.1301 -0.9912
vn -0.1466 0.0163 -0.9891
vn 0.3370 -0.2092 -0.9180
vn 0.0893 -0.0929 -0.9917
vn -0.1069 0.0890 -0.9903
vn 0.4809 -0.1153 -0.8691
vn 0.2357 0.0295 -0.9714
vn 0.0051 0.2305 -0.9731
vn -0.4924 -0.3942 0.7760
vn -0.7240 -0.1423 0.6750
vn -0.8297 0.0416 0.5566
vn -0.6615 -0.7419 0.1094
vn -0.9378 -0.3427 0.0565
vn -0.9967 -0.0799 0.0157
vn -0.4912 -0.6081 -0.6237
vn -0.7245 -0.3541 -0.5914
vn -0.8298 -0.1616 -0.5341
vn -0.0023 -0.3380 -0.9411
vn -0.1606 -0.2501 -0.9548
vn -0.3048 -0.1629 -0.9384
vn 0.0981 -0.3212 -0.9419
vn -0.0586 -0.2367 -0.9698
vn -0.2133 -0.1478 -0.9657
vn 0.1516 -0.3249 -0.9335
vn -0.0142 -0.2412 -0.9704
vn -0.1675 -0.1428 -0.9755
vn -0.1464 0.4391 0.8864
vn 0.0270 0.2911 0.9563
vn 0.2435 0.1599 0.9566
vn -0.1070 0.5254 0.8441
vn 0.0901 0.3527 0.9314
vn 0.3377 0.2036 0.9190
vn 0.0054 0.6560 0.7548
vn 0.2365 0.4702 0.8503
vn 0.4808 0.2872 0.8285
vn 0.1523 0.1062 0.9826
vn -0.0136 0.2260 0.9740
vn -0.1671 0.3430 0.9243
vn 0.0982 0.0658 0.9930
vn -0.0584 0.1850 0.9810
vn -0.2130 0.2945 0.9316
vn -0.0025 0.0107 0.9999
vn -0.1605 0.1266 0.9789
vn -0.3044 0.2322 0.9238
vn 0.4597 -0.6973 -0.5500
vn 0.6161 -0.5970 -0.5139
vn 0.6988 -0.5372 -0.4723
vn 0.5807 -0.8051 0.1210
vn 0.7776 -0.6197 0.1059
vn 0.8515 -0.5142 0.1025
vn 0.4614 -0.4959 0.7357
vn 0.6169 -0.3850 0.6864
vn 0.6991 -0.3099 0.6443
vn -0.6380 0.3306 -0.6955
vn -0.7114 0.2524 -0.6559
vn -0.7951 0.1588 -0.5853
vn -0.7764 0.6064 -0.1720
vn -0.8598 0.4939 -0.1294
vn -0.9362 0.3419 -0.0813
vn -0.6399 0.6408 0.4243
vn -0.7122 0.5368 0.4524
vn -0.7954 0.4035 0.4522
vn 0.8887 0.1666 -0.4272
vn 0.6716 0.4425 -0.5942
vn 0.3160 0.6905 -0.6506
vn 0.9501 0.2968 -0.0963
vn 0.7397 0.6389 -0.2113
vn 0.3436 0.8907 -0.2976
vn 0.8893 0.3823 0.2509
vn 0.6743 0.7054 0.2185
vn 0.3190 0.9413 0.1108
vn 0.8263 -0.1878 0.5310
vn 0.9364 -0.3398 0.0874
vn 0.8263 -0.4226 -0.3722
vn 0.8905 -0.1164 0.4399
vn 0.9695 -0.2360 0.0662
vn 0.8904 -0.3295 -0.3139
vn 0.9431 -0.0246 0.3317
vn 0.9933 -0.1109 0.0332
vn 0.9430 -0.2030 -0.2637
vn -0.5036 0.5063 -0.7000
vn -0.5772 0.7784 -0.2467
vn -0.5076 0.8121 0.2878
vn -0.4073 0.6164 -0.6739
vn -0.4459 0.8508 -0.2781
vn -0.4113 0.8921 0.1868
vn -0.2665 0.7268 -0.6331
vn -0.2749 0.9122 -0.3037
vn -0.2696 0.9599 0.0775
vn 0.2424 -0.3520 -0.9041
vn 0.0261 -0.2571 -0.9660
vn -0.1466 -0.1117 -0.9829
vn 0.3370 -0.3261 -0.8832
vn 0.0893 -0.2203 -0.9713
vn -0.1069 -0.0397 -0.9935
vn 0.4809 -0.2267 -0.8469
vn 0.2357 -0.0964 -0.9670
vn 0.0051 0.1028 -0.9947
vt 0.437500 0.062500
vt 0.437500 0.125000
vt 0.500000 0.125000
vt 0.500000 0.062500
vt 0.437500 0.187500
vt 0.500000 0.187500
vt 0.562500 0.125000
vt 0.562500 0.062500
vt 0.562500 0.187500
vt 0.375000 0.000000
vt 0.375000 0.062500
vt 0.437500 0.000000
vt 0.375000 0.125000
vt 0.375000 0.187500
vt 0.375000 0.250000
vt 0.437500 0.250000
vt 0.500000 0.250000
vt 0.562500 0.250000
vt 0.625000 0.250000
vt 0.625000 0.187500
vt 0.625000 0.125000
vt 0.625000 0.062500
vt 0.562500 0.000000
vt 0.625000 0.000000
vt 0.500000 0.000000
vt 0.437500 0.312500
vt 0.437500 0.375000
vt 0.500000 0.375000
vt 0.500000 0.312500
vt 0.437500 0.437500
vt 0.500000 0.437500
vt 0.562500 0.375000
vt 0.562500 0.312500
vt 0.562500 0.437500
vt 0.375000 0.312500
vt 0.375000 0.375000
vt 0.375000 0.437500
vt 0.375000 0.500000
vt 0.437500 0.500000
vt 0.500000 0.500000
vt 0.562500 0.500000
vt 0.625000 0.500000
vt 0.625000 0.437500
vt 0.625000 0.375000
vt 0.625000 0.312500
vt 0.553765 0.740668
vt 0.550347 0.736979
vt 0.500000 0.743056
vt 0.500000 0.745226
vt 0.553765 0.740669
vt 0.449653 0.736979
vt 0.446235 0.740668
vt 0.625000 0.750000
vt 0.596354 0.721354
vt 0.562500 0.750000
vt 0.590278 0.715278
vt 0.596354 0.721354
vt 0.500000 0.750000
vt 0.437500 0.750000
vt 0.375000 0.750000
vt 0.403646 0.721354
vt 0.409722 0.715278
vt 0.403646 0.721354
vt 0.437500 0.812500
vt 0.437500 0.875000
vt 0.500000 0.875000
vt 0.500000 0.812500
vt 0.437500 0.937500
vt 0.500000 0.937500
vt 0.562500 0.875000
vt 0.562500 0.812500
vt 0.562500 0.937500
vt 0.375000 0.750000
vt 0.375000 0.812500
vt 0.375000 0.875000
vt 0.375000 0.937500
vt 0.375000 1.000000
vt 0.437500 1.000000
vt 0.500000 1.000000
vt 0.562500 1.000000
vt 0.625000 1.000000
vt 0.625000 0.937500
vt 0.625000 0.875000
vt 0.625000 0.812500
vt 0.625000 0.750000
vt 0.187500 0.562500
vt 0.187500 0.625000
vt 0.250000 0.625000
vt 0.250000 0.562500
vt 0.187500 0.687500
vt 0.250000 0.687500
vt 0.312500 0.625000
vt 0.312500 0.562500
vt 0.312500 0.687500
vt 0.125000 0.500000
vt 0.125000 0.562500
vt 0.187500 0.500000
vt 0.125000 0.625000
vt 0.125000 0.687500
vt 0.125000 0.750000
vt 0.187500 0.750000
vt 0.250000 0.750000
vt 0.312500 0.750000
vt 0.375000 0.687500
vt 0.375000 0.625000
vt 0.375000 0.562500
vt 0.312500 0.500000
vt 0.250000 0.500000
vt 0.687500 0.562500
vt 0.687500 0.625000
vt 0.750000 0.625000
vt 0.750000 0.562500
vt 0.687500 0.687500
vt 0.750000 0.687500
vt 0.812500 0.625000
vt 0.812500 0.562500
vt 0.812500 0.687500
vt 0.625000 0.562500
vt 0.687500 0.500000
vt 0.625000 0.625000
vt 0.625000 0.687500
vt 0.687500 0.750000
vt 0.750000 0.750000
vt 0.812500 0.750000
vt 0.875000 0.750000
vt 0.875000 0.687500
vt 0.875000 0.625000
vt 0.875000 0.562500
vt 0.812500 0.500000
vt 0.875000 0.500000
vt 0.750000 0.500000
vt 0.437500 0.562500
vt 0.437500 0.625000
vt 0.500000 0.625000
vt 0.500000 0.562500
vt 0.437500 0.687500
vt 0.500000 0.687500
vt 0.562500 0.625000
vt 0.562500 0.562500
vt 0.562500 0.687500
vt 0.384332 0.678765
vt 0.388021 0.675347
vt 0.381944 0.625000
vt 0.379774 0.625000
vt 0.379774 0.625000
vt 0.388021 0.574653
vt 0.384332 0.571235
vt 0.384332 0.571235
vt 0.375000 0.625000
vt 0.375000 0.500000
vt 0.403646 0.528646
vt 0.409722 0.534722
vt 0.615668 0.571235
vt 0.611979 0.574653
vt 0.618056 0.625000
vt 0.620226 0.625000
vt 0.615668 0.571235
vt 0.620226 0.625000
vt 0.611979 0.675347
vt 0.615668 0.678765
vt 0.625000 0.500000
vt 0.596354 0.528646
vt 0.590278 0.534722
vt 0.596354 0.528646
vt 0.446235 0.509332
vt 0.449653 0.513021
vt 0.500000 0.506944
vt 0.500000 0.504774
vt 0.446235 0.509332
vt 0.500000 0.504774
vt 0.550347 0.513021
vt 0.553765 0.509332
vt 0.553765 0.509332
vt 0.984375 0.937500
vt 0.984375 0.958333
vt 0.968750 0.958333
vt 0.968750 0.937500
vt 0.984375 0.979167
vt 0.968750 0.979167
vt 0.953125 0.958333
vt 0.953125 0.937500
vt 0.953125 0.979167
vt 1.000000 0.916667
vt 1.000000 0.937500
vt 0.984375 0.916667
vt 1.000000 0.958333
vt 1.000000 0.979167
vt 1.000000 1.000000
vt 0.984375 1.000000
vt 0.968750 1.000000
vt 0.953125 1.000000
vt 0.937500 1.000000
vt 0.937500 0.979167
vt 0.937500 0.958333
vt 0.937500 0.937500
vt 0.953125 0.916667
vt 0.937500 0.916667
vt 0.968750 0.916667
vt 0.921875 0.937500
vt 0.921875 0.958333
vt 0.906250 0.958333
vt 0.906250 0.937500
vt 0.921875 0.979167
vt 0.906250 0.979167
vt 0.890625 0.958333
vt 0.890625 0.937500
vt 0.890625 0.979167
vt 0.921875 0.916667
vt 0.921875 1.000000
vt 0.906250 1.000000
vt 0.890625 1.000000
vt 0.875000 1.000000
vt 0.875000 0.979167
vt 0.875000 0.958333
vt 0.875000 0.937500
vt 0.890625 0.916667
vt 0.875000 0.916667
vt 0.906250 0.916667
vt 0.859375 0.937500
vt 0.859375 0.958333
vt 0.843750 0.958333
vt 0.843750 0.937500
vt 0.859375 0.979167
vt 0.843750 0.979167
vt 0.828125 0.958333
vt 0.828125 0.937500
vt 0.828125 0.979167
vt 0.859375 0.916667
vt 0.859375 1.000000
vt 0.843750 1.000000
vt 0.828125 1.000000
vt 0.812500 1.000000
vt 0.812500 0.979167
vt 0.812500 0.958333
vt 0.812500 0.937500
vt 0.828125 0.916667
vt 0.812500 0.916667
vt 0.843750 0.916667
vt 0.796875 0.937500
vt 0.796875 0.958333
vt 0.781250 0.958333
vt 0.781250 0.937500
vt 0.796875 0.979167
vt 0.781250 0.979167
vt 0.765625 0.958333
vt 0.765625 0.937500
vt 0.765625 0.979167
vt 0.796875 0.916667
vt 0.796875 1.000000
vt 0.781250 1.000000
vt 0.765625 1.000000
vt 0.750000 1.000000
vt 0.750000 0.979167
vt 0.750000 0.958333
vt 0.750000 0.937500
vt 0.765625 0.916667
vt 0.750000 0.916667
vt 0.781250 0.916667
vt 0.734375 0.937500
vt 0.734375 0.958333
vt 0.718750 0.958333
vt 0.718750 0.937500
vt 0.734375 0.979167
vt 0.718750 0.979167
vt 0.703125 0.958333
vt 0.703125 0.937500
vt 0.703125 0.979167
vt 0.734375 0.916667
vt 0.734375 1.000000
vt 0.718750 1.000000
vt 0.703125 1.000000
vt 0.687500 1.000000
vt 0.687500 0.979167
vt 0.687500 0.958333
vt 0.687500 0.937500
vt 0.703125 0.916667
vt 0.687500 0.916667
vt 0.718750 0.916667
vt 0.671875 0.937500
vt 0.671875 0.958333
vt 0.656250 0.958333
vt 0.656250 0.937500
vt 0.671875 0.979167
vt 0.656250 0.979167
vt 0.640625 0.958333
vt 0.640625 0.937500
vt 0.640625 0.979167
vt 0.671875 0.916667
vt 0.671875 1.000000
vt 0.656250 1.000000
vt 0.640625 1.000000
vt 0.625000 1.000000
vt 0.625000 0.979167
vt 0.625000 0.958333
vt 0.625000 0.937500
vt 0.640625 0.916667
vt 0.625000 0.916667
vt 0.656250 0.916667
vt 0.609375 0.937500
vt 0.609375 0.958333
vt 0.593750 0.958333
vt 0.593750 0.937500
vt 0.609375 0.979167
vt 0.593750 0.979167
vt 0.578125 0.958333
vt 0.578125 0.937500
vt 0.578125 0.979167
vt 0.609375 0.916667
vt 0.609375 1.000000
vt 0.593750 1.000000
vt 0.578125 1.000000
vt 0.562500 1.000000
vt 0.562500 0.979167
vt 0.562500 0.958333
vt 0.562500 0.937500
vt 0.578125 0.916667
vt 0.562500 0.916667
vt 0.593750 0.916667
vt 0.546875 0.937500
vt 0.546875 0.958333
vt 0.531250 0.958333
vt 0.531250 0.937500
vt 0.546875 0.979167
vt 0.531250 0.979167
vt 0.515625 0.958333
vt 0.515625 0.937500
vt 0.515625 0.979167
vt 0.546875 0.916667
vt 0.546875 1.000000
vt 0.531250 1.000000
vt 0.515625 1.000000
vt 0.500000 1.000000
vt 0.500000 0.979167
vt 0.500000 0.958333
vt 0.500000 0.937500
vt 0.515625 0.916667
vt 0.500000 0.916667
vt 0.531250 0.916667
vt 0.484375 0.937500
vt 0.484375 0.958333
vt 0.468750 0.958333
vt 0.468750 0.937500
vt 0.484375 0.979167
vt 0.468750 0.979167
vt 0.453125 0.958333
vt 0.453125 0.937500
vt 0.453125 0.979167
vt 0.484375 0.916667
vt 0.484375 1.000000
vt 0.468750 1.000000
vt 0.453125 1.000000
vt 0.437500 1.000000
vt 0.437500 0.979167
vt 0.437500 0.958333
vt 0.437500 0.937500
vt 0.453125 0.916667
vt 0.437500 0.916667
vt 0.468750 0.916667
vt 0.421875 0.937500
vt 0.421875 0.958333
vt 0.406250 0.958333
vt 0.406250 0.937500
vt 0.421875 0.979167
vt 0.406250 0.979167
vt 0.390625 0.958333
vt 0.390625 0.937500
vt 0.390625 0.979167
vt 0.421875 0.916667
vt 0.421875 1.000000
vt 0.406250 1.000000
vt 0.390625 1.000000
vt 0.375000 1.000000
vt 0.375000 0.979167
vt 0.375000 0.958333
vt 0.375000 0.937500
vt 0.390625 0.916667
vt 0.375000 0.916667
vt 0.406250 0.916667
vt 0.359375 0.937500
vt 0.359375 0.958333
vt 0.343750 0.958333
vt 0.343750 0.937500
vt 0.359375 0.979167
vt 0.343750 0.979167
vt 0.328125 0.958333
vt 0.328125 0.937500
vt 0.328125 0.979167
vt 0.359375 0.916667
vt 0.359375 1.000000
vt 0.343750 1.000000
vt 0.328125 1.000000
vt 0.312500 1.000000
vt 0.312500 0.979167
vt 0.312500 0.958333
vt 0.312500 0.937500
vt 0.328125 0.916667
vt 0.312500 0.916667
vt 0.343750 0.916667
vt 0.296875 0.937500
vt 0.296875 0.958333
vt 0.281250 0.958333
vt 0.281250 0.937500
vt 0.296875 0.979167
vt 0.281250 0.979167
vt 0.265625 0.958333
vt 0.265625 0.937500
vt 0.265625 0.979167
vt 0.296875 0.916667
vt 0.296875 1.000000
vt 0.281250 1.000000
vt 0.265625 1.000000
vt 0.250000 1.000000
vt 0.250000 0.979167
vt 0.250000 0.958333
vt 0.250000 0.937500
vt 0.265625 0.916667
vt 0.250000 0.916667
vt 0.281250 0.916667
vt 0.234375 0.937500
vt 0.234375 0.958333
vt 0.218750 0.958333
vt 0.218750 0.937500
vt 0.234375 0.979167
vt 0.218750 0.979167
vt 0.203125 0.958333
vt 0.203125 0.937500
vt 0.203125 0.979167
vt 0.234375 0.916667
vt 0.234375 1.000000
vt 0.218750 1.000000
vt 0.203125 1.000000
vt 0.187500 1.000000
vt 0.187500 0.979167
vt 0.187500 0.958333
vt 0.187500 0.937500
vt 0.203125 0.916667
vt 0.187500 0.916667
vt 0.218750 0.916667
vt 0.171875 0.937500
vt 0.171875 0.958333
vt 0.156250 0.958333
vt 0.156250 0.937500
vt 0.171875 0.979167
vt 0.156250 0.979167
vt 0.140625 0.958333
vt 0.140625 0.937500
vt 0.140625 0.979167
vt 0.171875 0.916667
vt 0.171875 1.000000
vt 0.156250 1.000000
vt 0.140625 1.000000
vt 0.125000 1.000000
vt 0.125000 0.979167
vt 0.125000 0.958333
vt 0.125000 0.937500
vt 0.140625 0.916667
vt 0.125000 0.916667
vt 0.156250 0.916667
vt 0.758593 0.333523
vt 0.766649 0.333701
vt 0.764145 0.321114
vt 0.758057 0.316086
vt 0.774025 0.330453
vt 0.767847 0.314139
vt 0.766649 0.333701
vt 0.759756 0.299047
vt 0.758057 0.316086
vt 0.750000 0.350228
vt 0.759996 0.350240
vt 0.750000 0.332746
vt 0.769752 0.349301
vt 0.750000 0.313158
vt 0.788356 0.342599
vt 0.781666 0.326448
vt 0.779125 0.346435
vt 0.774170 0.308350
vt 0.750000 0.250000
vt 0.750000 0.290474
vt 0.765489 0.287393
vt 0.750000 0.313158
vt 0.774170 0.308350
vt 0.109375 0.937500
vt 0.109375 0.958333
vt 0.093750 0.958333
vt 0.093750 0.937500
vt 0.109375 0.979167
vt 0.093750 0.979167
vt 0.078125 0.958333
vt 0.078125 0.937500
vt 0.078125 0.979167
vt 0.109375 0.916667
vt 0.109375 1.000000
vt 0.093750 1.000000
vt 0.078125 1.000000
vt 0.062500 1.000000
vt 0.062500 0.979167
vt 0.062500 0.958333
vt 0.062500 0.937500
vt 0.078125 0.916667
vt 0.062500 0.916667
vt 0.093750 0.916667
vt 0.046875 0.937500
vt 0.046875 0.958333
vt 0.031250 0.958333
vt 0.031250 0.937500
vt 0.046875 0.979167
vt 0.031250 0.979167
vt 0.015625 0.958333
vt 0.015625 0.937500
vt 0.015625 0.979167
vt 0.046875 0.916667
vt 0.046875 1.000000
vt 0.031250 1.000000
vt 0.015625 1.000000
vt 0.000000 1.000000
vt 0.000000 0.979167
vt 0.000000 0.958333
vt 0.000000 0.937500
vt 0.015625 0.916667
vt 0.000000 0.916667
vt 0.031250 0.916667
vt 0.046870 0.529280
vt 0.046875 0.546353
vt 0.031250 0.546583
vt 0.031250 0.530180
vt 0.046875 0.565002
vt 0.031250 0.564968
vt 0.015625 0.546211
vt 0.015630 0.529136
vt 0.015625 0.564755
vt 0.062500 0.507545
vt 0.062500 0.528031
vt 0.046829 0.515932
vt 0.062500 0.546103
vt 0.062500 0.564980
vt 0.062500 0.584591
vt 0.046875 0.584578
vt 0.031250 0.584486
vt 0.015625 0.584211
vt 0.000000 0.583333
vt 0.000000 0.564386
vt 0.000000 0.545439
vt 0.000000 0.526492
vt 0.015671 0.515900
vt 0.000000 0.507545
vt 0.031250 0.517672
vt 0.921871 0.529281
vt 0.921875 0.546356
vt 0.906250 0.546609
vt 0.906250 0.530183
vt 0.921875 0.565012
vt 0.906250 0.565043
vt 0.890625 0.546356
vt 0.890630 0.529281
vt 0.890625 0.565012
vt 0.937500 0.507545
vt 0.937500 0.528031
vt 0.921829 0.515932
vt 0.937500 0.546103
vt 0.937500 0.564980
vt 0.937500 0.584591
vt 0.921875 0.584591
vt 0.906250 0.584591
vt 0.890625 0.584591
vt 0.875000 0.584591
vt 0.875000 0.564980
vt 0.875000 0.546103
vt 0.875000 0.528031
vt 0.890671 0.515932
vt 0.875000 0.507545
vt 0.906250 0.517672
vt 0.046875 0.604688
vt 0.046875 0.625154
vt 0.031250 0.625131
vt 0.031250 0.604622
vt 0.046875 0.645853
vt 0.031250 0.645850
vt 0.015625 0.625075
vt 0.015625 0.604449
vt 0.015625 0.645843
vt 0.062500 0.604697
vt 0.062500 0.625157
vt 0.062500 0.645853
vt 0.062500 0.666667
vt 0.046875 0.666667
vt 0.031250 0.666667
vt 0.015625 0.666667
vt 0.000000 0.666667
vt 0.000000 0.645833
vt 0.000000 0.625000
vt 0.000000 0.604167
vt 0.046875 0.687500
vt 0.046875 0.708333
vt 0.031250 0.708333
vt 0.031250 0.687500
vt 0.046875 0.729167
vt 0.031250 0.729167
vt 0.015625 0.708333
vt 0.015625 0.687500
vt 0.015625 0.729167
vt 0.062500 0.687500
vt 0.062500 0.708333
vt 0.062500 0.729167
vt 0.062500 0.750000
vt 0.046875 0.750000
vt 0.031250 0.750000
vt 0.015625 0.750000
vt 0.000000 0.750000
vt 0.000000 0.729167
vt 0.000000 0.708333
vt 0.000000 0.687500
vt 0.046875 0.770833
vt 0.046875 0.791667
vt 0.031250 0.791667
vt 0.031250 0.770833
vt 0.046875 0.812500
vt 0.031250 0.812500
vt 0.015625 0.791667
vt 0.015625 0.770833
vt 0.015625 0.812500
vt 0.062500 0.770833
vt 0.062500 0.791667
vt 0.062500 0.812500
vt 0.062500 0.833333
vt 0.046875 0.833333
vt 0.031250 0.833333
vt 0.015625 0.833333
vt 0.000000 0.833333
vt 0.000000 0.812500
vt 0.000000 0.791667
vt 0.000000 0.770833
vt 0.046875 0.854167
vt 0.046875 0.875000
vt 0.031250 0.875000
vt 0.031250 0.854167
vt 0.046875 0.895833
vt 0.031250 0.895833
vt 0.015625 0.875000
vt 0.015625 0.854167
vt 0.015625 0.895833
vt 0.062500 0.854167
vt 0.062500 0.875000
vt 0.062500 0.895833
vt 0.000000 0.895833
vt 0.000000 0.875000
vt 0.000000 0.854167
vt 0.109375 0.604697
vt 0.109375 0.625157
vt 0.093750 0.625157
vt 0.093750 0.604697
vt 0.109375 0.645853
vt 0.093750 0.645853
vt 0.078125 0.625157
vt 0.078125 0.604697
vt 0.078125 0.645853
vt 0.125000 0.584591
vt 0.125000 0.604697
vt 0.109375 0.584591
vt 0.125000 0.625157
vt 0.125000 0.645853
vt 0.125000 0.666667
vt 0.109375 0.666667
vt 0.093750 0.666667
vt 0.078125 0.666667
vt 0.062500 0.645853
vt 0.062500 0.625157
vt 0.062500 0.604697
vt 0.078125 0.584591
vt 0.093750 0.584591
vt 0.109375 0.687500
vt 0.109375 0.708333
vt 0.093750 0.708333
vt 0.093750 0.687500
vt 0.109375 0.729167
vt 0.093750 0.729167
vt 0.078125 0.708333
vt 0.078125 0.687500
vt 0.078125 0.729167
vt 0.125000 0.687500
vt 0.125000 0.708333
vt 0.125000 0.729167
vt 0.109375 0.750000
vt 0.093750 0.750000
vt 0.078125 0.750000
vt 0.062500 0.750000
vt 0.062500 0.729167
vt 0.062500 0.708333
vt 0.062500 0.687500
vt 0.109375 0.770833
vt 0.109375 0.791667
vt 0.093750 0.791667
vt 0.093750 0.770833
vt 0.109375 0.812500
vt 0.093750 0.812500
vt 0.078125 0.791667
vt 0.078125 0.770833
vt 0.078125 0.812500
vt 0.125000 0.770833
vt 0.125000 0.791667
vt 0.125000 0.812500
vt 0.125000 0.833333
vt 0.109375 0.833333
vt 0.093750 0.833333
vt 0.078125 0.833333
vt 0.062500 0.812500
vt 0.109375 0.854167
vt 0.109375 0.875000
vt 0.093750 0.875000
vt 0.093750 0.854167
vt 0.109375 0.895833
vt 0.093750 0.895833
vt 0.078125 0.875000
vt 0.078125 0.854167
vt 0.078125 0.895833
vt 0.125000 0.854167
vt 0.125000 0.875000
vt 0.125000 0.895833
vt 0.125000 0.916667
vt 0.109375 0.916667
vt 0.093750 0.916667
vt 0.078125 0.916667
vt 0.062500 0.916667
vt 0.062500 0.895833
vt 0.062500 0.875000
vt 0.109370 0.529281
vt 0.109375 0.546356
vt 0.093750 0.546609
vt 0.093750 0.530183
vt 0.109375 0.565012
vt 0.093750 0.565043
vt 0.078125 0.546356
vt 0.078130 0.529281
vt 0.078125 0.565012
vt 0.125000 0.507545
vt 0.125000 0.528031
vt 0.109329 0.515932
vt 0.125000 0.546103
vt 0.125000 0.564980
vt 0.109375 0.584591
vt 0.078125 0.584591
vt 0.078171 0.515932
vt 0.093750 0.517672
vt 0.171875 0.604697
vt 0.171875 0.625157
vt 0.156250 0.625157
vt 0.156250 0.604697
vt 0.171875 0.645853
vt 0.156250 0.645853
vt 0.140625 0.625157
vt 0.140625 0.604697
vt 0.140625 0.645853
vt 0.187500 0.584591
vt 0.187500 0.604697
vt 0.171875 0.584591
vt 0.187500 0.625157
vt 0.187500 0.645853
vt 0.187500 0.666667
vt 0.171875 0.666667
vt 0.156250 0.666667
vt 0.140625 0.666667
vt 0.140625 0.584591
vt 0.156250 0.584591
vt 0.171875 0.687500
vt 0.171875 0.708333
vt 0.156250 0.708333
vt 0.156250 0.687500
vt 0.171875 0.729167
vt 0.156250 0.729167
vt 0.140625 0.708333
vt 0.140625 0.687500
vt 0.140625 0.729167
vt 0.187500 0.687500
vt 0.187500 0.708333
vt 0.187500 0.729167
vt 0.187500 0.750000
vt 0.171875 0.750000
vt 0.156250 0.750000
vt 0.140625 0.750000
vt 0.171875 0.770833
vt 0.171875 0.791667
vt 0.156250 0.791667
vt 0.156250 0.770833
vt 0.171875 0.812500
vt 0.156250 0.812500
vt 0.140625 0.791667
vt 0.140625 0.770833
vt 0.140625 0.812500
vt 0.187500 0.770833
vt 0.187500 0.791667
vt 0.187500 0.812500
vt 0.187500 0.833333
vt 0.171875 0.833333
vt 0.156250 0.833333
vt 0.140625 0.833333
vt 0.171875 0.854167
vt 0.171875 0.875000
vt 0.156250 0.875000
vt 0.156250 0.854167
vt 0.171875 0.895833
vt 0.156250 0.895833
vt 0.140625 0.875000
vt 0.140625 0.854167
vt 0.140625 0.895833
vt 0.187500 0.854167
vt 0.187500 0.875000
vt 0.187500 0.895833
vt 0.187500 0.916667
vt 0.156250 0.916667
vt 0.140625 0.916667
vt 0.171870 0.529281
vt 0.171875 0.546356
vt 0.156250 0.546609
vt 0.156250 0.530183
vt 0.171875 0.565012
vt 0.156250 0.565043
vt 0.140625 0.546356
vt 0.140630 0.529281
vt 0.140625 0.565012
vt 0.187500 0.507545
vt 0.187500 0.528031
vt 0.171829 0.515932
vt 0.187500 0.546103
vt 0.187500 0.564980
vt 0.187500 0.584591
vt 0.171875 0.584591
vt 0.140625 0.584591
vt 0.140671 0.515932
vt 0.156250 0.517672
vt 0.234375 0.604697
vt 0.234375 0.625157
vt 0.218750 0.625157
vt 0.218750 0.604697
vt 0.234375 0.645853
vt 0.218750 0.645853
vt 0.203125 0.625157
vt 0.203125 0.604697
vt 0.203125 0.645853
vt 0.250000 0.584591
vt 0.250000 0.604697
vt 0.234375 0.584591
vt 0.250000 0.625157
vt 0.250000 0.645853
vt 0.250000 0.666667
vt 0.234375 0.666667
vt 0.218750 0.666667
vt 0.203125 0.666667
vt 0.203125 0.584591
vt 0.218750 0.584591
vt 0.234375 0.687500
vt 0.234375 0.708333
vt 0.218750 0.708333
vt 0.218750 0.687500
vt 0.234375 0.729167
vt 0.218750 0.729167
vt 0.203125 0.708333
vt 0.203125 0.687500
vt 0.203125 0.729167
vt 0.250000 0.687500
vt 0.250000 0.708333
vt 0.250000 0.729167
vt 0.250000 0.750000
vt 0.234375 0.750000
vt 0.218750 0.750000
vt 0.203125 0.750000
vt 0.234375 0.770833
vt 0.234375 0.791667
vt 0.218750 0.791667
vt 0.218750 0.770833
vt 0.234375 0.812500
vt 0.218750 0.812500
vt 0.203125 0.791667
vt 0.203125 0.770833
vt 0.203125 0.812500
vt 0.250000 0.770833
vt 0.250000 0.791667
vt 0.250000 0.812500
vt 0.250000 0.833333
vt 0.234375 0.833333
vt 0.218750 0.833333
vt 0.203125 0.833333
vt 0.234375 0.854167
vt 0.234375 0.875000
vt 0.218750 0.875000
vt 0.218750 0.854167
vt 0.234375 0.895833
vt 0.218750 0.895833
vt 0.203125 0.875000
vt 0.203125 0.854167
vt 0.203125 0.895833
vt 0.250000 0.854167
vt 0.250000 0.875000
vt 0.250000 0.895833
vt 0.250000 0.916667
vt 0.218750 0.916667
vt 0.203125 0.916667
vt 0.234370 0.529281
vt 0.234375 0.546356
vt 0.218750 0.546609
vt 0.218750 0.530183
vt 0.234375 0.565012
vt 0.218750 0.565043
vt 0.203125 0.546356
vt 0.203130 0.529281
vt 0.203125 0.565012
vt 0.250000 0.507545
vt 0.250000 0.528031
vt 0.234329 0.515932
vt 0.250000 0.546103
vt 0.250000 0.564980
vt 0.250000 0.584591
vt 0.234375 0.584591
vt 0.218750 0.584591
vt 0.203125 0.584591
vt 0.203171 0.515932
vt 0.218750 0.517672
vt 0.296875 0.604697
vt 0.296875 0.625157
vt 0.281250 0.625157
vt 0.281250 0.604697
vt 0.296875 0.645853
vt 0.281250 0.645853
vt 0.265625 0.625157
vt 0.265625 0.604697
vt 0.265625 0.645853
vt 0.312500 0.584591
vt 0.312500 0.604697
vt 0.296875 0.584591
vt 0.312500 0.625157
vt 0.312500 0.645853
vt 0.312500 0.666667
vt 0.296875 0.666667
vt 0.281250 0.666667
vt 0.265625 0.666667
vt 0.265625 0.584591
vt 0.281250 0.584591
vt 0.296875 0.687500
vt 0.296875 0.708333
vt 0.281250 0.708333
vt 0.281250 0.687500
vt 0.296875 0.729167
vt 0.281250 0.729167
vt 0.265625 0.708333
vt 0.265625 0.687500
vt 0.265625 0.729167
vt 0.312500 0.687500
vt 0.312500 0.708333
vt 0.312500 0.729167
vt 0.312500 0.750000
vt 0.296875 0.750000
vt 0.281250 0.750000
vt 0.265625 0.750000
vt 0.296875 0.770833
vt 0.296875 0.791667
vt 0.281250 0.791667
vt 0.281250 0.770833
vt 0.296875 0.812500
vt 0.281250 0.812500
vt 0.265625 0.791667
vt 0.265625 0.770833
vt 0.265625 0.812500
vt 0.312500 0.770833
vt 0.312500 0.791667
vt 0.312500 0.812500
vt 0.312500 0.833333
vt 0.296875 0.833333
vt 0.281250 0.833333
vt 0.265625 0.833333
vt 0.296875 0.854167
vt 0.296875 0.875000
vt 0.281250 0.875000
vt 0.281250 0.854167
vt 0.296875 0.895833
vt 0.281250 0.895833
vt 0.265625 0.875000
vt 0.265625 0.854167
vt 0.265625 0.895833
vt 0.312500 0.854167
vt 0.312500 0.875000
vt 0.312500 0.895833
vt 0.312500 0.916667
vt 0.296875 0.916667
vt 0.281250 0.916667
vt 0.265625 0.916667
vt 0.296870 0.529281
vt 0.296875 0.546356
vt 0.281250 0.546609
vt 0.281250 0.530183
vt 0.296875 0.565012
vt 0.281250 0.565043
vt 0.265625 0.546356
vt 0.265630 0.529281
vt 0.265625 0.565012
vt 0.312500 0.507545
vt 0.312500 0.528031
vt 0.296829 0.515932
vt 0.312500 0.546103
vt 0.312500 0.564980
vt 0.312500 0.584591
vt 0.296875 0.584591
vt 0.281250 0.584591
vt 0.265625 0.584591
vt 0.265671 0.515932
vt 0.281250 0.517672
vt 0.359375 0.604697
vt 0.359375 0.625157
vt 0.343750 0.625157
vt 0.343750 0.604697
vt 0.359375 0.645853
vt 0.343750 0.645853
vt 0.328125 0.625157
vt 0.328125 0.604697
vt 0.328125 0.645853
vt 0.375000 0.584591
vt 0.375000 0.604697
vt 0.359375 0.584591
vt 0.375000 0.625157
vt 0.375000 0.645853
vt 0.375000 0.666667
vt 0.359375 0.666667
vt 0.343750 0.666667
vt 0.328125 0.666667
vt 0.328125 0.584591
vt 0.343750 0.584591
vt 0.359375 0.687500
vt 0.359375 0.708333
vt 0.343750 0.708333
vt 0.343750 0.687500
vt 0.359375 0.729167
vt 0.343750 0.729167
vt 0.328125 0.708333
vt 0.328125 0.687500
vt 0.328125 0.729167
vt 0.375000 0.687500
vt 0.375000 0.708333
vt 0.375000 0.729167
vt 0.375000 0.750000
vt 0.359375 0.750000
vt 0.343750 0.750000
vt 0.328125 0.750000
vt 0.359375 0.770833
vt 0.359375 0.791667
vt 0.343750 0.791667
vt 0.343750 0.770833
vt 0.359375 0.812500
vt 0.343750 0.812500
vt 0.328125 0.791667
vt 0.328125 0.770833
vt 0.328125 0.812500
vt 0.375000 0.770833
vt 0.375000 0.791667
vt 0.375000 0.812500
vt 0.375000 0.833333
vt 0.359375 0.833333
vt 0.343750 0.833333
vt 0.328125 0.833333
vt 0.359375 0.854167
vt 0.359375 0.875000
vt 0.343750 0.875000
vt 0.343750 0.854167
vt 0.359375 0.895833
vt 0.343750 0.895833
vt 0.328125 0.875000
vt 0.328125 0.854167
vt 0.328125 0.895833
vt 0.375000 0.854167
vt 0.375000 0.895833
vt 0.375000 0.916667
vt 0.359375 0.916667
vt 0.343750 0.916667
vt 0.328125 0.916667
vt 0.359370 0.529281
vt 0.359375 0.546356
vt 0.343750 0.546609
vt 0.343750 0.530183
vt 0.359375 0.565012
vt 0.343750 0.565043
vt 0.328125 0.546356
vt 0.328130 0.529281
vt 0.328125 0.565012
vt 0.375000 0.507545
vt 0.375000 0.528031
vt 0.359329 0.515932
vt 0.375000 0.546103
vt 0.375000 0.564980
vt 0.359375 0.584591
vt 0.343750 0.584591
vt 0.328125 0.584591
vt 0.328171 0.515932
vt 0.343750 0.517672
vt 0.421875 0.604697
vt 0.421875 0.625157
vt 0.406250 0.625157
vt 0.406250 0.604697
vt 0.421875 0.645853
vt 0.406250 0.645853
vt 0.390625 0.625157
vt 0.390625 0.604697
vt 0.390625 0.645853
vt 0.437500 0.584591
vt 0.437500 0.604697
vt 0.421875 0.584591
vt 0.437500 0.625157
vt 0.437500 0.645853
vt 0.437500 0.666667
vt 0.421875 0.666667
vt 0.406250 0.666667
vt 0.390625 0.666667
vt 0.390625 0.584591
vt 0.406250 0.584591
vt 0.421875 0.687500
vt 0.421875 0.708333
vt 0.406250 0.708333
vt 0.406250 0.687500
vt 0.421875 0.729167
vt 0.406250 0.729167
vt 0.390625 0.708333
vt 0.390625 0.687500
vt 0.390625 0.729167
vt 0.437500 0.687500
vt 0.437500 0.708333
vt 0.437500 0.729167
vt 0.437500 0.750000
vt 0.421875 0.750000
vt 0.406250 0.750000
vt 0.390625 0.750000
vt 0.421875 0.770833
vt 0.421875 0.791667
vt 0.406250 0.791667
vt 0.406250 0.770833
vt 0.421875 0.812500
vt 0.406250 0.812500
vt 0.390625 0.791667
vt 0.390625 0.770833
vt 0.390625 0.812500
vt 0.437500 0.770833
vt 0.437500 0.791667
vt 0.437500 0.812500
vt 0.437500 0.833333
vt 0.421875 0.833333
vt 0.406250 0.833333
vt 0.390625 0.833333
vt 0.421875 0.854167
vt 0.421875 0.875000
vt 0.406250 0.875000
vt 0.406250 0.854167
vt 0.421875 0.895833
vt 0.406250 0.895833
vt 0.390625 0.875000
vt 0.390625 0.854167
vt 0.390625 0.895833
vt 0.437500 0.854167
vt 0.437500 0.875000
vt 0.437500 0.895833
vt 0.437500 0.916667
vt 0.421875 0.916667
vt 0.406250 0.916667
vt 0.390625 0.916667
vt 0.421870 0.529281
vt 0.421875 0.546356
vt 0.406250 0.546609
vt 0.406250 0.530183
vt 0.421875 0.565012
vt 0.406250 0.565043
vt 0.390625 0.546356
vt 0.390630 0.529281
vt 0.390625 0.565012
vt 0.437500 0.507545
vt 0.437500 0.528031
vt 0.421829 0.515932
vt 0.437500 0.546103
vt 0.437500 0.564980
vt 0.437500 0.584591
vt 0.421875 0.584591
vt 0.406250 0.584591
vt 0.390625 0.584591
vt 0.390671 0.515932
vt 0.406250 0.517672
vt 0.484375 0.604697
vt 0.484375 0.625157
vt 0.468750 0.625157
vt 0.468750 0.604697
vt 0.484375 0.645853
vt 0.468750 0.645853
vt 0.453125 0.625157
vt 0.453125 0.604697
vt 0.453125 0.645853
vt 0.500000 0.584591
vt 0.500000 0.604697
vt 0.484375 0.584591
vt 0.500000 0.625157
vt 0.500000 0.645853
vt 0.500000 0.666667
vt 0.484375 0.666667
vt 0.468750 0.666667
vt 0.453125 0.666667
vt 0.453125 0.584591
vt 0.468750 0.584591
vt 0.484375 0.687500
vt 0.484375 0.708333
vt 0.468750 0.708333
vt 0.468750 0.687500
vt 0.484375 0.729167
vt 0.468750 0.729167
vt 0.453125 0.708333
vt 0.453125 0.687500
vt 0.453125 0.729167
vt 0.500000 0.687500
vt 0.500000 0.708333
vt 0.500000 0.729167
vt 0.500000 0.750000
vt 0.484375 0.750000
vt 0.468750 0.750000
vt 0.453125 0.750000
vt 0.484375 0.770833
vt 0.484375 0.791667
vt 0.468750 0.791667
vt 0.468750 0.770833
vt 0.484375 0.812500
vt 0.468750 0.812500
vt 0.453125 0.791667
vt 0.453125 0.770833
vt 0.453125 0.812500
vt 0.500000 0.770833
vt 0.500000 0.791667
vt 0.500000 0.833333
vt 0.484375 0.833333
vt 0.468750 0.833333
vt 0.453125 0.833333
vt 0.484375 0.854167
vt 0.484375 0.875000
vt 0.468750 0.875000
vt 0.468750 0.854167
vt 0.484375 0.895833
vt 0.468750 0.895833
vt 0.453125 0.875000
vt 0.453125 0.854167
vt 0.453125 0.895833
vt 0.500000 0.854167
vt 0.500000 0.875000
vt 0.500000 0.895833
vt 0.500000 0.916667
vt 0.484375 0.916667
vt 0.468750 0.916667
vt 0.453125 0.916667
vt 0.484370 0.529281
vt 0.484375 0.546356
vt 0.468750 0.546609
vt 0.468750 0.530183
vt 0.484375 0.565012
vt 0.468750 0.565043
vt 0.453125 0.546356
vt 0.453130 0.529281
vt 0.453125 0.565012
vt 0.500000 0.507545
vt 0.500000 0.528031
vt 0.484329 0.515932
vt 0.500000 0.546103
vt 0.500000 0.564980
vt 0.500000 0.584591
vt 0.484375 0.584591
vt 0.453125 0.584591
vt 0.453171 0.515932
vt 0.468750 0.517672
vt 0.546875 0.604697
vt 0.546875 0.625157
vt 0.531250 0.625157
vt 0.531250 0.604697
vt 0.546875 0.645853
vt 0.531250 0.645853
vt 0.515625 0.625157
vt 0.515625 0.604697
vt 0.515625 0.645853
vt 0.562500 0.584591
vt 0.562500 0.604697
vt 0.546875 0.584591
vt 0.562500 0.625157
vt 0.562500 0.645853
vt 0.562500 0.666667
vt 0.546875 0.666667
vt 0.531250 0.666667
vt 0.515625 0.666667
vt 0.515625 0.584591
vt 0.531250 0.584591
vt 0.546875 0.687500
vt 0.546875 0.708333
vt 0.531250 0.708333
vt 0.531250 0.687500
vt 0.546875 0.729167
vt 0.531250 0.729167
vt 0.515625 0.708333
vt 0.515625 0.687500
vt 0.515625 0.729167
vt 0.562500 0.687500
vt 0.562500 0.708333
vt 0.562500 0.729167
vt 0.562500 0.750000
vt 0.546875 0.750000
vt 0.531250 0.750000
vt 0.515625 0.750000
vt 0.546875 0.770833
vt 0.546875 0.791667
vt 0.531250 0.791667
vt 0.531250 0.770833
vt 0.546875 0.812500
vt 0.531250 0.812500
vt 0.515625 0.791667
vt 0.515625 0.770833
vt 0.515625 0.812500
vt 0.562500 0.770833
vt 0.562500 0.791667
vt 0.562500 0.833333
vt 0.546875 0.833333
vt 0.531250 0.833333
vt 0.515625 0.833333
vt 0.546875 0.854167
vt 0.546875 0.875000
vt 0.531250 0.875000
vt 0.531250 0.854167
vt 0.546875 0.895833
vt 0.531250 0.895833
vt 0.515625 0.875000
vt 0.515625 0.854167
vt 0.515625 0.895833
vt 0.562500 0.854167
vt 0.562500 0.895833
vt 0.562500 0.916667
vt 0.546875 0.916667
vt 0.531250 0.916667
vt 0.515625 0.916667
vt 0.546870 0.529281
vt 0.546875 0.546356
vt 0.531250 0.546609
vt 0.531250 0.530183
vt 0.546875 0.565012
vt 0.531250 0.565043
vt 0.515625 0.546356
vt 0.515630 0.529281
vt 0.515625 0.565012
vt 0.562500 0.507545
vt 0.562500 0.528031
vt 0.546829 0.515932
vt 0.562500 0.546103
vt 0.562500 0.564980
vt 0.562500 0.584591
vt 0.546875 0.584591
vt 0.531250 0.584591
vt 0.515625 0.584591
vt 0.515671 0.515932
vt 0.531250 0.517672
vt 0.609375 0.604697
vt 0.609375 0.625157
vt 0.593750 0.625157
vt 0.593750 0.604697
vt 0.609375 0.645853
vt 0.593750 0.645853
vt 0.578125 0.625157
vt 0.578125 0.604697
vt 0.578125 0.645853
vt 0.625000 0.584591
vt 0.625000 0.604697
vt 0.609375 0.584591
vt 0.625000 0.625157
vt 0.625000 0.645853
vt 0.625000 0.666667
vt 0.609375 0.666667
vt 0.593750 0.666667
vt 0.578125 0.666667
vt 0.578125 0.584591
vt 0.593750 0.584591
vt 0.609375 0.687500
vt 0.609375 0.708333
vt 0.593750 0.708333
vt 0.593750 0.687500
vt 0.609375 0.729167
vt 0.593750 0.729167
vt 0.578125 0.708333
vt 0.578125 0.687500
vt 0.578125 0.729167
vt 0.625000 0.687500
vt 0.625000 0.708333
vt 0.625000 0.729167
vt 0.625000 0.750000
vt 0.609375 0.750000
vt 0.593750 0.750000
vt 0.578125 0.750000
vt 0.609375 0.770833
vt 0.609375 0.791667
vt 0.593750 0.791667
vt 0.593750 0.770833
vt 0.609375 0.812500
vt 0.593750 0.812500
vt 0.578125 0.791667
vt 0.578125 0.770833
vt 0.578125 0.812500
vt 0.625000 0.770833
vt 0.625000 0.791667
vt 0.625000 0.812500
vt 0.625000 0.833333
vt 0.609375 0.833333
vt 0.593750 0.833333
vt 0.578125 0.833333
vt 0.609375 0.854167
vt 0.609375 0.875000
vt 0.593750 0.875000
vt 0.593750 0.854167
vt 0.609375 0.895833
vt 0.593750 0.895833
vt 0.578125 0.875000
vt 0.578125 0.854167
vt 0.578125 0.895833
vt 0.625000 0.854167
vt 0.625000 0.895833
vt 0.625000 0.916667
vt 0.593750 0.916667
vt 0.578125 0.916667
vt 0.609370 0.529281
vt 0.609375 0.546356
vt 0.593750 0.546609
vt 0.593750 0.530183
vt 0.609375 0.565012
vt 0.593750 0.565043
vt 0.578125 0.546356
vt 0.578130 0.529281
vt 0.578125 0.565012
vt 0.625000 0.507545
vt 0.625000 0.528031
vt 0.609329 0.515932
vt 0.625000 0.546103
vt 0.625000 0.564980
vt 0.625000 0.584591
vt 0.609375 0.584591
vt 0.578125 0.584591
vt 0.578171 0.515932
vt 0.593750 0.517672
vt 0.671875 0.604697
vt 0.671875 0.625157
vt 0.656250 0.625157
vt 0.656250 0.604697
vt 0.671875 0.645853
vt 0.656250 0.645853
vt 0.640625 0.625157
vt 0.640625 0.604697
vt 0.640625 0.645853
vt 0.687500 0.584591
vt 0.687500 0.604697
vt 0.671875 0.584591
vt 0.687500 0.625157
vt 0.687500 0.645853
vt 0.687500 0.666667
vt 0.671875 0.666667
vt 0.656250 0.666667
vt 0.640625 0.666667
vt 0.640625 0.584591
vt 0.656250 0.584591
vt 0.671875 0.687500
vt 0.671875 0.708333
vt 0.656250 0.708333
vt 0.656250 0.687500
vt 0.671875 0.729167
vt 0.656250 0.729167
vt 0.640625 0.708333
vt 0.640625 0.687500
vt 0.640625 0.729167
vt 0.687500 0.687500
vt 0.687500 0.708333
vt 0.687500 0.729167
vt 0.687500 0.750000
vt 0.671875 0.750000
vt 0.656250 0.750000
vt 0.640625 0.750000
vt 0.671875 0.770833
vt 0.671875 0.791667
vt 0.656250 0.791667
vt 0.656250 0.770833
vt 0.671875 0.812500
vt 0.656250 0.812500
vt 0.640625 0.791667
vt 0.640625 0.770833
vt 0.640625 0.812500
vt 0.687500 0.770833
vt 0.687500 0.791667
vt 0.687500 0.812500
vt 0.687500 0.833333
vt 0.671875 0.833333
vt 0.656250 0.833333
vt 0.640625 0.833333
vt 0.671875 0.854167
vt 0.671875 0.875000
vt 0.656250 0.875000
vt 0.656250 0.854167
vt 0.671875 0.895833
vt 0.656250 0.895833
vt 0.640625 0.875000
vt 0.640625 0.854167
vt 0.640625 0.895833
vt 0.687500 0.854167
vt 0.687500 0.875000
vt 0.687500 0.895833
vt 0.687500 0.916667
vt 0.671875 0.916667
vt 0.656250 0.916667
vt 0.640625 0.916667
vt 0.671871 0.529281
vt 0.671875 0.546356
vt 0.656250 0.546609
vt 0.656250 0.530183
vt 0.671875 0.565012
vt 0.656250 0.565043
vt 0.640625 0.546356
vt 0.640630 0.529281
vt 0.640625 0.565012
vt 0.687500 0.507545
vt 0.687500 0.528031
vt 0.671829 0.515932
vt 0.687500 0.546103
vt 0.687500 0.564980
vt 0.687500 0.584591
vt 0.671875 0.584591
vt 0.656250 0.584591
vt 0.640625 0.584591
vt 0.640671 0.515932
vt 0.656250 0.517672
vt 0.734375 0.604697
vt 0.734375 0.625157
vt 0.718750 0.625157
vt 0.718750 0.604697
vt 0.734375 0.645853
vt 0.718750 0.645853
vt 0.703125 0.625157
vt 0.703125 0.604697
vt 0.703125 0.645853
vt 0.750000 0.584591
vt 0.750000 0.604697
vt 0.734375 0.584591
vt 0.750000 0.625157
vt 0.750000 0.645853
vt 0.750000 0.666667
vt 0.734375 0.666667
vt 0.718750 0.666667
vt 0.703125 0.666667
vt 0.703125 0.584591
vt 0.718750 0.584591
vt 0.734375 0.687500
vt 0.734375 0.708333
vt 0.718750 0.708333
vt 0.718750 0.687500
vt 0.734375 0.729167
vt 0.718750 0.729167
vt 0.703125 0.708333
vt 0.703125 0.687500
vt 0.703125 0.729167
vt 0.750000 0.687500
vt 0.750000 0.708333
vt 0.750000 0.729167
vt 0.750000 0.750000
vt 0.734375 0.750000
vt 0.718750 0.750000
vt 0.703125 0.750000
vt 0.734375 0.770833
vt 0.734375 0.791667
vt 0.718750 0.791667
vt 0.718750 0.770833
vt 0.734375 0.812500
vt 0.718750 0.812500
vt 0.703125 0.791667
vt 0.703125 0.770833
vt 0.703125 0.812500
vt 0.750000 0.770833
vt 0.750000 0.791667
vt 0.750000 0.812500
vt 0.750000 0.833333
vt 0.734375 0.833333
vt 0.718750 0.833333
vt 0.703125 0.833333
vt 0.734375 0.854167
vt 0.734375 0.875000
vt 0.718750 0.875000
vt 0.718750 0.854167
vt 0.734375 0.895833
vt 0.718750 0.895833
vt 0.703125 0.875000
vt 0.703125 0.854167
vt 0.703125 0.895833
vt 0.750000 0.854167
vt 0.750000 0.875000
vt 0.750000 0.895833
vt 0.750000 0.916667
vt 0.734375 0.916667
vt 0.718750 0.916667
vt 0.703125 0.916667
vt 0.734371 0.529281
vt 0.734375 0.546356
vt 0.718750 0.546609
vt 0.718750 0.530183
vt 0.734375 0.565012
vt 0.718750 0.565043
vt 0.703125 0.546356
vt 0.703130 0.529281
vt 0.703125 0.565012
vt 0.750000 0.507545
vt 0.750000 0.528031
vt 0.734329 0.515932
vt 0.750000 0.546103
vt 0.750000 0.564980
vt 0.734375 0.584591
vt 0.718750 0.584591
vt 0.703125 0.584591
vt 0.703171 0.515932
vt 0.718750 0.517672
vt 0.796875 0.604697
vt 0.796875 0.625157
vt 0.781250 0.625157
vt 0.781250 0.604697
vt 0.796875 0.645853
vt 0.781250 0.645853
vt 0.765625 0.625157
vt 0.765625 0.604697
vt 0.765625 0.645853
vt 0.812500 0.584591
vt 0.812500 0.604697
vt 0.796875 0.584591
vt 0.812500 0.625157
vt 0.812500 0.645853
vt 0.812500 0.666667
vt 0.796875 0.666667
vt 0.781250 0.666667
vt 0.765625 0.666667
vt 0.765625 0.584591
vt 0.781250 0.584591
vt 0.796875 0.687500
vt 0.796875 0.708333
vt 0.781250 0.708333
vt 0.781250 0.687500
vt 0.796875 0.729167
vt 0.781250 0.729167
vt 0.765625 0.708333
vt 0.765625 0.687500
vt 0.765625 0.729167
vt 0.812500 0.687500
vt 0.812500 0.708333
vt 0.812500 0.729167
vt 0.812500 0.750000
vt 0.796875 0.750000
vt 0.781250 0.750000
vt 0.765625 0.750000
vt 0.796875 0.770833
vt 0.796875 0.791667
vt 0.781250 0.791667
vt 0.781250 0.770833
vt 0.796875 0.812500
vt 0.781250 0.812500
vt 0.765625 0.791667
vt 0.765625 0.770833
vt 0.765625 0.812500
vt 0.812500 0.770833
vt 0.812500 0.791667
vt 0.812500 0.812500
vt 0.812500 0.833333
vt 0.796875 0.833333
vt 0.781250 0.833333
vt 0.765625 0.833333
vt 0.796875 0.854167
vt 0.796875 0.875000
vt 0.781250 0.875000
vt 0.781250 0.854167
vt 0.796875 0.895833
vt 0.781250 0.895833
vt 0.765625 0.875000
vt 0.765625 0.854167
vt 0.765625 0.895833
vt 0.812500 0.854167
vt 0.812500 0.875000
vt 0.812500 0.895833
vt 0.812500 0.916667
vt 0.796875 0.916667
vt 0.781250 0.916667
vt 0.765625 0.916667
vt 0.796871 0.529281
vt 0.796875 0.546356
vt 0.781250 0.546609
vt 0.781250 0.530183
vt 0.796875 0.565012
vt 0.781250 0.565043
vt 0.765625 0.546356
vt 0.765630 0.529281
vt 0.765625 0.565012
vt 0.812500 0.507545
vt 0.812500 0.528031
vt 0.796829 0.515932
vt 0.812500 0.546103
vt 0.812500 0.564980
vt 0.812500 0.584591
vt 0.796875 0.584591
vt 0.765625 0.584591
vt 0.765671 0.515932
vt 0.781250 0.517672
vt 0.859375 0.604697
vt 0.859375 0.625157
vt 0.843750 0.625157
vt 0.843750 0.604697
vt 0.859375 0.645853
vt 0.843750 0.645853
vt 0.828125 0.625157
vt 0.828125 0.604697
vt 0.828125 0.645853
vt 0.875000 0.584591
vt 0.875000 0.604697
vt 0.859375 0.584591
vt 0.875000 0.625157
vt 0.875000 0.645853
vt 0.875000 0.666667
vt 0.859375 0.666667
vt 0.843750 0.666667
vt 0.828125 0.666667
vt 0.828125 0.584591
vt 0.843750 0.584591
vt 0.859375 0.687500
vt 0.859375 0.708333
vt 0.843750 0.708333
vt 0.843750 0.687500
vt 0.859375 0.729167
vt 0.843750 0.729167
vt 0.828125 0.708333
vt 0.828125 0.687500
vt 0.828125 0.729167
vt 0.875000 0.687500
vt 0.875000 0.708333
vt 0.875000 0.729167
vt 0.875000 0.750000
vt 0.859375 0.750000
vt 0.843750 0.750000
vt 0.828125 0.750000
vt 0.859375 0.770833
vt 0.859375 0.791667
vt 0.843750 0.791667
vt 0.843750 0.770833
vt 0.859375 0.812500
vt 0.843750 0.812500
vt 0.828125 0.791667
vt 0.828125 0.770833
vt 0.828125 0.812500
vt 0.875000 0.770833
vt 0.875000 0.791667
vt 0.875000 0.812500
vt 0.875000 0.833333
vt 0.859375 0.833333
vt 0.843750 0.833333
vt 0.828125 0.833333
vt 0.859375 0.854167
vt 0.859375 0.875000
vt 0.843750 0.875000
vt 0.843750 0.854167
vt 0.859375 0.895833
vt 0.843750 0.895833
vt 0.828125 0.875000
vt 0.828125 0.854167
vt 0.828125 0.895833
vt 0.875000 0.854167
vt 0.875000 0.875000
vt 0.875000 0.895833
vt 0.875000 0.916667
vt 0.859375 0.916667
vt 0.843750 0.916667
vt 0.828125 0.916667
vt 0.859370 0.529281
vt 0.859375 0.546356
vt 0.843750 0.546609
vt 0.843750 0.530183
vt 0.859375 0.565012
vt 0.843750 0.565043
vt 0.828125 0.546356
vt 0.828130 0.529281
vt 0.828125 0.565012
vt 0.859329 0.515932
vt 0.859375 0.584591
vt 0.843750 0.584591
vt 0.828125 0.584591
vt 0.828171 0.515932
vt 0.843750 0.517672
vt 0.921875 0.604697
vt 0.921875 0.625157
vt 0.906250 0.625157
vt 0.906250 0.604697
vt 0.921875 0.645853
vt 0.906250 0.645853
vt 0.890625 0.625157
vt 0.890625 0.604697
vt 0.890625 0.645853
vt 0.937500 0.604697
vt 0.921875 0.584591
vt 0.937500 0.625157
vt 0.937500 0.645853
vt 0.937500 0.666667
vt 0.921875 0.666667
vt 0.906250 0.666667
vt 0.890625 0.666667
vt 0.890625 0.584591
vt 0.906250 0.584591
vt 0.921875 0.687500
vt 0.921875 0.708333
vt 0.906250 0.708333
vt 0.906250 0.687500
vt 0.921875 0.729167
vt 0.906250 0.729167
vt 0.890625 0.708333
vt 0.890625 0.687500
vt 0.890625 0.729167
vt 0.937500 0.687500
vt 0.937500 0.708333
vt 0.937500 0.729167
vt 0.937500 0.750000
vt 0.921875 0.750000
vt 0.906250 0.750000
vt 0.890625 0.750000
vt 0.921875 0.770833
vt 0.921875 0.791667
vt 0.906250 0.791667
vt 0.906250 0.770833
vt 0.921875 0.812500
vt 0.906250 0.812500
vt 0.890625 0.791667
vt 0.890625 0.770833
vt 0.890625 0.812500
vt 0.937500 0.770833
vt 0.937500 0.791667
vt 0.937500 0.812500
vt 0.937500 0.833333
vt 0.921875 0.833333
vt 0.906250 0.833333
vt 0.890625 0.833333
vt 0.921875 0.854167
vt 0.921875 0.875000
vt 0.906250 0.875000
vt 0.906250 0.854167
vt 0.921875 0.895833
vt 0.906250 0.895833
vt 0.890625 0.875000
vt 0.890625 0.854167
vt 0.890625 0.895833
vt 0.937500 0.854167
vt 0.937500 0.875000
vt 0.937500 0.895833
vt 0.937500 0.916667
vt 0.921875 0.916667
vt 0.906250 0.916667
vt 0.890625 0.916667
vt 0.984375 0.604449
vt 0.984375 0.625075
vt 0.968750 0.625131
vt 0.968750 0.604622
vt 0.984375 0.645843
vt 0.968750 0.645850
vt 0.953125 0.625154
vt 0.953125 0.604688
vt 0.953125 0.645853
vt 1.000000 0.583333
vt 1.000000 0.604167
vt 0.984375 0.584211
vt 1.000000 0.625000
vt 1.000000 0.645833
vt 1.000000 0.666667
vt 0.984375 0.666667
vt 0.968750 0.666667
vt 0.953125 0.666667
vt 0.937500 0.666667
vt 0.937500 0.645853
vt 0.937500 0.625157
vt 0.937500 0.604697
vt 0.953125 0.584578
vt 0.968750 0.584486
vt 0.984375 0.687500
vt 0.984375 0.708333
vt 0.968750 0.708333
vt 0.968750 0.687500
vt 0.984375 0.729167
vt 0.968750 0.729167
vt 0.953125 0.708333
vt 0.953125 0.687500
vt 0.953125 0.729167
vt 1.000000 0.687500
vt 1.000000 0.708333
vt 1.000000 0.729167
vt 1.000000 0.750000
vt 0.984375 0.750000
vt 0.968750 0.750000
vt 0.953125 0.750000
vt 0.937500 0.750000
vt 0.937500 0.729167
vt 0.937500 0.708333
vt 0.937500 0.687500
vt 0.984375 0.770833
vt 0.984375 0.791667
vt 0.968750 0.791667
vt 0.968750 0.770833
vt 0.984375 0.812500
vt 0.968750 0.812500
vt 0.953125 0.791667
vt 0.953125 0.770833
vt 0.953125 0.812500
vt 1.000000 0.770833
vt 1.000000 0.791667
vt 1.000000 0.812500
vt 1.000000 0.833333
vt 0.984375 0.833333
vt 0.968750 0.833333
vt 0.953125 0.833333
vt 0.937500 0.812500
vt 0.937500 0.791667
vt 0.984375 0.854167
vt 0.984375 0.875000
vt 0.968750 0.875000
vt 0.968750 0.854167
vt 0.984375 0.895833
vt 0.968750 0.895833
vt 0.953125 0.875000
vt 0.953125 0.854167
vt 0.953125 0.895833
vt 1.000000 0.854167
vt 1.000000 0.875000
vt 1.000000 0.895833
vt 0.937500 0.895833
vt 0.937500 0.875000
vt 0.984206 0.509460
vt 0.968750 0.510495
vt 0.968750 0.507097
vt 0.984046 0.506788
vt 0.953294 0.509460
vt 0.953454 0.506788
vt 0.968750 0.505427
vt 0.983873 0.505413
vt 0.953627 0.505413
vt 1.000000 0.507545
vt 0.984329 0.515900
vt 0.999671 0.506827
vt 0.968750 0.517672
vt 0.953171 0.515932
vt 0.937829 0.506827
vt 0.938158 0.506109
vt 0.938487 0.505391
vt 0.938816 0.504673
vt 0.953870 0.504467
vt 0.968750 0.504423
vt 0.983630 0.504467
vt 0.999013 0.505391
vt 0.998684 0.504673
vt 0.999342 0.506109
vt 0.983230 0.503440
vt 0.968750 0.503414
vt 0.968750 0.502312
vt 0.982759 0.502320
vt 0.954271 0.503440
vt 0.954741 0.502319
vt 0.968750 0.501165
vt 0.982281 0.501166
vt 0.955219 0.501166
vt 0.997727 0.503505
vt 0.939774 0.503505
vt 0.940731 0.502337
vt 0.941689 0.501168
vt 0.942646 0.500000
vt 0.955698 0.500000
vt 0.968750 0.500000
vt 0.981802 0.500000
vt 0.995811 0.501168
vt 0.994854 0.500000
vt 0.996769 0.502337
vt 0.773858 0.464951
vt 0.792040 0.461351
vt 0.788221 0.442151
vt 0.771017 0.445437
vt 0.810216 0.457719
vt 0.805374 0.438603
vt 0.784545 0.423668
vt 0.768290 0.426453
vt 0.800628 0.420020
vt 0.757563 0.488496
vt 0.776742 0.484681
vt 0.755672 0.468531
vt 0.795922 0.480866
vt 0.815102 0.477050
vt 0.834282 0.473235
vt 0.828388 0.454067
vt 0.822495 0.434898
vt 0.816601 0.415730
vt 0.810708 0.396561
vt 0.796087 0.402852
vt 0.781160 0.406654
vt 0.765915 0.408854
vt 0.751891 0.428601
vt 0.750000 0.408636
vt 0.753781 0.448566
vt 0.764187 0.393609
vt 0.778170 0.391619
vt 0.775411 0.377749
vt 0.762779 0.379539
vt 0.791849 0.388107
vt 0.787767 0.374569
vt 0.772666 0.363946
vt 0.761418 0.365399
vt 0.783613 0.360984
vt 0.750000 0.394176
vt 0.805174 0.383201
vt 0.799782 0.370183
vt 0.794295 0.356937
vt 0.779125 0.346435
vt 0.769752 0.349301
vt 0.759996 0.350240
vt 0.750000 0.365748
vt 0.750000 0.350228
vt 0.750000 0.380085
vt 0.921706 0.509460
vt 0.906250 0.510495
vt 0.906250 0.507097
vt 0.921546 0.506788
vt 0.890794 0.509460
vt 0.890954 0.506788
vt 0.906250 0.505427
vt 0.921373 0.505413
vt 0.891127 0.505413
vt 0.921829 0.515932
vt 0.937171 0.506827
vt 0.906250 0.517672
vt 0.890671 0.515932
vt 0.875329 0.506827
vt 0.875658 0.506109
vt 0.875987 0.505391
vt 0.876316 0.504673
vt 0.891370 0.504467
vt 0.906250 0.504423
vt 0.921130 0.504467
vt 0.936513 0.505391
vt 0.936184 0.504673
vt 0.936842 0.506109
vt 0.920730 0.503440
vt 0.906250 0.503414
vt 0.906250 0.502312
vt 0.920260 0.502320
vt 0.891771 0.503440
vt 0.892241 0.502319
vt 0.906250 0.501165
vt 0.919781 0.501166
vt 0.892719 0.501166
vt 0.935227 0.503505
vt 0.877274 0.503505
vt 0.878231 0.502337
vt 0.879189 0.501168
vt 0.880146 0.500000
vt 0.893198 0.500000
vt 0.906250 0.500000
vt 0.919302 0.500000
vt 0.933311 0.501168
vt 0.932354 0.500000
vt 0.934269 0.502337
vt 0.854300 0.439459
vt 0.869721 0.429175
vt 0.858845 0.412898
vt 0.844208 0.422518
vt 0.885123 0.418863
vt 0.873334 0.403056
vt 0.848375 0.397228
vt 0.834424 0.406022
vt 0.861838 0.387704
vt 0.848255 0.467447
vt 0.864515 0.456583
vt 0.838868 0.449726
vt 0.880775 0.445718
vt 0.897035 0.434854
vt 0.913295 0.423990
vt 0.900514 0.408535
vt 0.887734 0.393081
vt 0.874953 0.377627
vt 0.862173 0.362173
vt 0.851073 0.373581
vt 0.838737 0.382804
vt 0.825495 0.390671
vt 0.820095 0.414283
vt 0.829482 0.432004
vt 0.818064 0.377248
vt 0.830221 0.370059
vt 0.822364 0.358301
vt 0.811379 0.364789
vt 0.841515 0.361579
vt 0.832562 0.350634
vt 0.814546 0.346599
vt 0.804710 0.352245
vt 0.823526 0.339673
vt 0.851948 0.351948
vt 0.841984 0.341984
vt 0.831846 0.331846
vt 0.820872 0.320872
vt 0.813812 0.327948
vt 0.806250 0.334184
vt 0.797595 0.338784
vt 0.859206 0.509460
vt 0.843750 0.510495
vt 0.843750 0.507097
vt 0.859046 0.506788
vt 0.828294 0.509460
vt 0.828454 0.506788
vt 0.843750 0.505427
vt 0.858873 0.505413
vt 0.828627 0.505413
vt 0.859329 0.515932
vt 0.874671 0.506827
vt 0.843750 0.517672
vt 0.812829 0.506827
vt 0.813158 0.506109
vt 0.813487 0.505391
vt 0.813816 0.504673
vt 0.828870 0.504467
vt 0.843750 0.504423
vt 0.858630 0.504467
vt 0.874013 0.505391
vt 0.873684 0.504673
vt 0.874342 0.506109
vt 0.858230 0.503440
vt 0.843750 0.503414
vt 0.843750 0.502312
vt 0.857759 0.502320
vt 0.829271 0.503440
vt 0.829741 0.502319
vt 0.843750 0.501165
vt 0.857281 0.501166
vt 0.830219 0.501166
vt 0.872727 0.503505
vt 0.814774 0.503505
vt 0.815731 0.502337
vt 0.816689 0.501168
vt 0.817646 0.500000
vt 0.830698 0.500000
vt 0.843750 0.500000
vt 0.856802 0.500000
vt 0.870811 0.501168
vt 0.869854 0.500000
vt 0.871769 0.502337
vt 0.918864 0.385123
vt 0.929175 0.369721
vt 0.912898 0.358845
vt 0.903056 0.373334
vt 0.939459 0.354300
vt 0.922518 0.344208
vt 0.897228 0.348375
vt 0.887704 0.361838
vt 0.906022 0.334423
vt 0.923990 0.413294
vt 0.934854 0.397035
vt 0.908535 0.400514
vt 0.945718 0.380775
vt 0.956583 0.364515
vt 0.967447 0.348255
vt 0.949726 0.338868
vt 0.932004 0.329481
vt 0.914283 0.320095
vt 0.896561 0.310708
vt 0.890671 0.325495
vt 0.882805 0.338737
vt 0.873581 0.351073
vt 0.877627 0.374953
vt 0.893081 0.387734
vt 0.861579 0.341515
vt 0.870059 0.330221
vt 0.858301 0.322364
vt 0.850634 0.332562
vt 0.877248 0.318064
vt 0.864789 0.311379
vt 0.846599 0.314545
vt 0.839673 0.323526
vt 0.852245 0.304710
vt 0.883201 0.305174
vt 0.870183 0.299782
vt 0.856937 0.294295
vt 0.842599 0.288356
vt 0.838784 0.297595
vt 0.834183 0.306250
vt 0.827949 0.313812
vt 0.796706 0.509460
vt 0.781250 0.510495
vt 0.781250 0.507097
vt 0.796546 0.506788
vt 0.765794 0.509460
vt 0.765954 0.506788
vt 0.781250 0.505427
vt 0.796373 0.505413
vt 0.766127 0.505413
vt 0.796829 0.515932
vt 0.812171 0.506827
vt 0.765671 0.515932
vt 0.750329 0.506827
vt 0.750658 0.506109
vt 0.750987 0.505391
vt 0.751316 0.504673
vt 0.766370 0.504467
vt 0.781250 0.504423
vt 0.796130 0.504467
vt 0.811513 0.505391
vt 0.811184 0.504673
vt 0.811842 0.506109
vt 0.795730 0.503440
vt 0.781250 0.503414
vt 0.781250 0.502312
vt 0.795259 0.502320
vt 0.766771 0.503440
vt 0.767241 0.502319
vt 0.781250 0.501165
vt 0.794781 0.501166
vt 0.767719 0.501166
vt 0.810227 0.503505
vt 0.752274 0.503505
vt 0.753231 0.502337
vt 0.754189 0.501168
vt 0.755146 0.500000
vt 0.768198 0.500000
vt 0.781250 0.500000
vt 0.794302 0.500000
vt 0.808311 0.501168
vt 0.807354 0.500000
vt 0.809269 0.502337
vt 0.957719 0.310216
vt 0.961351 0.292040
vt 0.942151 0.288221
vt 0.938603 0.305374
vt 0.964951 0.273858
vt 0.945437 0.271017
vt 0.923668 0.284545
vt 0.920020 0.300628
vt 0.926453 0.268290
vt 0.973235 0.334281
vt 0.977051 0.315102
vt 0.954067 0.328388
vt 0.980866 0.295922
vt 0.984681 0.276742
vt 0.988496 0.257563
vt 0.968531 0.255672
vt 0.948566 0.253781
vt 0.928601 0.251891
vt 0.908637 0.250000
vt 0.908854 0.265915
vt 0.906654 0.281160
vt 0.902852 0.296087
vt 0.915730 0.316601
vt 0.934898 0.322495
vt 0.888107 0.291849
vt 0.891619 0.278170
vt 0.877749 0.275411
vt 0.874569 0.287767
vt 0.893609 0.264187
vt 0.879539 0.262779
vt 0.863946 0.272665
vt 0.860984 0.283612
vt 0.865399 0.261418
vt 0.894176 0.250000
vt 0.880085 0.250000
vt 0.865748 0.250000
vt 0.850228 0.250000
vt 0.850240 0.259996
vt 0.849301 0.269752
vt 0.846435 0.279125
vt 0.734206 0.509460
vt 0.718750 0.510495
vt 0.718750 0.507097
vt 0.734046 0.506788
vt 0.703294 0.509460
vt 0.703454 0.506788
vt 0.718750 0.505427
vt 0.733873 0.505413
vt 0.703627 0.505413
vt 0.734329 0.515932
vt 0.749671 0.506827
vt 0.718750 0.517672
vt 0.703171 0.515932
vt 0.687829 0.506827
vt 0.688158 0.506109
vt 0.688487 0.505391
vt 0.688816 0.504673
vt 0.703870 0.504467
vt 0.718750 0.504423
vt 0.733630 0.504467
vt 0.749013 0.505391
vt 0.748684 0.504673
vt 0.749342 0.506109
vt 0.733230 0.503440
vt 0.718750 0.503414
vt 0.718750 0.502312
vt 0.732760 0.502320
vt 0.704271 0.503440
vt 0.704741 0.502319
vt 0.718750 0.501165
vt 0.732281 0.501166
vt 0.705219 0.501166
vt 0.747727 0.503505
vt 0.689774 0.503505
vt 0.690731 0.502337
vt 0.691689 0.501168
vt 0.692646 0.500000
vt 0.705698 0.500000
vt 0.718750 0.500000
vt 0.731802 0.500000
vt 0.745811 0.501168
vt 0.744854 0.500000
vt 0.746769 0.502337
vt 0.964951 0.226142
vt 0.961351 0.207960
vt 0.942151 0.211779
vt 0.945437 0.228983
vt 0.957719 0.189784
vt 0.938603 0.194626
vt 0.923668 0.215455
vt 0.926453 0.231710
vt 0.920020 0.199372
vt 0.988496 0.242437
vt 0.984681 0.223258
vt 0.968531 0.244328
vt 0.980866 0.204078
vt 0.977051 0.184898
vt 0.973235 0.165719
vt 0.954067 0.171612
vt 0.934898 0.177506
vt 0.915730 0.183399
vt 0.896561 0.189292
vt 0.902853 0.203913
vt 0.906654 0.218840
vt 0.908854 0.234085
vt 0.928601 0.248109
vt 0.948566 0.246219
vt 0.893609 0.235813
vt 0.891619 0.221830
vt 0.877749 0.224589
vt 0.879539 0.237221
vt 0.888107 0.208151
vt 0.874569 0.212233
vt 0.863946 0.227335
vt 0.865399 0.238582
vt 0.860984 0.216388
vt 0.883201 0.194826
vt 0.870183 0.200219
vt 0.856937 0.205705
vt 0.842599 0.211644
vt 0.846435 0.220875
vt 0.849301 0.230248
vt 0.850240 0.240004
vt 0.671706 0.509460
vt 0.656250 0.510495
vt 0.656250 0.507097
vt 0.671546 0.506788
vt 0.640794 0.509460
vt 0.640954 0.506788
vt 0.656250 0.505427
vt 0.671373 0.505413
vt 0.641127 0.505413
vt 0.671829 0.515932
vt 0.687171 0.506827
vt 0.656250 0.517672
vt 0.640671 0.515932
vt 0.625329 0.506827
vt 0.625658 0.506109
vt 0.625987 0.505391
vt 0.626316 0.504673
vt 0.641370 0.504467
vt 0.656250 0.504423
vt 0.671130 0.504467
vt 0.686513 0.505391
vt 0.686184 0.504673
vt 0.686842 0.506109
vt 0.670730 0.503440
vt 0.656250 0.503414
vt 0.656250 0.502312
vt 0.670259 0.502320
vt 0.641771 0.503440
vt 0.642241 0.502319
vt 0.656250 0.501165
vt 0.669781 0.501166
vt 0.642719 0.501166
vt 0.685227 0.503505
vt 0.627274 0.503505
vt 0.628231 0.502337
vt 0.629189 0.501168
vt 0.630146 0.500000
vt 0.643198 0.500000
vt 0.656250 0.500000
vt 0.669302 0.500000
vt 0.683311 0.501168
vt 0.682354 0.500000
vt 0.684269 0.502337
vt 0.939459 0.145700
vt 0.929175 0.130279
vt 0.912898 0.141155
vt 0.922518 0.155792
vt 0.918864 0.114877
vt 0.903056 0.126666
vt 0.897228 0.151625
vt 0.906022 0.165577
vt 0.887704 0.138162
vt 0.967447 0.151745
vt 0.956583 0.135485
vt 0.949726 0.161132
vt 0.945719 0.119225
vt 0.934854 0.102965
vt 0.923990 0.086706
vt 0.908535 0.099486
vt 0.893081 0.112266
vt 0.877627 0.125047
vt 0.862173 0.137827
vt 0.873581 0.148927
vt 0.882805 0.161263
vt 0.890671 0.174505
vt 0.914283 0.179906
vt 0.932004 0.170519
vt 0.877248 0.181936
vt 0.870059 0.169779
vt 0.858301 0.177636
vt 0.864789 0.188622
vt 0.861579 0.158485
vt 0.850634 0.167438
vt 0.846599 0.185455
vt 0.852246 0.195290
vt 0.839673 0.176474
vt 0.851948 0.148052
vt 0.841984 0.158016
vt 0.831846 0.168154
vt 0.820872 0.179128
vt 0.827949 0.186188
vt 0.834184 0.193750
vt 0.838784 0.202405
vt 0.609206 0.509460
vt 0.593750 0.510495
vt 0.593750 0.507097
vt 0.609046 0.506788
vt 0.578294 0.509460
vt 0.578454 0.506788
vt 0.593750 0.505427
vt 0.608873 0.505413
vt 0.578627 0.505413
vt 0.609329 0.515932
vt 0.624671 0.506827
vt 0.578171 0.515932
vt 0.562829 0.506827
vt 0.563158 0.506109
vt 0.563487 0.505391
vt 0.563816 0.504673
vt 0.578870 0.504467
vt 0.593750 0.504423
vt 0.608630 0.504467
vt 0.624013 0.505391
vt 0.623684 0.504673
vt 0.624342 0.506109
vt 0.608230 0.503440
vt 0.593750 0.503414
vt 0.593750 0.502312
vt 0.607759 0.502320
vt 0.579271 0.503440
vt 0.579741 0.502319
vt 0.593750 0.501165
vt 0.607281 0.501166
vt 0.580219 0.501166
vt 0.622726 0.503505
vt 0.564774 0.503505
vt 0.565731 0.502337
vt 0.566689 0.501168
vt 0.567646 0.500000
vt 0.580698 0.500000
vt 0.593750 0.500000
vt 0.606802 0.500000
vt 0.620811 0.501168
vt 0.619854 0.500000
vt 0.621769 0.502337
vt 0.885123 0.081137
vt 0.869721 0.070825
vt 0.858845 0.087102
vt 0.873334 0.096944
vt 0.854300 0.060541
vt 0.844208 0.077482
vt 0.848375 0.102772
vt 0.861838 0.112296
vt 0.834424 0.093978
vt 0.913294 0.076011
vt 0.897035 0.065146
vt 0.900514 0.091465
vt 0.880775 0.054282
vt 0.864515 0.043417
vt 0.848255 0.032553
vt 0.838868 0.050274
vt 0.829482 0.067996
vt 0.820095 0.085717
vt 0.810708 0.103439
vt 0.825495 0.109329
vt 0.838737 0.117196
vt 0.851073 0.126420
vt 0.874953 0.122373
vt 0.887734 0.106919
vt 0.841515 0.138421
vt 0.830221 0.129941
vt 0.822364 0.141699
vt 0.832562 0.149366
vt 0.818064 0.122752
vt 0.811379 0.135211
vt 0.814545 0.153401
vt 0.823526 0.160327
vt 0.804710 0.147755
vt 0.805174 0.116799
vt 0.799782 0.129817
vt 0.794295 0.143063
vt 0.788356 0.157401
vt 0.797595 0.161216
vt 0.806250 0.165817
vt 0.813812 0.172052
vt 0.546706 0.509460
vt 0.531250 0.510495
vt 0.531250 0.507097
vt 0.546546 0.506788
vt 0.515794 0.509460
vt 0.515954 0.506788
vt 0.531250 0.505427
vt 0.546373 0.505413
vt 0.516127 0.505413
vt 0.546829 0.515932
vt 0.562171 0.506827
vt 0.531250 0.517672
vt 0.515671 0.515932
vt 0.500329 0.506827
vt 0.500658 0.506109
vt 0.500987 0.505391
vt 0.501316 0.504673
vt 0.516370 0.504467
vt 0.531250 0.504423
vt 0.546130 0.504467
vt 0.561513 0.505391
vt 0.561184 0.504673
vt 0.561842 0.506109
vt 0.545730 0.503440
vt 0.531250 0.503414
vt 0.531250 0.502312
vt 0.545259 0.502320
vt 0.516771 0.503440
vt 0.517241 0.502319
vt 0.531250 0.501165
vt 0.544781 0.501166
vt 0.517719 0.501166
vt 0.560227 0.503505
vt 0.502274 0.503505
vt 0.503231 0.502337
vt 0.504189 0.501168
vt 0.505146 0.500000
vt 0.518198 0.500000
vt 0.531250 0.500000
vt 0.544302 0.500000
vt 0.558311 0.501168
vt 0.557354 0.500000
vt 0.559269 0.502337
vt 0.810216 0.042281
vt 0.792040 0.038649
vt 0.788221 0.057849
vt 0.805374 0.061397
vt 0.773858 0.035049
vt 0.771017 0.054563
vt 0.784545 0.076332
vt 0.800628 0.079980
vt 0.768290 0.073547
vt 0.834282 0.026765
vt 0.815102 0.022950
vt 0.828388 0.045933
vt 0.795922 0.019134
vt 0.776742 0.015319
vt 0.757563 0.011504
vt 0.755672 0.031469
vt 0.753781 0.051434
vt 0.751891 0.071399
vt 0.750000 0.091364
vt 0.765916 0.091146
vt 0.781160 0.093347
vt 0.796087 0.097148
vt 0.816601 0.084270
vt 0.822495 0.065102
vt 0.791849 0.111893
vt 0.778170 0.108381
vt 0.775411 0.122251
vt 0.787767 0.125431
vt 0.764187 0.106391
vt 0.762779 0.120461
vt 0.772665 0.136054
vt 0.783613 0.139016
vt 0.761418 0.134601
vt 0.750000 0.105824
vt 0.750000 0.119915
vt 0.750000 0.134252
vt 0.750000 0.149772
vt 0.759996 0.149760
vt 0.769752 0.150699
vt 0.779125 0.153565
vt 0.484206 0.509460
vt 0.468750 0.510495
vt 0.468750 0.507097
vt 0.484046 0.506788
vt 0.453294 0.509460
vt 0.453454 0.506788
vt 0.468750 0.505427
vt 0.483873 0.505413
vt 0.453627 0.505413
vt 0.484329 0.515932
vt 0.499671 0.506827
vt 0.453171 0.515932
vt 0.437829 0.506827
vt 0.438158 0.506109
vt 0.438487 0.505391
vt 0.438816 0.504673
vt 0.453870 0.504467
vt 0.468750 0.504423
vt 0.483630 0.504467
vt 0.499013 0.505391
vt 0.498684 0.504673
vt 0.499342 0.506109
vt 0.483230 0.503440
vt 0.468750 0.503414
vt 0.468750 0.502312
vt 0.482759 0.502320
vt 0.454271 0.503440
vt 0.454741 0.502319
vt 0.468750 0.501165
vt 0.482281 0.501166
vt 0.455219 0.501166
vt 0.497727 0.503505
vt 0.439774 0.503505
vt 0.440731 0.502337
vt 0.441689 0.501168
vt 0.442646 0.500000
vt 0.455698 0.500000
vt 0.468750 0.500000
vt 0.481802 0.500000
vt 0.495811 0.501168
vt 0.494854 0.500000
vt 0.496769 0.502337
vt 0.726142 0.035049
vt 0.707960 0.038649
vt 0.711779 0.057849
vt 0.728983 0.054563
vt 0.689784 0.042281
vt 0.694627 0.061397
vt 0.715455 0.076332
vt 0.731710 0.073547
vt 0.699372 0.079980
vt 0.742437 0.011504
vt 0.723258 0.015319
vt 0.744328 0.031469
vt 0.704078 0.019134
vt 0.684898 0.022950
vt 0.665719 0.026765
vt 0.671612 0.045933
vt 0.677506 0.065102
vt 0.683399 0.084270
vt 0.689292 0.103439
vt 0.703913 0.097148
vt 0.718840 0.093347
vt 0.734085 0.091146
vt 0.748109 0.071399
vt 0.746219 0.051434
vt 0.735813 0.106391
vt 0.721830 0.108381
vt 0.724589 0.122251
vt 0.737221 0.120461
vt 0.708151 0.111893
vt 0.712233 0.125431
vt 0.727335 0.136054
vt 0.738582 0.134601
vt 0.716388 0.139016
vt 0.694826 0.116799
vt 0.700218 0.129817
vt 0.705705 0.143063
vt 0.711645 0.157402
vt 0.720875 0.153565
vt 0.730248 0.150699
vt 0.740004 0.149760
vt 0.421706 0.509460
vt 0.406250 0.510495
vt 0.406250 0.507097
vt 0.421546 0.506788
vt 0.390794 0.509460
vt 0.390954 0.506788
vt 0.406250 0.505427
vt 0.421373 0.505413
vt 0.391127 0.505413
vt 0.421829 0.515932
vt 0.437171 0.506827
vt 0.390671 0.515932
vt 0.375329 0.506827
vt 0.375658 0.506109
vt 0.375987 0.505391
vt 0.376316 0.504673
vt 0.391370 0.504467
vt 0.406250 0.504423
vt 0.421130 0.504467
vt 0.436513 0.505391
vt 0.436184 0.504673
vt 0.436842 0.506109
vt 0.420730 0.503440
vt 0.406250 0.503414
vt 0.406250 0.502312
vt 0.420259 0.502320
vt 0.391771 0.503440
vt 0.392241 0.502319
vt 0.406250 0.501165
vt 0.419781 0.501166
vt 0.392719 0.501166
vt 0.435227 0.503505
vt 0.377274 0.503505
vt 0.378231 0.502337
vt 0.379189 0.501168
vt 0.380146 0.500000
vt 0.393198 0.500000
vt 0.406250 0.500000
vt 0.419302 0.500000
vt 0.433311 0.501168
vt 0.432354 0.500000
vt 0.434269 0.502337
vt 0.645700 0.060541
vt 0.630279 0.070825
vt 0.641155 0.087102
vt 0.655792 0.077482
vt 0.614877 0.081137
vt 0.626666 0.096944
vt 0.651625 0.102772
vt 0.665577 0.093978
vt 0.638162 0.112296
vt 0.651745 0.032553
vt 0.635485 0.043417
vt 0.661132 0.050274
vt 0.619225 0.054282
vt 0.602965 0.065146
vt 0.586706 0.076011
vt 0.599486 0.091465
vt 0.612266 0.106919
vt 0.625047 0.122373
vt 0.637827 0.137827
vt 0.648927 0.126420
vt 0.661263 0.117196
vt 0.674505 0.109329
vt 0.679906 0.085717
vt 0.670519 0.067996
vt 0.681936 0.122752
vt 0.669779 0.129941
vt 0.677636 0.141700
vt 0.688622 0.135211
vt 0.658485 0.138421
vt 0.667438 0.149366
vt 0.685455 0.153401
vt 0.695290 0.147755
vt 0.676474 0.160327
vt 0.648052 0.148052
vt 0.658016 0.158016
vt 0.668154 0.168154
vt 0.679128 0.179128
vt 0.686188 0.172052
vt 0.693751 0.165817
vt 0.702405 0.161216
vt 0.359206 0.509460
vt 0.343750 0.510495
vt 0.343750 0.507097
vt 0.359046 0.506788
vt 0.328294 0.509460
vt 0.328454 0.506788
vt 0.343750 0.505427
vt 0.358873 0.505413
vt 0.328627 0.505413
vt 0.359329 0.515932
vt 0.374671 0.506827
vt 0.328171 0.515932
vt 0.312829 0.506827
vt 0.313158 0.506109
vt 0.313487 0.505391
vt 0.313816 0.504673
vt 0.328870 0.504467
vt 0.343750 0.504423
vt 0.358630 0.504467
vt 0.374013 0.505391
vt 0.373684 0.504673
vt 0.374342 0.506109
vt 0.358230 0.503440
vt 0.343750 0.503414
vt 0.343750 0.502312
vt 0.357759 0.502320
vt 0.329271 0.503440
vt 0.329741 0.502319
vt 0.343750 0.501165
vt 0.357281 0.501166
vt 0.330219 0.501166
vt 0.372726 0.503505
vt 0.314774 0.503505
vt 0.315731 0.502337
vt 0.316689 0.501168
vt 0.317646 0.500000
vt 0.330698 0.500000
vt 0.343750 0.500000
vt 0.356802 0.500000
vt 0.370811 0.501168
vt 0.369854 0.500000
vt 0.371769 0.502337
vt 0.581137 0.114877
vt 0.570825 0.130279
vt 0.587102 0.141155
vt 0.596944 0.126666
vt 0.560541 0.145700
vt 0.577482 0.155792
vt 0.602772 0.151625
vt 0.612296 0.138162
vt 0.593978 0.165577
vt 0.576011 0.086706
vt 0.565146 0.102965
vt 0.591465 0.099486
vt 0.554282 0.119225
vt 0.543417 0.135485
vt 0.532553 0.151745
vt 0.550274 0.161132
vt 0.567996 0.170519
vt 0.585718 0.179906
vt 0.603439 0.189292
vt 0.609329 0.174505
vt 0.617196 0.161263
vt 0.626419 0.148927
vt 0.622373 0.125047
vt 0.606919 0.112266
vt 0.638421 0.158485
vt 0.629941 0.169779
vt 0.641699 0.177636
vt 0.649366 0.167438
vt 0.622752 0.181936
vt 0.635211 0.188622
vt 0.653401 0.185455
vt 0.660327 0.176474
vt 0.647755 0.195290
vt 0.616799 0.194826
vt 0.629817 0.200219
vt 0.643063 0.205705
vt 0.657402 0.211644
vt 0.661216 0.202405
vt 0.665817 0.193750
vt 0.672052 0.186188
vt 0.296706 0.509460
vt 0.281250 0.510495
vt 0.281250 0.507097
vt 0.296546 0.506788
vt 0.265794 0.509460
vt 0.265954 0.506788
vt 0.281250 0.505427
vt 0.296373 0.505413
vt 0.266127 0.505413
vt 0.296829 0.515932
vt 0.312171 0.506827
vt 0.265671 0.515932
vt 0.250329 0.506827
vt 0.250658 0.506109
vt 0.250987 0.505391
vt 0.251316 0.504673
vt 0.266370 0.504467
vt 0.281250 0.504423
vt 0.296130 0.504467
vt 0.311513 0.505391
vt 0.311184 0.504673
vt 0.311842 0.506109
vt 0.295730 0.503440
vt 0.281250 0.503414
vt 0.281250 0.502312
vt 0.295259 0.502320
vt 0.266771 0.503440
vt 0.267241 0.502319
vt 0.281250 0.501165
vt 0.294781 0.501166
vt 0.267719 0.501166
vt 0.310226 0.503505
vt 0.252274 0.503505
vt 0.253231 0.502337
vt 0.254189 0.501168
vt 0.255146 0.500000
vt 0.268198 0.500000
vt 0.281250 0.500000
vt 0.294302 0.500000
vt 0.308311 0.501168
vt 0.307354 0.500000
vt 0.309269 0.502337
vt 0.542281 0.189784
vt 0.538649 0.207960
vt 0.557849 0.211779
vt 0.561397 0.194627
vt 0.535049 0.226142
vt 0.554563 0.228983
vt 0.576333 0.215455
vt 0.579980 0.199372
vt 0.573547 0.231710
vt 0.526765 0.165719
vt 0.522950 0.184898
vt 0.545933 0.171612
vt 0.519135 0.204078
vt 0.515319 0.223258
vt 0.511504 0.242437
vt 0.531469 0.244328
vt 0.551434 0.246219
vt 0.571399 0.248109
vt 0.591364 0.250000
vt 0.591146 0.234085
vt 0.593347 0.218840
vt 0.597148 0.203913
vt 0.584270 0.183399
vt 0.565102 0.177506
vt 0.611893 0.208151
vt 0.608381 0.221830
vt 0.622251 0.224589
vt 0.625431 0.212233
vt 0.606391 0.235813
vt 0.620461 0.237221
vt 0.636054 0.227335
vt 0.639016 0.216388
vt 0.634601 0.238582
vt 0.605824 0.250000
vt 0.619915 0.250000
vt 0.634252 0.250000
vt 0.649772 0.250000
vt 0.649760 0.240004
vt 0.650699 0.230248
vt 0.653565 0.220875
vt 0.234206 0.509460
vt 0.218750 0.510495
vt 0.218750 0.507097
vt 0.234046 0.506788
vt 0.203294 0.509460
vt 0.203454 0.506788
vt 0.218750 0.505427
vt 0.233873 0.505413
vt 0.203627 0.505413
vt 0.234329 0.515932
vt 0.249671 0.506827
vt 0.218750 0.517672
vt 0.203171 0.515932
vt 0.187829 0.506827
vt 0.188158 0.506109
vt 0.188487 0.505391
vt 0.188816 0.504673
vt 0.203870 0.504467
vt 0.218750 0.504423
vt 0.233630 0.504467
vt 0.249013 0.505391
vt 0.248684 0.504673
vt 0.249342 0.506109
vt 0.233230 0.503440
vt 0.218750 0.503414
vt 0.218750 0.502312
vt 0.232759 0.502320
vt 0.204271 0.503440
vt 0.204741 0.502319
vt 0.218750 0.501165
vt 0.232281 0.501166
vt 0.205219 0.501166
vt 0.247726 0.503505
vt 0.189774 0.503505
vt 0.190731 0.502337
vt 0.191689 0.501168
vt 0.192646 0.500000
vt 0.205698 0.500000
vt 0.218750 0.500000
vt 0.231802 0.500000
vt 0.245811 0.501168
vt 0.244854 0.500000
vt 0.246769 0.502337
vt 0.535049 0.273858
vt 0.538649 0.292040
vt 0.557849 0.288221
vt 0.554563 0.271017
vt 0.542281 0.310216
vt 0.561397 0.305374
vt 0.576333 0.284545
vt 0.573547 0.268290
vt 0.579980 0.300628
vt 0.511504 0.257563
vt 0.515319 0.276742
vt 0.531469 0.255672
vt 0.519135 0.295922
vt 0.522950 0.315102
vt 0.526765 0.334281
vt 0.545933 0.328388
vt 0.565102 0.322495
vt 0.584271 0.316601
vt 0.603439 0.310708
vt 0.597148 0.296087
vt 0.593347 0.281160
vt 0.591146 0.265915
vt 0.571399 0.251891
vt 0.551434 0.253781
vt 0.606391 0.264187
vt 0.608381 0.278170
vt 0.622251 0.275411
vt 0.620461 0.262779
vt 0.611894 0.291849
vt 0.625431 0.287767
vt 0.636054 0.272665
vt 0.634601 0.261418
vt 0.639016 0.283613
vt 0.616799 0.305174
vt 0.629817 0.299782
vt 0.643063 0.294295
vt 0.657402 0.288356
vt 0.653565 0.279125
vt 0.650699 0.269752
vt 0.649760 0.259996
vt 0.171706 0.509460
vt 0.156250 0.510495
vt 0.156250 0.507097
vt 0.171546 0.506788
vt 0.140794 0.509460
vt 0.140954 0.506788
vt 0.156250 0.505427
vt 0.171373 0.505413
vt 0.141127 0.505413
vt 0.171829 0.515932
vt 0.187171 0.506827
vt 0.156250 0.517672
vt 0.140671 0.515932
vt 0.125329 0.506827
vt 0.125658 0.506109
vt 0.125987 0.505391
vt 0.126316 0.504673
vt 0.141370 0.504467
vt 0.156250 0.504423
vt 0.171130 0.504467
vt 0.186513 0.505391
vt 0.186184 0.504673
vt 0.186842 0.506109
vt 0.170730 0.503440
vt 0.156250 0.503414
vt 0.156250 0.502312
vt 0.170259 0.502320
vt 0.141771 0.503440
vt 0.142241 0.502319
vt 0.156250 0.501165
vt 0.169781 0.501166
vt 0.142719 0.501166
vt 0.185226 0.503505
vt 0.127274 0.503505
vt 0.128231 0.502337
vt 0.129189 0.501168
vt 0.130146 0.500000
vt 0.143198 0.500000
vt 0.156250 0.500000
vt 0.169302 0.500000
vt 0.183311 0.501168
vt 0.182354 0.500000
vt 0.184269 0.502337
vt 0.560541 0.354300
vt 0.570825 0.369721
vt 0.587102 0.358845
vt 0.577482 0.344208
vt 0.581137 0.385123
vt 0.596944 0.373334
vt 0.602772 0.348375
vt 0.593978 0.334423
vt 0.612296 0.361838
vt 0.532553 0.348255
vt 0.543417 0.364515
vt 0.550274 0.338868
vt 0.554282 0.380775
vt 0.565146 0.397035
vt 0.576011 0.413294
vt 0.591465 0.400514
vt 0.606919 0.387734
vt 0.622373 0.374953
vt 0.637827 0.362173
vt 0.626420 0.351073
vt 0.617196 0.338737
vt 0.609329 0.325495
vt 0.585718 0.320095
vt 0.567996 0.329481
vt 0.622752 0.318064
vt 0.629941 0.330221
vt 0.641700 0.322364
vt 0.635211 0.311379
vt 0.638421 0.341515
vt 0.649366 0.332562
vt 0.653401 0.314545
vt 0.647755 0.304710
vt 0.660327 0.323526
vt 0.648052 0.351948
vt 0.658016 0.341984
vt 0.668154 0.331846
vt 0.679128 0.320872
vt 0.672052 0.313812
vt 0.665817 0.306250
vt 0.661216 0.297595
vt 0.109206 0.509460
vt 0.093750 0.510495
vt 0.093750 0.507097
vt 0.109046 0.506788
vt 0.078294 0.509460
vt 0.078454 0.506788
vt 0.093750 0.505427
vt 0.108873 0.505413
vt 0.078627 0.505413
vt 0.109329 0.515932
vt 0.124671 0.506827
vt 0.093750 0.517672
vt 0.078171 0.515932
vt 0.062829 0.506827
vt 0.063158 0.506109
vt 0.063487 0.505391
vt 0.063816 0.504673
vt 0.078870 0.504467
vt 0.093750 0.504423
vt 0.108630 0.504467
vt 0.124013 0.505391
vt 0.123684 0.504673
vt 0.124342 0.506109
vt 0.108229 0.503440
vt 0.093750 0.503414
vt 0.093750 0.502312
vt 0.107759 0.502320
vt 0.079271 0.503440
vt 0.079741 0.502319
vt 0.093750 0.501165
vt 0.107281 0.501166
vt 0.080219 0.501166
vt 0.122726 0.503505
vt 0.064774 0.503505
vt 0.065731 0.502337
vt 0.066689 0.501168
vt 0.067646 0.500000
vt 0.080698 0.500000
vt 0.093750 0.500000
vt 0.106802 0.500000
vt 0.120811 0.501168
vt 0.119854 0.500000
vt 0.121769 0.502337
vt 0.614877 0.418863
vt 0.630279 0.429175
vt 0.641155 0.412898
vt 0.626666 0.403056
vt 0.645700 0.439459
vt 0.655792 0.422518
vt 0.651625 0.397228
vt 0.638162 0.387704
vt 0.665577 0.406022
vt 0.586706 0.423990
vt 0.602965 0.434854
vt 0.599486 0.408535
vt 0.619225 0.445718
vt 0.635485 0.456583
vt 0.651745 0.467447
vt 0.661132 0.449726
vt 0.670519 0.432004
vt 0.679906 0.414283
vt 0.689293 0.396561
vt 0.674505 0.390671
vt 0.661263 0.382804
vt 0.648927 0.373581
vt 0.625047 0.377627
vt 0.612267 0.393081
vt 0.658485 0.361579
vt 0.669779 0.370059
vt 0.677636 0.358301
vt 0.667438 0.350634
vt 0.681936 0.377248
vt 0.688622 0.364789
vt 0.685455 0.346599
vt 0.676474 0.339673
vt 0.695290 0.352245
vt 0.694826 0.383201
vt 0.700218 0.370183
vt 0.705705 0.356937
vt 0.711644 0.342598
vt 0.702405 0.338784
vt 0.693750 0.334184
vt 0.686188 0.327949
vt 0.046706 0.509460
vt 0.031250 0.510495
vt 0.031250 0.507097
vt 0.046546 0.506788
vt 0.015794 0.509460
vt 0.015954 0.506788
vt 0.031250 0.505427
vt 0.046373 0.505413
vt 0.016127 0.505413
vt 0.046829 0.515932
vt 0.062171 0.506827
vt 0.031250 0.517672
vt 0.015671 0.515900
vt 0.000329 0.506827
vt 0.000658 0.506109
vt 0.000987 0.505391
vt 0.001316 0.504673
vt 0.016370 0.504467
vt 0.031250 0.504423
vt 0.046130 0.504467
vt 0.061513 0.505391
vt 0.061184 0.504673
vt 0.061842 0.506109
vt 0.045729 0.503440
vt 0.031250 0.503414
vt 0.031250 0.502312
vt 0.045259 0.502320
vt 0.016771 0.503440
vt 0.017241 0.502319
vt 0.031250 0.501165
vt 0.044781 0.501166
vt 0.017719 0.501166
vt 0.060226 0.503505
vt 0.002274 0.503505
vt 0.003231 0.502337
vt 0.004189 0.501168
vt 0.005146 0.500000
vt 0.018198 0.500000
vt 0.031250 0.500000
vt 0.044302 0.500000
vt 0.058311 0.501168
vt 0.057354 0.500000
vt 0.059269 0.502337
vt 0.689784 0.457719
vt 0.707960 0.461351
vt 0.711779 0.442151
vt 0.694627 0.438603
vt 0.726142 0.464951
vt 0.728983 0.445437
vt 0.715455 0.423668
vt 0.699372 0.420020
vt 0.731710 0.426453
vt 0.665719 0.473235
vt 0.684898 0.477050
vt 0.671612 0.454067
vt 0.704078 0.480866
vt 0.723258 0.484681
vt 0.742438 0.488496
vt 0.744328 0.468531
vt 0.746219 0.448566
vt 0.748110 0.428601
vt 0.734085 0.408854
vt 0.718840 0.406654
vt 0.703913 0.402852
vt 0.683399 0.415730
vt 0.677506 0.434898
vt 0.708151 0.388107
vt 0.721830 0.391619
vt 0.724589 0.377749
vt 0.712234 0.374569
vt 0.735813 0.393609
vt 0.737221 0.379539
vt 0.727335 0.363946
vt 0.716388 0.360984
vt 0.738582 0.365399
vt 0.740004 0.350240
vt 0.730248 0.349301
vt 0.720875 0.346435
vt 0.984370 0.529136
vt 0.984375 0.546211
vt 0.968750 0.546583
vt 0.968750 0.530180
vt 0.984375 0.564755
vt 0.968750 0.564968
vt 0.953125 0.546353
vt 0.953130 0.529280
vt 0.953125 0.565002
vt 1.000000 0.526492
vt 0.984329 0.515900
vt 1.000000 0.545439
vt 1.000000 0.564386
vt 0.953171 0.515932
vt 0.968750 0.517672
vt 0.305039 0.433469
vt 0.287791 0.439990
vt 0.281696 0.409347
vt 0.290030 0.393519
vt 0.269361 0.440566
vt 0.267940 0.397913
vt 0.287791 0.439990
vt 0.271638 0.358781
vt 0.290030 0.393519
vt 0.341844 0.471731
vt 0.318883 0.476298
vt 0.322675 0.425452
vt 0.295922 0.480866
vt 0.304185 0.380815
vt 0.250000 0.490000
vt 0.250000 0.439908
vt 0.272961 0.485433
vt 0.250000 0.391593
vt 0.295922 0.480866
vt 0.250000 0.250000
vt 0.284316 0.332845
vt 0.250000 0.339671
vt 0.250000 0.391593
vt 0.230639 0.440566
vt 0.212209 0.439990
vt 0.218304 0.409347
vt 0.232060 0.397913
vt 0.194961 0.433469
vt 0.209970 0.393519
vt 0.212209 0.439990
vt 0.228362 0.358781
vt 0.232060 0.397913
vt 0.209970 0.393519
vt 0.227039 0.485433
vt 0.250000 0.439908
vt 0.204078 0.480866
vt 0.158156 0.471731
vt 0.177325 0.425452
vt 0.181117 0.476298
vt 0.195815 0.380815
vt 0.204078 0.480866
vt 0.250000 0.339671
vt 0.215684 0.332845
vt 0.195815 0.380815
vt 0.159187 0.418651
vt 0.142379 0.411066
vt 0.159737 0.385088
vt 0.176822 0.379788
vt 0.128940 0.398440
vt 0.158095 0.367275
vt 0.142379 0.411066
vt 0.188380 0.342220
vt 0.176822 0.379788
vt 0.138691 0.458725
vt 0.177325 0.425452
vt 0.119225 0.445718
vt 0.195815 0.380815
vt 0.080294 0.419706
vt 0.115715 0.384285
vt 0.099760 0.432712
vt 0.149878 0.350122
vt 0.186593 0.313407
vt 0.149879 0.350122
vt 0.101560 0.371060
vt 0.088934 0.357621
vt 0.114912 0.340263
vt 0.132725 0.341905
vt 0.081349 0.340813
vt 0.120212 0.323178
vt 0.088934 0.357621
vt 0.157780 0.311620
vt 0.132725 0.341905
vt 0.067288 0.400240
vt 0.115715 0.384285
vt 0.054282 0.380775
vt 0.149878 0.350122
vt 0.028269 0.341844
vt 0.074548 0.322675
vt 0.041275 0.361309
vt 0.119185 0.304185
vt 0.186593 0.313407
vt 0.167155 0.284316
vt 0.066531 0.305039
vt 0.060010 0.287791
vt 0.090653 0.281696
vt 0.106481 0.290030
vt 0.059434 0.269361
vt 0.102087 0.267940
vt 0.141219 0.271638
vt 0.106481 0.290030
vt 0.102087 0.267940
vt 0.023702 0.318883
vt 0.074548 0.322675
vt 0.019134 0.295922
vt 0.119185 0.304185
vt 0.010000 0.250000
vt 0.060092 0.250000
vt 0.014567 0.272961
vt 0.108407 0.250000
vt 0.167155 0.284316
vt 0.160329 0.250000
vt 0.108407 0.250000
vt 0.059434 0.230639
vt 0.060010 0.212209
vt 0.090653 0.218304
vt 0.102087 0.232060
vt 0.066531 0.194961
vt 0.106481 0.209970
vt 0.060010 0.212209
vt 0.141219 0.228362
vt 0.102087 0.232060
vt 0.106481 0.209970
vt 0.014567 0.227039
vt 0.060092 0.250000
vt 0.019134 0.204078
vt 0.028269 0.158156
vt 0.074548 0.177325
vt 0.023702 0.181117
vt 0.119185 0.195815
vt 0.019134 0.204078
vt 0.160329 0.250000
vt 0.167155 0.215684
vt 0.119185 0.195815
vt 0.081349 0.159187
vt 0.088934 0.142379
vt 0.114912 0.159737
vt 0.120212 0.176822
vt 0.101560 0.128940
vt 0.132725 0.158095
vt 0.088934 0.142379
vt 0.157780 0.188380
vt 0.120212 0.176822
vt 0.132725 0.158095
vt 0.041275 0.138691
vt 0.074548 0.177325
vt 0.054282 0.119225
vt 0.080294 0.080294
vt 0.115715 0.115715
vt 0.067288 0.099760
vt 0.149878 0.149878
vt 0.167155 0.215684
vt 0.186593 0.186593
vt 0.149879 0.149879
vt 0.128940 0.101560
vt 0.142379 0.088934
vt 0.159737 0.114912
vt 0.158095 0.132725
vt 0.159187 0.081349
vt 0.176822 0.120212
vt 0.142379 0.088934
vt 0.188380 0.157780
vt 0.176822 0.120212
vt 0.099760 0.067288
vt 0.115715 0.115715
vt 0.119225 0.054282
vt 0.149879 0.149878
vt 0.158156 0.028269
vt 0.177325 0.074548
vt 0.138691 0.041275
vt 0.195815 0.119185
vt 0.186593 0.186593
vt 0.215684 0.167155
vt 0.195815 0.119185
vt 0.194961 0.066531
vt 0.212209 0.060010
vt 0.218304 0.090653
vt 0.209970 0.106481
vt 0.230639 0.059434
vt 0.232060 0.102087
vt 0.212209 0.060010
vt 0.228362 0.141219
vt 0.232060 0.102087
vt 0.181117 0.023702
vt 0.177325 0.074548
vt 0.204078 0.019134
vt 0.250000 0.010000
vt 0.250000 0.060092
vt 0.227039 0.014567
vt 0.250000 0.108407
vt 0.204078 0.019134
vt 0.215684 0.167155
vt 0.250000 0.160329
vt 0.195815 0.119185
vt 0.250000 0.108407
vt 0.269361 0.059434
vt 0.287791 0.060010
vt 0.281696 0.090653
vt 0.267940 0.102087
vt 0.305039 0.066531
vt 0.290030 0.106481
vt 0.287791 0.060010
vt 0.271638 0.141219
vt 0.272961 0.014567
vt 0.250000 0.060092
vt 0.295922 0.019134
vt 0.341844 0.028269
vt 0.322675 0.074548
vt 0.318883 0.023702
vt 0.304185 0.119185
vt 0.284316 0.167155
vt 0.304185 0.119185
vt 0.340813 0.081349
vt 0.357621 0.088934
vt 0.340263 0.114912
vt 0.323178 0.120212
vt 0.371060 0.101560
vt 0.341905 0.132725
vt 0.357621 0.088934
vt 0.311620 0.157780
vt 0.341905 0.132725
vt 0.361309 0.041275
vt 0.322675 0.074548
vt 0.380775 0.054282
vt 0.304185 0.119185
vt 0.419706 0.080294
vt 0.384285 0.115715
vt 0.400240 0.067288
vt 0.350122 0.149878
vt 0.284316 0.167155
vt 0.313407 0.186593
vt 0.304185 0.119185
vt 0.350122 0.149879
vt 0.398440 0.128940
vt 0.411066 0.142379
vt 0.385088 0.159737
vt 0.367275 0.158095
vt 0.418651 0.159187
vt 0.379788 0.176822
vt 0.411066 0.142379
vt 0.342220 0.188380
vt 0.379788 0.176822
vt 0.432712 0.099760
vt 0.384285 0.115715
vt 0.445718 0.119225
vt 0.471731 0.158156
vt 0.425452 0.177325
vt 0.458725 0.138691
vt 0.380815 0.195815
vt 0.313407 0.186593
vt 0.332845 0.215684
vt 0.380815 0.195815
vt 0.433469 0.194961
vt 0.439990 0.212209
vt 0.409347 0.218304
vt 0.393519 0.209970
vt 0.440566 0.230639
vt 0.397913 0.232060
vt 0.439990 0.212209
vt 0.358781 0.228362
vt 0.393519 0.209970
vt 0.397913 0.232060
vt 0.476298 0.181117
vt 0.425452 0.177325
vt 0.480866 0.204078
vt 0.490000 0.250000
vt 0.439908 0.250000
vt 0.485433 0.227039
vt 0.391593 0.250000
vt 0.480866 0.204078
vt 0.332845 0.215684
vt 0.339671 0.250000
vt 0.380815 0.195815
vt 0.391593 0.250000
vt 0.440566 0.269361
vt 0.439990 0.287791
vt 0.409347 0.281696
vt 0.397913 0.267940
vt 0.433469 0.305039
vt 0.393519 0.290030
vt 0.439990 0.287791
vt 0.358781 0.271638
vt 0.397913 0.267940
vt 0.393519 0.290030
vt 0.485433 0.272961
vt 0.439908 0.250000
vt 0.480866 0.295922
vt 0.471731 0.341844
vt 0.425452 0.322675
vt 0.476298 0.318883
vt 0.380815 0.304185
vt 0.480866 0.295922
vt 0.332845 0.284316
vt 0.380815 0.304185
vt 0.418651 0.340813
vt 0.411066 0.357621
vt 0.385088 0.340263
vt 0.379788 0.323178
vt 0.398440 0.371060
vt 0.367275 0.341905
vt 0.411066 0.357621
vt 0.342220 0.311620
vt 0.379788 0.323178
vt 0.367275 0.341905
vt 0.458725 0.361309
vt 0.425452 0.322675
vt 0.445718 0.380775
vt 0.380815 0.304185
vt 0.419706 0.419706
vt 0.384285 0.384285
vt 0.432712 0.400240
vt 0.350122 0.350122
vt 0.332845 0.284316
vt 0.313407 0.313407
vt 0.371060 0.398440
vt 0.357621 0.411066
vt 0.340263 0.385088
vt 0.341905 0.367275
vt 0.340813 0.418651
vt 0.323178 0.379788
vt 0.311620 0.342220
vt 0.341905 0.367275
vt 0.400240 0.432712
vt 0.384285 0.384285
vt 0.380775 0.445718
vt 0.322675 0.425452
vt 0.361309 0.458725
vt 0.304185 0.380815
vt 0.313407 0.313407
vt 0.284316 0.332845
vt 0.789901 0.323877
vt 0.797413 0.320958
vt 0.790283 0.310287
vt 0.782733 0.307972
vt 0.802984 0.315136
vt 0.791033 0.302427
vt 0.797413 0.320958
vt 0.777783 0.291580
vt 0.791033 0.302427
vt 0.788356 0.342599
vt 0.797595 0.338784
vt 0.781666 0.326448
vt 0.806250 0.334183
vt 0.808511 0.308511
vt 0.813812 0.327949
vt 0.794659 0.294659
vt 0.806250 0.334183
vt 0.778619 0.278619
vt 0.774170 0.308350
vt 0.794659 0.294659
vt 0.815136 0.302984
vt 0.820958 0.297413
vt 0.810287 0.290283
vt 0.802427 0.291033
vt 0.823877 0.289901
vt 0.807972 0.282733
vt 0.820958 0.297413
vt 0.791580 0.277783
vt 0.802427 0.291033
vt 0.807972 0.282733
vt 0.820872 0.320872
vt 0.827949 0.313812
vt 0.808511 0.308511
vt 0.834184 0.306250
vt 0.794659 0.294659
vt 0.842599 0.288356
vt 0.826448 0.281666
vt 0.808350 0.274169
vt 0.834184 0.306250
vt 0.778619 0.278619
vt 0.787393 0.265489
vt 0.830453 0.274024
vt 0.833701 0.266649
vt 0.821114 0.264145
vt 0.814138 0.267846
vt 0.833523 0.258593
vt 0.816086 0.258057
vt 0.799046 0.259756
vt 0.814138 0.267847
vt 0.816086 0.258057
vt 0.846435 0.279125
vt 0.826448 0.281666
vt 0.832746 0.250000
vt 0.850240 0.259996
vt 0.813158 0.250000
vt 0.787393 0.265489
vt 0.790474 0.250000
vt 0.813158 0.250000
vt 0.833523 0.241407
vt 0.833701 0.233351
vt 0.821114 0.235855
vt 0.816086 0.241943
vt 0.830454 0.225976
vt 0.814138 0.232153
vt 0.799047 0.240244
vt 0.816086 0.241943
vt 0.814138 0.232153
vt 0.850228 0.250000
vt 0.850240 0.240004
vt 0.849301 0.230248
vt 0.813158 0.250000
vt 0.842599 0.211644
vt 0.826448 0.218334
vt 0.846435 0.220875
vt 0.808350 0.225831
vt 0.849301 0.230248
vt 0.790474 0.250000
vt 0.787393 0.234511
vt 0.823877 0.210099
vt 0.820958 0.202587
vt 0.810287 0.209717
vt 0.807972 0.217267
vt 0.815136 0.197016
vt 0.802427 0.208967
vt 0.791580 0.222217
vt 0.807972 0.217267
vt 0.802427 0.208967
vt 0.838784 0.202405
vt 0.834184 0.193750
vt 0.808350 0.225831
vt 0.820872 0.179128
vt 0.808511 0.191490
vt 0.827949 0.186188
vt 0.794659 0.205341
vt 0.834184 0.193750
vt 0.787393 0.234511
vt 0.778619 0.221381
vt 0.808350 0.225831
vt 0.794659 0.205341
vt 0.802984 0.184865
vt 0.797413 0.179042
vt 0.790283 0.189713
vt 0.791033 0.197573
vt 0.789901 0.176123
vt 0.782733 0.192028
vt 0.797413 0.179042
vt 0.777783 0.208420
vt 0.791033 0.197573
vt 0.813812 0.172052
vt 0.808511 0.191490
vt 0.806250 0.165817
vt 0.788356 0.157401
vt 0.781666 0.173552
vt 0.797595 0.161216
vt 0.774169 0.191650
vt 0.806250 0.165817
vt 0.778619 0.221381
vt 0.765489 0.212607
vt 0.774170 0.191650
vt 0.774025 0.169547
vt 0.766649 0.166299
vt 0.764145 0.178886
vt 0.767847 0.185862
vt 0.758593 0.166477
vt 0.758057 0.183914
vt 0.766649 0.166299
vt 0.759756 0.200953
vt 0.758057 0.183914
vt 0.788356 0.157401
vt 0.779125 0.153565
vt 0.781666 0.173552
vt 0.769752 0.150699
vt 0.750000 0.149772
vt 0.750000 0.167254
vt 0.750000 0.186842
vt 0.769752 0.150699
vt 0.765489 0.212607
vt 0.750000 0.209526
vt 0.750000 0.186842
vt 0.741408 0.166477
vt 0.733351 0.166299
vt 0.735855 0.178886
vt 0.741943 0.183914
vt 0.725976 0.169547
vt 0.732154 0.185862
vt 0.740244 0.200953
vt 0.741943 0.183914
vt 0.740004 0.149760
vt 0.750000 0.167254
vt 0.730248 0.150699
vt 0.711645 0.157401
vt 0.718334 0.173552
vt 0.720875 0.153565
vt 0.725831 0.191650
vt 0.730248 0.150699
vt 0.750000 0.209526
vt 0.734511 0.212607
vt 0.750000 0.186842
vt 0.725831 0.191650
vt 0.710099 0.176123
vt 0.702587 0.179042
vt 0.709717 0.189713
vt 0.717267 0.192028
vt 0.697016 0.184864
vt 0.708967 0.197573
vt 0.702587 0.179042
vt 0.722217 0.208420
vt 0.717267 0.192028
vt 0.708967 0.197573
vt 0.711644 0.157401
vt 0.702405 0.161216
vt 0.718334 0.173552
vt 0.693750 0.165817
vt 0.679128 0.179128
vt 0.691490 0.191490
vt 0.686188 0.172052
vt 0.705341 0.205341
vt 0.734511 0.212607
vt 0.721381 0.221381
vt 0.725830 0.191650
vt 0.705341 0.205341
vt 0.684865 0.197016
vt 0.679042 0.202587
vt 0.689713 0.209717
vt 0.697573 0.208967
vt 0.676123 0.210099
vt 0.692028 0.217267
vt 0.679042 0.202587
vt 0.708420 0.222217
vt 0.697573 0.208967
vt 0.692028 0.217267
vt 0.672051 0.186188
vt 0.691489 0.191490
vt 0.665816 0.193750
vt 0.705341 0.205341
vt 0.657402 0.211644
vt 0.673552 0.218334
vt 0.661216 0.202405
vt 0.691650 0.225831
vt 0.665817 0.193750
vt 0.721381 0.221381
vt 0.712607 0.234511
vt 0.705341 0.205341
vt 0.691650 0.225831
vt 0.669547 0.225976
vt 0.666299 0.233351
vt 0.678886 0.235855
vt 0.685862 0.232154
vt 0.666477 0.241408
vt 0.683914 0.241943
vt 0.666299 0.233351
vt 0.700953 0.240244
vt 0.685862 0.232154
vt 0.683914 0.241943
vt 0.657402 0.211644
vt 0.653565 0.220875
vt 0.673552 0.218334
vt 0.650699 0.230248
vt 0.691650 0.225831
vt 0.649772 0.250000
vt 0.667254 0.250000
vt 0.649760 0.240004
vt 0.686842 0.250000
vt 0.712607 0.234511
vt 0.709526 0.250000
vt 0.691650 0.225831
vt 0.666477 0.258593
vt 0.666299 0.266649
vt 0.678886 0.264145
vt 0.683914 0.258057
vt 0.669547 0.274024
vt 0.685862 0.267847
vt 0.700954 0.259756
vt 0.649760 0.259996
vt 0.667254 0.250000
vt 0.650699 0.269752
vt 0.686842 0.250000
vt 0.657402 0.288356
vt 0.673552 0.281666
vt 0.653565 0.279125
vt 0.691650 0.274170
vt 0.650699 0.269752
vt 0.712607 0.265489
vt 0.691650 0.274169
vt 0.676123 0.289901
vt 0.679042 0.297413
vt 0.689713 0.290283
vt 0.692028 0.282733
vt 0.684865 0.302984
vt 0.697573 0.291033
vt 0.708420 0.277783
vt 0.697573 0.291033
vt 0.657402 0.288356
vt 0.661216 0.297595
vt 0.673552 0.281666
vt 0.691650 0.274169
vt 0.679128 0.320872
vt 0.691489 0.308511
vt 0.672052 0.313812
vt 0.705341 0.294659
vt 0.712607 0.265489
vt 0.721381 0.278619
vt 0.705341 0.294659
vt 0.697016 0.315136
vt 0.702587 0.320958
vt 0.709717 0.310287
vt 0.708967 0.302427
vt 0.710099 0.323877
vt 0.717267 0.307972
vt 0.702587 0.320958
vt 0.722217 0.291580
vt 0.708967 0.302427
vt 0.679128 0.320872
vt 0.686188 0.327949
vt 0.691490 0.308511
vt 0.693750 0.334183
vt 0.705341 0.294659
vt 0.711644 0.342599
vt 0.718334 0.326448
vt 0.702405 0.338784
vt 0.725831 0.308350
vt 0.693750 0.334183
vt 0.721381 0.278619
vt 0.734511 0.287393
vt 0.725830 0.308350
vt 0.725976 0.330453
vt 0.733351 0.333701
vt 0.735855 0.321114
vt 0.732153 0.314139
vt 0.741408 0.333523
vt 0.741943 0.316086
vt 0.733351 0.333701
vt 0.740244 0.299047
vt 0.732153 0.314139
vt 0.741943 0.316086
vt 0.720875 0.346435
vt 0.718334 0.326448
vt 0.730248 0.349301
vt 0.725831 0.308350
vt 0.750000 0.350228
vt 0.750000 0.332746
vt 0.740004 0.350240
vt 0.750000 0.313158
vt 0.730248 0.349301
vt 0.734511 0.287393
vt 0.725831 0.308350
vt 0.750000 0.313158
vt 0.437500 0.062351
vt 0.500000 0.062283
vt 0.500000 0.123264
vt 0.437500 0.123806
vt 0.562500 0.062351
vt 0.562500 0.123806
vt 0.500000 0.181207
vt 0.437500 0.182983
vt 0.562500 0.182983
vt 0.562500 0.235677
vt 0.500000 0.232639
vt 0.437500 0.235677
vt 0.281399 0.562500
vt 0.313694 0.562500
vt 0.314236 0.625000
vt 0.281467 0.625000
vt 0.348267 0.562609
vt 0.350043 0.625000
vt 0.313694 0.687500
vt 0.281399 0.687500
vt 0.348267 0.687392
vt 0.250000 0.500000
vt 0.281250 0.500000
vt 0.250000 0.562500
vt 0.389350 0.563748
vt 0.392361 0.625000
vt 0.389350 0.686252
vt 0.343750 0.750000
vt 0.281250 0.750000
vt 0.250000 0.687500
vt 0.250000 0.750000
vt 0.250000 0.625000
vt 0.718601 0.687500
vt 0.686306 0.687500
vt 0.685764 0.625000
vt 0.718533 0.625000
vt 0.651733 0.687392
vt 0.649957 0.625000
vt 0.686306 0.562500
vt 0.718601 0.562500
vt 0.651733 0.562609
vt 0.750000 0.750000
vt 0.718750 0.750000
vt 0.750000 0.687500
vt 0.656250 0.750000
vt 0.610650 0.686252
vt 0.607639 0.625000
vt 0.610650 0.563748
vt 0.656250 0.500000
vt 0.718750 0.500000
vt 0.750000 0.562500
vt 0.750000 0.500000
vt 0.750000 0.625000
vt 0.562500 0.843601
vt 0.500000 0.843533
vt 0.500000 0.810764
vt 0.562500 0.811306
vt 0.437500 0.843601
vt 0.437500 0.811307
vt 0.500000 0.774957
vt 0.562392 0.776733
vt 0.437609 0.776733
vt 0.625000 0.875000
vt 0.625000 0.843750
vt 0.375000 0.875000
vt 0.375000 0.843750
vt 0.375000 0.781250
vt 0.438748 0.735650
vt 0.500000 0.732639
vt 0.561252 0.735650
vt 0.625000 0.781250
vt 0.441976 0.566976
vt 0.500000 0.568576
vt 0.443576 0.625000
vt 0.558024 0.566976
vt 0.556424 0.625000
vt 0.500000 0.681424
vt 0.441976 0.683024
vt 0.558024 0.683024
vt 0.438748 0.514350
vt 0.500000 0.517361
vt 0.561252 0.514350
vt 0.610650 0.563748
vt 0.607639 0.625000
vt 0.610650 0.686252
vt 0.561252 0.735650
vt 0.500000 0.732639
vt 0.438748 0.735650
vt 0.562500 0.406399
vt 0.562500 0.438694
vt 0.500000 0.439236
vt 0.500000 0.406467
vt 0.562392 0.473267
vt 0.500000 0.475043
vt 0.437500 0.438694
vt 0.437500 0.406399
vt 0.437609 0.473267
vt 0.625000 0.375000
vt 0.625000 0.406250
vt 0.562500 0.375000
vt 0.625000 0.468750
vt 0.561252 0.514350
vt 0.500000 0.517361
vt 0.375000 0.468750
vt 0.375000 0.406250
vt 0.437500 0.375000
vt 0.375000 0.375000
vt 0.500000 0.375000
vt 0.562500 0.276733
vt 0.562500 0.311306
vt 0.500000 0.310764
vt 0.500000 0.274957
vt 0.562500 0.343601
vt 0.500000 0.343533
vt 0.437500 0.311306
vt 0.437500 0.276733
vt 0.437500 0.343601
vt 0.625000 0.281250
vt 0.562500 0.235677
vt 0.625000 0.312500
vt 0.625000 0.343750
vt 0.375000 0.343750
vt 0.375000 0.312500
vt 0.375000 0.281250
vt 0.437500 0.235677
vt 0.500000 0.232639
vt 0.562500 0.968750
vt 0.500000 0.968750
vt 0.500000 0.937500
vt 0.437500 0.968750
vt 0.437500 0.937500
vt 0.500000 0.906250
vt 0.562500 0.906250
vt 0.437500 0.906250
vt 0.625000 0.968750
vt 0.375000 0.968750
vt 0.375000 0.906250
vt 0.625000 0.906250
vt 0.843750 0.687500
vt 0.812500 0.625000
vt 0.843750 0.625000
vt 0.781250 0.687500
vt 0.781250 0.625000
vt 0.812500 0.562500
vt 0.843750 0.562500
vt 0.781250 0.562500
vt 0.843750 0.750000
vt 0.781250 0.750000
vt 0.781250 0.500000
vt 0.875000 0.625000
vt 0.156250 0.562500
vt 0.187500 0.562500
vt 0.187500 0.625000
vt 0.156250 0.625000
vt 0.218750 0.562500
vt 0.218750 0.625000
vt 0.187500 0.687500
vt 0.156250 0.687500
vt 0.187500 0.500000
vt 0.218750 0.750000
vt 0.187500 0.750000
vt 0.156250 0.750000
vt 0.437500 0.062500
vt 0.500000 0.062500
vt 0.437500 0.125000
vt 0.562500 0.062500
vt 0.500000 0.187500
vt 0.437500 0.187500
vt 0.562500 0.187500
vt 0.562500 0.250000
vt 0.437500 0.250000
vt 0.437500 0.312202
vt 0.500000 0.312066
vt 0.500000 0.371528
vt 0.437500 0.372613
vt 0.562500 0.312202
vt 0.562500 0.372613
vt 0.500000 0.425130
vt 0.437717 0.428711
vt 0.562283 0.428711
vt 0.560059 0.474013
vt 0.500000 0.467014
vt 0.439941 0.474013
vt 0.553235 0.748797
vt 0.500000 0.756776
vt 0.500000 0.739969
vt 0.546103 0.732350
vt 0.446765 0.748797
vt 0.453897 0.732350
vt 0.500000 0.723983
vt 0.540077 0.717326
vt 0.459923 0.717326
vt 0.560059 0.775987
vt 0.597970 0.722970
vt 0.500000 0.782986
vt 0.439941 0.775987
vt 0.402030 0.722970
vt 0.415895 0.709105
vt 0.427395 0.697605
vt 0.437500 0.687500
vt 0.462919 0.696617
vt 0.500000 0.701196
vt 0.537081 0.696617
vt 0.572605 0.697605
vt 0.562500 0.687500
vt 0.584105 0.709105
vt 0.437717 0.821289
vt 0.500000 0.824870
vt 0.500000 0.878472
vt 0.437500 0.877387
vt 0.562283 0.821289
vt 0.562500 0.877387
vt 0.500000 0.937934
vt 0.437500 0.937799
vt 0.562500 0.937798
vt 0.439941 0.775988
vt 0.500000 0.782986
vt 0.187202 0.562500
vt 0.247613 0.562500
vt 0.246528 0.625000
vt 0.187066 0.625000
vt 0.303711 0.562717
vt 0.300130 0.625000
vt 0.247613 0.687500
vt 0.187202 0.687500
vt 0.303711 0.687283
vt 0.349013 0.564941
vt 0.342014 0.625000
vt 0.349013 0.685059
vt 0.696289 0.562717
vt 0.752387 0.562500
vt 0.753472 0.625000
vt 0.699870 0.625000
vt 0.812798 0.562500
vt 0.812934 0.625000
vt 0.752387 0.687500
vt 0.696289 0.687283
vt 0.812798 0.687500
vt 0.650987 0.564941
vt 0.650987 0.685059
vt 0.657986 0.625000
vt 0.460480 0.585480
vt 0.500000 0.583357
vt 0.458357 0.625000
vt 0.539520 0.585480
vt 0.541643 0.625000
vt 0.500000 0.666643
vt 0.460480 0.664520
vt 0.539520 0.664520
vt 0.437500 0.562500
vt 0.462919 0.553383
vt 0.428383 0.587919
vt 0.500000 0.548804
vt 0.537081 0.553383
vt 0.571617 0.587919
vt 0.576196 0.625000
vt 0.571617 0.662081
vt 0.537081 0.696617
vt 0.462919 0.696617
vt 0.428383 0.662081
vt 0.423804 0.625000
vt 0.376203 0.678235
vt 0.368224 0.625000
vt 0.385031 0.625000
vt 0.392651 0.671103
vt 0.376203 0.571765
vt 0.392651 0.578897
vt 0.401018 0.625000
vt 0.407674 0.665077
vt 0.407674 0.584923
vt 0.349013 0.685059
vt 0.342014 0.625000
vt 0.349013 0.564941
vt 0.402030 0.527030
vt 0.415895 0.540895
vt 0.427395 0.552395
vt 0.423804 0.625000
vt 0.428383 0.662081
vt 0.623797 0.571765
vt 0.631776 0.625000
vt 0.614969 0.625000
vt 0.607350 0.578897
vt 0.623797 0.678235
vt 0.607350 0.671103
vt 0.598983 0.625000
vt 0.592326 0.584923
vt 0.592326 0.665077
vt 0.650988 0.564941
vt 0.597970 0.527030
vt 0.657986 0.625000
vt 0.650987 0.685059
vt 0.576196 0.625000
vt 0.571617 0.587919
vt 0.572605 0.552395
vt 0.584105 0.540895
vt 0.446765 0.501203
vt 0.500000 0.493224
vt 0.500000 0.510031
vt 0.453897 0.517651
vt 0.553235 0.501203
vt 0.546103 0.517650
vt 0.500000 0.526018
vt 0.459923 0.532674
vt 0.540077 0.532674
s 1
usemtl Bread_2.001
f 1931/1/1931 1932/2/1932 1935/3/1935 1934/4/1934
f 1932/2/1932 1933/5/1933 1936/6/1936 1935/3/1935
f 1934/4/1934 1935/3/1935 1938/7/1938 1937/8/1937
f 1935/3/1935 1936/6/1936 1939/9/1939 1938/7/1938
f 1/10/1 289/11/289 1931/1/1931 290/12/290
f 289/11/289 288/13/288 1932/2/1932 1931/1/1931
f 288/13/288 287/14/287 1933/5/1933 1932/2/1932
f 287/14/287 3/15/3 298/16/298 1933/5/1933
f 1933/5/1933 298/16/298 297/17/297 1936/6/1936
f 1936/6/1936 297/17/297 296/18/296 1939/9/1939
f 1939/9/1939 296/18/296 4/19/4 295/20/295
f 1938/7/1938 1939/9/1939 295/20/295 294/21/294
f 1937/8/1937 1938/7/1938 294/21/294 293/22/293
f 292/23/292 1937/8/1937 293/22/293 2/24/2
f 291/25/291 1934/4/1934 1937/8/1937 292/23/292
f 290/12/290 1931/1/1931 1934/4/1934 291/25/291
f 1940/26/1940 1941/27/1941 1944/28/1944 1943/29/1943
f 1941/27/1941 1942/30/1942 1945/31/1945 1944/28/1944
f 1943/29/1943 1944/28/1944 1947/32/1947 1946/33/1946
f 1944/28/1944 1945/31/1945 1948/34/1948 1947/32/1947
f 3/15/3 301/35/301 1940/26/1940 298/16/298
f 301/35/301 300/36/300 1941/27/1941 1940/26/1940
f 300/36/300 299/37/299 1942/30/1942 1941/27/1941
f 299/37/299 7/38/7 307/39/307 1942/30/1942
f 1942/30/1942 307/39/307 306/40/306 1945/31/1945
f 1945/31/1945 306/40/306 305/41/305 1948/34/1948
f 1948/34/1948 305/41/305 8/42/8 304/43/304
f 1947/32/1947 1948/34/1948 304/43/304 303/44/303
f 1946/33/1946 1947/32/1947 303/44/303 302/45/302
f 296/18/296 1946/33/1946 302/45/302 4/19/4
f 297/17/297 1943/29/1943 1946/33/1946 296/18/296
f 298/16/298 1940/26/1940 1943/29/1943 297/17/297
f 1949/46/1949 1950/47/1950 1953/48/1953 1952/49/1952
f 1950/47/1950 1951/50/1951 1954/49/1954 1953/48/1953
f 1952/49/1952 1953/48/1953 1956/51/1956 1955/52/1955
f 1953/48/1953 1954/49/1954 1957/52/1957 1956/51/1956
f 6/53/6 340/54/340 1949/46/1949 314/55/314
f 340/54/340 339/56/339 1950/47/1950 1949/46/1949
f 339/56/339 338/57/338 1951/50/1951 1950/47/1950
f 338/57/338 10/53/10 332/55/332 1951/50/1951
f 1951/50/1951 332/55/332 333/58/333 1954/49/1954
f 1954/49/1954 333/58/333 334/59/334 1957/52/1957
f 1957/52/1957 334/59/334 9/60/9 337/61/337
f 1956/51/1956 1957/52/1957 337/61/337 336/62/336
f 1955/52/1955 1956/51/1956 336/62/336 335/63/335
f 316/59/316 1955/52/1955 335/63/335 5/60/5
f 315/58/315 1952/49/1952 1955/52/1955 316/59/316
f 314/55/314 1949/46/1949 1952/49/1952 315/58/315
f 1958/64/1958 1959/65/1959 1962/66/1962 1961/67/1961
f 1959/65/1959 1960/68/1960 1963/69/1963 1962/66/1962
f 1961/67/1961 1962/66/1962 1965/70/1965 1964/71/1964
f 1962/66/1962 1963/69/1963 1966/72/1966 1965/70/1965
f 5/73/5 319/74/319 1958/64/1958 316/59/316
f 319/74/319 318/75/318 1959/65/1959 1958/64/1958
f 318/75/318 317/76/317 1960/68/1960 1959/65/1959
f 317/76/317 1/77/1 290/78/290 1960/68/1960
f 1960/68/1960 290/78/290 291/79/291 1963/69/1963
f 1963/69/1963 291/79/291 292/80/292 1966/72/1966
f 1966/72/1966 292/80/292 2/81/2 322/82/322
f 1965/70/1965 1966/72/1966 322/82/322 321/83/321
f 1964/71/1964 1965/70/1965 321/83/321 320/84/320
f 314/55/314 1964/71/1964 320/84/320 6/85/6
f 315/58/315 1961/67/1961 1964/71/1964 314/55/314
f 316/59/316 1958/64/1958 1961/67/1961 315/58/315
f 1967/86/1967 1968/87/1968 1971/88/1971 1970/89/1970
f 1968/87/1968 1969/90/1969 1972/91/1972 1971/88/1971
f 1970/89/1970 1971/88/1971 1974/92/1974 1973/93/1973
f 1971/88/1971 1972/91/1972 1975/94/1975 1974/92/1974
f 3/95/3 287/96/287 1967/86/1967 301/97/301
f 287/96/287 288/98/288 1968/87/1968 1967/86/1967
f 288/98/288 289/99/289 1969/90/1969 1968/87/1968
f 289/99/289 1/100/1 317/101/317 1969/90/1969
f 1969/90/1969 317/101/317 318/102/318 1972/91/1972
f 1972/91/1972 318/102/318 319/103/319 1975/94/1975
f 1975/94/1975 319/103/319 5/73/5 308/104/308
f 1974/92/1974 1975/94/1975 308/104/308 309/105/309
f 1973/93/1973 1974/92/1974 309/105/309 310/106/310
f 299/107/299 1973/93/1973 310/106/310 7/38/7
f 300/108/300 1970/89/1970 1973/93/1973 299/107/299
f 301/97/301 1967/86/1967 1970/89/1970 300/108/300
f 1976/109/1976 1977/110/1977 1980/111/1980 1979/112/1979
f 1977/110/1977 1978/113/1978 1981/114/1981 1980/111/1980
f 1979/112/1979 1980/111/1980 1983/115/1983 1982/116/1982
f 1980/111/1980 1981/114/1981 1984/117/1984 1983/115/1983
f 8/42/8 311/118/311 1976/109/1976 304/119/304
f 311/118/311 312/120/312 1977/110/1977 1976/109/1976
f 312/120/312 313/121/313 1978/113/1978 1977/110/1977
f 313/121/313 6/85/6 320/122/320 1978/113/1978
f 1978/113/1978 320/122/320 321/123/321 1981/114/1981
f 1981/114/1981 321/123/321 322/124/322 1984/117/1984
f 1984/117/1984 322/124/322 2/125/2 293/126/293
f 1983/115/1983 1984/117/1984 293/126/293 294/127/294
f 1982/116/1982 1983/115/1983 294/127/294 295/128/295
f 302/129/302 1982/116/1982 295/128/295 4/130/4
f 303/131/303 1979/112/1979 1982/116/1982 302/129/302
f 304/119/304 1976/109/1976 1979/112/1979 303/131/303
f 1985/132/1985 1986/133/1986 1989/134/1989 1988/135/1988
f 1986/133/1986 1987/136/1987 1990/137/1990 1989/134/1989
f 1988/135/1988 1989/134/1989 1992/138/1992 1991/139/1991
f 1989/134/1989 1990/137/1990 1993/140/1993 1992/138/1992
f 11/38/11 328/106/328 1985/132/1985 325/39/325
f 328/106/328 327/105/327 1986/133/1986 1985/132/1985
f 327/105/327 326/104/326 1987/136/1987 1986/133/1986
f 326/104/326 9/73/9 334/59/334 1987/136/1987
f 1987/136/1987 334/59/334 333/58/333 1990/137/1990
f 1990/137/1990 333/58/333 332/55/332 1993/140/1993
f 1993/140/1993 332/55/332 10/85/10 331/121/331
f 1992/138/1992 1993/140/1993 331/121/331 330/120/330
f 1991/139/1991 1992/138/1992 330/120/330 329/118/329
f 323/41/323 1991/139/1991 329/118/329 12/42/12
f 324/40/324 1988/135/1988 1991/139/1991 323/41/323
f 325/39/325 1985/132/1985 1988/135/1988 324/40/324
f 1994/141/1994 1995/142/1995 1998/143/1998 1997/144/1997
f 1995/142/1995 1996/141/1996 1999/145/1999 1998/143/1998
f 1997/144/1997 1998/143/1998 2001/146/2001 2000/147/2000
f 1998/143/1998 1999/145/1999 2002/148/2002 2001/146/2001
f 5/60/5 335/63/335 1994/141/1994 308/104/308
f 335/63/335 336/62/336 1995/142/1995 1994/141/1994
f 336/62/336 337/61/337 1996/141/1996 1995/142/1995
f 337/61/337 9/60/9 326/104/326 1996/141/1996
f 1996/141/1996 326/104/326 327/149/327 1999/145/1999
f 1999/145/1999 327/149/327 328/106/328 2002/148/2002
f 2002/148/2002 328/106/328 11/150/11 343/151/343
f 2001/146/2001 2002/148/2002 343/151/343 342/152/342
f 2000/147/2000 2001/146/2001 342/152/342 341/151/341
f 310/106/310 2000/147/2000 341/151/341 7/150/7
f 309/149/309 1997/144/1997 2000/147/2000 310/106/310
f 308/104/308 1994/141/1994 1997/144/1997 309/149/309
f 2003/153/2003 2004/154/2004 2007/155/2007 2006/156/2006
f 2004/154/2004 2005/157/2005 2008/158/2008 2007/155/2007
f 2006/156/2006 2007/155/2007 2010/159/2010 2009/160/2009
f 2007/155/2007 2008/158/2008 2011/160/2011 2010/159/2010
f 8/161/8 346/162/346 2003/153/2003 311/118/311
f 346/162/346 345/163/345 2004/154/2004 2003/153/2003
f 345/163/345 344/164/344 2005/157/2005 2004/154/2004
f 344/164/344 12/161/12 329/118/329 2005/157/2005
f 2005/157/2005 329/118/329 330/120/330 2008/158/2008
f 2008/158/2008 330/120/330 331/121/331 2011/160/2011
f 2011/160/2011 331/121/331 10/53/10 338/57/338
f 2010/159/2010 2011/160/2011 338/57/338 339/56/339
f 2009/160/2009 2010/159/2010 339/56/339 340/54/340
f 313/121/313 2009/160/2009 340/54/340 6/53/6
f 312/120/312 2006/156/2006 2009/160/2009 313/121/313
f 311/118/311 2003/153/2003 2006/156/2006 312/120/312
f 2012/165/2012 2013/166/2013 2016/167/2016 2015/168/2015
f 2013/166/2013 2014/169/2014 2017/170/2017 2016/167/2016
f 2015/168/2015 2016/167/2016 2019/171/2019 2018/172/2018
f 2016/167/2016 2017/170/2017 2020/173/2020 2019/171/2019
f 7/150/7 341/151/341 2012/165/2012 307/39/307
f 341/151/341 342/152/342 2013/166/2013 2012/165/2012
f 342/152/342 343/151/343 2014/169/2014 2013/166/2013
f 343/151/343 11/150/11 325/39/325 2014/169/2014
f 2014/169/2014 325/39/325 324/40/324 2017/170/2017
f 2017/170/2017 324/40/324 323/41/323 2020/173/2020
f 2020/173/2020 323/41/323 12/161/12 344/164/344
f 2019/171/2019 2020/173/2020 344/164/344 345/163/345
f 2018/172/2018 2019/171/2019 345/163/345 346/162/346
f 305/41/305 2018/172/2018 346/162/346 8/161/8
f 306/40/306 2015/168/2015 2018/172/2018 305/41/305
f 307/39/307 2012/165/2012 2015/168/2015 306/40/306
f 2021/1/2021 2022/2/2022 2025/3/2025 2024/4/2024
f 2022/2/2022 2023/5/2023 2026/6/2026 2025/3/2025
f 2024/4/2024 2025/3/2025 2028/7/2028 2027/8/2027
f 2025/3/2025 2026/6/2026 2029/9/2029 2028/7/2028
f 13/10/13 349/11/349 2021/1/2021 350/12/350
f 349/11/349 348/13/348 2022/2/2022 2021/1/2021
f 348/13/348 347/14/347 2023/5/2023 2022/2/2022
f 347/14/347 15/15/15 358/16/358 2023/5/2023
f 2023/5/2023 358/16/358 357/17/357 2026/6/2026
f 2026/6/2026 357/17/357 356/18/356 2029/9/2029
f 2029/9/2029 356/18/356 16/19/16 355/20/355
f 2028/7/2028 2029/9/2029 355/20/355 354/21/354
f 2027/8/2027 2028/7/2028 354/21/354 353/22/353
f 352/23/352 2027/8/2027 353/22/353 14/24/14
f 351/25/351 2024/4/2024 2027/8/2027 352/23/352
f 350/12/350 2021/1/2021 2024/4/2024 351/25/351
f 2030/26/2030 2031/27/2031 2034/28/2034 2033/29/2033
f 2031/27/2031 2032/30/2032 2035/31/2035 2034/28/2034
f 2033/29/2033 2034/28/2034 2037/32/2037 2036/33/2036
f 2034/28/2034 2035/31/2035 2038/34/2038 2037/32/2037
f 15/15/15 361/35/361 2030/26/2030 358/16/358
f 361/35/361 360/36/360 2031/27/2031 2030/26/2030
f 360/36/360 359/37/359 2032/30/2032 2031/27/2031
f 359/37/359 19/38/19 367/39/367 2032/30/2032
f 2032/30/2032 367/39/367 366/40/366 2035/31/2035
f 2035/31/2035 366/40/366 365/41/365 2038/34/2038
f 2038/34/2038 365/41/365 20/42/20 364/43/364
f 2037/32/2037 2038/34/2038 364/43/364 363/44/363
f 2036/33/2036 2037/32/2037 363/44/363 362/45/362
f 356/18/356 2036/33/2036 362/45/362 16/19/16
f 357/17/357 2033/29/2033 2036/33/2036 356/18/356
f 358/16/358 2030/26/2030 2033/29/2033 357/17/357
f 2039/46/2039 2040/47/2040 2043/48/2043 2042/49/2042
f 2040/47/2040 2041/50/2041 2044/49/2044 2043/48/2043
f 2042/49/2042 2043/48/2043 2046/51/2046 2045/52/2045
f 2043/48/2043 2044/49/2044 2047/52/2047 2046/51/2046
f 18/53/18 400/54/400 2039/46/2039 374/55/374
f 400/54/400 399/56/399 2040/47/2040 2039/46/2039
f 399/56/399 398/57/398 2041/50/2041 2040/47/2040
f 398/57/398 22/53/22 392/55/392 2041/50/2041
f 2041/50/2041 392/55/392 393/58/393 2044/49/2044
f 2044/49/2044 393/58/393 394/59/394 2047/52/2047
f 2047/52/2047 394/59/394 21/60/21 397/61/397
f 2046/51/2046 2047/52/2047 397/61/397 396/62/396
f 2045/52/2045 2046/51/2046 396/62/396 395/63/395
f 376/59/376 2045/52/2045 395/63/395 17/60/17
f 375/58/375 2042/49/2042 2045/52/2045 376/59/376
f 374/55/374 2039/46/2039 2042/49/2042 375/58/375
f 2048/64/2048 2049/65/2049 2052/66/2052 2051/67/2051
f 2049/65/2049 2050/68/2050 2053/69/2053 2052/66/2052
f 2051/67/2051 2052/66/2052 2055/70/2055 2054/71/2054
f 2052/66/2052 2053/69/2053 2056/72/2056 2055/70/2055
f 17/73/17 379/74/379 2048/64/2048 376/59/376
f 379/74/379 378/75/378 2049/65/2049 2048/64/2048
f 378/75/378 377/76/377 2050/68/2050 2049/65/2049
f 377/76/377 13/77/13 350/78/350 2050/68/2050
f 2050/68/2050 350/78/350 351/79/351 2053/69/2053
f 2053/69/2053 351/79/351 352/80/352 2056/72/2056
f 2056/72/2056 352/80/352 14/81/14 382/82/382
f 2055/70/2055 2056/72/2056 382/82/382 381/83/381
f 2054/71/2054 2055/70/2055 381/83/381 380/84/380
f 374/55/374 2054/71/2054 380/84/380 18/85/18
f 375/58/375 2051/67/2051 2054/71/2054 374/55/374
f 376/59/376 2048/64/2048 2051/67/2051 375/58/375
f 2057/86/2057 2058/87/2058 2061/88/2061 2060/89/2060
f 2058/87/2058 2059/90/2059 2062/91/2062 2061/88/2061
f 2060/89/2060 2061/88/2061 2064/92/2064 2063/93/2063
f 2061/88/2061 2062/91/2062 2065/94/2065 2064/92/2064
f 15/95/15 347/96/347 2057/86/2057 361/97/361
f 347/96/347 348/98/348 2058/87/2058 2057/86/2057
f 348/98/348 349/99/349 2059/90/2059 2058/87/2058
f 349/99/349 13/100/13 377/101/377 2059/90/2059
f 2059/90/2059 377/101/377 378/102/378 2062/91/2062
f 2062/91/2062 378/102/378 379/103/379 2065/94/2065
f 2065/94/2065 379/103/379 17/73/17 368/104/368
f 2064/92/2064 2065/94/2065 368/104/368 369/105/369
f 2063/93/2063 2064/92/2064 369/105/369 370/106/370
f 359/107/359 2063/93/2063 370/106/370 19/38/19
f 360/108/360 2060/89/2060 2063/93/2063 359/107/359
f 361/97/361 2057/86/2057 2060/89/2060 360/108/360
f 2066/109/2066 2067/110/2067 2070/111/2070 2069/112/2069
f 2067/110/2067 2068/113/2068 2071/114/2071 2070/111/2070
f 2069/112/2069 2070/111/2070 2073/115/2073 2072/116/2072
f 2070/111/2070 2071/114/2071 2074/117/2074 2073/115/2073
f 20/42/20 371/118/371 2066/109/2066 364/119/364
f 371/118/371 372/120/372 2067/110/2067 2066/109/2066
f 372/120/372 373/121/373 2068/113/2068 2067/110/2067
f 373/121/373 18/85/18 380/122/380 2068/113/2068
f 2068/113/2068 380/122/380 381/123/381 2071/114/2071
f 2071/114/2071 381/123/381 382/124/382 2074/117/2074
f 2074/117/2074 382/124/382 14/125/14 353/126/353
f 2073/115/2073 2074/117/2074 353/126/353 354/127/354
f 2072/116/2072 2073/115/2073 354/127/354 355/128/355
f 362/129/362 2072/116/2072 355/128/355 16/130/16
f 363/131/363 2069/112/2069 2072/116/2072 362/129/362
f 364/119/364 2066/109/2066 2069/112/2069 363/131/363
f 2075/132/2075 2076/133/2076 2079/134/2079 2078/135/2078
f 2076/133/2076 2077/136/2077 2080/137/2080 2079/134/2079
f 2078/135/2078 2079/134/2079 2082/138/2082 2081/139/2081
f 2079/134/2079 2080/137/2080 2083/140/2083 2082/138/2082
f 23/38/23 388/106/388 2075/132/2075 385/39/385
f 388/106/388 387/105/387 2076/133/2076 2075/132/2075
f 387/105/387 386/104/386 2077/136/2077 2076/133/2076
f 386/104/386 21/73/21 394/59/394 2077/136/2077
f 2077/136/2077 394/59/394 393/58/393 2080/137/2080
f 2080/137/2080 393/58/393 392/55/392 2083/140/2083
f 2083/140/2083 392/55/392 22/85/22 391/121/391
f 2082/138/2082 2083/140/2083 391/121/391 390/120/390
f 2081/139/2081 2082/138/2082 390/120/390 389/118/389
f 383/41/383 2081/139/2081 389/118/389 24/42/24
f 384/40/384 2078/135/2078 2081/139/2081 383/41/383
f 385/39/385 2075/132/2075 2078/135/2078 384/40/384
f 2084/141/2084 2085/142/2085 2088/143/2088 2087/144/2087
f 2085/142/2085 2086/141/2086 2089/145/2089 2088/143/2088
f 2087/144/2087 2088/143/2088 2091/146/2091 2090/147/2090
f 2088/143/2088 2089/145/2089 2092/148/2092 2091/146/2091
f 17/60/17 395/63/395 2084/141/2084 368/104/368
f 395/63/395 396/62/396 2085/142/2085 2084/141/2084
f 396/62/396 397/61/397 2086/141/2086 2085/142/2085
f 397/61/397 21/60/21 386/104/386 2086/141/2086
f 2086/141/2086 386/104/386 387/149/387 2089/145/2089
f 2089/145/2089 387/149/387 388/106/388 2092/148/2092
f 2092/148/2092 388/106/388 23/150/23 403/151/403
f 2091/146/2091 2092/148/2092 403/151/403 402/152/402
f 2090/147/2090 2091/146/2091 402/152/402 401/151/401
f 370/106/370 2090/147/2090 401/151/401 19/150/19
f 369/149/369 2087/144/2087 2090/147/2090 370/106/370
f 368/104/368 2084/141/2084 2087/144/2087 369/149/369
f 2093/153/2093 2094/154/2094 2097/155/2097 2096/156/2096
f 2094/154/2094 2095/157/2095 2098/158/2098 2097/155/2097
f 2096/156/2096 2097/155/2097 2100/159/2100 2099/160/2099
f 2097/155/2097 2098/158/2098 2101/160/2101 2100/159/2100
f 20/161/20 406/162/406 2093/153/2093 371/118/371
f 406/162/406 405/163/405 2094/154/2094 2093/153/2093
f 405/163/405 404/164/404 2095/157/2095 2094/154/2094
f 404/164/404 24/161/24 389/118/389 2095/157/2095
f 2095/157/2095 389/118/389 390/120/390 2098/158/2098
f 2098/158/2098 390/120/390 391/121/391 2101/160/2101
f 2101/160/2101 391/121/391 22/53/22 398/57/398
f 2100/159/2100 2101/160/2101 398/57/398 399/56/399
f 2099/160/2099 2100/159/2100 399/56/399 400/54/400
f 373/121/373 2099/160/2099 400/54/400 18/53/18
f 372/120/372 2096/156/2096 2099/160/2099 373/121/373
f 371/118/371 2093/153/2093 2096/156/2096 372/120/372
f 2102/165/2102 2103/166/2103 2106/167/2106 2105/168/2105
f 2103/166/2103 2104/169/2104 2107/170/2107 2106/167/2106
f 2105/168/2105 2106/167/2106 2109/171/2109 2108/172/2108
f 2106/167/2106 2107/170/2107 2110/173/2110 2109/171/2109
f 19/150/19 401/151/401 2102/165/2102 367/39/367
f 401/151/401 402/152/402 2103/166/2103 2102/165/2102
f 402/152/402 403/151/403 2104/169/2104 2103/166/2103
f 403/151/403 23/150/23 385/39/385 2104/169/2104
f 2104/169/2104 385/39/385 384/40/384 2107/170/2107
f 2107/170/2107 384/40/384 383/41/383 2110/173/2110
f 2110/173/2110 383/41/383 24/161/24 404/164/404
f 2109/171/2109 2110/173/2110 404/164/404 405/163/405
f 2108/172/2108 2109/171/2109 405/163/405 406/162/406
f 365/41/365 2108/172/2108 406/162/406 20/161/20
f 366/40/366 2105/168/2105 2108/172/2108 365/41/365
f 367/39/367 2102/165/2102 2105/168/2105 366/40/366
f 2111/1/2111 2112/2/2112 2115/3/2115 2114/4/2114
f 2112/2/2112 2113/5/2113 2116/6/2116 2115/3/2115
f 2114/4/2114 2115/3/2115 2118/7/2118 2117/8/2117
f 2115/3/2115 2116/6/2116 2119/9/2119 2118/7/2118
f 25/10/25 409/11/409 2111/1/2111 410/12/410
f 409/11/409 408/13/408 2112/2/2112 2111/1/2111
f 408/13/408 407/14/407 2113/5/2113 2112/2/2112
f 407/14/407 27/15/27 418/16/418 2113/5/2113
f 2113/5/2113 418/16/418 417/17/417 2116/6/2116
f 2116/6/2116 417/17/417 416/18/416 2119/9/2119
f 2119/9/2119 416/18/416 28/19/28 415/20/415
f 2118/7/2118 2119/9/2119 415/20/415 414/21/414
f 2117/8/2117 2118/7/2118 414/21/414 413/22/413
f 412/23/412 2117/8/2117 413/22/413 26/24/26
f 411/25/411 2114/4/2114 2117/8/2117 412/23/412
f 410/12/410 2111/1/2111 2114/4/2114 411/25/411
f 2120/26/2120 2121/27/2121 2124/28/2124 2123/29/2123
f 2121/27/2121 2122/30/2122 2125/31/2125 2124/28/2124
f 2123/29/2123 2124/28/2124 2127/32/2127 2126/33/2126
f 2124/28/2124 2125/31/2125 2128/34/2128 2127/32/2127
f 27/15/27 421/35/421 2120/26/2120 418/16/418
f 421/35/421 420/36/420 2121/27/2121 2120/26/2120
f 420/36/420 419/37/419 2122/30/2122 2121/27/2121
f 419/37/419 31/38/31 427/39/427 2122/30/2122
f 2122/30/2122 427/39/427 426/40/426 2125/31/2125
f 2125/31/2125 426/40/426 425/41/425 2128/34/2128
f 2128/34/2128 425/41/425 32/42/32 424/43/424
f 2127/32/2127 2128/34/2128 424/43/424 423/44/423
f 2126/33/2126 2127/32/2127 423/44/423 422/45/422
f 416/18/416 2126/33/2126 422/45/422 28/19/28
f 417/17/417 2123/29/2123 2126/33/2126 416/18/416
f 418/16/418 2120/26/2120 2123/29/2123 417/17/417
f 2129/46/2129 2130/47/2130 2133/48/2133 2132/49/2132
f 2130/47/2130 2131/50/2131 2134/49/2134 2133/48/2133
f 2132/49/2132 2133/48/2133 2136/51/2136 2135/52/2135
f 2133/48/2133 2134/49/2134 2137/52/2137 2136/51/2136
f 30/53/30 460/54/460 2129/46/2129 434/55/434
f 460/54/460 459/56/459 2130/47/2130 2129/46/2129
f 459/56/459 458/57/458 2131/50/2131 2130/47/2130
f 458/57/458 34/53/34 452/55/452 2131/50/2131
f 2131/50/2131 452/55/452 453/58/453 2134/49/2134
f 2134/49/2134 453/58/453 454/59/454 2137/52/2137
f 2137/52/2137 454/59/454 33/60/33 457/61/457
f 2136/51/2136 2137/52/2137 457/61/457 456/62/456
f 2135/52/2135 2136/51/2136 456/62/456 455/63/455
f 436/59/436 2135/52/2135 455/63/455 29/60/29
f 435/58/435 2132/49/2132 2135/52/2135 436/59/436
f 434/55/434 2129/46/2129 2132/49/2132 435/58/435
f 2138/64/2138 2139/65/2139 2142/66/2142 2141/67/2141
f 2139/65/2139 2140/68/2140 2143/69/2143 2142/66/2142
f 2141/67/2141 2142/66/2142 2145/70/2145 2144/71/2144
f 2142/66/2142 2143/69/2143 2146/72/2146 2145/70/2145
f 29/73/29 439/74/439 2138/64/2138 436/59/436
f 439/74/439 438/75/438 2139/65/2139 2138/64/2138
f 438/75/438 437/76/437 2140/68/2140 2139/65/2139
f 437/76/437 25/77/25 410/78/410 2140/68/2140
f 2140/68/2140 410/78/410 411/79/411 2143/69/2143
f 2143/69/2143 411/79/411 412/80/412 2146/72/2146
f 2146/72/2146 412/80/412 26/81/26 442/82/442
f 2145/70/2145 2146/72/2146 442/82/442 441/83/441
f 2144/71/2144 2145/70/2145 441/83/441 440/84/440
f 434/55/434 2144/71/2144 440/84/440 30/85/30
f 435/58/435 2141/67/2141 2144/71/2144 434/55/434
f 436/59/436 2138/64/2138 2141/67/2141 435/58/435
f 2147/86/2147 2148/87/2148 2151/88/2151 2150/89/2150
f 2148/87/2148 2149/90/2149 2152/91/2152 2151/88/2151
f 2150/89/2150 2151/88/2151 2154/92/2154 2153/93/2153
f 2151/88/2151 2152/91/2152 2155/94/2155 2154/92/2154
f 27/95/27 407/96/407 2147/86/2147 421/97/421
f 407/96/407 408/98/408 2148/87/2148 2147/86/2147
f 408/98/408 409/99/409 2149/90/2149 2148/87/2148
f 409/99/409 25/100/25 437/101/437 2149/90/2149
f 2149/90/2149 437/101/437 438/102/438 2152/91/2152
f 2152/91/2152 438/102/438 439/103/439 2155/94/2155
f 2155/94/2155 439/103/439 29/73/29 428/104/428
f 2154/92/2154 2155/94/2155 428/104/428 429/105/429
f 2153/93/2153 2154/92/2154 429/105/429 430/106/430
f 419/107/419 2153/93/2153 430/106/430 31/38/31
f 420/108/420 2150/89/2150 2153/93/2153 419/107/419
f 421/97/421 2147/86/2147 2150/89/2150 420/108/420
f 2156/109/2156 2157/110/2157 2160/111/2160 2159/112/2159
f 2157/110/2157 2158/113/2158 2161/114/2161 2160/111/2160
f 2159/112/2159 2160/111/2160 2163/115/2163 2162/116/2162
f 2160/111/2160 2161/114/2161 2164/117/2164 2163/115/2163
f 32/42/32 431/118/431 2156/109/2156 424/119/424
f 431/118/431 432/120/432 2157/110/2157 2156/109/2156
f 432/120/432 433/121/433 2158/113/2158 2157/110/2157
f 433/121/433 30/85/30 440/122/440 2158/113/2158
f 2158/113/2158 440/122/440 441/123/441 2161/114/2161
f 2161/114/2161 441/123/441 442/124/442 2164/117/2164
f 2164/117/2164 442/124/442 26/125/26 413/126/413
f 2163/115/2163 2164/117/2164 413/126/413 414/127/414
f 2162/116/2162 2163/115/2163 414/127/414 415/128/415
f 422/129/422 2162/116/2162 415/128/415 28/130/28
f 423/131/423 2159/112/2159 2162/116/2162 422/129/422
f 424/119/424 2156/109/2156 2159/112/2159 423/131/423
f 2165/132/2165 2166/133/2166 2169/134/2169 2168/135/2168
f 2166/133/2166 2167/136/2167 2170/137/2170 2169/134/2169
f 2168/135/2168 2169/134/2169 2172/138/2172 2171/139/2171
f 2169/134/2169 2170/137/2170 2173/140/2173 2172/138/2172
f 35/38/35 448/106/448 2165/132/2165 445/39/445
f 448/106/448 447/105/447 2166/133/2166 2165/132/2165
f 447/105/447 446/104/446 2167/136/2167 2166/133/2166
f 446/104/446 33/73/33 454/59/454 2167/136/2167
f 2167/136/2167 454/59/454 453/58/453 2170/137/2170
f 2170/137/2170 453/58/453 452/55/452 2173/140/2173
f 2173/140/2173 452/55/452 34/85/34 451/121/451
f 2172/138/2172 2173/140/2173 451/121/451 450/120/450
f 2171/139/2171 2172/138/2172 450/120/450 449/118/449
f 443/41/443 2171/139/2171 449/118/449 36/42/36
f 444/40/444 2168/135/2168 2171/139/2171 443/41/443
f 445/39/445 2165/132/2165 2168/135/2168 444/40/444
f 2174/141/2174 2175/142/2175 2178/143/2178 2177/144/2177
f 2175/142/2175 2176/141/2176 2179/145/2179 2178/143/2178
f 2177/144/2177 2178/143/2178 2181/146/2181 2180/147/2180
f 2178/143/2178 2179/145/2179 2182/148/2182 2181/146/2181
f 29/60/29 455/63/455 2174/141/2174 428/104/428
f 455/63/455 456/62/456 2175/142/2175 2174/141/2174
f 456/62/456 457/61/457 2176/141/2176 2175/142/2175
f 457/61/457 33/60/33 446/104/446 2176/141/2176
f 2176/141/2176 446/104/446 447/149/447 2179/145/2179
f 2179/145/2179 447/149/447 448/106/448 2182/148/2182
f 2182/148/2182 448/106/448 35/150/35 463/151/463
f 2181/146/2181 2182/148/2182 463/151/463 462/152/462
f 2180/147/2180 2181/146/2181 462/152/462 461/151/461
f 430/106/430 2180/147/2180 461/151/461 31/150/31
f 429/149/429 2177/144/2177 2180/147/2180 430/106/430
f 428/104/428 2174/141/2174 2177/144/2177 429/149/429
f 2183/153/2183 2184/154/2184 2187/155/2187 2186/156/2186
f 2184/154/2184 2185/157/2185 2188/158/2188 2187/155/2187
f 2186/156/2186 2187/155/2187 2190/159/2190 2189/160/2189
f 2187/155/2187 2188/158/2188 2191/160/2191 2190/159/2190
f 32/161/32 466/162/466 2183/153/2183 431/118/431
f 466/162/466 465/163/465 2184/154/2184 2183/153/2183
f 465/163/465 464/164/464 2185/157/2185 2184/154/2184
f 464/164/464 36/161/36 449/118/449 2185/157/2185
f 2185/157/2185 449/118/449 450/120/450 2188/158/2188
f 2188/158/2188 450/120/450 451/121/451 2191/160/2191
f 2191/160/2191 451/121/451 34/53/34 458/57/458
f 2190/159/2190 2191/160/2191 458/57/458 459/56/459
f 2189/160/2189 2190/159/2190 459/56/459 460/54/460
f 433/121/433 2189/160/2189 460/54/460 30/53/30
f 432/120/432 2186/156/2186 2189/160/2189 433/121/433
f 431/118/431 2183/153/2183 2186/156/2186 432/120/432
f 2192/165/2192 2193/166/2193 2196/167/2196 2195/168/2195
f 2193/166/2193 2194/169/2194 2197/170/2197 2196/167/2196
f 2195/168/2195 2196/167/2196 2199/171/2199 2198/172/2198
f 2196/167/2196 2197/170/2197 2200/173/2200 2199/171/2199
f 31/150/31 461/151/461 2192/165/2192 427/39/427
f 461/151/461 462/152/462 2193/166/2193 2192/165/2192
f 462/152/462 463/151/463 2194/169/2194 2193/166/2193
f 463/151/463 35/150/35 445/39/445 2194/169/2194
f 2194/169/2194 445/39/445 444/40/444 2197/170/2197
f 2197/170/2197 444/40/444 443/41/443 2200/173/2200
f 2200/173/2200 443/41/443 36/161/36 464/164/464
f 2199/171/2199 2200/173/2200 464/164/464 465/163/465
f 2198/172/2198 2199/171/2199 465/163/465 466/162/466
f 425/41/425 2198/172/2198 466/162/466 32/161/32
f 426/40/426 2195/168/2195 2198/172/2198 425/41/425
f 427/39/427 2192/165/2192 2195/168/2195 426/40/426
f 2201/1/2201 2202/2/2202 2205/3/2205 2204/4/2204
f 2202/2/2202 2203/5/2203 2206/6/2206 2205/3/2205
f 2204/4/2204 2205/3/2205 2208/7/2208 2207/8/2207
f 2205/3/2205 2206/6/2206 2209/9/2209 2208/7/2208
f 37/10/37 469/11/469 2201/1/2201 470/12/470
f 469/11/469 468/13/468 2202/2/2202 2201/1/2201
f 468/13/468 467/14/467 2203/5/2203 2202/2/2202
f 467/14/467 39/15/39 478/16/478 2203/5/2203
f 2203/5/2203 478/16/478 477/17/477 2206/6/2206
f 2206/6/2206 477/17/477 476/18/476 2209/9/2209
f 2209/9/2209 476/18/476 40/19/40 475/20/475
f 2208/7/2208 2209/9/2209 475/20/475 474/21/474
f 2207/8/2207 2208/7/2208 474/21/474 473/22/473
f 472/23/472 2207/8/2207 473/22/473 38/24/38
f 471/25/471 2204/4/2204 2207/8/2207 472/23/472
f 470/12/470 2201/1/2201 2204/4/2204 471/25/471
f 2210/26/2210 2211/27/2211 2214/28/2214 2213/29/2213
f 2211/27/2211 2212/30/2212 2215/31/2215 2214/28/2214
f 2213/29/2213 2214/28/2214 2217/32/2217 2216/33/2216
f 2214/28/2214 2215/31/2215 2218/34/2218 2217/32/2217
f 39/15/39 481/35/481 2210/26/2210 478/16/478
f 481/35/481 480/36/480 2211/27/2211 2210/26/2210
f 480/36/480 479/37/479 2212/30/2212 2211/27/2211
f 479/37/479 43/38/43 487/39/487 2212/30/2212
f 2212/30/2212 487/39/487 486/40/486 2215/31/2215
f 2215/31/2215 486/40/486 485/41/485 2218/34/2218
f 2218/34/2218 485/41/485 44/42/44 484/43/484
f 2217/32/2217 2218/34/2218 484/43/484 483/44/483
f 2216/33/2216 2217/32/2217 483/44/483 482/45/482
f 476/18/476 2216/33/2216 482/45/482 40/19/40
f 477/17/477 2213/29/2213 2216/33/2216 476/18/476
f 478/16/478 2210/26/2210 2213/29/2213 477/17/477
f 2219/46/2219 2220/47/2220 2223/48/2223 2222/49/2222
f 2220/47/2220 2221/50/2221 2224/49/2224 2223/48/2223
f 2222/49/2222 2223/48/2223 2226/51/2226 2225/52/2225
f 2223/48/2223 2224/49/2224 2227/52/2227 2226/51/2226
f 42/53/42 520/54/520 2219/46/2219 494/55/494
f 520/54/520 519/56/519 2220/47/2220 2219/46/2219
f 519/56/519 518/57/518 2221/50/2221 2220/47/2220
f 518/57/518 46/53/46 512/55/512 2221/50/2221
f 2221/50/2221 512/55/512 513/58/513 2224/49/2224
f 2224/49/2224 513/58/513 514/59/514 2227/52/2227
f 2227/52/2227 514/59/514 45/60/45 517/61/517
f 2226/51/2226 2227/52/2227 517/61/517 516/62/516
f 2225/52/2225 2226/51/2226 516/62/516 515/63/515
f 496/59/496 2225/52/2225 515/63/515 41/60/41
f 495/58/495 2222/49/2222 2225/52/2225 496/59/496
f 494/55/494 2219/46/2219 2222/49/2222 495/58/495
f 2228/64/2228 2229/65/2229 2232/66/2232 2231/67/2231
f 2229/65/2229 2230/68/2230 2233/69/2233 2232/66/2232
f 2231/67/2231 2232/66/2232 2235/70/2235 2234/71/2234
f 2232/66/2232 2233/69/2233 2236/72/2236 2235/70/2235
f 41/73/41 499/74/499 2228/64/2228 496/59/496
f 499/74/499 498/75/498 2229/65/2229 2228/64/2228
f 498/75/498 497/76/497 2230/68/2230 2229/65/2229
f 497/76/497 37/77/37 470/78/470 2230/68/2230
f 2230/68/2230 470/78/470 471/79/471 2233/69/2233
f 2233/69/2233 471/79/471 472/80/472 2236/72/2236
f 2236/72/2236 472/80/472 38/81/38 502/82/502
f 2235/70/2235 2236/72/2236 502/82/502 501/83/501
f 2234/71/2234 2235/70/2235 501/83/501 500/84/500
f 494/55/494 2234/71/2234 500/84/500 42/85/42
f 495/58/495 2231/67/2231 2234/71/2234 494/55/494
f 496/59/496 2228/64/2228 2231/67/2231 495/58/495
f 2237/86/2237 2238/87/2238 2241/88/2241 2240/89/2240
f 2238/87/2238 2239/90/2239 2242/91/2242 2241/88/2241
f 2240/89/2240 2241/88/2241 2244/92/2244 2243/93/2243
f 2241/88/2241 2242/91/2242 2245/94/2245 2244/92/2244
f 39/95/39 467/96/467 2237/86/2237 481/97/481
f 467/96/467 468/98/468 2238/87/2238 2237/86/2237
f 468/98/468 469/99/469 2239/90/2239 2238/87/2238
f 469/99/469 37/100/37 497/101/497 2239/90/2239
f 2239/90/2239 497/101/497 498/102/498 2242/91/2242
f 2242/91/2242 498/102/498 499/103/499 2245/94/2245
f 2245/94/2245 499/103/499 41/73/41 488/104/488
f 2244/92/2244 2245/94/2245 488/104/488 489/105/489
f 2243/93/2243 2244/92/2244 489/105/489 490/106/490
f 479/107/479 2243/93/2243 490/106/490 43/38/43
f 480/108/480 2240/89/2240 2243/93/2243 479/107/479
f 481/97/481 2237/86/2237 2240/89/2240 480/108/480
f 2246/109/2246 2247/110/2247 2250/111/2250 2249/112/2249
f 2247/110/2247 2248/113/2248 2251/114/2251 2250/111/2250
f 2249/112/2249 2250/111/2250 2253/115/2253 2252/116/2252
f 2250/111/2250 2251/114/2251 2254/117/2254 2253/115/2253
f 44/42/44 491/118/491 2246/109/2246 484/119/484
f 491/118/491 492/120/492 2247/110/2247 2246/109/2246
f 492/120/492 493/121/493 2248/113/2248 2247/110/2247
f 493/121/493 42/85/42 500/122/500 2248/113/2248
f 2248/113/2248 500/122/500 501/123/501 2251/114/2251
f 2251/114/2251 501/123/501 502/124/502 2254/117/2254
f 2254/117/2254 502/124/502 38/125/38 473/126/473
f 2253/115/2253 2254/117/2254 473/126/473 474/127/474
f 2252/116/2252 2253/115/2253 474/127/474 475/128/475
f 482/129/482 2252/116/2252 475/128/475 40/130/40
f 483/131/483 2249/112/2249 2252/116/2252 482/129/482
f 484/119/484 2246/109/2246 2249/112/2249 483/131/483
f 2255/132/2255 2256/133/2256 2259/134/2259 2258/135/2258
f 2256/133/2256 2257/136/2257 2260/137/2260 2259/134/2259
f 2258/135/2258 2259/134/2259 2262/138/2262 2261/139/2261
f 2259/134/2259 2260/137/2260 2263/140/2263 2262/138/2262
f 47/38/47 508/106/508 2255/132/2255 505/39/505
f 508/106/508 507/105/507 2256/133/2256 2255/132/2255
f 507/105/507 506/104/506 2257/136/2257 2256/133/2256
f 506/104/506 45/73/45 514/59/514 2257/136/2257
f 2257/136/2257 514/59/514 513/58/513 2260/137/2260
f 2260/137/2260 513/58/513 512/55/512 2263/140/2263
f 2263/140/2263 512/55/512 46/85/46 511/121/511
f 2262/138/2262 2263/140/2263 511/121/511 510/120/510
f 2261/139/2261 2262/138/2262 510/120/510 509/118/509
f 503/41/503 2261/139/2261 509/118/509 48/42/48
f 504/40/504 2258/135/2258 2261/139/2261 503/41/503
f 505/39/505 2255/132/2255 2258/135/2258 504/40/504
f 2264/141/2264 2265/142/2265 2268/143/2268 2267/144/2267
f 2265/142/2265 2266/141/2266 2269/145/2269 2268/143/2268
f 2267/144/2267 2268/143/2268 2271/146/2271 2270/147/2270
f 2268/143/2268 2269/145/2269 2272/148/2272 2271/146/2271
f 41/60/41 515/63/515 2264/141/2264 488/104/488
f 515/63/515 516/62/516 2265/142/2265 2264/141/2264
f 516/62/516 517/61/517 2266/141/2266 2265/142/2265
f 517/61/517 45/60/45 506/104/506 2266/141/2266
f 2266/141/2266 506/104/506 507/149/507 2269/145/2269
f 2269/145/2269 507/149/507 508/106/508 2272/148/2272
f 2272/148/2272 508/106/508 47/150/47 523/151/523
f 2271/146/2271 2272/148/2272 523/151/523 522/152/522
f 2270/147/2270 2271/146/2271 522/152/522 521/151/521
f 490/106/490 2270/147/2270 521/151/521 43/150/43
f 489/149/489 2267/144/2267 2270/147/2270 490/106/490
f 488/104/488 2264/141/2264 2267/144/2267 489/149/489
f 2273/153/2273 2274/154/2274 2277/155/2277 2276/156/2276
f 2274/154/2274 2275/157/2275 2278/158/2278 2277/155/2277
f 2276/156/2276 2277/155/2277 2280/159/2280 2279/160/2279
f 2277/155/2277 2278/158/2278 2281/160/2281 2280/159/2280
f 44/161/44 526/162/526 2273/153/2273 491/118/491
f 526/162/526 525/163/525 2274/154/2274 2273/153/2273
f 525/163/525 524/164/524 2275/157/2275 2274/154/2274
f 524/164/524 48/161/48 509/118/509 2275/157/2275
f 2275/157/2275 509/118/509 510/120/510 2278/158/2278
f 2278/158/2278 510/120/510 511/121/511 2281/160/2281
f 2281/160/2281 511/121/511 46/53/46 518/57/518
f 2280/159/2280 2281/160/2281 518/57/518 519/56/519
f 2279/160/2279 2280/159/2280 519/56/519 520/54/520
f 493/121/493 2279/160/2279 520/54/520 42/53/42
f 492/120/492 2276/156/2276 2279/160/2279 493/121/493
f 491/118/491 2273/153/2273 2276/156/2276 492/120/492
f 2282/165/2282 2283/166/2283 2286/167/2286 2285/168/2285
f 2283/166/2283 2284/169/2284 2287/170/2287 2286/167/2286
f 2285/168/2285 2286/167/2286 2289/171/2289 2288/172/2288
f 2286/167/2286 2287/170/2287 2290/173/2290 2289/171/2289
f 43/150/43 521/151/521 2282/165/2282 487/39/487
f 521/151/521 522/152/522 2283/166/2283 2282/165/2282
f 522/152/522 523/151/523 2284/169/2284 2283/166/2283
f 523/151/523 47/150/47 505/39/505 2284/169/2284
f 2284/169/2284 505/39/505 504/40/504 2287/170/2287
f 2287/170/2287 504/40/504 503/41/503 2290/173/2290
f 2290/173/2290 503/41/503 48/161/48 524/164/524
f 2289/171/2289 2290/173/2290 524/164/524 525/163/525
f 2288/172/2288 2289/171/2289 525/163/525 526/162/526
f 485/41/485 2288/172/2288 526/162/526 44/161/44
f 486/40/486 2285/168/2285 2288/172/2288 485/41/485
f 487/39/487 2282/165/2282 2285/168/2285 486/40/486
f 2291/174/2291 2292/175/2292 2295/176/2295 2294/177/2294
f 2292/175/2292 2293/178/2293 2296/179/2296 2295/176/2295
f 2294/177/2294 2295/176/2295 2298/180/2298 2297/181/2297
f 2295/176/2295 2296/179/2296 2299/182/2299 2298/180/2298
f 69/183/69 530/184/530 2291/174/2291 1052/185/1052
f 530/184/530 531/186/531 2292/175/2292 2291/174/2291
f 531/186/531 532/187/532 2293/178/2293 2292/175/2292
f 532/187/532 49/188/49 529/189/529 2293/178/2293
f 2293/178/2293 529/189/529 528/190/528 2296/179/2296
f 2296/179/2296 528/190/528 527/191/527 2299/182/2299
f 2299/182/2299 527/191/527 50/192/50 590/193/590
f 2298/180/2298 2299/182/2299 590/193/590 591/194/591
f 2297/181/2297 2298/180/2298 591/194/591 592/195/592
f 1054/196/1054 2297/181/2297 592/195/592 70/197/70
f 1053/198/1053 2294/177/2294 2297/181/2297 1054/196/1054
f 1052/185/1052 2291/174/2291 2294/177/2294 1053/198/1053
f 2300/199/2300 2301/200/2301 2304/201/2304 2303/202/2303
f 2301/200/2301 2302/203/2302 2305/204/2305 2304/201/2304
f 2303/202/2303 2304/201/2304 2307/205/2307 2306/206/2306
f 2304/201/2304 2305/204/2305 2308/207/2308 2307/205/2307
f 70/197/70 592/195/592 2300/199/2300 1037/208/1037
f 592/195/592 591/194/591 2301/200/2301 2300/199/2300
f 591/194/591 590/193/590 2302/203/2302 2301/200/2301
f 590/193/590 50/192/50 535/209/535 2302/203/2302
f 2302/203/2302 535/209/535 534/210/534 2305/204/2305
f 2305/204/2305 534/210/534 533/211/533 2308/207/2308
f 2308/207/2308 533/211/533 51/212/51 605/213/605
f 2307/205/2307 2308/207/2308 605/213/605 606/214/606
f 2306/206/2306 2307/205/2307 606/214/606 607/215/607
f 1039/216/1039 2306/206/2306 607/215/607 75/217/75
f 1038/218/1038 2303/202/2303 2306/206/2306 1039/216/1039
f 1037/208/1037 2300/199/2300 2303/202/2303 1038/218/1038
f 2309/219/2309 2310/220/2310 2313/221/2313 2312/222/2312
f 2310/220/2310 2311/223/2311 2314/224/2314 2313/221/2313
f 2312/222/2312 2313/221/2313 2316/225/2316 2315/226/2315
f 2313/221/2313 2314/224/2314 2317/227/2317 2316/225/2316
f 75/217/75 607/215/607 2309/219/2309 1022/228/1022
f 607/215/607 606/214/606 2310/220/2310 2309/219/2309
f 606/214/606 605/213/605 2311/223/2311 2310/220/2310
f 605/213/605 51/212/51 538/229/538 2311/223/2311
f 2311/223/2311 538/229/538 537/230/537 2314/224/2314
f 2314/224/2314 537/230/537 536/231/536 2317/227/2317
f 2317/227/2317 536/231/536 52/232/52 620/233/620
f 2316/225/2316 2317/227/2317 620/233/620 621/234/621
f 2315/226/2315 2316/225/2316 621/234/621 622/235/622
f 1024/236/1024 2315/226/2315 622/235/622 80/237/80
f 1023/238/1023 2312/222/2312 2315/226/2315 1024/236/1024
f 1022/228/1022 2309/219/2309 2312/222/2312 1023/238/1023
f 2318/239/2318 2319/240/2319 2322/241/2322 2321/242/2321
f 2319/240/2319 2320/243/2320 2323/244/2323 2322/241/2322
f 2321/242/2321 2322/241/2322 2325/245/2325 2324/246/2324
f 2322/241/2322 2323/244/2323 2326/247/2326 2325/245/2325
f 80/237/80 622/235/622 2318/239/2318 1007/248/1007
f 622/235/622 621/234/621 2319/240/2319 2318/239/2318
f 621/234/621 620/233/620 2320/243/2320 2319/240/2319
f 620/233/620 52/232/52 541/249/541 2320/243/2320
f 2320/243/2320 541/249/541 540/250/540 2323/244/2323
f 2323/244/2323 540/250/540 539/251/539 2326/247/2326
f 2326/247/2326 539/251/539 53/252/53 635/253/635
f 2325/245/2325 2326/247/2326 635/253/635 636/254/636
f 2324/246/2324 2325/245/2325 636/254/636 637/255/637
f 1009/256/1009 2324/246/2324 637/255/637 85/257/85
f 1008/258/1008 2321/242/2321 2324/246/2324 1009/256/1009
f 1007/248/1007 2318/239/2318 2321/242/2321 1008/258/1008
f 2327/259/2327 2328/260/2328 2331/261/2331 2330/262/2330
f 2328/260/2328 2329/263/2329 2332/264/2332 2331/261/2331
f 2330/262/2330 2331/261/2331 2334/265/2334 2333/266/2333
f 2331/261/2331 2332/264/2332 2335/267/2335 2334/265/2334
f 85/257/85 637/255/637 2327/259/2327 992/268/992
f 637/255/637 636/254/636 2328/260/2328 2327/259/2327
f 636/254/636 635/253/635 2329/263/2329 2328/260/2328
f 635/253/635 53/252/53 544/269/544 2329/263/2329
f 2329/263/2329 544/269/544 543/270/543 2332/264/2332
f 2332/264/2332 543/270/543 542/271/542 2335/267/2335
f 2335/267/2335 542/271/542 54/272/54 650/273/650
f 2334/265/2334 2335/267/2335 650/273/650 651/274/651
f 2333/266/2333 2334/265/2334 651/274/651 652/275/652
f 994/276/994 2333/266/2333 652/275/652 90/277/90
f 993/278/993 2330/262/2330 2333/266/2333 994/276/994
f 992/268/992 2327/259/2327 2330/262/2330 993/278/993
f 2336/279/2336 2337/280/2337 2340/281/2340 2339/282/2339
f 2337/280/2337 2338/283/2338 2341/284/2341 2340/281/2340
f 2339/282/2339 2340/281/2340 2343/285/2343 2342/286/2342
f 2340/281/2340 2341/284/2341 2344/287/2344 2343/285/2343
f 90/277/90 652/275/652 2336/279/2336 977/288/977
f 652/275/652 651/274/651 2337/280/2337 2336/279/2336
f 651/274/651 650/273/650 2338/283/2338 2337/280/2337
f 650/273/650 54/272/54 547/289/547 2338/283/2338
f 2338/283/2338 547/289/547 546/290/546 2341/284/2341
f 2341/284/2341 546/290/546 545/291/545 2344/287/2344
f 2344/287/2344 545/291/545 55/292/55 665/293/665
f 2343/285/2343 2344/287/2344 665/293/665 666/294/666
f 2342/286/2342 2343/285/2343 666/294/666 667/295/667
f 979/296/979 2342/286/2342 667/295/667 95/297/95
f 978/298/978 2339/282/2339 2342/286/2342 979/296/979
f 977/288/977 2336/279/2336 2339/282/2339 978/298/978
f 2345/299/2345 2346/300/2346 2349/301/2349 2348/302/2348
f 2346/300/2346 2347/303/2347 2350/304/2350 2349/301/2349
f 2348/302/2348 2349/301/2349 2352/305/2352 2351/306/2351
f 2349/301/2349 2350/304/2350 2353/307/2353 2352/305/2352
f 95/297/95 667/295/667 2345/299/2345 962/308/962
f 667/295/667 666/294/666 2346/300/2346 2345/299/2345
f 666/294/666 665/293/665 2347/303/2347 2346/300/2346
f 665/293/665 55/292/55 550/309/550 2347/303/2347
f 2347/303/2347 550/309/550 549/310/549 2350/304/2350
f 2350/304/2350 549/310/549 548/311/548 2353/307/2353
f 2353/307/2353 548/311/548 56/312/56 680/313/680
f 2352/305/2352 2353/307/2353 680/313/680 681/314/681
f 2351/306/2351 2352/305/2352 681/314/681 682/315/682
f 964/316/964 2351/306/2351 682/315/682 100/317/100
f 963/318/963 2348/302/2348 2351/306/2351 964/316/964
f 962/308/962 2345/299/2345 2348/302/2348 963/318/963
f 2354/319/2354 2355/320/2355 2358/321/2358 2357/322/2357
f 2355/320/2355 2356/323/2356 2359/324/2359 2358/321/2358
f 2357/322/2357 2358/321/2358 2361/325/2361 2360/326/2360
f 2358/321/2358 2359/324/2359 2362/327/2362 2361/325/2361
f 100/317/100 682/315/682 2354/319/2354 947/328/947
f 682/315/682 681/314/681 2355/320/2355 2354/319/2354
f 681/314/681 680/313/680 2356/323/2356 2355/320/2355
f 680/313/680 56/312/56 553/329/553 2356/323/2356
f 2356/323/2356 553/329/553 552/330/552 2359/324/2359
f 2359/324/2359 552/330/552 551/331/551 2362/327/2362
f 2362/327/2362 551/331/551 57/332/57 695/333/695
f 2361/325/2361 2362/327/2362 695/333/695 696/334/696
f 2360/326/2360 2361/325/2361 696/334/696 697/335/697
f 949/336/949 2360/326/2360 697/335/697 105/337/105
f 948/338/948 2357/322/2357 2360/326/2360 949/336/949
f 947/328/947 2354/319/2354 2357/322/2357 948/338/948
f 2363/339/2363 2364/340/2364 2367/341/2367 2366/342/2366
f 2364/340/2364 2365/343/2365 2368/344/2368 2367/341/2367
f 2366/342/2366 2367/341/2367 2370/345/2370 2369/346/2369
f 2367/341/2367 2368/344/2368 2371/347/2371 2370/345/2370
f 105/337/105 697/335/697 2363/339/2363 932/348/932
f 697/335/697 696/334/696 2364/340/2364 2363/339/2363
f 696/334/696 695/333/695 2365/343/2365 2364/340/2364
f 695/333/695 57/332/57 556/349/556 2365/343/2365
f 2365/343/2365 556/349/556 555/350/555 2368/344/2368
f 2368/344/2368 555/350/555 554/351/554 2371/347/2371
f 2371/347/2371 554/351/554 58/352/58 710/353/710
f 2370/345/2370 2371/347/2371 710/353/710 711/354/711
f 2369/346/2369 2370/345/2370 711/354/711 712/355/712
f 934/356/934 2369/346/2369 712/355/712 110/357/110
f 933/358/933 2366/342/2366 2369/346/2369 934/356/934
f 932/348/932 2363/339/2363 2366/342/2366 933/358/933
f 2372/359/2372 2373/360/2373 2376/361/2376 2375/362/2375
f 2373/360/2373 2374/363/2374 2377/364/2377 2376/361/2376
f 2375/362/2375 2376/361/2376 2379/365/2379 2378/366/2378
f 2376/361/2376 2377/364/2377 2380/367/2380 2379/365/2379
f 110/357/110 712/355/712 2372/359/2372 917/368/917
f 712/355/712 711/354/711 2373/360/2373 2372/359/2372
f 711/354/711 710/353/710 2374/363/2374 2373/360/2373
f 710/353/710 58/352/58 559/369/559 2374/363/2374
f 2374/363/2374 559/369/559 558/370/558 2377/364/2377
f 2377/364/2377 558/370/558 557/371/557 2380/367/2380
f 2380/367/2380 557/371/557 59/372/59 725/373/725
f 2379/365/2379 2380/367/2380 725/373/725 726/374/726
f 2378/366/2378 2379/365/2379 726/374/726 727/375/727
f 919/376/919 2378/366/2378 727/375/727 115/377/115
f 918/378/918 2375/362/2375 2378/366/2378 919/376/919
f 917/368/917 2372/359/2372 2375/362/2375 918/378/918
f 2381/379/2381 2382/380/2382 2385/381/2385 2384/382/2384
f 2382/380/2382 2383/383/2383 2386/384/2386 2385/381/2385
f 2384/382/2384 2385/381/2385 2388/385/2388 2387/386/2387
f 2385/381/2385 2386/384/2386 2389/387/2389 2388/385/2388
f 115/377/115 727/375/727 2381/379/2381 902/388/902
f 727/375/727 726/374/726 2382/380/2382 2381/379/2381
f 726/374/726 725/373/725 2383/383/2383 2382/380/2382
f 725/373/725 59/372/59 562/389/562 2383/383/2383
f 2383/383/2383 562/389/562 561/390/561 2386/384/2386
f 2386/384/2386 561/390/561 560/391/560 2389/387/2389
f 2389/387/2389 560/391/560 60/392/60 740/393/740
f 2388/385/2388 2389/387/2389 740/393/740 741/394/741
f 2387/386/2387 2388/385/2388 741/394/741 742/395/742
f 904/396/904 2387/386/2387 742/395/742 120/397/120
f 903/398/903 2384/382/2384 2387/386/2387 904/396/904
f 902/388/902 2381/379/2381 2384/382/2384 903/398/903
f 2390/399/2390 2391/400/2391 2394/401/2394 2393/402/2393
f 2391/400/2391 2392/403/2392 2395/404/2395 2394/401/2394
f 2393/402/2393 2394/401/2394 2397/405/2397 2396/406/2396
f 2394/401/2394 2395/404/2395 2398/407/2398 2397/405/2397
f 120/397/120 742/395/742 2390/399/2390 887/408/887
f 742/395/742 741/394/741 2391/400/2391 2390/399/2390
f 741/394/741 740/393/740 2392/403/2392 2391/400/2391
f 740/393/740 60/392/60 565/409/565 2392/403/2392
f 2392/403/2392 565/409/565 564/410/564 2395/404/2395
f 2395/404/2395 564/410/564 563/411/563 2398/407/2398
f 2398/407/2398 563/411/563 61/412/61 755/413/755
f 2397/405/2397 2398/407/2398 755/413/755 756/414/756
f 2396/406/2396 2397/405/2397 756/414/756 757/415/757
f 889/416/889 2396/406/2396 757/415/757 125/417/125
f 888/418/888 2393/402/2393 2396/406/2396 889/416/889
f 887/408/887 2390/399/2390 2393/402/2393 888/418/888
f 2399/419/2399 2400/420/2400 2403/421/2403 2402/422/2402
f 2400/420/2400 2401/423/2401 2404/424/2404 2403/421/2403
f 2402/422/2402 2403/421/2403 2406/425/2406 2405/426/2405
f 2403/421/2403 2404/424/2404 2407/427/2407 2406/425/2406
f 125/417/125 757/415/757 2399/419/2399 872/428/872
f 757/415/757 756/414/756 2400/420/2400 2399/419/2399
f 756/414/756 755/413/755 2401/423/2401 2400/420/2400
f 755/413/755 61/412/61 568/429/568 2401/423/2401
f 2401/423/2401 568/429/568 567/430/567 2404/424/2404
f 2404/424/2404 567/430/567 566/431/566 2407/427/2407
f 2407/427/2407 566/431/566 62/432/62 770/433/770
f 2406/425/2406 2407/427/2407 770/433/770 771/434/771
f 2405/426/2405 2406/425/2406 771/434/771 772/435/772
f 874/436/874 2405/426/2405 772/435/772 130/437/130
f 873/438/873 2402/422/2402 2405/426/2405 874/436/874
f 872/428/872 2399/419/2399 2402/422/2402 873/438/873
f 2408/439/2408 2409/440/2409 2412/441/2412 2411/442/2411
f 2409/440/2409 2410/443/2410 2413/444/2413 2412/441/2412
f 2411/442/2411 2412/441/2412 2415/445/2415 2414/446/2414
f 2412/441/2412 2413/444/2413 2416/447/2416 2415/445/2415
f 130/437/130 772/435/772 2408/439/2408 857/448/857
f 772/435/772 771/434/771 2409/440/2409 2408/439/2408
f 771/434/771 770/433/770 2410/443/2410 2409/440/2409
f 770/433/770 62/432/62 571/449/571 2410/443/2410
f 2410/443/2410 571/449/571 570/450/570 2413/444/2413
f 2413/444/2413 570/450/570 569/451/569 2416/447/2416
f 2416/447/2416 569/451/569 63/452/63 785/453/785
f 2415/445/2415 2416/447/2416 785/453/785 786/454/786
f 2414/446/2414 2415/445/2415 786/454/786 787/455/787
f 859/456/859 2414/446/2414 787/455/787 135/457/135
f 858/458/858 2411/442/2411 2414/446/2414 859/456/859
f 857/448/857 2408/439/2408 2411/442/2411 858/458/858
f 2418/459/2418 2419/460/2419 2417/461/2417 2423/462/2423
f 2420/463/2420 2421/464/2421 2417/461/2417 2419/465/2419
f 2422/466/2422 2423/467/2423 2417/461/2417 2421/464/2421
f 145/468/145 1093/469/1093 2418/459/2418 1585/470/1585
f 1093/469/1093 1092/471/1092 2419/460/2419 2418/459/2418
f 1585/470/1585 2418/459/2418 2423/462/2423 1584/472/1584
f 150/473/150 1586/474/1586 2420/463/2420 1091/475/1091
f 1586/474/1586 1587/476/1587 2421/464/2421 2420/463/2420
f 1091/475/1091 2420/463/2420 2419/465/2419 1092/471/1092
f 226/477/226 1583/478/1583 2422/466/2422 1588/479/1588
f 1583/478/1583 1584/480/1584 2423/467/2423 2422/466/2422
f 1588/479/1588 2422/466/2422 2421/464/2421 1587/481/1587
f 2424/482/2424 2425/483/2425 2428/484/2428 2427/485/2427
f 2425/483/2425 2426/486/2426 2429/487/2429 2428/484/2428
f 2427/485/2427 2428/484/2428 2431/488/2431 2430/489/2430
f 2428/484/2428 2429/487/2429 2432/490/2432 2431/488/2431
f 135/457/135 787/455/787 2424/482/2424 842/491/842
f 787/455/787 786/454/786 2425/483/2425 2424/482/2424
f 786/454/786 785/453/785 2426/486/2426 2425/483/2425
f 785/453/785 63/452/63 574/492/574 2426/486/2426
f 2426/486/2426 574/492/574 573/493/573 2429/487/2429
f 2429/487/2429 573/493/573 572/494/572 2432/490/2432
f 2432/490/2432 572/494/572 64/495/64 800/496/800
f 2431/488/2431 2432/490/2432 800/496/800 801/497/801
f 2430/489/2430 2431/488/2431 801/497/801 802/498/802
f 844/499/844 2430/489/2430 802/498/802 140/500/140
f 843/501/843 2427/485/2427 2430/489/2430 844/499/844
f 842/491/842 2424/482/2424 2427/485/2427 843/501/843
f 2433/502/2433 2434/503/2434 2437/504/2437 2436/505/2436
f 2434/503/2434 2435/506/2435 2438/507/2438 2437/504/2437
f 2436/505/2436 2437/504/2437 2440/508/2440 2439/509/2439
f 2437/504/2437 2438/507/2438 2441/510/2441 2440/508/2440
f 140/500/140 802/498/802 2433/502/2433 827/511/827
f 802/498/802 801/497/801 2434/503/2434 2433/502/2433
f 801/497/801 800/496/800 2435/506/2435 2434/503/2434
f 800/496/800 64/495/64 577/512/577 2435/506/2435
f 2435/506/2435 577/512/577 576/513/576 2438/507/2438
f 2438/507/2438 576/513/576 575/514/575 2441/510/2441
f 2441/510/2441 575/514/575 49/515/49 532/516/532
f 2440/508/2440 2441/510/2441 532/516/532 531/517/531
f 2439/509/2439 2440/508/2440 531/517/531 530/518/530
f 829/519/829 2439/509/2439 530/518/530 69/520/69
f 828/521/828 2436/505/2436 2439/509/2439 829/519/829
f 827/511/827 2433/502/2433 2436/505/2436 828/521/828
f 2442/522/2442 2443/523/2443 2446/524/2446 2445/525/2445
f 2443/523/2443 2444/526/2444 2447/527/2447 2446/524/2446
f 2445/525/2445 2446/524/2446 2449/528/2449 2448/529/2448
f 2446/524/2446 2447/527/2447 2450/530/2450 2449/528/2449
f 221/531/221 1493/532/1493 2442/522/2442 1472/533/1472
f 1493/532/1493 1494/534/1494 2443/523/2443 2442/522/2442
f 1494/534/1494 1495/535/1495 2444/526/2444 2443/523/2443
f 1495/535/1495 144/536/144 815/537/815 2444/526/2444
f 2444/526/2444 815/537/815 816/538/816 2447/527/2447
f 2447/527/2447 816/538/816 817/539/817 2450/530/2450
f 2450/530/2450 817/539/817 65/540/65 1489/541/1489
f 2449/528/2449 2450/530/2450 1489/541/1489 1488/542/1488
f 2448/529/2448 2449/528/2449 1488/542/1488 1487/543/1487
f 1474/544/1474 2448/529/2448 1487/543/1487 146/545/146
f 1473/546/1473 2445/525/2445 2448/529/2448 1474/544/1474
f 1472/533/1472 2442/522/2442 2445/525/2445 1473/546/1473
f 2451/547/2451 2452/548/2452 2455/549/2455 2454/550/2454
f 2452/548/2452 2453/551/2453 2456/552/2456 2455/549/2455
f 2454/550/2454 2455/549/2455 2458/553/2458 2457/554/2457
f 2455/549/2455 2456/552/2456 2459/555/2459 2458/553/2458
f 151/556/151 1492/557/1492 2451/547/2451 1094/558/1094
f 1492/557/1492 1491/559/1491 2452/548/2452 2451/547/2451
f 1491/559/1491 1490/560/1490 2453/551/2453 2452/548/2452
f 1490/560/1490 74/561/74 1025/562/1025 2453/551/2453
f 2453/551/2453 1025/562/1025 1026/563/1026 2456/552/2456
f 2456/552/2456 1026/563/1026 1027/564/1027 2459/555/2459
f 2459/555/2459 1027/564/1027 79/565/79 1496/566/1496
f 2458/553/2458 2459/555/2459 1496/566/1496 1497/567/1497
f 2457/554/2457 2458/553/2458 1497/567/1497 1498/568/1498
f 1096/569/1096 2457/554/2457 1498/568/1498 156/570/156
f 1095/571/1095 2454/550/2454 2457/554/2457 1096/569/1096
f 1094/558/1094 2451/547/2451 2454/550/2454 1095/571/1095
f 2460/572/2460 2461/573/2461 2464/574/2464 2463/575/2463
f 2461/573/2461 2462/576/2462 2465/577/2465 2464/574/2464
f 2463/575/2463 2464/574/2464 2467/578/2467 2466/579/2466
f 2464/574/2464 2465/577/2465 2468/580/2468 2467/578/2467
f 144/536/144 814/581/814 2460/572/2460 815/537/815
f 814/581/814 813/582/813 2461/573/2461 2460/572/2460
f 813/582/813 812/583/812 2462/576/2462 2461/573/2461
f 812/583/812 143/584/143 818/585/818 2462/576/2462
f 2462/576/2462 818/585/818 819/586/819 2465/577/2465
f 2465/577/2465 819/586/819 820/587/820 2468/580/2468
f 2468/580/2468 820/587/820 66/588/66 580/589/580
f 2467/578/2467 2468/580/2468 580/589/580 579/590/579
f 2466/579/2466 2467/578/2467 579/590/579 578/591/578
f 817/539/817 2466/579/2466 578/591/578 65/540/65
f 816/538/816 2463/575/2463 2466/579/2466 817/539/817
f 815/537/815 2460/572/2460 2463/575/2463 816/538/816
f 2469/592/2469 2470/593/2470 2473/594/2473 2472/595/2472
f 2470/593/2470 2471/596/2471 2474/597/2474 2473/594/2473
f 2472/595/2472 2473/594/2473 2476/598/2476 2475/599/2475
f 2473/594/2473 2474/597/2474 2477/600/2477 2476/598/2476
f 143/584/143 811/601/811 2469/592/2469 818/585/818
f 811/601/811 810/602/810 2470/593/2470 2469/592/2469
f 810/602/810 809/603/809 2471/596/2471 2470/593/2470
f 809/603/809 142/604/142 821/605/821 2471/596/2471
f 2471/596/2471 821/605/821 822/606/822 2474/597/2474
f 2474/597/2474 822/606/822 823/607/823 2477/600/2477
f 2477/600/2477 823/607/823 67/608/67 583/609/583
f 2476/598/2476 2477/600/2477 583/609/583 582/610/582
f 2475/599/2475 2476/598/2476 582/610/582 581/611/581
f 820/587/820 2475/599/2475 581/611/581 66/588/66
f 819/586/819 2472/595/2472 2475/599/2475 820/587/820
f 818/585/818 2469/592/2469 2472/595/2472 819/586/819
f 2478/612/2478 2479/613/2479 2482/614/2482 2481/615/2481
f 2479/613/2479 2480/616/2480 2483/617/2483 2482/614/2482
f 2481/615/2481 2482/614/2482 2485/618/2485 2484/619/2484
f 2482/614/2482 2483/617/2483 2486/620/2486 2485/618/2485
f 142/604/142 808/621/808 2478/612/2478 821/605/821
f 808/621/808 807/622/807 2479/613/2479 2478/612/2478
f 807/622/807 806/623/806 2480/616/2480 2479/613/2479
f 806/623/806 141/624/141 824/625/824 2480/616/2480
f 2480/616/2480 824/625/824 825/626/825 2483/617/2483
f 2483/617/2483 825/626/825 826/627/826 2486/620/2486
f 2486/620/2486 826/627/826 68/628/68 586/629/586
f 2485/618/2485 2486/620/2486 586/629/586 585/630/585
f 2484/619/2484 2485/618/2485 585/630/585 584/631/584
f 823/607/823 2484/619/2484 584/631/584 67/608/67
f 822/606/822 2481/615/2481 2484/619/2484 823/607/823
f 821/605/821 2478/612/2478 2481/615/2481 822/606/822
f 2487/632/2487 2488/633/2488 2491/634/2491 2490/635/2490
f 2488/633/2488 2489/636/2489 2492/637/2492 2491/634/2491
f 2490/635/2490 2491/634/2491 2494/638/2494 2493/639/2493
f 2491/634/2491 2492/637/2492 2495/640/2495 2494/638/2494
f 141/624/141 805/641/805 2487/632/2487 824/625/824
f 805/641/805 804/642/804 2488/633/2488 2487/632/2487
f 804/642/804 803/643/803 2489/636/2489 2488/633/2488
f 803/643/803 140/500/140 827/511/827 2489/636/2489
f 2489/636/2489 827/511/827 828/521/828 2492/637/2492
f 2492/637/2492 828/521/828 829/519/829 2495/640/2495
f 2495/640/2495 829/519/829 69/520/69 589/644/589
f 2494/638/2494 2495/640/2495 589/644/589 588/645/588
f 2493/639/2493 2494/638/2494 588/645/588 587/646/587
f 826/627/826 2493/639/2493 587/646/587 68/628/68
f 825/626/825 2490/635/2490 2493/639/2493 826/627/826
f 824/625/824 2487/632/2487 2490/635/2490 825/626/825
f 2496/647/2496 2497/648/2497 2500/649/2500 2499/650/2499
f 2497/648/2497 2498/651/2498 2501/652/2501 2500/649/2500
f 2499/650/2499 2500/649/2500 2503/653/2503 2502/654/2502
f 2500/649/2500 2501/652/2501 2504/655/2504 2503/653/2503
f 139/656/139 799/657/799 2496/647/2496 830/658/830
f 799/657/799 798/659/798 2497/648/2497 2496/647/2496
f 798/659/798 797/660/797 2498/651/2498 2497/648/2497
f 797/660/797 138/661/138 833/662/833 2498/651/2498
f 2498/651/2498 833/662/833 834/663/834 2501/652/2501
f 2501/652/2501 834/663/834 835/664/835 2504/655/2504
f 2504/655/2504 835/664/835 143/584/143 812/665/812
f 2503/653/2503 2504/655/2504 812/665/812 813/666/813
f 2502/654/2502 2503/653/2503 813/666/813 814/667/814
f 832/668/832 2502/654/2502 814/667/814 144/536/144
f 831/669/831 2499/650/2499 2502/654/2502 832/668/832
f 830/658/830 2496/647/2496 2499/650/2499 831/669/831
f 2505/670/2505 2506/671/2506 2509/672/2509 2508/673/2508
f 2506/671/2506 2507/674/2507 2510/675/2510 2509/672/2509
f 2508/673/2508 2509/672/2509 2512/676/2512 2511/677/2511
f 2509/672/2509 2510/675/2510 2513/678/2513 2512/676/2512
f 138/661/138 796/679/796 2505/670/2505 833/662/833
f 796/679/796 795/680/795 2506/671/2506 2505/670/2505
f 795/680/795 794/681/794 2507/674/2507 2506/671/2506
f 794/681/794 137/100/137 836/682/836 2507/674/2507
f 2507/674/2507 836/682/836 837/683/837 2510/675/2510
f 2510/675/2510 837/683/837 838/684/838 2513/678/2513
f 2513/678/2513 838/684/838 142/685/142 809/686/809
f 2512/676/2512 2513/678/2513 809/686/809 810/687/810
f 2511/677/2511 2512/676/2512 810/687/810 811/688/811
f 835/664/835 2511/677/2511 811/688/811 143/584/143
f 834/663/834 2508/673/2508 2511/677/2511 835/664/835
f 833/662/833 2505/670/2505 2508/673/2508 834/663/834
f 2514/689/2514 2515/690/2515 2518/691/2518 2517/692/2517
f 2515/690/2515 2516/693/2516 2519/694/2519 2518/691/2518
f 2517/692/2517 2518/691/2518 2521/695/2521 2520/696/2520
f 2518/691/2518 2519/694/2519 2522/697/2522 2521/695/2521
f 137/100/137 793/698/793 2514/689/2514 836/682/836
f 793/698/793 792/699/792 2515/690/2515 2514/689/2514
f 792/699/792 791/700/791 2516/693/2516 2515/690/2515
f 791/700/791 136/701/136 839/702/839 2516/693/2516
f 2516/693/2516 839/702/839 840/703/840 2519/694/2519
f 2519/694/2519 840/703/840 841/704/841 2522/697/2522
f 2522/697/2522 841/704/841 141/624/141 806/705/806
f 2521/695/2521 2522/697/2522 806/705/806 807/622/807
f 2520/696/2520 2521/695/2521 807/622/807 808/621/808
f 838/684/838 2520/696/2520 808/621/808 142/685/142
f 837/683/837 2517/692/2517 2520/696/2520 838/684/838
f 836/682/836 2514/689/2514 2517/692/2517 837/683/837
f 2523/706/2523 2524/707/2524 2527/708/2527 2526/709/2526
f 2524/707/2524 2525/710/2525 2528/711/2528 2527/708/2527
f 2526/709/2526 2527/708/2527 2530/712/2530 2529/713/2529
f 2527/708/2527 2528/711/2528 2531/714/2531 2530/712/2530
f 136/701/136 790/715/790 2523/706/2523 839/702/839
f 790/715/790 789/716/789 2524/707/2524 2523/706/2523
f 789/716/789 788/717/788 2525/710/2525 2524/707/2524
f 788/717/788 135/718/135 842/719/842 2525/710/2525
f 2525/710/2525 842/719/842 843/720/843 2528/711/2528
f 2528/711/2528 843/720/843 844/721/844 2531/714/2531
f 2531/714/2531 844/721/844 140/722/140 803/723/803
f 2530/712/2530 2531/714/2531 803/723/803 804/724/804
f 2529/713/2529 2530/712/2530 804/724/804 805/641/805
f 841/704/841 2529/713/2529 805/641/805 141/624/141
f 840/703/840 2526/709/2526 2529/713/2529 841/704/841
f 839/702/839 2523/706/2523 2526/709/2526 840/703/840
f 2532/725/2532 2533/726/2533 2536/727/2536 2535/728/2535
f 2533/726/2533 2534/729/2534 2537/730/2537 2536/727/2536
f 2535/728/2535 2536/727/2536 2539/731/2539 2538/732/2538
f 2536/727/2536 2537/730/2537 2540/733/2540 2539/731/2539
f 216/734/216 1534/735/1534 2532/725/2532 1445/736/1445
f 1534/735/1534 1533/737/1533 2533/726/2533 2532/725/2532
f 1533/737/1533 1532/738/1532 2534/729/2534 2533/726/2533
f 1532/738/1532 139/656/139 830/739/830 2534/729/2534
f 2534/729/2534 830/739/830 831/669/831 2537/730/2537
f 2537/730/2537 831/669/831 832/740/832 2540/733/2540
f 2540/733/2540 832/740/832 144/536/144 1495/535/1495
f 2539/731/2539 2540/733/2540 1495/535/1495 1494/534/1494
f 2538/732/2538 2539/731/2539 1494/534/1494 1493/532/1493
f 1447/741/1447 2538/732/2538 1493/532/1493 221/531/221
f 1446/742/1446 2535/728/2535 2538/732/2538 1447/741/1447
f 1445/736/1445 2532/725/2532 2535/728/2535 1446/742/1446
f 2541/743/2541 2542/744/2542 2545/745/2545 2544/746/2544
f 2542/744/2542 2543/747/2543 2546/748/2546 2545/745/2545
f 2544/746/2544 2545/745/2545 2548/749/2548 2547/750/2547
f 2545/745/2545 2546/748/2546 2549/751/2549 2548/749/2548
f 134/752/134 784/753/784 2541/743/2541 845/754/845
f 784/753/784 783/755/783 2542/744/2542 2541/743/2541
f 783/755/783 782/756/782 2543/747/2543 2542/744/2542
f 782/756/782 133/757/133 848/758/848 2543/747/2543
f 2543/747/2543 848/758/848 849/759/849 2546/748/2546
f 2546/748/2546 849/759/849 850/760/850 2549/751/2549
f 2549/751/2549 850/760/850 138/661/138 797/660/797
f 2548/749/2548 2549/751/2549 797/660/797 798/659/798
f 2547/750/2547 2548/749/2548 798/659/798 799/657/799
f 847/761/847 2547/750/2547 799/657/799 139/656/139
f 846/762/846 2544/746/2544 2547/750/2547 847/761/847
f 845/754/845 2541/743/2541 2544/746/2544 846/762/846
f 2550/763/2550 2551/764/2551 2554/765/2554 2553/766/2553
f 2551/764/2551 2552/767/2552 2555/768/2555 2554/765/2554
f 2553/766/2553 2554/765/2554 2557/769/2557 2556/770/2556
f 2554/765/2554 2555/768/2555 2558/771/2558 2557/769/2557
f 133/757/133 781/772/781 2550/763/2550 848/758/848
f 781/772/781 780/773/780 2551/764/2551 2550/763/2550
f 780/773/780 779/774/779 2552/767/2552 2551/764/2551
f 779/774/779 132/775/132 851/776/851 2552/767/2552
f 2552/767/2552 851/776/851 852/777/852 2555/768/2555
f 2555/768/2555 852/777/852 853/778/853 2558/771/2558
f 2558/771/2558 853/778/853 137/100/137 794/681/794
f 2557/769/2557 2558/771/2558 794/681/794 795/680/795
f 2556/770/2556 2557/769/2557 795/680/795 796/679/796
f 850/760/850 2556/770/2556 796/679/796 138/661/138
f 849/759/849 2553/766/2553 2556/770/2556 850/760/850
f 848/758/848 2550/763/2550 2553/766/2553 849/759/849
f 2559/779/2559 2560/780/2560 2563/781/2563 2562/782/2562
f 2560/780/2560 2561/783/2561 2564/784/2564 2563/781/2563
f 2562/782/2562 2563/781/2563 2566/785/2566 2565/786/2565
f 2563/781/2563 2564/784/2564 2567/787/2567 2566/785/2566
f 132/775/132 778/788/778 2559/779/2559 851/776/851
f 778/788/778 777/789/777 2560/780/2560 2559/779/2559
f 777/789/777 776/790/776 2561/783/2561 2560/780/2560
f 776/790/776 131/791/131 854/792/854 2561/783/2561
f 2561/783/2561 854/792/854 855/793/855 2564/784/2564
f 2564/784/2564 855/793/855 856/794/856 2567/787/2567
f 2567/787/2567 856/794/856 136/701/136 791/700/791
f 2566/785/2566 2567/787/2567 791/700/791 792/699/792
f 2565/786/2565 2566/785/2566 792/699/792 793/698/793
f 853/778/853 2565/786/2565 793/698/793 137/100/137
f 852/777/852 2562/782/2562 2565/786/2565 853/778/853
f 851/776/851 2559/779/2559 2562/782/2562 852/777/852
f 2568/795/2568 2569/796/2569 2572/797/2572 2571/798/2571
f 2569/796/2569 2570/799/2570 2573/800/2573 2572/797/2572
f 2571/798/2571 2572/797/2572 2575/801/2575 2574/802/2574
f 2572/797/2572 2573/800/2573 2576/803/2576 2575/801/2575
f 131/791/131 775/804/775 2568/795/2568 854/792/854
f 775/804/775 774/805/774 2569/796/2569 2568/795/2568
f 774/805/774 773/806/773 2570/799/2570 2569/796/2569
f 773/806/773 130/807/130 857/448/857 2570/799/2570
f 2570/799/2570 857/448/857 858/808/858 2573/800/2573
f 2573/800/2573 858/808/858 859/809/859 2576/803/2576
f 2576/803/2576 859/809/859 135/718/135 788/717/788
f 2575/801/2575 2576/803/2576 788/717/788 789/716/789
f 2574/802/2574 2575/801/2575 789/716/789 790/715/790
f 856/794/856 2574/802/2574 790/715/790 136/701/136
f 855/793/855 2571/798/2571 2574/802/2574 856/794/856
f 854/792/854 2568/795/2568 2571/798/2571 855/793/855
f 2577/810/2577 2578/811/2578 2581/812/2581 2580/813/2580
f 2578/811/2578 2579/814/2579 2582/815/2582 2581/812/2581
f 2580/813/2580 2581/812/2581 2584/816/2584 2583/817/2583
f 2581/812/2581 2582/815/2582 2585/818/2585 2584/816/2584
f 211/819/211 1531/820/1531 2577/810/2577 1418/821/1418
f 1531/820/1531 1530/822/1530 2578/811/2578 2577/810/2577
f 1530/822/1530 1529/823/1529 2579/814/2579 2578/811/2578
f 1529/823/1529 134/824/134 845/825/845 2579/814/2579
f 2579/814/2579 845/825/845 846/762/846 2582/815/2582
f 2582/815/2582 846/762/846 847/826/847 2585/818/2585
f 2585/818/2585 847/826/847 139/656/139 1532/738/1532
f 2584/816/2584 2585/818/2585 1532/738/1532 1533/737/1533
f 2583/817/2583 2584/816/2584 1533/737/1533 1534/735/1534
f 1420/827/1420 2583/817/2583 1534/735/1534 216/734/216
f 1419/828/1419 2580/813/2580 2583/817/2583 1420/827/1420
f 1418/821/1418 2577/810/2577 2580/813/2580 1419/828/1419
f 2586/829/2586 2587/830/2587 2590/831/2590 2589/832/2589
f 2587/830/2587 2588/833/2588 2591/834/2591 2590/831/2590
f 2589/832/2589 2590/831/2590 2593/835/2593 2592/836/2592
f 2590/831/2590 2591/834/2591 2594/837/2594 2593/835/2593
f 129/838/129 769/839/769 2586/829/2586 860/840/860
f 769/839/769 768/841/768 2587/830/2587 2586/829/2586
f 768/841/768 767/842/767 2588/833/2588 2587/830/2587
f 767/842/767 128/843/128 863/844/863 2588/833/2588
f 2588/833/2588 863/844/863 864/845/864 2591/834/2591
f 2591/834/2591 864/845/864 865/846/865 2594/837/2594
f 2594/837/2594 865/846/865 133/757/133 782/756/782
f 2593/835/2593 2594/837/2594 782/756/782 783/755/783
f 2592/836/2592 2593/835/2593 783/755/783 784/753/784
f 862/847/862 2592/836/2592 784/753/784 134/752/134
f 861/848/861 2589/832/2589 2592/836/2592 862/847/862
f 860/840/860 2586/829/2586 2589/832/2589 861/848/861
f 2595/849/2595 2596/850/2596 2599/851/2599 2598/852/2598
f 2596/850/2596 2597/853/2597 2600/854/2600 2599/851/2599
f 2598/852/2598 2599/851/2599 2602/855/2602 2601/856/2601
f 2599/851/2599 2600/854/2600 2603/857/2603 2602/855/2602
f 128/843/128 766/858/766 2595/849/2595 863/844/863
f 766/858/766 765/859/765 2596/850/2596 2595/849/2595
f 765/859/765 764/860/764 2597/853/2597 2596/850/2596
f 764/860/764 127/861/127 866/862/866 2597/853/2597
f 2597/853/2597 866/862/866 867/863/867 2600/854/2600
f 2600/854/2600 867/863/867 868/864/868 2603/857/2603
f 2603/857/2603 868/864/868 132/775/132 779/774/779
f 2602/855/2602 2603/857/2603 779/774/779 780/773/780
f 2601/856/2601 2602/855/2602 780/773/780 781/772/781
f 865/846/865 2601/856/2601 781/772/781 133/757/133
f 864/845/864 2598/852/2598 2601/856/2601 865/846/865
f 863/844/863 2595/849/2595 2598/852/2598 864/845/864
f 2604/865/2604 2605/866/2605 2608/867/2608 2607/868/2607
f 2605/866/2605 2606/869/2606 2609/870/2609 2608/867/2608
f 2607/868/2607 2608/867/2608 2611/871/2611 2610/872/2610
f 2608/867/2608 2609/870/2609 2612/873/2612 2611/871/2611
f 127/861/127 763/874/763 2604/865/2604 866/862/866
f 763/874/763 762/875/762 2605/866/2605 2604/865/2604
f 762/875/762 761/876/761 2606/869/2606 2605/866/2605
f 761/876/761 126/877/126 869/878/869 2606/869/2606
f 2606/869/2606 869/878/869 870/879/870 2609/870/2609
f 2609/870/2609 870/879/870 871/880/871 2612/873/2612
f 2612/873/2612 871/880/871 131/791/131 776/790/776
f 2611/871/2611 2612/873/2612 776/790/776 777/789/777
f 2610/872/2610 2611/871/2611 777/789/777 778/788/778
f 868/864/868 2610/872/2610 778/788/778 132/775/132
f 867/863/867 2607/868/2607 2610/872/2610 868/864/868
f 866/862/866 2604/865/2604 2607/868/2607 867/863/867
f 2613/881/2613 2614/882/2614 2617/883/2617 2616/884/2616
f 2614/882/2614 2615/885/2615 2618/886/2618 2617/883/2617
f 2616/884/2616 2617/883/2617 2620/887/2620 2619/888/2619
f 2617/883/2617 2618/886/2618 2621/889/2621 2620/887/2620
f 126/877/126 760/890/760 2613/881/2613 869/878/869
f 760/890/760 759/891/759 2614/882/2614 2613/881/2613
f 759/891/759 758/892/758 2615/885/2615 2614/882/2614
f 758/892/758 125/893/125 872/428/872 2615/885/2615
f 2615/885/2615 872/428/872 873/894/873 2618/886/2618
f 2618/886/2618 873/894/873 874/895/874 2621/889/2621
f 2621/889/2621 874/895/874 130/807/130 773/806/773
f 2620/887/2620 2621/889/2621 773/806/773 774/805/774
f 2619/888/2619 2620/887/2620 774/805/774 775/804/775
f 871/880/871 2619/888/2619 775/804/775 131/791/131
f 870/879/870 2616/884/2616 2619/888/2619 871/880/871
f 869/878/869 2613/881/2613 2616/884/2616 870/879/870
f 2622/896/2622 2623/897/2623 2626/898/2626 2625/899/2625
f 2623/897/2623 2624/900/2624 2627/901/2627 2626/898/2626
f 2625/899/2625 2626/898/2626 2629/902/2629 2628/903/2628
f 2626/898/2626 2627/901/2627 2630/904/2630 2629/902/2629
f 206/905/206 1528/906/1528 2622/896/2622 1391/907/1391
f 1528/906/1528 1527/908/1527 2623/897/2623 2622/896/2622
f 1527/908/1527 1526/909/1526 2624/900/2624 2623/897/2623
f 1526/909/1526 129/910/129 860/911/860 2624/900/2624
f 2624/900/2624 860/911/860 861/912/861 2627/901/2627
f 2627/901/2627 861/912/861 862/913/862 2630/904/2630
f 2630/904/2630 862/913/862 134/824/134 1529/823/1529
f 2629/902/2629 2630/904/2630 1529/823/1529 1530/822/1530
f 2628/903/2628 2629/902/2629 1530/822/1530 1531/820/1531
f 1393/914/1393 2628/903/2628 1531/820/1531 211/819/211
f 1392/915/1392 2625/899/2625 2628/903/2628 1393/914/1393
f 1391/907/1391 2622/896/2622 2625/899/2625 1392/915/1392
f 2631/916/2631 2632/917/2632 2635/918/2635 2634/919/2634
f 2632/917/2632 2633/920/2633 2636/921/2636 2635/918/2635
f 2634/919/2634 2635/918/2635 2638/922/2638 2637/923/2637
f 2635/918/2635 2636/921/2636 2639/924/2639 2638/922/2638
f 124/925/124 754/926/754 2631/916/2631 875/927/875
f 754/926/754 753/928/753 2632/917/2632 2631/916/2631
f 753/928/753 752/929/752 2633/920/2633 2632/917/2632
f 752/929/752 123/930/123 878/931/878 2633/920/2633
f 2633/920/2633 878/931/878 879/932/879 2636/921/2636
f 2636/921/2636 879/932/879 880/933/880 2639/924/2639
f 2639/924/2639 880/933/880 128/843/128 767/842/767
f 2638/922/2638 2639/924/2639 767/842/767 768/841/768
f 2637/923/2637 2638/922/2638 768/841/768 769/839/769
f 877/934/877 2637/923/2637 769/839/769 129/838/129
f 876/935/876 2634/919/2634 2637/923/2637 877/934/877
f 875/927/875 2631/916/2631 2634/919/2634 876/935/876
f 2640/936/2640 2641/937/2641 2644/938/2644 2643/939/2643
f 2641/937/2641 2642/940/2642 2645/941/2645 2644/938/2644
f 2643/939/2643 2644/938/2644 2647/942/2647 2646/943/2646
f 2644/938/2644 2645/941/2645 2648/944/2648 2647/942/2647
f 123/930/123 751/945/751 2640/936/2640 878/931/878
f 751/945/751 750/946/750 2641/937/2641 2640/936/2640
f 750/946/750 749/947/749 2642/940/2642 2641/937/2641
f 749/947/749 122/948/122 881/949/881 2642/940/2642
f 2642/940/2642 881/949/881 882/950/882 2645/941/2645
f 2645/941/2645 882/950/882 883/951/883 2648/944/2648
f 2648/944/2648 883/951/883 127/861/127 764/860/764
f 2647/942/2647 2648/944/2648 764/860/764 765/859/765
f 2646/943/2646 2647/942/2647 765/859/765 766/858/766
f 880/933/880 2646/943/2646 766/858/766 128/843/128
f 879/932/879 2643/939/2643 2646/943/2646 880/933/880
f 878/931/878 2640/936/2640 2643/939/2643 879/932/879
f 2649/952/2649 2650/953/2650 2653/954/2653 2652/955/2652
f 2650/953/2650 2651/956/2651 2654/957/2654 2653/954/2653
f 2652/955/2652 2653/954/2653 2656/958/2656 2655/959/2655
f 2653/954/2653 2654/957/2654 2657/960/2657 2656/958/2656
f 122/948/122 748/961/748 2649/952/2649 881/949/881
f 748/961/748 747/962/747 2650/953/2650 2649/952/2649
f 747/962/747 746/963/746 2651/956/2651 2650/953/2650
f 746/963/746 121/964/121 884/965/884 2651/956/2651
f 2651/956/2651 884/965/884 885/966/885 2654/957/2654
f 2654/957/2654 885/966/885 886/967/886 2657/960/2657
f 2657/960/2657 886/967/886 126/877/126 761/876/761
f 2656/958/2656 2657/960/2657 761/876/761 762/875/762
f 2655/959/2655 2656/958/2656 762/875/762 763/874/763
f 883/951/883 2655/959/2655 763/874/763 127/861/127
f 882/950/882 2652/955/2652 2655/959/2655 883/951/883
f 881/949/881 2649/952/2649 2652/955/2652 882/950/882
f 2658/968/2658 2659/969/2659 2662/970/2662 2661/971/2661
f 2659/969/2659 2660/972/2660 2663/973/2663 2662/970/2662
f 2661/971/2661 2662/970/2662 2665/974/2665 2664/975/2664
f 2662/970/2662 2663/973/2663 2666/976/2666 2665/974/2665
f 121/964/121 745/977/745 2658/968/2658 884/965/884
f 745/977/745 744/978/744 2659/969/2659 2658/968/2658
f 744/978/744 743/979/743 2660/972/2660 2659/969/2659
f 743/979/743 120/980/120 887/981/887 2660/972/2660
f 2660/972/2660 887/981/887 888/982/888 2663/973/2663
f 2663/973/2663 888/982/888 889/983/889 2666/976/2666
f 2666/976/2666 889/983/889 125/893/125 758/892/758
f 2665/974/2665 2666/976/2666 758/892/758 759/891/759
f 2664/975/2664 2665/974/2665 759/891/759 760/890/760
f 886/967/886 2664/975/2664 760/890/760 126/877/126
f 885/966/885 2661/971/2661 2664/975/2664 886/967/886
f 884/965/884 2658/968/2658 2661/971/2661 885/966/885
f 2667/984/2667 2668/985/2668 2671/986/2671 2670/987/2670
f 2668/985/2668 2669/988/2669 2672/989/2672 2671/986/2671
f 2670/987/2670 2671/986/2671 2674/990/2674 2673/991/2673
f 2671/986/2671 2672/989/2672 2675/992/2675 2674/990/2674
f 201/993/201 1525/994/1525 2667/984/2667 1364/995/1364
f 1525/994/1525 1524/996/1524 2668/985/2668 2667/984/2667
f 1524/996/1524 1523/997/1523 2669/988/2669 2668/985/2668
f 1523/997/1523 124/998/124 875/999/875 2669/988/2669
f 2669/988/2669 875/999/875 876/1000/876 2672/989/2672
f 2672/989/2672 876/1000/876 877/1001/877 2675/992/2675
f 2675/992/2675 877/1001/877 129/910/129 1526/909/1526
f 2674/990/2674 2675/992/2675 1526/909/1526 1527/908/1527
f 2673/991/2673 2674/990/2674 1527/908/1527 1528/906/1528
f 1366/1002/1366 2673/991/2673 1528/906/1528 206/905/206
f 1365/1003/1365 2670/987/2670 2673/991/2673 1366/1002/1366
f 1364/995/1364 2667/984/2667 2670/987/2670 1365/1003/1365
f 2676/1004/2676 2677/1005/2677 2680/1006/2680 2679/1007/2679
f 2677/1005/2677 2678/1008/2678 2681/1009/2681 2680/1006/2680
f 2679/1007/2679 2680/1006/2680 2683/1010/2683 2682/1011/2682
f 2680/1006/2680 2681/1009/2681 2684/1012/2684 2683/1010/2683
f 119/1013/119 739/1014/739 2676/1004/2676 890/1015/890
f 739/1014/739 738/1016/738 2677/1005/2677 2676/1004/2676
f 738/1016/738 737/1017/737 2678/1008/2678 2677/1005/2677
f 737/1017/737 118/1018/118 893/1019/893 2678/1008/2678
f 2678/1008/2678 893/1019/893 894/1020/894 2681/1009/2681
f 2681/1009/2681 894/1020/894 895/1021/895 2684/1012/2684
f 2684/1012/2684 895/1021/895 123/930/123 752/929/752
f 2683/1010/2683 2684/1012/2684 752/929/752 753/928/753
f 2682/1011/2682 2683/1010/2683 753/928/753 754/926/754
f 892/1022/892 2682/1011/2682 754/926/754 124/925/124
f 891/1023/891 2679/1007/2679 2682/1011/2682 892/1022/892
f 890/1015/890 2676/1004/2676 2679/1007/2679 891/1023/891
f 2685/1024/2685 2686/1025/2686 2689/1026/2689 2688/1027/2688
f 2686/1025/2686 2687/1028/2687 2690/1029/2690 2689/1026/2689
f 2688/1027/2688 2689/1026/2689 2692/1030/2692 2691/1031/2691
f 2689/1026/2689 2690/1029/2690 2693/1032/2693 2692/1030/2692
f 118/1018/118 736/1033/736 2685/1024/2685 893/1019/893
f 736/1033/736 735/1034/735 2686/1025/2686 2685/1024/2685
f 735/1034/735 734/1035/734 2687/1028/2687 2686/1025/2686
f 734/1035/734 117/1036/117 896/1037/896 2687/1028/2687
f 2687/1028/2687 896/1037/896 897/1038/897 2690/1029/2690
f 2690/1029/2690 897/1038/897 898/1039/898 2693/1032/2693
f 2693/1032/2693 898/1039/898 122/948/122 749/947/749
f 2692/1030/2692 2693/1032/2693 749/947/749 750/946/750
f 2691/1031/2691 2692/1030/2692 750/946/750 751/945/751
f 895/1021/895 2691/1031/2691 751/945/751 123/930/123
f 894/1020/894 2688/1027/2688 2691/1031/2691 895/1021/895
f 893/1019/893 2685/1024/2685 2688/1027/2688 894/1020/894
f 2694/1040/2694 2695/1041/2695 2698/1042/2698 2697/1043/2697
f 2695/1041/2695 2696/1044/2696 2699/1045/2699 2698/1042/2698
f 2697/1043/2697 2698/1042/2698 2701/1046/2701 2700/1047/2700
f 2698/1042/2698 2699/1045/2699 2702/1048/2702 2701/1046/2701
f 117/1036/117 733/1049/733 2694/1040/2694 896/1037/896
f 733/1049/733 732/1050/732 2695/1041/2695 2694/1040/2694
f 732/1050/732 731/1051/731 2696/1044/2696 2695/1041/2695
f 731/1051/731 116/1052/116 899/1053/899 2696/1044/2696
f 2696/1044/2696 899/1053/899 900/1054/900 2699/1045/2699
f 2699/1045/2699 900/1054/900 901/1055/901 2702/1048/2702
f 2702/1048/2702 901/1055/901 121/964/121 746/963/746
f 2701/1046/2701 2702/1048/2702 746/963/746 747/962/747
f 2700/1047/2700 2701/1046/2701 747/962/747 748/961/748
f 898/1039/898 2700/1047/2700 748/961/748 122/948/122
f 897/1038/897 2697/1043/2697 2700/1047/2700 898/1039/898
f 896/1037/896 2694/1040/2694 2697/1043/2697 897/1038/897
f 2703/1056/2703 2704/1057/2704 2707/1058/2707 2706/1059/2706
f 2704/1057/2704 2705/1060/2705 2708/1061/2708 2707/1058/2707
f 2706/1059/2706 2707/1058/2707 2710/1062/2710 2709/1063/2709
f 2707/1058/2707 2708/1061/2708 2711/1064/2711 2710/1062/2710
f 116/1052/116 730/1065/730 2703/1056/2703 899/1053/899
f 730/1065/730 729/75/729 2704/1057/2704 2703/1056/2703
f 729/75/729 728/1066/728 2705/1060/2705 2704/1057/2704
f 728/1066/728 115/1067/115 902/1068/902 2705/1060/2705
f 2705/1060/2705 902/1068/902 903/1069/903 2708/1061/2708
f 2708/1061/2708 903/1069/903 904/1070/904 2711/1064/2711
f 2711/1064/2711 904/1070/904 120/980/120 743/979/743
f 2710/1062/2710 2711/1064/2711 743/979/743 744/978/744
f 2709/1063/2709 2710/1062/2710 744/978/744 745/977/745
f 901/1055/901 2709/1063/2709 745/977/745 121/964/121
f 900/1054/900 2706/1059/2706 2709/1063/2709 901/1055/901
f 899/1053/899 2703/1056/2703 2706/1059/2706 900/1054/900
f 2712/1071/2712 2713/1072/2713 2716/1073/2716 2715/1074/2715
f 2713/1072/2713 2714/1075/2714 2717/1076/2717 2716/1073/2716
f 2715/1074/2715 2716/1073/2716 2719/1077/2719 2718/1078/2718
f 2716/1073/2716 2717/1076/2717 2720/1079/2720 2719/1077/2719
f 196/1080/196 1522/1081/1522 2712/1071/2712 1337/1082/1337
f 1522/1081/1522 1521/1083/1521 2713/1072/2713 2712/1071/2712
f 1521/1083/1521 1520/1084/1520 2714/1075/2714 2713/1072/2713
f 1520/1084/1520 119/1013/119 890/1085/890 2714/1075/2714
f 2714/1075/2714 890/1085/890 891/1086/891 2717/1076/2717
f 2717/1076/2717 891/1086/891 892/1087/892 2720/1079/2720
f 2720/1079/2720 892/1087/892 124/998/124 1523/997/1523
f 2719/1077/2719 2720/1079/2720 1523/997/1523 1524/996/1524
f 2718/1078/2718 2719/1077/2719 1524/996/1524 1525/994/1525
f 1339/1088/1339 2718/1078/2718 1525/994/1525 201/993/201
f 1338/1089/1338 2715/1074/2715 2718/1078/2718 1339/1088/1339
f 1337/1082/1337 2712/1071/2712 2715/1074/2715 1338/1089/1338
f 2721/1090/2721 2722/1091/2722 2725/1092/2725 2724/1093/2724
f 2722/1091/2722 2723/1094/2723 2726/1095/2726 2725/1092/2725
f 2724/1093/2724 2725/1092/2725 2728/1096/2728 2727/1097/2727
f 2725/1092/2725 2726/1095/2726 2729/1098/2729 2728/1096/2728
f 114/1099/114 724/1100/724 2721/1090/2721 905/1101/905
f 724/1100/724 723/1102/723 2722/1091/2722 2721/1090/2721
f 723/1102/723 722/1103/722 2723/1094/2723 2722/1091/2722
f 722/1103/722 113/1104/113 908/1105/908 2723/1094/2723
f 2723/1094/2723 908/1105/908 909/1106/909 2726/1095/2726
f 2726/1095/2726 909/1106/909 910/1107/910 2729/1098/2729
f 2729/1098/2729 910/1107/910 118/1018/118 737/1017/737
f 2728/1096/2728 2729/1098/2729 737/1017/737 738/1016/738
f 2727/1097/2727 2728/1096/2728 738/1016/738 739/1014/739
f 907/1108/907 2727/1097/2727 739/1014/739 119/1013/119
f 906/1109/906 2724/1093/2724 2727/1097/2727 907/1108/907
f 905/1101/905 2721/1090/2721 2724/1093/2724 906/1109/906
f 2730/1110/2730 2731/1111/2731 2734/1112/2734 2733/1113/2733
f 2731/1111/2731 2732/1114/2732 2735/1115/2735 2734/1112/2734
f 2733/1113/2733 2734/1112/2734 2737/1116/2737 2736/1117/2736
f 2734/1112/2734 2735/1115/2735 2738/1118/2738 2737/1116/2737
f 113/1104/113 721/1119/721 2730/1110/2730 908/1105/908
f 721/1119/721 720/1120/720 2731/1111/2731 2730/1110/2730
f 720/1120/720 719/1121/719 2732/1114/2732 2731/1111/2731
f 719/1121/719 112/1122/112 911/1123/911 2732/1114/2732
f 2732/1114/2732 911/1123/911 912/1124/912 2735/1115/2735
f 2735/1115/2735 912/1124/912 913/1125/913 2738/1118/2738
f 2738/1118/2738 913/1125/913 117/1036/117 734/1035/734
f 2737/1116/2737 2738/1118/2738 734/1035/734 735/1034/735
f 2736/1117/2736 2737/1116/2737 735/1034/735 736/1033/736
f 910/1107/910 2736/1117/2736 736/1033/736 118/1018/118
f 909/1106/909 2733/1113/2733 2736/1117/2736 910/1107/910
f 908/1105/908 2730/1110/2730 2733/1113/2733 909/1106/909
f 2739/1126/2739 2740/1127/2740 2743/1128/2743 2742/1129/2742
f 2740/1127/2740 2741/1130/2741 2744/1131/2744 2743/1128/2743
f 2742/1129/2742 2743/1128/2743 2746/1132/2746 2745/1133/2745
f 2743/1128/2743 2744/1131/2744 2747/1134/2747 2746/1132/2746
f 112/1122/112 718/1135/718 2739/1126/2739 911/1123/911
f 718/1135/718 717/1136/717 2740/1127/2740 2739/1126/2739
f 717/1136/717 716/1137/716 2741/1130/2741 2740/1127/2740
f 716/1137/716 111/1138/111 914/1139/914 2741/1130/2741
f 2741/1130/2741 914/1139/914 915/1140/915 2744/1131/2744
f 2744/1131/2744 915/1140/915 916/1141/916 2747/1134/2747
f 2747/1134/2747 916/1141/916 116/1052/116 731/1051/731
f 2746/1132/2746 2747/1134/2747 731/1051/731 732/1050/732
f 2745/1133/2745 2746/1132/2746 732/1050/732 733/1049/733
f 913/1125/913 2745/1133/2745 733/1049/733 117/1036/117
f 912/1124/912 2742/1129/2742 2745/1133/2745 913/1125/913
f 911/1123/911 2739/1126/2739 2742/1129/2742 912/1124/912
f 2748/1142/2748 2749/1143/2749 2752/1144/2752 2751/1145/2751
f 2749/1143/2749 2750/1146/2750 2753/1147/2753 2752/1144/2752
f 2751/1145/2751 2752/1144/2752 2755/1148/2755 2754/1149/2754
f 2752/1144/2752 2753/1147/2753 2756/1150/2756 2755/1148/2755
f 111/1138/111 715/1151/715 2748/1142/2748 914/1139/914
f 715/1151/715 714/1152/714 2749/1143/2749 2748/1142/2748
f 714/1152/714 713/1153/713 2750/1146/2750 2749/1143/2749
f 713/1153/713 110/1154/110 917/1155/917 2750/1146/2750
f 2750/1146/2750 917/1155/917 918/1156/918 2753/1147/2753
f 2753/1147/2753 918/1156/918 919/1157/919 2756/1150/2756
f 2756/1150/2756 919/1157/919 115/1067/115 728/1066/728
f 2755/1148/2755 2756/1150/2756 728/1066/728 729/75/729
f 2754/1149/2754 2755/1148/2755 729/75/729 730/1065/730
f 916/1141/916 2754/1149/2754 730/1065/730 116/1052/116
f 915/1140/915 2751/1145/2751 2754/1149/2754 916/1141/916
f 914/1139/914 2748/1142/2748 2751/1145/2751 915/1140/915
f 2757/1158/2757 2758/1159/2758 2761/1160/2761 2760/1161/2760
f 2758/1159/2758 2759/1162/2759 2762/1163/2762 2761/1160/2761
f 2760/1161/2760 2761/1160/2761 2764/1164/2764 2763/1165/2763
f 2761/1160/2761 2762/1163/2762 2765/1166/2765 2764/1164/2764
f 191/1167/191 1519/1168/1519 2757/1158/2757 1310/1169/1310
f 1519/1168/1519 1518/1170/1518 2758/1159/2758 2757/1158/2757
f 1518/1170/1518 1517/1171/1517 2759/1162/2759 2758/1159/2758
f 1517/1171/1517 114/1172/114 905/1173/905 2759/1162/2759
f 2759/1162/2759 905/1173/905 906/1174/906 2762/1163/2762
f 2762/1163/2762 906/1174/906 907/1175/907 2765/1166/2765
f 2765/1166/2765 907/1175/907 119/1013/119 1520/1084/1520
f 2764/1164/2764 2765/1166/2765 1520/1084/1520 1521/1083/1521
f 2763/1165/2763 2764/1164/2764 1521/1083/1521 1522/1081/1522
f 1312/1176/1312 2763/1165/2763 1522/1081/1522 196/1080/196
f 1311/1177/1311 2760/1161/2760 2763/1165/2763 1312/1176/1312
f 1310/1169/1310 2757/1158/2757 2760/1161/2760 1311/1177/1311
f 2766/1178/2766 2767/1179/2767 2770/1180/2770 2769/1181/2769
f 2767/1179/2767 2768/1182/2768 2771/1183/2771 2770/1180/2770
f 2769/1181/2769 2770/1180/2770 2773/1184/2773 2772/1185/2772
f 2770/1180/2770 2771/1183/2771 2774/1186/2774 2773/1184/2773
f 109/1187/109 709/1188/709 2766/1178/2766 920/1189/920
f 709/1188/709 708/1190/708 2767/1179/2767 2766/1178/2766
f 708/1190/708 707/1191/707 2768/1182/2768 2767/1179/2767
f 707/1191/707 108/1192/108 923/1193/923 2768/1182/2768
f 2768/1182/2768 923/1193/923 924/1194/924 2771/1183/2771
f 2771/1183/2771 924/1194/924 925/1195/925 2774/1186/2774
f 2774/1186/2774 925/1195/925 113/1104/113 722/1103/722
f 2773/1184/2773 2774/1186/2774 722/1103/722 723/1102/723
f 2772/1185/2772 2773/1184/2773 723/1102/723 724/1100/724
f 922/1196/922 2772/1185/2772 724/1100/724 114/1099/114
f 921/1197/921 2769/1181/2769 2772/1185/2772 922/1196/922
f 920/1189/920 2766/1178/2766 2769/1181/2769 921/1197/921
f 2775/1198/2775 2776/1199/2776 2779/1200/2779 2778/1201/2778
f 2776/1199/2776 2777/1202/2777 2780/1203/2780 2779/1200/2779
f 2778/1201/2778 2779/1200/2779 2782/1204/2782 2781/1205/2781
f 2779/1200/2779 2780/1203/2780 2783/1206/2783 2782/1204/2782
f 108/1192/108 706/1207/706 2775/1198/2775 923/1193/923
f 706/1207/706 705/1208/705 2776/1199/2776 2775/1198/2775
f 705/1208/705 704/1209/704 2777/1202/2777 2776/1199/2776
f 704/1209/704 107/1210/107 926/1211/926 2777/1202/2777
f 2777/1202/2777 926/1211/926 927/1212/927 2780/1203/2780
f 2780/1203/2780 927/1212/927 928/1213/928 2783/1206/2783
f 2783/1206/2783 928/1213/928 112/1122/112 719/1121/719
f 2782/1204/2782 2783/1206/2783 719/1121/719 720/1120/720
f 2781/1205/2781 2782/1204/2782 720/1120/720 721/1119/721
f 925/1195/925 2781/1205/2781 721/1119/721 113/1104/113
f 924/1194/924 2778/1201/2778 2781/1205/2781 925/1195/925
f 923/1193/923 2775/1198/2775 2778/1201/2778 924/1194/924
f 2784/1214/2784 2785/1215/2785 2788/1216/2788 2787/1217/2787
f 2785/1215/2785 2786/1218/2786 2789/1219/2789 2788/1216/2788
f 2787/1217/2787 2788/1216/2788 2791/1220/2791 2790/1221/2790
f 2788/1216/2788 2789/1219/2789 2792/1222/2792 2791/1220/2791
f 107/1210/107 703/1223/703 2784/1214/2784 926/1211/926
f 703/1223/703 702/1224/702 2785/1215/2785 2784/1214/2784
f 702/1224/702 701/67/701 2786/1218/2786 2785/1215/2785
f 701/67/701 106/1225/106 929/1226/929 2786/1218/2786
f 2786/1218/2786 929/1226/929 930/1227/930 2789/1219/2789
f 2789/1219/2789 930/1227/930 931/1228/931 2792/1222/2792
f 2792/1222/2792 931/1228/931 111/1138/111 716/1137/716
f 2791/1220/2791 2792/1222/2792 716/1137/716 717/1136/717
f 2790/1221/2790 2791/1220/2791 717/1136/717 718/1135/718
f 928/1213/928 2790/1221/2790 718/1135/718 112/1122/112
f 927/1212/927 2787/1217/2787 2790/1221/2790 928/1213/928
f 926/1211/926 2784/1214/2784 2787/1217/2787 927/1212/927
f 2793/1229/2793 2794/1230/2794 2797/1231/2797 2796/1232/2796
f 2794/1230/2794 2795/1233/2795 2798/1234/2798 2797/1231/2797
f 2796/1232/2796 2797/1231/2797 2800/1235/2800 2799/1236/2799
f 2797/1231/2797 2798/1234/2798 2801/1237/2801 2800/1235/2800
f 106/1225/106 700/1238/700 2793/1229/2793 929/1226/929
f 700/1238/700 699/1239/699 2794/1230/2794 2793/1229/2793
f 699/1239/699 698/1240/698 2795/1233/2795 2794/1230/2794
f 698/1240/698 105/1241/105 932/1242/932 2795/1233/2795
f 2795/1233/2795 932/1242/932 933/1243/933 2798/1234/2798
f 2798/1234/2798 933/1243/933 934/1244/934 2801/1237/2801
f 2801/1237/2801 934/1244/934 110/1154/110 713/1153/713
f 2800/1235/2800 2801/1237/2801 713/1153/713 714/1152/714
f 2799/1236/2799 2800/1235/2800 714/1152/714 715/1151/715
f 931/1228/931 2799/1236/2799 715/1151/715 111/1138/111
f 930/1227/930 2796/1232/2796 2799/1236/2799 931/1228/931
f 929/1226/929 2793/1229/2793 2796/1232/2796 930/1227/930
f 2802/1245/2802 2803/1246/2803 2806/1247/2806 2805/1248/2805
f 2803/1246/2803 2804/1249/2804 2807/1250/2807 2806/1247/2806
f 2805/1248/2805 2806/1247/2806 2809/1251/2809 2808/1252/2808
f 2806/1247/2806 2807/1250/2807 2810/1253/2810 2809/1251/2809
f 186/1254/186 1516/1255/1516 2802/1245/2802 1283/1256/1283
f 1516/1255/1516 1515/1257/1515 2803/1246/2803 2802/1245/2802
f 1515/1257/1515 1514/1258/1514 2804/1249/2804 2803/1246/2803
f 1514/1258/1514 109/1259/109 920/1260/920 2804/1249/2804
f 2804/1249/2804 920/1260/920 921/1197/921 2807/1250/2807
f 2807/1250/2807 921/1197/921 922/1261/922 2810/1253/2810
f 2810/1253/2810 922/1261/922 114/1172/114 1517/1171/1517
f 2809/1251/2809 2810/1253/2810 1517/1171/1517 1518/1170/1518
f 2808/1252/2808 2809/1251/2809 1518/1170/1518 1519/1168/1519
f 1285/1262/1285 2808/1252/2808 1519/1168/1519 191/1167/191
f 1284/1263/1284 2805/1248/2805 2808/1252/2808 1285/1262/1285
f 1283/1256/1283 2802/1245/2802 2805/1248/2805 1284/1263/1284
f 2811/1264/2811 2812/1265/2812 2815/1266/2815 2814/1267/2814
f 2812/1265/2812 2813/1268/2813 2816/1269/2816 2815/1266/2815
f 2814/1267/2814 2815/1266/2815 2818/1270/2818 2817/1271/2817
f 2815/1266/2815 2816/1269/2816 2819/1272/2819 2818/1270/2818
f 104/1273/104 694/1274/694 2811/1264/2811 935/1275/935
f 694/1274/694 693/1276/693 2812/1265/2812 2811/1264/2811
f 693/1276/693 692/1277/692 2813/1268/2813 2812/1265/2812
f 692/1277/692 103/1278/103 938/1279/938 2813/1268/2813
f 2813/1268/2813 938/1279/938 939/1280/939 2816/1269/2816
f 2816/1269/2816 939/1280/939 940/1281/940 2819/1272/2819
f 2819/1272/2819 940/1281/940 108/1192/108 707/1191/707
f 2818/1270/2818 2819/1272/2819 707/1191/707 708/1190/708
f 2817/1271/2817 2818/1270/2818 708/1190/708 709/1188/709
f 937/1282/937 2817/1271/2817 709/1188/709 109/1187/109
f 936/1283/936 2814/1267/2814 2817/1271/2817 937/1282/937
f 935/1275/935 2811/1264/2811 2814/1267/2814 936/1283/936
f 2820/1284/2820 2821/1285/2821 2824/1286/2824 2823/1287/2823
f 2821/1285/2821 2822/1288/2822 2825/1289/2825 2824/1286/2824
f 2823/1287/2823 2824/1286/2824 2827/1290/2827 2826/1291/2826
f 2824/1286/2824 2825/1289/2825 2828/1292/2828 2827/1290/2827
f 103/1278/103 691/1293/691 2820/1284/2820 938/1279/938
f 691/1293/691 690/1294/690 2821/1285/2821 2820/1284/2820
f 690/1294/690 689/1295/689 2822/1288/2822 2821/1285/2821
f 689/1295/689 102/1296/102 941/1297/941 2822/1288/2822
f 2822/1288/2822 941/1297/941 942/1298/942 2825/1289/2825
f 2825/1289/2825 942/1298/942 943/1299/943 2828/1292/2828
f 2828/1292/2828 943/1299/943 107/1210/107 704/1209/704
f 2827/1290/2827 2828/1292/2828 704/1209/704 705/1208/705
f 2826/1291/2826 2827/1290/2827 705/1208/705 706/1207/706
f 940/1281/940 2826/1291/2826 706/1207/706 108/1192/108
f 939/1280/939 2823/1287/2823 2826/1291/2826 940/1281/940
f 938/1279/938 2820/1284/2820 2823/1287/2823 939/1280/939
f 2829/1300/2829 2830/1301/2830 2833/1302/2833 2832/1303/2832
f 2830/1301/2830 2831/1304/2831 2834/1305/2834 2833/1302/2833
f 2832/1303/2832 2833/1302/2833 2836/1306/2836 2835/1307/2835
f 2833/1302/2833 2834/1305/2834 2837/1308/2837 2836/1306/2836
f 102/1296/102 688/1309/688 2829/1300/2829 941/1297/941
f 688/1309/688 687/1310/687 2830/1301/2830 2829/1300/2829
f 687/1310/687 686/71/686 2831/1304/2831 2830/1301/2830
f 686/71/686 101/1311/101 944/1312/944 2831/1304/2831
f 2831/1304/2831 944/1312/944 945/1313/945 2834/1305/2834
f 2834/1305/2834 945/1313/945 946/1314/946 2837/1308/2837
f 2837/1308/2837 946/1314/946 106/1225/106 701/67/701
f 2836/1306/2836 2837/1308/2837 701/67/701 702/1224/702
f 2835/1307/2835 2836/1306/2836 702/1224/702 703/1223/703
f 943/1299/943 2835/1307/2835 703/1223/703 107/1210/107
f 942/1298/942 2832/1303/2832 2835/1307/2835 943/1299/943
f 941/1297/941 2829/1300/2829 2832/1303/2832 942/1298/942
f 2838/1315/2838 2839/1316/2839 2842/1317/2842 2841/1318/2841
f 2839/1316/2839 2840/1319/2840 2843/1320/2843 2842/1317/2842
f 2841/1318/2841 2842/1317/2842 2845/1321/2845 2844/1322/2844
f 2842/1317/2842 2843/1320/2843 2846/1323/2846 2845/1321/2845
f 101/1311/101 685/1324/685 2838/1315/2838 944/1312/944
f 685/1324/685 684/70/684 2839/1316/2839 2838/1315/2838
f 684/70/684 683/1325/683 2840/1319/2840 2839/1316/2839
f 683/1325/683 100/1326/100 947/1327/947 2840/1319/2840
f 2840/1319/2840 947/1327/947 948/1328/948 2843/1320/2843
f 2843/1320/2843 948/1328/948 949/1329/949 2846/1323/2846
f 2846/1323/2846 949/1329/949 105/1241/105 698/1240/698
f 2845/1321/2845 2846/1323/2846 698/1240/698 699/1239/699
f 2844/1322/2844 2845/1321/2845 699/1239/699 700/1238/700
f 946/1314/946 2844/1322/2844 700/1238/700 106/1225/106
f 945/1313/945 2841/1318/2841 2844/1322/2844 946/1314/946
f 944/1312/944 2838/1315/2838 2841/1318/2841 945/1313/945
f 2847/1330/2847 2848/1331/2848 2851/1332/2851 2850/1333/2850
f 2848/1331/2848 2849/1334/2849 2852/1335/2852 2851/1332/2851
f 2850/1333/2850 2851/1332/2851 2854/1336/2854 2853/1337/2853
f 2851/1332/2851 2852/1335/2852 2855/1338/2855 2854/1336/2854
f 181/1339/181 1513/1340/1513 2847/1330/2847 1256/1341/1256
f 1513/1340/1513 1512/1342/1512 2848/1331/2848 2847/1330/2847
f 1512/1342/1512 1511/1343/1511 2849/1334/2849 2848/1331/2848
f 1511/1343/1511 104/1344/104 935/1345/935 2849/1334/2849
f 2849/1334/2849 935/1345/935 936/1346/936 2852/1335/2852
f 2852/1335/2852 936/1346/936 937/1347/937 2855/1338/2855
f 2855/1338/2855 937/1347/937 109/1259/109 1514/1258/1514
f 2854/1336/2854 2855/1338/2855 1514/1258/1514 1515/1257/1515
f 2853/1337/2853 2854/1336/2854 1515/1257/1515 1516/1255/1516
f 1258/1348/1258 2853/1337/2853 1516/1255/1516 186/1254/186
f 1257/1349/1257 2850/1333/2850 2853/1337/2853 1258/1348/1258
f 1256/1341/1256 2847/1330/2847 2850/1333/2850 1257/1349/1257
f 2856/1350/2856 2857/1351/2857 2860/1352/2860 2859/1353/2859
f 2857/1351/2857 2858/1354/2858 2861/1355/2861 2860/1352/2860
f 2859/1353/2859 2860/1352/2860 2863/1356/2863 2862/1357/2862
f 2860/1352/2860 2861/1355/2861 2864/1358/2864 2863/1356/2863
f 99/1359/99 679/1360/679 2856/1350/2856 950/1361/950
f 679/1360/679 678/1362/678 2857/1351/2857 2856/1350/2856
f 678/1362/678 677/1363/677 2858/1354/2858 2857/1351/2857
f 677/1363/677 98/1364/98 953/1365/953 2858/1354/2858
f 2858/1354/2858 953/1365/953 954/1366/954 2861/1355/2861
f 2861/1355/2861 954/1366/954 955/1367/955 2864/1358/2864
f 2864/1358/2864 955/1367/955 103/1278/103 692/1277/692
f 2863/1356/2863 2864/1358/2864 692/1277/692 693/1276/693
f 2862/1357/2862 2863/1356/2863 693/1276/693 694/1274/694
f 952/1368/952 2862/1357/2862 694/1274/694 104/1273/104
f 951/1369/951 2859/1353/2859 2862/1357/2862 952/1368/952
f 950/1361/950 2856/1350/2856 2859/1353/2859 951/1369/951
f 2865/1370/2865 2866/1371/2866 2869/1372/2869 2868/1373/2868
f 2866/1371/2866 2867/1374/2867 2870/1375/2870 2869/1372/2869
f 2868/1373/2868 2869/1372/2869 2872/1376/2872 2871/1377/2871
f 2869/1372/2869 2870/1375/2870 2873/1378/2873 2872/1376/2872
f 98/1364/98 676/1379/676 2865/1370/2865 953/1365/953
f 676/1379/676 675/1380/675 2866/1371/2866 2865/1370/2865
f 675/1380/675 674/1381/674 2867/1374/2867 2866/1371/2866
f 674/1381/674 97/1382/97 956/1383/956 2867/1374/2867
f 2867/1374/2867 956/1383/956 957/1384/957 2870/1375/2870
f 2870/1375/2870 957/1384/957 958/1385/958 2873/1378/2873
f 2873/1378/2873 958/1385/958 102/1296/102 689/1295/689
f 2872/1376/2872 2873/1378/2873 689/1295/689 690/1294/690
f 2871/1377/2871 2872/1376/2872 690/1294/690 691/1293/691
f 955/1367/955 2871/1377/2871 691/1293/691 103/1278/103
f 954/1366/954 2868/1373/2868 2871/1377/2871 955/1367/955
f 953/1365/953 2865/1370/2865 2868/1373/2868 954/1366/954
f 2874/1386/2874 2875/1387/2875 2878/1388/2878 2877/1389/2877
f 2875/1387/2875 2876/1390/2876 2879/1391/2879 2878/1388/2878
f 2877/1389/2877 2878/1388/2878 2881/1392/2881 2880/1393/2880
f 2878/1388/2878 2879/1391/2879 2882/1394/2882 2881/1392/2881
f 97/1382/97 673/1395/673 2874/1386/2874 956/1383/956
f 673/1395/673 672/1396/672 2875/1387/2875 2874/1386/2874
f 672/1396/672 671/1397/671 2876/1390/2876 2875/1387/2875
f 671/1397/671 96/1398/96 959/1399/959 2876/1390/2876
f 2876/1390/2876 959/1399/959 960/1400/960 2879/1391/2879
f 2879/1391/2879 960/1400/960 961/1401/961 2882/1394/2882
f 2882/1394/2882 961/1401/961 101/1311/101 686/71/686
f 2881/1392/2881 2882/1394/2882 686/71/686 687/1310/687
f 2880/1393/2880 2881/1392/2881 687/1310/687 688/1309/688
f 958/1385/958 2880/1393/2880 688/1309/688 102/1296/102
f 957/1384/957 2877/1389/2877 2880/1393/2880 958/1385/958
f 956/1383/956 2874/1386/2874 2877/1389/2877 957/1384/957
f 2883/1402/2883 2884/1403/2884 2887/1404/2887 2886/1405/2886
f 2884/1403/2884 2885/1406/2885 2888/1407/2888 2887/1404/2887
f 2886/1405/2886 2887/1404/2887 2890/1408/2890 2889/1409/2889
f 2887/1404/2887 2888/1407/2888 2891/1410/2891 2890/1408/2890
f 96/1398/96 670/1411/670 2883/1402/2883 959/1399/959
f 670/1411/670 669/83/669 2884/1403/2884 2883/1402/2883
f 669/83/669 668/1412/668 2885/1406/2885 2884/1403/2884
f 668/1412/668 95/1413/95 962/308/962 2885/1406/2885
f 2885/1406/2885 962/308/962 963/1414/963 2888/1407/2888
f 2888/1407/2888 963/1414/963 964/1415/964 2891/1410/2891
f 2891/1410/2891 964/1415/964 100/1326/100 683/1325/683
f 2890/1408/2890 2891/1410/2891 683/1325/683 684/70/684
f 2889/1409/2889 2890/1408/2890 684/70/684 685/1324/685
f 961/1401/961 2889/1409/2889 685/1324/685 101/1311/101
f 960/1400/960 2886/1405/2886 2889/1409/2889 961/1401/961
f 959/1399/959 2883/1402/2883 2886/1405/2886 960/1400/960
f 2892/1416/2892 2893/1417/2893 2896/1418/2896 2895/1419/2895
f 2893/1417/2893 2894/1420/2894 2897/1421/2897 2896/1418/2896
f 2895/1419/2895 2896/1418/2896 2899/1422/2899 2898/1423/2898
f 2896/1418/2896 2897/1421/2897 2900/1424/2900 2899/1422/2899
f 176/1425/176 1510/1426/1510 2892/1416/2892 1229/1427/1229
f 1510/1426/1510 1509/1428/1509 2893/1417/2893 2892/1416/2892
f 1509/1428/1509 1508/1429/1508 2894/1420/2894 2893/1417/2893
f 1508/1429/1508 99/1430/99 950/1431/950 2894/1420/2894
f 2894/1420/2894 950/1431/950 951/1369/951 2897/1421/2897
f 2897/1421/2897 951/1369/951 952/1432/952 2900/1424/2900
f 2900/1424/2900 952/1432/952 104/1344/104 1511/1343/1511
f 2899/1422/2899 2900/1424/2900 1511/1343/1511 1512/1342/1512
f 2898/1423/2898 2899/1422/2899 1512/1342/1512 1513/1340/1513
f 1231/1433/1231 2898/1423/2898 1513/1340/1513 181/1339/181
f 1230/1434/1230 2895/1419/2895 2898/1423/2898 1231/1433/1231
f 1229/1427/1229 2892/1416/2892 2895/1419/2895 1230/1434/1230
f 2901/1435/2901 2902/1436/2902 2905/1437/2905 2904/1438/2904
f 2902/1436/2902 2903/1439/2903 2906/1440/2906 2905/1437/2905
f 2904/1438/2904 2905/1437/2905 2908/1441/2908 2907/1442/2907
f 2905/1437/2905 2906/1440/2906 2909/1443/2909 2908/1441/2908
f 94/1444/94 664/1445/664 2901/1435/2901 965/1446/965
f 664/1445/664 663/1447/663 2902/1436/2902 2901/1435/2901
f 663/1447/663 662/1448/662 2903/1439/2903 2902/1436/2902
f 662/1448/662 93/1449/93 968/1450/968 2903/1439/2903
f 2903/1439/2903 968/1450/968 969/1451/969 2906/1440/2906
f 2906/1440/2906 969/1451/969 970/1452/970 2909/1443/2909
f 2909/1443/2909 970/1452/970 98/1364/98 677/1363/677
f 2908/1441/2908 2909/1443/2909 677/1363/677 678/1362/678
f 2907/1442/2907 2908/1441/2908 678/1362/678 679/1360/679
f 967/1453/967 2907/1442/2907 679/1360/679 99/1359/99
f 966/1454/966 2904/1438/2904 2907/1442/2907 967/1453/967
f 965/1446/965 2901/1435/2901 2904/1438/2904 966/1454/966
f 2910/1455/2910 2911/1456/2911 2914/1457/2914 2913/1458/2913
f 2911/1456/2911 2912/1459/2912 2915/1460/2915 2914/1457/2914
f 2913/1458/2913 2914/1457/2914 2917/1461/2917 2916/1462/2916
f 2914/1457/2914 2915/1460/2915 2918/1463/2918 2917/1461/2917
f 93/1449/93 661/1464/661 2910/1455/2910 968/1450/968
f 661/1464/661 660/1465/660 2911/1456/2911 2910/1455/2910
f 660/1465/660 659/1466/659 2912/1459/2912 2911/1456/2911
f 659/1466/659 92/1467/92 971/1468/971 2912/1459/2912
f 2912/1459/2912 971/1468/971 972/1469/972 2915/1460/2915
f 2915/1460/2915 972/1469/972 973/1470/973 2918/1463/2918
f 2918/1463/2918 973/1470/973 97/1382/97 674/1381/674
f 2917/1461/2917 2918/1463/2918 674/1381/674 675/1380/675
f 2916/1462/2916 2917/1461/2917 675/1380/675 676/1379/676
f 970/1452/970 2916/1462/2916 676/1379/676 98/1364/98
f 969/1451/969 2913/1458/2913 2916/1462/2916 970/1452/970
f 968/1450/968 2910/1455/2910 2913/1458/2913 969/1451/969
f 2919/1471/2919 2920/1472/2920 2923/1473/2923 2922/1474/2922
f 2920/1472/2920 2921/1475/2921 2924/1476/2924 2923/1473/2923
f 2922/1474/2922 2923/1473/2923 2926/1477/2926 2925/1478/2925
f 2923/1473/2923 2924/1476/2924 2927/1479/2927 2926/1477/2926
f 92/1467/92 658/1480/658 2919/1471/2919 971/1468/971
f 658/1480/658 657/1481/657 2920/1472/2920 2919/1471/2919
f 657/1481/657 656/1482/656 2921/1475/2921 2920/1472/2920
f 656/1482/656 91/1483/91 974/1484/974 2921/1475/2921
f 2921/1475/2921 974/1484/974 975/1485/975 2924/1476/2924
f 2924/1476/2924 975/1485/975 976/1486/976 2927/1479/2927
f 2927/1479/2927 976/1486/976 96/1398/96 671/1397/671
f 2926/1477/2926 2927/1479/2927 671/1397/671 672/1396/672
f 2925/1478/2925 2926/1477/2926 672/1396/672 673/1395/673
f 973/1470/973 2925/1478/2925 673/1395/673 97/1382/97
f 972/1469/972 2922/1474/2922 2925/1478/2925 973/1470/973
f 971/1468/971 2919/1471/2919 2922/1474/2922 972/1469/972
f 2928/1487/2928 2929/1488/2929 2932/1489/2932 2931/1490/2931
f 2929/1488/2929 2930/1491/2930 2933/1492/2933 2932/1489/2932
f 2931/1490/2931 2932/1489/2932 2935/1493/2935 2934/1494/2934
f 2932/1489/2932 2933/1492/2933 2936/1495/2936 2935/1493/2935
f 91/1483/91 655/1496/655 2928/1487/2928 974/1484/974
f 655/1496/655 654/1497/654 2929/1488/2929 2928/1487/2928
f 654/1497/654 653/1498/653 2930/1491/2930 2929/1488/2929
f 653/1498/653 90/1499/90 977/1500/977 2930/1491/2930
f 2930/1491/2930 977/1500/977 978/1501/978 2933/1492/2933
f 2933/1492/2933 978/1501/978 979/1502/979 2936/1495/2936
f 2936/1495/2936 979/1502/979 95/1413/95 668/1412/668
f 2935/1493/2935 2936/1495/2936 668/1412/668 669/83/669
f 2934/1494/2934 2935/1493/2935 669/83/669 670/1411/670
f 976/1486/976 2934/1494/2934 670/1411/670 96/1398/96
f 975/1485/975 2931/1490/2931 2934/1494/2934 976/1486/976
f 974/1484/974 2928/1487/2928 2931/1490/2931 975/1485/975
f 2937/1503/2937 2938/1504/2938 2941/1505/2941 2940/1506/2940
f 2938/1504/2938 2939/1507/2939 2942/1508/2942 2941/1505/2941
f 2940/1506/2940 2941/1505/2941 2944/1509/2944 2943/1510/2943
f 2941/1505/2941 2942/1508/2942 2945/1511/2945 2944/1509/2944
f 171/1512/171 1507/1513/1507 2937/1503/2937 1202/1514/1202
f 1507/1513/1507 1506/1515/1506 2938/1504/2938 2937/1503/2937
f 1506/1515/1506 1505/1516/1505 2939/1507/2939 2938/1504/2938
f 1505/1516/1505 94/1517/94 965/1518/965 2939/1507/2939
f 2939/1507/2939 965/1518/965 966/1519/966 2942/1508/2942
f 2942/1508/2942 966/1519/966 967/1520/967 2945/1511/2945
f 2945/1511/2945 967/1520/967 99/1430/99 1508/1429/1508
f 2944/1509/2944 2945/1511/2945 1508/1429/1508 1509/1428/1509
f 2943/1510/2943 2944/1509/2944 1509/1428/1509 1510/1426/1510
f 1204/1521/1204 2943/1510/2943 1510/1426/1510 176/1425/176
f 1203/1522/1203 2940/1506/2940 2943/1510/2943 1204/1521/1204
f 1202/1514/1202 2937/1503/2937 2940/1506/2940 1203/1522/1203
f 2946/1523/2946 2947/1524/2947 2950/1525/2950 2949/1526/2949
f 2947/1524/2947 2948/1527/2948 2951/1528/2951 2950/1525/2950
f 2949/1526/2949 2950/1525/2950 2953/1529/2953 2952/1530/2952
f 2950/1525/2950 2951/1528/2951 2954/1531/2954 2953/1529/2953
f 89/1532/89 649/1533/649 2946/1523/2946 980/1534/980
f 649/1533/649 648/1535/648 2947/1524/2947 2946/1523/2946
f 648/1535/648 647/1536/647 2948/1527/2948 2947/1524/2947
f 647/1536/647 88/1537/88 983/1538/983 2948/1527/2948
f 2948/1527/2948 983/1538/983 984/1539/984 2951/1528/2951
f 2951/1528/2951 984/1539/984 985/1540/985 2954/1531/2954
f 2954/1531/2954 985/1540/985 93/1449/93 662/1448/662
f 2953/1529/2953 2954/1531/2954 662/1448/662 663/1447/663
f 2952/1530/2952 2953/1529/2953 663/1447/663 664/1445/664
f 982/1541/982 2952/1530/2952 664/1445/664 94/1444/94
f 981/1542/981 2949/1526/2949 2952/1530/2952 982/1541/982
f 980/1534/980 2946/1523/2946 2949/1526/2949 981/1542/981
f 2955/1543/2955 2956/1544/2956 2959/1545/2959 2958/1546/2958
f 2956/1544/2956 2957/1547/2957 2960/1548/2960 2959/1545/2959
f 2958/1546/2958 2959/1545/2959 2962/1549/2962 2961/1550/2961
f 2959/1545/2959 2960/1548/2960 2963/1551/2963 2962/1549/2962
f 88/1537/88 646/1552/646 2955/1543/2955 983/1538/983
f 646/1552/646 645/1553/645 2956/1544/2956 2955/1543/2955
f 645/1553/645 644/1554/644 2957/1547/2957 2956/1544/2956
f 644/1554/644 87/1555/87 986/1556/986 2957/1547/2957
f 2957/1547/2957 986/1556/986 987/1557/987 2960/1548/2960
f 2960/1548/2960 987/1557/987 988/1558/988 2963/1551/2963
f 2963/1551/2963 988/1558/988 92/1467/92 659/1466/659
f 2962/1549/2962 2963/1551/2963 659/1466/659 660/1465/660
f 2961/1550/2961 2962/1549/2962 660/1465/660 661/1464/661
f 985/1540/985 2961/1550/2961 661/1464/661 93/1449/93
f 984/1539/984 2958/1546/2958 2961/1550/2961 985/1540/985
f 983/1538/983 2955/1543/2955 2958/1546/2958 984/1539/984
f 2964/1559/2964 2965/1560/2965 2968/1561/2968 2967/1562/2967
f 2965/1560/2965 2966/1563/2966 2969/1564/2969 2968/1561/2968
f 2967/1562/2967 2968/1561/2968 2971/1565/2971 2970/1566/2970
f 2968/1561/2968 2969/1564/2969 2972/1567/2972 2971/1565/2971
f 87/1555/87 643/1568/643 2964/1559/2964 986/1556/986
f 643/1568/643 642/1569/642 2965/1560/2965 2964/1559/2964
f 642/1569/642 641/1570/641 2966/1563/2966 2965/1560/2965
f 641/1570/641 86/1571/86 989/1572/989 2966/1563/2966
f 2966/1563/2966 989/1572/989 990/1573/990 2969/1564/2969
f 2969/1564/2969 990/1573/990 991/1574/991 2972/1567/2972
f 2972/1567/2972 991/1574/991 91/1483/91 656/1482/656
f 2971/1565/2971 2972/1567/2972 656/1482/656 657/1481/657
f 2970/1566/2970 2971/1565/2971 657/1481/657 658/1480/658
f 988/1558/988 2970/1566/2970 658/1480/658 92/1467/92
f 987/1557/987 2967/1562/2967 2970/1566/2970 988/1558/988
f 986/1556/986 2964/1559/2964 2967/1562/2967 987/1557/987
f 2973/1575/2973 2974/1576/2974 2977/1577/2977 2976/1578/2976
f 2974/1576/2974 2975/1579/2975 2978/1580/2978 2977/1577/2977
f 2976/1578/2976 2977/1577/2977 2980/1581/2980 2979/1582/2979
f 2977/1577/2977 2978/1580/2978 2981/1583/2981 2980/1581/2980
f 86/1571/86 640/1584/640 2973/1575/2973 989/1572/989
f 640/1584/640 639/1585/639 2974/1576/2974 2973/1575/2973
f 639/1585/639 638/1586/638 2975/1579/2975 2974/1576/2974
f 638/1586/638 85/1587/85 992/1588/992 2975/1579/2975
f 2975/1579/2975 992/1588/992 993/1589/993 2978/1580/2978
f 2978/1580/2978 993/1589/993 994/1590/994 2981/1583/2981
f 2981/1583/2981 994/1590/994 90/1499/90 653/1498/653
f 2980/1581/2980 2981/1583/2981 653/1498/653 654/1497/654
f 2979/1582/2979 2980/1581/2980 654/1497/654 655/1496/655
f 991/1574/991 2979/1582/2979 655/1496/655 91/1483/91
f 990/1573/990 2976/1578/2976 2979/1582/2979 991/1574/991
f 989/1572/989 2973/1575/2973 2976/1578/2976 990/1573/990
f 2982/1591/2982 2983/1592/2983 2986/1593/2986 2985/1594/2985
f 2983/1592/2983 2984/1595/2984 2987/1596/2987 2986/1593/2986
f 2985/1594/2985 2986/1593/2986 2989/1597/2989 2988/1598/2988
f 2986/1593/2986 2987/1596/2987 2990/1599/2990 2989/1597/2989
f 166/1600/166 1504/1601/1504 2982/1591/2982 1175/1602/1175
f 1504/1601/1504 1503/1603/1503 2983/1592/2983 2982/1591/2982
f 1503/1603/1503 1502/1604/1502 2984/1595/2984 2983/1592/2983
f 1502/1604/1502 89/1532/89 980/1605/980 2984/1595/2984
f 2984/1595/2984 980/1605/980 981/1606/981 2987/1596/2987
f 2987/1596/2987 981/1606/981 982/1607/982 2990/1599/2990
f 2990/1599/2990 982/1607/982 94/1517/94 1505/1516/1505
f 2989/1597/2989 2990/1599/2990 1505/1516/1505 1506/1515/1506
f 2988/1598/2988 2989/1597/2989 1506/1515/1506 1507/1513/1507
f 1177/1608/1177 2988/1598/2988 1507/1513/1507 171/1512/171
f 1176/1609/1176 2985/1594/2985 2988/1598/2988 1177/1608/1177
f 1175/1602/1175 2982/1591/2982 2985/1594/2985 1176/1609/1176
f 2991/1610/2991 2992/1611/2992 2995/1612/2995 2994/1613/2994
f 2992/1611/2992 2993/1614/2993 2996/1615/2996 2995/1612/2995
f 2994/1613/2994 2995/1612/2995 2998/1616/2998 2997/1617/2997
f 2995/1612/2995 2996/1615/2996 2999/1618/2999 2998/1616/2998
f 84/1619/84 634/1620/634 2991/1610/2991 995/1621/995
f 634/1620/634 633/1622/633 2992/1611/2992 2991/1610/2991
f 633/1622/633 632/1623/632 2993/1614/2993 2992/1611/2992
f 632/1623/632 83/1624/83 998/1625/998 2993/1614/2993
f 2993/1614/2993 998/1625/998 999/1626/999 2996/1615/2996
f 2996/1615/2996 999/1626/999 1000/1627/1000 2999/1618/2999
f 2999/1618/2999 1000/1627/1000 88/1537/88 647/1536/647
f 2998/1616/2998 2999/1618/2999 647/1536/647 648/1535/648
f 2997/1617/2997 2998/1616/2998 648/1535/648 649/1533/649
f 997/1628/997 2997/1617/2997 649/1533/649 89/1532/89
f 996/1629/996 2994/1613/2994 2997/1617/2997 997/1628/997
f 995/1621/995 2991/1610/2991 2994/1613/2994 996/1629/996
f 3000/1630/3000 3001/1631/3001 3004/1632/3004 3003/1633/3003
f 3001/1631/3001 3002/1634/3002 3005/1635/3005 3004/1632/3004
f 3003/1633/3003 3004/1632/3004 3007/1636/3007 3006/1637/3006
f 3004/1632/3004 3005/1635/3005 3008/1638/3008 3007/1636/3007
f 83/1624/83 631/1639/631 3000/1630/3000 998/1625/998
f 631/1639/631 630/1640/630 3001/1631/3001 3000/1630/3000
f 630/1640/630 629/1641/629 3002/1634/3002 3001/1631/3001
f 629/1641/629 82/1642/82 1001/1643/1001 3002/1634/3002
f 3002/1634/3002 1001/1643/1001 1002/1644/1002 3005/1635/3005
f 3005/1635/3005 1002/1644/1002 1003/1645/1003 3008/1638/3008
f 3008/1638/3008 1003/1645/1003 87/1555/87 644/1554/644
f 3007/1636/3007 3008/1638/3008 644/1554/644 645/1553/645
f 3006/1637/3006 3007/1636/3007 645/1553/645 646/1552/646
f 1000/1627/1000 3006/1637/3006 646/1552/646 88/1537/88
f 999/1626/999 3003/1633/3003 3006/1637/3006 1000/1627/1000
f 998/1625/998 3000/1630/3000 3003/1633/3003 999/1626/999
f 3009/1646/3009 3010/1647/3010 3013/1648/3013 3012/1649/3012
f 3010/1647/3010 3011/1650/3011 3014/1651/3014 3013/1648/3013
f 3012/1649/3012 3013/1648/3013 3016/1652/3016 3015/1653/3015
f 3013/1648/3013 3014/1651/3014 3017/1654/3017 3016/1652/3016
f 82/1642/82 628/1655/628 3009/1646/3009 1001/1643/1001
f 628/1655/628 627/1656/627 3010/1647/3010 3009/1646/3009
f 627/1656/627 626/1657/626 3011/1650/3011 3010/1647/3010
f 626/1657/626 81/1658/81 1004/1659/1004 3011/1650/3011
f 3011/1650/3011 1004/1659/1004 1005/1660/1005 3014/1651/3014
f 3014/1651/3014 1005/1660/1005 1006/1661/1006 3017/1654/3017
f 3017/1654/3017 1006/1661/1006 86/1571/86 641/1570/641
f 3016/1652/3016 3017/1654/3017 641/1570/641 642/1569/642
f 3015/1653/3015 3016/1652/3016 642/1569/642 643/1568/643
f 1003/1645/1003 3015/1653/3015 643/1568/643 87/1555/87
f 1002/1644/1002 3012/1649/3012 3015/1653/3015 1003/1645/1003
f 1001/1643/1001 3009/1646/3009 3012/1649/3012 1002/1644/1002
f 3018/1662/3018 3019/1663/3019 3022/1664/3022 3021/1665/3021
f 3019/1663/3019 3020/1666/3020 3023/1667/3023 3022/1664/3022
f 3021/1665/3021 3022/1664/3022 3025/1668/3025 3024/1669/3024
f 3022/1664/3022 3023/1667/3023 3026/1670/3026 3025/1668/3025
f 81/1658/81 625/1671/625 3018/1662/3018 1004/1659/1004
f 625/1671/625 624/1672/624 3019/1663/3019 3018/1662/3018
f 624/1672/624 623/1673/623 3020/1666/3020 3019/1663/3019
f 623/1673/623 80/1674/80 1007/1675/1007 3020/1666/3020
f 3020/1666/3020 1007/1675/1007 1008/1676/1008 3023/1667/3023
f 3023/1667/3023 1008/1676/1008 1009/1677/1009 3026/1670/3026
f 3026/1670/3026 1009/1677/1009 85/1587/85 638/1586/638
f 3025/1668/3025 3026/1670/3026 638/1586/638 639/1585/639
f 3024/1669/3024 3025/1668/3025 639/1585/639 640/1584/640
f 1006/1661/1006 3024/1669/3024 640/1584/640 86/1571/86
f 1005/1660/1005 3021/1665/3021 3024/1669/3024 1006/1661/1006
f 1004/1659/1004 3018/1662/3018 3021/1665/3021 1005/1660/1005
f 3027/1678/3027 3028/1679/3028 3031/1680/3031 3030/1681/3030
f 3028/1679/3028 3029/1682/3029 3032/1683/3032 3031/1680/3031
f 3030/1681/3030 3031/1680/3031 3034/1684/3034 3033/1685/3033
f 3031/1680/3031 3032/1683/3032 3035/1686/3035 3034/1684/3034
f 161/1687/161 1501/1688/1501 3027/1678/3027 1148/1689/1148
f 1501/1688/1501 1500/1690/1500 3028/1679/3028 3027/1678/3027
f 1500/1690/1500 1499/1691/1499 3029/1682/3029 3028/1679/3028
f 1499/1691/1499 84/1692/84 995/1693/995 3029/1682/3029
f 3029/1682/3029 995/1693/995 996/1629/996 3032/1683/3032
f 3032/1683/3032 996/1629/996 997/1694/997 3035/1686/3035
f 3035/1686/3035 997/1694/997 89/1532/89 1502/1604/1502
f 3034/1684/3034 3035/1686/3035 1502/1604/1502 1503/1603/1503
f 3033/1685/3033 3034/1684/3034 1503/1603/1503 1504/1601/1504
f 1150/1695/1150 3033/1685/3033 1504/1601/1504 166/1600/166
f 1149/1696/1149 3030/1681/3030 3033/1685/3033 1150/1695/1150
f 1148/1689/1148 3027/1678/3027 3030/1681/3030 1149/1696/1149
f 3036/1697/3036 3037/1698/3037 3040/1699/3040 3039/1700/3039
f 3037/1698/3037 3038/1701/3038 3041/1702/3041 3040/1699/3040
f 3039/1700/3039 3040/1699/3040 3043/1703/3043 3042/1704/3042
f 3040/1699/3040 3041/1702/3041 3044/1705/3044 3043/1703/3043
f 79/1706/79 619/1707/619 3036/1697/3036 1010/1708/1010
f 619/1707/619 618/1709/618 3037/1698/3037 3036/1697/3036
f 618/1709/618 617/1710/617 3038/1701/3038 3037/1698/3037
f 617/1710/617 78/1711/78 1013/1712/1013 3038/1701/3038
f 3038/1701/3038 1013/1712/1013 1014/1713/1014 3041/1702/3041
f 3041/1702/3041 1014/1713/1014 1015/1714/1015 3044/1705/3044
f 3044/1705/3044 1015/1714/1015 83/1624/83 632/1623/632
f 3043/1703/3043 3044/1705/3044 632/1623/632 633/1622/633
f 3042/1704/3042 3043/1703/3043 633/1622/633 634/1620/634
f 1012/1715/1012 3042/1704/3042 634/1620/634 84/1619/84
f 1011/1716/1011 3039/1700/3039 3042/1704/3042 1012/1715/1012
f 1010/1708/1010 3036/1697/3036 3039/1700/3039 1011/1716/1011
f 3045/1717/3045 3046/1718/3046 3049/1719/3049 3048/1720/3048
f 3046/1718/3046 3047/1721/3047 3050/1722/3050 3049/1719/3049
f 3048/1720/3048 3049/1719/3049 3052/1723/3052 3051/1724/3051
f 3049/1719/3049 3050/1722/3050 3053/1725/3053 3052/1723/3052
f 78/1711/78 616/1726/616 3045/1717/3045 1013/1712/1013
f 616/1726/616 615/1727/615 3046/1718/3046 3045/1717/3045
f 615/1727/615 614/1728/614 3047/1721/3047 3046/1718/3046
f 614/1728/614 77/1729/77 1016/1730/1016 3047/1721/3047
f 3047/1721/3047 1016/1730/1016 1017/1731/1017 3050/1722/3050
f 3050/1722/3050 1017/1731/1017 1018/1732/1018 3053/1725/3053
f 3053/1725/3053 1018/1732/1018 82/1642/82 629/1641/629
f 3052/1723/3052 3053/1725/3053 629/1641/629 630/1640/630
f 3051/1724/3051 3052/1723/3052 630/1640/630 631/1639/631
f 1015/1714/1015 3051/1724/3051 631/1639/631 83/1624/83
f 1014/1713/1014 3048/1720/3048 3051/1724/3051 1015/1714/1015
f 1013/1712/1013 3045/1717/3045 3048/1720/3048 1014/1713/1014
f 3054/1733/3054 3055/1734/3055 3058/1735/3058 3057/1736/3057
f 3055/1734/3055 3056/1737/3056 3059/1738/3059 3058/1735/3058
f 3057/1736/3057 3058/1735/3058 3061/1739/3061 3060/1740/3060
f 3058/1735/3058 3059/1738/3059 3062/1741/3062 3061/1739/3061
f 77/1729/77 613/1742/613 3054/1733/3054 1016/1730/1016
f 613/1742/613 612/1743/612 3055/1734/3055 3054/1733/3054
f 612/1743/612 611/1744/611 3056/1737/3056 3055/1734/3055
f 611/1744/611 76/1745/76 1019/1746/1019 3056/1737/3056
f 3056/1737/3056 1019/1746/1019 1020/1747/1020 3059/1738/3059
f 3059/1738/3059 1020/1747/1020 1021/1748/1021 3062/1741/3062
f 3062/1741/3062 1021/1748/1021 81/1658/81 626/1657/626
f 3061/1739/3061 3062/1741/3062 626/1657/626 627/1656/627
f 3060/1740/3060 3061/1739/3061 627/1656/627 628/1655/628
f 1018/1732/1018 3060/1740/3060 628/1655/628 82/1642/82
f 1017/1731/1017 3057/1736/3057 3060/1740/3060 1018/1732/1018
f 1016/1730/1016 3054/1733/3054 3057/1736/3057 1017/1731/1017
f 3063/1749/3063 3064/1750/3064 3067/1751/3067 3066/1752/3066
f 3064/1750/3064 3065/1753/3065 3068/1754/3068 3067/1751/3067
f 3066/1752/3066 3067/1751/3067 3070/1755/3070 3069/1756/3069
f 3067/1751/3067 3068/1754/3068 3071/1757/3071 3070/1755/3070
f 76/1745/76 610/1758/610 3063/1749/3063 1019/1746/1019
f 610/1758/610 609/1759/609 3064/1750/3064 3063/1749/3063
f 609/1759/609 608/1760/608 3065/1753/3065 3064/1750/3064
f 608/1760/608 75/1761/75 1022/1762/1022 3065/1753/3065
f 3065/1753/3065 1022/1762/1022 1023/1763/1023 3068/1754/3068
f 3068/1754/3068 1023/1763/1023 1024/1764/1024 3071/1757/3071
f 3071/1757/3071 1024/1764/1024 80/1674/80 623/1673/623
f 3070/1755/3070 3071/1757/3071 623/1673/623 624/1672/624
f 3069/1756/3069 3070/1755/3070 624/1672/624 625/1671/625
f 1021/1748/1021 3069/1756/3069 625/1671/625 81/1658/81
f 1020/1747/1020 3066/1752/3066 3069/1756/3069 1021/1748/1021
f 1019/1746/1019 3063/1749/3063 3066/1752/3066 1020/1747/1020
f 3072/1765/3072 3073/1766/3073 3076/1767/3076 3075/1768/3075
f 3073/1766/3073 3074/1769/3074 3077/1770/3077 3076/1767/3076
f 3075/1768/3075 3076/1767/3076 3079/1771/3079 3078/1772/3078
f 3076/1767/3076 3077/1770/3077 3080/1773/3080 3079/1771/3079
f 156/570/156 1498/568/1498 3072/1765/3072 1121/1774/1121
f 1498/568/1498 1497/567/1497 3073/1766/3073 3072/1765/3072
f 1497/567/1497 1496/566/1496 3074/1769/3074 3073/1766/3073
f 1496/566/1496 79/565/79 1010/1775/1010 3074/1769/3074
f 3074/1769/3074 1010/1775/1010 1011/1776/1011 3077/1770/3077
f 3077/1770/3077 1011/1776/1011 1012/1777/1012 3080/1773/3080
f 3080/1773/3080 1012/1777/1012 84/1692/84 1499/1691/1499
f 3079/1771/3079 3080/1773/3080 1499/1691/1499 1500/1690/1500
f 3078/1772/3078 3079/1771/3079 1500/1690/1500 1501/1688/1501
f 1123/1778/1123 3078/1772/3078 1501/1688/1501 161/1687/161
f 1122/1779/1122 3075/1768/3075 3078/1772/3078 1123/1778/1123
f 1121/1774/1121 3072/1765/3072 3075/1768/3075 1122/1779/1122
f 3081/1780/3081 3082/1781/3082 3085/1782/3085 3084/1783/3084
f 3082/1781/3082 3083/1784/3083 3086/1785/3086 3085/1782/3085
f 3084/1783/3084 3085/1782/3085 3088/1786/3088 3087/1787/3087
f 3085/1782/3085 3086/1785/3086 3089/1788/3089 3088/1786/3088
f 74/561/74 604/1789/604 3081/1780/3081 1025/1790/1025
f 604/1789/604 603/1791/603 3082/1781/3082 3081/1780/3081
f 603/1791/603 602/1792/602 3083/1784/3083 3082/1781/3082
f 602/1792/602 73/1793/73 1028/1794/1028 3083/1784/3083
f 3083/1784/3083 1028/1794/1028 1029/1795/1029 3086/1785/3086
f 3086/1785/3086 1029/1795/1029 1030/1796/1030 3089/1788/3089
f 3089/1788/3089 1030/1796/1030 78/1711/78 617/1710/617
f 3088/1786/3088 3089/1788/3089 617/1710/617 618/1709/618
f 3087/1787/3087 3088/1786/3088 618/1709/618 619/1707/619
f 1027/1797/1027 3087/1787/3087 619/1707/619 79/1706/79
f 1026/1798/1026 3084/1783/3084 3087/1787/3087 1027/1797/1027
f 1025/1790/1025 3081/1780/3081 3084/1783/3084 1026/1798/1026
f 3090/1799/3090 3091/1800/3091 3094/1801/3094 3093/1802/3093
f 3091/1800/3091 3092/1803/3092 3095/1804/3095 3094/1801/3094
f 3093/1802/3093 3094/1801/3094 3097/1805/3097 3096/1806/3096
f 3094/1801/3094 3095/1804/3095 3098/1807/3098 3097/1805/3097
f 73/1793/73 601/1808/601 3090/1799/3090 1028/1794/1028
f 601/1808/601 600/1809/600 3091/1800/3091 3090/1799/3090
f 600/1809/600 599/1810/599 3092/1803/3092 3091/1800/3091
f 599/1810/599 72/1811/72 1031/1812/1031 3092/1803/3092
f 3092/1803/3092 1031/1812/1031 1032/1813/1032 3095/1804/3095
f 3095/1804/3095 1032/1813/1032 1033/1814/1033 3098/1807/3098
f 3098/1807/3098 1033/1814/1033 77/1729/77 614/1728/614
f 3097/1805/3097 3098/1807/3098 614/1728/614 615/1727/615
f 3096/1806/3096 3097/1805/3097 615/1727/615 616/1726/616
f 1030/1796/1030 3096/1806/3096 616/1726/616 78/1711/78
f 1029/1795/1029 3093/1802/3093 3096/1806/3096 1030/1796/1030
f 1028/1794/1028 3090/1799/3090 3093/1802/3093 1029/1795/1029
f 3099/1815/3099 3100/1816/3100 3103/1817/3103 3102/1818/3102
f 3100/1816/3100 3101/1819/3101 3104/1820/3104 3103/1817/3103
f 3102/1818/3102 3103/1817/3103 3106/1821/3106 3105/1822/3105
f 3103/1817/3103 3104/1820/3104 3107/1823/3107 3106/1821/3106
f 72/1811/72 598/1824/598 3099/1815/3099 1031/1812/1031
f 598/1824/598 597/1825/597 3100/1816/3100 3099/1815/3099
f 597/1825/597 596/1826/596 3101/1819/3101 3100/1816/3100
f 596/1826/596 71/1827/71 1034/1828/1034 3101/1819/3101
f 3101/1819/3101 1034/1828/1034 1035/1829/1035 3104/1820/3104
f 3104/1820/3104 1035/1829/1035 1036/1830/1036 3107/1823/3107
f 3107/1823/3107 1036/1830/1036 76/1745/76 611/1744/611
f 3106/1821/3106 3107/1823/3107 611/1744/611 612/1743/612
f 3105/1822/3105 3106/1821/3106 612/1743/612 613/1742/613
f 1033/1814/1033 3105/1822/3105 613/1742/613 77/1729/77
f 1032/1813/1032 3102/1818/3102 3105/1822/3105 1033/1814/1033
f 1031/1812/1031 3099/1815/3099 3102/1818/3102 1032/1813/1032
f 3108/1831/3108 3109/1832/3109 3112/1833/3112 3111/1834/3111
f 3109/1832/3109 3110/1835/3110 3113/1836/3113 3112/1833/3112
f 3111/1834/3111 3112/1833/3112 3115/1837/3115 3114/1838/3114
f 3112/1833/3112 3113/1836/3113 3116/1839/3116 3115/1837/3115
f 71/1827/71 595/1840/595 3108/1831/3108 1034/1828/1034
f 595/1840/595 594/1841/594 3109/1832/3109 3108/1831/3108
f 594/1841/594 593/1842/593 3110/1835/3110 3109/1832/3109
f 593/1842/593 70/1843/70 1037/1844/1037 3110/1835/3110
f 3110/1835/3110 1037/1844/1037 1038/1845/1038 3113/1836/3113
f 3113/1836/3113 1038/1845/1038 1039/1846/1039 3116/1839/3116
f 3116/1839/3116 1039/1846/1039 75/1761/75 608/1760/608
f 3115/1837/3115 3116/1839/3116 608/1760/608 609/1759/609
f 3114/1838/3114 3115/1837/3115 609/1759/609 610/1758/610
f 1036/1830/1036 3114/1838/3114 610/1758/610 76/1745/76
f 1035/1829/1035 3111/1834/3111 3114/1838/3114 1036/1830/1036
f 1034/1828/1034 3108/1831/3108 3111/1834/3111 1035/1829/1035
f 3117/1847/3117 3118/1848/3118 3121/1849/3121 3120/1850/3120
f 3118/1848/3118 3119/1851/3119 3122/1852/3122 3121/1849/3121
f 3120/1850/3120 3121/1849/3121 3124/1853/3124 3123/1854/3123
f 3121/1849/3121 3122/1852/3122 3125/1855/3125 3124/1853/3124
f 65/1856/65 578/1857/578 3117/1847/3117 1040/1858/1040
f 578/1857/578 579/1859/579 3118/1848/3118 3117/1847/3117
f 579/1859/579 580/1860/580 3119/1851/3119 3118/1848/3118
f 580/1860/580 66/1861/66 1043/1862/1043 3119/1851/3119
f 3119/1851/3119 1043/1862/1043 1044/1863/1044 3122/1852/3122
f 3122/1852/3122 1044/1863/1044 1045/1864/1045 3125/1855/3125
f 3125/1855/3125 1045/1864/1045 73/1865/73 602/1866/602
f 3124/1853/3124 3125/1855/3125 602/1866/602 603/1867/603
f 3123/1854/3123 3124/1853/3124 603/1867/603 604/1868/604
f 1042/1869/1042 3123/1854/3123 604/1868/604 74/561/74
f 1041/1870/1041 3120/1850/3120 3123/1854/3123 1042/1869/1042
f 1040/1858/1040 3117/1847/3117 3120/1850/3120 1041/1870/1041
f 3126/1871/3126 3127/1872/3127 3130/1873/3130 3129/1874/3129
f 3127/1872/3127 3128/1875/3128 3131/1876/3131 3130/1873/3130
f 3129/1874/3129 3130/1873/3130 3133/1877/3133 3132/1878/3132
f 3130/1873/3130 3131/1876/3131 3134/1879/3134 3133/1877/3133
f 66/1861/66 581/1880/581 3126/1871/3126 1043/1862/1043
f 581/1880/581 582/1881/582 3127/1872/3127 3126/1871/3126
f 582/1881/582 583/1882/583 3128/1875/3128 3127/1872/3127
f 583/1882/583 67/1883/67 1046/1884/1046 3128/1875/3128
f 3128/1875/3128 1046/1884/1046 1047/1885/1047 3131/1876/3131
f 3131/1876/3131 1047/1885/1047 1048/1886/1048 3134/1879/3134
f 3134/1879/3134 1048/1886/1048 72/1887/72 599/1888/599
f 3133/1877/3133 3134/1879/3134 599/1888/599 600/1889/600
f 3132/1878/3132 3133/1877/3133 600/1889/600 601/1890/601
f 1045/1864/1045 3132/1878/3132 601/1890/601 73/1865/73
f 1044/1863/1044 3129/1874/3129 3132/1878/3132 1045/1864/1045
f 1043/1862/1043 3126/1871/3126 3129/1874/3129 1044/1863/1044
f 3135/1891/3135 3136/1892/3136 3139/1893/3139 3138/1894/3138
f 3136/1892/3136 3137/1895/3137 3140/1896/3140 3139/1893/3139
f 3138/1894/3138 3139/1893/3139 3142/1897/3142 3141/1898/3141
f 3139/1893/3139 3140/1896/3140 3143/1899/3143 3142/1897/3142
f 67/1883/67 584/1900/584 3135/1891/3135 1046/1884/1046
f 584/1900/584 585/1901/585 3136/1892/3136 3135/1891/3135
f 585/1901/585 586/1902/586 3137/1895/3137 3136/1892/3136
f 586/1902/586 68/1903/68 1049/1904/1049 3137/1895/3137
f 3137/1895/3137 1049/1904/1049 1050/1905/1050 3140/1896/3140
f 3140/1896/3140 1050/1905/1050 1051/1906/1051 3143/1899/3143
f 3143/1899/3143 1051/1906/1051 71/1827/71 596/1907/596
f 3142/1897/3142 3143/1899/3143 596/1907/596 597/1908/597
f 3141/1898/3141 3142/1897/3142 597/1908/597 598/1824/598
f 1048/1886/1048 3141/1898/3141 598/1824/598 72/1887/72
f 1047/1885/1047 3138/1894/3138 3141/1898/3141 1048/1886/1048
f 1046/1884/1046 3135/1891/3135 3138/1894/3138 1047/1885/1047
f 3144/1909/3144 3145/1910/3145 3148/1911/3148 3147/1912/3147
f 3145/1910/3145 3146/1913/3146 3149/1914/3149 3148/1911/3148
f 3147/1912/3147 3148/1911/3148 3151/1915/3151 3150/1916/3150
f 3148/1911/3148 3149/1914/3149 3152/1917/3152 3151/1915/3151
f 68/1903/68 587/1918/587 3144/1909/3144 1049/1904/1049
f 587/1918/587 588/1919/588 3145/1910/3145 3144/1909/3144
f 588/1919/588 589/1920/589 3146/1913/3146 3145/1910/3145
f 589/1920/589 69/183/69 1052/185/1052 3146/1913/3146
f 3146/1913/3146 1052/185/1052 1053/198/1053 3149/1914/3149
f 3149/1914/3149 1053/198/1053 1054/196/1054 3152/1917/3152
f 3152/1917/3152 1054/196/1054 70/197/70 593/1921/593
f 3151/1915/3151 3152/1917/3152 593/1921/593 594/1922/594
f 3150/1916/3150 3151/1915/3151 594/1922/594 595/1840/595
f 1051/1906/1051 3150/1916/3150 595/1840/595 71/1827/71
f 1050/1905/1050 3147/1912/3147 3150/1916/3150 1051/1906/1051
f 1049/1904/1049 3144/1909/3144 3147/1912/3147 1050/1905/1050
f 3153/1923/3153 3154/1924/3154 3157/1925/3157 3156/1926/3156
f 3154/1924/3154 3155/1927/3155 3158/1928/3158 3157/1925/3157
f 3156/1926/3156 3157/1925/3157 3160/1929/3160 3159/1930/3159
f 3157/1925/3157 3158/1928/3158 3161/1931/3161 3160/1929/3160
f 146/1932/146 1058/1933/1058 3153/1923/3153 1057/1934/1057
f 1058/1933/1058 1059/1935/1059 3154/1924/3154 3153/1923/3153
f 1059/1935/1059 1060/1936/1060 3155/1927/3155 3154/1924/3154
f 1060/1936/1060 151/556/151 1061/1937/1061 3155/1927/3155
f 3155/1927/3155 1061/1937/1061 1062/1938/1062 3158/1928/3158
f 3158/1928/3158 1062/1938/1062 1063/1939/1063 3161/1931/3161
f 3161/1931/3161 1063/1939/1063 154/1940/154 1064/1941/1064
f 3160/1929/3160 3161/1931/3161 1064/1941/1064 1065/1942/1065
f 3159/1930/3159 3160/1929/3160 1065/1942/1065 1066/1943/1066
f 1055/1944/1055 3159/1930/3159 1066/1943/1066 149/1945/149
f 1056/1946/1056 3156/1926/3156 3159/1930/3159 1055/1944/1055
f 1057/1934/1057 3153/1923/3153 3156/1926/3156 1056/1946/1056
f 3162/1947/3162 3163/1948/3163 3166/1949/3166 3165/1950/3165
f 3163/1948/3163 3164/1951/3164 3167/1952/3167 3166/1949/3166
f 3165/1950/3165 3166/1949/3166 3169/1953/3169 3168/1954/3168
f 3166/1949/3166 3167/1952/3167 3170/1955/3170 3169/1953/3169
f 149/1945/149 1066/1943/1066 3162/1947/3162 1069/1956/1069
f 1066/1943/1066 1065/1942/1065 3163/1948/3163 3162/1947/3162
f 1065/1942/1065 1064/1941/1064 3164/1951/3164 3163/1948/3163
f 1064/1941/1064 154/1940/154 1070/1957/1070 3164/1951/3164
f 3164/1951/3164 1070/1957/1070 1071/1958/1071 3167/1952/3167
f 3167/1952/3167 1071/1958/1071 1072/1959/1072 3170/1955/3170
f 3170/1955/3170 1072/1959/1072 153/1960/153 1073/1961/1073
f 3169/1953/3169 3170/1955/3170 1073/1961/1073 1074/1962/1074
f 3168/1954/3168 3169/1953/3169 1074/1962/1074 1075/1963/1075
f 1067/1964/1067 3168/1954/3168 1075/1963/1075 148/1965/148
f 1068/1966/1068 3165/1950/3165 3168/1954/3168 1067/1964/1067
f 1069/1956/1069 3162/1947/3162 3165/1950/3165 1068/1966/1068
f 3171/1967/3171 3172/1968/3172 3175/1969/3175 3174/1970/3174
f 3172/1968/3172 3173/1971/3173 3176/1972/3176 3175/1969/3175
f 3174/1970/3174 3175/1969/3175 3178/1973/3178 3177/1974/3177
f 3175/1969/3175 3176/1972/3176 3179/1975/3179 3178/1973/3178
f 148/1976/148 1075/1977/1075 3171/1967/3171 1078/1978/1078
f 1075/1977/1075 1074/1979/1074 3172/1968/3172 3171/1967/3171
f 1074/1979/1074 1073/1980/1073 3173/1971/3173 3172/1968/3172
f 1073/1980/1073 153/1981/153 1079/1982/1079 3173/1971/3173
f 3173/1971/3173 1079/1982/1079 1080/1983/1080 3176/1972/3176
f 3176/1972/3176 1080/1983/1080 1081/1984/1081 3179/1975/3179
f 3179/1975/3179 1081/1984/1081 152/1985/152 1082/1986/1082
f 3178/1973/3178 3179/1975/3179 1082/1986/1082 1083/1987/1083
f 3177/1974/3177 3178/1973/3178 1083/1987/1083 1084/1988/1084
f 1076/1989/1076 3177/1974/3177 1084/1988/1084 147/1990/147
f 1077/1991/1077 3174/1970/3174 3177/1974/3177 1076/1989/1076
f 1078/1978/1078 3171/1967/3171 3174/1970/3174 1077/1991/1077
f 3180/1992/3180 3181/1993/3181 3184/1994/3184 3183/1995/3183
f 3181/1993/3181 3182/1996/3182 3185/1997/3185 3184/1994/3184
f 3183/1995/3183 3184/1994/3184 3187/1998/3187 3186/1999/3186
f 3184/1994/3184 3185/1997/3185 3188/2000/3188 3187/1998/3187
f 147/1990/147 1084/1988/1084 3180/1992/3180 1087/2001/1087
f 1084/1988/1084 1083/1987/1083 3181/1993/3181 3180/1992/3180
f 1083/1987/1083 1082/1986/1082 3182/1996/3182 3181/1993/3181
f 1082/1986/1082 152/1985/152 1088/2002/1088 3182/1996/3182
f 3182/1996/3182 1088/2002/1088 1089/2003/1089 3185/1997/3185
f 3185/1997/3185 1089/2003/1089 1090/2004/1090 3188/2000/3188
f 3188/2000/3188 1090/2004/1090 150/473/150 1091/2005/1091
f 3187/1998/3187 3188/2000/3188 1091/2005/1091 1092/2006/1092
f 3186/1999/3186 3187/1998/3187 1092/2006/1092 1093/2007/1093
f 1085/2008/1085 3186/1999/3186 1093/2007/1093 145/2009/145
f 1086/2010/1086 3183/1995/3183 3186/1999/3186 1085/2008/1085
f 1087/2001/1087 3180/1992/3180 3183/1995/3183 1086/2010/1086
f 3189/2011/3189 3190/2012/3190 3193/2013/3193 3192/2014/3192
f 3190/2012/3190 3191/2015/3191 3194/2016/3194 3193/2013/3193
f 3192/2014/3192 3193/2013/3193 3196/2017/3196 3195/2018/3195
f 3193/2013/3193 3194/2016/3194 3197/2019/3197 3196/2017/3196
f 151/556/151 1094/2020/1094 3189/2011/3189 1061/2021/1061
f 1094/2020/1094 1095/2022/1095 3190/2012/3190 3189/2011/3189
f 1095/2022/1095 1096/2023/1096 3191/2015/3191 3190/2012/3190
f 1096/2023/1096 156/570/156 1097/2024/1097 3191/2015/3191
f 3191/2015/3191 1097/2024/1097 1098/2025/1098 3194/2016/3194
f 3194/2016/3194 1098/2025/1098 1099/2026/1099 3197/2019/3197
f 3197/2019/3197 1099/2026/1099 159/2027/159 1100/2028/1100
f 3196/2017/3196 3197/2019/3197 1100/2028/1100 1101/2029/1101
f 3195/2018/3195 3196/2017/3196 1101/2029/1101 1102/2030/1102
f 1063/2031/1063 3195/2018/3195 1102/2030/1102 154/2032/154
f 1062/2033/1062 3192/2014/3192 3195/2018/3195 1063/2031/1063
f 1061/2021/1061 3189/2011/3189 3192/2014/3192 1062/2033/1062
f 3198/2034/3198 3199/2035/3199 3202/2036/3202 3201/2037/3201
f 3199/2035/3199 3200/2038/3200 3203/2039/3203 3202/2036/3202
f 3201/2037/3201 3202/2036/3202 3205/2040/3205 3204/2041/3204
f 3202/2036/3202 3203/2039/3203 3206/2042/3206 3205/2040/3205
f 154/2032/154 1102/2030/1102 3198/2034/3198 1070/2043/1070
f 1102/2030/1102 1101/2029/1101 3199/2035/3199 3198/2034/3198
f 1101/2029/1101 1100/2028/1100 3200/2038/3200 3199/2035/3199
f 1100/2028/1100 159/2027/159 1103/2044/1103 3200/2038/3200
f 3200/2038/3200 1103/2044/1103 1104/2045/1104 3203/2039/3203
f 3203/2039/3203 1104/2045/1104 1105/2046/1105 3206/2042/3206
f 3206/2042/3206 1105/2046/1105 158/2047/158 1106/2048/1106
f 3205/2040/3205 3206/2042/3206 1106/2048/1106 1107/2049/1107
f 3204/2041/3204 3205/2040/3205 1107/2049/1107 1108/2050/1108
f 1072/2051/1072 3204/2041/3204 1108/2050/1108 153/2052/153
f 1071/2053/1071 3201/2037/3201 3204/2041/3204 1072/2051/1072
f 1070/2043/1070 3198/2034/3198 3201/2037/3201 1071/2053/1071
f 3207/2054/3207 3208/2055/3208 3211/2056/3211 3210/2057/3210
f 3208/2055/3208 3209/2058/3209 3212/2059/3212 3211/2056/3211
f 3210/2057/3210 3211/2056/3211 3214/2060/3214 3213/2061/3213
f 3211/2056/3211 3212/2059/3212 3215/2062/3215 3214/2060/3214
f 153/2063/153 1108/2064/1108 3207/2054/3207 1079/2065/1079
f 1108/2064/1108 1107/2066/1107 3208/2055/3208 3207/2054/3207
f 1107/2066/1107 1106/2067/1106 3209/2058/3209 3208/2055/3208
f 1106/2067/1106 158/2068/158 1109/2069/1109 3209/2058/3209
f 3209/2058/3209 1109/2069/1109 1110/2070/1110 3212/2059/3212
f 3212/2059/3212 1110/2070/1110 1111/2071/1111 3215/2062/3215
f 3215/2062/3215 1111/2071/1111 157/2072/157 1112/2073/1112
f 3214/2060/3214 3215/2062/3215 1112/2073/1112 1113/2074/1113
f 3213/2061/3213 3214/2060/3214 1113/2074/1113 1114/2075/1114
f 1081/2076/1081 3213/2061/3213 1114/2075/1114 152/1985/152
f 1080/2077/1080 3210/2057/3210 3213/2061/3213 1081/2076/1081
f 1079/2065/1079 3207/2054/3207 3210/2057/3210 1080/2077/1080
f 3216/2078/3216 3217/2079/3217 3220/2080/3220 3219/2081/3219
f 3217/2079/3217 3218/2082/3218 3221/2083/3221 3220/2080/3220
f 3219/2081/3219 3220/2080/3220 3223/2084/3223 3222/2085/3222
f 3220/2080/3220 3221/2083/3221 3224/2086/3224 3223/2084/3223
f 152/1985/152 1114/2075/1114 3216/2078/3216 1088/2002/1088
f 1114/2075/1114 1113/2074/1113 3217/2079/3217 3216/2078/3216
f 1113/2074/1113 1112/2073/1112 3218/2082/3218 3217/2079/3217
f 1112/2073/1112 157/2072/157 1115/2087/1115 3218/2082/3218
f 3218/2082/3218 1115/2087/1115 1116/2088/1116 3221/2083/3221
f 3221/2083/3221 1116/2088/1116 1117/2089/1117 3224/2086/3224
f 3224/2086/3224 1117/2089/1117 155/2090/155 1118/2091/1118
f 3223/2084/3223 3224/2086/3224 1118/2091/1118 1119/2092/1119
f 3222/2085/3222 3223/2084/3223 1119/2092/1119 1120/2093/1120
f 1090/2004/1090 3222/2085/3222 1120/2093/1120 150/473/150
f 1089/2003/1089 3219/2081/3219 3222/2085/3222 1090/2004/1090
f 1088/2002/1088 3216/2078/3216 3219/2081/3219 1089/2003/1089
f 3225/2094/3225 3226/2095/3226 3229/2096/3229 3228/2097/3228
f 3226/2095/3226 3227/2098/3227 3230/2099/3230 3229/2096/3229
f 3228/2097/3228 3229/2096/3229 3232/2100/3232 3231/2101/3231
f 3229/2096/3229 3230/2099/3230 3233/2102/3233 3232/2100/3232
f 156/570/156 1121/2103/1121 3225/2094/3225 1097/2104/1097
f 1121/2103/1121 1122/2105/1122 3226/2095/3226 3225/2094/3225
f 1122/2105/1122 1123/1778/1123 3227/2098/3227 3226/2095/3226
f 1123/1778/1123 161/1687/161 1124/2106/1124 3227/2098/3227
f 3227/2098/3227 1124/2106/1124 1125/2107/1125 3230/2099/3230
f 3230/2099/3230 1125/2107/1125 1126/2108/1126 3233/2102/3233
f 3233/2102/3233 1126/2108/1126 164/2109/164 1127/2110/1127
f 3232/2100/3232 3233/2102/3233 1127/2110/1127 1128/2111/1128
f 3231/2101/3231 3232/2100/3232 1128/2111/1128 1129/2112/1129
f 1099/2113/1099 3231/2101/3231 1129/2112/1129 159/2114/159
f 1098/2115/1098 3228/2097/3228 3231/2101/3231 1099/2113/1099
f 1097/2104/1097 3225/2094/3225 3228/2097/3228 1098/2115/1098
f 3234/2116/3234 3235/2117/3235 3238/2118/3238 3237/2119/3237
f 3235/2117/3235 3236/2120/3236 3239/2121/3239 3238/2118/3238
f 3237/2119/3237 3238/2118/3238 3241/2122/3241 3240/2123/3240
f 3238/2118/3238 3239/2121/3239 3242/2124/3242 3241/2122/3241
f 159/2114/159 1129/2112/1129 3234/2116/3234 1103/2125/1103
f 1129/2112/1129 1128/2111/1128 3235/2117/3235 3234/2116/3234
f 1128/2111/1128 1127/2110/1127 3236/2120/3236 3235/2117/3235
f 1127/2110/1127 164/2109/164 1130/2126/1130 3236/2120/3236
f 3236/2120/3236 1130/2126/1130 1131/2127/1131 3239/2121/3239
f 3239/2121/3239 1131/2127/1131 1132/2128/1132 3242/2124/3242
f 3242/2124/3242 1132/2128/1132 163/2129/163 1133/2130/1133
f 3241/2122/3241 3242/2124/3242 1133/2130/1133 1134/2131/1134
f 3240/2123/3240 3241/2122/3241 1134/2131/1134 1135/2132/1135
f 1105/2133/1105 3240/2123/3240 1135/2132/1135 158/2134/158
f 1104/2135/1104 3237/2119/3237 3240/2123/3240 1105/2133/1105
f 1103/2125/1103 3234/2116/3234 3237/2119/3237 1104/2135/1104
f 3243/2136/3243 3244/2137/3244 3247/2138/3247 3246/2139/3246
f 3244/2137/3244 3245/2140/3245 3248/2141/3248 3247/2138/3247
f 3246/2139/3246 3247/2138/3247 3250/2142/3250 3249/2143/3249
f 3247/2138/3247 3248/2141/3248 3251/2144/3251 3250/2142/3250
f 158/2145/158 1135/2146/1135 3243/2136/3243 1109/2147/1109
f 1135/2146/1135 1134/2148/1134 3244/2137/3244 3243/2136/3243
f 1134/2148/1134 1133/2149/1133 3245/2140/3245 3244/2137/3244
f 1133/2149/1133 163/2150/163 1136/2151/1136 3245/2140/3245
f 3245/2140/3245 1136/2151/1136 1137/2152/1137 3248/2141/3248
f 3248/2141/3248 1137/2152/1137 1138/2153/1138 3251/2144/3251
f 3251/2144/3251 1138/2153/1138 162/2154/162 1139/2155/1139
f 3250/2142/3250 3251/2144/3251 1139/2155/1139 1140/2156/1140
f 3249/2143/3249 3250/2142/3250 1140/2156/1140 1141/2157/1141
f 1111/2158/1111 3249/2143/3249 1141/2157/1141 157/2072/157
f 1110/2159/1110 3246/2139/3246 3249/2143/3249 1111/2158/1111
f 1109/2147/1109 3243/2136/3243 3246/2139/3246 1110/2159/1110
f 3252/2160/3252 3253/2161/3253 3256/2162/3256 3255/2163/3255
f 3253/2161/3253 3254/2164/3254 3257/2165/3257 3256/2162/3256
f 3255/2163/3255 3256/2162/3256 3259/2166/3259 3258/2167/3258
f 3256/2162/3256 3257/2165/3257 3260/2168/3260 3259/2166/3259
f 157/2072/157 1141/2157/1141 3252/2160/3252 1115/2087/1115
f 1141/2157/1141 1140/2156/1140 3253/2161/3253 3252/2160/3252
f 1140/2156/1140 1139/2155/1139 3254/2164/3254 3253/2161/3253
f 1139/2155/1139 162/2154/162 1142/2169/1142 3254/2164/3254
f 3254/2164/3254 1142/2169/1142 1143/2170/1143 3257/2165/3257
f 3257/2165/3257 1143/2170/1143 1144/2171/1144 3260/2168/3260
f 3260/2168/3260 1144/2171/1144 160/2172/160 1145/2173/1145
f 3259/2166/3259 3260/2168/3260 1145/2173/1145 1146/2174/1146
f 3258/2167/3258 3259/2166/3259 1146/2174/1146 1147/2175/1147
f 1117/2089/1117 3258/2167/3258 1147/2175/1147 155/2090/155
f 1116/2088/1116 3255/2163/3255 3258/2167/3258 1117/2089/1117
f 1115/2087/1115 3252/2160/3252 3255/2163/3255 1116/2088/1116
f 3261/2176/3261 3262/2177/3262 3265/2178/3265 3264/2179/3264
f 3262/2177/3262 3263/2180/3263 3266/2181/3266 3265/2178/3265
f 3264/2179/3264 3265/2178/3265 3268/2182/3268 3267/2183/3267
f 3265/2178/3265 3266/2181/3266 3269/2184/3269 3268/2182/3268
f 161/1687/161 1148/2185/1148 3261/2176/3261 1124/2186/1124
f 1148/2185/1148 1149/1696/1149 3262/2177/3262 3261/2176/3261
f 1149/1696/1149 1150/2187/1150 3263/2180/3263 3262/2177/3262
f 1150/2187/1150 166/1600/166 1151/2188/1151 3263/2180/3263
f 3263/2180/3263 1151/2188/1151 1152/2189/1152 3266/2181/3266
f 3266/2181/3266 1152/2189/1152 1153/2190/1153 3269/2184/3269
f 3269/2184/3269 1153/2190/1153 169/2191/169 1154/2192/1154
f 3268/2182/3268 3269/2184/3269 1154/2192/1154 1155/2193/1155
f 3267/2183/3267 3268/2182/3268 1155/2193/1155 1156/2194/1156
f 1126/2195/1126 3267/2183/3267 1156/2194/1156 164/2196/164
f 1125/2197/1125 3264/2179/3264 3267/2183/3267 1126/2195/1126
f 1124/2186/1124 3261/2176/3261 3264/2179/3264 1125/2197/1125
f 3270/2198/3270 3271/2199/3271 3274/2200/3274 3273/2201/3273
f 3271/2199/3271 3272/2202/3272 3275/2203/3275 3274/2200/3274
f 3273/2201/3273 3274/2200/3274 3277/2204/3277 3276/2205/3276
f 3274/2200/3274 3275/2203/3275 3278/2206/3278 3277/2204/3277
f 164/2196/164 1156/2194/1156 3270/2198/3270 1130/2207/1130
f 1156/2194/1156 1155/2193/1155 3271/2199/3271 3270/2198/3270
f 1155/2193/1155 1154/2192/1154 3272/2202/3272 3271/2199/3271
f 1154/2192/1154 169/2191/169 1157/2208/1157 3272/2202/3272
f 3272/2202/3272 1157/2208/1157 1158/2209/1158 3275/2203/3275
f 3275/2203/3275 1158/2209/1158 1159/2210/1159 3278/2206/3278
f 3278/2206/3278 1159/2210/1159 168/2211/168 1160/2212/1160
f 3277/2204/3277 3278/2206/3278 1160/2212/1160 1161/2213/1161
f 3276/2205/3276 3277/2204/3277 1161/2213/1161 1162/2214/1162
f 1132/2215/1132 3276/2205/3276 1162/2214/1162 163/2216/163
f 1131/2217/1131 3273/2201/3273 3276/2205/3276 1132/2215/1132
f 1130/2207/1130 3270/2198/3270 3273/2201/3273 1131/2217/1131
f 3279/2218/3279 3280/2219/3280 3283/2220/3283 3282/2221/3282
f 3280/2219/3280 3281/2222/3281 3284/2223/3284 3283/2220/3283
f 3282/2221/3282 3283/2220/3283 3286/2224/3286 3285/2225/3285
f 3283/2220/3283 3284/2223/3284 3287/2226/3287 3286/2224/3286
f 163/2227/163 1162/2228/1162 3279/2218/3279 1136/2229/1136
f 1162/2228/1162 1161/2230/1161 3280/2219/3280 3279/2218/3279
f 1161/2230/1161 1160/2231/1160 3281/2222/3281 3280/2219/3280
f 1160/2231/1160 168/2232/168 1163/2233/1163 3281/2222/3281
f 3281/2222/3281 1163/2233/1163 1164/2234/1164 3284/2223/3284
f 3284/2223/3284 1164/2234/1164 1165/2235/1165 3287/2226/3287
f 3287/2226/3287 1165/2235/1165 167/2236/167 1166/2237/1166
f 3286/2224/3286 3287/2226/3287 1166/2237/1166 1167/2238/1167
f 3285/2225/3285 3286/2224/3286 1167/2238/1167 1168/2239/1168
f 1138/2240/1138 3285/2225/3285 1168/2239/1168 162/2154/162
f 1137/2241/1137 3282/2221/3282 3285/2225/3285 1138/2240/1138
f 1136/2229/1136 3279/2218/3279 3282/2221/3282 1137/2241/1137
f 3288/2242/3288 3289/2243/3289 3292/2244/3292 3291/2245/3291
f 3289/2243/3289 3290/2246/3290 3293/2247/3293 3292/2244/3292
f 3291/2245/3291 3292/2244/3292 3295/2248/3295 3294/2249/3294
f 3292/2244/3292 3293/2247/3293 3296/2250/3296 3295/2248/3295
f 162/2154/162 1168/2239/1168 3288/2242/3288 1142/2169/1142
f 1168/2239/1168 1167/2238/1167 3289/2243/3289 3288/2242/3288
f 1167/2238/1167 1166/2237/1166 3290/2246/3290 3289/2243/3289
f 1166/2237/1166 167/2236/167 1169/2251/1169 3290/2246/3290
f 3290/2246/3290 1169/2251/1169 1170/2252/1170 3293/2247/3293
f 3293/2247/3293 1170/2252/1170 1171/2253/1171 3296/2250/3296
f 3296/2250/3296 1171/2253/1171 165/2254/165 1172/2255/1172
f 3295/2248/3295 3296/2250/3296 1172/2255/1172 1173/2256/1173
f 3294/2249/3294 3295/2248/3295 1173/2256/1173 1174/2257/1174
f 1144/2171/1144 3294/2249/3294 1174/2257/1174 160/2172/160
f 1143/2170/1143 3291/2245/3291 3294/2249/3294 1144/2171/1144
f 1142/2169/1142 3288/2242/3288 3291/2245/3291 1143/2170/1143
f 3297/2258/3297 3298/2259/3298 3301/2260/3301 3300/2261/3300
f 3298/2259/3298 3299/2262/3299 3302/2263/3302 3301/2260/3301
f 3300/2261/3300 3301/2260/3301 3304/2264/3304 3303/2265/3303
f 3301/2260/3301 3302/2263/3302 3305/2266/3305 3304/2264/3304
f 166/1600/166 1175/2267/1175 3297/2258/3297 1151/2268/1151
f 1175/2267/1175 1176/2269/1176 3298/2259/3298 3297/2258/3297
f 1176/2269/1176 1177/2270/1177 3299/2262/3299 3298/2259/3298
f 1177/2270/1177 171/1512/171 1178/2271/1178 3299/2262/3299
f 3299/2262/3299 1178/2271/1178 1179/2272/1179 3302/2263/3302
f 3302/2263/3302 1179/2272/1179 1180/2273/1180 3305/2266/3305
f 3305/2266/3305 1180/2273/1180 174/2274/174 1181/2275/1181
f 3304/2264/3304 3305/2266/3305 1181/2275/1181 1182/2276/1182
f 3303/2265/3303 3304/2264/3304 1182/2276/1182 1183/2277/1183
f 1153/2278/1153 3303/2265/3303 1183/2277/1183 169/2279/169
f 1152/2280/1152 3300/2261/3300 3303/2265/3303 1153/2278/1153
f 1151/2268/1151 3297/2258/3297 3300/2261/3300 1152/2280/1152
f 3306/2281/3306 3307/2282/3307 3310/2283/3310 3309/2284/3309
f 3307/2282/3307 3308/2285/3308 3311/2286/3311 3310/2283/3310
f 3309/2284/3309 3310/2283/3310 3313/2287/3313 3312/2288/3312
f 3310/2283/3310 3311/2286/3311 3314/2289/3314 3313/2287/3313
f 169/2279/169 1183/2277/1183 3306/2281/3306 1157/2290/1157
f 1183/2277/1183 1182/2276/1182 3307/2282/3307 3306/2281/3306
f 1182/2276/1182 1181/2275/1181 3308/2285/3308 3307/2282/3307
f 1181/2275/1181 174/2274/174 1184/2291/1184 3308/2285/3308
f 3308/2285/3308 1184/2291/1184 1185/2292/1185 3311/2286/3311
f 3311/2286/3311 1185/2292/1185 1186/2293/1186 3314/2289/3314
f 3314/2289/3314 1186/2293/1186 173/2294/173 1187/2295/1187
f 3313/2287/3313 3314/2289/3314 1187/2295/1187 1188/2296/1188
f 3312/2288/3312 3313/2287/3313 1188/2296/1188 1189/2297/1189
f 1159/2298/1159 3312/2288/3312 1189/2297/1189 168/2299/168
f 1158/2300/1158 3309/2284/3309 3312/2288/3312 1159/2298/1159
f 1157/2290/1157 3306/2281/3306 3309/2284/3309 1158/2300/1158
f 3315/2301/3315 3316/2302/3316 3319/2303/3319 3318/2304/3318
f 3316/2302/3316 3317/2305/3317 3320/2306/3320 3319/2303/3319
f 3318/2304/3318 3319/2303/3319 3322/2307/3322 3321/2308/3321
f 3319/2303/3319 3320/2306/3320 3323/2309/3323 3322/2307/3322
f 168/2310/168 1189/2311/1189 3315/2301/3315 1163/2312/1163
f 1189/2311/1189 1188/2313/1188 3316/2302/3316 3315/2301/3315
f 1188/2313/1188 1187/2314/1187 3317/2305/3317 3316/2302/3316
f 1187/2314/1187 173/2315/173 1190/2316/1190 3317/2305/3317
f 3317/2305/3317 1190/2316/1190 1191/2317/1191 3320/2306/3320
f 3320/2306/3320 1191/2317/1191 1192/2318/1192 3323/2309/3323
f 3323/2309/3323 1192/2318/1192 172/2319/172 1193/2320/1193
f 3322/2307/3322 3323/2309/3323 1193/2320/1193 1194/2321/1194
f 3321/2308/3321 3322/2307/3322 1194/2321/1194 1195/2322/1195
f 1165/2323/1165 3321/2308/3321 1195/2322/1195 167/2236/167
f 1164/2324/1164 3318/2304/3318 3321/2308/3321 1165/2323/1165
f 1163/2312/1163 3315/2301/3315 3318/2304/3318 1164/2324/1164
f 3324/2325/3324 3325/2326/3325 3328/2327/3328 3327/2328/3327
f 3325/2326/3325 3326/2329/3326 3329/2330/3329 3328/2327/3328
f 3327/2328/3327 3328/2327/3328 3331/2331/3331 3330/2332/3330
f 3328/2327/3328 3329/2330/3329 3332/2333/3332 3331/2331/3331
f 167/2236/167 1195/2322/1195 3324/2325/3324 1169/2251/1169
f 1195/2322/1195 1194/2321/1194 3325/2326/3325 3324/2325/3324
f 1194/2321/1194 1193/2320/1193 3326/2329/3326 3325/2326/3325
f 1193/2320/1193 172/2319/172 1196/2334/1196 3326/2329/3326
f 3326/2329/3326 1196/2334/1196 1197/2335/1197 3329/2330/3329
f 3329/2330/3329 1197/2335/1197 1198/2336/1198 3332/2333/3332
f 3332/2333/3332 1198/2336/1198 170/2337/170 1199/2338/1199
f 3331/2331/3331 3332/2333/3332 1199/2338/1199 1200/2339/1200
f 3330/2332/3330 3331/2331/3331 1200/2339/1200 1201/2340/1201
f 1171/2253/1171 3330/2332/3330 1201/2340/1201 165/2254/165
f 1170/2252/1170 3327/2328/3327 3330/2332/3330 1171/2253/1171
f 1169/2251/1169 3324/2325/3324 3327/2328/3327 1170/2252/1170
f 3333/2341/3333 3334/2342/3334 3337/2343/3337 3336/2344/3336
f 3334/2342/3334 3335/2345/3335 3338/2346/3338 3337/2343/3337
f 3336/2344/3336 3337/2343/3337 3340/2347/3340 3339/2348/3339
f 3337/2343/3337 3338/2346/3338 3341/2349/3341 3340/2347/3340
f 171/1512/171 1202/2350/1202 3333/2341/3333 1178/2351/1178
f 1202/2350/1202 1203/2352/1203 3334/2342/3334 3333/2341/3333
f 1203/2352/1203 1204/2353/1204 3335/2345/3335 3334/2342/3334
f 1204/2353/1204 176/1425/176 1205/2354/1205 3335/2345/3335
f 3335/2345/3335 1205/2354/1205 1206/2355/1206 3338/2346/3338
f 3338/2346/3338 1206/2355/1206 1207/2356/1207 3341/2349/3341
f 3341/2349/3341 1207/2356/1207 179/2357/179 1208/2358/1208
f 3340/2347/3340 3341/2349/3341 1208/2358/1208 1209/2359/1209
f 3339/2348/3339 3340/2347/3340 1209/2359/1209 1210/2360/1210
f 1180/2361/1180 3339/2348/3339 1210/2360/1210 174/2362/174
f 1179/2363/1179 3336/2344/3336 3339/2348/3339 1180/2361/1180
f 1178/2351/1178 3333/2341/3333 3336/2344/3336 1179/2363/1179
f 3342/2364/3342 3343/2365/3343 3346/2366/3346 3345/2367/3345
f 3343/2365/3343 3344/2368/3344 3347/2369/3347 3346/2366/3346
f 3345/2367/3345 3346/2366/3346 3349/2370/3349 3348/2371/3348
f 3346/2366/3346 3347/2369/3347 3350/2372/3350 3349/2370/3349
f 174/2362/174 1210/2360/1210 3342/2364/3342 1184/2373/1184
f 1210/2360/1210 1209/2359/1209 3343/2365/3343 3342/2364/3342
f 1209/2359/1209 1208/2358/1208 3344/2368/3344 3343/2365/3343
f 1208/2358/1208 179/2357/179 1211/2374/1211 3344/2368/3344
f 3344/2368/3344 1211/2374/1211 1212/2375/1212 3347/2369/3347
f 3347/2369/3347 1212/2375/1212 1213/2376/1213 3350/2372/3350
f 3350/2372/3350 1213/2376/1213 178/2377/178 1214/2378/1214
f 3349/2370/3349 3350/2372/3350 1214/2378/1214 1215/2379/1215
f 3348/2371/3348 3349/2370/3349 1215/2379/1215 1216/2380/1216
f 1186/2381/1186 3348/2371/3348 1216/2380/1216 173/2382/173
f 1185/2383/1185 3345/2367/3345 3348/2371/3348 1186/2381/1186
f 1184/2373/1184 3342/2364/3342 3345/2367/3345 1185/2383/1185
f 3351/2384/3351 3352/2385/3352 3355/2386/3355 3354/2387/3354
f 3352/2385/3352 3353/2388/3353 3356/2389/3356 3355/2386/3355
f 3354/2387/3354 3355/2386/3355 3358/2390/3358 3357/2391/3357
f 3355/2386/3355 3356/2389/3356 3359/2392/3359 3358/2390/3358
f 173/2393/173 1216/2394/1216 3351/2384/3351 1190/2395/1190
f 1216/2394/1216 1215/2396/1215 3352/2385/3352 3351/2384/3351
f 1215/2396/1215 1214/2397/1214 3353/2388/3353 3352/2385/3352
f 1214/2397/1214 178/2398/178 1217/2399/1217 3353/2388/3353
f 3353/2388/3353 1217/2399/1217 1218/2400/1218 3356/2389/3356
f 3356/2389/3356 1218/2400/1218 1219/2401/1219 3359/2392/3359
f 3359/2392/3359 1219/2401/1219 177/2402/177 1220/2403/1220
f 3358/2390/3358 3359/2392/3359 1220/2403/1220 1221/2404/1221
f 3357/2391/3357 3358/2390/3358 1221/2404/1221 1222/2405/1222
f 1192/2406/1192 3357/2391/3357 1222/2405/1222 172/2319/172
f 1191/2407/1191 3354/2387/3354 3357/2391/3357 1192/2406/1192
f 1190/2395/1190 3351/2384/3351 3354/2387/3354 1191/2407/1191
f 3360/2408/3360 3361/2409/3361 3364/2410/3364 3363/2411/3363
f 3361/2409/3361 3362/2412/3362 3365/2413/3365 3364/2410/3364
f 3363/2411/3363 3364/2410/3364 3367/2414/3367 3366/2415/3366
f 3364/2410/3364 3365/2413/3365 3368/2416/3368 3367/2414/3367
f 172/2319/172 1222/2405/1222 3360/2408/3360 1196/2334/1196
f 1222/2405/1222 1221/2404/1221 3361/2409/3361 3360/2408/3360
f 1221/2404/1221 1220/2403/1220 3362/2412/3362 3361/2409/3361
f 1220/2403/1220 177/2402/177 1223/2417/1223 3362/2412/3362
f 3362/2412/3362 1223/2417/1223 1224/2418/1224 3365/2413/3365
f 3365/2413/3365 1224/2418/1224 1225/2419/1225 3368/2416/3368
f 3368/2416/3368 1225/2419/1225 175/2420/175 1226/2421/1226
f 3367/2414/3367 3368/2416/3368 1226/2421/1226 1227/2422/1227
f 3366/2415/3366 3367/2414/3367 1227/2422/1227 1228/2423/1228
f 1198/2336/1198 3366/2415/3366 1228/2423/1228 170/2337/170
f 1197/2335/1197 3363/2411/3363 3366/2415/3366 1198/2336/1198
f 1196/2334/1196 3360/2408/3360 3363/2411/3363 1197/2335/1197
f 3369/2424/3369 3370/2425/3370 3373/2426/3373 3372/2427/3372
f 3370/2425/3370 3371/2428/3371 3374/2429/3374 3373/2426/3373
f 3372/2427/3372 3373/2426/3373 3376/2430/3376 3375/2431/3375
f 3373/2426/3373 3374/2429/3374 3377/2432/3377 3376/2430/3376
f 176/1425/176 1229/2433/1229 3369/2424/3369 1205/2434/1205
f 1229/2433/1229 1230/1434/1230 3370/2425/3370 3369/2424/3369
f 1230/1434/1230 1231/2435/1231 3371/2428/3371 3370/2425/3370
f 1231/2435/1231 181/1339/181 1232/2436/1232 3371/2428/3371
f 3371/2428/3371 1232/2436/1232 1233/2437/1233 3374/2429/3374
f 3374/2429/3374 1233/2437/1233 1234/2438/1234 3377/2432/3377
f 3377/2432/3377 1234/2438/1234 184/2439/184 1235/2440/1235
f 3376/2430/3376 3377/2432/3377 1235/2440/1235 1236/2441/1236
f 3375/2431/3375 3376/2430/3376 1236/2441/1236 1237/2442/1237
f 1207/2443/1207 3375/2431/3375 1237/2442/1237 179/2444/179
f 1206/2445/1206 3372/2427/3372 3375/2431/3375 1207/2443/1207
f 1205/2434/1205 3369/2424/3369 3372/2427/3372 1206/2445/1206
f 3378/2446/3378 3379/2447/3379 3382/2448/3382 3381/2449/3381
f 3379/2447/3379 3380/2450/3380 3383/2451/3383 3382/2448/3382
f 3381/2449/3381 3382/2448/3382 3385/2452/3385 3384/2453/3384
f 3382/2448/3382 3383/2451/3383 3386/2454/3386 3385/2452/3385
f 179/2444/179 1237/2442/1237 3378/2446/3378 1211/2455/1211
f 1237/2442/1237 1236/2441/1236 3379/2447/3379 3378/2446/3378
f 1236/2441/1236 1235/2440/1235 3380/2450/3380 3379/2447/3379
f 1235/2440/1235 184/2439/184 1238/2456/1238 3380/2450/3380
f 3380/2450/3380 1238/2456/1238 1239/2457/1239 3383/2451/3383
f 3383/2451/3383 1239/2457/1239 1240/2458/1240 3386/2454/3386
f 3386/2454/3386 1240/2458/1240 183/2459/183 1241/2460/1241
f 3385/2452/3385 3386/2454/3386 1241/2460/1241 1242/2461/1242
f 3384/2453/3384 3385/2452/3385 1242/2461/1242 1243/2462/1243
f 1213/2463/1213 3384/2453/3384 1243/2462/1243 178/2464/178
f 1212/2465/1212 3381/2449/3381 3384/2453/3384 1213/2463/1213
f 1211/2455/1211 3378/2446/3378 3381/2449/3381 1212/2465/1212
f 3387/2466/3387 3388/2467/3388 3391/2468/3391 3390/2469/3390
f 3388/2467/3388 3389/2470/3389 3392/2471/3392 3391/2468/3391
f 3390/2469/3390 3391/2468/3391 3394/2472/3394 3393/2473/3393
f 3391/2468/3391 3392/2471/3392 3395/2474/3395 3394/2472/3394
f 178/2475/178 1243/2476/1243 3387/2466/3387 1217/2477/1217
f 1243/2476/1243 1242/2478/1242 3388/2467/3388 3387/2466/3387
f 1242/2478/1242 1241/2479/1241 3389/2470/3389 3388/2467/3388
f 1241/2479/1241 183/2480/183 1244/2481/1244 3389/2470/3389
f 3389/2470/3389 1244/2481/1244 1245/2482/1245 3392/2471/3392
f 3392/2471/3392 1245/2482/1245 1246/2483/1246 3395/2474/3395
f 3395/2474/3395 1246/2483/1246 182/2484/182 1247/2485/1247
f 3394/2472/3394 3395/2474/3395 1247/2485/1247 1248/2486/1248
f 3393/2473/3393 3394/2472/3394 1248/2486/1248 1249/2487/1249
f 1219/2488/1219 3393/2473/3393 1249/2487/1249 177/2402/177
f 1218/2489/1218 3390/2469/3390 3393/2473/3393 1219/2488/1219
f 1217/2477/1217 3387/2466/3387 3390/2469/3390 1218/2489/1218
f 3396/2490/3396 3397/2491/3397 3400/2492/3400 3399/2493/3399
f 3397/2491/3397 3398/2494/3398 3401/2495/3401 3400/2492/3400
f 3399/2493/3399 3400/2492/3400 3403/2496/3403 3402/2497/3402
f 3400/2492/3400 3401/2495/3401 3404/2498/3404 3403/2496/3403
f 177/2402/177 1249/2487/1249 3396/2490/3396 1223/2417/1223
f 1249/2487/1249 1248/2486/1248 3397/2491/3397 3396/2490/3396
f 1248/2486/1248 1247/2485/1247 3398/2494/3398 3397/2491/3397
f 1247/2485/1247 182/2484/182 1250/2499/1250 3398/2494/3398
f 3398/2494/3398 1250/2499/1250 1251/2500/1251 3401/2495/3401
f 3401/2495/3401 1251/2500/1251 1252/2501/1252 3404/2498/3404
f 3404/2498/3404 1252/2501/1252 180/2502/180 1253/2503/1253
f 3403/2496/3403 3404/2498/3404 1253/2503/1253 1254/2504/1254
f 3402/2497/3402 3403/2496/3403 1254/2504/1254 1255/2505/1255
f 1225/2419/1225 3402/2497/3402 1255/2505/1255 175/2420/175
f 1224/2418/1224 3399/2493/3399 3402/2497/3402 1225/2419/1225
f 1223/2417/1223 3396/2490/3396 3399/2493/3399 1224/2418/1224
f 3405/2506/3405 3406/2507/3406 3409/2508/3409 3408/2509/3408
f 3406/2507/3406 3407/2510/3407 3410/2511/3410 3409/2508/3409
f 3408/2509/3408 3409/2508/3409 3412/2512/3412 3411/2513/3411
f 3409/2508/3409 3410/2511/3410 3413/2514/3413 3412/2512/3412
f 181/1339/181 1256/2515/1256 3405/2506/3405 1232/2516/1232
f 1256/2515/1256 1257/2517/1257 3406/2507/3406 3405/2506/3405
f 1257/2517/1257 1258/2518/1258 3407/2510/3407 3406/2507/3406
f 1258/2518/1258 186/1254/186 1259/2519/1259 3407/2510/3407
f 3407/2510/3407 1259/2519/1259 1260/2520/1260 3410/2511/3410
f 3410/2511/3410 1260/2520/1260 1261/2521/1261 3413/2514/3413
f 3413/2514/3413 1261/2521/1261 189/2522/189 1262/2523/1262
f 3412/2512/3412 3413/2514/3413 1262/2523/1262 1263/2524/1263
f 3411/2513/3411 3412/2512/3412 1263/2524/1263 1264/2525/1264
f 1234/2526/1234 3411/2513/3411 1264/2525/1264 184/2527/184
f 1233/2528/1233 3408/2509/3408 3411/2513/3411 1234/2526/1234
f 1232/2516/1232 3405/2506/3405 3408/2509/3408 1233/2528/1233
f 3414/2529/3414 3415/2530/3415 3418/2531/3418 3417/2532/3417
f 3415/2530/3415 3416/2533/3416 3419/2534/3419 3418/2531/3418
f 3417/2532/3417 3418/2531/3418 3421/2535/3421 3420/2536/3420
f 3418/2531/3418 3419/2534/3419 3422/2537/3422 3421/2535/3421
f 184/2527/184 1264/2525/1264 3414/2529/3414 1238/2538/1238
f 1264/2525/1264 1263/2524/1263 3415/2530/3415 3414/2529/3414
f 1263/2524/1263 1262/2523/1262 3416/2533/3416 3415/2530/3415
f 1262/2523/1262 189/2522/189 1265/2539/1265 3416/2533/3416
f 3416/2533/3416 1265/2539/1265 1266/2540/1266 3419/2534/3419
f 3419/2534/3419 1266/2540/1266 1267/2541/1267 3422/2537/3422
f 3422/2537/3422 1267/2541/1267 188/2542/188 1268/2543/1268
f 3421/2535/3421 3422/2537/3422 1268/2543/1268 1269/2544/1269
f 3420/2536/3420 3421/2535/3421 1269/2544/1269 1270/2545/1270
f 1240/2546/1240 3420/2536/3420 1270/2545/1270 183/2547/183
f 1239/2548/1239 3417/2532/3417 3420/2536/3420 1240/2546/1240
f 1238/2538/1238 3414/2529/3414 3417/2532/3417 1239/2548/1239
f 3423/2549/3423 3424/2550/3424 3427/2551/3427 3426/2552/3426
f 3424/2550/3424 3425/2553/3425 3428/2554/3428 3427/2551/3427
f 3426/2552/3426 3427/2551/3427 3430/2555/3430 3429/2556/3429
f 3427/2551/3427 3428/2554/3428 3431/2557/3431 3430/2555/3430
f 183/2558/183 1270/2559/1270 3423/2549/3423 1244/2560/1244
f 1270/2559/1270 1269/2561/1269 3424/2550/3424 3423/2549/3423
f 1269/2561/1269 1268/2562/1268 3425/2553/3425 3424/2550/3424
f 1268/2562/1268 188/2563/188 1271/2564/1271 3425/2553/3425
f 3425/2553/3425 1271/2564/1271 1272/2565/1272 3428/2554/3428
f 3428/2554/3428 1272/2565/1272 1273/2566/1273 3431/2557/3431
f 3431/2557/3431 1273/2566/1273 187/2567/187 1274/2568/1274
f 3430/2555/3430 3431/2557/3431 1274/2568/1274 1275/2569/1275
f 3429/2556/3429 3430/2555/3430 1275/2569/1275 1276/2570/1276
f 1246/2571/1246 3429/2556/3429 1276/2570/1276 182/2484/182
f 1245/2572/1245 3426/2552/3426 3429/2556/3429 1246/2571/1246
f 1244/2560/1244 3423/2549/3423 3426/2552/3426 1245/2572/1245
f 3432/2573/3432 3433/2574/3433 3436/2575/3436 3435/2576/3435
f 3433/2574/3433 3434/2577/3434 3437/2578/3437 3436/2575/3436
f 3435/2576/3435 3436/2575/3436 3439/2579/3439 3438/2580/3438
f 3436/2575/3436 3437/2578/3437 3440/2581/3440 3439/2579/3439
f 182/2484/182 1276/2570/1276 3432/2573/3432 1250/2499/1250
f 1276/2570/1276 1275/2569/1275 3433/2574/3433 3432/2573/3432
f 1275/2569/1275 1274/2568/1274 3434/2577/3434 3433/2574/3433
f 1274/2568/1274 187/2567/187 1277/2582/1277 3434/2577/3434
f 3434/2577/3434 1277/2582/1277 1278/2583/1278 3437/2578/3437
f 3437/2578/3437 1278/2583/1278 1279/2584/1279 3440/2581/3440
f 3440/2581/3440 1279/2584/1279 185/2585/185 1280/2586/1280
f 3439/2579/3439 3440/2581/3440 1280/2586/1280 1281/2587/1281
f 3438/2580/3438 3439/2579/3439 1281/2587/1281 1282/2588/1282
f 1252/2501/1252 3438/2580/3438 1282/2588/1282 180/2502/180
f 1251/2500/1251 3435/2576/3435 3438/2580/3438 1252/2501/1252
f 1250/2499/1250 3432/2573/3432 3435/2576/3435 1251/2500/1251
f 3441/2589/3441 3442/2590/3442 3445/2591/3445 3444/2592/3444
f 3442/2590/3442 3443/2593/3443 3446/2594/3446 3445/2591/3445
f 3444/2592/3444 3445/2591/3445 3448/2595/3448 3447/2596/3447
f 3445/2591/3445 3446/2594/3446 3449/2597/3449 3448/2595/3448
f 186/1254/186 1283/2598/1283 3441/2589/3441 1259/2599/1259
f 1283/2598/1283 1284/1263/1284 3442/2590/3442 3441/2589/3441
f 1284/1263/1284 1285/2600/1285 3443/2593/3443 3442/2590/3442
f 1285/2600/1285 191/1167/191 1286/2601/1286 3443/2593/3443
f 3443/2593/3443 1286/2601/1286 1287/2602/1287 3446/2594/3446
f 3446/2594/3446 1287/2602/1287 1288/2603/1288 3449/2597/3449
f 3449/2597/3449 1288/2603/1288 194/2604/194 1289/2605/1289
f 3448/2595/3448 3449/2597/3449 1289/2605/1289 1290/2606/1290
f 3447/2596/3447 3448/2595/3448 1290/2606/1290 1291/2607/1291
f 1261/2608/1261 3447/2596/3447 1291/2607/1291 189/2609/189
f 1260/2610/1260 3444/2592/3444 3447/2596/3447 1261/2608/1261
f 1259/2599/1259 3441/2589/3441 3444/2592/3444 1260/2610/1260
f 3450/2611/3450 3451/2612/3451 3454/2613/3454 3453/2614/3453
f 3451/2612/3451 3452/2615/3452 3455/2616/3455 3454/2613/3454
f 3453/2614/3453 3454/2613/3454 3457/2617/3457 3456/2618/3456
f 3454/2613/3454 3455/2616/3455 3458/2619/3458 3457/2617/3457
f 189/2609/189 1291/2607/1291 3450/2611/3450 1265/2620/1265
f 1291/2607/1291 1290/2606/1290 3451/2612/3451 3450/2611/3450
f 1290/2606/1290 1289/2605/1289 3452/2615/3452 3451/2612/3451
f 1289/2605/1289 194/2604/194 1292/2621/1292 3452/2615/3452
f 3452/2615/3452 1292/2621/1292 1293/2622/1293 3455/2616/3455
f 3455/2616/3455 1293/2622/1293 1294/2623/1294 3458/2619/3458
f 3458/2619/3458 1294/2623/1294 193/2624/193 1295/2625/1295
f 3457/2617/3457 3458/2619/3458 1295/2625/1295 1296/2626/1296
f 3456/2618/3456 3457/2617/3457 1296/2626/1296 1297/2627/1297
f 1267/2628/1267 3456/2618/3456 1297/2627/1297 188/2629/188
f 1266/2630/1266 3453/2614/3453 3456/2618/3456 1267/2628/1267
f 1265/2620/1265 3450/2611/3450 3453/2614/3453 1266/2630/1266
f 3459/2631/3459 3460/2632/3460 3463/2633/3463 3462/2634/3462
f 3460/2632/3460 3461/2635/3461 3464/2636/3464 3463/2633/3463
f 3462/2634/3462 3463/2633/3463 3466/2637/3466 3465/2638/3465
f 3463/2633/3463 3464/2636/3464 3467/2639/3467 3466/2637/3466
f 188/2640/188 1297/2641/1297 3459/2631/3459 1271/2642/1271
f 1297/2641/1297 1296/2643/1296 3460/2632/3460 3459/2631/3459
f 1296/2643/1296 1295/2644/1295 3461/2635/3461 3460/2632/3460
f 1295/2644/1295 193/2645/193 1298/2646/1298 3461/2635/3461
f 3461/2635/3461 1298/2646/1298 1299/2647/1299 3464/2636/3464
f 3464/2636/3464 1299/2647/1299 1300/2648/1300 3467/2639/3467
f 3467/2639/3467 1300/2648/1300 192/2649/192 1301/2650/1301
f 3466/2637/3466 3467/2639/3467 1301/2650/1301 1302/2651/1302
f 3465/2638/3465 3466/2637/3466 1302/2651/1302 1303/2652/1303
f 1273/2653/1273 3465/2638/3465 1303/2652/1303 187/2567/187
f 1272/2654/1272 3462/2634/3462 3465/2638/3465 1273/2653/1273
f 1271/2642/1271 3459/2631/3459 3462/2634/3462 1272/2654/1272
f 3468/2655/3468 3469/2656/3469 3472/2657/3472 3471/2658/3471
f 3469/2656/3469 3470/2659/3470 3473/2660/3473 3472/2657/3472
f 3471/2658/3471 3472/2657/3472 3475/2661/3475 3474/2662/3474
f 3472/2657/3472 3473/2660/3473 3476/2663/3476 3475/2661/3475
f 187/2567/187 1303/2652/1303 3468/2655/3468 1277/2582/1277
f 1303/2652/1303 1302/2651/1302 3469/2656/3469 3468/2655/3468
f 1302/2651/1302 1301/2650/1301 3470/2659/3470 3469/2656/3469
f 1301/2650/1301 192/2649/192 1304/2664/1304 3470/2659/3470
f 3470/2659/3470 1304/2664/1304 1305/2665/1305 3473/2660/3473
f 3473/2660/3473 1305/2665/1305 1306/2666/1306 3476/2663/3476
f 3476/2663/3476 1306/2666/1306 190/2667/190 1307/2668/1307
f 3475/2661/3475 3476/2663/3476 1307/2668/1307 1308/2669/1308
f 3474/2662/3474 3475/2661/3475 1308/2669/1308 1309/2670/1309
f 1279/2584/1279 3474/2662/3474 1309/2670/1309 185/2585/185
f 1278/2583/1278 3471/2658/3471 3474/2662/3474 1279/2584/1279
f 1277/2582/1277 3468/2655/3468 3471/2658/3471 1278/2583/1278
f 3477/2671/3477 3478/2672/3478 3481/2673/3481 3480/2674/3480
f 3478/2672/3478 3479/2675/3479 3482/2676/3482 3481/2673/3481
f 3480/2674/3480 3481/2673/3481 3484/2677/3484 3483/2678/3483
f 3481/2673/3481 3482/2676/3482 3485/2679/3485 3484/2677/3484
f 191/1167/191 1310/2680/1310 3477/2671/3477 1286/2681/1286
f 1310/2680/1310 1311/1177/1311 3478/2672/3478 3477/2671/3477
f 1311/1177/1311 1312/2682/1312 3479/2675/3479 3478/2672/3478
f 1312/2682/1312 196/1080/196 1313/2683/1313 3479/2675/3479
f 3479/2675/3479 1313/2683/1313 1314/2684/1314 3482/2676/3482
f 3482/2676/3482 1314/2684/1314 1315/2685/1315 3485/2679/3485
f 3485/2679/3485 1315/2685/1315 199/2686/199 1316/2687/1316
f 3484/2677/3484 3485/2679/3485 1316/2687/1316 1317/2688/1317
f 3483/2678/3483 3484/2677/3484 1317/2688/1317 1318/2689/1318
f 1288/2690/1288 3483/2678/3483 1318/2689/1318 194/2691/194
f 1287/2692/1287 3480/2674/3480 3483/2678/3483 1288/2690/1288
f 1286/2681/1286 3477/2671/3477 3480/2674/3480 1287/2692/1287
f 3486/2693/3486 3487/2694/3487 3490/2695/3490 3489/2696/3489
f 3487/2694/3487 3488/2697/3488 3491/2698/3491 3490/2695/3490
f 3489/2696/3489 3490/2695/3490 3493/2699/3493 3492/2700/3492
f 3490/2695/3490 3491/2698/3491 3494/2701/3494 3493/2699/3493
f 194/2691/194 1318/2689/1318 3486/2693/3486 1292/2702/1292
f 1318/2689/1318 1317/2688/1317 3487/2694/3487 3486/2693/3486
f 1317/2688/1317 1316/2687/1316 3488/2697/3488 3487/2694/3487
f 1316/2687/1316 199/2686/199 1319/2703/1319 3488/2697/3488
f 3488/2697/3488 1319/2703/1319 1320/2704/1320 3491/2698/3491
f 3491/2698/3491 1320/2704/1320 1321/2705/1321 3494/2701/3494
f 3494/2701/3494 1321/2705/1321 198/2706/198 1322/2707/1322
f 3493/2699/3493 3494/2701/3494 1322/2707/1322 1323/2708/1323
f 3492/2700/3492 3493/2699/3493 1323/2708/1323 1324/2709/1324
f 1294/2710/1294 3492/2700/3492 1324/2709/1324 193/2711/193
f 1293/2712/1293 3489/2696/3489 3492/2700/3492 1294/2710/1294
f 1292/2702/1292 3486/2693/3486 3489/2696/3489 1293/2712/1293
f 3495/2713/3495 3496/2714/3496 3499/2715/3499 3498/2716/3498
f 3496/2714/3496 3497/2717/3497 3500/2718/3500 3499/2715/3499
f 3498/2716/3498 3499/2715/3499 3502/2719/3502 3501/2720/3501
f 3499/2715/3499 3500/2718/3500 3503/2721/3503 3502/2719/3502
f 193/2722/193 1324/2723/1324 3495/2713/3495 1298/2724/1298
f 1324/2723/1324 1323/2725/1323 3496/2714/3496 3495/2713/3495
f 1323/2725/1323 1322/2726/1322 3497/2717/3497 3496/2714/3496
f 1322/2726/1322 198/2727/198 1325/2728/1325 3497/2717/3497
f 3497/2717/3497 1325/2728/1325 1326/2729/1326 3500/2718/3500
f 3500/2718/3500 1326/2729/1326 1327/2730/1327 3503/2721/3503
f 3503/2721/3503 1327/2730/1327 197/2731/197 1328/2732/1328
f 3502/2719/3502 3503/2721/3503 1328/2732/1328 1329/2733/1329
f 3501/2720/3501 3502/2719/3502 1329/2733/1329 1330/2734/1330
f 1300/2735/1300 3501/2720/3501 1330/2734/1330 192/2649/192
f 1299/2736/1299 3498/2716/3498 3501/2720/3501 1300/2735/1300
f 1298/2724/1298 3495/2713/3495 3498/2716/3498 1299/2736/1299
f 3504/2737/3504 3505/2738/3505 3508/2739/3508 3507/2740/3507
f 3505/2738/3505 3506/2741/3506 3509/2742/3509 3508/2739/3508
f 3507/2740/3507 3508/2739/3508 3511/2743/3511 3510/2744/3510
f 3508/2739/3508 3509/2742/3509 3512/2745/3512 3511/2743/3511
f 192/2649/192 1330/2734/1330 3504/2737/3504 1304/2664/1304
f 1330/2734/1330 1329/2733/1329 3505/2738/3505 3504/2737/3504
f 1329/2733/1329 1328/2732/1328 3506/2741/3506 3505/2738/3505
f 1328/2732/1328 197/2731/197 1331/2746/1331 3506/2741/3506
f 3506/2741/3506 1331/2746/1331 1332/2747/1332 3509/2742/3509
f 3509/2742/3509 1332/2747/1332 1333/2748/1333 3512/2745/3512
f 3512/2745/3512 1333/2748/1333 195/2749/195 1334/2750/1334
f 3511/2743/3511 3512/2745/3512 1334/2750/1334 1335/2751/1335
f 3510/2744/3510 3511/2743/3511 1335/2751/1335 1336/2752/1336
f 1306/2666/1306 3510/2744/3510 1336/2752/1336 190/2667/190
f 1305/2665/1305 3507/2740/3507 3510/2744/3510 1306/2666/1306
f 1304/2664/1304 3504/2737/3504 3507/2740/3507 1305/2665/1305
f 3513/2753/3513 3514/2754/3514 3517/2755/3517 3516/2756/3516
f 3514/2754/3514 3515/2757/3515 3518/2758/3518 3517/2755/3517
f 3516/2756/3516 3517/2755/3517 3520/2759/3520 3519/2760/3519
f 3517/2755/3517 3518/2758/3518 3521/2761/3521 3520/2759/3520
f 196/1080/196 1337/2762/1337 3513/2753/3513 1313/2763/1313
f 1337/2762/1337 1338/1089/1338 3514/2754/3514 3513/2753/3513
f 1338/1089/1338 1339/2764/1339 3515/2757/3515 3514/2754/3514
f 1339/2764/1339 201/993/201 1340/2765/1340 3515/2757/3515
f 3515/2757/3515 1340/2765/1340 1341/2766/1341 3518/2758/3518
f 3518/2758/3518 1341/2766/1341 1342/2767/1342 3521/2761/3521
f 3521/2761/3521 1342/2767/1342 204/2768/204 1343/2769/1343
f 3520/2759/3520 3521/2761/3521 1343/2769/1343 1344/2770/1344
f 3519/2760/3519 3520/2759/3520 1344/2770/1344 1345/2771/1345
f 1315/2772/1315 3519/2760/3519 1345/2771/1345 199/2773/199
f 1314/2774/1314 3516/2756/3516 3519/2760/3519 1315/2772/1315
f 1313/2763/1313 3513/2753/3513 3516/2756/3516 1314/2774/1314
f 3522/2775/3522 3523/2776/3523 3526/2777/3526 3525/2778/3525
f 3523/2776/3523 3524/2779/3524 3527/2780/3527 3526/2777/3526
f 3525/2778/3525 3526/2777/3526 3529/2781/3529 3528/2782/3528
f 3526/2777/3526 3527/2780/3527 3530/2783/3530 3529/2781/3529
f 199/2773/199 1345/2771/1345 3522/2775/3522 1319/2784/1319
f 1345/2771/1345 1344/2770/1344 3523/2776/3523 3522/2775/3522
f 1344/2770/1344 1343/2769/1343 3524/2779/3524 3523/2776/3523
f 1343/2769/1343 204/2768/204 1346/2785/1346 3524/2779/3524
f 3524/2779/3524 1346/2785/1346 1347/2786/1347 3527/2780/3527
f 3527/2780/3527 1347/2786/1347 1348/2787/1348 3530/2783/3530
f 3530/2783/3530 1348/2787/1348 203/2788/203 1349/2789/1349
f 3529/2781/3529 3530/2783/3530 1349/2789/1349 1350/2790/1350
f 3528/2782/3528 3529/2781/3529 1350/2790/1350 1351/2791/1351
f 1321/2792/1321 3528/2782/3528 1351/2791/1351 198/2793/198
f 1320/2794/1320 3525/2778/3525 3528/2782/3528 1321/2792/1321
f 1319/2784/1319 3522/2775/3522 3525/2778/3525 1320/2794/1320
f 3531/2795/3531 3532/2796/3532 3535/2797/3535 3534/2798/3534
f 3532/2796/3532 3533/2799/3533 3536/2800/3536 3535/2797/3535
f 3534/2798/3534 3535/2797/3535 3538/2801/3538 3537/2802/3537
f 3535/2797/3535 3536/2800/3536 3539/2803/3539 3538/2801/3538
f 198/2804/198 1351/2805/1351 3531/2795/3531 1325/2806/1325
f 1351/2805/1351 1350/2807/1350 3532/2796/3532 3531/2795/3531
f 1350/2807/1350 1349/2808/1349 3533/2799/3533 3532/2796/3532
f 1349/2808/1349 203/2809/203 1352/2810/1352 3533/2799/3533
f 3533/2799/3533 1352/2810/1352 1353/2811/1353 3536/2800/3536
f 3536/2800/3536 1353/2811/1353 1354/2812/1354 3539/2803/3539
f 3539/2803/3539 1354/2812/1354 202/2813/202 1355/2814/1355
f 3538/2801/3538 3539/2803/3539 1355/2814/1355 1356/2815/1356
f 3537/2802/3537 3538/2801/3538 1356/2815/1356 1357/2816/1357
f 1327/2817/1327 3537/2802/3537 1357/2816/1357 197/2731/197
f 1326/2818/1326 3534/2798/3534 3537/2802/3537 1327/2817/1327
f 1325/2806/1325 3531/2795/3531 3534/2798/3534 1326/2818/1326
f 3540/2819/3540 3541/2820/3541 3544/2821/3544 3543/2822/3543
f 3541/2820/3541 3542/2823/3542 3545/2824/3545 3544/2821/3544
f 3543/2822/3543 3544/2821/3544 3547/2825/3547 3546/2826/3546
f 3544/2821/3544 3545/2824/3545 3548/2827/3548 3547/2825/3547
f 197/2731/197 1357/2816/1357 3540/2819/3540 1331/2746/1331
f 1357/2816/1357 1356/2815/1356 3541/2820/3541 3540/2819/3540
f 1356/2815/1356 1355/2814/1355 3542/2823/3542 3541/2820/3541
f 1355/2814/1355 202/2813/202 1358/2828/1358 3542/2823/3542
f 3542/2823/3542 1358/2828/1358 1359/2829/1359 3545/2824/3545
f 3545/2824/3545 1359/2829/1359 1360/2830/1360 3548/2827/3548
f 3548/2827/3548 1360/2830/1360 200/2831/200 1361/2832/1361
f 3547/2825/3547 3548/2827/3548 1361/2832/1361 1362/2833/1362
f 3546/2826/3546 3547/2825/3547 1362/2833/1362 1363/2834/1363
f 1333/2748/1333 3546/2826/3546 1363/2834/1363 195/2749/195
f 1332/2747/1332 3543/2822/3543 3546/2826/3546 1333/2748/1333
f 1331/2746/1331 3540/2819/3540 3543/2822/3543 1332/2747/1332
f 3549/2835/3549 3550/2836/3550 3553/2837/3553 3552/2838/3552
f 3550/2836/3550 3551/2839/3551 3554/2840/3554 3553/2837/3553
f 3552/2838/3552 3553/2837/3553 3556/2841/3556 3555/2842/3555
f 3553/2837/3553 3554/2840/3554 3557/2843/3557 3556/2841/3556
f 201/993/201 1364/2844/1364 3549/2835/3549 1340/2845/1340
f 1364/2844/1364 1365/1003/1365 3550/2836/3550 3549/2835/3549
f 1365/1003/1365 1366/2846/1366 3551/2839/3551 3550/2836/3550
f 1366/2846/1366 206/905/206 1367/2847/1367 3551/2839/3551
f 3551/2839/3551 1367/2847/1367 1368/2848/1368 3554/2840/3554
f 3554/2840/3554 1368/2848/1368 1369/2849/1369 3557/2843/3557
f 3557/2843/3557 1369/2849/1369 209/2850/209 1370/2851/1370
f 3556/2841/3556 3557/2843/3557 1370/2851/1370 1371/2852/1371
f 3555/2842/3555 3556/2841/3556 1371/2852/1371 1372/2853/1372
f 1342/2854/1342 3555/2842/3555 1372/2853/1372 204/2855/204
f 1341/2856/1341 3552/2838/3552 3555/2842/3555 1342/2854/1342
f 1340/2845/1340 3549/2835/3549 3552/2838/3552 1341/2856/1341
f 3558/2857/3558 3559/2858/3559 3562/2859/3562 3561/2860/3561
f 3559/2858/3559 3560/2861/3560 3563/2862/3563 3562/2859/3562
f 3561/2860/3561 3562/2859/3562 3565/2863/3565 3564/2864/3564
f 3562/2859/3562 3563/2862/3563 3566/2865/3566 3565/2863/3565
f 204/2855/204 1372/2853/1372 3558/2857/3558 1346/2866/1346
f 1372/2853/1372 1371/2852/1371 3559/2858/3559 3558/2857/3558
f 1371/2852/1371 1370/2851/1370 3560/2861/3560 3559/2858/3559
f 1370/2851/1370 209/2850/209 1373/2867/1373 3560/2861/3560
f 3560/2861/3560 1373/2867/1373 1374/2868/1374 3563/2862/3563
f 3563/2862/3563 1374/2868/1374 1375/2869/1375 3566/2865/3566
f 3566/2865/3566 1375/2869/1375 208/2870/208 1376/2871/1376
f 3565/2863/3565 3566/2865/3566 1376/2871/1376 1377/2872/1377
f 3564/2864/3564 3565/2863/3565 1377/2872/1377 1378/2873/1378
f 1348/2874/1348 3564/2864/3564 1378/2873/1378 203/2875/203
f 1347/2876/1347 3561/2860/3561 3564/2864/3564 1348/2874/1348
f 1346/2866/1346 3558/2857/3558 3561/2860/3561 1347/2876/1347
f 3567/2877/3567 3568/2878/3568 3571/2879/3571 3570/2880/3570
f 3568/2878/3568 3569/2881/3569 3572/2882/3572 3571/2879/3571
f 3570/2880/3570 3571/2879/3571 3574/2883/3574 3573/2884/3573
f 3571/2879/3571 3572/2882/3572 3575/2885/3575 3574/2883/3574
f 203/2886/203 1378/2887/1378 3567/2877/3567 1352/2888/1352
f 1378/2887/1378 1377/2889/1377 3568/2878/3568 3567/2877/3567
f 1377/2889/1377 1376/2890/1376 3569/2881/3569 3568/2878/3568
f 1376/2890/1376 208/2891/208 1379/2892/1379 3569/2881/3569
f 3569/2881/3569 1379/2892/1379 1380/2893/1380 3572/2882/3572
f 3572/2882/3572 1380/2893/1380 1381/2894/1381 3575/2885/3575
f 3575/2885/3575 1381/2894/1381 207/2895/207 1382/2896/1382
f 3574/2883/3574 3575/2885/3575 1382/2896/1382 1383/2897/1383
f 3573/2884/3573 3574/2883/3574 1383/2897/1383 1384/2898/1384
f 1354/2899/1354 3573/2884/3573 1384/2898/1384 202/2813/202
f 1353/2900/1353 3570/2880/3570 3573/2884/3573 1354/2899/1354
f 1352/2888/1352 3567/2877/3567 3570/2880/3570 1353/2900/1353
f 3576/2901/3576 3577/2902/3577 3580/2903/3580 3579/2904/3579
f 3577/2902/3577 3578/2905/3578 3581/2906/3581 3580/2903/3580
f 3579/2904/3579 3580/2903/3580 3583/2907/3583 3582/2908/3582
f 3580/2903/3580 3581/2906/3581 3584/2909/3584 3583/2907/3583
f 202/2813/202 1384/2898/1384 3576/2901/3576 1358/2828/1358
f 1384/2898/1384 1383/2897/1383 3577/2902/3577 3576/2901/3576
f 1383/2897/1383 1382/2896/1382 3578/2905/3578 3577/2902/3577
f 1382/2896/1382 207/2895/207 1385/2910/1385 3578/2905/3578
f 3578/2905/3578 1385/2910/1385 1386/2911/1386 3581/2906/3581
f 3581/2906/3581 1386/2911/1386 1387/2912/1387 3584/2909/3584
f 3584/2909/3584 1387/2912/1387 205/2913/205 1388/2914/1388
f 3583/2907/3583 3584/2909/3584 1388/2914/1388 1389/2915/1389
f 3582/2908/3582 3583/2907/3583 1389/2915/1389 1390/2916/1390
f 1360/2830/1360 3582/2908/3582 1390/2916/1390 200/2831/200
f 1359/2829/1359 3579/2904/3579 3582/2908/3582 1360/2830/1360
f 1358/2828/1358 3576/2901/3576 3579/2904/3579 1359/2829/1359
f 3585/2917/3585 3586/2918/3586 3589/2919/3589 3588/2920/3588
f 3586/2918/3586 3587/2921/3587 3590/2922/3590 3589/2919/3589
f 3588/2920/3588 3589/2919/3589 3592/2923/3592 3591/2924/3591
f 3589/2919/3589 3590/2922/3590 3593/2925/3593 3592/2923/3592
f 206/905/206 1391/2926/1391 3585/2917/3585 1367/2927/1367
f 1391/2926/1391 1392/2928/1392 3586/2918/3586 3585/2917/3585
f 1392/2928/1392 1393/2929/1393 3587/2921/3587 3586/2918/3586
f 1393/2929/1393 211/819/211 1394/2930/1394 3587/2921/3587
f 3587/2921/3587 1394/2930/1394 1395/2931/1395 3590/2922/3590
f 3590/2922/3590 1395/2931/1395 1396/2932/1396 3593/2925/3593
f 3593/2925/3593 1396/2932/1396 214/2933/214 1397/2934/1397
f 3592/2923/3592 3593/2925/3593 1397/2934/1397 1398/2935/1398
f 3591/2924/3591 3592/2923/3592 1398/2935/1398 1399/2936/1399
f 1369/2937/1369 3591/2924/3591 1399/2936/1399 209/2938/209
f 1368/2939/1368 3588/2920/3588 3591/2924/3591 1369/2937/1369
f 1367/2927/1367 3585/2917/3585 3588/2920/3588 1368/2939/1368
f 3594/2940/3594 3595/2941/3595 3598/2942/3598 3597/2943/3597
f 3595/2941/3595 3596/2944/3596 3599/2945/3599 3598/2942/3598
f 3597/2943/3597 3598/2942/3598 3601/2946/3601 3600/2947/3600
f 3598/2942/3598 3599/2945/3599 3602/2948/3602 3601/2946/3601
f 209/2938/209 1399/2936/1399 3594/2940/3594 1373/2949/1373
f 1399/2936/1399 1398/2935/1398 3595/2941/3595 3594/2940/3594
f 1398/2935/1398 1397/2934/1397 3596/2944/3596 3595/2941/3595
f 1397/2934/1397 214/2933/214 1400/2950/1400 3596/2944/3596
f 3596/2944/3596 1400/2950/1400 1401/2951/1401 3599/2945/3599
f 3599/2945/3599 1401/2951/1401 1402/2952/1402 3602/2948/3602
f 3602/2948/3602 1402/2952/1402 213/2953/213 1403/2954/1403
f 3601/2946/3601 3602/2948/3602 1403/2954/1403 1404/2955/1404
f 3600/2947/3600 3601/2946/3601 1404/2955/1404 1405/2956/1405
f 1375/2957/1375 3600/2947/3600 1405/2956/1405 208/2958/208
f 1374/2959/1374 3597/2943/3597 3600/2947/3600 1375/2957/1375
f 1373/2949/1373 3594/2940/3594 3597/2943/3597 1374/2959/1374
f 3603/2960/3603 3604/2961/3604 3607/2962/3607 3606/2963/3606
f 3604/2961/3604 3605/2964/3605 3608/2965/3608 3607/2962/3607
f 3606/2963/3606 3607/2962/3607 3610/2966/3610 3609/2967/3609
f 3607/2962/3607 3608/2965/3608 3611/2968/3611 3610/2966/3610
f 208/2969/208 1405/2970/1405 3603/2960/3603 1379/2971/1379
f 1405/2970/1405 1404/2972/1404 3604/2961/3604 3603/2960/3603
f 1404/2972/1404 1403/2973/1403 3605/2964/3605 3604/2961/3604
f 1403/2973/1403 213/2974/213 1406/2975/1406 3605/2964/3605
f 3605/2964/3605 1406/2975/1406 1407/2976/1407 3608/2965/3608
f 3608/2965/3608 1407/2976/1407 1408/2977/1408 3611/2968/3611
f 3611/2968/3611 1408/2977/1408 212/2978/212 1409/2979/1409
f 3610/2966/3610 3611/2968/3611 1409/2979/1409 1410/2980/1410
f 3609/2967/3609 3610/2966/3610 1410/2980/1410 1411/2981/1411
f 1381/2982/1381 3609/2967/3609 1411/2981/1411 207/2895/207
f 1380/2983/1380 3606/2963/3606 3609/2967/3609 1381/2982/1381
f 1379/2971/1379 3603/2960/3603 3606/2963/3606 1380/2983/1380
f 3612/2984/3612 3613/2985/3613 3616/2986/3616 3615/2987/3615
f 3613/2985/3613 3614/2988/3614 3617/2989/3617 3616/2986/3616
f 3615/2987/3615 3616/2986/3616 3619/2990/3619 3618/2991/3618
f 3616/2986/3616 3617/2989/3617 3620/2992/3620 3619/2990/3619
f 207/2895/207 1411/2981/1411 3612/2984/3612 1385/2910/1385
f 1411/2981/1411 1410/2980/1410 3613/2985/3613 3612/2984/3612
f 1410/2980/1410 1409/2979/1409 3614/2988/3614 3613/2985/3613
f 1409/2979/1409 212/2978/212 1412/2993/1412 3614/2988/3614
f 3614/2988/3614 1412/2993/1412 1413/2994/1413 3617/2989/3617
f 3617/2989/3617 1413/2994/1413 1414/2995/1414 3620/2992/3620
f 3620/2992/3620 1414/2995/1414 210/2996/210 1415/2997/1415
f 3619/2990/3619 3620/2992/3620 1415/2997/1415 1416/2998/1416
f 3618/2991/3618 3619/2990/3619 1416/2998/1416 1417/2999/1417
f 1387/2912/1387 3618/2991/3618 1417/2999/1417 205/2913/205
f 1386/2911/1386 3615/2987/3615 3618/2991/3618 1387/2912/1387
f 1385/2910/1385 3612/2984/3612 3615/2987/3615 1386/2911/1386
f 3621/3000/3621 3622/3001/3622 3625/3002/3625 3624/3003/3624
f 3622/3001/3622 3623/3004/3623 3626/3005/3626 3625/3002/3625
f 3624/3003/3624 3625/3002/3625 3628/3006/3628 3627/3007/3627
f 3625/3002/3625 3626/3005/3626 3629/3008/3629 3628/3006/3628
f 211/819/211 1418/3009/1418 3621/3000/3621 1394/3010/1394
f 1418/3009/1418 1419/3011/1419 3622/3001/3622 3621/3000/3621
f 1419/3011/1419 1420/3012/1420 3623/3004/3623 3622/3001/3622
f 1420/3012/1420 216/734/216 1421/3013/1421 3623/3004/3623
f 3623/3004/3623 1421/3013/1421 1422/3014/1422 3626/3005/3626
f 3626/3005/3626 1422/3014/1422 1423/3015/1423 3629/3008/3629
f 3629/3008/3629 1423/3015/1423 219/3016/219 1424/3017/1424
f 3628/3006/3628 3629/3008/3629 1424/3017/1424 1425/3018/1425
f 3627/3007/3627 3628/3006/3628 1425/3018/1425 1426/3019/1426
f 1396/3020/1396 3627/3007/3627 1426/3019/1426 214/3021/214
f 1395/3022/1395 3624/3003/3624 3627/3007/3627 1396/3020/1396
f 1394/3010/1394 3621/3000/3621 3624/3003/3624 1395/3022/1395
f 3630/3023/3630 3631/3024/3631 3634/3025/3634 3633/3026/3633
f 3631/3024/3631 3632/3027/3632 3635/3028/3635 3634/3025/3634
f 3633/3026/3633 3634/3025/3634 3637/3029/3637 3636/3030/3636
f 3634/3025/3634 3635/3028/3635 3638/3031/3638 3637/3029/3637
f 214/3021/214 1426/3019/1426 3630/3023/3630 1400/3032/1400
f 1426/3019/1426 1425/3018/1425 3631/3024/3631 3630/3023/3630
f 1425/3018/1425 1424/3017/1424 3632/3027/3632 3631/3024/3631
f 1424/3017/1424 219/3016/219 1427/3033/1427 3632/3027/3632
f 3632/3027/3632 1427/3033/1427 1428/3034/1428 3635/3028/3635
f 3635/3028/3635 1428/3034/1428 1429/3035/1429 3638/3031/3638
f 3638/3031/3638 1429/3035/1429 218/3036/218 1430/3037/1430
f 3637/3029/3637 3638/3031/3638 1430/3037/1430 1431/3038/1431
f 3636/3030/3636 3637/3029/3637 1431/3038/1431 1432/3039/1432
f 1402/3040/1402 3636/3030/3636 1432/3039/1432 213/3041/213
f 1401/3042/1401 3633/3026/3633 3636/3030/3636 1402/3040/1402
f 1400/3032/1400 3630/3023/3630 3633/3026/3633 1401/3042/1401
f 3639/3043/3639 3640/3044/3640 3643/3045/3643 3642/3046/3642
f 3640/3044/3640 3641/3047/3641 3644/3048/3644 3643/3045/3643
f 3642/3046/3642 3643/3045/3643 3646/3049/3646 3645/3050/3645
f 3643/3045/3643 3644/3048/3644 3647/3051/3647 3646/3049/3646
f 213/3052/213 1432/3053/1432 3639/3043/3639 1406/3054/1406
f 1432/3053/1432 1431/3055/1431 3640/3044/3640 3639/3043/3639
f 1431/3055/1431 1430/3056/1430 3641/3047/3641 3640/3044/3640
f 1430/3056/1430 218/3057/218 1433/3058/1433 3641/3047/3641
f 3641/3047/3641 1433/3058/1433 1434/3059/1434 3644/3048/3644
f 3644/3048/3644 1434/3059/1434 1435/3060/1435 3647/3051/3647
f 3647/3051/3647 1435/3060/1435 217/3061/217 1436/3062/1436
f 3646/3049/3646 3647/3051/3647 1436/3062/1436 1437/3063/1437
f 3645/3050/3645 3646/3049/3646 1437/3063/1437 1438/3064/1438
f 1408/3065/1408 3645/3050/3645 1438/3064/1438 212/2978/212
f 1407/3066/1407 3642/3046/3642 3645/3050/3645 1408/3065/1408
f 1406/3054/1406 3639/3043/3639 3642/3046/3642 1407/3066/1407
f 3648/3067/3648 3649/3068/3649 3652/3069/3652 3651/3070/3651
f 3649/3068/3649 3650/3071/3650 3653/3072/3653 3652/3069/3652
f 3651/3070/3651 3652/3069/3652 3655/3073/3655 3654/3074/3654
f 3652/3069/3652 3653/3072/3653 3656/3075/3656 3655/3073/3655
f 212/2978/212 1438/3064/1438 3648/3067/3648 1412/2993/1412
f 1438/3064/1438 1437/3063/1437 3649/3068/3649 3648/3067/3648
f 1437/3063/1437 1436/3062/1436 3650/3071/3650 3649/3068/3649
f 1436/3062/1436 217/3061/217 1439/3076/1439 3650/3071/3650
f 3650/3071/3650 1439/3076/1439 1440/3077/1440 3653/3072/3653
f 3653/3072/3653 1440/3077/1440 1441/3078/1441 3656/3075/3656
f 3656/3075/3656 1441/3078/1441 215/3079/215 1442/3080/1442
f 3655/3073/3655 3656/3075/3656 1442/3080/1442 1443/3081/1443
f 3654/3074/3654 3655/3073/3655 1443/3081/1443 1444/3082/1444
f 1414/2995/1414 3654/3074/3654 1444/3082/1444 210/2996/210
f 1413/2994/1413 3651/3070/3651 3654/3074/3654 1414/2995/1414
f 1412/2993/1412 3648/3067/3648 3651/3070/3651 1413/2994/1413
f 3657/3083/3657 3658/3084/3658 3661/3085/3661 3660/3086/3660
f 3658/3084/3658 3659/3087/3659 3662/3088/3662 3661/3085/3661
f 3660/3086/3660 3661/3085/3661 3664/3089/3664 3663/3090/3663
f 3661/3085/3661 3662/3088/3662 3665/3091/3665 3664/3089/3664
f 216/734/216 1445/3092/1445 3657/3083/3657 1421/3093/1421
f 1445/3092/1445 1446/3094/1446 3658/3084/3658 3657/3083/3657
f 1446/3094/1446 1447/3095/1447 3659/3087/3659 3658/3084/3658
f 1447/3095/1447 221/531/221 1448/3096/1448 3659/3087/3659
f 3659/3087/3659 1448/3096/1448 1449/3097/1449 3662/3088/3662
f 3662/3088/3662 1449/3097/1449 1450/3098/1450 3665/3091/3665
f 3665/3091/3665 1450/3098/1450 224/3099/224 1451/3100/1451
f 3664/3089/3664 3665/3091/3665 1451/3100/1451 1452/3101/1452
f 3663/3090/3663 3664/3089/3664 1452/3101/1452 1453/3102/1453
f 1423/3103/1423 3663/3090/3663 1453/3102/1453 219/3104/219
f 1422/3105/1422 3660/3086/3660 3663/3090/3663 1423/3103/1423
f 1421/3093/1421 3657/3083/3657 3660/3086/3660 1422/3105/1422
f 3666/3106/3666 3667/3107/3667 3670/3108/3670 3669/3109/3669
f 3667/3107/3667 3668/3110/3668 3671/3111/3671 3670/3108/3670
f 3669/3109/3669 3670/3108/3670 3673/3112/3673 3672/3113/3672
f 3670/3108/3670 3671/3111/3671 3674/3114/3674 3673/3112/3673
f 219/3104/219 1453/3102/1453 3666/3106/3666 1427/3115/1427
f 1453/3102/1453 1452/3101/1452 3667/3107/3667 3666/3106/3666
f 1452/3101/1452 1451/3100/1451 3668/3110/3668 3667/3107/3667
f 1451/3100/1451 224/3099/224 1454/3116/1454 3668/3110/3668
f 3668/3110/3668 1454/3116/1454 1455/3117/1455 3671/3111/3671
f 3671/3111/3671 1455/3117/1455 1456/3118/1456 3674/3114/3674
f 3674/3114/3674 1456/3118/1456 223/3119/223 1457/3120/1457
f 3673/3112/3673 3674/3114/3674 1457/3120/1457 1458/3121/1458
f 3672/3113/3672 3673/3112/3673 1458/3121/1458 1459/3122/1459
f 1429/3123/1429 3672/3113/3672 1459/3122/1459 218/3124/218
f 1428/3125/1428 3669/3109/3669 3672/3113/3672 1429/3123/1429
f 1427/3115/1427 3666/3106/3666 3669/3109/3669 1428/3125/1428
f 3675/3126/3675 3676/3127/3676 3679/3128/3679 3678/3129/3678
f 3676/3127/3676 3677/3130/3677 3680/3131/3680 3679/3128/3679
f 3678/3129/3678 3679/3128/3679 3682/3132/3682 3681/3133/3681
f 3679/3128/3679 3680/3131/3680 3683/3134/3683 3682/3132/3682
f 218/3135/218 1459/3136/1459 3675/3126/3675 1433/3137/1433
f 1459/3136/1459 1458/3138/1458 3676/3127/3676 3675/3126/3675
f 1458/3138/1458 1457/3139/1457 3677/3130/3677 3676/3127/3676
f 1457/3139/1457 223/3140/223 1460/3141/1460 3677/3130/3677
f 3677/3130/3677 1460/3141/1460 1461/3142/1461 3680/3131/3680
f 3680/3131/3680 1461/3142/1461 1462/3143/1462 3683/3134/3683
f 3683/3134/3683 1462/3143/1462 222/3144/222 1463/3145/1463
f 3682/3132/3682 3683/3134/3683 1463/3145/1463 1464/3146/1464
f 3681/3133/3681 3682/3132/3682 1464/3146/1464 1465/3147/1465
f 1435/3148/1435 3681/3133/3681 1465/3147/1465 217/3061/217
f 1434/3149/1434 3678/3129/3678 3681/3133/3681 1435/3148/1435
f 1433/3137/1433 3675/3126/3675 3678/3129/3678 1434/3149/1434
f 3684/3150/3684 3685/3151/3685 3688/3152/3688 3687/3153/3687
f 3685/3151/3685 3686/3154/3686 3689/3155/3689 3688/3152/3688
f 3687/3153/3687 3688/3152/3688 3691/3156/3691 3690/3157/3690
f 3688/3152/3688 3689/3155/3689 3692/3158/3692 3691/3156/3691
f 217/3061/217 1465/3147/1465 3684/3150/3684 1439/3076/1439
f 1465/3147/1465 1464/3146/1464 3685/3151/3685 3684/3150/3684
f 1464/3146/1464 1463/3145/1463 3686/3154/3686 3685/3151/3685
f 1463/3145/1463 222/3144/222 1466/3159/1466 3686/3154/3686
f 3686/3154/3686 1466/3159/1466 1467/3160/1467 3689/3155/3689
f 3689/3155/3689 1467/3160/1467 1468/3161/1468 3692/3158/3692
f 3692/3158/3692 1468/3161/1468 220/3162/220 1469/3163/1469
f 3691/3156/3691 3692/3158/3692 1469/3163/1469 1470/3164/1470
f 3690/3157/3690 3691/3156/3691 1470/3164/1470 1471/3165/1471
f 1441/3078/1441 3690/3157/3690 1471/3165/1471 215/3079/215
f 1440/3077/1440 3687/3153/3687 3690/3157/3690 1441/3078/1441
f 1439/3076/1439 3684/3150/3684 3687/3153/3687 1440/3077/1440
f 3693/3166/3693 3694/3167/3694 3697/3168/3697 3696/3169/3696
f 3694/3167/3694 3695/3170/3695 3698/3171/3698 3697/3168/3697
f 3696/3169/3696 3697/3168/3697 3700/3172/3700 3699/3173/3699
f 3697/3168/3697 3698/3171/3698 3701/3174/3701 3700/3172/3700
f 221/531/221 1472/3175/1472 3693/3166/3693 1448/3176/1448
f 1472/3175/1472 1473/3177/1473 3694/3167/3694 3693/3166/3693
f 1473/3177/1473 1474/3178/1474 3695/3170/3695 3694/3167/3694
f 1474/3178/1474 146/545/146 1057/3179/1057 3695/3170/3695
f 3695/3170/3695 1057/3179/1057 1056/3180/1056 3698/3171/3698
f 3698/3171/3698 1056/3180/1056 1055/3181/1055 3701/3174/3701
f 3701/3174/3701 1055/3181/1055 149/3182/149 1475/3183/1475
f 3700/3172/3700 3701/3174/3701 1475/3183/1475 1476/3184/1476
f 3699/3173/3699 3700/3172/3700 1476/3184/1476 1477/3185/1477
f 1450/3186/1450 3699/3173/3699 1477/3185/1477 224/3187/224
f 1449/3188/1449 3696/3169/3696 3699/3173/3699 1450/3186/1450
f 1448/3176/1448 3693/3166/3693 3696/3169/3696 1449/3188/1449
f 3702/3189/3702 3703/3190/3703 3706/3191/3706 3705/3192/3705
f 3703/3190/3703 3704/3193/3704 3707/3194/3707 3706/3191/3706
f 3705/3192/3705 3706/3191/3706 3709/3195/3709 3708/3196/3708
f 3706/3191/3706 3707/3194/3707 3710/3197/3710 3709/3195/3709
f 224/3187/224 1477/3185/1477 3702/3189/3702 1454/3198/1454
f 1477/3185/1477 1476/3184/1476 3703/3190/3703 3702/3189/3702
f 1476/3184/1476 1475/3183/1475 3704/3193/3704 3703/3190/3703
f 1475/3183/1475 149/3182/149 1069/3199/1069 3704/3193/3704
f 3704/3193/3704 1069/3199/1069 1068/3200/1068 3707/3194/3707
f 3707/3194/3707 1068/3200/1068 1067/3201/1067 3710/3197/3710
f 3710/3197/3710 1067/3201/1067 148/3202/148 1478/3203/1478
f 3709/3195/3709 3710/3197/3710 1478/3203/1478 1479/3204/1479
f 3708/3196/3708 3709/3195/3709 1479/3204/1479 1480/3205/1480
f 1456/3206/1456 3708/3196/3708 1480/3205/1480 223/3207/223
f 1455/3208/1455 3705/3192/3705 3708/3196/3708 1456/3206/1456
f 1454/3198/1454 3702/3189/3702 3705/3192/3705 1455/3208/1455
f 3711/3209/3711 3712/3210/3712 3715/3211/3715 3714/3212/3714
f 3712/3210/3712 3713/3213/3713 3716/3214/3716 3715/3211/3715
f 3714/3212/3714 3715/3211/3715 3718/3215/3718 3717/3216/3717
f 3715/3211/3715 3716/3214/3716 3719/3217/3719 3718/3215/3718
f 223/3218/223 1480/3219/1480 3711/3209/3711 1460/3220/1460
f 1480/3219/1480 1479/3221/1479 3712/3210/3712 3711/3209/3711
f 1479/3221/1479 1478/3222/1478 3713/3213/3713 3712/3210/3712
f 1478/3222/1478 148/3223/148 1078/3224/1078 3713/3213/3713
f 3713/3213/3713 1078/3224/1078 1077/3225/1077 3716/3214/3716
f 3716/3214/3716 1077/3225/1077 1076/3226/1076 3719/3217/3719
f 3719/3217/3719 1076/3226/1076 147/1990/147 1481/3227/1481
f 3718/3215/3718 3719/3217/3719 1481/3227/1481 1482/3228/1482
f 3717/3216/3717 3718/3215/3718 1482/3228/1482 1483/3229/1483
f 1462/3230/1462 3717/3216/3717 1483/3229/1483 222/3144/222
f 1461/3231/1461 3714/3212/3714 3717/3216/3717 1462/3230/1462
f 1460/3220/1460 3711/3209/3711 3714/3212/3714 1461/3231/1461
f 3720/3232/3720 3721/3233/3721 3724/3234/3724 3723/3235/3723
f 3721/3233/3721 3722/3236/3722 3725/3237/3725 3724/3234/3724
f 3723/3235/3723 3724/3234/3724 3727/3238/3727 3726/3239/3726
f 3724/3234/3724 3725/3237/3725 3728/3240/3728 3727/3238/3727
f 222/3144/222 1483/3229/1483 3720/3232/3720 1466/3159/1466
f 1483/3229/1483 1482/3228/1482 3721/3233/3721 3720/3232/3720
f 1482/3228/1482 1481/3227/1481 3722/3236/3722 3721/3233/3721
f 1481/3227/1481 147/1990/147 1087/2001/1087 3722/3236/3722
f 3722/3236/3722 1087/2001/1087 1086/2010/1086 3725/3237/3725
f 3725/3237/3725 1086/2010/1086 1085/2008/1085 3728/3240/3728
f 3728/3240/3728 1085/2008/1085 145/2009/145 1484/3241/1484
f 3727/3238/3727 3728/3240/3728 1484/3241/1484 1485/3242/1485
f 3726/3239/3726 3727/3238/3727 1485/3242/1485 1486/3243/1486
f 1468/3161/1468 3726/3239/3726 1486/3243/1486 220/3162/220
f 1467/3160/1467 3723/3235/3723 3726/3239/3726 1468/3161/1468
f 1466/3159/1466 3720/3232/3720 3723/3235/3723 1467/3160/1467
f 3729/3244/3729 3730/3245/3730 3733/3246/3733 3732/3247/3732
f 3730/3245/3730 3731/3248/3731 3734/3249/3734 3733/3246/3733
f 3732/3247/3732 3733/3246/3733 3736/3250/3736 3735/3251/3735
f 3733/3246/3733 3734/3249/3734 3737/3252/3737 3736/3250/3736
f 146/1932/146 1487/3253/1487 3729/3244/3729 1058/3254/1058
f 1487/3253/1487 1488/3255/1488 3730/3245/3730 3729/3244/3729
f 1488/3255/1488 1489/3256/1489 3731/3248/3731 3730/3245/3730
f 1489/3256/1489 65/1856/65 1040/1858/1040 3731/3248/3731
f 3731/3248/3731 1040/1858/1040 1041/1870/1041 3734/3249/3734
f 3734/3249/3734 1041/1870/1041 1042/1869/1042 3737/3252/3737
f 3737/3252/3737 1042/1869/1042 74/561/74 1490/560/1490
f 3736/3250/3736 3737/3252/3737 1490/560/1490 1491/559/1491
f 3735/3251/3735 3736/3250/3736 1491/559/1491 1492/557/1492
f 1060/3257/1060 3735/3251/3735 1492/557/1492 151/556/151
f 1059/3258/1059 3732/3247/3732 3735/3251/3735 1060/3257/1060
f 1058/3254/1058 3729/3244/3729 3732/3247/3732 1059/3258/1059
f 3739/3259/3739 3740/3260/3740 3738/3261/3738 3744/3262/3744
f 3741/3263/3741 3742/3264/3742 3738/3261/3738 3740/3265/3740
f 3743/3266/3743 3744/3267/3744 3738/3261/3738 3742/3264/3742
f 50/3268/50 527/3269/527 3739/3259/3739 1537/3270/1537
f 527/3269/527 528/3271/528 3740/3260/3740 3739/3259/3739
f 1537/3270/1537 3739/3259/3739 3744/3262/3744 1536/3272/1536
f 49/3273/49 1538/3274/1538 3741/3263/3741 529/3275/529
f 1538/3274/1538 1539/3276/1539 3742/3264/3742 3741/3263/3741
f 529/3275/529 3741/3263/3741 3740/3265/3740 528/3277/528
f 225/3278/225 1535/3279/1535 3743/3266/3743 1540/3280/1540
f 1535/3279/1535 1536/3272/1536 3744/3267/3744 3743/3266/3743
f 1540/3280/1540 3743/3266/3743 3742/3264/3742 1539/3281/1539
f 3746/3282/3746 3747/3283/3747 3745/3284/3745 3751/3285/3751
f 3748/3286/3748 3749/3287/3749 3745/3284/3745 3747/3288/3747
f 3750/3289/3750 3751/3290/3751 3745/3284/3745 3749/3291/3749
f 49/3273/49 575/3292/575 3746/3282/3746 1538/3293/1538
f 575/3292/575 576/3294/576 3747/3283/3747 3746/3282/3746
f 1538/3293/1538 3746/3282/3746 3751/3285/3751 1539/3276/1539
f 64/3295/64 1541/3296/1541 3748/3286/3748 577/3297/577
f 1541/3296/1541 1542/3298/1542 3749/3287/3749 3748/3286/3748
f 577/3297/577 3748/3286/3748 3747/3288/3747 576/3299/576
f 225/3278/225 1540/3300/1540 3750/3289/3750 1543/3301/1543
f 1540/3300/1540 1539/3281/1539 3751/3290/3751 3750/3289/3750
f 1543/3301/1543 3750/3289/3750 3749/3291/3749 1542/3302/1542
f 3753/3303/3753 3754/3304/3754 3752/3305/3752 3758/3306/3758
f 3755/3307/3755 3756/3308/3756 3752/3305/3752 3754/3309/3754
f 3757/3310/3757 3758/3311/3758 3752/3305/3752 3756/3308/3756
f 64/3295/64 572/3312/572 3753/3303/3753 1541/3313/1541
f 572/3312/572 573/3314/573 3754/3304/3754 3753/3303/3753
f 1541/3313/1541 3753/3303/3753 3758/3306/3758 1542/3315/1542
f 63/3316/63 1544/3317/1544 3755/3307/3755 574/3318/574
f 1544/3317/1544 1545/3319/1545 3756/3308/3756 3755/3307/3755
f 574/3318/574 3755/3307/3755 3754/3309/3754 573/3314/573
f 225/3278/225 1543/3301/1543 3757/3310/3757 1546/3320/1546
f 1543/3301/1543 1542/3298/1542 3758/3311/3758 3757/3310/3757
f 1546/3320/1546 3757/3310/3757 3756/3308/3756 1545/3321/1545
f 3760/3322/3760 3761/3323/3761 3759/3324/3759 3765/3325/3765
f 3762/3326/3762 3763/3327/3763 3759/3324/3759 3761/3328/3761
f 3764/3329/3764 3765/3330/3765 3759/3324/3759 3763/3327/3763
f 63/3316/63 569/3331/569 3760/3322/3760 1544/3332/1544
f 569/3331/569 570/3333/570 3761/3323/3761 3760/3322/3760
f 1544/3332/1544 3760/3322/3760 3765/3325/3765 1545/3334/1545
f 62/3335/62 1547/3336/1547 3762/3326/3762 571/3337/571
f 1547/3336/1547 1548/3338/1548 3763/3327/3763 3762/3326/3762
f 571/3337/571 3762/3326/3762 3761/3328/3761 570/3333/570
f 225/3278/225 1546/3339/1546 3764/3329/3764 1549/3340/1549
f 1546/3339/1546 1545/3334/1545 3765/3330/3765 3764/3329/3764
f 1549/3340/1549 3764/3329/3764 3763/3327/3763 1548/3338/1548
f 3767/3341/3767 3768/3342/3768 3766/3343/3766 3772/3344/3772
f 3769/3345/3769 3770/3346/3770 3766/3343/3766 3768/3342/3768
f 3771/3347/3771 3772/3348/3772 3766/3343/3766 3770/3349/3770
f 62/3335/62 566/3350/566 3767/3341/3767 1547/3351/1547
f 566/3350/566 567/3352/567 3768/3342/3768 3767/3341/3767
f 1547/3351/1547 3767/3341/3767 3772/3344/3772 1548/3353/1548
f 61/3354/61 1550/3355/1550 3769/3345/3769 568/3356/568
f 1550/3355/1550 1551/3357/1551 3770/3346/3770 3769/3345/3769
f 568/3356/568 3769/3345/3769 3768/3342/3768 567/3352/567
f 225/3278/225 1549/3358/1549 3771/3347/3771 1552/3359/1552
f 1549/3358/1549 1548/3338/1548 3772/3348/3772 3771/3347/3771
f 1552/3359/1552 3771/3347/3771 3770/3349/3770 1551/3360/1551
f 3774/3361/3774 3775/3362/3775 3773/3363/3773 3779/3364/3779
f 3776/3365/3776 3777/3366/3777 3773/3363/3773 3775/3367/3775
f 3778/3368/3778 3779/3369/3779 3773/3363/3773 3777/3370/3777
f 61/3354/61 563/3371/563 3774/3361/3774 1550/3372/1550
f 563/3371/563 564/3373/564 3775/3362/3775 3774/3361/3774
f 1550/3372/1550 3774/3361/3774 3779/3364/3779 1551/3357/1551
f 60/3374/60 1553/3375/1553 3776/3365/3776 565/3376/565
f 1553/3375/1553 1554/3377/1554 3777/3366/3777 3776/3365/3776
f 565/3376/565 3776/3365/3776 3775/3367/3775 564/3378/564
f 225/3278/225 1552/3379/1552 3778/3368/3778 1555/3380/1555
f 1552/3379/1552 1551/3357/1551 3779/3369/3779 3778/3368/3778
f 1555/3380/1555 3778/3368/3778 3777/3370/3777 1554/3381/1554
f 3781/3382/3781 3782/3383/3782 3780/3384/3780 3786/3385/3786
f 3783/3386/3783 3784/3387/3784 3780/3384/3780 3782/3388/3782
f 3785/3389/3785 3786/3390/3786 3780/3384/3780 3784/3391/3784
f 60/3374/60 560/3392/560 3781/3382/3781 1553/3393/1553
f 560/3392/560 561/3394/561 3782/3383/3782 3781/3382/3781
f 1553/3393/1553 3781/3382/3781 3786/3385/3786 1554/3377/1554
f 59/3395/59 1556/3396/1556 3783/3386/3783 562/3397/562
f 1556/3396/1556 1557/3398/1557 3784/3387/3784 3783/3386/3783
f 562/3397/562 3783/3386/3783 3782/3388/3782 561/3394/561
f 225/3278/225 1555/3399/1555 3785/3389/3785 1558/3400/1558
f 1555/3399/1555 1554/3381/1554 3786/3390/3786 3785/3389/3785
f 1558/3400/1558 3785/3389/3785 3784/3391/3784 1557/3401/1557
f 3788/3402/3788 3789/3403/3789 3787/3404/3787 3793/3405/3793
f 3790/3406/3790 3791/3407/3791 3787/3404/3787 3789/3408/3789
f 3792/3409/3792 3793/3405/3793 3787/3404/3787 3791/3410/3791
f 59/3395/59 557/3411/557 3788/3402/3788 1556/3412/1556
f 557/3411/557 558/3413/558 3789/3403/3789 3788/3402/3788
f 1556/3412/1556 3788/3402/3788 3793/3405/3793 1557/3414/1557
f 58/3415/58 1559/3416/1559 3790/3406/3790 559/3417/559
f 1559/3416/1559 1560/3418/1560 3791/3407/3791 3790/3406/3790
f 559/3417/559 3790/3406/3790 3789/3408/3789 558/3413/558
f 225/3278/225 1558/3419/1558 3792/3409/3792 1561/3420/1561
f 1558/3419/1558 1557/3398/1557 3793/3405/3793 3792/3409/3792
f 1561/3420/1561 3792/3409/3792 3791/3410/3791 1560/3421/1560
f 3795/3422/3795 3796/3423/3796 3794/3424/3794 3800/3425/3800
f 3797/3426/3797 3798/3427/3798 3794/3424/3794 3796/3428/3796
f 3799/3429/3799 3800/3425/3800 3794/3424/3794 3798/3430/3798
f 58/3415/58 554/3431/554 3795/3422/3795 1559/3432/1559
f 554/3431/554 555/3433/555 3796/3423/3796 3795/3422/3795
f 1559/3432/1559 3795/3422/3795 3800/3425/3800 1560/3421/1560
f 57/3434/57 1562/3435/1562 3797/3426/3797 556/3436/556
f 1562/3435/1562 1563/3437/1563 3798/3427/3798 3797/3426/3797
f 556/3436/556 3797/3426/3797 3796/3428/3796 555/3438/555
f 225/3278/225 1561/3439/1561 3799/3429/3799 1564/3440/1564
f 1561/3439/1561 1560/3441/1560 3800/3425/3800 3799/3429/3799
f 1564/3440/1564 3799/3429/3799 3798/3430/3798 1563/3442/1563
f 3802/3443/3802 3803/3444/3803 3801/3445/3801 3807/3446/3807
f 3804/3447/3804 3805/3448/3805 3801/3445/3801 3803/3449/3803
f 3806/3450/3806 3807/3446/3807 3801/3445/3801 3805/3448/3805
f 57/3434/57 551/3451/551 3802/3443/3802 1562/3452/1562
f 551/3451/551 552/3453/552 3803/3444/3803 3802/3443/3802
f 1562/3452/1562 3802/3443/3802 3807/3446/3807 1563/3437/1563
f 56/3454/56 1565/3455/1565 3804/3447/3804 553/3456/553
f 1565/3455/1565 1566/3457/1566 3805/3448/3805 3804/3447/3804
f 553/3456/553 3804/3447/3804 3803/3449/3803 552/3453/552
f 225/3278/225 1564/3440/1564 3806/3450/3806 1567/3458/1567
f 1564/3440/1564 1563/3437/1563 3807/3446/3807 3806/3450/3806
f 1567/3458/1567 3806/3450/3806 3805/3448/3805 1566/3459/1566
f 3809/3460/3809 3810/3461/3810 3808/3462/3808 3814/3463/3814
f 3811/3464/3811 3812/3465/3812 3808/3462/3808 3810/3466/3810
f 3813/3467/3813 3814/3463/3814 3808/3462/3808 3812/3468/3812
f 56/3454/56 548/3469/548 3809/3460/3809 1565/3470/1565
f 548/3469/548 549/3471/549 3810/3461/3810 3809/3460/3809
f 1565/3470/1565 3809/3460/3809 3814/3463/3814 1566/3472/1566
f 55/3473/55 1568/3474/1568 3811/3464/3811 550/3475/550
f 1568/3474/1568 1569/3476/1569 3812/3465/3812 3811/3464/3811
f 550/3475/550 3811/3464/3811 3810/3466/3810 549/3471/549
f 225/3278/225 1567/3477/1567 3813/3467/3813 1570/3478/1570
f 1567/3477/1567 1566/3479/1566 3814/3463/3814 3813/3467/3813
f 1570/3478/1570 3813/3467/3813 3812/3468/3812 1569/3480/1569
f 3816/3481/3816 3817/3482/3817 3815/3483/3815 3821/3484/3821
f 3818/3485/3818 3819/3486/3819 3815/3483/3815 3817/3487/3817
f 3820/3488/3820 3821/3484/3821 3815/3483/3815 3819/3489/3819
f 55/3473/55 545/3490/545 3816/3481/3816 1568/3491/1568
f 545/3490/545 546/3492/546 3817/3482/3817 3816/3481/3816
f 1568/3491/1568 3816/3481/3816 3821/3484/3821 1569/3480/1569
f 54/3493/54 1571/3494/1571 3818/3485/3818 547/3495/547
f 1571/3494/1571 1572/3496/1572 3819/3486/3819 3818/3485/3818
f 547/3495/547 3818/3485/3818 3817/3487/3817 546/3492/546
f 225/3278/225 1570/3497/1570 3820/3488/3820 1573/3498/1573
f 1570/3497/1570 1569/3476/1569 3821/3484/3821 3820/3488/3820
f 1573/3498/1573 3820/3488/3820 3819/3489/3819 1572/3499/1572
f 3823/3500/3823 3824/3501/3824 3822/3502/3822 3828/3503/3828
f 3825/3504/3825 3826/3505/3826 3822/3502/3822 3824/3506/3824
f 3827/3507/3827 3828/3508/3828 3822/3502/3822 3826/3509/3826
f 54/3493/54 542/3510/542 3823/3500/3823 1571/3511/1571
f 542/3510/542 543/3512/543 3824/3501/3824 3823/3500/3823
f 1571/3511/1571 3823/3500/3823 3828/3503/3828 1572/3499/1572
f 53/3513/53 1574/3514/1574 3825/3504/3825 544/3515/544
f 1574/3514/1574 1575/3516/1575 3826/3505/3826 3825/3504/3825
f 544/3515/544 3825/3504/3825 3824/3506/3824 543/3517/543
f 225/3278/225 1573/3518/1573 3827/3507/3827 1576/3519/1576
f 1573/3518/1573 1572/3520/1572 3828/3508/3828 3827/3507/3827
f 1576/3519/1576 3827/3507/3827 3826/3509/3826 1575/3521/1575
f 3830/3522/3830 3831/3523/3831 3829/3524/3829 3835/3525/3835
f 3832/3526/3832 3833/3527/3833 3829/3524/3829 3831/3528/3831
f 3834/3529/3834 3835/3530/3835 3829/3524/3829 3833/3531/3833
f 53/3513/53 539/3532/539 3830/3522/3830 1574/3533/1574
f 539/3532/539 540/3534/540 3831/3523/3831 3830/3522/3830
f 1574/3533/1574 3830/3522/3830 3835/3525/3835 1575/3521/1575
f 52/3535/52 1577/3536/1577 3832/3526/3832 541/3537/541
f 1577/3536/1577 1578/3538/1578 3833/3527/3833 3832/3526/3832
f 541/3537/541 3832/3526/3832 3831/3528/3831 540/3539/540
f 225/3278/225 1576/3519/1576 3834/3529/3834 1579/3540/1579
f 1576/3519/1576 1575/3521/1575 3835/3530/3835 3834/3529/3834
f 1579/3540/1579 3834/3529/3834 3833/3531/3833 1578/3541/1578
f 3837/3542/3837 3838/3543/3838 3836/3544/3836 3842/3545/3842
f 3839/3546/3839 3840/3547/3840 3836/3544/3836 3838/3548/3838
f 3841/3549/3841 3842/3550/3842 3836/3544/3836 3840/3551/3840
f 52/3535/52 536/3552/536 3837/3542/3837 1577/3553/1577
f 536/3552/536 537/3554/537 3838/3543/3838 3837/3542/3837
f 1577/3553/1577 3837/3542/3837 3842/3545/3842 1578/3555/1578
f 51/3556/51 1580/3557/1580 3839/3546/3839 538/3558/538
f 1580/3557/1580 1581/3559/1581 3840/3547/3840 3839/3546/3839
f 538/3558/538 3839/3546/3839 3838/3548/3838 537/3554/537
f 225/3278/225 1579/3560/1579 3841/3549/3841 1582/3561/1582
f 1579/3560/1579 1578/3541/1578 3842/3550/3842 3841/3549/3841
f 1582/3561/1582 3841/3549/3841 3840/3551/3840 1581/3559/1581
f 3844/3562/3844 3845/3563/3845 3843/3564/3843 3849/3565/3849
f 3846/3566/3846 3847/3567/3847 3843/3564/3843 3845/3563/3845
f 3848/3568/3848 3849/3569/3849 3843/3564/3843 3847/3567/3847
f 51/3556/51 533/3570/533 3844/3562/3844 1580/3571/1580
f 533/3570/533 534/3572/534 3845/3563/3845 3844/3562/3844
f 1580/3571/1580 3844/3562/3844 3849/3565/3849 1581/3559/1581
f 50/3268/50 1537/3573/1537 3846/3566/3846 535/3574/535
f 1537/3573/1537 1536/3575/1536 3847/3567/3847 3846/3566/3846
f 535/3574/535 3846/3566/3846 3845/3563/3845 534/3572/534
f 225/3278/225 1582/3576/1582 3848/3568/3848 1535/3577/1535
f 1582/3576/1582 1581/3559/1581 3849/3569/3849 3848/3568/3848
f 1535/3577/1535 3848/3568/3848 3847/3567/3847 1536/3272/1536
f 3851/3578/3851 3852/3579/3852 3850/3580/3850 3856/3581/3856
f 3853/3582/3853 3854/3583/3854 3850/3580/3850 3852/3584/3852
f 3855/3585/3855 3856/3581/3856 3850/3580/3850 3854/3586/3854
f 150/3587/150 1120/3588/1120 3851/3578/3851 1586/3589/1586
f 1120/3588/1120 1119/3590/1119 3852/3579/3852 3851/3578/3851
f 1586/3589/1586 3851/3578/3851 3856/3581/3856 1587/476/1587
f 155/2090/155 1589/3591/1589 3853/3582/3853 1118/3592/1118
f 1589/3591/1589 1590/3593/1590 3854/3583/3854 3853/3582/3853
f 1118/3592/1118 3853/3582/3853 3852/3584/3852 1119/3594/1119
f 226/477/226 1588/479/1588 3855/3585/3855 1591/3595/1591
f 1588/479/1588 1587/3596/1587 3856/3581/3856 3855/3585/3855
f 1591/3595/1591 3855/3585/3855 3854/3586/3854 1590/3597/1590
f 3858/3598/3858 3859/3599/3859 3857/3600/3857 3863/3601/3863
f 3860/3602/3860 3861/3603/3861 3857/3600/3857 3859/3604/3859
f 3862/3605/3862 3863/3606/3863 3857/3600/3857 3861/3607/3861
f 155/3608/155 1147/3609/1147 3858/3598/3858 1589/3610/1589
f 1147/3609/1147 1146/3611/1146 3859/3599/3859 3858/3598/3858
f 1589/3610/1589 3858/3598/3858 3863/3601/3863 1590/3612/1590
f 160/3613/160 1592/3614/1592 3860/3602/3860 1145/2173/1145
f 1592/3614/1592 1593/3615/1593 3861/3603/3861 3860/3602/3860
f 1145/2173/1145 3860/3602/3860 3859/3604/3859 1146/3616/1146
f 226/477/226 1591/3617/1591 3862/3605/3862 1594/3618/1594
f 1591/3617/1591 1590/3593/1590 3863/3606/3863 3862/3605/3862
f 1594/3618/1594 3862/3605/3862 3861/3607/3861 1593/3615/1593
f 3865/3619/3865 3866/3620/3866 3864/3621/3864 3870/3622/3870
f 3867/3623/3867 3868/3624/3868 3864/3621/3864 3866/3620/3866
f 3869/3625/3869 3870/3626/3870 3864/3621/3864 3868/3627/3868
f 160/3613/160 1174/3628/1174 3865/3619/3865 1592/3629/1592
f 1174/3628/1174 1173/2256/1173 3866/3620/3866 3865/3619/3865
f 1592/3629/1592 3865/3619/3865 3870/3622/3870 1593/3615/1593
f 165/2254/165 1595/3630/1595 3867/3623/3867 1172/3631/1172
f 1595/3630/1595 1596/3632/1596 3868/3624/3868 3867/3623/3867
f 1172/3631/1172 3867/3623/3867 3866/3620/3866 1173/2256/1173
f 226/477/226 1594/3633/1594 3869/3625/3869 1597/3634/1597
f 1594/3633/1594 1593/3615/1593 3870/3626/3870 3869/3625/3869
f 1597/3634/1597 3869/3625/3869 3868/3627/3868 1596/3635/1596
f 3872/3636/3872 3873/3637/3873 3871/3638/3871 3877/3639/3877
f 3874/3640/3874 3875/3641/3875 3871/3638/3871 3873/3637/3873
f 3876/3642/3876 3877/3643/3877 3871/3638/3871 3875/3644/3875
f 165/3645/165 1201/3646/1201 3872/3636/3872 1595/3630/1595
f 1201/3646/1201 1200/3647/1200 3873/3637/3873 3872/3636/3872
f 1595/3630/1595 3872/3636/3872 3877/3639/3877 1596/3648/1596
f 170/3649/170 1598/3650/1598 3874/3640/3874 1199/3651/1199
f 1598/3650/1598 1599/3652/1599 3875/3641/3875 3874/3640/3874
f 1199/3651/1199 3874/3640/3874 3873/3637/3873 1200/3653/1200
f 226/477/226 1597/3654/1597 3876/3642/3876 1600/3655/1600
f 1597/3654/1597 1596/3648/1596 3877/3643/3877 3876/3642/3876
f 1600/3655/1600 3876/3642/3876 3875/3644/3875 1599/3652/1599
f 3879/3656/3879 3880/3657/3880 3878/3658/3878 3884/3659/3884
f 3881/3660/3881 3882/3661/3882 3878/3658/3878 3880/3657/3880
f 3883/3662/3883 3884/3663/3884 3878/3658/3878 3882/3664/3882
f 170/2337/170 1228/3665/1228 3879/3656/3879 1598/3650/1598
f 1228/3665/1228 1227/3666/1227 3880/3657/3880 3879/3656/3879
f 1598/3650/1598 3879/3656/3879 3884/3659/3884 1599/3667/1599
f 175/3668/175 1601/3669/1601 3881/3660/3881 1226/3670/1226
f 1601/3669/1601 1602/3671/1602 3882/3661/3882 3881/3660/3881
f 1226/3670/1226 3881/3660/3881 3880/3657/3880 1227/3672/1227
f 226/477/226 1600/3673/1600 3883/3662/3883 1603/3674/1603
f 1600/3673/1600 1599/3675/1599 3884/3663/3884 3883/3662/3883
f 1603/3674/1603 3883/3662/3883 3882/3664/3882 1602/3676/1602
f 3886/3677/3886 3887/3678/3887 3885/3679/3885 3891/3680/3891
f 3888/3681/3888 3889/3682/3889 3885/3679/3885 3887/3683/3887
f 3890/3684/3890 3891/3685/3891 3885/3679/3885 3889/3682/3889
f 175/3668/175 1255/3686/1255 3886/3677/3886 1601/3687/1601
f 1255/3686/1255 1254/3688/1254 3887/3678/3887 3886/3677/3886
f 1601/3687/1601 3886/3677/3886 3891/3680/3891 1602/3671/1602
f 180/3689/180 1604/3690/1604 3888/3681/3888 1253/3691/1253
f 1604/3690/1604 1605/3692/1605 3889/3682/3889 3888/3681/3888
f 1253/3691/1253 3888/3681/3888 3887/3683/3887 1254/3693/1254
f 226/477/226 1603/3694/1603 3890/3684/3890 1606/3695/1606
f 1603/3694/1603 1602/3676/1602 3891/3685/3891 3890/3684/3890
f 1606/3695/1606 3890/3684/3890 3889/3682/3889 1605/3696/1605
f 3893/3697/3893 3894/3698/3894 3892/3699/3892 3898/3700/3898
f 3895/3701/3895 3896/3702/3896 3892/3699/3892 3894/3703/3894
f 3897/3704/3897 3898/3700/3898 3892/3699/3892 3896/3705/3896
f 180/3706/180 1282/3707/1282 3893/3697/3893 1604/3708/1604
f 1282/3707/1282 1281/3709/1281 3894/3698/3894 3893/3697/3893
f 1604/3708/1604 3893/3697/3893 3898/3700/3898 1605/3692/1605
f 185/3710/185 1607/3711/1607 3895/3701/3895 1280/2586/1280
f 1607/3711/1607 1608/3712/1608 3896/3702/3896 3895/3701/3895
f 1280/2586/1280 3895/3701/3895 3894/3703/3894 1281/3713/1281
f 226/477/226 1606/3714/1606 3897/3704/3897 1609/3715/1609
f 1606/3714/1606 1605/3696/1605 3898/3700/3898 3897/3704/3897
f 1609/3715/1609 3897/3704/3897 3896/3705/3896 1608/3716/1608
f 3900/3717/3900 3901/3718/3901 3899/3719/3899 3905/3720/3905
f 3902/3721/3902 3903/3722/3903 3899/3719/3899 3901/3718/3901
f 3904/3723/3904 3905/3724/3905 3899/3719/3899 3903/3722/3903
f 185/3710/185 1309/3725/1309 3900/3717/3900 1607/3726/1607
f 1309/3725/1309 1308/3727/1308 3901/3718/3901 3900/3717/3900
f 1607/3726/1607 3900/3717/3900 3905/3720/3905 1608/3712/1608
f 190/3728/190 1610/3729/1610 3902/3721/3902 1307/3730/1307
f 1610/3729/1610 1611/3731/1611 3903/3722/3903 3902/3721/3902
f 1307/3730/1307 3902/3721/3902 3901/3718/3901 1308/3732/1308
f 226/477/226 1609/3733/1609 3904/3723/3904 1612/3734/1612
f 1609/3733/1609 1608/3735/1608 3905/3724/3905 3904/3723/3904
f 1612/3734/1612 3904/3723/3904 3903/3722/3903 1611/3736/1611
f 3907/3737/3907 3908/3738/3908 3906/3739/3906 3912/3740/3912
f 3909/3741/3909 3910/3742/3910 3906/3739/3906 3908/3743/3908
f 3911/3744/3911 3912/3745/3912 3906/3739/3906 3910/3746/3910
f 190/3747/190 1336/3748/1336 3907/3737/3907 1610/3749/1610
f 1336/3748/1336 1335/3750/1335 3908/3738/3908 3907/3737/3907
f 1610/3749/1610 3907/3737/3907 3912/3740/3912 1611/3736/1611
f 195/3751/195 1613/3752/1613 3909/3741/3909 1334/3753/1334
f 1613/3752/1613 1614/3754/1614 3910/3742/3910 3909/3741/3909
f 1334/3753/1334 3909/3741/3909 3908/3743/3908 1335/3750/1335
f 226/477/226 1612/3755/1612 3911/3744/3911 1615/3756/1615
f 1612/3755/1612 1611/3757/1611 3912/3745/3912 3911/3744/3911
f 1615/3756/1615 3911/3744/3911 3910/3746/3910 1614/3758/1614
f 3914/3759/3914 3915/3760/3915 3913/3761/3913 3919/3762/3919
f 3916/3763/3916 3917/3764/3917 3913/3761/3913 3915/3765/3915
f 3918/3766/3918 3919/3767/3919 3913/3761/3913 3917/3768/3917
f 195/3751/195 1363/3769/1363 3914/3759/3914 1613/3770/1613
f 1363/3769/1363 1362/3771/1362 3915/3760/3915 3914/3759/3914
f 1613/3770/1613 3914/3759/3914 3919/3762/3919 1614/3772/1614
f 200/3773/200 1616/3774/1616 3916/3763/3916 1361/3775/1361
f 1616/3774/1616 1617/3776/1617 3917/3764/3917 3916/3763/3916
f 1361/3775/1361 3916/3763/3916 3915/3765/3915 1362/3777/1362
f 226/477/226 1615/3778/1615 3918/3766/3918 1618/3779/1618
f 1615/3778/1615 1614/3780/1614 3919/3767/3919 3918/3766/3918
f 1618/3779/1618 3918/3766/3918 3917/3768/3917 1617/3781/1617
f 3921/3782/3921 3922/3783/3922 3920/3784/3920 3926/3785/3926
f 3923/3786/3923 3924/3787/3924 3920/3784/3920 3922/3788/3922
f 3925/3789/3925 3926/3790/3926 3920/3784/3920 3924/3791/3924
f 200/3792/200 1390/3793/1390 3921/3782/3921 1616/3794/1616
f 1390/3793/1390 1389/3795/1389 3922/3783/3922 3921/3782/3921
f 1616/3794/1616 3921/3782/3921 3926/3785/3926 1617/3796/1617
f 205/3797/205 1619/3798/1619 3923/3786/3923 1388/3799/1388
f 1619/3798/1619 1620/3800/1620 3924/3787/3924 3923/3786/3923
f 1388/3799/1388 3923/3786/3923 3922/3788/3922 1389/3795/1389
f 226/477/226 1618/3801/1618 3925/3789/3925 1621/3802/1621
f 1618/3801/1618 1617/3803/1617 3926/3790/3926 3925/3789/3925
f 1621/3802/1621 3925/3789/3925 3924/3791/3924 1620/3800/1620
f 3928/3804/3928 3929/3805/3929 3927/3806/3927 3933/3807/3933
f 3930/3808/3930 3931/3809/3931 3927/3806/3927 3929/3805/3929
f 3932/3810/3932 3933/3807/3933 3927/3806/3927 3931/3809/3931
f 205/3797/205 1417/3811/1417 3928/3804/3928 1619/3812/1619
f 1417/3811/1417 1416/3813/1416 3929/3805/3929 3928/3804/3928
f 1619/3812/1619 3928/3804/3928 3933/3807/3933 1620/3814/1620
f 210/3815/210 1622/3816/1622 3930/3808/3930 1415/3817/1415
f 1622/3816/1622 1623/3818/1623 3931/3809/3931 3930/3808/3930
f 1415/3817/1415 3930/3808/3930 3929/3805/3929 1416/3819/1416
f 226/477/226 1621/3802/1621 3932/3810/3932 1624/3820/1624
f 1621/3802/1621 1620/3800/1620 3933/3807/3933 3932/3810/3932
f 1624/3820/1624 3932/3810/3932 3931/3809/3931 1623/3821/1623
f 3935/3822/3935 3936/3823/3936 3934/3824/3934 3940/3825/3940
f 3937/3826/3937 3938/3827/3938 3934/3824/3934 3936/3823/3936
f 3939/3828/3939 3940/3825/3940 3934/3824/3934 3938/3829/3938
f 210/3830/210 1444/3831/1444 3935/3822/3935 1622/3832/1622
f 1444/3831/1444 1443/3081/1443 3936/3823/3936 3935/3822/3935
f 1622/3832/1622 3935/3822/3935 3940/3825/3940 1623/3833/1623
f 215/3834/215 1625/3835/1625 3937/3826/3937 1442/3836/1442
f 1625/3835/1625 1626/3837/1626 3938/3827/3938 3937/3826/3937
f 1442/3836/1442 3937/3826/3937 3936/3823/3936 1443/3081/1443
f 226/477/226 1624/3838/1624 3939/3828/3939 1627/3839/1627
f 1624/3838/1624 1623/3833/1623 3940/3825/3940 3939/3828/3939
f 1627/3839/1627 3939/3828/3939 3938/3829/3938 1626/3840/1626
f 3942/3841/3942 3943/3842/3943 3941/3843/3941 3947/3844/3947
f 3944/3845/3944 3945/3846/3945 3941/3843/3941 3943/3847/3943
f 3946/3848/3946 3947/3849/3947 3941/3843/3941 3945/3846/3945
f 215/3850/215 1471/3851/1471 3942/3841/3942 1625/3852/1625
f 1471/3851/1471 1470/3853/1470 3943/3842/3943 3942/3841/3942
f 1625/3852/1625 3942/3841/3942 3947/3844/3947 1626/3854/1626
f 220/3855/220 1628/3856/1628 3944/3845/3944 1469/3857/1469
f 1628/3856/1628 1629/3858/1629 3945/3846/3945 3944/3845/3944
f 1469/3857/1469 3944/3845/3944 3943/3847/3943 1470/3859/1470
f 226/477/226 1627/3860/1627 3946/3848/3946 1630/3861/1630
f 1627/3860/1627 1626/3840/1626 3947/3849/3947 3946/3848/3946
f 1630/3861/1630 3946/3848/3946 3945/3846/3945 1629/3862/1629
f 3949/3863/3949 3950/3864/3950 3948/3865/3948 3954/3866/3954
f 3951/3867/3951 3952/3868/3952 3948/3865/3948 3950/3869/3950
f 3953/3870/3953 3954/3871/3954 3948/3865/3948 3952/3872/3952
f 220/3855/220 1486/3873/1486 3949/3863/3949 1628/3874/1628
f 1486/3873/1486 1485/3875/1485 3950/3864/3950 3949/3863/3949
f 1628/3874/1628 3949/3863/3949 3954/3866/3954 1629/3876/1629
f 145/3877/145 1585/3878/1585 3951/3867/3951 1484/3879/1484
f 1585/3878/1585 1584/3880/1584 3952/3868/3952 3951/3867/3951
f 1484/3879/1484 3951/3867/3951 3950/3869/3950 1485/3881/1485
f 226/477/226 1630/3882/1630 3953/3870/3953 1583/478/1583
f 1630/3882/1630 1629/3883/1629 3954/3871/3954 3953/3870/3953
f 1583/478/1583 3953/3870/3953 3952/3872/3952 1584/3884/1584
f 3955/3885/3955 3956/3886/3956 3959/3887/3959 3958/3888/3958
f 3956/3886/3956 3957/3889/3957 3960/3890/3960 3959/3887/3959
f 3958/3888/3958 3959/3887/3959 3962/3891/3962 3961/3892/3961
f 3959/3887/3959 3960/3890/3960 3963/3893/3963 3962/3891/3962
f 227/10/227 1634/12/1634 3955/3885/3955 1633/11/1633
f 1634/12/1634 1635/25/1635 3956/3886/3956 3955/3885/3955
f 1635/25/1635 1636/23/1636 3957/3889/3957 3956/3886/3956
f 1636/23/1636 228/24/228 1637/22/1637 3957/3889/3957
f 3957/3889/3957 1637/22/1637 1638/21/1638 3960/3890/3960
f 3960/3890/3960 1638/21/1638 1639/20/1639 3963/3893/3963
f 3963/3893/3963 1639/20/1639 230/19/230 1640/3894/1640
f 3962/3891/3962 3963/3893/3963 1640/3894/1640 1641/3895/1641
f 3961/3892/3961 3962/3891/3962 1641/3895/1641 1642/3896/1642
f 1631/14/1631 3961/3892/3961 1642/3896/1642 229/15/229
f 1632/13/1632 3958/3888/3958 3961/3892/3961 1631/14/1631
f 1633/11/1633 3955/3885/3955 3958/3888/3958 1632/13/1632
f 3964/3897/3964 3965/3898/3965 3968/3899/3968 3967/3900/3967
f 3965/3898/3965 3966/3901/3966 3969/3902/3969 3968/3899/3968
f 3967/3900/3967 3968/3899/3968 3971/3903/3971 3970/3904/3970
f 3968/3899/3968 3969/3902/3969 3972/3905/3972 3971/3903/3971
f 237/3906/237 1661/3907/1661 3964/3897/3964 1688/3908/1688
f 1661/3907/1661 1662/107/1662 3965/3898/3965 3964/3897/3964
f 1662/107/1662 1663/2790/1663 3966/3901/3966 3965/3898/3965
f 1663/2790/1663 233/150/233 1648/3909/1648 3966/3901/3966
f 3966/3901/3966 1648/3909/1648 1647/3910/1647 3969/3902/3969
f 3969/3902/3969 1647/3910/1647 1646/3911/1646 3972/3905/3972
f 3972/3905/3972 1646/3911/1646 231/60/231 1657/3912/1657
f 3971/3903/3971 3972/3905/3972 1657/3912/1657 1656/103/1656
f 3970/3904/3970 3971/3903/3971 1656/103/1656 1655/3913/1655
f 1690/3914/1690 3970/3904/3970 1655/3913/1655 235/3915/235
f 1689/3916/1689 3967/3900/3967 3970/3904/3970 1690/3914/1690
f 1688/3908/1688 3964/3897/3964 3967/3900/3967 1689/3916/1689
f 3973/3917/3973 3974/3918/3974 3977/3919/3977 3976/3920/3976
f 3974/3918/3974 3975/3921/3975 3978/3922/3978 3977/3919/3977
f 3976/3920/3976 3977/3919/3977 3980/3923/3980 3979/3924/3979
f 3977/3919/3977 3978/3922/3978 3981/3925/3981 3980/3923/3980
f 236/3926/236 1672/3927/1672 3973/3917/3973 1685/3928/1685
f 1672/3927/1672 1671/122/1671 3974/3918/3974 3973/3917/3973
f 1671/122/1671 1670/3929/1670 3975/3921/3975 3974/3918/3974
f 1670/3929/1670 232/53/232 1651/3930/1651 3975/3921/3975
f 3975/3921/3975 1651/3930/1651 1650/3931/1650 3978/3922/3978
f 3978/3922/3978 1650/3931/1650 1649/3932/1649 3981/3925/3981
f 3981/3925/3981 1649/3932/1649 234/161/234 1676/3933/1676
f 3980/3923/3980 3981/3925/3981 1676/3933/1676 1677/119/1677
f 3979/3924/3979 3980/3923/3980 1677/119/1677 1678/3934/1678
f 1687/3935/1687 3979/3924/3979 1678/3934/1678 238/3936/238
f 1686/3937/1686 3976/3920/3976 3979/3924/3979 1687/3935/1687
f 1685/3928/1685 3973/3917/3973 3976/3920/3976 1686/3937/1686
f 3982/3938/3982 3983/3939/3983 3986/3940/3986 3985/3941/3985
f 3983/3939/3983 3984/3942/3984 3987/3943/3987 3986/3940/3986
f 3985/3941/3985 3986/3940/3986 3989/3944/3989 3988/3945/3988
f 3986/3940/3986 3987/3943/3987 3990/3946/3990 3989/3944/3989
f 236/3947/236 1684/70/1684 3982/3938/3982 1672/3948/1672
f 1684/70/1684 1683/1239/1683 3983/3939/3983 3982/3938/3982
f 1683/1239/1683 1682/65/1682 3984/3942/3984 3983/3939/3983
f 1682/65/1682 235/3949/235 1655/3950/1655 3984/3942/3984
f 3984/3942/3984 1655/3950/1655 1656/74/1656 3987/3943/3987
f 3987/3943/3987 1656/74/1656 1657/3951/1657 3990/3946/3990
f 3990/3946/3990 1657/3951/1657 231/60/231 1654/3952/1654
f 3989/3944/3989 3990/3946/3990 1654/3952/1654 1653/3953/1653
f 3988/3945/3988 3989/3944/3989 1653/3953/1653 1652/3954/1652
f 1670/3955/1670 3988/3945/3988 1652/3954/1652 232/53/232
f 1671/84/1671 3985/3941/3985 3988/3945/3988 1670/3955/1670
f 1672/3948/1672 3982/3938/3982 3985/3941/3985 1671/84/1671
f 3991/3956/3991 3992/3957/3992 3995/134/3995 3994/3958/3994
f 3992/3957/3992 3993/3959/3993 3996/3960/3996 3995/134/3995
f 3994/3958/3994 3995/134/3995 3998/3961/3998 3997/3962/3997
f 3995/134/3995 3996/3960/3996 3999/3963/3999 3998/3961/3998
f 233/150/233 1645/3964/1645 3991/3956/3991 1648/3909/1648
f 1645/3964/1645 1644/3965/1644 3992/3957/3992 3991/3956/3991
f 1644/3965/1644 1643/3966/1643 3993/3959/3993 3992/3957/3992
f 1643/3966/1643 234/161/234 1649/3967/1649 3993/3959/3993
f 3993/3959/3993 1649/3967/1649 1650/3968/1650 3996/3960/3996
f 3996/3960/3996 1650/3968/1650 1651/3969/1651 3999/3963/3999
f 3999/3963/3999 1651/3969/1651 232/53/232 1652/3970/1652
f 3998/3961/3998 3999/3963/3999 1652/3970/1652 1653/3971/1653
f 3997/3962/3997 3998/3961/3998 1653/3971/1653 1654/3972/1654
f 1646/3911/1646 3997/3962/3997 1654/3972/1654 231/60/231
f 1647/3910/1647 3994/3958/3994 3997/3962/3997 1646/3911/1646
f 1648/3909/1648 3991/3956/3991 3994/3958/3994 1647/3910/1647
f 4000/3973/4000 4001/3974/4001 4004/3975/4004 4003/3976/4003
f 4001/3974/4001 4002/3977/4002 4005/3978/4005 4004/3975/4004
f 4003/3976/4003 4004/3975/4004 4007/3979/4007 4006/3980/4006
f 4004/3975/4004 4005/3978/4005 4008/3981/4008 4007/3979/4007
f 238/3982/238 1678/3983/1678 4000/3973/4000 1679/3984/1679
f 1678/3983/1678 1677/43/1677 4001/3974/4001 4000/3973/4000
f 1677/43/1677 1676/3985/1676 4002/3977/4002 4001/3974/4001
f 1676/3985/1676 234/161/234 1643/3986/1643 4002/3977/4002
f 4002/3977/4002 1643/3986/1643 1644/3987/1644 4005/3978/4005
f 4005/3978/4005 1644/3987/1644 1645/3964/1645 4008/3981/4008
f 4008/3981/4008 1645/3964/1645 233/150/233 1663/3988/1663
f 4007/3979/4007 4008/3981/4008 1663/3988/1663 1662/37/1662
f 4006/3980/4006 4007/3979/4007 1662/37/1662 1661/3989/1661
f 1681/3990/1681 4006/3980/4006 1661/3989/1661 237/3991/237
f 1680/3992/1680 4003/3976/4003 4006/3980/4006 1681/3990/1681
f 1679/3984/1679 4000/3973/4000 4003/3976/4003 1680/3992/1680
f 4009/3993/4009 4010/3994/4010 4013/3995/4013 4012/3996/4012
f 4010/3994/4010 4011/3997/4011 4014/3998/4014 4013/3995/4013
f 4012/3996/4012 4013/3995/4013 4016/3999/4016 4015/4000/4015
f 4013/3995/4013 4014/3998/4014 4017/4001/4017 4016/3999/4016
f 230/19/230 1666/4002/1666 4009/3993/4009 1640/4003/1640
f 1666/4002/1666 1665/4004/1665 4010/3994/4010 4009/3993/4009
f 1665/4004/1665 1664/4005/1664 4011/3997/4011 4010/3994/4010
f 1664/4005/1664 238/3982/238 1679/3984/1679 4011/3997/4011
f 4011/3997/4011 1679/3984/1679 1680/3992/1680 4014/3998/4014
f 4014/3998/4014 1680/3992/1680 1681/3990/1681 4017/4001/4017
f 4017/4001/4017 1681/3990/1681 237/3991/237 1675/4006/1675
f 4016/3999/4016 4017/4001/4017 1675/4006/1675 1674/4007/1674
f 4015/4000/4015 4016/3999/4016 1674/4007/1674 1673/4008/1673
f 1642/4009/1642 4015/4000/4015 1673/4008/1673 229/15/229
f 1641/4010/1641 4012/3996/4012 4015/4000/4015 1642/4009/1642
f 1640/4003/1640 4009/3993/4009 4012/3996/4012 1641/4010/1641
f 4018/4011/4018 4019/4012/4019 4022/4013/4022 4021/72/4021
f 4019/4012/4019 4020/4014/4020 4023/4015/4023 4022/4013/4022
f 4021/72/4021 4022/4013/4022 4025/4016/4025 4024/4017/4024
f 4022/4013/4022 4023/4015/4023 4026/4018/4026 4025/4016/4025
f 228/81/228 1636/80/1636 4018/4011/4018 1660/4019/1660
f 1636/80/1636 1635/79/1635 4019/4012/4019 4018/4011/4018
f 1635/79/1635 1634/78/1634 4020/4014/4020 4019/4012/4019
f 1634/78/1634 227/77/227 1667/4020/1667 4020/4014/4020
f 4020/4014/4020 1667/4020/1667 1668/76/1668 4023/4015/4023
f 4023/4015/4023 1668/76/1668 1669/4021/1669 4026/4018/4026
f 4026/4018/4026 1669/4021/1669 235/3949/235 1682/65/1682
f 4025/4016/4025 4026/4018/4026 1682/65/1682 1683/1239/1683
f 4024/4017/4024 4025/4016/4025 1683/1239/1683 1684/70/1684
f 1658/4022/1658 4024/4017/4024 1684/70/1684 236/3947/236
f 1659/82/1659 4021/72/4021 4024/4017/4024 1658/4022/1658
f 1660/4019/1660 4018/4011/4018 4021/72/4021 1659/82/1659
f 4027/4023/4027 4028/117/4028 4031/4024/4031 4030/4025/4030
f 4028/117/4028 4029/4026/4029 4032/4027/4032 4031/4024/4031
f 4030/4025/4030 4031/4024/4031 4034/4028/4034 4033/4029/4033
f 4031/4024/4031 4032/4027/4032 4035/4030/4035 4034/4028/4034
f 228/125/228 1660/4031/1660 4027/4023/4027 1637/126/1637
f 1660/4031/1660 1659/124/1659 4028/117/4028 4027/4023/4027
f 1659/124/1659 1658/4032/1658 4029/4026/4029 4028/117/4028
f 1658/4032/1658 236/3926/236 1685/3928/1685 4029/4026/4029
f 4029/4026/4029 1685/3928/1685 1686/3937/1686 4032/4027/4032
f 4032/4027/4032 1686/3937/1686 1687/3935/1687 4035/4030/4035
f 4035/4030/4035 1687/3935/1687 238/3936/238 1664/4033/1664
f 4034/4028/4034 4035/4030/4035 1664/4033/1664 1665/129/1665
f 4033/4029/4033 4034/4028/4034 1665/129/1665 1666/2131/1666
f 1639/128/1639 4033/4029/4033 1666/2131/1666 230/130/230
f 1638/4034/1638 4030/4025/4030 4033/4029/4033 1639/128/1639
f 1637/126/1637 4027/4023/4027 4030/4025/4030 1638/4034/1638
f 4036/4035/4036 4037/4036/4037 4040/4037/4040 4039/4038/4039
f 4037/4036/4037 4038/4039/4038 4041/4040/4041 4040/4037/4040
f 4039/4038/4039 4040/4037/4040 4043/4041/4043 4042/4042/4042
f 4040/4037/4040 4041/4040/4041 4044/852/4044 4043/4041/4043
f 229/95/229 1673/3038/1673 4036/4035/4036 1631/96/1631
f 1673/3038/1673 1674/4043/1674 4037/4036/4037 4036/4035/4036
f 1674/4043/1674 1675/2955/1675 4038/4039/4038 4037/4036/4037
f 1675/2955/1675 237/3906/237 1688/3908/1688 4038/4039/4038
f 4038/4039/4038 1688/3908/1688 1689/3916/1689 4041/4040/4041
f 4041/4040/4041 1689/3916/1689 1690/3914/1690 4044/852/4044
f 4044/852/4044 1690/3914/1690 235/3915/235 1669/4044/1669
f 4043/4041/4043 4044/852/4044 1669/4044/1669 1668/4045/1668
f 4042/4042/4042 4043/4041/4043 1668/4045/1668 1667/4046/1667
f 1633/99/1633 4042/4042/4042 1667/4046/1667 227/100/227
f 1632/98/1632 4039/4038/4039 4042/4042/4042 1633/99/1633
f 1631/96/1631 4036/4035/4036 4039/4038/4039 1632/98/1632
f 4045/4047/4045 4046/4048/4046 4049/3/4049 4048/4049/4048
f 4046/4048/4046 4047/4050/4047 4050/7/4050 4049/3/4049
f 4048/4049/4048 4049/3/4049 4052/4051/4052 4051/4052/4051
f 4049/3/4049 4050/7/4050 4053/4053/4053 4052/4051/4052
f 239/10/239 1694/12/1694 4045/4047/4045 1693/11/1693
f 1694/12/1694 1695/25/1695 4046/4048/4046 4045/4047/4045
f 1695/25/1695 1696/23/1696 4047/4050/4047 4046/4048/4046
f 1696/23/1696 240/24/240 1697/22/1697 4047/4050/4047
f 4047/4050/4047 1697/22/1697 1698/21/1698 4050/7/4050
f 4050/7/4050 1698/21/1698 1699/20/1699 4053/4053/4053
f 4053/4053/4053 1699/20/1699 242/19/242 1700/4054/1700
f 4052/4051/4052 4053/4053/4053 1700/4054/1700 1701/17/1701
f 4051/4052/4051 4052/4051/4052 1701/17/1701 1702/4055/1702
f 1691/14/1691 4051/4052/4051 1702/4055/1702 241/15/241
f 1692/13/1692 4048/4049/4048 4051/4052/4051 1691/14/1691
f 1693/11/1693 4045/4047/4045 4048/4049/4048 1692/13/1692
f 4054/4056/4054 4055/4057/4055 4058/4058/4058 4057/4059/4057
f 4055/4057/4055 4056/4060/4056 4059/4061/4059 4058/4058/4058
f 4057/4059/4057 4058/4058/4058 4061/4062/4061 4060/4063/4060
f 4058/4058/4058 4059/4061/4059 4062/4064/4062 4061/4062/4061
f 241/15/241 1702/4055/1702 4054/4056/4054 1705/35/1705
f 1702/4055/1702 1701/17/1701 4055/4057/4055 4054/4056/4054
f 1701/17/1701 1700/4054/1700 4056/4060/4056 4055/4057/4055
f 1700/4054/1700 242/19/242 1706/45/1706 4056/4060/4056
f 4056/4060/4056 1706/45/1706 1707/44/1707 4059/4061/4059
f 4059/4061/4059 1707/44/1707 1708/43/1708 4062/4064/4062
f 4062/4064/4062 1708/43/1708 246/161/246 1709/4065/1709
f 4061/4062/4061 4062/4064/4062 1709/4065/1709 1710/4066/1710
f 4060/4063/4060 4061/4062/4061 1710/4066/1710 1711/4067/1711
f 1703/37/1703 4060/4063/4060 1711/4067/1711 245/150/245
f 1704/36/1704 4057/4059/4057 4060/4063/4060 1703/37/1703
f 1705/35/1705 4054/4056/4054 4057/4059/4057 1704/36/1704
f 4063/4068/4063 4064/4069/4064 4067/4070/4067 4066/4071/4066
f 4064/4069/4064 4065/4072/4065 4068/4073/4068 4067/4070/4067
f 4066/4071/4066 4067/4070/4067 4070/4074/4070 4069/4075/4069
f 4067/4070/4067 4068/4073/4068 4071/4076/4071 4070/4074/4070
f 244/53/244 1718/4077/1718 4063/4068/4063 1744/4078/1744
f 1718/4077/1718 1719/4079/1719 4064/4069/4064 4063/4068/4063
f 1719/4079/1719 1720/4080/1720 4065/4072/4065 4064/4069/4064
f 1720/4080/1720 243/60/243 1739/4081/1739 4065/4072/4065
f 4065/4072/4065 1739/4081/1739 1740/4082/1740 4068/4073/4068
f 4068/4073/4068 1740/4082/1740 1741/4083/1741 4071/4076/4071
f 4071/4076/4071 1741/4083/1741 247/4084/247 1738/4085/1738
f 4070/4074/4070 4071/4076/4071 1738/4085/1738 1737/4086/1737
f 4069/4075/4069 4070/4074/4070 1737/4086/1737 1736/4087/1736
f 1742/4088/1742 4069/4075/4069 1736/4087/1736 248/4089/248
f 1743/4090/1743 4066/4071/4066 4069/4075/4069 1742/4088/1742
f 1744/4078/1744 4063/4068/4063 4066/4071/4066 1743/4090/1743
f 4072/4091/4072 4073/4092/4073 4076/4093/4076 4075/4094/4075
f 4073/4092/4073 4074/4095/4074 4077/4096/4077 4076/4093/4076
f 4075/4094/4075 4076/4093/4076 4079/4097/4079 4078/4098/4078
f 4076/4093/4076 4077/4096/4077 4080/4099/4080 4079/4097/4079
f 243/60/243 1720/4100/1720 4072/4091/4072 1723/74/1723
f 1720/4100/1720 1719/4101/1719 4073/4092/4073 4072/4091/4072
f 1719/4101/1719 1718/4077/1718 4074/4095/4074 4073/4092/4073
f 1718/4077/1718 244/53/244 1724/84/1724 4074/4095/4074
f 4074/4095/4074 1724/84/1724 1725/83/1725 4077/4096/4077
f 4077/4096/4077 1725/83/1725 1726/82/1726 4080/4099/4080
f 4080/4099/4080 1726/82/1726 240/81/240 1696/80/1696
f 4079/4097/4079 4080/4099/4080 1696/80/1696 1695/79/1695
f 4078/4098/4078 4079/4097/4079 1695/79/1695 1694/78/1694
f 1721/76/1721 4078/4098/4078 1694/78/1694 239/77/239
f 1722/75/1722 4075/4094/4075 4078/4098/4078 1721/76/1721
f 1723/74/1723 4072/4091/4072 4075/4094/4075 1722/75/1722
f 4081/4102/4081 4082/4103/4082 4085/4104/4085 4084/4105/4084
f 4082/4103/4082 4083/4106/4083 4086/4107/4086 4085/4104/4085
f 4084/4105/4084 4085/4104/4085 4088/4108/4088 4087/4109/4087
f 4085/4104/4085 4086/4107/4086 4089/4110/4089 4088/4108/4088
f 241/95/241 1705/97/1705 4081/4102/4081 1691/96/1691
f 1705/97/1705 1704/108/1704 4082/4103/4082 4081/4102/4081
f 1704/108/1704 1703/107/1703 4083/4106/4083 4082/4103/4082
f 1703/107/1703 245/150/245 1714/4111/1714 4083/4106/4083
f 4083/4106/4083 1714/4111/1714 1713/4112/1713 4086/4107/4086
f 4086/4107/4086 1713/4112/1713 1712/4113/1712 4089/4110/4089
f 4089/4110/4089 1712/4113/1712 243/60/243 1723/103/1723
f 4088/4108/4088 4089/4110/4089 1723/103/1723 1722/102/1722
f 4087/4109/4087 4088/4108/4088 1722/102/1722 1721/101/1721
f 1693/99/1693 4087/4109/4087 1721/101/1721 239/100/239
f 1692/98/1692 4084/4105/4084 4087/4109/4087 1693/99/1693
f 1691/96/1691 4081/4102/4081 4084/4105/4084 1692/98/1692
f 4090/4114/4090 4091/4115/4091 4094/4116/4094 4093/4117/4093
f 4091/4115/4091 4092/4118/4092 4095/4119/4095 4094/4116/4094
f 4093/4117/4093 4094/4116/4094 4097/4120/4097 4096/4121/4096
f 4094/4116/4094 4095/4119/4095 4098/4122/4098 4097/4120/4097
f 246/161/246 1708/119/1708 4090/4114/4090 1715/4123/1715
f 1708/119/1708 1707/131/1707 4091/4115/4091 4090/4114/4090
f 1707/131/1707 1706/129/1706 4092/4118/4092 4091/4115/4091
f 1706/129/1706 242/130/242 1699/128/1699 4092/4118/4092
f 4092/4118/4092 1699/128/1699 1698/127/1698 4095/4119/4095
f 4095/4119/4095 1698/127/1698 1697/126/1697 4098/4122/4098
f 4098/4122/4098 1697/126/1697 240/125/240 1726/124/1726
f 4097/4120/4097 4098/4122/4098 1726/124/1726 1725/123/1725
f 4096/4121/4096 4097/4120/4097 1725/123/1725 1724/122/1724
f 1717/4124/1717 4096/4121/4096 1724/122/1724 244/53/244
f 1716/4125/1716 4093/4117/4093 4096/4121/4096 1717/4124/1717
f 1715/4123/1715 4090/4114/4090 4093/4117/4093 1716/4125/1716
f 4099/4126/4099 4100/4127/4100 4103/134/4103 4102/4128/4102
f 4100/4127/4100 4101/4129/4101 4104/4130/4104 4103/134/4103
f 4102/4128/4102 4103/134/4103 4106/4131/4106 4105/4132/4105
f 4103/134/4103 4104/4130/4104 4107/4133/4107 4106/4131/4106
f 249/4134/249 1729/4135/1729 4099/4126/4099 1732/4136/1732
f 1729/4135/1729 1728/4137/1728 4100/4127/4100 4099/4126/4099
f 1728/4137/1728 1727/4138/1727 4101/4129/4101 4100/4127/4100
f 1727/4138/1727 250/139/250 1733/4139/1733 4101/4129/4101
f 4101/4129/4101 1733/4139/1733 1734/4140/1734 4104/4130/4104
f 4104/4130/4104 1734/4140/1734 1735/4141/1735 4107/4133/4107
f 4107/4133/4107 1735/4141/1735 248/4089/248 1736/4142/1736
f 4106/4131/4106 4107/4133/4107 1736/4142/1736 1737/4086/1737
f 4105/4132/4105 4106/4131/4106 1737/4086/1737 1738/4143/1738
f 1730/4144/1730 4105/4132/4105 1738/4143/1738 247/4084/247
f 1731/4145/1731 4102/4128/4102 4105/4132/4105 1730/4144/1730
f 1732/4136/1732 4099/4126/4099 4102/4128/4102 1731/4145/1731
f 4108/4146/4108 4109/4147/4109 4112/4148/4112 4111/4149/4111
f 4109/4147/4109 4110/4150/4110 4113/4151/4113 4112/4148/4112
f 4111/4149/4111 4112/4148/4112 4115/4152/4115 4114/4153/4114
f 4112/4148/4112 4113/4151/4113 4116/4154/4116 4115/4152/4115
f 243/60/243 1712/4155/1712 4108/4146/4108 1739/4081/1739
f 1712/4155/1712 1713/4156/1713 4109/4147/4109 4108/4146/4108
f 1713/4156/1713 1714/4157/1714 4110/4150/4110 4109/4147/4109
f 1714/4157/1714 245/150/245 1745/4158/1745 4110/4150/4110
f 4110/4150/4110 1745/4158/1745 1746/4159/1746 4113/4151/4113
f 4113/4151/4113 1746/4159/1746 1747/4160/1747 4116/4154/4116
f 4116/4154/4116 1747/4160/1747 249/4134/249 1732/4136/1732
f 4115/4152/4115 4116/4154/4116 1732/4136/1732 1731/4161/1731
f 4114/4153/4114 4115/4152/4115 1731/4161/1731 1730/4162/1730
f 1741/4083/1741 4114/4153/4114 1730/4162/1730 247/4084/247
f 1740/4082/1740 4111/4149/4111 4114/4153/4114 1741/4083/1741
f 1739/4081/1739 4108/4146/4108 4111/4149/4111 1740/4082/1740
f 4117/4163/4117 4118/4164/4118 4121/4165/4121 4120/4166/4120
f 4118/4164/4118 4119/4167/4119 4122/4168/4122 4121/4165/4121
f 4120/4166/4120 4121/4165/4121 4124/4169/4124 4123/4170/4123
f 4121/4165/4121 4122/4168/4122 4125/4171/4125 4124/4169/4124
f 246/161/246 1715/4172/1715 4117/4163/4117 1750/4173/1750
f 1715/4172/1715 1716/4174/1716 4118/4164/4118 4117/4163/4117
f 1716/4174/1716 1717/4175/1717 4119/4167/4119 4118/4164/4118
f 1717/4175/1717 244/53/244 1744/4078/1744 4119/4167/4119
f 4119/4167/4119 1744/4078/1744 1743/4090/1743 4122/4168/4122
f 4122/4168/4122 1743/4090/1743 1742/4088/1742 4125/4171/4125
f 4125/4171/4125 1742/4088/1742 248/4089/248 1735/4141/1735
f 4124/4169/4124 4125/4171/4125 1735/4141/1735 1734/4176/1734
f 4123/4170/4123 4124/4169/4124 1734/4176/1734 1733/4177/1733
f 1748/4178/1748 4123/4170/4123 1733/4177/1733 250/139/250
f 1749/4179/1749 4120/4166/4120 4123/4170/4123 1748/4178/1748
f 1750/4173/1750 4117/4163/4117 4120/4166/4120 1749/4179/1749
f 4126/4180/4126 4127/4181/4127 4130/4182/4130 4129/4183/4129
f 4127/4181/4127 4128/4184/4128 4131/4185/4131 4130/4182/4130
f 4129/4183/4129 4130/4182/4130 4133/4186/4133 4132/4187/4132
f 4130/4182/4130 4131/4185/4131 4134/4188/4134 4133/4186/4133
f 245/150/245 1711/4067/1711 4126/4180/4126 1745/4158/1745
f 1711/4067/1711 1710/4066/1710 4127/4181/4127 4126/4180/4126
f 1710/4066/1710 1709/4065/1709 4128/4184/4128 4127/4181/4127
f 1709/4065/1709 246/161/246 1750/4173/1750 4128/4184/4128
f 4128/4184/4128 1750/4173/1750 1749/4179/1749 4131/4185/4131
f 4131/4185/4131 1749/4179/1749 1748/4178/1748 4134/4188/4134
f 4134/4188/4134 1748/4178/1748 250/139/250 1727/4138/1727
f 4133/4186/4133 4134/4188/4134 1727/4138/1727 1728/4137/1728
f 4132/4187/4132 4133/4186/4133 1728/4137/1728 1729/4135/1729
f 1747/4160/1747 4132/4187/4132 1729/4135/1729 249/4134/249
f 1746/4159/1746 4129/4183/4129 4132/4187/4132 1747/4160/1747
f 1745/4158/1745 4126/4180/4126 4129/4183/4129 1746/4159/1746
f 4135/4047/4135 4136/4048/4136 4139/3/4139 4138/4049/4138
f 4136/4048/4136 4137/4050/4137 4140/7/4140 4139/3/4139
f 4138/4049/4138 4139/3/4139 4142/4051/4142 4141/4052/4141
f 4139/3/4139 4140/7/4140 4143/4053/4143 4142/4051/4142
f 251/10/251 1754/12/1754 4135/4047/4135 1753/11/1753
f 1754/12/1754 1755/25/1755 4136/4048/4136 4135/4047/4135
f 1755/25/1755 1756/23/1756 4137/4050/4137 4136/4048/4136
f 1756/23/1756 252/24/252 1757/22/1757 4137/4050/4137
f 4137/4050/4137 1757/22/1757 1758/21/1758 4140/7/4140
f 4140/7/4140 1758/21/1758 1759/20/1759 4143/4053/4143
f 4143/4053/4143 1759/20/1759 254/19/254 1760/4054/1760
f 4142/4051/4142 4143/4053/4143 1760/4054/1760 1761/17/1761
f 4141/4052/4141 4142/4051/4142 1761/17/1761 1762/4055/1762
f 1751/14/1751 4141/4052/4141 1762/4055/1762 253/15/253
f 1752/13/1752 4138/4049/4138 4141/4052/4141 1751/14/1751
f 1753/11/1753 4135/4047/4135 4138/4049/4138 1752/13/1752
f 4144/4056/4144 4145/4057/4145 4148/4058/4148 4147/4059/4147
f 4145/4057/4145 4146/4060/4146 4149/4061/4149 4148/4058/4148
f 4147/4059/4147 4148/4058/4148 4151/4062/4151 4150/4063/4150
f 4148/4058/4148 4149/4061/4149 4152/4064/4152 4151/4062/4151
f 253/15/253 1762/4055/1762 4144/4056/4144 1765/35/1765
f 1762/4055/1762 1761/17/1761 4145/4057/4145 4144/4056/4144
f 1761/17/1761 1760/4054/1760 4146/4060/4146 4145/4057/4145
f 1760/4054/1760 254/19/254 1766/45/1766 4146/4060/4146
f 4146/4060/4146 1766/45/1766 1767/44/1767 4149/4061/4149
f 4149/4061/4149 1767/44/1767 1768/43/1768 4152/4064/4152
f 4152/4064/4152 1768/43/1768 258/161/258 1769/4065/1769
f 4151/4062/4151 4152/4064/4152 1769/4065/1769 1770/4066/1770
f 4150/4063/4150 4151/4062/4151 1770/4066/1770 1771/4067/1771
f 1763/37/1763 4150/4063/4150 1771/4067/1771 257/150/257
f 1764/36/1764 4147/4059/4147 4150/4063/4150 1763/37/1763
f 1765/35/1765 4144/4056/4144 4147/4059/4147 1764/36/1764
f 4153/4068/4153 4154/4069/4154 4157/4070/4157 4156/4071/4156
f 4154/4069/4154 4155/4072/4155 4158/4073/4158 4157/4070/4157
f 4156/4071/4156 4157/4070/4157 4160/4074/4160 4159/4075/4159
f 4157/4070/4157 4158/4073/4158 4161/4076/4161 4160/4074/4160
f 256/53/256 1778/4077/1778 4153/4068/4153 1804/4078/1804
f 1778/4077/1778 1779/4079/1779 4154/4069/4154 4153/4068/4153
f 1779/4079/1779 1780/4080/1780 4155/4072/4155 4154/4069/4154
f 1780/4080/1780 255/60/255 1799/4081/1799 4155/4072/4155
f 4155/4072/4155 1799/4081/1799 1800/4082/1800 4158/4073/4158
f 4158/4073/4158 1800/4082/1800 1801/4083/1801 4161/4076/4161
f 4161/4076/4161 1801/4083/1801 259/4084/259 1798/4085/1798
f 4160/4074/4160 4161/4076/4161 1798/4085/1798 1797/4086/1797
f 4159/4075/4159 4160/4074/4160 1797/4086/1797 1796/4087/1796
f 1802/4088/1802 4159/4075/4159 1796/4087/1796 260/4089/260
f 1803/4090/1803 4156/4071/4156 4159/4075/4159 1802/4088/1802
f 1804/4078/1804 4153/4068/4153 4156/4071/4156 1803/4090/1803
f 4162/4091/4162 4163/4092/4163 4166/4093/4166 4165/4094/4165
f 4163/4092/4163 4164/4095/4164 4167/4096/4167 4166/4093/4166
f 4165/4094/4165 4166/4093/4166 4169/4097/4169 4168/4098/4168
f 4166/4093/4166 4167/4096/4167 4170/4099/4170 4169/4097/4169
f 255/60/255 1780/4100/1780 4162/4091/4162 1783/74/1783
f 1780/4100/1780 1779/4101/1779 4163/4092/4163 4162/4091/4162
f 1779/4101/1779 1778/4077/1778 4164/4095/4164 4163/4092/4163
f 1778/4077/1778 256/53/256 1784/84/1784 4164/4095/4164
f 4164/4095/4164 1784/84/1784 1785/83/1785 4167/4096/4167
f 4167/4096/4167 1785/83/1785 1786/82/1786 4170/4099/4170
f 4170/4099/4170 1786/82/1786 252/81/252 1756/80/1756
f 4169/4097/4169 4170/4099/4170 1756/80/1756 1755/79/1755
f 4168/4098/4168 4169/4097/4169 1755/79/1755 1754/78/1754
f 1781/76/1781 4168/4098/4168 1754/78/1754 251/77/251
f 1782/75/1782 4165/4094/4165 4168/4098/4168 1781/76/1781
f 1783/74/1783 4162/4091/4162 4165/4094/4165 1782/75/1782
f 4171/4102/4171 4172/4103/4172 4175/4104/4175 4174/4105/4174
f 4172/4103/4172 4173/4106/4173 4176/4107/4176 4175/4104/4175
f 4174/4105/4174 4175/4104/4175 4178/4108/4178 4177/4109/4177
f 4175/4104/4175 4176/4107/4176 4179/4110/4179 4178/4108/4178
f 253/95/253 1765/97/1765 4171/4102/4171 1751/96/1751
f 1765/97/1765 1764/108/1764 4172/4103/4172 4171/4102/4171
f 1764/108/1764 1763/107/1763 4173/4106/4173 4172/4103/4172
f 1763/107/1763 257/150/257 1774/4111/1774 4173/4106/4173
f 4173/4106/4173 1774/4111/1774 1773/4112/1773 4176/4107/4176
f 4176/4107/4176 1773/4112/1773 1772/4113/1772 4179/4110/4179
f 4179/4110/4179 1772/4113/1772 255/60/255 1783/103/1783
f 4178/4108/4178 4179/4110/4179 1783/103/1783 1782/102/1782
f 4177/4109/4177 4178/4108/4178 1782/102/1782 1781/101/1781
f 1753/99/1753 4177/4109/4177 1781/101/1781 251/100/251
f 1752/98/1752 4174/4105/4174 4177/4109/4177 1753/99/1753
f 1751/96/1751 4171/4102/4171 4174/4105/4174 1752/98/1752
f 4180/4114/4180 4181/4115/4181 4184/4116/4184 4183/4117/4183
f 4181/4115/4181 4182/4118/4182 4185/4119/4185 4184/4116/4184
f 4183/4117/4183 4184/4116/4184 4187/4120/4187 4186/4121/4186
f 4184/4116/4184 4185/4119/4185 4188/4122/4188 4187/4120/4187
f 258/161/258 1768/119/1768 4180/4114/4180 1775/4123/1775
f 1768/119/1768 1767/131/1767 4181/4115/4181 4180/4114/4180
f 1767/131/1767 1766/129/1766 4182/4118/4182 4181/4115/4181
f 1766/129/1766 254/130/254 1759/128/1759 4182/4118/4182
f 4182/4118/4182 1759/128/1759 1758/127/1758 4185/4119/4185
f 4185/4119/4185 1758/127/1758 1757/126/1757 4188/4122/4188
f 4188/4122/4188 1757/126/1757 252/125/252 1786/124/1786
f 4187/4120/4187 4188/4122/4188 1786/124/1786 1785/123/1785
f 4186/4121/4186 4187/4120/4187 1785/123/1785 1784/122/1784
f 1777/4124/1777 4186/4121/4186 1784/122/1784 256/53/256
f 1776/4125/1776 4183/4117/4183 4186/4121/4186 1777/4124/1777
f 1775/4123/1775 4180/4114/4180 4183/4117/4183 1776/4125/1776
f 4189/4126/4189 4190/4127/4190 4193/134/4193 4192/4128/4192
f 4190/4127/4190 4191/4129/4191 4194/4130/4194 4193/134/4193
f 4192/4128/4192 4193/134/4193 4196/4131/4196 4195/4132/4195
f 4193/134/4193 4194/4130/4194 4197/4133/4197 4196/4131/4196
f 261/4134/261 1789/4135/1789 4189/4126/4189 1792/4136/1792
f 1789/4135/1789 1788/4137/1788 4190/4127/4190 4189/4126/4189
f 1788/4137/1788 1787/4138/1787 4191/4129/4191 4190/4127/4190
f 1787/4138/1787 262/139/262 1793/4139/1793 4191/4129/4191
f 4191/4129/4191 1793/4139/1793 1794/4140/1794 4194/4130/4194
f 4194/4130/4194 1794/4140/1794 1795/4141/1795 4197/4133/4197
f 4197/4133/4197 1795/4141/1795 260/4089/260 1796/4142/1796
f 4196/4131/4196 4197/4133/4197 1796/4142/1796 1797/4086/1797
f 4195/4132/4195 4196/4131/4196 1797/4086/1797 1798/4143/1798
f 1790/4144/1790 4195/4132/4195 1798/4143/1798 259/4084/259
f 1791/4145/1791 4192/4128/4192 4195/4132/4195 1790/4144/1790
f 1792/4136/1792 4189/4126/4189 4192/4128/4192 1791/4145/1791
f 4198/4146/4198 4199/4147/4199 4202/4148/4202 4201/4149/4201
f 4199/4147/4199 4200/4150/4200 4203/4151/4203 4202/4148/4202
f 4201/4149/4201 4202/4148/4202 4205/4152/4205 4204/4153/4204
f 4202/4148/4202 4203/4151/4203 4206/4154/4206 4205/4152/4205
f 255/60/255 1772/4155/1772 4198/4146/4198 1799/4081/1799
f 1772/4155/1772 1773/4156/1773 4199/4147/4199 4198/4146/4198
f 1773/4156/1773 1774/4157/1774 4200/4150/4200 4199/4147/4199
f 1774/4157/1774 257/150/257 1805/4158/1805 4200/4150/4200
f 4200/4150/4200 1805/4158/1805 1806/4159/1806 4203/4151/4203
f 4203/4151/4203 1806/4159/1806 1807/4160/1807 4206/4154/4206
f 4206/4154/4206 1807/4160/1807 261/4134/261 1792/4136/1792
f 4205/4152/4205 4206/4154/4206 1792/4136/1792 1791/4161/1791
f 4204/4153/4204 4205/4152/4205 1791/4161/1791 1790/4162/1790
f 1801/4083/1801 4204/4153/4204 1790/4162/1790 259/4084/259
f 1800/4082/1800 4201/4149/4201 4204/4153/4204 1801/4083/1801
f 1799/4081/1799 4198/4146/4198 4201/4149/4201 1800/4082/1800
f 4207/4163/4207 4208/4164/4208 4211/4165/4211 4210/4166/4210
f 4208/4164/4208 4209/4167/4209 4212/4168/4212 4211/4165/4211
f 4210/4166/4210 4211/4165/4211 4214/4169/4214 4213/4170/4213
f 4211/4165/4211 4212/4168/4212 4215/4171/4215 4214/4169/4214
f 258/161/258 1775/4172/1775 4207/4163/4207 1810/4173/1810
f 1775/4172/1775 1776/4174/1776 4208/4164/4208 4207/4163/4207
f 1776/4174/1776 1777/4175/1777 4209/4167/4209 4208/4164/4208
f 1777/4175/1777 256/53/256 1804/4078/1804 4209/4167/4209
f 4209/4167/4209 1804/4078/1804 1803/4090/1803 4212/4168/4212
f 4212/4168/4212 1803/4090/1803 1802/4088/1802 4215/4171/4215
f 4215/4171/4215 1802/4088/1802 260/4089/260 1795/4141/1795
f 4214/4169/4214 4215/4171/4215 1795/4141/1795 1794/4176/1794
f 4213/4170/4213 4214/4169/4214 1794/4176/1794 1793/4177/1793
f 1808/4178/1808 4213/4170/4213 1793/4177/1793 262/139/262
f 1809/4179/1809 4210/4166/4210 4213/4170/4213 1808/4178/1808
f 1810/4173/1810 4207/4163/4207 4210/4166/4210 1809/4179/1809
f 4216/4180/4216 4217/4181/4217 4220/4182/4220 4219/4183/4219
f 4217/4181/4217 4218/4184/4218 4221/4185/4221 4220/4182/4220
f 4219/4183/4219 4220/4182/4220 4223/4186/4223 4222/4187/4222
f 4220/4182/4220 4221/4185/4221 4224/4188/4224 4223/4186/4223
f 257/150/257 1771/4067/1771 4216/4180/4216 1805/4158/1805
f 1771/4067/1771 1770/4066/1770 4217/4181/4217 4216/4180/4216
f 1770/4066/1770 1769/4065/1769 4218/4184/4218 4217/4181/4217
f 1769/4065/1769 258/161/258 1810/4173/1810 4218/4184/4218
f 4218/4184/4218 1810/4173/1810 1809/4179/1809 4221/4185/4221
f 4221/4185/4221 1809/4179/1809 1808/4178/1808 4224/4188/4224
f 4224/4188/4224 1808/4178/1808 262/139/262 1787/4138/1787
f 4223/4186/4223 4224/4188/4224 1787/4138/1787 1788/4137/1788
f 4222/4187/4222 4223/4186/4223 1788/4137/1788 1789/4135/1789
f 1807/4160/1807 4222/4187/4222 1789/4135/1789 261/4134/261
f 1806/4159/1806 4219/4183/4219 4222/4187/4222 1807/4160/1807
f 1805/4158/1805 4216/4180/4216 4219/4183/4219 1806/4159/1806
f 4225/4047/4225 4226/4048/4226 4229/3/4229 4228/4049/4228
f 4226/4048/4226 4227/4050/4227 4230/7/4230 4229/3/4229
f 4228/4049/4228 4229/3/4229 4232/4051/4232 4231/4052/4231
f 4229/3/4229 4230/7/4230 4233/4053/4233 4232/4051/4232
f 263/10/263 1814/12/1814 4225/4047/4225 1813/11/1813
f 1814/12/1814 1815/25/1815 4226/4048/4226 4225/4047/4225
f 1815/25/1815 1816/23/1816 4227/4050/4227 4226/4048/4226
f 1816/23/1816 264/24/264 1817/22/1817 4227/4050/4227
f 4227/4050/4227 1817/22/1817 1818/21/1818 4230/7/4230
f 4230/7/4230 1818/21/1818 1819/20/1819 4233/4053/4233
f 4233/4053/4233 1819/20/1819 266/19/266 1820/4054/1820
f 4232/4051/4232 4233/4053/4233 1820/4054/1820 1821/17/1821
f 4231/4052/4231 4232/4051/4232 1821/17/1821 1822/4055/1822
f 1811/14/1811 4231/4052/4231 1822/4055/1822 265/15/265
f 1812/13/1812 4228/4049/4228 4231/4052/4231 1811/14/1811
f 1813/11/1813 4225/4047/4225 4228/4049/4228 1812/13/1812
f 4234/4056/4234 4235/4057/4235 4238/4058/4238 4237/4059/4237
f 4235/4057/4235 4236/4060/4236 4239/4061/4239 4238/4058/4238
f 4237/4059/4237 4238/4058/4238 4241/4062/4241 4240/4063/4240
f 4238/4058/4238 4239/4061/4239 4242/4064/4242 4241/4062/4241
f 265/15/265 1822/4055/1822 4234/4056/4234 1825/35/1825
f 1822/4055/1822 1821/17/1821 4235/4057/4235 4234/4056/4234
f 1821/17/1821 1820/4054/1820 4236/4060/4236 4235/4057/4235
f 1820/4054/1820 266/19/266 1826/45/1826 4236/4060/4236
f 4236/4060/4236 1826/45/1826 1827/44/1827 4239/4061/4239
f 4239/4061/4239 1827/44/1827 1828/43/1828 4242/4064/4242
f 4242/4064/4242 1828/43/1828 270/161/270 1829/4065/1829
f 4241/4062/4241 4242/4064/4242 1829/4065/1829 1830/4066/1830
f 4240/4063/4240 4241/4062/4241 1830/4066/1830 1831/4067/1831
f 1823/37/1823 4240/4063/4240 1831/4067/1831 269/150/269
f 1824/36/1824 4237/4059/4237 4240/4063/4240 1823/37/1823
f 1825/35/1825 4234/4056/4234 4237/4059/4237 1824/36/1824
f 4243/4068/4243 4244/4069/4244 4247/4070/4247 4246/4071/4246
f 4244/4069/4244 4245/4072/4245 4248/4073/4248 4247/4070/4247
f 4246/4071/4246 4247/4070/4247 4250/4074/4250 4249/4075/4249
f 4247/4070/4247 4248/4073/4248 4251/4076/4251 4250/4074/4250
f 268/53/268 1838/4077/1838 4243/4068/4243 1864/4078/1864
f 1838/4077/1838 1839/4079/1839 4244/4069/4244 4243/4068/4243
f 1839/4079/1839 1840/4080/1840 4245/4072/4245 4244/4069/4244
f 1840/4080/1840 267/60/267 1859/4081/1859 4245/4072/4245
f 4245/4072/4245 1859/4081/1859 1860/4082/1860 4248/4073/4248
f 4248/4073/4248 1860/4082/1860 1861/4083/1861 4251/4076/4251
f 4251/4076/4251 1861/4083/1861 271/4084/271 1858/4085/1858
f 4250/4074/4250 4251/4076/4251 1858/4085/1858 1857/4086/1857
f 4249/4075/4249 4250/4074/4250 1857/4086/1857 1856/4087/1856
f 1862/4088/1862 4249/4075/4249 1856/4087/1856 272/4089/272
f 1863/4090/1863 4246/4071/4246 4249/4075/4249 1862/4088/1862
f 1864/4078/1864 4243/4068/4243 4246/4071/4246 1863/4090/1863
f 4252/4091/4252 4253/4092/4253 4256/4093/4256 4255/4094/4255
f 4253/4092/4253 4254/4095/4254 4257/4096/4257 4256/4093/4256
f 4255/4094/4255 4256/4093/4256 4259/4097/4259 4258/4098/4258
f 4256/4093/4256 4257/4096/4257 4260/4099/4260 4259/4097/4259
f 267/60/267 1840/4100/1840 4252/4091/4252 1843/74/1843
f 1840/4100/1840 1839/4101/1839 4253/4092/4253 4252/4091/4252
f 1839/4101/1839 1838/4077/1838 4254/4095/4254 4253/4092/4253
f 1838/4077/1838 268/53/268 1844/84/1844 4254/4095/4254
f 4254/4095/4254 1844/84/1844 1845/83/1845 4257/4096/4257
f 4257/4096/4257 1845/83/1845 1846/82/1846 4260/4099/4260
f 4260/4099/4260 1846/82/1846 264/81/264 1816/80/1816
f 4259/4097/4259 4260/4099/4260 1816/80/1816 1815/79/1815
f 4258/4098/4258 4259/4097/4259 1815/79/1815 1814/78/1814
f 1841/76/1841 4258/4098/4258 1814/78/1814 263/77/263
f 1842/75/1842 4255/4094/4255 4258/4098/4258 1841/76/1841
f 1843/74/1843 4252/4091/4252 4255/4094/4255 1842/75/1842
f 4261/4102/4261 4262/4103/4262 4265/4104/4265 4264/4105/4264
f 4262/4103/4262 4263/4106/4263 4266/4107/4266 4265/4104/4265
f 4264/4105/4264 4265/4104/4265 4268/4108/4268 4267/4109/4267
f 4265/4104/4265 4266/4107/4266 4269/4110/4269 4268/4108/4268
f 265/95/265 1825/97/1825 4261/4102/4261 1811/96/1811
f 1825/97/1825 1824/108/1824 4262/4103/4262 4261/4102/4261
f 1824/108/1824 1823/107/1823 4263/4106/4263 4262/4103/4262
f 1823/107/1823 269/150/269 1834/4111/1834 4263/4106/4263
f 4263/4106/4263 1834/4111/1834 1833/4112/1833 4266/4107/4266
f 4266/4107/4266 1833/4112/1833 1832/4113/1832 4269/4110/4269
f 4269/4110/4269 1832/4113/1832 267/60/267 1843/103/1843
f 4268/4108/4268 4269/4110/4269 1843/103/1843 1842/102/1842
f 4267/4109/4267 4268/4108/4268 1842/102/1842 1841/101/1841
f 1813/99/1813 4267/4109/4267 1841/101/1841 263/100/263
f 1812/98/1812 4264/4105/4264 4267/4109/4267 1813/99/1813
f 1811/96/1811 4261/4102/4261 4264/4105/4264 1812/98/1812
f 4270/4114/4270 4271/4115/4271 4274/4116/4274 4273/4117/4273
f 4271/4115/4271 4272/4118/4272 4275/4119/4275 4274/4116/4274
f 4273/4117/4273 4274/4116/4274 4277/4120/4277 4276/4121/4276
f 4274/4116/4274 4275/4119/4275 4278/4122/4278 4277/4120/4277
f 270/161/270 1828/119/1828 4270/4114/4270 1835/4123/1835
f 1828/119/1828 1827/131/1827 4271/4115/4271 4270/4114/4270
f 1827/131/1827 1826/129/1826 4272/4118/4272 4271/4115/4271
f 1826/129/1826 266/130/266 1819/128/1819 4272/4118/4272
f 4272/4118/4272 1819/128/1819 1818/127/1818 4275/4119/4275
f 4275/4119/4275 1818/127/1818 1817/126/1817 4278/4122/4278
f 4278/4122/4278 1817/126/1817 264/125/264 1846/124/1846
f 4277/4120/4277 4278/4122/4278 1846/124/1846 1845/123/1845
f 4276/4121/4276 4277/4120/4277 1845/123/1845 1844/122/1844
f 1837/4124/1837 4276/4121/4276 1844/122/1844 268/53/268
f 1836/4125/1836 4273/4117/4273 4276/4121/4276 1837/4124/1837
f 1835/4123/1835 4270/4114/4270 4273/4117/4273 1836/4125/1836
f 4279/4126/4279 4280/4127/4280 4283/134/4283 4282/4128/4282
f 4280/4127/4280 4281/4129/4281 4284/4130/4284 4283/134/4283
f 4282/4128/4282 4283/134/4283 4286/4131/4286 4285/4132/4285
f 4283/134/4283 4284/4130/4284 4287/4133/4287 4286/4131/4286
f 273/4134/273 1849/4135/1849 4279/4126/4279 1852/4136/1852
f 1849/4135/1849 1848/4137/1848 4280/4127/4280 4279/4126/4279
f 1848/4137/1848 1847/4138/1847 4281/4129/4281 4280/4127/4280
f 1847/4138/1847 274/139/274 1853/4139/1853 4281/4129/4281
f 4281/4129/4281 1853/4139/1853 1854/4140/1854 4284/4130/4284
f 4284/4130/4284 1854/4140/1854 1855/4141/1855 4287/4133/4287
f 4287/4133/4287 1855/4141/1855 272/4089/272 1856/4142/1856
f 4286/4131/4286 4287/4133/4287 1856/4142/1856 1857/4086/1857
f 4285/4132/4285 4286/4131/4286 1857/4086/1857 1858/4143/1858
f 1850/4144/1850 4285/4132/4285 1858/4143/1858 271/4084/271
f 1851/4145/1851 4282/4128/4282 4285/4132/4285 1850/4144/1850
f 1852/4136/1852 4279/4126/4279 4282/4128/4282 1851/4145/1851
f 4288/4146/4288 4289/4147/4289 4292/4148/4292 4291/4149/4291
f 4289/4147/4289 4290/4150/4290 4293/4151/4293 4292/4148/4292
f 4291/4149/4291 4292/4148/4292 4295/4152/4295 4294/4153/4294
f 4292/4148/4292 4293/4151/4293 4296/4154/4296 4295/4152/4295
f 267/60/267 1832/4155/1832 4288/4146/4288 1859/4081/1859
f 1832/4155/1832 1833/4156/1833 4289/4147/4289 4288/4146/4288
f 1833/4156/1833 1834/4157/1834 4290/4150/4290 4289/4147/4289
f 1834/4157/1834 269/150/269 1865/4158/1865 4290/4150/4290
f 4290/4150/4290 1865/4158/1865 1866/4159/1866 4293/4151/4293
f 4293/4151/4293 1866/4159/1866 1867/4160/1867 4296/4154/4296
f 4296/4154/4296 1867/4160/1867 273/4134/273 1852/4136/1852
f 4295/4152/4295 4296/4154/4296 1852/4136/1852 1851/4161/1851
f 4294/4153/4294 4295/4152/4295 1851/4161/1851 1850/4162/1850
f 1861/4083/1861 4294/4153/4294 1850/4162/1850 271/4084/271
f 1860/4082/1860 4291/4149/4291 4294/4153/4294 1861/4083/1861
f 1859/4081/1859 4288/4146/4288 4291/4149/4291 1860/4082/1860
f 4297/4163/4297 4298/4164/4298 4301/4165/4301 4300/4166/4300
f 4298/4164/4298 4299/4167/4299 4302/4168/4302 4301/4165/4301
f 4300/4166/4300 4301/4165/4301 4304/4169/4304 4303/4170/4303
f 4301/4165/4301 4302/4168/4302 4305/4171/4305 4304/4169/4304
f 270/161/270 1835/4172/1835 4297/4163/4297 1870/4173/1870
f 1835/4172/1835 1836/4174/1836 4298/4164/4298 4297/4163/4297
f 1836/4174/1836 1837/4175/1837 4299/4167/4299 4298/4164/4298
f 1837/4175/1837 268/53/268 1864/4078/1864 4299/4167/4299
f 4299/4167/4299 1864/4078/1864 1863/4090/1863 4302/4168/4302
f 4302/4168/4302 1863/4090/1863 1862/4088/1862 4305/4171/4305
f 4305/4171/4305 1862/4088/1862 272/4089/272 1855/4141/1855
f 4304/4169/4304 4305/4171/4305 1855/4141/1855 1854/4176/1854
f 4303/4170/4303 4304/4169/4304 1854/4176/1854 1853/4177/1853
f 1868/4178/1868 4303/4170/4303 1853/4177/1853 274/139/274
f 1869/4179/1869 4300/4166/4300 4303/4170/4303 1868/4178/1868
f 1870/4173/1870 4297/4163/4297 4300/4166/4300 1869/4179/1869
f 4306/4180/4306 4307/4181/4307 4310/4182/4310 4309/4183/4309
f 4307/4181/4307 4308/4184/4308 4311/4185/4311 4310/4182/4310
f 4309/4183/4309 4310/4182/4310 4313/4186/4313 4312/4187/4312
f 4310/4182/4310 4311/4185/4311 4314/4188/4314 4313/4186/4313
f 269/150/269 1831/4067/1831 4306/4180/4306 1865/4158/1865
f 1831/4067/1831 1830/4066/1830 4307/4181/4307 4306/4180/4306
f 1830/4066/1830 1829/4065/1829 4308/4184/4308 4307/4181/4307
f 1829/4065/1829 270/161/270 1870/4173/1870 4308/4184/4308
f 4308/4184/4308 1870/4173/1870 1869/4179/1869 4311/4185/4311
f 4311/4185/4311 1869/4179/1869 1868/4178/1868 4314/4188/4314
f 4314/4188/4314 1868/4178/1868 274/139/274 1847/4138/1847
f 4313/4186/4313 4314/4188/4314 1847/4138/1847 1848/4137/1848
f 4312/4187/4312 4313/4186/4313 1848/4137/1848 1849/4135/1849
f 1867/4160/1867 4312/4187/4312 1849/4135/1849 273/4134/273
f 1866/4159/1866 4309/4183/4309 4312/4187/4312 1867/4160/1867
f 1865/4158/1865 4306/4180/4306 4309/4183/4309 1866/4159/1866
f 4315/4047/4315 4316/4048/4316 4319/3/4319 4318/4049/4318
f 4316/4048/4316 4317/4050/4317 4320/7/4320 4319/3/4319
f 4318/4049/4318 4319/3/4319 4322/4051/4322 4321/4052/4321
f 4319/3/4319 4320/7/4320 4323/4053/4323 4322/4051/4322
f 275/10/275 1874/12/1874 4315/4047/4315 1873/11/1873
f 1874/12/1874 1875/25/1875 4316/4048/4316 4315/4047/4315
f 1875/25/1875 1876/23/1876 4317/4050/4317 4316/4048/4316
f 1876/23/1876 276/24/276 1877/22/1877 4317/4050/4317
f 4317/4050/4317 1877/22/1877 1878/21/1878 4320/7/4320
f 4320/7/4320 1878/21/1878 1879/20/1879 4323/4053/4323
f 4323/4053/4323 1879/20/1879 278/19/278 1880/4054/1880
f 4322/4051/4322 4323/4053/4323 1880/4054/1880 1881/17/1881
f 4321/4052/4321 4322/4051/4322 1881/17/1881 1882/4055/1882
f 1871/14/1871 4321/4052/4321 1882/4055/1882 277/15/277
f 1872/13/1872 4318/4049/4318 4321/4052/4321 1871/14/1871
f 1873/11/1873 4315/4047/4315 4318/4049/4318 1872/13/1872
f 4324/4056/4324 4325/4057/4325 4328/4058/4328 4327/4059/4327
f 4325/4057/4325 4326/4060/4326 4329/4061/4329 4328/4058/4328
f 4327/4059/4327 4328/4058/4328 4331/4062/4331 4330/4063/4330
f 4328/4058/4328 4329/4061/4329 4332/4064/4332 4331/4062/4331
f 277/15/277 1882/4055/1882 4324/4056/4324 1885/35/1885
f 1882/4055/1882 1881/17/1881 4325/4057/4325 4324/4056/4324
f 1881/17/1881 1880/4054/1880 4326/4060/4326 4325/4057/4325
f 1880/4054/1880 278/19/278 1886/45/1886 4326/4060/4326
f 4326/4060/4326 1886/45/1886 1887/44/1887 4329/4061/4329
f 4329/4061/4329 1887/44/1887 1888/43/1888 4332/4064/4332
f 4332/4064/4332 1888/43/1888 282/161/282 1889/4065/1889
f 4331/4062/4331 4332/4064/4332 1889/4065/1889 1890/4066/1890
f 4330/4063/4330 4331/4062/4331 1890/4066/1890 1891/4067/1891
f 1883/37/1883 4330/4063/4330 1891/4067/1891 281/150/281
f 1884/36/1884 4327/4059/4327 4330/4063/4330 1883/37/1883
f 1885/35/1885 4324/4056/4324 4327/4059/4327 1884/36/1884
f 4333/4068/4333 4334/4069/4334 4337/4070/4337 4336/4071/4336
f 4334/4069/4334 4335/4072/4335 4338/4073/4338 4337/4070/4337
f 4336/4071/4336 4337/4070/4337 4340/4074/4340 4339/4075/4339
f 4337/4070/4337 4338/4073/4338 4341/4076/4341 4340/4074/4340
f 280/53/280 1898/4077/1898 4333/4068/4333 1924/4078/1924
f 1898/4077/1898 1899/4079/1899 4334/4069/4334 4333/4068/4333
f 1899/4079/1899 1900/4080/1900 4335/4072/4335 4334/4069/4334
f 1900/4080/1900 279/60/279 1919/4081/1919 4335/4072/4335
f 4335/4072/4335 1919/4081/1919 1920/4082/1920 4338/4073/4338
f 4338/4073/4338 1920/4082/1920 1921/4083/1921 4341/4076/4341
f 4341/4076/4341 1921/4083/1921 283/4084/283 1918/4085/1918
f 4340/4074/4340 4341/4076/4341 1918/4085/1918 1917/4086/1917
f 4339/4075/4339 4340/4074/4340 1917/4086/1917 1916/4087/1916
f 1922/4088/1922 4339/4075/4339 1916/4087/1916 284/4089/284
f 1923/4090/1923 4336/4071/4336 4339/4075/4339 1922/4088/1922
f 1924/4078/1924 4333/4068/4333 4336/4071/4336 1923/4090/1923
f 4342/4091/4342 4343/4092/4343 4346/4093/4346 4345/4094/4345
f 4343/4092/4343 4344/4095/4344 4347/4096/4347 4346/4093/4346
f 4345/4094/4345 4346/4093/4346 4349/4097/4349 4348/4098/4348
f 4346/4093/4346 4347/4096/4347 4350/4099/4350 4349/4097/4349
f 279/60/279 1900/4100/1900 4342/4091/4342 1903/74/1903
f 1900/4100/1900 1899/4101/1899 4343/4092/4343 4342/4091/4342
f 1899/4101/1899 1898/4077/1898 4344/4095/4344 4343/4092/4343
f 1898/4077/1898 280/53/280 1904/84/1904 4344/4095/4344
f 4344/4095/4344 1904/84/1904 1905/83/1905 4347/4096/4347
f 4347/4096/4347 1905/83/1905 1906/82/1906 4350/4099/4350
f 4350/4099/4350 1906/82/1906 276/81/276 1876/80/1876
f 4349/4097/4349 4350/4099/4350 1876/80/1876 1875/79/1875
f 4348/4098/4348 4349/4097/4349 1875/79/1875 1874/78/1874
f 1901/76/1901 4348/4098/4348 1874/78/1874 275/77/275
f 1902/75/1902 4345/4094/4345 4348/4098/4348 1901/76/1901
f 1903/74/1903 4342/4091/4342 4345/4094/4345 1902/75/1902
f 4351/4102/4351 4352/4103/4352 4355/4104/4355 4354/4105/4354
f 4352/4103/4352 4353/4106/4353 4356/4107/4356 4355/4104/4355
f 4354/4105/4354 4355/4104/4355 4358/4108/4358 4357/4109/4357
f 4355/4104/4355 4356/4107/4356 4359/4110/4359 4358/4108/4358
f 277/95/277 1885/97/1885 4351/4102/4351 1871/96/1871
f 1885/97/1885 1884/108/1884 4352/4103/4352 4351/4102/4351
f 1884/108/1884 1883/107/1883 4353/4106/4353 4352/4103/4352
f 1883/107/1883 281/150/281 1894/4111/1894 4353/4106/4353
f 4353/4106/4353 1894/4111/1894 1893/4112/1893 4356/4107/4356
f 4356/4107/4356 1893/4112/1893 1892/4113/1892 4359/4110/4359
f 4359/4110/4359 1892/4113/1892 279/60/279 1903/103/1903
f 4358/4108/4358 4359/4110/4359 1903/103/1903 1902/102/1902
f 4357/4109/4357 4358/4108/4358 1902/102/1902 1901/101/1901
f 1873/99/1873 4357/4109/4357 1901/101/1901 275/100/275
f 1872/98/1872 4354/4105/4354 4357/4109/4357 1873/99/1873
f 1871/96/1871 4351/4102/4351 4354/4105/4354 1872/98/1872
f 4360/4114/4360 4361/4115/4361 4364/4116/4364 4363/4117/4363
f 4361/4115/4361 4362/4118/4362 4365/4119/4365 4364/4116/4364
f 4363/4117/4363 4364/4116/4364 4367/4120/4367 4366/4121/4366
f 4364/4116/4364 4365/4119/4365 4368/4122/4368 4367/4120/4367
f 282/161/282 1888/119/1888 4360/4114/4360 1895/4123/1895
f 1888/119/1888 1887/131/1887 4361/4115/4361 4360/4114/4360
f 1887/131/1887 1886/129/1886 4362/4118/4362 4361/4115/4361
f 1886/129/1886 278/130/278 1879/128/1879 4362/4118/4362
f 4362/4118/4362 1879/128/1879 1878/127/1878 4365/4119/4365
f 4365/4119/4365 1878/127/1878 1877/126/1877 4368/4122/4368
f 4368/4122/4368 1877/126/1877 276/125/276 1906/124/1906
f 4367/4120/4367 4368/4122/4368 1906/124/1906 1905/123/1905
f 4366/4121/4366 4367/4120/4367 1905/123/1905 1904/122/1904
f 1897/4124/1897 4366/4121/4366 1904/122/1904 280/53/280
f 1896/4125/1896 4363/4117/4363 4366/4121/4366 1897/4124/1897
f 1895/4123/1895 4360/4114/4360 4363/4117/4363 1896/4125/1896
f 4369/4126/4369 4370/4127/4370 4373/134/4373 4372/4128/4372
f 4370/4127/4370 4371/4129/4371 4374/4130/4374 4373/134/4373
f 4372/4128/4372 4373/134/4373 4376/4131/4376 4375/4132/4375
f 4373/134/4373 4374/4130/4374 4377/4133/4377 4376/4131/4376
f 285/4134/285 1909/4135/1909 4369/4126/4369 1912/4136/1912
f 1909/4135/1909 1908/4137/1908 4370/4127/4370 4369/4126/4369
f 1908/4137/1908 1907/4138/1907 4371/4129/4371 4370/4127/4370
f 1907/4138/1907 286/139/286 1913/4139/1913 4371/4129/4371
f 4371/4129/4371 1913/4139/1913 1914/4140/1914 4374/4130/4374
f 4374/4130/4374 1914/4140/1914 1915/4141/1915 4377/4133/4377
f 4377/4133/4377 1915/4141/1915 284/4089/284 1916/4142/1916
f 4376/4131/4376 4377/4133/4377 1916/4142/1916 1917/4086/1917
f 4375/4132/4375 4376/4131/4376 1917/4086/1917 1918/4143/1918
f 1910/4144/1910 4375/4132/4375 1918/4143/1918 283/4084/283
f 1911/4145/1911 4372/4128/4372 4375/4132/4375 1910/4144/1910
f 1912/4136/1912 4369/4126/4369 4372/4128/4372 1911/4145/1911
f 4378/4146/4378 4379/4147/4379 4382/4148/4382 4381/4149/4381
f 4379/4147/4379 4380/4150/4380 4383/4151/4383 4382/4148/4382
f 4381/4149/4381 4382/4148/4382 4385/4152/4385 4384/4153/4384
f 4382/4148/4382 4383/4151/4383 4386/4154/4386 4385/4152/4385
f 279/60/279 1892/4155/1892 4378/4146/4378 1919/4081/1919
f 1892/4155/1892 1893/4156/1893 4379/4147/4379 4378/4146/4378
f 1893/4156/1893 1894/4157/1894 4380/4150/4380 4379/4147/4379
f 1894/4157/1894 281/150/281 1925/4158/1925 4380/4150/4380
f 4380/4150/4380 1925/4158/1925 1926/4159/1926 4383/4151/4383
f 4383/4151/4383 1926/4159/1926 1927/4160/1927 4386/4154/4386
f 4386/4154/4386 1927/4160/1927 285/4134/285 1912/4136/1912
f 4385/4152/4385 4386/4154/4386 1912/4136/1912 1911/4161/1911
f 4384/4153/4384 4385/4152/4385 1911/4161/1911 1910/4162/1910
f 1921/4083/1921 4384/4153/4384 1910/4162/1910 283/4084/283
f 1920/4082/1920 4381/4149/4381 4384/4153/4384 1921/4083/1921
f 1919/4081/1919 4378/4146/4378 4381/4149/4381 1920/4082/1920
f 4387/4163/4387 4388/4164/4388 4391/4165/4391 4390/4166/4390
f 4388/4164/4388 4389/4167/4389 4392/4168/4392 4391/4165/4391
f 4390/4166/4390 4391/4165/4391 4394/4169/4394 4393/4170/4393
f 4391/4165/4391 4392/4168/4392 4395/4171/4395 4394/4169/4394
f 282/161/282 1895/4172/1895 4387/4163/4387 1930/4173/1930
f 1895/4172/1895 1896/4174/1896 4388/4164/4388 4387/4163/4387
f 1896/4174/1896 1897/4175/1897 4389/4167/4389 4388/4164/4388
f 1897/4175/1897 280/53/280 1924/4078/1924 4389/4167/4389
f 4389/4167/4389 1924/4078/1924 1923/4090/1923 4392/4168/4392
f 4392/4168/4392 1923/4090/1923 1922/4088/1922 4395/4171/4395
f 4395/4171/4395 1922/4088/1922 284/4089/284 1915/4141/1915
f 4394/4169/4394 4395/4171/4395 1915/4141/1915 1914/4176/1914
f 4393/4170/4393 4394/4169/4394 1914/4176/1914 1913/4177/1913
f 1928/4178/1928 4393/4170/4393 1913/4177/1913 286/139/286
f 1929/4179/1929 4390/4166/4390 4393/4170/4393 1928/4178/1928
f 1930/4173/1930 4387/4163/4387 4390/4166/4390 1929/4179/1929
f 4396/4180/4396 4397/4181/4397 4400/4182/4400 4399/4183/4399
f 4397/4181/4397 4398/4184/4398 4401/4185/4401 4400/4182/4400
f 4399/4183/4399 4400/4182/4400 4403/4186/4403 4402/4187/4402
f 4400/4182/4400 4401/4185/4401 4404/4188/4404 4403/4186/4403
f 281/150/281 1891/4067/1891 4396/4180/4396 1925/4158/1925
f 1891/4067/1891 1890/4066/1890 4397/4181/4397 4396/4180/4396
f 1890/4066/1890 1889/4065/1889 4398/4184/4398 4397/4181/4397
f 1889/4065/1889 282/161/282 1930/4173/1930 4398/4184/4398
f 4398/4184/4398 1930/4173/1930 1929/4179/1929 4401/4185/4401
f 4401/4185/4401 1929/4179/1929 1928/4178/1928 4404/4188/4404
f 4404/4188/4404 1928/4178/1928 286/139/286 1907/4138/1907
f 4403/4186/4403 4404/4188/4404 1907/4138/1907 1908/4137/1908
f 4402/4187/4402 4403/4186/4403 1908/4137/1908 1909/4135/1909
f 1927/4160/1927 4402/4187/4402 1909/4135/1909 285/4134/285
f 1926/4159/1926 4399/4183/4399 4402/4187/4402 1927/4160/1927
f 1925/4158/1925 4396/4180/4396 4399/4183/4399 1926/4159/1926
