# flowstudio decimated toy animal  faces=9786
v -20.7496 -11.6966 -3.9087
v -21.2381 -11.451 -3.40924
v -21.151 -11.434 -2.48777
v -20.584 -11.333 -1.55244
v -20.8779 -10.5854 -4.60201
v -21.2993 -10.4658 -3.97413
v -21.5416 -10.5808 -3.29576
v -21.571 -10.4877 -2.5339
v -21.2351 -10.6164 -1.5795
v -20.9499 -10.3027 -0.95256
v -20.7413 -9.38741 -4.86128
v -20.9205 -8.80963 -4.18586
v -21.3324 -9.47518 -3.32989
v -21.1206 -8.98307 -2.4922
v -21.2335 -9.56776 -1.69036
v -20.7764 -9.12308 -0.791206
v -20.7809 -9.74658 -0.41095
v -20.8533 -8.4558 -3.65384
v -20.6787 -8.12792 -3.0828
v -20.8543 -8.6737 -1.90111
v -20.5329 -8.39053 -1.30818
v -19.8693 -12.4252 -3.86769
v -19.7432 -12.4912 -3.21017
v -19.472 -12.3848 -2.54286
v -19.519 -11.6397 -5.15214
v -19.9761 -11.6746 -4.75484
v -20.439 -11.7437 -4.34758
v -20.4463 -12.1145 -3.03053
v -20.2176 -11.9952 -2.36352
v -19.9061 -11.7467 -1.68842
v -19.566 -11.4247 -1.00339
v -19.997 -10.2335 -5.50052
v -20.2692 -11.0108 -0.887553
v -20.2202 -10.4677 -0.224581
v -19.8877 -10.1319 0.349805
v -19.6685 -9.02278 -5.99506
v -20.4136 -9.16529 -0.0694851
v -19.8205 -9.25648 0.592462
v -20.1297 -8.37967 -5.48376
v -20.3031 -7.80257 -4.80954
v -20.4226 -7.82797 -2.49058
v -20.1578 -8.15507 -0.755257
v -19.8573 -8.32165 -0.0693776
v -19.5353 -8.55872 0.452447
v -19.5175 -6.81095 -5.64228
v -20.1429 -7.25533 -3.88742
v -19.858 -6.87669 -3.09232
v -19.5716 -6.63408 -2.48485
v -20.1111 -7.55785 -1.89501
v -19.746 -7.3425 -1.32956
v -19.5242 -6.32081 -4.85488
v -19.0439 -12.5372 -4.60662
v -19.1282 -12.7964 -3.97459
v -18.9795 -12.8668 -3.33411
v -18.6744 -12.784 -2.6827
v -18.7677 -12.0823 -5.22325
v -19.121 -12.1529 -1.86386
v -18.7553 -11.8423 -1.17127
v -18.4402 -11.4999 -0.463214
v -18.5537 -10.009 -6.3501
v -19.0991 -10.928 -5.76536
v -19.2515 -11.0846 -0.306631
v -18.9589 -10.3053 0.632889
v -19.1771 -9.49773 -6.21932
v -18.9842 -9.03009 0.84698
v -18.9352 -9.45635 0.989708
v -18.4954 -8.34316 -6.78735
v -18.9509 -7.84535 -6.57825
v -19.2563 -7.92864 0.0890549
v -18.9102 -8.33147 0.52476
v -19.2786 -7.39385 -6.27551
v -19.2341 -6.44895 -1.90574
v -19.3292 -7.20679 -0.827702
v -18.8625 -7.17566 -0.42291
v -18.4573 -6.10422 -6.80967
v -18.6926 -5.54601 -6.17746
v -19.3101 -5.93633 -3.94987
v -18.9751 -5.62819 -3.01085
v -18.6863 -5.49446 -2.40977
v -18.8477 -6.34562 -1.38856
v -18.415 -6.34839 -0.966893
v -18.7387 -5.10938 -5.37358
v -18.6652 -4.88986 -4.76003
v -18.5302 -4.71687 -4.11584
v -17.9747 -12.4883 -5.19925
v -17.9025 -13.0109 -4.58762
v -18.0117 -13.2102 -4.03486
v -17.8415 -13.2894 -3.47432
v -17.6003 -13.0236 -2.39052
v -18.2893 -12.5837 -2.01792
v -17.9005 -12.3015 -1.33731
v -17.9375 -11.658 -5.79207
v -17.5845 -11.9731 -0.638416
v -17.7347 -11.3514 0.0834344
v -17.803 -10.5579 -6.38261
v -17.7287 -10.4116 0.769667
v -17.911 -8.8865 -6.89951
v -17.9434 -9.17646 0.874033
v -18.3085 -9.77242 0.992205
v -17.8741 -8.36312 0.511283
v -17.953 -6.8147 -7.19732
v -17.9382 -6.48162 -0.674322
v -17.8543 -7.164 -0.213151
v -17.3513 -5.2427 -7.53244
v -18.1635 -5.4691 -1.64827
v -17.5579 -5.67553 -1.1125
v -17.7131 -4.6119 -7.06037
v -17.909 -4.12981 -6.37705
v -18.3468 -4.58475 -3.4631
v -17.9823 -4.51732 -2.55484
v -17.536 -4.6297 -1.80535
v -17.9261 -3.78938 -5.38279
v -17.8371 -3.61815 -4.50691
v -17.7118 -3.54825 -3.83169
v -17.544 -3.53896 -3.18274
v -17.3364 -3.60563 -2.59615
v -17.3132 21.7233 -5.49968
v -17.3118 21.724 -5.05732
v -17.3174 22.8477 -5.91756
v -17.3977 22.8854 -5.49841
v -17.3848 22.8864 -4.90283
v -16.856 -12.9086 -4.95027
v -16.8043 -13.3671 -4.02725
v -16.7894 -13.4092 -3.08257
v -16.6965 -13.2381 -2.37332
v -16.6754 -12.8674 -1.63199
v -16.7454 -12.4122 -0.844173
v -16.233 -11.511 -6.12329
v -16.7516 -12.2706 -5.60376
v -16.4987 -12.0399 -0.231667
v -16.6823 -11.3703 0.35204
v -16.4318 -10.0413 -6.81667
v -17.0034 -11.0801 -6.30946
v -16.6714 -10.3261 0.67132
v -17.1964 -9.47467 -6.91147
v -16.8006 -9.27778 0.526475
v -16.8849 -7.94909 -7.38259
v -16.8954 -8.00798 0.0385559
v -16.5886 -7.29286 -0.438004
v -16.7454 -6.05151 -7.74646
v -16.6929 -5.97822 -0.963736
v -16.256 -4.48488 -8.00436
v -16.8308 -4.42557 -1.58255
v -16.8008 -5.19022 -1.25511
v -16.7103 -3.76841 -7.70707
v -17.0717 -3.09001 -6.94713
v -16.864 -3.33668 -2.22314
v -16.4123 -3.18974 -1.97198
v -16.3995 -2.06542 -7.12073
v -16.8674 -2.28281 -6.20809
v -16.8903 -2.17189 -5.56456
v -17.1713 -2.58012 -4.79706
v -16.8088 -2.11873 -4.19249
v -16.5794 -2.07944 -3.35328
v -16.8257 -2.71843 -2.84066
v -16.5677 -1.65766 -4.97092
v -16.528 20.0176 -6.2308
v -16.8934 20.2737 -5.57754
v -16.8503 20.1761 -4.90664
v -16.607 20.1541 -3.9451
v -16.3509 21.0833 -6.79264
v -16.9431 21.3093 -6.27607
v -17.275 21.7248 -4.59946
v -16.7614 21.4468 -3.76164
v -16.4993 22.2827 -6.82123
v -17.12 22.7409 -6.30581
v -16.8149 22.8536 -3.80072
v -16.5786 23.6038 -6.72344
v -17.0831 23.9308 -6.12567
v -17.2858 24.0457 -5.49531
v -17.2739 24.0465 -4.89933
v -16.9643 23.991 -3.87424
v -16.4613 23.8649 -3.61665
v -16.7331 25.0142 -6.12488
v -16.9492 25.1244 -5.49046
v -16.9388 25.1251 -4.89323
v -16.7315 25.076 -3.98451
v -16.4374 24.9623 -3.60957
v -16.2613 26.0017 -5.90805
v -16.3595 26.042 -5.48393
v -16.3511 26.0425 -4.88357
v -16.2317 26.0167 -4.13661
v -15.3336 -14.8666 14.9365
v -15.3388 -14.7391 15.7573
v -15.2338 -13.8724 13.3612
v -15.3741 -14.1261 13.9961
v -15.6344 -14.0705 14.9653
v -15.6468 -13.921 15.7956
v -15.3809 -13.8775 16.3136
v -16.062 -12.5073 -5.32043
v -15.5466 -12.6736 -4.58174
v -15.5263 -12.9588 -3.94696
v -15.4764 -13.0226 -3.25139
v -15.6217 -13.1131 -2.50392
v -15.5554 -13.0094 -1.81277
v -15.5834 -12.5941 -0.960866
v -15.7714 -12.3635 -0.507395
v -15.3938 -12.8307 13.5406
v -15.6841 -12.8973 14.2913
v -15.8872 -12.6575 14.9683
v -15.8506 -13.0612 15.8115
v -15.4264 -13.0273 16.4644
v -15.5701 -11.7862 -5.8167
v -15.4537 -11.665 -0.0343898
v -15.3834 -11.6528 13.7695
v -15.6588 -11.7935 14.2489
v -15.8588 -11.5194 14.9241
v -15.9165 -11.8966 15.7877
v -15.4951 -11.8845 16.4436
v -15.6973 -10.5199 -6.60854
v -15.3085 -10.9457 0.0691049
v -15.9754 -10.8 0.428411
v -15.3572 -10.51 14.3514
v -15.6511 -10.7007 14.8504
v -15.6761 -10.4878 15.6874
v -15.2843 -10.5109 16.3474
v -15.506 -9.13134 -7.15046
v -15.476 -9.55196 -0.102924
v -15.347 -9.84372 14.968
v -15.3297 -9.70862 15.5838
v -15.2748 -7.64942 -7.6279
v -15.1424 -8.54439 -0.736248
v -15.8302 -8.35015 -0.326281
v -15.9147 -6.99642 -7.75885
v -15.6472 -6.94988 -0.985409
v -15.3091 -5.77008 -8.02646
v -15.4198 -5.68973 -1.41174
v -15.884 -6.11763 -1.13722
v -15.8339 -5.08079 -8.06472
v -15.7815 -4.48868 -1.5233
v -15.2368 -3.92698 -8.20177
v -15.769 -3.08675 -8.07404
v -15.7868 -3.3528 -1.73905
v -15.7241 -2.14851 -7.88883
v -16.0655 -2.21231 -2.31524
v -15.4807 -2.24669 -1.93965
v -15.6088 -1.36284 -7.60515
v -15.8276 -1.03701 -6.94114
v -15.9125 -0.892819 -6.36866
v -15.9563 -0.806202 -5.73193
v -15.9628 -0.7794 -5.05749
v -15.9047 -0.861054 -4.0415
v -15.7742 -1.05299 -3.11181
v -15.5467 -1.36543 -2.42592
v -15.1485 -0.138092 -6.93355
v -15.2332 0.00909912 -6.37212
v -15.2798 0.0994761 -5.7475
v -15.2883 0.11136 -4.86143
v -15.2314 -0.0231139 -3.76437
v -15.1476 -0.179245 -3.17582
v -15.5251 18.3753 -5.90228
v -15.5589 18.2894 -5.48722
v -15.5448 18.29 -4.91092
v -15.4628 18.3273 -4.20617
v -15.2964 19.1071 -6.69853
v -15.8726 18.9581 -6.16638
v -16.1598 18.9318 -5.49227
v -16.1456 18.9325 -4.90909
v -15.6567 18.912 -3.82741
v -15.7739 20.4987 -6.97217
v -15.9291 19.7074 -6.64519
v -15.592 20.0767 -3.76429
v -15.5491 21.5116 -7.2407
v -15.7899 21.311 -3.84459
v -15.2205 22.6432 -7.42147
v -15.5562 22.4511 -3.97057
v -15.9722 23.1774 -7.10092
v -15.7569 23.6633 -3.87217
v -15.8791 24.5002 -6.93778
v -15.4768 24.7047 -3.80993
v -16.1575 24.8233 -3.59801
v -15.6103 25.6657 -6.7032
v -15.6629 26.2607 -6.29433
v -16.0908 25.9545 -3.78725
v -15.5868 26.0102 -3.56245
v -15.5606 26.7652 -5.61532
v -15.5831 26.7775 -4.87315
v -15.4203 26.7195 -3.9378
v -14.0656 -16.2389 12.7787
v -14.3233 -16.1638 13.6615
v -14.3412 -16.3496 14.2258
v -14.5086 -16.2357 14.8418
v -14.4806 -16.1686 15.6248
v -14.2675 -16.1255 16.123
v -14.1682 -14.9669 10.1641
v -14.2329 -15.3493 11.1672
v -14.4259 -15.3124 12.0651
v -14.6446 -15.193 12.7779
v -14.8945 -15.0854 13.5128
v -14.9478 -15.3913 14.2591
v -14.948 -15.5927 14.8954
v -14.9427 -15.49 15.7
v -14.5788 -14.9917 16.5184
v -14.2686 -13.8425 10.2136
v -14.5434 -13.8242 11.2002
v -14.8085 -13.7298 12.0791
v -15.0051 -14.0701 12.7852
v -14.4854 -14.0006 16.771
v -14.8791 -12.4775 -2.78297
v -14.9372 -12.6041 -1.76414
v -14.1415 -12.9921 10.2538
v -14.3587 -12.6032 11.209
v -14.7675 -12.77 12.0699
v -15.0694 -13.0556 12.7731
v -14.3778 -12.6436 16.7678
v -15.0931 -11.8412 -5.38233
v -14.7605 -11.7251 -4.8522
v -14.5805 -11.6173 -3.90424
v -14.6201 -11.8809 -3.21058
v -14.5391 -11.8458 -2.385
v -14.4151 -11.4699 -1.79588
v -14.6884 -11.8031 -0.989932
v -15.0355 -11.6972 -0.356001
v -14.4145 -11.7826 12.0096
v -14.6908 -11.5088 12.6702
v -15.0848 -11.5563 13.2599
v -14.6478 -11.8098 16.7709
v -14.633 -10.399 -6.24978
v -14.4953 -10.9133 -5.55153
v -14.1693 -10.6868 -4.66515
v -14.2169 -10.8389 -3.00773
v -14.132 -10.4703 -2.40808
v -14.2357 -10.4004 -1.65809
v -14.5831 -10.5824 -0.787421
v -15.0607 -10.3971 -0.206538
v -14.2132 -10.3986 12.7968
v -14.8608 -10.7007 13.4054
v -15.1189 -10.255 14.0771
v -14.3691 -10.5703 16.6811
v -14.5885 -9.77996 -6.69042
v -14.2228 -9.28699 -1.55702
v -14.7541 -9.42063 -0.805713
v -14.287 -9.43037 13.6584
v -14.7163 -9.44988 14.1724
v -14.8748 -9.07767 15.0479
v -14.8587 -9.23834 15.9148
v -14.4998 -9.51886 16.4147
v -14.3968 -8.46463 -7.20506
v -14.4066 -8.1543 -1.49909
v -14.9684 -7.90452 -1.08946
v -14.1845 -8.71205 14.2413
v -14.2728 -8.4535 14.8929
v -14.1623 -8.38342 15.6638
v -14.4698 -6.81131 -7.75747
v -14.5295 -7.05324 -1.61443
v -14.278 -5.4539 -8.00795
v -14.5045 -5.48201 -1.77378
v -14.7735 -4.66471 -8.1561
v -14.6239 -4.44466 -1.76578
v -14.4641 -3.28881 -8.20871
v -14.6504 -3.66532 -1.79303
v -14.5358 -2.13631 -8.19188
v -14.5603 -2.34293 -1.86323
v -14.6108 -0.944916 -7.97507
v -14.853 -0.605546 -2.32057
v -14.5138 -1.13254 -2.01094
v -14.624 0.126805 -7.37956
v -14.4807 0.160247 -2.5988
v -14.3482 0.816168 -6.89117
v -14.429 0.988188 -6.34211
v -14.476 1.09583 -5.73149
v -14.4946 1.11419 -4.86536
v -14.4626 0.96345 -3.79274
v -14.3967 0.785469 -3.21702
v -14.7548 18.1017 -6.30073
v -14.519 17.604 -5.61539
v -14.5178 17.5765 -4.91371
v -14.5302 17.9093 -3.94845
v -14.4544 18.9687 -6.90977
v -14.5683 18.9846 -3.82655
v -15.0779 19.9067 -7.08288
v -14.5742 20.1603 -4.0257
v -14.7786 20.9234 -7.41313
v -14.4429 21.3105 -3.97094
v -14.391 22.0596 -7.64384
v -14.6045 22.4095 -3.96166
v -14.7699 23.7859 -7.48433
v -14.6168 23.6659 -3.9857
v -14.5741 25.0663 -7.23877
v -14.4956 24.8614 -3.94388
v -14.304 26.1368 -6.93965
v -14.9195 26.4377 -6.6237
v -14.6859 25.8665 -3.7141
v -14.5692 26.3951 -3.5669
v -14.3819 27.0537 -6.35933
v -14.6925 27.2957 -5.60353
v -14.707 27.3089 -4.86476
v -14.574 27.2546 -3.91997
v -14.3421 26.9358 -3.5099
v -13.2145 -17.0285 11.1995
v -13.3339 -17.0169 12.1176
v -13.007 -17.5186 12.9446
v -13.3792 -17.2339 13.4679
v -13.4424 -17.3168 14.2621
v -13.3694 -17.4143 14.922
v -13.3372 -17.2648 15.7766
v -13.1245 -17.1879 16.2002
v -13.0609 -16.3912 7.09635
v -13.2755 -16.3139 8.03779
v -13.3298 -16.5046 9.07939
v -13.3842 -16.6336 10.1517
v -13.7101 -16.3692 11.1673
v -13.8568 -16.3462 12.0696
v -13.5642 -16.887 12.824
v -13.8453 -16.6974 13.3741
v -13.8919 -16.8691 14.2277
v -14.0364 -16.781 15.1567
v -13.8564 -16.7448 15.8742
v -13.4716 -16.2389 16.5108
v -13.0688 -15.2947 5.27987
v -13.2816 -15.1522 6.21565
v -13.4231 -15.4062 7.11177
v -13.7207 -15.0058 8.07365
v -13.8889 -15.1921 9.10036
v -13.9453 -15.6489 10.1464
v -13.5125 -15.3659 16.5833
v -13.0432 -14.2658 4.34819
v -13.1962 -14.3162 5.34455
v -13.3423 -13.8787 6.32225
v -13.554 -14.1219 7.20165
v -13.7789 -14.0455 8.14569
v -13.9893 -13.7839 9.18751
v -13.8288 -14.2326 16.6599
v -13.1118 -13.404 5.46508
v -13.1346 -13.0235 6.45782
v -13.3129 -13.0706 7.34797
v -13.5025 -13.0565 8.26981
v -13.8077 -12.9892 9.25654
v -13.5411 -12.4642 9.30756
v -13.9034 -12.4155 10.274
v -13.9351 -12.5767 16.6722
v -13.184 -12.0042 9.35579
v -13.3503 -11.6735 10.2858
v -13.7159 -11.4616 11.1607
v -13.9401 -11.6319 16.6211
v -13.94 -9.96136 -5.65375
v -14.0481 -10.4196 -4.02238
v -13.9451 -10.126 -3.38052
v -12.9942 -10.7723 11.0883
v -13.5729 -10.6658 11.8632
v -13.569 -10.0466 12.4174
v -13.8532 -10.5148 16.4943
v -13.663 -8.99818 -6.25262
v -13.4217 -9.02014 -5.32388
v -13.5754 -9.37704 -4.8382
v -13.5959 -9.36822 -4.10315
v -13.6388 -9.14188 -3.07421
v -13.8589 -9.335 -2.49103
v -13.4492 -9.43375 12.8468
v -13.6021 -9.06051 13.2901
v -13.4785 -9.38934 16.352
v -13.5706 -7.85263 -7.01742
v -13.2049 -8.20892 -6.18965
v -13.0935 -8.265 -5.5436
v -13.0503 -8.22623 -4.86331
v -13.0505 -8.12563 -4.17789
v -13.2537 -8.03511 -3.25669
v -13.6238 -7.99907 -2.49004
v -13.9452 -8.37145 -2.01231
v -13.3822 -8.47822 13.6292
v -13.5158 -8.09732 14.2868
v -13.556 -7.85274 15.1245
v -13.5323 -8.1577 15.9038
v -13.3964 -8.44893 16.2195
v -13.2539 -7.05575 -7.1371
v -13.0588 -7.10582 -3.05209
v -13.4308 -6.93031 -2.4841
v -13.9428 -6.63465 -2.04115
v -13.6217 -5.80848 -7.76582
v -13.1012 -6.13363 -7.41349
v -13.4071 -5.7946 -2.36305
v -13.4637 -4.63547 -7.89187
v -13.1205 -4.6776 -2.34678
v -13.8213 -4.47779 -2.01937
v -13.3988 -3.78265 -7.99997
v -12.9989 -3.07015 -2.1613
v -13.4353 -3.74583 -2.09834
v -13.4394 -2.47797 -8.1151
v -13.5012 -2.43879 -1.98742
v -13.5092 -0.885219 -8.10899
v -13.5937 -0.857431 -1.9908
v -13.9588 0.132846 -7.82486
v -13.9351 -0.0486769 -2.14124
v -13.0924 1.22314 -7.64978
v -13.2407 1.59722 -7.30527
v -13.2551 1.19926 -2.46955
v -13.3496 1.89859 -6.85183
v -13.4257 2.12102 -6.31398
v -13.4755 2.25833 -5.71625
v -13.5113 2.28708 -4.86851
v -13.5169 2.11151 -3.81828
v -13.4786 1.88889 -3.25412
v -13.4608 17.1044 -5.61567
v -13.4604 17.078 -4.91403
v -13.3916 17.1251 -4.22012
v -13.8529 18.1547 -6.66776
v -13.5059 17.6344 -6.39356
v -13.5803 17.7721 -3.78928
v -13.5744 18.9127 -7.05394
v -13.4826 19.0876 -4.05319
v -13.9784 20.3602 -7.47182
v -13.2094 19.8825 -7.3899
v -13.3921 20.1127 -3.99711
v -13.5513 21.4851 -7.72676
v -13.4063 21.2399 -3.86001
v -13.0472 22.6433 -7.82556
v -13.5202 22.4636 -3.83804
v -13.9076 23.2176 -7.72955
v -13.4447 23.7619 -3.83347
v -13.3208 24.2999 -7.62481
v -13.4447 24.9119 -3.8863
v -13.538 25.7417 -7.19886
v -13.5323 25.9622 -3.84987
v -13.6676 26.7572 -6.73815
v -13.5493 27.2778 -6.35013
v -13.7914 27.6009 -5.59394
v -13.7951 27.6157 -4.86121
v -13.6876 27.5677 -3.91629
v -13.4974 27.0705 -3.53577
v -11.9526 -18.2624 11.3031
v -11.9293 -18.4125 12.4985
v -12.1972 -18.2439 13.6831
v -12.0035 -18.3266 14.2472
v -12.0156 -17.1416 4.32173
v -12.1927 -17.223 5.32379
v -12.2795 -17.3948 6.2407
v -12.4995 -17.3145 7.12104
v -12.477 -17.5307 8.05526
v -12.4153 -17.6892 9.0895
v -12.3422 -17.8262 10.1809
v -12.6183 -17.6937 11.2704
v -12.7114 -17.7159 12.2347
v -12.7458 -17.8293 13.4402
v -12.6348 -17.9576 14.2562
v -12.6992 -17.9007 15.0223
v -12.464 -17.8843 15.7096
v -12.3565 -17.3714 16.3216
v -12.2299 -15.8757 0.60158
v -12.1913 -16.2134 1.86437
v -12.298 -16.3105 3.11905
v -12.5329 -16.2139 4.27331
v -12.7034 -16.2853 5.28039
v -12.8177 -16.4683 6.20264
v -12.6155 -16.6127 16.3357
v -12.1539 -15.0107 -1.59625
v -12.3558 -15.2189 -0.516499
v -12.6047 -14.9789 0.717059
v -12.6143 -15.2938 1.90278
v -12.8059 -15.0435 3.1423
v -12.9062 -15.2335 4.2734
v -11.927 -13.5308 -3.1828
v -12.1516 -13.9342 -2.26976
v -12.3639 -14.399 -1.39749
v -12.4768 -13.8184 -1.14243
v -12.6584 -13.9614 -0.121684
v -12.7711 -14.1029 0.931083
v -12.752 -13.5651 1.13506
v -12.8412 -14.0929 2.09499
v -12.9201 -13.8188 3.30863
v -12.074 -12.6716 -2.57396
v -12.2669 -12.9449 -1.63784
v -12.3023 -12.8398 -0.899012
v -12.3156 -12.698 -0.270905
v -12.4613 -12.8895 0.570967
v -12.5442 -12.886 1.52508
v -12.5663 -12.9708 2.22505
v -12.4669 -12.6166 2.68239
v -12.6858 -12.8483 3.58427
v -12.855 -13.0108 4.57562
v -12.5424 -12.3726 4.7775
v -12.8411 -12.7075 5.62352
v -12.8777 -12.5359 6.57267
v -12.838 -12.2911 7.51781
v -11.927 -11.746 -5.24258
v -12.0206 -11.6429 -4.32734
v -11.9951 -11.8316 -3.21138
v -11.931 -11.2463 -2.81614
v -11.9851 -12.1102 -1.74897
v -11.9678 -12.2525 0.374229
v -11.9682 -12.2556 1.32068
v -12.0226 -12.1139 3.08509
v -12.2427 -12.1643 3.92122
v -12.2147 -11.9966 4.95887
v -12.1239 -11.856 5.952
v -12.342 -11.9653 6.77297
v -12.2215 -11.7868 7.6899
v -12.8056 -12.0191 8.45154
v -12.3628 -11.6859 8.53579
v -12.4998 -11.4569 9.41954
v -12.035 -10.6433 -6.39641
v -12.1889 -10.5996 -5.54634
v -12.2472 -10.5389 -4.71456
v -12.2118 -10.4558 -3.93456
v -12.0818 -10.3651 -3.18999
v -12.3504 -10.9254 10.2702
v -12.4104 -10.4209 11.0226
v -12.7087 -10.0215 11.7107
v -11.9668 -9.46114 -7.38413
v -12.2279 -9.44807 -6.58319
v -12.3844 -9.43007 -5.76893
v -12.4378 -9.40676 -4.95704
v -12.3897 -9.37771 -4.1632
v -12.2398 -9.34616 -3.38044
v -11.9882 -9.3153 -2.60178
v -12.406 -9.53151 12.0022
v -12.3961 -8.83895 12.6016
v -12.488 -8.88291 15.9598
v -12.9609 -9.41292 16.1485
v -12.0236 -8.19253 -7.4659
v -12.289 -8.18988 -6.6767
v -12.5769 -8.0026 -5.80415
v -12.6023 -8.001 -5.03788
v -12.573 -7.97376 -4.27242
v -12.2942 -8.16391 -3.45057
v -12.0319 -8.1554 -2.64339
v -12.5141 -8.43973 13.0282
v -12.6077 -8.08826 13.4434
v -12.7199 -7.69435 14.0965
v -12.32 -8.17833 15.9247
v -12.8703 -8.5405 16.1987
v -11.9866 -6.92236 -7.47579
v -12.5564 -6.77873 -6.81209
v -12.7179 -6.94933 -6.34101
v -12.4972 -6.8572 -5.78429
v -12.4978 -6.83314 -4.98051
v -12.6618 -7.07333 -4.01211
v -12.5624 -6.74836 -3.31209
v -12.01 -6.917 -2.67096
v -11.9072 -7.17836 14.5364
v -12.7655 -7.44567 14.9345
v -12.6789 -7.50729 15.476
v -12.5076 -5.79264 -6.95894
v -12.1733 -5.46834 -6.40521
v -12.2431 -5.71813 -5.78536
v -12.2741 -5.72564 -4.95426
v -12.3779 -5.9139 -4.05638
v -12.3686 -5.73001 -3.38104
v -12.4083 -5.78346 -2.71029
v -12.6997 -4.09333 -7.69092
v -12.1978 -4.61979 -7.07557
v -11.9387 -4.66812 -6.39836
v -11.9902 -4.53761 -5.73627
v -12.0355 -4.44231 -4.89783
v -12.0871 -4.58394 -3.87381
v -12.1977 -4.55856 -3.27705
v -12.5812 -4.40445 -2.65813
v -12.5821 -3.31923 -7.78852
v -11.9614 -3.97895 -3.78472
v -11.9364 -3.84171 -3.21253
v -12.1837 -3.38015 -2.56801
v -12.3373 -2.55336 -7.88254
v -12.2538 -2.24696 -2.21342
v -12.5135 -1.07665 -8.04955
v -12.4518 -1.01558 -2.06023
v -12.7456 0.147852 -8.02945
v -12.4567 0.0680891 -2.04862
v -12.9217 0.749107 -7.88972
v -12.1763 1.5111 -2.20584
v -12.0671 0.783314 -2.07158
v -11.9925 2.10527 -7.63308
v -12.1522 2.83475 -7.05636
v -12.4235 3.04887 -3.27651
v -12.3247 2.4031 -2.62114
v -12.2893 3.30746 -6.28898
v -12.3479 3.47492 -5.70058
v -12.4028 3.51487 -4.87205
v -12.4444 3.31643 -3.84115
v -12.4064 16.8892 -6.17438
v -12.4176 16.7011 -5.57148
v -12.4094 16.7008 -4.89278
v -12.3559 16.857 -3.94407
v -12.1452 17.8326 -6.84865
v -12.5283 17.5748 -6.6488
v -12.4602 17.883 -3.719
v -11.9309 17.342 -3.44077
v -12.6885 19.0218 -7.11267
v -12.6015 19.0403 -4.04913
v -12.0709 20.5467 -7.4511
v -12.5858 20.2051 -4.04968
v -12.7689 20.9781 -7.62898
v -12.4982 21.3188 -3.95346
v -12.2642 22.1135 -7.72451
v -12.4892 22.4324 -3.8621
v -12.4704 23.7435 -7.71518
v -12.395 23.5879 -3.85092
v -12.7063 25.2631 -7.37746
v -12.4583 24.8821 -3.90653
v -12.5367 26.2693 -6.97598
v -12.4725 25.9949 -3.90612
v -12.55 27.2728 -6.33706
v -12.5152 27.5887 -5.59089
v -12.5041 27.6036 -4.87008
v -12.4062 27.296 -3.85061
v -12.3624 27.2446 -3.55368
v -11.3303 -18.2615 5.44665
v -10.8528 -18.6604 5.53662
v -11.1396 -18.6028 6.38431
v -11.3333 -18.5762 7.21351
v -11.4659 -18.5122 8.09294
v -11.2926 -18.61 9.07965
v -11.4169 -18.5171 10.1432
v -11.2486 -18.6323 11.2204
v -11.0771 -18.7308 12.229
v -10.8959 -18.7765 13.0811
v -11.5943 -18.5578 13.3384
v -11.4037 -18.5869 14.0129
v -11.5276 -18.4919 14.9383
v -11.2963 -18.3738 15.8158
v -10.9878 -18.2003 16.1858
v -10.9337 -17.1768 -0.631217
v -11.1478 -17.2558 0.645367
v -11.1084 -17.5796 1.97682
v -11.7322 -17.2 3.17342
v -11.2879 -17.7199 3.2389
v -11.3729 -17.9289 4.41968
v -11.7808 -17.7779 5.37615
v -11.8509 -17.9395 6.28589
v -11.8294 -18.1303 7.16811
v -11.1069 -17.6475 16.0481
v -11.5416 -17.663 16.207
v -10.9727 -16.2197 -2.8931
v -11.2053 -16.4794 -1.82389
v -11.665 -16.3823 -0.656251
v -11.8537 -16.4576 0.587257
v -11.8026 -16.7991 1.88665
v -11.0076 -14.8369 -4.55787
v -11.1718 -15.2511 -3.71862
v -11.5898 -15.3143 -2.73324
v -11.8481 -15.6235 -1.73622
v -10.8831 -14.0434 -6.12951
v -11.1109 -14.0618 -5.28055
v -11.3645 -14.1181 -4.37961
v -11.687 -14.2369 -3.43887
v -10.9299 -12.626 -7.78718
v -11.114 -12.9646 -6.9596
v -11.3623 -12.9347 -6.08759
v -11.4347 -13.2971 -5.14758
v -11.706 -12.5147 -5.10211
v -11.7779 -12.9104 -4.03552
v -10.8959 -11.1113 -8.71721
v -11.1644 -11.8756 -7.88144
v -11.5036 -11.845 -7.06856
v -11.7518 -11.8009 -6.18625
v -11.9032 -11.7276 -2.38013
v -11.7175 -11.5128 -1.76076
v -11.576 -11.6334 -0.994999
v -11.3213 -11.6006 -0.267808
v -11.425 -11.905 0.716557
v -11.2424 -11.8911 1.3464
v -11.5411 -12.0213 2.09559
v -11.2144 -11.8588 2.91157
v -11.4285 -11.7977 3.54635
v -11.454 -11.6749 4.41613
v -11.6058 -11.598 5.26416
v -11.1891 -11.4212 5.90129
v -11.3335 -11.4478 6.6927
v -11.1908 -11.3875 7.13963
v -11.2337 -11.374 7.92371
v -11.5961 -11.3403 8.65762
v -11.0325 -10.3047 -8.80737
v -11.4281 -10.697 -8.02766
v -11.7832 -10.6756 -7.23127
v -11.8159 -10.5492 -2.35949
v -11.5061 -10.4614 -1.66087
v -11.0875 -10.6483 -0.906011
v -11.4026 -10.9907 9.48501
v -11.4487 -10.573 10.2363
v -11.4162 -10.0824 10.9049
v -11.1246 -9.47416 -8.88335
v -11.5995 -9.46971 -8.15608
v -11.6348 -9.28841 -1.82026
v -11.1609 -9.58114 -1.03081
v -11.3037 -9.51568 11.4636
v -11.4776 -9.04023 11.9743
v -11.1725 -8.1941 -8.95719
v -11.6516 -8.19387 -8.22942
v -11.6636 -8.14781 -1.83054
v -11.1891 -8.14205 -1.00865
v -11.2509 -8.12411 12.7366
v -11.766 -7.81903 13.2467
v -11.3438 -8.11091 15.6776
v -11.1357 -6.90881 -8.97128
v -11.615 -6.91599 -8.23715
v -11.6408 -6.91007 -1.84664
v -11.1591 -6.90345 -1.00875
v -11.3757 -7.45395 13.574
v -11.2763 -7.16784 14.1152
v -11.445 -7.12212 15.0028
v -11.2622 -7.37892 15.502
v -11.1799 -5.8024 -8.64988
v -11.663 -5.69555 -7.75816
v -11.7849 -5.32122 -7.33928
v -11.902 -5.2944 -2.78983
v -11.5754 -5.66544 -1.93341
v -11.0894 -5.64055 -1.08664
v -11.2902 -4.5441 -7.95794
v -11.5999 -4.34161 -7.16564
v -11.7961 -4.15192 -6.36074
v -11.8977 -4.13866 -5.71663
v -11.8421 -4.58202 -2.8919
v -11.4986 -4.496 -2.09364
v -10.9931 -4.42414 -1.23636
v -11.343 -3.37429 -7.72189
v -11.6294 -3.72163 -7.14489
v -11.8095 -3.8487 -3.05538
v -11.5753 -3.41923 -2.41636
v -10.9108 -3.65117 -1.35351
v -11.3477 -2.15087 -7.86966
v -11.6191 -2.5469 -2.31953
v -11.1161 -2.24605 -1.98164
v -11.2961 -0.923266 -8.06296
v -11.35 -1.14089 -2.02496
v -11.7023 -0.129884 -8.06344
v -11.1797 0.316891 -1.9315
v -11.8301 1.08805 -7.94618
v -11.171 1.23763 -1.98332
v -11.1984 2.55258 -2.25824
v -10.9039 3.89808 -7.07357
v -11.2615 4.18327 -3.2736
v -11.2148 3.7088 -2.76261
v -11.0859 4.44727 -6.26833
v -11.1628 4.6336 -5.68327
v -11.2338 4.68236 -4.87711
v -11.2953 4.47359 -3.86152
v -10.8467 12.8493 -7.62832
v -11.0149 12.8493 -6.80278
v -11.1088 12.8493 -5.95513
v -11.1372 12.8493 -5.09641
v -11.1088 12.8493 -4.2377
v -11.0149 12.8493 -3.39004
v -10.8467 12.8493 -2.56451
v -10.9737 14.1058 -8.57125
v -11.2353 14.0937 -7.74471
v -11.4097 14.0818 -6.88114
v -11.5067 14.0778 -5.99444
v -11.5359 14.0778 -5.09612
v -11.5065 14.0779 -4.19768
v -11.4092 14.0819 -3.3108
v -11.2347 14.0938 -2.44716
v -10.9732 14.1059 -1.62073
v -11.161 15.429 -8.64219
v -11.4735 15.673 -7.72652
v -11.6489 15.5409 -6.85454
v -11.7434 15.4966 -5.97558
v -11.7695 15.4963 -5.09231
v -11.7398 15.4968 -4.20741
v -11.6423 15.5414 -3.32566
v -11.465 15.6734 -2.45186
v -11.1569 15.4292 -1.54387
v -11.2024 16.4306 -8.58576
v -11.4473 16.9852 -7.67057
v -11.7291 16.6515 -6.99848
v -11.7823 16.3554 -6.51983
v -11.8528 16.2865 -5.81596
v -11.8697 16.3098 -4.94215
v -11.8004 16.3226 -4.01129
v -11.7339 16.5805 -3.37411
v -11.452 16.8009 -2.56799
v -11.1896 16.431 -1.58744
v -10.9997 17.5946 -8.51878
v -11.263 17.8045 -7.67098
v -11.6517 17.7501 -7.09922
v -11.4612 17.7447 -3.09424
v -11.1778 17.8008 -2.45476
v -11.0618 17.6548 -1.93249
v -10.8745 17.534 -1.33422
v -10.9435 18.7041 -7.78286
v -11.493 18.9754 -7.23783
v -11.6477 19.1638 -3.81202
v -11.3098 18.8506 -3.44464
v -10.8881 18.7436 -2.58671
v -11.2599 20.0704 -7.27562
v -11.3966 20.1984 -3.93887
v -10.8495 20.0398 -3.53838
v -11.5788 21.6467 -7.53083
v -11.0115 21.2611 -7.349
v -11.5232 21.3523 -4.08961
v -11.044 22.7073 -7.46249
v -11.4607 22.5678 -4.06214
v -11.7062 23.2027 -7.62983
v -11.1514 24.1918 -7.3915
v -11.4054 23.7254 -4.00183
v -11.8854 24.7352 -7.45011
v -11.388 24.8385 -4.0602
v -11.1521 25.8792 -6.87935
v -11.3187 25.9595 -3.90043
v -11.5733 26.8329 -6.452
v -11.3305 27.2014 -5.5942
v -11.3112 27.2171 -4.88779
v -11.2458 27.0498 -3.81894
v -9.76646 -18.2959 0.899694
v -10.08 -18.3883 2.18851
v -10.064 -18.6745 3.5192
v -10.422 -18.7127 4.6254
v -10.1108 -19.0557 5.71392
v -10.1337 -19.1632 6.5712
v -10.2876 -19.1469 7.34682
v -10.3606 -19.1457 8.15424
v -10.0941 -19.1652 9.06232
v -10.1114 -19.0756 10.0233
v -10.765 -18.8412 10.0825
v -10.1821 -18.9618 11.0316
v -10.322 -18.898 12.0391
v -10.1554 -18.9251 12.8799
v -10.3854 -18.8736 13.7107
v -10.2955 -18.895 14.341
v -10.1304 -18.9064 14.9875
v -10.2262 -18.5412 15.7969
v -9.84741 -17.2366 -2.8586
v -10.0827 -17.4604 -1.7396
v -10.3599 -17.6364 -0.552146
v -10.3405 -17.9371 0.771095
v -10.8109 -18.1692 3.32846
v -10.3247 -17.8887 15.7841
v -9.79898 -16.0301 -5.53991
v -10.0988 -16.0987 -4.76123
v -10.2327 -16.4404 -3.88423
v -10.4506 -16.7574 -2.91096
v -9.96611 -14.6824 -7.5657
v -10.0414 -15.0201 -6.8941
v -10.278 -15.0591 -6.20303
v -10.5144 -15.1064 -5.44887
v -10.5861 -15.4995 -4.68905
v -9.92527 -14.0218 -8.28981
v -10.3332 -14.0353 -7.63455
v -10.6382 -14.0386 -6.91431
v -9.95107 -12.6379 -9.15663
v -10.3621 -12.9935 -8.45554
v -10.6537 -13.3479 -7.70662
v -10.2444 -11.5047 -9.33276
v -10.7159 -11.8902 -8.61681
v -10.6276 -11.1677 0.107602
v -10.3747 -11.2959 0.661483
v -10.3445 -11.5015 1.1582
v -10.4055 -11.728 1.97369
v -10.4306 -11.8153 2.87443
v -10.2237 -11.7518 3.69017
v -10.4891 -11.6128 4.20324
v -10.2595 -11.4445 5.08559
v -10.1342 -11.3189 5.91709
v -10.1926 -11.2889 6.6628
v -10.3917 -11.2979 7.35758
v -10.1172 -11.2915 8.14362
v -10.451 -11.1592 8.80494
v -9.77399 -10.3078 -10.0955
v -10.4566 -10.3079 -9.4817
v -10.5974 -10.599 -0.198017
v -9.98662 -10.5778 0.529299
v -10.1455 -10.8863 9.52707
v -10.4033 -10.2937 10.3822
v -9.85369 -9.47572 -10.1822
v -10.5425 -9.47577 -9.56054
v -10.6121 -9.56229 -0.250004
v -9.94994 -9.55428 0.533903
v -10.5305 -9.42978 11.3304
v -10.2511 -8.93961 11.7272
v -9.89409 -8.19275 -10.2734
v -10.5866 -8.19359 -9.6412
v -10.6076 -8.13815 -0.185935
v -9.91824 -8.13618 0.629399
v -10.3303 -8.4702 12.1459
v -9.94565 -7.87004 12.6416
v -10.042 -8.4549 15.249
v -10.3389 -7.96517 15.4534
v -9.85696 -6.89496 -10.3136
v -10.5494 -6.90157 -9.66712
v -10.5676 -6.89742 -0.168318
v -9.86868 -6.89231 0.663627
v -9.99663 -7.27803 13.4781
v -10.0581 -7.02472 14.3182
v -10.1389 -7.1886 15.0212
v -10.2112 -7.48765 15.3844
v -9.78159 -6.03331 -10.2983
v -10.4162 -5.63352 -9.5989
v -10.5183 -6.03938 -0.193837
v -9.81087 -6.02659 0.651614
v -10.2087 -4.39991 -9.46171
v -10.8038 -4.46773 -8.71412
v -10.4022 -4.78135 -0.305515
v -10.0204 -3.59362 -9.35772
v -10.5392 -3.32829 -8.55494
v -10.7583 -2.86677 -1.41124
v -10.2213 -3.54644 -0.446611
v -9.78225 -2.78254 -9.28067
v -10.1249 -2.11539 -8.5849
v -10.7238 -2.34328 -8.03764
v -10.4787 -2.03001 -1.3417
v -9.89 -2.30325 -0.527563
v -10.1187 -1.06328 -8.41375
v -10.8155 -1.34459 -1.78574
v -10.148 -1.15173 -1.24119
v -9.96222 0.464471 -8.34324
v -10.8099 0.223418 -8.14034
v -10.4648 0.0811576 -1.68677
v -9.84223 -0.242867 -1.20602
v -9.85538 1.44014 -8.27746
v -10.7915 1.15147 -8.08727
v -10.2759 1.53559 -1.75858
v -10.4647 2.46658 -7.91489
v -10.2089 2.52752 -1.92474
v -10.1045 3.55507 -2.19317
v -10.0703 5.19196 -3.29305
v -9.8293 4.72991 -2.62977
v -9.8969 5.43656 -6.23962
v -9.98984 5.62231 -5.66313
v -10.0687 5.67437 -4.88485
v -10.1319 5.47386 -3.8941
v -9.84272 12.0641 -9.01443
v -10.1719 12.0641 -8.2917
v -10.413 12.0641 -7.52838
v -10.1563 11.566 -6.93583
v -10.6647 12.0641 -5.9206
v -10.1096 11.3173 -5.88185
v -10.4137 11.6907 -5.09641
v -10.3871 11.6907 -4.2916
v -10.2992 11.6906 -3.49658
v -10.1417 11.6904 -2.72114
v -10.1719 12.0641 -1.90113
v -9.84273 12.0641 -1.1784
v -9.92735 13.2513 -9.93647
v -10.2527 12.8493 -9.16881
v -10.5955 12.8493 -8.42068
v -10.5955 12.8493 -1.77215
v -10.2527 12.8493 -1.02402
v -9.8208 12.8493 -0.328861
v -10.2114 14.5357 -10.1181
v -10.615 14.1103 -9.34683
v -10.6147 14.1104 -0.845506
v -10.1615 14.1094 -0.129189
v -10.2599 15.4595 -10.1868
v -10.771 15.4652 -9.44777
v -10.7686 15.4653 -0.741173
v -10.2811 15.467 -0.00502014
v -10.2053 16.442 -10.2196
v -10.7256 16.4447 -9.48271
v -10.7207 16.4448 -0.702918
v -10.2217 16.4478 0.0286219
v -10.0478 17.4901 -10.2208
v -10.5383 17.4953 -9.52502
v -10.5308 17.4952 -0.658406
v -10.0593 17.4943 0.0303399
v -9.80331 18.5724 -10.1814
v -10.2518 18.58 -9.53546
v -10.6782 18.6165 -8.5968
v -10.7314 18.6352 -1.8422
v -10.3966 18.5875 -0.959148
v -9.81014 18.5751 -0.00884614
v -9.9089 19.662 -9.47476
v -10.3111 19.6679 -8.57985
v -10.4866 20.0751 -7.67207
v -10.6537 19.8593 -3.20036
v -10.2832 20.2206 -2.60079
v -10.0184 20.361 -1.72617
v -10.042 19.6627 -1.00648
v -9.91922 20.7606 -8.5034
v -10.3123 20.8078 -7.4387
v -10.2048 21.3836 -7.34469
v -10.5349 21.4836 -3.81493
v -10.1254 21.3108 -3.38975
v -10.2941 22.1295 -7.28184
v -10.4291 22.526 -3.99019
v -10.2571 23.4489 -7.22593
v -10.3225 23.702 -4.07842
v -10.3536 24.76 -7.02782
v -10.3709 24.8255 -4.02316
v -10.2773 25.6542 -6.67006
v -10.3974 26.2868 -6.27588
v -9.97199 26.2268 -5.61272
v -9.95005 26.2438 -4.91512
v -10.1938 26.1828 -3.82489
v -10.6164 26.7584 -5.60085
v -10.5955 26.7751 -4.90192
v -10.5166 26.759 -4.04238
v -9.09721 -18.3409 -0.266586
v -9.19198 -18.5755 1.06551
v -9.29312 -18.7883 2.43001
v -8.79309 -18.9276 2.64267
v -9.31999 -18.9841 3.77457
v -8.84166 -19.0615 3.97993
v -9.20441 -19.1175 5.02258
v -9.12996 -19.2362 6.00767
v -9.13309 -19.3006 6.81596
v -8.99766 -19.3245 7.57511
v -9.26556 -19.346 8.25801
v -9.21629 -19.3067 9.06886
v -9.1682 -19.2128 9.95029
v -9.15749 -19.1418 10.8745
v -9.24229 -19.0557 11.811
v -9.07557 -19.0419 12.6229
v -9.3264 -19.0406 13.4374
v -9.27904 -19.0521 14.0771
v -8.97971 -18.6347 15.143
v -9.30209 -18.7124 15.5167
v -8.88753 -17.0996 -4.69821
v -9.32734 -17.1793 -3.82967
v -9.16452 -17.6496 -2.73308
v -9.07253 -18.0351 -1.52748
v -9.73819 -18.0257 -0.430582
v -9.53759 -18.1139 15.4818
v -9.0824 -15.8322 -7.41675
v -9.06099 -16.155 -6.82285
v -9.27746 -16.2256 -6.21518
v -9.22953 -16.5598 -5.53
v -9.5359 -16.6327 -4.76682
v -9.1544 -14.9175 -8.38097
v -9.16185 -15.4252 -7.83485
v -8.80759 -13.9887 -9.412
v -9.25411 -14.3118 -8.80818
v -9.30399 -12.6332 -9.73182
v -9.38781 -13.3379 -9.30071
v -8.87665 -11.1135 -10.5301
v -9.2955 -11.6322 -10.0852
v -9.3403 -11.1453 1.47011
v -9.48245 -11.4997 1.95803
v -9.17859 -11.7513 2.83678
v -9.08917 -11.9042 3.55912
v -9.25369 -11.8422 4.46963
v -9.28061 -11.6678 5.21681
v -9.09859 -11.5811 5.96408
v -9.05626 -11.5274 6.66397
v -9.10206 -11.5175 7.43976
v -9.22434 -11.4584 8.29256
v -9.20116 -11.3563 8.92924
v -8.98549 -10.3069 -10.6465
v -9.23838 -10.585 1.27801
v -9.13632 -11.0643 9.54556
v -9.25118 -10.2687 10.4673
v -9.05857 -9.47529 -10.7431
v -9.16727 -9.55717 1.3171
v -9.21644 -9.39782 11.2463
v -8.97738 -9.02723 15.0072
v -9.0953 -8.19199 -10.8458
v -9.12024 -8.13617 1.42914
v -9.03184 -8.40654 12.0609
v -9.03889 -7.83405 12.6395
v -9.2319 -8.18001 15.1677
v -9.05911 -6.88976 -10.8996
v -9.06496 -6.88841 1.47606
v -9.04439 -7.53696 13.0582
v -9.05979 -7.31728 13.489
v -9.11799 -7.17502 14.1149
v -9.27659 -7.33741 14.8265
v -8.98635 -6.02024 -10.8982
v -9.00097 -6.01689 1.47632
v -8.80423 -4.73071 -10.8371
v -9.59319 -4.76433 -10.2071
v -9.66927 -4.74656 0.568661
v -8.84226 -4.72118 1.41833
v -9.32452 -3.51003 -10.0829
v -9.45281 -3.47784 0.450386
v -8.94808 -2.26072 -9.97039
v -9.48189 -1.95073 -9.26191
v -9.11283 -2.21246 0.33238
v -9.15304 -1.09813 -9.26251
v -9.43334 -1.02531 -0.543065
v -8.67997 -0.942502 0.219519
v -8.82947 -0.224594 -9.24351
v -9.34634 0.136343 -8.72003
v -9.1142 -0.148775 -0.580788
v -9.03557 1.57351 -8.62495
v -9.41918 1.66059 -1.35474
v -9.20681 0.722352 -0.955811
v -8.8723 2.56739 -8.46869
v -9.26675 2.65079 -1.5425
v -9.66522 3.47199 -7.86668
v -9.0688 3.66297 -1.80333
v -9.40218 4.65446 -7.45114
v -9.73111 5.13583 -6.81528
v -8.6821 4.61413 -2.07958
v -8.80347 6.17137 -6.19041
v -8.8987 6.32903 -5.63895
v -8.97207 6.37569 -4.89641
v -9.01608 6.20814 -3.95363
v -8.92748 5.97481 -3.38255
v -8.71386 9.9285 -6.47481
v -8.78963 9.93015 -5.78973
v -8.80462 9.93015 -4.86531
v -8.71386 9.9285 -3.71802
v -8.91397 11.3056 -9.47919
v -8.73271 10.5935 -8.62981
v -9.03079 10.6001 -7.97609
v -9.24841 10.6041 -7.28706
v -9.39358 10.6061 -6.57155
v -9.47429 10.6067 -5.8384
v -9.49855 10.6067 -5.09642
v -9.43395 10.6064 -3.98786
v -9.24841 10.6041 -2.90577
v -9.03078 10.6001 -2.21674
v -8.7327 10.5935 -1.56302
v -8.83964 12.0292 -10.3013
v -9.40538 12.0553 -9.68737
v -9.32754 11.314 -8.83498
v -9.64097 11.3157 -8.14386
v -9.48425 11.3148 -1.70341
v -8.93059 11.314 -0.713633
v -9.17807 12.0668 -0.198493
v -9.32072 13.2189 -10.5761
v -9.00159 12.8493 0.586071
v -8.92257 13.6644 1.03601
v -8.77808 14.4369 -11.3514
v -9.58097 14.503 -10.7718
v -9.61554 14.105 0.520509
v -9.02873 14.5272 1.15855
v -8.81644 15.3695 -11.427
v -9.62045 15.4305 -10.8463
v -9.70762 15.4605 0.653446
v -9.03438 15.4445 1.23422
v -8.77833 16.3653 -11.4549
v -9.56929 16.4177 -10.8764
v -9.63986 16.441 0.683563
v -8.95475 16.4235 1.26209
v -9.43544 17.4699 -10.8602
v -9.48885 17.4869 0.667409
v -8.80514 17.471 1.24119
v -9.22399 18.5566 -10.7987
v -9.26095 18.5681 0.605865
v -8.94004 19.6477 -10.6926
v -9.29804 20.1931 -10.0264
v -9.49591 20.7159 -0.823522
v -9.29846 20.1883 -0.164422
v -8.96253 19.6546 0.499799
v -9.33007 21.3193 -9.28939
v -9.63422 21.8056 -7.93078
v -9.64227 21.6907 -2.87815
v -9.54783 21.685 -2.47217
v -9.37223 21.7022 -1.76982
v -9.03257 21.7183 -0.970795
v -9.23118 22.4854 -8.57633
v -9.16877 22.7655 -7.81406
v -9.47397 22.7845 -7.24553
v -9.38217 22.6055 -3.26997
v -9.01021 22.6013 -2.37026
v -8.78491 22.6506 -1.69071
v -8.74749 23.4238 -7.44165
v -9.12067 23.8372 -6.97613
v -9.46135 23.8797 -3.77913
v -8.9246 23.6336 -3.39432
v -9.45419 24.8628 -6.67449
v -8.99161 25.0493 -6.1465
v -8.93807 25.1818 -5.52594
v -8.92307 25.1822 -4.93026
v -9.22069 25.0257 -3.84216
v -9.46166 25.5548 -6.10299
v -9.40428 25.69 -5.49674
v -9.38815 25.6904 -4.92527
v -9.35912 25.6396 -3.95892
v -7.60517 -18.2565 -2.26709
v -8.00699 -18.4247 -1.18207
v -8.46535 -18.5785 -0.0602071
v -7.87107 -18.7347 0.188499
v -8.38229 -18.821 1.39592
v -7.6572 -18.8903 1.79921
v -8.09899 -18.9606 3.01111
v -8.17088 -19.0092 4.31013
v -8.28477 -19.0742 5.39291
v -8.15328 -19.0381 5.91111
v -7.81773 -18.8807 6.47737
v -8.08116 -19.0211 7.29073
v -7.99342 -19.0054 8.28231
v -8.16058 -19.0762 9.11528
v -8.02556 -19.0266 9.88964
v -8.22678 -19.049 10.7479
v -7.63471 -18.8591 11.4984
v -8.24057 -19.0246 11.6144
v -8.06601 -18.9726 12.3906
v -8.19903 -18.9792 13.3685
v -8.22159 -18.9424 14.3019
v -8.19138 -18.5562 15.1506
v -8.60754 -18.7791 15.4006
v -7.61406 -17.3472 -6.00873
v -8.20293 -17.2232 -5.38884
v -8.14391 -17.4976 -4.54783
v -8.60637 -17.5817 -3.686
v -7.79106 -17.9111 -3.45436
v -8.4035 -17.9891 -2.53145
v -8.06658 -17.6782 15.0698
v -7.89661 -16.1522 -8.29929
v -7.98423 -16.4511 -7.79314
v -8.22487 -16.6557 -7.1038
v -8.34899 -16.9478 -6.12734
v -7.65142 -16.564 14.9343
v -8.18584 -15.1497 -9.05829
v -8.08498 -15.6718 -8.65703
v -8.10137 -13.9813 -9.88221
v -8.17302 -14.5902 -9.46093
v -7.7047 -12.6331 -10.6881
v -8.44858 -12.9789 -10.1547
v -7.89057 -12.3189 5.37535
v -7.71416 -12.336 6.04091
v -7.60929 -12.3266 6.69904
v -7.65264 -12.2959 7.31339
v -7.92949 -11.5034 -10.9309
v -8.54055 -11.3441 2.32302
v -7.66682 -11.6332 3.06346
v -7.99396 -11.9622 3.51345
v -8.15159 -12.1827 4.16729
v -8.2797 -12.1418 4.96575
v -8.28931 -11.9831 5.89042
v -8.16741 -11.9419 6.57045
v -8.20967 -11.9069 7.20206
v -8.19994 -11.9496 8.13232
v -7.96207 -11.9596 9.01662
v -8.09619 -11.3807 9.70829
v -8.09196 -10.3078 -11.1321
v -8.33603 -10.6209 2.05017
v -8.37053 -10.6539 10.2912
v -7.71138 -10.1741 14.6841
v -8.15766 -9.4757 -11.2376
v -8.25711 -9.571 2.09576
v -8.16738 -9.64178 11.1297
v -8.18311 -8.89097 11.6989
v -8.23167 -9.26173 14.861
v -8.19045 -8.19169 -11.3504
v -8.2128 -8.13818 2.20508
v -8.16792 -8.47297 12.0676
v -8.14109 -7.9715 12.6583
v -8.13826 -7.60916 13.2953
v -8.15352 -8.27432 14.8622
v -8.15661 -6.88662 -11.4141
v -8.15895 -6.88609 2.25794
v -8.17046 -7.4815 13.721
v -8.30238 -7.4989 14.3074
v -8.08902 -6.0124 -11.4214
v -8.09487 -6.01107 2.26588
v -7.91968 -4.71053 -11.3775
v -7.93491 -4.70547 2.2213
v -7.6853 -3.42233 -11.2871
v -8.54922 -3.45521 -10.7353
v -8.61337 -3.43407 1.31278
v -7.71096 -3.40376 2.1159
v -8.2032 -2.19621 -10.6104
v -8.28557 -2.15312 1.16401
v -7.79439 -0.950159 -10.4745
v -8.49943 -1.00594 -9.88025
v -7.88466 -0.878238 0.979451
v -8.02798 0.264492 -9.76132
v -8.53511 0.672715 -9.18706
v -8.36593 -0.0903119 0.116449
v -8.2939 1.59662 -9.07529
v -8.59175 1.67303 -0.82971
v -7.92233 1.20069 -0.136176
v -8.06165 2.52827 -8.91596
v -8.36668 2.6023 -1.04602
v -8.23262 3.51669 -8.47928
v -8.09749 3.51816 -1.30372
v -7.98042 4.95437 -7.89923
v -7.71306 4.38145 -1.57401
v -8.20762 6.03494 -6.89415
v -7.80458 6.47846 -3.23133
v -8.29083 5.55896 -2.57127
v -7.88608 6.72762 -6.14163
v -7.97512 6.84386 -5.61757
v -8.03464 6.87973 -4.90844
v -8.04837 6.75678 -4.01589
v -7.71419 9.87517 -8.96803
v -8.08387 9.89706 -8.39826
v -8.02686 9.58294 -7.68189
v -8.23036 9.59782 -7.06319
v -8.01514 9.28205 -6.36673
v -8.08637 9.28538 -5.73536
v -8.10017 9.28535 -4.88343
v -8.01514 9.28205 -3.8261
v -8.23035 9.59782 -3.12964
v -8.02686 9.58294 -2.51094
v -8.08388 9.89706 -1.79457
v -7.71947 9.88017 -1.2248
v -7.72196 11.244 -10.59
v -8.11694 10.9228 -9.93167
v -8.34281 10.5815 -9.23941
v -8.35337 10.5882 -0.953416
v -7.89193 10.5884 -0.396765
v -8.12534 11.9768 -10.847
v -8.45068 11.3181 -0.125549
v -8.11793 11.7017 0.525693
v -7.68673 12.0856 1.12242
v -8.1635 13.5076 -11.476
v -8.44041 12.7448 -11.0604
v -8.11182 13.2516 1.44088
v -7.77374 14.3267 -11.852
v -8.27507 14.5072 1.65918
v -7.81159 15.2679 -11.9301
v -8.24746 15.4179 1.7373
v -7.79321 16.2778 -11.9572
v -8.14607 16.3942 1.76439
v -8.19916 17.3938 -11.6835
v -7.9938 17.4444 1.74007
v -8.05164 18.5024 -11.6111
v -8.19026 18.5455 1.41824
v -8.25578 19.6294 -11.2477
v -8.25163 20.7169 -10.813
v -8.28823 20.7143 0.620185
v -8.31201 19.6466 1.05485
v -8.39601 21.7596 -10.07
v -8.42035 21.7227 -0.122164
v -7.63389 22.7043 -10.1249
v -8.42637 22.8211 -9.30755
v -8.34823 22.6634 -0.88301
v -7.71626 22.663 -0.0679291
v -7.66039 23.5793 -9.35311
v -8.25342 23.7385 -8.52261
v -8.38969 23.8609 -7.63616
v -8.49378 23.9997 -7.04444
v -8.3891 24.0004 -3.16229
v -8.4048 23.6335 -2.61694
v -8.12854 23.5359 -1.66655
v -7.64997 23.5317 -0.839206
v -7.75122 24.4294 -7.86579
v -7.94325 24.4887 -6.94047
v -8.25003 24.5871 -6.3101
v -8.13386 24.6844 -5.67363
v -8.13299 24.684 -4.90056
v -8.18959 24.6022 -3.88274
v -7.90854 24.4933 -3.25115
v -7.71592 24.3915 -2.32518
v -6.81042 -18.4535 -1.95337
v -7.01411 -18.6619 -0.74762
v -7.10972 -18.8019 0.639432
v -7.04118 -18.7659 2.24419
v -7.12002 -18.6421 3.64945
v -7.56363 -18.8101 4.63706
v -7.05376 -18.4401 4.95263
v -7.32576 -18.5649 5.84141
v -7.27646 -18.4714 6.69923
v -7.26582 -18.4363 7.39307
v -7.30346 -18.4812 7.98539
v -7.22921 -18.5118 8.87898
v -7.05714 -18.4615 9.86534
v -7.13909 -18.5829 10.6169
v -6.82858 -18.4139 11.3496
v -7.1734 -18.6459 12.1839
v -7.09455 -18.6075 12.8739
v -7.10747 -18.5958 13.5015
v -7.16924 -18.5452 14.1822
v -7.44775 -18.4161 14.9399
v -7.08442 -17.0385 -7.67959
v -6.91255 -17.3328 -7.14684
v -7.05027 -17.4345 -6.56842
v -6.77902 -17.6848 -5.83988
v -6.97596 -17.7537 -5.10444
v -7.29523 -17.8248 -4.30807
v -6.90368 -18.1736 -3.15624
v -6.63327 -17.9361 5.26563
v -6.86336 -18.0645 6.0993
v -6.76869 -17.8059 6.69481
v -6.77768 -17.6783 7.5958
v -6.73409 -17.6539 8.16857
v -6.712 -17.8436 8.90729
v -6.65594 -18.0738 14.3208
v -7.12293 -17.6833 14.9423
v -6.93874 -16.0547 -9.06147
v -7.03983 -16.4504 -8.56114
v -6.85292 -16.8989 -8.11552
v -7.11876 -16.4859 14.9095
v -6.81623 -15.1493 -9.84129
v -7.11704 -15.4704 -9.44844
v -6.7678 -15.0619 14.5774
v -6.87944 -15.4142 14.7021
v -7.18195 -14.2917 -10.1839
v -6.57917 -13.8491 8.01831
v -6.69309 -13.6182 8.541
v -6.6034 -14.5606 14.4849
v -6.96108 -13.1069 -10.8152
v -7.0569 -12.6103 4.27569
v -7.16853 -12.8357 4.9543
v -7.02961 -12.9953 5.86255
v -6.9062 -13.0717 6.82203
v -6.95425 -13.05 7.42222
v -7.21273 -12.7918 8.16125
v -6.9967 -12.9721 8.87083
v -6.84396 -12.7335 9.4896
v -6.54091 -12.5786 14.374
v -6.96492 -11.5082 -11.336
v -7.44833 -11.324 2.89069
v -6.77024 -11.9708 3.6338
v -7.17266 -11.95 9.80754
v -6.84212 -11.4711 10.323
v -6.78383 -11.5573 14.4642
v -7.10737 -10.3099 -11.5525
v -7.30195 -10.6956 2.79084
v -7.11059 -10.8893 10.5555
v -7.0922 -10.3066 10.9341
v -7.20501 -10.7015 14.5592
v -7.12208 -10.3637 14.6555
v -7.16496 -9.47675 -11.6658
v -7.24159 -9.59515 2.8277
v -7.16809 -9.62914 11.3762
v -6.84622 -9.12923 11.93
v -6.75337 -9.50388 14.5996
v -7.29864 -9.35058 14.7737
v -7.19361 -8.19177 -11.7872
v -7.21126 -8.14207 2.92467
v -7.31312 -8.53542 12.2793
v -7.28192 -8.2507 12.6915
v -6.93767 -8.22508 13.4661
v -7.20879 -8.26951 14.2329
v -7.16326 -6.88506 -11.8579
v -7.16384 -6.88492 2.97929
v -7.10285 -6.00848 -11.8699
v -7.10431 -6.00816 2.99144
v -6.95148 -4.70045 -11.8337
v -6.95528 -4.69704 2.95178
v -6.74328 -3.40587 -11.7465
v -6.7497 -3.38416 2.83814
v -6.56922 -2.55627 -11.6566
v -7.37382 -2.15751 -11.151
v -7.40677 -2.10233 1.92797
v -6.57705 -2.50386 2.70229
v -7.00807 -0.916709 -10.9826
v -7.04418 -0.807531 1.66961
v -6.73659 -0.108699 -10.8445
v -7.34468 0.278477 -10.2978
v -7.58859 -0.0382679 0.816156
v -6.77334 0.0366571 1.4488
v -6.89221 1.49226 -10.0666
v -7.59219 1.5545 -9.57398
v -7.13711 1.19615 0.481305
v -6.58357 2.29045 -9.87391
v -7.30994 2.41534 -9.40046
v -7.0942 2.44617 -0.220866
v -6.8165 3.66639 -9.08843
v -7.00374 3.73426 -0.928953
v -7.16889 4.71174 -8.39344
v -7.14235 5.15289 -1.82809
v -6.95309 6.07535 -7.64918
v -7.4243 6.32429 -7.1624
v -7.17594 6.11618 -2.49177
v -6.5446 5.85642 -2.03505
v -6.68393 7.17155 -7.09954
v -6.99188 7.35106 -6.36688
v -7.13934 7.45749 -5.60815
v -7.17391 7.47479 -4.91907
v -7.14175 7.41301 -4.05871
v -6.91107 7.25746 -3.31181
v -6.5826 6.7295 -2.60058
v -6.80257 8.56041 -7.8904
v -6.97484 8.34118 -7.02625
v -7.20344 8.39635 -6.21858
v -7.27148 8.41086 -5.66051
v -7.28762 8.41374 -4.90725
v -7.21643 8.39873 -3.9715
v -6.9609 8.25278 -3.27747
v -6.94946 8.59067 -2.5597
v -6.69753 9.82053 -9.95106
v -6.93457 9.49289 -9.31665
v -7.05036 9.17868 -8.66502
v -7.40666 9.21919 -8.13967
v -7.22957 9.20067 -1.79048
v -6.94933 9.50983 -0.876182
v -6.75029 9.87031 -0.24177
v -6.91127 11.1786 -11.0383
v -7.24209 10.5304 -10.2909
v -7.34758 10.5978 0.0981059
v -6.71951 10.6207 0.522375
v -7.24226 11.8896 -11.3152
v -7.24393 11.3476 0.845465
v -6.79025 11.7325 1.38827
v -6.55848 13.3196 -12.1409
v -7.49717 12.6402 -11.5442
v -7.057 13.2347 2.06445
v -6.63745 14.1976 -12.2761
v -7.47546 14.4977 2.10421
v -6.68513 14.517 2.51698
v -6.67457 15.15 -12.3574
v -7.35099 15.4552 2.1915
v -6.67812 16.1773 -12.3848
v -7.17589 16.467 2.2199
v -6.65635 17.2803 -12.3581
v -7.03083 17.4898 2.18224
v -6.59578 18.4216 -12.2774
v -6.87164 18.5354 2.08881
v -7.29535 20.1471 -11.642
v -7.38645 20.1695 1.44913
v -6.65414 19.6157 1.94992
v -6.80589 21.7397 -11.325
v -7.49458 21.7597 -10.8715
v -7.58707 21.7215 0.678691
v -6.88255 21.7188 1.13216
v -7.03435 22.7236 -10.623
v -7.15903 22.662 0.430171
v -6.89856 23.5576 -10.1118
v -6.96626 23.5229 -0.0810016
v -6.91953 24.3009 -9.36159
v -6.95236 24.7973 -8.58516
v -7.01392 25.1033 -7.74334
v -7.08302 25.2087 -7.10017
v -7.10603 25.2982 -6.43206
v -7.15247 25.3181 -5.76418
v -7.18229 25.3062 -4.87382
v -7.13658 25.2775 -3.76069
v -7.10093 25.1952 -3.09238
v -7.01473 25.1004 -2.44906
v -7.12744 24.6893 -1.75108
v -6.83107 24.6528 -1.20129
v -6.71999 24.2944 -0.579307
v -6.55041 25.8076 -5.74436
v -6.59042 25.7896 -4.88043
v -6.53901 25.7752 -3.80826
v -5.9665 -18.3756 -2.8131
v -6.09203 -18.5778 -1.5937
v -5.52282 -18.6272 -1.19148
v -6.23347 -18.7062 -0.226914
v -5.61097 -18.608 0.329198
v -6.29145 -18.6433 1.30376
v -5.81046 -18.3609 1.7993
v -6.37179 -18.3799 2.82577
v -5.92163 -17.4067 -7.88078
v -5.71143 -17.7908 -7.06455
v -5.77941 -17.896 -6.40082
v -5.86588 -17.9699 -5.65949
v -6.02768 -18.0291 -4.85261
v -6.34642 -18.0912 -4.00868
v -5.56033 -18.0934 2.12229
v -5.80654 -17.4648 3.61643
v -6.26144 -17.6589 4.45065
v -6.41891 -17.5121 5.4762
v -6.25876 -17.026 5.67829
v -6.42279 -17.1499 6.42594
v -6.51215 -17.1736 7.10344
v -6.36366 -17.1655 9.02457
v -6.30454 -17.5786 9.86247
v -6.25854 -17.7537 10.5291
v -5.93373 -17.5155 11.1967
v -5.95281 -17.6458 11.9106
v -5.77858 -17.4896 12.6922
v -5.96708 -17.6236 13.4543
v -6.18915 -17.4802 14.1687
v -6.51212 -17.026 14.804
v -5.86535 -16.3098 -9.3293
v -6.1566 -16.7974 -8.67944
v -5.65396 -16.375 4.30657
v -5.98092 -16.5729 5.02413
v -6.13631 -16.1809 5.93828
v -6.2456 -16.2951 6.62908
v -6.32173 -16.3062 7.26543
v -6.37521 -16.3939 8.08843
v -6.25829 -16.2362 8.84363
v -5.9529 -16.4536 9.61107
v -5.56144 -16.4618 10.4498
v -5.6593 -16.3642 14.2534
v -6.12441 -16.0653 14.7029
v -5.89683 -15.439 -10.0136
v -5.67844 -15.1072 4.51302
v -5.97518 -15.2167 5.22481
v -6.14106 -15.2287 6.12898
v -6.22734 -14.9876 6.81093
v -6.28954 -14.9844 7.41439
v -6.32484 -15.2817 8.28541
v -6.24014 -15.2795 8.91454
v -5.90421 -15.1238 9.56887
v -5.91019 -14.8773 14.5351
v -6.3001 -15.3631 14.7126
v -5.9359 -14.0185 -10.7969
v -6.21236 -14.6198 -10.4071
v -5.73516 -13.9746 4.31193
v -6.29738 -13.9182 5.00326
v -6.34852 -14.161 5.89953
v -6.42565 -13.9744 6.86494
v -6.47994 -13.962 7.46037
v -6.43541 -14.4051 8.25873
v -6.42322 -14.2513 8.98131
v -6.07559 -14.0972 9.59361
v -5.58836 -13.8352 10.1729
v -6.06054 -13.8606 14.3671
v -5.75739 -12.6542 -11.4003
v -5.61579 -13.3634 -11.1841
v -5.68314 -12.3109 3.90287
v -6.03192 -13.089 4.1956
v -6.35566 -13.1875 9.70771
v -5.72063 -12.8141 10.3585
v -6.04652 -12.9198 14.3353
v -5.9247 -11.5149 -11.678
v -6.3017 -11.5519 3.50356
v -6.14493 -11.8985 10.4691
v -5.61082 -11.3657 11.0503
v -6.13031 -11.6983 14.4386
v -6.04565 -10.3128 -11.9077
v -6.15324 -10.532 3.44745
v -6.11564 -10.6808 11.1238
v -5.98161 -10.0545 11.6407
v -5.89392 -10.4967 14.2999
v -6.09457 -9.47822 -12.0277
v -6.14307 -9.30051 3.48916
v -5.90606 -9.72931 12.0112
v -6.06104 -9.18282 12.6016
v -5.91152 -9.14563 13.474
v -6.31859 -9.26925 14.2051
v -6.11884 -8.19207 -12.1563
v -6.13097 -8.14764 3.55537
v -6.4999 -8.60659 12.969
v -6.09282 -6.88453 -12.2318
v -6.09281 -6.88453 3.61012
v -6.0411 -6.00717 -12.2458
v -6.04109 -6.00719 3.62411
v -5.9115 -4.69708 -12.211
v -5.91149 -4.69361 3.58401
v -5.73373 -3.40039 -12.122
v -5.73373 -3.37258 3.45793
v -5.58565 -2.54988 -12.0274
v -6.37064 -1.72006 -11.5444
v -5.58567 -2.48034 3.29997
v -6.15014 -0.899972 -11.4099
v -6.15917 -0.736986 2.27857
v -6.37929 -1.61685 2.51332
v -5.91026 -0.0987489 -11.2529
v -6.05219 0.681691 -10.8786
v -5.91944 0.121875 2.00536
v -6.15581 1.45491 -10.4986
v -6.19427 1.64039 0.893324
v -6.48808 0.855556 1.19036
v -5.66289 0.945888 1.70103
v -5.68823 2.59339 -10.1703
v -5.88826 2.39995 0.566096
v -6.07449 3.46872 -9.53501
v -5.98426 3.94671 -0.596678
v -6.35194 3.18102 -0.265231
v -5.56636 3.14296 0.217083
v -5.48964 4.62582 -9.1527
v -6.18425 4.84276 -8.74234
v -6.33395 4.89361 -1.36413
v -5.56449 4.69653 -0.924669
v -5.75255 5.57972 -8.53778
v -6.17245 6.15713 -8.05628
v -6.07908 6.516 -2.16399
v -5.68554 5.96813 -1.68096
v -5.56943 7.71255 -8.54965
v -6.1586 7.05195 -7.70874
v -6.07736 7.23809 -2.39651
v -5.58329 7.72248 -1.63768
v -5.53473 8.36686 -9.20871
v -6.23547 8.45807 -8.59455
v -6.18796 7.86845 -7.91201
v -6.4008 7.92634 -2.49998
v -6.16892 8.2504 -1.74804
v -5.54174 8.39125 -0.982215
v -5.77175 9.43046 -10.143
v -6.10012 9.09857 -9.57181
v -6.12122 9.13351 -0.621012
v -5.84561 9.51518 -0.0498411
v -5.46908 9.91181 0.513813
v -5.99272 11.0995 -11.4154
v -6.09353 10.4597 -10.8936
v -6.04171 10.6455 0.904082
v -6.24191 11.7844 -11.7094
v -5.92863 11.3847 1.61317
v -6.10947 12.1025 2.08753
v -5.48537 12.0879 2.62952
v -6.42939 12.5154 -11.952
v -5.97223 13.188 2.80978
v -5.53265 13.1308 3.3562
v -6.02667 14.503 2.91963
v -5.62259 14.3937 3.33428
v -5.47409 15.04 -12.7108
v -5.93224 15.6643 2.84468
v -5.49717 16.0856 -12.739
v -6.00629 16.7556 2.65807
v -5.5135 17.7904 -12.6684
v -5.89228 17.69 2.5859
v -5.46184 19.5336 -12.4847
v -5.83807 18.5858 2.45019
v -6.48289 19.5643 -12.1427
v -6.30078 20.6728 -11.9542
v -5.83488 20.3107 2.04918
v -6.03258 21.7119 -11.7118
v -6.07796 21.7079 1.51894
v -5.71103 22.6703 -11.4245
v -6.40868 22.7019 -11.0558
v -6.49555 22.6619 0.862981
v -5.7393 22.6606 1.23166
v -6.0348 23.5519 -10.7554
v -6.25346 24.2699 -10.0555
v -6.08898 23.5241 0.562604
v -5.7894 24.5585 -10.0951
v -5.87831 25.2059 -9.30304
v -6.21665 24.9619 -0.845716
v -6.02261 24.6189 -0.286744
v -5.67777 24.2944 0.240784
v -5.74037 25.7939 -8.56193
v -5.9639 25.9251 -7.80769
v -6.10839 26.0184 -6.96102
v -6.16387 26.0545 -6.35388
v -5.8957 26.3015 -5.71457
v -5.92533 26.2895 -4.89036
v -5.87535 26.2802 -3.86962
v -6.13696 26.0006 -3.23177
v -5.88722 26.0191 -2.50113
v -5.88168 25.7567 -1.76625
v -5.7264 25.522 -1.0978
v -4.89659 -18.2118 -5.50626
v -4.99516 -18.2595 -4.60136
v -5.30248 -18.3071 -3.6794
v -5.12951 -18.5085 -2.40652
v -4.54271 -18.564 -1.9181
v -5.07073 -18.6063 -0.770068
v -4.55473 -18.4443 -0.148588
v -5.28391 -18.4555 0.703498
v -5.0097 -18.2436 1.06545
v -4.62954 -17.0407 -9.05766
v -4.91197 -17.4026 -8.46517
v -4.77023 -17.8687 -7.65539
v -4.833 -18.0352 -7.04002
v -4.85883 -18.1433 -6.3214
v -4.79204 -17.9745 1.42338
v -4.77107 -17.4916 2.13897
v -5.23617 -17.3894 2.78699
v -4.80082 -16.2347 -9.7842
v -5.02809 -16.7808 -9.18812
v -4.78598 -16.794 2.87066
v -5.03217 -16.0771 3.55234
v -5.37015 -16.587 11.1172
v -5.01134 -16.1762 11.7684
v -4.9734 -16.2714 12.6831
v -5.13933 -16.3231 13.5091
v -5.24551 -16.0231 13.9394
v -5.29025 -14.6541 -10.686
v -5.03443 -15.4939 -10.2562
v -4.88306 -15.2304 3.66645
v -5.3904 -15.3421 4.11672
v -5.23648 -15.2002 10.4936
v -4.82273 -15.3147 11.2538
v -4.56496 -15.213 11.8781
v -4.4913 -15.2213 12.7649
v -4.66143 -15.0779 13.5457
v -5.19327 -15.1322 14.157
v -4.44437 -14.0589 -11.1871
v -4.70355 -14.0545 3.7802
v -5.15721 -13.9295 10.5856
v -4.65076 -14.0439 11.2065
v -4.41175 -14.3269 11.6547
v -4.54523 -13.8449 13.7437
v -5.02516 -13.8521 14.1519
v -4.62918 -13.0259 -11.552
v -4.94272 -12.957 3.91451
v -4.84684 -12.8011 11.1467
v -4.53439 -12.9415 13.7336
v -5.07575 -12.8685 14.1533
v -4.86163 -11.1296 -12.0458
v -4.78347 -11.9154 -11.8683
v -4.9288 -11.7468 3.95106
v -4.94349 -11.835 11.3988
v -4.65788 -11.5656 11.9824
v -4.47353 -11.4722 12.8457
v -4.63578 -11.8208 13.601
v -5.07692 -11.9112 14.0702
v -4.92078 -10.3161 -12.1978
v -4.96883 -10.3338 3.95547
v -5.44055 -10.7489 11.5568
v -5.08761 -10.6796 12.0918
v -5.106 -10.3157 12.5836
v -4.88898 -10.6582 13.2976
v -5.19597 -10.7013 13.8611
v -4.96049 -9.47992 -12.3234
v -4.98881 -9.32904 3.99935
v -5.34361 -9.88587 13.3734
v -4.98021 -8.1925 -12.4578
v -4.98729 -8.15478 4.06462
v -4.95904 -6.88453 -12.5367
v -4.95905 -6.88453 4.12045
v -4.91698 -6.00717 -12.5512
v -4.91699 -6.00719 4.13503
v -4.81163 -4.69709 -12.5149
v -4.81163 -4.69282 4.09219
v -4.66716 -3.40039 -12.4218
v -4.66716 -3.36625 3.95371
v -4.47853 -2.13171 -12.2601
v -5.41736 -1.71355 -11.9073
v -4.54687 -2.46452 3.77698
v -5.23035 -0.894401 -11.7623
v -5.32385 -1.12386 2.93452
v -4.41019 -1.54284 3.52148
v -4.91625 0.292474 -11.4963
v -5.02615 0.204916 2.47683
v -4.97755 1.43312 -11.027
v -5.39226 1.72123 1.37291
v -4.68939 1.43029 1.95824
v -5.09913 2.17807 -10.6439
v -4.80468 2.9172 -10.3916
v -5.10895 2.46172 1.02291
v -4.8449 3.69669 -9.95215
v -5.22491 3.87825 -0.145314
v -4.66216 3.53753 0.458884
v -4.67527 4.88158 -9.37863
v -5.12397 5.38459 -8.92139
v -4.54229 5.35405 -0.830792
v -4.8602 4.61452 -0.51269
v -5.15942 6.21616 -8.58962
v -4.91439 6.17063 -1.38346
v -5.17905 5.43601 -1.2025
v -4.56665 7.57685 -9.2331
v -5.09012 7.17138 -8.68913
v -5.11803 6.96145 -1.60133
v -4.8313 7.63084 -1.10743
v -4.38928 8.31069 -9.83096
v -4.98815 8.33128 -9.54641
v -4.99939 8.37954 -0.643218
v -4.40591 8.37848 -0.353206
v -4.893 9.74322 -10.8187
v -4.84187 9.04918 -10.2465
v -4.90769 9.1521 0.0686649
v -4.73908 9.91999 0.862487
v -4.89436 10.6986 -11.5447
v -5.05637 10.6735 1.4689
v -4.41633 10.7387 2.1325
v -5.23672 12.035 -12.1601
v -5.21265 11.4005 2.18268
v -5.02933 11.7383 2.89435
v -5.38255 13.191 -12.4849
v -5.43864 14.0745 -12.6261
v -5.37872 14.2535 3.74852
v -5.12308 15.408 3.52976
v -4.95681 15.0288 3.99911
v -4.6243 17.1953 3.15064
v -4.40194 16.3082 3.7129
v -4.39642 18.3408 -12.9042
v -4.92294 17.9401 2.84572
v -4.39617 19.515 -12.7578
v -4.91427 19.1036 2.58676
v -5.34895 20.6558 -12.287
v -4.4366 20.5722 2.36832
v -5.15235 21.6989 -12.0328
v -5.18523 21.6816 1.84
v -4.89549 22.6601 -11.7302
v -4.90372 22.6557 1.53737
v -4.60183 23.5365 -11.3872
v -5.36885 23.5366 -11.1013
v -5.38238 23.5297 0.908507
v -4.60184 23.5365 1.19441
v -5.02267 24.3053 -10.7513
v -5.01395 25.0878 -10.0824
v -5.27693 24.9619 -0.0927271
v -4.84708 24.6491 0.37453
v -4.37742 25.5453 -9.99993
v -4.72706 26.0345 -9.18256
v -5.01023 26.213 -8.64794
v -4.9759 26.5703 -7.87761
v -4.9759 26.5703 -2.31521
v -4.84073 26.3848 -1.65867
v -4.88514 25.9778 -1.01404
v -4.90736 25.522 -0.429215
v -4.3637 26.9002 -7.8163
v -4.76579 26.8599 -7.07324
v -4.84255 26.9185 -6.24808
v -4.87704 26.9271 -5.67592
v -4.88782 26.9256 -4.90325
v -4.84693 26.9158 -3.94475
v -4.67061 26.9256 -3.21857
v -4.71116 26.7793 -2.59957
v -3.91467 -18.2391 -7.04797
v -3.90941 -18.3534 -6.29809
v -3.90415 -18.4209 -5.44377
v -3.93323 -18.4596 -4.48803
v -4.06122 -18.4942 -3.33561
v -3.55732 -18.5612 -2.56219
v -4.12396 -18.5478 -1.4093
v -3.79109 -18.4659 -0.941592
v -3.5267 -18.322 -0.501566
v -3.80452 -17.1707 -9.16408
v -3.82646 -17.6704 -8.48686
v -3.88565 -18.0597 -7.69037
v -3.31341 -18.12 -0.0758131
v -4.06737 -18.0291 0.64585
v -3.80446 -17.3318 1.50701
v -3.99093 -16.0734 -10.1166
v -3.85005 -16.7704 -9.56794
v -3.78832 -16.7891 2.07169
v -3.86622 -16.314 2.50405
v -3.92416 -14.9012 -10.8702
v -3.55699 -15.5259 2.81821
v -4.26216 -15.1714 3.30646
v -4.31692 -14.7776 12.4746
v -3.38574 -14.0866 -11.3733
v -3.7678 -14.0744 3.48456
v -4.22697 -13.8112 12.0478
v -4.14768 -13.8014 12.7781
v -4.30201 -13.8338 13.3848
v -3.52547 -13.043 -11.7529
v -4.16271 -12.8754 3.8517
v -4.26976 -12.9875 11.9725
v -4.14095 -12.9206 12.8089
v -4.29107 -12.9166 13.3899
v -3.67216 -11.5301 -12.1732
v -3.61821 -11.7994 4.1069
v -4.25411 -12.2115 12.8224
v -3.74671 -10.3195 -12.4227
v -3.76199 -10.4245 4.27246
v -3.77683 -9.48159 -12.5527
v -3.79194 -9.36313 4.34412
v -3.79179 -8.19291 -12.6917
v -3.79556 -8.1633 4.41989
v -3.7757 -6.88453 -12.7732
v -3.7757 -6.88453 4.4803
v -3.74377 -6.00717 -12.7882
v -3.74377 -6.00719 4.49532
v -3.69555 -5.13203 -12.7731
v -3.63199 -4.26212 -12.7283
v -3.66377 -4.69235 4.45056
v -3.55409 -3.40039 -12.6545
v -3.5541 -3.36247 4.30388
v -3.41096 -2.13171 -12.4871
v -3.4628 -2.45503 4.11508
v -4.25839 -0.894401 -12.0452
v -4.25839 -0.622994 3.20721
v -3.35912 -1.52386 3.84069
v -4.00359 0.292474 -11.7662
v -4.09272 0.273147 2.85419
v -3.72487 1.43001 -11.4375
v -3.91446 1.12385 2.48243
v -3.81184 2.53238 -10.9259
v -4.32719 2.55269 1.41543
v -3.62553 2.27395 1.92242
v -3.81368 3.64291 -10.3784
v -3.81368 3.9559 0.620867
v -3.69699 3.30053 1.18266
v -3.69106 4.67624 -9.8722
v -3.92773 5.20894 -9.52969
v -3.821 5.10803 -0.282738
v -3.55092 4.65799 0.183928
v -4.04998 6.01684 -9.21506
v -4.05865 6.0901 -0.896465
v -3.42138 7.53943 -9.71863
v -4.03763 7.04599 -9.29157
v -4.04074 7.09629 -0.867591
v -3.42138 7.59368 -0.447327
v -3.74393 8.29863 -10.0648
v -3.76543 8.36743 -0.106363
v -3.70644 9.24629 -10.7909
v -3.82508 9.10823 0.484426
v -3.88851 9.88046 1.27616
v -3.92116 10.6371 -11.7831
v -3.65859 10.1334 1.94876
v -3.86018 10.5125 2.56222
v -4.12898 11.9393 -12.421
v -4.21058 13.0902 -12.7578
v -4.24675 13.9825 -12.9043
v -4.29668 15.4933 -13.0068
v -4.30942 15.7282 4.22348
v -4.36146 17.164 -12.9921
v -3.54556 16.8142 3.89804
v -3.4547 16.2578 4.4085
v -3.29709 18.3421 -13.1131
v -3.60461 17.3931 3.47646
v -3.31965 19.5166 -12.9628
v -3.29407 20.6473 -12.7522
v -4.33746 20.6465 -12.5527
v -4.19707 21.6952 -12.2891
v -4.23221 21.6596 2.09626
v -3.38967 20.8053 2.48935
v -3.99749 22.6607 -11.9741
v -4.00628 22.6518 1.78129
v -3.76121 23.5427 -11.6151
v -3.76121 23.5427 1.42223
v -3.51073 24.341 -11.2192
v -4.14634 24.6747 -10.8123
v -4.14634 24.6747 0.619484
v -3.51073 24.341 1.02635
v -3.60974 25.8893 -9.96999
v -3.76571 26.3536 -9.36003
v -4.30444 26.5699 -8.7064
v -4.30444 26.5699 -1.48643
v -3.75869 26.3616 -0.832794
v -3.85722 25.7842 -0.21286
v -3.94897 26.832 -8.44054
v -3.75221 27.1482 -7.79903
v -3.79666 27.2937 -7.02292
v -3.84427 27.3608 -6.21214
v -3.86791 27.372 -5.65676
v -3.87452 27.372 -4.90963
v -3.84427 27.3608 -3.98069
v -3.79666 27.2937 -3.1699
v -3.75222 27.1482 -2.3938
v -3.94898 26.832 -1.75229
v -2.96173 -18.2139 -7.73868
v -2.97114 -18.4068 -7.09618
v -2.95205 -18.5332 -6.35641
v -2.92157 -18.6075 -5.5356
v -2.89678 -18.6443 -4.64998
v -2.81132 -18.6558 -3.8029
v -2.59873 -18.6542 -3.09769
v -2.34301 -18.6189 -2.49643
v -3.05951 -18.5042 -1.72346
v -2.69331 -18.3235 -0.99875
v -2.91921 -17.2788 -9.25157
v -2.92981 -17.8022 -8.55014
v -2.45 -17.9985 -0.320923
v -2.61757 -17.478 0.618656
v -3.01466 -17.1882 1.20381
v -3.05301 -16.1422 -10.2507
v -2.95246 -16.8624 -9.674
v -2.68118 -16.7878 1.47738
v -2.78028 -16.3195 1.9531
v -2.7066 -15.0454 -10.991
v -2.5963 -15.7948 2.26877
v -2.84759 -15.1767 2.74038
v -2.29334 -14.1106 -11.5052
v -2.93047 -14.4851 3.11389
v -2.77624 -13.7532 3.41293
v -2.41633 -12.6947 -12.0166
v -2.3577 -13.4212 -11.7742
v -3.19062 -12.9451 3.77582
v -2.34002 -12.3105 4.03509
v -2.48561 -11.5368 -12.327
v -2.45918 -11.5831 4.25726
v -2.53571 -10.3224 -12.5828
v -2.53447 -10.5095 4.44208
v -2.55596 -9.48306 -12.7161
v -2.56312 -9.39607 4.55274
v -2.56602 -8.19329 -12.8584
v -2.5678 -8.17154 4.64413
v -2.55519 -6.88453 -12.9418
v -2.55519 -6.88453 4.71051
v -2.53372 -6.00717 -12.9571
v -2.53373 -6.00719 4.72585
v -2.47991 -4.69709 -12.9187
v -2.47992 -4.69211 4.67986
v -2.40617 -3.40039 -12.8202
v -2.40618 -3.36057 4.52838
v -2.30996 -2.1317 -12.6487
v -2.34482 -2.45031 4.33276
v -3.24398 -0.894401 -12.2645
v -3.24398 -0.592845 3.50404
v -2.27511 -1.51439 4.04793
v -3.11837 -0.0954249 -12.0802
v -2.98328 0.680372 -11.8697
v -3.11838 0.314117 3.12843
v -2.83967 1.43001 -11.6337
v -2.98329 1.17312 2.73715
v -2.68918 2.16557 -11.3704
v -2.53356 2.89918 -11.0784
v -2.76442 2.32686 2.15905
v -2.74245 3.64291 -10.6739
v -3.11042 4.02702 0.909811
v -2.45402 3.73018 1.33802
v -2.61094 4.66892 -10.1981
v -2.72145 5.40832 0.0204769
v -2.55569 4.73161 0.541023
v -2.62013 5.97534 -9.73693
v -3.20662 5.97637 -9.56387
v -2.91338 6.10281 -0.392806
v -2.71491 7.14698 -9.79544
v -3.22031 6.76235 -9.52906
v -3.22031 6.83374 -0.596589
v -2.71492 7.19838 -0.339673
v -2.69744 8.28115 -10.3201
v -3.07903 8.31445 0.0893459
v -2.47551 8.51496 0.481567
v -2.76451 9.66427 -11.3356
v -2.56007 8.9901 -10.8512
v -2.78988 9.35916 1.32112
v -2.79117 9.63192 1.89732
v -2.70261 9.75228 2.45358
v -2.99678 10.8953 -12.1535
v -2.90552 10.2861 -11.7706
v -3.08492 12.2334 -12.7523
v -3.05201 11.5311 -12.4816
v -3.10921 13.0414 -12.9628
v -3.13127 13.9468 -13.1131
v -3.17591 15.4784 -13.2184
v -3.24807 17.1623 -13.2034
v -2.48091 16.8512 4.29814
v -2.20914 18.3613 -13.2569
v -2.4743 17.9556 3.46713
v -2.23503 19.5294 -13.1039
v -2.22676 20.6537 -12.8895
v -2.36936 20.6314 2.69967
v -3.19864 21.6955 -12.4815
v -2.73407 21.6736 2.3549
v -3.05239 22.6617 -12.1574
v -3.06443 22.6533 1.96455
v -2.87439 23.5464 -11.7867
v -2.8744 23.5464 1.59386
v -2.6837 24.3503 -11.3762
v -2.88394 25.0643 -10.8632
v -2.88395 25.0643 0.670405
v -2.6837 24.3503 1.18338
v -2.32926 25.7116 -10.4619
v -2.94967 25.9493 -10.1069
v -2.94967 25.9493 -0.0859766
v -2.32926 25.7116 0.269041
v -2.70304 26.6584 -9.38178
v -2.87952 27.0777 -8.59441
v -2.83356 27.3853 -7.82659
v -2.84489 27.5426 -7.02787
v -2.87031 27.6152 -6.20881
v -2.88624 27.6273 -5.65407
v -2.89117 27.6273 -4.91053
v -2.8703 27.6152 -3.98401
v -2.84488 27.5426 -3.16496
v -2.83356 27.3853 -2.36624
v -2.9709 27.1028 -1.69359
v -2.6542 26.8303 -1.06198
v -2.0083 -18.3281 -7.78845
v -2.00868 -18.5332 -7.16102
v -1.98875 -18.6733 -6.45335
v -1.95187 -18.7586 -5.69584
v -1.90141 -18.7991 -4.91886
v -1.81984 -18.8042 -4.17457
v -1.615 -18.7549 -3.21835
v -1.40125 -18.6244 -2.37491
v -1.63666 -18.4122 -1.66149
v -1.81372 -18.1831 -0.987002
v -1.98867 -17.3611 -9.31746
v -1.99295 -17.9002 -8.60115
v -1.68701 -17.772 -0.277354
v -1.64774 -17.2566 0.443259
v -2.10084 -15.9367 -10.5361
v -2.02981 -16.6962 -9.95512
v -1.57885 -16.6246 1.13067
v -1.60263 -15.8648 1.84035
v -1.14513 -14.783 -11.2827
v -2.16138 -15.3702 -10.8863
v -1.43751 -15.2802 2.24585
v -2.1379 -15.2239 2.47585
v -1.17841 -14.1276 -11.5836
v -1.64415 -14.5913 2.7743
v -1.88188 -13.8486 3.26767
v -1.24014 -12.7035 -12.1036
v -1.21068 -13.4338 -11.8572
v -2.13072 -13.0769 3.69658
v -1.18495 -12.4266 4.00468
v -1.27494 -11.5416 -12.4189
v -1.24891 -11.6872 4.27198
v -1.30012 -10.3245 -12.6786
v -1.29607 -10.574 4.51123
v -1.31031 -9.48409 -12.8138
v -1.313 -9.4212 4.65449
v -1.31534 -8.19354 -12.9582
v -1.31648 -8.60242 4.72979
v -1.31557 -7.75323 4.79083
v -1.3099 -6.88453 -13.0427
v -1.30991 -6.88453 4.83196
v -1.29911 -6.00717 -13.0582
v -1.29911 -6.00719 4.84749
v -1.27207 -4.69709 -13.0192
v -1.27207 -4.69203 4.80084
v -1.23501 -3.40039 -12.9194
v -1.23501 -3.35993 4.64714
v -1.20418 -2.54988 -12.8131
v -1.16915 -1.71353 -12.6776
v -1.20418 -2.44872 4.44856
v -2.19775 -0.894401 -12.4204
v -2.19775 -0.577759 3.69882
v -1.16916 -1.51122 4.15934
v -2.06801 0.292474 -12.1233
v -2.11338 0.33459 3.31038
v -1.92619 1.43001 -11.7727
v -2.02264 1.19776 2.90755
v -1.8252 2.16557 -11.5022
v -1.72076 2.89918 -11.2022
v -1.82519 2.71985 2.11903
v -1.9262 1.98677 2.51527
v -1.61401 3.64291 -10.8711
v -1.61401 4.09106 1.25656
v -1.72076 3.4152 1.7043
v -1.50609 4.40887 -10.5073
v -1.74853 5.18836 -10.1316
v -1.50608 4.76559 0.761304
v -1.6849 5.97264 -9.91403
v -1.6849 6.1095 -0.0910021
v -1.74853 5.43335 0.245223
v -1.74629 7.13687 -9.96994
v -1.74628 7.12423 -0.157161
v -1.58994 8.25835 -10.4863
v -1.66356 8.3136 0.562164
v -1.87077 9.63712 -11.4478
v -1.73787 8.96853 -10.9552
v -1.84877 9.00778 1.36813
v -1.85773 9.31212 2.18103
v -2.00936 10.8622 -12.28
v -1.95768 10.2548 -11.8903
v -2.05015 12.2082 -12.8895
v -2.03659 11.4998 -12.614
v -2.06078 13.0279 -13.1038
v -2.07308 13.9473 -13.2569
v -2.09161 14.9545 -13.3487
v -2.14327 16.6116 -13.3641
v -1.27428 16.873 4.62632
v -1.33735 17.9742 3.56936
v -1.33691 17.2136 4.13628
v -1.14498 19.5443 -13.1852
v -1.70798 18.949 3.15436
v -1.14348 20.6611 -12.9687
v -1.67856 19.7754 2.95677
v -2.16782 21.698 -12.6139
v -1.17616 21.248 2.63674
v -2.07196 22.6628 -12.2836
v -2.08535 22.6597 2.0908
v -1.95292 23.5483 -11.9053
v -1.95293 23.5483 1.71243
v -1.82444 24.3549 -11.4854
v -1.70025 25.0829 -11.0307
v -1.70025 25.0829 0.837904
v -1.82444 24.3549 1.29259
v -1.58543 25.7266 -10.5475
v -1.83318 26.2697 -10.0055
v -1.83318 26.2696 -0.187287
v -1.58543 25.7266 0.354644
v -1.69975 26.9016 -9.22755
v -1.6234 27.3441 -8.43025
v -1.60142 27.5338 -7.88767
v -1.59541 27.6983 -7.06049
v -1.60379 27.7742 -6.22312
v -1.61165 27.7869 -5.6605
v -1.61438 27.7869 -4.90839
v -1.60379 27.7742 -3.96971
v -1.69891 27.7048 -3.22845
v -1.49592 27.5821 -2.48477
v -1.62339 27.3441 -1.76258
v -1.69975 26.9016 -0.965279
v -1.03518 -18.3992 -7.8278
v -1.03361 -18.6131 -7.21883
v -0.537143 -18.7815 -6.56842
v -0.998075 -18.8612 -5.83858
v -0.938577 -18.9129 -4.78247
v -0.852885 -18.8891 -3.80503
v -0.41868 -18.8448 -3.27284
v -0.685525 -18.631 -2.39632
v -0.606863 -18.3353 -1.61692
v -1.02799 -17.4136 -9.35912
v -0.703798 -17.9132 -8.72421
v -0.575266 -17.8962 -0.817905
v -0.869268 -17.4134 -0.0579551
v -1.08293 -15.9706 -10.5976
v -1.04821 -16.7395 -10.0068
v -0.837991 -16.9256 0.544578
v -0.633212 -16.2012 1.2561
v -0.582747 -15.4035 -10.9652
v -0.743323 -15.328 2.0823
v -0.452127 -14.6687 2.60589
v -0.0528029 -14.1345 -11.6094
v -0.971147 -13.9315 3.15737
v -1.08735 -13.1819 3.62368
v -0.0528029 -11.9414 -12.3528
v -0.0528019 -11.7301 4.26292
v -0.0528029 -10.3255 -12.7104
v -0.0528019 -9.43166 4.67865
v -0.0528019 -5.13189 4.86525
v -0.0528019 -2.44852 4.48091
v -1.1303 -0.894401 -12.5136
v -1.1303 -0.572738 3.80496
v -0.727682 0.163121 -12.2584
v -1.08791 0.3414 3.41089
v -0.993925 1.43001 -11.8555
v -0.547574 1.20606 3.01689
v -0.917012 2.53238 -11.428
v -0.498009 2.72875 2.21765
v -0.993925 1.99562 2.60559
v -0.837209 3.64291 -10.9391
v -0.837209 4.09816 1.33214
v -0.890777 3.4234 1.78536
v -0.417929 4.40871 -10.58
v -0.738228 5.18774 -10.2377
v -0.783044 4.77125 0.830177
v -0.712699 5.97011 -10.0132
v -0.382747 6.09156 0.0243679
v -0.738222 5.43817 0.363422
v -0.737819 7.1274 -10.067
v -0.509481 6.93776 -0.0756955
v -0.825442 8.24601 -10.542
v -0.588694 8.2288 0.699196
v -0.941927 8.78275 1.4048
v -0.964608 9.61788 -11.5125
v -0.899163 8.95204 -11.0152
v -0.960584 9.00452 1.93676
v -0.503801 9.07884 2.46061
v -1.02903 10.8445 -12.3529
v -1.00592 10.2351 -11.9594
v -0.548412 12.2038 -12.9811
v -0.546282 11.4858 -12.7023
v -1.04768 13.0331 -13.1852
v -1.0531 13.9636 -13.3398
v -1.06268 14.9801 -13.4326
v -0.565793 16.0771 -13.4768
v -0.0528019 16.9525 4.6523
v -1.10376 17.2143 -13.4326
v -0.0534329 18.2686 3.44568
v -0.0642479 17.2354 4.16234
v -0.411462 18.7774 -13.3057
v -0.0528019 18.5115 3.37301
v -1.11542 21.701 -12.6903
v -0.0533379 21.2973 2.661
v -0.560391 22.6638 -12.368
v -1.07629 22.6705 2.16365
v -0.530577 23.5488 -11.9848
v -1.00835 23.5489 1.78106
v -0.498259 24.3564 -11.5594
v -0.881223 25.086 -11.0887
v -0.467018 25.0861 0.905281
v -0.943698 24.3565 1.35628
v -0.823379 25.7316 -10.5992
v -0.772642 26.2872 -10.0872
v -0.772641 26.2872 -0.105603
v -0.823384 25.7316 0.406387
v -0.495546 26.9848 -9.2053
v -0.683365 27.372 -8.47646
v -0.672589 27.5635 -7.9239
v -0.668081 27.7294 -7.08389
v -0.361621 27.806 -6.23754
v -0.67342 27.8188 -5.66662
v -0.674503 27.8188 -4.90635
v -0.670439 27.806 -3.95718
v -0.668038 27.7677 -3.39051
v -0.670356 27.6273 -2.54815
v -0.683364 27.372 -1.71636
v -0.495544 26.9849 -0.987688
v 0.438396 -18.4116 -7.83622
v 0.437611 -18.6273 -7.23232
v 0.431546 -18.8326 -6.22564
v 0.183529 -18.9304 -5.37041
v 0.537725 -18.9297 -4.70281
v 0.347245 -18.9126 -3.86143
v 0.678958 -18.8224 -3.21579
v 0.263567 -18.6507 -2.45044
v 0.224234 -18.3523 -1.66702
v -0.0527969 -16.9975 -9.81692
v 0.434793 -17.4231 -9.36644
v 0.5982 -18.0236 -8.55508
v 0.469671 -17.9773 -0.945936
v 0.530396 -17.4087 -0.0910177
v 0.462265 -15.9771 -10.6079
v 0.61081 -16.6643 -10.0817
v 0.395883 -16.876 0.543425
v 0.334149 -16.1176 1.32372
v -0.0527909 -14.7919 -11.3067
v 1.00709 -15.398 -10.9541
v 0.292464 -15.3388 2.04982
v 0.745859 -14.6541 2.63412
v 0.406379 -13.9506 3.13423
v -0.0527969 -12.7071 -12.1323
v -0.0527969 -13.4389 -11.8845
v 0.464472 -13.2046 3.60632
v -0.0527969 -12.4748 3.98243
v -0.0527969 -11.1459 -12.5457
v -0.0527969 -10.601 4.52071
v -0.0527969 -9.48466 -12.8463
v -0.0527969 -8.19384 -12.9913
v -0.0527969 -8.18031 4.79138
v -0.0527969 -6.88469 -13.0762
v -0.0527909 -6.88428 4.86547
v -0.0527969 -6.00733 -13.0918
v -0.0527969 -6.00701 4.88106
v -0.0527969 -4.69728 -13.0526
v -0.0527969 -4.25183 4.80319
v -0.0527969 -3.40055 -12.9523
v -0.0527969 -3.35967 4.68001
v -0.0527919 -2.55004 -12.8455
v -0.0527969 -1.71378 -12.7094
v 0.485952 -0.894481 -12.5291
v 0.485952 -0.572646 3.82036
v -0.0527969 -1.51102 4.191
v 0.622093 0.42172 -12.1848
v 0.464759 0.341572 3.42575
v 0.417764 1.42988 -11.8692
v 0.936747 1.20597 3.0026
v 0.379306 2.53228 -11.4405
v 0.837623 2.72865 2.20484
v 0.417768 1.99571 2.61918
v 0.339409 3.6428 -10.9503
v 0.33941 4.09827 1.34317
v 0.366199 3.42355 1.79728
v 0.677445 4.40887 -10.5698
v 0.289922 5.18753 -10.2471
v 0.312324 4.77135 0.840249
v 0.277151 5.96963 -10.0218
v 0.6071 6.09442 0.0158109
v 0.289919 5.43751 0.372631
v 0.289711 7.12593 -10.0753
v 0.403878 7.13988 -0.0280915
v 0.204753 8.4771 -10.7119
v 0.483095 8.0728 0.536216
v 0.391769 8.74236 1.41274
v -0.0527909 8.91568 1.94925
v 0.4031 9.61396 -11.5227
v 0.793575 8.95204 -11.0152
v 0.854979 9.00452 1.93676
v 0.849201 9.12489 2.45645
v 0.272611 10.6373 -12.2366
v 0.900327 10.2351 -11.9594
v 0.938426 12.2028 -12.9687
v 0.934162 11.4868 -12.6903
v 0.444643 13.0366 -13.198
v 0.447363 13.9696 -13.3529
v 0.452146 14.988 -13.4458
v 0.973183 16.0684 -13.4635
v 0.472688 17.2221 -13.4459
v -0.0527969 17.659 3.74456
v -0.0461219 17.2359 4.16129
v 1.02319 18.3841 -13.3399
v -0.0527969 19.0303 3.2176
v -0.0527919 20.6649 -12.9938
v -0.0527969 20.1677 2.9555
v 0.478511 21.7016 -12.7024
v 0.962385 22.6637 -12.3565
v 0.288383 22.7929 2.12764
v 0.902763 23.5489 -11.9739
v 0.424984 23.5491 1.7919
v 0.83811 24.3565 -11.5491
v 0.361416 25.0859 -11.0983
v 0.775635 25.086 0.89587
v 0.39266 24.3566 1.36645
v 0.332497 25.7315 -10.608
v 0.307128 26.2871 -10.0952
v 0.307128 26.2873 -0.0978611
v 0.332497 25.7317 0.415001
v 0.389943 26.8657 -9.38493
v 0.26249 27.372 -8.48188
v 0.257099 27.5634 -7.92845
v 0.254848 27.7294 -7.08714
v 0.564851 27.806 -6.23565
v 0.257512 27.8188 -5.66762
v 0.258056 27.8188 -4.90617
v 0.25603 27.806 -3.9555
v 0.254827 27.7677 -3.38793
v 0.25598 27.6273 -2.54427
v 0.262487 27.3721 -1.71115
v 0.389947 26.8658 -0.808014
v 1.9027 -18.3281 -7.78845
v 1.90309 -18.5332 -7.16102
v 1.88316 -18.6733 -6.45335
v 1.84628 -18.7586 -5.69584
v 1.79582 -18.7991 -4.91886
v 1.71425 -18.8042 -4.17457
v 1.5094 -18.7549 -3.21835
v 1.29565 -18.6244 -2.37491
v 1.53106 -18.4122 -1.66149
v 1.70813 -18.1831 -0.987003
v 1.88309 -17.3611 -9.31746
v 1.88735 -17.9002 -8.60115
v 1.58141 -17.772 -0.277354
v 1.54215 -17.2566 0.443257
v 1.99524 -15.9367 -10.5361
v 1.92421 -16.6962 -9.95512
v 1.47326 -16.6246 1.13067
v 1.49703 -15.8648 1.84035
v 1.03954 -14.783 -11.2827
v 2.05578 -15.3702 -10.8863
v 1.33192 -15.2802 2.24585
v 2.03231 -15.2239 2.47585
v 1.07281 -14.1276 -11.5836
v 1.53855 -14.5913 2.7743
v 1.77629 -13.8486 3.26767
v 1.13455 -12.7035 -12.1036
v 1.10508 -13.4338 -11.8572
v 2.02512 -13.0769 3.69658
v 1.07935 -12.4266 4.00468
v 1.16935 -11.5416 -12.4189
v 1.14331 -11.6872 4.27198
v 1.19452 -10.3245 -12.6786
v 1.19048 -10.574 4.51123
v 1.2047 -9.48409 -12.8138
v 1.2074 -9.4212 4.65449
v 1.20975 -8.19354 -12.9582
v 1.21088 -8.60242 4.72978
v 1.20997 -7.75323 4.79083
v 1.2043 -6.88453 -13.0427
v 1.20431 -6.88453 4.83196
v 1.19352 -6.00717 -13.0582
v 1.19352 -6.00719 4.84748
v 1.16647 -4.69709 -13.0192
v 1.16647 -4.69203 4.80084
v 1.12941 -3.40039 -12.9194
v 1.12941 -3.35993 4.64714
v 1.09858 -2.54988 -12.8131
v 1.06357 -1.71355 -12.6776
v 1.09858 -2.44872 4.44856
v 2.09216 -0.894401 -12.4204
v 2.09216 -0.577759 3.69882
v 1.06356 -1.51122 4.15934
v 1.96241 0.292474 -12.1233
v 2.00778 0.33459 3.31038
v 1.82061 1.43001 -11.7727
v 1.91705 1.19776 2.90755
v 1.71961 2.16557 -11.5022
v 1.61517 2.89918 -11.2022
v 1.71961 2.71985 2.11903
v 1.82061 1.98677 2.51527
v 1.50842 3.64291 -10.8711
v 1.50841 4.09106 1.25656
v 1.61516 3.4152 1.7043
v 1.40048 4.40887 -10.5073
v 1.64293 5.18834 -10.1316
v 1.40049 4.76559 0.761305
v 1.57931 5.97264 -9.91403
v 1.57931 6.1095 -0.0910021
v 1.64293 5.43335 0.245223
v 1.64069 7.13687 -9.96994
v 1.64069 7.12423 -0.157161
v 1.48434 8.25835 -10.4863
v 1.55796 8.31361 0.562164
v 1.76517 9.63712 -11.4478
v 1.63227 8.96853 -10.9552
v 1.74317 9.00778 1.36813
v 1.75213 9.31212 2.18104
v 1.90377 10.8622 -12.28
v 1.85208 10.2548 -11.8903
v 1.94456 12.2082 -12.8895
v 1.93099 11.4998 -12.614
v 1.9552 13.0279 -13.1038
v 1.9675 13.9473 -13.2569
v 1.98602 14.9545 -13.3487
v 2.03768 16.6115 -13.3641
v 1.16869 16.873 4.62632
v 1.23176 17.9742 3.56936
v 1.23132 17.2136 4.13628
v 1.03938 19.5443 -13.1852
v 1.60239 18.949 3.15436
v 1.03789 20.6611 -12.9687
v 1.57297 19.7754 2.95677
v 2.06223 21.698 -12.6139
v 1.07057 21.248 2.63674
v 1.96637 22.6628 -12.2836
v 1.97976 22.6597 2.0908
v 1.84733 23.5483 -11.9053
v 1.84732 23.5483 1.71243
v 1.71885 24.3549 -11.4854
v 1.59466 25.0829 -11.0307
v 1.59466 25.0829 0.837905
v 1.71885 24.3549 1.29259
v 1.47983 25.7266 -10.5475
v 1.72759 26.2697 -10.0055
v 1.72759 26.2696 -0.187287
v 1.47983 25.7266 0.354646
v 1.59415 26.9016 -9.22755
v 1.5178 27.3441 -8.43025
v 1.49582 27.5338 -7.88767
v 1.48982 27.6983 -7.06049
v 1.4982 27.7742 -6.22312
v 1.50605 27.7869 -5.6605
v 1.50877 27.7869 -4.90839
v 1.49821 27.7742 -3.96971
v 1.59331 27.7048 -3.22845
v 1.39033 27.5821 -2.48477
v 1.5178 27.3441 -1.76258
v 1.59416 26.9016 -0.96528
v 2.85614 -18.2139 -7.73868
v 2.86555 -18.4068 -7.09619
v 2.84645 -18.5332 -6.35641
v 2.81597 -18.6075 -5.5356
v 2.79121 -18.6443 -4.64998
v 2.70572 -18.6558 -3.8029
v 2.49314 -18.6542 -3.09769
v 2.2374 -18.6189 -2.49643
v 2.95391 -18.5042 -1.72346
v 2.58771 -18.3235 -0.998752
v 2.81362 -17.2788 -9.25156
v 2.82421 -17.8022 -8.55014
v 2.3444 -17.9985 -0.320924
v 2.51198 -17.478 0.618655
v 2.90908 -17.1882 1.2038
v 2.94741 -16.1422 -10.2507
v 2.84688 -16.8624 -9.674
v 2.57559 -16.7878 1.47738
v 2.67469 -16.3195 1.9531
v 2.60101 -15.0454 -10.991
v 2.49071 -15.7948 2.26877
v 2.74199 -15.1767 2.74038
v 2.18774 -14.1106 -11.5052
v 2.82487 -14.4851 3.11389
v 2.67065 -13.7532 3.41293
v 2.31075 -12.6947 -12.0166
v 2.25212 -13.4212 -11.7742
v 3.08501 -12.9451 3.77583
v 2.23442 -12.3105 4.03509
v 2.38003 -11.5368 -12.327
v 2.35359 -11.5831 4.25726
v 2.43011 -10.3224 -12.5828
v 2.42889 -10.5095 4.44208
v 2.45039 -9.48306 -12.7161
v 2.45753 -9.39607 4.55274
v 2.46042 -8.19328 -12.8584
v 2.46221 -8.17153 4.64413
v 2.4496 -6.88453 -12.9418
v 2.4496 -6.88453 4.71051
v 2.42813 -6.00717 -12.9571
v 2.42813 -6.00719 4.72585
v 2.37433 -4.69709 -12.9187
v 2.37432 -4.69211 4.67986
v 2.30058 -3.40039 -12.8202
v 2.30057 -3.36057 4.52838
v 2.20437 -2.1317 -12.6487
v 2.23922 -2.45031 4.33276
v 3.13839 -0.894401 -12.2645
v 3.13839 -0.592845 3.50404
v 2.16953 -1.51439 4.04793
v 3.01279 -0.0954249 -12.0802
v 2.87769 0.680372 -11.8697
v 3.01279 0.314117 3.12843
v 2.73407 1.43001 -11.6337
v 2.87769 1.17312 2.73715
v 2.5836 2.16557 -11.3704
v 2.42797 2.89918 -11.0784
v 2.65883 2.32686 2.15905
v 2.63685 3.64291 -10.6739
v 3.00482 4.02702 0.90981
v 2.34843 3.73018 1.33802
v 2.50535 4.66892 -10.1981
v 2.61587 5.40832 0.0204769
v 2.4501 4.73161 0.541023
v 2.51453 5.97534 -9.73693
v 3.10103 5.97637 -9.56387
v 2.80778 6.10281 -0.392806
v 2.60933 7.14698 -9.79544
v 3.11472 6.76235 -9.52906
v 3.11472 6.83372 -0.59659
v 2.60933 7.19838 -0.339674
v 2.59185 8.28116 -10.3201
v 2.97344 8.31445 0.0893459
v 2.36991 8.51496 0.481568
v 2.65892 9.66427 -11.3356
v 2.45448 8.9901 -10.8512
v 2.68429 9.35916 1.32113
v 2.68558 9.63192 1.89732
v 2.59702 9.75228 2.45358
v 2.89118 10.8953 -12.1535
v 2.79992 10.2861 -11.7706
v 2.97931 12.2334 -12.7523
v 2.94641 11.5311 -12.4816
v 3.00361 13.0414 -12.9628
v 3.02568 13.9468 -13.1131
v 3.07031 15.4784 -13.2184
v 3.14248 17.1623 -13.2034
v 2.37532 16.8512 4.29814
v 2.10356 18.3613 -13.2569
v 2.3687 17.9556 3.46713
v 2.12944 19.5294 -13.1039
v 2.12116 20.6537 -12.8895
v 2.26376 20.6314 2.69967
v 3.09304 21.6955 -12.4815
v 2.62848 21.6736 2.3549
v 2.94679 22.6617 -12.1574
v 2.95883 22.6533 1.96455
v 2.7688 23.5464 -11.7867
v 2.7688 23.5464 1.59386
v 2.5781 24.3503 -11.3762
v 2.77835 25.0643 -10.8632
v 2.77835 25.0643 0.670404
v 2.57811 24.3503 1.18338
v 2.22366 25.7116 -10.4619
v 2.84407 25.9493 -10.1069
v 2.84407 25.9493 -0.0859766
v 2.22366 25.7116 0.269041
v 2.59746 26.6584 -9.38178
v 2.77392 27.0776 -8.59441
v 2.72797 27.3853 -7.82659
v 2.73929 27.5426 -7.02787
v 2.76471 27.6152 -6.20881
v 2.78065 27.6273 -5.65407
v 2.78557 27.6273 -4.91053
v 2.76471 27.6152 -3.98402
v 2.73929 27.5426 -3.16496
v 2.72796 27.3853 -2.36624
v 2.86531 27.1028 -1.69359
v 2.5486 26.8303 -1.06198
v 3.80909 -18.2391 -7.04797
v 3.80381 -18.3534 -6.29809
v 3.79855 -18.4209 -5.44377
v 3.82765 -18.4596 -4.48803
v 3.95562 -18.4942 -3.3356
v 3.45172 -18.5612 -2.56219
v 4.01836 -18.5478 -1.4093
v 3.68548 -18.4659 -0.941594
v 3.4211 -18.322 -0.501567
v 3.69894 -17.1707 -9.16408
v 3.72086 -17.6704 -8.48687
v 3.78007 -18.0597 -7.69037
v 3.2078 -18.12 -0.0758131
v 3.96178 -18.0291 0.645848
v 3.69887 -17.3318 1.50701
v 3.88534 -16.0734 -10.1166
v 3.74444 -16.7704 -9.56794
v 3.68274 -16.7891 2.07169
v 3.76063 -16.314 2.50405
v 3.81856 -14.9012 -10.8702
v 3.4514 -15.5259 2.81821
v 4.15656 -15.1714 3.30646
v 4.21134 -14.7776 12.4746
v 3.28015 -14.0866 -11.3733
v 3.6622 -14.0744 3.48456
v 4.12138 -13.8112 12.0478
v 4.04209 -13.8014 12.7781
v 4.19641 -13.8338 13.3848
v 3.41988 -13.043 -11.7529
v 4.05712 -12.8754 3.8517
v 4.16417 -12.9875 11.9725
v 4.03536 -12.9206 12.8089
v 4.18548 -12.9166 13.3899
v 3.56657 -11.5301 -12.1732
v 3.51262 -11.7994 4.1069
v 4.14853 -12.2115 12.8224
v 3.6411 -10.3195 -12.4227
v 3.65639 -10.4245 4.27246
v 3.67123 -9.48159 -12.5527
v 3.68636 -9.36313 4.34412
v 3.68619 -8.19291 -12.6917
v 3.68997 -8.1633 4.41989
v 3.6701 -6.88453 -12.7732
v 3.67011 -6.88453 4.4803
v 3.63818 -6.00717 -12.7882
v 3.63818 -6.00719 4.49532
v 3.58995 -5.13203 -12.7731
v 3.52641 -4.26212 -12.7283
v 3.55817 -4.69235 4.45056
v 3.44849 -3.40039 -12.6545
v 3.4485 -3.36247 4.30388
v 3.30537 -2.13171 -12.4871
v 3.35722 -2.45503 4.11507
v 4.15278 -0.894401 -12.0452
v 4.1528 -0.622994 3.20721
v 3.25353 -1.52386 3.84069
v 3.898 0.292474 -11.7662
v 3.98714 0.273147 2.85419
v 3.61928 1.43001 -11.4375
v 3.80887 1.12385 2.48243
v 3.70624 2.53238 -10.9259
v 4.22159 2.55269 1.41542
v 3.51994 2.27395 1.92242
v 3.70808 3.64291 -10.3784
v 3.70808 3.9559 0.620868
v 3.5914 3.30053 1.18266
v 3.58546 4.67624 -9.8722
v 3.82214 5.20894 -9.5297
v 3.7154 5.10803 -0.282737
v 3.44533 4.65799 0.183928
v 3.94438 6.01684 -9.21506
v 3.95305 6.0901 -0.896465
v 3.31578 7.53943 -9.71863
v 3.93202 7.04599 -9.29157
v 3.93515 7.09629 -0.867591
v 3.31578 7.59368 -0.447328
v 3.63833 8.29863 -10.0648
v 3.65983 8.36741 -0.106363
v 3.60084 9.24629 -10.7909
v 3.71948 9.10822 0.484425
v 3.78291 9.88046 1.27616
v 3.81557 10.6371 -11.7831
v 3.55299 10.1334 1.94876
v 3.75459 10.5125 2.56222
v 4.02338 11.9393 -12.421
v 4.10499 13.0902 -12.7578
v 4.14115 13.9825 -12.9043
v 4.19109 15.4933 -13.0068
v 4.20382 15.7282 4.22348
v 4.25587 17.164 -12.9921
v 3.43997 16.8142 3.89804
v 3.34911 16.2578 4.4085
v 3.19148 18.3421 -13.1131
v 3.49901 17.3931 3.47645
v 3.21406 19.5166 -12.9628
v 3.18848 20.6473 -12.7522
v 4.23186 20.6465 -12.5527
v 4.09148 21.6952 -12.2891
v 4.12661 21.6596 2.09626
v 3.28408 20.8053 2.48936
v 3.89191 22.6607 -11.9741
v 3.90068 22.6518 1.78128
v 3.65562 23.5427 -11.6151
v 3.65563 23.5427 1.42223
v 3.40513 24.341 -11.2192
v 4.04073 24.6747 -10.8123
v 4.04074 24.6747 0.619485
v 3.40515 24.341 1.02635
v 3.50415 25.8893 -9.96999
v 3.66011 26.3536 -9.36004
v 4.19884 26.5699 -8.7064
v 4.19884 26.5699 -1.48643
v 3.65309 26.3616 -0.832794
v 3.75162 25.7842 -0.21286
v 3.84338 26.832 -8.44054
v 3.64661 27.1482 -7.79903
v 3.69107 27.2937 -7.02293
v 3.73867 27.3608 -6.21214
v 3.76232 27.372 -5.65676
v 3.76893 27.372 -4.90963
v 3.73867 27.3608 -3.98069
v 3.69107 27.2937 -3.1699
v 3.64663 27.1482 -2.3938
v 3.84338 26.832 -1.75229
v 4.79099 -18.2118 -5.50626
v 4.88956 -18.2595 -4.60136
v 5.19689 -18.3071 -3.6794
v 5.02391 -18.5085 -2.40653
v 4.43711 -18.564 -1.9181
v 4.96513 -18.6063 -0.770071
v 4.44913 -18.4443 -0.148589
v 5.17832 -18.4555 0.703498
v 4.90412 -18.2436 1.06544
v 4.52395 -17.0407 -9.05766
v 4.80637 -17.4026 -8.46517
v 4.66463 -17.8687 -7.65539
v 4.7274 -18.0352 -7.04002
v 4.75324 -18.1433 -6.3214
v 4.68645 -17.9745 1.42338
v 4.66548 -17.4916 2.13897
v 5.13058 -17.3894 2.78699
v 4.69523 -16.2347 -9.7842
v 4.92249 -16.7808 -9.18812
v 4.68038 -16.794 2.87066
v 4.92658 -16.0771 3.55234
v 5.26456 -16.587 11.1172
v 4.90575 -16.1762 11.7684
v 4.86782 -16.2714 12.6831
v 5.03374 -16.3231 13.5091
v 5.1399 -16.0231 13.9393
v 5.18466 -14.6541 -10.686
v 4.92883 -15.4939 -10.2562
v 4.77747 -15.2304 3.66646
v 5.28481 -15.3421 4.11672
v 5.13089 -15.2002 10.4936
v 4.71713 -15.3147 11.2538
v 4.45937 -15.213 11.8781
v 4.3857 -15.2213 12.7649
v 4.55584 -15.0779 13.5457
v 5.08767 -15.1322 14.157
v 4.33877 -14.0589 -11.1871
v 4.59796 -14.0545 3.7802
v 5.05161 -13.9295 10.5856
v 4.54516 -14.0439 11.2065
v 4.30616 -14.3269 11.6547
v 4.43963 -13.8449 13.7437
v 4.91957 -13.8521 14.1519
v 4.52359 -13.0259 -11.552
v 4.83713 -12.957 3.91451
v 4.74125 -12.8011 11.1467
v 4.42881 -12.9415 13.7336
v 4.97016 -12.8685 14.1533
v 4.75603 -11.1296 -12.0458
v 4.67788 -11.9154 -11.8683
v 4.82321 -11.7468 3.95106
v 4.8379 -11.835 11.3988
v 4.55229 -11.5656 11.9824
v 4.36794 -11.4722 12.8457
v 4.5302 -11.8208 13.601
v 4.97132 -11.9112 14.0702
v 4.8152 -10.3162 -12.1978
v 4.86324 -10.3338 3.95547
v 5.33496 -10.7489 11.5568
v 4.98202 -10.6796 12.0918
v 5.00041 -10.3157 12.5836
v 4.78338 -10.6582 13.2976
v 5.09037 -10.7013 13.8611
v 4.85491 -9.47992 -12.3234
v 4.88321 -9.32904 3.99935
v 5.23802 -9.88587 13.3734
v 4.87461 -8.1925 -12.4578
v 4.88169 -8.15478 4.06462
v 4.85344 -6.88453 -12.5367
v 4.85344 -6.88453 4.12045
v 4.81139 -6.00717 -12.5512
v 4.8114 -6.00719 4.13503
v 4.70603 -4.69709 -12.5149
v 4.70604 -4.69282 4.09219
v 4.56156 -3.40039 -12.4218
v 4.56156 -3.36625 3.9537
v 4.37293 -2.1317 -12.2601
v 5.31176 -1.71355 -11.9073
v 4.44128 -2.46452 3.77698
v 5.12474 -0.894401 -11.7623
v 5.21826 -1.12386 2.93452
v 4.30459 -1.54284 3.52148
v 4.81066 0.292474 -11.4963
v 4.92056 0.204893 2.47683
v 4.87195 1.43312 -11.027
v 5.28666 1.7212 1.37291
v 4.5838 1.43029 1.95824
v 4.99353 2.17807 -10.6439
v 4.69907 2.91718 -10.3916
v 5.00337 2.46172 1.02291
v 4.7393 3.69669 -9.95215
v 5.11932 3.87825 -0.145314
v 4.55657 3.53753 0.458884
v 4.56967 4.88158 -9.37863
v 5.01837 5.38459 -8.92139
v 4.43669 5.35405 -0.830793
v 4.75462 4.61452 -0.512691
v 5.05382 6.21616 -8.58962
v 4.80881 6.17063 -1.38346
v 5.07346 5.43601 -1.2025
v 4.46106 7.57685 -9.2331
v 4.98453 7.17138 -8.68914
v 5.01244 6.96145 -1.60133
v 4.72572 7.63084 -1.10743
v 4.28368 8.31069 -9.83096
v 4.88254 8.33125 -9.5464
v 4.8938 8.37954 -0.643219
v 4.30031 8.37848 -0.353205
v 4.78741 9.74322 -10.8187
v 4.73628 9.04918 -10.2465
v 4.8021 9.1521 0.0686639
v 4.6335 9.91999 0.862487
v 4.78876 10.6986 -11.5447
v 4.95077 10.6734 1.4689
v 4.31073 10.7387 2.13249
v 5.13113 12.035 -12.1601
v 5.10705 11.4005 2.18268
v 4.92373 11.7383 2.89435
v 5.27697 13.191 -12.4849
v 5.33303 14.0744 -12.6261
v 5.27313 14.2535 3.74852
v 5.01748 15.408 3.52976
v 4.85121 15.0288 3.9991
v 4.51871 17.1953 3.15064
v 4.29633 16.3082 3.7129
v 4.29082 18.3409 -12.9042
v 4.81735 17.9401 2.84572
v 4.29057 19.515 -12.7578
v 4.80867 19.1036 2.58676
v 5.24335 20.6558 -12.287
v 4.33099 20.5722 2.36832
v 5.04676 21.6989 -12.0328
v 5.07962 21.6815 1.84
v 4.78991 22.6601 -11.7302
v 4.79813 22.6557 1.53737
v 4.49625 23.5365 -11.3872
v 5.26325 23.5366 -11.1013
v 5.27679 23.5297 0.908506
v 4.49625 23.5365 1.19441
v 4.91707 24.3053 -10.7513
v 4.90835 25.0878 -10.0824
v 5.17134 24.9619 -0.0927271
v 4.74149 24.6491 0.374528
v 4.27183 25.5453 -9.99994
v 4.62147 26.0345 -9.18256
v 4.90463 26.213 -8.64794
v 4.8703 26.5703 -7.87762
v 4.87031 26.5703 -2.31522
v 4.73514 26.3848 -1.65868
v 4.77955 25.9778 -1.01404
v 4.80176 25.522 -0.429216
v 4.25811 26.9002 -7.8163
v 4.6602 26.8599 -7.07324
v 4.73695 26.9185 -6.24808
v 4.77145 26.9271 -5.67592
v 4.78223 26.9256 -4.90325
v 4.74134 26.9158 -3.94475
v 4.56502 26.9256 -3.21858
v 4.60557 26.7793 -2.59958
v 5.86091 -18.3756 -2.8131
v 5.98644 -18.5777 -1.5937
v 5.41723 -18.6272 -1.19148
v 6.12789 -18.7062 -0.226916
v 5.50537 -18.608 0.329195
v 6.18586 -18.6433 1.30376
v 5.70487 -18.3609 1.7993
v 6.2662 -18.3799 2.82577
v 5.81603 -17.4067 -7.88078
v 5.60584 -17.7908 -7.06455
v 5.67382 -17.896 -6.40082
v 5.76029 -17.9699 -5.65949
v 5.9221 -18.0291 -4.85261
v 6.24082 -18.0912 -4.00868
v 5.45473 -18.0934 2.12229
v 5.70095 -17.4648 3.61643
v 6.15585 -17.6589 4.45065
v 6.31333 -17.5121 5.4762
v 6.15316 -17.026 5.67829
v 6.3172 -17.1499 6.42594
v 6.40656 -17.1736 7.10344
v 6.25807 -17.1655 9.02457
v 6.19894 -17.5786 9.86246
v 6.15295 -17.7537 10.5291
v 5.82814 -17.5155 11.1967
v 5.84722 -17.6458 11.9106
v 5.67298 -17.4896 12.6922
v 5.86148 -17.6236 13.4543
v 6.08356 -17.4802 14.1687
v 6.40652 -17.026 14.804
v 5.75976 -16.3098 -9.3293
v 6.05101 -16.7974 -8.67944
v 5.54837 -16.375 4.30657
v 5.87533 -16.5729 5.02413
v 6.03072 -16.1809 5.93828
v 6.14 -16.2951 6.62908
v 6.21614 -16.3062 7.26543
v 6.26962 -16.3939 8.08843
v 6.1527 -16.2362 8.84363
v 5.84731 -16.4536 9.61107
v 5.45584 -16.4618 10.4498
v 5.5537 -16.3642 14.2534
v 6.01882 -16.0653 14.7029
v 5.79124 -15.439 -10.0136
v 5.57285 -15.1072 4.51302
v 5.86958 -15.2167 5.22481
v 6.03546 -15.2287 6.12898
v 6.12175 -14.9876 6.81093
v 6.18396 -14.9844 7.41439
v 6.21925 -15.2817 8.2854
v 6.13454 -15.2795 8.91454
v 5.79862 -15.1238 9.56887
v 5.8046 -14.8773 14.5351
v 6.19451 -15.3631 14.7126
v 5.83031 -14.0185 -10.7969
v 6.10677 -14.6198 -10.4071
v 5.62956 -13.9746 4.31193
v 6.19178 -13.9182 5.00326
v 6.24293 -14.161 5.89954
v 6.32005 -13.9744 6.86494
v 6.37434 -13.962 7.46037
v 6.32981 -14.4051 8.25873
v 6.31763 -14.2513 8.98131
v 5.96999 -14.0972 9.59361
v 5.48277 -13.8352 10.1729
v 5.95495 -13.8606 14.3671
v 5.6518 -12.6542 -11.4003
v 5.51018 -13.3634 -11.1841
v 5.57755 -12.3109 3.90287
v 5.92633 -13.089 4.1956
v 6.25007 -13.1875 9.7077
v 5.61504 -12.8141 10.3585
v 5.94093 -12.9198 14.3353
v 5.8191 -11.5149 -11.678
v 6.19611 -11.5519 3.50356
v 6.03933 -11.8985 10.4691
v 5.50523 -11.3657 11.0503
v 6.02472 -11.6983 14.4386
v 5.94006 -10.3128 -11.9077
v 6.04764 -10.532 3.44745
v 6.01005 -10.6808 11.1238
v 5.87601 -10.0545 11.6407
v 5.78833 -10.4967 14.2999
v 5.98896 -9.47822 -12.0277
v 6.03748 -9.30051 3.48916
v 5.80047 -9.72931 12.0112
v 5.95545 -9.18282 12.6016
v 5.80593 -9.14563 13.474
v 6.213 -9.26925 14.2051
v 6.01324 -8.19207 -12.1563
v 6.02538 -8.14764 3.55537
v 6.39432 -8.60659 12.969
v 5.98721 -6.88453 -12.2319
v 5.98722 -6.88453 3.61012
v 5.93551 -6.00717 -12.2458
v 5.93549 -6.00719 3.62411
v 5.8059 -4.69709 -12.211
v 5.80591 -4.69361 3.58401
v 5.62813 -3.40039 -12.122
v 5.62814 -3.37258 3.45793
v 5.48006 -2.54988 -12.0274
v 6.26505 -1.72004 -11.5444
v 5.48006 -2.48032 3.29997
v 6.04454 -0.899972 -11.4099
v 6.05357 -0.736986 2.27857
v 6.27369 -1.61685 2.51332
v 5.80467 -0.0987489 -11.2529
v 5.94659 0.681691 -10.8786
v 5.81385 0.121898 2.00536
v 6.05022 1.45491 -10.4986
v 6.08868 1.64039 0.89332
v 6.38248 0.855556 1.19036
v 5.55731 0.945888 1.70103
v 5.58263 2.59339 -10.1703
v 5.78266 2.39993 0.566094
v 5.96889 3.46871 -9.53501
v 5.87867 3.94671 -0.59668
v 6.24635 3.18102 -0.265233
v 5.46077 3.14296 0.217083
v 5.38404 4.62582 -9.1527
v 6.07865 4.84276 -8.74234
v 6.22836 4.89361 -1.36413
v 5.45889 4.69653 -0.924668
v 5.64696 5.57972 -8.53778
v 6.06685 6.15713 -8.05628
v 5.97348 6.516 -2.16399
v 5.57995 5.96813 -1.68095
v 5.46383 7.71255 -8.54965
v 6.053 7.05195 -7.70874
v 5.97177 7.23809 -2.39651
v 5.47771 7.72248 -1.63768
v 5.42913 8.36686 -9.20871
v 6.12988 8.45807 -8.59455
v 6.08237 7.86845 -7.91201
v 6.29522 7.92634 -2.49998
v 6.06332 8.2504 -1.74804
v 5.43614 8.39125 -0.982216
v 5.66616 9.43046 -10.143
v 5.99452 9.09857 -9.57182
v 6.01563 9.13351 -0.621013
v 5.74001 9.51518 -0.0498431
v 5.36348 9.91181 0.513813
v 5.88713 11.0995 -11.4154
v 5.98793 10.4597 -10.8936
v 5.93612 10.6455 0.90408
v 6.13631 11.7844 -11.7094
v 5.82304 11.3847 1.61317
v 6.00388 12.1025 2.08753
v 5.37977 12.0879 2.62952
v 6.3238 12.5154 -11.952
v 5.86664 13.188 2.80978
v 5.42706 13.1308 3.3562
v 5.92106 14.503 2.91963
v 5.51699 14.3937 3.33428
v 5.3685 15.04 -12.7108
v 5.82664 15.6642 2.84468
v 5.39158 16.0856 -12.739
v 5.90068 16.7556 2.65806
v 5.4079 17.7904 -12.6684
v 5.78669 17.69 2.5859
v 5.35626 19.5336 -12.4848
v 5.73248 18.5858 2.45018
v 6.37728 19.5643 -12.1427
v 6.19518 20.6728 -11.9542
v 5.72928 20.3106 2.04918
v 5.927 21.7119 -11.7118
v 5.97236 21.7079 1.51894
v 5.60543 22.6703 -11.4245
v 6.30308 22.7019 -11.0558
v 6.38996 22.6619 0.862979
v 5.6337 22.6606 1.23166
v 5.92921 23.5519 -10.7554
v 6.14785 24.2699 -10.0555
v 5.98339 23.5241 0.562604
v 5.68381 24.5585 -10.0951
v 5.77271 25.2059 -9.30304
v 6.11107 24.9619 -0.845718
v 5.91702 24.6189 -0.286746
v 5.57219 24.2944 0.240783
v 5.63478 25.7939 -8.56193
v 5.8583 25.9251 -7.8077
v 6.0028 26.0184 -6.96102
v 6.05827 26.0545 -6.35388
v 5.79011 26.3015 -5.71458
v 5.81973 26.2895 -4.89036
v 5.76975 26.2801 -3.86962
v 6.03137 26.0006 -3.23177
v 5.78162 26.019 -2.50113
v 5.77609 25.7567 -1.76625
v 5.62079 25.522 -1.0978
v 6.70482 -18.4535 -1.95337
v 6.90853 -18.6619 -0.747622
v 7.00413 -18.8019 0.63943
v 6.93558 -18.7659 2.24418
v 7.01442 -18.6421 3.64945
v 7.45804 -18.8101 4.63706
v 6.94816 -18.4401 4.95263
v 7.22017 -18.5649 5.84141
v 7.17087 -18.4714 6.69923
v 7.16023 -18.4363 7.39307
v 7.19787 -18.4812 7.98539
v 7.12361 -18.5118 8.87898
v 6.95155 -18.4615 9.86533
v 7.0335 -18.5829 10.6169
v 6.72298 -18.4139 11.3496
v 7.06781 -18.6459 12.1839
v 6.98897 -18.6075 12.8739
v 7.00188 -18.5958 13.5015
v 7.06364 -18.5452 14.1822
v 7.34216 -18.4161 14.9399
v 6.97882 -17.0385 -7.67959
v 6.80696 -17.3328 -7.14684
v 6.94468 -17.4345 -6.56842
v 6.67344 -17.6848 -5.83989
v 6.87036 -17.7537 -5.10444
v 7.18963 -17.8248 -4.30807
v 6.7981 -18.1736 -3.15624
v 6.52767 -17.9361 5.26562
v 6.75777 -18.0645 6.0993
v 6.6631 -17.8059 6.69481
v 6.67209 -17.6783 7.5958
v 6.6285 -17.6539 8.16857
v 6.60641 -17.8436 8.90729
v 6.55036 -18.0738 14.3208
v 7.01734 -17.6833 14.9423
v 6.83313 -16.0547 -9.06147
v 6.93423 -16.4504 -8.56114
v 6.74732 -16.8989 -8.11553
v 7.0431 -16.4387 14.914
v 6.71062 -15.1493 -9.84129
v 7.01144 -15.4704 -9.44844
v 6.66221 -15.0619 14.5774
v 6.82768 -15.3449 14.7285
v 7.07635 -14.2917 -10.1839
v 6.47358 -13.8491 8.01831
v 6.5875 -13.6182 8.541
v 6.46403 -14.0598 14.489
v 6.65125 -14.4467 14.6316
v 6.85548 -13.1069 -10.8152
v 6.95131 -12.6103 4.27569
v 7.06294 -12.8357 4.9543
v 6.92401 -12.9953 5.86255
v 6.8006 -13.0717 6.82203
v 6.84865 -13.05 7.42222
v 7.10714 -12.7918 8.16125
v 6.8911 -12.9721 8.87083
v 6.73836 -12.7335 9.4896
v 6.45578 -12.8524 14.4507
v 6.85932 -11.5082 -11.336
v 7.34273 -11.324 2.89069
v 6.66464 -11.9708 3.6338
v 7.06707 -11.95 9.80754
v 6.73653 -11.4711 10.323
v 6.68345 -11.6305 14.4783
v 6.97439 -11.5008 14.6446
v 7.00177 -10.3099 -11.5525
v 7.19636 -10.6956 2.79084
v 7.005 -10.8893 10.5555
v 6.98661 -10.3066 10.9341
v 7.09942 -10.7015 14.5592
v 7.05741 -10.4412 14.6667
v 7.05936 -9.47675 -11.6658
v 7.136 -9.59516 2.8277
v 7.06249 -9.62915 11.3762
v 6.74062 -9.12923 11.93
v 6.64779 -9.50388 14.5996
v 7.19305 -9.35058 14.7737
v 7.08801 -8.19177 -11.7872
v 7.10566 -8.14207 2.92467
v 7.20752 -8.53542 12.2793
v 7.17634 -8.2507 12.6915
v 6.83208 -8.22509 13.4661
v 7.1032 -8.26951 14.2329
v 7.05766 -6.88506 -11.8579
v 7.05825 -6.88492 2.97929
v 6.99725 -6.00848 -11.8699
v 6.99872 -6.00816 2.99143
v 6.84589 -4.70045 -11.8337
v 6.8497 -4.69704 2.95178
v 6.63769 -3.40587 -11.7465
v 6.64411 -3.38416 2.83813
v 6.46363 -2.55627 -11.6566
v 7.26822 -2.15751 -11.151
v 7.30117 -2.10233 1.92797
v 6.47146 -2.50386 2.70229
v 6.90246 -0.916709 -10.9826
v 6.93857 -0.807531 1.6696
v 6.63099 -0.108699 -10.8445
v 7.23908 0.278477 -10.2978
v 7.48299 -0.0382679 0.816156
v 6.66775 0.0366571 1.44879
v 6.78664 1.49226 -10.0666
v 7.4866 1.5545 -9.57398
v 7.03151 1.19615 0.481302
v 6.47797 2.29045 -9.87392
v 7.20435 2.41534 -9.40046
v 6.98861 2.44617 -0.220868
v 6.7109 3.66639 -9.08843
v 6.89815 3.73426 -0.928955
v 7.0633 4.71173 -8.39344
v 7.03676 5.15289 -1.82809
v 6.84751 6.07535 -7.64918
v 7.31872 6.32429 -7.1624
v 7.07035 6.11618 -2.49177
v 6.439 5.85642 -2.03505
v 6.57835 7.17155 -7.09955
v 6.88629 7.35106 -6.36688
v 7.03375 7.45749 -5.60816
v 7.06832 7.47479 -4.91907
v 7.03616 7.41301 -4.05871
v 6.80547 7.25746 -3.31181
v 6.47701 6.7295 -2.60058
v 6.69697 8.56041 -7.8904
v 6.86925 8.34118 -7.02625
v 7.09783 8.39635 -6.21858
v 7.16589 8.41086 -5.66051
v 7.18202 8.41374 -4.90725
v 7.11083 8.39873 -3.9715
v 6.8553 8.25278 -3.27747
v 6.84387 8.59067 -2.55969
v 6.59194 9.82053 -9.95106
v 6.82897 9.49289 -9.31665
v 6.94476 9.17868 -8.66502
v 7.30106 9.21919 -8.13967
v 7.12397 9.20067 -1.79048
v 6.84374 9.50983 -0.876183
v 6.6447 9.87031 -0.24177
v 6.80567 11.1786 -11.0383
v 7.1365 10.5304 -10.2909
v 7.242 10.5978 0.0981049
v 6.61392 10.6207 0.522373
v 7.13666 11.8896 -11.3152
v 7.13833 11.3476 0.845465
v 6.68465 11.7325 1.38827
v 6.45289 13.3196 -12.1409
v 7.39157 12.6402 -11.5442
v 6.9514 13.2347 2.06444
v 6.53186 14.1976 -12.2761
v 7.36986 14.4977 2.10421
v 6.57954 14.517 2.51698
v 6.56898 15.15 -12.3574
v 7.2454 15.4552 2.1915
v 6.57252 16.1773 -12.3848
v 7.0703 16.467 2.2199
v 6.55076 17.2803 -12.3581
v 6.92524 17.4898 2.18224
v 6.49017 18.4216 -12.2774
v 6.76604 18.5354 2.08881
v 7.18976 20.1471 -11.642
v 7.28086 20.1695 1.44913
v 6.54854 19.6157 1.94991
v 6.7003 21.7397 -11.325
v 7.38899 21.7597 -10.8715
v 7.48148 21.7215 0.678691
v 6.77696 21.7188 1.13216
v 6.92875 22.7236 -10.623
v 7.05345 22.662 0.43017
v 6.79295 23.5576 -10.1118
v 6.86067 23.5229 -0.0810016
v 6.81394 24.3009 -9.3616
v 6.84676 24.7973 -8.58516
v 6.90833 25.1033 -7.74335
v 6.97742 25.2087 -7.10017
v 7.00043 25.2982 -6.43207
v 7.04689 25.3181 -5.76419
v 7.07669 25.3062 -4.87383
v 7.03098 25.2775 -3.76069
v 6.99534 25.1952 -3.09238
v 6.90913 25.1004 -2.44906
v 7.02184 24.6892 -1.75108
v 6.72547 24.6528 -1.20129
v 6.61439 24.2944 -0.579309
v 6.44481 25.8075 -5.74436
v 6.48483 25.7896 -4.88043
v 6.43343 25.7752 -3.80826
v 7.49956 -18.2565 -2.26709
v 7.9014 -18.4247 -1.18207
v 8.35977 -18.5785 -0.0602091
v 7.76548 -18.7347 0.188498
v 8.2767 -18.821 1.39592
v 7.5516 -18.8903 1.79921
v 7.9934 -18.9606 3.01111
v 8.06528 -19.0092 4.31013
v 8.17918 -19.0742 5.39291
v 8.04768 -19.0381 5.91111
v 7.71214 -18.8807 6.47737
v 7.97556 -19.0211 7.29073
v 7.88782 -19.0054 8.28231
v 8.05498 -19.0762 9.11528
v 7.91997 -19.0266 9.88964
v 8.12119 -19.049 10.7479
v 7.52913 -18.8591 11.4984
v 8.13497 -19.0246 11.6144
v 7.96043 -18.9726 12.3906
v 8.09344 -18.9792 13.3685
v 8.11599 -18.9424 14.3019
v 8.08579 -18.5562 15.1506
v 8.50194 -18.7791 15.4006
v 7.50847 -17.3472 -6.00873
v 8.09733 -17.2232 -5.38884
v 8.03833 -17.4976 -4.54783
v 8.50078 -17.5817 -3.686
v 7.68546 -17.9111 -3.45437
v 8.2979 -17.9891 -2.53145
v 8.03781 -17.6778 15.099
v 7.79102 -16.1522 -8.29929
v 7.87863 -16.4511 -7.79314
v 8.11927 -16.6557 -7.1038
v 8.2434 -16.9478 -6.12734
v 7.68931 -16.6671 15.0293
v 8.08024 -15.1497 -9.0583
v 7.97939 -15.6718 -8.65704
v 7.99578 -13.9813 -9.88221
v 8.06743 -14.5902 -9.46093
v 7.59911 -12.6331 -10.6881
v 8.34298 -12.9789 -10.1547
v 7.78498 -12.3189 5.37535
v 7.60855 -12.336 6.04091
v 7.5037 -12.3266 6.69904
v 7.54706 -12.2959 7.31339
v 7.82389 -11.5034 -10.9309
v 8.43496 -11.3441 2.32302
v 7.56122 -11.6332 3.06346
v 7.88837 -11.9622 3.51345
v 8.046 -12.1827 4.16728
v 8.1741 -12.1418 4.96575
v 8.18372 -11.9831 5.89041
v 8.06182 -11.9419 6.57045
v 8.10408 -11.9069 7.20206
v 8.09434 -11.9496 8.13232
v 7.85648 -11.9596 9.01662
v 7.9906 -11.3807 9.70828
v 7.98636 -10.3078 -11.1321
v 8.23044 -10.6209 2.05018
v 8.26494 -10.6539 10.2912
v 7.6345 -10.2236 14.7335
v 8.05205 -9.4757 -11.2376
v 8.15151 -9.571 2.09576
v 8.06179 -9.64178 11.1297
v 8.07752 -8.89097 11.6989
v 8.12689 -9.31985 14.8696
v 8.08486 -8.19171 -11.3504
v 8.1072 -8.13818 2.20508
v 8.06234 -8.47297 12.0676
v 8.03551 -7.9715 12.6583
v 8.03268 -7.60916 13.2953
v 8.04794 -8.27432 14.8622
v 8.05102 -6.88662 -11.4141
v 8.05337 -6.88609 2.25794
v 8.06486 -7.4815 13.721
v 8.19678 -7.4989 14.3074
v 7.98341 -6.0124 -11.4214
v 7.98928 -6.01107 2.26588
v 7.8141 -4.71053 -11.3775
v 7.82931 -4.70548 2.2213
v 7.5797 -3.42233 -11.2871
v 8.44362 -3.45521 -10.7353
v 8.50777 -3.43407 1.31279
v 7.60536 -3.40376 2.11589
v 8.0976 -2.19621 -10.6104
v 8.17998 -2.15312 1.16401
v 7.6888 -0.950159 -10.4745
v 8.39385 -1.00594 -9.88025
v 7.77908 -0.878238 0.97945
v 7.92238 0.264492 -9.76132
v 8.42952 0.672715 -9.18706
v 8.26034 -0.0903119 0.116448
v 8.18831 1.59662 -9.07529
v 8.48615 1.67303 -0.829713
v 7.81674 1.20069 -0.136178
v 7.95607 2.52827 -8.91596
v 8.2611 2.6023 -1.04602
v 8.12702 3.51669 -8.47928
v 7.99189 3.51816 -1.30372
v 7.87482 4.95437 -7.89923
v 7.60747 4.38145 -1.57401
v 8.10202 6.03494 -6.89415
v 7.69898 6.47845 -3.23133
v 8.18524 5.55896 -2.57127
v 7.7805 6.72762 -6.14163
v 7.86953 6.84386 -5.61757
v 7.92904 6.87973 -4.90844
v 7.94276 6.75678 -4.01589
v 7.6086 9.87517 -8.96803
v 7.97828 9.89706 -8.39826
v 7.92127 9.58293 -7.68189
v 8.12477 9.59782 -7.06319
v 7.90955 9.28205 -6.36673
v 7.98077 9.28538 -5.73536
v 7.99457 9.28536 -4.88343
v 7.90954 9.28205 -3.8261
v 8.12477 9.59782 -3.12964
v 7.92126 9.58293 -2.51094
v 7.97827 9.89706 -1.79457
v 7.61387 9.88017 -1.2248
v 7.61636 11.244 -10.59
v 8.01134 10.9228 -9.93167
v 8.23721 10.5815 -9.23941
v 8.24778 10.5882 -0.953417
v 7.78634 10.5883 -0.396767
v 8.01974 11.9768 -10.847
v 8.34509 11.3181 -0.12555
v 8.01234 11.7017 0.52569
v 7.58116 12.0856 1.12242
v 8.0579 13.5076 -11.476
v 8.33481 12.7447 -11.0604
v 8.00623 13.2516 1.44088
v 7.66816 14.3267 -11.852
v 8.16947 14.5072 1.65918
v 7.70598 15.2679 -11.9301
v 8.14186 15.4179 1.7373
v 7.68762 16.2778 -11.9572
v 8.04048 16.3942 1.76439
v 8.09357 17.3938 -11.6835
v 7.8882 17.4443 1.74007
v 7.94604 18.5024 -11.6111
v 8.08466 18.5455 1.41823
v 8.15019 19.6294 -11.2477
v 8.14603 20.7169 -10.813
v 8.18264 20.7143 0.620183
v 8.20642 19.6466 1.05485
v 8.29041 21.7596 -10.07
v 8.31475 21.7227 -0.122167
v 7.5283 22.7043 -10.1249
v 8.32077 22.8211 -9.30756
v 8.24264 22.6634 -0.883012
v 7.61067 22.663 -0.0679291
v 7.55481 23.5792 -9.35311
v 8.14783 23.7385 -8.52261
v 8.28409 23.8609 -7.63616
v 8.38819 23.9997 -7.04444
v 8.28351 24.0004 -3.16229
v 8.2992 23.6335 -2.61694
v 8.02295 23.5359 -1.66655
v 7.54439 23.5317 -0.839207
v 7.64563 24.4294 -7.86579
v 7.83764 24.4887 -6.94047
v 8.14444 24.5871 -6.3101
v 8.02827 24.6843 -5.67363
v 8.0274 24.684 -4.90056
v 8.084 24.6022 -3.88274
v 7.80294 24.4933 -3.25115
v 7.61034 24.3915 -2.32518
v 8.99162 -18.3409 -0.266587
v 9.0864 -18.5755 1.06551
v 9.18753 -18.7883 2.43001
v 8.68749 -18.9276 2.64267
v 9.2144 -18.9841 3.77457
v 8.73606 -19.0615 3.97993
v 9.09881 -19.1175 5.02258
v 9.02438 -19.2362 6.00767
v 9.02749 -19.3006 6.81596
v 8.89207 -19.3245 7.57511
v 9.15996 -19.346 8.258
v 9.11069 -19.3067 9.06886
v 9.06261 -19.2128 9.95029
v 9.0519 -19.1418 10.8745
v 9.1367 -19.0557 11.811
v 8.96998 -19.0419 12.6229
v 9.22081 -19.0406 13.4374
v 9.17345 -19.0521 14.0771
v 8.87412 -18.6347 15.143
v 9.1965 -18.7124 15.5167
v 8.78193 -17.0996 -4.69821
v 9.22174 -17.1793 -3.82968
v 9.05894 -17.6496 -2.73308
v 8.96693 -18.0351 -1.52748
v 9.63261 -18.0257 -0.430583
v 8.79106 -18.0224 15.3278
v 9.2893 -18.0278 15.4852
v 8.97681 -15.8322 -7.41675
v 8.9554 -16.155 -6.82285
v 9.17186 -16.2256 -6.21518
v 9.12392 -16.5598 -5.53
v 9.4303 -16.6327 -4.76682
v 9.0488 -14.9175 -8.38097
v 9.05625 -15.4252 -7.83485
v 8.702 -13.9887 -9.412
v 9.14852 -14.3118 -8.80818
v 9.19839 -12.6332 -9.73182
v 9.28221 -13.3379 -9.30072
v 8.77105 -11.1135 -10.5301
v 9.1899 -11.6322 -10.0852
v 9.23471 -11.1453 1.47011
v 9.37685 -11.4997 1.95803
v 9.07301 -11.7513 2.83678
v 8.98357 -11.9042 3.55912
v 9.14809 -11.8422 4.46963
v 9.17502 -11.6678 5.21681
v 8.993 -11.5811 5.96408
v 8.95067 -11.5274 6.66397
v 8.99647 -11.5175 7.43976
v 9.11875 -11.4584 8.29257
v 9.09557 -11.3563 8.92924
v 8.87989 -10.3069 -10.6465
v 9.13278 -10.585 1.27801
v 9.03073 -11.0643 9.54556
v 9.14559 -10.2687 10.4673
v 8.95298 -9.47529 -10.7431
v 9.06168 -9.55717 1.31709
v 9.11086 -9.39782 11.2463
v 8.87567 -9.09358 15.0605
v 8.9897 -8.19199 -10.8458
v 9.01464 -8.13617 1.42914
v 8.92626 -8.40654 12.0609
v 8.9333 -7.83405 12.6395
v 9.12631 -8.18001 15.1677
v 8.95349 -6.88976 -10.8996
v 8.95936 -6.88841 1.47605
v 8.9388 -7.53696 13.0582
v 8.95421 -7.31728 13.489
v 9.0124 -7.17502 14.1149
v 9.17101 -7.33741 14.8265
v 8.88073 -6.02024 -10.8982
v 8.89539 -6.01689 1.47632
v 8.69863 -4.73071 -10.8371
v 9.4876 -4.76433 -10.2071
v 9.56367 -4.74656 0.56866
v 8.73667 -4.72121 1.41833
v 9.21893 -3.51003 -10.0829
v 9.34722 -3.47784 0.450384
v 8.84248 -2.26074 -9.97039
v 9.37628 -1.95075 -9.26191
v 9.00725 -2.21246 0.332377
v 9.04745 -1.09813 -9.2625
v 9.32774 -1.02531 -0.543067
v 8.57438 -0.942502 0.219518
v 8.72387 -0.224594 -9.24351
v 9.24074 0.136331 -8.72003
v 9.00862 -0.148775 -0.580791
v 8.92997 1.57351 -8.62495
v 9.31359 1.66056 -1.35474
v 9.10122 0.72234 -0.955814
v 8.7667 2.56739 -8.46869
v 9.16116 2.65079 -1.5425
v 9.55961 3.47201 -7.86668
v 8.96321 3.66294 -1.80333
v 9.29658 4.65446 -7.45115
v 9.62552 5.13583 -6.81528
v 8.57651 4.61413 -2.07958
v 8.69788 6.17137 -6.19042
v 8.79309 6.32903 -5.63895
v 8.86647 6.37569 -4.89641
v 8.91049 6.20812 -3.95363
v 8.82189 5.97481 -3.38256
v 8.60826 9.9285 -6.47481
v 8.68403 9.93015 -5.78973
v 8.69902 9.93015 -4.86531
v 8.60826 9.9285 -3.71802
v 8.80836 11.3056 -9.47919
v 8.62711 10.5935 -8.62981
v 8.92519 10.6001 -7.97609
v 9.14282 10.6041 -7.28706
v 9.28798 10.6061 -6.57155
v 9.36871 10.6067 -5.8384
v 9.39295 10.6067 -5.09642
v 9.32835 10.6064 -3.98786
v 9.14282 10.6041 -2.90577
v 8.92518 10.6001 -2.21674
v 8.62712 10.5935 -1.56302
v 8.73405 12.0292 -10.3013
v 9.29978 12.0553 -9.68737
v 9.22193 11.314 -8.83499
v 9.53537 11.3157 -8.14386
v 9.37865 11.3148 -1.70341
v 8.825 11.314 -0.713634
v 9.07248 12.0668 -0.198493
v 9.21512 13.2189 -10.5761
v 8.89599 12.8493 0.586069
v 8.81698 13.6644 1.036
v 8.67248 14.4369 -11.3514
v 9.47537 14.503 -10.7718
v 9.50995 14.105 0.520509
v 8.92315 14.5272 1.15854
v 8.71084 15.3695 -11.4271
v 9.51485 15.4305 -10.8463
v 9.60203 15.4605 0.653445
v 8.92878 15.4445 1.23422
v 8.67272 16.3653 -11.4549
v 9.4637 16.4177 -10.8764
v 9.53427 16.441 0.683561
v 8.84916 16.4234 1.26209
v 9.32986 17.4699 -10.8602
v 9.38327 17.4869 0.667409
v 8.69955 17.4709 1.24119
v 9.11839 18.5566 -10.7987
v 9.15535 18.5681 0.605862
v 8.83445 19.6477 -10.6926
v 9.19244 20.193 -10.0264
v 9.39033 20.7159 -0.823522
v 9.19287 20.1883 -0.164424
v 8.85693 19.6546 0.499799
v 9.22448 21.3193 -9.28939
v 9.52861 21.8056 -7.93078
v 9.53667 21.6907 -2.87815
v 9.44224 21.685 -2.47217
v 9.26663 21.7022 -1.76982
v 8.92698 21.7183 -0.970798
v 9.12558 22.4853 -8.57633
v 9.06317 22.7655 -7.81406
v 9.36838 22.7845 -7.24553
v 9.27658 22.6055 -3.26997
v 8.90462 22.6013 -2.37026
v 8.67932 22.6506 -1.69072
v 8.6419 23.4238 -7.44165
v 9.01506 23.8372 -6.97613
v 9.35575 23.8797 -3.77914
v 8.81901 23.6336 -3.39432
v 9.3486 24.8628 -6.67449
v 8.88602 25.0493 -6.1465
v 8.83248 25.1818 -5.52594
v 8.81747 25.1822 -4.93027
v 9.1151 25.0257 -3.84216
v 9.35607 25.5548 -6.10299
v 9.29867 25.69 -5.49674
v 9.28255 25.6904 -4.92528
v 9.25352 25.6396 -3.95893
v 9.66086 -18.2959 0.899692
v 9.97442 -18.3883 2.18851
v 9.95845 -18.6745 3.5192
v 10.3164 -18.7127 4.6254
v 10.0052 -19.0557 5.71392
v 10.0281 -19.1632 6.5712
v 10.182 -19.1469 7.34682
v 10.255 -19.1457 8.15424
v 9.98848 -19.1652 9.06232
v 10.0059 -19.0756 10.0233
v 10.6594 -18.8412 10.0825
v 10.0766 -18.9618 11.0316
v 10.2164 -18.898 12.0391
v 10.0498 -18.9251 12.8799
v 10.2798 -18.8736 13.7107
v 10.1899 -18.895 14.341
v 10.0248 -18.9064 14.9875
v 10.1206 -18.5412 15.7969
v 9.74182 -17.2366 -2.85861
v 9.97714 -17.4604 -1.73961
v 10.2543 -17.6364 -0.552146
v 10.2349 -17.9371 0.771094
v 10.7053 -18.1692 3.32846
v 10.1986 -17.7837 15.8136
v 9.69337 -16.0301 -5.53992
v 9.99321 -16.0987 -4.76123
v 10.1272 -16.4404 -3.88423
v 10.345 -16.7574 -2.91096
v 9.86051 -14.6824 -7.5657
v 9.93578 -15.0201 -6.8941
v 10.1724 -15.0591 -6.20303
v 10.4087 -15.1063 -5.44887
v 10.4805 -15.4995 -4.68905
v 9.81968 -14.0218 -8.28981
v 10.2276 -14.0353 -7.63455
v 10.5326 -14.0386 -6.91432
v 9.84548 -12.6379 -9.15664
v 10.2565 -12.9935 -8.45554
v 10.5481 -13.3479 -7.70662
v 10.1389 -11.5047 -9.33276
v 10.6103 -11.8902 -8.61681
v 10.522 -11.1677 0.107597
v 10.2692 -11.2959 0.661481
v 10.2389 -11.5015 1.15819
v 10.2999 -11.728 1.97369
v 10.325 -11.8153 2.87443
v 10.1181 -11.7518 3.69016
v 10.3835 -11.6128 4.20323
v 10.1539 -11.4445 5.08559
v 10.0286 -11.3189 5.91709
v 10.0871 -11.2889 6.6628
v 10.2861 -11.2979 7.35757
v 10.0116 -11.2915 8.14362
v 10.3455 -11.1592 8.80494
v 9.6684 -10.3078 -10.0955
v 10.351 -10.3079 -9.4817
v 10.4918 -10.599 -0.19802
v 9.88103 -10.5778 0.529297
v 10.0399 -10.8863 9.52707
v 10.2977 -10.2937 10.3822
v 9.74809 -9.47572 -10.1822
v 10.4369 -9.47577 -9.56054
v 10.5065 -9.56229 -0.250008
v 9.84435 -9.55428 0.533901
v 10.4249 -9.42978 11.3304
v 10.1455 -8.93961 11.7272
v 9.684 -8.76588 15.3055
v 9.78849 -8.19276 -10.2734
v 10.481 -8.1936 -9.6412
v 10.502 -8.13815 -0.185938
v 9.81265 -8.13618 0.629399
v 10.2247 -8.4702 12.1459
v 9.84006 -7.87004 12.6416
v 9.9364 -8.4549 15.249
v 10.234 -8.10202 15.4515
v 9.75136 -6.89499 -10.3136
v 10.4438 -6.90157 -9.66712
v 10.462 -6.89742 -0.16832
v 9.76308 -6.89231 0.663625
v 9.89104 -7.27803 13.4781
v 9.95251 -7.02472 14.3182
v 10.0333 -7.18861 15.0212
v 10.1056 -7.48765 15.3844
v 9.67599 -6.03331 -10.2983
v 10.3106 -5.63352 -9.5989
v 10.4127 -6.03938 -0.193838
v 9.7053 -6.02659 0.651611
v 10.1031 -4.39991 -9.46171
v 10.6982 -4.46773 -8.71412
v 10.2966 -4.78135 -0.305516
v 9.91479 -3.59364 -9.35772
v 10.4336 -3.32829 -8.55494
v 10.6527 -2.86679 -1.41125
v 10.1157 -3.54644 -0.446611
v 9.67665 -2.78254 -9.28067
v 10.0193 -2.11539 -8.5849
v 10.6182 -2.34328 -8.03764
v 10.3731 -2.03001 -1.3417
v 9.78441 -2.30325 -0.527564
v 10.0131 -1.06328 -8.41376
v 10.7099 -1.34459 -1.78575
v 10.0424 -1.15173 -1.24119
v 9.85663 0.464448 -8.34324
v 10.7043 0.223418 -8.14034
v 10.3592 0.0811576 -1.68677
v 9.73664 -0.242867 -1.20602
v 9.74978 1.44014 -8.27746
v 10.6859 1.15145 -8.08727
v 10.1703 1.53559 -1.75859
v 10.3591 2.46658 -7.91489
v 10.1034 2.52752 -1.92474
v 9.9989 3.55507 -2.19317
v 9.96472 5.19196 -3.29306
v 9.72371 4.72991 -2.62977
v 9.79131 5.43656 -6.23962
v 9.88423 5.62231 -5.66313
v 9.96313 5.67437 -4.88485
v 10.0263 5.47386 -3.8941
v 9.73713 12.0641 -9.01443
v 10.0663 12.0641 -8.2917
v 10.3074 12.0641 -7.52838
v 10.0507 11.566 -6.93583
v 10.5591 12.0641 -5.9206
v 10.004 11.3173 -5.88185
v 10.3081 11.6907 -5.09641
v 10.2815 11.6907 -4.29161
v 10.1936 11.6906 -3.49658
v 10.0361 11.6904 -2.72114
v 10.0663 12.0641 -1.90113
v 9.73712 12.0641 -1.1784
v 9.82175 13.2513 -9.93647
v 10.1471 12.8493 -9.16881
v 10.4899 12.8493 -8.42068
v 10.4899 12.8493 -1.77215
v 10.1471 12.8493 -1.02402
v 9.71521 12.8493 -0.328864
v 10.1058 14.5357 -10.1181
v 10.5095 14.1103 -9.34684
v 10.5091 14.1104 -0.845508
v 10.0559 14.1094 -0.129192
v 10.1543 15.4595 -10.1868
v 10.6654 15.4652 -9.44777
v 10.663 15.4653 -0.741175
v 10.1755 15.467 -0.00502114
v 10.0997 16.442 -10.2197
v 10.62 16.4447 -9.48271
v 10.6151 16.4448 -0.702919
v 10.1161 16.4478 0.0286199
v 9.94222 17.4901 -10.2208
v 10.4327 17.4953 -9.52503
v 10.4252 17.4952 -0.658406
v 9.95369 17.4943 0.0303379
v 9.69771 18.5724 -10.1814
v 10.1462 18.58 -9.53546
v 10.5726 18.6165 -8.5968
v 10.6258 18.6352 -1.8422
v 10.291 18.5875 -0.95915
v 9.70455 18.5751 -0.00885014
v 9.80331 19.662 -9.47476
v 10.2055 19.6679 -8.57985
v 10.3809 20.0751 -7.67207
v 10.5481 19.8593 -3.20036
v 10.1776 20.2206 -2.60079
v 9.91277 20.361 -1.72617
v 9.93643 19.6627 -1.00648
v 9.81361 20.7606 -8.5034
v 10.2067 20.8078 -7.4387
v 10.0992 21.3836 -7.34469
v 10.4293 21.4836 -3.81493
v 10.0198 21.3108 -3.38975
v 10.1885 22.1295 -7.28185
v 10.3235 22.526 -3.99019
v 10.1515 23.4488 -7.22593
v 10.2169 23.702 -4.07842
v 10.248 24.76 -7.02782
v 10.2653 24.8254 -4.02316
v 10.1717 25.6542 -6.67007
v 10.2918 26.2868 -6.27588
v 9.86639 26.2268 -5.61273
v 9.84446 26.2438 -4.91512
v 10.0882 26.1828 -3.8249
v 10.5108 26.7584 -5.60085
v 10.4899 26.7751 -4.90192
v 10.411 26.759 -4.04239
v 11.2247 -18.2615 5.44665
v 10.7472 -18.6604 5.53663
v 11.0341 -18.6028 6.38431
v 11.2277 -18.5762 7.21351
v 11.3603 -18.5122 8.09294
v 11.187 -18.61 9.07965
v 11.3113 -18.5171 10.1432
v 11.143 -18.6323 11.2204
v 10.9715 -18.7308 12.229
v 10.7903 -18.7765 13.0811
v 11.4887 -18.5578 13.3384
v 11.2981 -18.5869 14.0129
v 11.422 -18.4919 14.9383
v 11.1908 -18.3738 15.8158
v 10.8822 -18.2003 16.1858
v 10.8281 -17.1768 -0.631218
v 11.0422 -17.2558 0.645366
v 11.0028 -17.5796 1.97682
v 11.6266 -17.2 3.17342
v 11.1824 -17.7199 3.2389
v 11.2673 -17.9289 4.41968
v 11.6752 -17.7779 5.37614
v 11.7453 -17.9395 6.28589
v 11.7238 -18.1303 7.16811
v 11.0013 -17.6475 16.0481
v 11.3918 -17.6131 16.1993
v 10.8671 -16.2197 -2.8931
v 11.0997 -16.4794 -1.82389
v 11.5594 -16.3823 -0.656253
v 11.7481 -16.4576 0.587256
v 11.697 -16.7991 1.88664
v 11.5889 -16.8466 16.2395
v 10.902 -14.8369 -4.55788
v 11.0663 -15.2511 -3.71862
v 11.4842 -15.3143 -2.73324
v 11.7425 -15.6235 -1.73622
v 10.7775 -14.0434 -6.12952
v 11.0053 -14.0618 -5.28055
v 11.2589 -14.1181 -4.37961
v 11.5814 -14.2369 -3.43887
v 10.8243 -12.626 -7.78718
v 11.0084 -12.9646 -6.9596
v 11.2567 -12.9347 -6.08759
v 11.3291 -13.2971 -5.14758
v 11.6004 -12.5147 -5.10211
v 11.6963 -12.8225 -4.00939
v 10.7903 -11.1113 -8.71722
v 11.0588 -11.8756 -7.88144
v 11.398 -11.845 -7.06856
v 11.6462 -11.8009 -6.18625
v 11.7976 -11.7276 -2.38013
v 11.6119 -11.5128 -1.76076
v 11.4704 -11.6334 -0.995003
v 11.2157 -11.6006 -0.267812
v 11.3194 -11.905 0.716556
v 11.1368 -11.8912 1.3464
v 11.4355 -12.0213 2.09559
v 11.1088 -11.8588 2.91157
v 11.3229 -11.7977 3.54634
v 11.3484 -11.6749 4.41613
v 11.5002 -11.598 5.26416
v 11.0835 -11.4212 5.90129
v 11.2279 -11.4478 6.6927
v 11.0852 -11.3875 7.13962
v 11.1281 -11.374 7.92371
v 11.4905 -11.3403 8.65762
v 10.9269 -10.3047 -8.80737
v 11.3225 -10.697 -8.02766
v 11.6776 -10.6756 -7.23127
v 11.7103 -10.5492 -2.35949
v 11.4005 -10.4614 -1.66087
v 10.9819 -10.6483 -0.906014
v 11.297 -10.9907 9.48501
v 11.3431 -10.573 10.2363
v 11.3106 -10.0824 10.9049
v 11.019 -9.47418 -8.88336
v 11.4939 -9.46971 -8.15608
v 11.5292 -9.28841 -1.82027
v 11.0553 -9.58114 -1.03081
v 11.1981 -9.51568 11.4636
v 11.372 -9.04023 11.9743
v 11.0669 -8.1941 -8.95719
v 11.546 -8.19388 -8.22942
v 11.558 -8.14781 -1.83054
v 11.0835 -8.14205 -1.00866
v 11.1453 -8.12411 12.7366
v 11.6605 -7.81905 13.2467
v 11.2132 -8.18684 15.6763
v 11.0301 -6.90881 -8.97128
v 11.5094 -6.91599 -8.23715
v 11.5352 -6.9101 -1.84664
v 11.0535 -6.90345 -1.00875
v 11.2701 -7.45395 13.574
v 11.1707 -7.16784 14.1152
v 11.3394 -7.12212 15.0028
v 11.1566 -7.37892 15.502
v 11.0743 -5.8024 -8.64988
v 11.5574 -5.69555 -7.75817
v 11.6793 -5.32122 -7.33929
v 11.7964 -5.2944 -2.78983
v 11.4698 -5.66544 -1.93342
v 10.9838 -5.64055 -1.08664
v 11.1846 -4.5441 -7.95795
v 11.4943 -4.34162 -7.16565
v 11.6905 -4.15193 -6.36075
v 11.7921 -4.13866 -5.71663
v 11.7365 -4.58202 -2.8919
v 11.393 -4.496 -2.09365
v 10.8875 -4.42414 -1.23636
v 11.2374 -3.37429 -7.72189
v 11.5238 -3.72163 -7.14489
v 11.7039 -3.8487 -3.05539
v 11.4697 -3.41923 -2.41636
v 10.8052 -3.65117 -1.35351
v 11.2421 -2.15087 -7.86966
v 11.5135 -2.5469 -2.31953
v 11.0106 -2.24607 -1.98164
v 11.1905 -0.923266 -8.06296
v 11.2444 -1.14089 -2.02496
v 11.5967 -0.129884 -8.06344
v 11.0741 0.316891 -1.9315
v 11.7245 1.08803 -7.94618
v 11.0654 1.23763 -1.98332
v 11.0928 2.55258 -2.25824
v 10.7983 3.89808 -7.07358
v 11.1559 4.18327 -3.2736
v 11.1092 3.7088 -2.76261
v 10.9804 4.44727 -6.26833
v 11.0572 4.6336 -5.68328
v 11.1282 4.68236 -4.87711
v 11.1897 4.47359 -3.86152
v 10.7411 12.8493 -7.62832
v 10.9093 12.8493 -6.80278
v 11.0032 12.8493 -5.95513
v 11.0316 12.8493 -5.09642
v 11.0032 12.8493 -4.2377
v 10.9093 12.8493 -3.39005
v 10.7411 12.8493 -2.56451
v 10.8681 14.1058 -8.57125
v 11.1297 14.0937 -7.74471
v 11.3041 14.0818 -6.88114
v 11.4011 14.0778 -5.99444
v 11.4303 14.0778 -5.09612
v 11.4009 14.0779 -4.19768
v 11.3036 14.0819 -3.31081
v 11.1291 14.0938 -2.44716
v 10.8676 14.1059 -1.62074
v 11.0554 15.429 -8.64219
v 11.3679 15.673 -7.72652
v 11.5433 15.5409 -6.85454
v 11.6378 15.4965 -5.97558
v 11.6639 15.4963 -5.09232
v 11.6342 15.4968 -4.20741
v 11.5367 15.5414 -3.32566
v 11.3594 15.6734 -2.45186
v 11.0513 15.4292 -1.54388
v 11.0968 16.4306 -8.58576
v 11.3417 16.9852 -7.67057
v 11.6235 16.6514 -6.99848
v 11.6767 16.3553 -6.51983
v 11.7472 16.2865 -5.81596
v 11.7641 16.3098 -4.94215
v 11.6948 16.3226 -4.01129
v 11.6283 16.5805 -3.37411
v 11.3464 16.8009 -2.56799
v 11.084 16.431 -1.58745
v 10.8941 17.5946 -8.51878
v 11.1574 17.8045 -7.67098
v 11.5461 17.7501 -7.09922
v 11.3556 17.7447 -3.09424
v 11.0722 17.8008 -2.45476
v 10.9562 17.6548 -1.93249
v 10.769 17.534 -1.33422
v 10.8379 18.7041 -7.78286
v 11.3874 18.9754 -7.23783
v 11.5421 19.1638 -3.81203
v 11.2042 18.8506 -3.44465
v 10.7825 18.7436 -2.58671
v 11.1543 20.0704 -7.27562
v 11.291 20.1984 -3.93888
v 10.7439 20.0398 -3.53838
v 11.4732 21.6466 -7.53084
v 10.9059 21.2611 -7.34901
v 11.4176 21.3523 -4.08962
v 10.9384 22.7073 -7.46249
v 11.3551 22.5678 -4.06214
v 11.6006 23.2027 -7.62983
v 11.0458 24.1918 -7.3915
v 11.2998 23.7253 -4.00183
v 11.7798 24.7352 -7.45011
v 11.2824 24.8384 -4.0602
v 11.0465 25.8792 -6.87936
v 11.2131 25.9595 -3.90043
v 11.4677 26.8329 -6.452
v 11.2249 27.2014 -5.59421
v 11.2056 27.2171 -4.88779
v 11.1402 27.0498 -3.81894
v 11.847 -18.2624 11.3031
v 11.8238 -18.4125 12.4985
v 12.0916 -18.2439 13.6831
v 11.8979 -18.3266 14.2472
v 11.91 -17.1416 4.32173
v 12.0872 -17.223 5.32378
v 12.1739 -17.3948 6.2407
v 12.3939 -17.3145 7.12104
v 12.3714 -17.5307 8.05526
v 12.3097 -17.6892 9.0895
v 12.2366 -17.8262 10.1809
v 12.5127 -17.6937 11.2704
v 12.6058 -17.7159 12.2347
v 12.6402 -17.8293 13.4402
v 12.5292 -17.9576 14.2562
v 12.5936 -17.9007 15.0223
v 12.3584 -17.8843 15.7096
v 12.2509 -17.3714 16.3216
v 12.1243 -15.8757 0.601579
v 12.0858 -16.2134 1.86437
v 12.1924 -16.3105 3.11905
v 12.4273 -16.2139 4.27331
v 12.5978 -16.2853 5.28039
v 12.7121 -16.4683 6.20264
v 12.4707 -16.5462 16.3441
v 12.0483 -15.0107 -1.59625
v 12.2502 -15.2189 -0.5165
v 12.4991 -14.9789 0.717058
v 12.5087 -15.2938 1.90278
v 12.7003 -15.0435 3.1423
v 12.8006 -15.2335 4.2734
v 12.751 -15.5874 16.5183
v 11.8214 -13.5308 -3.1828
v 11.9876 -14.1433 -2.35899
v 12.2584 -14.399 -1.39749
v 12.3712 -13.8184 -1.14243
v 12.5365 -14.1462 -0.198333
v 12.6655 -14.1029 0.93108
v 12.6465 -13.5651 1.13506
v 12.7373 -13.997 2.11812
v 12.8069 -13.7222 3.32865
v 11.9684 -12.6716 -2.57396
v 12.1613 -12.9449 -1.63785
v 12.1967 -12.8398 -0.899015
v 12.2099 -12.698 -0.270908
v 12.3557 -12.8895 0.570963
v 12.4386 -12.886 1.52507
v 12.3627 -12.8182 2.16623
v 12.3613 -12.6166 2.68239
v 12.5434 -12.7716 3.6151
v 12.8071 -13.1879 4.53165
v 12.4368 -12.3726 4.7775
v 12.6913 -12.6291 5.64603
v 12.7721 -12.5359 6.57267
v 12.7324 -12.2911 7.5178
v 11.8214 -11.746 -5.24259
v 11.915 -11.6429 -4.32735
v 11.8895 -11.8316 -3.21138
v 11.8254 -11.2463 -2.81614
v 11.8795 -12.1102 -1.74897
v 11.8622 -12.2525 0.374225
v 11.8626 -12.2556 1.32068
v 11.917 -12.1139 3.08508
v 12.1371 -12.1643 3.92122
v 12.1092 -11.9966 4.95887
v 12.0183 -11.856 5.95199
v 12.2364 -11.9653 6.77297
v 12.1159 -11.7868 7.6899
v 12.7 -12.0191 8.45154
v 12.2572 -11.6859 8.53578
v 12.3943 -11.4569 9.41954
v 11.9294 -10.6433 -6.39641
v 12.0833 -10.5996 -5.54634
v 12.1416 -10.5389 -4.71456
v 12.1062 -10.4558 -3.93457
v 11.9762 -10.3651 -3.19
v 12.2448 -10.9254 10.2702
v 12.3048 -10.4209 11.0226
v 12.6031 -10.0215 11.7107
v 11.8612 -9.46114 -7.38413
v 12.1223 -9.44807 -6.58319
v 12.2788 -9.43007 -5.76893
v 12.3322 -9.40676 -4.95704
v 12.2841 -9.37771 -4.1632
v 12.1342 -9.34616 -3.38044
v 11.8826 -9.31532 -2.60178
v 12.3004 -9.53151 12.0022
v 12.2905 -8.83897 12.6016
v 12.2712 -8.93511 15.9675
v 12.7733 -9.47005 16.1827
v 11.918 -8.19253 -7.46591
v 12.1834 -8.18988 -6.67671
v 12.4713 -8.0026 -5.80416
v 12.4967 -8.00101 -5.03788
v 12.4674 -7.97377 -4.27242
v 12.1886 -8.16391 -3.45057
v 11.9263 -8.1554 -2.64339
v 12.4085 -8.43973 13.0282
v 12.5021 -8.08826 13.4434
v 12.6143 -7.69437 14.0965
v 12.2144 -8.17833 15.9247
v 12.7647 -8.54051 16.1987
v 11.881 -6.92236 -7.47579
v 12.4508 -6.77874 -6.81209
v 12.4898 -6.94176 -6.16388
v 12.4344 -6.82059 -5.72735
v 12.3922 -6.83314 -4.98051
v 12.5562 -7.07333 -4.01211
v 12.4568 -6.74836 -3.3121
v 11.9044 -6.917 -2.67096
v 11.8017 -7.17836 14.5364
v 12.6599 -7.44567 14.9345
v 12.5733 -7.50729 15.476
v 12.402 -5.79264 -6.95894
v 12.0678 -5.46834 -6.40521
v 12.1375 -5.71813 -5.78536
v 12.1685 -5.72564 -4.95426
v 12.2723 -5.9139 -4.05638
v 12.263 -5.73002 -3.38104
v 12.3027 -5.78347 -2.71029
v 12.5941 -4.09333 -7.69092
v 12.0922 -4.61979 -7.07557
v 11.8331 -4.66812 -6.39837
v 11.8846 -4.53761 -5.73627
v 11.9299 -4.44232 -4.89783
v 11.9815 -4.58395 -3.87381
v 12.0921 -4.55856 -3.27705
v 12.4756 -4.40445 -2.65813
v 12.4765 -3.31923 -7.78852
v 11.8558 -3.97895 -3.78473
v 11.8308 -3.84171 -3.21253
v 12.0781 -3.38016 -2.56802
v 12.2318 -2.55336 -7.88254
v 12.1482 -2.24696 -2.21342
v 12.4079 -1.07666 -8.04956
v 12.3462 -1.01558 -2.06023
v 12.64 0.147829 -8.02946
v 12.3511 0.0680891 -2.04862
v 12.8161 0.749084 -7.88972
v 12.0707 1.5111 -2.20584
v 11.9615 0.783314 -2.07158
v 11.8869 2.10525 -7.63308
v 12.0466 2.83475 -7.05636
v 12.3179 3.04885 -3.27651
v 12.2191 2.4031 -2.62114
v 12.1837 3.30744 -6.28898
v 12.2423 3.47492 -5.70058
v 12.2972 3.51487 -4.87205
v 12.3387 3.31643 -3.84115
v 12.3008 16.8892 -6.17438
v 12.312 16.7011 -5.57149
v 12.3038 16.7008 -4.89278
v 12.2503 16.857 -3.94407
v 12.0396 17.8326 -6.84865
v 12.4227 17.5748 -6.6488
v 12.3546 17.883 -3.719
v 11.8253 17.342 -3.44077
v 12.5829 19.0218 -7.11267
v 12.4959 19.0403 -4.04913
v 11.9653 20.5467 -7.4511
v 12.4802 20.2051 -4.04968
v 12.6633 20.9781 -7.62898
v 12.3926 21.3188 -3.95346
v 12.1586 22.1135 -7.72451
v 12.3836 22.4323 -3.86211
v 12.3648 23.7435 -7.71519
v 12.2894 23.5879 -3.85093
v 12.6007 25.2631 -7.37746
v 12.3527 24.8821 -3.90653
v 12.4311 26.2693 -6.97598
v 12.3669 25.9948 -3.90612
v 12.4445 27.2728 -6.33706
v 12.4096 27.5886 -5.59089
v 12.3985 27.6036 -4.87008
v 12.3006 27.2959 -3.85061
v 12.2569 27.2445 -3.55368
v 13.1089 -17.0285 11.1995
v 13.2284 -17.0169 12.1176
v 12.9015 -17.5186 12.9446
v 13.2736 -17.2339 13.4679
v 13.3368 -17.3168 14.2621
v 13.2638 -17.4143 14.922
v 13.2316 -17.2648 15.7766
v 13.019 -17.1879 16.2002
v 12.9553 -16.3912 7.09634
v 13.1699 -16.3139 8.03778
v 13.2242 -16.5046 9.07939
v 13.2786 -16.6336 10.1517
v 13.6045 -16.3692 11.1674
v 13.7512 -16.3462 12.0696
v 13.4587 -16.887 12.824
v 13.7397 -16.6974 13.3741
v 13.7863 -16.8691 14.2277
v 13.9308 -16.781 15.1567
v 13.7508 -16.7448 15.8742
v 13.366 -16.2389 16.5108
v 12.9632 -15.2947 5.27987
v 13.176 -15.1522 6.21564
v 13.3175 -15.4062 7.11177
v 13.6151 -15.0058 8.07365
v 13.7833 -15.1921 9.10036
v 13.8397 -15.6489 10.1464
v 13.3638 -15.3297 16.5859
v 12.9376 -14.2658 4.34818
v 13.0906 -14.3162 5.34455
v 13.2242 -13.778 6.33506
v 13.4413 -14.0191 7.21253
v 13.6733 -14.0455 8.14569
v 13.9024 -13.9935 9.17111
v 13.64 -14.2004 16.6695
v 13.0062 -13.404 5.46507
v 13.029 -13.0235 6.45782
v 13.1683 -12.9852 7.36389
v 13.3388 -12.9258 8.28908
v 13.7021 -12.9892 9.25654
v 13.4355 -12.4642 9.30756
v 13.7978 -12.4155 10.274
v 13.7053 -12.8146 16.7086
v 13.0784 -12.0042 9.35579
v 13.2447 -11.6735 10.2858
v 13.6103 -11.4616 11.1607
v 13.7338 -11.6446 16.6536
v 13.8344 -9.96136 -5.65375
v 13.9425 -10.4196 -4.02239
v 13.8395 -10.126 -3.38052
v 12.8886 -10.7723 11.0883
v 13.4673 -10.6658 11.8632
v 13.4634 -10.0466 12.4174
v 13.5964 -10.5041 16.4921
v 13.5574 -8.99818 -6.25263
v 13.3161 -9.02014 -5.32389
v 13.4698 -9.37704 -4.8382
v 13.4903 -9.36822 -4.10316
v 13.5332 -9.14188 -3.07422
v 13.7533 -9.335 -2.49104
v 13.3436 -9.43375 12.8468
v 13.4965 -9.06051 13.2901
v 13.3729 -9.38934 16.352
v 13.465 -7.85263 -7.01742
v 13.0993 -8.20892 -6.18965
v 12.9879 -8.265 -5.5436
v 12.9447 -8.22623 -4.86331
v 12.9449 -8.12563 -4.17789
v 13.1481 -8.03511 -3.25669
v 13.5182 -7.99909 -2.49004
v 13.8396 -8.37145 -2.01231
v 13.2766 -8.47822 13.6292
v 13.4102 -8.09732 14.2868
v 13.4504 -7.85274 15.1245
v 13.4267 -8.1577 15.9038
v 13.2908 -8.44893 16.2195
v 13.1483 -7.05575 -7.1371
v 12.9532 -7.10582 -3.0521
v 13.3252 -6.93031 -2.4841
v 13.8372 -6.63465 -2.04115
v 13.5161 -5.80848 -7.76582
v 12.9956 -6.13363 -7.41349
v 13.3015 -5.7946 -2.36305
v 13.3581 -4.63547 -7.89188
v 13.0149 -4.6776 -2.34678
v 13.7157 -4.47779 -2.01937
v 13.2932 -3.78265 -7.99997
v 12.8933 -3.07015 -2.16131
v 13.3297 -3.74585 -2.09834
v 13.3338 -2.47797 -8.1151
v 13.3956 -2.43879 -1.98742
v 13.4037 -0.885219 -8.109
v 13.4881 -0.857431 -1.9908
v 13.8532 0.132846 -7.82486
v 13.8295 -0.0486769 -2.14124
v 12.9868 1.22314 -7.64978
v 13.1351 1.59722 -7.30528
v 13.1495 1.19926 -2.46955
v 13.244 1.89859 -6.85183
v 13.3201 2.12102 -6.31399
v 13.3699 2.25833 -5.71625
v 13.4057 2.28708 -4.86852
v 13.4113 2.11151 -3.81828
v 13.373 1.88889 -3.25412
v 13.3552 17.1044 -5.61567
v 13.3548 17.078 -4.91403
v 13.2861 17.1251 -4.22012
v 13.7473 18.1547 -6.66776
v 13.4003 17.6344 -6.39356
v 13.4747 17.7721 -3.78928
v 13.4688 18.9127 -7.05394
v 13.377 19.0876 -4.0532
v 13.8728 20.3602 -7.47182
v 13.1038 19.8825 -7.3899
v 13.2865 20.1127 -3.99711
v 13.4457 21.4851 -7.72676
v 13.3007 21.2399 -3.86002
v 12.9416 22.6433 -7.82557
v 13.4146 22.4636 -3.83804
v 13.802 23.2176 -7.72955
v 13.3391 23.7619 -3.83348
v 13.2153 24.2999 -7.62482
v 13.3391 24.9119 -3.88631
v 13.4324 25.7417 -7.19886
v 13.4267 25.9622 -3.84987
v 13.562 26.7572 -6.73815
v 13.4437 27.2778 -6.35014
v 13.6858 27.6009 -5.59394
v 13.6895 27.6157 -4.86121
v 13.582 27.5677 -3.9163
v 13.3918 27.0705 -3.53577
v 13.9601 -16.2389 12.7787
v 14.2177 -16.1638 13.6615
v 14.2356 -16.3496 14.2258
v 14.403 -16.2357 14.8418
v 14.375 -16.1686 15.6248
v 14.1619 -16.1255 16.123
v 14.0626 -14.9669 10.1641
v 14.1273 -15.3493 11.1672
v 14.3203 -15.3124 12.0651
v 14.539 -15.193 12.7779
v 14.7889 -15.0854 13.5128
v 14.8422 -15.3913 14.2591
v 14.8424 -15.5927 14.8954
v 14.8371 -15.49 15.7
v 14.4732 -14.9917 16.5184
v 14.1661 -14.0638 10.2029
v 14.4268 -14.0576 11.1947
v 14.6814 -13.9748 12.0778
v 14.8995 -14.0701 12.7852
v 14.3798 -14.0006 16.771
v 14.7735 -12.4775 -2.78297
v 14.8316 -12.6041 -1.76414
v 14.0359 -12.9921 10.2538
v 14.2531 -12.6032 11.209
v 14.6619 -12.77 12.0699
v 14.9555 -12.9306 12.7692
v 14.3078 -12.8888 16.7782
v 14.9875 -11.8412 -5.38233
v 14.6549 -11.7251 -4.85221
v 14.4749 -11.6173 -3.90424
v 14.5145 -11.8809 -3.21058
v 14.4335 -11.8458 -2.385
v 14.3095 -11.4699 -1.79588
v 14.5828 -11.8031 -0.989936
v 14.9299 -11.6972 -0.356005
v 14.3089 -11.7826 12.0096
v 14.5852 -11.5088 12.6701
v 14.9792 -11.5563 13.2599
v 14.4835 -11.7022 16.7579
v 14.5274 -10.399 -6.24978
v 14.3897 -10.9133 -5.55153
v 14.0637 -10.6868 -4.66516
v 14.1114 -10.839 -3.00774
v 14.0264 -10.4703 -2.40808
v 14.1301 -10.4004 -1.65809
v 14.4774 -10.5824 -0.787424
v 14.9551 -10.3971 -0.206541
v 14.1076 -10.3986 12.7968
v 14.7552 -10.7007 13.4054
v 15.0133 -10.255 14.0771
v 14.2635 -10.5703 16.6811
v 14.4829 -9.77996 -6.69043
v 14.1173 -9.28699 -1.55703
v 14.6485 -9.42063 -0.805715
v 14.1814 -9.43038 13.6584
v 14.6107 -9.44988 14.1724
v 14.7692 -9.07767 15.0479
v 14.7531 -9.23834 15.9148
v 14.3942 -9.51886 16.4147
v 14.2912 -8.46463 -7.20506
v 14.301 -8.1543 -1.49909
v 14.8628 -7.90452 -1.08946
v 14.0789 -8.71205 14.2413
v 14.1672 -8.4535 14.8929
v 14.0567 -8.38342 15.6638
v 14.3642 -6.81131 -7.75748
v 14.4239 -7.05324 -1.61443
v 14.1724 -5.4539 -8.00795
v 14.3989 -5.48202 -1.77378
v 14.6679 -4.66471 -8.1561
v 14.5183 -4.44466 -1.76579
v 14.3585 -3.28881 -8.20871
v 14.5448 -3.66533 -1.79303
v 14.4302 -2.13632 -8.19188
v 14.4547 -2.34294 -1.86324
v 14.5052 -0.944916 -7.97507
v 14.7474 -0.605546 -2.32057
v 14.4082 -1.13254 -2.01094
v 14.5184 0.126794 -7.37956
v 14.3751 0.160247 -2.59881
v 14.2426 0.816168 -6.89117
v 14.3234 0.988188 -6.34211
v 14.3704 1.09583 -5.73149
v 14.389 1.11419 -4.86536
v 14.357 0.96345 -3.79274
v 14.2911 0.785469 -3.21703
v 14.6492 18.1017 -6.30073
v 14.4134 17.604 -5.6154
v 14.4122 17.5765 -4.91371
v 14.4247 17.9093 -3.94845
v 14.3488 18.9687 -6.90977
v 14.4627 18.9846 -3.82655
v 14.9723 19.9067 -7.08288
v 14.4686 20.1603 -4.02571
v 14.673 20.9234 -7.41314
v 14.3373 21.3105 -3.97095
v 14.2854 22.0596 -7.64384
v 14.4989 22.4095 -3.96167
v 14.6643 23.7859 -7.48433
v 14.5112 23.6659 -3.9857
v 14.4685 25.0663 -7.23878
v 14.39 24.8614 -3.94388
v 14.1985 26.1368 -6.93965
v 14.8139 26.4377 -6.6237
v 14.5803 25.8665 -3.7141
v 14.4636 26.3951 -3.56691
v 14.2763 27.0537 -6.35933
v 14.5869 27.2957 -5.60353
v 14.6014 27.3089 -4.86476
v 14.4684 27.2546 -3.91997
v 14.2365 26.9358 -3.5099
v 15.228 -14.8666 14.9366
v 15.2332 -14.7391 15.7573
v 15.1282 -13.8724 13.3612
v 15.2861 -14.0088 13.9597
v 15.5288 -14.0705 14.9652
v 15.5412 -13.921 15.7956
v 15.2753 -13.8775 16.3136
v 15.9564 -12.5073 -5.32043
v 15.441 -12.6736 -4.58175
v 15.4207 -12.9588 -3.94697
v 15.3708 -13.0226 -3.25139
v 15.5161 -13.1131 -2.50393
v 15.4498 -13.0094 -1.81277
v 15.4778 -12.5941 -0.960869
v 15.6658 -12.3635 -0.507396
v 15.2681 -12.7427 13.504
v 15.5518 -13.1751 14.2953
v 15.7548 -12.9438 14.9723
v 15.745 -13.0612 15.8115
v 15.3208 -13.0273 16.4644
v 15.4645 -11.7862 -5.8167
v 15.3481 -11.665 -0.0343935
v 15.2778 -11.6528 13.7695
v 15.5532 -11.7935 14.2489
v 15.7532 -11.5194 14.9241
v 15.8021 -11.7522 15.7811
v 15.3824 -11.7433 16.4372
v 15.5917 -10.5199 -6.60854
v 15.2029 -10.9457 0.0691019
v 15.8698 -10.8 0.428407
v 15.2516 -10.51 14.3514
v 15.5455 -10.7007 14.8504
v 15.5705 -10.4878 15.6874
v 15.1787 -10.5109 16.3474
v 15.4004 -9.13134 -7.15047
v 15.3704 -9.55196 -0.102928
v 15.2414 -9.84372 14.968
v 15.2242 -9.70862 15.5838
v 15.1692 -7.64942 -7.6279
v 15.0368 -8.54439 -0.736252
v 15.7246 -8.35015 -0.326284
v 15.8091 -6.99644 -7.75885
v 15.5416 -6.94989 -0.985412
v 15.2035 -5.77008 -8.02647
v 15.3142 -5.68973 -1.41174
v 15.7784 -6.11763 -1.13722
v 15.7283 -5.08079 -8.06472
v 15.6759 -4.48868 -1.5233
v 15.1312 -3.92698 -8.20178
v 15.6634 -3.08675 -8.07404
v 15.6812 -3.3528 -1.73905
v 15.6185 -2.14851 -7.88883
v 15.9599 -2.21231 -2.31525
v 15.3751 -2.2467 -1.93965
v 15.5032 -1.36285 -7.60515
v 15.722 -1.03701 -6.94115
v 15.8069 -0.892819 -6.36866
v 15.8507 -0.806202 -5.73194
v 15.8572 -0.7794 -5.05749
v 15.7991 -0.861054 -4.0415
v 15.6686 -1.05299 -3.11181
v 15.4411 -1.36544 -2.42593
v 15.0429 -0.138092 -6.93355
v 15.1276 0.00909912 -6.37212
v 15.1742 0.0994761 -5.7475
v 15.1827 0.11136 -4.86143
v 15.1258 -0.0231139 -3.76437
v 15.042 -0.179268 -3.17582
v 15.4195 18.3753 -5.90228
v 15.4533 18.2894 -5.48722
v 15.4392 18.29 -4.91092
v 15.3572 18.3273 -4.20617
v 15.1908 19.1071 -6.69853
v 15.767 18.9581 -6.16638
v 16.0542 18.9318 -5.49227
v 16.04 18.9325 -4.90909
v 15.5511 18.912 -3.82741
v 15.6683 20.4987 -6.97217
v 15.8235 19.7074 -6.6452
v 15.4864 20.0767 -3.76429
v 15.4435 21.5116 -7.2407
v 15.6843 21.311 -3.84459
v 15.1149 22.6432 -7.42148
v 15.4506 22.4511 -3.97058
v 15.8666 23.1774 -7.10093
v 15.6513 23.6633 -3.87217
v 15.7735 24.5002 -6.93778
v 15.3712 24.7047 -3.80994
v 16.0519 24.8233 -3.59801
v 15.5047 25.6657 -6.7032
v 15.5573 26.2607 -6.29434
v 15.9852 25.9545 -3.78725
v 15.4812 26.0102 -3.56246
v 15.455 26.7652 -5.61532
v 15.4775 26.7775 -4.87315
v 15.3147 26.7195 -3.9378
v 16.7504 -12.9086 -4.95027
v 16.6987 -13.3671 -4.02725
v 16.6838 -13.4092 -3.08258
v 16.5909 -13.2381 -2.37332
v 16.5698 -12.8674 -1.632
v 16.6399 -12.4122 -0.844177
v 16.1274 -11.511 -6.12329
v 16.646 -12.2706 -5.60377
v 16.3931 -12.0399 -0.23167
v 16.5767 -11.3703 0.352038
v 16.3262 -10.0413 -6.81667
v 16.8978 -11.0801 -6.30947
v 16.5658 -10.3261 0.671316
v 17.0908 -9.47467 -6.91148
v 16.695 -9.27778 0.526471
v 16.7793 -7.94909 -7.3826
v 16.7898 -8.00798 0.0385524
v 16.483 -7.29286 -0.438006
v 16.6398 -6.05151 -7.74646
v 16.5873 -5.97822 -0.96374
v 16.1504 -4.48488 -8.00436
v 16.7252 -4.42558 -1.58255
v 16.6952 -5.19022 -1.25511
v 16.6047 -3.76841 -7.70708
v 16.9662 -3.09001 -6.94713
v 16.7584 -3.33668 -2.22314
v 16.3067 -3.18976 -1.97198
v 16.2939 -2.06542 -7.12073
v 16.7618 -2.28281 -6.20809
v 16.7847 -2.17189 -5.56457
v 17.0657 -2.58012 -4.79706
v 16.7032 -2.11873 -4.1925
v 16.4738 -2.07944 -3.35328
v 16.7201 -2.71846 -2.84066
v 16.4621 -1.65766 -4.97093
v 16.4224 20.0176 -6.23081
v 16.7878 20.2737 -5.57754
v 16.7447 20.1761 -4.90664
v 16.5014 20.1541 -3.9451
v 16.2454 21.0833 -6.79264
v 16.8375 21.3093 -6.27607
v 17.1694 21.7248 -4.59946
v 16.6558 21.4468 -3.76164
v 16.3937 22.2827 -6.82124
v 17.0144 22.7409 -6.30581
v 16.7093 22.8536 -3.80072
v 16.473 23.6038 -6.72345
v 16.9775 23.9308 -6.12567
v 17.1803 24.0457 -5.49531
v 17.1683 24.0465 -4.89933
v 16.8587 23.991 -3.87424
v 16.3557 23.8649 -3.61665
v 16.6275 25.0142 -6.12489
v 16.8436 25.1244 -5.49046
v 16.8332 25.1251 -4.89323
v 16.6259 25.076 -3.98451
v 16.3318 24.9623 -3.60957
v 16.1557 26.0017 -5.90805
v 16.2539 26.042 -5.48394
v 16.2455 26.0425 -4.88357
v 16.1261 26.0167 -4.13661
v 17.8691 -12.4883 -5.19925
v 17.7969 -13.0109 -4.58762
v 17.9061 -13.2102 -4.03487
v 17.736 -13.2894 -3.47432
v 17.4947 -13.0236 -2.39053
v 18.1837 -12.5837 -2.01792
v 17.7949 -12.3015 -1.33732
v 17.8319 -11.658 -5.79207
v 17.4789 -11.9731 -0.638417
v 17.6291 -11.3514 0.0834319
v 17.6974 -10.5579 -6.38261
v 17.6231 -10.4116 0.769663
v 17.8054 -8.8865 -6.89952
v 17.8378 -9.17646 0.87403
v 18.2029 -9.77242 0.9922
v 17.7685 -8.36312 0.511281
v 17.8474 -6.81471 -7.19732
v 17.8326 -6.48162 -0.674327
v 17.7487 -7.164 -0.213155
v 17.2457 -5.2427 -7.53244
v 18.0579 -5.46911 -1.64827
v 17.4524 -5.67553 -1.1125
v 17.6075 -4.6119 -7.06037
v 17.8035 -4.12981 -6.37705
v 18.2412 -4.58475 -3.46311
v 17.8768 -4.51732 -2.55484
v 17.4304 -4.6297 -1.80536
v 17.8205 -3.78938 -5.38279
v 17.7315 -3.61815 -4.50691
v 17.6062 -3.54825 -3.8317
v 17.4384 -3.53896 -3.18275
v 17.2308 -3.60563 -2.59615
v 17.2076 21.7233 -5.49968
v 17.2062 21.724 -5.05732
v 17.2118 22.8477 -5.91756
v 17.2921 22.8854 -5.49842
v 17.2792 22.8864 -4.90283
v 18.9383 -12.5372 -4.60662
v 19.0226 -12.7964 -3.9746
v 18.8739 -12.8668 -3.33411
v 18.5688 -12.784 -2.6827
v 18.6621 -12.0823 -5.22326
v 19.0154 -12.1529 -1.86386
v 18.6497 -11.8423 -1.17127
v 18.3346 -11.4999 -0.463217
v 18.4481 -10.009 -6.3501
v 18.9935 -10.928 -5.76536
v 19.1459 -11.0846 -0.306632
v 18.8533 -10.3053 0.632886
v 19.0715 -9.49773 -6.21932
v 18.8786 -9.03012 0.846978
v 18.8296 -9.45635 0.989705
v 18.3898 -8.34316 -6.78735
v 18.8453 -7.84537 -6.57826
v 19.1507 -7.92864 0.0890509
v 18.8046 -8.33147 0.524756
v 19.173 -7.39385 -6.27551
v 19.1285 -6.44895 -1.90574
v 19.2236 -7.20679 -0.827706
v 18.7569 -7.17566 -0.422913
v 18.3517 -6.10422 -6.80967
v 18.587 -5.54601 -6.17746
v 19.2045 -5.93633 -3.94987
v 18.8695 -5.62821 -3.01086
v 18.5808 -5.49446 -2.40977
v 18.7421 -6.34562 -1.38856
v 18.3094 -6.34839 -0.966897
v 18.6331 -5.10938 -5.37359
v 18.5596 -4.88986 -4.76003
v 18.4246 -4.71687 -4.11584
v 19.7637 -12.4252 -3.86769
v 19.6376 -12.4912 -3.21018
v 19.3664 -12.3848 -2.54286
v 19.4134 -11.6397 -5.15214
v 19.8705 -11.6746 -4.75484
v 20.3334 -11.7437 -4.34758
v 20.3407 -12.1145 -3.03054
v 20.112 -11.9952 -2.36353
v 19.8005 -11.7467 -1.68842
v 19.4605 -11.4247 -1.0034
v 19.8914 -10.2335 -5.50052
v 20.1636 -11.0108 -0.887555
v 20.1146 -10.4677 -0.224584
v 19.7821 -10.1319 0.349802
v 19.5629 -9.02278 -5.99507
v 20.308 -9.16529 -0.0694886
v 19.7149 -9.25648 0.59246
v 20.0241 -8.37967 -5.48376
v 20.1975 -7.80257 -4.80955
v 20.317 -7.82797 -2.49058
v 20.0522 -8.15507 -0.755258
v 19.7517 -8.32165 -0.0693821
v 19.4297 -8.55872 0.452443
v 19.4119 -6.81095 -5.64228
v 20.0373 -7.25534 -3.88742
v 19.7524 -6.87669 -3.09233
v 19.466 -6.63408 -2.48486
v 20.0055 -7.55785 -1.89502
v 19.6404 -7.3425 -1.32956
v 19.4186 -6.32081 -4.85488
v 20.644 -11.6966 -3.9087
v 21.1326 -11.451 -3.40925
v 21.0454 -11.434 -2.48778
v 20.4785 -11.333 -1.55244
v 20.7723 -10.5854 -4.60201
v 21.1937 -10.4658 -3.97413
v 21.436 -10.5808 -3.29577
v 21.4654 -10.4877 -2.53391
v 21.1295 -10.6164 -1.5795
v 20.8443 -10.3026 -0.952563
v 20.6357 -9.38741 -4.86128
v 20.8149 -8.80963 -4.18586
v 21.2267 -9.47519 -3.32989
v 21.015 -8.98307 -2.4922
v 21.1279 -9.56777 -1.69037
v 20.6709 -9.12311 -0.79121
v 20.6753 -9.74658 -0.410952
v 20.7477 -8.4558 -3.65384
v 20.5731 -8.12792 -3.0828
v 20.7487 -8.6737 -1.90111
v 20.4273 -8.39053 -1.30818
f 3649 3487 3483
f 3649 3483 3643
f 3487 3311 3309
f 3487 3309 3483
f 3303 3477 3483
f 3303 3483 3309
f 3477 3638 3643
f 3477 3643 3483
f 3311 3130 3128
f 3311 3128 3309
f 3130 2947 2945
f 3130 2945 3128
f 2943 3125 3128
f 2943 3128 2945
f 3125 3303 3309
f 3125 3309 3128
f 2940 3119 3125
f 2940 3125 2943
f 3119 3297 3303
f 3119 3303 3125
f 3297 3472 3477
f 3297 3477 3303
f 3472 3634 3638
f 3472 3638 3477
f 2947 2797 2795
f 2947 2795 2945
f 2797 2673 2671
f 2797 2671 2795
f 2669 2793 2795
f 2669 2795 2671
f 2793 2943 2945
f 2793 2945 2795
f 2673 2556 2554
f 2673 2554 2671
f 2556 2439 2437
f 2556 2437 2554
f 2554 2437 2435
f 2554 2435 2552
f 2552 2669 2671
f 2552 2671 2554
f 2551 2435 2334
f 2551 2334 2549
f 2549 2667 2669
f 2549 2669 2551
f 2669 2552 2551
f 2552 2435 2551
f 2667 2791 2793
f 2667 2793 2669
f 2791 2940 2943
f 2791 2943 2793
f 2926 3109 3114
f 3109 3284 3291
f 3109 3291 3114
f 3114 2933 2926
f 3284 3456 3468
f 3284 3468 3291
f 3456 3618 3630
f 3456 3630 3468
f 3291 3468 3472
f 3291 3472 3297
f 3468 3630 3634
f 3468 3634 3472
f 3297 3119 3114
f 3119 2940 2933
f 3119 2933 3114
f 3114 3291 3297
f 3649 3643 3830
f 3649 3830 3838
f 3643 3638 3822
f 3643 3822 3830
f 3821 3829 3830
f 3821 3830 3822
f 3829 3837 3838
f 3829 3838 3830
f 3638 3634 3815
f 3638 3815 3822
f 3814 3821 3822
f 3814 3822 3815
f 4013 4019 4020
f 4013 4020 4014
f 3821 3814 4014
f 3821 4014 4020
f 4019 4026 4027
f 4019 4027 4020
f 4026 4036 4037
f 4026 4037 4027
f 3837 3829 4027
f 3837 4027 4037
f 3829 3821 4020
f 3829 4020 4027
f 3634 3630 3809
f 3634 3809 3815
f 3808 3814 3815
f 3808 3815 3809
f 3630 3618 3794
f 3630 3794 3809
f 3793 3808 3809
f 3793 3809 3794
f 3988 4006 4007
f 3988 4007 3989
f 3808 3793 3989
f 3808 3989 4007
f 4006 4014 4007
f 4006 4013 4014
f 3814 3808 4007
f 3814 4007 4014
f 3981 4189 4190
f 4189 4206 4207
f 4189 4207 4190
f 4208 4191 4190
f 4208 4190 4207
f 4191 3986 4190
f 4206 4215 4216
f 4206 4216 4207
f 4217 4208 4207
f 4217 4207 4216
f 4013 4006 4005
f 4013 4005 4218
f 4208 4217 4218
f 4208 4218 4005
f 4006 3988 3987
f 4006 3987 4005
f 3986 4191 4005
f 3986 4005 3987
f 4191 4208 4005
f 4215 4226 4227
f 4215 4227 4216
f 4228 4217 4216
f 4228 4216 4227
f 4226 4239 4240
f 4226 4240 4227
f 4239 4249 4250
f 4239 4250 4240
f 4251 4241 4240
f 4251 4240 4250
f 4241 4228 4227
f 4241 4227 4240
f 4036 4026 4242
f 4036 4242 4252
f 4026 4019 4229
f 4026 4229 4242
f 4228 4241 4242
f 4228 4242 4229
f 4241 4251 4252
f 4241 4252 4242
f 4019 4013 4218
f 4019 4218 4229
f 4217 4228 4229
f 4217 4229 4218
f 3649 3653 3489
f 3649 3489 3487
f 3313 3311 3487
f 3313 3487 3489
f 3653 3492 3493
f 3653 3493 3489
f 3492 3495 3318
f 3492 3318 3493
f 3319 3315 3493
f 3319 3493 3318
f 3315 3313 3489
f 3315 3489 3493
f 2954 2951 3134
f 2954 3134 3137
f 2951 2949 3132
f 2951 3132 3134
f 3313 3315 3134
f 3313 3134 3132
f 3315 3319 3137
f 3315 3137 3134
f 2949 2947 3130
f 2949 3130 3132
f 3311 3313 3132
f 3311 3132 3130
f 3495 3498 3321
f 3495 3321 3318
f 3139 3140 3318
f 3139 3318 3321
f 3140 3319 3318
f 3498 3324 3325
f 3498 3325 3321
f 3324 3328 3146
f 3324 3146 3325
f 3147 3143 3325
f 3147 3325 3146
f 3143 3139 3321
f 3143 3321 3325
f 2811 2809 2959
f 2811 2959 2962
f 2809 2806 2956
f 2809 2956 2959
f 3139 3143 2959
f 3139 2959 2956
f 3143 3147 2962
f 3143 2962 2959
f 2806 2957 2956
f 2957 2954 3137
f 2957 3137 2956
f 3319 3140 2956
f 3319 2956 3137
f 3140 3139 2956
f 3328 3145 3146
f 3328 3331 3149
f 3328 3149 3145
f 2965 2961 3145
f 2965 3145 3149
f 2961 3147 3146
f 2961 3146 3145
f 3331 3152 3153
f 3331 3153 3149
f 3152 3151 2967
f 3152 2967 3153
f 2968 3153 2967
f 2968 2965 3149
f 2968 3149 3153
f 2692 2817 2816
f 2817 2814 2813
f 2965 2968 2817
f 2965 2817 2813
f 2968 2816 2817
f 2814 2962 2813
f 2814 2811 2962
f 3147 2961 2962
f 2961 2965 2813
f 2961 2813 2962
f 3151 3157 2972
f 3151 2972 2967
f 3157 2975 2971
f 3157 2971 2972
f 2820 2972 2971
f 2820 2968 2967
f 2820 2967 2972
f 2975 2974 2823
f 2975 2823 2971
f 2974 2978 2826
f 2974 2826 2823
f 2823 2820 2971
f 2703 2699 2702
f 2699 2695 2820
f 2820 2823 2699
f 2823 2826 2702
f 2823 2702 2699
f 2695 2696 2821
f 2695 2821 2820
f 2696 2692 2816
f 2696 2816 2821
f 2968 2820 2821
f 2968 2821 2816
f 2978 2974 3161
f 2974 2975 3161
f 3339 3160 3161
f 3160 3164 2978
f 3160 2978 3161
f 2975 3157 3156
f 2975 3156 3161
f 3157 3151 3333
f 3157 3333 3156
f 3510 3335 3156
f 3510 3156 3333
f 3335 3339 3161
f 3335 3161 3156
f 3865 3513 3674
f 3513 3512 3338
f 3339 3335 3513
f 3339 3513 3338
f 3335 3510 3674
f 3335 3674 3513
f 3512 3345 3346
f 3512 3346 3338
f 3345 3164 3346
f 3164 3160 3346
f 3160 3339 3338
f 3160 3338 3346
f 3151 3152 3333
f 3152 3331 3333
f 3506 3508 3333
f 3506 3333 3331
f 3508 3510 3333
f 3331 3328 3504
f 3667 3503 3504
f 3503 3506 3331
f 3503 3331 3504
f 3856 3860 3666
f 3856 3666 3667
f 3860 3862 3669
f 3860 3669 3666
f 3506 3503 3666
f 3506 3666 3669
f 3503 3667 3666
f 3862 3863 3671
f 3862 3671 3669
f 3863 3865 3674
f 3863 3674 3671
f 3510 3508 3671
f 3510 3671 3674
f 3508 3506 3669
f 3508 3669 3671
f 4750 4786 4754
f 4750 4754 4751
f 4786 4788 4789
f 4786 4789 4754
f 4790 4755 4754
f 4790 4754 4789
f 4755 4716 4751
f 4755 4751 4754
f 4788 4816 4789
f 4816 4823 4789
f 4792 4790 4789
f 4792 4789 4823
f 4757 4758 4755
f 4757 4755 4793
f 4790 4793 4755
f 4790 4792 4793
f 4758 4721 4755
f 4721 4718 4755
f 4716 4755 4718
f 3517 3678 3677
f 3517 3677 3516
f 3678 3869 3868
f 3678 3868 3677
f 3344 3517 3516
f 3344 3516 3343
f 3517 3344 3345
f 3517 3345 3512
f 3512 3513 3679
f 3513 3865 3864
f 3513 3864 3679
f 3869 3678 3679
f 3869 3679 3864
f 3678 3517 3512
f 3678 3512 3679
f 3328 3324 3501
f 3328 3501 3504
f 3324 3498 3661
f 3324 3661 3501
f 3660 3664 3501
f 3660 3501 3661
f 3664 3667 3504
f 3664 3504 3501
f 3498 3495 3658
f 3498 3658 3661
f 3850 3660 3661
f 3850 3661 3658
f 4048 4052 3849
f 4048 3849 3844
f 4052 3852 3853
f 4052 3853 3849
f 3660 3850 3849
f 3660 3849 3853
f 3850 3844 3849
f 3852 3856 3857
f 3852 3857 3853
f 3856 3667 3857
f 3667 3664 3857
f 3664 3660 3853
f 3664 3853 3857
f 3495 3492 3655
f 3495 3655 3658
f 3492 3653 3652
f 3492 3652 3655
f 3841 3845 3655
f 3841 3655 3652
f 3845 3850 3658
f 3845 3658 3655
f 3653 3649 3838
f 3653 3838 3652
f 3837 3841 3652
f 3837 3652 3838
f 4036 4043 4044
f 4036 4044 4037
f 3841 4037 4044
f 3841 3837 4037
f 4043 4048 4049
f 4043 4049 4044
f 4048 3844 4049
f 3850 3845 4049
f 3850 4049 3844
f 3845 3841 4044
f 3845 4044 4049
f 4249 4257 4258
f 4249 4258 4250
f 4258 4251 4250
f 4262 4258 4257
f 4048 4043 4042
f 4048 4042 4047
f 4258 4047 4042
f 4258 4262 4047
f 4043 4036 4035
f 4043 4035 4042
f 4036 4252 4035
f 4251 4035 4252
f 4251 4258 4042
f 4251 4042 4035
f 4562 4650 4563
f 4650 4651 4563
f 4654 4564 4563
f 4654 4563 4651
f 4564 4563 4562
f 4564 4562 4563
f 4650 4713 4715
f 4650 4715 4651
f 4713 4750 4751
f 4713 4751 4715
f 4716 4715 4751
f 4716 4654 4651
f 4716 4651 4715
f 4718 4658 4655
f 4658 4579 4655
f 4654 4716 4655
f 4716 4718 4655
f 4579 4571 4655
f 4563 4564 4571
f 4563 4571 4473
f 4564 4654 4655
f 4564 4655 4571
f 2978 3165 2979
f 2978 3164 3170
f 2978 3170 3165
f 3170 3171 2979
f 3170 2979 3165
f 3164 3169 3170
f 3164 3345 3353
f 3164 3353 3169
f 3354 3169 3353
f 3354 3170 3169
f 3527 3528 3359
f 3528 3529 3359
f 3170 3354 3359
f 3354 3527 3359
f 3529 3360 3359
f 3360 3361 3174
f 3171 3170 3360
f 3171 3360 3174
f 3170 3359 3360
f 3345 3344 3352
f 3345 3352 3353
f 3344 3343 3351
f 3344 3351 3352
f 3682 3683 3525
f 3682 3525 3524
f 3352 3351 3524
f 3352 3524 3525
f 3683 3526 3525
f 3354 3353 3526
f 3354 3526 3527
f 3353 3352 3525
f 3353 3525 3526
f 4070 4071 3877
f 4070 3877 3876
f 4071 4072 3878
f 4071 3878 3877
f 4072 4073 3879
f 4072 3879 3878
f 4073 3885 3880
f 4073 3880 3879
f 3699 3879 3880
f 3527 3526 3692
f 3527 3692 3693
f 3526 3683 3691
f 3526 3691 3692
f 3878 3879 3692
f 3878 3692 3691
f 3879 3699 3693
f 3879 3693 3692
f 3683 3682 3691
f 3682 3690 3691
f 3876 3877 3691
f 3876 3691 3690
f 3877 3878 3691
f 3885 3886 3881
f 3885 3881 3880
f 3886 3887 3701
f 3886 3701 3881
f 3700 3699 3881
f 3700 3881 3701
f 3699 3880 3881
f 3887 3703 3701
f 3703 3537 3701
f 3537 3536 3701
f 3536 3700 3701
f 3361 3360 3534
f 3361 3534 3364
f 3360 3529 3533
f 3360 3533 3534
f 3700 3536 3534
f 3700 3534 3533
f 3536 3537 3364
f 3536 3364 3534
f 3529 3528 3694
f 3529 3694 3533
f 3528 3527 3693
f 3528 3693 3694
f 3699 3694 3693
f 3699 3700 3533
f 3699 3533 3694
f 3703 3704 3541
f 3704 3708 3543
f 3704 3543 3541
f 3373 3371 3541
f 3373 3541 3543
f 3708 3712 3545
f 3708 3545 3543
f 3712 3716 3547
f 3712 3547 3545
f 3378 3376 3545
f 3378 3545 3547
f 3376 3373 3543
f 3376 3543 3545
f 2999 3190 3192
f 3190 3187 3374
f 3373 3376 3190
f 3373 3190 3374
f 3376 3378 3192
f 3376 3192 3190
f 3187 3185 3371
f 3187 3371 3374
f 3371 3373 3374
f 3716 3719 3549
f 3716 3549 3547
f 3719 3551 3549
f 3382 3380 3549
f 3382 3549 3551
f 3380 3378 3547
f 3380 3547 3549
f 3551 3555 3384
f 3555 3554 3384
f 3199 3385 3384
f 3385 3382 3551
f 3385 3551 3384
f 3006 3004 3199
f 3004 3196 3199
f 3382 3385 3199
f 3382 3199 3196
f 3004 3002 3194
f 3004 3194 3196
f 3002 2999 3192
f 3002 3192 3194
f 3378 3380 3194
f 3378 3194 3192
f 3380 3382 3196
f 3380 3196 3194
f 4070 4078 4079
f 4070 4079 4071
f 4080 4072 4071
f 4080 4071 4079
f 4078 4087 4088
f 4078 4088 4079
f 4089 4080 4079
f 4089 4079 4088
f 4101 4091 4090
f 4091 4082 4081
f 4091 4081 4090
f 4080 4089 4090
f 4080 4090 4081
f 4082 3885 4073
f 4082 4073 4081
f 4072 4080 4081
f 4072 4081 4073
f 4683 4740 4687
f 4740 4743 4687
f 4691 4688 4687
f 4691 4687 4743
f 4688 4684 4683
f 4688 4683 4687
f 4701 4696 4695
f 4701 4695 4700
f 4696 4691 4743
f 4696 4743 4695
f 4702 4696 4701
f 3554 3555 3726
f 3555 3551 3721
f 3555 3721 3726
f 3909 3725 3726
f 3909 3726 3721
f 3725 3554 3726
f 3551 3719 3718
f 3551 3718 3721
f 3719 3716 3715
f 3719 3715 3718
f 3899 3903 3718
f 3899 3718 3715
f 3903 3909 3721
f 3903 3721 3718
f 4101 4108 3902
f 4101 3902 3898
f 4108 3908 3902
f 3909 3903 3902
f 3909 3902 3908
f 3903 3899 3898
f 3903 3898 3902
f 3916 3915 3724
f 3725 3916 3724
f 3725 3909 3908
f 3725 3908 3916
f 3716 3712 3711
f 3716 3711 3715
f 3712 3708 3707
f 3712 3707 3711
f 3891 3895 3711
f 3891 3711 3707
f 3895 3899 3715
f 3895 3715 3711
f 3708 3704 3707
f 3704 3703 3707
f 3887 3891 3707
f 3887 3707 3703
f 3885 4082 3890
f 3885 3890 3886
f 3891 3887 3886
f 3891 3886 3890
f 4082 4091 3894
f 4082 3894 3890
f 4091 4101 3898
f 4091 3898 3894
f 3899 3895 3894
f 3899 3894 3898
f 3895 3891 3890
f 3895 3890 3894
f 3554 3388 3389
f 3554 3389 3384
f 3388 3391 3204
f 3388 3204 3389
f 3205 3201 3389
f 3205 3389 3204
f 3201 3199 3384
f 3201 3384 3389
f 3391 3393 3208
f 3391 3208 3204
f 3393 3212 3213
f 3393 3213 3208
f 3018 3013 3208
f 3018 3208 3213
f 3013 3205 3204
f 3013 3204 3208
f 2859 2855 3014
f 2859 3014 2858
f 2855 2853 3010
f 2855 3010 3014
f 3205 3013 3014
f 3205 3014 3010
f 3013 3018 2858
f 3013 2858 3014
f 2853 2850 3008
f 2853 3008 3010
f 2850 3006 3199
f 2850 3199 3008
f 3199 3201 3008
f 3201 3205 3010
f 3201 3010 3008
f 3212 3017 3213
f 3212 3025 3026
f 3212 3026 3017
f 2865 3018 3017
f 2865 3017 3026
f 3018 3213 3017
f 2864 2865 3026
f 2864 3026 3025
f 2751 2738 2865
f 2751 2865 2864
f 2738 2734 2858
f 2738 2858 2865
f 2734 2859 2858
f 3018 2865 2858
f 4645 4706 4705
f 4645 4705 4644
f 4706 4701 4700
f 4706 4700 4705
f 4437 4548 4547
f 4437 4547 4436
f 4548 4645 4644
f 4548 4644 4547
f 4438 4549 4548
f 4438 4548 4437
f 4549 4642 4645
f 4549 4645 4548
f 4642 4641 4645
f 4642 4702 4701
f 4642 4701 4641
f 4701 4706 4641
f 4706 4645 4641
f 3409 3401 3400
f 3409 3400 3408
f 3401 3575 3574
f 3401 3574 3400
f 3032 3220 3219
f 3032 3219 3031
f 3220 3409 3408
f 3220 3408 3219
f 3034 3222 3221
f 3034 3221 3033
f 3409 3220 3221
f 3220 3032 3033
f 3220 3033 3221
f 3222 3403 3402
f 3222 3402 3221
f 3403 3577 3576
f 3403 3576 3402
f 3575 3401 3402
f 3575 3402 3576
f 3401 3409 3221
f 3401 3221 3402
f 3223 3025 3224
f 3223 3024 3025
f 3025 3212 3211
f 3025 3211 3224
f 3212 3406 3211
f 3405 3211 3406
f 3405 3223 3224
f 3405 3224 3211
f 3577 3403 3404
f 3403 3222 3223
f 3403 3223 3404
f 3223 3405 3404
f 3222 3034 3023
f 3024 3223 3222
f 3024 3222 3023
f 3212 3393 3406
f 3393 3391 3561
f 3560 3569 3393
f 3560 3393 3561
f 3569 3405 3406
f 3569 3406 3393
f 3391 3388 3557
f 3391 3557 3561
f 3388 3554 3557
f 3725 3557 3554
f 3557 3560 3561
f 3915 3731 3732
f 3915 3732 3724
f 3731 3738 3560
f 3731 3560 3732
f 3560 3557 3732
f 3557 3725 3724
f 3557 3724 3732
f 3738 3568 3560
f 3568 3577 3404
f 3405 3569 3568
f 3405 3568 3404
f 3569 3560 3568
f 2926 2786 2660
f 2926 2660 2781
f 2786 2661 2542
f 2786 2542 2660
f 2539 2657 2660
f 2539 2660 2542
f 2657 2776 2781
f 2657 2781 2660
f 2661 2543 2429
f 2661 2429 2542
f 2543 2430 2429
f 2426 2539 2542
f 2426 2542 2429
f 2425 2327 2424
f 2424 2535 2538
f 2424 2538 2425
f 2539 2426 2425
f 2539 2425 2538
f 2426 2327 2425
f 2535 2536 2656
f 2535 2656 2538
f 2536 2654 2656
f 2776 2657 2656
f 2657 2539 2538
f 2657 2538 2656
f 2751 2864 2750
f 2864 2875 2750
f 2864 3025 2863
f 2864 2863 2875
f 3025 3024 2863
f 3024 2875 2863
f 3033 2873 2874
f 3033 2874 3034
f 2875 3034 2874
f 2875 3024 3023
f 2875 3023 3034
f 2873 2748 2749
f 2873 2749 2874
f 2750 2875 2874
f 2750 2874 2749
f 2872 3032 3031
f 2872 3031 2871
f 2747 2872 2871
f 2747 2871 2746
f 2872 2747 2748
f 2872 2748 2873
f 3032 2872 2873
f 3032 2873 3033
f 2628 2747 2746
f 2628 2746 2627
f 2510 2628 2627
f 2510 2627 2509
f 2512 2630 2629
f 2512 2629 2511
f 2628 2510 2511
f 2628 2511 2629
f 2747 2628 2629
f 2747 2629 2748
f 2703 2702 2827
f 2702 2826 2827
f 2983 2829 2827
f 2983 2827 2826
f 2829 2705 2703
f 2829 2703 2827
f 2826 2978 2979
f 3171 2982 2979
f 2982 2983 2826
f 2982 2826 2979
f 3361 3175 3174
f 3175 3176 2986
f 2983 2982 3175
f 2983 3175 2986
f 2982 3171 3174
f 2982 3174 3175
f 3176 2987 2831
f 3176 2831 2986
f 2987 2832 2831
f 2705 2829 2831
f 2829 2983 2986
f 2829 2986 2831
f 3703 3541 3538
f 3703 3538 3537
f 3541 3371 3368
f 3541 3368 3538
f 3368 3367 3538
f 3367 3537 3538
f 3371 3182 3368
f 3371 3185 3182
f 2992 3181 3182
f 3181 3368 3182
f 2832 2987 2989
f 2987 3176 3179
f 2987 3179 2989
f 3368 3181 2989
f 3368 2989 3179
f 3181 2992 2989
f 3176 3175 3365
f 3176 3365 3179
f 3175 3361 3364
f 3175 3364 3365
f 3537 3367 3365
f 3537 3365 3364
f 3367 3368 3179
f 3367 3179 3365
f 3868 3869 4066
f 3868 4066 4065
f 4281 4280 4065
f 4281 4065 4066
f 3869 3864 4061
f 3869 4061 4066
f 3864 3865 4062
f 3864 4062 4061
f 4277 4276 4061
f 4277 4061 4062
f 4276 4281 4066
f 4276 4066 4061
f 4518 4524 4411
f 4518 4411 4405
f 4524 4523 4410
f 4524 4410 4411
f 4281 4276 4411
f 4281 4411 4410
f 4276 4277 4405
f 4276 4405 4411
f 4523 4522 4409
f 4523 4409 4410
f 4280 4281 4410
f 4280 4410 4409
f 3865 3863 4059
f 3865 4059 4062
f 3863 3862 4059
f 4272 4277 4059
f 4277 4062 4059
f 3862 3860 4058
f 3862 4058 4059
f 3860 3856 4056
f 3860 4056 4058
f 4270 4273 4058
f 4270 4058 4056
f 4273 4272 4059
f 4273 4059 4058
f 4400 4270 4268
f 4400 4402 4405
f 4400 4405 4270
f 4272 4273 4270
f 4272 4270 4405
f 4273 4270 4268
f 4273 4268 4270
f 4402 4518 4405
f 4277 4272 4405
f 3856 4054 4056
f 3856 3852 4054
f 4266 4268 4054
f 4268 4270 4056
f 4268 4056 4054
f 3852 4052 4051
f 3852 4051 4054
f 4052 4048 4051
f 4264 4051 4048
f 4264 4266 4054
f 4264 4054 4051
f 4260 4395 4266
f 4260 4266 4264
f 4395 4398 4268
f 4395 4268 4266
f 4398 4400 4268
f 4048 4047 4263
f 4047 4262 4258
f 4047 4258 4263
f 4258 4259 4263
f 4259 4264 4048
f 4259 4048 4263
f 4262 4257 4258
f 4249 4250 4258
f 4258 4257 4249
f 4250 4251 4259
f 4250 4259 4258
f 4251 4260 4259
f 4264 4259 4260
f 4522 4523 4616
f 4522 4616 4615
f 4609 4615 4616
f 4609 4608 4615
f 4523 4524 4617
f 4523 4617 4616
f 4524 4518 4617
f 4611 4610 4617
f 4611 4617 4518
f 4610 4609 4616
f 4610 4616 4617
f 4671 4679 4678
f 4671 4678 4602
f 4609 4610 4678
f 4610 4611 4602
f 4610 4602 4678
f 4677 4676 4680
f 4608 4609 4677
f 4608 4677 4680
f 4609 4678 4677
f 4518 4402 4516
f 4518 4516 4515
f 4603 4611 4515
f 4603 4515 4516
f 4611 4518 4515
f 4402 4400 4516
f 4400 4513 4516
f 4513 4603 4516
f 4597 4600 4511
f 4597 4600 4603
f 4597 4603 4600
f 4603 4513 4600
f 4513 4511 4600
f 4600 4672 4602
f 4600 4602 4603
f 4672 4671 4602
f 4611 4603 4602
f 4400 4398 4513
f 4398 4395 4396
f 4393 4511 4398
f 4393 4398 4396
f 4511 4513 4398
f 4395 4260 4392
f 4395 4392 4396
f 4260 4252 4392
f 4390 4392 4252
f 4390 4393 4396
f 4390 4396 4392
f 4386 4387 4390
f 4387 4507 4390
f 4393 4390 4507
f 4507 4597 4511
f 4507 4511 4509
f 4513 4511 4509
f 4513 4509 4511
f 4511 4393 4507
f 4511 4507 4509
f 4260 4251 4252
f 4240 4241 4251
f 4240 4251 4250
f 4241 4390 4252
f 4241 4252 4251
f 4250 4249 4239
f 4240 4250 4239
f 4374 4375 4227
f 4374 4227 4226
f 4375 4376 4240
f 4375 4240 4227
f 4240 4239 4226
f 4240 4226 4227
f 4376 4385 4240
f 4376 4386 4385
f 4390 4241 4385
f 4390 4385 4386
f 4241 4240 4385
f 4671 4738 4679
f 4671 4733 4732
f 4671 4732 4738
f 4732 4737 4738
f 4737 4678 4679
f 4737 4679 4738
f 4733 4727 4732
f 4727 4773 4772
f 4764 4771 4727
f 4764 4727 4772
f 4771 4732 4727
f 4802 4769 4770
f 4802 4770 4803
f 4769 4776 4731
f 4769 4731 4770
f 4732 4771 4770
f 4732 4770 4731
f 4771 4764 4803
f 4771 4803 4770
f 4776 4735 4736
f 4776 4736 4731
f 4735 4676 4677
f 4735 4677 4736
f 4678 4737 4736
f 4678 4736 4677
f 4737 4732 4731
f 4737 4731 4736
f 4594 4595 4665
f 4594 4665 4597
f 4668 4667 4597
f 4668 4597 4665
f 4667 4600 4597
f 4595 4592 4665
f 4592 4663 4665
f 4725 4665 4663
f 4773 4727 4728
f 4773 4728 4724
f 4727 4733 4667
f 4727 4667 4728
f 4668 4665 4728
f 4668 4728 4667
f 4665 4725 4724
f 4665 4724 4728
f 4733 4671 4667
f 4671 4672 4667
f 4600 4667 4672
f 4386 4377 4505
f 4386 4505 4387
f 4377 4378 4499
f 4377 4499 4505
f 4505 4507 4387
f 4378 4491 4499
f 4491 4492 4499
f 4589 4500 4499
f 4589 4499 4492
f 4500 4505 4499
f 4663 4592 4590
f 4505 4500 4592
f 4500 4589 4590
f 4500 4590 4592
f 4595 4594 4592
f 4594 4597 4507
f 4507 4505 4594
f 4505 4592 4594
f 4374 4364 4365
f 4374 4365 4375
f 4366 4376 4365
f 4376 4375 4365
f 4365 4356 4357
f 4356 4468 4481
f 4356 4481 4357
f 4482 4367 4357
f 4482 4357 4481
f 4367 4366 4365
f 4367 4365 4357
f 4491 4367 4483
f 4491 4378 4367
f 4367 4482 4483
f 4378 4377 4367
f 4377 4386 4376
f 4376 4366 4367
f 4376 4367 4377
f 4773 4766 4765
f 4773 4765 4772
f 4766 4761 4798
f 4766 4798 4765
f 4797 4805 4765
f 4797 4765 4798
f 4805 4764 4772
f 4805 4772 4765
f 4761 4799 4798
f 4799 4793 4798
f 4792 4798 4793
f 4792 4797 4798
f 4816 4821 4822
f 4816 4822 4823
f 4821 4826 4827
f 4821 4827 4822
f 4797 4792 4822
f 4797 4822 4827
f 4792 4823 4822
f 4826 4796 4804
f 4826 4804 4827
f 4796 4802 4803
f 4796 4803 4804
f 4764 4805 4804
f 4764 4804 4803
f 4805 4797 4827
f 4805 4827 4804
f 4662 4660 4722
f 4722 4725 4662
f 4725 4663 4662
f 4660 4720 4722
f 4660 4718 4721
f 4660 4721 4720
f 4758 4757 4720
f 4758 4720 4721
f 4757 4722 4720
f 4793 4799 4762
f 4793 4762 4757
f 4799 4761 4762
f 4722 4757 4762
f 4761 4766 4725
f 4761 4725 4762
f 4766 4773 4724
f 4766 4724 4725
f 4725 4722 4762
f 4491 4484 4492
f 4484 4485 4492
f 4585 4492 4485
f 4585 4589 4492
f 4484 4473 4578
f 4484 4578 4485
f 4473 4571 4578
f 4579 4578 4571
f 4579 4585 4485
f 4579 4485 4578
f 4718 4660 4658
f 4585 4579 4658
f 4585 4658 4660
f 4660 4662 4590
f 4662 4663 4590
f 4589 4585 4590
f 4585 4660 4590
f 4468 4469 4470
f 4468 4470 4481
f 4469 4459 4470
f 4471 4482 4481
f 4471 4481 4470
f 4459 4561 4460
f 4459 4460 4470
f 4561 4562 4460
f 4563 4472 4460
f 4563 4460 4562
f 4472 4471 4470
f 4472 4470 4460
f 4571 4473 4472
f 4571 4472 4473
f 4473 4484 4472
f 4472 4563 4473
f 4484 4483 4472
f 4484 4491 4483
f 4482 4471 4483
f 4471 4472 4483
f 3185 3187 3188
f 3187 3190 2997
f 3187 2997 3188
f 3190 2999 3000
f 3190 3000 2997
f 2999 2845 2842
f 2999 2842 3000
f 2845 2722 2720
f 2845 2720 2842
f 2722 2601 2602
f 2722 2602 2720
f 2601 2484 2485
f 2601 2485 2602
f 2832 2989 2990
f 2832 2990 2834
f 2989 2992 2990
f 2992 3182 3183
f 3182 3185 3183
f 4101 4090 4100
f 4090 4089 4099
f 4090 4099 4100
f 4098 4099 4100
f 4098 4100 4099
f 4089 4088 4098
f 4089 4098 4099
f 4088 4087 4097
f 4088 4097 4098
f 4097 4098 4099
f 4097 4099 4098
f 4098 4097 4284
f 4098 4284 4285
f 4285 4289 4105
f 4285 4105 4099
f 4100 4099 4105
f 4099 4098 4285
f 3576 3577 3567
f 3566 3576 3567
f 3742 3575 3566
f 3576 3566 3575
f 3577 3568 3567
f 3568 3738 3737
f 3568 3737 3567
f 3738 3731 3737
f 3914 3730 3731
f 3914 3731 3915
f 3730 3737 3731
f 3921 3729 3914
f 3921 3736 3729
f 3737 3730 3729
f 3737 3729 3736
f 3730 3914 3729
f 3566 3567 3742
f 3567 3737 3736
f 3567 3736 3742
f 3916 3908 3907
f 3916 3907 3915
f 4113 3914 3915
f 4113 3915 3907
f 3908 4108 4107
f 3908 4107 3907
f 4108 4101 4100
f 4108 4100 4107
f 4100 4106 4107
f 4106 4113 3907
f 4106 3907 4107
f 4105 4112 4113
f 4113 4106 4105
f 4106 4100 4105
f 4112 3913 3914
f 4112 3914 4113
f 3913 3921 3914
f 4289 4285 4288
f 4414 4417 4285
f 4417 4288 4285
f 4413 4414 4285
f 4413 4285 4284
f 4414 4413 4527
f 4414 4527 4528
f 4417 4414 4528
f 3574 3575 3747
f 3574 3747 3746
f 3751 3750 3746
f 3751 3746 3747
f 3575 3742 3747
f 3935 3934 3931
f 3935 3931 3932
f 3750 3751 3932
f 3750 3932 3931
f 4124 4121 4299
f 4121 4297 4299
f 4299 4301 4124
f 4422 4424 4293
f 4424 4295 4293
f 4424 4426 4297
f 4295 4424 4297
f 4626 4621 4620
f 4626 4620 4625
f 4621 4528 4527
f 4621 4527 4620
f 4684 4626 4625
f 4684 4625 4683
f 4528 4621 4626
f 3932 4132 3935
f 4132 4308 4307
f 4308 4438 4437
f 4308 4437 4307
f 4307 4437 4436
f 4307 4436 4306
f 3935 4132 4131
f 3935 4131 3934
f 4132 4307 4306
f 4132 4306 4131
f 4297 4426 4299
f 4426 4428 4299
f 4428 4430 4301
f 4299 4428 4301
f 4536 4426 4534
f 4426 4424 4534
f 4538 4428 4426
f 4538 4426 4536
f 3923 3741 3742
f 3923 3742 3736
f 3920 3923 3736
f 3920 3736 3921
f 4119 4121 3923
f 3920 4119 3923
f 3741 3923 3925
f 3921 3913 4116
f 3913 4112 4116
f 4111 4115 4116
f 4111 4116 4112
f 4115 3920 3921
f 4115 3921 4116
f 4105 4289 4288
f 4105 4288 4112
f 4288 4111 4112
f 4293 4115 4291
f 4111 4291 4115
f 4111 4288 4291
f 4293 4119 4115
f 3920 4115 4119
f 4530 4417 4528
f 4417 4530 4419
f 4288 4417 4419
f 4288 4419 4291
f 4528 4626 4530
f 4629 4530 4626
f 4626 4684 4629
f 4684 4688 4629
f 4631 4629 4688
f 4631 4532 4629
f 4532 4419 4530
f 4530 4629 4532
f 4691 4631 4688
f 4691 4696 4697
f 4696 4702 4638
f 4696 4638 4697
f 4637 4635 4697
f 4637 4697 4638
f 4635 4691 4697
f 4691 4635 4633
f 4631 4691 4633
f 4702 4642 4638
f 4543 4637 4642
f 4543 4642 4544
f 4637 4638 4642
f 4642 4549 4544
f 4438 4544 4549
f 4432 4540 4543
f 4543 4544 4432
f 4544 4438 4432
f 4637 4543 4540
f 4307 4438 4308
f 4128 4132 3932
f 4128 4307 4308
f 4128 4308 4132
f 4307 4128 4303
f 4438 4307 4303
f 4438 4303 4432
f 3932 3751 3747
f 3927 3932 3747
f 3747 3742 3741
f 3747 3741 3925
f 3747 3925 3927
f 4126 4128 3927
f 4128 3932 3927
f 3925 3923 4121
f 3925 4121 4124
f 4297 4121 4295
f 4121 4119 4295
f 4119 4293 4295
f 4422 4291 4419
f 4422 4293 4291
f 4419 4532 4422
f 4532 4631 4534
f 4424 4422 4534
f 4422 4532 4534
f 4631 4633 4536
f 4631 4536 4534
f 4633 4635 4538
f 4635 4637 4538
f 4538 4536 4633
f 4637 4540 4538
f 4540 4432 4430
f 4430 4428 4540
f 4428 4538 4540
f 4301 4430 4432
f 4301 4432 4303
f 4303 4128 4126
f 4301 4303 4126
f 4124 3927 3925
f 4124 4126 3927
f 4124 4301 4126
f 2545 2332 2430
f 2545 2430 2543
f 2543 2661 2663
f 2543 2663 2545
f 2665 2547 2545
f 2665 2545 2663
f 2547 2432 2332
f 2547 2332 2545
f 2661 2786 2663
f 2933 2789 2786
f 2933 2786 2926
f 2789 2665 2663
f 2789 2663 2786
f 2940 2791 2789
f 2940 2789 2933
f 2791 2667 2665
f 2791 2665 2789
f 2667 2549 2547
f 2667 2547 2665
f 2549 2334 2432
f 2549 2432 2547
f 2566 2448 2336
f 2566 2336 2563
f 2563 2679 2682
f 2563 2682 2566
f 2565 2447 2566
f 2565 2566 2682
f 2447 2448 2566
f 2679 2804 2807
f 2679 2807 2682
f 2804 2954 2957
f 2804 2957 2807
f 2806 2681 2807
f 2806 2807 2957
f 2681 2565 2682
f 2681 2682 2807
f 2811 2687 2685
f 2811 2685 2809
f 2687 2570 2568
f 2687 2568 2685
f 2565 2681 2685
f 2565 2685 2568
f 2681 2806 2809
f 2681 2809 2685
f 2570 2452 2450
f 2570 2450 2568
f 2452 2342 2450
f 2447 2565 2568
f 2447 2568 2450
f 2558 2335 2439
f 2558 2439 2556
f 2556 2673 2675
f 2556 2675 2558
f 2558 2441 2335
f 2673 2797 2800
f 2673 2800 2675
f 2797 2947 2949
f 2797 2949 2800
f 2954 2804 2802
f 2954 2802 2951
f 2804 2679 2677
f 2804 2677 2802
f 2675 2800 2802
f 2675 2802 2677
f 2800 2949 2951
f 2800 2951 2802
f 2679 2563 2560
f 2679 2560 2677
f 2563 2336 2443
f 2563 2443 2560
f 2560 2443 2441
f 2560 2441 2558
f 2558 2675 2677
f 2558 2677 2560
f 2457 2576 2580
f 2457 2580 2461
f 2583 2464 2461
f 2583 2461 2580
f 2576 2693 2696
f 2576 2696 2580
f 2693 2692 2696
f 2695 2583 2696
f 2583 2580 2696
f 2703 2585 2582
f 2703 2582 2699
f 2583 2695 2699
f 2583 2699 2582
f 2585 2466 2463
f 2585 2463 2582
f 2466 2356 2353
f 2466 2353 2463
f 2463 2353 2464
f 2464 2583 2582
f 2464 2582 2463
f 2455 2342 2452
f 2452 2570 2574
f 2452 2574 2455
f 2573 2454 2455
f 2573 2455 2574
f 2454 2344 2455
f 2570 2687 2690
f 2570 2690 2574
f 2687 2811 2814
f 2687 2814 2690
f 2690 2573 2574
f 2692 2693 2817
f 2693 2576 2577
f 2573 2690 2693
f 2573 2693 2577
f 2690 2814 2817
f 2690 2817 2693
f 2576 2457 2458
f 2576 2458 2577
f 2458 2344 2454
f 2454 2573 2577
f 2454 2577 2458
f 2484 2601 2374
f 2604 2601 2722
f 2725 2608 2606
f 2606 2489 2487
f 2606 2487 2604
f 2497 2386 2498
f 2498 2616 2615
f 2498 2615 2497
f 2620 2502 2497
f 2620 2497 2615
f 2502 2386 2497
f 2616 2735 2734
f 2616 2734 2615
f 2735 2859 2734
f 2738 2739 2734
f 2739 2620 2615
f 2739 2615 2734
f 2751 2632 2619
f 2751 2619 2738
f 2620 2739 2619
f 2739 2738 2619
f 2632 2514 2501
f 2632 2501 2619
f 2502 2620 2619
f 2502 2619 2501
f 2608 2725 2727
f 2610 2492 2608
f 2610 2608 2727
f 2492 2379 2608
f 2725 2851 2727
f 2851 3006 2850
f 2851 2850 2727
f 2853 2729 2727
f 2853 2727 2850
f 2729 2610 2727
f 2859 2735 2731
f 2859 2731 2855
f 2735 2616 2612
f 2735 2612 2731
f 2610 2729 2731
f 2610 2731 2612
f 2729 2853 2855
f 2729 2855 2731
f 2616 2498 2494
f 2616 2494 2612
f 2492 2610 2612
f 2492 2612 2494
f 2531 2421 2420
f 2651 2531 2650
f 2654 2536 2532
f 2654 2532 2653
f 2536 2535 2532
f 2531 2651 2653
f 2531 2653 2532
f 2535 2424 2421
f 2535 2421 2532
f 2421 2531 2532
f 2631 2513 2514
f 2631 2514 2632
f 2513 2403 2514
f 2750 2631 2632
f 2750 2632 2751
f 2748 2629 2630
f 2748 2630 2749
f 2631 2750 2749
f 2631 2749 2630
f 2513 2631 2630
f 2513 2630 2512
f 2587 2468 2466
f 2587 2466 2585
f 2705 2706 2585
f 2705 2585 2703
f 2706 2587 2585
f 2832 2709 2706
f 2832 2706 2831
f 2709 2590 2587
f 2709 2587 2706
f 2706 2705 2831
f 2590 2469 2468
f 2590 2468 2587
f 2469 2358 2468
f 2473 2470 2469
f 2469 2590 2591
f 2469 2591 2473
f 2590 2709 2710
f 2590 2710 2591
f 2709 2832 2834
f 2709 2834 2710
f 2604 2487 2377
f 2604 2377 2374
f 2604 2374 2601
f 2489 2606 2608
f 2489 2608 2379
f 1144 1138 1320
f 1144 1320 1324
f 1324 1320 1497
f 1324 1497 1499
f 1491 1497 1320
f 1491 1320 1314
f 1314 1320 1138
f 1314 1138 1133
f 1499 1497 1691
f 1499 1691 1693
f 1693 1691 1857
f 1693 1857 1859
f 1855 1857 1691
f 1855 1691 1688
f 1688 1691 1497
f 1688 1497 1491
f 1852 1855 1688
f 1852 1688 1682
f 1682 1688 1491
f 1682 1491 1485
f 1485 1491 1314
f 1485 1314 1309
f 1309 1314 1133
f 1309 1133 1129
f 1859 1857 1990
f 1859 1990 1992
f 1992 1990 2109
f 1992 2109 2111
f 2107 2109 1990
f 2107 1990 1988
f 1988 1990 1857
f 1988 1857 1855
f 2111 2109 2229
f 2111 2229 2231
f 2231 2229 2437
f 2231 2437 2439
f 2229 2227 2435
f 2229 2435 2437
f 2227 2229 2109
f 2227 2109 2107
f 2226 2224 2334
f 2226 2334 2435
f 2224 2226 2107
f 2224 2107 2105
f 2107 2226 2227
f 2227 2226 2435
f 2105 2107 1988
f 2105 1988 1986
f 1986 1988 1855
f 1986 1855 1852
f 1838 1677 1672
f 1672 1677 1479
f 1672 1479 1473
f 1677 1838 1845
f 1473 1479 1305
f 1473 1305 1293
f 1293 1305 1125
f 1293 1125 1113
f 1479 1485 1309
f 1479 1309 1305
f 1305 1309 1129
f 1305 1129 1125
f 1485 1677 1682
f 1682 1677 1845
f 1682 1845 1852
f 1677 1485 1479
f 1144 976 968
f 1144 968 1138
f 1138 968 960
f 1138 960 1133
f 959 960 968
f 959 968 967
f 967 968 976
f 967 976 975
f 1133 960 954
f 1133 954 1129
f 953 954 960
f 953 960 959
f 771 772 778
f 771 778 777
f 959 778 772
f 959 772 953
f 777 778 785
f 777 785 784
f 784 785 795
f 784 795 794
f 975 795 785
f 975 785 967
f 967 785 778
f 967 778 959
f 1129 954 948
f 1129 948 1125
f 947 948 954
f 947 954 953
f 1125 948 933
f 1125 933 1113
f 932 933 948
f 932 948 947
f 746 747 765
f 746 765 764
f 947 765 747
f 947 747 932
f 764 765 772
f 764 772 771
f 953 772 765
f 953 765 947
f 739 576 575
f 575 576 593
f 575 593 592
f 594 593 576
f 594 576 577
f 577 576 744
f 592 593 602
f 592 602 601
f 603 602 593
f 603 593 594
f 771 604 763
f 771 763 764
f 594 763 604
f 594 604 603
f 764 763 745
f 764 745 746
f 744 745 763
f 744 763 577
f 577 763 594
f 601 602 613
f 601 613 612
f 614 613 602
f 614 602 603
f 612 613 626
f 612 626 625
f 625 626 636
f 625 636 635
f 637 636 626
f 637 626 627
f 627 626 613
f 627 613 614
f 794 638 628
f 794 628 784
f 784 628 615
f 784 615 777
f 614 615 628
f 614 628 627
f 627 628 638
f 627 638 637
f 777 615 604
f 777 604 771
f 603 604 615
f 603 615 614
f 1144 1324 1326
f 1144 1326 1148
f 1501 1326 1324
f 1501 1324 1499
f 1148 1326 1330
f 1148 1330 1329
f 1329 1330 1506
f 1329 1506 1332
f 1507 1506 1330
f 1507 1330 1503
f 1503 1330 1326
f 1503 1326 1501
f 1866 1700 1697
f 1866 1697 1863
f 1863 1697 1695
f 1863 1695 1861
f 1501 1695 1697
f 1501 1697 1503
f 1503 1697 1700
f 1503 1700 1507
f 1861 1695 1693
f 1861 1693 1859
f 1499 1693 1695
f 1499 1695 1501
f 1332 1506 1509
f 1332 1509 1335
f 1702 1509 1506
f 1702 1506 1703
f 1703 1506 1507
f 1335 1509 1513
f 1335 1513 1512
f 1512 1513 1709
f 1512 1709 1516
f 1710 1709 1513
f 1710 1513 1706
f 1706 1513 1509
f 1706 1509 1702
f 2006 1874 1871
f 2006 1871 2004
f 2004 1871 1868
f 2004 1868 2001
f 1702 1868 1871
f 1702 1871 1706
f 1706 1871 1874
f 1706 1874 1710
f 2001 1868 1869
f 1869 1868 1700
f 1869 1700 1866
f 1507 1700 1868
f 1507 1868 1703
f 1703 1868 1702
f 1516 1709 1708
f 1516 1708 1712
f 1516 1712 1519
f 1877 1712 1708
f 1877 1708 1873
f 1873 1708 1709
f 1873 1709 1710
f 1519 1712 1716
f 1519 1716 1715
f 1715 1716 1879
f 1715 1879 1714
f 1880 1879 1716
f 1880 1716 1712
f 1880 1712 1877
f 2130 2011 2012
f 2012 2008 2009
f 1877 2008 2012
f 1877 2012 1880
f 1880 2012 2011
f 2009 2008 1874
f 2009 1874 2006
f 1710 1874 1873
f 1873 1874 2008
f 1873 2008 1877
f 1714 1879 1884
f 1714 1884 1720
f 1720 1884 1883
f 1720 1883 1887
f 2015 1883 1884
f 2015 1884 1879
f 2015 1879 1880
f 1887 1883 2018
f 1887 2018 1886
f 1886 2018 2021
f 1886 2021 1890
f 2018 1883 2015
f 2141 2140 2137
f 2137 2015 2133
f 2015 2137 2018
f 2018 2137 2140
f 2018 2140 2021
f 2133 2015 2016
f 2133 2016 2134
f 2134 2016 2011
f 2134 2011 2130
f 1880 2011 2016
f 1880 2016 2015
f 1890 1724 1886
f 1886 1724 1887
f 1527 1724 1723
f 1723 1724 1890
f 1723 1890 1727
f 1887 1724 1719
f 1887 1719 1720
f 1720 1719 1521
f 1720 1521 1714
f 1347 1521 1719
f 1347 1719 1523
f 1523 1719 1724
f 1523 1724 1527
f 1003 1169 1350
f 1350 1526 1349
f 1527 1526 1350
f 1527 1350 1523
f 1523 1350 1169
f 1523 1169 1347
f 1349 1526 1534
f 1349 1534 1533
f 1533 1534 1727
f 1727 1534 1723
f 1723 1534 1526
f 1723 1526 1527
f 1714 1521 1715
f 1715 1521 1519
f 1343 1519 1521
f 1343 1521 1345
f 1345 1521 1347
f 1519 1341 1516
f 1162 1341 1340
f 1340 1341 1519
f 1340 1519 1343
f 994 1162 1161
f 994 1161 998
f 998 1161 1164
f 998 1164 1000
f 1343 1164 1161
f 1343 1161 1340
f 1340 1161 1162
f 1000 1164 1166
f 1000 1166 1001
f 1001 1166 1169
f 1001 1169 1003
f 1347 1169 1166
f 1347 1166 1345
f 1345 1166 1164
f 1345 1164 1343
f 58 59 62
f 58 62 31
f 31 62 34
f 31 34 33
f 35 34 62
f 35 62 63
f 63 62 59
f 63 59 94
f 33 34 10
f 10 34 17
f 37 17 34
f 37 34 35
f 65 38 63
f 65 63 66
f 35 63 38
f 35 38 37
f 66 63 99
f 99 63 96
f 94 96 63
f 1354 1353 1172
f 1354 1172 1173
f 1173 1172 1006
f 1173 1006 1007
f 1532 1531 1353
f 1532 1353 1354
f 1354 1349 1533
f 1354 1533 1532
f 1349 1174 1350
f 1350 1174 1002
f 1350 1002 1003
f 1007 1002 1174
f 1007 1174 1173
f 1173 1174 1349
f 1173 1349 1354
f 1516 1341 1338
f 1516 1338 1512
f 1512 1338 1156
f 1512 1156 1335
f 1155 1156 1338
f 1155 1338 1159
f 1159 1338 1341
f 1159 1341 1162
f 1335 1156 1153
f 1335 1153 1332
f 988 1153 1156
f 988 1156 1155
f 806 982 987
f 806 987 810
f 810 987 991
f 810 991 990
f 1155 991 987
f 1155 987 988
f 988 987 982
f 990 991 995
f 990 995 994
f 994 995 1162
f 1162 995 1159
f 1159 995 991
f 1159 991 1155
f 1332 1153 1150
f 1332 1150 1329
f 1329 1150 1147
f 1329 1147 1148
f 979 1147 1150
f 979 1150 983
f 983 1150 1153
f 983 1153 988
f 1148 1147 976
f 1148 976 1144
f 975 976 1147
f 975 1147 979
f 794 795 802
f 794 802 801
f 979 802 795
f 979 795 975
f 801 802 807
f 801 807 806
f 806 807 982
f 988 982 807
f 988 807 983
f 983 807 802
f 983 802 979
f 635 636 644
f 635 644 643
f 644 636 637
f 648 643 644
f 806 805 800
f 806 800 801
f 644 800 805
f 644 805 648
f 801 800 793
f 801 793 794
f 794 793 638
f 637 638 793
f 637 793 800
f 637 800 644
f 195 196 126
f 126 196 127
f 130 127 196
f 130 196 197
f 197 196 195
f 197 195 196
f 126 127 93
f 126 93 91
f 91 93 59
f 91 59 58
f 94 59 93
f 94 93 127
f 94 127 130
f 96 131 134
f 134 131 212
f 130 131 94
f 94 131 96
f 212 131 204
f 196 313 204
f 196 204 197
f 197 204 131
f 197 131 130
f 1890 1891 1728
f 1890 1728 1733
f 1890 1733 1727
f 1733 1728 1891
f 1733 1891 1734
f 1727 1733 1732
f 1727 1732 1541
f 1727 1541 1533
f 1542 1541 1732
f 1542 1732 1733
f 1364 1547 1365
f 1365 1547 1366
f 1733 1547 1542
f 1542 1547 1364
f 1366 1547 1548
f 1548 1737 1549
f 1734 1737 1548
f 1734 1548 1733
f 1733 1548 1547
f 1533 1541 1540
f 1533 1540 1532
f 1532 1540 1539
f 1532 1539 1531
f 1177 1361 1362
f 1177 1362 1178
f 1540 1362 1361
f 1540 1361 1539
f 1178 1362 1363
f 1542 1364 1363
f 1542 1363 1541
f 1541 1363 1362
f 1541 1362 1540
f 828 1014 1015
f 828 1015 829
f 829 1015 1016
f 829 1016 830
f 830 1016 1017
f 830 1017 831
f 831 1017 1018
f 831 1018 1023
f 1194 1018 1017
f 1364 1188 1187
f 1364 1187 1363
f 1363 1187 1186
f 1363 1186 1178
f 1016 1186 1187
f 1016 1187 1017
f 1017 1187 1188
f 1017 1188 1194
f 1178 1186 1177
f 1177 1186 1185
f 1014 1185 1186
f 1014 1186 1015
f 1015 1186 1016
f 1023 1018 1019
f 1023 1019 1024
f 1024 1019 1196
f 1024 1196 1025
f 1195 1196 1019
f 1195 1019 1194
f 1194 1019 1018
f 1025 1196 1198
f 1198 1196 1374
f 1374 1196 1373
f 1373 1196 1195
f 1549 1552 1371
f 1549 1371 1548
f 1548 1371 1370
f 1548 1370 1366
f 1195 1370 1371
f 1195 1371 1373
f 1373 1371 1552
f 1373 1552 1374
f 1366 1370 1189
f 1366 1189 1365
f 1365 1189 1188
f 1365 1188 1364
f 1194 1188 1189
f 1194 1189 1370
f 1194 1370 1195
f 1198 1378 1199
f 1199 1378 1380
f 1199 1380 1203
f 1561 1380 1378
f 1561 1378 1559
f 1203 1380 1382
f 1203 1382 1207
f 1207 1382 1384
f 1207 1384 1211
f 1566 1384 1382
f 1566 1382 1564
f 1564 1382 1380
f 1564 1380 1561
f 1911 1755 1753
f 1753 1562 1750
f 1561 1562 1753
f 1561 1753 1564
f 1564 1753 1755
f 1564 1755 1566
f 1750 1562 1559
f 1750 1559 1748
f 1559 1562 1561
f 1211 1384 1386
f 1211 1386 1214
f 1214 1386 1388
f 1570 1388 1386
f 1570 1386 1568
f 1568 1386 1384
f 1568 1384 1566
f 1388 1572 1392
f 1392 1572 1391
f 1762 1572 1573
f 1573 1572 1388
f 1573 1388 1570
f 1918 1762 1916
f 1916 1762 1759
f 1570 1759 1762
f 1570 1762 1573
f 1916 1759 1757
f 1916 1757 1914
f 1914 1757 1755
f 1914 1755 1911
f 1566 1755 1757
f 1566 1757 1568
f 1568 1757 1759
f 1568 1759 1570
f 828 829 837
f 828 837 836
f 838 837 829
f 838 829 830
f 836 837 846
f 836 846 845
f 847 846 837
f 847 837 838
f 859 848 849
f 849 848 839
f 849 839 840
f 838 839 848
f 838 848 847
f 840 839 831
f 840 831 1023
f 830 831 839
f 830 839 838
f 159 163 118
f 118 163 121
f 167 121 163
f 167 163 164
f 164 163 159
f 164 159 160
f 177 176 171
f 177 171 172
f 172 171 121
f 172 121 167
f 178 177 172
f 1391 1221 1392
f 1392 1221 1216
f 1392 1216 1388
f 1047 1216 1221
f 1047 1221 1220
f 1220 1221 1391
f 1388 1216 1213
f 1388 1213 1214
f 1214 1213 1210
f 1214 1210 1211
f 1037 1210 1213
f 1037 1213 1041
f 1041 1213 1216
f 1041 1216 1047
f 859 1036 1040
f 859 1040 866
f 866 1040 1046
f 1047 1046 1040
f 1047 1040 1041
f 1041 1040 1036
f 1041 1036 1037
f 1054 1219 1053
f 1220 1219 1054
f 1220 1054 1046
f 1220 1046 1047
f 1211 1210 1206
f 1211 1206 1207
f 1207 1206 1202
f 1207 1202 1203
f 1029 1202 1206
f 1029 1206 1033
f 1033 1206 1210
f 1033 1210 1037
f 1203 1202 1199
f 1199 1202 1198
f 1025 1198 1202
f 1025 1202 1029
f 1023 1024 1028
f 1023 1028 840
f 1029 1028 1024
f 1029 1024 1025
f 840 1028 1032
f 840 1032 849
f 849 1032 1036
f 849 1036 859
f 1037 1036 1032
f 1037 1032 1033
f 1033 1032 1028
f 1033 1028 1029
f 1391 1572 1577
f 1391 1577 1576
f 1576 1577 1767
f 1576 1767 1579
f 1768 1767 1577
f 1768 1577 1764
f 1764 1577 1572
f 1764 1572 1762
f 1579 1767 1771
f 1579 1771 1581
f 1581 1771 1776
f 1581 1776 1775
f 1930 1776 1771
f 1930 1771 1925
f 1925 1771 1767
f 1925 1767 1768
f 2054 2053 1926
f 2054 1926 2050
f 2050 1926 1922
f 2050 1922 2048
f 1768 1922 1926
f 1768 1926 1925
f 1925 1926 2053
f 1925 2053 1930
f 2048 1922 1920
f 2048 1920 2045
f 2045 1920 1762
f 2045 1762 1918
f 1762 1920 1764
f 1764 1920 1922
f 1764 1922 1768
f 1775 1776 1929
f 1775 1929 1938
f 1775 1938 1937
f 2060 1938 1929
f 2060 1929 1930
f 1930 1929 1776
f 2059 1937 1938
f 2059 1938 2060
f 2189 2059 2060
f 2189 2060 2176
f 2176 2060 2053
f 2176 2053 2172
f 2172 2053 2054
f 1930 2053 2060
f 278 277 181
f 278 181 182
f 182 181 176
f 182 176 177
f 518 517 387
f 518 387 388
f 388 387 277
f 388 277 278
f 519 518 388
f 519 388 389
f 389 388 278
f 389 278 275
f 275 278 274
f 275 274 177
f 275 177 178
f 177 274 182
f 182 274 278
f 1597 1596 1588
f 1597 1588 1589
f 1589 1588 1411
f 1589 1411 1412
f 1944 1943 1782
f 1944 1782 1783
f 1783 1782 1596
f 1783 1596 1597
f 1946 1945 1784
f 1946 1784 1785
f 1597 1784 1783
f 1783 1784 1945
f 1783 1945 1944
f 1785 1784 1590
f 1785 1590 1591
f 1591 1590 1413
f 1591 1413 1414
f 1412 1413 1590
f 1412 1590 1589
f 1589 1590 1784
f 1589 1784 1597
f 1786 1787 1937
f 1786 1937 1936
f 1937 1787 1774
f 1937 1774 1775
f 1775 1774 1594
f 1593 1594 1774
f 1593 1774 1787
f 1593 1787 1786
f 1414 1592 1591
f 1591 1592 1786
f 1591 1786 1785
f 1786 1592 1593
f 1785 1935 1946
f 1936 1935 1785
f 1936 1785 1786
f 1775 1594 1581
f 1581 1398 1579
f 1397 1398 1581
f 1397 1581 1406
f 1406 1581 1594
f 1406 1594 1593
f 1579 1398 1394
f 1579 1394 1576
f 1576 1394 1391
f 1220 1391 1394
f 1394 1398 1397
f 1053 1219 1227
f 1053 1227 1226
f 1226 1227 1397
f 1226 1397 1233
f 1397 1227 1394
f 1394 1227 1219
f 1394 1219 1220
f 1233 1397 1405
f 1405 1592 1414
f 1593 1592 1405
f 1593 1405 1406
f 1406 1405 1397
f 1838 1976 2098
f 1838 2098 1981
f 1981 2098 2217
f 1981 2217 2099
f 2214 2217 2098
f 2214 2098 2095
f 2095 2098 1976
f 2095 1976 1971
f 2099 2217 2330
f 2099 2330 2218
f 2218 2330 2429
f 2218 2429 2430
f 2330 2329 2426
f 2330 2426 2429
f 2329 2330 2217
f 2329 2217 2214
f 2327 2326 2424
f 2326 2327 2213
f 2326 2213 2210
f 2214 2213 2327
f 2214 2327 2329
f 2329 2327 2426
f 2210 2213 2094
f 2210 2094 2211
f 2211 2094 2092
f 1971 2094 2095
f 2095 2094 2213
f 2095 2213 2214
f 2189 2188 2059
f 2059 2188 2070
f 2059 2070 2058
f 2059 2058 1937
f 1937 2058 1936
f 1936 2058 2070
f 1945 1946 2069
f 1945 2069 2068
f 2070 2069 1946
f 2070 1946 1935
f 2070 1935 1936
f 2068 2069 2187
f 2068 2187 2186
f 2188 2187 2069
f 2188 2069 2070
f 2067 2066 1943
f 2067 1943 1944
f 2185 2184 2066
f 2185 2066 2067
f 2067 2068 2186
f 2067 2186 2185
f 1944 1945 2068
f 1944 2068 2067
f 2303 2302 2184
f 2303 2184 2185
f 2398 2399 2510
f 2398 2510 2509
f 2399 2398 2302
f 2399 2302 2303
f 2400 2401 2512
f 2400 2512 2511
f 2401 2400 2304
f 2401 2304 2305
f 2303 2304 2400
f 2303 2400 2399
f 2399 2400 2511
f 2399 2511 2510
f 2185 2186 2304
f 2185 2304 2303
f 2141 2022 2140
f 2140 2022 2021
f 1895 2021 2022
f 1895 2022 2024
f 2024 2022 2141
f 2024 2141 2143
f 2021 1891 1890
f 1734 1891 1894
f 1894 1891 2021
f 1894 2021 1895
f 1549 1737 1738
f 1738 1898 1739
f 1895 1898 1738
f 1895 1738 1894
f 1894 1738 1737
f 1894 1737 1734
f 1739 1898 2026
f 1739 2026 1899
f 1899 2026 2027
f 2143 2026 2024
f 2024 2026 1898
f 2024 1898 1895
f 1198 1374 1375
f 1198 1375 1378
f 1378 1375 1556
f 1378 1556 1559
f 1556 1375 1555
f 1555 1375 1374
f 1559 1556 1745
f 1559 1745 1748
f 1904 1745 1744
f 1744 1745 1556
f 2027 1901 1899
f 1899 1901 1742
f 1899 1742 1739
f 1556 1742 1901
f 1556 1901 1744
f 1744 1901 1904
f 1739 1742 1553
f 1739 1553 1738
f 1738 1553 1552
f 1738 1552 1549
f 1374 1552 1553
f 1374 1553 1555
f 1555 1553 1742
f 1555 1742 1556
f 1006 823 824
f 1006 824 1007
f 667 824 823
f 667 823 666
f 1007 824 819
f 1007 819 1002
f 1002 819 820
f 1002 820 1003
f 663 820 819
f 663 819 662
f 662 819 824
f 662 824 667
f 358 486 492
f 358 492 364
f 364 492 491
f 364 491 363
f 667 491 492
f 667 492 662
f 662 492 486
f 662 486 663
f 363 491 490
f 363 490 362
f 666 490 491
f 666 491 667
f 1003 820 817
f 1003 817 1001
f 1001 817 1000
f 658 817 663
f 663 817 820
f 1000 817 816
f 1000 816 998
f 998 816 814
f 998 814 994
f 656 814 816
f 656 816 659
f 659 816 817
f 659 817 658
f 481 654 656
f 481 656 486
f 481 486 483
f 658 486 656
f 658 656 659
f 659 656 654
f 659 654 656
f 483 486 358
f 663 486 658
f 994 814 812
f 994 812 990
f 652 812 654
f 654 812 814
f 654 814 656
f 990 812 809
f 990 809 810
f 810 809 806
f 650 806 809
f 650 809 812
f 650 812 652
f 646 650 652
f 646 652 476
f 476 652 654
f 476 654 479
f 479 654 481
f 806 649 805
f 805 649 644
f 805 644 648
f 644 649 645
f 645 649 806
f 645 806 650
f 648 644 643
f 635 644 636
f 644 635 643
f 636 644 645
f 636 645 637
f 637 645 646
f 650 646 645
f 362 248 249
f 362 249 363
f 242 249 248
f 242 248 241
f 363 249 250
f 363 250 364
f 364 250 358
f 244 358 250
f 244 250 243
f 243 250 249
f 243 249 242
f 147 235 154
f 147 154 155
f 242 154 243
f 243 154 235
f 243 235 244
f 153 156 152
f 241 156 153
f 241 153 242
f 242 153 154
f 358 355 356
f 358 356 483
f 236 356 355
f 236 355 244
f 244 355 358
f 483 356 481
f 481 356 353
f 353 356 236
f 230 351 233
f 230 233 236
f 230 236 233
f 236 233 353
f 353 233 351
f 233 236 235
f 233 235 148
f 148 235 147
f 244 235 236
f 481 353 479
f 479 477 476
f 474 477 479
f 474 479 351
f 351 479 353
f 476 477 473
f 476 473 646
f 646 473 638
f 471 638 473
f 471 473 477
f 471 477 474
f 467 471 468
f 468 471 347
f 474 347 471
f 347 349 351
f 347 351 230
f 353 351 349
f 353 349 351
f 351 349 347
f 351 347 474
f 646 638 637
f 626 636 637
f 626 637 627
f 627 637 638
f 627 638 471
f 636 625 635
f 626 625 636
f 455 612 613
f 455 613 456
f 456 613 626
f 456 626 457
f 626 613 612
f 626 612 625
f 457 626 466
f 457 466 467
f 471 467 466
f 471 466 627
f 627 466 626
f 147 155 116
f 147 116 110
f 147 110 111
f 110 116 115
f 115 116 155
f 115 155 154
f 111 110 105
f 105 80 81
f 72 80 105
f 72 105 79
f 79 105 110
f 47 48 78
f 47 78 77
f 77 78 109
f 77 109 84
f 110 109 78
f 110 78 79
f 79 78 48
f 79 48 72
f 84 109 114
f 84 114 113
f 113 114 153
f 113 153 152
f 154 153 114
f 154 114 115
f 115 114 109
f 115 109 110
f 227 230 141
f 227 141 228
f 144 141 230
f 144 230 143
f 143 230 233
f 228 141 225
f 225 141 139
f 103 139 141
f 81 102 106
f 81 106 105
f 105 106 143
f 105 143 111
f 144 143 106
f 144 106 141
f 141 106 102
f 141 102 103
f 111 143 147
f 147 143 148
f 233 148 143
f 467 468 345
f 467 345 458
f 458 345 339
f 458 339 459
f 345 468 347
f 459 339 331
f 331 339 332
f 222 332 339
f 222 339 340
f 340 339 345
f 139 223 225
f 345 225 340
f 340 225 223
f 340 223 222
f 228 225 227
f 227 347 230
f 347 227 345
f 345 227 225
f 455 456 446
f 455 446 445
f 447 446 457
f 457 446 456
f 446 438 437
f 437 438 321
f 437 321 308
f 322 321 438
f 322 438 448
f 448 438 446
f 448 446 447
f 331 323 448
f 331 448 459
f 448 323 322
f 459 448 458
f 458 457 467
f 457 458 448
f 457 448 447
f 81 80 73
f 81 73 74
f 74 73 43
f 74 43 69
f 42 43 73
f 42 73 50
f 50 73 80
f 50 80 72
f 69 43 44
f 44 43 38
f 37 38 43
f 37 43 42
f 10 17 16
f 10 16 15
f 15 16 21
f 15 21 20
f 42 21 16
f 42 16 37
f 37 16 17
f 20 21 49
f 20 49 41
f 41 49 48
f 41 48 47
f 72 48 49
f 72 49 50
f 50 49 21
f 50 21 42
f 138 100 136
f 100 138 103
f 103 138 139
f 136 100 98
f 136 98 99
f 136 99 96
f 66 99 98
f 66 98 65
f 65 98 100
f 38 65 70
f 38 70 44
f 44 70 69
f 100 70 65
f 69 70 103
f 69 103 74
f 74 103 102
f 74 102 81
f 103 70 100
f 331 332 324
f 324 332 325
f 218 325 332
f 218 332 222
f 324 325 211
f 324 211 313
f 313 211 204
f 212 204 211
f 212 211 325
f 212 325 218
f 96 134 136
f 218 136 134
f 218 134 212
f 136 223 138
f 138 223 139
f 222 223 218
f 218 223 136
f 308 321 310
f 308 310 309
f 309 310 299
f 311 310 321
f 311 321 322
f 299 310 300
f 299 300 194
f 194 300 195
f 196 195 300
f 196 300 312
f 312 300 310
f 312 310 311
f 204 313 312
f 204 312 313
f 313 312 324
f 312 313 196
f 324 312 323
f 324 323 331
f 322 323 311
f 311 323 312
f 1748 1751 1750
f 1750 1751 1909
f 1750 1909 1753
f 1753 1909 1912
f 1753 1912 1911
f 1911 1912 2037
f 1911 2037 2040
f 2040 2037 2158
f 2040 2158 2160
f 2160 2158 2277
f 2160 2277 2276
f 2276 2277 2375
f 2276 2375 2484
f 2027 2029 1902
f 2027 1902 1901
f 1901 1902 1904
f 1904 1746 1745
f 1745 1746 1748
f 859 858 848
f 848 858 857
f 848 857 847
f 856 857 858
f 856 858 857
f 847 857 856
f 847 856 846
f 846 856 855
f 846 855 845
f 855 856 857
f 855 857 856
f 856 671 670
f 856 670 855
f 671 857 863
f 671 863 675
f 858 863 857
f 857 671 856
f 1413 1404 1414
f 1403 1404 1413
f 1237 1403 1412
f 1413 1412 1403
f 1414 1404 1405
f 1405 1404 1232
f 1405 1232 1233
f 1233 1232 1226
f 1052 1053 1226
f 1052 1226 1225
f 1225 1226 1232
f 1059 1052 1224
f 1059 1224 1231
f 1232 1231 1224
f 1232 1224 1225
f 1225 1224 1052
f 1403 1237 1404
f 1404 1237 1231
f 1404 1231 1232
f 1054 1053 1045
f 1054 1045 1046
f 871 1045 1053
f 871 1053 1052
f 1046 1045 865
f 1046 865 866
f 866 865 858
f 866 858 859
f 858 865 864
f 864 865 1045
f 864 1045 871
f 863 871 870
f 871 863 864
f 864 863 858
f 870 871 1052
f 870 1052 1051
f 1051 1052 1059
f 675 674 671
f 495 671 498
f 498 671 674
f 494 670 671
f 494 671 495
f 495 368 367
f 495 367 494
f 498 368 495
f 1411 1241 1242
f 1411 1242 1412
f 1246 1242 1241
f 1246 1241 1245
f 1412 1242 1237
f 1073 1070 1069
f 1073 1069 1072
f 1245 1069 1070
f 1245 1070 1246
f 882 685 879
f 879 685 683
f 685 882 687
f 503 679 505
f 505 679 681
f 505 683 507
f 681 683 505
f 259 258 253
f 259 253 254
f 254 253 367
f 254 367 368
f 160 159 258
f 160 258 259
f 368 259 254
f 1070 1073 890
f 890 693 694
f 694 693 518
f 694 518 519
f 693 692 517
f 693 517 518
f 1073 1072 889
f 1073 889 890
f 890 889 692
f 890 692 693
f 683 685 507
f 507 685 509
f 509 687 511
f 685 687 509
f 376 374 507
f 507 374 505
f 378 376 507
f 378 507 509
f 1061 1231 1237
f 1061 1237 1236
f 1058 1059 1231
f 1058 1231 1061
f 877 1061 879
f 1058 1061 877
f 1236 1063 1061
f 1059 874 1051
f 1051 874 870
f 869 870 874
f 869 874 873
f 873 874 1059
f 873 1059 1058
f 863 870 674
f 863 674 675
f 674 870 869
f 679 677 873
f 869 873 677
f 869 677 674
f 679 873 877
f 1058 877 873
f 370 368 498
f 498 500 370
f 674 677 500
f 674 500 498
f 368 370 259
f 262 259 370
f 259 262 160
f 160 262 164
f 264 164 262
f 264 262 372
f 372 370 500
f 370 372 262
f 167 164 264
f 167 173 172
f 172 173 271
f 172 271 178
f 270 271 173
f 270 173 268
f 268 173 167
f 167 266 268
f 264 266 167
f 178 271 275
f 383 384 275
f 383 275 270
f 270 275 271
f 275 384 389
f 519 389 384
f 513 383 380
f 383 513 384
f 384 513 519
f 270 380 383
f 693 694 519
f 886 1070 890
f 886 890 694
f 886 694 693
f 693 689 886
f 519 513 689
f 519 689 693
f 1070 1242 1246
f 1065 1242 1070
f 1242 1236 1237
f 1242 1065 1063
f 1242 1063 1236
f 884 1065 886
f 886 1065 1070
f 1063 882 879
f 1063 879 1061
f 683 681 879
f 879 681 877
f 877 681 679
f 503 500 677
f 503 677 679
f 500 503 372
f 372 374 264
f 505 374 503
f 503 374 372
f 264 374 376
f 264 376 266
f 266 378 268
f 268 378 270
f 378 266 376
f 270 378 380
f 380 511 513
f 511 380 509
f 509 380 378
f 687 689 513
f 687 513 511
f 689 884 886
f 687 884 689
f 882 1063 1065
f 882 1065 884
f 882 884 687
f 2220 2218 2430
f 2220 2430 2332
f 2218 2220 2101
f 2218 2101 2099
f 2103 2101 2220
f 2103 2220 2222
f 2222 2220 2332
f 2222 2332 2432
f 2099 2101 1981
f 1845 1838 1981
f 1845 1981 1984
f 1984 1981 2101
f 1984 2101 2103
f 1852 1845 1984
f 1852 1984 1986
f 1986 1984 2103
f 1986 2103 2105
f 2105 2103 2222
f 2105 2222 2224
f 2224 2222 2432
f 2224 2432 2334
f 2241 2238 2336
f 2241 2336 2448
f 2238 2241 2120
f 2238 2120 2117
f 2240 2120 2241
f 2240 2241 2338
f 2338 2241 2448
f 2338 2448 2447
f 2117 2120 2002
f 2117 2002 1999
f 1999 2002 1869
f 1999 1869 1866
f 2001 1869 2002
f 2001 2002 2119
f 2119 2002 2120
f 2119 2120 2240
f 2006 2004 2123
f 2006 2123 2125
f 2125 2123 2243
f 2125 2243 2245
f 2240 2243 2123
f 2240 2123 2119
f 2119 2123 2004
f 2119 2004 2001
f 2245 2243 2340
f 2245 2340 2342
f 2342 2340 2450
f 2340 2338 2447
f 2340 2447 2450
f 2338 2340 2243
f 2338 2243 2240
f 2233 2231 2439
f 2233 2439 2335
f 2231 2233 2113
f 2231 2113 2111
f 2233 2335 2441
f 2111 2113 1995
f 2111 1995 1992
f 1992 1995 1861
f 1992 1861 1859
f 1866 1863 1997
f 1866 1997 1999
f 1999 1997 2115
f 1999 2115 2117
f 2113 2115 1997
f 2113 1997 1995
f 1995 1997 1863
f 1995 1863 1861
f 2117 2115 2235
f 2117 2235 2238
f 2238 2235 2443
f 2238 2443 2336
f 2235 2233 2441
f 2235 2441 2443
f 2233 2235 2115
f 2233 2115 2113
f 2351 2347 2457
f 2351 2457 2461
f 2347 2351 2255
f 2347 2255 2251
f 2258 2255 2351
f 2258 2351 2354
f 2354 2351 2461
f 2354 2461 2464
f 2251 2255 2134
f 2251 2134 2131
f 2131 2134 2130
f 2133 2134 2258
f 2258 2134 2255
f 2141 2137 2257
f 2141 2257 2260
f 2258 2257 2137
f 2258 2137 2133
f 2260 2257 2353
f 2260 2353 2356
f 2353 2354 2464
f 2354 2353 2257
f 2354 2257 2258
f 2345 2342 2455
f 2342 2345 2249
f 2342 2249 2245
f 2248 2249 2345
f 2248 2345 2344
f 2344 2345 2455
f 2245 2249 2128
f 2245 2128 2125
f 2125 2128 2009
f 2125 2009 2006
f 2128 2249 2248
f 2130 2012 2131
f 2131 2252 2251
f 2248 2252 2131
f 2248 2131 2128
f 2128 2131 2012
f 2128 2012 2009
f 2251 2252 2348
f 2251 2348 2347
f 2347 2348 2458
f 2347 2458 2457
f 2348 2344 2458
f 2344 2348 2252
f 2344 2252 2248
f 2484 2374 2276
f 2279 2160 2276
f 2163 2281 2283
f 2281 2279 2487
f 2281 2487 2489
f 2386 2387 2498
f 2387 2386 2290
f 2387 2290 2291
f 2295 2290 2386
f 2295 2386 2391
f 2391 2386 2502
f 2291 2290 2172
f 2291 2172 2173
f 2173 2172 2054
f 2176 2172 2177
f 2177 2172 2290
f 2177 2290 2295
f 2189 2176 2294
f 2189 2294 2307
f 2295 2294 2177
f 2177 2294 2176
f 2307 2294 2390
f 2307 2390 2403
f 2403 2390 2501
f 2403 2501 2514
f 2390 2391 2502
f 2390 2502 2501
f 2391 2390 2294
f 2391 2294 2295
f 2283 2165 2163
f 2285 2165 2283
f 2285 2283 2381
f 2381 2283 2379
f 2381 2379 2492
f 2163 2165 2046
f 2046 2165 2045
f 2046 2045 1918
f 2048 2045 2165
f 2048 2165 2167
f 2167 2165 2285
f 2054 2050 2169
f 2054 2169 2173
f 2173 2169 2287
f 2173 2287 2291
f 2285 2287 2169
f 2285 2169 2167
f 2167 2169 2050
f 2167 2050 2048
f 2291 2287 2383
f 2291 2383 2387
f 2387 2383 2494
f 2387 2494 2498
f 2381 2383 2287
f 2381 2287 2285
f 2206 2323 2324
f 2324 2323 2420
f 2089 2088 2206
f 2092 2091 2207
f 2092 2207 2211
f 2211 2207 2210
f 2206 2207 2091
f 2206 2091 2089
f 2210 2207 2324
f 2210 2324 2326
f 2326 2324 2421
f 2326 2421 2424
f 2324 2420 2421
f 2324 2207 2206
f 2306 2307 2403
f 2306 2403 2402
f 2402 2403 2513
f 2188 2189 2307
f 2188 2307 2306
f 2186 2187 2305
f 2186 2305 2304
f 2306 2305 2187
f 2306 2187 2188
f 2401 2402 2513
f 2401 2513 2512
f 2402 2401 2305
f 2402 2305 2306
f 2262 2260 2356
f 2262 2356 2358
f 2358 2356 2466
f 2358 2466 2468
f 2143 2141 2260
f 2143 2260 2144
f 2144 2260 2262
f 2027 2026 2144
f 2027 2144 2147
f 2147 2144 2262
f 2147 2262 2265
f 2144 2026 2143
f 2265 2262 2358
f 2265 2358 2359
f 2359 2358 2469
f 2362 2359 2469
f 2362 2469 2470
f 2359 2362 2266
f 2359 2266 2265
f 2265 2266 2148
f 2265 2148 2147
f 2147 2148 2029
f 2147 2029 2027
f 2279 2276 2374
f 2279 2374 2377
f 2279 2377 2487
f 2489 2379 2283
f 2489 2283 2281
f 2383 2381 2492
f 2383 2492 2494
f 2484 2375 2485
f 2996 3186 3185
f 2996 3185 3188
f 2840 2998 2997
f 2840 2997 3000
f 2998 2996 3188
f 2998 3188 2997
f 2720 2843 2842
f 2843 2840 3000
f 2843 3000 2842
f 2372 2600 2602
f 2372 2602 2485
f 2600 2720 2602
f 2993 2835 2990
f 2993 2990 2992
f 2835 2834 2990
f 3186 2993 3183
f 3186 3183 3185
f 2993 2992 3183
f 2591 2474 2473
f 2474 2363 2470
f 2474 2470 2473
f 2835 2711 2710
f 2835 2710 2834
f 2711 2591 2710
f 1908 1751 1748
f 1908 1748 1749
f 2035 1912 1909
f 2035 1909 1910
f 1910 1909 1751
f 1910 1751 1908
f 2158 2037 2038
f 2038 2037 1912
f 2038 1912 2035
f 2372 2375 2277
f 2372 2277 2275
f 2275 2277 2158
f 1905 1904 1902
f 1905 1902 2030
f 2030 1902 2029
f 1749 1748 1746
f 1749 1746 1905
f 1905 1746 1904
f 2266 2362 2363
f 2363 2362 2470
f 2030 2029 2148
f 2030 2148 2149
f 2149 2148 2266
f 2375 2372 2485
f 3648 3642 3482
f 3648 3482 3486
f 3642 3637 3476
f 3642 3476 3482
f 3302 3308 3482
f 3302 3482 3476
f 3308 3310 3486
f 3308 3486 3482
f 3637 3633 3471
f 3637 3471 3476
f 3296 3302 3476
f 3296 3476 3471
f 2939 2942 3124
f 2939 3124 3118
f 3302 3296 3118
f 3302 3118 3124
f 2942 2944 3127
f 2942 3127 3124
f 2944 2946 3129
f 2944 3129 3127
f 3310 3308 3127
f 3310 3127 3129
f 3308 3302 3124
f 3308 3124 3127
f 3633 3629 3467
f 3633 3467 3471
f 3629 3616 3455
f 3629 3455 3467
f 3283 3290 3467
f 3283 3467 3455
f 3290 3296 3471
f 3290 3471 3467
f 3616 3617 3455
f 3617 3450 3449
f 3617 3449 3455
f 3273 3283 3455
f 3273 3455 3449
f 2919 2925 3108
f 2919 3108 3101
f 2925 2924 3108
f 3283 3273 3101
f 3283 3101 3108
f 2924 2932 3113
f 2924 3113 3108
f 2932 2939 3118
f 2932 3118 3113
f 3296 3290 3113
f 3296 3113 3118
f 3290 3283 3108
f 3290 3108 3113
f 3450 3273 3449
f 3450 3447 3268
f 3450 3268 3273
f 3089 3273 3268
f 3447 3448 3268
f 3448 3265 3264
f 3448 3264 3268
f 3078 3090 3268
f 3078 3268 3264
f 3090 3089 3268
f 2771 2902 2903
f 2771 2912 3089
f 2771 3089 2902
f 3089 3090 2902
f 3090 3078 2903
f 3090 2903 2902
f 2912 2919 3102
f 2912 3102 3089
f 2919 3101 3102
f 3273 3102 3101
f 3273 3089 3102
f 3265 3260 3065
f 3065 3078 3265
f 3078 3264 3265
f 3260 3261 3065
f 3261 3066 3065
f 2894 3065 3066
f 2761 2768 2894
f 2761 2894 2885
f 2768 2767 2893
f 2768 2893 2894
f 3065 2894 2893
f 3065 2894 2885
f 3065 2885 2894
f 2767 2903 2893
f 2767 2771 2903
f 3078 3065 2893
f 3078 2893 2903
f 3260 3265 3446
f 3260 3446 3261
f 3265 3445 3446
f 3610 3446 3445
f 3446 3440 3261
f 3605 3442 3441
f 3605 3441 3611
f 3440 3446 3611
f 3440 3611 3441
f 3446 3610 3611
f 3442 3246 3245
f 3442 3245 3441
f 3262 3261 3441
f 3262 3441 3245
f 3261 3440 3441
f 3265 3448 3445
f 3448 3447 3612
f 3613 3448 3612
f 3613 3610 3445
f 3613 3445 3448
f 3447 3450 3615
f 3447 3615 3612
f 3450 3614 3615
f 3788 3615 3614
f 3615 3613 3612
f 3976 3790 3789
f 3790 3786 3785
f 3790 3785 3789
f 3613 3615 3789
f 3613 3789 3785
f 3615 3788 3789
f 3786 3780 3610
f 3786 3610 3785
f 3780 3611 3610
f 3613 3785 3610
f 3972 3978 3979
f 3972 3979 3973
f 3978 3980 3979
f 3782 3972 3973
f 3782 3973 3783
f 3611 3780 3781
f 3780 3786 3787
f 3780 3787 3781
f 3972 3782 3781
f 3972 3781 3787
f 3786 3790 3977
f 3786 3977 3787
f 3790 3976 3977
f 3978 3972 3787
f 3978 3787 3977
f 3607 3776 3608
f 3607 3782 3783
f 3607 3783 3776
f 3433 3443 3434
f 3443 3607 3608
f 3443 3608 3434
f 3246 3442 3247
f 3607 3443 3442
f 3607 3442 3606
f 3443 3433 3247
f 3443 3247 3442
f 3442 3605 3606
f 3605 3611 3781
f 3605 3781 3606
f 3782 3607 3606
f 3782 3606 3781
f 3450 3617 3614
f 3791 3788 3614
f 3791 3614 3617
f 3616 3629 3806
f 3616 3806 3617
f 3629 3633 3812
f 3629 3812 3806
f 3813 3807 3806
f 3813 3806 3812
f 3807 3791 3617
f 3807 3617 3806
f 4012 4003 4002
f 4012 4002 4011
f 4003 3982 4002
f 3791 3807 4002
f 3791 4002 3982
f 3807 3813 4011
f 3807 4011 4002
f 4003 3983 3792
f 4003 3792 3982
f 3983 3976 3789
f 3983 3789 3792
f 3788 3791 3792
f 3788 3792 3789
f 3791 3982 3792
f 3633 3637 3819
f 3633 3819 3812
f 3820 3813 3812
f 3820 3812 3819
f 3637 3642 3827
f 3637 3827 3819
f 3642 3648 3835
f 3642 3835 3827
f 3836 3828 3827
f 3836 3827 3835
f 3828 3820 3819
f 3828 3819 3827
f 4032 4025 4024
f 4025 4018 4017
f 4025 4017 4024
f 3820 3828 4024
f 3820 4024 4017
f 3828 3836 4032
f 3828 4032 4024
f 4018 4012 4011
f 4018 4011 4017
f 3813 3820 4017
f 3813 4017 4011
f 4224 4236 4237
f 4224 4237 4225
f 4236 4246 4248
f 4236 4248 4237
f 4213 4224 4225
f 4213 4225 4214
f 4012 4018 4223
f 4012 4223 4212
f 4224 4213 4212
f 4224 4212 4223
f 4018 4025 4235
f 4018 4235 4223
f 4025 4032 4033
f 4025 4033 4235
f 4246 4236 4235
f 4246 4235 4033
f 4236 4224 4223
f 4236 4223 4235
f 4204 4213 4214
f 4204 4214 4205
f 3978 3985 4188
f 3978 4188 3980
f 3985 4204 4205
f 3985 4205 4188
f 3976 3983 3984
f 3976 3984 3977
f 3983 4003 4004
f 3983 4004 3984
f 4204 3985 3984
f 4204 3984 4004
f 3985 3978 3977
f 3985 3977 3984
f 4003 4012 4212
f 4003 4212 4004
f 4213 4204 4004
f 4213 4004 4212
f 3020 2862 3021
f 3020 2861 2866
f 3020 2866 2862
f 2866 3021 2862
f 2861 2741 2866
f 2861 2740 2741
f 2743 2868 2867
f 2743 2867 2742
f 2866 2741 2742
f 2866 2742 2867
f 2868 3028 3027
f 2868 3027 2867
f 3028 3022 3027
f 3021 2866 3027
f 3021 3027 3022
f 2866 2867 3027
f 2740 2621 2741
f 2622 2741 2621
f 2503 2392 2504
f 2504 2622 2621
f 2504 2621 2503
f 2506 2624 2623
f 2506 2623 2505
f 2622 2504 2505
f 2622 2505 2623
f 2624 2743 2742
f 2624 2742 2623
f 2741 2622 2623
f 2741 2623 2742
f 2869 2744 2745
f 2869 2745 2870
f 3029 2869 2870
f 3029 2870 3030
f 2869 3029 3028
f 2869 3028 2868
f 2744 2869 2868
f 2744 2868 2743
f 2977 2973 2822
f 2977 2822 2825
f 2973 2970 2969
f 2973 2969 2822
f 2819 2822 2969
f 2970 3154 2969
f 3154 3150 2966
f 3154 2966 2969
f 2966 2818 2969
f 2818 2819 2969
f 2691 2694 2818
f 2691 2818 2815
f 2818 2966 2815
f 2694 2697 2698
f 2694 2698 2818
f 2697 2700 2701
f 2697 2701 2698
f 2825 2822 2698
f 2825 2698 2701
f 2822 2819 2818
f 2822 2818 2698
f 3150 3148 2966
f 3150 3329 3148
f 2963 2964 3148
f 2964 2966 3148
f 3329 3326 3144
f 3329 3144 3148
f 3326 3323 3142
f 3326 3142 3144
f 3142 2960 3144
f 2960 2963 3148
f 2960 3148 3144
f 2808 2810 2960
f 2808 2960 2958
f 2810 2812 2960
f 2963 2960 2812
f 2960 3142 2958
f 2812 2691 2815
f 2966 2964 2812
f 2966 2812 2815
f 2964 2963 2812
f 3323 3322 3142
f 3323 3496 3320
f 3323 3320 3322
f 3138 3141 3322
f 3138 3322 3320
f 3141 3142 3322
f 3496 3494 3317
f 3496 3317 3320
f 3316 3136 3317
f 3136 3138 3320
f 3136 3320 3317
f 2952 2953 3135
f 2952 2805 2955
f 2952 2955 2953
f 3138 3136 2953
f 3138 2953 2955
f 3136 3316 3135
f 3136 3135 2953
f 2805 2808 2958
f 2805 2958 2955
f 3142 3141 2958
f 3141 3138 2955
f 3141 2955 2958
f 3494 3491 3490
f 3494 3490 3317
f 3491 3650 3488
f 3491 3488 3490
f 3312 3314 3490
f 3312 3490 3488
f 3314 3316 3317
f 3314 3317 3490
f 3650 3648 3486
f 3650 3486 3488
f 3310 3312 3488
f 3310 3488 3486
f 2946 2948 3131
f 2946 3131 3129
f 3312 3310 3129
f 3312 3129 3131
f 2948 2950 3133
f 2948 3133 3131
f 2950 2952 3135
f 2950 3135 3133
f 3316 3314 3133
f 3316 3133 3135
f 3314 3312 3131
f 3314 3131 3133
f 3648 3650 3651
f 3648 3651 3835
f 3839 3836 3651
f 3836 3835 3651
f 3650 3491 3654
f 3650 3654 3651
f 3491 3494 3656
f 3491 3656 3654
f 3846 3842 3654
f 3846 3654 3656
f 3842 3839 3651
f 3842 3651 3654
f 4045 4038 3840
f 4045 3840 3843
f 3839 3842 3843
f 3839 3843 3840
f 3842 3846 3843
f 4038 4033 4032
f 4038 4032 3840
f 3836 3839 3840
f 3836 3840 4032
f 3494 3496 3497
f 3494 3497 3656
f 3659 3657 3656
f 3659 3656 3497
f 3657 3846 3656
f 3496 3323 3499
f 3496 3499 3497
f 3500 3662 3499
f 3662 3659 3497
f 3662 3497 3499
f 3854 3851 3663
f 3659 3662 3663
f 3659 3663 3851
f 3662 3500 3663
f 3851 3848 3847
f 3848 4045 3843
f 3848 3843 3847
f 3846 3657 3847
f 3846 3847 3843
f 3657 3659 3851
f 3657 3851 3847
f 4711 4747 4712
f 4747 4779 4749
f 4747 4749 4712
f 4648 4649 4561
f 4648 4711 4649
f 4647 4709 4710
f 4711 4648 4710
f 4648 4647 4710
f 4709 4745 4746
f 4709 4746 4710
f 4745 4777 4778
f 4745 4778 4746
f 4779 4747 4746
f 4779 4746 4778
f 4747 4711 4710
f 4747 4710 4746
f 4255 4040 4256
f 4040 4041 4256
f 4246 4247 4248
f 4247 4255 4256
f 4247 4256 4248
f 4032 4033 4034
f 4032 4034 4033
f 4033 4038 4039
f 4033 4039 4034
f 4255 4247 4034
f 4255 4034 4039
f 4247 4246 4033
f 4247 4033 4034
f 4038 4045 4039
f 4045 4046 4039
f 4040 4039 4046
f 4040 4255 4039
f 3323 3326 3327
f 3323 3327 3499
f 3326 3329 3330
f 3326 3330 3327
f 3505 3502 3327
f 3505 3327 3330
f 3502 3500 3499
f 3502 3499 3327
f 3329 3150 3332
f 3329 3332 3330
f 3334 3507 3332
f 3507 3505 3330
f 3507 3330 3332
f 3672 3670 3507
f 3672 3507 3509
f 3670 3861 3668
f 3670 3668 3507
f 3505 3507 3668
f 3507 3334 3509
f 3861 3858 3665
f 3861 3665 3668
f 3858 3854 3663
f 3858 3663 3665
f 3500 3502 3665
f 3500 3665 3663
f 3502 3505 3668
f 3502 3668 3665
f 3150 3154 3155
f 3150 3155 3332
f 3154 2970 3158
f 3154 3158 3155
f 3159 3334 3155
f 3159 3155 3158
f 3334 3332 3155
f 2970 2973 3158
f 3163 3159 2973
f 3163 2973 2977
f 3159 3158 2973
f 3340 3337 3336
f 3340 3336 3163
f 3159 3163 3336
f 3337 3511 3509
f 3337 3509 3336
f 3511 3672 3509
f 3334 3159 3336
f 3334 3336 3509
f 3514 3341 3342
f 3514 3342 3515
f 3866 3675 3676
f 3866 3676 3867
f 3675 3514 3515
f 3675 3515 3676
f 3672 3511 3673
f 3514 3675 3511
f 3675 3866 3673
f 3675 3673 3511
f 3337 3340 3341
f 3337 3341 3511
f 3341 3514 3511
f 4809 4815 4810
f 4809 4814 4815
f 4779 4784 4785
f 4779 4785 4749
f 4784 4809 4810
f 4784 4810 4785
f 4777 4807 4783
f 4777 4783 4778
f 4807 4808 4809
f 4807 4809 4783
f 4809 4784 4783
f 4784 4779 4778
f 4784 4778 4783
f 4808 4813 4814
f 4808 4814 4809
f 2977 2825 2976
f 2980 2981 2976
f 2980 2976 2825
f 2981 3166 2977
f 2981 2977 2976
f 2825 2701 2824
f 2701 2700 2824
f 2704 2828 2824
f 2704 2824 2700
f 2828 2980 2825
f 2828 2825 2824
f 2984 2985 2830
f 2980 2828 2830
f 2980 2830 2985
f 2828 2704 2830
f 2984 3172 2985
f 3172 3355 3173
f 3166 2981 3172
f 3166 3172 3173
f 2981 2980 2985
f 2981 2985 3172
f 2586 2704 2584
f 2704 2700 2584
f 2467 2586 2584
f 2467 2584 2465
f 2472 2467 2471
f 2471 2588 2589
f 2471 2589 2472
f 2586 2467 2472
f 2586 2472 2589
f 2588 2707 2708
f 2588 2708 2589
f 2707 2830 2708
f 2704 2708 2830
f 2704 2586 2589
f 2704 2589 2708
f 2991 3184 3180
f 3177 2988 2991
f 3177 2991 3180
f 2988 2833 2836
f 2988 2836 2991
f 3184 3370 3366
f 3184 3366 3180
f 3370 3540 3535
f 3370 3535 3366
f 3530 3362 3366
f 3530 3366 3535
f 3362 3177 3180
f 3362 3180 3366
f 3355 3172 3178
f 3355 3178 3363
f 3172 2984 3178
f 3177 3362 3178
f 3362 3530 3363
f 3362 3363 3178
f 2984 2988 3178
f 2984 2830 2833
f 2984 2833 2988
f 2988 3177 3178
f 3342 3341 3349
f 3342 3349 3350
f 3341 3348 3349
f 3341 3340 3348
f 3521 3680 3522
f 3349 3348 3521
f 3349 3521 3522
f 3348 3520 3521
f 3680 3681 3523
f 3680 3523 3522
f 3350 3349 3522
f 3350 3522 3523
f 3340 3163 3168
f 3340 3168 3348
f 3167 3347 3168
f 3347 3348 3168
f 3163 2977 3162
f 3163 3162 3168
f 3166 3167 3162
f 3166 3162 2977
f 3167 3168 3162
f 3355 3356 3173
f 3356 3518 3357
f 3167 3356 3357
f 3167 3166 3173
f 3167 3173 3356
f 3518 3519 3358
f 3518 3358 3357
f 3519 3520 3358
f 3348 3347 3358
f 3348 3358 3520
f 3347 3167 3357
f 3347 3357 3358
f 3540 3702 3695
f 3540 3695 3535
f 3702 3882 3696
f 3702 3696 3695
f 3684 3531 3695
f 3684 3695 3696
f 3531 3530 3535
f 3531 3535 3695
f 3882 3883 3870
f 3882 3870 3696
f 3883 3884 3871
f 3883 3871 3870
f 3698 3697 3870
f 3698 3870 3871
f 3697 3684 3696
f 3697 3696 3870
f 3520 3519 3685
f 3520 3685 3686
f 3519 3518 3532
f 3519 3532 3685
f 3684 3697 3685
f 3684 3685 3532
f 3697 3698 3686
f 3697 3686 3685
f 3518 3356 3531
f 3518 3531 3532
f 3356 3355 3363
f 3356 3363 3531
f 3530 3531 3363
f 3531 3684 3532
f 3884 4067 3872
f 3884 3872 3871
f 4067 4068 3873
f 4067 3873 3872
f 3873 3698 3871
f 3873 3871 3872
f 4068 4069 3874
f 4068 3874 3873
f 3875 3873 3874
f 3681 3680 3688
f 3681 3688 3689
f 3873 3875 3689
f 3873 3689 3688
f 3680 3521 3687
f 3680 3687 3688
f 3521 3520 3686
f 3521 3686 3687
f 3698 3873 3687
f 3698 3687 3686
f 3873 3688 3687
f 3540 3539 3702
f 3539 3705 3706
f 3539 3706 3702
f 3888 3882 3702
f 3888 3702 3706
f 3705 3709 3710
f 3705 3710 3706
f 3709 3713 3714
f 3709 3714 3710
f 3896 3892 3710
f 3896 3710 3714
f 3892 3888 3706
f 3892 3706 3710
f 4092 4083 3893
f 4092 3893 3897
f 4083 4074 3889
f 4083 3889 3893
f 3888 3892 3893
f 3888 3893 3889
f 3892 3896 3897
f 3892 3897 3893
f 4074 3884 3883
f 4074 3883 3889
f 3882 3889 3883
f 3882 3888 3889
f 3713 3548 3717
f 3713 3717 3714
f 3548 3550 3720
f 3548 3720 3717
f 3904 3900 3717
f 3904 3717 3720
f 3900 3896 3714
f 3900 3714 3717
f 3550 3552 3722
f 3550 3722 3720
f 3552 3553 3722
f 3723 3722 3553
f 3723 3904 3720
f 3723 3720 3722
f 3917 3911 3910
f 3917 3910 3727
f 3911 3906 3905
f 3911 3905 3910
f 3904 3723 3910
f 3904 3910 3905
f 3723 3727 3910
f 3906 4102 3901
f 3906 3901 3905
f 4102 4092 3897
f 4102 3897 3901
f 3896 3900 3901
f 3896 3901 3897
f 3900 3904 3905
f 3900 3905 3901
f 4741 4693 4694
f 4741 4694 4742
f 4693 4698 4699
f 4693 4699 4694
f 4682 4686 4739
f 4686 4741 4742
f 4686 4742 4739
f 4686 4689 4690
f 4741 4686 4690
f 4689 4692 4693
f 4689 4693 4690
f 4692 4636 4698
f 4692 4698 4693
f 4693 4741 4690
f 4076 4085 4086
f 4076 4086 4077
f 4068 4076 4077
f 4068 4077 4069
f 3884 4074 4075
f 3884 4075 4067
f 4076 4068 4067
f 4076 4067 4075
f 4074 4083 4084
f 4074 4084 4075
f 4083 4092 4084
f 4085 4076 4075
f 4085 4075 4084
f 3553 3387 3556
f 3387 3390 3558
f 3387 3558 3556
f 3559 3556 3558
f 3556 3723 3553
f 3390 3392 3558
f 3392 3207 3394
f 3394 3562 3392
f 3562 3559 3558
f 3562 3558 3392
f 3570 3563 3395
f 3563 3733 3559
f 3559 3562 3563
f 3562 3394 3395
f 3562 3395 3563
f 3733 3727 3559
f 3733 3917 3727
f 3723 3556 3727
f 3556 3559 3727
f 3207 3209 3210
f 3207 3210 3394
f 3214 3395 3210
f 3395 3394 3210
f 3210 3020 3021
f 3214 3210 3021
f 3028 3215 3022
f 3214 3021 3022
f 3214 3022 3215
f 3215 3396 3395
f 3396 3570 3395
f 3395 3214 3215
f 3217 3218 3407
f 3217 3029 3030
f 3217 3030 3218
f 3572 3398 3399
f 3572 3399 3573
f 3398 3217 3407
f 3398 3407 3399
f 3570 3396 3397
f 3570 3397 3571
f 3396 3215 3216
f 3396 3216 3397
f 3217 3398 3397
f 3217 3397 3216
f 3398 3572 3571
f 3398 3571 3397
f 4698 4703 4704
f 4698 4704 4699
f 4703 4643 4704
f 4636 4639 4640
f 4636 4640 4698
f 4639 4542 4640
f 4643 4703 4640
f 4703 4698 4640
f 4542 4545 4640
f 4435 4546 4545
f 4435 4545 4434
f 4546 4643 4640
f 4546 4640 4545
f 2761 2885 2886
f 2761 2886 2762
f 2885 2894 2886
f 2894 3066 2886
f 3262 3043 3066
f 3262 3066 3261
f 3043 2886 3066
f 3246 3043 3245
f 3246 3044 3043
f 3043 3262 3245
f 3044 2888 2887
f 3044 2887 3043
f 2888 2752 2763
f 2888 2763 2887
f 2762 2886 2887
f 2762 2887 2763
f 2886 3043 2887
f 3046 3248 3249
f 3046 3249 3047
f 3248 3433 3434
f 3248 3434 3249
f 2754 2876 2877
f 2754 2877 2755
f 2876 3046 3047
f 2876 3047 2877
f 2752 2888 2889
f 2752 2889 2753
f 2888 3044 3045
f 2888 3045 2889
f 3046 2876 2889
f 3046 2889 3045
f 2876 2754 2753
f 2876 2753 2889
f 3044 3246 3247
f 3044 3247 3045
f 3433 3248 3247
f 3248 3046 3045
f 3248 3045 3247
f 2518 2636 2637
f 2518 2637 2519
f 2636 2754 2755
f 2636 2755 2637
f 2408 2407 2406
f 2408 2406 2407
f 2407 2518 2519
f 2407 2519 2408
f 2406 2310 2405
f 2405 2516 2517
f 2405 2517 2406
f 2518 2407 2406
f 2518 2406 2517
f 2407 2406 2310
f 2407 2310 2406
f 2516 2634 2635
f 2516 2635 2517
f 2634 2752 2753
f 2634 2753 2635
f 2754 2636 2635
f 2754 2635 2753
f 2636 2518 2517
f 2636 2517 2635
f 2848 3005 3195
f 2848 3195 3003
f 3005 3198 3197
f 3005 3197 3195
f 3381 3193 3195
f 3381 3195 3197
f 3193 3001 3003
f 3193 3003 3195
f 3198 3383 3197
f 3383 3553 3552
f 3550 3383 3552
f 3550 3381 3197
f 3550 3197 3383
f 3713 3546 3548
f 3546 3377 3379
f 3546 3379 3548
f 3381 3550 3548
f 3381 3548 3379
f 3377 3191 3193
f 3377 3193 3379
f 3191 2839 2841
f 3191 2841 3193
f 3001 3193 2841
f 3193 3381 3379
f 3540 3370 3539
f 3370 3184 3369
f 3370 3369 3539
f 3372 3542 3539
f 3372 3539 3369
f 3542 3705 3539
f 3184 2991 2994
f 3184 2994 3369
f 2991 2836 2837
f 2991 2837 2994
f 2838 2995 2994
f 2838 2994 2837
f 2995 3372 3369
f 2995 3369 2994
f 2839 3191 3189
f 3191 3377 3375
f 3191 3375 3189
f 3372 2995 3189
f 3372 3189 3375
f 2995 2838 2839
f 2995 2839 3189
f 3377 3546 3544
f 3377 3544 3375
f 3546 3713 3709
f 3546 3709 3544
f 3705 3542 3544
f 3705 3544 3709
f 3542 3372 3375
f 3542 3375 3544
f 2836 2714 2716
f 2836 2716 2837
f 2714 2594 2596
f 2714 2596 2716
f 2597 2717 2716
f 2597 2716 2596
f 2717 2838 2837
f 2717 2837 2716
f 2594 2477 2479
f 2594 2479 2596
f 2477 2366 2479
f 2480 2597 2596
f 2480 2596 2479
f 2481 2371 2482
f 2482 2599 2598
f 2482 2598 2481
f 2597 2480 2481
f 2597 2481 2598
f 2599 2718 2598
f 2838 2717 2718
f 2838 2718 2839
f 2717 2597 2598
f 2717 2598 2718
f 2740 2861 2860
f 2740 2860 2737
f 3019 2860 2861
f 3210 3016 3020
f 3016 3019 2861
f 3016 2861 3020
f 3207 3209 3016
f 3207 3016 3209
f 3209 3015 3016
f 3016 3210 3209
f 3015 2857 3016
f 2857 2856 2733
f 2737 2860 2857
f 2737 2857 2733
f 2860 3019 3016
f 2860 3016 2857
f 3553 3383 3386
f 3553 3386 3387
f 3383 3198 3200
f 3383 3200 3386
f 3202 3203 3386
f 3202 3386 3200
f 3203 3390 3387
f 3203 3387 3386
f 3198 3005 3007
f 3198 3007 3200
f 3005 2848 2849
f 3005 2849 3007
f 2852 3009 3007
f 2852 3007 2849
f 3009 3202 3200
f 3009 3200 3007
f 2856 2857 3011
f 2856 3011 2854
f 2857 3015 3012
f 2857 3012 3011
f 3202 3009 3011
f 3202 3011 3012
f 3009 2852 2854
f 3009 2854 3011
f 3015 3209 3206
f 3015 3206 3012
f 3209 3207 3392
f 3209 3392 3206
f 3390 3203 3206
f 3390 3206 3392
f 3203 3202 3012
f 3203 3012 3206
f 2848 2847 2726
f 2848 2726 2849
f 2847 2724 2607
f 2847 2607 2726
f 2609 2728 2726
f 2609 2726 2607
f 2728 2852 2849
f 2728 2849 2726
f 2724 2605 2490
f 2724 2490 2607
f 2605 2488 2490
f 2490 2380 2491
f 2491 2609 2607
f 2491 2607 2490
f 2493 2382 2384
f 2493 2384 2495
f 2495 2613 2611
f 2495 2611 2493
f 2609 2491 2493
f 2609 2493 2611
f 2491 2380 2382
f 2491 2382 2493
f 2613 2732 2730
f 2613 2730 2611
f 2732 2856 2854
f 2732 2854 2730
f 2852 2728 2730
f 2852 2730 2854
f 2728 2609 2611
f 2728 2611 2730
f 4045 3848 4050
f 4045 4050 4046
f 3848 3851 4050
f 4045 4046 4050
f 3851 4053 4050
f 3851 3854 3855
f 3851 3855 4053
f 4055 4053 3855
f 4399 4397 4267
f 4397 4261 4265
f 4397 4265 4267
f 4050 4053 4267
f 4050 4267 4265
f 4053 4055 4267
f 4253 4254 4261
f 4046 4045 4261
f 4046 4261 4254
f 4045 4050 4265
f 4045 4265 4261
f 3854 3858 3859
f 3854 3859 3855
f 3858 3861 3859
f 4057 3859 3861
f 4057 4055 3855
f 4057 3855 3859
f 3670 3672 4060
f 3670 4060 3861
f 4275 4274 3861
f 4275 3861 4060
f 4274 4057 3861
f 4517 4401 4403
f 4517 4403 4404
f 4401 4271 4403
f 4057 4274 4403
f 4057 4403 4271
f 4274 4275 4404
f 4274 4404 4403
f 4401 4399 4269
f 4401 4269 4271
f 4399 4267 4269
f 4055 4057 4269
f 4055 4269 4267
f 4057 4271 4269
f 3672 3673 4060
f 3673 3866 4063
f 3673 4063 4060
f 4278 4275 4060
f 4278 4060 4063
f 3866 3867 4064
f 3866 4064 4063
f 4279 4278 4063
f 4279 4063 4064
f 4521 4520 4407
f 4521 4407 4408
f 4278 4279 4408
f 4278 4408 4407
f 4520 4519 4406
f 4520 4406 4407
f 4519 4517 4404
f 4519 4404 4406
f 4275 4406 4404
f 4275 4278 4407
f 4275 4407 4406
f 4041 4040 4256
f 4255 4256 4040
f 4254 4255 4040
f 4254 4040 4046
f 4246 4247 4254
f 4255 4254 4247
f 4256 4255 4247
f 4256 4247 4248
f 4254 4253 4391
f 4254 4391 4246
f 4253 4261 4394
f 4253 4394 4391
f 4388 4389 4246
f 4388 4246 4391
f 4261 4397 4394
f 4397 4399 4512
f 4510 4397 4512
f 4510 4391 4394
f 4510 4394 4397
f 4596 4593 4508
f 4596 4508 4598
f 4593 4504 4506
f 4593 4506 4508
f 4391 4510 4508
f 4391 4508 4506
f 4510 4598 4508
f 4504 4388 4506
f 4504 4371 4384
f 4504 4384 4388
f 4389 4388 4384
f 4388 4391 4506
f 4399 4514 4512
f 4399 4401 4514
f 4601 4512 4514
f 4401 4517 4514
f 4604 4514 4517
f 4604 4601 4514
f 4670 4669 4601
f 4670 4601 4673
f 4669 4599 4601
f 4604 4673 4601
f 4669 4666 4599
f 4666 4596 4598
f 4666 4598 4599
f 4510 4512 4599
f 4510 4599 4598
f 4512 4601 4599
f 4517 4519 4612
f 4519 4520 4613
f 4519 4613 4612
f 4606 4605 4612
f 4606 4612 4613
f 4605 4604 4517
f 4605 4517 4612
f 4520 4521 4614
f 4520 4614 4613
f 4607 4606 4613
f 4607 4613 4614
f 4606 4607 4675
f 4606 4675 4674
f 4674 4670 4673
f 4604 4605 4673
f 4605 4606 4674
f 4605 4674 4673
f 4248 4247 4237
f 4248 4237 4238
f 4247 4246 4237
f 4389 4236 4246
f 4236 4237 4246
f 4371 4372 4237
f 4371 4237 4384
f 4237 4236 4384
f 4236 4389 4384
f 4372 4373 4225
f 4372 4225 4237
f 4238 4237 4225
f 4596 4664 4591
f 4596 4591 4593
f 4664 4661 4591
f 4584 4588 4591
f 4584 4591 4661
f 4588 4504 4593
f 4588 4593 4591
f 4661 4719 4659
f 4719 4752 4717
f 4719 4717 4659
f 4657 4656 4659
f 4657 4659 4717
f 4656 4584 4661
f 4656 4661 4659
f 4570 4478 4577
f 4570 4577 4652
f 4478 4490 4584
f 4478 4584 4577
f 4584 4656 4577
f 4656 4657 4652
f 4656 4652 4577
f 4490 4498 4584
f 4498 4371 4504
f 4504 4588 4498
f 4588 4584 4498
f 4670 4729 4669
f 4729 4768 4767
f 4723 4726 4729
f 4723 4729 4767
f 4726 4669 4729
f 4768 4800 4763
f 4768 4763 4767
f 4800 4794 4763
f 4791 4760 4763
f 4791 4763 4794
f 4760 4723 4767
f 4760 4767 4763
f 4752 4719 4759
f 4752 4759 4756
f 4719 4661 4723
f 4719 4723 4759
f 4723 4760 4759
f 4760 4791 4756
f 4760 4756 4759
f 4661 4664 4723
f 4664 4596 4666
f 4669 4726 4664
f 4669 4664 4666
f 4726 4723 4664
f 4774 4734 4775
f 4734 4674 4675
f 4801 4806 4769
f 4806 4774 4775
f 4806 4775 4769
f 4794 4800 4795
f 4774 4806 4800
f 4774 4800 4768
f 4806 4801 4795
f 4806 4795 4800
f 4768 4729 4730
f 4729 4670 4730
f 4674 4734 4730
f 4674 4730 4670
f 4734 4774 4768
f 4734 4768 4730
f 4371 4498 4362
f 4498 4490 4478
f 4498 4478 4362
f 4355 4362 4478
f 4362 4372 4371
f 4490 4478 4479
f 4490 4479 4478
f 4478 4570 4466
f 4478 4466 4479
f 4467 4479 4466
f 4479 4355 4478
f 4355 4479 4480
f 4355 4480 4364
f 4479 4467 4468
f 4479 4468 4480
f 4372 4362 4363
f 4372 4363 4373
f 4362 4355 4364
f 4362 4364 4363
f 4752 4753 4714
f 4752 4714 4717
f 4753 4780 4748
f 4753 4748 4714
f 4707 4714 4748
f 4714 4657 4717
f 4780 4781 4744
f 4780 4744 4748
f 4781 4777 4745
f 4781 4745 4744
f 4709 4708 4744
f 4709 4744 4745
f 4708 4707 4748
f 4708 4748 4744
f 4647 4708 4709
f 4647 4646 4708
f 4707 4708 4646
f 4646 4557 4653
f 4557 4570 4652
f 4557 4652 4653
f 4657 4714 4653
f 4657 4653 4652
f 4714 4707 4646
f 4714 4646 4653
f 4817 4812 4811
f 4811 4787 4817
f 4787 4791 4794
f 4787 4794 4817
f 4813 4808 4812
f 4808 4807 4812
f 4807 4811 4812
f 4777 4781 4782
f 4777 4782 4807
f 4811 4807 4782
f 4811 4782 4781
f 4780 4753 4787
f 4780 4787 4781
f 4753 4752 4756
f 4753 4756 4787
f 4791 4787 4756
f 4787 4811 4781
f 4819 4824 4825
f 4819 4825 4820
f 4824 4801 4825
f 4814 4821 4815
f 4814 4819 4820
f 4814 4820 4821
f 4813 4812 4819
f 4819 4814 4813
f 4812 4817 4818
f 4812 4818 4819
f 4817 4794 4795
f 4817 4795 4818
f 4801 4824 4818
f 4801 4818 4795
f 4824 4819 4818
f 4570 4557 4558
f 4570 4558 4466
f 4557 4646 4558
f 4558 4467 4466
f 4646 4647 4558
f 4648 4560 4647
f 4560 4559 4558
f 4560 4558 4647
f 4560 4648 4561
f 4467 4558 4468
f 4558 4559 4560
f 4558 4560 4468
f 4086 4085 4095
f 4086 4095 4096
f 4085 4084 4094
f 4085 4094 4095
f 4084 4092 4093
f 4084 4093 4094
f 4286 4282 4094
f 4286 4094 4104
f 4095 4094 4282
f 4094 4093 4104
f 4096 4095 4282
f 4096 4282 4283
f 4092 4102 4093
f 4109 4103 4102
f 4109 4102 3906
f 4103 4093 4102
f 3912 3911 3917
f 3912 4109 3906
f 3912 3906 3911
f 3919 4114 3912
f 3919 3912 3918
f 4114 4110 3912
f 4109 3912 4110
f 4093 4103 4104
f 4103 4109 4110
f 4103 4110 4104
f 3917 3733 3728
f 3733 3734 3728
f 3728 3912 3917
f 3733 3563 3564
f 3733 3564 3734
f 3563 3570 3564
f 3565 3739 3564
f 3739 3734 3564
f 3734 3739 3740
f 3734 3740 3735
f 3739 3565 3740
f 3735 3922 3919
f 3922 3919 3918
f 3922 3918 3919
f 3912 3728 3919
f 3912 3919 3918
f 3728 3734 3735
f 3728 3735 3919
f 3570 3571 3564
f 3571 3565 3564
f 3572 3740 3565
f 3565 3571 3572
f 4412 4283 4282
f 4282 4286 4287
f 4416 4282 4287
f 4416 4412 4282
f 4529 4525 4416
f 4529 4416 4415
f 4525 4526 4416
f 4412 4416 4526
f 4104 4110 4286
f 4290 4286 4110
f 4290 4416 4287
f 4290 4287 4286
f 4114 3919 4118
f 4117 4292 4114
f 4117 4114 4118
f 4292 4290 4110
f 4292 4110 4114
f 4425 4423 4294
f 4425 4294 4296
f 4423 4420 4421
f 4423 4421 4294
f 4290 4292 4294
f 4290 4294 4421
f 4292 4117 4296
f 4292 4296 4294
f 4420 4529 4418
f 4420 4418 4421
f 4529 4415 4418
f 4416 4290 4418
f 4416 4418 4415
f 4290 4421 4418
f 3919 3922 4118
f 3922 3735 3924
f 3924 4120 3922
f 4120 4117 4118
f 4120 4118 3922
f 3735 3740 3924
f 3743 3926 3740
f 3926 3924 3740
f 4127 3926 3928
f 4127 4125 4123
f 4127 4123 3926
f 3924 3926 4123
f 3926 3743 3928
f 4125 4298 4122
f 4125 4122 4123
f 4298 4425 4296
f 4298 4296 4122
f 4117 4120 4122
f 4117 4122 4296
f 4120 3924 4123
f 4120 4123 4122
f 3740 3572 3744
f 3740 3744 3743
f 3748 3743 3744
f 3572 3573 3745
f 3572 3745 3744
f 3749 3748 3744
f 3749 3744 3745
f 3748 3749 3930
f 3933 3929 3930
f 3929 4127 3928
f 3743 3748 3929
f 3743 3929 3928
f 3748 3930 3929
f 4529 4622 4623
f 4529 4623 4525
f 4622 4628 4623
f 4618 4526 4525
f 4618 4525 4623
f 4628 4681 4623
f 4682 4681 4686
f 4623 4681 4682
f 4623 4682 4624
f 4526 4618 4619
f 4618 4623 4624
f 4618 4624 4619
f 4425 4427 4535
f 4425 4535 4423
f 4427 4537 4632
f 4427 4632 4535
f 4630 4533 4535
f 4630 4535 4632
f 4533 4420 4423
f 4533 4423 4535
f 4537 4636 4634
f 4537 4634 4632
f 4636 4692 4634
f 4689 4634 4692
f 4689 4630 4632
f 4689 4632 4634
f 4686 4681 4685
f 4681 4628 4627
f 4681 4627 4685
f 4630 4689 4685
f 4630 4685 4627
f 4689 4686 4685
f 4628 4622 4531
f 4628 4531 4627
f 4622 4529 4531
f 4420 4533 4531
f 4420 4531 4529
f 4533 4630 4627
f 4533 4627 4531
f 4127 4129 4302
f 4129 4304 4302
f 4431 4300 4302
f 4300 4125 4127
f 4300 4127 4302
f 4304 4434 4433
f 4304 4433 4302
f 4434 4545 4433
f 4542 4541 4433
f 4542 4433 4545
f 4541 4431 4302
f 4541 4302 4433
f 4636 4539 4639
f 4636 4537 4539
f 4431 4541 4539
f 4541 4542 4639
f 4541 4639 4539
f 4537 4427 4429
f 4537 4429 4539
f 4427 4425 4298
f 4427 4298 4429
f 4125 4300 4429
f 4125 4429 4298
f 4300 4431 4539
f 4300 4539 4429
f 4305 4435 4434
f 4305 4434 4304
f 4129 4127 3929
f 3933 4130 4129
f 3933 4129 3929
f 4130 4305 4304
f 4130 4304 4129
f 2546 2333 2433
f 2546 2433 2548
f 2548 2666 2664
f 2548 2664 2546
f 2662 2544 2546
f 2662 2546 2664
f 2544 2431 2333
f 2544 2333 2546
f 2666 2790 2788
f 2666 2788 2664
f 2790 2939 2932
f 2790 2932 2788
f 2924 2785 2788
f 2924 2788 2932
f 2785 2662 2664
f 2785 2664 2788
f 2919 2780 2785
f 2919 2785 2925
f 2780 2658 2662
f 2780 2662 2785
f 2785 2924 2925
f 2658 2540 2544
f 2658 2544 2662
f 2540 2427 2331
f 2540 2331 2544
f 2544 2331 2431
f 2553 2436 2438
f 2553 2438 2555
f 2555 2672 2670
f 2555 2670 2553
f 2668 2550 2553
f 2668 2553 2670
f 2550 2434 2436
f 2550 2436 2553
f 2672 2796 2794
f 2672 2794 2670
f 2796 2946 2944
f 2796 2944 2794
f 2942 2792 2794
f 2942 2794 2944
f 2792 2668 2670
f 2792 2670 2794
f 2939 2790 2792
f 2939 2792 2942
f 2790 2666 2668
f 2790 2668 2792
f 2666 2548 2550
f 2666 2550 2668
f 2548 2433 2434
f 2548 2434 2550
f 2418 2325 2423
f 2423 2534 2529
f 2423 2529 2418
f 2530 2419 2418
f 2530 2418 2529
f 2534 2652 2648
f 2534 2648 2529
f 2652 2771 2767
f 2652 2767 2648
f 2648 2530 2529
f 2761 2643 2649
f 2761 2649 2768
f 2643 2525 2530
f 2643 2530 2649
f 2530 2648 2649
f 2648 2767 2768
f 2648 2768 2649
f 2525 2414 2419
f 2525 2419 2530
f 2414 2413 2419
f 2541 2428 2427
f 2541 2427 2540
f 2540 2658 2659
f 2540 2659 2541
f 2655 2537 2541
f 2655 2541 2659
f 2537 2328 2428
f 2537 2428 2541
f 2658 2780 2659
f 2912 2775 2780
f 2912 2780 2919
f 2775 2655 2659
f 2775 2659 2780
f 2655 2775 2771
f 2655 2771 2652
f 2775 2912 2771
f 2534 2423 2533
f 2534 2533 2652
f 2423 2325 2422
f 2423 2422 2533
f 2533 2422 2328
f 2533 2328 2537
f 2537 2655 2652
f 2537 2652 2533
f 2625 2507 2508
f 2625 2508 2626
f 2507 2396 2508
f 2744 2625 2626
f 2744 2626 2745
f 2625 2744 2743
f 2625 2743 2624
f 2506 2396 2507
f 2507 2625 2624
f 2507 2624 2506
f 2456 2575 2572
f 2456 2572 2453
f 2571 2453 2572
f 2575 2691 2689
f 2575 2689 2572
f 2691 2812 2689
f 2812 2688 2689
f 2688 2571 2572
f 2688 2572 2689
f 2808 2684 2686
f 2808 2686 2810
f 2684 2567 2569
f 2684 2569 2686
f 2571 2688 2686
f 2571 2686 2569
f 2688 2812 2810
f 2688 2810 2686
f 2567 2449 2451
f 2567 2451 2569
f 2453 2571 2569
f 2453 2569 2451
f 2465 2584 2581
f 2465 2581 2462
f 2579 2460 2462
f 2579 2462 2581
f 2584 2700 2697
f 2584 2697 2581
f 2694 2579 2581
f 2694 2581 2697
f 2691 2575 2578
f 2691 2578 2694
f 2579 2694 2578
f 2575 2456 2459
f 2575 2459 2578
f 2456 2349 2459
f 2459 2349 2460
f 2460 2579 2578
f 2460 2578 2459
f 2559 2442 2444
f 2559 2444 2561
f 2561 2678 2676
f 2561 2676 2559
f 2674 2557 2559
f 2674 2559 2676
f 2557 2440 2442
f 2557 2442 2559
f 2678 2803 2801
f 2678 2801 2676
f 2803 2952 2950
f 2803 2950 2801
f 2948 2799 2801
f 2948 2801 2950
f 2799 2674 2676
f 2799 2676 2801
f 2946 2796 2798
f 2946 2798 2948
f 2796 2672 2674
f 2796 2674 2798
f 2674 2799 2798
f 2799 2948 2798
f 2672 2555 2557
f 2672 2557 2674
f 2555 2438 2440
f 2555 2440 2557
f 2564 2446 2449
f 2564 2449 2567
f 2446 2339 2449
f 2567 2684 2683
f 2684 2808 2683
f 2805 2680 2683
f 2805 2683 2808
f 2680 2564 2567
f 2680 2567 2683
f 2564 2680 2803
f 2564 2803 2678
f 2680 2805 2952
f 2680 2952 2803
f 2678 2561 2562
f 2561 2444 2445
f 2561 2445 2562
f 2562 2445 2446
f 2446 2564 2678
f 2446 2678 2562
f 2478 2367 2366
f 2478 2366 2477
f 2477 2594 2595
f 2477 2595 2478
f 2592 2475 2478
f 2592 2478 2595
f 2475 2367 2478
f 2594 2714 2715
f 2594 2715 2595
f 2714 2836 2715
f 2833 2712 2715
f 2833 2715 2836
f 2712 2592 2595
f 2712 2595 2715
f 2830 2707 2713
f 2830 2713 2833
f 2707 2588 2593
f 2707 2593 2713
f 2592 2712 2713
f 2592 2713 2593
f 2712 2833 2713
f 2588 2471 2476
f 2588 2476 2593
f 2471 2475 2476
f 2475 2592 2593
f 2475 2593 2476
f 2415 2318 2414
f 2414 2525 2526
f 2414 2526 2415
f 2525 2643 2644
f 2525 2644 2526
f 2643 2761 2762
f 2643 2762 2644
f 2752 2634 2633
f 2752 2633 2763
f 2634 2516 2515
f 2634 2515 2633
f 2526 2644 2633
f 2526 2633 2515
f 2644 2762 2763
f 2644 2763 2633
f 2516 2405 2404
f 2516 2404 2515
f 2415 2526 2515
f 2415 2515 2404
f 2603 2376 2488
f 2603 2488 2605
f 2605 2724 2723
f 2605 2723 2603
f 2721 2486 2603
f 2721 2603 2723
f 2486 2376 2603
f 2724 2847 2846
f 2724 2846 2723
f 2847 2848 3003
f 2847 3003 2846
f 3001 2844 2846
f 3001 2846 3003
f 2844 2721 2723
f 2844 2723 2846
f 2839 2718 2719
f 2839 2719 2841
f 2718 2599 2719
f 2721 2844 2719
f 2721 2719 2599
f 2844 3001 2841
f 2844 2841 2719
f 2599 2482 2483
f 2482 2371 2483
f 2483 2376 2486
f 2486 2721 2599
f 2486 2599 2483
f 2503 2621 2618
f 2503 2618 2500
f 2617 2499 2500
f 2617 2500 2618
f 2621 2740 2737
f 2621 2737 2618
f 2737 2736 2618
f 2736 2617 2618
f 2856 2732 2733
f 2732 2613 2614
f 2732 2614 2733
f 2617 2736 2733
f 2617 2733 2614
f 2736 2737 2733
f 2613 2495 2496
f 2613 2496 2614
f 2495 2384 2496
f 2499 2617 2614
f 2499 2614 2496
f 3028 3216 3215
f 3028 3029 3217
f 3028 3217 3216
f 1143 1323 1319
f 1143 1319 1137
f 1137 1319 1313
f 1137 1313 1132
f 1490 1313 1319
f 1490 1319 1496
f 1496 1319 1323
f 1496 1323 1498
f 1132 1313 1308
f 1132 1308 1128
f 1484 1308 1313
f 1484 1313 1490
f 1851 1681 1687
f 1851 1687 1854
f 1490 1687 1681
f 1490 1681 1484
f 1854 1687 1690
f 1854 1690 1856
f 1856 1690 1692
f 1856 1692 1858
f 1498 1692 1690
f 1498 1690 1496
f 1496 1690 1687
f 1496 1687 1490
f 1128 1308 1304
f 1128 1304 1124
f 1124 1304 1292
f 1124 1292 1111
f 1472 1292 1304
f 1472 1304 1478
f 1478 1304 1308
f 1478 1308 1484
f 1111 1292 1112
f 1112 1292 1286
f 1112 1286 1287
f 1462 1286 1292
f 1462 1292 1472
f 1831 1664 1671
f 1831 1671 1837
f 1837 1671 1836
f 1472 1671 1664
f 1472 1664 1462
f 1836 1671 1676
f 1836 1676 1844
f 1844 1676 1681
f 1844 1681 1851
f 1484 1681 1676
f 1484 1676 1478
f 1478 1676 1671
f 1478 1671 1472
f 1287 1286 1462
f 1287 1462 1458
f 1287 1458 1284
f 1652 1458 1462
f 1284 1458 1285
f 1285 1458 1454
f 1285 1454 1455
f 1641 1454 1458
f 1641 1458 1653
f 1653 1458 1652
f 1966 1815 1814
f 1966 1814 1652
f 1966 1652 1824
f 1652 1814 1653
f 1653 1814 1815
f 1653 1815 1641
f 1824 1652 1665
f 1824 1665 1831
f 1831 1665 1664
f 1462 1664 1665
f 1462 1665 1652
f 1455 1628 1450
f 1628 1455 1641
f 1641 1455 1454
f 1450 1628 1451
f 1451 1628 1629
f 1806 1629 1628
f 1956 1797 1806
f 1956 1806 1963
f 1963 1806 1805
f 1963 1805 1962
f 1628 1805 1806
f 1628 1806 1797
f 1628 1797 1806
f 1962 1805 1815
f 1962 1815 1966
f 1641 1815 1805
f 1641 1805 1628
f 1450 1451 1283
f 1450 1283 1455
f 1455 1283 1282
f 1105 1282 1283
f 1283 1451 1277
f 1100 1106 1278
f 1100 1278 1279
f 1277 1278 1106
f 1277 1106 1283
f 1283 1106 1105
f 1279 1278 1435
f 1279 1435 1436
f 1452 1435 1278
f 1452 1278 1451
f 1451 1278 1277
f 1455 1282 1285
f 1285 1107 1284
f 1108 1107 1285
f 1108 1285 1282
f 1108 1282 1105
f 1284 1107 1110
f 1284 1110 1287
f 1287 1110 1109
f 927 1109 1110
f 1110 1107 1108
f 734 928 929
f 929 928 924
f 929 924 925
f 1108 924 928
f 1108 928 1110
f 1110 928 927
f 925 924 1105
f 925 1105 919
f 919 1105 1106
f 1108 1105 924
f 730 731 737
f 730 737 736
f 736 737 738
f 921 922 731
f 921 731 730
f 1106 920 919
f 919 920 926
f 919 926 925
f 730 926 920
f 730 920 921
f 925 926 735
f 925 735 929
f 929 735 734
f 736 735 926
f 736 926 730
f 1102 1103 915
f 1102 915 922
f 1102 922 921
f 1270 1271 1280
f 1280 1271 1103
f 1280 1103 1102
f 1436 1437 1279
f 1102 1101 1279
f 1102 1279 1280
f 1280 1279 1437
f 1280 1437 1270
f 1279 1101 1100
f 1100 1101 920
f 1100 920 1106
f 921 920 1101
f 921 1101 1102
f 1287 1109 1112
f 930 1112 1109
f 930 1109 927
f 1111 1112 945
f 1111 945 1124
f 1124 945 951
f 1124 951 1128
f 952 951 945
f 952 945 946
f 946 945 1112
f 946 1112 930
f 770 769 760
f 770 760 761
f 761 760 740
f 930 740 760
f 930 760 946
f 946 760 769
f 946 769 952
f 761 740 931
f 761 931 741
f 741 931 928
f 741 928 734
f 927 928 931
f 927 931 930
f 930 931 740
f 1128 951 957
f 1128 957 1132
f 958 957 951
f 958 951 952
f 1132 957 965
f 1132 965 1137
f 1137 965 973
f 1137 973 1143
f 974 973 965
f 974 965 966
f 966 965 957
f 966 957 958
f 790 782 783
f 783 782 775
f 783 775 776
f 958 775 782
f 958 782 966
f 966 782 790
f 966 790 974
f 776 775 769
f 776 769 770
f 952 769 775
f 952 775 958
f 610 611 624
f 610 624 622
f 622 624 634
f 622 634 632
f 599 600 611
f 599 611 610
f 770 598 609
f 770 609 776
f 610 609 598
f 610 598 599
f 776 609 621
f 776 621 783
f 783 621 791
f 783 791 790
f 632 791 621
f 632 621 622
f 622 621 609
f 622 609 610
f 590 591 600
f 590 600 599
f 736 738 574
f 736 574 743
f 743 574 591
f 743 591 590
f 734 735 742
f 734 742 741
f 741 742 762
f 741 762 761
f 590 762 742
f 590 742 743
f 743 742 735
f 743 735 736
f 761 762 598
f 761 598 770
f 599 598 762
f 599 762 590
f 1932 1933 2057
f 1932 2057 2061
f 1932 2061 2056
f 2061 2057 1933
f 2056 2061 2179
f 2056 2179 2178
f 2181 2180 2062
f 2181 2062 2063
f 2061 2062 2180
f 2061 2180 2179
f 2063 2062 1939
f 2063 1939 1940
f 1940 1939 1934
f 1933 1934 1939
f 1933 1939 2061
f 2061 1939 2062
f 2178 2179 2296
f 2297 2296 2179
f 2392 2393 2504
f 2393 2392 2296
f 2393 2296 2297
f 2394 2395 2506
f 2394 2506 2505
f 2395 2394 2298
f 2395 2298 2299
f 2297 2298 2394
f 2297 2394 2393
f 2393 2394 2505
f 2393 2505 2504
f 2299 2298 2180
f 2299 2180 2181
f 2179 2180 2298
f 2179 2298 2297
f 2064 2065 2183
f 2064 2183 2182
f 1941 1942 2065
f 1941 2065 2064
f 2064 2063 1940
f 2064 1940 1941
f 2182 2181 2063
f 2182 2063 2064
f 1889 2020 2017
f 1889 2017 1885
f 1885 2017 1881
f 1885 1881 1882
f 2014 1881 2017
f 1882 1881 1717
f 1717 1881 1878
f 1717 1878 1713
f 1878 1881 2013
f 2013 1881 2014
f 2129 2010 2013
f 2129 2013 2132
f 2013 2010 1878
f 2132 2013 2136
f 2132 2136 2135
f 2135 2136 2139
f 2135 2139 2138
f 2020 2139 2136
f 2020 2136 2017
f 2017 2136 2013
f 2017 2013 2014
f 1713 1878 1711
f 1713 1711 1517
f 1875 1711 1876
f 1876 1711 1878
f 1517 1711 1707
f 1517 1707 1514
f 1514 1707 1705
f 1514 1705 1511
f 1705 1707 1872
f 1872 1707 1711
f 1872 1711 1875
f 2003 1870 1872
f 2003 1872 2005
f 2005 1872 2007
f 1875 2007 1872
f 1872 1870 1705
f 2007 2010 2129
f 1878 2010 2007
f 1878 2007 1876
f 1876 2007 1875
f 1511 1705 1510
f 1511 1510 1508
f 1511 1508 1333
f 1701 1508 1510
f 1701 1510 1704
f 1704 1510 1705
f 1333 1508 1505
f 1333 1505 1331
f 1504 1505 1699
f 1699 1505 1508
f 1699 1508 1701
f 1864 1698 1865
f 1864 1865 1867
f 1864 1867 2000
f 1701 1867 1865
f 1701 1865 1699
f 1699 1865 1698
f 1699 1698 1504
f 2000 1867 1870
f 2000 1870 2003
f 1705 1870 1704
f 1704 1870 1867
f 1704 1867 1701
f 1331 1505 1327
f 1331 1327 1328
f 1328 1327 1325
f 1328 1325 1145
f 1500 1325 1327
f 1500 1327 1502
f 1502 1327 1505
f 1502 1505 1504
f 1145 1325 1323
f 1145 1323 1143
f 1498 1323 1325
f 1498 1325 1500
f 1858 1692 1694
f 1858 1694 1860
f 1500 1694 1692
f 1500 1692 1498
f 1860 1694 1696
f 1860 1696 1862
f 1862 1696 1698
f 1862 1698 1864
f 1504 1698 1696
f 1504 1696 1502
f 1502 1696 1694
f 1502 1694 1500
f 1143 973 1146
f 1143 1146 1145
f 977 1146 974
f 974 1146 973
f 1145 1146 1149
f 1145 1149 1328
f 1328 1149 1151
f 1328 1151 1331
f 984 1151 1149
f 984 1149 980
f 980 1149 1146
f 980 1146 977
f 803 981 978
f 803 978 796
f 977 978 981
f 977 981 980
f 980 981 984
f 796 978 790
f 796 790 791
f 974 790 978
f 974 978 977
f 1331 1151 1334
f 1331 1334 1333
f 1154 1334 1151
f 1154 1151 1152
f 1152 1151 984
f 1333 1334 1336
f 1333 1336 1511
f 1337 1336 1157
f 1157 1336 1334
f 1157 1334 1154
f 992 1158 989
f 1154 989 1158
f 1154 1158 1157
f 1157 1158 1337
f 989 985 986
f 986 985 981
f 986 981 803
f 984 981 985
f 984 985 1152
f 1152 985 989
f 1152 989 1154
f 89 90 55
f 55 90 57
f 55 57 24
f 124 194 125
f 124 125 89
f 123 88 87
f 89 88 124
f 124 88 123
f 87 88 54
f 87 54 53
f 53 54 23
f 53 23 22
f 24 23 54
f 24 54 55
f 55 54 88
f 55 88 89
f 641 642 798
f 798 642 799
f 632 634 633
f 633 634 642
f 633 642 641
f 790 791 792
f 790 792 791
f 791 792 797
f 791 797 796
f 641 797 792
f 641 792 633
f 633 792 791
f 633 791 632
f 796 797 803
f 803 797 804
f 798 804 797
f 798 797 641
f 1511 1336 1515
f 1511 1515 1514
f 1514 1515 1518
f 1514 1518 1517
f 1342 1518 1515
f 1342 1515 1339
f 1339 1515 1336
f 1339 1336 1337
f 1517 1518 1520
f 1517 1520 1713
f 1522 1520 1344
f 1344 1520 1518
f 1344 1518 1342
f 1167 1346 1344
f 1167 1344 1165
f 1165 1344 1163
f 1165 1163 999
f 1342 1163 1344
f 1344 1346 1522
f 999 1163 1160
f 999 1160 996
f 996 1160 1158
f 996 1158 992
f 1337 1158 1160
f 1337 1160 1339
f 1339 1160 1163
f 1339 1163 1342
f 1713 1520 1718
f 1713 1718 1717
f 1717 1718 1721
f 1717 1721 1882
f 1722 1721 1718
f 1722 1718 1522
f 1522 1718 1520
f 1882 1721 1885
f 1726 1889 1885
f 1726 1885 1722
f 1722 1885 1721
f 1528 1726 1524
f 1528 1524 1525
f 1722 1524 1726
f 1525 1524 1346
f 1525 1346 1348
f 1348 1346 1167
f 1522 1346 1524
f 1522 1524 1722
f 1351 1352 1530
f 1351 1530 1529
f 1004 1005 1171
f 1004 1171 1170
f 1170 1171 1352
f 1170 1352 1351
f 1167 1168 1348
f 1351 1348 1170
f 1170 1348 1168
f 1170 1168 1004
f 1525 1348 1529
f 1525 1529 1528
f 1529 1348 1351
f 3 4 9
f 3 9 8
f 24 57 30
f 24 30 29
f 29 30 4
f 29 4 3
f 22 23 28
f 22 28 1
f 1 28 3
f 1 3 2
f 3 28 29
f 29 28 23
f 29 23 24
f 2 3 8
f 2 8 7
f 1889 1888 2020
f 1892 2020 1888
f 1892 1888 1893
f 1893 1888 1889
f 1893 1889 1729
f 2020 2019 2139
f 2139 2019 2138
f 2142 2138 2019
f 2142 2019 2023
f 2023 2019 2020
f 2023 2020 1892
f 1896 2025 1897
f 1892 1897 2025
f 1892 2025 2023
f 2023 2025 2142
f 1896 1897 1735
f 1735 1736 1543
f 1729 1736 1735
f 1729 1735 1893
f 1893 1735 1897
f 1893 1897 1892
f 2261 2259 2142
f 2142 2259 2138
f 2355 2357 2467
f 2355 2467 2465
f 2357 2355 2259
f 2357 2259 2261
f 2361 2360 2471
f 2361 2471 2467
f 2360 2361 2264
f 2360 2264 2263
f 2261 2264 2361
f 2261 2361 2357
f 2357 2361 2467
f 2263 2264 2146
f 2263 2146 2145
f 2145 2146 2025
f 2142 2025 2146
f 2142 2146 2264
f 2142 2264 2261
f 1903 1743 1747
f 1740 1743 1903
f 1740 1903 1900
f 1900 1903 2031
f 1900 2031 2028
f 1747 1743 1554
f 1747 1554 1558
f 1558 1554 1372
f 1558 1372 1377
f 1367 1372 1554
f 1367 1554 1550
f 1550 1554 1743
f 1550 1743 1740
f 1543 1551 1741
f 1543 1741 1735
f 1735 1741 1896
f 1740 1741 1550
f 1550 1741 1551
f 1550 1551 1367
f 1896 1741 1900
f 1896 1900 2028
f 1896 2028 2025
f 1900 1741 1740
f 1530 1538 1537
f 1530 1537 1529
f 1529 1537 1536
f 1529 1536 1528
f 1358 1359 1175
f 1537 1359 1358
f 1537 1358 1536
f 1536 1358 1357
f 1175 1359 1360
f 1175 1360 1176
f 1538 1360 1359
f 1538 1359 1537
f 1528 1536 1731
f 1528 1731 1726
f 1730 1731 1535
f 1535 1731 1536
f 1726 1731 1725
f 1726 1725 1889
f 1729 1889 1725
f 1729 1725 1730
f 1730 1725 1731
f 1543 1736 1544
f 1544 1545 1355
f 1730 1545 1544
f 1730 1544 1736
f 1730 1736 1729
f 1355 1545 1546
f 1355 1546 1356
f 1356 1546 1357
f 1536 1357 1546
f 1536 1546 1535
f 1535 1546 1545
f 1535 1545 1730
f 1377 1372 1190
f 1377 1190 1197
f 1197 1190 1191
f 1197 1191 1020
f 1179 1191 1190
f 1179 1190 1368
f 1368 1190 1372
f 1368 1372 1367
f 1020 1191 1008
f 1020 1008 1021
f 1021 1008 1009
f 1021 1009 1022
f 1193 1009 1008
f 1193 1008 1192
f 1192 1008 1191
f 1192 1191 1179
f 1357 1181 1180
f 1357 1180 1356
f 1356 1180 1369
f 1356 1369 1355
f 1179 1369 1180
f 1179 1180 1192
f 1192 1180 1181
f 1192 1181 1193
f 1355 1369 1368
f 1355 1368 1544
f 1544 1368 1551
f 1544 1551 1543
f 1367 1551 1368
f 1368 1369 1179
f 1022 1009 1010
f 1022 1010 825
f 825 1010 1011
f 825 1011 826
f 1011 1010 1009
f 1011 1009 1193
f 826 1011 1012
f 826 1012 827
f 1013 1012 1011
f 1176 1184 1183
f 1176 1183 1175
f 1011 1183 1184
f 1011 1184 1013
f 1175 1183 1182
f 1175 1182 1358
f 1358 1182 1181
f 1358 1181 1357
f 1193 1181 1182
f 1193 1182 1011
f 1011 1182 1183
f 1377 1197 1376
f 1376 1197 1201
f 1376 1201 1200
f 1026 1201 1197
f 1026 1197 1020
f 1200 1201 1205
f 1200 1205 1204
f 1204 1205 1209
f 1204 1209 1208
f 1034 1209 1205
f 1034 1205 1030
f 1030 1205 1201
f 1030 1201 1026
f 850 1035 1031
f 850 1031 841
f 841 1031 1027
f 841 1027 832
f 1026 1027 1031
f 1026 1031 1030
f 1030 1031 1035
f 1030 1035 1034
f 832 1027 1021
f 832 1021 1022
f 1020 1021 1027
f 1020 1027 1026
f 1208 1209 1212
f 1208 1212 1385
f 1385 1212 1215
f 1385 1215 1387
f 1042 1215 1212
f 1042 1212 1038
f 1038 1212 1209
f 1038 1209 1034
f 1387 1215 1217
f 1387 1217 1389
f 1389 1217 1390
f 1218 1390 1217
f 1218 1217 1215
f 1218 1215 1042
f 1055 1222 1048
f 1055 1048 1049
f 1049 1048 1043
f 1049 1043 1044
f 1042 1043 1048
f 1042 1048 1218
f 1218 1048 1222
f 1044 1043 1039
f 1044 1039 860
f 860 1039 1035
f 860 1035 850
f 1034 1035 1039
f 1034 1039 1038
f 1038 1039 1043
f 1038 1043 1042
f 119 120 170
f 119 170 169
f 169 170 175
f 169 175 174
f 158 117 162
f 162 117 120
f 162 120 119
f 162 166 165
f 119 166 162
f 165 166 169
f 165 169 168
f 168 169 174
f 168 174 269
f 169 166 119
f 834 835 844
f 834 844 843
f 826 827 835
f 826 835 834
f 1022 825 833
f 1022 833 832
f 834 833 825
f 834 825 826
f 832 833 842
f 832 842 841
f 841 842 850
f 843 842 833
f 843 833 834
f 1390 1393 1575
f 1575 1393 1395
f 1575 1395 1578
f 1396 1395 1393
f 1393 1390 1218
f 1578 1395 1580
f 1580 1582 1770
f 1582 1580 1399
f 1399 1580 1395
f 1399 1395 1396
f 1407 1583 1400
f 1400 1396 1228
f 1396 1400 1399
f 1399 1400 1583
f 1399 1583 1582
f 1228 1396 1222
f 1228 1222 1055
f 1218 1222 1393
f 1393 1222 1396
f 1770 1582 1773
f 1770 1773 1772
f 1777 1773 1583
f 1583 1773 1582
f 1773 1933 1932
f 1777 1933 1773
f 1940 1934 1778
f 1777 1778 1934
f 1777 1934 1933
f 1778 1583 1584
f 1584 1583 1407
f 1583 1778 1777
f 1780 1595 1781
f 1780 1781 1942
f 1780 1942 1941
f 1409 1410 1587
f 1409 1587 1586
f 1586 1587 1595
f 1586 1595 1780
f 1407 1408 1585
f 1407 1585 1584
f 1584 1585 1779
f 1584 1779 1778
f 1780 1779 1585
f 1780 1585 1586
f 1586 1585 1408
f 1586 1408 1409
f 174 175 180
f 174 180 179
f 179 180 276
f 269 174 273
f 269 273 272
f 272 273 382
f 276 273 179
f 179 273 174
f 382 273 385
f 516 515 385
f 516 385 386
f 386 385 273
f 386 273 276
f 1956 1957 1798
f 1956 1798 1797
f 1797 1798 1806
f 1806 1798 1629
f 1452 1451 1629
f 1452 1629 1606
f 1606 1629 1798
f 1436 1435 1606
f 1436 1606 1607
f 1606 1435 1452
f 1607 1606 1799
f 1607 1799 1800
f 1800 1799 1958
f 1800 1958 1947
f 1957 1958 1799
f 1957 1799 1798
f 1798 1799 1606
f 1609 1610 1439
f 1609 1439 1438
f 1438 1439 1271
f 1438 1271 1270
f 1949 1950 1789
f 1949 1789 1788
f 1788 1789 1610
f 1788 1610 1609
f 1947 1948 1801
f 1947 1801 1800
f 1800 1801 1608
f 1800 1608 1607
f 1609 1608 1801
f 1609 1801 1788
f 1788 1801 1948
f 1788 1948 1949
f 1607 1608 1437
f 1607 1437 1436
f 1270 1437 1438
f 1438 1437 1608
f 1438 1608 1609
f 2193 2194 2075
f 2193 2075 2074
f 2074 2075 1950
f 2074 1950 1949
f 2312 2311 2406
f 2312 2406 2407
f 2311 2312 2194
f 2311 2194 2193
f 2310 2309 2405
f 2309 2310 2192
f 2309 2192 2191
f 2193 2192 2310
f 2193 2310 2311
f 2311 2310 2406
f 2191 2192 2073
f 2191 2073 2072
f 2072 2073 1948
f 2072 1948 1947
f 1949 1948 2073
f 1949 2073 2074
f 2074 2073 2192
f 2074 2192 2193
f 2043 1915 1758
f 2043 1758 1917
f 1917 1758 1760
f 1917 1760 1761
f 1569 1760 1758
f 1569 1758 1756
f 1756 1758 1915
f 1756 1915 1913
f 1761 1760 1571
f 1571 1389 1390
f 1387 1389 1571
f 1387 1571 1760
f 1387 1760 1569
f 1208 1385 1383
f 1383 1385 1567
f 1383 1567 1565
f 1569 1567 1385
f 1569 1385 1387
f 1565 1567 1756
f 1565 1756 1754
f 1754 1756 2036
f 1754 2036 2034
f 1913 2036 1756
f 1756 1567 1569
f 1377 1376 1558
f 1558 1376 1557
f 1558 1557 1747
f 1560 1557 1376
f 1560 1376 1379
f 1379 1376 1200
f 1747 1557 1906
f 1747 1906 1903
f 1903 1906 2032
f 1903 2032 2031
f 2033 2032 1906
f 2033 1906 1907
f 1907 1906 1557
f 1907 1557 1560
f 2034 1752 1754
f 1754 1752 1563
f 1754 1563 1565
f 1560 1563 1752
f 1560 1752 1907
f 1907 1752 2034
f 1907 2034 2033
f 1565 1563 1381
f 1565 1381 1383
f 1383 1381 1204
f 1383 1204 1208
f 1200 1204 1381
f 1200 1381 1379
f 1379 1381 1563
f 1379 1563 1560
f 2031 2032 2154
f 2031 2154 2152
f 2152 2154 2271
f 2152 2271 2269
f 2272 2271 2154
f 2272 2154 2155
f 2155 2154 2032
f 2155 2032 2033
f 2269 2271 2368
f 2269 2368 2366
f 2366 2368 2479
f 2368 2369 2480
f 2368 2480 2479
f 2369 2368 2271
f 2369 2271 2272
f 2370 2371 2481
f 2371 2370 2273
f 2371 2273 2274
f 2272 2273 2370
f 2272 2370 2369
f 2369 2370 2481
f 2369 2481 2480
f 2274 2273 2156
f 2033 2034 2156
f 2033 2156 2155
f 2155 2156 2273
f 2155 2273 2272
f 2178 2175 2055
f 2178 2055 2056
f 1931 2056 2055
f 1773 1932 1928
f 1928 1932 2056
f 1928 2056 1931
f 1770 1772 1928
f 1770 1928 1772
f 1772 1928 1927
f 1928 1772 1773
f 1927 1928 2052
f 2052 2171 2051
f 2175 2171 2052
f 2175 2052 2055
f 2055 2052 1928
f 2055 1928 1931
f 1390 1575 1574
f 1390 1574 1571
f 1571 1574 1763
f 1571 1763 1761
f 1765 1763 1574
f 1765 1574 1766
f 1766 1574 1575
f 1766 1575 1578
f 1761 1763 1919
f 1761 1919 1917
f 1917 1919 2044
f 1917 2044 2043
f 2047 2044 1919
f 2047 1919 1921
f 1921 1919 1763
f 1921 1763 1765
f 2051 2049 1923
f 2051 1923 2052
f 2052 1923 1924
f 2052 1924 1927
f 1765 1924 1923
f 1765 1923 1921
f 1921 1923 2049
f 1921 2049 2047
f 1927 1924 1769
f 1927 1769 1772
f 1772 1769 1580
f 1772 1580 1770
f 1578 1580 1769
f 1578 1769 1766
f 1766 1769 1924
f 1766 1924 1765
f 2043 2044 2164
f 2043 2164 2042
f 2042 2164 2282
f 2042 2282 2162
f 2284 2282 2164
f 2284 2164 2166
f 2166 2164 2044
f 2166 2044 2047
f 2162 2282 2378
f 2162 2378 2280
f 2280 2378 2490
f 2280 2490 2488
f 2378 2380 2490
f 2380 2378 2282
f 2380 2282 2284
f 2384 2382 2286
f 2384 2286 2288
f 2284 2286 2382
f 2284 2382 2380
f 2288 2286 2168
f 2288 2168 2170
f 2170 2168 2049
f 2170 2049 2051
f 2047 2049 2168
f 2047 2168 2166
f 2166 2168 2286
f 2166 2286 2284
f 803 804 808
f 803 808 986
f 986 808 989
f 803 808 804
f 989 808 811
f 989 811 993
f 989 993 992
f 813 993 811
f 480 653 478
f 478 653 651
f 478 651 647
f 808 651 653
f 808 653 811
f 811 653 813
f 639 647 640
f 804 640 647
f 804 647 803
f 803 647 651
f 803 651 808
f 992 993 997
f 992 997 996
f 996 997 999
f 815 999 997
f 815 997 993
f 815 993 813
f 1165 999 818
f 1165 818 1167
f 661 818 999
f 661 999 660
f 660 999 815
f 357 485 484
f 357 484 482
f 482 484 657
f 815 657 484
f 815 484 660
f 660 484 485
f 660 485 661
f 482 657 655
f 482 655 480
f 480 655 653
f 813 653 655
f 813 655 815
f 815 655 657
f 1167 818 1168
f 1168 818 821
f 1168 821 1004
f 664 821 818
f 664 818 661
f 1004 821 822
f 1004 822 1005
f 665 822 821
f 665 821 664
f 361 489 488
f 361 488 360
f 664 488 489
f 664 489 665
f 360 488 487
f 360 487 359
f 359 487 485
f 359 485 357
f 661 485 487
f 661 487 488
f 661 488 664
f 799 642 798
f 641 798 642
f 640 804 798
f 640 798 641
f 632 640 633
f 641 633 640
f 642 634 633
f 642 633 641
f 640 632 472
f 640 472 639
f 639 472 475
f 639 475 647
f 469 472 632
f 469 632 470
f 647 475 478
f 478 352 480
f 350 352 478
f 350 478 475
f 350 475 472
f 229 231 348
f 229 348 226
f 226 348 346
f 226 346 344
f 472 346 348
f 472 348 350
f 350 348 231
f 344 346 469
f 344 469 465
f 344 465 452
f 470 465 469
f 469 346 472
f 480 352 354
f 480 354 482
f 234 354 352
f 482 354 357
f 237 357 354
f 237 354 234
f 146 149 234
f 146 234 145
f 145 234 232
f 237 234 149
f 145 232 142
f 142 232 231
f 142 231 229
f 350 231 232
f 350 232 352
f 352 232 234
f 357 245 359
f 359 245 246
f 359 246 360
f 239 246 245
f 239 245 238
f 238 245 357
f 238 357 237
f 360 246 247
f 360 247 361
f 240 247 246
f 240 246 239
f 239 150 151
f 239 151 240
f 150 149 146
f 237 149 238
f 238 149 150
f 238 150 239
f 634 624 623
f 634 623 633
f 633 623 632
f 470 632 622
f 622 632 623
f 452 465 623
f 452 623 453
f 623 465 622
f 622 465 470
f 453 623 611
f 453 611 454
f 624 611 623
f 229 226 224
f 229 224 140
f 140 224 137
f 217 137 224
f 217 224 221
f 221 224 226
f 221 226 344
f 137 135 97
f 97 135 95
f 97 95 60
f 133 95 135
f 133 135 132
f 132 135 137
f 132 137 217
f 203 128 210
f 203 210 318
f 318 210 217
f 318 217 330
f 217 210 132
f 132 210 128
f 132 128 133
f 330 217 338
f 338 344 452
f 344 338 221
f 221 338 217
f 146 145 107
f 107 75 76
f 101 75 107
f 101 107 104
f 104 107 145
f 76 75 71
f 76 71 45
f 45 71 39
f 36 39 71
f 36 71 68
f 68 71 75
f 68 75 101
f 60 64 67
f 60 67 97
f 97 67 101
f 97 101 137
f 101 67 68
f 68 67 64
f 68 64 36
f 137 101 140
f 140 142 229
f 145 142 140
f 145 140 104
f 104 140 101
f 82 83 112
f 112 151 150
f 46 77 51
f 51 77 83
f 51 83 82
f 39 40 45
f 82 76 45
f 82 45 51
f 51 45 40
f 51 40 46
f 76 108 107
f 107 108 146
f 150 146 108
f 150 108 112
f 112 108 76
f 112 76 82
f 452 443 338
f 338 443 318
f 338 318 330
f 436 318 443
f 443 452 453
f 330 318 319
f 330 319 318
f 318 319 306
f 318 306 203
f 307 306 319
f 319 318 436
f 436 445 320
f 436 320 319
f 319 320 308
f 319 308 307
f 453 454 444
f 453 444 443
f 443 444 445
f 443 445 436
f 60 95 92
f 60 92 61
f 61 92 56
f 61 56 25
f 85 56 92
f 92 95 133
f 25 56 52
f 25 52 26
f 26 52 53
f 26 53 22
f 87 53 52
f 87 52 86
f 86 52 56
f 86 56 85
f 123 87 86
f 123 86 122
f 85 122 86
f 122 129 190
f 190 129 128
f 190 128 203
f 133 128 129
f 133 129 92
f 92 129 122
f 92 122 85
f 11 5 6
f 5 11 32
f 32 11 39
f 32 39 36
f 7 6 2
f 2 6 1
f 1 6 5
f 22 1 27
f 22 27 26
f 5 26 27
f 5 27 1
f 25 26 32
f 25 32 61
f 61 32 64
f 61 64 60
f 36 64 32
f 32 26 5
f 13 14 19
f 13 19 18
f 18 19 46
f 8 9 15
f 8 15 14
f 8 14 13
f 7 13 6
f 13 7 8
f 6 13 12
f 6 12 11
f 11 12 40
f 11 40 39
f 46 40 12
f 46 12 18
f 18 12 13
f 203 306 191
f 203 191 190
f 190 191 122
f 191 306 307
f 122 191 123
f 124 123 193
f 193 123 191
f 193 191 192
f 193 194 124
f 307 308 191
f 191 308 193
f 191 193 192
f 844 854 853
f 844 853 843
f 843 853 852
f 843 852 842
f 842 852 851
f 842 851 850
f 672 862 852
f 672 852 668
f 853 668 852
f 852 862 851
f 854 669 668
f 854 668 853
f 850 851 860
f 867 1044 860
f 867 860 861
f 861 860 851
f 1050 1055 1049
f 1050 1049 1044
f 1050 1044 867
f 1057 1056 1050
f 1057 1050 872
f 872 1050 868
f 867 868 1050
f 851 862 861
f 861 862 868
f 861 868 867
f 1055 1223 1228
f 1228 1223 1229
f 1223 1055 1050
f 1228 1229 1401
f 1228 1401 1400
f 1400 1401 1407
f 1402 1401 1234
f 1234 1401 1229
f 1229 1230 1235
f 1229 1235 1234
f 1234 1235 1402
f 1230 1057 1060
f 1060 1057 1056
f 1060 1056 1057
f 1050 1056 1057
f 1050 1057 1223
f 1223 1057 1230
f 1223 1230 1229
f 1407 1401 1408
f 1408 1401 1402
f 1409 1402 1235
f 1402 1409 1408
f 493 668 669
f 668 673 672
f 497 673 668
f 497 668 493
f 369 496 497
f 369 497 365
f 365 497 366
f 493 366 497
f 862 672 868
f 676 868 672
f 676 672 673
f 676 673 497
f 872 876 1057
f 875 876 872
f 875 872 678
f 678 872 868
f 678 868 676
f 506 682 680
f 506 680 504
f 504 680 502
f 504 502 501
f 676 502 680
f 676 680 678
f 678 680 682
f 678 682 875
f 501 502 499
f 501 499 369
f 369 499 496
f 497 496 499
f 497 499 676
f 676 499 502
f 1057 876 1060
f 1060 1062 1230
f 1062 1060 878
f 878 1060 876
f 878 876 875
f 1230 1062 1235
f 1238 1235 1064
f 1064 1235 1062
f 885 1066 1064
f 885 1064 881
f 885 881 883
f 1062 881 1064
f 1064 1066 1238
f 883 881 880
f 883 880 684
f 684 880 682
f 684 682 506
f 875 682 880
f 875 880 878
f 878 880 881
f 878 881 1062
f 1235 1238 1239
f 1235 1239 1409
f 1243 1239 1238
f 1409 1239 1240
f 1409 1240 1410
f 1244 1240 1239
f 1244 1239 1243
f 1243 1068 1244
f 1071 1068 1067
f 1067 1066 885
f 1238 1066 1067
f 1238 1067 1243
f 1243 1067 1068
f 369 365 256
f 369 256 255
f 255 256 261
f 251 256 365
f 251 365 366
f 261 256 157
f 158 162 157
f 256 257 158
f 256 158 157
f 366 252 251
f 251 252 257
f 251 257 256
f 506 504 375
f 506 375 508
f 508 375 265
f 508 265 377
f 263 265 375
f 263 375 373
f 373 375 504
f 373 504 501
f 377 265 267
f 377 267 269
f 269 267 168
f 165 168 267
f 165 267 265
f 165 265 263
f 162 161 157
f 157 161 260
f 157 260 261
f 263 260 161
f 263 161 165
f 165 161 162
f 261 260 371
f 261 371 255
f 255 371 369
f 501 369 371
f 501 371 373
f 373 371 260
f 373 260 263
f 885 688 887
f 887 688 690
f 512 688 686
f 686 688 885
f 686 885 883
f 690 688 514
f 690 514 515
f 515 514 385
f 382 385 514
f 382 514 381
f 381 514 688
f 381 688 512
f 269 272 379
f 269 379 377
f 512 379 381
f 381 379 272
f 381 272 382
f 377 379 510
f 377 510 508
f 508 510 684
f 508 684 506
f 883 684 510
f 883 510 686
f 686 510 379
f 686 379 512
f 691 690 515
f 691 515 516
f 887 1067 885
f 1071 1067 887
f 1071 887 888
f 888 887 690
f 888 690 691
f 2221 2223 2433
f 2221 2433 2333
f 2223 2221 2102
f 2223 2102 2104
f 2100 2102 2221
f 2100 2221 2219
f 2219 2221 2333
f 2219 2333 2431
f 2104 2102 1983
f 2104 1983 1985
f 1985 1983 1844
f 1985 1844 1851
f 1836 1844 1983
f 1836 1983 1980
f 1980 1983 2102
f 1980 2102 2100
f 1831 1837 1980
f 1831 1980 1975
f 1975 1980 2100
f 1975 2100 2096
f 1980 1837 1836
f 2096 2100 2219
f 2096 2219 2215
f 2215 2219 2331
f 2215 2331 2427
f 2219 2431 2331
f 2228 2230 2438
f 2228 2438 2436
f 2230 2228 2108
f 2230 2108 2110
f 2106 2108 2228
f 2106 2228 2225
f 2225 2228 2436
f 2225 2436 2434
f 2110 2108 1989
f 2110 1989 1991
f 1991 1989 1856
f 1991 1856 1858
f 1854 1856 1989
f 1854 1989 1987
f 1987 1989 2108
f 1987 2108 2106
f 1851 1854 1987
f 1851 1987 1985
f 1985 1987 2106
f 1985 2106 2104
f 2104 2106 2225
f 2104 2225 2223
f 2223 2225 2434
f 2223 2434 2433
f 2321 2325 2418
f 2325 2321 2204
f 2325 2204 2209
f 2205 2204 2321
f 2205 2321 2322
f 2322 2321 2418
f 2322 2418 2419
f 2209 2204 2086
f 2209 2086 2090
f 2090 2086 1962
f 2090 1962 1966
f 2086 2204 2205
f 1956 1963 2087
f 1956 2087 2081
f 2081 2087 2205
f 2081 2205 2200
f 2205 2087 2086
f 2086 2087 1963
f 2086 1963 1962
f 2200 2205 2322
f 2200 2322 2317
f 2317 2322 2413
f 2317 2413 2414
f 2322 2419 2413
f 2216 2215 2427
f 2216 2427 2428
f 2215 2216 2097
f 2215 2097 2096
f 2093 2097 2216
f 2093 2216 2212
f 2212 2216 2428
f 2212 2428 2328
f 2096 2097 1975
f 1824 1831 1975
f 1824 1975 1970
f 1970 1975 2097
f 1970 2097 2093
f 2093 2090 1966
f 2093 1966 1970
f 1970 1966 1824
f 2209 2090 2208
f 2209 2208 2325
f 2325 2208 2422
f 2208 2212 2328
f 2208 2328 2422
f 2212 2208 2090
f 2212 2090 2093
f 2300 2301 2397
f 2300 2397 2396
f 2396 2397 2508
f 2182 2183 2301
f 2182 2301 2300
f 2300 2299 2181
f 2300 2181 2182
f 2395 2396 2506
f 2396 2395 2299
f 2396 2299 2300
f 2343 2346 2456
f 2343 2456 2453
f 2346 2343 2247
f 2346 2247 2250
f 2246 2247 2343
f 2250 2247 2127
f 2250 2127 2129
f 2129 2127 2007
f 2007 2127 2126
f 2126 2127 2247
f 2126 2247 2246
f 2003 2005 2124
f 2003 2124 2122
f 2122 2124 2244
f 2122 2244 2242
f 2246 2244 2124
f 2246 2124 2126
f 2126 2124 2005
f 2126 2005 2007
f 2242 2244 2341
f 2242 2341 2339
f 2339 2341 2451
f 2339 2451 2449
f 2341 2343 2453
f 2341 2453 2451
f 2343 2341 2244
f 2343 2244 2246
f 2352 2355 2465
f 2352 2465 2462
f 2355 2352 2256
f 2355 2256 2259
f 2254 2256 2352
f 2254 2352 2350
f 2350 2352 2462
f 2350 2462 2460
f 2259 2256 2135
f 2259 2135 2138
f 2132 2135 2256
f 2132 2256 2254
f 2129 2132 2253
f 2129 2253 2250
f 2254 2253 2132
f 2250 2253 2349
f 2250 2349 2346
f 2346 2349 2456
f 2349 2350 2460
f 2350 2349 2253
f 2350 2253 2254
f 2234 2236 2444
f 2234 2444 2442
f 2236 2234 2114
f 2236 2114 2116
f 2112 2114 2234
f 2112 2234 2232
f 2232 2234 2442
f 2232 2442 2440
f 2116 2114 1996
f 2116 1996 1998
f 1998 1996 1862
f 1998 1862 1864
f 1860 1862 1996
f 1860 1996 1994
f 1994 1996 2114
f 1994 2114 2112
f 1858 1860 1993
f 1858 1993 1991
f 1991 1993 2112
f 1991 2112 2110
f 2112 1993 1994
f 1994 1993 1860
f 2110 2112 2232
f 2110 2232 2230
f 2230 2232 2440
f 2230 2440 2438
f 2239 2242 2339
f 2239 2339 2337
f 2337 2339 2446
f 2242 2121 2122
f 2122 2121 2003
f 2000 2003 2121
f 2000 2121 2118
f 2118 2121 2242
f 2118 2242 2239
f 2239 2116 1998
f 2239 1998 2118
f 2118 1998 1864
f 2118 1864 2000
f 2116 2237 2236
f 2236 2237 2445
f 2236 2445 2444
f 2237 2337 2446
f 2237 2446 2445
f 2337 2237 2116
f 2337 2116 2239
f 2366 2367 2270
f 2366 2270 2269
f 2267 2270 2367
f 2267 2367 2364
f 2364 2367 2475
f 2269 2270 2153
f 2269 2153 2152
f 2152 2153 2031
f 2028 2031 2153
f 2028 2153 2150
f 2150 2153 2270
f 2150 2270 2267
f 2025 2028 2151
f 2025 2151 2145
f 2145 2151 2268
f 2145 2268 2263
f 2267 2268 2151
f 2267 2151 2150
f 2150 2151 2028
f 2263 2268 2365
f 2263 2365 2360
f 2360 2365 2475
f 2360 2475 2471
f 2365 2364 2475
f 2364 2365 2268
f 2364 2268 2267
f 2318 2317 2414
f 2317 2318 2201
f 2317 2201 2200
f 2200 2201 2082
f 2200 2082 2081
f 2081 2082 1957
f 2081 1957 1956
f 1947 1958 2071
f 1947 2071 2072
f 2072 2071 2190
f 2072 2190 2191
f 2201 2190 2071
f 2201 2071 2082
f 2082 2071 1958
f 2082 1958 1957
f 2191 2190 2308
f 2191 2308 2309
f 2309 2308 2404
f 2309 2404 2405
f 2308 2318 2415
f 2308 2415 2404
f 2318 2308 2190
f 2318 2190 2201
f 2278 2280 2488
f 2278 2488 2376
f 2280 2278 2161
f 2280 2161 2162
f 2159 2161 2278
f 2159 2278 2376
f 2162 2161 2041
f 2162 2041 2042
f 2042 2041 1915
f 2042 1915 2043
f 1913 1915 2041
f 1913 2041 2039
f 2039 2041 2161
f 2039 2161 2159
f 2034 2036 2157
f 2034 2157 2156
f 2156 2157 2274
f 2159 2274 2157
f 2159 2157 2039
f 2039 2157 2036
f 2039 2036 1913
f 2274 2373 2371
f 2371 2373 2483
f 2373 2376 2483
f 2376 2373 2274
f 2376 2274 2159
f 2389 2392 2503
f 2389 2503 2500
f 2392 2389 2293
f 2392 2293 2296
f 2292 2293 2389
f 2292 2389 2388
f 2388 2389 2500
f 2388 2500 2499
f 2296 2293 2175
f 2296 2175 2178
f 2175 2293 2174
f 2174 2293 2292
f 2051 2171 2170
f 2170 2171 2289
f 2170 2289 2288
f 2292 2289 2171
f 2292 2171 2174
f 2174 2171 2175
f 2288 2289 2385
f 2288 2385 2384
f 2384 2385 2496
f 2385 2388 2499
f 2385 2499 2496
f 2388 2385 2289
f 2388 2289 2292
f 1940 1778 1779
f 1940 1779 1780
f 1940 1780 1941
f 3981 3979 3980
f 3981 3974 3973
f 3981 3973 3979
f 3974 3968 3783
f 3974 3783 3973
f 3968 3784 3783
f 3784 3777 3776
f 3784 3776 3783
f 3777 3609 3608
f 3777 3608 3776
f 3609 3598 3434
f 3609 3434 3608
f 3598 3435 3434
f 4249 4239 4237
f 4249 4237 4248
f 4239 4226 4225
f 4239 4225 4237
f 4226 4215 4214
f 4226 4214 4225
f 4215 4206 4205
f 4215 4205 4214
f 4206 4189 4188
f 4206 4188 4205
f 4189 3981 3980
f 4189 3980 4188
f 2746 2871 2870
f 2746 2870 2745
f 2871 3031 3030
f 2871 3030 2870
f 4750 4713 4712
f 4750 4712 4749
f 4713 4650 4711
f 4713 4711 4712
f 4650 4649 4711
f 4650 4562 4561
f 4650 4561 4649
f 4257 4256 4041
f 4257 4249 4248
f 4257 4248 4256
f 3343 3516 3515
f 3343 3515 3342
f 3516 3677 3676
f 3516 3676 3515
f 3677 3868 3867
f 3677 3867 3676
f 4816 4788 4810
f 4816 4810 4815
f 4788 4786 4785
f 4788 4785 4810
f 4786 4750 4749
f 4786 4749 4785
f 3343 3342 3350
f 3343 3350 3351
f 3681 3682 3524
f 3681 3524 3523
f 3351 3350 3523
f 3351 3523 3524
f 4069 4070 3876
f 4069 3876 3874
f 3876 3875 3874
f 3682 3681 3689
f 3682 3689 3690
f 3875 3876 3690
f 3875 3690 3689
f 4700 4695 4694
f 4700 4694 4699
f 4695 4743 4742
f 4695 4742 4694
f 4743 4740 4739
f 4743 4739 4742
f 4740 4683 4682
f 4740 4682 4739
f 4087 4078 4077
f 4087 4077 4086
f 4078 4070 4069
f 4078 4069 4077
f 3031 3219 3218
f 3031 3218 3030
f 3219 3408 3407
f 3219 3407 3218
f 3408 3400 3399
f 3408 3399 3407
f 3400 3574 3573
f 3400 3573 3399
f 4436 4547 4546
f 4436 4546 4435
f 4547 4644 4643
f 4547 4643 4546
f 4644 4705 4704
f 4644 4704 4643
f 4705 4700 4699
f 4705 4699 4704
f 3435 3250 3249
f 3435 3249 3434
f 3250 3048 3047
f 3250 3047 3249
f 3048 2878 2877
f 3048 2877 3047
f 2878 2756 2755
f 2878 2755 2877
f 2756 2638 2637
f 2756 2637 2755
f 2638 2520 2519
f 2638 2519 2637
f 2520 2408 2519
f 3867 3868 4065
f 3867 4065 4064
f 4280 4279 4064
f 4280 4064 4065
f 4522 4521 4408
f 4522 4408 4409
f 4279 4280 4409
f 4279 4409 4408
f 4257 4041 4256
f 4257 4256 4248
f 4257 4248 4249
f 4521 4522 4615
f 4521 4615 4614
f 4608 4607 4614
f 4608 4614 4615
f 4676 4675 4680
f 4607 4608 4680
f 4607 4680 4675
f 4249 4248 4238
f 4249 4238 4239
f 4373 4374 4226
f 4373 4226 4225
f 4239 4238 4225
f 4239 4225 4226
f 4676 4735 4734
f 4676 4734 4675
f 4735 4776 4775
f 4735 4775 4734
f 4776 4769 4775
f 4769 4802 4801
f 4468 4356 4480
f 4356 4365 4364
f 4356 4364 4480
f 4365 4364 4363
f 4365 4363 4364
f 4364 4374 4373
f 4364 4373 4363
f 4802 4796 4825
f 4802 4825 4801
f 4796 4826 4820
f 4796 4820 4825
f 4826 4821 4820
f 4821 4816 4815
f 4562 4561 4560
f 4562 4560 4561
f 4561 4459 4560
f 4459 4469 4468
f 4459 4468 4560
f 4087 4086 4096
f 4087 4096 4097
f 4097 4096 4283
f 4097 4283 4284
f 4412 4413 4284
f 4412 4284 4283
f 4413 4412 4526
f 4413 4526 4527
f 3573 3574 3746
f 3573 3746 3745
f 3750 3749 3745
f 3750 3745 3746
f 3934 3933 3930
f 3934 3930 3931
f 3749 3750 3931
f 3749 3931 3930
f 4683 4625 4624
f 4683 4624 4682
f 4625 4620 4619
f 4625 4619 4624
f 4620 4527 4526
f 4620 4526 4619
f 3934 4131 4130
f 3934 4130 3933
f 4131 4306 4305
f 4131 4305 4130
f 4306 4436 4435
f 4306 4435 4305
f 2509 2627 2626
f 2509 2626 2508
f 2627 2746 2745
f 2627 2745 2626
f 739 738 737
f 739 737 731
f 739 731 732
f 732 731 922
f 732 922 726
f 726 922 923
f 923 922 915
f 923 915 916
f 916 915 1103
f 916 1103 1104
f 1104 1103 1271
f 1104 1271 1094
f 1094 1271 1272
f 635 634 624
f 635 624 625
f 625 624 611
f 625 611 612
f 612 611 600
f 612 600 601
f 601 600 591
f 601 591 592
f 592 591 574
f 592 574 575
f 575 574 738
f 575 738 739
f 2184 2183 2065
f 2184 2065 2066
f 2066 2065 1942
f 2066 1942 1943
f 58 57 90
f 58 90 91
f 91 90 89
f 91 89 126
f 126 89 125
f 126 125 194
f 126 194 195
f 643 799 642
f 643 642 634
f 643 634 635
f 1531 1530 1352
f 1531 1352 1353
f 1353 1352 1171
f 1353 1171 1172
f 1172 1171 1005
f 1172 1005 1006
f 10 9 4
f 10 4 33
f 33 4 30
f 33 30 31
f 31 30 57
f 31 57 58
f 1531 1539 1538
f 1531 1538 1530
f 1176 1360 1361
f 1176 1361 1177
f 1539 1361 1360
f 1539 1360 1538
f 827 1012 1014
f 827 1014 828
f 1014 1012 1013
f 1177 1185 1184
f 1177 1184 1176
f 1013 1184 1185
f 1013 1185 1014
f 176 175 170
f 176 170 171
f 171 170 120
f 171 120 121
f 121 120 117
f 121 117 118
f 118 117 158
f 118 158 159
f 845 844 835
f 845 835 836
f 836 835 827
f 836 827 828
f 1943 1942 1781
f 1943 1781 1782
f 1782 1781 1595
f 1782 1595 1596
f 1596 1595 1587
f 1596 1587 1588
f 1588 1587 1410
f 1588 1410 1411
f 517 516 386
f 517 386 387
f 387 386 276
f 387 276 277
f 277 276 180
f 277 180 181
f 181 180 175
f 181 175 176
f 1272 1271 1439
f 1272 1439 1440
f 1440 1439 1610
f 1440 1610 1611
f 1611 1610 1789
f 1611 1789 1790
f 1790 1789 1950
f 1790 1950 1951
f 1951 1950 2075
f 1951 2075 2076
f 2076 2075 2194
f 2076 2194 2195
f 2195 2194 2312
f 2312 2407 2408
f 1005 822 823
f 1005 823 1006
f 666 823 822
f 666 822 665
f 362 490 489
f 362 489 361
f 665 489 490
f 665 490 666
f 643 642 799
f 643 635 634
f 643 634 642
f 361 247 248
f 361 248 362
f 241 248 247
f 241 247 240
f 152 156 151
f 240 151 156
f 240 156 241
f 635 625 624
f 635 624 634
f 454 611 612
f 454 612 455
f 625 612 611
f 625 611 624
f 152 151 112
f 152 112 113
f 113 112 83
f 113 83 84
f 84 83 77
f 77 46 47
f 308 320 437
f 437 320 445
f 437 445 446
f 446 445 444
f 446 444 445
f 445 444 454
f 445 454 455
f 47 46 19
f 47 19 41
f 41 19 14
f 41 14 20
f 20 14 15
f 15 9 10
f 195 194 193
f 195 193 194
f 194 193 299
f 299 193 308
f 299 308 309
f 845 855 854
f 845 854 844
f 855 670 669
f 855 669 854
f 493 669 670
f 493 670 494
f 494 367 366
f 494 366 493
f 1410 1240 1241
f 1410 1241 1411
f 1245 1241 1240
f 1245 1240 1244
f 1072 1069 1068
f 1072 1068 1071
f 1244 1068 1069
f 1244 1069 1245
f 159 158 257
f 159 257 258
f 258 257 252
f 258 252 253
f 253 252 366
f 253 366 367
f 1072 1071 888
f 1072 888 889
f 889 888 691
f 889 691 692
f 692 691 516
f 692 516 517
f 2397 2398 2509
f 2397 2509 2508
f 2398 2397 2301
f 2398 2301 2302
f 2302 2301 2183
f 2302 2183 2184
f 2650 2646 2647
f 2766 2769 2650
f 2766 2650 2647
f 2892 2895 2891
f 2769 2766 2891
f 2769 2891 2895
f 2895 2892 3050
f 3253 3254 3052
f 3253 3052 3252
f 3051 3252 3052
f 2778 2783 2782
f 2778 2782 2777
f 2779 2784 2783
f 2779 2783 2778
f 2906 2907 2915
f 2916 2915 2907
f 2915 2916 2777
f 2915 2777 2782
f 3257 3056 3074
f 3257 3074 3056
f 3074 3075 2906
f 3075 2907 2906
f 2779 2917 2922
f 2779 2922 2784
f 2917 2918 2923
f 2917 2923 2922
f 2918 3100 3107
f 2918 3107 2923
f 3256 3257 3056
f 2417 2528 2531
f 2417 2531 2420
f 2528 2646 2650
f 2528 2650 2531
f 2088 2085 2084
f 1961 2085 2088
f 1961 2088 1964
f 1804 1803 1807
f 1964 1807 1803
f 1964 1803 1961
f 1807 1613 1804
f 1443 1442 1615
f 1443 1615 1444
f 1614 1615 1442
f 1973 1972 1977
f 1973 1977 1978
f 1974 1973 1978
f 1974 1978 1979
f 1818 1827 1819
f 1828 1819 1827
f 1827 1977 1972
f 1827 1972 1828
f 1447 1619 1637
f 1447 1637 1619
f 1637 1818 1638
f 1638 1818 1819
f 1974 1979 1834
f 1974 1834 1829
f 1829 1834 1835
f 1829 1835 1830
f 1830 1835 1670
f 1830 1670 1663
f 1446 1619 1447
f 2323 2320 2417
f 2323 2417 2420
f 2320 2323 2206
f 2320 2206 2203
f 2203 2206 2088
f 2203 2088 2084
f 3271 3282 3107
f 3271 3107 3100
f 3618 3456 3619
f 3456 3284 3457
f 3284 3109 3285
f 3284 3285 3457
f 3109 2926 3103
f 3109 3103 3285
f 2926 2781 2920
f 2926 2920 3103
f 2781 2776 2913
f 2781 2913 2920
f 2656 2654 2772
f 2656 2772 2776
f 2654 2653 2772
f 2653 2651 2772
f 3974 3981 4165
f 3974 4165 3975
f 3981 4174 4165
f 3981 4190 4174
f 4190 3986 4192
f 4190 4192 4174
f 3986 3987 3988
f 3986 3988 4192
f 3989 3793 3794
f 3793 3794 3795
f 3793 3795 3794
f 3794 3618 3619
f 3794 3619 3795
f 1113 1114 1293
f 1293 1294 1473
f 1473 1294 1474
f 1473 1474 1672
f 1672 1474 1666
f 1672 1666 1838
f 1838 1666 1832
f 1838 1832 1976
f 1976 1832 1825
f 1976 1825 1971
f 2094 1971 1967
f 2094 1967 2092
f 2092 1967 2091
f 2091 1967 2089
f 739 551 560
f 739 560 576
f 576 560 578
f 576 578 744
f 744 578 746
f 744 746 745
f 747 933 932
f 932 933 934
f 932 934 933
f 933 934 1114
f 933 1114 1113
f 3458 3620 3456
f 3458 3456 3457
f 3620 3619 3456
f 3104 3285 3103
f 3285 3458 3457
f 3274 3459 3458
f 3458 3285 3274
f 3285 3104 3274
f 3459 3621 3458
f 3619 3620 3621
f 3619 3621 3620
f 3620 3458 3621
f 2913 3104 2920
f 3104 3103 2920
f 2773 2913 2776
f 2773 2776 2772
f 2905 3079 2913
f 2905 2913 2904
f 3079 3091 2913
f 2913 2773 2904
f 3104 2913 3091
f 2770 2772 2651
f 2769 2770 2651
f 2769 2651 2650
f 2770 2769 2895
f 2896 2905 2904
f 2773 2772 2896
f 2773 2896 2904
f 2772 2770 2895
f 2772 2895 2896
f 4175 4166 4165
f 4175 4165 4174
f 4166 3975 4165
f 4178 4169 4168
f 4178 4168 4176
f 4169 4167 4168
f 4166 4168 4167
f 4166 4175 4176
f 4166 4176 4168
f 4176 4175 4174
f 4176 4174 4192
f 3989 4176 4192
f 3989 4192 3988
f 3992 4194 4193
f 3992 4193 3990
f 4194 4178 4177
f 4194 4177 4193
f 4176 3989 4193
f 4176 4193 4177
f 3989 3990 4193
f 4178 4176 4177
f 4175 4177 4176
f 4175 4176 4177
f 3795 3990 3989
f 3795 3989 3794
f 3990 3989 3988
f 3990 3988 3989
f 3619 3796 3795
f 3796 3795 3794
f 3796 3794 3795
f 3621 3797 3796
f 3621 3796 3620
f 3796 3619 3620
f 3797 3992 3991
f 3797 3991 3796
f 3992 3990 3991
f 3989 3990 3991
f 3989 3991 3990
f 3990 3795 3796
f 3990 3796 3991
f 3621 3459 3460
f 3621 3460 3622
f 3451 3460 3622
f 3451 3622 3460
f 3460 3623 3622
f 3459 3274 3275
f 3459 3275 3460
f 3276 3451 3460
f 3276 3460 3275
f 3277 3453 3452
f 3277 3452 3276
f 3451 3276 3452
f 3453 3462 3461
f 3453 3461 3452
f 3462 3625 3624
f 3462 3624 3461
f 3623 3460 3461
f 3623 3461 3624
f 3460 3451 3452
f 3460 3452 3461
f 3274 3104 3092
f 3274 3092 3275
f 3104 3091 3092
f 3093 3276 3275
f 3093 3275 3092
f 3091 3079 3080
f 3091 3080 3092
f 3080 3093 3092
f 3070 3082 3081
f 3070 3081 3069
f 3082 3093 3081
f 3093 3080 3081
f 3080 3069 3081
f 3082 3094 3093
f 3094 3277 3276
f 3094 3276 3093
f 2905 2896 3067
f 2905 3067 3079
f 3068 3080 3079
f 3068 3079 3067
f 2896 2895 3050
f 2896 3050 3067
f 3051 3068 3067
f 3051 3067 3050
f 3254 3054 3053
f 3254 3053 3052
f 3068 3051 3052
f 3068 3052 3053
f 3054 3070 3069
f 3054 3069 3053
f 3080 3068 3069
f 3068 3053 3069
f 4169 4171 4170
f 4169 4178 4179
f 4169 4179 4171
f 4181 4180 4171
f 4181 4171 4179
f 4180 4172 4170
f 4180 4170 4171
f 4184 4183 4182
f 4183 4173 4182
f 4172 4180 4182
f 4172 4182 4173
f 4180 4181 4182
f 4178 4180 4179
f 4195 4181 4179
f 4195 4179 4180
f 4178 4194 3992
f 4178 3992 4180
f 4194 3992 3993
f 4194 3993 3992
f 3994 3992 3993
f 3994 4195 4180
f 3994 4180 3992
f 3997 3996 3995
f 4195 3994 3995
f 3996 4197 4196
f 3996 4196 3995
f 4197 4184 4182
f 4197 4182 4196
f 4181 4196 4182
f 4181 4195 3995
f 4181 3995 4196
f 3992 3797 3798
f 3992 3798 3993
f 3799 3993 3798
f 3799 3994 3993
f 3797 3621 3622
f 3797 3622 3798
f 3623 3622 3798
f 3623 3798 3622
f 3622 3799 3798
f 3625 3624 3623
f 3625 3623 3624
f 3624 3801 3800
f 3624 3800 3623
f 3799 3622 3623
f 3799 3623 3800
f 3622 3623 3624
f 3622 3624 3623
f 3801 3997 3995
f 3801 3995 3800
f 3994 3799 3800
f 3994 3800 3995
f 4021 3824 3831
f 4021 3831 4028
f 3824 3640 3644
f 3824 3644 3831
f 3645 3831 3644
f 3831 4029 4028
f 3640 3479 3644
f 3479 3304 3305
f 3306 3480 3479
f 3306 3479 3305
f 3480 3645 3644
f 3480 3644 3479
f 3307 3485 3484
f 3307 3484 3306
f 3485 3646 3484
f 3645 3480 3484
f 3645 3484 3646
f 3480 3306 3484
f 3832 4030 4029
f 4029 3831 3832
f 3831 3645 3646
f 3831 3646 3832
f 3304 3299 3121
f 3304 3121 3305
f 3299 3120 3121
f 3126 3306 3305
f 3126 3305 3121
f 3120 2935 2936
f 3120 2936 3121
f 3121 2936 2941
f 3121 2941 3122
f 2936 2937 2941
f 3126 3121 3122
f 3126 3122 3306
f 2787 2929 2928
f 2787 2928 2782
f 2929 2936 2935
f 2929 2935 2928
f 2783 2787 2782
f 2784 2930 2787
f 2784 2787 2783
f 2930 2929 2787
f 2930 2937 2929
f 2936 2929 2937
f 4566 4573 4574
f 4566 4574 4567
f 4567 4575 4568
f 4567 4574 4575
f 4573 4580 4581
f 4573 4581 4574
f 4586 4581 4580
f 4488 4494 4580
f 4494 4493 4501
f 4502 4495 4494
f 4502 4494 4501
f 4495 4586 4580
f 4495 4580 4494
f 4503 4496 4495
f 4503 4495 4502
f 4496 4587 4495
f 4586 4495 4587
f 4574 4581 4582
f 4574 4582 4575
f 4581 4586 4587
f 4581 4587 4582
f 4493 4379 4380
f 4493 4380 4501
f 4379 4231 4232
f 4379 4232 4380
f 4380 4502 4501
f 4231 4022 4028
f 4231 4028 4232
f 4022 4021 4028
f 4029 4232 4028
f 4030 4243 4029
f 4030 4244 4243
f 4232 4029 4243
f 4232 4243 4244
f 4381 4503 4502
f 4502 4380 4381
f 4380 4232 4244
f 4380 4244 4381
f 3816 3635 3817
f 3639 3823 3817
f 3639 3817 3635
f 3473 3293 3298
f 3298 3474 3473
f 3474 3639 3635
f 3474 3635 3473
f 3304 3479 3478
f 3304 3478 3299
f 3479 3640 3639
f 3479 3639 3478
f 3639 3474 3478
f 3474 3298 3299
f 3474 3299 3478
f 3640 3824 3639
f 3823 3824 4021
f 3823 3639 3824
f 3292 3110 3115
f 3292 3115 3293
f 3115 3298 3293
f 3110 3111 3115
f 3110 3106 2921
f 3110 2921 3111
f 2927 3111 2921
f 2928 2935 2934
f 2928 2934 2927
f 2935 3120 3116
f 2935 3116 2934
f 3115 3111 2934
f 3115 2934 3116
f 3111 2927 2934
f 3120 3299 3116
f 3298 3115 3116
f 3298 3116 3299
f 3106 2914 2921
f 2914 2915 2921
f 2914 2906 2915
f 2921 2915 2782
f 2782 2928 2927
f 2782 2927 2921
f 4456 4464 4457
f 4456 4463 4464
f 4565 4552 4457
f 4565 4457 4464
f 4573 4566 4565
f 4573 4565 4572
f 4566 4553 4565
f 4552 4565 4553
f 4463 4474 4475
f 4463 4475 4464
f 4487 4476 4475
f 4476 4565 4464
f 4476 4464 4475
f 4474 4359 4486
f 4474 4486 4475
f 4359 4360 4486
f 4368 4486 4360
f 4486 4487 4475
f 4494 4488 4487
f 4494 4487 4493
f 4487 4486 4493
f 4486 4368 4369
f 4486 4369 4493
f 4488 4580 4572
f 4488 4572 4487
f 4580 4573 4572
f 4565 4476 4572
f 4476 4487 4572
f 4359 4211 4219
f 4359 4219 4360
f 4220 4368 4219
f 4368 4360 4219
f 4219 4015 4016
f 4015 3816 3817
f 4015 3817 4016
f 3823 4021 4016
f 3823 4016 3817
f 4021 4220 4219
f 4021 4219 4016
f 4022 4231 4230
f 4022 4230 4021
f 4220 4021 4230
f 4231 4379 4369
f 4231 4369 4230
f 4379 4493 4369
f 4368 4220 4230
f 4368 4230 4369
f 3280 3286 3466
f 3280 3466 3465
f 3286 3292 3469
f 3286 3469 3466
f 3292 3293 3473
f 3292 3473 3469
f 3635 3632 3469
f 3635 3469 3473
f 3632 3469 3466
f 3632 3466 3469
f 3816 3811 3632
f 3816 3632 3635
f 3811 3810 3631
f 3811 3631 3632
f 3810 3628 3631
f 3465 3466 3631
f 3465 3631 3628
f 3466 3469 3632
f 3466 3632 3631
f 3085 3086 3098
f 3085 3098 3097
f 3086 3098 3105
f 3086 3105 3098
f 3105 3097 3098
f 3098 3099 3106
f 3098 3106 3105
f 3099 3106 3110
f 3099 3110 3106
f 3110 3105 3106
f 3293 3292 3287
f 3293 3287 3292
f 3292 3286 3287
f 3105 3110 3287
f 3105 3287 3286
f 3110 3292 3287
f 3286 3280 3281
f 3097 3105 3281
f 3097 3281 3280
f 3105 3286 3281
f 3074 3073 3056
f 2906 3086 3074
f 3106 3099 2914
f 3099 3098 3086
f 3086 2906 3099
f 2906 2914 3099
f 3086 3085 3073
f 3073 3074 3086
f 4346 4347 4341
f 4347 4461 4454
f 4347 4454 4341
f 4341 4340 4346
f 4461 4462 4455
f 4461 4455 4454
f 4462 4463 4456
f 4462 4456 4455
f 4001 4203 4202
f 4203 4209 4352
f 4352 4351 4203
f 4351 4201 4202
f 4351 4202 4203
f 4209 4358 4353
f 4209 4353 4352
f 4358 4359 4353
f 4474 4353 4359
f 4463 4462 4474
f 4462 4461 4349
f 4352 4353 4462
f 4352 4462 4349
f 4353 4474 4462
f 4461 4347 4348
f 4461 4348 4349
f 4347 4346 4348
f 4201 4351 4348
f 4201 4348 4346
f 4351 4352 4349
f 4351 4349 4348
f 3628 3810 3805
f 4009 4008 3810
f 4009 3810 3811
f 4008 3805 3810
f 3811 3816 4015
f 3811 4015 4010
f 4219 4010 4015
f 4010 4009 3811
f 4359 4358 4210
f 4359 4210 4211
f 4358 4209 4210
f 4009 4010 4210
f 4009 4210 4209
f 4010 4219 4211
f 4010 4211 4210
f 4209 4203 4008
f 4203 4001 4008
f 3805 4008 4001
f 4008 4009 4209
f 3307 3481 3485
f 3647 3485 3481
f 3647 3646 3485
f 3641 3647 3481
f 4023 4031 3834
f 4023 3834 3826
f 4031 3833 3834
f 3647 3641 3834
f 3647 3834 3833
f 3641 3826 3834
f 4031 4030 3833
f 4030 3832 3833
f 3646 3647 3833
f 3646 3833 3832
f 2937 2938 3117
f 2937 3117 2941
f 3123 3122 2941
f 3123 2941 3117
f 3301 3300 3117
f 3301 3117 3295
f 3300 3123 3117
f 3481 3307 3301
f 3123 3300 3301
f 3123 3301 3307
f 3122 3123 3307
f 3122 3307 3306
f 2931 2930 2922
f 2931 2922 2923
f 2930 2784 2922
f 3117 2931 3112
f 2931 2923 3112
f 2923 3107 3112
f 3117 2938 2930
f 3117 2930 2931
f 2938 2937 2930
f 4569 4568 4575
f 4569 4575 4576
f 4465 4569 4576
f 4465 4576 4477
f 4503 4382 4497
f 4503 4497 4496
f 4382 4383 4497
f 4383 4370 4497
f 4489 4497 4370
f 4477 4576 4583
f 4477 4583 4489
f 4497 4489 4583
f 4576 4575 4582
f 4576 4582 4583
f 4587 4496 4583
f 4587 4583 4582
f 4496 4497 4583
f 4233 4245 4030
f 4233 4030 4031
f 4245 4244 4030
f 4233 4031 4023
f 4370 4383 4234
f 4233 4383 4382
f 4233 4234 4383
f 4503 4381 4382
f 4244 4245 4382
f 4244 4382 4381
f 4245 4233 4382
f 4370 4361 4489
f 4361 4477 4489
f 4370 4234 4221
f 4234 4233 4221
f 3475 3641 3481
f 3825 4023 3826
f 3826 3641 3825
f 3481 3301 3475
f 3295 3475 3301
f 3295 3117 3112
f 3288 3295 3112
f 3294 3470 3295
f 3295 3288 3294
f 3470 3475 3295
f 3107 3288 3112
f 4465 4477 4354
f 4465 4354 4350
f 4477 4361 4354
f 4370 4221 4222
f 4233 4023 4221
f 3825 3641 3636
f 3641 3475 3636
f 3470 3294 3295
f 3294 3288 3295
f 3288 3107 3282
f 3464 3454 3278
f 3464 3278 3279
f 3454 3453 3277
f 3454 3277 3278
f 3280 3465 3279
f 3465 3464 3279
f 3628 3627 3464
f 3627 3626 3464
f 3464 3465 3628
f 3626 3463 3464
f 3626 3625 3462
f 3626 3462 3463
f 3453 3454 3463
f 3453 3463 3462
f 3454 3464 3463
f 3070 3071 3083
f 3070 3083 3082
f 3071 3072 3084
f 3071 3084 3083
f 3096 3083 3084
f 3084 3085 3097
f 3097 3096 3084
f 3280 3279 3269
f 3280 3269 3270
f 3096 3270 3269
f 3096 3097 3280
f 3096 3280 3270
f 3279 3278 3095
f 3279 3095 3269
f 3278 3277 3094
f 3278 3094 3095
f 3082 3083 3095
f 3082 3095 3094
f 3083 3096 3269
f 3083 3269 3095
f 3255 3055 3254
f 3055 3054 3254
f 3073 3072 3256
f 3073 3256 3056
f 3072 3255 3256
f 3085 3084 3072
f 3085 3072 3073
f 3054 3055 3071
f 3054 3071 3070
f 3055 3255 3072
f 3055 3072 3071
f 4184 4185 4183
f 4185 4186 4344
f 4338 4343 4185
f 4338 4185 4344
f 4343 4183 4185
f 4186 4345 4344
f 4340 4339 4345
f 4340 4345 4346
f 4339 4338 4344
f 4339 4344 4345
f 4199 4198 3997
f 4199 3997 3998
f 4198 3996 3997
f 3999 4000 4200
f 3999 4200 3998
f 4000 4001 4202
f 4000 4202 4200
f 4201 4200 4202
f 4200 4199 3998
f 4346 4345 4187
f 4345 4186 4199
f 4345 4199 4187
f 4199 4200 4187
f 4200 4201 4346
f 4200 4346 4187
f 4186 4185 4198
f 4186 4198 4199
f 4185 4184 4197
f 4185 4197 4198
f 3996 4198 4197
f 3803 3802 3625
f 3803 3625 3626
f 3802 3801 3624
f 3802 3624 3625
f 3626 3627 3804
f 3627 3628 3805
f 3627 3805 3804
f 3804 3803 3626
f 4000 3999 3803
f 3803 3804 4000
f 3804 3805 4001
f 3804 4001 4000
f 3999 3998 3802
f 3999 3802 3803
f 3998 3997 3801
f 3998 3801 3802
f 1295 1294 1293
f 1295 1293 1115
f 1115 1293 1114
f 1667 1666 1474
f 1474 1294 1295
f 1463 1295 1296
f 1295 1463 1474
f 1474 1463 1667
f 1296 1295 1116
f 1114 1115 1116
f 1114 1116 1115
f 1115 1116 1295
f 1825 1832 1667
f 1667 1832 1666
f 1968 1967 1971
f 1968 1971 1825
f 1817 1816 1825
f 1817 1825 1642
f 1642 1825 1654
f 1825 1816 1968
f 1667 1654 1825
f 1965 2089 1967
f 1964 2088 2089
f 1964 2089 1965
f 1965 1807 1964
f 1808 1816 1817
f 1968 1816 1808
f 1968 1808 1967
f 1967 1808 1807
f 1967 1807 1965
f 561 560 551
f 561 551 552
f 564 562 554
f 564 554 555
f 552 554 562
f 552 562 561
f 562 578 560
f 562 560 561
f 747 746 578
f 747 578 562
f 750 748 579
f 750 579 580
f 580 579 563
f 580 563 564
f 562 563 579
f 562 579 747
f 747 579 748
f 564 563 562
f 561 562 563
f 561 563 562
f 934 933 747
f 934 747 748
f 748 747 746
f 748 746 747
f 1114 934 935
f 935 934 933
f 935 933 934
f 1116 1115 935
f 1116 935 936
f 935 1115 1114
f 936 935 749
f 936 749 750
f 750 749 748
f 747 748 749
f 747 749 748
f 748 749 935
f 748 935 934
f 1116 1117 1297
f 1116 1297 1296
f 1288 1297 1117
f 1288 1117 1297
f 1297 1117 1118
f 1296 1297 1464
f 1296 1464 1463
f 1465 1464 1297
f 1465 1297 1288
f 1466 1465 1289
f 1466 1289 1290
f 1288 1289 1465
f 1290 1289 1298
f 1290 1298 1299
f 1299 1298 1119
f 1299 1119 1120
f 1118 1119 1298
f 1118 1298 1297
f 1297 1298 1289
f 1297 1289 1288
f 1463 1464 1655
f 1463 1655 1667
f 1667 1655 1654
f 1656 1655 1464
f 1656 1464 1465
f 1654 1655 1643
f 1654 1643 1642
f 1643 1655 1656
f 1633 1632 1644
f 1633 1644 1645
f 1645 1644 1656
f 1656 1644 1643
f 1643 1644 1632
f 1645 1656 1657
f 1657 1656 1465
f 1657 1465 1466
f 1817 1642 1630
f 1817 1630 1808
f 1631 1630 1642
f 1631 1642 1643
f 1808 1630 1613
f 1808 1613 1807
f 1614 1613 1630
f 1614 1630 1631
f 1444 1615 1616
f 1444 1616 1617
f 1631 1616 1615
f 1631 1615 1614
f 1617 1616 1632
f 1617 1632 1633
f 1643 1632 1631
f 1631 1632 1616
f 555 557 565
f 555 565 564
f 567 565 557
f 567 557 566
f 570 568 569
f 566 568 567
f 564 565 566
f 581 566 565
f 581 565 567
f 564 566 750
f 564 750 580
f 580 750 751
f 580 751 750
f 752 751 750
f 752 750 566
f 752 566 581
f 755 753 754
f 581 753 752
f 754 753 582
f 754 582 583
f 583 582 568
f 583 568 570
f 567 568 582
f 567 582 753
f 567 753 581
f 750 751 937
f 750 937 936
f 938 937 751
f 938 751 752
f 936 937 1117
f 936 1117 1116
f 1118 1117 937
f 1118 937 1117
f 1117 937 938
f 1120 1119 1118
f 1120 1118 1119
f 1119 1118 939
f 1119 939 940
f 938 939 1118
f 938 1118 1117
f 1117 1118 1119
f 1117 1119 1118
f 940 939 753
f 940 753 755
f 752 753 939
f 752 939 938
f 779 786 969
f 779 969 962
f 962 969 1139
f 962 1139 1135
f 1140 1139 969
f 969 786 787
f 1135 1139 1316
f 1316 1493 1492
f 1494 1493 1316
f 1494 1316 1317
f 1317 1316 1139
f 1317 1139 1140
f 1495 1494 1321
f 1495 1321 1322
f 1322 1321 1141
f 1140 1141 1321
f 1140 1321 1317
f 1317 1321 1494
f 970 787 788
f 787 970 969
f 969 970 1141
f 969 1141 1140
f 1492 1493 1684
f 1492 1684 1487
f 1487 1684 1683
f 1689 1684 1493
f 1689 1493 1494
f 1683 1684 1848
f 1683 1848 1847
f 1684 1685 1853
f 1684 1853 1848
f 1848 1853 1849
f 1689 1494 1685
f 1689 1685 1684
f 1982 1977 1840
f 1982 1840 1841
f 1841 1840 1847
f 1841 1847 1848
f 1978 1977 1982
f 1979 1978 1982
f 1979 1982 1842
f 1842 1982 1841
f 1842 1841 1849
f 1848 1849 1841
f 199 200 207
f 199 207 206
f 200 208 207
f 206 207 214
f 206 214 213
f 219 213 214
f 328 213 334
f 334 341 333
f 342 341 334
f 342 334 335
f 335 334 213
f 335 213 219
f 343 342 335
f 343 335 336
f 336 335 220
f 219 220 335
f 207 208 215
f 207 215 214
f 214 215 220
f 214 220 219
f 333 341 461
f 333 461 460
f 460 461 618
f 460 618 617
f 461 341 342
f 617 618 786
f 617 786 780
f 780 786 779
f 787 786 618
f 788 787 629
f 788 629 630
f 618 630 629
f 618 629 787
f 462 342 343
f 342 462 461
f 461 462 630
f 461 630 618
f 955 956 1130
f 1134 1130 956
f 1134 956 961
f 1310 1486 1481
f 1486 1310 1311
f 1311 1310 1130
f 1311 1130 1134
f 1492 1487 1315
f 1492 1315 1316
f 1316 1315 1134
f 1316 1134 1135
f 1134 1315 1311
f 1311 1315 1487
f 1311 1487 1486
f 1135 1134 962
f 961 779 962
f 961 962 1134
f 1480 1481 1678
f 1480 1678 1673
f 1678 1481 1486
f 1673 1678 1674
f 1673 1674 1833
f 1673 1833 1669
f 1839 1833 1674
f 1840 1839 1846
f 1840 1846 1847
f 1847 1846 1679
f 1847 1679 1683
f 1678 1679 1846
f 1678 1846 1674
f 1674 1846 1839
f 1683 1679 1487
f 1486 1487 1679
f 1486 1679 1678
f 1669 1833 1826
f 1826 1833 1827
f 1826 1827 1818
f 1833 1977 1827
f 1977 1833 1839
f 1977 1839 1840
f 296 304 303
f 206 205 198
f 206 198 199
f 303 304 315
f 303 315 314
f 327 315 316
f 316 315 304
f 316 304 198
f 314 315 326
f 314 326 440
f 440 326 441
f 449 441 326
f 326 315 327
f 334 333 327
f 334 327 328
f 327 333 326
f 326 333 450
f 326 450 449
f 328 327 205
f 328 205 213
f 213 205 206
f 198 205 316
f 316 205 327
f 440 441 605
f 440 605 597
f 606 605 449
f 449 605 441
f 605 774 773
f 773 774 956
f 773 956 955
f 961 956 774
f 961 774 779
f 779 774 605
f 779 605 606
f 780 779 616
f 780 616 617
f 606 616 779
f 617 616 450
f 617 450 460
f 460 450 333
f 449 450 616
f 449 616 606
f 1469 1302 1303
f 1469 1303 1475
f 1475 1303 1306
f 1475 1306 1480
f 1480 1306 1310
f 1480 1310 1481
f 1130 1310 1306
f 1130 1306 1127
f 1127 1306 1303
f 1127 1303 1306
f 955 1130 1127
f 955 1127 950
f 950 1127 1126
f 950 1126 949
f 949 1126 1123
f 1302 1123 1126
f 1302 1126 1303
f 1303 1126 1127
f 1303 1127 1306
f 1648 1660 1661
f 1648 1661 1649
f 1649 1661 1668
f 1649 1668 1661
f 1668 1661 1660
f 1661 1668 1669
f 1661 1669 1662
f 1662 1669 1673
f 1662 1673 1669
f 1673 1669 1668
f 1481 1480 1476
f 1481 1476 1480
f 1480 1476 1475
f 1668 1475 1476
f 1668 1476 1673
f 1673 1476 1480
f 1475 1470 1469
f 1660 1469 1470
f 1660 1470 1668
f 1668 1470 1475
f 1637 1619 1636
f 1818 1637 1649
f 1669 1826 1662
f 1662 1649 1661
f 1649 1662 1818
f 1818 1662 1826
f 1649 1636 1648
f 1636 1649 1637
f 427 422 428
f 428 422 294
f 428 294 301
f 301 294 295
f 301 295 302
f 302 295 296
f 302 296 303
f 759 588 589
f 589 433 595
f 433 589 432
f 432 589 588
f 432 588 587
f 595 433 434
f 595 434 439
f 439 434 440
f 314 440 434
f 303 314 302
f 302 430 301
f 433 430 302
f 433 302 434
f 434 302 314
f 301 430 429
f 301 429 428
f 428 429 427
f 587 427 429
f 587 429 432
f 432 429 430
f 432 430 433
f 1123 944 949
f 767 950 949
f 767 949 766
f 766 949 944
f 950 768 773
f 950 773 955
f 605 773 768
f 768 950 767
f 440 597 596
f 440 596 439
f 439 596 595
f 767 595 596
f 767 596 768
f 768 596 597
f 768 597 605
f 595 766 589
f 589 766 759
f 944 759 766
f 766 595 767
f 1495 1322 1318
f 1142 1318 1322
f 1142 1322 1141
f 1136 1318 1142
f 781 964 972
f 781 972 789
f 789 972 971
f 1142 971 972
f 1142 972 1136
f 1136 972 964
f 789 971 788
f 788 971 970
f 1141 970 971
f 1141 971 1142
f 1849 1853 1680
f 1849 1680 1850
f 1686 1680 1853
f 1686 1853 1685
f 1489 1483 1680
f 1489 1680 1488
f 1488 1680 1686
f 1318 1489 1495
f 1686 1495 1489
f 1686 1489 1488
f 1685 1494 1495
f 1685 1495 1686
f 1843 1835 1834
f 1843 1834 1842
f 1842 1834 1979
f 1680 1675 1843
f 1843 1675 1835
f 1835 1675 1670
f 1680 1843 1842
f 1680 1842 1850
f 1850 1842 1849
f 343 336 337
f 343 337 463
f 463 337 464
f 464 337 451
f 329 451 337
f 317 329 216
f 317 216 209
f 337 216 329
f 209 216 215
f 209 215 208
f 220 215 216
f 220 216 336
f 336 216 337
f 619 789 788
f 619 788 631
f 631 788 630
f 619 781 789
f 451 620 464
f 619 463 464
f 619 464 620
f 343 463 462
f 630 462 463
f 630 463 631
f 631 463 619
f 451 329 442
f 442 329 317
f 451 607 620
f 620 607 619
f 1312 1318 1136
f 963 964 781
f 964 963 1136
f 1318 1312 1489
f 1483 1489 1312
f 1483 1675 1680
f 1477 1675 1483
f 1482 1483 1307
f 1483 1482 1477
f 1307 1483 1312
f 1670 1675 1477
f 1301 1468 1467
f 1301 1467 1291
f 1291 1467 1466
f 1291 1466 1290
f 1469 1468 1302
f 1302 1468 1301
f 1123 1301 1122
f 1122 1301 1121
f 1301 1123 1302
f 1121 1301 1300
f 1121 1300 1299
f 1121 1299 1120
f 1290 1299 1300
f 1290 1300 1291
f 1291 1300 1301
f 1633 1645 1646
f 1633 1646 1634
f 1634 1646 1647
f 1634 1647 1635
f 1659 1647 1646
f 1647 1660 1648
f 1660 1647 1659
f 1469 1460 1459
f 1469 1459 1468
f 1659 1459 1460
f 1659 1460 1469
f 1659 1469 1660
f 1468 1459 1658
f 1468 1658 1467
f 1467 1658 1657
f 1467 1657 1466
f 1645 1657 1658
f 1645 1658 1646
f 1646 1658 1459
f 1646 1459 1659
f 1445 1444 1618
f 1618 1444 1617
f 1636 1619 1446
f 1636 1446 1635
f 1635 1446 1445
f 1648 1636 1635
f 1648 1635 1647
f 1617 1633 1634
f 1617 1634 1618
f 1618 1634 1635
f 1618 1635 1445
f 570 569 571
f 571 425 572
f 572 425 426
f 585 756 755
f 585 755 584
f 584 755 754
f 757 756 586
f 757 586 758
f 758 586 588
f 758 588 759
f 587 588 586
f 586 756 585
f 427 573 426
f 426 573 585
f 426 585 572
f 585 573 586
f 586 573 427
f 586 427 587
f 572 585 584
f 572 584 571
f 571 584 583
f 571 583 570
f 754 583 584
f 942 1121 1120
f 942 1120 941
f 941 1120 1119
f 941 1119 940
f 1121 943 1122
f 1122 943 944
f 1122 944 1123
f 943 1121 942
f 758 942 757
f 942 758 943
f 943 758 759
f 943 759 944
f 757 942 941
f 757 941 756
f 756 941 940
f 756 940 755
f 4222 4361 4370
f 3818 3826 3825
f 3826 4023 3825
f 3636 3818 3825
f 3289 3295 3288
f 305 431 435
f 305 435 317
f 317 435 442
f 451 608 607
f 619 607 781
f 963 1131 1136
f 1136 1131 1312
f 1307 1483 1482
f 1482 1483 1477
f 1477 1471 1670
f 2646 2528 2527
f 2528 2417 2527
f 2416 2527 2417
f 2527 2645 2646
f 2417 2319 2416
f 2411 2523 2412
f 2416 2412 2523
f 2523 2642 2645
f 2523 2645 2524
f 2645 2527 2524
f 2527 2416 2523
f 2527 2523 2524
f 2765 2766 2646
f 2766 2647 2646
f 2645 2764 2646
f 2645 2642 2760
f 2645 2760 2764
f 2882 2765 2764
f 2882 2764 2760
f 2765 2646 2764
f 3040 3041 2884
f 3040 2884 2883
f 3041 3049 2890
f 3041 2890 2884
f 2765 2884 2890
f 2765 2882 2883
f 2765 2883 2884
f 3049 2891 2890
f 2766 2765 2890
f 2766 2890 2891
f 2642 2641 2759
f 2642 2759 2760
f 2641 2758 2759
f 2881 2882 2759
f 2881 2759 2758
f 2882 2760 2759
f 2641 2757 2880
f 2641 2880 2758
f 2757 2756 2879
f 2757 2879 2880
f 3036 3037 2880
f 3036 2880 2879
f 3037 2881 2758
f 3037 2758 2880
f 3413 3227 3038
f 3413 3038 3226
f 2881 3037 3038
f 3037 3036 3226
f 3037 3226 3038
f 3227 3040 3039
f 3227 3039 3038
f 3040 2883 3039
f 2882 3039 2883
f 2882 2881 3038
f 2882 3038 3039
f 2756 2878 3035
f 2756 3035 2879
f 2878 3048 3251
f 2878 3251 3035
f 3410 3225 3035
f 3410 3035 3251
f 3225 3036 2879
f 3225 2879 3035
f 3048 3250 3437
f 3048 3437 3251
f 3250 3435 3436
f 3250 3436 3437
f 3600 3438 3437
f 3600 3437 3436
f 3438 3410 3251
f 3438 3251 3437
f 3772 3602 3601
f 3772 3601 3771
f 3602 3578 3411
f 3602 3411 3601
f 3410 3438 3601
f 3410 3601 3411
f 3438 3600 3771
f 3438 3771 3601
f 3578 3412 3411
f 3412 3413 3226
f 3412 3226 3411
f 3036 3225 3411
f 3036 3411 3226
f 3225 3410 3411
f 3435 3598 3599
f 3435 3599 3436
f 3598 3609 3778
f 3598 3778 3599
f 3779 3770 3599
f 3779 3599 3778
f 3770 3600 3436
f 3770 3436 3599
f 3609 3777 3778
f 3777 3784 3969
f 3777 3969 3778
f 3970 3962 3778
f 3970 3778 3969
f 3962 3779 3778
f 4159 3964 3963
f 4159 3963 3971
f 3779 3962 3963
f 3962 3970 3971
f 3962 3971 3963
f 3964 3951 3771
f 3964 3771 3963
f 3951 3772 3771
f 3600 3770 3771
f 3770 3779 3963
f 3770 3963 3771
f 3784 3968 3969
f 4159 3971 4158
f 3970 4158 3971
f 2892 2891 3050
f 2891 3049 3042
f 2891 3042 3050
f 3229 3051 3050
f 3229 3050 3042
f 3049 3041 3042
f 3041 3040 3228
f 3041 3228 3042
f 3229 3042 3228
f 3418 3419 3230
f 3418 3230 3417
f 3419 3232 3231
f 3419 3231 3230
f 3229 3230 3231
f 3229 3417 3230
f 3232 3253 3252
f 3232 3252 3231
f 3051 3231 3252
f 3051 3229 3231
f 3040 3227 3415
f 3040 3415 3228
f 3416 3228 3415
f 3416 3229 3228
f 3227 3414 3415
f 3227 3413 3414
f 3580 3581 3414
f 3581 3416 3415
f 3581 3415 3414
f 3755 3584 3582
f 3755 3582 3754
f 3584 3583 3582
f 3416 3581 3582
f 3416 3582 3583
f 3581 3580 3754
f 3581 3754 3582
f 3584 3417 3583
f 3584 3418 3417
f 3229 3416 3417
f 3416 3583 3417
f 3413 3412 3579
f 3413 3579 3414
f 3412 3578 3752
f 3412 3752 3579
f 3753 3579 3752
f 3753 3580 3414
f 3753 3414 3579
f 3578 3602 3773
f 3578 3773 3752
f 3602 3772 3952
f 3602 3952 3773
f 3953 3773 3952
f 3953 3753 3752
f 3953 3752 3773
f 4137 3956 3955
f 4137 3955 3954
f 3956 3774 3955
f 3753 3953 3955
f 3753 3955 3774
f 3953 3954 3955
f 3956 3755 3754
f 3956 3754 3774
f 3580 3753 3754
f 3753 3774 3754
f 3772 3951 3952
f 3951 3964 3965
f 3951 3965 3952
f 4152 3966 3952
f 4152 3952 3965
f 3966 3953 3952
f 3964 4151 3965
f 3964 4159 4160
f 3964 4160 4151
f 4161 4151 4160
f 4161 4152 3965
f 4161 3965 4151
f 4336 4163 4162
f 4163 4154 4153
f 4163 4153 4162
f 4152 4161 4162
f 4152 4162 4153
f 4154 4137 3954
f 4154 3954 4153
f 3953 3966 4153
f 3953 4153 3954
f 3966 4152 4153
f 4172 4161 4160
f 4336 4162 4173
f 4161 4172 4173
f 4161 4173 4162
f 2907 2897 2898
f 2897 3059 3060
f 2897 3060 2898
f 3061 2899 2898
f 3061 2898 3060
f 3059 3239 3060
f 3062 2900 2899
f 3062 2899 3061
f 3239 3240 3060
f 3239 3426 3240
f 3241 3061 3060
f 3241 3060 3240
f 3426 3427 3428
f 3426 3428 3240
f 3427 3592 3593
f 3427 3593 3428
f 3429 3428 3593
f 3429 3241 3240
f 3429 3240 3428
f 3430 3243 3242
f 3430 3242 3429
f 3241 3429 3242
f 3243 3063 3062
f 3243 3062 3242
f 3061 3241 3242
f 3061 3242 3062
f 3592 3764 3765
f 3592 3765 3593
f 3766 3594 3593
f 3766 3593 3765
f 3594 3429 3593
f 3764 3944 3945
f 3764 3945 3765
f 3944 4134 3946
f 3944 3946 3945
f 3947 3766 3945
f 3947 3945 3946
f 3766 3765 3945
f 3948 3768 3767
f 3766 3947 3948
f 3766 3948 3767
f 3768 3596 3595
f 3768 3595 3767
f 3596 3430 3595
f 3429 3594 3595
f 3429 3595 3430
f 3594 3766 3767
f 3594 3767 3595
f 4325 4441 4442
f 4442 4326 4325
f 4326 4314 4313
f 4326 4313 4325
f 4441 4450 4451
f 4441 4451 4442
f 4450 4550 4451
f 4442 4451 4452
f 4442 4452 4443
f 4451 4550 4551
f 4451 4551 4452
f 4443 4327 4326
f 4327 4315 4314
f 4327 4314 4326
f 4326 4442 4443
f 4450 4553 4554
f 4450 4554 4550
f 4550 4554 4555
f 4550 4555 4551
f 2907 2898 2908
f 2898 2899 2909
f 2898 2909 2908
f 2774 2777 2908
f 2774 2908 2909
f 2777 2916 2907
f 2777 2907 2908
f 2899 2900 2910
f 2899 2910 2909
f 2774 2909 2778
f 2909 2910 2779
f 2909 2779 2778
f 2777 2774 2778
f 3950 3949 3961
f 4149 4150 3961
f 4149 3961 3949
f 4149 3949 3948
f 4315 4316 4150
f 4315 4150 4149
f 4134 4145 4311
f 4134 4311 4146
f 4145 4310 4323
f 4145 4323 4311
f 4324 4312 4311
f 4324 4311 4323
f 4312 4146 4311
f 4310 4322 4439
f 4310 4439 4323
f 4322 4447 4448
f 4322 4448 4439
f 4449 4440 4439
f 4449 4439 4448
f 4440 4324 4323
f 4440 4323 4439
f 4450 4440 4449
f 4450 4441 4440
f 4441 4325 4440
f 4146 4312 4325
f 4146 4325 4313
f 4312 4324 4440
f 4312 4440 4325
f 4553 4450 4449
f 3422 3423 3236
f 3423 3237 3236
f 3057 3257 3236
f 3057 3236 3237
f 3257 3236 3422
f 3257 3422 3236
f 3237 3238 3058
f 3238 3239 3059
f 3238 3059 3058
f 3058 3057 3237
f 2907 3075 2897
f 3075 3074 3057
f 3057 3058 3075
f 3058 3059 2897
f 3058 2897 3075
f 3074 3056 3257
f 3074 3257 3057
f 3759 3760 3589
f 3759 3589 3588
f 3760 3590 3589
f 3424 3423 3589
f 3424 3589 3590
f 3423 3588 3589
f 3590 3591 3425
f 3591 3592 3427
f 3591 3427 3425
f 3426 3425 3427
f 3425 3424 3590
f 3238 3237 3424
f 3424 3425 3238
f 3425 3426 3239
f 3425 3239 3238
f 3237 3423 3424
f 3588 3423 3422
f 4141 4142 3941
f 4141 3941 3940
f 4142 4143 3942
f 4142 3942 3941
f 3762 3941 3942
f 4143 4133 3943
f 4143 3943 3942
f 4133 4134 3944
f 4133 3944 3943
f 3764 3763 3943
f 3764 3943 3944
f 3763 3762 3942
f 3763 3942 3943
f 3592 3591 3763
f 3591 3590 3761
f 3591 3761 3763
f 3762 3763 3761
f 3763 3764 3592
f 3590 3760 3761
f 3940 3941 3760
f 3940 3760 3759
f 3941 3762 3761
f 3941 3761 3760
f 4332 4333 4319
f 4332 4319 4318
f 4333 4334 4320
f 4333 4320 4319
f 4334 4446 4321
f 4334 4321 4320
f 4446 4447 4322
f 4446 4322 4321
f 4310 4309 4321
f 4310 4321 4322
f 4309 4320 4321
f 4134 4133 4144
f 4134 4144 4145
f 4133 4143 4144
f 4320 4309 4144
f 4320 4144 4143
f 4309 4310 4145
f 4309 4145 4144
f 4318 4319 4142
f 4318 4142 4141
f 4319 4320 4143
f 4319 4143 4142
f 4446 4334 4445
f 4334 4333 4445
f 3258 3259 3063
f 3263 3064 3259
f 3064 3063 3259
f 3063 3064 3077
f 3063 3077 3076
f 3064 3263 3077
f 2901 2900 3076
f 3062 3063 3076
f 3062 3076 2900
f 3430 3596 3431
f 3596 3597 3431
f 3597 3432 3431
f 3259 3244 3431
f 3259 3258 3243
f 3259 3243 3244
f 3258 3063 3243
f 3430 3431 3244
f 3430 3244 3243
f 3948 3949 3769
f 3948 3769 3768
f 3949 3950 3769
f 3768 3769 3597
f 3768 3597 3596
f 4551 4453 4452
f 4328 4444 4453
f 4444 4443 4452
f 4444 4452 4453
f 4328 4453 4335
f 4150 4316 4328
f 4316 4315 4327
f 4316 4327 4328
f 4443 4444 4327
f 4444 4328 4327
f 4453 4556 4458
f 4453 4551 4555
f 4453 4555 4556
f 2900 2901 2911
f 2900 2911 2910
f 2901 3076 2911
f 3076 3077 3087
f 3076 3087 2911
f 3077 3088 3087
f 2911 3087 3100
f 2911 3100 2918
f 2910 2917 2779
f 2910 2911 2918
f 2910 2918 2917
f 3948 3947 4136
f 4147 4148 3948
f 4147 3948 4136
f 4148 4149 3948
f 3947 3946 4135
f 3947 4135 4136
f 3946 4134 4146
f 3946 4146 4135
f 4146 4147 4135
f 4147 4136 4135
f 4147 4313 4314
f 4147 4146 4313
f 4314 4315 4149
f 4314 4149 4148
f 4148 4147 4314
f 3077 3263 3088
f 3263 3267 3088
f 3263 3259 3439
f 3259 3431 3439
f 3597 3596 3432
f 3596 3431 3432
f 3769 3950 3961
f 3960 3769 3961
f 3769 3960 3775
f 3775 3597 3769
f 4150 4328 4157
f 4335 4453 4458
f 4342 4335 4458
f 4335 4157 4328
f 3266 3271 3100
f 3266 3100 3267
f 3087 3088 3267
f 3087 3267 3100
f 3263 3439 3444
f 3431 3596 3439
f 3596 3597 3604
f 3597 3775 3604
f 3961 4150 4157
f 3271 3266 3267
f 3418 3419 3420
f 3418 3420 3419
f 3419 3421 3420
f 3420 3232 3419
f 3236 3235 3422
f 3235 3421 3422
f 3257 3256 3235
f 3256 3255 3234
f 3256 3234 3235
f 3421 3235 3234
f 3235 3236 3257
f 3255 3254 3233
f 3255 3233 3234
f 3254 3253 3232
f 3254 3232 3233
f 3232 3420 3233
f 3420 3421 3234
f 3420 3234 3233
f 3755 3756 3584
f 3586 3585 3756
f 3586 3756 3757
f 3585 3584 3756
f 3758 3759 3588
f 3588 3587 3758
f 3587 3586 3757
f 3587 3757 3758
f 3422 3421 3587
f 3421 3586 3587
f 3587 3588 3422
f 3421 3419 3585
f 3421 3585 3586
f 3419 3418 3584
f 3419 3584 3585
f 4137 4138 3957
f 4137 3957 3956
f 4138 4139 3958
f 4138 3958 3957
f 3938 3936 3957
f 3938 3957 3958
f 3936 3956 3957
f 4139 4140 3959
f 4139 3959 3958
f 4140 4141 3940
f 4140 3940 3959
f 3940 3939 3959
f 3939 3938 3958
f 3939 3958 3959
f 3758 3757 3938
f 3938 3939 3758
f 3939 3940 3759
f 3939 3759 3758
f 3757 3756 3937
f 3757 3937 3938
f 3756 3755 3937
f 3956 3936 3937
f 3956 3937 3755
f 3936 3938 3937
f 4336 4337 4329
f 4336 4329 4163
f 4337 4330 4329
f 4156 4155 4329
f 4156 4329 4330
f 4155 4154 4163
f 4155 4163 4329
f 4331 4332 4318
f 4318 4317 4331
f 4317 4156 4330
f 4317 4330 4331
f 4140 4139 4156
f 4156 4317 4140
f 4317 4318 4141
f 4317 4141 4140
f 4139 4138 4155
f 4139 4155 4156
f 4138 4137 4154
f 4138 4154 4155
f 4332 4331 4339
f 4331 4330 4338
f 4331 4338 4339
f 4330 4337 4338
f 2408 2520 2521
f 2408 2521 2409
f 2521 2410 2409
f 2410 2314 2409
f 2520 2638 2639
f 2520 2639 2521
f 2638 2756 2757
f 2638 2757 2639
f 2641 2640 2639
f 2641 2639 2757
f 2640 2521 2639
f 2642 2523 2641
f 2521 2640 2523
f 2521 2523 2522
f 2640 2641 2523
f 2523 2411 2522
f 2411 2314 2410
f 2410 2521 2522
f 2410 2522 2411
f 2084 2202 2203
f 2203 2202 2320
f 2319 2320 2202
f 2202 2084 2083
f 2320 2319 2417
f 2316 2315 2411
f 2316 2411 2412
f 2315 2316 2198
f 2319 2198 2316
f 2319 2316 2412
f 2319 2412 2416
f 2198 2199 2083
f 2198 2083 2080
f 2083 2199 2202
f 2202 2199 2198
f 2202 2198 2319
f 1960 2084 1961
f 1961 2084 2085
f 2083 2084 1959
f 2083 1959 1955
f 2083 1955 2080
f 1794 1955 1959
f 1794 1959 1960
f 1960 1959 2084
f 1603 1795 1796
f 1603 1796 1604
f 1604 1796 1802
f 1604 1802 1612
f 1960 1802 1796
f 1960 1796 1795
f 1960 1795 1794
f 1612 1802 1803
f 1961 1803 1802
f 1961 1802 1960
f 2080 1955 1954
f 2080 1954 2079
f 2079 1954 1953
f 1793 1953 1954
f 1793 1954 1794
f 1794 1954 1955
f 2079 1953 1792
f 2079 1792 1952
f 1952 1792 1791
f 1952 1791 1951
f 1599 1791 1792
f 1599 1792 1600
f 1600 1792 1953
f 1600 1953 1793
f 1250 1416 1601
f 1250 1601 1417
f 1793 1601 1600
f 1600 1601 1416
f 1600 1416 1599
f 1417 1601 1602
f 1417 1602 1603
f 1603 1602 1795
f 1794 1795 1602
f 1794 1602 1601
f 1794 1601 1793
f 1951 1791 1598
f 1951 1598 1790
f 1790 1598 1441
f 1790 1441 1611
f 1247 1441 1598
f 1247 1598 1415
f 1415 1598 1791
f 1415 1791 1599
f 1611 1441 1274
f 1611 1274 1440
f 1440 1274 1273
f 1440 1273 1272
f 1096 1273 1274
f 1096 1274 1275
f 1275 1274 1441
f 1275 1441 1247
f 911 910 1097
f 911 1097 1098
f 1098 1097 1248
f 1098 1248 1074
f 1247 1248 1097
f 1247 1097 1275
f 1275 1097 910
f 1275 910 1096
f 1074 1248 1249
f 1249 1248 1416
f 1249 1416 1250
f 1599 1416 1248
f 1599 1248 1415
f 1415 1248 1247
f 1272 1273 1095
f 1272 1095 1094
f 1094 1095 917
f 1094 917 1104
f 918 917 1095
f 918 1095 909
f 909 1095 1273
f 909 1273 1096
f 1104 917 916
f 916 917 727
f 916 727 923
f 728 727 917
f 728 917 721
f 721 917 918
f 546 729 722
f 546 722 723
f 918 722 721
f 721 722 729
f 721 729 728
f 723 722 910
f 723 910 710
f 710 910 911
f 1096 910 909
f 909 910 722
f 909 722 918
f 923 727 726
f 726 727 733
f 726 733 732
f 552 733 727
f 552 727 728
f 555 553 545
f 555 545 546
f 546 545 729
f 728 729 545
f 728 545 553
f 728 553 552
f 1804 1613 1803
f 1803 1613 1605
f 1803 1605 1612
f 1419 1605 1613
f 1419 1613 1614
f 1612 1605 1604
f 1604 1605 1418
f 1604 1418 1603
f 1419 1418 1605
f 1255 1254 1420
f 1255 1420 1256
f 1256 1420 1421
f 1256 1421 1422
f 1419 1421 1420
f 1419 1420 1254
f 1422 1421 1442
f 1422 1442 1443
f 1614 1442 1421
f 1614 1421 1419
f 1603 1418 1252
f 1603 1252 1417
f 1253 1252 1418
f 1253 1418 1419
f 1417 1252 1251
f 1417 1251 1250
f 1076 1251 1077
f 1077 1251 1252
f 1077 1252 1253
f 894 893 1078
f 894 1078 1080
f 1080 1078 1079
f 1253 1079 1078
f 1253 1078 1077
f 1077 1078 893
f 1077 893 1076
f 1080 1079 1254
f 1080 1254 1255
f 1419 1254 1253
f 1253 1254 1079
f 1250 1251 1075
f 1250 1075 1249
f 1249 1075 891
f 1249 891 1074
f 892 891 1075
f 892 1075 1251
f 892 1251 1076
f 1074 891 912
f 1074 912 1098
f 1098 912 711
f 1098 711 911
f 712 711 912
f 712 912 891
f 712 891 892
f 524 713 714
f 524 714 715
f 715 714 913
f 892 913 714
f 892 714 712
f 712 714 713
f 715 913 893
f 715 893 894
f 1076 893 892
f 892 893 913
f 911 711 710
f 710 711 724
f 710 724 723
f 539 724 711
f 539 711 725
f 725 711 712
f 723 724 538
f 723 538 547
f 723 547 546
f 548 547 538
f 548 538 724
f 548 724 539
f 417 549 550
f 550 549 540
f 550 540 541
f 539 540 549
f 539 549 548
f 541 540 713
f 541 713 524
f 712 713 540
f 712 540 725
f 725 540 539
f 546 547 556
f 546 556 555
f 558 556 547
f 558 547 548
f 569 559 417
f 417 559 549
f 548 549 559
f 548 559 558
f 1819 1810 1809
f 1809 1810 1623
f 1809 1623 1622
f 1624 1623 1810
f 1624 1810 1811
f 1622 1623 1429
f 1625 1624 1811
f 1625 1811 1812
f 1429 1623 1430
f 1429 1430 1263
f 1431 1430 1623
f 1431 1623 1624
f 1263 1430 1265
f 1263 1265 1264
f 1264 1265 1089
f 1264 1089 1088
f 1266 1089 1265
f 1266 1265 1430
f 1266 1430 1431
f 1267 1266 1432
f 1267 1432 1433
f 1431 1432 1266
f 1433 1432 1625
f 1433 1625 1626
f 1624 1625 1432
f 1624 1432 1431
f 1088 1089 904
f 1088 904 903
f 905 904 1089
f 905 1089 1090
f 1090 1089 1266
f 903 904 704
f 903 704 703
f 703 704 705
f 703 705 521
f 706 705 704
f 706 704 905
f 905 704 904
f 707 906 907
f 905 906 707
f 905 707 706
f 907 906 1091
f 907 1091 1092
f 1092 1091 1267
f 1266 1267 1091
f 1266 1091 1090
f 1090 1091 906
f 1090 906 905
f 406 282 281
f 282 406 407
f 407 406 394
f 407 394 395
f 281 282 291
f 281 291 290
f 290 291 183
f 282 283 292
f 282 292 291
f 291 292 184
f 291 184 183
f 283 407 408
f 408 407 395
f 408 395 396
f 407 283 282
f 290 183 187
f 290 187 186
f 186 187 200
f 186 200 199
f 183 184 188
f 183 188 187
f 187 188 201
f 187 201 200
f 1819 1820 1810
f 1810 1820 1821
f 1810 1821 1811
f 1969 1821 1820
f 1969 1820 1972
f 1972 1820 1819
f 1972 1819 1828
f 1811 1821 1822
f 1811 1822 1812
f 1969 1973 1821
f 1821 1973 1974
f 1821 1974 1822
f 1972 1973 1969
f 709 720 708
f 536 708 720
f 536 720 537
f 536 707 708
f 396 536 537
f 396 537 397
f 521 533 392
f 521 392 532
f 532 392 404
f 532 404 391
f 405 404 392
f 405 392 393
f 393 392 533
f 391 404 279
f 391 279 403
f 403 279 288
f 403 288 287
f 289 288 279
f 289 279 280
f 280 279 404
f 280 404 405
f 290 289 280
f 290 280 281
f 281 280 406
f 533 394 406
f 533 406 393
f 393 406 280
f 393 280 405
f 287 288 297
f 287 297 296
f 185 297 288
f 185 288 289
f 186 289 290
f 289 186 185
f 1259 1426 1260
f 1260 1426 1427
f 1620 1427 1426
f 1620 1426 1447
f 1447 1426 1259
f 1447 1259 1426
f 1427 1621 1428
f 1428 1621 1622
f 1428 1622 1429
f 1621 1427 1620
f 1819 1809 1638
f 1638 1620 1637
f 1620 1638 1621
f 1621 1638 1809
f 1621 1809 1622
f 1637 1620 1447
f 1637 1447 1619
f 898 1084 1085
f 898 1085 899
f 899 1085 1086
f 1261 1086 1085
f 1261 1085 1260
f 1260 1085 1084
f 1086 1262 1087
f 1087 1262 1264
f 1087 1264 1088
f 1263 1264 1262
f 1262 1086 1261
f 1428 1261 1427
f 1261 1428 1262
f 1262 1428 1429
f 1262 1429 1263
f 1427 1261 1260
f 1084 1259 1260
f 528 699 700
f 528 700 529
f 529 700 701
f 529 701 530
f 901 701 700
f 530 701 702
f 530 702 520
f 520 702 703
f 520 703 521
f 903 703 702
f 903 702 902
f 902 702 701
f 902 701 901
f 1088 902 1087
f 1087 902 900
f 1087 900 1086
f 901 900 902
f 902 1088 903
f 1086 900 899
f 699 898 899
f 699 899 700
f 700 899 900
f 700 900 901
f 413 399 400
f 413 400 414
f 414 400 401
f 414 401 415
f 415 401 402
f 415 402 286
f 286 402 403
f 286 403 287
f 391 403 402
f 391 402 390
f 390 402 401
f 521 532 531
f 521 531 520
f 520 531 530
f 401 530 531
f 401 531 390
f 390 531 532
f 390 532 391
f 399 528 529
f 399 529 400
f 400 529 530
f 400 530 401
f 286 285 415
f 294 285 286
f 294 286 295
f 295 286 287
f 295 287 296
f 415 285 414
f 421 413 414
f 421 414 422
f 422 414 285
f 422 285 294
f 1448 1626 1449
f 1453 1449 1627
f 1627 1449 1626
f 1626 1639 1640
f 1626 1640 1627
f 1627 1640 1453
f 1813 1639 1812
f 1625 1812 1639
f 1625 1639 1626
f 1267 1268 1092
f 1092 1268 1093
f 1093 1268 1269
f 1449 1268 1434
f 1449 1434 1433
f 1449 1433 1448
f 1448 1433 1626
f 1267 1433 1434
f 1267 1434 1268
f 707 907 908
f 707 908 708
f 708 908 709
f 907 1092 1093
f 907 1093 908
f 184 292 293
f 409 293 284
f 284 293 292
f 284 292 283
f 409 416 293
f 537 409 397
f 397 409 408
f 397 408 396
f 283 408 284
f 284 408 409
f 202 298 305
f 293 298 189
f 293 189 188
f 293 188 184
f 201 188 189
f 201 189 202
f 202 189 298
f 1812 1822 1823
f 1812 1823 1813
f 1813 1823 1639
f 1639 1823 1650
f 1639 1650 1640
f 1640 1650 1651
f 1823 1830 1663
f 1823 1663 1650
f 1822 1974 1829
f 1822 1829 1830
f 1822 1830 1823
f 707 523 706
f 534 523 707
f 534 707 535
f 535 707 536
f 706 523 522
f 706 522 705
f 705 522 533
f 705 533 521
f 533 522 534
f 534 522 523
f 534 395 394
f 534 394 533
f 395 535 536
f 395 536 396
f 535 395 534
f 1640 1651 1453
f 1453 1651 1457
f 1453 1276 1449
f 1449 1276 1268
f 1093 1269 1092
f 1092 1269 1268
f 908 720 709
f 719 720 908
f 908 914 719
f 914 908 1093
f 537 544 409
f 416 298 293
f 423 298 416
f 416 409 544
f 298 423 305
f 1456 1457 1663
f 1456 1663 1461
f 1650 1663 1457
f 1650 1457 1651
f 1255 1256 1257
f 1255 1257 1256
f 1256 1257 1258
f 1257 1256 1422
f 1426 1259 1425
f 1425 1259 1258
f 1447 1425 1446
f 1446 1425 1424
f 1446 1424 1445
f 1258 1424 1425
f 1425 1447 1426
f 1445 1424 1423
f 1445 1423 1444
f 1444 1423 1422
f 1444 1422 1443
f 1422 1423 1257
f 1257 1423 1424
f 1257 1424 1258
f 894 1080 895
f 1082 896 895
f 1082 895 1081
f 1081 895 1080
f 897 1084 898
f 1084 897 1083
f 1083 897 896
f 1083 896 1082
f 1259 1083 1258
f 1258 1083 1082
f 1083 1259 1084
f 1258 1082 1081
f 1258 1081 1256
f 1256 1081 1080
f 1256 1080 1255
f 524 715 716
f 524 716 525
f 525 716 717
f 525 717 526
f 697 717 716
f 697 716 695
f 695 716 715
f 526 717 718
f 526 718 527
f 527 718 699
f 527 699 528
f 699 718 698
f 698 718 717
f 698 717 697
f 897 697 896
f 697 897 698
f 698 897 898
f 698 898 699
f 896 697 696
f 896 696 895
f 895 696 894
f 715 894 696
f 715 696 695
f 695 696 697
f 417 550 410
f 417 410 418
f 418 410 411
f 543 411 410
f 543 410 542
f 542 410 550
f 542 550 541
f 412 399 413
f 399 412 398
f 398 412 411
f 398 411 543
f 527 543 526
f 543 527 398
f 398 527 528
f 398 528 399
f 526 543 542
f 526 542 525
f 525 542 541
f 525 541 524
f 413 420 412
f 412 420 419
f 412 419 411
f 420 413 421
f 411 419 418
f 569 417 418
f 569 418 424
f 424 418 419
f 2313 2312 2408
f 2313 2408 2409
f 2312 2313 2196
f 2312 2196 2195
f 2196 2313 2314
f 2314 2313 2409
f 2195 2196 2077
f 2195 2077 2076
f 2076 2077 1952
f 2076 1952 1951
f 2079 1952 2077
f 2079 2077 2078
f 2078 2077 2196
f 2080 2079 2198
f 2196 2197 2198
f 2196 2198 2078
f 2078 2198 2079
f 2198 2197 2315
f 2315 2314 2411
f 2314 2315 2197
f 2314 2197 2196
f 3604 3603 3596
f 3603 3439 3596
f 3967 3961 3960
f 3967 3960 3961
f 3961 3775 3960
f 3967 3961 4157
f 4164 4157 4335
f 3272 3271 3100
f 3272 3100 3271
f 3267 3272 3271
f 1453 1281 1276
f 1268 1276 1092
f 1092 1099 1093
f 1093 1099 914
f 720 544 537
f 423 431 305
f 1461 1457 1456
f 3968 3974 3975
f 3968 3975 3969
f 4166 3970 3969
f 4166 3969 3975
f 4169 4159 4158
f 4169 4158 4167
f 3970 4166 4167
f 3970 4167 4158
f 4159 4169 4170
f 4159 4170 4160
f 4172 4160 4170
f 4183 4336 4173
f 4553 4566 4567
f 4553 4567 4554
f 4554 4567 4568
f 4554 4568 4555
f 4447 4456 4457
f 4447 4457 4448
f 4552 4449 4448
f 4552 4448 4457
f 4449 4552 4553
f 4454 4455 4446
f 4454 4446 4445
f 4455 4456 4447
f 4455 4447 4446
f 4340 4341 4333
f 4340 4333 4332
f 4341 4454 4445
f 4341 4445 4333
f 4569 4465 4458
f 4568 4569 4556
f 4568 4556 4555
f 4569 4458 4556
f 4458 4465 4342
f 4342 4465 4350
f 4339 4340 4332
f 4183 4343 4337
f 4183 4337 4336
f 4343 4338 4337
f 732 733 551
f 732 551 739
f 552 551 733
f 555 554 553
f 552 553 554
f 555 556 557
f 566 557 556
f 566 556 558
f 569 568 559
f 558 559 568
f 558 568 566
f 200 201 208
f 296 297 304
f 198 304 297
f 198 297 185
f 199 198 186
f 185 186 198
f 422 427 421
f 202 209 208
f 202 208 201
f 305 317 209
f 305 209 202
f 419 425 571
f 419 571 424
f 424 571 569
f 421 427 426
f 421 426 420
f 420 426 425
f 420 425 419
