# flowstudio decimated toy animal  faces=11613
v -14.4221 11.3699 1.65995
v -14.3411 10.6473 2.04041
v -14.5169 10.5027 3.84889
v -14.9313 11.1746 4.97549
v -14.6053 10.5331 5.46691
v -15.0291 11.1009 6.61341
v -14.6559 10.8099 6.89441
v -14.6754 11.2618 8.11222
v -14.3628 12.1224 1.36216
v -14.6786 11.8776 3.02508
v -14.8959 11.8706 4.58806
v -15.0309 11.8788 6.15442
v -15.081 12.3407 7.45642
v -15.0717 11.7429 7.77547
v -14.7176 12.0197 9.01007
v -14.6545 12.0102 9.43783
v -14.6854 12.3366 10.0148
v -14.2748 12.9494 1.04194
v -14.4843 13.5003 2.25599
v -14.5977 12.6892 2.6337
v -14.76 13.1997 3.88465
v -14.9524 13.0943 5.43829
v -15.0136 13.6943 6.53997
v -15.0608 12.9956 7.01505
v -15.0586 13.6147 8.10163
v -15.0597 13.049 8.57915
v -15.0046 13.1562 9.76323
v -14.6245 13.0481 10.64
v -14.5454 13.7125 11.1996
v -14.2919 14.4075 1.8766
v -14.54 14.414 3.3296
v -14.7806 14.2658 4.85555
v -14.883 14.5874 6.10847
v -14.9808 14.6735 7.28007
v -15.036 14.1842 7.5832
v -15.0036 14.6737 8.55633
v -14.9875 14.1507 9.34088
v -14.9152 14.2764 10.4646
v -14.6427 14.5441 11.37
v -14.5215 14.5582 11.6871
v -14.3272 15.197 3.05371
v -14.5125 15.4178 4.45533
v -14.6353 15.7581 5.75458
v -14.7848 15.7517 6.97281
v -14.9168 15.4746 7.97338
v -14.8902 15.7621 8.64402
v -14.8849 15.415 9.56876
v -14.8409 15.2404 10.412
v -14.7303 15.6578 11.3526
v -14.4044 15.6008 11.9781
v -14.2232 16.404 4.21527
v -14.3697 16.7538 5.57057
v -14.4586 17.1481 6.77209
v -14.5971 17.0624 7.77652
v -14.7374 16.667 8.83206
v -14.6533 17.081 9.54524
v -14.7047 16.5596 10.2016
v -14.6004 16.9219 11.0871
v -14.4138 16.7504 12.1778
v -14.2111 18.5746 7.68105
v -14.4729 17.8963 8.55887
v -14.4039 18.3521 9.57751
v -14.4162 18.2491 10.4765
v -14.4473 17.9862 11.0192
v -14.3461 18.2069 11.9797
v -14.2684 17.8331 12.5351
v -14.2197 18.8856 8.53097
v -14.2555 19.0297 11.1541
v -14.2092 18.7762 12.416
v -13.3903 11.0554 -7.87921
v -13.3526 10.8635 -7.11262
v -13.8559 11.0833 0.284419
v -13.5119 11.2351 1.63135
v -14.0088 10.7077 2.06884
v -13.649 11.0775 3.32863
v -14.0202 10.5838 3.67507
v -13.7353 11.1706 4.8744
v -14.0008 10.797 5.14157
v -14.0517 11.1042 6.54124
v -13.529 12.2172 -8.56606
v -13.6065 12.0184 -7.73139
v -13.5734 11.847 -6.96167
v -13.4604 11.7249 -6.23909
v -13.4012 12.2114 -2.5699
v -13.4836 12.1792 -2.27188
v -13.61 11.6321 -1.28866
v -13.8197 11.8458 -0.0546241
v -13.341 11.636 1.46819
v -13.4521 11.4768 3.1222
v -13.527 11.5546 4.64648
v -13.3622 12.2813 5.78203
v -13.6745 11.6578 6.1491
v -13.5832 12.3202 7.27919
v -13.972 11.688 7.67285
v -13.9582 12.253 8.7212
v -14.107 12.5929 9.73366
v -13.4136 13.4999 -9.37128
v -13.635 13.3262 -8.44787
v -13.7151 13.1567 -7.60914
v -13.6842 13.0094 -6.83685
v -13.5726 12.9019 -6.11272
v -13.4122 12.8274 -5.46262
v -13.3579 13.1008 -2.8846
v -13.6229 13.2127 -1.73627
v -13.9439 13.0603 -0.413093
v -14.2041 13.4844 0.835752
v -13.3809 12.7518 7.03722
v -13.3743 13.4112 8.15044
v -13.5722 12.9573 8.37428
v -13.7434 13.2479 9.45008
v -13.8991 13.5171 10.2965
v -14.1515 13.8167 11.1023
v -13.4148 14.668 -9.2861
v -13.6332 14.5302 -8.3604
v -13.7122 14.3955 -7.51929
v -13.6812 14.2768 -6.74496
v -13.5695 14.1869 -6.01957
v -13.409 14.1216 -5.36881
v -13.4356 14.5844 -1.98748
v -13.6704 14.7115 -0.876082
v -13.8381 13.8806 -0.640504
v -14.0347 14.3339 0.52301
v -13.3411 14.2478 9.1093
v -13.6122 14.4989 10.4242
v -13.8974 14.5468 11.1982
v -14.1815 14.6237 11.6358
v -13.5202 15.7539 -8.31047
v -13.5943 15.66 -7.46864
v -13.5606 15.575 -6.69279
v -13.4472 15.5069 -5.9664
v -13.4075 15.6316 -1.13719
v -13.4625 16.134 -0.0695124
v -13.7546 15.3219 0.185738
v -13.9214 15.5953 1.46758
v -14.0215 16.1499 2.77657
v -13.5305 15.1428 10.7587
v -13.4679 15.7988 11.0767
v -13.9314 15.6828 11.8825
v -13.3576 16.8752 -7.46399
v -13.3838 17.0508 1.03062
v -13.6386 17.2249 2.49557
v -13.8583 17.5117 3.97669
v -13.4315 16.4677 11.4721
v -13.9548 16.7462 12.1998
v -13.43 18.6903 3.72024
v -14.0335 17.864 5.39037
v -14.1543 18.2341 6.65303
v -13.7128 17.8249 12.3084
v -13.9366 17.8527 12.5385
v -13.6347 19.0374 5.17885
v -13.7906 19.3742 6.48832
v -13.8805 19.6596 7.55307
v -13.9197 19.9046 8.43071
v -14.1751 19.2982 9.59088
v -14.1095 19.6801 10.5768
v -14.0606 19.9135 11.1929
v -14.152 19.4088 11.944
v -13.7498 19.2872 12.6906
v -13.372 20.5184 6.2326
v -13.4981 20.7436 7.32011
v -13.5737 20.9153 8.21975
v -13.6128 21.0501 8.98792
v -13.8197 20.5343 9.57168
v -13.8845 20.5081 10.5173
v -13.8563 20.6819 11.1356
v -13.8881 20.5447 11.9335
v -13.5597 20.6688 12.6899
v -13.4655 21.7799 10.3912
v -13.5543 21.6431 11.2719
v -13.4752 21.8365 12.0264
v -13.4347 21.5954 12.5765
v -12.5743 -8.46387 3.90872
v -12.6019 -8.80131 4.52579
v -12.6901 -8.82648 5.31068
v -12.6412 -8.81827 6.13222
v -12.4809 -8.65661 6.71668
v -12.5388 -7.02602 2.35829
v -12.6006 -7.75039 3.25475
v -12.8176 -7.58905 3.83782
v -12.8764 -7.56491 4.60883
v -12.7744 -7.59161 5.37247
v -12.6317 -7.86848 6.18947
v -12.6236 -6.7264 2.44876
v -12.5783 -6.33679 2.75144
v -12.7106 -6.81237 3.80408
v -12.5516 -6.5992 4.26885
v -12.4928 10.0092 -9.92511
v -12.6844 9.74279 -9.04232
v -12.7435 9.48005 -8.22566
v -12.6988 9.25468 -7.46402
v -12.8543 9.66139 -6.86411
v -12.769 9.77673 -5.91599
v -12.5907 9.72354 -5.3665
v -12.4603 10.9401 -10.7474
v -12.8284 10.7169 -9.76441
v -13.1742 10.8734 -8.78842
v -13.0935 10.2239 -8.04613
v -13.1557 10.6855 -6.06771
v -12.8965 10.5899 -5.19377
v -12.5942 10.5529 -4.46348
v -12.8223 12.1607 -10.5601
v -13.209 11.964 -9.54967
v -13.2106 11.6182 -5.31475
v -12.767 11.553 -4.22441
v -12.6225 11.5123 -3.75941
v -13.0933 12.2976 -2.58079
v -13.2119 12.2365 -2.22104
v -13.2281 11.9133 -1.37408
v -13.1435 12.1831 -0.196715
v -13.0861 12.3854 1.19638
v -13.1648 12.2132 2.7795
v -13.1365 12.5089 4.14314
v -13.3193 12.0116 4.39725
v -13.0208 13.6604 -10.3976
v -13.2349 12.779 -4.9124
v -12.969 12.7368 -4.25288
v -12.9913 13.0732 -3.55407
v -13.0476 12.9368 -3.00737
v -12.8754 13.315 -1.74008
v -12.8803 13.2284 -0.471059
v -12.8142 13.6815 0.770814
v -12.8825 13.1835 0.927702
v -12.9097 13.2373 2.34701
v -12.9719 13.2548 3.79336
v -13.0787 13.2193 5.26826
v -13.0892 13.5966 6.47975
v -13.2091 13.1754 6.76005
v -13.2112 13.7801 7.84666
v -13.0277 14.7958 -10.3142
v -13.0851 14.0508 -4.44435
v -12.8552 14.3978 -3.68057
v -12.8383 14.2674 -2.91793
v -12.6772 14.6398 -1.92878
v -12.6631 14.7843 -0.819004
v -12.7572 14.0106 -0.645324
v -12.7331 14.4529 0.544594
v -12.8115 14.255 1.98185
v -12.8772 14.562 3.29967
v -12.913 13.9964 3.48925
v -12.9718 14.4722 4.72825
v -13.0336 14.5271 6.02881
v -13.0588 14.6667 7.12464
v -13.0734 14.5376 7.76328
v -13.1322 14.6491 8.54932
v -12.9353 15.9368 -10.2582
v -13.31 15.8489 -9.23482
v -13.2859 15.454 -5.31501
v -12.9619 15.3892 -4.39
v -12.6476 15.6483 -3.6594
v -12.7544 15.5978 -3.03989
v -12.9656 15.6062 -2.16018
v -12.5039 15.6348 -1.01621
v -12.584 15.3436 0.29721
v -12.5822 15.5806 1.59125
v -12.7086 15.6506 3.00395
v -12.8355 15.8659 4.37577
v -12.9873 15.755 5.70633
v -13.0401 15.7639 6.83001
v -13.0195 15.685 7.9816
v -12.9961 15.7517 8.76319
v -13.1177 15.4505 9.44184
v -13.2771 15.3711 10.0588
v -12.7396 17.0063 -10.2366
v -13.0952 16.9665 -9.22428
v -13.2922 16.9218 -8.30489
v -13.3185 16.8298 -6.68715
v -13.2018 16.7887 -5.95995
v -13.0388 16.7524 -5.3079
v -12.7147 16.699 -4.38193
v -12.5317 16.6228 -3.74757
v -12.7092 16.9435 -2.48803
v -12.9841 16.7393 -1.44379
v -13.1039 17.0372 -0.334581
v -12.5591 17.2358 4.10681
v -12.8044 17.0536 5.52123
v -12.9511 16.9128 6.72686
v -12.9645 16.8231 7.64675
v -12.891 17.0581 8.56982
v -12.9312 16.6526 9.57858
v -12.9791 17.0668 10.3309
v -13.1764 17.0942 11.1501
v -13.2713 17.5057 11.7245
v -12.7668 17.9448 -9.26136
v -12.9456 17.9585 -8.35049
v -12.9985 17.9665 -7.51216
v -12.9512 17.9673 -6.73483
v -12.8295 17.959 -6.00698
v -12.6639 17.9447 -5.35418
v -12.4851 17.9272 -4.80203
v -12.4656 17.9497 -1.75296
v -12.6959 17.9986 -0.594385
v -12.9433 18.1298 0.738029
v -13.1938 18.3741 2.2081
v -12.4854 18.5232 5.2783
v -12.8184 17.8162 6.64973
v -12.8079 18.0744 7.61594
v -12.7156 18.2043 8.86201
v -12.7161 18.0166 9.68694
v -12.7214 18.3377 10.3406
v -12.9054 18.2096 11.068
v -13.1737 18.6333 12.1378
v -12.4809 18.8725 -8.44631
v -12.5168 18.9375 -7.61287
v -12.4586 18.9865 -6.83586
v -12.4632 19.2377 0.457498
v -12.7028 19.5497 1.91155
v -12.9502 19.8888 3.42658
v -12.6199 18.7788 6.51441
v -12.6287 18.9894 7.51705
v -12.5139 19.2761 8.70597
v -12.5688 18.8202 9.75749
v -12.566 19.1376 10.4251
v -12.7364 19.2655 11.3299
v -12.8341 19.5846 11.8744
v -13.1529 19.6093 12.5511
v -13.1813 20.2226 4.90085
v -12.6786 20.3965 11.9607
v -13.1199 20.7273 12.6754
v -12.6814 21.3681 4.52123
v -12.903 21.6167 5.8405
v -13.0663 21.7802 6.9368
v -13.1828 21.88 7.85977
v -13.2638 21.9377 8.65905
v -13.3207 21.9749 9.38428
v -12.9666 21.8737 12.2941
v -13.041 21.6862 12.5346
v -12.6115 22.7463 6.46702
v -12.7671 22.7813 7.40316
v -12.6856 23.169 7.97023
v -12.7832 23.1355 8.71687
v -12.821 23.2241 9.57529
v -12.9561 23.0609 10.4201
v -12.8452 23.098 11.3323
v -12.775 22.8229 11.9142
v -12.4593 24.0707 10.4002
v -12.4717 24.0083 10.9015
v -11.6251 -15.6093 10.7577
v -11.6623 -14.8719 10.754
v -11.7585 -15.0386 11.3882
v -11.7981 -14.6477 12.102
v -11.6769 -15.0464 12.4429
v -11.7122 -13.9622 11.3848
v -11.7121 -13.508 12.0826
v -11.696 -13.7508 12.8061
v -11.5947 -13.0236 12.3788
v -11.894 -9.55022 3.94217
v -12.0997 -9.68325 4.63805
v -12.1504 -9.76274 5.46527
v -12.0735 -9.79244 6.30656
v -11.8527 -9.81342 7.08749
v -11.7593 -9.57475 7.71005
v -11.7676 -8.28239 2.25961
v -12.0582 -8.6051 2.9241
v -12.2247 -9.00501 3.72016
v -12.4223 -9.29069 4.51121
v -12.4114 -9.28096 5.56747
v -12.4459 -9.34941 6.28194
v -12.2588 -8.79858 7.10443
v -11.8267 -8.80457 7.7291
v -11.8473 -7.12058 0.839888
v -11.929 -7.48567 1.46922
v -12.0907 -7.69143 2.21639
v -12.3509 -7.8894 2.88443
v -12.3509 -7.38087 6.4313
v -11.9908 -7.49058 7.05835
v -11.5845 -7.65282 7.63093
v -11.6809 -5.85911 -0.772999
v -11.8409 -5.89801 -0.256621
v -11.9199 -6.37742 0.367299
v -12.2253 -6.46596 1.24458
v -12.3859 -6.01224 3.25532
v -12.1358 -5.77282 3.7173
v -12.3069 -6.39626 4.79212
v -12.0359 -6.38414 5.51239
v -11.8687 -6.67366 6.35313
v -11.7071 -4.80312 -1.60161
v -11.7374 -4.95155 -1.32695
v -12.035 -5.53407 -0.174208
v -12.0946 -4.92963 0.357647
v -12.3875 -5.69184 1.60443
v -12.1562 -5.33978 2.05983
v -11.7099 -4.90803 2.67946
v -11.8367 -5.54397 4.12071
v -11.6081 -5.40938 4.33464
v -11.6134 -3.47711 -2.781
v -11.8167 -4.08438 -1.09804
v -11.7376 -4.3854 0.891238
v -11.6002 7.39276 -8.78686
v -11.8448 7.65264 -7.11453
v -11.6836 7.54651 -6.46701
v -11.7386 8.67603 -10.2669
v -11.9257 8.37727 -9.40699
v -12.1796 8.42998 -8.50395
v -12.1414 8.1823 -7.74165
v -12.2059 8.3765 -6.93251
v -11.9531 8.2469 -6.01094
v -11.9004 8.56233 -5.25594
v -11.8165 8.9095 -4.54968
v -11.6522 8.83614 -3.94283
v -11.7841 9.59089 -11.0297
v -12.1225 9.34273 -10.094
v -12.3084 9.06005 -9.22355
v -12.4144 9.00296 -6.09933
v -12.4288 9.69731 -4.94174
v -12.1699 9.68082 -4.36708
v -11.9356 9.59245 -3.54573
v -11.662 9.53759 -2.75662
v -11.7464 10.7633 -11.8828
v -12.1403 10.2458 -10.8851
v -12.4395 10.5471 -4.1508
v -12.3551 10.4903 -3.73104
v -12.1105 10.7497 -2.73085
v -11.8211 10.8694 -1.83185
v -11.6168 11.3378 -0.99077
v -12.1421 11.8735 -11.7335
v -12.3953 11.4439 -3.00463
v -12.1784 12.5695 -1.991
v -11.7373 12.5087 -0.919492
v -12.3753 13.2721 -11.5915
v -12.0516 13.8427 -1.58801
v -11.7471 13.7932 -0.878196
v -11.683 14.4375 -12.6832
v -12.4424 14.9008 -11.4626
v -12.3053 13.8888 -2.23204
v -11.6418 16.0681 -12.5652
v -12.3681 16.0097 -11.3972
v -12.4286 16.2605 -3.38302
v -12.3887 15.7737 -2.8779
v -12.3121 15.6024 -2.16768
v -11.9595 15.5346 -1.19958
v -12.3796 16.0803 0.0979956
v -12.1983 17.038 -11.3562
v -12.2385 16.9911 -3.699
v -12.1621 16.8407 -3.03662
v -12.071 16.7679 -2.2778
v -11.869 16.7602 -1.45339
v -12.1034 16.9041 -0.116444
v -12.2079 16.8807 1.2465
v -12.3739 17.0068 2.67909
v -11.9282 17.9076 -11.3468
v -12.2338 18.3231 -10.2844
v -11.987 18.1219 -4.13437
v -11.8519 17.9792 -3.71854
v -11.9239 18.0177 -2.79956
v -11.7406 17.7879 -1.51925
v -11.7716 17.7852 -0.332588
v -11.8681 17.8536 1.0033
v -12.0554 18.0239 2.43935
v -12.2791 18.2593 3.89215
v -12.0527 19.1683 -9.40631
v -11.8986 19.6727 -8.5914
v -11.9126 19.7918 -7.76586
v -11.8411 19.8865 -6.99027
v -12.0174 19.4803 -6.18519
v -12.0714 19.0222 -5.17783
v -11.7638 19.0064 -4.33692
v -11.6307 18.9881 -4.03831
v -11.614 19.3251 -2.93159
v -11.885 19.2046 -2.01287
v -12.028 19.4749 -0.93584
v -11.6767 19.0767 2.17944
v -11.9304 19.3168 3.62929
v -12.1752 19.5549 5.02479
v -12.3471 19.7653 6.27934
v -12.3817 19.9221 7.30637
v -12.3948 19.5948 9.73167
v -12.395 19.8691 10.4079
v -11.9611 20.3325 0.19944
v -12.1811 20.7039 1.60331
v -12.431 21.0565 3.07636
v -11.787 20.5789 4.66283
v -11.9913 20.7404 5.903
v -12.0574 20.8384 6.94144
v -12.1847 20.4778 7.99489
v -12.1172 20.5745 8.75706
v -12.0698 20.699 9.4633
v -12.0949 20.88 10.1665
v -12.369 20.658 11.1707
v -11.658 21.794 1.30336
v -11.9035 22.1548 2.70807
v -11.681 21.7152 6.49119
v -11.6979 21.7172 7.39423
v -11.6773 21.7214 8.20245
v -11.6706 21.7597 8.95599
v -11.729 21.8639 9.69498
v -11.9565 21.6977 10.5552
v -12.1045 22.0088 11.2729
v -12.3105 22.0745 11.815
v -11.9162 22.9262 3.88648
v -11.9313 23.5699 4.90809
v -12.413 22.6428 5.37725
v -12.1599 23.6194 5.97464
v -12.3466 23.6021 6.90233
v -11.695 22.7857 10.5543
v -11.8614 23.1724 11.135
v -12.3291 23.0014 11.7844
v -11.7377 24.3765 5.52352
v -11.9413 24.325 6.40966
v -12.0753 24.2844 7.16619
v -12.161 24.2613 7.8498
v -12.22 24.2627 8.51714
v -12.3297 24.2038 9.50492
v -11.8133 24.7154 10.4051
v -12.1709 23.8698 11.1294
v -11.6619 24.9401 6.60689
v -11.6829 25.0019 7.15377
v -11.6743 25.1026 7.70639
v -11.7614 25.1043 8.6572
v -11.9552 24.9217 9.64315
v -10.7649 -17.0492 5.32667
v -10.903 -17.1082 7.34354
v -10.9 -17.5235 8.87021
v -11.0309 -17.4544 9.98195
v -11.1145 -17.3642 11.1263
v -11.033 -17.2425 12.0223
v -11.0598 -16.7376 12.5089
v -10.7224 -16.8562 13.3908
v -10.8053 -16.2098 5.36272
v -11.0281 -15.9327 7.35151
v -11.2134 -16.3349 8.84149
v -11.4606 -15.8043 9.94227
v -11.4171 -16.428 10.3608
v -11.5488 -16.2112 11.4091
v -11.5233 -16.0554 11.9769
v -11.0614 -15.9541 13.0491
v -11.0531 -15.9611 13.4018
v -10.7271 -15.3071 5.45155
v -10.8734 -14.6822 7.42448
v -11.2146 -15.0224 8.8569
v -11.4778 -15.1025 9.9429
v -11.3891 -14.4258 9.95415
v -11.3632 -14.856 13.1821
v -11.3064 -14.7777 13.5186
v -10.9107 -13.8004 8.91434
v -11.2628 -13.7476 10.2441
v -11.4629 -13.4565 11.0839
v -11.5283 -13.5929 13.1404
v -11.1649 -13.7153 13.5954
v -10.7344 -12.8233 10.0269
v -11.0746 -12.7267 11.1129
v -11.0415 -12.2998 12.1628
v -11.1701 -12.393 12.8689
v -10.892 -12.5309 13.5911
v -10.7206 -10.6339 5.52619
v -10.8451 -10.6576 6.21723
v -10.9009 -10.6262 6.92375
v -11.0566 -9.48353 3.27457
v -11.1972 -9.81302 3.865
v -11.2287 -10.1891 4.63546
v -11.3433 -10.3736 5.41051
v -11.3314 -10.4751 6.2814
v -11.3312 -10.3942 7.1285
v -11.1283 -10.0354 7.88877
v -10.9506 -9.61955 8.43604
v -11.0015 -8.28135 1.65202
v -11.1911 -8.50135 2.1604
v -11.1689 -9.12306 2.8403
v -11.3664 -8.88328 8.16415
v -10.9388 -8.92063 8.43655
v -11.2003 -7.38202 0.506901
v -11.1995 -8.02473 1.37959
v -11.3423 -7.07129 7.36905
v -11.1555 -7.71955 7.90113
v -11.2537 -6.33727 -0.798681
v -11.382 -5.9239 5.73995
v -10.9367 -5.85104 5.9512
v -11.179 -6.48011 6.79356
v -10.885 -4.63168 -3.32993
v -11.3767 -5.16997 -1.95584
v -11.5494 -4.99133 -1.54514
v -11.1245 -4.59283 3.14595
v -11.0728 -5.23836 4.66076
v -10.9512 -3.43522 -4.65382
v -11.2389 -4.19663 -3.29223
v -11.3882 -3.90355 -3.07606
v -11.3466 -3.42341 -0.602775
v -11.2133 -3.98047 1.35857
v -10.8084 -2.49165 -5.78668
v -10.9607 -2.20969 -5.64827
v -11.182 -2.95186 -4.42892
v -11.2758 -2.3271 -3.92646
v -11.4819 -3.06238 -2.48139
v -11.047 -2.54005 -2.21739
v -10.9275 -3.08416 -0.303571
v -10.7992 -1.28187 -6.72361
v -10.934 -1.37668 -6.21685
v -11.0715 -1.71635 -5.2095
v -10.9813 -1.89974 -3.79465
v -10.7289 -0.737042 -7.12232
v -11.1565 6.44748 -8.22047
v -11.0528 6.25808 -7.49955
v -10.8966 6.14352 -6.85088
v -10.7215 6.08425 -6.30071
v -10.9072 7.38717 -10.6247
v -11.2647 7.16624 -9.45822
v -11.5765 7.12303 -8.021
v -11.3901 6.88686 -6.97659
v -11.3209 7.13156 -6.00991
v -11.0299 7.18066 -5.20692
v -11.0097 7.42136 -4.62987
v -10.7711 7.33848 -3.85712
v -11.213 8.6124 -11.2541
v -11.3354 8.02042 -10.4439
v -11.5103 8.18545 -4.87709
v -11.3927 8.17209 -4.58426
v -11.3204 8.43385 -3.59919
v -11.1169 8.3976 -3.0144
v -11.0469 8.73607 -2.20233
v -10.7344 8.72732 -1.32999
v -11.0935 9.44117 -12.0917
v -11.4035 9.50852 -2.0464
v -11.0899 9.49449 -1.20494
v -10.7226 9.50303 -0.237762
v -11.041 10.8838 -12.9658
v -11.3925 10.3488 -1.08889
v -11.1323 10.8317 -0.154372
v -10.7326 11.2955 0.809988
v -11.3997 11.9918 -12.874
v -11.3719 12.4739 -0.118129
v -10.8692 12.4322 0.759314
v -11.5693 12.8666 -12.8039
v -11.3947 13.7426 -0.129747
v -10.9094 13.6823 0.682643
v -10.8092 14.5069 -13.8045
v -11.302 15.0567 -0.167912
v -10.8389 14.9786 0.584621
v -10.7902 16.1128 -13.6756
v -11.5014 17.0623 -12.5007
v -11.4057 16.4289 -0.8981
v -11.0836 16.3485 -0.232393
v -11.1157 18.2305 -12.4365
v -11.5701 18.6425 -11.3603
v -11.4703 18.5163 -3.66503
v -11.4573 18.4831 -2.61662
v -11.4289 18.0216 -1.83752
v -11.0403 17.6432 -0.965572
v -11.0647 18.122 -0.429936
v -11.1365 19.2665 -11.3881
v -11.2364 19.6955 -10.4579
v -11.5315 19.9806 -5.60886
v -11.1422 19.5287 -4.12046
v -11.1651 19.2915 -3.77487
v -11.1352 19.4556 -2.84085
v -10.9772 19.0262 -1.94874
v -11.005 19.6006 -0.7159
v -11.266 19.3626 0.646695
v -11.1231 20.1827 -9.63474
v -11.1994 20.3677 -8.78482
v -11.186 20.5331 -7.97086
v -11.0985 20.6666 -7.19809
v -10.8633 20.7823 -6.14499
v -11.3503 19.9936 -5.05503
v -10.8623 20.0964 -4.27784
v -10.7771 20.2398 -3.76743
v -10.956 20.6058 -3.08229
v -11.1079 20.7884 -2.26014
v -11.3491 20.8976 -1.20957
v -10.7912 21.1342 1.62081
v -11.2472 20.126 1.89713
v -11.5154 20.3691 3.30088
v -10.9212 21.7469 -1.35217
v -11.2274 21.8405 -0.131436
v -11.0612 21.3805 2.95354
v -11.3488 21.5633 4.25497
v -11.5801 21.6767 5.45691
v -10.7257 23.6111 0.808309
v -11.1631 22.7773 1.0317
v -11.3991 23.1454 2.36018
v -10.8889 22.476 3.86375
v -11.007 22.9026 5.31154
v -11.1193 22.8496 6.24586
v -11.1548 22.808 7.07135
v -11.1601 22.8109 7.82225
v -11.1911 22.8784 8.54019
v -11.3545 23.0413 9.58764
v -11.5244 23.5743 10.5173
v -10.9488 23.9897 2.07118
v -11.2136 24.2429 3.32432
v -11.4875 24.3716 4.49825
v -10.9613 24.3788 9.47266
v -11.3935 24.4984 10.3888
v -10.8388 24.9058 3.08988
v -10.8008 25.541 4.07697
v -11.111 25.0212 4.21297
v -11.0786 25.5353 5.26402
v -11.3433 25.3483 6.08834
v -11.1013 25.8659 6.74515
v -11.2483 25.9408 8.19475
v -11.4243 25.767 8.86614
v -11.2347 25.5178 9.62412
v -10.9638 26.1917 7.1997
v -10.8537 26.5787 7.91116
v -10.8311 26.4015 8.77248
v -9.87219 -18.0487 -2.43239
v -10.0074 -18.1871 -1.07296
v -10.0202 -18.4287 0.873033
v -10.1968 -18.3013 3.10231
v -10.2168 -18.336 5.38262
v -10.2163 -18.435 7.42021
v -10.3272 -18.4217 8.93245
v -10.4025 -18.4473 10.0461
v -10.4074 -18.504 11.1938
v -10.2675 -18.5191 12.0933
v -10.0531 -18.3657 12.7401
v -9.91877 -18.0631 13.455
v -9.94246 -17.6577 -2.41317
v -9.97329 -16.9912 -2.29
v -10.162 -17.3761 -1.03296
v -10.3145 -17.6761 0.852419
v -10.3834 -16.9852 0.903632
v -10.5412 -17.2514 3.08597
v -10.6554 -17.5476 5.33019
v -10.6403 -17.8624 7.37003
v -10.5368 -17.4709 12.7637
v -10.3189 -17.2923 13.4823
v -9.83973 -15.8237 -2.69139
v -9.96971 -15.9952 -1.92201
v -10.1693 -16.6578 -0.895055
v -10.1231 -15.8588 -0.61721
v -10.3497 -16.1859 1.06449
v -10.5513 -15.9162 3.2257
v -10.4378 -16.2904 13.7345
v -10.063 -15.9938 14.1843
v -9.91117 -15.2764 -1.57539
v -9.95329 -14.9015 -0.214002
v -10.1275 -14.8714 1.47285
v -10.3523 -14.784 3.47198
v -10.6054 -14.7122 5.53663
v -10.5125 -14.9587 13.775
v -10.2664 -14.7681 14.2227
v -10.0027 -13.9419 3.69288
v -10.2356 -13.7811 5.69927
v -10.3918 -13.4359 7.55325
v -10.5675 -13.0848 8.96802
v -10.2624 -13.6677 13.9659
v -10.3021 -13.539 14.2276
v -9.92044 -12.9022 7.6352
v -10.0716 -12.6279 9.0328
v -10.2167 -12.3683 10.0858
v -10.2285 -12.0173 11.2356
v -10.4748 -11.8691 11.9899
v -10.6844 -11.8933 13.1277
v -10.3137 -12.3706 13.8314
v -10.1229 -12.6628 14.18
v -10.2086 -10.7215 5.53007
v -10.2241 -10.7786 6.29778
v -10.4137 -10.6975 7.09976
v -10.1454 -10.6203 7.5959
v -10.1577 -11.7655 12.1362
v -10.1325 -11.6922 12.7945
v -10.1091 -11.707 13.4744
v -10.2645 -9.49335 3.10355
v -10.3423 -9.89843 3.70335
v -10.2231 -10.4017 4.56376
v -10.5988 -10.5606 5.0994
v -10.3698 -10.2942 8.14129
v -10.2286 -9.78038 8.51472
v -10.2605 -8.28337 1.4186
v -10.3227 -8.73208 2.18705
v -10.1219 -9.18144 2.69851
v -10.249 -8.80851 8.63134
v -10.3235 -7.51901 0.370671
v -10.0249 -7.9838 0.957016
v -10.3076 -7.40445 7.96068
v -9.84671 -8.04023 8.4056
v -10.3532 -5.781 -2.01103
v -10.3582 -6.68399 -0.771894
v -9.83784 -6.79013 -0.707369
v -10.2488 -5.86548 6.09116
v -10.3348 -6.44525 6.97995
v -10.1632 -4.83505 -3.37958
v -10.2486 -4.48772 3.53188
v -10.2846 -5.20496 4.93912
v -10.3599 -3.85745 -4.67867
v -10.3147 -3.69751 1.8722
v -10.2694 -2.27944 -6.82281
v -10.4338 -2.98757 -5.81028
v -10.5266 -2.10459 -1.9345
v -10.4526 -2.87034 -0.0255539
v -10.0531 -2.80611 0.168287
v -9.97769 -0.970549 -8.20746
v -10.2824 -1.19499 -7.7011
v -10.5659 -1.63221 -6.98803
v -10.5639 -0.953085 -5.02331
v -10.3688 -1.32731 -3.56769
v -10.1723 -1.96108 -1.75068
v -9.92148 -0.366262 -8.25945
v -10.2402 -0.38288 -7.83094
v -10.4114 -0.279503 -6.92698
v -10.2746 -0.36205 -5.96081
v -10.1466 -0.573727 -4.92985
v -10.1097 5.22766 -8.68364
v -9.99283 5.02305 -7.9685
v -9.9524 6.23294 -10.9971
v -10.3622 6.17155 -10.109
v -10.4229 5.82256 -9.32233
v -10.6752 5.81131 -8.43894
v -10.5694 5.61397 -7.71933
v -10.3246 5.46536 -6.79628
v -10.201 5.62616 -5.93054
v -10.2199 5.93017 -5.35936
v -10.0526 5.95153 -4.439
v -10.3799 7.3624 -11.5488
v -10.4481 6.78759 -10.8091
v -10.688 6.75406 -5.05373
v -10.591 6.67821 -4.62445
v -10.3788 6.83486 -3.56691
v -10.0974 6.91287 -2.56815
v -9.96589 7.26491 -1.5714
v -9.97056 8.57872 -13.1517
v -10.1621 7.83612 -12.3416
v -10.5514 8.46883 -12.249
v -10.6674 8.00662 -2.35577
v -10.3512 7.99993 -1.45511
v -10.1758 8.38297 -0.354316
v -9.88145 8.76382 0.799332
v -9.85372 9.9599 -13.999
v -10.3003 9.23085 -13.1063
v -10.6115 9.88581 -13.0505
v -10.2253 9.51231 0.824706
v -10.2261 10.9646 -13.9871
v -10.5134 10.3392 0.830022
v -10.0004 11.2524 1.8426
v -10.5419 12.0754 -13.9545
v -10.1449 12.3712 1.72911
v -10.6956 12.9481 -13.9109
v -10.206 13.6037 1.58428
v -9.83349 14.0181 -14.8177
v -9.86931 15.0925 -14.7391
v -10.1655 14.8836 1.41791
v -9.84702 16.1443 -14.6419
v -10.6439 16.2541 0.469893
v -10.0051 16.1448 1.2398
v -10.6788 17.0799 -13.5873
v -10.3103 17.4418 0.343103
v -10.356 18.1928 -13.4596
v -10.5443 18.7516 -1.07631
v -10.2417 18.6475 -0.446451
v -9.84232 18.527 0.194906
v -9.91808 19.069 -13.285
v -10.3953 19.4014 -12.3357
v -10.6397 19.8037 -11.4215
v -10.6403 19.9115 -3.72807
v -10.5244 19.9124 -2.74563
v -10.1896 19.8273 -1.8696
v -9.91905 19.7401 -1.23417
v -10.1806 20.3934 -11.0522
v -10.3635 20.7427 -9.83875
v -10.3836 20.9661 -9.0256
v -10.3369 21.1651 -8.2276
v -10.5919 20.8346 -5.26383
v -10.2324 20.7269 -4.20462
v -10.2376 20.5824 -3.81146
v -10.4597 20.808 -2.94661
v -10.5183 20.4564 -1.95293
v -10.6003 20.4734 -0.865826
v -10.6129 20.8299 0.324961
v -10.2311 21.3258 -7.45936
v -10.0738 21.4343 -6.73552
v -9.89045 21.5005 -6.0829
v -10.087 21.4786 -3.74192
v -10.1212 21.8432 -2.93782
v -10.2781 21.6163 -2.21829
v -10.2001 21.2807 -0.982973
v -10.1769 21.7193 0.154631
v -10.3331 22.0638 1.37888
v -10.595 22.3155 2.63388
v -9.95533 22.7528 -2.50784
v -9.92252 23.5024 -1.62658
v -10.3738 22.7576 -1.5157
v -10.5771 23.1062 -0.394837
v -9.89746 22.8773 1.19972
v -10.144 23.1384 2.38849
v -10.4354 23.2852 3.5517
v -10.7016 23.3234 4.6416
v -10.0974 23.9602 -0.557082
v -10.2269 24.5092 0.60806
v -10.5839 24.6494 1.87954
v -10.0164 23.9589 3.38136
v -10.1054 24.2523 4.3792
v -10.2269 24.2975 5.42293
v -10.3258 24.24 6.2451
v -10.5831 23.8565 6.99674
v -10.5648 24.1292 7.84503
v -10.6444 24.3187 8.45739
v -10.1378 25.4097 1.7668
v -10.3893 25.666 2.97295
v -10.5561 25.9531 4.11498
v -10.0373 25.135 7.17427
v -9.96247 26.0051 7.79668
v -10.3984 25.6792 8.67395
v -9.99278 26.315 3.04842
v -10.2144 26.5258 4.33849
v -10.4474 26.6174 5.71687
v -10.4042 27.1084 7.00441
v -10.2396 26.9841 7.97818
v -10.6113 26.2812 8.90987
v -9.98405 27.3501 5.71789
v -10.0418 27.5561 6.48175
v -9.93923 27.6778 7.18166
v -9.09967 -19.2077 -0.889702
v -8.98149 -19.3074 3.35392
v -9.08848 -19.2382 5.57594
v -9.17293 -19.2086 7.56322
v -9.23306 -19.2458 9.05175
v -9.2625 -19.3259 10.1489
v -9.48959 -19.3009 11.2659
v -9.30598 -19.4435 11.9692
v -9.31996 -19.2313 12.862
v -9.13877 -18.2628 -4.35038
v -9.35805 -18.4298 -3.57615
v -9.74041 -18.3976 -2.42223
v -9.38791 -18.8401 -2.36921
v -9.58361 -18.8145 -1.0138
v -9.44484 -19.003 0.982822
v -9.60125 -18.9043 3.20294
v -9.54627 -18.9575 5.48618
v -9.65155 -18.9141 7.49422
v -9.73093 -18.9394 8.99797
v -9.77548 -19.0084 10.1061
v -9.77624 -19.0958 10.9271
v -9.61682 -18.7242 13.0534
v -9.38437 -18.5834 13.5681
v -9.07302 -17.1944 -5.04035
v -9.31035 -17.2547 -4.50355
v -9.65733 -17.2959 -3.62143
v -9.79545 -16.786 -3.13483
v -9.48891 -17.481 13.8402
v -9.28818 -17.1909 14.2974
v -9.06951 -16.465 -5.0844
v -9.36223 -15.8747 -4.48861
v -9.65826 -15.9028 -3.62207
v -9.82394 -16.3032 -2.93276
v -9.55332 -16.0547 13.9179
v -9.28813 -16.0423 14.4072
v -9.32474 -15.3394 -4.20088
v -9.35278 -15.0566 -3.6412
v -9.40235 -14.8917 -2.79609
v -9.39876 -14.6737 -2.06186
v -9.44102 -14.5334 -1.20604
v -9.71026 -14.4202 -0.00465341
v -9.81791 -15.0801 13.9545
v -9.43609 -14.8739 14.4187
v -9.50235 -14.2464 0.0676576
v -9.11745 -14.1469 0.124303
v -9.38718 -13.9341 1.81769
v -9.30234 -13.5559 3.84149
v -9.78926 -13.2519 5.80977
v -9.14641 -13.2107 5.90915
v -9.04589 -13.0962 7.81046
v -9.43242 -13.5776 14.3225
v -9.23747 -12.8341 7.74192
v -9.55671 -12.498 9.10941
v -9.1941 -12.5423 9.17865
v -9.39581 -12.2522 10.2206
v -9.5134 -12.0544 11.0167
v -9.62596 -11.9103 11.8331
v -9.65261 -11.8257 12.8342
v -9.41489 -12.216 13.8808
v -9.32149 -12.3554 14.2206
v -9.80247 -10.5999 4.96906
v -9.47228 -10.6993 5.5288
v -9.37389 -10.7293 6.22698
v -9.59334 -10.6908 7.0416
v -9.19283 -11.7178 11.0027
v -9.42293 -11.596 11.9118
v -9.56391 -11.5771 12.8319
v -9.52425 -11.6235 13.5585
v -9.55419 -9.65917 3.32978
v -9.27506 -9.92023 3.83365
v -9.3712 -10.3355 4.53147
v -9.16814 -10.5827 5.25566
v -9.14358 -10.536 7.19266
v -9.36641 -10.3016 7.97442
v -9.47315 -9.7069 8.46732
v -9.55935 -8.41752 1.58209
v -9.50064 -8.79557 2.26612
v -9.30383 -9.10665 2.73273
v -9.29977 -8.94946 8.53252
v -9.28426 -7.55827 0.424354
v -9.35117 -8.07389 1.13636
v -9.28683 -7.55735 8.03939
v -9.45458 -8.13207 8.41914
v -9.36826 -5.91054 -1.9266
v -9.34321 -6.84744 -0.602957
v -9.29783 -5.93002 6.01638
v -9.33935 -6.57623 7.01724
v -9.61567 -6.88802 7.49621
v -9.35966 -4.89439 -3.39315
v -9.38281 -4.59665 3.69181
v -9.36357 -5.31282 4.97605
v -9.34711 -3.91289 -4.81475
v -9.35631 -3.79497 2.16878
v -9.60886 -2.0761 -7.37447
v -9.39396 -2.45606 -6.88156
v -9.5015 -3.08376 -6.00201
v -9.45356 -2.86588 0.404656
v -9.44169 -1.05379 -8.35174
v -9.4556 -1.65716 -7.83738
v -9.79972 -1.05357 -3.30765
v -9.27795 -1.0609 -3.03696
v -9.50652 -1.9246 -1.43048
v -9.39664 -0.120203 -8.56869
v -9.79088 0.303192 -7.96571
v -9.74304 0.340457 -6.95277
v -9.51207 0.160494 -5.80094
v -9.15555 0.215212 -5.6178
v -9.4524 -0.326335 -4.62541
v -9.20124 0.534945 -8.42695
v -9.31755 0.601362 -7.82593
v -9.33735 0.548016 -6.92854
v -8.99992 0.532301 -6.38798
v -8.97486 4.92288 -10.6583
v -9.55528 5.0169 -9.69113
v -9.42122 4.59114 -8.59016
v -9.18366 4.36032 -7.59315
v -9.49599 4.67965 -7.04687
v -9.30075 4.83056 -5.91655
v -9.13911 4.76315 -5.39287
v -9.48617 5.28091 -4.41798
v -9.26068 5.23834 -3.78661
v -8.96218 5.20144 -2.98183
v -9.46163 6.24315 -11.7984
v -9.4432 5.7266 -11.1658
v -9.54439 5.38163 -10.4426
v -9.76082 5.39622 -5.32385
v -9.75479 5.89002 -3.58821
v -9.46551 5.85637 -2.79648
v -9.10422 5.83685 -1.82967
v -9.2421 7.30065 -13.1703
v -9.53184 6.93209 -12.4417
v -9.55724 6.53848 -1.6919
v -9.3632 6.91623 -0.522802
v -9.08067 7.29788 0.709575
v -9.14914 8.30878 -13.9642
v -9.61891 7.93384 -13.1765
v -9.49544 8.04269 0.759191
v -9.19874 8.75966 1.95971
v -9.03247 10.0033 -14.8151
v -9.58675 9.29953 -14.0012
v -9.52155 9.5005 1.95203
v -9.34378 11.0154 -14.8682
v -9.79069 10.3134 1.91495
v -8.96498 11.1738 2.96811
v -9.6119 12.1308 -14.8893
v -9.11472 12.2788 2.80755
v -9.74565 13.0035 -14.8703
v -9.19956 13.4982 2.60047
v -9.19722 14.7669 2.36228
v -9.08544 16.0195 2.10837
v -9.76051 17.0913 -14.5335
v -9.70674 17.3211 1.05976
v -9.49615 18.1629 -14.3505
v -9.2772 18.3966 0.868068
v -9.12745 19.0115 -14.0803
v -9.57649 19.5626 -13.1031
v -9.43379 19.561 -0.296879
v -9.21796 20.0387 -12.8461
v -9.54677 20.3898 -11.9482
v -9.52103 20.9313 -10.8507
v -9.52269 21.2065 -10.0898
v -9.6128 21.1516 -4.08733
v -9.631 21.1773 -3.98382
v -9.66804 20.7522 -2.68429
v -9.43269 20.6864 -2.07785
v -9.16601 20.5945 -1.44304
v -9.4823 21.4623 -9.30719
v -9.39939 21.6859 -8.52407
v -9.27348 21.8646 -7.76166
v -9.10409 21.9855 -7.0412
v -9.62696 21.5395 -5.31351
v -9.35525 21.6059 -4.25979
v -9.39083 21.6477 -3.79307
v -9.39237 21.9862 -2.89712
v -9.49187 22.1875 -2.07732
v -9.81853 21.9907 -1.06362
v -9.21804 22.6608 -3.5038
v -9.34153 23.2836 -2.75831
v -9.01401 22.8263 -2.07842
v -9.30776 22.8172 -1.10923
v -9.41089 23.0906 -0.0117397
v -9.50857 23.5372 1.11174
v -8.99138 23.9616 -2.47831
v -9.49016 24.1193 -1.64533
v -8.9918 24.7973 -1.56934
v -9.67996 24.6332 -0.625327
v -9.15892 24.0896 1.09129
v -9.37916 24.3593 2.25502
v -9.63816 24.5265 3.33363
v -9.21863 25.3186 -0.559819
v -9.66008 25.4381 0.548825
v -9.71901 26.0858 1.79902
v -9.16228 25.25 3.44101
v -9.37283 25.407 4.60052
v -9.7321 25.0893 5.62418
v -9.50318 25.7307 5.98081
v -9.18542 26.1724 0.647504
v -9.2424 26.833 1.94356
v -9.55756 27.009 3.21467
v -9.82399 27.1603 4.54619
v -8.97221 27.1541 5.77339
v -9.20653 26.9515 6.24725
v -9.56236 26.7991 7.13041
v -9.10502 27.7035 3.33977
v -9.25381 28.0001 4.53697
v -9.15244 28.2259 5.58699
v -9.42869 27.9664 6.43202
v -9.73487 27.5464 7.2358
v -8.37306 -19.1509 -4.17547
v -8.37699 -19.325 -3.67464
v -8.55021 -19.3524 -3.072
v -8.53513 -19.4865 -2.05508
v -8.49065 -19.5867 -0.628346
v -8.61911 -19.5235 1.25697
v -8.47744 -19.5888 3.51056
v -8.55317 -19.5329 5.69593
v -8.6116 -19.5127 7.6498
v -8.65274 -19.551 9.11315
v -8.67079 -19.6271 10.1918
v -8.65994 -19.7203 10.9915
v -8.5714 -19.8425 11.8978
v -8.5838 -19.7683 12.8786
v -8.50368 -19.2879 13.7082
v -8.11459 -19.1812 14.1484
v -8.39306 -18.3193 -5.21589
v -8.58957 -18.7398 -4.57428
v -8.85159 -18.9218 -3.85668
v -8.69046 -18.9375 13.8049
v -8.385 -18.3852 14.2875
v -8.54772 -17.3176 -5.39194
v -8.89261 -17.2968 13.9823
v -8.47038 -17.3343 14.379
v -8.39474 -16.2629 -5.14132
v -8.38511 -15.6842 -4.63058
v -8.44545 -16.0441 14.5029
v -8.45324 -15.2626 -4.26045
v -8.55073 -14.8711 -3.567
v -8.56757 -14.6119 -2.71127
v -8.67356 -14.531 -1.93692
v -8.72046 -14.4221 -1.08507
v -8.71901 -14.3134 0.159757
v -8.16793 -14.5459 14.0597
v -8.43298 -14.6962 14.3617
v -8.27316 -14.1911 -1.8892
v -8.39245 -14.086 -1.04273
v -8.59909 -14.0099 0.1769
v -8.71184 -13.8554 1.9067
v -8.70648 -13.4853 3.91154
v -8.92739 -13.4442 5.96649
v -8.6191 -13.715 14.0246
v -8.55915 -13.6716 14.3691
v -8.57545 -12.8658 5.94279
v -8.58187 -12.469 7.77965
v -8.56278 -12.1178 9.19418
v -8.47638 -11.837 10.2724
v -8.64254 -12.0685 14.0045
v -8.53311 -12.2962 14.2697
v -8.57893 -11.5991 11.0659
v -8.51699 -11.3454 11.9527
v -8.66392 -11.2358 12.8848
v -8.61144 -11.4119 13.7723
v -8.40421 -11.8015 14.1492
v -8.12534 -9.90417 -5.25751
v -8.20627 -9.80233 -4.37006
v -8.08157 -9.66728 -3.6053
v -8.6569 -9.54669 3.73973
v -8.5238 -9.9308 4.60988
v -8.45047 -10.193 5.51586
v -8.60344 -10.3895 6.35559
v -8.44467 -10.0927 7.11032
v -8.56872 -9.75906 7.92011
v -8.8632 -9.43232 8.31907
v -8.34842 -8.22752 -5.29419
v -8.35898 -8.17629 -4.46293
v -8.58455 -8.48169 2.22719
v -8.5383 -8.79278 2.94128
v -8.20986 -9.04395 3.66786
v -8.3784 -8.71508 7.94985
v -8.8301 -8.70644 8.39492
v -8.13754 -8.03404 -3.65736
v -8.55016 -7.50046 0.725399
v -8.40294 -7.81784 1.38452
v -8.31646 -7.21716 7.26427
v -8.54345 -7.6945 7.82518
v -8.20532 -6.42931 -6.62562
v -8.44999 -6.5678 -5.96528
v -8.53042 -6.61497 -5.38495
v -8.42645 -6.5596 -4.61344
v -8.20076 -6.43504 -3.88869
v -8.62468 -5.89876 -1.71817
v -8.23683 -5.81745 -1.51679
v -8.48235 -6.77088 -0.255666
v -8.34231 -6.12691 5.77363
v -8.44836 -6.47052 6.36289
v -8.79031 -6.71764 6.99783
v -8.28026 -4.78631 -6.99958
v -8.54603 -5.02745 -6.09361
v -8.52962 -5.06777 -5.29381
v -8.28506 -4.94803 -4.46906
v -8.7601 -4.8856 -3.29435
v -8.23324 -4.80957 -3.07542
v -8.51813 -4.80527 3.68656
v -8.36856 -5.54079 4.8337
v -8.21555 -3.32314 -7.40249
v -8.43405 -3.5479 -6.82096
v -8.46333 -3.65106 -6.02404
v -8.29535 -3.59628 -5.26015
v -8.33223 -3.71405 -4.73715
v -8.18432 -3.25387 0.791426
v -8.3653 -4.07423 2.31383
v -8.42824 -2.31789 -7.00308
v -8.43008 -2.8488 -6.08559
v -8.60994 -2.15751 -1.0166
v -8.6456 -3.07894 0.672329
v -8.62841 -0.942638 -8.3994
v -8.51567 -1.53356 -7.86774
v -8.57289 -1.25845 -2.63424
v -8.13966 -1.46005 -2.37293
v -8.52293 0.0776181 -8.66002
v -8.28335 0.340305 -5.76825
v -8.65665 0.11157 -5.25857
v -8.50349 -0.324709 -4.37516
v -8.27061 -0.612975 -3.85044
v -8.54872 0.602819 -8.45314
v -8.41839 0.764508 -7.82556
v -8.47718 0.692522 -6.92785
v -8.48572 0.488633 -6.16652
v -8.18872 3.79407 -9.47452
v -8.68582 4.00165 -8.50999
v -8.50563 3.87354 -7.87089
v -8.24419 3.79983 -7.11035
v -8.31683 5.12272 -11.9638
v -8.60115 4.89615 -11.205
v -8.62738 4.3409 -10.0719
v -8.83825 4.21881 -9.2115
v -8.84526 4.27611 -6.6186
v -8.60048 4.28121 -6.03444
v -8.32873 4.16466 -5.16192
v -8.89975 4.6849 -4.66209
v -8.67098 4.64112 -4.02415
v -8.36666 4.60197 -3.20887
v -8.58575 5.17624 -1.99778
v -8.12647 5.16878 -0.828613
v -8.59713 5.91294 -12.6068
v -8.79493 5.51411 -11.8562
v -8.66774 5.83836 -0.682419
v -8.12593 5.82627 0.54755
v -8.59498 6.89169 -13.5607
v -8.62741 6.55166 0.641891
v -8.41511 7.27877 1.91037
v -8.44714 8.3318 -14.6499
v -8.82801 8.03704 1.94386
v -8.25034 8.7076 3.1195
v -8.49916 9.68357 -15.1002
v -8.53518 9.44577 3.11377
v -8.436 11.046 -15.5308
v -8.77259 10.2487 3.06675
v -8.65291 12.1643 -15.5924
v -8.76174 13.0372 -15.5932
v -8.83347 14.05 -15.5528
v -8.85447 15.6414 -15.4279
v -8.77645 17.0971 -15.2568
v -8.84195 17.1909 1.85415
v -8.56212 18.1414 -15.0368
v -8.47751 18.2624 1.59334
v -8.25551 18.971 -14.7033
v -8.83226 19.5123 -13.7976
v -8.72346 19.3555 0.655016
v -8.51516 20.0275 -13.4047
v -8.57533 20.5079 -12.6701
v -8.78047 20.8777 -11.8608
v -8.87667 20.4733 -0.819595
v -8.52028 20.3324 -0.203092
v -8.70598 21.2345 -11.1494
v -8.62348 21.5614 -10.3968
v -8.5262 21.8504 -9.62303
v -8.4074 22.0937 -8.84826
v -8.26032 22.2833 -8.09259
v -8.82197 22.0783 -6.1129
v -8.44429 22.0967 -5.09174
v -8.58654 22.0843 -4.29854
v -8.7202 22.1989 -3.91427
v -8.7826 21.4639 -2.94833
v -8.41789 21.3487 -2.0243
v -8.56612 22.6071 -4.05299
v -8.31336 22.8969 -3.78069
v -8.60654 23.0792 -2.96714
v -8.54808 23.4314 -2.06905
v -8.83935 23.503 -1.1049
v -8.25106 23.6799 -3.36373
v -8.38361 24.2038 -2.79456
v -8.20709 24.4242 -2.18044
v -8.39512 24.1599 -1.0763
v -8.61737 24.3462 -0.00899941
v -8.84094 24.5808 1.11474
v -8.46238 25.502 -1.41333
v -8.44046 25.5765 -0.180853
v -8.40836 25.3104 1.17861
v -8.6035 25.6181 2.36122
v -8.76753 25.9719 3.58727
v -8.35329 26.5712 -0.26653
v -8.84113 26.695 0.766332
v -8.5152 27.1789 0.900081
v -8.23455 26.3786 2.4352
v -8.4543 26.7172 3.65323
v -8.84961 26.6026 4.84558
v -8.23904 27.5732 1.02886
v -8.37584 28.0765 2.2991
v -8.08549 28.1665 2.5717
v -8.35977 28.2387 3.6388
v -8.6679 28.2286 4.70681
v -8.8665 27.9011 5.67023
v -7.50068 -19.33 -5.02809
v -7.55823 -19.6556 -4.48787
v -7.7319 -19.7522 -3.69873
v -7.53815 -20.013 -2.85521
v -7.29828 -20.1885 -2.18581
v -7.54362 -20.0818 -1.43707
v -7.60517 -20.0596 -0.14141
v -7.89184 -19.9108 1.57152
v -7.40821 -20.1231 1.78774
v -7.6819 -19.969 3.77561
v -7.98407 -19.8129 5.83005
v -7.4249 -20.0491 5.96218
v -7.72148 -19.918 7.7907
v -7.73657 -19.9451 9.20894
v -7.7426 -19.9981 10.2541
v -7.73239 -20.0627 11.0295
v -7.66667 -20.1472 11.9111
v -7.59189 -20.1765 12.8028
v -7.77889 -19.5668 13.8394
v -7.61238 -19.3777 14.2068
v -7.6095 -18.5479 -5.37171
v -7.65659 -18.5312 14.4142
v -7.5703 -17.2363 -5.35901
v -7.58631 -17.2989 14.6056
v -7.76604 -16.2592 -5.12675
v -7.86762 -15.8016 -4.70839
v -7.37965 -15.4947 -3.65002
v -7.51295 -16.1866 14.4176
v -7.2949 -14.7074 -5.2631
v -7.60743 -15.0489 -4.38126
v -7.70398 -14.6103 -3.684
v -7.54915 -14.6499 -2.82506
v -7.50408 -14.4008 -2.09567
v -7.35455 -14.3832 -1.29759
v -7.69581 -15.055 14.3671
v -7.48997 -13.2498 -5.46335
v -7.74336 -13.0606 -4.70337
v -7.60331 -14.0907 -3.24138
v -7.5051 -13.9419 -2.71801
v -7.47524 -13.8609 -2.01914
v -7.80192 -14.082 -1.10201
v -7.34398 -14.1738 -0.0135574
v -7.83054 -13.8738 0.149748
v -7.6923 -13.6752 1.86273
v -7.53763 -13.3863 3.88402
v -7.33696 -13.0904 5.96304
v -7.62526 -13.5167 14.5442
v -7.83788 -12.8963 -4.05124
v -7.81416 -12.7518 -3.48238
v -7.61949 -12.5404 -2.6517
v -7.43636 -12.3739 -1.98725
v -7.24889 -12.2458 -1.46973
v -7.80733 -12.8886 5.97111
v -7.62921 -12.5895 7.84268
v -7.7151 -12.216 9.27188
v -7.55355 -11.9312 10.3699
v -7.72221 -11.9893 13.9871
v -7.69694 -12.1395 14.2731
v -7.47294 -11.7077 -6.08418
v -7.93281 -11.5339 -4.96014
v -8.02963 -11.4168 -4.32578
v -7.95189 -11.2467 -3.52115
v -7.75377 -11.0808 -2.79882
v -7.50997 -10.9074 -2.04904
v -7.66167 -11.6361 11.1707
v -7.62716 -11.3629 12.1614
v -7.68064 -11.2758 12.9674
v -7.70246 -11.4978 13.7043
v -7.46198 -9.94498 -6.72313
v -7.8642 -9.93768 -5.97295
v -7.87892 -9.53168 -2.97133
v -7.97827 -9.38927 4.73671
v -7.93111 -9.55734 5.31463
v -7.88883 -9.65981 6.25721
v -7.93932 -9.54174 7.13554
v -8.04765 -8.17287 -6.28271
v -7.4198 -9.27664 -1.89241
v -7.98638 -8.3237 3.15108
v -7.82688 -8.38389 3.68957
v -7.65334 -8.71566 4.58096
v -7.43109 -8.59753 5.43113
v -7.49089 -8.72103 6.28616
v -7.71744 -8.66058 7.11453
v -7.96171 -8.79734 7.59548
v -7.64906 -8.07243 -7.00861
v -7.8179 -7.84658 -2.75794
v -7.41013 -7.63806 -2.02855
v -7.84292 -7.14312 1.24804
v -7.76478 -7.57908 2.21235
v -7.54729 -7.62442 3.02106
v -7.44598 -7.62888 3.87725
v -7.37927 -7.33372 4.51809
v -7.50008 -7.34174 5.40289
v -7.68295 -7.56552 6.29362
v -7.85043 -7.87925 6.94532
v -7.3058 -6.00111 -8.00844
v -7.81704 -6.23019 -7.32149
v -8.03038 -6.34044 -3.38585
v -7.66975 -6.14096 -2.66332
v -8.00441 -5.72906 -1.34783
v -7.58769 -6.28999 0.477104
v -7.54202 -6.87745 1.55979
v -7.29983 -6.5836 1.8711
v -7.27754 -5.96098 3.19196
v -7.40034 -6.24791 3.7644
v -7.60255 -6.55459 4.60718
v -7.83509 -6.64632 5.64376
v -8.05977 -6.89878 6.51421
v -7.90584 -4.51402 -7.65512
v -7.94342 -4.76516 -3.54779
v -7.65003 -4.58804 -2.67765
v -7.6886 -5.55501 -1.04733
v -7.31736 -5.27105 -0.585279
v -7.27565 -4.72785 1.39769
v -7.4106 -5.02644 2.22118
v -7.40919 -5.50524 2.82748
v -7.69347 -5.37053 3.56609
v -7.40622 -4.20946 -8.30712
v -7.80733 -3.62452 -4.28439
v -7.5456 -3.4175 -3.79359
v -7.30367 -4.39105 -2.14149
v -7.42779 -3.88226 0.659669
v -7.80885 -4.34576 2.31245
v -7.3711 -2.6835 -8.59887
v -7.94405 -2.55437 -7.88527
v -7.80528 -2.14732 -6.73506
v -7.63547 -2.3231 -5.9777
v -7.628 -2.54156 -5.31655
v -7.58224 -2.08415 -4.43964
v -7.44184 -3.11795 -3.29871
v -7.37082 -2.90965 -0.88847
v -7.61737 -2.62469 -0.706941
v -7.6544 -1.34133 -8.46811
v -7.70394 -1.1379 -7.68852
v -7.59824 -1.40246 -7.0297
v -7.57983 -1.16631 -5.88205
v -7.3208 -1.03921 -5.1538
v -7.43531 -1.2315 -3.46828
v -7.52309 -1.80086 -2.17985
v -7.87136 0.0456429 -8.3654
v -7.5213 0.013921 -7.78923
v -7.36308 0.144637 -7.03394
v -7.49389 0.256462 -6.07565
v -7.51392 -0.0144666 -5.29573
v -7.48905 -0.469579 -4.43314
v -8.0036 -0.762171 -3.64679
v -8.02909 0.513755 -8.18578
v -7.81448 0.571551 -7.72283
v -7.77811 0.568113 -6.97311
v -7.87829 0.483561 -6.3405
v -7.30429 3.90567 -11.3503
v -7.71915 3.76932 -10.4381
v -7.47548 3.30923 -9.37877
v -8.01832 3.57164 -8.77981
v -7.73681 3.40915 -7.87089
v -7.39688 3.42765 -6.72203
v -7.90423 3.79817 -6.26716
v -7.64543 3.6768 -5.43305
v -7.32974 3.60872 -4.54376
v -7.7089 4.05719 -3.45752
v -7.31751 4.02521 -2.44315
v -7.47269 4.86807 -12.6043
v -7.73111 4.51318 -11.8232
v -7.85091 4.18524 -11.1137
v -8.01691 4.09803 -4.28261
v -7.98075 4.57285 -2.20928
v -7.50717 4.55917 -1.01842
v -7.56651 5.14398 0.417959
v -7.59918 5.79384 -13.5175
v -8.04783 5.50485 -12.7941
v -7.70259 6.13923 1.80738
v -7.3647 7.31695 -14.8915
v -7.85977 6.97604 -14.3199
v -7.52888 7.19533 3.04827
v -7.71591 8.34711 -15.1754
v -7.91571 7.97663 3.09423
v -7.30588 9.70878 -15.8258
v -8.01089 9.36091 -15.3523
v -7.37923 10.126 4.27281
v -7.56535 11.0618 -16.0085
v -7.54393 11.0441 4.19004
v -7.73188 12.1815 -16.0996
v -7.69441 12.1427 4.0109
v -7.81409 13.0545 -16.1157
v -7.80493 13.3573 3.75652
v -7.86604 14.0664 -16.0858
v -7.84976 14.6236 3.44806
v -7.87531 15.6527 -15.9661
v -7.80314 15.8773 3.10665
v -7.80782 17.0982 -15.7886
v -7.63934 17.054 2.75343
v -7.70623 17.8284 -15.6432
v -7.56352 18.4232 -15.4487
v -7.37435 18.1306 2.39102
v -7.38184 18.9431 -15.1744
v -8.00163 19.4756 -14.3558
v -8.00284 19.2154 1.31964
v -7.57918 20.2875 -13.5801
v -8.01292 21.0073 -12.2325
v -8.00422 21.1736 -1.08293
v -7.67474 21.0236 -0.471585
v -7.66171 20.521 0.268435
v -7.4287 20.0315 1.02678
v -7.84625 21.4371 -11.495
v -7.69461 21.8118 -10.7314
v -7.54764 22.1291 -9.95727
v -7.395 22.3868 -9.18816
v -8.07822 22.4113 -7.37612
v -7.90293 22.0546 -3.52458
v -7.57413 21.9644 -2.64856
v -7.31601 21.8662 -2.01263
v -7.22632 22.5826 -8.43974
v -7.88258 22.4893 -6.72693
v -7.61579 22.5352 -5.95788
v -7.31751 22.5068 -5.2033
v -7.2077 22.5332 -4.84281
v -8.02602 23.3568 -3.46765
v -7.8324 24.2238 -2.8623
v -7.76708 24.5919 -2.02539
v -7.9736 24.842 -1.04865
v -7.6736 25.2968 -2.00882
v -7.63953 25.7887 -1.05443
v -7.92958 25.5558 0.0692016
v -7.7098 26.0164 0.0987036
v -8.02218 26.0708 1.23608
v -7.58579 26.3888 -0.950867
v -7.96861 27.0913 -0.0899464
v -7.53962 27.0756 0.221899
v -7.69345 26.9259 1.30231
v -7.97237 27.0691 2.47497
v -7.7413 27.3576 0.0362516
v -7.63032 27.3885 0.163205
v -7.76581 27.8485 1.36177
v -7.90485 27.9411 2.52048
v -7.97975 28.1812 2.57458
v -6.77909 -19.3165 -4.93504
v -6.64585 -19.7259 -4.43718
v -6.84727 -20.2309 -3.68515
v -6.68806 -20.3363 -2.90331
v -6.6209 -20.3513 -2.02921
v -6.66841 -20.3363 -0.94602
v -6.65223 -20.3191 0.314306
v -6.78094 -20.2934 2.03235
v -6.7484 -20.266 4.06351
v -6.71527 -20.2438 6.11613
v -6.68904 -20.2336 7.94872
v -6.67722 -20.242 9.31977
v -6.67105 -20.2623 10.3299
v -6.66176 -20.2878 11.0798
v -6.61964 -20.3195 11.9356
v -6.73064 -20.3194 12.869
v -6.8022 -20.0675 13.8235
v -6.75108 -19.5746 14.254
v -6.83714 -18.4709 -5.19289
v -6.45124 -18.919 -4.77564
v -6.72172 -18.6272 14.5269
v -6.43016 -17.4426 -5.70751
v -6.79536 -17.3897 -5.3467
v -6.78869 -17.316 -4.15629
v -6.65916 -17.5357 -3.48298
v -6.6285 -17.3098 -2.89218
v -6.44613 -16.9755 -1.95874
v -6.72896 -17.3424 14.4379
v -6.7079 -16.2923 -5.88829
v -6.84376 -16.3067 -5.10639
v -6.78983 -15.7978 -4.57491
v -6.69775 -16.0316 -3.59819
v -6.72801 -16.0356 -2.89321
v -6.7264 -15.9513 -2.01156
v -6.70146 -15.8358 -1.30283
v -6.54721 -15.6631 -0.743895
v -6.8471 -16.0964 14.5765
v -6.43545 -15.1692 -6.80074
v -6.92047 -14.9541 -6.06108
v -7.04731 -15.2939 -4.21955
v -6.94959 -15.2352 -3.62412
v -6.96915 -15.0231 -2.67664
v -6.98183 -15.0324 -1.91441
v -6.96059 -14.7371 -1.30217
v -6.72614 -14.6567 -0.313627
v -6.4897 -14.6171 1.49956
v -6.78762 -14.8941 14.6121
v -6.59955 -13.5987 -6.98911
v -7.10095 -13.4379 -6.25174
v -7.06539 -13.5234 -1.17721
v -6.5801 -13.3177 -0.323229
v -6.9202 -14.2073 1.65597
v -6.61173 -14.0169 3.73572
v -6.81325 -13.3878 5.94173
v -6.7769 -13.7434 14.5177
v -6.76045 -11.8462 -7.1986
v -6.95936 -12.1131 -0.92556
v -6.51644 -11.9791 -0.357248
v -6.80925 -12.9409 7.87916
v -6.86364 -12.509 9.3443
v -6.95693 -12.1147 10.4326
v -6.43334 -12.0389 11.3123
v -6.76782 -12.2152 13.9102
v -6.75199 -12.4778 14.2689
v -7.11148 -10.7157 -1.27123
v -7.06964 -11.781 11.2393
v -6.86805 -11.6499 11.8989
v -6.71494 -11.5861 12.7041
v -6.98578 -11.5915 13.4525
v -6.64284 -9.91034 -7.7668
v -6.65613 -10.5697 -0.731224
v -6.81141 -9.03637 -1.13671
v -6.52579 -7.81145 -8.35984
v -7.13113 -7.94494 -7.71615
v -6.96405 -7.43637 -1.56597
v -6.70123 -5.77502 -8.64101
v -7.09587 -5.8271 -2.01128
v -7.17413 -5.85582 1.00892
v -7.11375 -6.00889 2.332
v -7.16228 -6.45608 3.04567
v -7.17748 -6.84055 3.53461
v -6.4959 -5.50458 -1.65645
v -7.02051 -4.88879 -0.0855427
v -6.95851 -4.54934 0.160573
v -7.09228 -5.2352 1.41549
v -7.19194 -5.61497 2.47638
v -6.80928 -3.91439 -8.91308
v -7.12249 -3.41065 -3.42873
v -7.03508 -3.77159 -2.7518
v -6.91772 -4.1093 -1.90688
v -6.931 -3.57075 -1.24034
v -7.08793 -4.18594 0.231332
v -6.79074 -2.36002 -9.1556
v -6.97112 -2.57165 -4.52708
v -6.71822 -2.23877 -3.91501
v -6.93903 -2.53115 -2.60356
v -7.12055 -2.08724 -2.37545
v -7.167 -3.14584 -1.04822
v -6.66036 -1.10141 -9.32661
v -7.01072 -1.11988 -6.73334
v -6.79919 -1.24324 -6.05019
v -6.73028 -1.3228 -5.34349
v -6.86498 -1.15984 -4.66303
v -6.92438 -1.56912 -3.70144
v -7.19239 -2.00833 -2.30259
v -6.43288 -0.128049 -9.38419
v -6.89382 0.0546303 -8.69241
v -7.13409 -0.11 -7.46847
v -7.03128 -0.273077 -6.81527
v -6.96477 -0.348184 -6.0648
v -6.96665 -0.463985 -5.33284
v -6.79806 -0.45471 -4.42859
v -6.65573 -0.746085 -3.9207
v -6.39781 0.767494 -8.68138
v -6.50099 0.77235 -7.69988
v -6.64451 0.447659 -6.53999
v -6.44083 0.54691 -5.96861
v -6.39255 2.85998 -10.1842
v -6.57482 2.74398 -8.643
v -6.38643 2.6793 -8.09796
v -6.4385 4.05088 -12.4333
v -6.7599 3.67593 -11.5734
v -6.85726 3.34052 -10.7772
v -6.97025 3.10977 -9.95968
v -6.77576 2.87881 -9.2742
v -7.18765 3.06277 -8.40085
v -6.92223 2.98819 -7.64179
v -6.62289 2.99809 -6.88676
v -6.85969 3.14509 -6.25997
v -6.87849 3.21999 -5.45226
v -6.64068 3.17287 -4.78936
v -7.0188 3.5663 -3.7077
v -6.6243 3.53182 -2.67837
v -6.83613 4.00704 -1.23139
v -6.7304 5.26136 -13.6374
v -6.69321 4.65417 -13.0144
v -6.96837 4.20839 -12.2076
v -6.93943 4.52705 0.244529
v -6.88802 5.06676 1.63424
v -6.76788 5.91534 -14.2271
v -6.84874 6.01087 2.91952
v -6.60296 6.96412 -15.0694
v -7.07717 6.61537 -14.5995
v -6.36794 7.01713 4.04597
v -6.76748 8.70218 -15.7895
v -6.92407 8.01512 -15.4762
v -6.69467 7.8339 4.1458
v -6.96512 8.58294 4.2304
v -6.60231 9.71494 -16.1249
v -7.1898 9.3263 4.27951
v -6.79435 11.0677 -16.335
v -6.91579 12.1877 -16.4464
v -6.97294 13.0605 -16.4739
v -7.00488 14.0718 -16.4526
v -6.99896 15.6554 -16.3391
v -6.9358 17.0954 -16.1603
v -6.7954 18.1137 -15.9055
v -6.71514 19.2668 -15.1384
v -6.6047 19.8911 1.649
v -7.02414 19.084 2.022
v -6.91012 20.0007 -14.264
v -6.6408 20.5669 -13.6274
v -6.78092 21.0988 -12.7486
v -6.76582 20.6921 0.708471
v -6.9643 21.5575 -11.8341
v -6.76479 21.9619 -11.0656
v -6.57892 22.2966 -10.2941
v -6.54277 22.3972 -2.98509
v -6.88897 21.6545 -1.08126
v -6.39229 21.3938 -0.178886
v -6.39619 22.5631 -9.53177
v -7.03124 22.7143 -7.7276
v -6.7339 22.814 -6.80409
v -6.42561 22.8445 -5.95806
v -7.0405 22.5201 -4.34602
v -6.77191 22.4667 -3.59265
v -6.42545 24.827 2.1942
v -6.57319 25.3817 2.13394
v -6.45934 25.3457 2.6171
v -6.0065 -19.4851 -4.37402
v -5.98212 -19.8736 -3.67024
v -5.92446 -20.0009 -2.83883
v -5.89171 -20.0024 -1.92652
v -5.92481 -19.9753 -0.771827
v -5.5885 -19.9945 -0.734818
v -5.83487 -19.9505 0.485954
v -5.87183 -19.9439 2.22377
v -6.24665 -20.2765 4.17678
v -5.78049 -19.8687 4.23597
v -5.77147 -19.8742 6.25879
v -5.75298 -19.8569 8.06747
v -5.71257 -19.8626 9.42566
v -5.67755 -19.8832 10.4285
v -5.67033 -19.9195 11.1717
v -5.6327 -19.9636 12.006
v -5.67213 -20.0721 12.8871
v -5.7822 -20.1494 13.781
v -5.82479 -19.5514 14.2869
v -5.63381 -18.6597 -6.12441
v -5.96525 -18.4232 -5.16341
v -5.89037 -18.8299 -4.71642
v -5.86888 -18.7589 -3.63827
v -5.77021 -18.441 -2.76019
v -5.91793 -18.6075 14.4353
v -5.58275 -17.3208 -7.12179
v -5.98706 -17.7077 -6.40639
v -6.06616 -17.3696 -5.04474
v -5.68619 -17.3281 -4.53639
v -5.56859 -16.8722 -3.80894
v -5.96137 -17.7371 -1.95395
v -6.05066 -17.0798 -1.18783
v -5.58027 -17.1441 -0.325096
v -5.93748 -17.3568 14.6697
v -6.24278 -16.5415 -6.61917
v -6.18495 -16.3921 -4.404
v -6.02084 -16.329 -3.77026
v -5.88219 -16.3264 -3.07952
v -5.7729 -16.2544 -2.23692
v -5.81543 -15.8543 -0.817496
v -6.13012 -16.124 -0.289709
v -5.59738 -16.2023 0.4859
v -5.62329 -15.5315 1.15205
v -5.86009 -16.1304 14.6232
v -5.87038 -15.3337 -7.43854
v -6.21537 -15.3927 -0.608744
v -5.91535 -14.6638 0.500296
v -6.05288 -15.0684 1.3279
v -5.87841 -14.6539 3.57803
v -5.92472 -14.855 14.53
v -6.01846 -13.7196 -7.63249
v -5.7501 -13.1342 0.580553
v -5.99591 -13.9722 5.88675
v -5.92169 -13.4911 7.90517
v -5.62007 -13.2252 9.4423
v -5.50527 -13.2025 13.8196
v -5.90126 -13.5989 14.3747
v -5.52804 -11.9258 -8.36132
v -6.1674 -11.9021 -7.84358
v -5.86882 -11.847 0.232703
v -6.24112 -12.8233 9.39445
v -5.99968 -12.5976 10.5314
v -5.77866 -12.4354 11.386
v -5.89937 -12.1682 12.0158
v -5.89552 -12.1998 12.8977
v -5.94708 -12.6364 13.8582
v -6.00247 -12.6993 14.162
v -5.69145 -9.85043 -8.61822
v -5.9933 -10.4077 -0.179408
v -6.15195 -8.82498 -0.63984
v -5.86496 -7.69305 -8.89419
v -6.3258 -7.16771 -1.13629
v -5.54693 -6.86585 -0.771671
v -6.03297 -5.58489 -9.17379
v -5.7634 -5.133 -1.38284
v -6.14292 -3.67058 -9.43055
v -5.92416 -3.50224 -2.01274
v -6.14223 -2.09473 -9.638
v -5.95585 -2.07464 -2.64032
v -6.04202 -0.836931 -9.76102
v -5.89262 -0.887177 -3.26813
v -5.85338 0.123246 -9.76445
v -6.12819 0.200497 -4.37555
v -6.0148 -0.189815 -3.86779
v -5.90408 0.837545 -9.30884
v -5.92067 1.219 -8.42344
v -5.70361 1.38505 -7.89639
v -5.87301 1.19109 -6.93667
v -5.89726 1.06633 -6.00666
v -6.03557 0.685746 -5.14358
v -5.67338 0.646535 -4.52133
v -5.83004 2.67829 -10.3984
v -5.90504 2.53393 -9.61032
v -5.88981 2.45703 -8.60006
v -5.79691 2.50726 -7.60977
v -5.97734 2.67396 -7.03427
v -5.6881 2.54168 -6.14784
v -6.10293 2.81464 -5.34138
v -5.66133 2.74305 -4.13226
v -5.91599 3.95682 -12.6421
v -5.95719 3.45438 -11.8844
v -5.75456 2.98709 -11.1968
v -6.32631 3.12851 -3.93931
v -5.92943 3.0912 -2.89392
v -6.13967 3.50988 -1.44707
v -5.94437 3.73065 -0.0734884
v -5.65249 3.90058 1.23001
v -5.71085 5.19876 -14.0924
v -5.91912 4.55358 -13.3467
v -6.27103 4.44261 1.46041
v -5.49548 4.27197 2.51005
v -6.07316 4.90203 2.71252
v -5.96973 5.89709 -14.5914
v -5.77879 5.77009 3.83828
v -5.69448 7.33216 -15.6462
v -5.87677 6.85177 -15.2965
v -5.83461 8.30243 -16.002
v -5.47533 8.33767 5.30949
v -5.56913 9.8362 -16.4938
v -5.91822 9.60825 -16.3357
v -5.67423 9.48689 5.47672
v -5.73133 11.1111 -16.693
v -5.83979 10.8159 5.46095
v -5.76168 12.1888 -16.8285
v -6.00183 11.9451 5.24582
v -5.73201 13.0587 -16.886
v -6.1606 13.1916 4.91839
v -5.73461 14.0665 -16.8759
v -6.26302 14.4719 4.53225
v -5.75803 15.6439 -16.7554
v -6.28868 15.7327 4.10138
v -5.76762 17.0776 -16.5574
v -6.21719 16.9208 3.6398
v -5.62752 17.7934 -16.4293
v -5.97032 18.1951 -16.1549
v -6.06847 18.0097 3.15946
v -5.74671 18.8987 -15.8114
v -5.67129 19.6889 -15.0568
v -6.16531 19.985 -14.565
v -5.61894 19.784 2.19038
v -5.86242 18.973 2.67234
v -5.77372 20.8394 -13.5462
v -5.99488 21.1973 0.39906
v -5.83243 20.7601 1.11533
v -6.11998 21.615 -12.1477
v -5.88954 22.0352 -11.3787
v -5.67424 22.3791 -10.6118
v -6.15549 22.2294 -2.03408
v -5.73645 21.9918 -1.09964
v -5.46571 22.6502 -9.85657
v -6.20612 22.7627 -8.7907
v -5.89371 22.9371 -7.76062
v -5.59588 23.0177 -6.8863
v -6.20423 22.8114 -5.40141
v -5.91006 22.8149 -4.48569
v -5.60361 22.7368 -3.64267
v -5.6132 23.4764 2.30949
v -5.69017 23.2347 2.95053
v -5.66174 23.2058 3.81455
v -5.77471 23.4408 4.74273
v -5.83044 23.4257 5.24374
v -5.49934 24.6503 1.58878
v -6.00984 24.5687 2.22574
v -5.86285 24.0745 4.73412
v -5.84697 24.0682 5.26817
v -6.25967 25.2316 1.70672
v -6.01472 25.3688 2.09634
v -6.12215 25.3804 2.6367
v -4.98581 -19.4744 -5.98418
v -4.96835 -19.7329 -5.07978
v -5.15375 -19.4219 -4.26387
v -5.13473 -19.6159 -3.63654
v -5.04758 -19.6779 -2.8683
v -5.0135 -19.7151 -2.01475
v -5.02971 -19.6872 -1.2521
v -5.13499 -19.8791 -0.716641
v -4.95389 -19.6676 0.465369
v -4.97364 -19.6828 2.24457
v -4.97774 -19.7585 4.29488
v -5.00874 -19.8185 6.33521
v -5.0399 -19.8126 8.1418
v -5.10083 -19.8537 9.48994
v -5.06064 -19.8558 10.4914
v -5.10586 -19.857 11.228
v -5.09732 -19.8706 12.098
v -5.17022 -19.8737 13.034
v -5.24219 -19.879 13.7654
v -5.11954 -19.5139 14.2889
v -4.89691 -18.0242 -7.44541
v -4.87578 -18.9199 -6.86255
v -5.28875 -18.5514 -4.36541
v -5.07183 -18.6193 -3.63053
v -4.96978 -18.7279 -2.80058
v -5.01818 -18.4892 -1.91912
v -4.91601 -18.5328 -1.3184
v -4.70376 -18.4602 -0.32031
v -4.96882 -18.7569 14.5541
v -5.1021 -16.8411 -7.71701
v -5.38116 -17.6624 -4.24364
v -5.24274 -17.5223 -3.76616
v -5.16193 -17.2805 -2.92223
v -4.91528 -17.6586 -2.31446
v -4.87502 -17.2146 -1.06442
v -4.97033 -17.7699 -0.486456
v -4.84921 -16.9871 0.616586
v -4.97074 -17.3239 14.7051
v -5.43894 -16.3036 -0.994212
v -4.89711 -16.4157 0.893029
v -5.1646 -16.0397 1.00454
v -4.82235 -15.7928 3.31733
v -5.03059 -16.1162 14.5802
v -4.60402 -15.4746 -8.31513
v -5.25586 -15.4287 -7.93091
v -5.06752 -15.2037 1.25474
v -5.41349 -15.1131 3.45942
v -4.99825 -14.8767 5.78802
v -4.60062 -14.6556 7.9222
v -4.76787 -14.343 13.7985
v -5.03652 -14.8722 14.4083
v -4.72572 -13.819 -8.54072
v -5.39034 -13.7877 -8.13895
v -4.93999 -13.6169 1.25104
v -5.08352 -14.1611 7.9182
v -5.03463 -13.7136 9.4849
v -5.05673 -13.3188 10.6264
v -4.61327 -13.4888 12.1535
v -4.82698 -13.4035 12.9396
v -5.10148 -13.6198 13.9236
v -5.07925 -13.7821 14.1996
v -4.85161 -11.9293 -8.77859
v -5.13151 -12.9957 11.4566
v -5.24068 -12.7638 12.0897
v -5.36594 -12.6424 12.6396
v -5.07853 -11.7365 0.759238
v -5.00017 -9.80871 -9.0499
v -5.18566 -10.2511 0.315316
v -5.34807 -8.59973 -0.200303
v -5.15793 -7.59822 -9.33654
v -4.67901 -6.56461 -0.504283
v -5.31142 -5.43883 -9.62038
v -4.94015 -4.75383 -1.20685
v -5.03265 -3.4273 -10.0556
v -5.16094 -3.07255 -1.93579
v -5.06068 -1.83199 -10.2312
v -5.26026 -1.63832 -2.6506
v -5.08749 -0.280297 -10.2393
v -5.20914 0.418534 -4.04626
v -4.92928 -0.278907 -3.43577
v -5.05398 1.0461 -9.94102
v -5.41717 1.39607 -9.33759
v -5.34142 1.45068 -5.99037
v -4.91864 1.34188 -5.16224
v -4.88487 0.893211 -4.48666
v -4.7648 2.5174 -10.7895
v -5.16994 2.45074 -10.2648
v -4.96257 2.06301 -9.31808
v -5.02222 2.02393 -8.64728
v -4.9564 2.13807 -7.61785
v -5.15007 2.27272 -7.05568
v -4.92881 2.02213 -6.17613
v -4.93264 2.11221 -5.39421
v -5.0219 2.41607 -4.29994
v -4.9397 2.5362 -3.14342
v -4.77574 2.67049 -1.80472
v -4.66187 3.91167 -13.0983
v -5.06639 3.71883 -12.7091
v -5.0912 3.1186 -11.8224
v -5.44411 3.06519 -1.645
v -4.94847 3.05271 -0.383732
v -5.08719 3.44774 0.932006
v -4.94877 3.74461 2.22246
v -4.60628 3.98126 3.27429
v -4.80006 5.23008 -14.4066
v -4.93073 4.53739 -13.7122
v -5.10409 4.61471 3.54509
v -4.9184 5.92907 -14.9627
v -4.73366 5.84751 4.76724
v -5.0545 7.26094 -15.808
v -5.01687 6.64335 -15.446
v -5.03454 6.7261 4.96513
v -5.28265 7.57375 5.13986
v -4.80764 8.71496 -16.5071
v -5.16034 8.32748 -16.2308
v -5.16862 9.72686 -16.6091
v -5.16633 11.0345 -16.8809
v -4.73976 12.1905 -17.2151
v -5.31538 12.1894 -16.9862
v -4.73581 13.0628 -17.265
v -5.25788 13.06 -17.0611
v -4.7172 14.0735 -17.2621
v -5.25203 14.0686 -17.054
v -5.13294 15.6464 -16.9827
v -4.67249 15.6 4.9593
v -5.14049 17.0747 -16.7779
v -4.69378 16.8014 4.39544
v -5.19998 17.8831 -16.5353
v -5.2851 18.3601 -16.2987
v -4.6606 17.9079 3.79704
v -5.03029 19.0697 -15.8665
v -4.99772 19.7425 -15.1771
v -4.74738 19.8763 2.12902
v -4.59272 18.894 3.18089
v -4.84522 20.5121 -14.2747
v -4.86709 21.097 -13.4518
v -4.82058 20.9047 0.513583
v -5.06981 20.5391 1.27838
v -4.89596 20.3453 2.03585
v -4.74929 20.7938 2.7378
v -5.07838 21.6231 -12.5205
v -5.12437 22.0551 -11.6503
v -4.88779 22.4026 -10.8888
v -4.7103 22.2835 -1.4379
v -5.42936 21.787 -0.482868
v -4.80547 21.5421 0.58085
v -4.94606 21.883 1.29755
v -5.11976 21.7808 2.35189
v -4.92365 21.9357 3.00216
v -4.93997 22.0037 3.41644
v -4.65827 22.6751 -10.14
v -5.2556 22.8516 -9.12226
v -5.03556 22.9867 -8.41827
v -4.82772 23.0679 -7.77715
v -4.65421 23.1076 -7.2314
v -5.23001 22.9954 -5.98958
v -5.05755 23.0192 -5.41712
v -4.77151 22.977 -4.57478
v -5.24135 22.6002 -2.69966
v -4.98162 22.4629 -2.06955
v -5.00804 23.0503 1.46389
v -5.28353 22.6858 2.03946
v -5.38034 22.9699 2.79024
v -5.09595 22.7867 3.89541
v -5.11929 23.1869 4.69336
v -5.37336 23.5029 5.15777
v -4.90053 24.2167 1.32728
v -5.34832 23.8895 4.78608
v -5.36131 23.9522 5.21
v -3.99437 -19.7067 -6.69671
v -3.86293 -20.1119 -5.92392
v -4.12654 -20.116 -5.32003
v -4.19079 -20.084 -4.44365
v -4.14104 -19.8807 -3.61357
v -4.25579 -19.4472 -2.69407
v -3.85873 -19.2915 -2.12925
v -4.47749 -19.378 6.33872
v -4.3721 -19.3446 8.18578
v -4.40616 -19.4741 9.55588
v -4.33687 -19.4765 10.5668
v -4.28176 -19.488 11.3167
v -4.28596 -19.5505 12.0763
v -4.16721 -19.4942 12.7569
v -4.19346 -19.5005 13.711
v -4.34772 -19.4352 14.2222
v -4.1647 -18.5546 -7.57775
v -4.33717 -19.0705 -2.00449
v -4.00998 -18.7804 -1.20997
v -4.30302 -18.1012 -0.227837
v -4.54073 -18.1804 1.60621
v -4.55919 -18.7673 1.9204
v -4.38402 -18.6307 4.05475
v -4.18638 -18.5138 6.22194
v -4.07272 -18.6929 8.16608
v -3.92128 -18.6839 9.58358
v -3.92205 -18.9499 10.6085
v -3.83586 -18.9883 11.3699
v -3.77812 -19.0317 11.9696
v -3.7562 -19.0839 12.7537
v -3.7968 -19.1309 13.4047
v -4.17729 -18.3921 14.3962
v -3.80953 -16.9118 -8.37532
v -4.46807 -16.893 -8.08063
v -4.22667 -17.6052 0.435033
v -4.42706 -17.2389 1.12543
v -4.26228 -16.7618 3.32373
v -4.24026 -17.4173 3.59533
v -3.95139 -17.1541 5.94844
v -3.77795 -17.6651 8.1061
v -3.76859 -16.9236 14.0106
v -3.98134 -17.3954 14.4046
v -3.92702 -15.4916 -8.62847
v -4.4735 -16.0217 1.44761
v -3.74951 -15.9933 1.73616
v -4.39654 -16.4159 3.26427
v -4.17408 -15.9931 5.74717
v -3.81154 -15.8623 7.95697
v -3.93296 -15.9902 13.9703
v -4.03219 -16.0471 14.317
v -3.95963 -15.1427 1.84563
v -4.19956 -15.1566 7.92894
v -4.09855 -14.8177 9.54858
v -3.99506 -14.5643 10.7221
v -3.99219 -14.3834 11.5645
v -4.05265 -14.2757 12.2011
v -4.35683 -14.2591 13.2247
v -4.31029 -14.9689 13.874
v -4.33631 -14.9017 14.2005
v -4.03511 -13.8293 -8.87007
v -4.08045 -14.1626 1.74562
v -4.48636 -13.9227 10.6804
v -4.52499 -13.6638 11.5181
v -4.17427 -14.2383 12.7547
v -4.14732 -11.9247 -9.12218
v -4.15033 -13.0163 1.49117
v -4.20761 -11.6669 1.1373
v -4.27721 -9.77771 -9.40685
v -4.29586 -10.1216 0.684052
v -4.45862 -8.38732 0.131438
v -4.414 -7.53545 -9.70421
v -3.77955 -6.29444 -0.357136
v -4.14943 -5.32771 -10.1506
v -3.84339 -3.32611 -10.5551
v -4.07808 -4.40853 -1.14137
v -4.35203 -2.67906 -1.96173
v -3.90207 -1.72339 -10.713
v -4.13671 -1.08003 -2.84564
v -3.92008 -0.468595 -10.7584
v -3.89583 0.211951 -3.73762
v -3.88958 0.472002 -10.6691
v -4.27833 0.932591 -10.3614
v -4.05156 1.61456 -5.20889
v -3.97313 1.03939 -4.49073
v -4.00161 2.51911 -11.0528
v -4.07396 2.09009 -10.1698
v -4.02684 2.14753 -9.44983
v -4.06898 2.27933 -8.55303
v -4.20106 2.20065 -7.81042
v -4.21817 2.21445 -6.90718
v -4.14721 2.0084 -6.21771
v -4.14742 2.01774 -5.53982
v -4.1089 2.05793 -4.53441
v -3.9993 2.10404 -3.35703
v -4.13336 2.33331 -1.9414
v -4.29239 2.66392 -0.505783
v -3.89844 2.69711 0.662392
v -4.11847 3.94301 -13.2762
v -4.04775 3.38936 -12.556
v -4.05547 2.90166 -11.7956
v -4.52067 3.05596 0.6987
v -4.23667 3.06714 1.40581
v -4.16461 3.20472 2.09215
v -4.15218 3.46708 2.89789
v -3.75908 5.19878 -14.7963
v -4.27101 4.93696 -14.3166
v -4.43177 4.57731 -13.8662
v -4.19391 4.60606 4.37644
v -4.24059 5.90794 -15.2187
v -4.25437 6.97415 -15.9467
v -3.7974 7.16106 6.11773
v -4.12069 8.36685 -16.6402
v -3.93852 8.29663 6.48635
v -4.13334 9.71851 -17.006
v -3.93459 9.47551 6.75604
v -4.12119 11.0716 -17.289
v -3.95508 10.4418 6.73339
v -4.10056 12.1917 -17.451
v -4.15483 11.6683 6.41898
v -4.07599 13.0647 -17.5077
v -4.40504 13.012 5.95204
v -4.04038 14.0761 -17.5105
v -4.57692 14.3297 5.47182
v -3.97723 15.6587 -17.4182
v -3.9167 17.0954 -17.2404
v -4.20163 18.1026 -16.8355
v -3.78352 18.9098 -16.525
v -4.35863 19.1508 -16.081
v -4.30053 19.9524 -15.2329
v -4.23799 19.7691 2.39589
v -3.99234 19.7592 2.69514
v -4.28901 20.5157 -14.4782
v -4.27805 21.0652 -13.6465
v -3.98904 21.0786 -0.053663
v -4.4663 20.9231 0.239474
v -4.46989 20.9098 1.36285
v -4.43211 20.401 1.96251
v -4.05923 20.5608 2.94349
v -4.06333 21.5813 -12.8625
v -3.99614 22.0109 -12.0319
v -4.0801 22.3845 -11.1686
v -4.4266 22.056 -0.79451
v -3.98658 21.4369 -0.0746153
v -4.08247 21.7219 0.351156
v -4.16601 21.9421 3.72488
v -4.06177 22.2266 4.23372
v -4.02858 22.6653 -10.3597
v -4.10886 22.872 -9.52276
v -4.19975 23.0125 -8.70958
v -3.95542 23.1125 -7.80971
v -4.23299 23.1252 -6.83778
v -4.1547 23.0795 -6.18378
v -3.99143 23.0978 -5.36866
v -3.71153 23.046 -4.64006
v -4.45176 22.8851 -3.69575
v -4.08147 22.7134 -2.73895
v -3.89952 22.7999 0.647124
v -4.25407 23.2652 1.01229
v -4.10045 22.5988 4.5266
v -4.1699 24.1397 1.08961
v -3.81866 25.8998 0.773092
v -3.90571 25.6681 1.16192
v -3.79173 26.281 0.782269
v -3.82799 26.3747 1.23634
v -3.19077 -19.75 -7.0542
v -3.13151 -20.1667 -6.25227
v -3.25472 -20.3207 -5.31905
v -3.3821 -20.2408 -4.435
v -3.1219 -20.0758 -3.76711
v -3.14992 -19.6418 -2.68982
v -3.34787 -19.3416 -2.04965
v -3.0146 -18.0957 -8.29246
v -3.32002 -18.7314 -7.83778
v -3.36733 -18.7756 -0.917713
v -3.32196 -18.4125 -0.289216
v -3.37869 -17.9664 0.313176
v -3.55766 -18.2112 10.6485
v -3.43685 -18.2804 11.4279
v -3.36067 -18.3561 12.0412
v -3.34878 -18.4397 12.8493
v -3.5078 -18.5409 13.6917
v -3.13545 -16.9125 -8.62631
v -3.38558 -17.0787 1.17702
v -3.65366 -16.9437 8.04668
v -3.50692 -17.3783 9.59422
v -3.25586 -17.136 10.7021
v -3.11887 -17.206 11.5093
v -3.04673 -17.2932 12.138
v -3.08629 -17.3987 12.9611
v -3.43753 -17.3966 13.8591
v -3.62578 -17.0658 14.2196
v -3.23241 -15.4924 -8.89226
v -2.96504 -15.991 1.85881
v -3.64718 -16.5106 8.00634
v -3.46398 -16.1327 9.59012
v -3.2997 -16.0609 10.7444
v -3.20164 -16.0554 11.5766
v -3.1793 -16.0898 12.2123
v -3.24219 -16.1378 12.7768
v -3.4811 -16.3977 13.5634
v -3.65845 -16.4838 14.1776
v -3.13001 -15.1507 1.99764
v -3.61114 -15.1997 10.7469
v -3.5662 -15.0983 11.5897
v -3.59436 -15.0572 12.2267
v -3.70063 -15.0621 12.7831
v -3.32485 -13.8286 -9.14456
v -3.22092 -14.1755 1.91388
v -3.42111 -11.9198 -9.40656
v -3.2689 -13.0178 1.67288
v -3.30512 -11.6302 1.34
v -3.52953 -9.76434 -9.70164
v -3.37957 -10.0225 0.897352
v -3.54221 -8.20485 0.327039
v -3.2473 -7.52236 -10.1351
v -2.90603 -6.08582 -0.353241
v -2.93866 -5.34262 -10.5684
v -3.0227 -3.36625 -10.821
v -3.22913 -4.13855 -1.19928
v -3.54148 -2.36989 -2.0904
v -3.10365 -1.76654 -10.9733
v -3.16599 -0.511295 -11.0053
v -3.01678 -0.696697 -3.16641
v -3.18439 0.798925 -10.7844
v -3.3501 1.23774 -4.73658
v -3.21023 0.427545 -3.98288
v -3.29207 2.52343 -11.192
v -3.14565 2.22416 -10.2072
v -3.28495 2.19184 -9.38905
v -3.22627 2.23351 -8.55314
v -3.38731 2.23723 -7.83274
v -3.20262 2.16857 -7.00219
v -3.37045 2.09883 -6.04223
v -3.22432 1.87455 -5.56385
v -3.23711 1.84752 -4.78529
v -3.40309 1.90907 -3.50077
v -3.21867 1.9614 -2.13821
v -3.34036 2.18829 -0.650514
v -3.25313 2.37492 0.68644
v -3.70425 2.81874 1.64057
v -3.03007 2.50785 1.80921
v -3.07042 2.75722 2.67003
v -3.15446 3.9097 -13.6396
v -3.4238 3.35738 -12.7936
v -3.40423 2.9094 -12.0249
v -3.29498 3.12292 3.32597
v -3.62456 3.60486 3.83413
v -3.29235 5.20507 -14.9481
v -3.36482 4.53325 -14.273
v -3.10186 4.51547 5.26933
v -3.38983 5.90176 -15.4998
v -3.40276 5.40496 5.59418
v -3.63093 6.30414 5.86742
v -3.47103 7.32422 -16.3954
v -3.44651 6.61312 -15.9875
v -3.46341 8.3621 -16.828
v -3.38575 10.0494 -17.2985
v -3.42426 9.37942 -17.1373
v -3.32204 11.0679 -17.5228
v -3.25126 12.188 -17.6986
v -3.19862 13.0611 -17.7628
v -3.14133 14.0732 -17.7719
v -2.93137 14.2151 6.12378
v -3.06227 15.658 -17.6847
v -3.08502 15.4938 5.54715
v -3.00625 17.0986 -17.5062
v -3.18741 16.706 4.90255
v -2.99505 17.8221 -17.3326
v -2.98416 18.4095 -17.0954
v -3.25557 17.8285 4.20837
v -2.95266 18.9233 -16.7712
v -3.27832 19.4194 -16.215
v -3.51104 19.9712 -15.523
v -2.86076 19.7758 2.46511
v -3.25641 19.7632 2.70114
v -3.30655 18.838 3.48297
v -3.29675 20.5499 -14.8504
v -3.04531 21.1139 -14.1134
v -3.63053 21.103 -13.8997
v -3.19532 21.1115 -0.0521748
v -2.86559 21.0881 0.125142
v -3.56157 20.9939 1.28618
v -3.42504 20.4251 2.01204
v -3.14474 20.5974 2.97381
v -3.35492 21.6172 -13.1351
v -3.07241 22.0463 -12.3789
v -3.42296 22.139 -11.9605
v -3.52423 22.3469 -11.3497
v -3.42841 22.217 -1.12236
v -3.25732 21.5057 -0.1558
v -3.04484 21.6895 0.325203
v -3.21646 21.9163 3.72872
v -3.40769 22.4098 4.45682
v -3.00743 22.6391 -10.7109
v -3.18279 22.72 -10.2303
v -3.1392 22.9328 -9.32089
v -3.29674 23.0506 -8.54759
v -3.21792 23.1212 -7.5964
v -3.22317 23.107 -6.83202
v -3.17638 23.1189 -6.04996
v -3.01022 23.0914 -5.15825
v -3.36496 22.9242 -3.71443
v -3.00003 22.7335 -2.75773
v -3.69577 22.4589 -1.78304
v -3.28937 22.7535 0.658889
v -3.16036 23.3806 1.04383
v -3.18989 22.7562 4.582
v -3.01236 23.3432 5.44221
v -2.99068 23.5526 5.93313
v -3.23361 24.4082 1.10328
v -2.99861 23.9366 5.49926
v -2.93369 23.9311 5.91028
v -3.41369 25.8157 0.735972
v -3.32094 25.647 1.23979
v -3.41007 26.3363 0.749505
v -3.36559 26.3931 1.27072
v -2.09004 -19.7484 -7.44702
v -2.51148 -19.9615 -6.89019
v -2.10607 -20.3533 -5.75578
v -2.56882 -20.3539 -5.59064
v -2.34734 -20.2578 -4.57118
v -2.35701 -20.0105 -3.67678
v -2.35735 -19.6434 -2.74746
v -2.54795 -19.2615 -1.84146
v -2.36692 -18.0939 -8.51802
v -2.24868 -19.0478 -8.04886
v -2.39456 -18.9359 -1.18569
v -2.28305 -18.537 -0.501872
v -2.53 -18.032 0.255122
v -2.45477 -16.9099 -8.8588
v -1.9608 -17.4347 0.838572
v -2.47808 -16.9668 1.28921
v -2.52774 -15.4896 -9.12783
v -2.15665 -15.9985 1.79797
v -2.27558 -15.1703 1.94165
v -2.60129 -13.8272 -9.38175
v -2.38883 -13.0373 1.64074
v -2.34681 -14.2023 1.86519
v -2.67893 -11.9225 -9.64621
v -2.42014 -11.6178 1.34045
v -2.37127 -9.78993 -10.0376
v -2.49244 -9.9574 0.92577
v -2.04345 -7.59371 -10.448
v -2.65744 -8.06941 0.358158
v -2.0814 -5.93927 -0.457599
v -2.10988 -5.4342 -10.7629
v -2.19004 -3.48132 -11.022
v -2.41897 -3.94718 -1.34689
v -2.7572 -2.14995 -2.28761
v -2.29623 -1.89062 -11.1741
v -2.02708 -2.02413 -2.51918
v -2.44949 -0.159585 -11.1407
v -2.32227 -0.56771 -3.41005
v -2.52879 1.04976 -10.8422
v -2.29087 1.35067 -5.17539
v -2.31961 0.571552 -4.32523
v -2.38223 2.51446 -11.639
v -2.53317 2.27447 -10.8234
v -2.48798 2.0618 -10.1745
v -2.37723 2.15353 -9.39234
v -2.4507 2.38647 -8.59145
v -2.46229 2.35328 -7.64475
v -2.48046 2.19714 -6.9006
v -2.29746 1.88989 -6.04011
v -2.48039 1.78635 -5.03917
v -2.56445 1.76441 -3.74862
v -2.34983 1.74222 -2.36472
v -2.43201 1.84267 -0.829629
v -2.30815 1.98407 0.581543
v -2.3523 2.21653 1.83491
v -2.30968 2.44399 2.79007
v -2.40944 2.76703 3.57639
v -2.3226 3.68514 -13.5559
v -2.56209 3.12226 -12.725
v -2.68603 3.45787 4.55744
v -2.44862 5.26755 -15.1655
v -2.35873 4.61939 -14.5836
v -2.09313 4.86038 6.49029
v -2.46659 5.94237 -15.6982
v -2.25935 5.73317 6.81449
v -2.36596 7.32498 -16.5657
v -2.43243 6.6321 -16.1692
v -2.38387 6.92697 7.28059
v -2.68074 8.3544 -16.9723
v -2.30792 8.38245 7.84692
v -2.53339 9.70337 -17.3774
v -2.35878 11.0548 -17.6996
v -2.22311 12.1737 -17.887
v -2.37338 11.4308 7.27967
v -2.13576 13.0468 -17.9578
v -2.70224 12.8631 6.68408
v -2.05425 14.0599 -17.9721
v -1.98602 15.1288 -17.9331
v -1.96334 18.4279 -17.2888
v -1.95825 17.7744 4.29807
v -1.96725 19.1972 -16.7498
v -2.74417 19.9804 -15.767
v -2.43133 19.8916 2.28284
v -2.64938 19.7596 2.66846
v -2.09538 18.7959 3.51389
v -2.55079 20.5523 -15.0996
v -2.30405 21.1079 -14.3701
v -2.79682 21.1025 -0.0108504
v -2.27066 20.9609 0.572864
v -2.13059 20.6069 1.3362
v -2.26282 20.3639 2.13074
v -2.62057 20.2774 2.71564
v -2.39351 21.6212 -13.4825
v -2.47559 22.0572 -12.5966
v -2.48264 22.4004 -11.7451
v -2.49303 22.2954 -1.4421
v -2.43242 21.5352 -0.172515
v -2.50633 21.4384 0.436117
v -2.29683 21.7919 1.18768
v -2.2037 21.7597 2.08276
v -2.44759 21.782 2.96279
v -2.53066 22.0521 3.46188
v -2.50745 22.6675 -10.9025
v -2.43505 22.8598 -10.1114
v -2.53287 22.9654 -9.26197
v -2.43943 23.0416 -8.53813
v -2.37331 23.0778 -7.83032
v -2.1872 23.0869 -7.07162
v -2.35772 23.0932 -6.08365
v -2.4044 23.0808 -5.36514
v -2.32271 22.9965 -4.45737
v -2.4109 22.8986 -3.69175
v -2.17206 22.7591 -3.05339
v -2.74966 22.5451 -2.11278
v -2.4646 23.1144 1.45826
v -2.19936 22.9096 2.04701
v -2.1469 22.8375 2.85939
v -2.21528 22.9775 3.71803
v -2.38131 23.2097 4.50329
v -2.51515 23.3248 5.38164
v -2.60075 23.4412 5.96648
v -2.45667 24.1087 1.5546
v -2.07806 23.8272 2.039
v -2.4958 23.998 5.46007
v -2.56324 23.9041 5.95928
v -1.53044 -19.7297 -7.61797
v -1.62713 -20.1645 -6.78914
v -1.41021 -20.3454 -5.99875
v -1.62054 -20.3193 -5.09483
v -1.37383 -20.1428 -4.39455
v -1.58196 -19.8947 -3.5859
v -1.35454 -19.5825 -2.96486
v -1.49215 -19.3108 -2.20524
v -1.67069 -18.551 -8.46778
v -1.46698 -18.9832 -1.4923
v -1.45095 -18.3173 -0.377611
v -1.94924 -18.0535 0.133027
v -1.7585 -16.8891 -9.04759
v -1.31728 -17.4386 0.677076
v -1.30623 -16.7388 1.26313
v -1.35419 -16.0076 1.61755
v -1.80537 -15.4706 -9.31388
v -1.42486 -15.1893 1.7519
v -1.47386 -13.7982 -9.61892
v -1.5054 -13.6437 1.57391
v -1.52234 -11.9222 -9.87877
v -1.5692 -11.6167 1.20416
v -1.16993 -9.84389 -10.2318
v -1.65136 -9.91735 0.822284
v -1.21587 -7.68632 -10.5533
v -1.82381 -7.97709 0.266912
v -1.32858 -5.85532 -0.635209
v -1.26824 -5.57799 -10.8742
v -1.3506 -3.66364 -11.1408
v -1.11369 -3.80058 -1.74254
v -1.67326 -3.83769 -1.55049
v -1.48652 -2.08799 -11.2995
v -1.11613 -2.03536 -2.90768
v -1.6452 -0.830562 -11.3301
v -1.3491 -1.99275 -2.78657
v -1.45087 0.00439376 -11.2488
v -1.52345 -0.551288 -3.74803
v -1.46999 0.843962 -10.8912
v -1.52129 1.39535 -10.3958
v -1.54072 1.36399 -5.43078
v -1.62731 0.560705 -4.61764
v -1.3652 2.63 -11.9957
v -1.6427 2.31004 -11.1476
v -1.51341 2.04914 -10.2787
v -1.50224 2.05166 -9.30692
v -1.53486 2.14779 -8.65735
v -1.55354 2.05081 -7.70944
v -1.46582 2.04388 -7.03807
v -1.68388 1.91401 -6.38003
v -1.45554 1.83308 -5.43446
v -1.28679 1.75678 -4.20051
v -1.84553 1.72346 -3.99026
v -1.59936 1.67807 -2.60691
v -1.59362 1.68892 -1.06005
v -1.40539 1.74402 0.393716
v -1.68699 1.98155 1.76915
v -1.56088 2.18506 2.79099
v -1.53632 2.46029 3.68645
v -1.529 2.78198 4.5476
v -1.90887 4.05743 -14.0497
v -1.38934 3.59804 -13.4994
v -1.65199 2.99302 -12.6609
v -1.3956 3.13902 5.5833
v -1.83198 3.99217 6.11652
v -1.50656 4.79916 -14.793
v -1.35628 4.21651 -14.2104
v -1.44538 6.03601 -15.7921
v -1.52515 5.40743 -15.3216
v -1.10112 6.398 8.52652
v -1.12414 7.33289 -16.5421
v -1.30059 6.6796 -16.2003
v -1.803 8.34141 -17.021
v -1.55025 9.68103 -17.4234
v -1.84204 9.76549 8.04918
v -1.26288 11.0271 -17.752
v -1.21619 12.7898 6.94112
v -1.46629 14.1461 6.34511
v -1.93854 16.1698 -17.8444
v -1.6567 15.4285 5.73167
v -1.91924 17.0987 -17.7091
v -1.81635 16.6449 5.04333
v -1.93558 17.8316 -17.5305
v -1.87288 19.9897 -15.9846
v -1.21521 19.6656 2.53029
v -1.71518 20.5419 -15.3417
v -1.47001 21.0734 -14.6386
v -1.69184 21.0513 0.853438
v -1.85374 20.5868 1.41694
v -1.1669 21.5574 -13.9082
v -1.71129 22.0386 -12.8714
v -1.39291 22.3847 -12.1401
v -1.67871 22.3165 -1.72945
v -1.41938 21.9866 -1.01026
v -1.14839 21.5663 -0.230512
v -1.88101 22.6792 -11.1312
v -1.596 22.8812 -10.4228
v -1.33069 23.0166 -9.73347
v -1.49478 23.1131 -8.46627
v -1.56228 23.1082 -7.86678
v -1.34919 23.0903 -6.84382
v -1.58355 23.062 -6.20331
v -1.42227 22.9919 -5.30551
v -1.36378 22.9119 -4.45775
v -1.47217 22.7894 -3.55222
v -1.60939 22.5643 -2.521
v -1.8166 23.311 2.97392
v -1.82741 24.4705 2.25288
v -1.45604 24.5464 2.99136
v -1.38873 24.7617 3.50672
v -1.4579 25.3209 2.97841
v -1.36875 25.2693 3.52495
v -0.65005 -19.6196 -7.76261
v -0.583297 -20.0578 -7.03569
v -0.46214 -20.2546 -6.26739
v -0.731227 -20.2892 -5.40097
v -0.498479 -20.1168 -4.70557
v -0.488637 -19.717 -3.55253
v -0.779839 -19.4097 -2.7682
v -0.996903 -19.2619 -2.39417
v -0.784859 -18.6154 -8.51928
v -0.689922 -18.9447 -1.78184
v -0.623764 -18.5407 -1.05706
v -0.465306 -18.0381 -0.359808
v -0.657208 -16.7796 -9.17287
v -0.298292 -17.9022 -8.84474
v -0.489349 -17.4345 0.400254
v -0.616323 -16.7388 1.04829
v -0.587521 -16.01 1.3815
v -0.664095 -15.3741 -9.43305
v -0.606391 -15.1956 1.50264
v -0.282821 -13.7113 -9.67938
v -0.678931 -13.6528 1.33298
v -0.305836 -11.8936 -9.9354
v -0.76884 -11.6137 0.996632
v -0.331723 -9.88453 -10.235
v -0.582343 -9.89131 0.550469
v -0.365749 -7.80253 -10.5582
v -0.36748 -7.92161 -0.125259
v -1.06083 -7.92399 0.0954176
v -0.413181 -5.76592 -10.885
v -0.502552 -5.855 -0.920495
v -0.506562 -3.90527 -11.1623
v -0.659508 -3.82669 -1.92677
v -0.678435 -2.35117 -11.3369
v -0.890859 -1.09305 -11.3856
v -0.859236 -1.99204 -2.96139
v -0.533809 -0.0633842 -11.1874
v -0.504332 -0.565078 -4.05881
v -1.04606 -0.521889 -3.88519
v -0.690385 0.775758 -10.7182
v -0.619085 1.06305 -10.2452
v -0.492426 1.35894 -9.39839
v -0.310231 1.61998 -6.54406
v -0.553208 1.24179 -5.73471
v -0.834186 0.553478 -4.84313
v -0.87633 1.64451 -1.29039
v -0.240564 2.63452 -11.625
v -0.700007 2.3802 -11.1233
v -0.526284 2.20197 -10.0634
v -0.725708 2.02075 -9.18005
v -0.599814 2.0149 -8.63571
v -0.759533 1.94603 -7.75122
v -0.61944 1.89664 -6.89574
v -0.707344 1.80263 -6.05949
v -0.873611 1.79429 -5.61881
v -0.831735 1.77834 -4.36988
v -0.578101 1.72251 -2.97791
v -0.403846 1.66622 -1.45839
v -0.628689 1.67203 0.174546
v -0.759605 1.80467 1.59999
v -0.846964 2.02765 2.73409
v -0.716387 2.26358 3.69346
v -0.579288 2.50314 4.62921
v -0.271261 2.61888 5.63198
v -0.282634 2.86103 6.92893
v -0.399339 3.69412 -13.4437
v -0.668767 3.04752 -12.6108
v -0.680253 3.47676 7.20594
v -0.653359 5.02293 -14.886
v -0.523208 4.52361 -14.3955
v -0.961152 4.60943 7.70654
v -0.739843 6.09555 -15.7508
v -0.589396 5.54729 -15.3139
v -1.07821 5.73765 8.19005
v -0.384195 7.00465 -16.2353
v -0.948844 7.31616 8.95362
v -0.860486 8.32078 -16.9222
v -0.41681 8.09166 9.20558
v -0.388542 9.9736 -17.3768
v -0.586218 9.31255 -17.2132
v -0.368385 9.8498 8.31111
v -0.877451 11.3513 7.5772
v -1.04734 12.1432 -17.9457
v -0.919452 13.0163 -18.0201
v -0.81331 14.0312 -18.0367
v -0.209014 14.1108 6.2672
v -0.715847 15.6293 -17.9545
v -0.419877 15.3934 5.63721
v -0.6984 17.0953 -17.7731
v -0.617553 16.6094 4.93219
v -0.791728 18.1524 -17.471
v -1.00684 18.7646 3.3624
v -0.810417 17.7395 4.16847
v -0.934518 19.2352 -16.8336
v -0.335831 19.643 2.28366
v -0.957957 20.001 -16.1247
v -0.731152 20.7566 -15.2118
v -0.549298 21.0342 0.475528
v -0.599585 20.4067 1.43529
v -0.269287 21.4384 -14.205
v -0.83538 21.967 -13.1837
v -0.491262 22.3046 -12.4671
v -0.492235 22.2684 -2.17358
v -0.586781 21.9646 -1.31503
v -0.510137 21.5506 -0.460114
v -0.92545 22.7573 -11.0722
v -0.49922 22.9932 -10.0372
v -0.665318 23.0861 -9.26514
v -0.736915 23.1412 -8.46149
v -0.791447 23.1095 -7.63455
v -0.649516 23.1169 -6.94841
v -0.735447 23.0854 -6.06882
v -0.828276 22.9921 -5.18139
v -0.878662 22.8431 -4.2705
v -0.690107 22.7051 -3.60625
v -0.581605 22.5156 -2.9079
v -0.964314 24.7168 3.0189
v -1.05847 24.7671 3.48911
v -0.915423 25.255 3.05674
v -0.942835 25.1717 3.45089
v 0.299265 -19.3708 -7.7248
v 0.253628 -19.8394 -7.07776
v 0.337655 -20.0774 -6.05972
v 0.230474 -20.0605 -5.2103
v 0.183647 -19.8282 -4.22401
v 0.440746 -19.546 -3.61199
v 0.26069 -19.295 -2.83417
v 0.386874 -18.6509 -8.27302
v 0.0949731 -18.981 -2.04971
v 0.189001 -18.5684 -1.33451
v 0.119863 -18.0483 -0.561006
v 0.479349 -17.6984 -8.71406
v 0.144399 -17.0613 0.451809
v 0.539585 -16.5317 -9.0396
v 0.195306 -16.6902 0.707821
v 0.312053 -15.9859 1.03782
v 0.570247 -15.159 -9.30087
v 0.2634 -15.1723 1.17385
v 0.573999 -13.5884 -9.54914
v 0.400997 -13.0653 0.845364
v 0.171917 -13.8387 1.06288
v 0.561422 -11.8356 -9.81157
v 0.17695 -11.62 0.676918
v 0.543097 -9.91662 -10.1153
v 0.138327 -9.90628 0.303173
v 0.510688 -7.93388 -10.4433
v 0.00466609 -7.93232 -0.263204
v 0.455861 -5.98988 -10.7783
v 0.22352 -5.84029 -1.17744
v 0.339902 -4.19825 -11.0715
v 0.178986 -3.83501 -2.2115
v 0.124096 -2.67265 -11.2737
v 0.54702 -2.14517 -3.46679
v 0.201011 -1.58544 -11.3008
v -0.165069 -2.02144 -3.18368
v 0.268646 -0.317118 -10.9795
v 0.499036 0.217128 -10.2832
v 0.657399 0.361239 -9.77704
v 0.504298 0.218322 -5.3079
v 0.187838 -0.692058 -4.31005
v -0.127906 0.425106 -10.7328
v -0.0669839 0.702581 -10.2878
v 0.224131 0.926895 -9.38013
v 0.227047 1.24368 -8.57682
v 0.342502 1.40477 -7.68559
v 0.291202 1.34827 -6.70889
v 0.0852101 1.04526 -5.93903
v -0.182217 0.431932 -5.06349
v 0.300378 2.6263 -11.1059
v 0.272085 2.42304 -10.2514
v 0.224171 2.34349 -9.37836
v 0.158645 2.1532 -8.71693
v 0.142494 2.02287 -7.89693
v 0.0334136 1.79011 -7.16533
v 0.202708 1.82465 -6.00525
v 0.114579 1.7331 -4.69221
v 0.350044 1.67382 -3.29937
v -0.00603691 1.68507 -3.17459
v 0.136704 1.69753 -1.65451
v -0.146145 1.69741 -1.55319
v 0.372305 1.71441 -0.158479
v 0.224431 1.75489 1.35144
v 0.357676 1.92408 2.53458
v -0.197563 1.94844 2.64131
v 0.330352 2.1395 3.59503
v 0.250306 2.33675 4.59758
v 0.583401 2.40673 5.60203
v 0.372096 2.48335 6.79238
v 0.64805 2.47456 8.14189
v 0.347059 3.781 -13.3167
v 0.0722561 3.11996 -12.4729
v 0.356494 2.88913 -11.8195
v 0.241427 3.23795 8.51474
v 0.0543791 5.17825 -14.8563
v 0.297754 4.54627 -14.1911
v 0.0595221 4.16086 8.95276
v 0.0245061 4.78419 9.26585
v -0.0445509 6.09967 -15.6115
v 0.445513 5.76285 -15.225
v 0.0416016 5.59636 9.7357
v 0.247487 6.28155 10.0997
v 0.435151 6.94651 -15.9986
v 0.608272 6.61034 10.2032
v 0.107966 8.27061 -16.6981
v 0.392684 8.30442 9.20065
v 0.474112 9.24645 -16.9514
v 0.504421 10.0667 7.27179
v 0.456382 9.98427 7.86259
v -0.0658129 10.9793 -17.613
v 0.447854 10.8105 7.16663
v 0.395626 10.6899 7.83778
v 0.244798 12.091 -17.804
v 0.418241 12.9642 -17.8771
v 0.0404471 12.7628 6.87413
v 0.586897 14.5229 -17.8716
v 0.650397 16.1261 -17.7605
v 0.593089 15.3781 5.38808
v 0.613529 17.0881 -17.6222
v 0.372039 16.5907 4.68353
v 0.510435 17.8676 -17.4407
v 0.366316 18.5075 -17.2085
v 0.261659 18.731 2.99216
v 0.146114 17.7174 3.92188
v 0.131084 19.2949 -16.741
v 0.342315 19.621 2.04326
v 0.154994 20.296 -15.8091
v 0.223317 20.8717 -15.0857
v 0.547045 20.9675 0.0515366
v 0.288939 20.994 0.162078
v 0.266413 20.3744 1.12345
v 0.615549 21.2385 -14.4818
v 0.0962671 21.8192 -13.5141
v 0.472257 22.1397 -12.8199
v 0.501878 22.3063 -2.51069
v 0.114989 22.1117 -1.97973
v 0.170587 21.7145 -1.16608
v 0.0691584 21.5129 -0.686006
v -0.150371 22.5722 -11.7607
v 0.17147 22.7719 -11.0667
v 0.458442 22.906 -10.3872
v 0.0820964 23.1205 -8.50466
v 0.233502 23.0858 -7.7498
v 0.200523 23.1236 -7.05131
v -0.00314091 23.0957 -6.23139
v 0.236586 23.0057 -5.36612
v 0.13589 22.8967 -4.60372
v 0.0347671 22.7512 -3.84569
v 0.0606111 22.5517 -3.12259
v 1.26067 -19.3936 -6.84313
v 1.26645 -19.6171 -6.11797
v 1.34067 -19.5654 -5.42098
v 1.29839 -19.4572 -4.30896
v 1.10327 -19.4296 -3.87079
v 0.940312 -19.2313 -3.09277
v 1.48517 -18.1324 -8.20844
v 1.25624 -18.531 -7.72546
v 1.11122 -18.628 -6.98098
v 1.3185 -18.69 -6.18063
v 1.39029 -19.1458 -3.27525
v 1.24361 -18.908 -2.49538
v 0.937624 -18.7519 -1.99578
v 1.2271 -18.0544 -0.979474
v 1.35216 -17.5842 -8.32911
v 1.35202 -17.3024 -7.7703
v 1.30405 -17.4625 -6.95768
v 1.46905 -17.5707 -6.18106
v 1.05498 -17.4359 -0.158153
v 1.03923 -16.7364 0.457475
v 1.36171 -16.2806 -8.7681
v 1.22603 -16.0074 0.734301
v 1.41343 -14.942 -9.03521
v 1.31524 -15.1928 0.816869
v 0.694721 -15.1883 1.03707
v 1.42852 -13.4255 -9.29566
v 1.26002 -13.65 0.64103
v 0.672729 -14.2345 0.961887
v 1.41994 -11.7495 -9.5718
v 1.11144 -11.6109 0.325615
v 1.4006 -9.93215 -9.88592
v 0.961938 -9.89084 -0.0150304
v 1.35987 -8.0594 -10.2236
v 1.45674 -7.97234 -0.90382
v 0.757437 -7.92136 -0.553467
v 1.28709 -6.21702 -10.5705
v 1.19221 -5.93453 -1.62586
v 1.14021 -4.50093 -10.8834
v 1.53684 -3.30903 -10.8828
v 0.885391 -3.9424 -2.52612
v 1.01905 -2.5414 -11.0839
v 1.27952 -2.36292 -3.81087
v 1.33473 -0.970428 -11.6997
v 1.17485 -1.18786 -10.9178
v 1.29559 -1.22148 -10.2709
v 1.40248 -1.12013 -9.37133
v 0.907266 -0.915348 -4.60185
v 1.4058 -0.0607454 -12.4272
v 1.1137 0.120632 -11.8847
v 1.01727 0.0238711 -10.9791
v 1.20171 -0.0491489 -10.2095
v 1.39695 -0.329364 -9.50151
v 1.18274 -0.0807062 -5.57891
v 1.4843 0.558899 -12.2838
v 1.29222 0.580545 -11.8152
v 1.32474 0.614025 -11.0401
v 1.46101 0.491491 -10.3495
v 0.85714 0.458516 -9.2171
v 1.06097 0.557767 -8.64578
v 1.13476 0.795037 -7.82524
v 1.123 0.844044 -6.95597
v 1.02485 0.599748 -6.26608
v 0.800464 2.6897 -10.6628
v 0.996097 2.66805 -10.0921
v 1.09716 2.64404 -9.51911
v 1.06781 2.38799 -8.64877
v 1.25496 2.21553 -7.50435
v 0.688618 2.02474 -7.26566
v 1.01568 1.96913 -6.33584
v 1.12956 1.85688 -5.09763
v 1.05302 1.71807 -3.56789
v 1.07129 1.65492 -1.99103
v 1.03894 1.67912 -0.400893
v 1.02144 1.79473 1.09472
v 1.24157 1.96478 2.31004
v 1.27181 2.13211 3.44066
v 1.18969 2.27932 4.50029
v 1.28413 2.33154 5.54748
v 1.1079 2.28706 6.72645
v 1.14426 2.18367 7.98256
v 1.21971 2.40533 9.47331
v 1.00208 3.62127 -12.7681
v 0.978122 3.20781 -12.018
v 1.32838 3.04287 -11.1338
v 0.951004 3.547 10.1408
v 0.749434 5.28596 -14.7519
v 1.17644 4.93758 -14.281
v 0.961519 4.14636 -13.5092
v 0.925209 4.2472 10.5876
v 1.17315 4.95469 11.0123
v 1.01199 6.51759 -15.5739
v 1.21035 5.74202 -14.9678
v 1.42088 7.07968 -15.7529
v 1.21907 6.79032 10.1522
v 1.21334 8.48585 -16.4474
v 0.913733 7.85215 -16.2943
v 1.32728 8.36649 9.07644
v 1.12565 9.51761 -16.8416
v 0.933346 10.0701 7.31294
v 0.949581 9.95682 7.92198
v 0.784477 10.1353 8.3213
v 1.16481 10.9015 -17.3217
v 0.953968 10.8834 7.18687
v 1.06021 10.7576 7.87698
v 0.83433 10.3225 8.3341
v 1.05504 12.7529 6.63403
v 0.813131 14.0972 6.02143
v 1.34985 15.3717 5.10864
v 1.11548 16.5801 4.41178
v 1.45728 18.6732 2.521
v 1.24023 18.6884 2.61639
v 1.0938 17.6945 3.57378
v 1.31167 19.1428 -16.6362
v 1.04047 19.6381 -16.3283
v 1.29534 19.5766 1.67714
v 0.952717 19.5838 1.80239
v 1.13665 20.183 -15.7878
v 1.19254 20.7922 -15.0337
v 0.993292 20.9997 -0.0803491
v 0.994409 20.3389 0.844087
v 0.749312 20.3376 0.927976
v 1.23492 21.7177 -13.5122
v 0.840753 22.3987 -12.1273
v 1.13984 22.3181 -2.73354
v 1.07786 21.9786 -1.89975
v 1.0423 21.5461 -1.00931
v 1.33367 22.6607 -11.1037
v 0.804581 23.007 -9.48092
v 1.15638 23.0115 -8.38965
v 1.31322 23.0074 -7.95011
v 0.69544 23.0949 -6.80732
v 0.867899 23.0526 -6.27432
v 1.18597 22.9308 -5.33852
v 1.0956 22.7516 -4.21943
v 0.904501 22.573 -3.41557
v 2.23274 -19.3677 -8.40596
v 1.96939 -19.5049 -7.63757
v 2.01112 -19.7411 -6.89208
v 2.06605 -19.8551 -6.17434
v 1.96783 -19.6798 -5.35334
v 2.12363 -19.5046 -4.73874
v 2.36508 -18.3716 -9.08468
v 1.93536 -18.4371 -8.48008
v 1.76632 -18.8728 -7.88436
v 1.81955 -18.8107 -6.9787
v 2.02823 -18.5689 -5.98186
v 1.87389 -18.6806 -5.30773
v 2.12952 -18.7933 -4.46292
v 2.06568 -18.8999 -3.58074
v 1.9292 -18.7679 -2.80789
v 1.83648 -18.4833 -2.03399
v 2.02168 -18.0254 -1.36924
v 2.35232 -17.4012 -9.10099
v 2.04889 -17.3788 -8.67245
v 2.00871 -17.1256 -8.07962
v 1.87687 -17.1509 -6.93064
v 1.77546 -17.0647 -5.97454
v 2.02888 -17.3965 -5.23037
v 2.18577 -17.78 -4.77302
v 2.16489 -17.0797 -0.3509
v 1.70928 -16.7344 0.186987
v 2.14528 -16.2356 -8.54741
v 1.9654 -16.0762 -7.81505
v 2.01969 -16.2769 -6.91427
v 2.12599 -16.5179 -6.19878
v 1.96892 -16.0028 0.431635
v 2.20783 -14.6936 -8.65435
v 2.10657 -15.1842 0.491633
v 2.22831 -13.2357 -8.93152
v 2.05226 -13.6385 0.304286
v 2.21632 -11.6391 -9.22798
v 1.86236 -11.6118 -0.0204684
v 2.18687 -9.92314 -9.55989
v 2.3965 -9.95033 -0.81895
v 1.67983 -9.91253 -0.366522
v 2.12824 -8.15815 -9.91419
v 2.16002 -8.06244 -1.36105
v 2.02871 -6.41451 -10.2778
v 1.89697 -6.07886 -2.06729
v 2.13338 -4.87054 -10.4445
v 2.07471 -3.5327 -10.5712
v 2.30094 -4.3993 -3.41786
v 1.60644 -4.13156 -2.92496
v 2.03009 -2.26631 -10.7876
v 2.00723 -2.23385 -10.2055
v 1.89085 -2.0424 -9.46427
v 1.98917 -2.66988 -4.22472
v 2.19877 -1.01413 -12.5374
v 1.97365 -1.39018 -11.9594
v 1.70928 -1.67053 -11.1777
v 1.68548 -1.30592 -10.1427
v 1.84891 -1.31132 -9.28147
v 1.85843 -1.26994 -8.62645
v 2.3105 -1.5003 -7.99032
v 2.35 -0.875253 -6.20968
v 1.93186 -1.42827 -5.13622
v 1.96624 -0.0997345 -12.6221
v 1.67082 0.395774 -9.92991
v 1.8709 0.029168 -9.352
v 1.99831 -0.478027 -8.74355
v 1.99315 -0.119663 -7.71196
v 1.9849 -0.0480816 -6.90539
v 1.8105 -0.458511 -5.87907
v 1.93491 0.503917 -12.4414
v 1.91013 0.740574 -11.9162
v 1.9192 0.752413 -10.9744
v 1.91796 0.565453 -10.2215
v 2.2341 1.47584 10.0859
v 2.24868 1.41149 11.2295
v 1.89664 2.68958 -8.57264
v 1.83804 2.47662 -7.75417
v 1.86213 2.29441 -6.72466
v 1.95569 2.11266 -5.48219
v 2.3962 2.06973 -4.17997
v 1.85071 1.86854 -3.90934
v 2.34331 1.84959 -2.5338
v 1.80307 1.72411 -2.28668
v 2.32341 1.74942 -0.936983
v 1.80967 1.6841 -0.707535
v 2.08822 1.7632 0.648485
v 1.96306 1.93572 2.00863
v 1.91038 2.15532 3.24607
v 1.60127 2.15422 3.36981
v 2.09821 2.30514 4.32388
v 2.09665 2.33738 5.44788
v 2.24991 2.21075 6.60434
v 1.74873 2.21551 6.66134
v 1.99142 2.00098 7.8323
v 2.07258 1.74795 9.01021
v 1.78709 1.97029 10.5181
v 1.65939 2.67141 11.056
v 2.14378 2.06448 11.931
v 2.2214 2.70293 12.5626
v 2.31595 4.01758 -12.4362
v 1.75782 3.52031 -11.917
v 2.16309 3.38085 -10.8562
v 2.01186 3.18657 -10.0721
v 1.8837 2.95583 -9.53596
v 1.63312 3.20844 11.478
v 1.83844 3.77861 11.8719
v 1.91793 4.79904 -13.8028
v 1.98909 4.23448 -13.0755
v 1.69495 6.2498 -15.1537
v 2.02923 5.65373 -14.5604
v 1.92408 5.38271 11.0722
v 1.79185 7.67981 -15.8998
v 2.1659 6.80584 -15.3107
v 1.94007 6.86941 9.99433
v 2.14294 8.30833 -16.0254
v 2.14072 8.38675 8.85176
v 1.83548 9.78632 -16.7141
v 2.04028 9.89189 7.87046
v 2.18609 10.4387 -16.8527
v 2.06905 11.3477 7.00505
v 1.57277 12.0106 -17.5035
v 1.79118 12.8859 -17.5719
v 2.03761 12.7478 6.26152
v 1.97813 14.457 -17.5586
v 2.08 14.0843 5.52797
v 2.01749 16.0854 -17.4414
v 2.161 15.3537 4.77325
v 1.94072 17.0755 -17.3016
v 2.05354 16.5556 4.03549
v 1.57583 16.5688 4.23134
v 1.6748 18.2328 -17.0109
v 1.91082 18.6974 2.39622
v 1.83179 17.6691 3.27971
v 1.56157 17.674 3.3823
v 2.14695 19.536 -16.0677
v 1.97508 19.6086 1.47118
v 2.1419 20.5172 -15.0873
v 1.99417 21.0288 -0.418507
v 1.98913 20.3802 0.525809
v 1.91909 21.2194 -14.1753
v 2.38308 21.4785 -13.5422
v 1.84036 22.1086 -12.5054
v 2.20475 22.2985 -11.8273
v 1.95261 22.2982 -3.02597
v 2.20257 21.9691 -2.3044
v 1.68371 21.5581 -1.23239
v 1.73648 22.8065 -10.1374
v 2.01397 22.8525 -9.37201
v 2.27482 22.8247 -8.55417
v 1.72989 22.9864 -6.89494
v 2.03915 22.8945 -6.01217
v 2.25577 22.7921 -5.36188
v 1.72501 22.5507 -3.709
v 2.7727 -19.4435 -8.44997
v 2.75142 -19.9747 -7.71518
v 2.77792 -20.245 -6.93801
v 2.71123 -20.0401 -5.99674
v 2.84846 -19.9864 -5.37221
v 2.93027 -19.8798 -4.56397
v 3.02838 -19.5266 -3.68097
v 2.91042 -18.3972 -9.24499
v 2.77924 -19.0098 -8.88184
v 2.50057 -18.2989 -6.57647
v 2.82295 -18.0821 -6.11052
v 2.65469 -18.4962 -5.32058
v 2.72132 -18.4211 -4.48739
v 2.93548 -18.4596 -3.65562
v 2.81997 -18.2628 -2.83009
v 2.7152 -17.9576 -1.86155
v 2.81574 -17.2739 -9.43213
v 2.5559 -16.7013 -8.84799
v 2.65131 -16.8249 -7.63797
v 2.84999 -17.5219 -6.87652
v 3.19972 -17.2956 -6.39959
v 3.10442 -17.8668 -5.60328
v 2.94005 -17.3426 -3.77147
v 3.24619 -17.847 -2.41721
v 2.76867 -17.4131 -1.10837
v 2.99991 -16.7282 -0.559384
v 2.92274 -16.3812 -9.21281
v 2.87727 -16.0309 -8.81337
v 2.80721 -15.7122 -7.9273
v 2.74668 -16.0179 -6.96866
v 2.78186 -15.8962 -6.15298
v 2.86501 -16.2419 -5.31958
v 2.70426 -15.9915 0.0632516
v 2.91224 -15.0881 -8.31711
v 2.88545 -15.0267 -7.7423
v 2.98699 -15.2196 -6.96885
v 2.88516 -15.1628 0.0999306
v 2.90512 -13.0452 -8.5035
v 2.88941 -14.1948 -0.00346141
v 2.77685 -13.0298 -0.202737
v 2.88529 -11.5182 -8.82081
v 3.29211 -11.6206 -1.01435
v 2.60733 -11.6106 -0.453706
v 2.84187 -9.8883 -9.17138
v 3.06536 -10.0132 -1.40265
v 2.98703 -8.21112 -9.33948
v 2.82553 -8.19564 -1.94542
v 2.63652 -6.55176 -9.92173
v 3.06632 -6.59819 -9.52349
v 3.17496 -6.55324 -3.30714
v 2.57119 -6.28525 -2.62353
v 2.83035 -5.05317 -9.88525
v 3.11944 -5.05092 -9.45101
v 2.92766 -4.74245 -4.01464
v 2.46238 -3.63221 -10.1911
v 2.84881 -3.60894 -9.51511
v 3.13634 -3.49034 -8.77396
v 3.17592 -3.48907 -5.26029
v 3.04622 -2.08761 -11.8791
v 2.78698 -2.38006 -11.2029
v 2.97177 -2.96597 -10.2118
v 2.58202 -2.54416 -9.33628
v 2.6221 -2.53848 -8.5759
v 2.75388 -2.48468 -7.69184
v 2.88385 -2.1658 -7.29883
v 3.00548 -2.2731 -5.99599
v 2.63275 -3.06127 -4.71712
v 2.95507 -1.2369 -12.5457
v 2.81242 -1.84713 -12.0592
v 2.80939 -1.28386 -7.75844
v 3.01274 -1.62383 -7.1825
v 2.79522 -0.338778 -12.6719
v 3.14464 0.241048 -12.0894
v 2.71291 0.242734 -9.4063
v 2.64671 -0.174102 -8.61473
v 3.01847 -0.65703 -7.97877
v 2.52718 -0.732798 -7.19781
v 3.26958 0.0508388 11.5129
v 2.98326 -0.0464848 12.0473
v 3.00705 -0.286243 12.7448
v 3.04849 -0.00128158 13.6161
v 3.21725 0.22602 14.1893
v 2.70262 0.560071 -11.8701
v 2.88738 0.606798 -10.982
v 2.72901 0.535852 -10.2538
v 2.96913 1.63635 8.81845
v 3.00842 1.28405 9.80851
v 2.9711 0.953305 10.6071
v 2.77366 0.770205 11.1363
v 2.54089 0.959973 11.9057
v 2.62252 1.01338 12.7251
v 2.92117 1.02323 13.6487
v 2.44693 2.80233 -8.00887
v 2.74975 2.75523 -7.13393
v 2.81774 2.54743 -5.91182
v 2.95512 2.34357 -4.47107
v 2.88554 2.05799 -2.81477
v 2.86808 1.88208 -1.208
v 2.8521 1.84534 0.270778
v 2.81093 1.9528 1.56766
v 3.27213 2.16189 2.47558
v 2.73904 2.12476 2.80508
v 2.91321 2.28182 3.88521
v 2.64146 2.34869 5.28222
v 2.86899 2.22544 6.4834
v 3.08045 1.97341 7.67076
v 2.52418 1.76436 13.0885
v 2.93091 2.0594 13.3486
v 2.5815 3.88959 -11.8276
v 2.86086 3.8159 -11.0734
v 2.98664 3.72425 -10.1887
v 2.61842 3.29959 -9.55991
v 2.97284 3.21052 -8.59403
v 2.72843 3.03218 12.7205
v 2.65964 4.71433 -13.2796
v 3.00666 4.50343 -12.6471
v 3.28218 4.37836 -12.0418
v 2.76634 4.16175 11.8612
v 2.83111 6.47104 -14.8004
v 2.84792 5.5556 -14.0793
v 3.12372 5.48315 10.7175
v 2.52269 5.45811 10.9156
v 2.93768 7.24413 -15.1825
v 2.91579 6.89485 9.67207
v 2.49221 8.95563 -16.1402
v 2.97561 8.04113 -15.5511
v 2.9693 8.38317 8.53891
v 2.8577 9.61208 -16.2549
v 3.1496 9.87768 7.41736
v 2.81103 9.88653 7.57197
v 2.53665 11.1287 -16.9822
v 3.25746 10.2681 -16.3801
v 2.98211 11.334 6.62399
v 2.71723 11.3379 6.73411
v 2.85606 11.8952 -17.0859
v 3.19514 13.2947 -17.1482
v 2.74939 12.7378 5.96869
v 2.61528 14.0794 5.32018
v 2.90274 15.3672 4.54708
v 3.20733 17.0562 -16.8566
v 2.88121 16.5759 3.78646
v 2.85148 18.2858 -16.5705
v 2.9944 18.7206 2.03465
v 2.59438 17.6941 3.05253
v 3.28131 19.4134 -15.6918
v 2.65661 19.6203 1.23515
v 2.75071 20.0008 -15.4077
v 2.73008 20.7579 -14.5138
v 3.26031 20.9849 -13.8953
v 2.79784 21.0291 -0.728254
v 3.13912 20.3933 0.0793566
v 2.81451 21.7036 -12.8829
v 3.19958 21.8826 -12.2129
v 2.51725 22.4267 -11.1573
v 2.87968 22.2214 -3.3701
v 3.11099 21.9055 -2.65314
v 2.48499 21.5503 -1.53067
v 2.87936 22.5245 -10.2571
v 3.21143 22.5506 -9.30359
v 2.58914 22.8374 -7.7603
v 2.8598 22.7843 -7.00766
v 3.17568 22.6634 -6.06727
v 2.56405 22.5601 -4.38266
v 4.05347 -19.1741 -8.25126
v 3.61886 -19.6388 -7.7501
v 3.52224 -20.1468 -6.852
v 3.69198 -20.2956 -6.04027
v 3.47458 -20.0576 -5.07079
v 3.90101 -19.9622 -4.26602
v 3.4931 -19.9461 -3.8592
v 3.87183 -19.582 -2.67394
v 3.73702 -18.2637 -9.20333
v 3.6504 -18.889 -8.74083
v 3.43232 -18.6958 -2.97691
v 3.71864 -17.3903 -9.49892
v 3.48248 -17.0905 -5.90094
v 3.54859 -17.2741 -5.23342
v 3.65408 -17.4333 -4.54854
v 3.80551 -17.4085 -3.61292
v 3.61863 -17.5909 -2.7554
v 3.887 -17.158 -2.00823
v 3.51259 -16.7317 -1.0765
v 3.7393 -16.102 -9.42922
v 3.49101 -15.5167 -8.5922
v 3.2967 -15.4793 -7.4601
v 3.48668 -16.3594 -6.69354
v 3.91966 -16.0558 -5.87651
v 3.74115 -16.1372 -5.1675
v 3.59448 -16.0656 -4.19684
v 4.16911 -16.4025 -2.34249
v 3.89808 -15.9823 -0.99304
v 3.3685 -15.9819 -0.401443
v 3.77079 -15.4718 -9.05631
v 3.74502 -15.1634 -8.4879
v 3.84515 -14.6882 -7.86989
v 3.74548 -14.6603 -6.94409
v 3.90917 -14.9396 -6.22495
v 3.89514 -15.1282 -5.50645
v 4.12785 -15.131 -1.04055
v 3.58194 -15.141 -0.397657
v 3.37511 -14.2462 -7.75031
v 3.85241 -13.9998 -7.05038
v 4.15554 -14.1507 -1.19356
v 3.59678 -14.1656 -0.519153
v 3.56143 -12.8076 -7.83066
v 3.97639 -12.6051 -7.14379
v 4.0456 -13.0045 -1.43372
v 3.47837 -13.0081 -0.735022
v 3.36155 -11.4003 -8.39096
v 3.81036 -11.2297 -7.71875
v 4.11388 -11.0636 -7.03403
v 3.86245 -11.6553 -1.74266
v 3.46611 -9.78543 -8.5356
v 3.97322 -9.58278 -7.55849
v 4.09548 -10.2377 -2.99685
v 3.63984 -10.1101 -2.14796
v 3.52135 -8.1591 -8.70267
v 3.89052 -8.58636 -3.49728
v 3.41152 -8.37593 -2.67718
v 3.74218 -8.07961 -8.24844
v 3.9183 -7.9852 -7.78396
v 4.10654 -7.88701 -7.29679
v 4.05109 -7.1527 -4.83949
v 3.36576 -6.57628 -9.09054
v 3.58254 -6.50847 -8.6303
v 3.82005 -6.38619 -7.99069
v 4.12198 -6.1239 -6.87144
v 4.08977 -5.81092 -6.0031
v 3.67827 -6.85251 -4.06387
v 3.45198 -4.93105 -8.65767
v 3.77033 -4.74821 -7.72808
v 3.90492 -4.51531 -6.94039
v 3.84918 -5.48961 -5.3483
v 3.45446 -5.11966 -4.67242
v 3.89261 -3.86253 -9.29993
v 3.45229 -3.65635 -8.49488
v 3.44086 -3.46298 -7.70494
v 3.55587 -3.29924 -6.91968
v 3.70966 -4.08413 -6.11006
v 3.84402 -2.27487 -11.8269
v 3.68089 -2.88501 -11.0029
v 3.42172 -3.03388 -10.5733
v 3.66942 -2.85287 -6.75333
v 3.91922 -2.4479 -6.43542
v 3.97891 -2.1362 12.1703
v 3.87373 -2.56932 12.8924
v 4.09204 -3.04123 13.7532
v 4.16837 -3.01062 14.2493
v 3.62493 -1.22052 -12.4188
v 3.77903 -1.58541 -12.1907
v 3.90076 -0.956979 -7.54573
v 3.51725 -1.22496 -7.29501
v 3.79239 -1.29696 11.9605
v 3.3383 -1.15967 12.7836
v 3.53089 -1.48325 13.7268
v 3.81569 -1.60569 14.4271
v 3.6128 -0.504688 -12.47
v 3.80626 -0.215356 -11.9445
v 3.87182 0.10116 -10.9884
v 3.67614 0.218733 -10.1865
v 3.47816 0.0896468 -9.44526
v 3.54522 -0.335594 -8.52773
v 4.03028 -0.744752 -7.94129
v 3.86696 -0.30842 11.4039
v 3.48727 -0.554902 11.755
v 3.66081 -0.198432 14.417
v 3.70831 1.63675 8.64876
v 3.88592 1.25419 9.60607
v 3.87341 0.86903 10.3329
v 3.7225 0.467728 10.9075
v 3.80116 1.30182 13.8541
v 3.53803 2.68252 -4.77166
v 3.98627 2.6759 -3.46019
v 3.43233 2.3374 -3.12507
v 3.93738 2.38533 -1.87964
v 3.41293 2.10184 -1.51785
v 3.68958 2.1073 -0.235427
v 3.96038 2.19305 0.820611
v 3.37214 2.03376 1.22841
v 3.87761 2.26987 2.05408
v 3.70155 2.34139 3.36602
v 3.79115 2.373 4.5551
v 3.63681 2.2155 6.04847
v 3.97117 1.97035 7.2329
v 3.41092 1.97336 7.56627
v 3.75471 2.20287 13.2469
v 3.45963 3.69287 -9.39611
v 3.77845 3.6248 -8.50794
v 3.72642 3.36246 -7.53459
v 3.74039 3.10519 -6.34479
v 4.15549 3.07909 -5.07081
v 3.9347 3.15145 12.4091
v 3.43241 3.13411 12.5728
v 3.30412 5.24707 -13.4706
v 3.67092 5.04282 -12.8447
v 3.87172 4.699 -11.8174
v 3.68231 4.29172 -10.9319
v 3.86131 4.2886 -10.3489
v 4.02792 4.21349 11.4473
v 3.57296 4.21379 11.6141
v 3.40953 6.12874 -14.2377
v 3.89417 5.83239 -13.6383
v 3.89652 5.4801 10.4256
v 3.70717 7.72877 -15.0314
v 3.89677 6.75308 -14.3659
v 3.81362 6.88656 9.31692
v 3.35608 8.69787 -15.6538
v 4.10672 8.40047 -15.1285
v 3.64731 8.376 8.26769
v 3.42497 8.37492 8.34431
v 3.74809 9.3657 -15.7577
v 3.64904 9.88758 7.27231
v 3.65507 10.9635 -16.4985
v 3.56477 11.3472 6.46152
v 4.01413 11.7383 -16.5928
v 3.58461 12.7525 5.71969
v 3.34742 14.9233 -17.0977
v 4.13928 14.0996 4.83619
v 3.37217 14.0946 5.09802
v 3.32422 16.0308 -16.9983
v 3.90663 15.3767 4.20999
v 3.63073 16.5831 3.52943
v 3.90422 18.3413 -16.0468
v 3.86479 18.735 1.65016
v 3.32287 17.703 2.80186
v 4.06246 19.5585 -15.1241
v 3.49828 19.6321 0.877163
v 3.4486 20.1999 -14.8373
v 4.04571 20.3888 -14.2259
v 3.72926 21.1854 -13.2474
v 3.66963 21.01 -1.11443
v 4.023 20.3933 -0.360314
v 4.13361 21.3466 -12.5857
v 3.52446 22.0037 -11.548
v 3.79006 22.0778 -10.9241
v 4.07214 22.1219 -10.1608
v 4.10888 22.4126 -6.78636
v 3.67076 22.2943 -4.42789
v 3.86055 22.0626 -3.74807
v 4.05567 21.7724 -3.04056
v 3.36997 21.5079 -1.88998
v 3.29976 22.5186 -8.99766
v 3.3877 22.5228 -8.76858
v 3.80609 22.5037 -7.6715
v 3.47994 22.4751 -5.08923
v 4.49406 -19.3335 -7.72716
v 4.47627 -19.8059 -6.782
v 4.81935 -19.9641 -6.05459
v 4.61405 -20.2311 -5.39025
v 4.30706 -20.3313 -4.74403
v 4.7367 -19.9752 -3.349
v 4.4358 -19.9398 -3.03976
v 4.93337 -19.5801 -1.20846
v 4.64906 -17.9644 -8.98273
v 4.57838 -18.6867 -8.54777
v 4.27532 -17.9798 -1.64834
v 4.564 -18.7487 -1.3489
v 4.45959 -17.2539 -9.16545
v 4.90538 -16.7526 -8.92258
v 4.20198 -16.8872 -2.91138
v 4.44702 -15.9025 -9.25784
v 4.89078 -15.6955 -8.94332
v 4.25864 -15.8199 -5.21417
v 4.47396 -15.8796 -4.37301
v 4.44643 -16.3342 -3.77016
v 4.60163 -15.9388 -2.65308
v 4.27588 -16.009 -1.67479
v 4.424 -15.3423 -9.09753
v 4.5999 -14.946 -8.52769
v 4.58241 -14.703 -7.73477
v 4.68084 -14.4697 -7.21844
v 4.45285 -14.2624 -6.32838
v 4.49128 -14.6319 -5.42303
v 4.55826 -14.9315 -4.38896
v 4.79776 -14.8498 -3.55155
v 4.71347 -15.2265 -2.60851
v 4.50949 -15.1528 -1.79031
v 4.74234 -14.1964 -6.7811
v 4.37788 -13.8438 -6.24918
v 4.813 -13.8129 -5.50496
v 4.75608 -13.367 -4.73753
v 4.80081 -13.2356 -4.01598
v 4.73917 -13.6822 -3.00372
v 4.50636 -13.6032 -2.12008
v 4.17204 -12.4826 -6.68283
v 4.38532 -12.3568 -6.20606
v 4.62756 -12.1625 -5.38434
v 4.7042 -11.9628 -4.36156
v 4.57607 -11.8319 -3.49477
v 4.31558 -10.95 -6.55741
v 4.48326 -10.8304 -6.0409
v 4.58291 -10.6988 -5.44462
v 4.29741 -11.7229 -2.58676
v 4.22649 -9.44469 -6.92525
v 4.57196 -10.5535 -4.7382
v 4.40783 -10.3926 -3.89127
v 4.42461 -9.2595 -6.11933
v 4.4315 -9.0201 -5.14897
v 4.23507 -8.80995 -4.34666
v 4.25571 -7.77142 -6.78328
v 4.32673 -7.62108 -6.21709
v 4.27379 -7.42011 -5.57643
v 4.93437 -4.87505 -8.27092
v 4.6417 -4.81292 -7.7759
v 4.4429 -4.5892 -6.94685
v 4.82306 -4.91055 12.1054
v 4.77676 -5.05118 12.805
v 4.89225 -5.16226 13.5715
v 4.73738 -3.89918 -9.96007
v 4.32883 -3.89447 -9.70387
v 4.49328 -4.24945 -6.04599
v 4.71321 -3.59278 -5.40164
v 4.79223 -3.94719 12.0181
v 4.42457 -4.0428 12.7696
v 4.5004 -4.10516 13.7453
v 4.78872 -4.08478 14.3735
v 4.80175 -2.5487 -11.3043
v 4.1823 -2.0448 -6.39601
v 4.94343 -3.21706 -5.43031
v 4.63995 -2.65598 11.9191
v 4.56504 -2.93276 14.6033
v 4.4195 -1.47926 -11.8991
v 4.82825 -1.57752 -6.78708
v 4.4161 -1.90423 -6.39544
v 4.92128 -1.35011 11.489
v 4.40167 -1.33998 11.6444
v 4.74022 -1.72776 14.6583
v 4.27769 -0.637838 -11.9007
v 4.4774 -0.538079 -11.3101
v 4.81607 -0.488743 -10.1897
v 4.47617 -0.287371 -9.49191
v 4.23116 -0.410526 -8.76404
v 4.64083 -0.323846 11.1496
v 4.37219 -0.286075 14.4333
v 4.44436 1.64325 8.2548
v 4.52253 1.16349 9.51423
v 4.43114 0.613183 10.4769
v 4.7114 1.33843 13.5779
v 4.78445 0.427414 14.0748
v 4.42083 2.70915 -2.30651
v 4.68236 2.67495 -1.14774
v 4.53875 2.45391 0.346071
v 4.50684 2.46793 1.5301
v 5.04334 2.78706 2.20321
v 4.36258 2.50885 2.86596
v 4.75823 2.62399 3.83763
v 4.69069 2.39002 5.34975
v 4.64073 2.03442 6.83034
v 4.86474 1.69265 8.03277
v 4.70524 2.21998 12.9186
v 4.75943 4.07467 -7.90696
v 4.4136 3.5478 -6.61747
v 4.81807 3.52574 -5.35757
v 4.5704 3.06649 -3.78074
v 4.92454 3.06963 -2.67202
v 4.75292 3.15072 12.1011
v 4.42661 4.85122 -10.8538
v 4.60867 4.79877 -10.3868
v 4.58436 4.43289 -9.49012
v 4.47573 4.11597 -8.74083
v 4.56355 4.21072 11.2396
v 4.59933 6.37551 -13.4643
v 4.42491 5.57634 -12.7183
v 4.78615 5.45692 -11.8826
v 4.97553 5.43059 -11.31
v 4.39196 5.47813 10.2385
v 4.33344 7.41582 -14.4731
v 4.85024 7.1468 -13.8832
v 4.55335 6.89616 9.08386
v 4.19263 6.89214 9.19988
v 4.74332 8.10418 -14.569
v 4.59779 8.389 7.97023
v 4.17248 10.0334 -15.8725
v 4.72655 9.42634 -15.2793
v 4.8944 10.0978 5.67963
v 4.86644 9.99695 6.24893
v 4.90778 10.0623 6.77095
v 4.59127 10.7421 -15.981
v 4.78824 10.8445 5.58389
v 4.74539 10.8457 6.17806
v 4.95874 10.4674 6.71256
v 4.29824 12.6324 -16.6457
v 4.96646 11.5332 -16.0661
v 4.47098 13.6857 -16.6399
v 4.34266 12.757 5.46121
v 4.53401 14.821 -16.5816
v 4.48897 15.9612 -16.4769
v 4.84972 15.3919 3.76321
v 4.33754 17.029 -16.3322
v 4.55639 16.5985 3.0989
v 4.96798 17.9689 -15.5914
v 4.80683 18.7594 1.08403
v 4.22279 17.7183 2.39265
v 4.56961 18.8196 -15.3752
v 4.71122 19.6959 -14.5195
v 4.40907 19.6468 0.372474
v 4.55068 20.5559 -13.5868
v 4.97214 20.6898 -12.9332
v 4.70359 20.6744 -1.24249
v 4.47002 21.4554 -11.9258
v 4.84553 21.5385 -11.0316
v 4.56118 22.1652 -9.2624
v 4.90479 22.1782 -8.81201
v 4.91607 22.0515 -7.79542
v 4.31633 22.3123 -6.13265
v 4.50693 22.177 -5.4777
v 4.75734 21.901 -4.479
v 4.97041 21.5489 -3.45018
v 4.26248 21.4164 -2.29615
v 4.90595 22.9296 -8.51886
v 4.94059 23.3761 -8.09681
v 5.2099 -19.3387 -7.13511
v 5.80431 -19.8173 -5.33649
v 5.43875 -20.2102 -4.41484
v 5.16745 -20.3249 -3.87749
v 5.72051 -19.8965 -1.8755
v 5.25676 -19.8845 -1.41191
v 5.13667 -18.1851 -8.59973
v 5.72887 -18.5094 -7.8677
v 5.77935 -18.616 0.427695
v 5.32648 -17.2034 -8.62776
v 5.23683 -16.9079 -0.000400406
v 5.43307 -17.5713 0.217013
v 5.40727 -16.0543 -8.52621
v 5.52396 -15.9858 -0.342045
v 5.28048 -15.1363 -8.42794
v 5.5058 -14.7417 -7.73978
v 5.35368 -14.5043 -6.97789
v 5.83966 -14.4518 -6.26549
v 5.09519 -14.503 -4.50049
v 5.55843 -14.8256 -2.808
v 5.09509 -14.2004 -6.69928
v 5.608 -14.0888 -6.03464
v 5.65364 -14.0324 -4.64676
v 5.84755 -6.9564 11.5907
v 5.78136 -7.02396 12.0601
v 5.74525 -5.87796 -6.84634
v 5.53574 -5.75349 -6.30583
v 5.71881 -6.45016 11.3309
v 5.3208 -6.28001 12.019
v 5.4754 -6.42977 12.8206
v 5.55139 -6.08446 13.5005
v 5.88712 -4.81727 -9.11254
v 5.3755 -4.86528 -8.71221
v 5.4542 -5.59998 -5.88097
v 5.44423 -5.32572 -5.28986
v 5.57735 -4.73481 -4.47402
v 5.6188 -5.20028 11.4467
v 5.18399 -5.08663 11.7184
v 5.05253 -5.18342 13.941
v 5.42117 -5.12489 14.0855
v 5.74121 -3.28214 -10.6352
v 5.50461 -3.62851 -10.4527
v 5.78557 -4.1673 -4.36281
v 5.85959 -3.8274 11.5599
v 5.52859 -3.86568 11.6592
v 5.4373 -3.97443 14.4234
v 5.2865 -2.39752 -11.2116
v 5.83733 -3.08993 -10.5542
v 5.87043 -2.38849 -5.72624
v 5.25411 -2.91839 -5.37659
v 5.54134 -2.30659 11.5208
v 5.44826 -2.80444 11.6361
v 5.51284 -2.79864 14.5186
v 5.37038 -1.65222 -11.0791
v 5.0708 -0.818856 -10.5535
v 5.80254 -1.15525 -9.16956
v 5.52018 -1.02201 -8.55188
v 5.17091 -1.18714 -7.67543
v 5.30735 -1.32083 11.3392
v 5.58864 -1.64967 14.4155
v 5.69932 0.0496488 10.6231
v 5.34157 -0.441156 10.9584
v 5.89863 -0.541777 14.0498
v 5.5264 -0.563314 14.1921
v 5.44778 1.42302 8.93189
v 5.40397 0.956828 9.73886
v 5.54595 0.532311 10.2648
v 5.86127 1.35029 13.1668
v 5.4907 0.868427 13.5674
v 5.0508 2.76897 -0.228195
v 5.11121 2.77529 0.89314
v 5.58602 2.86509 4.83567
v 5.3949 2.33489 6.45693
v 5.51566 1.92188 7.77631
v 5.26052 2.22207 12.7129
v 5.09807 4.04177 -6.87355
v 5.49152 4.02206 -5.63007
v 5.53484 3.74507 -4.16954
v 5.50977 3.46308 -2.84974
v 5.3869 3.21367 -1.87267
v 5.44007 3.09089 -0.935179
v 5.6361 3.13152 0.139796
v 5.66981 3.1786 1.33208
v 5.59146 3.13959 3.09217
v 5.41993 3.15308 11.8747
v 5.64903 5.28066 -9.4632
v 5.14809 4.66056 -8.95563
v 5.42741 4.61968 -8.13101
v 5.75883 4.58709 -7.11114
v 5.33852 4.21587 10.9818
v 5.09696 6.16667 -12.5585
v 5.38567 6.09567 -11.8075
v 5.40195 5.80794 -10.9226
v 5.50034 5.57358 -10.3846
v 5.34439 5.48636 9.92496
v 5.46232 7.32213 -13.317
v 5.55669 6.85605 -12.6721
v 5.84624 6.78596 -11.9213
v 5.46312 6.887 8.75195
v 5.36189 8.40698 -14.2381
v 5.68907 8.37244 7.51994
v 5.57789 9.50657 -14.764
v 5.26046 10.0563 5.68541
v 5.37476 9.94873 6.25514
v 5.26511 10.0729 6.69793
v 5.55135 10.9005 -15.471
v 5.28803 10.7824 5.59196
v 5.40855 10.8004 6.21176
v 5.2711 10.4333 6.73453
v 5.26007 12.4478 -16.1106
v 5.43412 13.5272 -16.0975
v 5.28066 12.7694 5.00473
v 5.49026 14.6953 -16.0328
v 5.08691 14.1148 4.37987
v 5.43017 15.8757 -15.9228
v 5.86835 15.4278 3.05451
v 5.25552 16.9923 -15.7736
v 5.55665 16.6324 2.42874
v 5.68376 17.985 -14.999
v 5.19608 17.7488 1.77068
v 5.25713 18.8976 -14.7769
v 5.81285 18.964 -14.1542
v 5.46266 19.8642 -13.566
v 5.29799 19.6674 -0.303669
v 5.72626 18.8002 0.295837
v 5.31875 20.7792 -12.2784
v 5.59477 20.8326 -11.6599
v 5.80449 20.8583 -11.1152
v 5.81226 21.1842 -9.55328
v 5.83498 21.2018 -3.81358
v 5.80632 20.8739 -2.79711
v 5.45291 20.6249 -1.83961
v 5.33654 21.4941 -10.012
v 5.48175 21.6996 -9.37507
v 5.3579 22.1124 -8.76685
v 5.22292 21.9336 -6.85142
v 5.50777 21.7524 -5.86558
v 5.6609 21.5915 -5.19875
v 5.77345 21.4064 -4.51684
v 5.08636 21.2612 -2.73501
v 5.12422 22.5151 -8.99221
v 5.46523 23.0426 -8.55497
v 5.34315 23.199 -7.96111
v 5.22572 24.2339 -7.55973
v 5.72928 24.4303 -6.89278
v 5.58466 25.316 -6.74031
v 6.19704 -19.3107 -6.20289
v 6.68882 -20.1027 -3.24312
v 6.35858 -20.2744 -2.6568
v 6.07081 -20.28 -2.24872
v 6.69674 -19.9169 -0.0295334
v 6.31813 -19.6984 0.303187
v 6.59566 -18.7911 -6.78775
v 6.05126 -17.1902 -8.04613
v 6.63959 -17.1388 2.16878
v 6.31229 -15.9717 -7.73262
v 6.59708 -16.1873 1.95172
v 6.21177 -15.1235 -7.63249
v 6.35258 -14.5106 -6.84236
v 5.97262 -14.3544 -6.38824
v 6.64004 -14.3375 -5.31165
v 6.62407 -14.6358 -0.883786
v 6.19029 -15.0963 -0.681672
v 6.60023 -14.0522 -5.26478
v 6.10144 -13.7981 -4.84318
v 6.41213 -14.0185 -3.1102
v 6.33761 -7.00842 11.2742
v 6.29931 -7.26673 12.0291
v 6.33607 -7.12051 12.6153
v 6.41145 -5.8595 -7.71977
v 5.98289 -5.90548 -7.23271
v 6.67272 -6.81565 -5.9015
v 6.42243 -6.6247 -5.20677
v 6.32462 -6.19011 -4.3467
v 6.34888 -5.83625 -3.81701
v 6.47366 -6.21124 10.9487
v 6.48044 -6.62075 13.0604
v 6.4113 -5.87556 13.5215
v 6.38673 -4.64713 -9.4633
v 6.57662 -5.07697 -3.4852
v 6.21728 -5.0063 11.2369
v 6.30694 -4.91245 13.9227
v 6.72108 -4.2685 -9.71324
v 6.28355 -3.89903 -4.233
v 6.34432 -3.86539 11.3619
v 6.74489 -3.72589 14.016
v 6.3282 -3.80964 14.1684
v 6.04548 -2.87346 -10.6315
v 6.18894 -2.69319 -10.4927
v 6.09371 -2.1941 -6.13762
v 6.44217 -2.81407 11.3387
v 6.44393 -2.67509 14.1959
v 6.24453 -1.87481 -9.94202
v 6.02272 -1.45224 -9.58649
v 6.73416 -1.87594 -7.45783
v 6.46099 -1.94935 -6.89114
v 6.30843 -1.50013 11.143
v 6.6566 -1.56365 14.0393
v 6.21196 -1.59446 14.1861
v 6.36455 0.208393 10.631
v 6.47613 -0.218693 10.883
v 6.19525 -0.530673 13.9518
v 6.2186 1.31687 9.72057
v 6.34336 0.806968 10.3062
v 6.49413 1.35074 12.9348
v 6.31288 0.463634 13.5304
v 6.19557 2.60256 7.77261
v 6.26154 1.97676 8.92134
v 6.69911 2.67871 9.25745
v 6.68808 1.796 10.0249
v 6.49696 2.21267 12.2687
v 6.02455 2.2246 12.4543
v 6.13151 3.91199 -2.97396
v 6.21492 3.75456 -1.76001
v 6.31562 3.72553 -0.72712
v 6.2031 3.60178 0.331177
v 6.19796 3.72458 1.63962
v 6.25298 3.97685 3.23787
v 6.06355 3.47604 4.80185
v 6.18404 3.24308 6.39484
v 6.66581 3.55527 8.10137
v 6.51871 3.11336 11.4457
v 6.03617 5.2175 -8.33291
v 6.36091 5.18375 -7.32833
v 6.4378 4.86484 -6.00572
v 6.49659 4.52899 -4.54609
v 6.74478 4.43886 -3.179
v 6.72609 4.19343 0.405773
v 6.67912 4.47396 1.79246
v 6.67878 4.8296 3.37053
v 6.44217 4.21705 4.92903
v 6.73571 4.98376 5.10503
v 6.59844 4.16468 6.6206
v 6.34834 4.16693 10.5828
v 6.05935 5.95412 -9.93246
v 6.28031 5.91041 -9.30997
v 6.55078 5.86825 -8.50945
v 6.21645 5.42619 9.56885
v 5.97595 7.57207 -12.7692
v 6.3183 7.49578 -11.8519
v 6.2889 7.10187 -11.1209
v 6.54173 6.91162 -10.3926
v 6.73197 6.60233 -9.45035
v 6.45774 6.79754 8.28277
v 6.07554 8.40295 -13.4566
v 6.48831 8.27359 -12.5921
v 6.74107 8.22066 -11.8932
v 6.49155 8.3118 7.0245
v 6.29185 9.66225 -14.2133
v 6.4911 9.12793 -13.5518
v 6.79296 9.03075 -12.9539
v 6.51421 9.85759 5.85545
v 6.17428 10.6678 -14.8917
v 6.44072 11.3604 4.96591
v 6.33434 12.1466 -15.2512
v 6.20015 13.3549 -15.5264
v 6.2975 12.7991 4.26063
v 6.25014 14.559 -15.4562
v 6.11101 14.1525 3.64432
v 6.18038 15.7824 -15.3411
v 6.77218 15.6894 -14.7369
v 5.99141 16.9495 -15.1868
v 6.57535 16.9041 -14.5775
v 6.52992 16.6948 1.45279
v 6.25597 17.9944 -14.3835
v 6.71187 17.9957 -13.752
v 6.14469 17.8029 0.881767
v 6.25997 19.0136 -13.516
v 6.32861 19.5068 -12.7323
v 6.74165 19.9681 -10.0358
v 6.69201 19.7606 -2.17349
v 6.30145 19.2803 -0.965439
v 6.31545 20.0064 -11.9779
v 6.47779 20.2289 -10.9588
v 6.37409 20.5261 -10.0838
v 6.361 20.7678 -9.64301
v 6.72269 20.7759 -8.53365
v 6.44755 21.1946 -6.24035
v 6.58043 21.0429 -5.55789
v 6.63861 20.7866 -4.44992
v 6.50214 20.5206 -3.21516
v 6.19371 20.3929 -2.36811
v 6.12447 21.5071 -9.38016
v 6.49082 21.8054 -8.62107
v 6.07177 21.4176 -7.5596
v 6.27086 21.322 -6.90192
v 6.38683 22.4487 -8.98308
v 6.36434 23.0276 -8.39668
v 6.46589 23.0475 -7.54359
v 6.10915 23.6593 -7.24246
v 6.19656 24.1994 -7.79693
v 6.52683 24.6362 -6.28147
v 6.57171 25.5238 -6.77856
v 6.12064 25.734 -5.88306
v 6.19303 26.3886 -5.89817
v 6.78089 26.932 -4.9013
v 7.28855 -19.5005 -4.42005
v 6.92574 -19.8893 -3.71649
v 7.50043 -20.2744 -0.901366
v 7.0077 -19.8872 -0.348311
v 7.46876 -19.5964 2.00817
v 6.88466 -18.1626 -7.1013
v 7.64402 -19.109 -5.0086
v 6.99814 -18.4976 2.23046
v 7.02751 -17.3513 -7.16742
v 7.21072 -16.1 -6.9013
v 6.85055 -15.5574 1.71575
v 7.35919 -14.7161 -6.29367
v 7.34251 -14.8589 1.38392
v 7.13625 -14.1779 -5.81302
v 6.88168 -14.1186 -5.54555
v 7.32536 -13.541 -3.60741
v 7.2899 -13.9968 -1.22542
v 7.44677 -7.5341 -5.32902
v 7.10708 -7.32742 -4.48448
v 7.40712 -7.53454 -3.73428
v 7.47821 -7.13754 -2.83917
v 7.07669 -7.13266 11.3224
v 7.1629 -7.07046 12.0079
v 6.92455 -6.94336 12.5592
v 6.90222 -5.76076 -8.17561
v 7.33347 -6.75876 -6.83169
v 6.9122 -6.83554 -6.3064
v 6.98518 -6.75858 -3.48764
v 7.11724 -6.06772 -2.8138
v 7.57296 -6.57855 -2.28416
v 7.2724 -6.02188 10.768
v 7.17054 -6.33329 10.8844
v 7.46823 -6.76573 12.195
v 7.31132 -6.40449 12.7254
v 6.8532 -5.71151 13.3989
v 7.39601 -5.54625 -8.56649
v 7.05791 -4.93021 -3.31424
v 7.37107 -5.12934 -2.912
v 7.27493 -5.2956 10.8854
v 7.386 -5.53289 13.2092
v 7.08782 -5.05889 13.5225
v 7.06483 -3.81857 -9.64899
v 6.81597 -3.3491 -4.43001
v 7.59878 -4.3766 -3.17145
v 7.23477 -3.94035 11.2274
v 7.11453 -3.66383 13.8966
v 7.45505 -3.02671 -9.2342
v 7.20908 -2.32732 -8.54947
v 7.36227 -3.00488 -5.15056
v 6.98645 -3.23191 -4.62254
v 7.20391 -2.67044 11.3739
v 7.5774 -2.61657 11.6535
v 7.09918 -2.59858 13.9765
v 6.91254 -1.93635 -7.84774
v 7.08184 -1.51138 11.3602
v 7.52262 -1.15583 11.8449
v 7.24386 -1.52007 13.8247
v 7.05408 -0.191387 11.307
v 7.48351 0.0434183 11.8686
v 7.42114 -0.492493 13.4717
v 6.81482 1.16059 10.6593
v 7.09479 1.0435 11.1308
v 7.49524 1.06951 12.0192
v 7.27528 0.887383 12.8445
v 6.96595 0.46994 13.2791
v 7.0519 2.33947 10.4563
v 7.29091 2.30075 11.1274
v 7.19954 2.07464 11.8259
v 7.05021 3.37647 9.67442
v 7.05391 3.91089 10.1146
v 7.09758 2.98801 11.1092
v 7.07688 5.1214 -4.79709
v 7.31083 5.03083 -3.41904
v 7.08214 4.56213 -1.96969
v 7.36426 4.92207 -0.860563
v 7.17937 4.92015 0.423417
v 6.82197 4.78781 6.84156
v 7.05656 4.63505 8.67099
v 6.92371 5.24035 9.17194
v 7.08938 6.17542 -7.61179
v 7.66677 6.48612 -6.54759
v 7.2346 5.80489 -6.34362
v 7.56798 5.76144 -5.03164
v 7.56895 5.72966 0.410112
v 7.2605 5.76999 1.90928
v 7.13481 6.10131 3.61229
v 7.096 6.05594 5.44289
v 7.10537 5.6016 7.21607
v 7.17656 6.28896 7.62753
v 6.9289 7.3641 -10.1737
v 7.14229 7.32101 -9.57432
v 7.19969 6.91785 -8.73604
v 7.5159 7.25109 3.91171
v 7.36883 7.3143 5.9887
v 6.96301 6.61842 7.93569
v 7.00924 8.97633 -12.418
v 7.1238 8.76029 -11.7068
v 7.14673 8.53895 -11.1983
v 7.32788 8.09558 -10.2767
v 7.5375 8.05302 -9.68797
v 7.12078 8.09814 6.51672
v 6.88724 9.89816 -13.6367
v 7.29328 9.77904 -12.7691
v 7.61385 9.71792 -11.8221
v 7.48855 9.76945 4.72171
v 6.84646 10.8927 -14.3211
v 7.23329 10.7589 -13.6971
v 7.52817 10.6715 -13.096
v 7.11798 11.8769 -14.3458
v 7.49857 11.7553 -13.7187
v 7.41289 11.4405 3.78832
v 6.80275 13.1864 -14.9314
v 7.27562 13.0397 -14.3168
v 7.65241 12.9326 -13.6873
v 7.28831 12.8752 3.11992
v 6.8476 14.4253 -14.8565
v 7.3166 14.3072 -14.2385
v 7.1075 14.2246 2.54481
v 7.23815 15.6051 -14.1152
v 7.61085 15.5374 -13.4814
v 6.85864 15.4956 2.00758
v 7.03749 16.8593 -13.9516
v 7.40798 16.8185 -13.315
v 7.37466 16.796 0.104908
v 7.07873 17.9879 -13.1116
v 7.36403 17.9737 -12.5016
v 7.57524 17.9562 -11.961
v 7.52777 18.2176 -10.839
v 7.51049 18.4747 -10.4567
v 7.65382 18.002 -1.71787
v 6.97056 17.8893 -0.328317
v 7.01017 19.0499 -11.9875
v 7.27978 19.0093 -10.7794
v 7.09453 19.4297 -10.2999
v 7.41102 19.8756 -9.37264
v 7.54414 19.885 -8.54393
v 7.10684 19.8841 -3.22499
v 7.66851 19.0818 -3.20456
v 7.18588 18.9556 -1.95825
v 6.9429 20.1698 -10.1962
v 7.19335 20.6312 -9.43045
v 7.67003 20.8338 -8.4197
v 6.92462 20.7101 -7.9153
v 7.20587 20.5574 -6.92233
v 7.40669 20.3542 -5.886
v 7.4351 20.199 -5.1123
v 7.34552 20.0395 -4.23608
v 6.9036 21.6591 -9.33361
v 7.41936 21.8754 -8.61102
v 7.08535 21.9846 -8.04686
v 7.04145 22.7774 -8.5735
v 7.20008 22.9829 -7.85886
v 7.30497 23.0696 -6.98066
v 7.22394 24.1435 -7.61011
v 6.86489 24.3871 -6.90613
v 7.48109 24.5973 -5.68656
v 7.59137 25.594 -6.45687
v 7.10784 25.5673 -5.30242
v 7.29981 26.3529 -5.97979
v 6.94793 27.1491 -5.03749
v 7.63255 27.2965 -4.10005
v 6.92204 27.4034 -5.06342
v 7.64392 27.6118 -4.05945
v 8.15881 -19.9461 -1.87752
v 7.7381 -20.2161 -1.22652
v 8.19617 -19.8226 1.31158
v 7.79702 -19.8792 1.71869
v 8.38735 -19.3261 3.63225
v 8.03868 -18.5507 -5.50238
v 8.14147 -18.6753 3.80714
v 8.36801 -17.4187 -5.806
v 7.82746 -17.4079 3.9594
v 8.52961 -16.8465 5.33428
v 8.46953 -16.4381 -5.73066
v 8.52581 -15.879 -5.59258
v 7.76821 -16.0617 3.86045
v 8.52981 -16.3602 5.33091
v 8.38533 -14.6368 3.28785
v 8.08043 -15.1388 3.54651
v 8.1234 -13.9183 -4.35781
v 7.78862 -13.8967 -3.99922
v 8.09887 -13.3636 -1.69624
v 8.3974 -13.7384 0.675517
v 7.95249 -14.1649 0.983563
v 8.35922 -8.46328 -4.39797
v 8.21198 -8.45726 -3.65536
v 8.42374 -8.4416 -2.79378
v 8.487 -8.19992 -2.19838
v 8.50049 -7.27454 -6.68946
v 8.02833 -7.44608 -6.15815
v 8.31653 -8.01294 -5.38155
v 7.80561 -8.0184 -4.53117
v 7.88518 -8.05611 -3.31278
v 7.93046 -7.80823 -2.70524
v 8.3073 -7.66125 -1.91236
v 8.47461 -7.28938 -1.48335
v 8.30199 -6.36323 -7.75716
v 7.81017 -6.61673 -7.33326
v 8.08806 -6.19517 -1.96057
v 8.40586 -6.64095 -1.54299
v 7.9872 -6.14347 11.3139
v 8.15643 -6.26028 12.0576
v 7.99061 -6.00259 12.5853
v 8.05376 -4.89548 -8.71929
v 7.78602 -5.51119 -2.55179
v 8.21805 -5.47724 -2.17802
v 7.96695 -5.18234 11.2638
v 8.41532 -5.24881 11.7887
v 8.13049 -5.27983 12.9293
v 7.69052 -4.55423 13.4624
v 8.50316 -4.40579 -8.65463
v 8.52406 -3.29682 -7.58145
v 8.10937 -4.05319 -3.58954
v 7.85081 -4.19148 11.4519
v 8.1034 -3.81438 11.9143
v 8.43496 -3.63921 12.872
v 8.05968 -3.81401 13.4544
v 8.32007 -2.94973 -6.94868
v 7.88498 -2.80005 -6.00818
v 7.89665 -2.57338 12.066
v 8.32733 -2.49048 12.7876
v 8.03001 -2.49077 13.5418
v 7.80539 -1.68232 12.1553
v 8.13947 -1.56355 12.7428
v 8.00007 -1.4832 13.4097
v 7.77508 -0.252147 12.2885
v 7.88207 -0.195022 12.7869
v 7.99095 6.44001 -5.25539
v 7.99724 6.01793 -3.76005
v 8.22617 6.22853 -2.44493
v 7.82481 5.5194 -2.25456
v 7.98037 6.02319 -1.02281
v 7.7065 7.234 -7.86428
v 8.05402 7.19567 -6.74196
v 8.36687 7.14804 -5.47394
v 8.32008 6.81246 -1.14026
v 8.04746 6.98518 0.384797
v 7.70655 7.05345 2.04282
v 7.73753 8.82669 -10.3779
v 8.06704 8.76311 -9.42966
v 8.13187 8.35356 -8.55374
v 8.08585 7.96448 -8.01951
v 8.41982 7.92351 -6.93181
v 8.46726 8.18275 0.376789
v 8.06917 8.21385 2.22575
v 7.68892 7.97399 4.14999
v 7.72639 8.7494 4.41262
v 7.67846 9.71931 -11.5109
v 7.77562 9.69492 -11.2781
v 8.22945 9.58263 -10.1775
v 8.26942 9.4375 2.41446
v 7.74193 10.6197 -12.559
v 7.99476 10.5832 -11.6687
v 8.20356 10.532 -11.1822
v 8.46842 10.4705 -10.5239
v 8.28909 10.4325 2.37044
v 7.79031 11.6739 -13.116
v 8.00295 11.6237 -12.5786
v 8.25489 11.5817 -11.6882
v 8.41254 11.5455 -11.3189
v 8.25128 11.6758 1.99417
v 8.04824 12.8341 -12.8145
v 8.39544 12.763 -11.69
v 8.50668 12.9605 -11.3978
v 8.14827 13.0264 1.47359
v 7.69109 14.2177 -13.6068
v 8.0856 14.13 -12.7327
v 8.46759 14.4922 -11.601
v 8.44196 14.4743 -11.3127
v 7.97234 14.3433 0.996627
v 8.00446 15.4648 -12.6058
v 8.32013 15.4728 -11.6648
v 8.37324 15.7527 -11.1841
v 8.42591 15.7452 -1.14351
v 7.71672 15.6065 0.54612
v 7.69487 16.7824 -12.7072
v 7.9782 16.7392 -11.9519
v 8.11436 16.9 -11.0048
v 8.30117 17.0261 -10.5076
v 8.07433 16.9239 -1.4478
v 7.71985 17.9384 -11.529
v 7.83783 17.8533 -10.8922
v 7.96475 18.0297 -10.3667
v 8.36081 18.059 -9.56919
v 8.52012 18.2781 -4.46624
v 8.17456 18.1354 -3.14519
v 7.87425 19.1723 -10.0288
v 7.91024 19.0158 -9.43513
v 8.28899 19.1199 -8.62256
v 8.1316 19.2724 -7.70856
v 8.00442 19.652 -6.90055
v 8.10783 19.5194 -6.17564
v 8.11096 19.3751 -5.34933
v 7.97683 19.2268 -4.37463
v 7.75559 20.0146 -9.80943
v 8.09548 20.8162 -9.11326
v 7.99892 20.132 -8.58533
v 8.52334 21.775 -8.29135
v 8.02598 21.6618 -7.45956
v 7.99347 22.7842 -8.07042
v 8.34229 22.8367 -6.39378
v 8.26067 24.2109 -7.08163
v 7.8001 23.9084 -5.99819
v 8.46764 24.6058 -5.06219
v 7.80448 25.0921 -6.73682
v 8.0832 25.5876 -4.64165
v 8.2497 26.7068 -5.3301
v 7.72194 26.774 -4.23252
v 7.81453 27.8884 -4.24539
v 8.75096 -19.4228 -2.80606
v 9.34442 -20.0249 -0.0223494
v 8.89309 -20.2212 0.54591
v 8.54846 -20.2371 0.946684
v 9.20735 -19.7774 2.84409
v 8.56338 -19.6064 3.4807
v 9.28147 -19.4543 4.67112
v 9.27921 -18.8769 -3.53499
v 9.00576 -18.9099 4.92631
v 8.83756 -18.4207 5.0742
v 9.31318 -18.1926 6.0552
v 8.64165 -17.618 5.2409
v 9.11077 -17.1181 6.28877
v 8.60072 -15.8704 5.26345
v 9.16869 -16.0428 6.29472
v 8.58087 -14.8443 -5.20367
v 9.00125 -14.8021 4.88867
v 8.75399 -15.3576 5.12
v 9.40915 -15.1808 6.10027
v 9.18506 -13.5643 -2.57031
v 8.7725 -13.1714 -2.19872
v 9.25902 -13.0663 0.0403686
v 8.84091 -13.3651 0.355163
v 8.96359 -13.9081 2.80481
v 9.32512 -14.2363 4.58475
v 9.28466 -9.57379 -2.79155
v 9.27503 -9.49984 -2.02901
v 9.34051 -9.3642 -1.44382
v 9.07414 -8.4135 -5.21229
v 9.09357 -8.81519 -4.37374
v 8.85482 -8.94169 -3.62054
v 8.70101 -8.86528 -2.88358
v 8.76031 -8.70466 -2.02521
v 9.00953 -8.6162 -1.21809
v 9.28037 -8.38414 -0.528861
v 8.92011 -7.05028 -7.0797
v 9.09461 -7.8408 -6.11804
v 8.7826 -7.31212 -1.18403
v 9.22336 -7.69889 -0.560198
v 9.09707 -6.02711 -7.72827
v 9.22096 -6.82019 -7.30224
v 8.96651 -6.5474 -1.29205
v 8.93575 -5.60365 -7.98845
v 9.08176 -4.77979 -2.59429
v 8.6647 -4.99262 -2.30223
v 8.61144 -5.31533 12.2311
v 8.64309 -5.05424 12.6102
v 8.62117 -4.0732 -8.41372
v 8.59972 -3.59554 -7.94177
v 9.32882 -3.65705 -5.13563
v 8.97437 -3.70817 -4.57599
v 8.61476 -4.03455 12.775
v 8.56732 7.07742 -4.09468
v 8.73659 7.34885 -2.73835
v 8.62516 7.60755 -1.26037
v 8.78764 8.65957 -7.12225
v 8.8893 8.24629 -5.80543
v 9.06152 8.18728 -4.44035
v 9.19621 8.48433 -3.04563
v 8.91053 8.37999 -1.37966
v 8.69652 8.97125 0.367067
v 8.57004 9.51992 -9.17008
v 8.83846 9.47956 -8.30605
v 9.13047 9.44421 -7.30124
v 9.37721 9.40498 -6.13751
v 9.34696 10.0373 -1.66853
v 9.15739 9.17487 -1.51133
v 8.85774 9.82136 0.326603
v 8.6692 10.4302 -9.95536
v 9.02613 10.8911 -9.26954
v 9.27222 10.8522 -8.44928
v 9.42132 10.3178 -7.45676
v 8.9429 10.7938 0.196121
v 8.56737 11.5093 -10.9675
v 8.91138 11.8432 -10.1585
v 9.29399 12.5773 -9.27742
v 8.94398 11.9494 -0.0836504
v 8.72056 13.3697 -11.5467
v 8.91062 13.057 -11.2152
v 9.06661 13.1446 -10.5803
v 9.32323 13.873 -9.21592
v 9.40321 13.376 -2.38276
v 8.85927 13.2082 -0.440065
v 8.59682 14.1265 -11.551
v 8.73928 14.4039 -11.1884
v 8.99807 14.2062 -10.3653
v 9.23323 14.6461 -2.64673
v 8.68707 14.49 -0.800477
v 8.69409 15.5346 -10.9915
v 8.9409 15.6856 -10.2837
v 9.13242 15.2373 -9.42958
v 9.33083 16.0433 -4.46182
v 8.96951 15.8959 -2.87495
v 8.75755 16.6109 -10.85
v 9.00607 16.7922 -10.1487
v 8.98755 16.9513 -9.4617
v 9.12526 16.4925 -8.60617
v 9.39582 16.3781 -7.54088
v 9.15066 17.4694 -6.60154
v 9.13784 17.3461 -5.66369
v 8.97244 17.211 -4.49921
v 8.61243 17.0662 -3.03821
v 8.72015 17.9824 -10.191
v 8.81881 18.0548 -8.84966
v 9.11917 17.9916 -7.80861
v 8.59034 18.6747 -7.16707
v 8.68783 18.553 -6.41733
v 8.67782 18.419 -5.537
v 8.8576 19.2346 -9.41529
v 8.99651 19.6295 -7.85384
v 9.17725 20.461 -8.52948
v 8.58609 20.5012 -7.71287
v 9.34884 20.8588 -6.79879
v 9.28678 22.3393 -7.46832
v 8.90127 21.747 -6.65382
v 8.85958 23.1343 -7.33121
v 9.16442 23.2345 -5.57751
v 9.21988 24.5374 -6.33194
v 8.7002 24.1154 -5.28211
v 8.74122 25.4647 -6.01806
v 9.25244 25.1501 -4.17309
v 8.98365 25.897 -3.83843
v 9.29735 26.8599 -4.67274
v 8.70995 26.8632 -3.52291
v 9.03596 27.5799 -4.24174
v 8.72471 28.1683 -3.47281
v 10.0479 -19.506 -0.942289
v 9.69299 -19.7873 -0.478429
v 9.90987 -20.2146 2.11311
v 9.49941 -20.1524 2.54759
v 10.1113 -19.7727 3.84467
v 9.63815 -19.8108 4.32138
v 9.96323 -19.5584 5.40156
v 10.1973 -19.3369 6.2187
v 9.75376 -18.102 -4.07212
v 9.59604 -18.443 -3.90657
v 9.57181 -18.9303 5.79286
v 9.89005 -18.7423 6.5407
v 9.90645 -18.2265 7.11363
v 9.92848 -17.2217 -4.21911
v 9.51596 -17.1878 7.00028
v 10.04 -17.3103 7.75297
v 10.0213 -15.8864 -4.11612
v 9.77476 -15.9401 7.15296
v 9.92495 -16.3949 7.55753
v 10.0203 -14.7546 -3.79846
v 9.95432 -14.4537 6.16563
v 9.9077 -15.0788 6.78122
v 9.88742 -13.9131 -3.40538
v 9.61841 -13.5418 -3.04197
v 9.61642 -13.2626 2.24857
v 10.1332 -13.2024 3.82038
v 9.70822 -13.6923 4.22356
v 10.0413 -13.9017 5.49591
v 9.90045 -12.8072 -0.486084
v 10.0633 -12.9165 1.85779
v 10.0749 -9.47765 -4.15083
v 9.81395 -9.69106 -3.52295
v 9.97175 -10.0625 -2.77665
v 9.82768 -10.0457 -1.983
v 9.85041 -9.78466 -1.05104
v 10.0903 -9.68671 -0.460869
v 10.1129 -8.21073 -5.83258
v 9.91826 -8.55691 -5.27053
v 9.71545 -8.98986 -4.58885
v 9.6782 -8.74904 -0.240349
v 10.1211 -8.70976 0.264576
v 9.86278 -7.31673 -6.74112
v 9.9582 -7.85796 -6.25968
v 9.59716 -7.02676 -0.794985
v 9.82671 -7.426 -0.277514
v 10.1864 -7.83786 0.175328
v 9.50308 -6.18047 -7.43446
v 9.94878 -6.48776 -7.08263
v 10.1731 -6.15548 -0.814556
v 9.85267 -6.63172 -0.609767
v 9.59154 -5.29186 -7.69506
v 9.7972 -4.64387 -7.18271
v 10.0083 -4.50798 -3.39685
v 9.61833 -4.60297 -3.0114
v 9.94499 -5.42125 -1.75612
v 9.48337 -5.6213 -1.48877
v 9.79186 -4.26196 -6.65554
v 9.70341 -3.93608 -6.10122
v 9.52361 -3.72314 -5.55222
v 9.50984 9.35295 -4.79671
v 9.56242 9.71516 -3.37169
v 9.63317 11.3207 -7.57677
v 9.82069 11.2814 -6.51412
v 9.63839 10.2808 -6.34008
v 9.81749 10.7267 -5.13542
v 9.79351 11.1388 -3.71099
v 9.46045 11.0123 -1.86445
v 9.64014 12.2362 -10.7588
v 9.75885 12.3163 -10.4943
v 10.1785 12.3374 -9.75067
v 9.51905 12.5338 -8.50388
v 9.73902 12.4932 -7.64924
v 9.89946 12.4447 -6.64812
v 9.94591 12.3777 -5.43516
v 9.82393 12.2813 -3.945
v 9.47907 12.1449 -2.11227
v 9.52591 13.3362 -10.964
v 10.0101 13.3193 -10.0074
v 9.53635 13.8226 -8.47328
v 9.7364 13.7703 -7.67012
v 9.87326 13.7079 -6.73297
v 9.89677 13.627 -5.58834
v 9.7568 13.5191 -4.16277
v 9.78523 14.4942 -10.0621
v 10.1592 15.0833 -9.01079
v 10.295 14.5515 -8.9649
v 9.62283 15.087 -7.63535
v 9.74068 15.0083 -6.75956
v 9.74602 14.912 -5.6876
v 9.59236 14.7929 -4.34236
v 9.73175 15.731 -10.385
v 9.97687 15.6674 -9.03895
v 9.43896 15.1532 -8.39209
v 9.50028 16.283 -6.71879
v 9.49319 16.1719 -5.71777
v 9.95667 16.6256 -9.46093
v 10.2333 16.9364 -8.08775
v 9.4748 17.9814 -9.58284
v 9.83728 17.8164 -8.04416
v 9.89155 19.0174 -8.73753
v 9.82314 19.895 -6.91869
v 9.77923 21.4018 -7.61213
v 9.79639 22.0929 -5.80476
v 10.2172 22.8083 -6.59831
v 9.73503 23.6407 -6.49352
v 10.2864 23.1679 -4.90253
v 9.73621 24.1253 -4.6345
v 9.88217 25.4387 -5.37774
v 10.1874 25.278 -3.46434
v 9.97263 25.999 -3.10055
v 9.57669 26.1137 -5.08705
v 10.2638 27.2727 -3.75077
v 9.77002 26.7436 -2.8505
v 9.98676 27.9235 -3.39823
v 9.67104 28.2736 -2.77149
v 10.3855 -19.21 -1.37381
v 10.7313 -19.8913 1.20539
v 10.8919 -20.2166 3.04981
v 10.4185 -20.1874 3.52938
v 10.7699 -19.8594 4.59061
v 10.7896 -19.8368 5.44141
v 10.8034 -19.7082 6.21895
v 10.8215 -19.4531 6.91418
v 11.1561 -19.4016 7.4974
v 10.9228 -18.6297 -2.00448
v 10.4848 -19.0292 7.15589
v 10.7055 -18.5794 7.92785
v 10.9911 -18.265 8.44301
v 10.5842 -17.6918 8.30008
v 10.8611 -17.3653 8.4778
v 10.6211 -16.1495 8.04791
v 11.1509 -16.5998 8.45831
v 10.3327 -15.0371 7.25652
v 10.7672 -15.0411 7.61986
v 11.0606 -13.2217 -1.631
v 10.5993 -13.2289 -1.11047
v 10.447 -13.2963 5.09349
v 10.8359 -13.554 6.33815
v 10.8915 -14.2353 7.12305
v 10.3718 -12.8982 -0.914787
v 11.1608 -12.4079 0.860386
v 10.674 -12.563 1.31076
v 11.0319 -12.4831 2.95786
v 10.5826 -12.7989 3.39052
v 10.8871 -12.7723 4.65264
v 11.0297 -12.9723 5.68912
v 10.742 -10.5867 -2.10183
v 10.994 -10.6553 -1.31221
v 10.8457 -9.60731 -4.30714
v 10.7353 -9.95221 -3.71304
v 10.7643 -10.4038 -2.77265
v 10.5932 -10.5541 -1.79653
v 10.5402 -10.438 -1.19884
v 10.6849 -10.1039 -0.319165
v 10.8001 -9.57753 0.357629
v 10.6996 -8.23367 -5.75974
v 10.6568 -8.59653 -5.46329
v 10.7376 -9.21539 -4.81603
v 10.7638 -8.64782 0.617934
v 10.4931 -7.09244 -6.60036
v 10.8627 -7.70123 -6.00497
v 10.3732 -7.26277 -0.0175626
v 10.6877 -7.78341 0.342105
v 10.4852 -6.32178 -6.85884
v 10.4855 -6.88195 -6.4624
v 10.6679 -5.97679 -1.05645
v 10.6946 -6.66866 -0.247076
v 10.7609 -5.65833 -6.65655
v 10.8693 -5.30645 -6.15726
v 10.8938 -4.80301 -5.24624
v 10.7089 -4.51252 -4.5193
v 11.1317 -5.18722 -2.60692
v 10.7128 -5.25542 -2.2377
v 10.5073 -4.44435 -4.09065
v 10.333 -4.44845 -3.80718
v 10.6475 11.6692 -9.95926
v 10.4921 11.8068 -9.75768
v 10.9996 12.218 -8.81268
v 10.4515 12.9689 -10.2865
v 10.6195 13.2624 -8.85746
v 10.9708 14.7472 -9.6698
v 10.4119 14.0441 -8.91371
v 11.071 14.758 -8.01575
v 10.5997 15.6663 -9.70468
v 10.728 15.7455 -8.0853
v 10.8692 17.0719 -8.88989
v 10.3865 18.032 -8.8318
v 10.7576 17.8863 -7.07116
v 10.8691 19.2714 -7.86914
v 10.3006 18.892 -7.01049
v 10.3142 20.3647 -7.74996
v 10.5718 20.6613 -5.94621
v 10.7748 21.8265 -6.70228
v 10.793 22.3465 -4.9989
v 10.5036 24.3503 -5.61524
v 10.8141 23.9891 -4.05246
v 10.4897 24.5557 -3.84941
v 10.8399 25.6967 -4.60313
v 11.0841 25.4366 -2.69997
v 10.579 26.3448 -4.29305
v 10.4274 26.8029 -4.02562
v 10.8312 26.6311 -2.17792
v 10.8815 28.1446 -2.60492
v 10.5924 28.2409 -2.15304
v 11.5195 -19.3311 0.322089
v 11.641 -19.917 2.29362
v 11.5267 -20.236 3.83561
v 11.6077 -20.2282 4.78938
v 11.4534 -19.869 5.43706
v 11.7482 -19.8706 6.20524
v 11.6353 -19.8096 7.04005
v 11.7936 -19.5738 7.91962
v 11.8461 -19.1984 8.41196
v 11.3164 -17.9544 -2.43029
v 12.035 -18.8827 -0.245127
v 11.3773 -19.1255 8.14418
v 11.7826 -18.2863 8.63655
v 11.4791 -17.2663 -2.59033
v 11.7112 -17.2242 8.69842
v 11.5716 -16.1774 -2.62299
v 11.6857 -15.6517 8.25972
v 11.7356 -16.1563 8.57993
v 11.565 -15.2748 -2.50389
v 11.5232 -14.6801 -2.36048
v 11.8111 -14.9819 8.04931
v 11.9791 -15.0597 8.36395
v 11.3375 -13.7499 -1.99962
v 11.7515 -13.0661 0.388439
v 11.7339 -13.3795 7.02942
v 11.5527 -14.2361 7.54703
v 12.0262 -12.7644 0.0145246
v 11.7185 -12.7333 0.351528
v 11.8321 -12.1197 2.17971
v 11.4566 -12.2562 2.5463
v 11.7921 -12.0876 3.74153
v 11.6431 -12.1929 4.47435
v 11.7302 -12.2764 5.43092
v 11.7368 -12.6784 6.28351
v 11.7253 -10.6246 -2.50853
v 11.5537 -10.7288 -1.96903
v 11.621 -10.7261 -1.11639
v 11.7929 -10.6471 -0.636843
v 11.6644 -9.59084 -4.45471
v 11.6902 -10.1403 -3.61018
v 11.6098 -10.4483 -2.97598
v 11.539 -10.4042 -0.213002
v 11.65 -9.81161 0.53492
v 11.2254 -8.16522 -5.72709
v 11.642 -8.65447 -5.28949
v 11.7105 -9.30276 -4.77607
v 11.5965 -8.69854 0.796495
v 11.3218 -7.55271 -5.91344
v 11.8654 -7.87385 -5.47412
v 11.6111 -7.59235 0.560208
v 11.5127 -6.60815 -6.09278
v 11.8013 -5.97773 -5.36561
v 11.8204 -5.84334 -1.70043
v 11.6423 -6.1461 -1.07453
v 11.5458 -6.6586 -0.290633
v 11.9132 -5.51487 -4.36553
v 11.7461 -5.22876 -3.60415
v 11.4468 -5.15958 -3.02283
v 11.9682 11.1563 -9.09118
v 11.8247 11.1095 -8.83106
v 11.7716 12.0293 -9.30479
v 11.2984 11.5891 -8.78379
v 11.9574 12.1572 -7.67728
v 11.4799 13.0971 -9.4861
v 11.5254 13.207 -7.78282
v 11.252 13.9169 -9.59441
v 12.0156 14.6716 -8.85486
v 11.2199 14.2169 -7.93818
v 12.0391 14.5672 -6.96678
v 11.5118 15.7643 -8.9066
v 11.6884 15.6157 -7.07022
v 11.9502 17.0875 -8.01036
v 11.1771 16.9145 -7.0989
v 11.4212 18.1651 -7.95697
v 11.8112 18.0584 -6.07794
v 11.9743 19.5854 -6.89499
v 11.3509 19.11 -6.03845
v 11.3724 20.738 -6.80223
v 11.9327 20.403 -5.06703
v 11.8532 22.1892 -5.77002
v 11.3586 21.413 -5.04744
v 11.24 23.1782 -5.71902
v 11.5234 22.9128 -4.20964
v 11.704 24.2761 -4.85432
v 11.514 24.2836 -3.33614
v 11.984 24.7833 -2.46297
v 11.2638 24.9378 -4.79789
v 11.7744 25.7796 -3.91681
v 12.0272 25.5628 -1.8686
v 11.5668 26.5574 -3.4346
v 11.3944 27.1911 -3.02605
v 11.6543 26.8947 -1.53437
v 11.5308 28.2558 -1.79427
v 11.363 27.9304 -1.5491
v 12.4932 -19.3674 1.43246
v 12.3075 -19.9691 3.09878
v 12.5634 -20.128 3.907
v 12.5309 -20.2329 4.46996
v 12.437 -20.288 5.35029
v 12.3049 -20.0372 6.33828
v 12.5839 -19.9007 7.15002
v 12.5991 -19.7074 7.83472
v 12.2299 -19.3585 8.35321
v 12.5377 -18.2303 -0.778935
v 12.3105 -18.5742 -0.540165
v 12.7063 -18.8995 8.15502
v 12.396 -18.4954 8.50364
v 12.7879 -17.5876 -1.03668
v 12.797 -17.4363 8.18292
v 12.4206 -17.3456 8.63042
v 12.5808 -15.9874 8.0901
v 12.3814 -15.9715 8.52102
v 12.8865 -14.3433 -1.00475
v 12.4036 -14.7334 8.07774
v 12.2022 -15.1001 8.39583
v 12.7754 -13.7983 -0.843948
v 12.5593 -13.2048 -0.572656
v 12.7274 -13.277 7.37392
v 12.5411 -13.7983 7.79359
v 12.2389 -12.8256 -0.216807
v 12.715 -12.4704 1.36087
v 12.134 -12.0749 1.88199
v 12.2138 -11.9026 3.31551
v 12.6099 -11.9675 6.12238
v 12.5721 -12.6017 6.80614
v 12.4679 -10.6585 -1.92624
v 12.5246 -10.6968 -1.1763
v 12.3683 -10.6273 -0.579966
v 12.7371 -11.7965 2.78586
v 12.8037 -11.6064 3.86717
v 12.6289 -11.6271 4.49963
v 12.6436 -11.6649 5.3372
v 12.4876 -9.53857 -4.25297
v 12.5289 -9.97669 -3.66221
v 12.6016 -10.3558 -2.87407
v 12.8738 -10.5495 -2.06099
v 12.6437 -10.4815 -0.197762
v 12.5403 -9.79798 0.543867
v 12.3665 -8.42701 -4.98303
v 12.6585 -8.85849 -4.58111
v 12.4629 -8.9256 0.740646
v 12.4655 -7.53619 -5.23723
v 12.919 -7.29701 -4.76027
v 12.5962 -7.23633 -0.0366124
v 12.3958 -7.72608 0.442456
v 12.4065 -6.77602 -5.15947
v 12.6298 -6.495 -4.51302
v 12.7548 -6.16088 -3.60986
v 12.6015 -5.88919 -2.81904
v 12.2945 -5.81533 -2.23077
v 12.5772 -6.41209 -1.19663
v 12.526 -6.8785 -0.424051
v 12.633 11.0297 -7.62249
v 12.8436 12.4316 -8.44323
v 12.208 11.6729 -7.6495
v 12.7577 12.5096 -6.55557
v 12.5642 13.2557 -8.62661
v 12.4264 13.274 -6.69469
v 12.2636 14.0719 -8.78075
v 12.194 14.0149 -6.8617
v 12.6467 15.6337 -8.01379
v 12.6804 15.6874 -6.05664
v 12.2122 17.0424 -6.09497
v 12.5452 18.4113 -6.97738
v 12.9036 18.2958 -5.09484
v 12.4645 19.3521 -5.07655
v 12.4975 21.0926 -5.81989
v 12.4048 21.5977 -4.222
v 12.2804 23.4454 -4.86814
v 12.4326 22.9689 -3.50721
v 12.8902 23.2926 -2.86986
v 12.6589 24.4065 -4.11892
v 12.2467 24.1617 -2.79181
v 12.7384 24.4075 -2.0458
v 12.1852 25.0549 -4.10075
v 12.6276 25.6753 -3.36279
v 12.0729 25.5189 -1.82566
v 12.6412 26.288 -2.81651
v 12.579 26.8526 -2.37523
v 12.5745 26.5915 -1.04766
v 12.5214 27.6366 -1.82693
v 12.2586 27.9592 -1.28264
v 13.2006 -19.4444 2.25945
v 13.4837 -19.6882 3.08903
v 13.198 -19.9743 3.75356
v 13.4461 -20.1393 4.66077
v 13.3885 -20.261 5.50194
v 13.3422 -20.2885 6.23322
v 13.4348 -19.7969 7.18168
v 13.1567 -19.4406 7.63006
v 13.3277 -18.5603 0.583421
v 13.7848 -18.9743 1.69804
v 13.5309 -18.6091 7.32828
v 13.305 -18.6817 7.85909
v 13.082 -18.121 8.36195
v 12.9505 -16.801 -1.1977
v 13.7899 -17.7548 0.111112
v 13.7467 -17.136 7.40222
v 13.3851 -17.4474 7.96393
v 13.1058 -17.131 8.36051
v 13.0026 -15.8979 -1.22439
v 13.5975 -15.7964 7.46222
v 13.3835 -16.1576 7.88871
v 12.9437 -16.3114 8.33747
v 12.9651 -14.9523 -1.13286
v 13.5991 -14.7984 7.3435
v 13.3141 -14.8253 7.79605
v 13.6621 -13.0497 0.321105
v 13.4191 -13.543 7.31065
v 13.2615 -13.5709 7.60475
v 13.3181 -12.5941 0.685649
v 13.0171 -12.4514 1.01069
v 13.5109 -12.1862 2.06348
v 13.6292 -12.1654 6.56024
v 13.3117 -12.6256 7.09144
v 13.0341 -10.5942 -0.971688
v 13.5863 -11.5769 3.06304
v 13.398 -11.4519 3.69831
v 13.4673 -11.3204 4.45639
v 13.3765 -11.3928 5.3981
v 13.5658 -11.535 6.0011
v 13.2094 -9.56378 -3.57063
v 13.4806 -9.75722 -2.85912
v 13.5771 -10.0869 -2.0401
v 13.6063 -10.2315 -1.20109
v 13.5003 -10.0291 -0.267106
v 13.1586 -9.69114 0.338081
v 13.1825 -8.72703 -4.22167
v 13.4346 -9.02698 -3.69748
v 13.7769 -9.31146 -3.07617
v 13.5551 -8.32674 -0.0442474
v 13.3054 -8.91591 0.415378
v 13.2604 -7.65843 -4.34871
v 13.6018 -7.61243 -3.70708
v 13.7929 -7.34303 -2.89859
v 13.7235 -7.10191 -1.8435
v 13.4965 -7.12213 -1.15226
v 13.3073 -7.55414 -0.366969
v 13.1061 -8.00701 0.214435
v 13.3843 -6.85413 -3.34923
v 13.3981 -6.68745 -2.81545
v 13.1781 -6.47547 -2.02648
v 13.1668 11.4099 -8.18572
v 13.27 10.6976 -7.71538
v 13.6257 11.1169 -6.40492
v 13.0173 11.8922 -8.31278
v 13.1922 11.7539 -6.46441
v 13.741 12.5478 -5.44863
v 13.5869 13.5409 -7.76181
v 13.3902 13.293 -5.61451
v 13.1955 14.4473 -7.93282
v 13.0756 14.3168 -5.87371
v 13.5515 16.1898 -7.06342
v 13.7539 15.4852 -5.05212
v 13.0744 17.2635 -7.03749
v 13.3991 16.7982 -5.10228
v 13.6845 18.7295 -5.95614
v 13.1242 19.9266 -5.8786
v 13.537 19.5921 -4.15115
v 13.0047 20.6148 -4.1846
v 13.6053 21.4062 -4.85974
v 13.3444 21.7128 -3.43793
v 13.0989 23.0422 -4.47284
v 13.4676 22.5653 -2.80631
v 13.5009 23.2052 -2.2625
v 13.5017 24.413 -3.4837
v 13.1795 23.8208 -2.08658
v 13.7054 23.9527 -1.38299
v 12.9975 25.0302 -3.51903
v 13.4751 25.3736 -2.87394
v 13.7787 25.9019 -2.1338
v 13.2286 25.1687 -1.12863
v 13.5625 26.0391 -0.598696
v 13.265 27.0217 -1.69382
v 13.5351 27.264 -1.28745
v 13.3432 26.7956 -0.588431
v 13.0891 27.6453 -0.972933
v 14.1068 -19.4385 2.95231
v 14.1829 -19.7236 3.80355
v 14.2419 -19.9549 4.81609
v 14.3175 -19.9652 5.54117
v 14.3473 -19.6126 6.33429
v 13.9969 -19.5457 6.95076
v 13.8047 -19.1717 7.52671
v 14.2307 -18.4117 1.2552
v 14.4688 -18.8696 2.17487
v 14.6723 -19.1413 2.86334
v 14.538 -18.583 6.47762
v 14.2189 -18.5969 7.05377
v 13.9609 -18.4784 7.57233
v 13.948 -17.2205 -0.0494264
v 14.583 -17.7129 0.899874
v 14.5373 -17.136 6.6029
v 14.1112 -17.358 6.96473
v 13.9493 -17.3131 7.71553
v 14.0903 -16.2983 -0.188702
v 14.4448 -16.2453 6.47854
v 14.3157 -16.0974 7.09573
v 13.9905 -16.3518 7.63935
v 14.0976 -14.9857 -0.176341
v 14.6145 -15.254 6.51826
v 14.2573 -14.9256 7.10481
v 13.931 -15.2265 7.5203
v 13.9656 -14.0379 -0.0178714
v 14.235 -13.3562 0.49528
v 14.4578 -13.4647 6.56201
v 14.2059 -13.6692 7.09829
v 14.1876 -12.4465 1.31567
v 14.3497 -11.992 2.3194
v 14.3472 -12.0018 2.78013
v 14.36 -12.0679 6.36865
v 14.0474 -12.4996 6.868
v 14.2775 -11.6512 3.00512
v 14.2424 -11.3302 3.7585
v 14.2936 -11.2064 4.55767
v 14.2813 -11.283 5.50348
v 14.1946 -11.6673 6.12223
v 13.8977 -9.44534 -2.66056
v 13.9742 -9.64138 -1.98983
v 13.9969 -9.74429 -1.19
v 13.9431 -9.64923 -0.468617
v 13.8664 -8.42296 -3.45363
v 14.014 -8.84139 -2.88065
v 14.2014 -8.92063 -2.02625
v 14.1857 -8.91486 -1.17177
v 13.9325 -8.9158 -0.363149
v 13.8385 -7.93757 -3.43839
v 13.9684 -7.80237 -2.79624
v 14.0429 -7.77002 -2.09168
v 13.9947 -7.87468 -1.27133
v 14.5652 10.9981 -6.96884
v 14.4194 10.5484 -6.38613
v 14.6709 11.2117 -5.26292
v 14.1288 12.1829 -7.37578
v 14.3281 11.656 -7.20623
v 14.2045 11.8231 -5.33762
v 13.9159 12.7304 -7.54198
v 14.5928 13.8003 -6.84113
v 14.4067 13.2591 -4.54046
v 14.3074 14.4557 -6.96517
v 13.9114 14.798 -4.95522
v 14.0462 14.2243 -4.82403
v 13.966 15.2379 -7.04328
v 14.6068 15.7949 -4.14122
v 14.6178 16.4457 -6.07722
v 14.452 16.6255 -4.16934
v 14.1815 17.5523 -6.02989
v 14.0888 18.0608 -4.15892
v 14.4637 19.8041 -3.28866
v 14.2356 20.2622 -4.88344
v 13.9476 20.7779 -3.35382
v 14.6559 20.877 -2.59174
v 14.6114 21.6566 -3.97859
v 14.0772 21.7524 -2.70115
v 14.662 21.7553 -2.01285
v 14.0261 23.1691 -3.71422
v 14.0345 22.8444 -1.91798
v 14.514 22.8481 -1.34008
v 14.2204 24.3629 -2.9267
v 14.0642 24.1648 -0.944313
v 14.513 24.3551 -0.520526
v 14.1274 24.9775 -2.59656
v 14.4898 25.0398 -2.1865
v 14.274 25.7389 -0.280411
v 13.9592 26.2278 -1.6946
v 14.1533 26.9058 -0.988874
v 13.9564 27.0284 -0.565586
v 15.039 -19.1979 3.6285
v 14.9583 -19.452 4.40597
v 14.9436 -19.3094 5.50354
v 14.8748 -19.294 6.00066
v 15.1039 -18.2305 1.99959
v 15.1405 -18.7392 2.80727
v 15.4881 -18.7112 3.8306
v 15.38 -18.8803 4.78265
v 15.3134 -18.847 5.36899
v 15.009 -18.5231 6.20489
v 14.85 -18.3045 6.70374
v 14.765 -17.1216 0.717245
v 15.2564 -17.3584 1.39487
v 15.4085 -17.6409 5.40147
v 15.1712 -17.3616 6.27718
v 14.8849 -17.3342 6.85301
v 14.9383 -16.1142 0.5454
v 15.5207 -16.3166 1.13305
v 15.3932 -15.9847 5.70084
v 15.1007 -16.2346 6.28062
v 14.9272 -15.9358 6.856
v 14.9575 -14.7259 0.530325
v 15.1967 -14.5359 5.77308
v 14.9652 -15.0209 6.19581
v 14.7863 -14.7304 6.88458
v 14.8051 -13.7643 0.686174
v 15.4492 -13.5223 1.19342
v 15.388 -13.6462 5.54799
v 15.104 -13.539 6.30533
v 14.8717 -13.7276 6.74359
v 15.1741 -12.7794 1.45941
v 15.094 -12.1082 2.11796
v 15.119 -11.8213 2.76112
v 14.9434 -11.8681 3.37783
v 15.2969 -12.0592 5.57287
v 15.0536 -12.2008 6.08149
v 15.0692 -11.7219 3.17611
v 15.2223 -11.6023 3.76091
v 15.2152 -11.2721 4.59283
v 15.1853 -11.4712 5.42903
v 14.9384 -11.7882 5.96784
v 14.7243 10.4277 -6.63976
v 14.6893 10.3867 -6.47483
v 15.2281 10.719 -5.21806
v 15.3862 11.9144 -6.21872
v 15.1145 12.1041 -4.29125
v 14.8394 13.2288 -6.6832
v 15.0643 12.6984 -6.50342
v 15.3166 13.4272 -3.53868
v 15.3197 14.6475 -6.00207
v 14.9123 14.2983 -3.85342
v 15.4898 14.9167 -3.17482
v 14.9963 15.4605 -6.07549
v 14.7253 15.1056 -4.05917
v 15.3591 15.805 -3.30481
v 15.2219 16.9535 -3.32726
v 15.2112 17.9063 -5.04618
v 15.0681 17.8566 -3.30212
v 14.7656 19.0785 -4.95637
v 14.8263 18.8185 -3.28034
v 15.3038 19.496 -2.51252
v 15.2256 20.5597 -3.97303
v 15.2008 20.9429 -1.89389
v 15.4315 21.8214 -3.23325
v 15.1578 21.7602 -1.37424
v 14.7796 22.786 -3.30804
v 15.1702 23.2319 -2.74224
v 15.4712 23.6016 -2.26104
v 15.0775 22.4994 -0.951015
v 15.1636 23.401 -0.430139
v 14.8032 24.3233 -2.42594
v 15.3024 24.3011 -1.9511
v 15.1101 24.4122 -0.105594
v 14.8327 25.141 -1.75321
v 15.0219 25.5844 -1.20379
v 15.1123 25.5203 -0.375869
v 15.3725 25.3104 0.188069
v 14.828 26.4042 -0.322824
v 15.6537 -18.1899 3.04042
v 15.906 -18.0098 4.08246
v 15.7885 -18.4222 4.51218
v 15.6732 -18.3671 5.23868
v 15.8182 -17.2483 2.1375
v 16.0149 -17.4882 3.02357
v 16.2223 -17.4033 3.88095
v 16.0867 -17.4323 4.67023
v 15.8918 -17.1978 5.42523
v 15.7978 -15.8706 1.31052
v 16.3146 -16.0151 2.04233
v 16.3413 -16.6266 2.98832
v 16.3342 -16.3255 3.93277
v 16.0185 -16.0176 4.79202
v 16.0922 -16.0294 5.41203
v 15.7494 -16.0374 6.01511
v 15.9625 -14.943 1.29536
v 16.137 -14.9751 4.82375
v 16.02 -14.8265 5.49721
v 15.7736 -14.5995 5.99792
v 15.8677 -13.7924 1.37495
v 16.3288 -13.134 1.96167
v 16.2621 -13.5752 4.77951
v 16.0484 -13.5435 5.37514
v 15.6199 -13.7114 6.06764
v 15.9801 -12.4499 2.24405
v 16.1772 -12.0305 2.89872
v 16.3244 -11.8646 3.37073
v 16.045 -12.1554 4.74931
v 15.7811 -12.383 5.27013
v 15.7019 -12.8103 5.84046
v 15.7857 -11.7299 3.18665
v 15.8614 -11.6558 3.9325
v 15.8406 -11.6422 4.4829
v 15.5847 -11.6306 5.23755
v 15.7256 11.042 -5.85979
v 15.7672 10.5493 -5.34451
v 16.0732 11.0772 -4.16699
v 16.2981 12.3787 -5.28802
v 15.5841 11.5139 -4.21519
v 16.221 12.1719 -3.28764
v 15.8504 13.3972 -5.69552
v 16.0797 12.8808 -5.495
v 15.7618 12.7939 -3.36296
v 16.1402 13.8226 -2.62799
v 15.6004 13.9715 -5.87081
v 16.201 14.9733 -5.0937
v 15.8646 14.553 -2.73786
v 16.3538 14.7917 -2.15717
v 15.913 15.8023 -5.14718
v 15.9178 15.5693 -2.61838
v 16.2881 15.786 -2.11108
v 15.5883 16.7971 -5.12056
v 16.4168 17.1927 -4.24643
v 15.8149 16.8648 -2.62377
v 16.2254 17.1493 -2.01642
v 16.1031 18.2779 -4.14497
v 15.671 18.1156 -2.54732
v 16.1187 18.3561 -1.88153
v 15.7144 19.4169 -4.04117
v 15.94 19.2205 -1.82424
v 16.3209 19.4146 -1.20852
v 16.0111 20.7864 -3.21086
v 15.6438 20.0927 -1.82058
v 15.8524 20.615 -1.22448
v 16.0854 21.098 -0.673007
v 16.1058 21.9223 -2.59248
v 15.6296 21.7992 -0.786655
v 16.1423 21.9042 -0.251466
v 16.0635 23.1877 -1.93636
v 15.8607 22.6507 -0.191533
v 15.9844 23.5523 0.201046
v 16.0032 24.2945 -1.23656
v 16.0458 24.4759 0.399316
v 15.7704 25.0971 -0.841801
v 15.8218 25.5651 -0.121191
v 15.695 25.5088 0.170978
v 16.5446 -16.9102 3.80402
v 16.4367 -17.1426 4.28524
v 16.5426 -15.8513 2.49819
v 16.8347 -15.6995 3.25285
v 16.7874 -16.0874 3.58783
v 16.596 -16.0866 4.56955
v 16.5748 -14.8693 2.00149
v 17.0726 -14.7518 3.12708
v 17.0129 -14.8287 3.70291
v 16.7155 -14.9 4.49049
v 16.4691 -14.8462 5.11395
v 16.6815 -13.8281 2.08694
v 17.0608 -13.8605 3.15212
v 17.0332 -13.5355 3.70395
v 16.7476 -13.6239 4.50828
v 16.5329 -13.8264 5.02246
v 16.6165 -12.9828 2.31105
v 16.7707 -12.4845 3.02763
v 16.7188 -12.4194 3.91013
v 16.5789 -12.4463 4.46057
v 16.4236 -11.7525 4.00569
v 16.6987 10.8702 -4.32397
v 17.1352 11.3644 -3.21683
v 16.5744 11.6972 -4.99357
v 16.7521 11.6081 -3.23366
v 17.1579 12.4163 -2.43282
v 16.9344 13.2748 -4.55584
v 16.6078 13.2278 -2.47268
v 16.4626 14.2919 -4.96868
v 17.149 14.72 -4.18613
v 16.8643 14.4421 -1.82095
v 16.8 15.7974 -4.29887
v 16.6185 15.8977 -1.68683
v 17.0735 15.4942 -1.33254
v 17.2635 16.6355 -3.60568
v 16.9031 16.7726 -1.21929
v 16.927 18.1004 -3.44633
v 16.6522 18.1476 -1.19243
v 16.4574 19.7035 -3.27365
v 17.0427 19.9494 -2.61884
v 16.9751 19.398 -0.431528
v 16.6387 20.959 -2.56218
v 17.155 21.0946 -1.99221
v 16.6627 20.4882 -0.359661
v 16.6744 21.981 -2.02501
v 17.1775 22.019 -1.49962
v 16.5674 21.249 -0.141048
v 16.9635 21.8918 0.38107
v 16.6488 22.7986 -1.59801
v 16.9084 23.2671 -1.03424
v 16.761 23.1243 0.561779
v 16.8733 24.3909 -0.217626
v 16.7239 24.5321 0.406666
v 16.5873 24.888 -0.135843
v 17.5004 11.2989 -3.37427
v 17.3442 12.3876 -4.1152
v 17.5405 11.7901 -3.86287
v 17.9537 11.9657 -2.53463
v 18.0314 12.6395 -1.73557
v 17.8336 13.4738 -3.47758
v 17.5687 13.2932 -1.72431
v 17.6184 14.5372 -3.67464
v 18.0975 14.5996 -3.06291
v 17.9064 14.232 -1.11158
v 17.5363 15.5216 -3.60818
v 17.9396 15.8097 -3.07199
v 17.5877 15.4158 -0.955976
v 18.1695 16.0693 -0.356111
v 17.9876 16.9146 -2.7119
v 17.525 17.111 -0.555084
v 17.5572 17.9427 -2.87172
v 17.9663 18.2571 -2.3053
v 17.5546 18.0987 -0.272773
v 17.777 18.7341 0.0840796
v 17.341 18.9313 -2.73213
v 17.9764 19.3447 -1.88305
v 17.9262 19.6822 0.449729
v 17.5185 20.1658 -2.04176
v 17.7698 20.787 -1.48683
v 17.6833 20.6477 0.545803
v 17.8474 21.6902 -0.967245
v 18.0878 22.0954 -0.501647
v 17.5658 21.979 0.797009
v 17.9464 21.7921 0.986551
v 17.739 23.0885 -0.264867
v 18.0218 23.2607 0.665149
v 17.8403 22.9113 1.0023
v 17.4318 23.952 0.492733
v 18.2792 11.8727 -2.70424
v 18.5977 12.4248 -1.88622
v 18.7435 13.205 -2.28046
v 18.7783 13.1259 -1.26865
v 18.9292 13.8646 -0.703204
v 18.4603 14.1991 -2.59566
v 18.6591 14.5646 -0.535232
v 18.3771 15.5017 -2.554
v 18.8444 15.3572 -1.91251
v 18.5654 15.5268 -0.273184
v 18.6209 16.5615 -1.98137
v 18.3977 16.8268 -0.00231241
v 18.939 16.7433 0.278975
v 18.3754 18.0486 -1.87493
v 18.7638 17.7818 -1.4631
v 18.6242 18.0319 0.449064
v 18.6191 19.2698 -1.15861
v 18.9648 19.5195 -0.647084
v 18.6073 19.1005 0.714258
v 18.9382 19.6058 1.01097
v 18.3349 20.5548 -0.980907
v 18.8627 20.8031 -0.261898
v 18.6872 20.5928 1.11143
v 18.5542 21.6895 -0.186683
v 18.8835 22.061 0.650028
v 18.7802 21.8209 1.08566
v 18.4644 22.7868 0.710094
v 18.3982 22.6186 1.0516
v 19.1994 13.4506 -1.62279
v 19.2835 13.5511 -1.0255
v 19.0714 13.8122 -0.715568
v 19.1154 14.3257 -1.67996
v 19.5321 14.5556 -1.03275
v 19.4737 14.6313 -0.467905
v 19.4141 15.9621 -1.00171
v 19.6086 15.6501 -0.174784
v 19.3008 15.7365 0.0861496
v 19.1027 16.7875 -1.25469
v 19.6994 16.8972 -0.351601
v 19.6205 16.79 0.246464
v 19.0948 18.0347 -0.951045
v 19.624 18.256 -0.143206
v 19.656 17.8984 0.505664
v 19.3298 19.3457 -0.247999
v 19.6703 19.3068 0.673839
v 19.3993 19.4299 1.00419
v 19.2056 20.1702 -0.111269
v 19.4775 20.6378 0.658823
v 19.352 20.7735 1.0472
v 19.2389 21.6334 0.700448
v 19.1826 21.6113 0.996546
f 1838 1837 1998
f 1838 1998 2001
f 1997 2167 1998
f 1997 1998 1837
f 2309 2310 1998
f 2309 1998 2167
f 2171 2001 1998
f 2171 1998 2310
f 1997 2166 2167
f 2165 2303 2166
f 2304 2305 2166
f 2304 2166 2303
f 2309 2167 2166
f 2309 2166 2305
f 2559 2560 2434
f 2559 2434 2433
f 2561 2435 2434
f 2561 2434 2560
f 2309 2305 2434
f 2309 2434 2435
f 2304 2433 2434
f 2304 2434 2305
f 2561 2562 2438
f 2561 2438 2435
f 2566 2438 2562
f 2171 2310 2438
f 2309 2435 2438
f 2309 2438 2310
f 2566 2562 2676
f 2566 2676 2677
f 2561 2675 2676
f 2561 2676 2562
f 2798 2799 2676
f 2798 2676 2675
f 2800 2677 2676
f 2800 2676 2799
f 2561 2560 2674
f 2561 2674 2675
f 2559 2673 2674
f 2559 2674 2560
f 2673 2797 2674
f 2798 2675 2674
f 2798 2674 2797
f 2795 2936 2796
f 2937 2798 2796
f 2937 2796 2936
f 2798 2797 2796
f 2673 2795 2796
f 2673 2796 2797
f 2937 2938 2798
f 3086 2939 2938
f 2800 2799 2938
f 2800 2938 2939
f 2798 2938 2799
f 2935 3081 3082
f 3081 3248 3082
f 3249 3250 3082
f 3249 3082 3248
f 3083 3082 3250
f 3081 3247 3427
f 3081 3427 3248
f 3425 3426 3427
f 3425 3427 3247
f 3591 3428 3427
f 3591 3427 3426
f 3249 3248 3427
f 3249 3427 3428
f 3743 3594 3593
f 3743 3593 3592
f 3430 3429 3593
f 3430 3593 3594
f 3249 3428 3593
f 3249 3593 3429
f 3591 3592 3593
f 3591 3593 3428
f 3430 3251 3429
f 3252 3251 3430
f 3083 3250 3251
f 3249 3429 3251
f 3249 3251 3250
f 3743 3592 3742
f 3743 3742 3876
f 3591 3730 3742
f 3591 3742 3592
f 3741 3875 3742
f 3741 3742 3730
f 3887 3876 3742
f 3887 3742 3875
f 3591 3426 3590
f 3591 3590 3730
f 3425 3590 3426
f 3589 3729 3590
f 3589 3590 3425
f 3741 3730 3590
f 3741 3590 3729
f 3739 3740 3589
f 3873 3874 3740
f 3873 3740 3739
f 3741 3729 3740
f 3741 3740 3874
f 3589 3740 3729
f 3873 4029 3874
f 4029 4030 3874
f 3887 3875 3874
f 3887 3874 4030
f 3741 3874 3875
f 1044 1257 1491
f 1044 1491 1493
f 1255 1697 1491
f 1255 1491 1257
f 1847 1491 1697
f 1849 1493 1491
f 1849 1491 1847
f 1255 1253 1695
f 1255 1695 1697
f 1488 1694 1695
f 1488 1695 1253
f 2007 1844 1695
f 2007 1695 1694
f 1847 1697 1695
f 1847 1695 1844
f 2446 2176 2174
f 2448 2176 2446
f 1847 1844 2176
f 2007 2174 2176
f 2007 2176 1844
f 2448 2178 2176
f 2577 2180 2178
f 2577 2178 2448
f 1849 1847 2178
f 1849 2178 2180
f 1847 2176 2178
f 4060 4202 4206
f 4060 4206 4211
f 4201 4200 4206
f 4201 4206 4202
f 4325 4332 4206
f 4325 4206 4200
f 4337 4211 4206
f 4337 4206 4332
f 4201 4048 4200
f 4041 4193 4200
f 4041 4200 4048
f 4192 4199 4200
f 4192 4200 4193
f 4325 4200 4199
f 4318 4323 4324
f 4318 4324 4319
f 4451 4331 4324
f 4451 4324 4323
f 4325 4199 4324
f 4325 4324 4331
f 4192 4319 4324
f 4192 4324 4199
f 4451 4330 4331
f 4456 4457 4330
f 4456 4330 4451
f 4337 4332 4330
f 4337 4330 4457
f 4325 4331 4330
f 4325 4330 4332
f 1050 1049 1499
f 1050 1499 1501
f 1048 1497 1499
f 1048 1499 1049
f 1853 1855 1499
f 1853 1499 1497
f 1857 1501 1499
f 1857 1499 1855
f 1048 1046 1495
f 1048 1495 1497
f 1044 1493 1495
f 1044 1495 1046
f 1849 1851 1495
f 1849 1495 1493
f 1853 1497 1495
f 1853 1495 1851
f 2577 2452 2182
f 2577 2182 2180
f 2454 2184 2182
f 2454 2182 2452
f 1853 1851 2182
f 1853 2182 2184
f 1849 2180 2182
f 1849 2182 1851
f 2454 2326 2186
f 2454 2186 2184
f 2328 2019 2186
f 2328 2186 2326
f 1857 1855 2186
f 1857 2186 2019
f 1853 2184 2186
f 1853 2186 1855
f 2328 2326 2580
f 2328 2580 2582
f 2454 2579 2580
f 2454 2580 2326
f 2827 2699 2580
f 2827 2580 2579
f 2701 2582 2580
f 2701 2580 2699
f 2454 2452 2695
f 2454 2695 2579
f 2577 2694 2695
f 2577 2695 2452
f 2961 2824 2695
f 2961 2695 2694
f 2827 2579 2695
f 2827 2695 2824
f 3113 3115 2964
f 3118 2967 2964
f 3118 2964 3115
f 2827 2824 2964
f 2827 2964 2967
f 2961 3113 2964
f 2961 2964 2824
f 3118 3120 2968
f 3118 2968 2967
f 2969 2830 2968
f 2969 2968 3120
f 2701 2699 2968
f 2701 2968 2830
f 2827 2967 2968
f 2827 2968 2699
f 3460 3625 3628
f 3460 3628 3462
f 3763 3766 3628
f 3763 3628 3625
f 3771 3633 3628
f 3771 3628 3766
f 3464 3462 3628
f 3464 3628 3633
f 3763 3911 3913
f 3763 3913 3766
f 4060 4066 3913
f 4060 3913 3911
f 4070 3916 3913
f 4070 3913 4066
f 3771 3766 3913
f 3771 3913 3916
f 4076 3775 3918
f 4076 3918 4073
f 3636 3773 3918
f 3636 3918 3775
f 3771 3916 3918
f 3771 3918 3773
f 4070 4073 3918
f 4070 3918 3916
f 3636 3469 3466
f 3636 3466 3773
f 3287 3467 3466
f 3287 3466 3469
f 3464 3633 3466
f 3464 3466 3467
f 3771 3773 3466
f 3771 3466 3633
f 4076 4073 4225
f 4076 4225 4230
f 4070 4220 4225
f 4070 4225 4073
f 4347 4352 4225
f 4347 4225 4220
f 4229 4230 4225
f 4229 4225 4352
f 4070 4066 4216
f 4070 4216 4220
f 4060 4211 4216
f 4060 4216 4066
f 4337 4341 4216
f 4337 4216 4211
f 4347 4220 4216
f 4347 4216 4341
f 4456 4465 4466
f 4456 4466 4457
f 4473 4346 4466
f 4473 4466 4465
f 4347 4341 4466
f 4347 4466 4346
f 4337 4457 4466
f 4337 4466 4341
f 4473 4480 4351
f 4473 4351 4346
f 4356 4357 4351
f 4356 4351 4480
f 4229 4352 4351
f 4229 4351 4357
f 4347 4346 4351
f 4347 4351 4352
f 1515 1706 1870
f 1515 1870 1711
f 1866 2033 1870
f 1866 1870 1706
f 2032 1870 2033
f 1869 1711 1870
f 1866 2194 2200
f 1866 2200 2033
f 2338 2346 2200
f 2338 2200 2194
f 2345 2199 2200
f 2345 2200 2346
f 2032 2033 2200
f 2032 2200 2199
f 2206 2040 2207
f 1869 1870 2040
f 2032 2199 2040
f 2032 2040 1870
f 2345 2207 2040
f 2345 2040 2199
f 2206 2207 2354
f 2206 2354 2353
f 2345 2468 2354
f 2345 2354 2207
f 2590 2475 2354
f 2590 2354 2468
f 2475 2353 2354
f 2345 2346 2469
f 2345 2469 2468
f 2338 2462 2469
f 2338 2469 2346
f 2587 2591 2469
f 2587 2469 2462
f 2590 2468 2469
f 2590 2469 2591
f 2838 2843 2712
f 2838 2712 2708
f 2711 2712 2843
f 2590 2591 2712
f 2590 2712 2711
f 2587 2708 2712
f 2587 2712 2591
f 2711 2718 2597
f 2717 2596 2597
f 2717 2597 2718
f 2475 2597 2596
f 2590 2711 2597
f 2590 2597 2475
f 3131 3294 3134
f 3475 3299 3134
f 3475 3134 3294
f 3298 3133 3134
f 3298 3134 3299
f 2980 3134 3133
f 3475 3644 3480
f 3475 3480 3299
f 3783 3647 3480
f 3783 3480 3644
f 3647 3479 3480
f 3298 3299 3480
f 3298 3480 3479
f 3488 3304 3489
f 3488 3489 3657
f 3140 3305 3489
f 3140 3489 3304
f 3298 3479 3489
f 3298 3489 3305
f 3647 3657 3489
f 3647 3489 3479
f 3140 2986 3141
f 3140 3141 3305
f 2986 2987 3141
f 2980 3133 3141
f 2980 3141 2987
f 3298 3305 3141
f 3298 3141 3133
f 3488 3657 3799
f 3488 3799 3656
f 3647 3791 3799
f 3647 3799 3657
f 3790 3799 3791
f 3789 3656 3799
f 3789 3799 3790
f 3783 3931 3791
f 3783 3791 3647
f 3930 3941 3791
f 3930 3791 3931
f 3790 3791 3941
f 4102 3939 3940
f 4102 3940 4092
f 3789 3790 3940
f 3789 3940 3939
f 3790 3941 3940
f 3930 4092 3940
f 3930 3940 3941
f 1488 1486 1691
f 1488 1691 1694
f 1688 1840 1691
f 1688 1691 1486
f 2003 2006 1691
f 2003 1691 1840
f 2007 1694 1691
f 2007 1691 2006
f 1838 2001 1840
f 1838 1840 1688
f 2171 1840 2001
f 2003 1840 2171
f 2566 2567 2313
f 2566 2313 2438
f 2441 2315 2313
f 2441 2313 2567
f 2003 2171 2313
f 2003 2313 2315
f 2171 2438 2313
f 2441 2443 2316
f 2441 2316 2315
f 2446 2174 2316
f 2446 2316 2443
f 2007 2006 2316
f 2007 2316 2174
f 2003 2315 2316
f 2003 2316 2006
f 4041 4040 4193
f 3889 4040 4041
f 4039 4192 4040
f 4192 4193 4040
f 3889 3877 3888
f 3889 3888 4040
f 3743 3876 3888
f 3743 3888 3877
f 3887 4031 3888
f 3887 3888 3876
f 4039 4040 3888
f 4039 3888 4031
f 4029 4186 4030
f 4185 4187 4030
f 4185 4030 4186
f 4039 4031 4030
f 4039 4030 4187
f 3887 4030 4031
f 4185 4318 4191
f 4185 4191 4187
f 4318 4319 4191
f 4192 4191 4319
f 4039 4187 4191
f 4039 4191 4192
f 1515 1509 1707
f 1515 1707 1706
f 1265 1506 1707
f 1265 1707 1509
f 1862 1867 1707
f 1862 1707 1506
f 1866 1706 1707
f 1866 1707 1867
f 1265 1263 1503
f 1265 1503 1506
f 1050 1501 1503
f 1050 1503 1263
f 1857 1859 1503
f 1857 1503 1501
f 1862 1506 1503
f 1862 1503 1859
f 2328 2330 2021
f 2328 2021 2019
f 2333 2024 2021
f 2333 2021 2330
f 1862 1859 2021
f 1862 2021 2024
f 1857 2019 2021
f 1857 2021 1859
f 2333 2339 2028
f 2333 2028 2024
f 2338 2194 2028
f 2338 2028 2339
f 1866 1867 2028
f 1866 2028 2194
f 1862 2024 2028
f 1862 2028 1867
f 2338 2339 2463
f 2338 2463 2462
f 2333 2458 2463
f 2333 2463 2339
f 2706 2705 2463
f 2706 2463 2458
f 2587 2462 2463
f 2587 2463 2705
f 2333 2330 2584
f 2333 2584 2458
f 2328 2582 2584
f 2328 2584 2330
f 2701 2703 2584
f 2701 2584 2582
f 2706 2458 2584
f 2706 2584 2703
f 2969 2970 2832
f 2969 2832 2830
f 2973 2836 2832
f 2973 2832 2970
f 2706 2703 2832
f 2706 2832 2836
f 2701 2830 2832
f 2701 2832 2703
f 2973 2835 2836
f 2838 2708 2835
f 2587 2705 2835
f 2587 2835 2708
f 2706 2836 2835
f 2706 2835 2705
f 3287 3469 3470
f 3287 3470 3289
f 3636 3638 3470
f 3636 3470 3469
f 3641 3473 3470
f 3641 3470 3638
f 3292 3289 3470
f 3292 3470 3473
f 3636 3775 3777
f 3636 3777 3638
f 4076 3923 3777
f 4076 3777 3775
f 3926 3779 3777
f 3926 3777 3923
f 3641 3638 3777
f 3641 3777 3779
f 3783 3644 3640
f 3783 3640 3784
f 3475 3472 3640
f 3475 3640 3644
f 3641 3779 3640
f 3641 3640 3472
f 3926 3784 3640
f 3926 3640 3779
f 3475 3294 3291
f 3475 3291 3472
f 3131 3127 3291
f 3131 3291 3294
f 3292 3473 3291
f 3292 3291 3127
f 3641 3472 3291
f 3641 3291 3473
f 3783 3784 3931
f 3926 4086 3931
f 3926 3931 3784
f 4085 4094 3931
f 4085 3931 4086
f 3930 3931 4094
f 3926 3923 4079
f 3926 4079 4086
f 4076 4230 4079
f 4076 4079 3923
f 4229 4235 4079
f 4229 4079 4230
f 4085 4086 4079
f 4085 4079 4235
f 4356 4365 4366
f 4356 4366 4357
f 4240 4241 4366
f 4240 4366 4365
f 4085 4235 4366
f 4085 4366 4241
f 4229 4357 4366
f 4229 4366 4235
f 4240 4249 4093
f 4240 4093 4241
f 4102 4092 4093
f 4102 4093 4249
f 3930 4094 4093
f 3930 4093 4092
f 4085 4241 4093
f 4085 4093 4094
f 2165 2166 1996
f 2165 1996 2164
f 1997 1833 1996
f 1997 1996 2166
f 1832 1996 1833
f 1995 2164 1996
f 1995 1996 1832
f 1997 1837 1836
f 1997 1836 1833
f 1838 1686 1836
f 1838 1836 1837
f 1480 1685 1836
f 1480 1836 1686
f 1832 1833 1836
f 1832 1836 1685
f 1242 1478 1479
f 1242 1479 1243
f 1473 1681 1479
f 1473 1479 1478
f 1832 1685 1479
f 1832 1479 1681
f 1480 1243 1479
f 1480 1479 1685
f 1473 1680 1831
f 1473 1831 1681
f 1830 1994 1831
f 1830 1831 1680
f 1995 1832 1831
f 1995 1831 1994
f 1832 1681 1831
f 2559 2433 2432
f 2304 2302 2432
f 2304 2432 2433
f 2301 2432 2302
f 2431 2432 2301
f 2304 2303 2160
f 2304 2160 2302
f 2165 2164 2160
f 2165 2160 2303
f 1995 2159 2160
f 1995 2160 2164
f 2301 2302 2160
f 2301 2160 2159
f 1830 1989 1990
f 1830 1990 1994
f 1989 2158 1990
f 2301 2159 1990
f 2301 1990 2158
f 1995 1994 1990
f 1995 1990 2159
f 1989 2157 2300
f 1989 2300 2158
f 2299 2300 2157
f 2431 2301 2300
f 2301 2158 2300
f 2795 2672 2794
f 2673 2672 2795
f 2557 2659 2672
f 2671 2794 2672
f 2671 2672 2659
f 2673 2558 2672
f 2559 2432 2558
f 2559 2558 2673
f 2431 2557 2558
f 2431 2558 2432
f 2557 2672 2558
f 2299 2429 2430
f 2299 2430 2300
f 2429 2556 2430
f 2557 2430 2556
f 2431 2300 2430
f 2431 2430 2557
f 2429 2555 2556
f 2554 2670 2556
f 2554 2556 2555
f 2671 2659 2556
f 2671 2556 2670
f 2557 2556 2659
f 3425 3247 3079
f 3425 3079 3246
f 3081 3080 3079
f 3081 3079 3247
f 2933 3078 3079
f 2933 3079 3080
f 3077 3246 3079
f 3077 3079 3078
f 3081 2934 3080
f 2935 2934 3081
f 2792 2933 2934
f 2933 3080 2934
f 2669 2789 2790
f 2669 2790 2791
f 2789 2932 2790
f 2933 2790 2932
f 2792 2791 2790
f 2792 2790 2933
f 2789 2931 2932
f 2931 3076 2932
f 3077 3078 2932
f 3077 2932 3076
f 2933 2932 3078
f 4029 3886 4028
f 3873 3872 3886
f 3873 3886 4029
f 3737 3885 3886
f 3737 3886 3872
f 4027 4028 3886
f 4027 3886 3885
f 3873 3739 3738
f 3873 3738 3872
f 3739 3603 3738
f 3602 3737 3738
f 3602 3738 3603
f 3737 3872 3738
f 3438 3600 3601
f 3438 3601 3439
f 3735 3736 3601
f 3735 3601 3600
f 3737 3601 3736
f 3602 3439 3601
f 3602 3601 3737
f 3735 3748 3884
f 3735 3884 3736
f 3883 3884 3748
f 4027 3885 3884
f 3737 3736 3884
f 3737 3884 3885
f 3739 3589 3588
f 3739 3588 3603
f 3589 3423 3588
f 3422 3421 3588
f 3422 3588 3423
f 3602 3603 3588
f 3602 3588 3421
f 3589 3425 3424
f 3589 3424 3423
f 3425 3246 3424
f 3077 3245 3424
f 3077 3424 3246
f 3422 3423 3424
f 3422 3424 3245
f 2931 3074 3075
f 2931 3075 3076
f 3243 3244 3075
f 3243 3075 3074
f 3422 3245 3075
f 3422 3075 3244
f 3077 3076 3075
f 3077 3075 3245
f 3243 3420 3244
f 3438 3439 3420
f 3438 3420 3243
f 3602 3421 3420
f 3602 3420 3439
f 3422 3244 3420
f 3422 3420 3421
f 1488 1253 1038
f 1488 1038 1252
f 1255 1041 1038
f 1255 1038 1253
f 820 816 1038
f 820 1038 1041
f 1037 1252 1038
f 1037 1038 816
f 1255 1257 1043
f 1255 1043 1041
f 1044 823 1043
f 1044 1043 1257
f 617 822 1043
f 617 1043 823
f 820 1041 1043
f 820 1043 822
f 414 615 616
f 612 613 616
f 612 616 615
f 820 822 616
f 820 616 613
f 617 616 822
f 612 609 815
f 612 815 613
f 814 815 609
f 1037 816 815
f 820 613 815
f 820 815 816
f 4318 4317 4322
f 4185 4184 4317
f 4185 4317 4318
f 4183 4190 4317
f 4183 4317 4184
f 4321 4322 4317
f 4321 4317 4190
f 4185 4186 4184
f 4029 4028 4184
f 4029 4184 4186
f 4027 4038 4184
f 4027 4184 4028
f 4183 4184 4038
f 3883 4035 4037
f 3883 4037 3884
f 4035 4036 4037
f 4183 4038 4037
f 4183 4037 4036
f 4027 3884 4037
f 4027 4037 4038
f 4035 4188 4189
f 4035 4189 4036
f 4197 4198 4189
f 4197 4189 4188
f 4321 4190 4189
f 4321 4189 4198
f 4183 4036 4189
f 4183 4189 4190
f 1044 1046 825
f 1044 825 823
f 1048 827 825
f 1048 825 1046
f 623 620 825
f 623 825 827
f 617 823 825
f 617 825 620
f 1048 1049 830
f 1048 830 827
f 1050 833 830
f 1050 830 1049
f 832 626 830
f 832 830 833
f 623 827 830
f 623 830 626
f 629 430 625
f 629 625 630
f 421 622 625
f 421 625 430
f 623 626 625
f 623 625 622
f 832 630 625
f 832 625 626
f 421 418 619
f 421 619 622
f 414 616 619
f 414 619 418
f 617 620 619
f 617 619 616
f 623 622 619
f 623 619 620
f 4356 4480 4479
f 4356 4479 4485
f 4473 4472 4479
f 4473 4479 4480
f 4471 4478 4479
f 4471 4479 4472
f 4484 4485 4479
f 4484 4479 4478
f 4473 4465 4464
f 4473 4464 4472
f 4456 4455 4464
f 4456 4464 4465
f 4453 4463 4464
f 4453 4464 4455
f 4471 4472 4464
f 4471 4464 4463
f 4335 4461 4462
f 4335 4462 4452
f 4469 4470 4462
f 4469 4462 4461
f 4471 4463 4462
f 4471 4462 4470
f 4453 4452 4462
f 4453 4462 4463
f 4469 4483 4477
f 4469 4477 4470
f 4361 4362 4477
f 4361 4477 4483
f 4484 4478 4477
f 4484 4477 4362
f 4471 4470 4477
f 4471 4477 4478
f 1050 1263 1052
f 1050 1052 833
f 1265 1054 1052
f 1265 1052 1263
f 839 835 1052
f 839 1052 1054
f 832 833 1052
f 832 1052 835
f 1265 1509 1268
f 1265 1268 1054
f 1515 1514 1268
f 1515 1268 1509
f 1273 1057 1268
f 1273 1268 1514
f 839 1054 1268
f 839 1268 1057
f 1066 846 1057
f 1066 1057 1272
f 837 838 1057
f 837 1057 846
f 839 1057 838
f 1273 1272 1057
f 837 636 637
f 837 637 838
f 629 630 637
f 629 637 636
f 832 835 637
f 832 637 630
f 839 838 637
f 839 637 835
f 1515 1711 1514
f 1869 1717 1514
f 1869 1514 1711
f 1716 1513 1514
f 1716 1514 1717
f 1273 1514 1513
f 1869 2040 2039
f 1869 2039 1717
f 2206 2205 2039
f 2206 2039 2040
f 2038 1875 2039
f 2038 2039 2205
f 1716 1717 2039
f 1716 2039 1875
f 2053 1874 2054
f 1523 1716 1874
f 1716 1875 1874
f 2038 2054 1874
f 2038 1874 1875
f 1523 1284 1512
f 1523 1512 1716
f 1066 1272 1512
f 1066 1512 1284
f 1273 1513 1512
f 1273 1512 1272
f 1716 1512 1513
f 2206 2353 2352
f 2206 2352 2205
f 2475 2474 2352
f 2475 2352 2353
f 2492 2367 2352
f 2492 2352 2474
f 2038 2205 2352
f 2038 2352 2367
f 2475 2596 2595
f 2475 2595 2474
f 2717 2716 2595
f 2717 2595 2596
f 2608 2595 2716
f 2492 2474 2595
f 2492 2595 2608
f 2607 2490 2491
f 2365 2366 2491
f 2365 2491 2490
f 2492 2608 2491
f 2492 2491 2366
f 2608 2607 2491
f 2365 2219 2366
f 2053 2054 2219
f 2038 2367 2219
f 2038 2219 2054
f 2492 2366 2219
f 2492 2219 2367
f 2986 2985 2847
f 3140 3139 2985
f 3140 2985 2986
f 3148 2996 2985
f 3148 2985 3139
f 2861 2847 2985
f 2861 2985 2996
f 3140 3304 3303
f 3140 3303 3139
f 3488 3487 3303
f 3488 3303 3304
f 3486 3311 3303
f 3486 3303 3487
f 3148 3139 3303
f 3148 3303 3311
f 3310 3147 3311
f 3310 3311 3493
f 2994 2995 3311
f 2994 3311 3147
f 3148 3311 2995
f 3486 3493 3311
f 2994 2859 2995
f 2859 2860 2995
f 2861 2996 2995
f 2861 2995 2860
f 3148 2995 2996
f 3488 3656 3655
f 3488 3655 3487
f 3789 3798 3655
f 3789 3655 3656
f 3797 3655 3798
f 3486 3487 3655
f 3789 3939 3798
f 4102 4101 3939
f 4100 3938 3939
f 4100 3939 4101
f 3797 3798 3939
f 3797 3939 3938
f 4099 3945 3937
f 3795 3796 3937
f 3795 3937 3945
f 3797 3938 3937
f 3797 3937 3796
f 4100 4099 3937
f 4100 3937 3938
f 3795 3653 3654
f 3795 3654 3796
f 3310 3493 3654
f 3310 3654 3653
f 3486 3655 3654
f 3486 3654 3493
f 3797 3796 3654
f 3797 3654 3655
f 4102 4249 4248
f 4102 4248 4101
f 4240 4372 4248
f 4240 4248 4249
f 4371 4247 4248
f 4371 4248 4372
f 4100 4101 4248
f 4100 4248 4247
f 4240 4365 4364
f 4240 4364 4372
f 4356 4485 4364
f 4356 4364 4365
f 4484 4363 4364
f 4484 4364 4485
f 4371 4372 4364
f 4371 4364 4363
f 4361 4369 4362
f 4245 4370 4369
f 4371 4363 4369
f 4371 4369 4370
f 4484 4362 4369
f 4484 4369 4363
f 4245 4246 4370
f 4099 4246 4245
f 4100 4247 4246
f 4100 4246 4099
f 4371 4370 4246
f 4371 4246 4247
f 1838 1688 1483
f 1838 1483 1686
f 1249 1247 1483
f 1480 1686 1483
f 1480 1483 1247
f 1688 1486 1250
f 1688 1250 1483
f 1488 1252 1250
f 1488 1250 1486
f 1037 1034 1250
f 1037 1250 1252
f 1249 1483 1250
f 1249 1250 1034
f 814 809 1033
f 814 1033 815
f 1032 1033 809
f 1249 1034 1033
f 1037 815 1033
f 1037 1033 1034
f 1032 1029 1246
f 1032 1246 1033
f 1242 1243 1246
f 1242 1246 1029
f 1480 1247 1246
f 1480 1246 1243
f 1249 1033 1246
f 1249 1246 1247
f 4456 4451 4455
f 4451 4450 4455
f 4329 4454 4455
f 4329 4455 4450
f 4453 4455 4454
f 4451 4323 4322
f 4451 4322 4450
f 4318 4322 4323
f 4329 4450 4322
f 4329 4322 4321
f 4197 4196 4320
f 4197 4320 4198
f 4327 4328 4320
f 4327 4320 4196
f 4329 4321 4320
f 4329 4320 4328
f 4321 4198 4320
f 4327 4335 4336
f 4327 4336 4328
f 4335 4452 4336
f 4453 4454 4336
f 4453 4336 4452
f 4329 4328 4336
f 4329 4336 4454
f 1830 1680 1679
f 1830 1679 1829
f 1473 1472 1679
f 1473 1679 1680
f 1477 1471 1679
f 1477 1679 1472
f 1678 1829 1679
f 1678 1679 1471
f 1473 1478 1241
f 1473 1241 1472
f 1242 1022 1241
f 1242 1241 1478
f 1021 1240 1241
f 1021 1241 1022
f 1477 1472 1241
f 1477 1241 1240
f 1026 1019 1239
f 1026 1239 1020
f 1238 1239 1019
f 1477 1240 1239
f 1477 1239 1238
f 1021 1020 1239
f 1021 1239 1240
f 1676 1677 1470
f 1678 1471 1470
f 1678 1470 1677
f 1477 1238 1470
f 1477 1470 1471
f 2299 2157 2156
f 1989 1988 2156
f 1989 2156 2157
f 1987 2156 1988
f 2155 2156 1987
f 1989 1825 1988
f 1830 1829 1825
f 1830 1825 1989
f 1678 1824 1825
f 1678 1825 1829
f 1987 1988 1825
f 1987 1825 1824
f 1676 1824 1677
f 1823 1824 1676
f 1987 1824 1823
f 1678 1677 1824
f 1823 1985 1986
f 1985 2154 1986
f 2155 1987 1986
f 2155 1986 2154
f 1987 1823 1986
f 2554 2555 2428
f 2554 2428 2553
f 2429 2428 2555
f 2296 2427 2428
f 2427 2553 2428
f 2429 2298 2428
f 2299 2156 2298
f 2299 2298 2429
f 2155 2296 2298
f 2155 2298 2156
f 2296 2428 2298
f 1985 2153 2154
f 2295 2154 2153
f 2296 2154 2295
f 2155 2154 2296
f 2427 2295 2426
f 2296 2295 2427
f 2931 2788 2930
f 2789 2788 2931
f 2666 2787 2788
f 2929 2930 2788
f 2929 2788 2787
f 2789 2667 2788
f 2669 2668 2667
f 2669 2667 2789
f 2551 2666 2667
f 2551 2667 2668
f 2666 2788 2667
f 2550 2665 2551
f 2551 2665 2666
f 2665 2664 2786
f 2785 2786 2664
f 2929 2787 2786
f 2666 2665 2786
f 2666 2786 2787
f 3883 3748 3747
f 3883 3747 3882
f 3735 3599 3747
f 3735 3747 3748
f 3608 3746 3747
f 3608 3747 3599
f 3745 3882 3747
f 3745 3747 3746
f 3735 3600 3437
f 3735 3437 3599
f 3438 3437 3600
f 3261 3436 3437
f 3608 3599 3437
f 3608 3437 3436
f 3260 3435 3261
f 3446 3607 3435
f 3608 3436 3435
f 3608 3435 3607
f 3261 3435 3436
f 3446 3606 3607
f 3753 3745 3607
f 3753 3607 3606
f 3745 3746 3607
f 3608 3607 3746
f 3438 3243 3242
f 3438 3242 3437
f 3243 3073 3242
f 3072 3241 3242
f 3072 3242 3073
f 3261 3437 3242
f 3261 3242 3241
f 3243 3074 3073
f 2931 2930 3073
f 2931 3073 3074
f 2929 2928 3073
f 2929 3073 2930
f 3072 3073 2928
f 2785 2927 2786
f 3072 2928 2927
f 3072 2927 3071
f 2929 2786 2927
f 2929 2927 2928
f 2927 3099 3071
f 3260 3261 3071
f 3260 3071 3099
f 3261 3241 3071
f 3072 3071 3241
f 814 609 608
f 814 608 813
f 612 611 608
f 612 608 609
f 407 607 608
f 407 608 611
f 607 813 608
f 612 615 413
f 612 413 611
f 414 413 615
f 407 611 413
f 407 413 412
f 205 411 412
f 205 412 416
f 406 412 411
f 407 412 406
f 406 399 606
f 605 606 399
f 407 406 606
f 407 606 607
f 4197 4188 4047
f 4197 4047 4196
f 4035 4047 4188
f 3902 4046 4047
f 4055 4196 4047
f 4055 4047 4046
f 4035 3896 4047
f 3883 3882 3896
f 3883 3896 4035
f 3745 3895 3896
f 3745 3896 3882
f 3902 4047 3896
f 3902 3896 3895
f 3753 3894 3745
f 3901 3894 3753
f 3902 3895 3894
f 3902 3894 3901
f 3745 3894 3895
f 4053 4054 4045
f 4053 4045 3901
f 4055 4046 4045
f 4055 4045 4054
f 3902 3901 4045
f 3902 4045 4046
f 414 418 417
f 414 417 413
f 421 420 417
f 421 417 418
f 424 417 420
f 412 413 417
f 421 430 420
f 629 436 430
f 435 429 430
f 435 430 436
f 424 420 430
f 424 430 429
f 434 250 428
f 232 428 250
f 424 429 428
f 424 428 232
f 435 434 428
f 435 428 429
f 232 217 206
f 205 416 206
f 205 206 217
f 412 417 206
f 412 206 416
f 424 232 206
f 424 206 417
f 4361 4483 4355
f 4469 4345 4355
f 4469 4355 4483
f 4350 4355 4345
f 4360 4361 4355
f 4469 4461 4340
f 4469 4340 4345
f 4335 4334 4340
f 4335 4340 4461
f 4339 4340 4334
f 4350 4345 4340
f 4350 4340 4339
f 4338 4343 4344
f 4338 4344 4339
f 4349 4350 4344
f 4349 4344 4343
f 4350 4339 4344
f 4349 4353 4354
f 4349 4354 4350
f 4234 4359 4354
f 4234 4354 4353
f 4360 4355 4354
f 4360 4354 4359
f 4350 4354 4355
f 629 636 635
f 629 635 436
f 837 644 635
f 837 635 636
f 435 436 635
f 837 846 845
f 837 845 644
f 1066 1065 845
f 1066 845 846
f 1064 844 845
f 1064 845 1065
f 644 845 844
f 853 642 844
f 642 643 844
f 644 844 643
f 1064 853 844
f 642 444 643
f 435 635 444
f 435 444 434
f 644 643 444
f 644 444 635
f 1066 1284 1065
f 1523 1522 1284
f 1521 1283 1284
f 1521 1284 1522
f 1064 1065 1284
f 1064 1284 1283
f 1523 1874 1715
f 1523 1715 1522
f 2053 1882 1715
f 2053 1715 1874
f 1882 1723 1715
f 1521 1522 1715
f 1521 1715 1723
f 1880 1722 1881
f 1281 1521 1722
f 1521 1723 1722
f 1882 1881 1722
f 1882 1722 1723
f 1281 1073 1521
f 1064 1283 1073
f 1064 1073 853
f 1521 1073 1283
f 2053 2219 2218
f 2053 2218 1882
f 2365 2218 2219
f 2217 2052 2218
f 2217 2218 2365
f 1882 2218 2052
f 2365 2490 2489
f 2607 2489 2490
f 2488 2364 2489
f 2217 2365 2489
f 2217 2489 2364
f 2363 2364 2488
f 2216 2364 2363
f 2217 2364 2216
f 2216 2051 2052
f 1880 1881 2052
f 1880 2052 2051
f 1882 2052 1881
f 2217 2216 2052
f 2859 2858 2726
f 2994 2858 2859
f 2993 2857 2858
f 2993 2858 2994
f 2725 2726 2858
f 2725 2858 2857
f 2994 3147 3146
f 3310 3146 3147
f 3309 3145 3146
f 3309 3146 3310
f 2993 2994 3146
f 2993 3146 3145
f 3308 2991 3145
f 2856 2992 3145
f 2856 3145 2991
f 2993 3145 2992
f 3309 3308 3145
f 2856 2857 2992
f 2724 2725 2857
f 2724 2857 2856
f 2993 2992 2857
f 3310 3653 3485
f 3795 3485 3653
f 3652 3492 3485
f 3652 3485 3795
f 3309 3310 3485
f 3309 3485 3492
f 3795 3945 3944
f 4099 4098 3944
f 4099 3944 3945
f 3936 3794 3944
f 3936 3944 4098
f 3652 3795 3944
f 3652 3944 3794
f 3935 3793 3794
f 3651 3794 3793
f 3652 3794 3651
f 3936 3935 3794
f 3651 3491 3492
f 3308 3492 3491
f 3309 3492 3308
f 3652 3651 3492
f 4099 4245 4091
f 4099 4091 4098
f 4245 4244 4091
f 4243 4091 4244
f 3936 4098 4091
f 4245 4369 4368
f 4245 4368 4244
f 4361 4368 4369
f 4360 4239 4368
f 4360 4368 4361
f 4243 4244 4368
f 4243 4368 4239
f 4234 4238 4359
f 4242 4243 4238
f 4243 4239 4238
f 4360 4359 4238
f 4360 4238 4239
f 4242 4089 4090
f 4242 4090 4243
f 3935 4090 4089
f 3936 4091 4090
f 3936 4090 3935
f 4243 4090 4091
f 1242 1029 1028
f 1242 1028 1022
f 1032 808 1028
f 1032 1028 1029
f 807 1027 1028
f 807 1028 808
f 1021 1022 1028
f 1021 1028 1027
f 1032 809 808
f 814 813 808
f 814 808 809
f 607 807 808
f 607 808 813
f 605 600 601
f 605 601 606
f 806 807 601
f 806 601 600
f 607 606 601
f 607 601 807
f 806 802 807
f 1026 1020 802
f 1021 1027 802
f 1021 802 1020
f 807 802 1027
f 4327 4326 4334
f 4327 4334 4335
f 4205 4333 4334
f 4205 4334 4326
f 4339 4334 4333
f 4327 4196 4195
f 4327 4195 4326
f 4197 4196 4195
f 4197 4195 4196
f 4055 4195 4196
f 4205 4326 4195
f 4053 4194 4054
f 4204 4205 4194
f 4204 4194 4053
f 4205 4195 4194
f 4055 4054 4194
f 4055 4194 4195
f 4204 4209 4210
f 4204 4210 4205
f 4338 4339 4210
f 4338 4210 4209
f 4339 4333 4210
f 4205 4210 4333
f 803 1031 1023
f 1030 1248 1031
f 1244 1031 1248
f 1023 1031 1244
f 1481 1248 1485
f 1244 1248 1481
f 1683 1474 1481
f 1683 1481 1682
f 1474 1482 1481
f 1244 1481 1482
f 1474 1232 1244
f 1474 1244 1482
f 1232 1245 1244
f 1023 1244 1245
f 1485 1484 1690
f 1689 1690 1484
f 1839 1687 1690
f 1839 1690 1689
f 1481 1485 1690
f 1481 1690 1687
f 2002 1839 1842
f 1839 1689 1842
f 2000 1834 1999
f 1835 1834 2000
f 2002 1999 1834
f 2002 1834 1839
f 1835 1682 1834
f 1683 1682 1835
f 1481 1687 1682
f 1839 1834 1682
f 1839 1682 1687
f 2317 2318 2173
f 2314 2172 2173
f 2314 2173 2318
f 2317 2444 2445
f 2317 2445 2318
f 2314 2318 2445
f 2314 2445 2442
f 2312 2311 2439
f 2312 2439 2440
f 2314 2442 2439
f 2314 2439 2311
f 2312 2168 2311
f 2169 2168 2312
f 2172 2168 2169
f 2314 2311 2168
f 2314 2168 2172
f 2444 2573 2574
f 2444 2574 2445
f 2688 2574 2573
f 2685 2570 2574
f 2685 2574 2688
f 2442 2445 2574
f 2442 2574 2570
f 2954 2952 2815
f 2812 2811 2815
f 2812 2815 2952
f 2685 2688 2815
f 2685 2815 2811
f 2807 2682 2686
f 2807 2686 2812
f 2685 2811 2686
f 2812 2686 2811
f 2682 2568 2571
f 2682 2571 2686
f 2440 2439 2571
f 2440 2571 2568
f 2442 2570 2571
f 2442 2571 2439
f 2685 2686 2571
f 2685 2571 2570
f 201 419 415
f 621 618 415
f 621 415 419
f 614 408 415
f 614 415 618
f 194 201 415
f 194 415 408
f 621 826 824
f 621 824 618
f 1047 1045 824
f 1047 824 826
f 1042 821 824
f 1042 824 1045
f 614 618 824
f 614 824 821
f 1039 817 821
f 1039 821 1042
f 819 614 821
f 819 821 817
f 819 610 408
f 819 408 614
f 400 409 408
f 400 408 610
f 194 408 409
f 1047 1259 1258
f 1047 1258 1045
f 1496 1494 1258
f 1496 1258 1259
f 1492 1256 1258
f 1492 1258 1494
f 1042 1045 1258
f 1042 1258 1256
f 1496 1700 1699
f 1496 1699 1494
f 1852 1850 1699
f 1852 1699 1700
f 1848 1698 1699
f 1848 1699 1850
f 1492 1494 1699
f 1492 1699 1698
f 1846 1696 1698
f 1846 1698 1848
f 1489 1492 1698
f 1489 1698 1696
f 1489 1254 1256
f 1489 1256 1492
f 1039 1042 1256
f 1039 1256 1254
f 2014 2183 2181
f 2014 2181 2012
f 2324 2323 2181
f 2324 2181 2183
f 2322 2179 2181
f 2322 2181 2323
f 2011 2012 2181
f 2011 2181 2179
f 2324 2453 2451
f 2324 2451 2323
f 2697 2696 2451
f 2697 2451 2453
f 2578 2450 2451
f 2578 2451 2696
f 2322 2323 2451
f 2322 2451 2450
f 2576 2449 2450
f 2576 2450 2578
f 2320 2322 2450
f 2320 2450 2449
f 2320 2177 2179
f 2320 2179 2322
f 2010 2011 2179
f 2010 2179 2177
f 2697 2826 2825
f 2697 2825 2696
f 3117 3116 2825
f 3117 2825 2826
f 2963 2822 2825
f 2963 2825 3116
f 2578 2696 2825
f 2578 2825 2822
f 3117 3284 3283
f 3117 3283 3116
f 3630 3463 3283
f 3630 3283 3284
f 3461 3279 3283
f 3461 3283 3463
f 2963 3116 3283
f 2963 3283 3279
f 3276 3112 3114
f 3276 3114 3280
f 2959 2963 3114
f 2959 3114 3112
f 2963 3279 3114
f 3461 3280 3114
f 3461 3114 3279
f 2959 2692 2822
f 2959 2822 2963
f 2576 2578 2822
f 2576 2822 2692
f 263 432 426
f 263 426 245
f 628 425 426
f 628 426 432
f 422 423 426
f 422 426 425
f 229 245 426
f 229 426 423
f 628 834 627
f 628 627 425
f 1051 831 627
f 1051 627 834
f 829 624 627
f 829 627 831
f 422 425 627
f 422 627 624
f 1047 826 624
f 1047 624 828
f 621 422 624
f 621 624 826
f 829 828 624
f 621 419 422
f 201 214 419
f 229 423 419
f 229 419 214
f 422 419 423
f 1051 1262 1261
f 1051 1261 831
f 1502 1500 1261
f 1502 1261 1262
f 829 831 1261
f 1502 1703 1702
f 1502 1702 1500
f 1858 1856 1702
f 1858 1702 1703
f 1852 1700 1701
f 1852 1701 1854
f 1496 1498 1701
f 1496 1701 1700
f 1500 1702 1701
f 1500 1701 1498
f 1856 1854 1701
f 1856 1701 1702
f 1496 1259 1260
f 1496 1260 1498
f 1047 828 1260
f 1047 1260 1259
f 829 1261 1260
f 829 1260 828
f 1500 1498 1260
f 1500 1260 1261
f 2020 2188 2187
f 2020 2187 2018
f 2329 2327 2187
f 2329 2187 2188
f 2329 2583 2581
f 2329 2581 2327
f 2702 2700 2581
f 2702 2581 2583
f 2700 2456 2581
f 2327 2581 2456
f 2697 2453 2455
f 2697 2455 2698
f 2324 2325 2455
f 2324 2455 2453
f 2327 2456 2455
f 2327 2455 2325
f 2700 2698 2455
f 2700 2455 2456
f 2324 2183 2185
f 2324 2185 2325
f 2014 2016 2185
f 2014 2185 2183
f 2018 2187 2185
f 2018 2185 2016
f 2327 2325 2185
f 2327 2185 2187
f 2702 2831 2829
f 2702 2829 2700
f 3123 3121 2829
f 3123 2829 2831
f 3119 2828 2829
f 3119 2829 3121
f 2700 2829 2828
f 3123 3288 3468
f 3123 3468 3121
f 3637 3635 3468
f 3637 3468 3288
f 3634 3465 3468
f 3634 3468 3635
f 3119 3121 3468
f 3119 3468 3465
f 3630 3284 3632
f 3117 3119 3284
f 3119 3465 3284
f 3634 3632 3284
f 3634 3284 3465
f 3117 2826 2828
f 3117 2828 3119
f 2697 2698 2828
f 2697 2828 2826
f 2700 2828 2698
f 639 847 842
f 1060 1059 847
f 841 842 847
f 841 847 1059
f 1060 1274 1271
f 1060 1271 1059
f 1516 1511 1271
f 1516 1271 1274
f 1270 1271 1511
f 1059 1271 1270
f 1267 1056 1058
f 1267 1058 1269
f 841 1059 1058
f 841 1058 1056
f 1059 1270 1058
f 1270 1269 1058
f 1516 1712 1710
f 1516 1710 1511
f 1871 1710 1712
f 1709 1510 1710
f 1270 1511 1710
f 1270 1710 1510
f 1871 2035 1868
f 1871 1868 1710
f 2035 2030 1868
f 2029 1868 2030
f 1709 1710 1868
f 1864 1705 1865
f 1705 1708 1865
f 1709 1868 1865
f 1709 1865 1708
f 2029 1864 1865
f 2029 1865 1868
f 1705 1508 1510
f 1705 1510 1708
f 1267 1269 1510
f 1267 1510 1508
f 1270 1510 1269
f 1709 1708 1510
f 2348 2471 2341
f 2348 2341 2342
f 2471 2465 2341
f 2464 2340 2341
f 2464 2341 2465
f 2195 2342 2341
f 2195 2341 2340
f 2471 2592 2589
f 2471 2589 2465
f 2713 2710 2589
f 2713 2589 2592
f 2710 2588 2589
f 2464 2465 2589
f 2464 2589 2588
f 2707 2459 2586
f 2707 2586 2709
f 2335 2460 2586
f 2335 2586 2459
f 2464 2588 2586
f 2464 2586 2460
f 2710 2709 2586
f 2710 2586 2588
f 2335 2336 2460
f 2191 2192 2336
f 2191 2336 2335
f 2195 2340 2336
f 2195 2336 2192
f 2464 2460 2336
f 2464 2336 2340
f 2713 2844 2840
f 2713 2840 2710
f 2979 2840 2844
f 2839 2840 2979
f 2710 2840 2839
f 2979 3132 2978
f 3295 3130 2978
f 3295 2978 3132
f 2975 2978 3130
f 2839 2979 2978
f 2707 2709 2839
f 2707 2839 2837
f 2710 2839 2709
f 2975 2837 2839
f 2975 2839 2978
f 400 610 602
f 819 818 610
f 810 812 610
f 810 610 818
f 602 610 812
f 819 817 1040
f 819 1040 818
f 1039 1254 1040
f 1039 1040 817
f 1251 1035 1040
f 1251 1040 1254
f 810 818 1040
f 810 1040 1035
f 1485 1248 1035
f 1485 1035 1251
f 1030 1036 1035
f 1030 1035 1248
f 810 1035 1036
f 1030 1031 811
f 1030 811 1036
f 803 811 1031
f 602 812 811
f 602 811 803
f 810 1036 811
f 810 811 812
f 1039 1254 1490
f 1039 1490 1254
f 1489 1490 1254
f 1692 1487 1490
f 1692 1490 1489
f 1251 1254 1490
f 1251 1490 1487
f 1843 1692 1696
f 1843 1696 1846
f 1692 1489 1696
f 1841 1842 1843
f 1689 1693 1843
f 1689 1843 1842
f 1692 1843 1693
f 1689 1484 1487
f 1689 1487 1693
f 1485 1251 1487
f 1485 1487 1484
f 1692 1693 1487
f 2320 2321 2177
f 2319 2175 2177
f 2319 2177 2321
f 2008 2010 2177
f 2008 2177 2175
f 2320 2449 2321
f 2575 2447 2449
f 2575 2449 2576
f 2319 2321 2449
f 2319 2449 2447
f 2444 2447 2575
f 2317 2319 2447
f 2317 2447 2444
f 2317 2173 2175
f 2317 2175 2319
f 2173 2009 2175
f 2008 2175 2009
f 2576 2692 2693
f 2959 2819 2693
f 2959 2693 2692
f 2817 2690 2693
f 2817 2693 2819
f 2575 2576 2693
f 2575 2693 2690
f 3276 3273 2959
f 3276 2959 3112
f 3110 2956 2959
f 3110 2959 3273
f 2817 2819 2959
f 2817 2959 2956
f 2954 2815 2957
f 2954 2957 3107
f 2688 2817 2957
f 2688 2957 2815
f 2817 2956 2957
f 3110 3107 2957
f 3110 2957 2956
f 2688 2573 2690
f 2688 2690 2817
f 2444 2575 2690
f 2444 2690 2573
f 639 842 638
f 841 638 842
f 631 632 638
f 631 638 841
f 441 639 638
f 441 638 632
f 841 1056 840
f 1267 1055 840
f 1267 840 1056
f 1053 836 840
f 1053 840 1055
f 631 841 840
f 631 840 836
f 1051 834 836
f 1051 836 1053
f 628 631 836
f 628 836 834
f 628 432 440
f 628 440 631
f 263 441 440
f 263 440 432
f 441 632 440
f 631 440 632
f 1267 1508 1266
f 1267 1266 1055
f 1705 1507 1266
f 1705 1266 1508
f 1505 1264 1266
f 1505 1266 1507
f 1053 1055 1266
f 1053 1266 1264
f 1864 1863 1705
f 1861 1704 1705
f 1861 1705 1863
f 1505 1507 1705
f 1505 1705 1704
f 1858 1703 1704
f 1858 1704 1861
f 1502 1504 1704
f 1502 1704 1703
f 1505 1704 1504
f 1502 1262 1264
f 1502 1264 1504
f 1051 1053 1264
f 1051 1264 1262
f 1505 1504 1264
f 2191 2335 2190
f 2335 2334 2190
f 2332 2189 2190
f 2332 2190 2334
f 2189 2191 2190
f 2335 2459 2334
f 2704 2457 2459
f 2704 2459 2707
f 2332 2334 2459
f 2332 2459 2457
f 2702 2583 2585
f 2702 2585 2704
f 2329 2331 2585
f 2329 2585 2583
f 2332 2457 2585
f 2332 2585 2331
f 2704 2585 2457
f 2329 2188 2189
f 2329 2189 2331
f 2020 2189 2188
f 2332 2331 2189
f 2975 2974 2837
f 3126 2834 2837
f 3126 2837 2974
f 2704 2707 2837
f 2704 2837 2834
f 2975 3130 2974
f 3295 3293 3130
f 3471 3290 3130
f 3471 3130 3293
f 3126 2974 3130
f 3126 3130 3290
f 3637 3288 3290
f 3637 3290 3471
f 3123 3126 3290
f 3123 3290 3288
f 3123 2831 2833
f 3123 2833 3126
f 2702 2704 2833
f 2702 2833 2831
f 2704 2834 2833
f 3126 2833 2834
f 1232 1233 1245
f 1025 1024 1233
f 1025 1233 1013
f 1023 1245 1233
f 1023 1233 1024
f 1233 1234 1013
f 1228 1235 1234
f 1015 1014 1234
f 1015 1234 1235
f 1025 1013 1234
f 1025 1234 1014
f 797 796 792
f 1025 1014 796
f 1025 796 795
f 1015 792 796
f 1015 796 1014
f 795 804 794
f 803 1023 794
f 803 794 804
f 1023 1024 794
f 1025 795 794
f 1025 794 1024
f 1683 1668 1684
f 1683 1684 1474
f 1827 1669 1684
f 1827 1684 1668
f 1463 1475 1684
f 1463 1684 1669
f 1474 1684 1475
f 1827 1828 1670
f 1827 1670 1669
f 1818 1665 1670
f 1818 1670 1828
f 1671 1670 1665
f 1463 1669 1670
f 1228 1234 1464
f 1228 1464 1465
f 1233 1476 1464
f 1233 1464 1234
f 1463 1670 1464
f 1463 1464 1476
f 1671 1465 1464
f 1671 1464 1670
f 1233 1475 1476
f 1232 1475 1233
f 1474 1475 1232
f 1463 1476 1475
f 1980 1993 2163
f 1980 2163 2148
f 1993 1992 2163
f 2162 2163 1992
f 1980 1981 1828
f 1980 1828 1993
f 1818 1828 1981
f 1993 1828 1827
f 1683 1835 1826
f 1683 1826 1668
f 1835 1992 1826
f 1993 1827 1826
f 1993 1826 1992
f 1827 1668 1826
f 1835 2000 1992
f 2000 1991 1992
f 2162 1992 1991
f 2440 2563 2436
f 2564 2436 2563
f 2437 2306 2436
f 2312 2440 2436
f 2312 2436 2306
f 2564 2565 2436
f 2420 2437 2565
f 2420 2565 2545
f 2437 2436 2565
f 2290 2308 2420
f 2437 2308 2307
f 2420 2308 2437
f 2307 2161 2306
f 2169 2312 2306
f 2169 2306 2161
f 2437 2307 2306
f 2954 3108 3104
f 2954 3104 2952
f 3267 3105 3104
f 3267 3104 3108
f 3105 2953 3104
f 2812 2952 3104
f 2812 3104 2953
f 3267 3449 3268
f 3267 3268 3105
f 3450 3442 3268
f 3450 3268 3449
f 3263 3102 3268
f 3263 3268 3442
f 3105 3268 3102
f 2943 2949 3102
f 2943 3102 3103
f 2808 2948 3102
f 2808 3102 2949
f 3105 3102 2948
f 3263 3103 3102
f 2808 2947 2948
f 2807 2812 2947
f 2807 2947 2808
f 2812 2953 2947
f 3105 2948 2947
f 3105 2947 2953
f 2807 2808 2683
f 2807 2683 2682
f 2679 2683 2808
f 2808 2949 2803
f 2943 2803 2949
f 2804 2679 2803
f 2804 2803 2943
f 2679 2808 2803
f 2545 2565 2680
f 2564 2680 2565
f 2679 2680 2564
f 2804 2680 2679
f 2564 2563 2569
f 2440 2568 2569
f 2440 2569 2563
f 2682 2683 2569
f 2682 2569 2568
f 2679 2564 2569
f 2679 2569 2683
f 400 401 187
f 400 187 409
f 402 188 187
f 402 187 401
f 196 195 187
f 196 187 188
f 194 409 187
f 194 187 195
f 402 393 189
f 402 189 188
f 394 190 189
f 394 189 393
f 191 197 189
f 191 189 190
f 196 188 189
f 196 189 197
f 82 81 70
f 82 70 71
f 80 196 70
f 80 70 81
f 196 197 70
f 191 71 70
f 191 70 197
f 80 202 196
f 194 195 202
f 194 202 201
f 196 202 195
f 3276 3459 3455
f 3276 3455 3273
f 3622 3456 3455
f 3622 3455 3459
f 3452 3274 3455
f 3452 3455 3456
f 3110 3273 3455
f 3110 3455 3274
f 3622 3759 3619
f 3622 3619 3456
f 3616 3615 3619
f 3616 3619 3759
f 3452 3456 3619
f 3452 3619 3615
f 3450 3449 3453
f 3450 3453 3610
f 3267 3271 3453
f 3267 3453 3449
f 3452 3615 3453
f 3452 3453 3271
f 3616 3610 3453
f 3616 3453 3615
f 3267 3108 3271
f 2954 3107 3271
f 2954 3271 3108
f 3110 3274 3271
f 3110 3271 3107
f 3452 3271 3274
f 201 202 97
f 201 97 214
f 80 98 97
f 80 97 202
f 114 113 97
f 114 97 98
f 229 214 97
f 229 97 113
f 80 81 99
f 80 99 98
f 82 100 99
f 82 99 81
f 116 115 99
f 116 99 100
f 114 98 99
f 114 99 115
f 266 139 128
f 266 128 129
f 265 127 128
f 265 128 139
f 114 115 128
f 114 128 127
f 116 129 128
f 116 128 115
f 265 264 246
f 265 246 127
f 263 245 246
f 263 246 264
f 229 113 246
f 229 246 245
f 114 127 246
f 114 246 113
f 3637 3776 3774
f 3637 3774 3635
f 3921 3919 3774
f 3921 3774 3776
f 3917 3772 3774
f 3917 3774 3919
f 3634 3635 3774
f 3634 3774 3772
f 3921 3922 3920
f 3921 3920 3919
f 4077 4074 3920
f 4077 3920 3922
f 4072 4071 3920
f 4072 3920 4074
f 3917 3919 3920
f 3917 3920 4071
f 4064 3914 4067
f 4064 4067 4068
f 3914 3915 4067
f 3917 4071 4067
f 3917 4067 3915
f 4072 4068 4067
f 4072 4067 4071
f 3914 3769 3770
f 3914 3770 3915
f 3630 3632 3770
f 3630 3770 3769
f 3634 3772 3770
f 3634 3770 3632
f 3917 3915 3770
f 3917 3770 3772
f 263 264 283
f 263 283 441
f 265 284 283
f 265 283 264
f 302 450 283
f 302 283 284
f 441 283 450
f 265 139 285
f 265 285 284
f 266 286 285
f 266 285 139
f 304 303 285
f 304 285 286
f 302 284 285
f 302 285 303
f 650 649 452
f 650 452 453
f 648 451 452
f 648 452 649
f 302 303 452
f 302 452 451
f 304 453 452
f 304 452 303
f 648 647 450
f 648 450 451
f 639 450 647
f 441 450 639
f 302 451 450
f 639 647 848
f 639 848 847
f 648 849 848
f 648 848 647
f 1067 1061 848
f 1067 848 849
f 1060 847 848
f 1060 848 1061
f 648 649 850
f 648 850 849
f 650 858 850
f 650 850 649
f 1069 1068 850
f 1069 850 858
f 1067 849 850
f 1067 850 1068
f 1524 1519 1277
f 1524 1277 1278
f 1518 1276 1277
f 1518 1277 1519
f 1067 1068 1277
f 1067 1277 1276
f 1069 1278 1277
f 1069 1277 1068
f 1518 1517 1275
f 1518 1275 1276
f 1516 1274 1275
f 1516 1275 1517
f 1060 1061 1275
f 1060 1275 1274
f 1067 1276 1275
f 1067 1275 1061
f 1516 1517 1713
f 1516 1713 1712
f 1518 1714 1713
f 1518 1713 1517
f 1873 1872 1713
f 1873 1713 1714
f 1871 1712 1713
f 1871 1713 1872
f 1518 1519 1718
f 1518 1718 1714
f 1524 1877 1718
f 1524 1718 1519
f 2046 1876 1718
f 2046 1718 1877
f 1873 1714 1718
f 1873 1718 1876
f 2211 2210 2045
f 2204 2037 2045
f 2204 2045 2210
f 1873 1876 2045
f 1873 2045 2037
f 2046 2211 2045
f 2046 2045 1876
f 2204 2203 2036
f 2204 2036 2037
f 2035 2036 2203
f 1871 1872 2036
f 1871 2036 2035
f 1873 2037 2036
f 1873 2036 1872
f 2482 2599 2598
f 2482 2598 2481
f 2719 2598 2599
f 2594 2473 2598
f 2594 2598 2719
f 2473 2481 2598
f 2719 2852 2851
f 2988 2984 2851
f 2988 2851 2852
f 2846 2715 2851
f 2846 2851 2984
f 2594 2719 2851
f 2594 2851 2715
f 2713 2592 2714
f 2713 2714 2845
f 2471 2593 2714
f 2471 2714 2592
f 2594 2715 2714
f 2594 2714 2593
f 2846 2845 2714
f 2846 2714 2715
f 2471 2472 2593
f 2348 2349 2472
f 2348 2472 2471
f 2473 2472 2349
f 2594 2593 2472
f 2594 2472 2473
f 2713 2845 2983
f 2713 2983 2844
f 2846 2983 2845
f 3136 3135 2983
f 2979 2844 2983
f 2979 2983 3135
f 2846 2984 3137
f 2846 3137 2983
f 2988 3138 3137
f 2988 3137 2984
f 3301 3300 3137
f 3301 3137 3138
f 3136 2983 3137
f 3136 3137 3300
f 3646 3645 3478
f 3646 3478 3481
f 3477 3297 3478
f 3477 3478 3645
f 3136 3300 3478
f 3136 3478 3297
f 3301 3481 3478
f 3301 3478 3300
f 3477 3476 3296
f 3477 3296 3297
f 3295 3132 3296
f 3295 3296 3476
f 2979 3135 3296
f 2979 3296 3132
f 3136 3297 3296
f 3136 3296 3135
f 3295 3476 3474
f 3295 3474 3293
f 3477 3643 3474
f 3477 3474 3476
f 3780 3642 3474
f 3780 3474 3643
f 3471 3293 3474
f 3471 3474 3642
f 3477 3645 3782
f 3477 3782 3643
f 3646 3782 3645
f 3927 3781 3782
f 3780 3643 3782
f 3780 3782 3781
f 4077 3922 3924
f 4077 3924 3925
f 3921 3778 3924
f 3921 3924 3922
f 3780 3781 3924
f 3780 3924 3778
f 3927 3925 3924
f 3927 3924 3781
f 3921 3776 3639
f 3921 3639 3778
f 3637 3471 3639
f 3637 3639 3776
f 3471 3642 3639
f 3780 3778 3639
f 3780 3639 3642
f 803 804 594
f 795 595 594
f 795 594 804
f 595 603 594
f 602 803 594
f 602 594 603
f 795 796 595
f 797 590 595
f 797 595 796
f 596 388 595
f 596 595 590
f 402 392 393
f 595 388 393
f 595 393 392
f 596 394 393
f 596 393 388
f 402 401 391
f 402 391 392
f 400 602 391
f 400 391 401
f 602 603 391
f 595 392 391
f 595 391 603
f 3630 3769 3631
f 3630 3631 3463
f 3914 3765 3631
f 3914 3631 3769
f 3765 3626 3631
f 3461 3463 3631
f 3461 3631 3626
f 3914 3912 3765
f 4064 4061 3912
f 4064 3912 3914
f 3908 3912 4061
f 3759 3761 3908
f 3622 3761 3759
f 3765 3912 3761
f 3765 3761 3622
f 3908 3761 3912
f 3622 3459 3621
f 3276 3280 3621
f 3276 3621 3459
f 3461 3626 3621
f 3461 3621 3280
f 3765 3622 3621
f 3765 3621 3626
f 1228 1466 1229
f 1228 1229 1235
f 1467 1230 1229
f 1467 1229 1466
f 1016 1015 1229
f 1016 1229 1230
f 1015 1235 1229
f 1467 1231 1230
f 1468 1231 1467
f 1236 1017 1231
f 1016 1230 1231
f 1016 1231 1017
f 800 799 1017
f 800 1017 1018
f 1236 1018 1017
f 799 798 793
f 799 793 1017
f 797 792 793
f 797 793 798
f 1015 793 792
f 1016 1017 793
f 1016 793 1015
f 1818 1819 1665
f 1982 1820 1819
f 1666 1672 1819
f 1666 1819 1820
f 1671 1665 1819
f 1671 1819 1672
f 1982 1983 1820
f 1984 1821 1820
f 1984 1820 1983
f 1821 1667 1820
f 1666 1820 1667
f 1468 1467 1674
f 1467 1673 1674
f 1666 1667 1674
f 1666 1674 1673
f 1821 1674 1667
f 1467 1466 1465
f 1467 1465 1673
f 1228 1465 1466
f 1671 1672 1465
f 1666 1673 1465
f 1666 1465 1672
f 2293 2150 2292
f 2151 2150 2293
f 1984 1983 2151
f 2150 2151 1983
f 2150 1983 1982
f 1818 1981 1819
f 1980 2149 1981
f 2150 1982 1981
f 2150 1981 2149
f 1982 1819 1981
f 1980 2148 2149
f 2292 2150 2149
f 2545 2661 2546
f 2661 2547 2546
f 2420 2545 2546
f 2661 2662 2547
f 2548 2547 2662
f 2548 2662 2663
f 2422 2548 2423
f 2547 2548 2422
f 2290 2420 2421
f 2420 2546 2421
f 2547 2422 2421
f 2547 2421 2546
f 3450 3611 3443
f 3450 3443 3442
f 3611 3444 3443
f 3265 3264 3443
f 3265 3443 3444
f 3263 3442 3443
f 3263 3443 3264
f 3611 3612 3444
f 3613 3605 3444
f 3613 3444 3612
f 3445 3444 3605
f 3096 3257 3258
f 3096 3258 3097
f 3265 3444 3258
f 3265 3258 3257
f 3445 3258 3444
f 3096 3095 3257
f 2943 3103 3095
f 2943 3095 3096
f 3263 3264 3095
f 3263 3095 3103
f 3265 3257 3095
f 3265 3095 3264
f 2943 3096 2944
f 3096 2945 2944
f 2782 2805 2944
f 2782 2944 2945
f 2804 2943 2944
f 2804 2944 2805
f 3096 3097 2945
f 3097 3098 2945
f 2925 2924 2945
f 2925 2945 3098
f 2782 2945 2924
f 2661 2782 2783
f 2661 2783 2662
f 2782 2924 2783
f 2925 2783 2924
f 2661 2660 2782
f 2545 2680 2660
f 2545 2660 2661
f 2804 2805 2660
f 2804 2660 2680
f 2782 2660 2805
f 394 395 191
f 394 191 190
f 396 403 191
f 396 191 395
f 192 191 403
f 396 397 403
f 404 193 397
f 192 403 397
f 192 397 193
f 204 203 199
f 204 199 200
f 203 198 199
f 192 193 199
f 192 199 198
f 404 200 199
f 404 199 193
f 203 83 198
f 82 71 198
f 82 198 83
f 191 198 71
f 192 198 191
f 3759 3904 3755
f 3905 3898 3755
f 3905 3755 3904
f 3756 3755 3898
f 3616 3759 3755
f 3905 3899 3898
f 3906 3899 3905
f 3756 3898 3899
f 3756 3899 3757
f 3613 3612 3751
f 3611 3750 3751
f 3611 3751 3612
f 3756 3757 3751
f 3756 3751 3750
f 3611 3610 3750
f 3450 3610 3611
f 3616 3755 3610
f 3756 3750 3610
f 3756 3610 3755
f 82 83 101
f 82 101 100
f 203 102 101
f 203 101 83
f 118 117 101
f 118 101 102
f 116 100 101
f 116 101 117
f 203 215 102
f 204 216 215
f 204 215 203
f 230 215 216
f 118 102 215
f 118 215 230
f 268 247 248
f 268 248 269
f 118 230 248
f 118 248 247
f 268 267 130
f 268 130 247
f 266 129 130
f 266 130 267
f 116 117 130
f 116 130 129
f 118 247 130
f 118 130 117
f 4077 4078 4075
f 4077 4075 4074
f 4231 4226 4075
f 4231 4075 4078
f 4222 4221 4075
f 4222 4075 4226
f 4072 4074 4075
f 4072 4075 4221
f 4231 4232 4226
f 4232 4227 4226
f 4223 4222 4226
f 4223 4226 4227
f 4214 4213 4217
f 4214 4217 4218
f 4212 4217 4213
f 4223 4218 4217
f 4223 4217 4222
f 4212 4065 4069
f 4212 4069 4217
f 4064 4068 4069
f 4064 4069 4065
f 4072 4221 4069
f 4072 4069 4068
f 4222 4217 4069
f 4222 4069 4221
f 266 267 287
f 266 287 286
f 268 288 287
f 268 287 267
f 455 454 287
f 455 287 288
f 304 286 287
f 304 287 454
f 268 269 289
f 268 289 288
f 269 442 289
f 456 455 289
f 456 289 442
f 455 288 289
f 852 851 652
f 852 652 653
f 651 640 652
f 651 652 851
f 455 652 640
f 456 653 652
f 456 652 455
f 651 454 640
f 650 453 454
f 650 454 651
f 304 454 453
f 455 640 454
f 650 651 859
f 650 859 858
f 651 860 859
f 1279 1070 859
f 1279 859 860
f 1069 858 859
f 1069 859 1070
f 651 851 1071
f 651 1071 860
f 852 1071 851
f 1280 1279 1071
f 1279 860 1071
f 1721 1720 1526
f 1720 1525 1526
f 1279 1526 1525
f 1280 1526 1279
f 1720 1719 1520
f 1720 1520 1525
f 1524 1278 1520
f 1524 1520 1719
f 1069 1070 1520
f 1069 1520 1278
f 1279 1525 1520
f 1279 1520 1070
f 1524 1719 1878
f 1524 1878 1877
f 1720 1878 1719
f 2048 2047 1878
f 2046 1877 1878
f 2046 1878 2047
f 1720 1879 1878
f 1721 2050 1879
f 1721 1879 1720
f 2214 2049 1879
f 2214 1879 2050
f 2048 1878 1879
f 2048 1879 2049
f 2361 2213 2214
f 2360 2213 2361
f 2048 2049 2213
f 2214 2213 2049
f 2360 2212 2213
f 2211 2212 2360
f 2046 2047 2212
f 2046 2212 2211
f 2048 2213 2212
f 2048 2212 2047
f 2721 2722 2854
f 2601 2722 2721
f 2854 2990 2989
f 3143 2989 2990
f 3142 2989 3143
f 2721 2854 2989
f 2988 2852 2853
f 2719 2720 2853
f 2719 2853 2852
f 2721 2989 2853
f 2721 2853 2720
f 3142 2988 2853
f 3142 2853 2989
f 2719 2599 2600
f 2719 2600 2720
f 2482 2483 2600
f 2482 2600 2599
f 2601 2721 2600
f 2601 2600 2483
f 2721 2720 2600
f 2988 3302 3138
f 3142 3306 3302
f 3142 3302 2988
f 3483 3482 3302
f 3483 3302 3306
f 3301 3138 3302
f 3301 3302 3482
f 3142 3143 3306
f 3143 3307 3306
f 3484 3306 3307
f 3483 3306 3484
f 3933 3787 3649
f 3933 3649 3792
f 3786 3649 3787
f 3483 3484 3649
f 3484 3792 3649
f 3786 3785 3648
f 3786 3648 3649
f 3646 3481 3648
f 3646 3648 3785
f 3301 3482 3648
f 3301 3648 3481
f 3483 3649 3648
f 3483 3648 3482
f 3646 3785 3928
f 3646 3928 3782
f 3786 3932 3928
f 3786 3928 3785
f 4087 3928 3932
f 3927 3782 3928
f 3786 3787 3933
f 3786 3933 3932
f 4088 4087 3933
f 4087 3932 3933
f 4232 4082 4236
f 4231 4081 4082
f 4231 4082 4232
f 4087 4082 4081
f 4088 4236 4082
f 4088 4082 4087
f 4231 4078 4080
f 4231 4080 4081
f 4077 3925 4080
f 4077 4080 4078
f 3927 3928 4080
f 3927 4080 3925
f 4087 4081 4080
f 4087 4080 3928
f 797 798 591
f 797 591 590
f 799 592 591
f 799 591 798
f 597 591 592
f 596 590 591
f 596 591 597
f 799 593 592
f 800 593 799
f 599 598 593
f 599 593 800
f 597 592 593
f 597 593 598
f 397 396 598
f 397 598 599
f 396 390 598
f 597 598 390
f 396 395 389
f 396 389 390
f 394 389 395
f 596 597 389
f 596 389 394
f 597 390 389
f 4064 4065 4062
f 4064 4062 4061
f 4212 4063 4062
f 4212 4062 4065
f 4058 4057 4062
f 4058 4062 4063
f 3908 4061 4062
f 3908 4062 4057
f 4212 4213 4207
f 4212 4207 4063
f 4214 4208 4207
f 4214 4207 4213
f 4059 4058 4207
f 4059 4207 4208
f 4058 4063 4207
f 3906 3905 4051
f 3906 4051 4052
f 3905 3910 4051
f 4058 4051 3910
f 4059 4052 4051
f 4059 4051 4058
f 3905 3904 3909
f 3905 3909 3910
f 3759 3908 3909
f 3759 3909 3904
f 3908 4057 3909
f 4058 3910 3909
f 4058 3909 4057
f 2795 2935 2936
f 3084 2937 2936
f 3084 2936 3083
f 3086 3085 3252
f 3084 3083 3085
f 3086 2938 3085
f 2937 3085 2938
f 3084 3085 2937
f 3252 3085 3251
f 3083 3251 3085
f 2935 3082 2936
f 3083 2936 3082
f 3113 3278 3282
f 3113 3282 3115
f 3277 3282 3278
f 3285 3118 3282
f 3118 3115 3282
f 3277 3281 3282
f 3285 3282 3281
f 3122 3120 3286
f 3285 3286 3120
f 2969 3120 3122
f 3285 3120 3118
f 3287 3286 3467
f 3122 3286 3287
f 3464 3467 3286
f 3464 3286 3285
f 3460 3281 3277
f 3460 3462 3281
f 3464 3285 3462
f 3285 3281 3462
f 2838 2977 2843
f 2977 2982 2843
f 2842 2843 2982
f 2711 2843 2842
f 2976 2981 2982
f 2976 2982 2977
f 2841 2982 2981
f 2842 2982 2841
f 2842 2841 2850
f 2841 2849 2850
f 2849 2717 2850
f 2717 2718 2850
f 2711 2842 2850
f 2711 2850 2718
f 2986 2848 2849
f 2986 2849 2987
f 2980 2987 2849
f 2980 2849 2841
f 2980 2841 2981
f 3131 3134 2981
f 3131 2981 2976
f 2980 2981 3134
f 2969 3122 3125
f 2969 3125 2970
f 3122 3124 3125
f 3129 2973 3125
f 3129 3125 3124
f 2973 2970 3125
f 3129 3124 3128
f 2976 2977 2972
f 2976 2972 2971
f 3129 3128 2972
f 3128 2971 2972
f 2838 2835 2972
f 2838 2972 2977
f 2973 2972 2835
f 3129 2972 2973
f 3131 2976 3127
f 3292 3127 3128
f 2976 2971 3127
f 3128 3127 2971
f 3122 3287 3124
f 3287 3289 3124
f 3292 3128 3124
f 3292 3124 3289
f 2793 2671 2670
f 2554 2669 2670
f 2793 2670 2792
f 2793 2792 2794
f 2795 2794 2935
f 2793 2794 2671
f 2935 2794 2934
f 2792 2934 2794
f 2669 2791 2670
f 2792 2670 2791
f 2849 2716 2717
f 2608 2716 2729
f 2606 2728 2727
f 2606 2607 2728
f 2608 2729 2607
f 2729 2728 2607
f 2859 2727 2728
f 2859 2728 2860
f 2729 2861 2728
f 2861 2860 2728
f 2848 2716 2849
f 2729 2716 2848
f 2986 2847 2848
f 2861 2848 2847
f 2729 2848 2861
f 1238 1019 1237
f 1026 1018 1019
f 1237 1019 1018
f 1676 1469 1468
f 1676 1470 1469
f 1238 1237 1469
f 1238 1469 1470
f 1822 1676 1675
f 1823 1676 1822
f 1676 1468 1675
f 1823 1822 1985
f 1985 2152 2153
f 1984 2152 1985
f 2295 2153 2152
f 2295 2152 2294
f 2424 2425 2294
f 2424 2294 2293
f 2426 2295 2294
f 2426 2294 2425
f 2552 2427 2426
f 2424 2425 2426
f 2424 2426 2425
f 2552 2426 2425
f 2554 2553 2669
f 2552 2553 2427
f 2669 2553 2668
f 2551 2668 2553
f 2551 2553 2552
f 2424 2425 2550
f 2424 2550 2425
f 2552 2550 2551
f 2552 2425 2550
f 2665 2550 2549
f 2665 2549 2664
f 2550 2425 2549
f 2424 2549 2425
f 2784 2664 2663
f 2549 2663 2664
f 2784 2785 2664
f 3260 3259 3435
f 3446 3435 3259
f 3752 3606 3605
f 3446 3605 3606
f 3752 3753 3606
f 2785 2926 2927
f 2784 2926 2785
f 3098 3259 3099
f 2926 3098 3099
f 3259 3260 3099
f 2927 2926 3099
f 205 410 411
f 405 411 410
f 406 411 405
f 204 410 205
f 605 399 398
f 406 405 398
f 406 398 399
f 3901 3753 3752
f 3901 3752 3900
f 4053 3901 3900
f 434 433 249
f 434 249 250
f 232 250 249
f 232 249 231
f 204 205 217
f 232 231 217
f 4338 4215 4343
f 4215 4219 4343
f 4349 4343 4219
f 4215 4214 4219
f 4214 4218 4219
f 4224 4219 4218
f 4349 4219 4224
f 4349 4224 4228
f 4233 4353 4228
f 4234 4353 4233
f 4349 4228 4353
f 852 642 853
f 852 641 642
f 434 444 443
f 434 443 433
f 642 443 444
f 1880 1528 1722
f 1880 1527 1528
f 1281 1528 1527
f 1281 1722 1528
f 852 853 1072
f 853 1073 1072
f 1281 1072 1073
f 2607 2606 2489
f 2488 2489 2606
f 2488 2606 2605
f 2606 2727 2605
f 2486 2487 2604
f 2605 2604 2487
f 2363 2488 2487
f 2488 2605 2487
f 2216 2363 2215
f 2486 2362 2363
f 2486 2363 2487
f 2215 2363 2362
f 1880 2051 2050
f 2216 2215 2051
f 2215 2050 2051
f 3308 3144 2991
f 2856 2991 2855
f 3144 2990 2991
f 2855 2991 2990
f 2486 2603 2724
f 2486 2724 2723
f 2855 2723 2724
f 2856 2855 2724
f 2724 2604 2725
f 2605 2726 2725
f 2605 2725 2604
f 2724 2603 2604
f 2486 2604 2603
f 2727 2726 2605
f 2859 2726 2727
f 3934 3793 3935
f 3651 3793 3650
f 3308 3491 3144
f 3651 3650 3491
f 4234 4233 4238
f 4233 4237 4238
f 4089 4238 4237
f 4242 4238 4089
f 4088 4089 4237
f 3934 4095 4089
f 3934 3935 4095
f 3935 4089 4095
f 4242 4089 4095
f 4242 4095 4089
f 805 806 600
f 605 599 600
f 805 600 599
f 1026 802 801
f 806 801 802
f 805 801 806
f 4215 4209 4208
f 4215 4208 4214
f 4204 4208 4209
f 4338 4209 4215
f 1841 2004 2005
f 1841 2005 1842
f 2002 1842 2005
f 2170 2000 1999
f 2002 2172 2169
f 2170 1999 2169
f 2002 2169 1999
f 2172 2004 2173
f 2002 2005 2004
f 2002 2004 2172
f 2010 1848 2011
f 1845 1848 2010
f 1846 1848 1845
f 1852 2013 1850
f 2015 2013 1852
f 1848 1850 2013
f 1848 2013 2011
f 2014 2012 2013
f 2014 2013 2015
f 2011 2013 2012
f 2020 1856 1858
f 2014 2015 2017
f 2014 2017 2016
f 2018 2016 2017
f 2015 1852 1854
f 2015 1854 2017
f 1856 2018 1854
f 2018 2017 1854
f 2020 2018 1856
f 2035 2202 2030
f 2202 2196 2030
f 2029 2030 2196
f 2029 2026 1864
f 2191 2025 2192
f 2025 2026 2192
f 2195 2192 2026
f 2029 2195 2026
f 2029 2196 2195
f 2348 2342 2196
f 2348 2196 2202
f 2195 2196 2342
f 2009 1843 1846
f 2009 1846 1845
f 2009 1845 2010
f 2004 1843 2009
f 1841 1843 2004
f 2173 2004 2009
f 2009 2010 2008
f 1864 2026 1863
f 2026 2025 1863
f 2023 1861 1863
f 2023 1863 2025
f 2020 1858 2022
f 1858 1860 2022
f 2023 2022 1860
f 1858 1861 1860
f 2023 1860 1861
f 2020 2022 2189
f 2189 2022 2025
f 2189 2025 2191
f 2023 2025 2022
f 2000 2161 1991
f 2170 2161 2000
f 2162 1991 2161
f 2290 2163 2308
f 2162 2308 2163
f 2290 2148 2163
f 2162 2307 2308
f 2169 2161 2170
f 2162 2161 2307
f 2211 2359 2358
f 2211 2358 2210
f 2351 2204 2358
f 2204 2210 2358
f 2035 2203 2202
f 2351 2203 2204
f 2348 2202 2350
f 2348 2350 2349
f 2473 2349 2350
f 2202 2203 2350
f 2351 2350 2203
f 2351 2358 2357
f 2358 2482 2357
f 2482 2481 2357
f 2473 2350 2357
f 2473 2357 2481
f 2351 2357 2350
f 1237 1468 1469
f 1236 1231 1468
f 1236 1468 1237
f 1026 801 1018
f 801 800 1018
f 1236 1237 1018
f 1822 1984 1985
f 1822 1821 1984
f 1468 1674 1675
f 1821 1675 1674
f 1822 1675 1821
f 2152 2151 2293
f 2152 2293 2294
f 1984 2151 2152
f 2148 2291 2149
f 2290 2291 2148
f 2292 2149 2291
f 2424 2293 2292
f 2424 2292 2423
f 2291 2423 2292
f 2662 2784 2663
f 2548 2663 2549
f 2423 2549 2424
f 2423 2548 2549
f 2422 2423 2291
f 2422 2290 2421
f 2422 2291 2290
f 3752 3605 3613
f 3446 3445 3605
f 3097 3258 3259
f 3097 3259 3098
f 3445 3259 3258
f 3446 3259 3445
f 2926 2925 3098
f 2662 2783 2784
f 2925 2784 2783
f 2926 2784 2925
f 604 398 397
f 404 397 398
f 404 398 405
f 604 605 398
f 204 200 410
f 405 410 200
f 404 405 200
f 3906 4052 3899
f 4053 3900 3899
f 4053 3899 4052
f 3757 3899 3900
f 3613 3751 3752
f 3757 3900 3752
f 3757 3752 3751
f 231 230 216
f 204 217 216
f 231 216 217
f 270 249 433
f 270 269 248
f 270 248 249
f 231 249 248
f 231 248 230
f 4232 4233 4227
f 4233 4228 4227
f 4223 4227 4228
f 4224 4223 4228
f 4224 4218 4223
f 270 443 442
f 270 442 269
f 457 456 442
f 457 442 443
f 270 433 443
f 457 443 642
f 457 642 641
f 852 653 641
f 456 641 653
f 457 641 456
f 852 1072 1071
f 1280 1071 1072
f 1281 1280 1072
f 1281 1527 1280
f 1880 1721 1527
f 1721 1526 1527
f 1280 1527 1526
f 1880 2050 1721
f 2215 2214 2050
f 2361 2214 2362
f 2215 2362 2214
f 2362 2485 2361
f 2484 2360 2361
f 2484 2361 2485
f 2362 2486 2485
f 2358 2359 2483
f 2484 2483 2359
f 2211 2360 2359
f 2484 2359 2360
f 2601 2602 2723
f 2601 2723 2722
f 2855 2854 2723
f 2854 2722 2723
f 2486 2723 2602
f 3144 2990 2991
f 2855 2991 2990
f 3143 2990 3144
f 2855 2990 2854
f 2358 2483 2482
f 2601 2483 2484
f 2486 2602 2485
f 2484 2485 2602
f 2484 2602 2601
f 3143 3144 3307
f 3484 3307 3650
f 3144 3490 3307
f 3144 3491 3490
f 3650 3490 3491
f 3650 3307 3490
f 3934 3792 3793
f 3650 3793 3792
f 3933 3792 3934
f 3484 3650 3792
f 3934 4095 3933
f 4088 3933 4095
f 3934 4089 4095
f 4088 4095 4089
f 4232 4236 4237
f 4232 4237 4233
f 4088 4237 4236
f 599 800 801
f 805 599 801
f 604 599 605
f 604 397 599
f 4204 4203 4208
f 4059 4208 4203
f 4059 4203 4053
f 4059 4053 4052
f 4204 4053 4203
f 2566 2677 2801
f 2566 2801 2678
f 2800 2940 2801
f 2800 2801 2677
f 3089 2941 2801
f 3089 2801 2940
f 2802 2678 2801
f 2802 2801 2941
f 2800 2939 3088
f 2800 3088 2940
f 3086 3087 3088
f 3086 3088 2939
f 3254 3089 3088
f 3254 3088 3087
f 3089 2940 3088
f 3416 3235 3234
f 3235 3090 3234
f 3089 3234 3090
f 3254 3234 3089
f 3235 3069 3090
f 3069 2942 3090
f 2802 2941 3090
f 2802 3090 2942
f 3089 3090 2941
f 3252 3430 3431
f 3430 3595 3431
f 3596 3432 3431
f 3596 3431 3595
f 3430 3594 3595
f 3743 3731 3595
f 3743 3595 3594
f 3732 3595 3731
f 3596 3595 3732
f 3724 3597 3733
f 3596 3732 3733
f 3596 3733 3597
f 3724 3584 3583
f 3724 3583 3597
f 3584 3415 3583
f 3432 3583 3415
f 3596 3597 3583
f 3596 3583 3432
f 2446 2443 2684
f 2446 2684 2687
f 2441 2684 2443
f 2806 2809 2684
f 2810 2687 2684
f 2810 2684 2809
f 2441 2567 2681
f 2441 2681 2684
f 2566 2678 2681
f 2566 2681 2567
f 2802 2806 2681
f 2802 2681 2678
f 2806 2684 2681
f 3069 3091 2942
f 2802 2942 2806
f 3091 3092 2946
f 3091 2946 2942
f 2810 2809 2946
f 2806 2942 2946
f 2806 2946 2809
f 3113 3111 3275
f 2961 2958 3111
f 2961 3111 3113
f 3109 3272 3111
f 3109 3111 2958
f 3272 3275 3111
f 2961 2694 2818
f 2961 2818 2958
f 2577 2691 2818
f 2577 2818 2694
f 2816 2955 2818
f 2816 2818 2691
f 3109 2958 2818
f 3109 2818 2955
f 3101 3266 3106
f 3101 3106 2951
f 3266 3270 3106
f 3109 2955 3106
f 3109 3106 3270
f 2816 2951 3106
f 2816 3106 2955
f 3266 3448 3269
f 3266 3269 3270
f 3447 3451 3269
f 3447 3269 3448
f 3272 3269 3451
f 3109 3270 3269
f 3109 3269 3272
f 4060 3911 3907
f 4060 3907 4056
f 3763 3760 3907
f 3763 3907 3911
f 3758 3903 3907
f 3758 3907 3760
f 4050 4056 3907
f 4050 3907 3903
f 3763 3625 3620
f 3763 3620 3760
f 3460 3620 3625
f 3617 3758 3620
f 3758 3760 3620
f 3749 3754 3614
f 3893 3897 3754
f 3893 3754 3749
f 3758 3754 3897
f 3617 3614 3754
f 3617 3754 3758
f 4025 4034 3897
f 4025 3897 3893
f 4050 3903 3897
f 4050 3897 4034
f 3758 3897 3903
f 3743 3877 3878
f 3743 3878 3731
f 3889 3890 3878
f 3889 3878 3877
f 3879 3878 3890
f 3732 3731 3878
f 3732 3878 3879
f 3889 4041 3891
f 3889 3891 3890
f 4041 4042 3891
f 4032 3892 3891
f 4032 3891 4042
f 3879 3890 3891
f 3879 3891 3892
f 3867 3866 3880
f 3867 3880 3868
f 3879 3892 3880
f 3879 3880 3866
f 4032 3880 3892
f 3724 3733 3866
f 3724 3866 3867
f 3732 3879 3866
f 3732 3866 3733
f 2577 2448 2689
f 2577 2689 2691
f 2813 2814 2689
f 2816 2691 2689
f 2816 2689 2814
f 2448 2446 2572
f 2448 2572 2689
f 2446 2687 2572
f 2810 2813 2572
f 2810 2572 2687
f 2813 2689 2572
f 3092 3100 2950
f 3092 2950 2946
f 3101 2951 2950
f 3101 2950 3100
f 2813 2950 2951
f 2810 2946 2950
f 2810 2950 2813
f 2816 2814 2951
f 2813 2951 2814
f 4041 4048 4042
f 4201 4049 4042
f 4201 4042 4048
f 4043 4042 4049
f 4032 4042 4043
f 4201 4202 4049
f 4060 4056 4049
f 4060 4049 4202
f 4050 4044 4049
f 4050 4049 4056
f 4043 4049 4044
f 4025 4033 4034
f 4024 4033 4025
f 4043 4044 4033
f 4050 4034 4033
f 4050 4033 4044
f 3868 3880 4033
f 3868 4033 4024
f 4032 4043 4033
f 4032 4033 3880
f 3086 3253 3087
f 3254 3087 3253
f 3086 3252 3253
f 3416 3234 3415
f 3254 3415 3234
f 3254 3253 3433
f 3252 3431 3253
f 3432 3433 3253
f 3432 3253 3431
f 3416 3415 3584
f 3432 3415 3433
f 3254 3433 3415
f 3277 3458 3457
f 3454 3457 3458
f 3277 3278 3275
f 3277 3275 3458
f 3113 3275 3278
f 3272 3454 3275
f 3454 3458 3275
f 3447 3609 3451
f 3272 3451 3454
f 3609 3614 3451
f 3454 3451 3614
f 3460 3457 3620
f 3454 3618 3457
f 3617 3620 3457
f 3617 3457 3618
f 3460 3277 3457
f 3749 3614 3609
f 3617 3618 3614
f 3454 3614 3618
f 3069 3236 3237
f 3235 3236 3069
f 3418 3237 3236
f 3235 3417 3236
f 3416 3417 3235
f 3418 3236 3417
f 3418 3581 3412
f 3412 3413 3226
f 3227 3226 3413
f 3237 3226 3227
f 3418 3412 3226
f 3418 3226 3237
f 3724 3725 3584
f 3726 3585 3584
f 3726 3584 3725
f 3724 3862 3725
f 3863 3726 3725
f 3863 3725 3862
f 3860 3720 3859
f 3721 3720 3860
f 3863 3859 3720
f 3863 3720 3726
f 3585 3721 3581
f 3726 3720 3721
f 3726 3721 3585
f 3091 3070 3093
f 3091 3093 3092
f 3238 3093 3070
f 3239 3093 3238
f 3069 3237 3070
f 3069 3070 3091
f 3237 3238 3070
f 3237 3227 3238
f 3228 3239 3227
f 3229 3239 3228
f 3238 3227 3239
f 3447 3448 3440
f 3447 3440 3604
f 3266 3441 3440
f 3266 3440 3448
f 3434 3598 3440
f 3434 3440 3441
f 3598 3604 3440
f 3266 3262 3441
f 3101 3262 3266
f 3434 3441 3262
f 3434 3262 3256
f 3414 3419 3240
f 3582 3419 3414
f 3434 3256 3419
f 3256 3240 3419
f 3582 3587 3586
f 3582 3586 3419
f 3728 3586 3587
f 3434 3419 3586
f 3434 3586 3598
f 4025 3893 3881
f 4025 3881 4026
f 3870 4023 3881
f 4023 4026 3881
f 3893 3749 3744
f 3893 3744 3881
f 3734 3871 3744
f 3870 3881 3744
f 3870 3744 3871
f 3865 3864 3727
f 4020 3864 3865
f 3870 3871 3864
f 3734 3727 3864
f 3734 3864 3871
f 4020 4019 3864
f 4182 4018 4019
f 4023 4019 4018
f 3870 3864 4019
f 3870 4019 4023
f 3724 3867 3862
f 3867 3868 3869
f 3867 3869 3862
f 3868 4021 3869
f 4017 4016 3869
f 4017 3869 4021
f 3863 3862 3869
f 3863 3869 4016
f 4014 4013 4017
f 4013 3860 4017
f 3863 4016 4017
f 3863 4017 3860
f 4013 3860 3859
f 4013 3859 3860
f 3863 3860 3859
f 3101 3094 3262
f 3255 3256 3094
f 3256 3262 3094
f 3101 3100 3093
f 3101 3093 3094
f 3092 3093 3100
f 3255 3094 3093
f 3255 3093 3239
f 3229 3240 3239
f 3255 3239 3240
f 3229 3230 3240
f 3414 3240 3230
f 3255 3240 3256
f 3868 4024 4021
f 4022 4017 4021
f 4024 4025 4022
f 4024 4022 4021
f 4025 4026 4022
f 4023 4022 4026
f 4181 4018 4182
f 4022 4023 4018
f 4181 4014 4018
f 4014 4017 4018
f 4022 4018 4017
f 3418 3417 3585
f 3416 3585 3417
f 3418 3585 3581
f 3416 3584 3585
f 3598 3734 3604
f 3447 3604 3609
f 3598 3586 3728
f 3598 3728 3734
f 3749 3609 3744
f 3609 3604 3744
f 3734 3744 3604
f 3865 3727 3728
f 3734 3728 3727
f 3227 3413 3401
f 3412 3401 3413
f 3568 3393 3401
f 3412 3574 3401
f 3581 3573 3574
f 3581 3574 3412
f 3568 3574 3573
f 3568 3401 3574
f 3704 3568 3711
f 3561 3568 3704
f 3721 3856 3718
f 3856 3710 3718
f 3721 3860 3856
f 4000 3850 4006
f 3844 3850 4000
f 4010 4006 3850
f 4010 3850 3856
f 3844 3710 3850
f 3856 3850 3710
f 3229 3228 3402
f 3229 3402 3403
f 3403 3402 3394
f 3228 3227 3402
f 3227 3401 3402
f 3393 3394 3402
f 3393 3402 3401
f 3561 3562 3394
f 3561 3394 3568
f 3393 3568 3394
f 3563 3395 3394
f 3563 3394 3562
f 3403 3394 3395
f 3728 3587 3723
f 3582 3723 3587
f 3575 3719 3723
f 3575 3723 3582
f 3404 3575 3582
f 3404 3582 3414
f 3564 3705 3569
f 3705 3712 3569
f 3575 3569 3712
f 3404 3569 3575
f 3705 3846 3712
f 3846 3851 3712
f 3719 3712 3851
f 3575 3712 3719
f 4182 4019 4015
f 4020 4015 4019
f 4012 4180 4015
f 4180 4182 4015
f 4020 3865 3861
f 4020 3861 4015
f 3857 4012 3861
f 4012 4015 3861
f 4172 4177 4008
f 4172 4008 4001
f 4012 4008 4177
f 3857 4008 4012
f 4171 4177 4172
f 4012 4177 4180
f 3860 4010 3856
f 4013 4010 3860
f 4013 4011 4010
f 4014 4011 4013
f 4170 4007 4175
f 4010 4011 4175
f 4010 4175 4007
f 4178 4175 4011
f 4170 4000 4006
f 4170 4006 4007
f 4010 4007 4006
f 3229 3404 3414
f 3229 3414 3230
f 3229 3403 3404
f 3563 3396 3395
f 3404 3403 3395
f 3404 3395 3396
f 3563 3564 3569
f 3563 3569 3396
f 3404 3396 3569
f 4014 4181 4011
f 4179 4181 4182
f 4178 4011 4181
f 4178 4181 4179
f 4180 4179 4182
f 4171 4316 4176
f 4171 4176 4177
f 4171 4176 4316
f 4180 4177 4176
f 4180 4176 4179
f 4170 4175 4176
f 4170 4176 4171
f 4178 4179 4176
f 4178 4176 4175
f 3568 3573 3711
f 3711 3573 3710
f 3703 3704 3711
f 3581 3718 3573
f 3710 3573 3718
f 3721 3718 3581
f 3703 3711 3710
f 3703 3710 3844
f 3728 3722 3861
f 3728 3723 3722
f 3858 3722 3723
f 3858 3861 3722
f 3719 3858 3723
f 3845 3851 3846
f 3719 3851 3858
f 3865 3728 3861
f 3857 3861 3858
f 4001 3851 3845
f 4001 4008 3851
f 3857 3858 3851
f 3857 3851 4008
f 3561 3697 3554
f 3561 3704 3696
f 3561 3696 3697
f 3696 3835 3687
f 3840 3835 3696
f 3697 3696 3687
f 3994 3840 3844
f 3994 3844 4000
f 3987 3986 3994
f 3987 3994 3986
f 3987 3835 3994
f 3994 3835 3840
f 3563 3562 3555
f 3688 3689 3555
f 3562 3554 3555
f 3561 3554 3562
f 3697 3688 3554
f 3688 3555 3554
f 3683 3688 3687
f 3697 3687 3688
f 3683 3684 3688
f 3705 3841 3846
f 3990 3841 3837
f 3705 3699 3841
f 3564 3699 3705
f 3837 3841 3699
f 3837 3699 3690
f 3828 3836 3689
f 3837 3690 3836
f 3690 3689 3836
f 3828 3979 3836
f 3989 3836 3979
f 3990 3837 3836
f 3990 3836 3989
f 4164 4171 4172
f 4311 4316 4171
f 4311 4171 4164
f 4172 4001 4165
f 4001 3996 4165
f 3995 4164 4165
f 3995 4165 3996
f 4164 4172 4165
f 3989 4157 4158
f 3995 3989 4158
f 3995 4158 4164
f 4311 4164 4157
f 4311 4157 4310
f 4164 4158 4157
f 4170 4169 4000
f 4162 4000 4169
f 3994 4000 4162
f 4163 4162 4170
f 4162 4169 4170
f 4156 3987 3994
f 4156 3994 4162
f 3564 3698 3699
f 3563 3556 3698
f 3563 3698 3564
f 3690 3698 3556
f 3690 3699 3698
f 3563 3555 3556
f 3689 3556 3555
f 3690 3556 3689
f 3684 3689 3688
f 3827 3689 3684
f 3827 3828 3689
f 4171 4316 4170
f 4310 4163 4170
f 4310 4170 4316
f 4311 4310 4316
f 4156 4163 4310
f 4156 4310 4157
f 4156 4162 4163
f 3704 3840 3696
f 3703 3840 3704
f 3703 3844 3840
f 3845 3846 3996
f 3846 3841 3996
f 3990 3996 3841
f 3990 3989 3996
f 4001 3845 3996
f 3995 3996 3989
f 3977 3826 3835
f 3977 3835 3987
f 3977 3987 4156
f 3977 4156 4157
f 3977 4157 3988
f 3989 3988 4157
f 3977 3988 3978
f 3989 3978 3988
f 3988 3978 3989
f 3989 3979 3978
f 3828 3978 3979
f 3988 3989 3978
f 3828 3827 3978
f 3977 3978 3827
f 3683 3826 3827
f 3683 3827 3684
f 3977 3827 3826
f 3683 3687 3826
f 3835 3826 3687
f 1773 1768 1935
f 1773 1935 1940
f 1931 1935 1768
f 2099 2107 1935
f 2099 1935 1931
f 1940 1935 2107
f 2099 1931 2098
f 2392 2395 2246
f 2392 2246 2239
f 2099 2098 2246
f 2239 2246 2098
f 2395 2256 2108
f 2395 2108 2246
f 2265 2114 2108
f 2265 2108 2256
f 1940 2107 2108
f 1940 2108 2114
f 2099 2246 2108
f 2099 2108 2107
f 2746 2881 2883
f 2746 2883 2749
f 3022 3027 2883
f 3022 2883 2881
f 3029 2885 2883
f 3029 2883 3027
f 2886 2749 2883
f 2886 2883 2885
f 2744 2880 2746
f 2875 2880 2744
f 3022 2881 2880
f 2746 2880 2881
f 3013 3173 3021
f 3013 3021 2875
f 3174 3021 3173
f 3022 2880 3021
f 2875 3021 2880
f 3174 3340 3181
f 3174 3181 3021
f 3348 3185 3181
f 3348 3181 3340
f 3029 3027 3181
f 3029 3181 3185
f 3022 3021 3181
f 3022 3181 3027
f 1618 1605 1786
f 1618 1786 1795
f 1598 1778 1786
f 1598 1786 1605
f 1948 1960 1786
f 1948 1786 1778
f 1962 1795 1786
f 1962 1786 1960
f 1598 1773 1778
f 1940 1948 1773
f 1948 1778 1773
f 2265 2271 2124
f 2265 2124 2114
f 2273 2129 2124
f 2273 2124 2271
f 1948 2124 2129
f 1940 2114 2124
f 1940 2124 1948
f 2273 2274 2130
f 2273 2130 2129
f 2276 2132 2130
f 2276 2130 2274
f 1962 1960 2130
f 1962 2130 2132
f 1948 2129 2130
f 1948 2130 1960
f 2753 2888 2891
f 2753 2891 2756
f 3031 3033 2891
f 3031 2891 2888
f 3036 2893 2891
f 3036 2891 3033
f 2758 2756 2891
f 2758 2891 2893
f 2886 2885 2888
f 2886 2888 2889
f 3029 3031 2888
f 3029 2888 2885
f 2753 2889 2888
f 3348 3352 3187
f 3348 3187 3185
f 3356 3188 3187
f 3356 3187 3352
f 3031 3187 3188
f 3029 3185 3187
f 3029 3187 3031
f 3356 3190 3191
f 3356 3191 3188
f 3193 3035 3191
f 3193 3191 3190
f 3036 3033 3191
f 3036 3191 3035
f 3031 3188 3191
f 3031 3191 3033
f 1636 1624 1629
f 1636 1629 1637
f 1622 1798 1629
f 1622 1629 1624
f 1799 1801 1629
f 1799 1629 1798
f 1803 1637 1629
f 1803 1629 1801
f 1622 1619 1796
f 1622 1796 1798
f 1618 1795 1796
f 1618 1796 1619
f 1962 1963 1796
f 1962 1796 1795
f 1799 1798 1796
f 1799 1796 1963
f 2276 2277 2133
f 2276 2133 2132
f 2135 1965 2133
f 2135 2133 2277
f 1799 1963 2133
f 1799 2133 1965
f 1962 2132 2133
f 1962 2133 1963
f 2135 2138 1967
f 2135 1967 1965
f 2139 1969 1967
f 2139 1967 2138
f 1803 1801 1967
f 1803 1967 1969
f 1799 1965 1967
f 1799 1967 1801
f 2762 2764 2646
f 2898 2901 2764
f 2898 2764 2762
f 2766 2768 2764
f 2766 2764 2901
f 2649 2646 2764
f 2649 2764 2768
f 2758 2893 2896
f 2758 2896 2760
f 3036 2895 2896
f 3036 2896 2893
f 2898 2762 2896
f 2898 2896 2895
f 2762 2760 2896
f 3193 3195 3038
f 3193 3038 3035
f 3199 3040 3038
f 3199 3038 3195
f 2898 2895 3038
f 2898 3038 3040
f 3036 3035 3038
f 3036 3038 2895
f 3199 3043 3044
f 3199 3044 3040
f 3048 2903 3044
f 3048 3044 3043
f 2766 2901 3044
f 2766 3044 2903
f 2898 3040 3044
f 2898 3044 2901
f 1659 1660 1810
f 1659 1810 1809
f 1651 1810 1660
f 1807 1810 1651
f 1817 1809 1810
f 1636 1637 1643
f 1803 1805 1643
f 1803 1643 1637
f 1807 1651 1643
f 1807 1643 1805
f 2139 2141 1971
f 2139 1971 1969
f 1974 1971 2141
f 1807 1805 1971
f 1807 1971 1974
f 1803 1969 1971
f 1803 1971 1805
f 1974 1979 1973
f 1978 1979 1973
f 1978 1973 1979
f 1817 1810 1973
f 1817 1973 1979
f 1807 1974 1973
f 1807 1973 1810
f 2544 2658 2543
f 2781 2657 2543
f 2781 2543 2658
f 2667 2552 2543
f 2667 2543 2657
f 2649 2768 2651
f 2649 2651 2652
f 2766 2773 2651
f 2766 2651 2768
f 2781 2658 2651
f 2781 2651 2773
f 2544 2652 2651
f 2544 2651 2658
f 3048 3057 2908
f 3048 2908 2903
f 2914 2772 2908
f 2914 2908 3057
f 2781 2773 2908
f 2781 2908 2772
f 2766 2903 2908
f 2766 2908 2773
f 2914 2923 2780
f 2914 2780 2772
f 2779 2656 2780
f 2779 2780 2923
f 2667 2657 2780
f 2667 2780 2656
f 2781 2772 2780
f 2781 2780 2657
f 2392 2515 2394
f 2392 2394 2395
f 2514 2517 2394
f 2514 2394 2515
f 2518 2395 2394
f 2518 2394 2517
f 2514 2626 2629
f 2514 2629 2517
f 2746 2630 2629
f 2518 2517 2629
f 2518 2629 2630
f 2751 2633 2631
f 2751 2631 2749
f 2521 2519 2631
f 2521 2631 2633
f 2518 2630 2631
f 2518 2631 2519
f 2746 2749 2631
f 2746 2631 2630
f 2521 2398 2397
f 2521 2397 2519
f 2265 2256 2397
f 2265 2397 2398
f 2395 2397 2256
f 2518 2519 2397
f 2518 2397 2395
f 3013 3164 3173
f 3164 3329 3173
f 3329 3330 3173
f 3174 3173 3330
f 3164 3172 3329
f 3328 3329 3172
f 3508 3329 3328
f 3523 3524 3514
f 3525 3515 3514
f 3525 3514 3524
f 3329 3514 3515
f 3508 3514 3329
f 3525 3347 3339
f 3525 3339 3515
f 3348 3340 3339
f 3348 3339 3347
f 3174 3330 3339
f 3174 3339 3340
f 3329 3515 3339
f 3329 3339 3330
f 2265 2398 2401
f 2265 2401 2271
f 2521 2523 2401
f 2521 2401 2398
f 2523 2400 2401
f 2273 2271 2401
f 2273 2401 2400
f 2521 2633 2635
f 2521 2635 2523
f 2751 2754 2635
f 2751 2635 2633
f 2639 2637 2756
f 2527 2525 2637
f 2527 2637 2639
f 2523 2635 2637
f 2523 2637 2525
f 2754 2756 2637
f 2754 2637 2635
f 2527 2405 2403
f 2527 2403 2525
f 2276 2274 2403
f 2276 2403 2405
f 2273 2400 2403
f 2273 2403 2274
f 2523 2525 2403
f 2523 2403 2400
f 3348 3347 3351
f 3348 3351 3352
f 3525 3532 3351
f 3525 3351 3347
f 3532 3355 3351
f 3356 3352 3351
f 3356 3351 3355
f 3525 3524 3531
f 3525 3531 3532
f 3523 3531 3524
f 3530 3531 3523
f 3543 3544 3537
f 3543 3537 3536
f 3363 3541 3537
f 3363 3537 3544
f 3532 3531 3537
f 3532 3537 3541
f 3530 3536 3537
f 3530 3537 3531
f 3363 3364 3360
f 3363 3360 3541
f 3193 3190 3360
f 3193 3360 3364
f 3356 3355 3360
f 3356 3360 3190
f 3532 3541 3360
f 3532 3360 3355
f 2276 2405 2407
f 2276 2407 2277
f 2527 2529 2407
f 2527 2407 2405
f 2408 2279 2407
f 2408 2407 2529
f 2135 2277 2407
f 2135 2407 2279
f 2527 2639 2642
f 2527 2642 2529
f 2639 2641 2642
f 2644 2530 2642
f 2644 2642 2641
f 2408 2529 2642
f 2408 2642 2530
f 2538 2414 2534
f 2538 2534 2533
f 2412 2411 2534
f 2412 2534 2414
f 2408 2530 2534
f 2408 2534 2411
f 2644 2533 2534
f 2644 2534 2530
f 2412 2283 2282
f 2412 2282 2411
f 2139 2138 2282
f 2139 2282 2283
f 2135 2279 2282
f 2135 2282 2138
f 2408 2411 2282
f 2408 2282 2279
f 3193 3364 3367
f 3193 3367 3195
f 3363 3366 3367
f 3363 3367 3364
f 3377 3198 3367
f 3377 3367 3366
f 3199 3195 3367
f 3199 3367 3198
f 3363 3544 3547
f 3363 3547 3366
f 3543 3546 3547
f 3543 3547 3544
f 3550 3371 3547
f 3550 3547 3546
f 3377 3366 3547
f 3377 3547 3371
f 3387 3381 3376
f 3206 3382 3381
f 3206 3381 3387
f 3377 3371 3381
f 3377 3381 3382
f 3550 3376 3381
f 3550 3381 3371
f 3206 3215 3202
f 3206 3202 3382
f 3048 3043 3202
f 3048 3202 3215
f 3199 3198 3202
f 3199 3202 3043
f 3377 3382 3202
f 3377 3202 3198
f 2139 2283 2141
f 2412 2286 2141
f 2412 2141 2283
f 2289 2143 2141
f 2289 2141 2286
f 1974 2141 2143
f 2412 2414 2416
f 2412 2416 2286
f 2538 2540 2416
f 2538 2416 2414
f 2419 2416 2540
f 2289 2286 2416
f 2289 2416 2419
f 2427 2297 2418
f 2297 2288 2418
f 2289 2419 2418
f 2289 2418 2288
f 2297 2146 2147
f 2297 2147 2288
f 1978 1979 2147
f 1978 2147 2146
f 1974 2143 2147
f 1974 2147 1979
f 2289 2288 2147
f 2289 2147 2143
f 3048 3215 3057
f 3206 3214 3057
f 3206 3057 3215
f 3056 3064 3057
f 3056 3057 3214
f 2914 3057 3064
f 3206 3387 3214
f 3387 3391 3214
f 3219 3214 3391
f 3056 3214 3219
f 3062 3063 3225
f 3056 3219 3063
f 3219 3225 3063
f 2922 2923 3063
f 2779 2923 2922
f 2914 3064 2923
f 3056 3063 2923
f 3056 2923 3064
f 2098 1931 1930
f 2098 1930 2083
f 1931 1759 1930
f 1922 2083 1930
f 1931 1768 1767
f 1931 1767 1759
f 1773 1767 1768
f 1581 1574 1758
f 1581 1758 1582
f 1757 1758 1574
f 1759 1767 1758
f 1583 1582 1758
f 1583 1758 1767
f 1757 1920 1921
f 1757 1921 1758
f 1922 1930 1921
f 1759 1758 1921
f 1759 1921 1930
f 2392 2239 2238
f 2392 2238 2391
f 2390 2391 2238
f 2390 2238 2237
f 2239 2098 2083
f 2239 2083 2238
f 1922 2082 2083
f 2237 2238 2083
f 2237 2083 2082
f 1920 2081 2082
f 1920 2082 1921
f 2070 2082 2081
f 1922 1921 2082
f 2070 2234 2082
f 2233 2387 2234
f 2390 2237 2234
f 2390 2234 2387
f 2237 2082 2234
f 3523 3514 3513
f 3523 3513 3512
f 3508 3327 3513
f 3508 3513 3514
f 3327 3512 3513
f 3508 3328 3327
f 3328 3163 3327
f 3162 3327 3163
f 3325 3326 3161
f 3327 3161 3326
f 3162 3161 3327
f 3325 3336 3326
f 3335 3511 3336
f 3335 3336 3325
f 3512 3336 3511
f 3327 3326 3336
f 3327 3336 3512
f 3013 2875 2874
f 3013 2874 3012
f 2875 2743 2874
f 2742 2874 2743
f 2873 3012 2874
f 2875 2744 2743
f 2624 2742 2743
f 2620 2740 2621
f 2742 2621 2740
f 2624 2621 2742
f 2620 2739 2740
f 2739 2867 2740
f 2873 2874 2740
f 2873 2740 2867
f 2742 2740 2874
f 1773 1592 1767
f 1598 1592 1773
f 1597 1591 1592
f 1597 1592 1598
f 1583 1767 1592
f 1583 1592 1591
f 1598 1605 1604
f 1618 1612 1604
f 1618 1604 1605
f 1376 1364 1604
f 1376 1604 1612
f 1597 1598 1604
f 1597 1604 1364
f 1375 1362 1363
f 1375 1363 1376
f 1352 1363 1362
f 1597 1364 1363
f 1597 1363 1352
f 1376 1363 1364
f 1352 1590 1591
f 1581 1582 1591
f 1581 1591 1590
f 1583 1591 1582
f 1597 1352 1591
f 3543 3536 3535
f 3543 3535 3540
f 3530 3529 3535
f 3530 3535 3536
f 3528 3535 3529
f 3539 3540 3535
f 3530 3523 3522
f 3530 3522 3529
f 3523 3512 3522
f 3512 3521 3522
f 3528 3529 3522
f 3528 3522 3521
f 3335 3345 3521
f 3335 3521 3511
f 3527 3521 3345
f 3528 3521 3527
f 3512 3511 3521
f 3527 3533 3534
f 3359 3538 3534
f 3359 3534 3533
f 3539 3535 3534
f 3539 3534 3538
f 3528 3527 3534
f 3528 3534 3535
f 1618 1619 1389
f 1618 1389 1612
f 1622 1399 1389
f 1622 1389 1619
f 1398 1389 1399
f 1376 1612 1389
f 1622 1624 1411
f 1622 1411 1399
f 1636 1423 1411
f 1636 1411 1624
f 1422 1411 1423
f 1398 1399 1411
f 1199 1189 1410
f 1199 1410 1422
f 1180 1398 1410
f 1180 1410 1189
f 1398 1411 1410
f 1422 1410 1411
f 1180 1383 1398
f 1375 1376 1383
f 1376 1389 1383
f 1398 1383 1389
f 3387 3376 3375
f 3387 3375 3380
f 3550 3549 3375
f 3550 3375 3376
f 3548 3375 3549
f 3379 3380 3375
f 3550 3546 3545
f 3550 3545 3549
f 3543 3540 3545
f 3543 3545 3546
f 3539 3545 3540
f 3548 3549 3545
f 3359 3362 3542
f 3359 3542 3538
f 3369 3370 3542
f 3369 3542 3362
f 3548 3545 3542
f 3548 3542 3370
f 3539 3538 3542
f 3539 3542 3545
f 3369 3374 3370
f 3378 3379 3374
f 3379 3375 3374
f 3548 3370 3374
f 3548 3374 3375
f 1636 1643 1442
f 1636 1442 1423
f 1651 1450 1442
f 1651 1442 1643
f 1441 1432 1442
f 1441 1442 1450
f 1422 1423 1442
f 1422 1442 1432
f 1651 1660 1650
f 1651 1650 1450
f 1659 1650 1660
f 1658 1650 1659
f 1441 1450 1650
f 1657 1448 1449
f 1657 1449 1658
f 1440 1441 1449
f 1440 1449 1448
f 1441 1650 1449
f 1658 1449 1650
f 1440 1208 1431
f 1440 1431 1441
f 1199 1422 1431
f 1199 1431 1208
f 1422 1432 1431
f 1441 1431 1432
f 1978 2146 2154
f 1978 2154 1987
f 2297 2296 2154
f 2297 2154 2146
f 2153 2154 2296
f 1986 1987 2154
f 1986 2154 2153
f 2427 2426 2296
f 2427 2296 2297
f 2295 2296 2426
f 2153 2296 2295
f 2293 2151 2294
f 2152 2294 2151
f 2153 2295 2294
f 2153 2294 2152
f 2152 1984 2153
f 1984 1985 2153
f 1986 2153 1985
f 2779 2922 2778
f 2779 2778 2787
f 2922 2921 2778
f 2665 2787 2778
f 2922 3063 2921
f 3062 2921 3063
f 2913 2919 2920
f 2913 2920 3061
f 2776 2777 2920
f 2776 2920 2919
f 2921 2920 2777
f 3062 3061 2920
f 3062 2920 2921
f 2776 2655 2777
f 2663 2664 2777
f 2663 2777 2655
f 2665 2778 2777
f 2665 2777 2664
f 2921 2777 2778
f 3062 3225 3218
f 3219 3218 3225
f 3219 3391 3218
f 3387 3380 3391
f 3379 3385 3391
f 3379 3391 3380
f 3218 3391 3385
f 3378 3205 3384
f 3378 3384 3379
f 3210 3211 3384
f 3210 3384 3205
f 3218 3385 3384
f 3218 3384 3211
f 3379 3384 3385
f 3210 3053 3054
f 3210 3054 3211
f 2913 3061 3054
f 2913 3054 3053
f 3062 3218 3054
f 3062 3054 3061
f 3218 3211 3054
f 2514 2625 2626
f 2513 2625 2514
f 2624 2625 2513
f 2514 2515 2391
f 2392 2391 2515
f 2513 2514 2391
f 2513 2391 2390
f 2233 2386 2387
f 2386 2511 2387
f 2513 2390 2387
f 2513 2387 2511
f 2386 2510 2511
f 2624 2513 2511
f 3328 3172 3163
f 3164 3163 3172
f 3164 3012 3163
f 3013 3012 3164
f 2873 3011 3012
f 3011 3163 3012
f 2739 2866 2872
f 2739 2872 2867
f 2865 3010 2872
f 2865 2872 2866
f 3011 2872 3010
f 2873 2867 2872
f 2873 2872 3011
f 2865 3009 3010
f 3161 3162 3010
f 3161 3010 3009
f 3162 3163 3010
f 3011 3010 3163
f 1659 1809 1816
f 1817 1816 1809
f 1658 1659 1816
f 1817 1979 1978
f 1817 1978 1816
f 1986 1977 1978
f 1986 1978 1987
f 1815 1816 1978
f 1815 1978 1977
f 1984 1814 1985
f 1815 1977 1814
f 1986 1985 1814
f 1986 1814 1977
f 1814 1663 1664
f 1814 1664 1815
f 1657 1658 1664
f 1657 1664 1663
f 1658 1816 1664
f 1815 1664 1816
f 2552 2551 2426
f 2667 2551 2552
f 2550 2425 2551
f 2425 2426 2551
f 2667 2656 2666
f 2667 2666 2551
f 2779 2787 2666
f 2779 2666 2656
f 2665 2666 2787
f 2550 2551 2666
f 2550 2666 2665
f 2663 2548 2549
f 2663 2549 2664
f 2550 2665 2549
f 2665 2664 2549
f 2550 2549 2424
f 2550 2424 2425
f 1571 1570 1567
f 1569 1747 1567
f 1569 1567 1570
f 1747 1748 1567
f 1748 1571 1567
f 1748 1727 1749
f 1747 1896 1727
f 1747 1727 1748
f 1897 1727 1896
f 1898 1749 1727
f 1898 1727 1897
f 2066 2067 1896
f 1897 1896 2067
f 1747 1895 1896
f 1895 2066 1896
f 1895 1746 1916
f 1747 1746 1895
f 1569 1753 1746
f 1569 1746 1747
f 1752 1916 1746
f 1752 1746 1753
f 2235 2388 2389
f 2235 2389 2236
f 2512 2389 2388
f 2504 2380 2389
f 2504 2389 2512
f 2381 2236 2389
f 2381 2389 2380
f 2381 2380 2505
f 2504 2505 2380
f 2382 2381 2505
f 2382 2505 2506
f 2506 2505 2616
f 2506 2616 2617
f 2504 2615 2616
f 2504 2616 2505
f 2504 2512 2623
f 2504 2623 2615
f 1372 1371 1348
f 1372 1348 1349
f 1371 1596 1348
f 1586 1341 1348
f 1586 1348 1596
f 1342 1349 1348
f 1342 1348 1341
f 1342 1341 1577
f 1342 1577 1338
f 1586 1576 1577
f 1586 1577 1341
f 1569 1570 1577
f 1569 1577 1576
f 1571 1338 1577
f 1571 1577 1570
f 1752 1753 1761
f 1569 1576 1761
f 1569 1761 1753
f 1586 1585 1761
f 1586 1761 1576
f 1771 1752 1761
f 1771 1761 1585
f 1771 1585 1595
f 1771 1595 1777
f 1586 1596 1595
f 1586 1595 1585
f 1371 1603 1595
f 1371 1595 1596
f 1785 1777 1595
f 1785 1595 1603
f 2272 2402 2399
f 2272 2399 2270
f 2524 2522 2399
f 2524 2399 2402
f 2520 2396 2399
f 2520 2399 2522
f 2255 2270 2399
f 2255 2399 2396
f 2255 2396 2393
f 2255 2393 2245
f 2520 2516 2393
f 2520 2393 2396
f 2512 2388 2393
f 2512 2393 2516
f 2235 2245 2393
f 2235 2393 2388
f 2628 2623 2627
f 2512 2516 2627
f 2512 2627 2623
f 2520 2632 2627
f 2520 2627 2516
f 2632 2522 2634
f 2520 2522 2632
f 2636 2634 2522
f 2636 2522 2524
f 1197 1196 1185
f 1197 1185 1186
f 1421 1409 1185
f 1421 1185 1196
f 1397 1388 1185
f 1397 1185 1409
f 1173 1186 1185
f 1173 1185 1388
f 1173 1388 1382
f 1173 1382 1163
f 1397 1381 1382
f 1397 1382 1388
f 1371 1382 1381
f 1372 1163 1382
f 1372 1382 1371
f 1785 1603 1617
f 1371 1381 1617
f 1371 1617 1603
f 1397 1621 1617
f 1397 1617 1381
f 1620 1617 1621
f 1620 1621 1408
f 1620 1408 1623
f 1397 1409 1408
f 1397 1408 1621
f 1421 1430 1408
f 1421 1408 1409
f 1634 1623 1408
f 1634 1408 1430
f 2137 2281 2280
f 2137 2280 2136
f 2410 2409 2280
f 2410 2280 2281
f 2406 2278 2280
f 2406 2280 2409
f 2278 2136 2280
f 2278 2404 2275
f 2406 2404 2278
f 2524 2402 2404
f 2272 2275 2404
f 2272 2404 2402
f 2636 2524 2526
f 2636 2526 2638
f 2524 2404 2526
f 2406 2528 2526
f 2406 2526 2404
f 2640 2638 2526
f 2640 2526 2528
f 2640 2528 2531
f 2640 2531 2643
f 2406 2409 2531
f 2406 2531 2528
f 2410 2532 2531
f 2410 2531 2409
f 2645 2643 2531
f 2645 2531 2532
f 1654 1452 1446
f 1654 1446 1453
f 1445 1437 1446
f 1445 1446 1452
f 1211 1446 1437
f 1211 1437 1204
f 1211 1204 1205
f 1445 1437 1204
f 1445 1204 1437
f 1421 1196 1204
f 1421 1204 1437
f 1197 1205 1204
f 1197 1204 1196
f 1634 1430 1436
f 1634 1436 1640
f 1421 1437 1436
f 1421 1436 1430
f 1445 1436 1437
f 1646 1640 1436
f 1646 1436 1445
f 1646 1445 1654
f 1646 1654 1653
f 1445 1452 1654
f 1811 1653 1654
f 2145 2287 2144
f 2417 2415 2287
f 2415 2285 2287
f 2142 2144 2287
f 2142 2287 2285
f 2142 2285 2284
f 2142 2284 2140
f 2415 2413 2284
f 2415 2284 2285
f 2410 2281 2284
f 2410 2284 2413
f 2137 2140 2284
f 2137 2284 2281
f 2645 2532 2535
f 2645 2535 2647
f 2410 2413 2535
f 2410 2535 2532
f 2415 2537 2535
f 2415 2535 2413
f 2648 2647 2535
f 2648 2535 2537
f 2648 2537 2539
f 2415 2539 2537
f 2417 2541 2539
f 2417 2539 2415
f 2066 2065 2230
f 1895 2064 2065
f 1895 2065 2066
f 2064 2229 2065
f 2230 2065 2229
f 2230 2229 2383
f 2064 2228 2229
f 2381 2229 2228
f 2382 2383 2229
f 2382 2229 2381
f 2381 2228 2236
f 2064 2080 2236
f 2064 2236 2228
f 2080 1916 1915
f 2064 1916 2080
f 1895 1916 2064
f 1752 1915 1916
f 2617 2616 2735
f 2617 2735 2736
f 2615 2734 2735
f 2615 2735 2616
f 2869 2862 2735
f 2869 2735 2734
f 2863 2736 2735
f 2863 2735 2862
f 2869 3006 2862
f 3000 2863 2862
f 3000 2862 3006
f 3167 3017 3005
f 3167 3005 3016
f 3006 3005 3017
f 2869 3005 3006
f 2876 3016 3005
f 2876 3005 2869
f 2876 2869 2741
f 2876 2741 2745
f 2869 2734 2741
f 2615 2623 2741
f 2615 2741 2734
f 2628 2745 2741
f 2628 2741 2623
f 1752 1924 1915
f 1771 1939 1924
f 1771 1924 1752
f 1938 2097 1924
f 1938 1924 1939
f 2080 1915 1924
f 2080 1924 2097
f 2080 2097 2096
f 2080 2096 2236
f 1938 2106 2096
f 1938 2096 2097
f 2255 2245 2096
f 2255 2096 2106
f 2235 2236 2096
f 2235 2096 2245
f 2272 2270 2123
f 2272 2123 2128
f 2255 2106 2123
f 2255 2123 2270
f 1938 1946 2123
f 1938 2123 2106
f 1956 2128 2123
f 1956 2123 1946
f 1956 1946 1947
f 1956 1947 1784
f 1938 1939 1947
f 1938 1947 1946
f 1771 1777 1947
f 1771 1947 1939
f 1785 1784 1947
f 1785 1947 1777
f 2628 2627 2747
f 2628 2747 2745
f 2632 2750 2747
f 2632 2747 2627
f 2884 2882 2747
f 2884 2747 2750
f 2876 2745 2747
f 2876 2747 2882
f 2876 2882 3023
f 2876 3023 3016
f 2884 3028 3023
f 2884 3023 2882
f 3182 3177 3023
f 3182 3023 3028
f 3167 3016 3023
f 3167 3023 3177
f 3189 3186 3030
f 3189 3030 3032
f 3182 3028 3030
f 3182 3030 3186
f 2884 2887 3030
f 2884 3030 3028
f 2890 3032 3030
f 2890 3030 2887
f 2890 2887 2752
f 2890 2752 2755
f 2884 2750 2752
f 2884 2752 2887
f 2632 2634 2752
f 2632 2752 2750
f 2636 2755 2752
f 2636 2752 2634
f 1785 1617 1794
f 1785 1794 1784
f 1620 1797 1794
f 1620 1794 1617
f 1964 1961 1794
f 1964 1794 1797
f 1956 1784 1794
f 1956 1794 1961
f 1956 1961 2131
f 1956 2131 2128
f 1964 2134 2131
f 1964 2131 1961
f 2278 2275 2131
f 2278 2131 2134
f 2272 2128 2131
f 2272 2131 2275
f 2137 2136 1968
f 2278 2134 2136
f 1964 1966 2136
f 1964 2136 2134
f 1968 2136 1966
f 1968 1966 1800
f 1968 1800 1802
f 1964 1797 1800
f 1964 1800 1966
f 1620 1623 1800
f 1620 1800 1797
f 1634 1802 1800
f 1634 1800 1623
f 2636 2638 2757
f 2636 2757 2755
f 2640 2759 2757
f 2640 2757 2638
f 2894 2892 2757
f 2894 2757 2759
f 2890 2755 2757
f 2890 2757 2892
f 2890 2892 3034
f 2890 3034 3032
f 2894 3037 3034
f 2894 3034 2892
f 3194 3192 3034
f 3194 3034 3037
f 3189 3032 3034
f 3189 3034 3192
f 3041 3196 3039
f 3194 3037 3039
f 3194 3039 3196
f 2894 2897 3039
f 2894 3039 3037
f 2899 3041 3039
f 2899 3039 2897
f 2899 2897 2761
f 2899 2761 2763
f 2894 2759 2761
f 2894 2761 2897
f 2640 2643 2761
f 2640 2761 2759
f 2645 2763 2761
f 2645 2761 2643
f 1634 1640 1804
f 1634 1804 1802
f 1646 1806 1804
f 1646 1804 1640
f 1972 1970 1804
f 1972 1804 1806
f 1968 1802 1804
f 1968 1804 1970
f 2142 2140 1970
f 2142 1970 1972
f 2137 1968 1970
f 2137 1970 2140
f 2142 1972 2145
f 2142 2145 2144
f 1975 2145 1972
f 1975 1972 1808
f 1975 1808 1811
f 1972 1806 1808
f 1646 1653 1808
f 1646 1808 1806
f 1811 1808 1653
f 2645 2647 2765
f 2645 2765 2763
f 2648 2767 2765
f 2648 2765 2647
f 2767 2902 2765
f 2899 2763 2765
f 2899 2765 2902
f 2899 2902 2900
f 2899 2900 3041
f 2767 2902 2900
f 2767 2900 2902
f 3045 3042 2900
f 3045 2900 2902
f 3041 2900 3042
f 2911 2905 2769
f 3045 2902 2905
f 2767 2769 2905
f 2767 2905 2902
f 2767 2650 2769
f 2648 2539 2650
f 2648 2650 2767
f 2541 2650 2539
f 1899 1750 1749
f 1899 1749 1898
f 1748 1749 1572
f 1748 1572 1571
f 1750 1573 1572
f 1750 1572 1749
f 1580 1579 1572
f 1580 1572 1573
f 1571 1572 1579
f 1580 1573 1574
f 1580 1574 1581
f 1750 1757 1574
f 1750 1574 1573
f 1757 1750 1920
f 1899 1919 1750
f 1920 1750 1919
f 2066 2231 2067
f 2232 2068 2067
f 2232 2067 2231
f 1897 2067 2068
f 1897 2068 1898
f 2068 1899 1898
f 1920 1919 2069
f 1920 2069 2081
f 1899 2069 1919
f 2068 2069 1899
f 2070 2081 2069
f 2070 2069 2233
f 2070 2233 2234
f 2068 2233 2069
f 2232 2233 2068
f 3167 3178 3168
f 3167 3168 3017
f 3334 3169 3168
f 3334 3168 3178
f 3159 3158 3168
f 3159 3168 3169
f 3006 3017 3168
f 3006 3168 3158
f 3006 3158 3007
f 3159 3007 3158
f 3001 3000 3007
f 3000 3006 3007
f 3161 3008 3160
f 3001 3007 3160
f 3001 3160 3008
f 3159 3170 3160
f 3159 3160 3007
f 3325 3161 3160
f 3325 3160 3170
f 3325 3170 3324
f 3159 3169 3324
f 3159 3324 3170
f 3334 3335 3324
f 3334 3324 3169
f 3335 3325 3324
f 2617 2737 2618
f 2737 2619 2618
f 2506 2617 2618
f 2506 2618 2507
f 2619 2508 2507
f 2619 2507 2618
f 2382 2506 2507
f 2510 2509 2620
f 2510 2620 2621
f 2508 2620 2509
f 2619 2620 2508
f 2620 2738 2739
f 2619 2738 2620
f 2737 2738 2619
f 1571 1579 1339
f 1571 1339 1338
f 1580 1344 1339
f 1580 1339 1579
f 1350 1343 1339
f 1350 1339 1344
f 1342 1338 1339
f 1342 1339 1343
f 1342 1343 1360
f 1342 1360 1349
f 1350 1361 1360
f 1350 1360 1343
f 1374 1373 1360
f 1374 1360 1361
f 1372 1349 1360
f 1372 1360 1373
f 1375 1374 1362
f 1374 1361 1362
f 1350 1351 1362
f 1350 1362 1361
f 1352 1362 1351
f 1352 1351 1344
f 1352 1344 1590
f 1350 1344 1351
f 1580 1581 1344
f 1581 1590 1344
f 3189 3357 3353
f 3189 3353 3186
f 3358 3353 3357
f 3350 3349 3353
f 3182 3186 3353
f 3182 3353 3349
f 3182 3349 3333
f 3182 3333 3177
f 3350 3344 3333
f 3350 3333 3349
f 3334 3178 3333
f 3334 3333 3344
f 3167 3177 3333
f 3167 3333 3178
f 3334 3344 3345
f 3334 3345 3335
f 3350 3345 3344
f 3527 3345 3350
f 3527 3350 3354
f 3527 3354 3533
f 3350 3353 3354
f 3358 3354 3353
f 3359 3533 3354
f 3359 3354 3358
f 1372 1373 1164
f 1372 1164 1163
f 1374 1164 1373
f 1174 1173 1164
f 1173 1163 1164
f 1173 1187 1186
f 1174 1188 1187
f 1174 1187 1173
f 1198 1197 1187
f 1198 1187 1188
f 1197 1186 1187
f 1199 1188 1189
f 1198 1188 1199
f 1174 1180 1188
f 1180 1189 1188
f 1180 1165 1383
f 1174 1164 1165
f 1174 1165 1180
f 1374 1165 1164
f 1375 1383 1165
f 1375 1165 1374
f 3041 3200 3197
f 3041 3197 3196
f 3201 3372 3197
f 3201 3197 3200
f 3365 3194 3197
f 3365 3197 3372
f 3194 3196 3197
f 3194 3361 3192
f 3365 3361 3194
f 3358 3357 3361
f 3189 3192 3361
f 3189 3361 3357
f 3359 3358 3362
f 3358 3361 3362
f 3365 3368 3362
f 3365 3362 3361
f 3369 3362 3368
f 3369 3368 3373
f 3369 3373 3374
f 3365 3372 3373
f 3365 3373 3368
f 3201 3378 3373
f 3201 3373 3372
f 3378 3374 3373
f 1197 1206 1205
f 1198 1206 1197
f 1212 1211 1206
f 1211 1205 1206
f 1211 1447 1446
f 1212 1447 1211
f 1454 1453 1447
f 1446 1447 1453
f 1657 1454 1448
f 1454 1447 1448
f 1212 1439 1448
f 1212 1448 1447
f 1440 1448 1439
f 1440 1439 1207
f 1440 1207 1208
f 1212 1206 1207
f 1212 1207 1439
f 1198 1199 1207
f 1198 1207 1206
f 1199 1208 1207
f 1812 1983 1976
f 1812 1976 1811
f 1982 1976 1983
f 1975 1811 1976
f 1975 1976 1982
f 1975 1982 2149
f 1975 2149 2145
f 1982 2150 2149
f 2292 2149 2150
f 2293 2292 2151
f 2292 2150 2151
f 1982 2151 2150
f 2152 2151 1983
f 2152 1983 1984
f 1982 1983 2151
f 1812 1813 1983
f 1984 1983 1813
f 2541 2653 2650
f 2542 2654 2653
f 2542 2653 2541
f 2775 2774 2653
f 2775 2653 2654
f 2769 2650 2653
f 2769 2653 2774
f 2775 2770 2769
f 2775 2769 2774
f 2912 2769 2770
f 2911 2769 2912
f 2913 2771 2919
f 2912 2770 2771
f 2912 2771 2913
f 2775 2776 2771
f 2775 2771 2770
f 2776 2919 2771
f 2775 2654 2655
f 2775 2655 2776
f 2542 2655 2654
f 2911 2912 2906
f 2911 2906 2905
f 2912 3052 2906
f 3046 2906 3052
f 3045 2905 2906
f 3045 2906 3046
f 3045 3046 3203
f 3045 3203 3042
f 3046 3204 3203
f 3201 3200 3203
f 3201 3203 3204
f 3041 3042 3203
f 3041 3203 3200
f 3378 3204 3205
f 3201 3204 3378
f 3046 3210 3204
f 3210 3205 3204
f 3046 3052 3053
f 3046 3053 3210
f 2912 2913 3053
f 2912 3053 3052
f 2382 2507 2384
f 2382 2384 2383
f 2508 2384 2507
f 2230 2383 2384
f 2230 2384 2231
f 2385 2232 2231
f 2385 2231 2384
f 2066 2230 2231
f 2232 2386 2233
f 2385 2386 2232
f 2386 2385 2509
f 2386 2509 2510
f 2385 2384 2509
f 2508 2509 2384
f 3001 2864 2863
f 3001 2863 3000
f 2864 2737 2736
f 2864 2736 2863
f 2617 2736 2737
f 2739 2738 2865
f 2739 2865 2866
f 2737 2865 2738
f 2864 2865 2737
f 2865 3002 3009
f 2864 3002 2865
f 3001 3008 3002
f 3001 3002 2864
f 3161 3009 3002
f 3161 3002 3008
f 1454 1655 1453
f 1662 1654 1453
f 1662 1453 1655
f 1662 1812 1661
f 1662 1661 1654
f 1812 1811 1661
f 1811 1654 1661
f 1984 1813 1814
f 1662 1813 1812
f 1814 1813 1662
f 1814 1662 1656
f 1814 1656 1663
f 1662 1655 1656
f 1454 1656 1655
f 1657 1663 1656
f 1657 1656 1454
f 2145 2149 2291
f 2145 2291 2287
f 2292 2291 2149
f 2417 2287 2291
f 2417 2291 2422
f 2417 2422 2542
f 2417 2542 2541
f 2422 2547 2542
f 2663 2655 2548
f 2542 2547 2548
f 2542 2548 2655
f 2422 2423 2548
f 2422 2548 2547
f 2549 2548 2423
f 2549 2423 2424
f 2422 2291 2423
f 2292 2423 2291
f 2293 2424 2423
f 2293 2423 2292
f 2886 2751 2749
f 2748 2746 2749
f 2626 2744 2746
f 2753 2754 2889
f 2886 2889 2754
f 2886 2754 2751
f 2536 2646 2649
f 2762 2646 2644
f 2762 2644 2760
f 2552 2427 2543
f 2427 2418 2543
f 2544 2543 2418
f 2544 2540 2652
f 2536 2649 2540
f 2649 2652 2540
f 2626 2746 2629
f 2748 2749 2746
f 2753 2756 2754
f 2639 2756 2758
f 2639 2758 2641
f 2758 2760 2641
f 2644 2641 2760
f 2644 2646 2533
f 2536 2538 2646
f 2538 2533 2646
f 2536 2540 2538
f 2419 2540 2544
f 2419 2544 2418
f 2744 2625 2743
f 2626 2625 2744
f 2624 2743 2625
f 2295 2426 2294
f 2425 2294 2426
f 2510 2622 2511
f 2510 2621 2622
f 2624 2622 2621
f 2624 2511 2622
f 2552 2426 2427
f 2424 2293 2425
f 2293 2294 2425
f 3216 3217 3050
f 3207 3217 3050
f 3207 3050 3217
f 3388 3207 3217
f 3389 3388 3565
f 3207 3388 3389
f 3390 3208 3389
f 3050 3217 3208
f 3207 3389 3208
f 3207 3208 3217
f 3390 3389 3557
f 3390 3557 3558
f 3691 3692 3557
f 3692 3558 3557
f 3389 3565 3701
f 3389 3701 3557
f 3691 3557 3701
f 3691 3701 3838
f 4153 3980 3991
f 4153 3991 4152
f 3691 3838 3991
f 3691 3991 3980
f 4153 3981 3829
f 4153 3829 3980
f 3691 3980 3829
f 3691 3829 3692
f 4153 4144 4145
f 4153 4145 3981
f 4301 4145 4144
f 4146 4145 4301
f 4153 4152 4300
f 4153 4300 4144
f 4432 4301 4300
f 4301 4144 4300
f 4428 4301 4433
f 4428 4433 4427
f 4432 4433 4301
f 4428 4293 4301
f 4146 4301 4293
f 4629 4635 4634
f 4629 4634 4635
f 4728 4634 4633
f 4634 4728 4729
f 4629 4635 4729
f 4629 4729 4720
f 4634 4729 4635
f 3051 2904 3050
f 3051 2905 2904
f 3390 3209 3208
f 3209 3045 3208
f 3051 3050 3208
f 3051 3208 3045
f 3210 3046 3045
f 3210 3045 3209
f 3051 3045 3046
f 3210 3209 3383
f 3210 3383 3384
f 3551 3552 3383
f 3552 3384 3383
f 3390 3558 3383
f 3390 3383 3209
f 3692 3383 3558
f 3551 3383 3692
f 3982 3830 3829
f 3982 3829 3981
f 3551 3692 3829
f 3551 3829 3830
f 3982 3831 3685
f 3982 3685 3830
f 3551 3830 3685
f 3551 3685 3552
f 3982 3973 3831
f 4146 4147 3973
f 3982 3981 4145
f 3982 4145 3973
f 4146 3973 4145
f 4294 4140 4293
f 4146 4293 4140
f 4146 4140 4147
f 4542 4537 4630
f 4542 4630 4538
f 4541 4630 4537
f 4631 4538 4630
f 4541 4629 4630
f 4635 4629 4541
f 4629 4720 4630
f 4722 4631 4721
f 4630 4720 4721
f 4630 4721 4631
f 2911 2905 2906
f 2911 2906 2905
f 2904 2905 2911
f 2906 2905 3046
f 3051 3046 2905
f 3210 3211 3047
f 3210 3047 3046
f 2907 2906 3047
f 2906 3046 3047
f 3210 3384 3385
f 3210 3385 3211
f 3553 3385 3384
f 3553 3384 3552
f 3831 3832 3686
f 3831 3686 3685
f 3553 3552 3686
f 3552 3685 3686
f 3832 3693 3686
f 3833 3694 3693
f 3833 3693 3832
f 3553 3693 3694
f 3553 3686 3693
f 3833 3832 3974
f 3833 3974 3975
f 3831 3973 3974
f 3831 3974 3832
f 4147 3974 3973
f 3975 3974 4147
f 3975 4147 4141
f 4147 4140 4141
f 4141 4142 4148
f 4149 4148 4142
f 3975 4148 4149
f 3975 4141 4148
f 4426 4425 4544
f 4543 4544 4425
f 4636 4544 4543
f 4542 4538 4543
f 4636 4543 4538
f 4636 4538 4631
f 4722 4632 4631
f 4636 4632 4722
f 4636 4631 4632
f 3053 3054 2907
f 3211 3054 3047
f 3212 3054 3211
f 2907 3047 3054
f 2907 3054 3053
f 3212 3055 3054
f 3212 3386 3391
f 3560 3391 3386
f 3560 3386 3559
f 3212 3211 3385
f 3212 3385 3386
f 3553 3559 3385
f 3559 3386 3385
f 3553 3694 3559
f 3833 3834 3695
f 3833 3695 3694
f 3839 3695 3834
f 3560 3559 3695
f 3559 3694 3695
f 3839 3834 3984
f 3833 3983 3984
f 3833 3984 3834
f 3976 3984 3983
f 3985 3984 3976
f 3833 3975 3983
f 3975 3976 3983
f 3975 4149 3976
f 3985 3976 4150
f 3976 4149 4150
f 4545 4431 4430
f 4545 4430 4426
f 4430 4426 4544
f 4430 4544 4426
f 4545 4426 4544
f 4637 4545 4636
f 4544 4636 4545
f 4431 4545 4549
f 3216 3050 3049
f 3388 3217 3216
f 3398 3388 3216
f 3397 3398 3216
f 3397 3388 3398
f 3838 3701 3842
f 4152 3991 4159
f 4152 4159 4304
f 3838 3842 4159
f 3838 4159 3991
f 4633 4640 4639
f 4547 4639 4640
f 4640 4633 4639
f 4638 4639 4546
f 4547 4546 4639
f 4640 4639 4734
f 4720 4729 4730
f 4817 4818 4729
f 4818 4730 4729
f 4817 4729 4728
f 4817 4728 4729
f 4816 4817 4728
f 4728 4817 4729
f 4728 4633 4727
f 4640 4727 4633
f 4640 4734 4727
f 2904 2910 3050
f 2910 2909 3050
f 3058 3049 3050
f 3058 3050 2909
f 4731 4722 4721
f 4731 4721 4810
f 4818 4819 4720
f 4818 4720 4730
f 4810 4721 4720
f 4810 4720 4819
f 4731 4810 4820
f 4810 4819 4820
f 2904 2911 2910
f 2906 2912 2911
f 2906 2911 2905
f 4636 4731 4637
f 4732 4637 4731
f 4636 4722 4731
f 4732 4731 4820
f 2907 2913 2912
f 2907 2912 2906
f 2912 2913 2907
f 2912 2907 2913
f 3212 3213 3055
f 3219 3055 3213
f 2907 3054 2913
f 3212 3391 3392
f 3212 3392 3213
f 3560 3392 3391
f 3839 3702 3695
f 3560 3695 3702
f 3219 3213 3392
f 3985 4150 4154
f 4150 4155 4154
f 3985 4154 3984
f 4549 4545 4641
f 4637 4641 4545
f 3049 3058 3216
f 3058 3220 3216
f 3397 3398 3388
f 3565 3388 3398
f 3565 3398 3570
f 3397 3570 3398
f 3565 3700 3701
f 3842 3701 3700
f 3565 3707 3706
f 3997 3706 3707
f 3842 3700 3706
f 3842 3706 3997
f 3565 3706 3700
f 4304 4159 4307
f 3842 3997 4159
f 4734 4639 4733
f 4638 4642 4639
f 4733 4639 4643
f 4733 4643 4639
f 4642 4643 4639
f 4643 4733 4639
f 4727 4816 4728
f 4727 4734 4822
f 4727 4822 4816
f 4732 4820 4821
f 2913 3054 3061
f 3218 3055 3219
f 3061 3054 3055
f 3061 3055 3218
f 3567 3560 3702
f 3567 3392 3560
f 3218 3219 3392
f 3839 3984 3993
f 4154 3993 3984
f 4155 4306 4154
f 4160 3993 4161
f 4154 4161 3993
f 4431 4549 4436
f 4436 4549 4553
f 4641 4637 4732
f 4539 4548 4547
f 4539 4547 4548
f 4428 4547 4548
f 4547 4640 4633
f 4547 4633 4548
f 4634 4539 4633
f 4539 4548 4633
f 4635 4540 4634
f 4634 4540 4539
f 4540 4421 4429
f 4540 4429 4539
f 4428 4548 4429
f 4539 4429 4548
f 4429 4421 4422
f 4540 4422 4421
f 4295 4429 4422
f 4540 4541 4422
f 4635 4541 4540
f 4423 4422 4541
f 4542 4424 4423
f 4542 4423 4537
f 4541 4537 4423
f 4423 4290 4422
f 4295 4422 4290
f 4295 4290 4296
f 4423 4424 4290
f 4424 4291 4290
f 4296 4290 4291
f 4542 4543 4424
f 4292 4291 4425
f 4424 4425 4291
f 4543 4425 4424
f 4292 4297 4291
f 4296 4291 4297
f 4424 4291 4297
f 4424 4297 4291
f 4292 4298 4297
f 4292 4425 4298
f 4430 4425 4426
f 4298 4425 4430
f 4299 4298 4430
f 4299 4302 4298
f 4152 4305 4300
f 4432 4300 4305
f 4432 4305 4304
f 4152 4304 4305
f 4551 4433 4432
f 4299 4303 4302
f 4299 4430 4303
f 4303 4430 4435
f 4430 4431 4435
f 4551 4432 4550
f 4432 4438 4550
f 4432 4304 4437
f 4432 4437 4438
f 4437 4438 4304
f 4438 4437 4304
f 4554 4550 4438
f 4302 4303 4435
f 4431 4436 4435
f 4306 4302 4435
f 4433 4427 4428
f 4433 4428 4427
f 4427 4547 4428
f 4294 4428 4429
f 4294 4293 4428
f 4141 4140 4294
f 4141 4294 4295
f 4142 4141 4295
f 4296 4142 4295
f 4149 4142 4150
f 4142 4143 4150
f 4638 4546 4551
f 4547 4546 4551
f 4547 4551 4546
f 4302 4306 4151
f 4155 4151 4306
f 4150 4151 4155
f 4638 4551 4642
f 4295 4294 4429
f 4142 4296 4297
f 4150 4297 4302
f 4298 4302 4297
f 4302 4151 4150
f 4142 4297 4143
f 4150 4143 4297
f 4427 4551 4546
f 4427 4546 4547
f 4433 4551 4427
f 3405 3221 3406
f 3714 3713 3577
f 3406 3577 3570
f 3406 3570 3576
f 3713 3570 3577
f 3570 3406 3576
f 3714 3853 3852
f 3714 3852 3713
f 4003 3852 3853
f 4002 3852 4003
f 4003 4167 4313
f 4447 4313 4167
f 4442 4313 4447
f 4002 4003 4313
f 4441 4312 4442
f 4002 4313 4312
f 4442 4312 4313
f 3713 3852 3848
f 4002 3848 3852
f 4447 4560 4559
f 4650 4646 4559
f 4650 4559 4560
f 4442 4447 4559
f 4650 4742 4741
f 4650 4741 4646
f 4834 4828 4741
f 4834 4741 4742
f 4827 4741 4828
f 4737 4740 4827
f 4645 4646 4740
f 4646 4741 4740
f 4827 4740 4741
f 4645 4558 4559
f 4645 4559 4646
f 4441 4442 4559
f 4441 4559 4558
f 4834 4829 4828
f 4922 4828 4829
f 4921 4828 4922
f 4918 4917 4922
f 4918 4922 4923
f 4916 4828 4921
f 4917 4916 4921
f 4917 4921 4922
f 4921 4828 4827
f 4921 4827 4828
f 3066 3232 3231
f 3407 3231 3232
f 3232 3408 3407
f 3579 3578 3407
f 3579 3407 3408
f 3714 3577 3407
f 3714 3407 3578
f 3406 3407 3577
f 3407 3406 3221
f 3407 3221 3231
f 3579 3716 3715
f 3579 3715 3578
f 4009 3715 3716
f 4003 3715 4009
f 4448 4173 4449
f 4003 4009 4173
f 4447 4167 4173
f 4447 4173 4448
f 4003 4173 4167
f 3714 3578 3853
f 3578 3715 3853
f 4003 3853 3715
f 4650 4560 4561
f 4650 4561 4651
f 4448 4449 4561
f 4448 4561 4560
f 4835 4742 4743
f 4835 4743 4836
f 4650 4651 4743
f 4650 4743 4742
f 4834 4742 4835
f 4447 4448 4560
f 4836 4831 4830
f 4924 4830 4831
f 4923 4830 4924
f 4835 4836 4830
f 4835 4830 4923
f 4920 4919 4924
f 4919 4918 4923
f 4919 4923 4924
f 4834 4835 4922
f 4834 4922 4829
f 4835 4923 4922
f 3068 3233 3067
f 3067 3233 3232
f 3222 3409 3233
f 3579 3408 3409
f 3579 3409 3580
f 3233 3409 3408
f 3233 3408 3232
f 3066 3067 3232
f 3855 3716 3717
f 3579 3580 3717
f 3579 3717 3716
f 3855 4004 4174
f 4315 4174 4004
f 4449 4173 4174
f 4449 4174 4314
f 4009 3854 4174
f 4009 4174 4173
f 3855 4174 3854
f 4315 4314 4174
f 4009 3716 3854
f 3855 3854 3716
f 4563 4562 4443
f 4652 4565 4443
f 4652 4443 4562
f 4315 4443 4565
f 4563 4647 4562
f 4745 4744 4647
f 4652 4562 4647
f 4652 4647 4744
f 4836 4743 4744
f 4651 4652 4744
f 4651 4744 4743
f 4745 4836 4744
f 4651 4561 4564
f 4651 4564 4652
f 4449 4314 4564
f 4449 4564 4561
f 4315 4565 4564
f 4315 4564 4314
f 4652 4564 4565
f 4745 4746 4832
f 4745 4832 4831
f 4833 4825 4832
f 4920 4924 4832
f 4924 4831 4832
f 4825 4920 4832
f 4745 4831 4836
f 3060 3223 3222
f 3223 3224 3410
f 3399 3410 3224
f 3411 3410 3399
f 3222 3223 3410
f 3580 3409 3410
f 3222 3410 3409
f 3068 3222 3233
f 3060 3222 3068
f 3709 3708 3571
f 3849 3571 3708
f 3411 3399 3571
f 3709 3998 4005
f 3709 4005 3708
f 4168 4005 3998
f 4168 4004 4005
f 3849 3708 4005
f 3849 4005 4004
f 4315 4004 4168
f 3855 3849 4004
f 3855 3717 3849
f 3580 3410 3717
f 3411 3571 3717
f 3411 3717 3410
f 3849 3717 3571
f 4557 4649 4556
f 4745 4647 4648
f 4563 4648 4647
f 4445 4556 4648
f 4445 4648 4563
f 4649 4648 4556
f 4563 4443 4444
f 4315 4168 4444
f 4315 4444 4443
f 4168 4308 4444
f 4445 4563 4444
f 4445 4444 4308
f 4739 4649 4644
f 4833 4832 4739
f 4832 4738 4739
f 4832 4746 4738
f 4745 4648 4746
f 4649 4746 4648
f 4739 4738 4746
f 4739 4746 4649
f 3405 3220 3221
f 3397 3405 3570
f 3570 3405 3406
f 4441 4166 4312
f 3997 4312 4166
f 4002 4312 3997
f 4441 4159 4166
f 3997 4166 4159
f 4002 3997 3848
f 4737 4736 4740
f 4645 4740 4736
f 4441 4558 4554
f 4645 4554 4558
f 4823 4916 4917
f 4916 4823 4828
f 4822 4827 4823
f 4828 4823 4827
f 4736 4827 4822
f 4737 4827 4736
f 3221 3220 3231
f 3220 3065 3231
f 3066 3231 3065
f 3058 3065 3220
f 4914 4919 4920
f 4914 4920 4915
f 4918 4919 4914
f 2917 3066 2916
f 3067 3066 2917
f 3068 3067 2917
f 3068 2917 3067
f 4833 4826 4825
f 4826 4920 4825
f 2917 2918 3068
f 2917 3068 3067
f 3059 3068 2918
f 3068 3059 3060
f 3060 3061 3223
f 3061 3224 3223
f 3399 3224 3400
f 3399 3400 3572
f 3399 3572 3571
f 3709 3571 3572
f 3999 3843 3993
f 3999 4168 3843
f 4168 3998 3843
f 3709 3843 3998
f 4168 4309 4308
f 3999 4161 4309
f 3999 4309 4168
f 4306 4446 4309
f 4306 4309 4161
f 4445 4308 4309
f 4445 4309 4446
f 3999 3993 4161
f 4552 4557 4440
f 4557 4439 4440
f 4557 4556 4439
f 4445 4446 4439
f 4445 4439 4556
f 4306 4440 4439
f 4306 4439 4446
f 4557 4553 4649
f 4644 4649 4553
f 4552 4553 4557
f 4644 4735 4739
f 4826 4739 4735
f 4833 4739 4826
f 3713 3706 3570
f 3565 3570 3706
f 3405 3397 3220
f 4441 4307 4159
f 3565 3706 3848
f 3706 3847 3848
f 3997 3848 3847
f 3706 3848 3847
f 3713 3848 3706
f 3997 3847 3848
f 4733 4643 4736
f 4642 4736 4643
f 4645 4736 4642
f 4441 4554 4307
f 4645 4642 4554
f 4912 4917 4913
f 4917 4918 4913
f 4823 4824 4817
f 4823 4917 4824
f 4912 4824 4917
f 4912 4817 4824
f 4733 4822 4734
f 4733 4736 4822
f 3058 2916 2915
f 3058 2915 3065
f 2916 3066 2915
f 3065 2915 3066
f 4918 4914 4913
f 4826 4735 4821
f 4915 4920 4820
f 4826 4820 4920
f 4821 4820 4826
f 2917 2912 2918
f 3059 2918 2912
f 2911 2912 2917
f 2912 2913 3060
f 3059 2912 3060
f 3219 3400 3218
f 3400 3224 3218
f 3061 3218 3224
f 3400 3566 3572
f 3219 3392 3566
f 3219 3566 3400
f 3709 3566 3392
f 3709 3572 3566
f 3218 3392 3219
f 4435 4552 4440
f 4435 4553 4552
f 4553 4641 4644
f 4644 4641 4735
f 3398 3570 3397
f 4438 4304 4159
f 4307 4159 4304
f 4823 4817 4816
f 4823 4822 4734
f 4822 4823 4816
f 3058 2909 2910
f 4818 4914 4819
f 2913 3061 3060
f 3839 3843 3702
f 3567 3702 3843
f 3839 3992 3843
f 4160 3843 3992
f 3709 3567 3843
f 3218 3392 3391
f 3709 3391 3392
f 3709 3392 3567
f 4160 3992 3993
f 3839 3993 3992
f 4641 4732 4735
f 4307 4304 4437
f 4307 4437 4304
f 4438 4437 4304
f 4435 4552 4553
f 3398 3397 3570
f 3216 3220 3397
f 4307 4304 4159
f 4304 4437 4159
f 4438 4159 4437
f 3565 3848 3707
f 3997 3707 3848
f 4642 4643 4551
f 4438 4437 4554
f 4438 4554 4555
f 4304 4438 4554
f 4304 4554 4437
f 4551 4554 4438
f 4551 4555 4554
f 4307 4554 4438
f 4307 4438 4304
f 4642 4551 4438
f 4642 4438 4554
f 4912 4913 4817
f 4817 4913 4818
f 4823 4734 4822
f 3058 2910 2916
f 4914 4915 4820
f 4819 4914 4820
f 4818 4913 4914
f 2916 2910 2911
f 2916 2911 2917
f 4735 4732 4821
f 3218 3391 3392
f 3709 3392 3391
f 4160 3993 3843
f 3993 4154 4161
f 4306 4161 4154
f 4160 4154 3993
f 4306 4434 4435
f 4306 4435 4440
f 4549 4641 4553
f 1314 1549 1550
f 1551 1316 1550
f 1315 1550 1316
f 1314 1550 1315
f 1111 1110 1315
f 1111 1315 1316
f 1552 1317 1316
f 1552 1316 1551
f 1554 1319 1318
f 1554 1318 1553
f 1316 1317 1318
f 1552 1553 1318
f 1552 1318 1317
f 1319 1113 1112
f 1319 1112 1318
f 1111 1316 1112
f 1316 1318 1112
f 904 1117 1118
f 904 1118 905
f 1325 1326 1118
f 1325 1118 1117
f 1327 1119 1118
f 1327 1118 1326
f 906 905 1118
f 906 1118 1119
f 1558 1559 1326
f 1558 1326 1325
f 1560 1327 1326
f 1560 1326 1559
f 1562 1329 1328
f 1562 1328 1561
f 1560 1561 1328
f 1560 1328 1327
f 1329 1121 1120
f 1329 1120 1328
f 908 907 1120
f 908 1120 1121
f 906 1119 1120
f 906 1120 907
f 1327 1328 1120
f 1327 1120 1119
f 1330 1122 1121
f 1330 1121 1329
f 1122 908 1121
f 1563 1330 1329
f 1563 1329 1562
f 1331 1330 1563
f 1331 1563 1564
f 1331 1122 1330
f 1123 1122 1331
f 1314 1126 1333
f 1314 1333 1313
f 1125 1333 1126
f 1315 1109 1126
f 1315 1126 1314
f 910 1126 911
f 1126 1127 911
f 1126 1109 1110
f 1126 1110 1127
f 1315 1110 1109
f 911 1127 1110
f 911 1110 1111
f 1113 901 1112
f 914 913 1112
f 914 1112 901
f 911 1111 1112
f 911 1112 913
f 695 912 913
f 695 913 914
f 911 913 912
f 713 699 700
f 713 700 512
f 513 512 700
f 513 700 701
f 699 918 919
f 699 919 700
f 904 905 919
f 904 919 918
f 906 920 919
f 906 919 905
f 701 700 919
f 701 919 920
f 908 907 921
f 908 921 907
f 702 921 907
f 701 920 921
f 701 921 702
f 906 907 921
f 906 921 920
f 513 701 702
f 513 702 514
f 514 702 703
f 514 703 515
f 714 515 703
f 714 703 704
f 702 907 908
f 702 908 703
f 1122 909 908
f 704 703 908
f 704 908 909
f 1123 909 1122
f 923 922 909
f 923 909 1123
f 704 909 922
f 923 704 922
f 715 714 704
f 715 704 923
f 930 1130 924
f 925 930 924
f 910 925 1126
f 924 1130 925
f 1125 1126 925
f 1125 925 1130
f 925 911 926
f 910 911 925
f 695 694 912
f 708 706 694
f 708 694 695
f 926 911 694
f 926 694 706
f 911 912 694
f 708 707 706
f 718 707 708
f 927 926 707
f 926 706 707
f 519 520 529
f 511 520 519
f 522 521 520
f 530 529 520
f 530 520 521
f 511 512 520
f 713 512 511
f 522 520 512
f 522 512 513
f 523 522 514
f 522 513 514
f 523 339 337
f 523 337 522
f 339 338 337
f 530 521 337
f 530 337 338
f 522 337 521
f 523 524 340
f 523 340 339
f 525 341 340
f 525 340 524
f 523 514 515
f 523 515 524
f 714 516 515
f 525 524 515
f 525 515 516
f 715 722 525
f 715 525 714
f 526 525 722
f 714 525 516
f 526 532 525
f 537 344 532
f 340 341 532
f 340 532 344
f 525 532 341
f 937 936 931
f 925 931 930
f 925 932 931
f 937 931 932
f 937 932 938
f 716 938 932
f 925 926 932
f 927 933 932
f 927 932 926
f 716 932 933
f 718 719 717
f 718 717 707
f 716 933 717
f 927 707 717
f 927 717 933
f 719 725 724
f 719 724 717
f 725 940 724
f 939 938 724
f 939 724 940
f 716 717 724
f 716 724 938
f 733 534 734
f 528 534 733
f 539 734 534
f 539 534 535
f 528 529 534
f 519 529 528
f 530 531 529
f 535 534 529
f 535 529 531
f 339 342 535
f 339 535 338
f 536 535 342
f 530 338 535
f 530 535 531
f 539 535 540
f 535 536 540
f 536 343 541
f 536 541 540
f 345 541 343
f 536 342 343
f 339 340 343
f 339 343 342
f 542 344 537
f 345 343 344
f 345 344 542
f 340 344 343
f 345 542 541
f 1331 1565 1332
f 1564 1565 1331
f 1331 1128 1123
f 923 1123 1128
f 1331 1332 1334
f 1331 1334 1128
f 1565 1334 1332
f 1128 1334 1129
f 928 1131 1132
f 928 1132 1131
f 1128 1129 1132
f 1128 1132 1131
f 1334 1132 1129
f 715 923 928
f 923 1128 928
f 1128 1131 928
f 715 928 722
f 928 934 722
f 729 722 934
f 526 722 729
f 928 1131 934
f 1132 935 934
f 1132 934 1131
f 943 942 934
f 943 934 935
f 729 934 942
f 538 729 735
f 729 942 735
f 943 735 942
f 538 533 729
f 537 532 533
f 537 533 538
f 526 729 533
f 526 533 532
f 542 537 538
f 542 538 543
f 538 735 543
f 735 743 543
f 1314 1313 1549
f 1333 1548 1313
f 1549 1313 1548
f 1333 1566 1548
f 1549 1728 1550
f 1550 1728 1729
f 1550 1729 1551
f 1735 1737 1557
f 1735 1557 1556
f 1738 1558 1557
f 1738 1557 1737
f 1554 1734 1555
f 1735 1556 1555
f 1735 1555 1734
f 1735 1734 1736
f 1554 1733 1734
f 1735 1736 1737
f 1740 1741 1561
f 1740 1561 1560
f 1742 1562 1561
f 1742 1561 1741
f 1738 1739 1559
f 1738 1559 1558
f 1740 1560 1559
f 1740 1559 1739
f 1751 1568 1745
f 1568 1565 1745
f 1564 1563 1743
f 1564 1743 1744
f 1743 1563 1562
f 1743 1562 1742
f 1335 1333 1125
f 1132 1336 1135
f 1334 1336 1132
f 1575 1336 1334
f 1340 1135 1336
f 1565 1568 1334
f 1575 1334 1568
f 1340 1336 1575
f 1335 1125 1130
f 930 1133 1130
f 1133 1335 1130
f 943 951 735
f 1143 951 943
f 943 935 1135
f 1132 1135 935
f 1143 943 1135
f 1143 1135 1340
f 1143 1151 951
f 960 951 1151
f 1134 1133 930
f 1134 930 931
f 936 1136 1134
f 936 1134 931
f 938 1137 937
f 1136 937 1137
f 936 937 1136
f 725 941 940
f 944 940 941
f 944 945 940
f 733 734 738
f 539 739 738
f 539 738 734
f 737 733 738
f 539 540 740
f 539 740 739
f 955 739 740
f 955 953 738
f 955 738 739
f 952 738 953
f 737 738 952
f 542 543 742
f 543 743 742
f 751 742 743
f 750 742 751
f 951 743 735
f 960 959 951
f 951 959 743
f 1565 1564 1744
f 1565 1744 1745
f 540 541 740
f 749 741 541
f 740 541 741
f 750 542 742
f 749 541 542
f 749 542 750
f 740 741 749
f 1554 1555 1321
f 1554 1321 1319
f 1556 1322 1321
f 1556 1321 1555
f 1322 1320 1321
f 1319 1321 1320
f 1556 1557 1324
f 1556 1324 1322
f 1558 1325 1324
f 1558 1324 1557
f 1325 1323 1324
f 1322 1324 1323
f 904 903 1116
f 904 1116 1117
f 902 1115 1116
f 902 1116 903
f 1322 1323 1116
f 1322 1116 1115
f 1325 1117 1116
f 1325 1116 1323
f 902 1114 1115
f 1319 1320 1114
f 1319 1114 1113
f 1322 1115 1114
f 1322 1114 1320
f 1113 1114 915
f 1113 915 901
f 902 916 915
f 902 915 1114
f 914 901 915
f 902 903 917
f 902 917 916
f 904 918 917
f 904 917 903
f 699 698 917
f 699 917 918
f 916 917 698
f 713 698 699
f 916 698 697
f 695 914 696
f 914 915 696
f 916 697 696
f 916 696 915
f 695 696 709
f 697 711 709
f 697 709 696
f 708 695 709
f 697 698 712
f 697 712 711
f 713 511 712
f 713 712 698
f 511 510 712
f 711 712 510
f 721 711 518
f 711 510 518
f 511 519 518
f 511 518 510
f 721 720 710
f 721 710 711
f 718 708 710
f 718 710 720
f 708 709 710
f 711 710 709
f 718 720 719
f 727 726 720
f 727 720 721
f 719 720 726
f 721 518 527
f 519 528 527
f 519 527 518
f 528 728 527
f 727 721 527
f 727 527 728
f 731 727 732
f 727 728 732
f 528 733 732
f 528 732 728
f 731 726 727
f 719 726 725
f 1551 1729 1730
f 1551 1730 1552
f 1554 1553 1731
f 1554 1731 1733
f 1552 1730 1731
f 1552 1731 1553
f 725 726 946
f 725 946 941
f 731 946 726
f 947 946 731
f 944 941 946
f 737 948 732
f 737 732 733
f 947 731 732
f 947 732 948
f 947 948 949
f 737 952 949
f 737 949 948
f 944 946 945
f 1918 1897 1917
f 1919 1899 1898
f 1919 1898 1918
f 1918 1898 1897
f 1919 1920 1921
f 1922 1921 1920
f 1920 1919 1921
f 1920 1921 1901
f 1920 1901 1900
f 1922 1903 1901
f 1922 1901 1921
f 1920 1900 1899
f 1920 1899 1919
f 2249 2240 2248
f 2240 2089 2248
f 2088 2103 2248
f 2088 2248 2089
f 2249 2250 2241
f 2249 2241 2240
f 2251 2242 2241
f 2251 2241 2250
f 2076 2075 2091
f 2076 2091 2092
f 2074 2090 2091
f 2074 2091 2075
f 2240 2241 2091
f 2240 2091 2090
f 2242 2092 2091
f 2242 2091 2241
f 2074 2073 2089
f 2074 2089 2090
f 2072 2088 2089
f 2072 2089 2073
f 2240 2090 2089
f 2251 2252 2243
f 2251 2243 2242
f 2252 2253 2244
f 2252 2244 2243
f 2077 2093 2094
f 2077 2094 2078
f 2243 2244 2094
f 2243 2094 2093
f 2244 2078 2094
f 2076 2092 2093
f 2076 2093 2077
f 2242 2243 2093
f 2242 2093 2092
f 1747 1754 1755
f 1926 1925 1755
f 1755 1925 1917
f 1926 1918 1917
f 1926 1917 1925
f 1747 1755 1748
f 1755 1917 1748
f 1929 1928 1927
f 1922 1920 1930
f 1927 1928 1920
f 1927 1920 1919
f 1929 1930 1920
f 1929 1920 1928
f 1927 1919 1918
f 1927 1918 1926
f 2111 2116 2258
f 2266 2259 2258
f 2266 2258 2116
f 2257 2111 2258
f 2266 2267 2260
f 2266 2260 2259
f 2268 2261 2260
f 2268 2260 2267
f 2259 2260 2250
f 2259 2250 2249
f 2261 2251 2250
f 2261 2250 2260
f 2103 2247 2248
f 2257 2258 2248
f 2257 2248 2247
f 2259 2249 2248
f 2259 2248 2258
f 2268 2269 2262
f 2268 2262 2261
f 2121 2263 2262
f 2121 2262 2269
f 2121 2112 2263
f 2104 2263 2112
f 2263 2253 2252
f 2104 2253 2263
f 2261 2262 2252
f 2261 2252 2251
f 2263 2252 2262
f 1762 1577 1578
f 1579 1763 1762
f 1579 1762 1578
f 1926 1755 1756
f 1763 1756 1755
f 1763 1755 1762
f 1577 1754 1570
f 1762 1755 1754
f 1762 1754 1577
f 1580 1764 1763
f 1580 1763 1579
f 1580 1581 1765
f 1580 1765 1764
f 1772 1766 1765
f 1772 1765 1581
f 1933 1765 1766
f 1764 1765 1927
f 1933 1929 1927
f 1933 1927 1765
f 1927 1926 1756
f 1764 1927 1756
f 1764 1756 1763
f 1780 1781 1950
f 1780 1950 1949
f 1788 1951 1950
f 1788 1950 1781
f 2125 2116 1950
f 2125 1950 1951
f 1943 1949 1950
f 1943 1950 2116
f 1788 1789 1957
f 1788 1957 1951
f 1790 1958 1957
f 1790 1957 1789
f 1952 2126 1957
f 1952 1957 1958
f 2125 1951 1957
f 2125 1957 2126
f 2268 2267 2118
f 2268 2118 2119
f 2266 2117 2118
f 2266 2118 2267
f 2125 2126 2118
f 2125 2118 2117
f 1952 2119 2118
f 1952 2118 2126
f 2266 2116 2117
f 2111 2115 2116
f 1943 2116 2115
f 2125 2117 2116
f 1790 1791 1959
f 1790 1959 1958
f 1953 1959 1791
f 1952 1958 1959
f 1952 1959 1953
f 1953 1791 1792
f 1953 1792 1954
f 2121 2120 1944
f 1953 1954 1944
f 1953 1944 2120
f 2121 2269 2127
f 2121 2127 2120
f 2268 2119 2127
f 2268 2127 2269
f 1952 1953 2127
f 1952 2127 2119
f 1953 2120 2127
f 1587 1342 1343
f 1588 1343 1344
f 1587 1343 1588
f 1579 1578 1588
f 1578 1587 1588
f 1587 1578 1342
f 1589 1344 1345
f 1588 1344 1589
f 1345 1353 1346
f 1355 1354 1346
f 1355 1346 1353
f 1592 1591 1346
f 1592 1346 1354
f 1589 1345 1346
f 1589 1346 1591
f 1772 1581 1590
f 1772 1590 1592
f 1580 1589 1590
f 1580 1590 1581
f 1589 1591 1590
f 1592 1590 1591
f 1580 1579 1588
f 1580 1588 1589
f 1155 1368 1367
f 1608 1607 1367
f 1608 1367 1368
f 1606 1366 1367
f 1606 1367 1607
f 1155 1158 1377
f 1155 1377 1368
f 1159 1378 1377
f 1159 1377 1158
f 1614 1613 1377
f 1614 1377 1378
f 1608 1368 1377
f 1608 1377 1613
f 1790 1789 1609
f 1790 1609 1614
f 1788 1609 1789
f 1608 1613 1609
f 1608 1609 1788
f 1614 1609 1613
f 1788 1781 1787
f 1780 1787 1781
f 1606 1607 1787
f 1606 1787 1780
f 1608 1788 1787
f 1608 1787 1607
f 1160 1379 1378
f 1160 1378 1159
f 1161 1380 1379
f 1161 1379 1160
f 1610 1792 1616
f 1791 1615 1616
f 1791 1616 1792
f 1379 1616 1615
f 1380 1616 1379
f 1790 1614 1615
f 1790 1615 1791
f 1614 1378 1615
f 1379 1615 1378
f 2244 2095 2078
f 2095 2079 2078
f 2253 2095 2244
f 2253 2105 2095
f 2104 2105 2253
f 2104 2112 2113
f 2104 2113 2105
f 2121 1945 2113
f 2121 2113 2112
f 1937 2113 1945
f 2105 2113 1937
f 1932 1937 1770
f 2105 1937 1932
f 1923 2095 1932
f 2095 2105 1932
f 2121 1944 1945
f 1954 1783 1945
f 1954 1945 1944
f 1783 1776 1945
f 1937 1945 1776
f 1954 1792 1783
f 1611 1792 1610
f 1783 1792 1611
f 1370 1359 1602
f 1783 1611 1602
f 1611 1370 1602
f 1602 1594 1776
f 1770 1776 1594
f 1937 1776 1770
f 1783 1602 1776
f 1610 1616 1380
f 1611 1610 1380
f 1161 1157 1370
f 1611 1380 1370
f 1380 1161 1370
f 1898 1727 1897
f 1898 1728 1727
f 1566 1747 1748
f 1897 1748 1917
f 1727 1748 1897
f 1728 1898 1899
f 1728 1899 1729
f 2072 1907 1906
f 2072 1906 2071
f 1905 2071 1906
f 1733 1903 1904
f 1911 1910 2075
f 1911 2075 2076
f 1909 2074 2075
f 1909 2075 1910
f 1907 2073 1908
f 2072 2073 1907
f 1909 1908 2073
f 1909 2073 2074
f 2095 1923 1914
f 1914 1923 1751
f 2095 1914 2079
f 1913 1912 2078
f 1912 2077 2078
f 1912 1911 2076
f 1912 2076 2077
f 1747 1566 1570
f 1747 1570 1754
f 1584 1760 1770
f 1932 1770 1760
f 1584 1575 1760
f 1932 1760 1923
f 1760 1751 1923
f 1570 1335 1337
f 1570 1337 1577
f 1370 1157 1359
f 1157 1151 1359
f 1347 1359 1151
f 1584 1594 1347
f 1584 1770 1594
f 1602 1359 1594
f 1347 1594 1359
f 1577 1337 1578
f 1342 1578 1337
f 1342 1337 1338
f 1338 1136 1342
f 1342 1136 1137
f 1342 1137 1343
f 1138 1344 1343
f 1138 1343 1137
f 1144 1352 1344
f 1144 1344 1138
f 1345 1344 1352
f 1139 1144 1138
f 1139 1145 1144
f 1146 1355 1353
f 1146 1353 1145
f 1345 1352 1353
f 1144 1145 1353
f 1144 1353 1352
f 1366 1153 1154
f 1366 1154 1367
f 1155 1367 1154
f 1153 954 1154
f 952 954 1153
f 1155 1154 954
f 1155 954 955
f 966 965 956
f 966 1158 965
f 1155 955 965
f 1155 965 1158
f 955 956 965
f 966 1159 1158
f 967 968 1161
f 967 1161 1160
f 1161 968 959
f 1161 959 1157
f 959 960 1157
f 1913 2078 2079
f 1913 2079 1914
f 967 1160 1159
f 967 1159 966
f 1922 2085 1904
f 1922 1904 1903
f 2086 1904 2085
f 1905 1904 2086
f 1922 2084 2085
f 2101 2086 2084
f 2086 2085 2084
f 2103 2087 2102
f 2088 2087 2103
f 2101 2102 2087
f 2101 2087 2086
f 2072 2071 2087
f 2072 2087 2088
f 1905 2086 2087
f 1905 2087 2071
f 1922 1930 2099
f 1922 2099 2084
f 1929 2099 1930
f 2101 2084 2099
f 1929 1931 2099
f 2109 2100 2099
f 2109 2099 1931
f 2101 2099 2100
f 2257 2102 2110
f 2257 2110 2111
f 2101 2100 2110
f 2101 2110 2102
f 2109 2110 2100
f 2257 2247 2102
f 2103 2102 2247
f 1929 1934 1931
f 1933 1935 1934
f 1933 1934 1929
f 1936 1934 1935
f 2109 1931 1934
f 2109 1934 1936
f 1933 1766 1769
f 1933 1769 1935
f 1772 1774 1769
f 1772 1769 1766
f 1775 1941 1769
f 1775 1769 1774
f 1936 1935 1769
f 1936 1769 1941
f 1780 1949 1942
f 1780 1942 1779
f 1943 1942 1949
f 1936 1941 1942
f 1775 1779 1942
f 1775 1942 1941
f 1943 2115 2110
f 1943 2110 1942
f 2111 2110 2115
f 2109 1936 2110
f 1936 1942 2110
f 1772 1592 1593
f 1772 1593 1774
f 1592 1599 1593
f 1600 1593 1599
f 1775 1774 1593
f 1775 1593 1600
f 1592 1354 1356
f 1592 1356 1599
f 1355 1356 1354
f 1600 1599 1356
f 1600 1356 1357
f 1366 1358 1365
f 1606 1601 1358
f 1606 1358 1366
f 1600 1357 1358
f 1600 1358 1601
f 1357 1365 1358
f 1606 1780 1779
f 1606 1779 1601
f 1775 1600 1779
f 1600 1601 1779
f 1903 1902 1901
f 1901 1900 1902
f 1900 1901 1902
f 1733 1732 1902
f 1733 1902 1903
f 1730 1901 1902
f 1730 1902 1732
f 1729 1899 1900
f 1729 1900 1730
f 1730 1900 1901
f 1146 1147 1356
f 1146 1356 1355
f 1148 1356 1147
f 1357 1356 1148
f 952 1153 1152
f 1366 1365 1152
f 1366 1152 1153
f 1357 1148 1152
f 1357 1152 1365
f 1566 1549 1548
f 1566 1567 1549
f 1728 1549 1727
f 1744 1745 1914
f 1913 1743 1912
f 1744 1743 1913
f 1335 1566 1333
f 1575 1568 1751
f 1337 1335 1133
f 1143 1340 1347
f 1142 1143 1347
f 959 1151 1150
f 1143 1150 1151
f 1142 1150 1143
f 959 960 1151
f 1337 1133 1338
f 1134 1338 1133
f 938 1138 1137
f 945 1140 940
f 1146 1140 945
f 939 940 1140
f 939 1140 1139
f 1146 1141 1140
f 939 1139 1138
f 939 1138 938
f 957 956 740
f 955 740 956
f 950 952 954
f 952 953 954
f 955 954 953
f 958 967 968
f 967 750 751
f 967 751 968
f 751 743 959
f 751 959 968
f 1744 1914 1913
f 1745 1913 1914
f 1745 1744 1913
f 967 957 966
f 958 957 967
f 957 740 749
f 957 749 966
f 967 966 749
f 967 749 750
f 950 1149 949
f 950 949 952
f 1148 949 1149
f 947 949 1148
f 1146 1147 1141
f 947 1148 1147
f 1146 945 946
f 1146 946 1147
f 947 1147 946
f 1549 1567 1727
f 1566 1748 1567
f 1727 1567 1748
f 1907 1737 1906
f 1738 1737 1907
f 1905 1906 1737
f 1905 1737 1736
f 1733 1904 1734
f 1905 1736 1734
f 1905 1734 1904
f 1740 1909 1910
f 1911 1742 1741
f 1911 1741 1910
f 1740 1910 1741
f 1738 1907 1908
f 1738 1908 1739
f 1740 1739 1908
f 1740 1908 1909
f 1745 1914 1751
f 1744 1914 1745
f 1743 1742 1911
f 1743 1911 1912
f 1335 1570 1566
f 1584 1340 1575
f 1760 1575 1751
f 1156 1151 1157
f 1143 1347 1151
f 1156 959 1151
f 959 1150 1151
f 1142 1143 1151
f 1142 1151 1150
f 1584 1347 1340
f 1142 1347 1143
f 1338 1337 1134
f 1134 1337 1338
f 1338 1134 1136
f 1146 1140 1141
f 1146 1145 1140
f 1139 1140 1145
f 950 954 952
f 957 966 956
f 958 968 967
f 1156 1157 959
f 1157 960 959
f 1744 1913 1914
f 958 967 957
f 967 966 957
f 1733 1731 1732
f 1730 1732 1731
f 1146 1141 1147
f 950 952 949
f 950 949 1149
f 1148 1149 949
f 952 1152 949
f 1148 949 1152
f 3313 3314 3151
f 3313 3151 3150
f 3313 3150 3149
f 3494 3495 3313
f 3495 3314 3313
f 3495 3315 3314
f 3495 3496 3497
f 3495 3497 3315
f 3661 3662 3497
f 3661 3497 3496
f 3661 3496 3495
f 3494 3660 3495
f 3806 3661 3495
f 3806 3495 3660
f 4690 4596 4689
f 4690 4689 4777
f 4507 4595 4689
f 4507 4689 4596
f 4597 4508 4596
f 4597 4596 4690
f 4393 4507 4596
f 4393 4596 4508
f 4597 4690 4691
f 4597 4691 4692
f 4690 4779 4691
f 4779 4692 4691
f 4779 4778 4873
f 4690 4777 4778
f 4690 4778 4779
f 4777 4872 4778
f 4872 4873 4778
f 4963 4874 4873
f 4874 4780 4873
f 4779 4873 4780
f 4779 4780 4692
f 4874 4781 4780
f 4781 4693 4780
f 4692 4780 4693
f 4874 4875 4781
f 4875 4782 4781
f 4964 4875 4874
f 4964 4874 4963
f 3313 3149 3321
f 3149 3157 3321
f 3156 3321 3157
f 3156 3320 3321
f 3320 3503 3321
f 3321 3503 3312
f 3503 3494 3312
f 3494 3313 3312
f 3313 3321 3312
f 3503 3667 3660
f 3503 3660 3494
f 3812 3806 3660
f 3812 3660 3667
f 3666 3667 3503
f 3961 3812 3667
f 4702 4791 4785
f 4702 4785 4698
f 4886 4879 4785
f 4886 4785 4791
f 4699 4698 4785
f 4699 4785 4605
f 4879 4786 4785
f 4777 4689 4785
f 4777 4785 4786
f 4595 4605 4785
f 4595 4785 4689
f 4872 4880 4881
f 4777 4786 4880
f 4777 4880 4872
f 4879 4880 4786
f 4967 4881 4880
f 4967 4880 4966
f 4879 4966 4880
f 4886 4974 4966
f 4886 4966 4879
f 5044 4966 4974
f 5044 5040 4966
f 5045 5040 5044
f 4968 4967 5040
f 4967 4966 5040
f 4967 4962 4881
f 4968 4962 4967
f 4963 4873 4962
f 4872 4881 4962
f 4872 4962 4873
f 4964 4963 4969
f 4968 4963 4962
f 4969 4963 4968
f 4969 4968 5041
f 4969 5041 5042
f 4968 5040 5041
f 5045 5046 5041
f 5045 5041 5040
f 5046 5042 5041
f 3331 3323 3165
f 3320 3156 3165
f 3320 3165 3323
f 3320 3323 3506
f 3331 3506 3323
f 3669 3506 3507
f 3669 3666 3502
f 3669 3502 3506
f 3666 3503 3502
f 3320 3506 3502
f 3320 3502 3503
f 3669 3813 3667
f 3669 3667 3666
f 3964 3961 3667
f 3964 3667 3813
f 3965 3964 3813
f 4795 4894 4890
f 4983 4978 4890
f 4983 4890 4894
f 4790 4795 4890
f 4790 4890 4885
f 4790 4885 4702
f 4978 4973 4885
f 4978 4885 4890
f 4886 4791 4885
f 4886 4885 4973
f 4702 4885 4791
f 4886 4973 4974
f 4978 4979 4974
f 4978 4974 4973
f 5049 5044 4974
f 5049 4974 4979
f 4978 5049 4979
f 4983 5056 5049
f 4983 5049 4978
f 5119 5050 5123
f 5049 5056 5123
f 5049 5123 5050
f 5049 5050 5044
f 5119 5051 5044
f 5119 5044 5050
f 5045 5044 5051
f 5046 5051 5052
f 5045 5051 5046
f 5119 5120 5051
f 5121 5052 5051
f 5121 5051 5120
f 5121 5120 5124
f 5119 5123 5124
f 5119 5124 5120
f 5128 5129 5124
f 5128 5124 5123
f 3331 3509 3506
f 3516 3517 3510
f 3516 3510 3509
f 3674 3510 3517
f 3817 3675 3674
f 3672 3674 3675
f 3510 3674 3672
f 3510 3672 3509
f 3669 3507 3672
f 3506 3509 3672
f 3506 3672 3507
f 3965 3813 3815
f 3669 3672 3815
f 3669 3815 3813
f 3965 3815 3817
f 3965 3817 3967
f 3672 3675 3817
f 3672 3817 3815
f 3967 3817 3818
f 4711 4802 4899
f 4711 4899 4710
f 4902 4899 4802
f 4987 4898 4899
f 4707 4710 4899
f 4707 4899 4898
f 4707 4898 4894
f 4707 4894 4799
f 4987 4983 4894
f 4987 4894 4898
f 4795 4799 4894
f 4983 5060 5056
f 4987 4988 5060
f 4987 5060 4983
f 5060 4988 4992
f 5060 4992 5065
f 4987 4899 4992
f 4987 4992 4988
f 4902 4992 4899
f 4993 5065 4992
f 5133 5061 5065
f 5060 5065 5061
f 5060 5061 5128
f 5133 5128 5061
f 5056 5060 5128
f 5056 5128 5123
f 5133 5134 5129
f 5133 5129 5128
f 5133 5065 5134
f 5066 5134 5065
f 4875 4876 4782
f 4783 4782 4876
f 4783 4876 4877
f 4882 4877 4876
f 4965 4876 4875
f 4965 4875 4964
f 4964 4969 4970
f 4965 4964 4970
f 4965 4970 4971
f 4965 4971 4876
f 4882 4876 4971
f 4980 4976 4975
f 4980 4975 5048
f 4971 4975 4976
f 4970 4975 4971
f 5047 5048 4975
f 4970 5047 4975
f 4969 5042 5047
f 4969 5047 4970
f 5046 5047 5042
f 5046 5052 5047
f 5121 5125 5052
f 5126 5053 5052
f 5126 5052 5125
f 5047 5052 5053
f 5047 5053 5048
f 5126 5057 5053
f 5057 5054 5053
f 4980 5048 5053
f 4980 5053 5054
f 5057 5131 5062
f 5126 5125 5131
f 5126 5131 5057
f 5130 5131 5125
f 5130 5125 5129
f 5121 5124 5125
f 5129 5125 5124
f 5135 5129 5134
f 5130 5129 5135
f 5131 5130 5135
f 2999 2998 3150
f 3150 2998 2997
f 3150 2997 3149
f 3004 2997 2998
f 3314 3152 3151
f 2999 3150 3151
f 3000 2999 3151
f 3000 3151 3152
f 4393 4268 4267
f 3959 3958 4267
f 3959 4267 4268
f 4120 4267 3958
f 4120 3958 3808
f 3959 3809 3808
f 3959 3808 3958
f 3499 3663 3808
f 3499 3808 3809
f 3662 3808 3663
f 3499 3809 3664
f 3959 3664 3809
f 3959 4268 4121
f 4393 4394 4121
f 4393 4121 4268
f 4269 4121 4394
f 4692 4693 4598
f 4599 4598 4693
f 4510 4597 4598
f 4597 4692 4598
f 4510 4509 4508
f 4510 4508 4597
f 4393 4508 4509
f 4269 4394 4509
f 4269 4509 4395
f 4393 4509 4394
f 4510 4395 4509
f 4510 4598 4599
f 4882 4883 4877
f 4883 4783 4877
f 4787 4783 4883
f 4695 4694 4782
f 4781 4782 4694
f 4781 4694 4693
f 4599 4694 4600
f 4599 4693 4694
f 3149 2997 3004
f 3149 3004 3157
f 3156 3157 3004
f 3156 3004 3003
f 3004 3003 3156
f 3004 3156 3003
f 3165 3156 3003
f 3015 3014 3004
f 3165 3003 3004
f 3165 3004 3014
f 4980 4981 4976
f 4888 4882 4976
f 4971 4976 4882
f 4971 4882 4883
f 4971 4883 4882
f 4888 4883 4882
f 4888 4976 4887
f 4981 4887 4976
f 4981 4888 4887
f 3331 3165 3175
f 5058 5062 5063
f 5057 5062 5058
f 5057 5058 4980
f 5057 4980 5054
f 5058 4984 4981
f 5058 4981 4980
f 4984 4985 4981
f 5058 5063 4984
f 3516 3509 3331
f 3516 3331 3341
f 3516 3341 3342
f 3331 3342 3341
f 3674 3517 3518
f 3516 3342 3517
f 3817 3674 3675
f 3817 3675 3818
f 3969 3967 3818
f 3970 3969 3818
f 3675 3676 3818
f 3674 3518 3675
f 4711 4805 4802
f 4714 4805 4711
f 4902 4802 4805
f 4902 4993 4992
f 4998 4993 4903
f 4902 4903 4993
f 4807 4903 4902
f 4807 4902 4805
f 4807 4805 4806
f 4621 4806 4805
f 4621 4805 4714
f 5134 5067 5135
f 5072 5135 5067
f 5072 5137 5135
f 5135 5137 5072
f 5135 5072 5073
f 5062 5136 5068
f 5131 5135 5136
f 5131 5136 5062
f 5069 5063 5068
f 5062 5068 5063
f 5135 5073 5068
f 5135 5068 5136
f 4695 4782 4783
f 4993 4994 5065
f 5071 5066 5065
f 5071 5065 4994
f 5072 5067 5066
f 5072 5066 5071
f 5134 5066 5067
f 4998 5072 5071
f 5071 4994 4998
f 4993 4998 4994
f 3662 3807 3808
f 3661 3957 3807
f 3661 3807 3662
f 4119 3807 3957
f 4120 3808 3807
f 4120 3807 4119
f 4120 4119 4266
f 4120 4266 4267
f 4119 4392 4266
f 4507 4266 4392
f 4393 4267 4266
f 4393 4266 4507
f 4595 4391 4506
f 4507 4392 4391
f 4507 4391 4595
f 4119 4265 4391
f 4119 4391 4392
f 4265 4506 4391
f 4119 3957 3956
f 4119 3956 4265
f 3661 3956 3957
f 3806 3956 3661
f 3806 3962 3956
f 3812 4124 3962
f 3812 3962 3806
f 4272 3962 4124
f 4265 3956 3962
f 4265 3962 4272
f 4265 4272 4515
f 4265 4515 4506
f 4699 4605 4515
f 4595 4506 4515
f 4595 4515 4605
f 4702 4698 4515
f 4702 4515 4604
f 4699 4515 4698
f 4272 4400 4515
f 4399 4604 4515
f 4399 4515 4400
f 4399 4400 4124
f 4272 4124 4400
f 3961 4124 3812
f 3961 4126 4124
f 3964 4126 3961
f 4399 4124 4126
f 4399 4126 4404
f 4399 4404 4608
f 4399 4608 4604
f 4790 4702 4608
f 4702 4604 4608
f 4790 4608 4610
f 4790 4610 4795
f 4404 4610 4608
f 4407 4610 4404
f 4407 4404 4126
f 4407 4126 4129
f 3965 4129 4126
f 3965 4126 3964
f 3965 4130 4129
f 3965 4280 4130
f 4410 4407 4130
f 4410 4130 4280
f 4407 4129 4130
f 4407 4613 4610
f 4410 4614 4613
f 4410 4613 4407
f 4707 4799 4613
f 4707 4613 4614
f 4795 4610 4613
f 4795 4613 4799
f 4711 4710 4617
f 4707 4614 4617
f 4707 4617 4710
f 4410 4617 4614
f 4413 4617 4410
f 4413 4410 4280
f 3965 3967 4280
f 3662 3663 3498
f 3662 3498 3497
f 3499 3498 3663
f 3315 3497 3498
f 3315 3498 3316
f 3314 3315 3152
f 3152 3315 3153
f 3316 3153 3315
f 3316 3498 3317
f 3499 3317 3498
f 3967 4135 4280
f 3969 4135 3967
f 4414 4413 4135
f 4413 4280 4135
f 4414 4525 4617
f 4414 4617 4413
f 4714 4711 4617
f 4714 4617 4525
f 4621 4714 4526
f 4714 4525 4526
f 4414 4526 4525
f 4284 4526 4414
f 4284 4414 4135
f 3970 4135 3969
f 2862 2871 2870
f 3008 2871 2864
f 3008 2864 3001
f 2871 2863 2864
f 2863 3001 2864
f 2862 2863 2871
f 3009 3162 3161
f 3009 3161 3008
f 3322 3161 3162
f 3162 3161 3322
f 3322 3162 3155
f 3322 3155 3319
f 3009 3002 3155
f 3009 3155 3162
f 3154 3155 3002
f 3154 3002 3001
f 3154 3001 3002
f 3009 3008 3001
f 3009 3001 3002
f 4125 4274 4276
f 4125 4276 4127
f 4275 4276 4274
f 4277 4276 4275
f 4277 4275 4403
f 4277 4403 4405
f 4275 4402 4403
f 4406 4405 4403
f 4513 4516 4402
f 4513 4402 4398
f 4403 4402 4516
f 4275 4401 4402
f 4397 4398 4402
f 4397 4402 4401
f 4397 4401 4273
f 4397 4273 4271
f 4275 4274 4273
f 4275 4273 4401
f 4125 4273 4274
f 4123 4271 4273
f 4123 4273 4125
f 4406 4403 4517
f 4519 4406 4517
f 4519 4517 4518
f 4519 4518 4520
f 4607 4518 4517
f 4609 4520 4518
f 4609 4518 4607
f 4607 4517 4606
f 4514 4602 4606
f 4514 4606 4517
f 4514 4517 4516
f 4514 4516 4513
f 4403 4516 4517
f 2869 2878 2877
f 2879 2878 2871
f 2878 2870 2871
f 2869 2870 2878
f 3018 2879 3019
f 3171 3019 3020
f 3162 3171 3009
f 3162 3009 3161
f 3171 3020 3009
f 3019 3008 3009
f 3019 3009 3020
f 3008 3161 3009
f 3019 2879 3007
f 3019 3007 3008
f 2879 2871 3007
f 2871 3008 3007
f 4131 4278 4282
f 4131 4132 4278
f 4279 4278 4132
f 4283 4282 4278
f 4283 4278 4279
f 4283 4279 4408
f 4283 4408 4412
f 4523 4412 4408
f 4409 4408 4405
f 4409 4405 4406
f 4279 4277 4405
f 4279 4405 4408
f 4277 4128 4276
f 4279 4132 4128
f 4279 4128 4277
f 4131 4127 4128
f 4131 4128 4132
f 4127 4276 4128
f 4523 4408 4521
f 4523 4521 4524
f 4409 4521 4408
f 4615 4524 4521
f 4615 4521 4611
f 4521 4522 4611
f 4612 4611 4522
f 4708 4615 4611
f 4708 4611 4612
f 4612 4522 4520
f 4612 4520 4609
f 4521 4520 4522
f 4519 4520 4406
f 4521 4406 4520
f 4409 4406 4521
f 3178 3024 3025
f 2879 3017 2878
f 3024 2878 3017
f 3024 3017 3025
f 3024 2877 2878
f 3026 3179 3025
f 3179 3178 3025
f 3179 3180 3336
f 3026 3180 3179
f 3522 3336 3180
f 3522 3180 3337
f 3337 3180 3019
f 3337 3019 3171
f 3026 3018 3019
f 3026 3019 3180
f 3025 3017 3018
f 3025 3018 3026
f 2879 3018 3017
f 4288 4417 4416
f 4133 4289 4417
f 4133 4417 4288
f 4418 4527 4417
f 4418 4417 4289
f 4535 4416 4417
f 4535 4417 4527
f 4535 4527 4536
f 4535 4536 4627
f 4418 4528 4536
f 4418 4536 4527
f 4528 4628 4536
f 4627 4536 4628
f 4523 4529 4411
f 4523 4411 4412
f 4528 4411 4529
f 4418 4411 4528
f 4283 4412 4411
f 4283 4411 4281
f 4283 4281 4282
f 4418 4289 4281
f 4418 4281 4411
f 4133 4134 4281
f 4133 4281 4289
f 4131 4282 4281
f 4131 4281 4134
f 4627 4628 4718
f 4528 4619 4628
f 4619 4719 4628
f 4718 4628 4719
f 4718 4719 4808
f 4619 4712 4719
f 4712 4809 4719
f 4808 4719 4809
f 4712 4615 4708
f 4619 4620 4615
f 4619 4615 4712
f 4615 4620 4529
f 4615 4529 4524
f 4619 4529 4620
f 4528 4529 4619
f 4523 4524 4529
f 3184 3344 3183
f 3344 3343 3183
f 3178 3184 3183
f 3178 3183 3024
f 3520 3344 3345
f 3520 3345 3521
f 3520 3521 3528
f 3678 3682 3521
f 3682 3528 3521
f 3522 3346 3336
f 3678 3521 3346
f 3678 3346 3522
f 3345 3346 3521
f 3179 3336 3346
f 3179 3346 3345
f 3179 3345 3184
f 3179 3184 3178
f 3345 3344 3184
f 4532 4624 4623
f 4420 4533 4624
f 4420 4624 4532
f 4625 4717 4624
f 4625 4624 4533
f 4723 4623 4624
f 4723 4624 4717
f 4723 4717 4724
f 4723 4724 4812
f 4625 4725 4724
f 4625 4724 4717
f 4725 4813 4724
f 4812 4724 4813
f 4627 4726 4626
f 4725 4626 4726
f 4625 4626 4725
f 4535 4627 4626
f 4535 4626 4534
f 4535 4534 4416
f 4625 4533 4534
f 4625 4534 4626
f 4420 4415 4534
f 4420 4534 4533
f 4288 4416 4534
f 4288 4534 4415
f 4812 4813 4909
f 4725 4814 4813
f 4814 4909 4813
f 4814 4910 4909
f 5000 4909 4910
f 4808 4911 4815
f 4910 4815 4911
f 4814 4815 4910
f 4718 4808 4815
f 4718 4815 4814
f 4718 4814 4726
f 4725 4726 4814
f 4627 4718 4726
f 4602 4603 4606
f 4607 4606 4603
f 4607 4603 4697
f 4607 4697 4701
f 4602 4697 4603
f 4701 4704 4609
f 4701 4609 4607
f 4612 4609 4705
f 4704 4705 4609
f 4708 4612 4705
f 4704 4703 4797
f 4704 4797 4705
f 4793 4797 4703
f 4793 4703 4704
f 4793 4704 4703
f 4701 4703 4704
f 4705 4801 4708
f 4803 4708 4801
f 4712 4708 4803
f 4712 4803 4809
f 4803 4906 4809
f 4905 4809 4906
f 4808 4809 4905
f 4997 4905 4900
f 4905 4906 4900
f 4803 4901 4900
f 4803 4900 4906
f 4901 4800 4896
f 4803 4801 4800
f 4803 4800 4901
f 4705 4797 4800
f 4705 4800 4801
f 4796 4896 4800
f 4796 4800 4797
f 4808 4905 4911
f 5001 4910 4911
f 5000 4910 5001
f 5001 4911 4997
f 4905 4997 4911
f 2863 2862 2999
f 2999 2862 2869
f 2862 2870 2869
f 2863 3000 3001
f 3153 3001 3000
f 2863 2999 3000
f 4123 3960 4270
f 4269 4270 3960
f 4269 3960 4122
f 3811 4122 3960
f 3810 4121 4122
f 3810 4122 3811
f 4269 4122 4121
f 3500 3664 3665
f 3810 3811 3665
f 3810 3665 3664
f 3319 3500 3665
f 3319 3665 3501
f 3811 3501 3665
f 4513 4398 4512
f 4397 4512 4398
f 4397 4511 4512
f 4600 4512 4511
f 4269 4395 4396
f 4510 4511 4396
f 4510 4396 4395
f 4397 4396 4511
f 4269 4396 4271
f 4269 4271 4270
f 4397 4271 4396
f 4123 4270 4271
f 4696 4788 4700
f 4784 4788 4696
f 4701 4697 4696
f 4701 4696 4700
f 4514 4601 4602
f 4602 4601 4695
f 4512 4600 4601
f 4512 4601 4513
f 4514 4513 4601
f 3004 3005 2869
f 3004 2869 2868
f 3004 2868 3015
f 2869 2876 3015
f 2869 3015 2868
f 3015 2876 2877
f 2869 2877 2876
f 4796 4797 4892
f 4793 4792 4797
f 4892 4797 4792
f 4892 4792 4888
f 4793 4792 4888
f 4793 4888 4792
f 4888 4792 4788
f 4793 4788 4792
f 4788 4793 4700
f 4701 4700 4793
f 4701 4793 4703
f 3024 3023 3015
f 3024 3015 2877
f 4997 4900 4990
f 4901 4900 4990
f 4901 4990 4900
f 4996 4997 4990
f 4985 4989 4990
f 5069 4996 4990
f 5069 4990 4989
f 4990 4896 4895
f 4990 4895 4985
f 4892 4895 4896
f 4990 4900 4896
f 4901 4896 4900
f 4796 4892 4896
f 3183 3182 3023
f 3183 3023 3024
f 3182 3176 3023
f 3176 3182 3342
f 3342 3182 3183
f 3342 3183 3343
f 3519 3518 3343
f 3519 3343 3344
f 3520 3527 3519
f 3520 3519 3344
f 3526 3519 3527
f 3526 3680 3519
f 3676 3519 3680
f 3676 3680 3681
f 3526 3681 3680
f 3823 3681 3824
f 3526 3527 3681
f 3520 3528 3681
f 3520 3681 3527
f 3682 3824 3681
f 3682 3681 3528
f 4532 4623 4716
f 4532 4716 4531
f 4723 4716 4623
f 4807 4715 4716
f 4807 4716 4723
f 4622 4531 4716
f 4622 4716 4715
f 4807 4811 4907
f 4907 4811 4908
f 4807 4723 4811
f 4723 4812 4811
f 4812 4908 4811
f 5074 5073 5001
f 5000 5001 5073
f 5074 5069 5073
f 5074 4996 5069
f 5074 5001 4996
f 5001 4997 4996
f 4602 4696 4697
f 4602 4695 4696
f 4812 4909 4908
f 4999 4908 4909
f 4907 4908 4999
f 4999 4909 5000
f 3319 3501 3505
f 3811 3668 3505
f 3811 3505 3501
f 3322 3319 3505
f 3671 3504 3505
f 3671 3505 3668
f 3162 3322 3505
f 3162 3505 3504
f 4127 3814 3963
f 3671 3668 3963
f 3671 3963 3814
f 4125 4127 3963
f 3811 3960 3963
f 3811 3963 3668
f 4123 4125 3963
f 4123 3963 3960
f 3162 3504 3329
f 3162 3329 3171
f 3671 3329 3504
f 3670 3329 3671
f 3673 3329 3670
f 3673 3670 3816
f 3670 3814 3816
f 4131 3816 3814
f 4131 3814 4127
f 3670 3671 3814
f 3171 3329 3338
f 3673 3338 3329
f 3673 3514 3338
f 3337 3171 3338
f 3337 3338 3514
f 3673 3822 3514
f 3821 3679 3514
f 3821 3514 3822
f 3522 3337 3514
f 3522 3514 3679
f 4288 4139 3968
f 3821 3822 3968
f 3821 3968 4139
f 3673 3968 3822
f 4133 4288 3968
f 4133 3968 3966
f 4133 3966 4134
f 3673 3966 3968
f 3673 3816 3966
f 4131 4134 3966
f 4131 3966 3816
f 3821 3972 3679
f 3972 3825 3679
f 3678 3522 3679
f 3678 3679 3825
f 3678 3825 3682
f 3972 4137 3825
f 4137 3971 3825
f 3682 3825 3971
f 4532 4419 4286
f 4137 4286 4419
f 3972 4287 4286
f 3972 4286 4137
f 4420 4532 4286
f 4420 4286 4287
f 4420 4287 4138
f 4420 4138 4415
f 3972 4138 4287
f 3821 4139 4138
f 3821 4138 3972
f 4288 4415 4138
f 4288 4138 4139
f 3154 3318 3155
f 3319 3155 3318
f 3319 3318 3500
f 3001 3153 3002
f 3154 3002 3153
f 3682 3971 3824
f 4137 4285 3971
f 3823 3824 3971
f 4284 4136 3971
f 4284 3971 4285
f 3823 3971 4136
f 4284 4285 4530
f 4285 4419 4530
f 4622 4530 4419
f 4622 4419 4531
f 4137 4419 4285
f 4532 4531 4419
f 3004 2998 3005
f 4783 4784 4787
f 4783 4787 4784
f 4888 4787 4883
f 4981 4891 4888
f 3165 3014 3175
f 3015 3175 3014
f 3015 3176 3175
f 3015 3166 3176
f 3165 3014 3015
f 3165 3015 3014
f 4981 4985 4891
f 4984 5063 4989
f 5069 4989 5063
f 3331 3176 3342
f 3176 3332 3342
f 3331 3175 3176
f 3343 3518 3342
f 3517 3342 3518
f 3970 3818 3819
f 3676 3819 3818
f 3823 3970 3819
f 3823 3819 3677
f 3676 3677 3819
f 3820 3823 3677
f 3676 3518 3519
f 3676 3675 3518
f 4998 4903 4994
f 4904 4994 4903
f 4807 4904 4903
f 4618 4715 4622
f 4807 4806 4715
f 4621 4622 4715
f 4621 4715 4806
f 4784 4695 4696
f 4784 4696 4695
f 4783 4784 4695
f 4998 4999 5072
f 4904 4995 4998
f 4999 4998 4995
f 4904 4998 4994
f 4621 4526 4622
f 4618 4622 4526
f 3820 4136 4135
f 3820 4135 3823
f 4284 4135 4136
f 3823 4135 3970
f 2999 2869 3005
f 2999 3005 2998
f 3153 3000 3152
f 3810 3959 4121
f 3500 3499 3664
f 3810 3664 3959
f 4599 4600 4511
f 4510 4599 4511
f 4784 4787 4788
f 4783 4787 4784
f 4601 4600 4695
f 4600 4694 4695
f 2869 3005 3004
f 2869 3004 3005
f 4891 4892 4888
f 4888 4788 4787
f 3015 3176 3166
f 3015 3023 3176
f 4984 4989 4985
f 4891 4985 4892
f 4892 4985 4895
f 3176 3342 3332
f 3676 3518 3519
f 3676 3519 3518
f 3820 3677 3823
f 3823 3677 3681
f 3676 3681 3677
f 4618 4622 4715
f 4807 4907 4904
f 5000 5073 5072
f 5069 5068 5073
f 4784 4696 4695
f 4907 4999 4998
f 4907 4998 4904
f 4999 4995 4998
f 4904 4998 4995
f 5000 5072 4999
f 3500 3318 3317
f 3154 3317 3318
f 3500 3317 3499
f 3154 3316 3317
f 3154 3153 3316
f 3820 3823 4136
f 4618 4526 4622
f 4284 4530 4526
f 4622 4526 4530
f 994 776 999
f 776 782 999
f 994 995 776
f 996 777 776
f 996 776 995
f 994 999 995
f 989 771 992
f 771 774 992
f 996 992 774
f 996 774 777
f 568 774 771
f 564 569 766
f 568 771 766
f 568 766 569
f 767 564 766
f 989 984 766
f 989 766 771
f 768 767 766
f 768 766 984
f 768 762 767
f 767 762 560
f 767 560 564
f 555 561 758
f 555 758 759
f 560 762 758
f 560 758 561
f 763 758 762
f 754 755 549
f 544 550 549
f 544 549 755
f 346 548 549
f 346 549 347
f 348 347 550
f 347 549 550
f 544 545 550
f 545 551 550
f 1445 1446 1216
f 1445 1216 1215
f 998 1215 1216
f 998 1216 999
f 996 995 1211
f 996 1211 1212
f 999 1216 1211
f 999 1211 995
f 1446 1438 1211
f 1446 1211 1216
f 1212 1211 1438
f 1201 1200 1208
f 1212 1208 992
f 1200 989 992
f 1200 992 1208
f 996 1212 992
f 768 984 985
f 1200 984 989
f 985 984 1190
f 985 1190 1192
f 1200 1190 984
f 1201 1190 1200
f 1192 1181 980
f 1182 981 980
f 1182 980 1181
f 985 1192 980
f 763 762 980
f 763 980 981
f 768 985 980
f 768 980 762
f 759 758 976
f 759 976 977
f 763 981 976
f 763 976 758
f 981 977 976
f 1182 1175 977
f 1182 977 981
f 746 745 962
f 746 962 963
f 961 962 745
f 961 745 754
f 544 755 745
f 754 745 755
f 544 745 746
f 544 746 545
f 747 545 746
f 963 964 746
f 964 747 746
f 1647 1447 1446
f 1647 1446 1447
f 1212 1438 1439
f 1447 1438 1446
f 1440 1439 1438
f 1440 1438 1439
f 1447 1439 1438
f 1647 1439 1447
f 1440 1432 1431
f 1423 1431 1432
f 1440 1431 1439
f 1423 1201 1431
f 1201 1208 1431
f 1212 1439 1431
f 1212 1431 1208
f 1192 1190 1191
f 1201 1191 1190
f 1423 1412 1191
f 1423 1191 1201
f 1192 1191 1412
f 1192 1412 1424
f 1192 1424 1413
f 1423 1424 1412
f 1182 1400 1401
f 1192 1413 1400
f 1192 1400 1182
f 1192 1182 1181
f 1175 1401 1390
f 1182 1401 1175
f 1402 1390 1401
f 1168 1169 963
f 972 1168 963
f 972 963 962
f 1169 973 964
f 1169 964 963
f 1169 1170 973
f 1446 1647 1447
f 1440 1439 1648
f 1440 1648 1641
f 1647 1648 1439
f 1641 1648 1649
f 1642 1641 1649
f 1642 1643 1636
f 1642 1636 1641
f 1638 1637 1636
f 1638 1636 1643
f 1637 1635 1636
f 1641 1636 1635
f 1637 1433 1635
f 1423 1432 1635
f 1423 1635 1433
f 1440 1641 1635
f 1440 1635 1432
f 1413 1424 1425
f 1423 1433 1425
f 1423 1425 1424
f 1637 1425 1433
f 1413 1425 1630
f 1413 1630 1625
f 1637 1630 1425
f 1638 1630 1637
f 1632 1625 1630
f 1632 1626 1415
f 1632 1415 1625
f 1627 1402 1415
f 1627 1415 1626
f 1401 1415 1402
f 1413 1625 1415
f 1413 1415 1414
f 1401 1414 1415
f 1401 1400 1414
f 1413 1414 1400
f 1170 1169 1386
f 1168 1386 1169
f 1386 1387 1170
f 1386 1394 1387
f 1394 1395 1387
f 998 999 782
f 998 782 781
f 783 782 776
f 578 776 777
f 568 573 774
f 777 774 573
f 578 777 573
f 568 574 573
f 568 569 574
f 367 569 564
f 556 353 352
f 349 550 551
f 349 348 550
f 552 349 551
f 354 346 347
f 1003 1219 1215
f 1003 1215 998
f 1445 1215 1219
f 964 748 747
f 747 546 545
f 552 551 546
f 545 546 551
f 747 553 552
f 747 552 546
f 747 748 756
f 747 756 553
f 1445 1219 1452
f 1445 1452 1446
f 1453 1446 1452
f 1170 1171 974
f 973 1170 974
f 973 974 964
f 964 974 748
f 748 974 756
f 1446 1453 1656
f 1446 1656 1647
f 1648 1647 1656
f 1648 1656 1657
f 1453 1655 1656
f 1642 1649 1650
f 1651 1642 1650
f 1638 1631 1630
f 1632 1630 1631
f 1632 1631 1639
f 1638 1639 1631
f 1651 1643 1642
f 1627 1628 1402
f 1403 1402 1628
f 1403 1628 1417
f 1627 1417 1628
f 1171 1170 1387
f 1387 1170 1171
f 1387 1171 1170
f 1171 1396 1178
f 1171 1387 1396
f 1395 1396 1387
f 998 781 1003
f 787 1003 781
f 782 787 781
f 578 783 776
f 367 368 569
f 578 573 580
f 574 580 573
f 368 367 569
f 377 569 367
f 173 172 354
f 172 353 354
f 172 363 353
f 172 178 363
f 552 350 349
f 347 173 355
f 173 354 355
f 354 347 355
f 174 173 348
f 347 348 173
f 350 552 553
f 974 975 756
f 975 757 756
f 1656 1655 1453
f 1649 1648 1657
f 1426 1632 1639
f 1632 1633 1626
f 1632 1427 1633
f 1416 1633 1427
f 1627 1626 1633
f 1627 1633 1416
f 1627 1416 1417
f 1416 1428 1417
f 1426 1427 1632
f 1416 1427 1428
f 1407 1395 1394
f 974 1171 975
f 975 1171 1172
f 1178 1172 1171
f 556 557 353
f 353 557 548
f 353 548 354
f 547 548 557
f 346 354 548
f 754 549 548
f 754 548 753
f 547 753 548
f 547 557 752
f 547 752 753
f 557 760 752
f 978 969 752
f 978 752 760
f 970 753 752
f 970 752 969
f 970 971 754
f 970 754 753
f 961 754 971
f 972 962 971
f 961 971 962
f 978 970 969
f 1176 1166 970
f 1176 970 978
f 1177 1166 1176
f 970 1166 1167
f 970 1167 971
f 972 971 1167
f 972 1167 1168
f 1384 1385 1168
f 1384 1168 1167
f 1384 1167 1177
f 1384 1177 1392
f 1167 1166 1177
f 1391 1392 1177
f 1384 1392 1385
f 1392 1393 1385
f 1394 1386 1385
f 1394 1385 1393
f 1168 1385 1386
f 1393 1392 1404
f 360 560 361
f 560 561 361
f 360 369 560
f 564 560 369
f 367 564 369
f 1393 1404 1405
f 1405 1394 1393
f 1405 1406 1394
f 369 360 361
f 367 369 368
f 377 367 368
f 369 361 370
f 1407 1394 1406
f 561 555 556
f 555 759 556
f 1176 978 977
f 1176 977 1175
f 1175 1390 1176
f 1402 1390 1176
f 1402 1176 1390
f 1390 1402 1403
f 1390 1403 1391
f 353 362 352
f 1403 1417 1404
f 1417 1418 1404
f 353 363 362
f 557 556 759
f 557 759 760
f 759 977 760
f 978 760 977
f 1391 1177 1176
f 1390 1391 1176
f 1392 1391 1404
f 1403 1404 1391
f 556 352 362
f 561 556 362
f 561 362 361
f 1419 1405 1418
f 1405 1404 1418
f 587 784 790
f 587 790 586
f 789 586 790
f 585 586 789
f 784 588 785
f 587 588 784
f 583 785 588
f 583 386 576
f 379 387 576
f 379 576 386
f 577 576 387
f 583 582 386
f 385 386 582
f 385 582 581
f 583 588 581
f 583 581 582
f 587 581 588
f 577 387 381
f 577 381 382
f 379 381 387
f 371 372 381
f 372 382 381
f 371 186 373
f 371 373 372
f 181 373 186
f 374 373 181
f 181 186 185
f 181 185 180
f 371 184 185
f 371 185 186
f 184 381 380
f 371 381 184
f 379 380 381
f 374 181 182
f 374 182 364
f 365 364 182
f 365 182 176
f 365 176 358
f 175 358 176
f 175 176 182
f 175 182 174
f 181 174 182
f 1005 790 1006
f 1005 1006 1011
f 791 1008 1006
f 791 1006 790
f 784 791 790
f 1005 789 790
f 1010 1005 1011
f 788 789 1005
f 788 1005 1010
f 1008 785 1000
f 791 785 1008
f 778 786 785
f 786 1000 785
f 778 584 779
f 778 779 786
f 577 779 584
f 775 779 577
f 577 584 576
f 778 583 584
f 583 576 584
f 778 785 583
f 784 785 791
f 775 577 571
f 384 572 571
f 384 374 565
f 384 565 572
f 375 565 374
f 567 565 375
f 384 383 374
f 372 373 374
f 372 374 383
f 372 383 382
f 384 571 382
f 384 382 383
f 577 382 571
f 567 375 365
f 567 365 562
f 563 562 365
f 563 365 366
f 365 359 563
f 365 563 366
f 359 558 563
f 365 358 359
f 374 364 365
f 374 365 375
f 1461 1226 1227
f 1220 1227 1226
f 1220 1226 1227
f 1220 1227 1221
f 1008 1222 1221
f 1008 1007 1006
f 1008 1221 1007
f 1227 1012 1007
f 1227 1007 1221
f 1011 1006 1007
f 1011 1007 1012
f 1011 1012 1226
f 1227 1226 1012
f 1010 1011 1226
f 1010 1226 1225
f 1222 1001 1217
f 1008 1001 1222
f 1213 1217 1001
f 1213 1001 1002
f 1213 1002 997
f 775 993 997
f 775 780 779
f 775 997 780
f 1002 780 997
f 786 779 780
f 786 780 1002
f 786 1002 1001
f 786 1001 1000
f 1008 1000 1001
f 993 772 990
f 775 772 993
f 991 990 772
f 991 772 773
f 991 773 769
f 567 566 565
f 770 769 566
f 770 566 567
f 773 572 566
f 773 566 769
f 572 565 566
f 572 772 571
f 773 772 572
f 775 571 772
f 765 764 761
f 558 559 563
f 761 764 563
f 761 563 559
f 770 567 563
f 770 563 764
f 567 562 563
f 1458 1450 1457
f 1458 1457 1222
f 1458 1222 1223
f 1456 1222 1457
f 1220 1221 1222
f 1220 1222 1456
f 1220 1456 1455
f 1220 1455 1227
f 1461 1227 1455
f 1461 1455 1462
f 1458 1218 1451
f 1458 1451 1450
f 1213 1443 1451
f 1213 1451 1218
f 1444 1451 1443
f 1444 1443 1209
f 1444 1209 1434
f 1213 1214 1209
f 1213 1209 1443
f 1210 1209 1214
f 1210 1434 1209
f 993 1214 997
f 1210 1214 993
f 1213 997 1214
f 1213 1218 1217
f 1458 1223 1217
f 1458 1217 1218
f 1222 1217 1223
f 991 1203 1202
f 1203 1194 1193
f 991 986 1194
f 991 1194 1203
f 987 1195 1194
f 987 1194 986
f 770 987 986
f 770 986 769
f 991 769 986
f 991 1202 990
f 1210 993 990
f 1210 990 1202
f 982 1184 1195
f 982 1195 987
f 765 982 764
f 764 982 988
f 982 987 988
f 770 764 988
f 770 988 987
f 1003 787 788
f 1004 1003 788
f 579 587 586
f 788 782 589
f 585 589 782
f 788 589 789
f 585 789 589
f 379 386 377
f 379 377 378
f 385 377 386
f 579 580 587
f 385 581 580
f 587 580 581
f 180 185 179
f 184 179 185
f 183 179 184
f 177 178 179
f 177 179 183
f 177 183 370
f 379 378 370
f 183 184 370
f 184 380 370
f 379 370 380
f 176 358 175
f 351 359 358
f 358 176 175
f 174 180 173
f 179 173 180
f 174 181 180
f 788 1010 1004
f 1004 1010 1009
f 1004 1009 1003
f 1009 1010 1224
f 1225 1224 1010
f 553 554 559
f 553 559 558
f 553 558 359
f 553 359 351
f 1461 1460 1225
f 1461 1225 1226
f 765 761 979
f 554 757 761
f 554 761 559
f 1455 1461 1462
f 1455 1454 1461
f 1455 1456 1658
f 1657 1455 1658
f 1456 1457 1659
f 1456 1659 1658
f 1450 1651 1659
f 1450 1659 1457
f 1450 1451 1651
f 1444 1443 1451
f 1443 1652 1451
f 1651 1451 1652
f 1444 1434 1443
f 1435 1427 1434
f 1210 1435 1434
f 1210 1202 1429
f 1210 1429 1435
f 1203 1429 1202
f 1418 1429 1203
f 1435 1429 1427
f 1406 1419 1420
f 1194 1420 1419
f 1194 1419 1193
f 1418 1203 1193
f 1418 1193 1419
f 1194 1195 1183
f 1184 1183 1195
f 1194 1183 1420
f 1184 1407 1183
f 1406 1420 1183
f 1406 1183 1407
f 979 1184 982
f 1179 1178 1184
f 1179 1184 979
f 979 982 983
f 765 979 983
f 765 983 982
f 579 586 585
f 585 782 783
f 385 575 377
f 378 377 376
f 575 376 377
f 368 378 376
f 385 580 575
f 172 179 178
f 177 362 178
f 368 370 378
f 177 370 362
f 351 358 350
f 175 349 357
f 349 350 357
f 350 175 357
f 350 358 175
f 172 173 179
f 1009 1224 1003
f 757 554 553
f 350 553 351
f 1225 1459 1224
f 1225 1460 1459
f 761 757 979
f 757 975 979
f 1460 1461 1454
f 1453 1460 1454
f 1454 1657 1656
f 1454 1455 1657
f 1658 1659 1650
f 1651 1650 1659
f 1651 1652 1644
f 1443 1644 1652
f 1651 1644 1643
f 1443 1645 1643
f 1443 1643 1644
f 1443 1434 1645
f 1406 1405 1419
f 1418 1419 1405
f 1407 1184 1178
f 782 788 787
f 579 783 578
f 575 580 574
f 579 578 580
f 370 377 570
f 370 570 368
f 575 570 377
f 575 569 570
f 378 368 570
f 378 570 569
f 378 569 377
f 575 574 569
f 354 172 173
f 174 348 356
f 1454 1656 1453
f 1649 1658 1650
f 1649 1657 1658
f 1638 1645 1639
f 1645 1434 1639
f 1426 1639 1434
f 1426 1434 1427
f 1443 1434 1645
f 1428 1427 1434
f 1443 1645 1643
f 1638 1643 1645
f 1395 1178 1396
f 1178 979 1172
f 975 1172 979
f 378 377 368
f 378 368 369
f 378 369 368
f 370 368 369
f 579 585 783
f 575 377 376
f 368 376 377
f 368 377 369
f 370 369 377
f 362 363 178
f 172 178 363
f 354 172 363
f 368 369 370
f 348 349 356
f 356 349 175
f 356 175 174
f 354 173 172
f 1003 1224 1219
f 756 757 553
f 1459 1452 1219
f 1459 1219 1224
f 1459 1453 1452
f 1459 1460 1453
f 1645 1443 1643
f 1428 1434 1427
f 1645 1434 1443
f 1427 1429 1417
f 1418 1417 1429
f 1428 1427 1417
f 1395 1407 1178
f 1179 979 1178
f 2206 2197 2031
f 2032 2027 2033
f 2027 2193 2194
f 2462 2461 2469
f 2467 2466 2475
f 2343 2353 2475
f 2343 2475 2466
f 2476 2467 2475
f 2343 2197 2206
f 2343 2206 2353
f 2221 2055 2061
f 2055 1889 2061
f 1889 1888 2061
f 2055 2056 1883
f 2055 1883 1889
f 2042 1884 1883
f 2042 1883 2056
f 1884 1889 1883
f 2042 2043 1885
f 2042 1885 1884
f 2044 2058 1885
f 2044 1885 2043
f 1886 1885 2058
f 2044 2208 2059
f 2044 2059 2058
f 2208 2209 2059
f 2222 2059 2209
f 1886 2058 2059
f 2208 2355 2356
f 2208 2356 2209
f 2355 2370 2356
f 2498 2370 2356
f 2498 2356 2370
f 2222 2209 2356
f 2222 2356 2370
f 2355 2480 2496
f 2355 2496 2370
f 2479 2496 2480
f 2498 2370 2496
f 2498 2496 2497
f 2479 2495 2609
f 2479 2609 2496
f 2494 2611 2609
f 2494 2609 2495
f 2496 2609 2611
f 2494 2493 2501
f 2494 2501 2611
f 2493 2500 2501
f 2500 2610 2501
f 2611 2501 2610
f 2493 2369 2373
f 2493 2373 2500
f 2368 2373 2369
f 2500 2373 2377
f 2368 2220 2223
f 2368 2223 2373
f 2221 2061 2223
f 2221 2223 2220
f 2061 2225 2223
f 2377 2373 2223
f 2377 2223 2225
f 2207 2041 2040
f 2221 2055 2041
f 2221 2041 2207
f 2042 2041 2056
f 2033 2032 2041
f 2033 2041 2042
f 2055 2056 2041
f 2033 2042 2043
f 2033 2043 2201
f 2043 2208 2201
f 2208 2355 2347
f 2208 2347 2201
f 2469 2479 2478
f 2347 2479 2469
f 2355 2479 2347
f 2494 2478 2495
f 2477 2469 2478
f 2479 2495 2478
f 2493 2477 2494
f 2494 2477 2478
f 2369 2368 2354
f 2476 2477 2354
f 2493 2369 2354
f 2493 2354 2477
f 2221 2207 2220
f 2354 2368 2220
f 2354 2220 2207
f 2369 2221 2220
f 2369 2220 2368
f 2055 2061 1889
f 2221 2223 2061
f 2221 2061 2055
f 1884 2057 1883
f 1884 1883 1889
f 2042 2056 1883
f 2042 1883 2057
f 2055 1889 1883
f 2055 1883 2056
f 1886 2058 1885
f 2042 2057 2058
f 2042 2058 2043
f 1884 1885 2058
f 1884 2058 2057
f 2222 2208 2058
f 2222 2058 2059
f 2043 2058 2208
f 1886 2059 2058
f 2208 2370 2355
f 2222 2370 2208
f 2479 2496 2495
f 2355 2370 2496
f 2355 2496 2479
f 2498 2497 2496
f 2498 2496 2370
f 2494 2495 2611
f 2496 2611 2495
f 2500 2501 2610
f 2493 2494 2501
f 2493 2501 2500
f 2494 2611 2501
f 2611 2610 2501
f 2493 2500 2373
f 2493 2373 2369
f 2500 2377 2373
f 2061 2223 2225
f 2369 2373 2223
f 2369 2223 2221
f 2377 2225 2223
f 2377 2223 2373
f 2197 2198 2031
f 2032 2033 2027
f 2193 2027 2033
f 2462 2338 2337
f 2193 2338 2194
f 2462 2337 2461
f 2469 2468 2591
f 2591 2468 2467
f 2467 2343 2466
f 2467 2344 2343
f 1889 1893 1888
f 1889 2061 1888
f 1889 1888 1893
f 2222 2370 2371
f 2498 2371 2370
f 2498 2370 2371
f 2222 2371 2370
f 2055 2040 2041
f 2221 2207 2040
f 2221 2040 2055
f 2033 2042 2041
f 2033 2041 2032
f 2042 2056 2041
f 2055 2041 2056
f 2040 2032 2041
f 2034 2042 2033
f 2044 2043 2042
f 2044 2042 2034
f 2044 2034 2201
f 2044 2201 2208
f 2208 2201 2347
f 2208 2347 2355
f 2469 2479 2470
f 2355 2347 2479
f 2355 2479 2480
f 2347 2470 2479
f 2477 2478 2469
f 2494 2495 2478
f 2479 2478 2495
f 2469 2478 2479
f 2494 2478 2477
f 2494 2477 2493
f 2493 2477 2368
f 2493 2368 2369
f 2476 2354 2368
f 2476 2368 2477
f 2221 2220 2207
f 2354 2207 2220
f 2354 2220 2368
f 2041 2031 2040
f 2207 2040 2031
f 2041 2032 2031
f 2194 2193 2201
f 2033 2201 2193
f 2194 2201 2347
f 2194 2347 2338
f 2338 2347 2469
f 2477 2468 2469
f 2476 2467 2477
f 2477 2467 2468
f 2467 2476 2354
f 2353 2354 2207
f 2353 2207 2206
f 2207 2206 2040
f 2206 2031 2040
f 2040 2031 2032
f 2034 2033 2194
f 2034 2194 2201
f 2027 2194 2033
f 2462 2470 2338
f 2347 2338 2470
f 2201 2194 2338
f 2201 2338 2347
f 2347 2470 2469
f 2347 2469 2470
f 2462 2469 2470
f 2477 2469 2591
f 2476 2477 2467
f 2477 2591 2467
f 2353 2476 2475
f 2354 2476 2353
f 2354 2353 2206
f 2354 2206 2207
f 2207 2031 2198
f 2193 2194 2338
f 2337 2469 2461
f 2338 2469 2337
f 2353 2343 2344
f 2353 2344 2354
f 2467 2354 2344
f 2207 2198 2197
f 2207 2197 2206
f 2353 2206 2197
f 2353 2197 2343
f 2502 2375 2503
f 2502 2374 2375
f 2375 2374 2372
f 2371 2372 2374
f 2503 2375 2372
f 2503 2372 2499
f 2498 2502 2503
f 2498 2503 2499
f 2498 2499 2371
f 2499 2372 2371
f 2498 2374 2502
f 2498 2371 2374
f 1893 1725 1726
f 1893 1726 1894
f 1726 1725 1724
f 1726 1724 1889
f 1726 1889 1894
f 1894 1889 1893
f 1725 1893 1892
f 1725 1892 1893
f 1889 1724 1725
f 1889 1725 1893
f 2379 2227 2225
f 2379 2225 2377
f 2227 2379 2378
f 2227 2378 2226
f 2225 2227 2226
f 2379 2377 2376
f 2379 2376 2378
f 2226 2378 2376
f 2226 2376 2224
f 2225 2226 2224
f 2376 2377 2225
f 2224 2376 2225
f 2614 2732 2613
f 2733 2732 2614
f 2613 2612 2614
f 2731 2614 2612
f 2731 2733 2614
f 2613 2611 2612
f 2611 2731 2612
f 2731 2730 2733
f 2611 2730 2731
f 2732 2733 2730
f 2613 2732 2730
f 2613 2730 2611
f 1887 2060 2063
f 1887 2063 1891
f 1891 2063 2062
f 1891 2062 1890
f 2063 2060 2059
f 2063 2059 2062
f 2059 1886 2062
f 1886 1890 2062
f 1890 1886 1891
f 1887 1891 1886
f 2059 2060 1886
f 1887 1886 2060
f 1129 923 1128
f 1124 1129 1128
f 1124 1332 1334
f 1124 1334 1129
f 1336 1334 1568
f 1332 1565 1568
f 1332 1568 1334
f 1565 1745 1751
f 1565 1751 1568
f 1575 1568 1751
f 1336 1568 1575
f 1575 1751 1760
f 1923 1760 1751
f 1923 1932 1760
f 2113 1932 2105
f 1932 1923 2105
f 2095 2105 1923
f 929 715 928
f 723 722 715
f 723 715 929
f 715 923 928
f 1129 929 928
f 1129 928 923
f 1129 1132 929
f 723 929 935
f 935 929 1135
f 1132 1135 929
f 1336 1135 1132
f 1129 1334 1336
f 1129 1336 1132
f 1575 1340 1336
f 1336 1340 1135
f 1575 1584 1340
f 1770 1584 1575
f 1770 1575 1760
f 1932 1937 1770
f 1760 1932 1770
f 1594 1584 1770
f 1594 1770 1776
f 1776 1770 1945
f 1937 1945 1770
f 2113 1937 1932
f 2113 2122 1945
f 1937 2113 1945
f 526 722 533
f 723 730 533
f 723 533 722
f 729 533 730
f 943 723 935
f 943 730 723
f 1143 943 935
f 1143 935 1135
f 1340 1347 1143
f 1135 1340 1143
f 1347 1151 1143
f 951 943 1143
f 951 1143 1151
f 1347 1359 1151
f 1594 1359 1347
f 1340 1584 1347
f 1594 1347 1584
f 1602 1594 1776
f 1594 1602 1359
f 1602 1776 1783
f 1783 1776 1945
f 1783 1945 1955
f 538 533 730
f 538 730 736
f 729 730 533
f 736 538 735
f 538 736 735
f 951 744 736
f 730 943 951
f 730 951 736
f 960 951 1151
f 951 960 744
f 960 1151 1157
f 1157 1151 1359
f 1157 1359 1370
f 1370 1359 1611
f 1602 1611 1359
f 1783 1611 1602
f 1783 1793 1611
f 1123 1128 923
f 1124 1128 1123
f 1124 1123 1332
f 1331 1332 1123
f 1565 1332 1331
f 1751 1745 1923
f 1745 1914 1923
f 2254 2264 2113
f 2254 2113 2105
f 715 705 923
f 715 722 526
f 715 526 517
f 1945 2122 1955
f 2122 1954 1955
f 736 743 538
f 543 538 743
f 736 744 743
f 543 743 744
f 543 744 743
f 959 743 960
f 744 960 743
f 1370 1162 1157
f 1793 1792 1610
f 1793 1610 1611
f 1610 1370 1611
f 1955 1793 1783
f 1955 1954 1792
f 1955 1792 1793
f 1123 923 1128
f 1331 1123 1128
f 1565 1331 1564
f 1745 1923 1914
f 2253 2263 2264
f 2253 2264 2254
f 2112 2113 2264
f 2112 2264 2263
f 2253 2254 2104
f 2105 2104 2254
f 2253 2104 2112
f 2253 2112 2263
f 715 923 705
f 2113 2112 2121
f 2113 2121 2122
f 715 517 526
f 532 526 533
f 532 525 526
f 715 526 525
f 2122 2121 1954
f 2121 1944 1954
f 538 532 533
f 743 538 543
f 1157 1156 959
f 1157 959 960
f 1370 1157 1162
f 1369 1156 1157
f 1369 1157 1370
f 1610 1369 1370
f 1954 1782 1792
f 4876 4965 4971
f 4965 4970 4971
f 5043 4970 4971
f 5043 4971 4970
f 4971 4976 4972
f 4977 4883 4972
f 4977 4972 4976
f 4971 4972 4883
f 4876 4971 4883
f 4876 4883 4877
f 4788 4878 4884
f 4877 4883 4884
f 4877 4884 4878
f 4977 4888 4883
f 4888 4884 4883
f 4888 4889 4884
f 4788 4889 4793
f 4884 4889 4788
f 4788 4789 4701
f 4704 4701 4789
f 4704 4789 4793
f 4704 4793 4794
f 4788 4793 4789
f 4609 4704 4612
f 4612 4704 4706
f 5117 5122 5047
f 5117 5047 5118
f 5043 5047 5048
f 5042 5047 5043
f 4971 4970 5048
f 4971 5048 4976
f 5043 5048 4970
f 5122 5054 5048
f 5122 5048 5047
f 5054 5055 5048
f 4976 5055 4981
f 5048 5055 4976
f 4892 4888 4977
f 4892 4977 4981
f 4892 4981 4982
f 4976 4981 4977
f 4892 4889 4888
f 4893 4889 4892
f 4794 4793 4797
f 4793 4889 4797
f 4893 4797 4889
f 4893 4892 4797
f 4896 4897 4797
f 4896 4797 4892
f 4801 4797 4897
f 4706 4797 4801
f 4706 4801 4708
f 4706 4798 4797
f 4706 4704 4798
f 4794 4797 4798
f 4794 4798 4704
f 4706 4708 4709
f 5122 5121 5125
f 5122 5125 5126
f 5117 5121 5122
f 5127 5054 5122
f 5127 5122 5126
f 5126 5127 5058
f 5126 5058 5127
f 5063 5058 5127
f 5127 5058 5054
f 5058 5055 5054
f 4982 4981 4985
f 5055 4985 4981
f 5058 5059 4985
f 5058 4985 5055
f 4985 5059 5064
f 5063 5059 5058
f 5064 5059 5063
f 4986 4985 4990
f 4986 4990 4991
f 4985 5064 4990
f 4896 4892 4986
f 4982 4985 4986
f 4982 4986 4892
f 4801 4897 4896
f 4901 4801 4896
f 4986 4991 4901
f 4986 4901 4896
f 4990 4991 4901
f 4990 4901 4991
f 4901 4804 4801
f 4804 4708 4801
f 4713 4708 4804
f 4901 4803 4804
f 5126 5125 5131
f 5130 5131 5125
f 5063 5131 5136
f 5063 5132 5131
f 5063 5127 5132
f 5126 5131 5132
f 5126 5132 5127
f 5063 5136 5069
f 5136 5068 5069
f 4997 5070 5069
f 5069 5070 5064
f 5069 5064 5063
f 4997 4990 5064
f 4997 5064 5070
f 4901 4991 4990
f 4997 4901 4990
f 4997 4905 4906
f 4997 4906 4901
f 4804 4803 4809
f 4901 4906 4809
f 4901 4809 4803
f 5042 4970 4969
f 5043 4970 5042
f 4965 4964 4970
f 4965 4876 4964
f 4788 4784 4878
f 4877 4878 4784
f 4783 4877 4784
f 4700 4788 4701
f 4700 4784 4788
f 4607 4704 4609
f 4607 4701 4704
f 5046 5047 5042
f 5047 5117 5118
f 5046 5117 5047
f 4612 4706 4709
f 4612 4709 4616
f 4708 4616 4709
f 5124 5125 5121
f 5124 5121 5120
f 5129 5130 5124
f 5130 5125 5124
f 5131 5130 5135
f 5131 5135 5136
f 5069 4996 4997
f 4997 4996 5001
f 4997 5001 5002
f 5069 5074 5001
f 5069 5001 4996
f 5001 5074 5069
f 4997 5002 4905
f 4712 4713 4809
f 4804 4809 4713
f 4969 4970 4964
f 4969 4964 4970
f 4700 4788 4784
f 4607 4609 4701
f 5046 5042 5041
f 4708 4615 4616
f 4612 4616 4615
f 4612 4615 4611
f 5046 5121 5117
f 5136 5135 5068
f 5001 5069 4996
f 4997 5001 4996
f 5002 5001 4997
f 5002 4997 4905
f 4905 4808 4906
f 4809 4906 4808
f 4996 4905 4997
f 4115 3953 4113
f 3804 3951 3953
f 4113 3953 3951
f 3801 3802 3803
f 3801 3803 3802
f 3804 3803 3802
f 3794 3947 3802
f 3948 3949 3802
f 3948 3802 3947
f 3804 3802 3949
f 3801 3794 3802
f 3948 4110 3951
f 3948 3951 3949
f 4111 4113 3951
f 4111 3951 4110
f 3804 3949 3951
f 4256 4254 4379
f 4104 4097 4254
f 4252 4376 4254
f 4252 4254 4097
f 4377 4379 4254
f 4377 4254 4376
f 4104 4096 4097
f 4089 4090 4096
f 4252 4097 4096
f 4252 4096 4090
f 4238 4239 4243
f 4238 4243 4089
f 4368 4244 4243
f 4368 4243 4239
f 4252 4090 4243
f 4252 4243 4244
f 4089 4243 4090
f 4368 4369 4374
f 4368 4374 4244
f 4580 4491 4374
f 4580 4374 4369
f 4377 4376 4374
f 4377 4374 4491
f 4252 4244 4374
f 4252 4374 4376
f 4350 4344 4468
f 4350 4468 4474
f 4568 4570 4468
f 4570 4474 4468
f 4344 4459 4460
f 4344 4460 4468
f 4459 4567 4460
f 4656 4568 4460
f 4656 4460 4567
f 4568 4468 4460
f 4839 4841 4749
f 4839 4749 4747
f 4841 4657 4749
f 4568 4749 4657
f 4656 4747 4749
f 4656 4749 4568
f 4841 4750 4659
f 4841 4659 4657
f 4752 4659 4750
f 4568 4657 4659
f 4568 4659 4570
f 4594 4505 4503
f 4594 4503 4592
f 4388 4503 4505
f 4115 4113 4263
f 4113 4261 4263
f 4388 4263 4261
f 4111 4261 4113
f 4385 4386 4261
f 4388 4261 4386
f 4385 4499 4500
f 4385 4500 4386
f 4589 4500 4499
f 4592 4503 4500
f 4592 4500 4589
f 4388 4386 4500
f 4388 4500 4503
f 4496 4584 4677
f 4675 4762 4677
f 4675 4677 4584
f 4856 4764 4677
f 4856 4677 4762
f 4496 4381 4493
f 4496 4493 4584
f 4256 4379 4493
f 4256 4493 4381
f 4377 4582 4493
f 4377 4493 4379
f 4675 4584 4493
f 4675 4493 4582
f 4580 4671 4582
f 4580 4582 4491
f 4760 4673 4582
f 4760 4582 4671
f 4675 4582 4673
f 4377 4491 4582
f 4760 4853 4854
f 4760 4854 4673
f 4943 4945 4854
f 4943 4854 4853
f 4856 4762 4854
f 4856 4854 4945
f 4675 4673 4854
f 4675 4854 4762
f 4752 4750 4842
f 4752 4842 4844
f 4841 4930 4842
f 4841 4842 4750
f 5007 4933 4842
f 5007 4842 4930
f 4933 4844 4842
f 4839 4927 4930
f 4839 4930 4841
f 5079 5007 4930
f 5079 4930 4927
f 5142 5144 5080
f 5144 5083 5080
f 5007 5080 5083
f 5079 5080 5007
f 5144 5084 5010
f 5144 5010 5083
f 5087 5010 5084
f 5007 5083 5010
f 5007 5010 4933
f 4870 4867 4958
f 4774 4867 4870
f 4866 4958 4867
f 4866 4867 4774
f 5037 4958 4867
f 5037 4867 4958
f 4594 4592 4686
f 4592 4683 4686
f 4866 4774 4686
f 4866 4686 4683
f 4589 4683 4771
f 4768 4866 4771
f 4768 4771 4683
f 4866 4683 4771
f 4592 4589 4771
f 4592 4771 4683
f 4768 4862 4954
f 4768 4954 4866
f 4952 5031 4954
f 4952 4954 4862
f 5031 4955 4954
f 4866 4954 4955
f 5167 5113 5034
f 5167 5034 5111
f 5037 4958 5034
f 5037 5034 5113
f 4866 4955 5034
f 4866 5034 4958
f 5031 5111 5034
f 5031 5034 4955
f 5031 5110 5167
f 5031 5167 5111
f 5164 5167 5110
f 5199 5167 5164
f 4952 5030 5110
f 4952 5110 5031
f 5107 5108 5110
f 5107 5110 5030
f 5164 5110 5108
f 5160 5163 5105
f 5196 5164 5163
f 5196 5163 5160
f 5164 5108 5163
f 5107 5105 5163
f 5107 5163 5108
f 5196 5199 5164
f 5230 5200 5199
f 5230 5199 5196
f 5189 5186 5216
f 5189 5216 5220
f 5183 5184 5216
f 5183 5216 5186
f 5189 5186 5152
f 5189 5152 5186
f 5149 5150 5152
f 5183 5186 5152
f 5183 5152 5150
f 5087 5084 5147
f 5087 5147 5088
f 5144 5147 5084
f 5183 5150 5147
f 5149 5088 5147
f 5149 5147 5150
f 5144 5177 5147
f 5142 5177 5144
f 5183 5147 5177
f 5183 5177 5180
f 5216 5184 5214
f 5183 5180 5214
f 5183 5214 5184
f 5180 5211 5214
f 4234 4360 4239
f 4234 4239 4238
f 4360 4368 4239
f 4234 4359 4360
f 4354 4359 4234
f 4482 4486 4359
f 4482 4359 4354
f 4360 4359 4486
f 4667 4487 4575
f 4667 4575 4665
f 4360 4486 4575
f 4360 4575 4487
f 4482 4575 4486
f 4667 4578 4489
f 4667 4489 4487
f 4580 4369 4489
f 4580 4489 4578
f 4368 4489 4369
f 4360 4487 4489
f 4360 4489 4368
f 4580 4578 4669
f 4580 4669 4671
f 4667 4757 4669
f 4667 4669 4578
f 4850 4759 4669
f 4850 4669 4757
f 4760 4671 4669
f 4760 4669 4759
f 4667 4665 4756
f 4667 4756 4757
f 4848 4850 4756
f 4850 4757 4756
f 5016 5017 4940
f 5016 4940 4938
f 5019 4942 4940
f 5019 4940 5017
f 4850 4940 4942
f 4848 4938 4940
f 4848 4940 4850
f 5019 5021 4942
f 4943 4853 4942
f 4943 4942 5021
f 4760 4759 4942
f 4760 4942 4853
f 4850 4942 4759
f 5152 5186 5189
f 5152 5189 5154
f 5193 5157 5189
f 5193 5189 5190
f 5157 5154 5189
f 5189 5220 5223
f 5189 5223 5190
f 5227 5193 5223
f 5193 5190 5223
f 5230 5196 5227
f 5227 5196 5193
f 5196 5160 5157
f 5193 5196 5157
f 3794 3942 3943
f 3794 3943 3947
f 4107 3948 3943
f 3948 3947 3943
f 3942 3935 3943
f 3935 4096 3943
f 4104 4105 3943
f 4104 3943 4096
f 4107 3943 4105
f 4256 4108 4254
f 4258 4108 4256
f 4107 4105 4108
f 4104 4254 4108
f 4104 4108 4105
f 4111 4110 4108
f 4111 4108 4258
f 3948 4108 4110
f 4107 4108 3948
f 4111 4258 4259
f 4111 4259 4261
f 4258 4383 4259
f 4497 4385 4259
f 4497 4259 4383
f 4385 4261 4259
f 4258 4256 4381
f 4258 4381 4383
f 4496 4497 4381
f 4497 4383 4381
f 4764 4679 4586
f 4764 4586 4677
f 4679 4587 4586
f 4497 4586 4587
f 4496 4677 4586
f 4496 4586 4497
f 4679 4589 4499
f 4679 4499 4587
f 4497 4587 4499
f 4497 4499 4385
f 4589 4680 4683
f 4679 4767 4680
f 4679 4680 4589
f 4768 4680 4767
f 4768 4683 4680
f 4764 4765 4767
f 4764 4767 4679
f 4859 4861 4767
f 4859 4767 4765
f 4768 4767 4861
f 4952 4862 4861
f 4952 4861 4951
f 4768 4861 4862
f 4859 4951 4861
f 4859 4951 4952
f 4859 4952 4951
f 4949 5026 4952
f 4949 4952 4951
f 5107 5030 4952
f 5107 4952 5026
f 4859 4765 4858
f 4859 4858 4951
f 4764 4858 4765
f 4856 4948 4858
f 4856 4858 4764
f 4949 4951 4858
f 4949 4858 4948
f 4943 5022 4946
f 4943 4946 4945
f 5103 5024 4946
f 5103 4946 5022
f 4949 4948 4946
f 4949 4946 5024
f 4856 4945 4946
f 4856 4946 4948
f 5103 5104 5024
f 5160 5105 5104
f 5107 5026 5104
f 5107 5104 5105
f 4949 5024 5104
f 4949 5104 5026
f 5160 5104 5101
f 5160 5101 5157
f 5103 5100 5101
f 5103 5101 5104
f 5098 5154 5101
f 5098 5101 5100
f 5157 5101 5154
f 5103 5022 5100
f 4943 5021 5022
f 5019 5097 5022
f 5019 5022 5021
f 5098 5100 5022
f 5098 5022 5097
f 5016 5094 5017
f 5098 5097 5094
f 5098 5094 5095
f 5019 5017 5094
f 5019 5094 5097
f 5095 5152 5154
f 5098 5095 5154
f 5095 5091 5149
f 5095 5149 5152
f 5095 5094 5090
f 5095 5090 5091
f 5016 5090 5094
f 5013 5090 5016
f 5149 5091 5087
f 5149 5087 5088
f 5091 5090 5087
f 5013 5087 5090
f 5087 5012 5010
f 5013 5012 5087
f 4936 4933 5012
f 4933 5010 5012
f 5013 5016 5015
f 5013 5015 5012
f 5016 4938 5015
f 4848 4935 5015
f 4848 5015 4938
f 4936 5012 5015
f 4936 5015 4935
f 4665 4663 4846
f 4665 4846 4756
f 4754 4846 4663
f 4936 4935 4846
f 4848 4756 4846
f 4848 4846 4935
f 4754 4752 4844
f 4754 4844 4846
f 4936 4846 4844
f 4936 4844 4933
f 4754 4662 4659
f 4754 4659 4752
f 4476 4572 4659
f 4476 4659 4662
f 4570 4659 4572
f 4754 4663 4573
f 4754 4573 4662
f 4665 4575 4573
f 4665 4573 4663
f 4482 4475 4573
f 4482 4573 4575
f 4476 4662 4573
f 4476 4573 4475
f 4476 4475 4354
f 4476 4354 4474
f 4482 4354 4475
f 4354 4350 4474
f 4570 4572 4474
f 4476 4474 4572
f 3802 3803 3659
f 3804 3805 3803
f 3804 3953 3805
f 4115 3955 3953
f 4115 3954 3955
f 3805 3953 3954
f 3955 3954 3953
f 3659 3658 3803
f 3659 3803 3658
f 3801 3651 3794
f 3651 3793 3794
f 3801 3802 3658
f 3801 3658 3651
f 3802 3659 3658
f 4839 4747 4926
f 4656 4654 4747
f 4656 4567 4654
f 4458 4566 4567
f 4458 4567 4459
f 4654 4567 4566
f 4926 4747 4838
f 4654 4838 4747
f 4354 4228 4349
f 4354 4349 4350
f 4228 4224 4349
f 4354 4233 4228
f 4115 4263 4116
f 4115 4116 3955
f 4388 4390 4116
f 4388 4116 4263
f 4390 4118 4116
f 3955 4116 4118
f 4388 4505 4390
f 4390 4264 4118
f 4115 3955 4118
f 4115 4118 4264
f 5142 5080 5141
f 5079 5077 5141
f 5079 5141 5080
f 5174 5142 5141
f 5079 4927 5005
f 5079 5005 5077
f 4839 4926 5005
f 4839 5005 4927
f 5138 5077 5005
f 5138 5139 5077
f 5174 5141 5139
f 5077 5139 5141
f 4594 4686 4688
f 4774 4776 4688
f 4774 4688 4686
f 4774 4870 4776
f 4776 4870 4871
f 4870 4961 4871
f 5037 5038 4958
f 5038 4961 4958
f 4870 4958 4961
f 5037 5113 5038
f 5167 5169 5113
f 5038 5113 5169
f 5038 5169 5116
f 4870 4961 5039
f 4870 5039 4961
f 5038 5116 5039
f 5038 5039 4961
f 5227 5223 5224
f 5220 5223 5224
f 5220 5224 5223
f 5250 5224 5223
f 5253 5227 5224
f 5253 5224 5250
f 5230 5227 5253
f 5216 5217 5220
f 5244 5247 5220
f 5244 5220 5217
f 5250 5223 5220
f 5250 5220 5247
f 5216 5214 5217
f 5211 5240 5214
f 5244 5217 5214
f 5244 5214 5240
f 5238 5240 5241
f 5244 5241 5240
f 5244 5240 5241
f 5211 5238 5241
f 5211 5241 5240
f 5180 5208 5211
f 5180 5177 5208
f 5174 5175 5177
f 5174 5177 5142
f 5208 5177 5175
f 5208 5175 5206
f 5174 5206 5175
f 5208 5235 5209
f 5238 5209 5235
f 5211 5209 5238
f 5208 5209 5211
f 5167 5203 5169
f 5199 5203 5167
f 5199 5200 5230
f 5199 5230 5203
f 5203 5230 5232
f 5204 5169 5203
f 3942 3793 3935
f 3794 3793 3942
f 3935 3793 3788
f 3935 3934 3788
f 3935 3788 3934
f 4344 4343 4459
f 4458 4459 4343
f 4350 4349 4343
f 4350 4343 4344
f 4224 4343 4349
f 4343 4219 4224
f 4343 4224 4219
f 3651 3658 3794
f 3651 3794 3793
f 4459 4566 4458
f 4228 4353 4349
f 4228 4349 4224
f 4926 5076 5005
f 5138 5005 5076
f 5174 5139 5171
f 5138 5171 5139
f 4594 4688 4687
f 4776 4687 4688
f 5116 5169 5115
f 5116 5115 5039
f 5252 5253 5249
f 5253 5250 5249
f 5255 5253 5230
f 5255 5230 5253
f 5250 5247 5249
f 5238 5235 5234
f 5208 5234 5235
f 5231 5230 5229
f 5232 5230 5231
f 5232 5231 5202
f 5204 5203 5202
f 5232 5202 5203
f 3793 3942 3788
f 3935 3788 3942
f 3929 3934 3935
f 3929 3935 4089
f 4343 4224 4349
f 4459 4458 4343
f 1540 1536 1534
f 1535 1532 1534
f 1535 1534 1536
f 1292 1531 1534
f 1292 1534 1532
f 1292 1287 1530
f 1292 1530 1531
f 1286 1530 1287
f 1529 1530 1286
f 1073 1282 1287
f 1286 1287 1282
f 1292 1288 1287
f 1292 1532 1293
f 1292 1293 1288
f 1535 1297 1293
f 1535 1293 1532
f 1294 1293 1297
f 1081 865 864
f 1081 864 1076
f 857 856 864
f 857 864 865
f 855 864 856
f 863 1076 864
f 863 864 855
f 863 855 854
f 855 643 854
f 642 654 854
f 642 854 643
f 853 854 654
f 633 642 643
f 633 643 634
f 855 644 643
f 635 634 643
f 635 643 644
f 635 644 645
f 635 645 637
f 855 856 645
f 855 645 644
f 857 646 645
f 857 645 856
f 646 637 645
f 232 219 218
f 209 219 220
f 218 219 208
f 218 208 206
f 209 208 219
f 87 208 209
f 207 206 208
f 75 73 88
f 75 88 89
f 87 209 88
f 87 88 73
f 209 210 88
f 211 89 88
f 211 88 210
f 209 220 210
f 220 222 210
f 223 211 210
f 223 210 222
f 1311 1306 1305
f 1311 1305 1310
f 1304 1542 1305
f 1542 1310 1305
f 1304 1537 1541
f 1304 1541 1542
f 1535 1536 1541
f 1535 1541 1537
f 1540 1541 1536
f 1294 1297 1298
f 1535 1537 1298
f 1535 1298 1297
f 1304 1299 1298
f 1304 1298 1537
f 1299 1300 1093
f 1304 1305 1300
f 1304 1300 1299
f 1306 1094 1300
f 1306 1300 1305
f 1094 1093 1300
f 875 670 669
f 875 669 874
f 665 664 669
f 665 669 670
f 663 867 669
f 663 669 664
f 873 874 669
f 873 669 867
f 873 867 866
f 873 866 872
f 663 658 866
f 663 866 867
f 857 865 866
f 857 866 658
f 1081 872 866
f 1081 866 865
f 646 659 461
f 857 658 659
f 857 659 646
f 663 660 659
f 663 659 658
f 462 461 659
f 462 659 660
f 462 660 471
f 462 471 463
f 663 664 471
f 663 471 660
f 665 472 471
f 665 471 664
f 464 463 471
f 464 471 472
f 223 224 212
f 223 212 211
f 225 212 224
f 91 213 212
f 91 212 225
f 211 212 213
f 211 213 90
f 211 90 89
f 91 92 90
f 91 90 213
f 92 77 90
f 75 89 90
f 75 90 77
f 95 94 93
f 95 93 109
f 92 93 94
f 91 107 93
f 91 93 92
f 108 109 93
f 108 93 107
f 108 107 227
f 108 227 228
f 91 225 227
f 91 227 107
f 225 226 227
f 243 228 227
f 243 227 226
f 896 891 890
f 896 890 1103
f 889 1103 890
f 889 890 891
f 1103 1102 1101
f 889 1096 1102
f 889 1102 1103
f 1306 1102 1096
f 1311 1101 1102
f 1311 1102 1306
f 1094 1096 1095
f 1306 1096 1094
f 882 1095 1096
f 882 1096 889
f 882 889 884
f 882 884 883
f 889 885 884
f 675 674 884
f 675 884 885
f 673 883 884
f 673 884 674
f 676 675 680
f 675 885 680
f 889 891 680
f 889 680 885
f 676 495 494
f 676 494 675
f 487 494 495
f 486 675 494
f 486 494 487
f 486 485 675
f 484 674 675
f 484 675 485
f 673 674 675
f 673 675 674
f 484 485 477
f 484 477 476
f 486 477 485
f 478 477 486
f 478 486 487
f 325 478 487
f 325 487 488
f 301 282 281
f 301 281 300
f 143 137 281
f 143 281 282
f 262 280 281
f 262 281 137
f 300 281 280
f 300 280 279
f 300 279 280
f 262 261 279
f 262 279 280
f 260 279 261
f 243 244 228
f 260 261 244
f 262 123 244
f 262 244 261
f 108 228 244
f 108 244 123
f 108 123 110
f 108 110 109
f 262 124 110
f 262 110 123
f 111 110 124
f 95 109 110
f 125 124 136
f 125 136 137
f 111 124 136
f 111 136 124
f 262 137 136
f 262 136 124
f 143 137 136
f 143 136 137
f 633 634 444
f 633 444 443
f 635 445 444
f 635 444 634
f 436 435 444
f 436 444 445
f 434 443 444
f 434 444 435
f 436 430 435
f 252 429 435
f 252 435 430
f 428 434 435
f 428 435 429
f 254 253 431
f 252 430 431
f 252 431 253
f 436 437 431
f 436 431 430
f 438 254 431
f 438 431 437
f 438 437 446
f 438 446 447
f 436 445 446
f 436 446 437
f 635 637 446
f 635 446 445
f 646 447 446
f 646 446 637
f 646 461 448
f 646 448 447
f 462 449 448
f 462 448 461
f 274 439 448
f 274 448 449
f 438 447 448
f 438 448 439
f 438 439 255
f 438 255 254
f 274 256 255
f 274 255 439
f 258 257 275
f 258 275 276
f 256 275 257
f 274 275 256
f 295 276 275
f 295 275 294
f 295 294 308
f 274 449 294
f 274 294 275
f 462 463 294
f 462 294 449
f 464 308 294
f 464 294 463
f 279 298 299
f 279 299 280
f 311 312 299
f 311 299 298
f 313 300 299
f 313 299 312
f 300 280 299
f 317 314 313
f 317 313 314
f 301 300 313
f 301 313 314
f 325 317 478
f 313 478 317
f 313 317 314
f 478 467 477
f 313 312 467
f 313 467 478
f 311 466 467
f 311 467 312
f 476 477 467
f 476 467 466
f 1073 1287 1074
f 1288 1079 1074
f 1288 1074 1287
f 1075 1074 1079
f 1073 1074 862
f 1073 862 853
f 1075 862 1074
f 863 854 862
f 863 862 1075
f 853 862 854
f 1081 1076 1080
f 863 1075 1080
f 863 1080 1076
f 1081 1080 1289
f 1081 1289 1294
f 1075 1079 1289
f 1075 1289 1080
f 1288 1293 1289
f 1288 1289 1079
f 1294 1289 1293
f 1294 1298 1295
f 1299 1088 1295
f 1299 1295 1298
f 1088 1087 1295
f 1081 1294 1295
f 1081 1295 1087
f 1081 1087 1082
f 1088 1082 1087
f 873 872 1082
f 873 1082 1088
f 1081 1082 872
f 875 874 879
f 875 879 880
f 873 1088 879
f 873 879 874
f 1088 1089 879
f 880 879 1089
f 880 1089 1093
f 880 1093 1094
f 1088 1093 1089
f 1299 1093 1088
f 1094 1095 881
f 882 881 1095
f 880 1094 881
f 671 670 881
f 671 881 882
f 875 880 881
f 875 881 670
f 673 672 883
f 671 882 883
f 671 883 672
f 881 882 883
f 881 883 882
f 484 483 673
f 484 673 674
f 482 672 673
f 482 673 483
f 671 672 673
f 671 673 672
f 482 481 671
f 482 671 672
f 665 670 671
f 665 671 481
f 875 670 671
f 875 671 670
f 464 472 473
f 464 473 465
f 665 481 473
f 665 473 472
f 482 474 473
f 482 473 481
f 474 465 473
f 482 483 475
f 482 475 474
f 484 476 475
f 484 475 483
f 476 466 310
f 476 310 475
f 311 297 310
f 311 310 466
f 474 475 310
f 474 310 309
f 474 309 465
f 297 296 309
f 297 309 310
f 295 308 309
f 295 309 296
f 464 465 309
f 464 309 308
f 258 276 277
f 295 296 277
f 295 277 276
f 297 278 277
f 297 277 296
f 311 298 297
f 279 278 297
f 279 297 298
f 279 260 278
f 278 260 259
f 278 259 277
f 242 258 259
f 258 277 259
f 242 259 243
f 259 260 243
f 260 244 243
f 243 226 241
f 243 241 242
f 225 241 226
f 240 241 225
f 242 241 258
f 256 257 241
f 256 241 240
f 258 241 257
f 254 255 238
f 254 238 237
f 256 240 238
f 256 238 255
f 240 239 238
f 237 238 239
f 237 239 224
f 237 224 223
f 240 225 224
f 240 224 239
f 223 222 221
f 220 235 221
f 220 221 222
f 234 236 221
f 234 221 235
f 237 223 221
f 237 221 236
f 252 253 236
f 252 236 234
f 254 237 236
f 254 236 253
f 428 429 251
f 428 251 250
f 252 234 251
f 252 251 429
f 234 233 251
f 250 251 233
f 250 233 232
f 234 235 233
f 220 219 233
f 220 233 235
f 232 233 219
f 1531 1530 1533
f 1531 1533 1534
f 1540 1534 1538
f 1533 1538 1534
f 1072 1281 1282
f 1072 1282 1073
f 1281 1286 1282
f 75 76 74
f 75 74 73
f 87 73 74
f 87 74 72
f 87 72 208
f 207 208 206
f 206 208 86
f 72 86 208
f 250 232 231
f 250 231 249
f 428 250 249
f 428 249 433
f 1540 1545 1541
f 1546 1541 1545
f 1542 1541 1546
f 1542 1546 1310
f 1546 1547 1310
f 1546 1545 1547
f 92 94 79
f 92 79 78
f 92 78 77
f 75 77 78
f 75 78 76
f 76 78 5
f 79 7 5
f 79 5 78
f 79 94 8
f 79 8 7
f 95 15 8
f 95 8 94
f 1311 1312 1101
f 1107 1102 1312
f 1103 1101 1312
f 1103 1312 1102
f 1107 1103 1102
f 896 1103 1108
f 1107 1108 1103
f 891 690 681
f 891 681 680
f 504 495 681
f 676 680 681
f 676 681 495
f 504 681 503
f 690 503 681
f 690 891 897
f 896 897 891
f 325 318 317
f 326 318 325
f 317 318 315
f 317 315 314
f 158 301 315
f 301 314 315
f 318 158 315
f 301 148 282
f 158 148 301
f 143 282 148
f 143 148 144
f 143 144 138
f 143 138 137
f 125 137 138
f 126 125 138
f 144 148 149
f 158 149 148
f 111 124 125
f 111 96 110
f 95 110 96
f 95 96 16
f 95 16 15
f 111 28 16
f 111 16 96
f 28 112 29
f 111 125 112
f 111 112 28
f 126 29 112
f 126 112 125
f 504 496 495
f 496 488 495
f 487 495 488
f 487 488 325
f 487 325 488
f 496 325 488
f 496 334 326
f 496 326 325
f 852 1062 1073
f 852 1073 853
f 1072 1073 1062
f 207 206 218
f 207 218 206
f 206 217 218
f 232 218 217
f 232 217 231
f 1282 1286 1281
f 1073 1282 1281
f 1073 1281 1072
f 85 206 86
f 76 3 74
f 433 249 427
f 1309 1310 1547
f 1309 1547 1545
f 76 5 3
f 15 8 16
f 15 16 8
f 1107 900 1108
f 896 1108 900
f 1107 1312 1106
f 1311 1106 1312
f 690 897 693
f 896 693 897
f 318 167 158
f 325 167 326
f 326 167 318
f 126 138 40
f 144 50 138
f 40 138 50
f 40 50 39
f 158 148 149
f 144 149 148
f 15 16 17
f 15 17 16
f 28 17 16
f 28 16 17
f 15 16 17
f 15 17 16
f 40 39 29
f 126 40 29
f 334 325 326
f 504 333 334
f 504 334 496
f 1072 1062 1063
f 852 853 1063
f 852 1063 1062
f 1073 1072 1063
f 853 1073 1063
f 85 218 206
f 206 218 217
f 4238 4089 4084
f 4083 4084 4089
f 3935 3934 4089
f 3935 4089 4096
f 4083 4088 4089
f 4083 4089 4088
f 4354 4234 4233
f 4234 4238 4237
f 4234 4237 4233
f 4238 4084 4237
f 4083 4237 4084
f 4233 4237 4083
f 4115 4114 3952
f 4115 3952 3954
f 3950 3803 3952
f 3805 3954 3952
f 3805 3952 3803
f 4114 4112 4110
f 4114 4110 3952
f 4260 4109 4110
f 4260 4110 4112
f 3947 3950 4110
f 3947 4110 4109
f 3950 3952 4110
f 3793 3801 3947
f 3947 3801 3950
f 3950 3801 3803
f 4380 4378 4253
f 4380 4253 4255
f 4492 4375 4253
f 4492 4253 4378
f 4251 4253 4375
f 4104 4255 4253
f 4104 4253 4251
f 4492 4581 4375
f 4579 4490 4375
f 4579 4375 4581
f 4373 4375 4490
f 4251 4375 4373
f 4238 4089 4242
f 4089 4250 4242
f 4251 4373 4242
f 4251 4242 4250
f 4373 4238 4242
f 4089 4095 4096
f 4089 4096 4250
f 4104 4251 4096
f 4251 4250 4096
f 4349 4468 4569
f 4349 4569 4467
f 4658 4569 4468
f 4655 4569 4658
f 4658 4751 4748
f 4931 4928 4748
f 4931 4748 4751
f 4929 4840 4748
f 4929 4748 4928
f 4655 4658 4748
f 4655 4748 4840
f 4925 4838 4837
f 4653 4655 4837
f 4653 4837 4838
f 4655 4840 4837
f 4929 4925 4837
f 4929 4837 4840
f 4653 4566 4655
f 4459 4458 4566
f 4467 4569 4566
f 4467 4566 4458
f 4655 4566 4569
f 4685 4502 4504
f 4685 4504 4593
f 4387 4389 4504
f 4387 4504 4502
f 4390 4504 4389
f 4685 4684 4591
f 4685 4591 4502
f 4684 4590 4591
f 4501 4387 4591
f 4501 4591 4590
f 4387 4502 4591
f 4260 4112 4262
f 4260 4262 4384
f 4114 4262 4112
f 4501 4384 4262
f 4501 4262 4387
f 4115 4264 4262
f 4115 4262 4114
f 4390 4389 4262
f 4390 4262 4264
f 4387 4262 4389
f 4766 4857 4763
f 4766 4763 4678
f 4950 4857 4763
f 4950 4763 4857
f 4674 4676 4763
f 4674 4763 4857
f 4585 4678 4763
f 4585 4763 4676
f 4950 4947 4855
f 4950 4855 4857
f 5023 4944 4855
f 5023 4855 4947
f 4852 4761 4855
f 4852 4855 4944
f 4674 4857 4855
f 4674 4855 4761
f 4579 4581 4672
f 4579 4672 4670
f 4492 4583 4672
f 4492 4672 4581
f 4674 4761 4672
f 4674 4672 4583
f 4852 4670 4672
f 4852 4672 4761
f 4492 4378 4494
f 4492 4494 4583
f 4380 4495 4494
f 4380 4494 4378
f 4585 4676 4494
f 4585 4494 4495
f 4674 4583 4494
f 4674 4494 4676
f 4931 5009 5006
f 4931 5006 4928
f 5082 5078 5006
f 5082 5006 5009
f 5140 5006 5078
f 4929 4928 5006
f 5082 5143 5078
f 5176 5172 5143
f 5140 5078 5143
f 5140 5143 5172
f 5205 5173 5174
f 5138 5140 5173
f 5140 5172 5173
f 5176 5174 5173
f 5176 5173 5172
f 5138 5075 5140
f 4929 5006 5075
f 4929 5075 4925
f 5140 5075 5006
f 5037 5036 4960
f 4959 4868 4960
f 4959 4960 5036
f 4775 4869 4960
f 4775 4960 4868
f 5037 5115 5114
f 5037 5114 5036
f 5168 5114 5115
f 5112 5036 5114
f 5112 5114 5168
f 4959 5036 5114
f 4959 5114 5036
f 5033 4957 5035
f 5033 5035 5112
f 4864 4865 5035
f 4864 5035 4957
f 4959 5036 5035
f 4959 5035 4865
f 5112 5035 5036
f 4864 4772 4865
f 4685 4773 4772
f 4685 4772 4684
f 4959 4865 4772
f 4959 4772 4773
f 4593 4687 4775
f 4959 4773 4775
f 4959 4775 4868
f 4685 4593 4775
f 4685 4775 4773
f 5112 5168 5201
f 5112 5201 5166
f 5231 5229 5228
f 5231 5228 5201
f 5201 5228 5198
f 5195 5162 5197
f 5165 5166 5197
f 5165 5197 5162
f 5201 5198 5197
f 5201 5197 5166
f 5228 5197 5198
f 5165 5109 5166
f 5033 5112 5166
f 5033 5166 5109
f 5213 5242 5243
f 5213 5243 5239
f 5245 5246 5243
f 5245 5243 5242
f 5243 5240 5237
f 5243 5237 5239
f 5233 5236 5237
f 5213 5239 5237
f 5213 5237 5236
f 5205 5174 5207
f 5176 5210 5207
f 5176 5207 5174
f 5213 5236 5207
f 5213 5207 5210
f 5233 5207 5236
f 5176 5179 5210
f 5212 5213 5210
f 5212 5210 5179
f 5218 5219 5215
f 5245 5242 5215
f 5245 5215 5219
f 5213 5215 5242
f 5212 5215 5213
f 4238 4367 4237
f 4373 4488 4367
f 4373 4367 4238
f 4486 4359 4367
f 4486 4367 4488
f 4233 4237 4367
f 4233 4367 4359
f 4373 4490 4577
f 4373 4577 4488
f 4579 4668 4577
f 4579 4577 4490
f 4666 4576 4577
f 4666 4577 4668
f 4486 4488 4577
f 4486 4577 4576
f 4574 4486 4664
f 4486 4576 4664
f 4666 4755 4664
f 4666 4664 4576
f 4574 4481 4359
f 4574 4359 4486
f 4358 4359 4481
f 4233 4359 4358
f 4579 4670 4758
f 4579 4758 4668
f 4852 4851 4758
f 4852 4758 4670
f 4941 4849 4758
f 4941 4758 4851
f 4666 4668 4758
f 4666 4758 4849
f 4852 4944 5020
f 4852 5020 4851
f 5023 5099 5020
f 5023 5020 4944
f 5096 5018 5020
f 5096 5020 5099
f 4941 4851 5020
f 4941 5020 5018
f 5148 5089 5092
f 5148 5092 5093
f 5014 4939 5092
f 5014 5092 5089
f 4941 5018 5092
f 4941 5092 4939
f 5096 5093 5092
f 5096 5092 5018
f 5014 4937 4847
f 5014 4847 4939
f 4755 4847 4937
f 4666 4849 4847
f 4666 4847 4755
f 4941 4939 4847
f 4941 4847 4849
f 5218 5221 5219
f 5192 5221 5218
f 5245 5219 5221
f 5245 5221 5222
f 5192 5195 5225
f 5192 5225 5221
f 5195 5197 5225
f 5228 5226 5225
f 5228 5225 5197
f 5222 5221 5225
f 5222 5225 5226
f 5229 5252 5226
f 5229 5226 5228
f 5252 5251 5226
f 5222 5226 5251
f 5252 5249 5248
f 5252 5248 5251
f 5246 5248 5249
f 5245 5222 5248
f 5245 5248 5246
f 5222 5251 5248
f 3793 3947 3946
f 3793 3946 3942
f 4106 3942 3946
f 4106 3946 3947
f 4260 4257 4109
f 4257 4107 4109
f 4106 3947 4109
f 4106 4109 4107
f 4380 4255 4257
f 4106 4107 4255
f 4106 4255 4104
f 4257 4255 4107
f 4104 4096 4103
f 4095 3935 4103
f 4095 4103 4096
f 3942 4103 3935
f 4106 4104 4103
f 4106 4103 3942
f 4260 4384 4257
f 4501 4498 4384
f 4498 4382 4384
f 4257 4384 4382
f 4501 4590 4588
f 4501 4588 4498
f 4684 4682 4588
f 4684 4588 4590
f 4766 4678 4681
f 4766 4681 4769
f 4585 4681 4678
f 4498 4588 4681
f 4498 4681 4585
f 4682 4769 4681
f 4682 4681 4588
f 4585 4495 4382
f 4380 4257 4382
f 4380 4382 4495
f 4498 4585 4382
f 4684 4772 4770
f 4684 4770 4682
f 4864 4770 4772
f 4864 4957 4956
f 5033 5032 4956
f 5033 4956 4957
f 4953 4864 4956
f 4953 4956 5032
f 4766 4769 4863
f 4766 4863 4860
f 4682 4770 4863
f 4682 4863 4769
f 4864 4863 4770
f 4953 4860 4863
f 4953 4863 4864
f 5033 5109 5029
f 5033 5029 5032
f 5165 5109 5029
f 5165 5029 5109
f 5028 5029 5109
f 4953 5032 5029
f 4953 5029 5028
f 5165 5162 5161
f 5165 5161 5109
f 5195 5159 5161
f 5195 5161 5162
f 5158 5106 5161
f 5158 5161 5159
f 5028 5109 5161
f 5028 5161 5106
f 5023 4947 5025
f 5023 5025 5102
f 4950 5027 5025
f 4950 5025 4947
f 5028 5106 5025
f 5028 5025 5027
f 5158 5102 5025
f 5158 5025 5106
f 4766 4860 4950
f 4766 4950 4857
f 4953 5028 4950
f 4953 4950 4860
f 5028 5027 4950
f 5195 5194 5159
f 5192 5194 5195
f 5191 5156 5194
f 5191 5194 5192
f 5158 5159 5194
f 5158 5194 5156
f 5192 5218 5188
f 5218 5185 5188
f 5185 5187 5188
f 5191 5192 5188
f 5191 5188 5187
f 5148 5093 5153
f 5148 5153 5151
f 5096 5153 5093
f 5191 5187 5153
f 5185 5151 5153
f 5185 5153 5187
f 5096 5099 5155
f 5096 5155 5153
f 5023 5102 5155
f 5023 5155 5099
f 5158 5156 5155
f 5158 5155 5102
f 5191 5153 5155
f 5191 5155 5156
f 5218 5215 5185
f 5212 5182 5185
f 5212 5185 5215
f 5212 5179 5178
f 5212 5178 5182
f 5176 5178 5179
f 5146 5181 5178
f 5182 5178 5181
f 5148 5151 5181
f 5185 5182 5181
f 5185 5181 5151
f 5146 5148 5181
f 5176 5143 5178
f 5082 5081 5143
f 5085 5145 5143
f 5085 5143 5081
f 5146 5178 5143
f 5146 5143 5145
f 5082 5009 5008
f 5082 5008 5081
f 4931 4843 5008
f 4931 5008 5009
f 4843 4932 5008
f 5085 5081 5008
f 5085 5008 4932
f 4755 4937 4934
f 4755 4934 4845
f 5014 5011 4934
f 5014 4934 4937
f 5085 4932 4934
f 5085 4934 5011
f 4843 4845 4934
f 4843 4934 4932
f 5014 5089 5086
f 5014 5086 5011
f 5148 5086 5089
f 5146 5145 5086
f 5146 5086 5148
f 5085 5011 5086
f 5085 5086 5145
f 4931 4751 4843
f 4658 4660 4751
f 4571 4753 4751
f 4571 4751 4660
f 4843 4751 4753
f 4658 4468 4474
f 4658 4474 4660
f 4349 4474 4468
f 4353 4474 4349
f 4571 4660 4474
f 4358 4481 4353
f 4574 4571 4481
f 4571 4474 4481
f 4353 4481 4474
f 4574 4664 4661
f 4574 4661 4571
f 4755 4845 4661
f 4755 4661 4664
f 4843 4753 4661
f 4843 4661 4845
f 4571 4661 4753
f 4117 4115 3954
f 3650 3800 3793
f 3801 3793 3800
f 3803 3801 3658
f 3801 3800 3658
f 3650 3658 3800
f 4238 4083 4088
f 4238 4088 4089
f 4095 4089 3934
f 4925 5003 4838
f 4654 4653 4838
f 4654 4566 4653
f 4459 4566 4458
f 4348 4223 4349
f 4228 4353 4349
f 4228 4349 4223
f 4228 4227 4223
f 4228 4223 4227
f 4233 4353 4228
f 4358 4353 4233
f 4117 4264 4115
f 4593 4505 4594
f 4593 4504 4505
f 4390 4505 4504
f 5205 5171 5173
f 5138 5173 5171
f 4925 5075 5076
f 4925 5076 5003
f 5138 5076 5075
f 4776 4775 4687
f 4593 4594 4687
f 4960 4871 4961
f 4960 4869 4871
f 4775 4871 4869
f 4776 4871 4775
f 5037 4960 5039
f 5037 5039 5115
f 4960 4961 5039
f 5204 5168 5169
f 5115 5169 5168
f 5204 5170 5168
f 5168 5115 5170
f 5168 5170 5204
f 5037 5115 5170
f 5037 5170 5115
f 5115 5168 5170
f 5229 5254 5252
f 5254 5255 5253
f 5254 5253 5252
f 5253 5249 5252
f 5249 5247 5246
f 5243 5246 5247
f 5243 5247 5244
f 5243 5244 5240
f 5238 5237 5240
f 5238 5234 5237
f 5234 5233 5237
f 5205 5207 5206
f 5233 5206 5207
f 5234 5206 5233
f 4233 4083 4237
f 4238 4237 4083
f 5168 5204 5202
f 5168 5202 5201
f 5231 5201 5202
f 5204 5231 5202
f 5255 5229 5230
f 5254 5229 5255
f 5231 5230 5229
f 4095 3934 3935
f 3942 3935 3934
f 3934 3792 3793
f 3934 3793 3792
f 3934 3793 3942
f 4459 4458 4343
f 4459 4343 4458
f 4467 4458 4343
f 4348 4349 4343
f 4349 4467 4343
f 4342 4348 4343
f 3929 4089 3934
f 4089 4238 4084
f 4083 4089 4084
f 4084 4237 4083
f 4233 4083 4237
f 4084 4238 4237
f 4234 4233 4238
f 4233 4237 4238
f 3659 3803 3658
f 4117 3954 4115
f 3794 3650 3793
f 3794 3658 3650
f 4083 4089 4088
f 4084 4089 4083
f 5003 5004 4838
f 4926 4838 5004
f 4459 4458 4566
f 4459 4566 4567
f 4654 4567 4566
f 4223 4348 4224
f 4349 4224 4348
f 4228 4224 4349
f 4228 4223 4224
f 4228 4349 4353
f 4117 4115 4264
f 5174 5171 5205
f 4926 5004 5076
f 5003 5076 5004
f 5230 5253 5255
f 5252 5249 5253
f 5174 5205 5206
f 5208 5206 5234
f 4084 4237 4238
f 4233 4238 4237
f 4234 4238 4233
f 4084 4083 4237
f 4233 4237 4083
f 5204 5202 5231
f 5231 5229 5230
f 4089 3935 3934
f 3935 3942 3793
f 3935 3793 3934
f 4459 4343 4458
f 4343 4349 4348
f 4343 4348 4342
f 853 654 642
f 853 852 641
f 853 641 642
f 853 642 641
f 853 641 852
f 633 443 642
f 443 633 642
f 428 433 434
f 434 433 443
f 1539 1534 1296
f 1539 1296 1301
f 1533 1292 1296
f 1533 1296 1534
f 1291 1296 1292
f 1297 1301 1296
f 1297 1296 1085
f 1297 1085 1090
f 1291 1083 1085
f 1291 1085 1296
f 1078 1084 1085
f 1078 1085 1083
f 1090 1085 1084
f 1073 1077 1078
f 1073 1078 1077
f 1291 1287 1078
f 1291 1078 1083
f 1286 1077 1078
f 1286 1078 1287
f 1286 1287 1291
f 1533 1291 1292
f 1290 1286 1291
f 871 870 661
f 871 661 662
f 863 656 661
f 863 661 870
f 656 657 661
f 662 661 657
f 662 657 460
f 662 460 468
f 656 459 460
f 656 460 657
f 305 468 460
f 443 444 458
f 443 458 642
f 459 458 444
f 656 643 458
f 656 458 459
f 642 458 643
f 642 643 655
f 642 655 654
f 656 655 643
f 863 854 655
f 863 655 656
f 654 655 854
f 232 103 104
f 87 105 104
f 105 9 18
f 87 9 105
f 20 18 9
f 20 9 10
f 3 1 2
f 10 9 1
f 10 1 3
f 87 1 9
f 72 2 1
f 72 1 87
f 72 87 86
f 87 104 86
f 103 84 86
f 103 86 104
f 85 86 84
f 1105 1310 1104
f 1308 1104 1310
f 1098 1099 1104
f 1098 1104 1308
f 1100 1105 1104
f 1100 1104 1099
f 1100 1099 893
f 1092 892 1099
f 1092 1099 1098
f 893 1099 892
f 1090 1091 1097
f 1092 1098 1097
f 1092 1097 1091
f 1098 1302 1097
f 1297 1090 1097
f 1297 1097 1302
f 1297 1302 1303
f 1297 1303 1301
f 1098 1308 1303
f 1098 1303 1302
f 1308 1307 1303
f 1539 1301 1303
f 1539 1303 1307
f 679 678 489
f 679 489 490
f 677 668 489
f 677 489 678
f 480 489 668
f 491 490 489
f 491 489 319
f 491 319 320
f 480 470 319
f 480 319 489
f 307 316 319
f 307 319 470
f 159 320 319
f 159 319 316
f 305 306 469
f 305 469 468
f 307 470 469
f 307 469 306
f 480 479 469
f 480 469 470
f 662 468 469
f 662 469 479
f 662 479 667
f 480 668 667
f 480 667 479
f 677 666 667
f 677 667 668
f 871 662 667
f 871 667 666
f 20 10 11
f 20 11 21
f 22 21 11
f 22 11 12
f 22 12 24
f 12 13 24
f 26 25 24
f 26 24 13
f 26 13 14
f 26 14 15
f 12 14 13
f 6 14 12
f 6 12 4
f 6 4 5
f 12 11 4
f 10 3 4
f 10 4 11
f 3 5 4
f 896 895 692
f 899 895 692
f 899 692 895
f 691 688 692
f 691 692 895
f 689 692 688
f 689 688 508
f 689 508 509
f 691 508 688
f 335 509 508
f 335 508 502
f 500 501 507
f 500 507 506
f 502 508 507
f 502 507 501
f 691 687 507
f 691 507 508
f 686 506 507
f 686 507 687
f 686 687 894
f 686 894 685
f 691 894 687
f 1100 893 894
f 893 685 894
f 1105 898 1106
f 1100 894 898
f 1100 898 1105
f 691 895 898
f 691 898 894
f 899 1106 898
f 899 898 895
f 335 502 332
f 335 332 333
f 502 331 332
f 333 169 170
f 332 168 169
f 332 169 333
f 163 168 324
f 332 331 168
f 330 324 168
f 330 168 331
f 502 501 331
f 500 330 331
f 500 331 501
f 65 58 59
f 64 58 65
f 48 49 58
f 59 58 49
f 59 49 39
f 59 39 49
f 48 38 39
f 48 39 49
f 28 39 38
f 28 38 27
f 48 37 27
f 48 27 38
f 26 15 27
f 26 27 37
f 26 37 25
f 48 47 37
f 47 36 37
f 25 37 36
f 56 57 63
f 47 57 56
f 48 58 57
f 48 57 47
f 64 63 57
f 64 57 58
f 433 271 444
f 433 444 443
f 272 290 444
f 272 444 271
f 459 444 290
f 459 290 291
f 459 291 460
f 272 273 291
f 272 291 290
f 140 292 291
f 140 291 273
f 305 460 291
f 305 291 292
f 134 132 133
f 140 273 132
f 140 132 134
f 272 132 273
f 131 133 132
f 131 132 272
f 131 272 271
f 131 271 251
f 433 270 271
f 250 251 271
f 250 271 270
f 305 292 293
f 305 293 306
f 140 141 293
f 140 293 292
f 142 145 293
f 142 293 141
f 307 306 293
f 307 293 145
f 307 145 150
f 307 150 316
f 142 146 150
f 142 150 145
f 147 151 150
f 147 150 146
f 159 316 150
f 159 150 151
f 44 53 52
f 44 52 43
f 147 146 52
f 147 52 53
f 142 51 52
f 142 52 146
f 42 43 52
f 42 52 51
f 42 51 135
f 42 135 41
f 142 141 135
f 142 135 51
f 140 134 135
f 140 135 141
f 134 41 135
f 56 63 62
f 64 68 63
f 156 155 63
f 156 63 68
f 154 62 63
f 154 63 155
f 154 155 164
f 154 164 163
f 156 165 164
f 156 164 155
f 169 168 164
f 169 164 165
f 163 164 168
f 170 169 166
f 169 165 166
f 156 166 165
f 156 68 157
f 156 157 166
f 64 65 157
f 64 157 68
f 861 862 1073
f 868 1078 1073
f 868 1073 862
f 1078 1077 1073
f 868 869 1084
f 868 1084 1078
f 876 1086 1084
f 876 1084 869
f 1090 1084 1086
f 871 876 870
f 876 869 870
f 868 862 870
f 868 870 869
f 863 870 862
f 863 862 854
f 861 853 862
f 654 854 862
f 654 862 853
f 1090 1086 1091
f 876 877 1091
f 876 1091 1086
f 886 1091 877
f 1092 1091 886
f 1092 886 887
f 1092 887 892
f 683 888 887
f 893 892 887
f 893 887 888
f 679 684 682
f 679 682 678
f 683 887 682
f 683 682 684
f 886 878 682
f 886 682 887
f 677 678 682
f 677 682 878
f 677 878 877
f 677 877 666
f 886 877 878
f 871 666 877
f 871 877 876
f 893 888 685
f 683 685 888
f 686 505 506
f 685 686 505
f 685 505 686
f 498 499 505
f 498 505 686
f 500 506 505
f 500 505 499
f 679 497 685
f 679 685 684
f 498 686 685
f 498 685 497
f 683 684 685
f 500 499 329
f 500 329 330
f 498 493 329
f 498 329 499
f 328 329 493
f 330 329 323
f 330 323 324
f 328 322 323
f 328 323 329
f 161 162 323
f 161 323 322
f 163 324 323
f 163 323 162
f 159 160 321
f 159 321 320
f 161 322 321
f 161 321 160
f 328 327 321
f 328 321 322
f 491 320 321
f 491 321 327
f 491 327 492
f 491 492 490
f 328 493 492
f 328 492 327
f 498 497 492
f 498 492 493
f 679 490 492
f 679 492 497
f 161 153 163
f 161 163 162
f 67 154 163
f 67 163 153
f 67 61 62
f 67 62 154
f 55 56 62
f 55 62 61
f 44 54 53
f 55 61 54
f 67 60 54
f 67 54 61
f 147 53 54
f 147 54 60
f 147 60 152
f 147 152 151
f 67 153 152
f 67 152 60
f 161 160 152
f 161 152 153
f 159 151 152
f 159 152 160
f 47 56 55
f 47 55 46
f 47 46 36
f 46 45 36
f 34 35 36
f 34 36 45
f 25 36 35
f 44 45 54
f 34 45 44
f 55 54 45
f 55 45 46
f 25 35 23
f 25 23 24
f 34 33 23
f 34 23 35
f 32 22 23
f 32 23 33
f 22 24 23
f 32 21 22
f 20 21 19
f 134 30 31
f 134 31 41
f 19 21 31
f 19 31 30
f 32 31 21
f 42 41 31
f 42 31 32
f 42 32 33
f 42 33 43
f 34 44 33
f 44 43 33
f 20 19 106
f 20 106 18
f 19 122 106
f 120 121 106
f 120 106 122
f 105 18 106
f 105 106 121
f 105 121 119
f 105 119 104
f 120 119 121
f 250 232 119
f 232 104 119
f 250 119 251
f 120 251 119
f 131 251 120
f 131 120 122
f 131 122 133
f 19 30 122
f 134 133 122
f 134 122 30
f 1290 1291 1530
f 1290 1530 1286
f 1533 1530 1291
f 1543 1544 1538
f 1543 1538 1539
f 1533 1534 1538
f 1539 1538 1534
f 1073 1077 1072
f 1286 1285 1072
f 1286 1072 1077
f 1281 1072 1285
f 1281 1285 1286
f 1281 1286 1285
f 1281 1285 1286
f 442 443 642
f 442 642 641
f 443 442 641
f 653 641 642
f 653 642 654
f 84 86 85
f 250 249 231
f 250 231 232
f 250 270 249
f 1539 1307 1545
f 1308 1545 1307
f 1543 1539 1545
f 1543 1545 1544
f 1546 1545 1308
f 1546 1308 1310
f 1311 1310 1105
f 15 14 8
f 6 7 8
f 6 8 14
f 16 15 8
f 6 5 7
f 899 1107 1106
f 1311 1105 1106
f 899 895 900
f 899 900 1107
f 896 900 895
f 896 692 693
f 689 690 693
f 689 693 692
f 336 504 503
f 689 509 503
f 689 503 690
f 335 336 503
f 335 503 509
f 170 166 167
f 171 170 167
f 166 157 158
f 166 158 167
f 65 69 158
f 65 158 157
f 59 66 65
f 158 69 65
f 158 65 66
f 59 149 66
f 158 66 149
f 40 50 39
f 59 49 50
f 39 50 49
f 28 29 39
f 40 39 29
f 28 16 17
f 28 27 16
f 15 16 27
f 433 442 443
f 433 443 442
f 335 333 336
f 336 333 334
f 336 334 504
f 171 326 325
f 334 325 326
f 171 325 170
f 334 170 325
f 333 170 334
f 861 852 853
f 653 654 853
f 653 853 852
f 861 1073 1072
f 861 1072 852
f 85 84 103
f 84 85 103
f 84 103 217
f 232 231 217
f 232 217 103
f 853 642 843
f 1286 1530 1529
f 1544 1540 1538
f 1281 1282 1073
f 1281 1073 1072
f 1281 1286 1282
f 443 641 633
f 641 642 633
f 853 843 642
f 853 642 654
f 653 654 642
f 653 642 641
f 3 2 74
f 72 74 2
f 207 86 84
f 270 427 249
f 1546 1547 1545
f 1544 1545 1540
f 1546 1310 1547
f 15 16 8
f 1107 900 1108
f 896 1108 900
f 171 167 326
f 325 326 167
f 325 167 318
f 59 144 149
f 144 148 149
f 158 149 148
f 59 50 144
f 40 39 50
f 40 29 39
f 15 16 17
f 15 17 16
f 28 17 16
f 270 433 427
f 504 334 333
f 334 326 325
f 171 326 325
f 171 325 326
f 653 852 654
f 853 654 852
f 853 852 1072
f 853 1072 1073
f 84 217 218
f 207 84 218
f 3627 3628 3767
f 3627 3767 3766
f 3767 3628 3629
f 3767 3629 3768
f 3625 3629 3628
f 3625 3628 3624
f 3625 3768 3629
f 3763 3766 3767
f 3762 3766 3763
f 3627 3766 3762
f 3627 3762 3623
f 3627 3623 3624
f 3628 3627 3624
f 3763 3625 3624
f 3625 3764 3768
f 3763 3764 3625
f 3767 3768 3764
f 3767 3764 3763
f 3763 3623 3762
f 3624 3623 3763
f 2824 2964 2823
f 2965 2964 2824
f 2824 2966 2965
f 2961 2960 2965
f 2964 2965 2960
f 2964 2960 2820
f 2964 2820 2823
f 2821 2823 2820
f 2821 2824 2823
f 2824 2821 2962
f 2824 2962 2966
f 2821 2961 2962
f 2966 2962 2961
f 2966 2961 2965
f 2961 2820 2960
f 2821 2820 2961
