# flowstudio decimated toy animal  faces=10678
v -10.5482 -14.6412 4.86413
v -10.7173 -14.8267 5.96087
v -10.3525 -14.4864 7.57186
v -10.6308 -13.2514 4.07479
v -10.697 -13.3317 5.18616
v -11.2806 -13.6405 5.96047
v -10.9334 -13.8472 6.79194
v -10.4442 -12.7941 4.29511
v -10.622 -12.7587 5.07454
v -10.717 -12.9258 5.85407
v -10.5146 -13.0737 6.8213
v -10.4415 -2.49761 -10.3893
v -10.3687 -1.12714 -11.0298
v -10.5934 -1.14427 -10.2678
v -10.4151 -1.03478 -9.44676
v -10.5325 -0.125567 -9.98251
v -9.60436 -14.6101 2.95521
v -9.92487 -14.8402 3.85384
v -9.77852 -15.3591 4.9006
v -9.85871 -15.5403 5.97845
v -10.0119 -15.1279 7.0137
v -9.78614 -14.7089 8.29852
v -9.7103 -13.1648 2.95089
v -10.1859 -13.1913 3.52145
v -10.0705 -13.9417 7.26544
v -10.2647 -14.2302 7.87987
v -9.46479 -12.7644 3.27352
v -9.78573 -12.5338 3.95763
v -9.7069 -12.3886 4.94182
v -9.97632 -12.6655 5.9957
v -9.73481 -12.9176 6.93497
v -9.59644 -4.98554 -10.0568
v -9.55627 -4.81826 -9.44708
v -9.47051 -3.96521 -11.167
v -9.75442 -4.02593 -10.1453
v -9.67636 -3.8335 -9.17548
v -9.87128 -2.5149 -11.2711
v -10.0298 -3.09499 -10.3453
v -10.0826 -2.46331 -9.0292
v -9.48108 -2.57558 -8.51078
v -9.76802 -1.31624 -11.167
v -10.272 -1.57937 -10.3545
v -9.88097 -1.27322 -8.92741
v -9.96846 -0.265086 -10.7238
v -10.0202 0.213095 -9.82412
v -9.74085 -0.101404 -9.24253
v -9.34338 4.58625 -0.223533
v -9.4296 4.29601 0.710924
v -9.3946 4.82324 2.018
v -9.54338 5.85655 -0.307859
v -9.69429 5.6783 0.631472
v -9.65084 5.70424 2.17278
v -9.75678 6.15395 2.30349
v -9.53625 7.53931 -1.01172
v -9.70369 7.20349 -0.51187
v -10.0099 7.02543 0.595345
v -9.98027 7.1114 2.17297
v -10.0046 7.16545 2.28098
v -9.32946 6.46218 3.7966
v -9.37346 8.53777 -1.22244
v -9.78076 8.47076 -0.537643
v -10.0624 8.45362 0.540551
v -10.1137 8.62217 2.184
v -10.0705 8.0109 2.2917
v -9.60834 8.149 3.84057
v -9.60661 9.69764 -0.395416
v -9.87559 9.80239 0.682263
v -10.0337 9.77111 1.79226
v -9.6458 10.0517 2.88128
v -9.49592 9.47926 3.55026
v -9.47522 11.0024 0.752303
v -9.50177 11.0668 1.54669
v -9.53829 10.6841 2.25051
v -8.57686 -14.5101 1.09224
v -8.61714 -15.0935 1.63931
v -9.01371 -15.1825 2.6578
v -8.75656 -15.7207 3.8817
v -8.894 -15.731 4.84944
v -8.75942 -15.7723 6.06045
v -8.82699 -15.6177 7.16898
v -8.91169 -14.9714 8.33186
v -8.62268 -13.798 1.08316
v -8.80468 -13.3593 1.5588
v -9.28642 -13.1642 2.40562
v -8.82353 -13.2667 7.3633
v -8.92409 -13.8289 7.91347
v -8.73156 -13.0002 1.63134
v -9.21049 -12.9666 2.46837
v -8.74865 -11.9309 3.67314
v -8.7732 -12.0579 4.7842
v -8.86884 -12.5006 6.02566
v -8.94025 -12.9642 6.97702
v -8.63772 -6.34709 -9.7051
v -8.41929 -6.59586 -9.60848
v -8.81399 -4.85978 -11.0302
v -8.89114 -5.68253 -9.88067
v -9.04176 -5.42688 -9.0554
v -8.44609 -5.2101 -8.44903
v -8.81496 -3.78861 -11.3828
v -8.75135 -4.05911 -8.23236
v -8.7956 -2.67524 -11.5462
v -8.82047 -2.68276 -8.07272
v -8.86495 -1.24111 -11.3097
v -8.8807 -1.23399 -8.21972
v -8.38733 -0.425606 -10.9721
v -9.09499 0.218013 -9.89595
v -8.84517 0.313713 -9.50569
v -8.44431 3.05901 -1.46203
v -8.78875 3.0118 -0.570023
v -8.48696 3.44829 0.482077
v -8.54491 3.27418 2.15854
v -8.31051 3.11465 2.66813
v -8.74703 4.28809 -1.58334
v -9.21424 4.19508 -0.455074
v -8.72467 3.70948 0.886256
v -9.01405 3.96617 1.62305
v -9.00572 4.25752 2.77671
v -8.66022 4.3221 3.70267
v -8.4371 5.63684 -2.30549
v -9.01703 5.84982 -1.4846
v -8.93886 5.46348 4.03046
v -8.36024 5.81887 4.92222
v -8.57192 7.1712 -2.17764
v -9.09965 7.12022 -1.55495
v -9.09299 6.52857 2.91814
v -8.94985 6.86729 3.77264
v -8.73223 6.78703 4.6745
v -8.95076 8.35139 -1.73279
v -9.14462 8.3565 4.36499
v -8.70625 8.229 4.75699
v -8.45398 9.19661 -2.13873
v -8.81429 9.95754 -1.47786
v -9.09988 10.1313 -1.00462
v -9.15946 9.63082 4.14758
v -8.63313 9.73412 4.61696
v -8.60193 11.0521 -1.07752
v -8.68762 11.7764 -0.0878474
v -9.05204 11.5254 0.297487
v -9.09906 11.7553 1.45934
v -9.08262 11.4932 2.8324
v -8.80611 11.0314 3.92334
v -8.39192 12.0495 -0.2285
v -8.61406 12.3533 0.922701
v -8.71283 12.3639 1.90552
v -8.58096 12.4273 2.75956
v -8.45953 12.0933 3.77554
v -7.65706 -14.8647 -0.374638
v -7.83227 -15.2814 0.477553
v -7.80763 -15.6797 1.6335
v -7.75725 -15.8279 2.63196
v -7.82377 -15.8378 3.75673
v -7.89298 -15.8378 4.881
v -7.49752 -15.8378 5.80671
v -8.03199 -15.6779 7.10931
v -7.80509 -15.1402 8.04907
v -7.67363 -13.7606 -0.428024
v -8.18195 -13.4275 0.529093
v -7.577 -13.4901 7.13663
v -8.16067 -14.0401 7.83863
v -7.48222 -12.9519 -0.29207
v -8.05294 -12.9291 0.603788
v -7.9075 -11.976 1.59377
v -8.26391 -12.2067 2.54434
v -7.8283 -11.9537 4.83327
v -7.91337 -12.5297 6.0259
v -7.97288 -12.9565 6.6961
v -7.65405 -11.5854 2.76527
v -7.7628 -11.6256 3.8221
v -7.80064 -6.4911 -10.1106
v -7.76723 -6.86566 -9.40351
v -7.81302 -5.40741 -10.9244
v -7.80688 -5.91131 -10.5942
v -8.11617 -5.82575 -8.57942
v -7.79735 -5.39402 -8.23126
v -7.73612 -4.07212 -11.4268
v -7.74316 -4.15411 -7.76599
v -7.86459 -2.88127 -11.5809
v -8.1516 -2.78759 -7.64746
v -7.4358 -2.87995 -7.30665
v -7.739 -1.2568 -11.3507
v -7.96716 -0.90136 -7.77831
v -7.55364 -1.43088 -7.36643
v -7.70482 -0.254458 -10.8469
v -8.01542 0.345256 -10.0459
v -7.8547 0.499393 -9.28204
v -7.57835 -0.0803912 -8.07883
v -7.4501 2.02682 -1.52538
v -7.34946 2.17116 1.20238
v -7.51444 2.8881 -2.6566
v -8.00493 2.55165 -1.69945
v -7.60526 3.00119 -0.391295
v -8.1885 3.26904 0.268183
v -7.873 2.54836 1.82301
v -8.10265 2.98744 2.90987
v -7.54311 2.87855 3.82031
v -7.83913 4.30838 -2.67822
v -8.26799 3.8138 3.98552
v -7.77567 4.08428 5.00011
v -7.3968 5.25791 -3.42948
v -7.91168 5.6828 -2.93301
v -8.11115 5.11528 5.07323
v -7.66506 5.54632 5.82668
v -7.78576 6.89234 -2.81792
v -7.905 6.94703 5.14831
v -7.76596 6.77671 5.85151
v -7.43319 9.14286 -3.45268
v -7.88526 8.41141 -2.7649
v -8.1236 8.38534 5.37022
v -7.57734 8.59033 6.13075
v -7.27669 8.13534 6.56919
v -7.83797 9.93413 -2.71042
v -8.2001 9.83254 5.17747
v -7.57808 9.9481 6.05749
v -7.60945 10.9439 -2.34958
v -7.88442 11.3208 -1.56542
v -8.04448 11.4026 4.98769
v -7.56338 11.0373 5.82468
v -7.37554 12.0268 -1.44495
v -7.61278 12.4146 -0.698957
v -7.79081 12.9804 0.628412
v -7.94908 13.1446 1.62754
v -8.05121 13.0332 2.67963
v -7.99447 12.7498 3.72405
v -7.64311 12.5312 4.69825
v -7.2707 13.5868 1.561
v -7.44297 13.5775 2.58451
v -7.42641 13.3374 3.63554
v -6.24188 -14.5278 -3.29823
v -6.45845 -14.839 -2.60953
v -6.76855 -15.1756 -1.60447
v -6.69932 -15.7771 -0.320719
v -6.89815 -15.8378 0.783864
v -6.59317 -15.6561 1.70887
v -6.8384 -15.7666 2.88875
v -6.7024 -15.8378 3.83094
v -6.76431 -15.8242 4.94769
v -6.83123 -15.8043 6.06466
v -6.48548 -15.2669 7.45729
v -7.0743 -15.2152 7.7529
v -6.41579 -13.5636 -2.59894
v -6.91506 -13.5388 -1.60297
v -6.45682 -13.4182 6.50612
v -6.78926 -14.0363 7.18462
v -6.6333 -12.9826 -1.62673
v -7.11 -12.8908 -0.836734
v -6.92289 -11.9663 0.120875
v -6.57397 -12.0934 4.97311
v -6.97208 -12.6802 5.95193
v -6.61245 -11.6073 0.771857
v -6.72073 -11.397 1.6964
v -6.74237 -11.3509 2.81633
v -6.97787 -11.565 3.8988
v -6.80297 -6.2322 -10.3657
v -7.10854 -6.50768 -9.26839
v -7.1875 -6.15736 -8.44858
v -6.61553 -5.13851 -11.0862
v -6.48837 -5.98376 -9.75295
v -6.66384 -6.07193 -9.19035
v -6.61649 -5.40916 -7.97691
v -6.76153 -4.01285 -11.4932
v -6.67378 -4.46854 -7.50832
v -6.6933 -3.72183 -7.24731
v -6.9938 -2.48091 -11.6159
v -6.6855 -2.4406 -6.89978
v -6.61657 -1.28306 -11.3427
v -6.84128 -1.25542 -6.96082
v -6.78985 0.202301 -10.3606
v -6.85083 0.694314 -9.00988
v -6.70702 0.167075 -7.80213
v -6.73342 -0.163763 -7.46096
v -6.80394 1.95034 -2.28398
v -6.74607 1.93738 -1.57751
v -6.5953 1.92805 0.478209
v -6.68399 1.89805 1.50019
v -6.71454 2.03365 2.77844
v -6.62043 3.1124 -3.52784
v -6.69606 2.27153 -2.90894
v -6.58025 2.64363 -1.35707
v -7.12393 2.80863 -0.797039
v -7.179 2.36456 0.204409
v -6.83038 2.46781 3.9874
v -6.721 2.83291 4.93278
v -6.26623 2.87676 5.49486
v -6.95918 4.15714 -3.60664
v -6.85698 4.13319 6.14941
v -6.24086 4.56603 7.02764
v -6.82041 5.57197 -3.70506
v -6.77878 5.58641 6.89737
v -6.69143 7.13352 -3.51056
v -6.89848 6.66562 5.99888
v -6.91235 6.95423 6.91432
v -6.28161 7.44114 7.7092
v -6.41963 8.61013 -4.55614
v -6.90424 8.41216 -3.8834
v -6.70323 8.66694 7.2706
v -6.34363 8.17637 7.66903
v -6.58494 9.6809 -4.48465
v -6.95635 9.91647 -3.9288
v -6.63446 10.0162 7.16794
v -6.33618 10.9294 -4.68271
v -6.75524 11.1977 -3.57105
v -7.18514 11.5066 -2.65725
v -6.96346 11.7951 6.16488
v -6.53688 11.1035 6.93004
v -6.25936 12.309 -3.4094
v -6.65578 12.2966 -2.68226
v -6.80086 12.803 -1.3688
v -7.0413 12.9098 -0.467472
v -6.76504 13.0298 5.24475
v -6.76323 12.4504 5.87101
v -6.69949 13.4481 0.428521
v -6.71657 13.8163 1.69957
v -6.72099 13.8822 2.99645
v -6.72588 13.6813 4.03815
v -6.37415 13.5095 4.82629
v -5.42319 -14.8352 -4.73834
v -5.7832 -15.1103 -3.58894
v -5.79362 -15.728 -2.65395
v -5.52942 -15.8378 -1.7
v -5.74018 -15.8378 -0.600819
v -5.94021 -15.8378 0.505328
v -5.50819 -15.8378 1.69716
v -5.77902 -15.3315 2.66162
v -5.52424 -15.4738 3.7991
v -5.82053 -15.6925 4.80355
v -5.32575 -15.1332 6.27295
v -5.83559 -15.287 7.11124
v -5.36325 -13.6551 -4.62631
v -5.57224 -13.1699 -3.73516
v -6.06976 -13.1543 -2.83041
v -5.74383 -13.4248 6.0247
v -5.93548 -13.9056 6.56416
v -5.22197 -12.7129 -3.63724
v -5.99205 -12.9951 -2.79541
v -5.86123 -11.9907 -1.61301
v -6.02 -12.1524 -0.940672
v -5.58009 -11.7804 4.24946
v -5.66049 -12.3799 4.98438
v -5.7101 -12.7685 5.48484
v -5.32445 -11.6133 -1.32112
v -5.88118 -11.5557 -0.41897
v -5.7048 -11.2758 0.532966
v -5.51406 -11.1018 1.51122
v -5.78236 -11.1768 2.60181
v -5.75454 -11.4364 3.69426
v -6.13976 -6.15204 -9.06367
v -5.68429 -5.25658 -10.8973
v -5.79681 -5.98917 -10.1205
v -5.63289 -6.04487 -8.92036
v -5.65316 -5.48513 -8.04948
v -5.7076 -4.79325 -7.4773
v -5.67607 -4.25904 -11.4053
v -5.73966 -4.06392 -7.17913
v -5.77152 -2.82987 -11.671
v -5.68047 -2.84031 -7.04354
v -5.64208 -1.22255 -11.3317
v -5.55238 -1.36564 -6.80874
v -5.79608 -0.394313 -10.8827
v -5.77181 0.398345 -10.0848
v -5.65094 0.751758 -9.38549
v -5.71155 0.620777 -7.6709
v -5.74214 -0.166161 -6.95317
v -5.85704 0.91305 -8.73618
v -5.61617 0.978322 -8.27741
v -6.05332 1.9776 -2.58634
v -5.64453 1.96756 -1.24218
v -5.76022 1.81573 -0.572106
v -5.68319 1.57106 0.546873
v -5.78344 1.57512 1.58974
v -5.82987 1.79744 2.5986
v -5.83367 2.02574 3.8651
v -5.21613 2.17567 4.88326
v -5.36071 3.25614 -4.39456
v -5.79544 2.684 -3.72569
v -5.62226 2.40149 -2.41261
v -6.04787 2.44575 -1.86422
v -5.83836 2.41077 4.96283
v -5.61369 3.0045 6.02276
v -5.5227 3.3896 6.56877
v -5.604 4.22169 -4.53944
v -6.21414 4.38995 -4.22687
v -5.68909 4.25369 7.12226
v -5.28034 5.56901 -4.28461
v -5.90375 5.77653 -4.03724
v -5.88302 5.28324 7.58437
v -5.58588 5.76433 7.89008
v -5.64082 7.29796 -4.67499
v -5.96853 6.77019 -3.95799
v -5.52896 6.78711 7.4173
v -5.83809 6.88841 7.97604
v -5.49866 8.56856 -5.71193
v -5.92608 8.11711 -4.99409
v -5.68182 8.58792 8.16726
v -5.4817 10.1133 -5.72422
v -6.01924 9.77349 -5.05342
v -5.67809 9.89243 7.97227
v -5.6137 10.9974 -5.48401
v -5.64148 11.2482 -4.8519
v -5.87774 10.9472 -4.17984
v -5.73649 11.5947 7.25186
v -5.64484 11.0375 7.63823
v -5.46073 12.3698 -4.45341
v -5.681 12.7841 -3.58619
v -5.90289 13.2657 -2.1973
v -6.13817 13.1821 -1.94756
v -6.20828 13.2631 -0.701259
v -5.83834 12.9975 6.02114
v -5.85056 12.4231 6.6565
v -5.5513 13.4834 -2.48063
v -5.74885 13.5731 -1.14354
v -5.61812 13.7248 -0.375456
v -5.7982 13.8676 0.600854
v -5.48303 14.1545 1.65925
v -5.61172 14.201 2.64712
v -5.75851 14.0662 3.88469
v -5.54633 13.7025 5.13432
v -4.47409 -14.785 -6.77635
v -4.51528 -15.2485 -5.79004
v -4.78033 -15.5187 -4.92871
v -4.61341 -15.8081 -3.75903
v -4.68934 -15.8378 -2.45185
v -4.90736 -15.8378 -1.35662
v -4.63673 -15.8378 -0.392823
v -4.62675 -15.8378 0.564484
v -4.56314 -15.8378 1.69007
v -4.7135 -15.5843 2.71211
v -4.59449 -15.1774 3.7278
v -4.45622 -14.8704 5.27804
v -4.8281 -14.9763 5.69618
v -4.48188 -13.9528 -5.80734
v -4.70597 -13.3893 -4.85654
v -4.27446 -13.501 -3.96434
v -4.39429 -13.9736 5.16518
v -4.99092 -13.8411 5.70445
v -4.85208 -12.7841 -4.24697
v -4.66137 -12.6486 -3.64813
v -4.61552 -12.1241 -2.71726
v -4.93897 -11.703 -1.91014
v -4.55312 -12.2546 3.76506
v -4.7812 -12.6025 4.61548
v -4.21798 -10.4623 -4.30315
v -4.37051 -11.4594 -1.55011
v -4.6606 -11.2194 -0.478422
v -4.64061 -11.0327 0.808825
v -4.92011 -11.0207 1.89982
v -4.69584 -11.1218 2.87962
v -4.34311 -11.5511 3.45594
v -4.22837 -9.75327 -4.32964
v -4.17734 -9.75106 -3.6075
v -4.69072 -4.87313 -10.8634
v -4.80204 -5.62859 -10.0604
v -4.94051 -5.90704 -8.72549
v -4.47659 -5.76426 -8.47313
v -4.66625 -3.92053 -11.4382
v -4.64109 -3.83448 -6.9813
v -4.58046 -3.35353 -5.7043
v -4.75836 -2.49692 -11.6891
v -4.82512 -2.64037 -7.71663
v -4.96365 -2.43464 -6.89516
v -4.9996 -2.67778 -5.92151
v -4.4842 -2.83077 -4.69809
v -4.26972 -2.26835 -3.73204
v -4.54713 -1.36194 -11.3883
v -4.52966 -1.35269 -6.807
v -4.81883 -1.06547 -5.80692
v -4.70045 -1.56299 -4.76755
v -4.30436 -1.23435 -3.95087
v -4.69022 0.183774 -10.2439
v -4.75355 0.763311 -9.4566
v -4.66831 0.70505 -7.51296
v -4.57987 0.0118186 -6.7705
v -4.46048 -0.168334 -5.73704
v -4.37669 -0.411623 -4.92145
v -4.75706 1.0523 -8.76036
v -4.68852 1.15995 -8.35743
v -4.612 1.77352 -2.21148
v -4.71661 1.63372 -1.53129
v -4.63995 1.37417 -0.403856
v -4.74724 1.32889 0.636261
v -4.82115 1.40899 1.66743
v -4.89058 1.53936 2.69389
v -4.6848 1.76096 3.78351
v -4.44053 2.03784 4.65197
v -4.69431 3.1701 -4.72718
v -4.60139 2.42682 -3.55001
v -5.08583 2.34767 -2.99969
v -4.79447 2.29211 5.2081
v -4.4291 2.683 5.99873
v -4.59087 3.23102 6.6621
v -4.66932 4.40203 -4.82509
v -4.6073 4.10219 7.46507
v -4.61198 4.70853 7.81439
v -4.19114 6.32046 -5.83227
v -4.50587 5.78247 -4.83939
v -4.67524 5.66783 8.25437
v -4.40182 7.08535 -6.43097
v -4.81979 7.34223 -5.9564
v -4.99899 6.59128 -4.83403
v -4.7075 6.88861 8.47425
v -4.36357 7.44522 8.72684
v -4.4599 8.48493 -6.96139
v -5.0725 8.32475 -6.199
v -4.90672 8.56614 8.55624
v -4.45945 8.15018 8.73991
v -4.66863 9.64424 -6.74902
v -5.09175 9.88196 -6.25306
v -4.86713 10.0817 8.28682
v -4.60739 9.55156 8.73402
v -4.36168 11.246 -6.60458
v -4.77654 11.1901 -6.14946
v -4.66136 11.1057 7.95083
v -4.48769 12.349 -5.77719
v -4.77292 12.8073 -4.9544
v -5.1211 13.2839 -3.77073
v -4.42753 13.2639 6.22033
v -4.82347 12.4266 7.02541
v -4.24445 13.3429 -5.16047
v -4.51148 14.0629 -3.48148
v -4.96975 13.8325 -3.01205
v -4.78759 13.979 -1.51684
v -4.69275 14.1309 -0.256081
v -4.83399 14.2061 0.739572
v -4.66568 14.2992 1.50789
v -4.49201 14.335 2.7397
v -4.51384 14.2108 3.68722
v -4.7204 13.9149 4.87161
v -5.10702 13.4074 5.82306
v -3.40416 -15.2322 -7.85309
v -3.64425 -15.2858 -6.91715
v -3.38067 -14.8918 -5.94237
v -3.68884 -15.5649 -4.72621
v -3.48547 -15.8378 -3.81387
v -3.71134 -15.8378 -2.72167
v -3.93433 -15.8378 -1.6272
v -3.52384 -15.8378 -0.44302
v -3.57998 -15.8378 0.615504
v -3.62098 -15.8378 1.68105
v -3.68078 -15.5754 2.89054
v -3.38866 -14.6629 4.26102
v -3.74604 -14.6915 4.55856
v -3.32676 -13.7813 -8.12225
v -3.47739 -13.7854 -7.29837
v -3.73348 -14.0656 -5.6401
v -3.72132 -13.891 -4.74268
v -3.59004 -13.4797 -3.63318
v -3.368 -13.3279 -2.72705
v -3.29334 -13.3065 -2.01314
v -3.38972 -13.9077 4.14089
v -4.02889 -13.6694 4.63966
v -3.25057 -12.4257 -7.49627
v -3.34033 -12.5741 -7.33636
v -3.60651 -12.3816 -5.86423
v -3.59669 -12.2704 -4.80005
v -3.64189 -12.5278 -3.72724
v -3.55183 -12.448 -2.51685
v -3.56993 -12.3079 -1.56441
v -3.45035 -12.1846 -0.510313
v -3.63996 -12.4908 3.74326
v -3.16563 -11.4673 -7.5599
v -3.21436 -11.1141 -7.43349
v -3.84366 -10.9551 -6.02179
v -4.06235 -10.8668 -4.97136
v -3.86145 -11.0992 -3.75965
v -3.62796 -10.9357 -2.62039
v -3.53183 -11.2175 -1.36112
v -3.59204 -11.1372 -0.186918
v -3.66433 -11.0002 0.599951
v -3.93439 -10.9809 1.69188
v -3.61738 -11.3389 2.85529
v -3.41938 -9.56074 -6.77627
v -3.80508 -9.59598 -5.86539
v -4.03297 -9.32726 -4.80128
v -4.07683 -9.28161 -3.61091
v -3.75997 -9.57886 -2.52079
v -3.53013 -9.42476 -1.52212
v -3.24174 -9.43763 -0.858139
v -3.35202 -8.252 -6.56108
v -3.62902 -8.10935 -5.75377
v -3.82233 -8.03816 -4.69665
v -3.8728 -7.99777 -3.62084
v -3.73716 -7.9948 -2.55058
v -3.46199 -8.00763 -1.50688
v -3.18941 -8.02019 -0.839855
v -3.25681 -7.11524 -6.46108
v -3.41357 -6.70587 -5.787
v -3.56707 -6.64119 -4.72127
v -3.62801 -6.59903 -3.64233
v -3.56726 -6.58515 -2.56275
v -3.37315 -6.59081 -1.50115
v -3.15822 -6.95657 -0.821891
v -3.82892 -5.20348 -9.96831
v -3.45169 -5.32674 -9.27655
v -3.74025 -5.69665 -8.29064
v -4.08741 -4.74975 -7.47335
v -3.20627 -5.64432 -4.73844
v -3.2837 -5.59583 -3.65711
v -3.3277 -5.55115 -2.57316
v -3.28371 -5.53018 -1.48846
v -3.66565 -4.25854 -10.962
v -3.27835 -4.66616 -10.1591
v -3.85387 -4.10592 -7.86467
v -3.84977 -4.29551 -6.92891
v -3.90729 -4.17988 -5.73588
v -3.78105 -4.05719 -4.67772
v -3.62309 -3.90594 -3.62864
v -3.42646 -3.79214 -2.63623
v -3.56619 -2.82651 -11.6838
v -4.08058 -2.94972 -3.66483
v -3.78833 -2.55989 -2.69091
v -3.33675 -2.86617 -1.64203
v -3.59772 -1.42616 -11.4319
v -4.16957 -1.09647 -6.50683
v -3.9854 -1.08146 -3.32558
v -3.66517 -1.14282 -2.65257
v -3.3795 -1.47942 -1.89874
v -3.89153 -0.556419 -10.8941
v -3.59086 0.0130383 -10.2736
v -4.01097 0.534593 -7.71945
v -3.89452 0.0304973 -7.00921
v -3.72032 0.483318 -5.88158
v -3.7284 0.170859 -4.80664
v -3.54687 0.144744 -3.85988
v -3.30032 -0.22662 -2.64412
v -3.52421 0.856471 -9.00713
v -3.42492 1.24787 -7.87349
v -3.4869 0.892651 -6.52734
v -3.61461 1.64638 -2.63715
v -3.57932 1.26973 -1.35048
v -3.69986 1.14798 -0.315997
v -3.79079 1.13357 0.720029
v -3.86446 1.20607 1.75228
v -3.66502 1.35223 2.85866
v -3.42122 1.58362 3.74424
v -3.6711 1.88959 4.42524
v -3.3145 3.57405 -5.40499
v -3.46627 2.58722 -4.55923
v -3.94407 2.49954 -4.09997
v -3.4431 2.27717 4.94314
v -3.38194 2.73635 6.18181
v -3.46196 3.50042 6.8978
v -3.87501 4.41192 -5.05824
v -3.69344 3.99312 7.37608
v -3.56909 4.85198 7.98511
v -3.42976 6.04911 -6.83834
v -3.47883 5.51646 -5.87808
v -3.73962 5.29879 -5.25555
v -3.61853 5.8008 8.40955
v -3.58153 7.29978 -7.63277
v -3.94008 6.85749 -6.86955
v -3.70474 6.87167 8.29223
v -3.51269 7.02811 8.73876
v -3.47343 8.192 -8.02749
v -4.03791 8.24227 -7.44314
v -3.15046 8.85881 8.70817
v -3.34139 8.76902 8.73854
v -3.53407 9.5556 -7.92819
v -4.05602 10.1176 -7.31602
v -3.20169 9.21716 8.69234
v -3.17762 9.43985 8.83468
v -3.40674 11.1495 -7.64287
v -3.73883 11.5269 -7.14241
v -3.73718 11.9154 7.51919
v -3.62703 11.0562 8.07325
v -3.50618 12.423 -6.91218
v -3.80637 13.0867 -6.06848
v -3.50297 13.121 6.23049
v -3.76146 12.3964 7.14008
v -3.2921 13.3584 -6.49124
v -3.43708 13.8931 -5.76444
v -3.4382 14.567 -4.60102
v -4.00081 14.2921 -3.95643
v -3.61704 14.6375 -2.66599
v -3.635 14.5172 -1.66975
v -3.78084 14.3948 -0.418787
v -3.79802 14.3941 0.834616
v -3.87863 14.4275 1.80947
v -3.6299 14.4257 2.53618
v -3.61645 14.1556 3.90605
v -3.81538 13.8074 5.00375
v -3.96912 13.5368 5.71244
v -3.32301 14.7095 -4.39844
v -3.35858 14.7634 -3.40178
v -2.49237 -14.9521 -8.97076
v -2.61371 -15.5298 -8.08731
v -2.56272 -14.8565 -6.83295
v -2.91117 -15.1316 -6.21009
v -2.64727 -15.4243 -4.7877
v -2.44941 -15.2237 -3.92472
v -2.74941 -15.8378 -2.72566
v -2.6085 -15.8378 -1.55636
v -2.57069 -15.8378 -0.443123
v -2.7929 -15.8378 0.656483
v -2.40685 -15.7091 1.82016
v -2.74058 -15.496 2.84543
v -2.60517 -14.8216 3.78358
v -2.14116 -14.9534 11.4658
v -2.39293 -14.7089 12.3816
v -2.69394 -13.8994 -8.8292
v -2.71382 -14.3413 -7.2025
v -2.55564 -14.2232 -5.70463
v -2.72195 -14.0747 -4.59928
v -2.63752 -13.6929 -3.70555
v -2.5942 -13.3909 -2.74371
v -2.52809 -13.2434 -1.80831
v -2.5687 -13.7481 3.82028
v -2.12807 -14.1659 10.6868
v -2.47202 -14.1044 11.833
v -2.73857 -14.2367 12.5882
v -2.46819 -14.312 13.2979
v -2.41247 -13.0015 -8.56281
v -2.50291 -12.5816 -8.0992
v -2.88212 -12.4887 -7.0183
v -2.94181 -11.765 -5.91347
v -3.03528 -12.33 -3.43095
v -2.92445 -12.3181 -2.71854
v -2.63243 -12.4449 -1.61541
v -2.56124 -12.2474 -0.489196
v -2.58644 -12.081 0.426888
v -2.29261 -12.226 1.5704
v -2.65646 -12.4946 3.65646
v -2.13381 -13.0099 12.3232
v -2.1684 -11.2722 -8.6245
v -2.85458 -11.1072 -7.87838
v -3.14786 -10.748 -7.46585
v -2.9397 -11.6538 -4.86743
v -2.86573 -11.6524 -3.81499
v -2.79486 -11.6204 -2.76071
v -2.59999 -11.1607 -1.63085
v -2.46787 -11.052 -0.435207
v -2.6446 -11.2232 0.626404
v -2.61903 -11.216 1.72532
v -2.68607 -11.5015 2.90052
v -2.95197 -9.63304 -7.56168
v -3.02506 -9.7464 -7.47036
v -2.89487 -10.2496 -1.42676
v -2.88937 -9.4463 -0.227585
v -2.36627 -9.43769 0.258316
v -2.79793 -8.27084 -7.54497
v -2.95847 -8.4125 -7.30933
v -2.85347 -8.03103 -0.20204
v -2.4509 -8.04308 0.396197
v -2.6799 -6.87944 -7.59596
v -2.96811 -6.695 -6.89939
v -2.92615 -6.55988 -0.466383
v -2.38236 -6.62904 0.399646
v -2.62004 -4.996 -9.09148
v -2.72863 -5.64733 -7.83399
v -2.88794 -5.30594 -6.89092
v -2.90809 -5.25066 -5.808
v -2.61009 -5.26003 -4.71457
v -2.70241 -5.18906 -3.63726
v -2.8147 -5.06362 -2.57529
v -2.94897 -4.90544 -1.52283
v -2.92028 -5.21055 -0.449152
v -2.52238 -5.24923 0.545778
v -2.64809 -3.59944 -11.0522
v -2.72847 -4.08744 -10.2063
v -2.74699 -4.50789 -9.31611
v -2.91961 -4.62757 -4.74807
v -2.78131 -4.48611 -3.69602
v -2.65164 -4.38071 -2.63692
v -2.83784 -4.11148 -1.54982
v -2.68085 -3.9754 -0.507357
v -2.48343 -3.84524 0.502796
v -2.56145 -2.55758 -11.7181
v -3.02507 -2.61859 -1.03329
v -2.70688 -2.70914 -0.530424
v -2.26567 -2.51619 0.183482
v -2.57279 -1.20482 -11.2154
v -3.00881 -1.35564 -1.29265
v -2.46597 -1.33009 -0.488712
v -2.64045 -0.106918 -10.2504
v -2.63236 0.555083 -9.33639
v -3.08437 0.585884 -3.39735
v -2.89327 0.448456 -2.62439
v -2.54903 0.0224237 -1.44127
v -2.52382 0.919901 -8.62779
v -2.96215 1.31929 -7.61673
v -2.4572 1.4508 -7.23276
v -2.71677 1.20702 -5.86253
v -2.59116 1.35167 -4.73449
v -2.62153 1.62465 -3.86115
v -2.41142 1.23845 -2.71698
v -2.68681 1.1179 -1.52903
v -2.74671 0.951308 -0.233578
v -2.82813 0.956138 0.801429
v -2.63781 1.02071 1.91912
v -2.39745 1.19069 2.82126
v -2.47983 1.77194 3.87695
v -2.64161 2.15039 5.20127
v -2.28233 2.78331 -5.46992
v -2.79686 2.66465 -5.05354
v -2.52509 3.12626 6.23385
v -2.39137 4.5851 -6.63658
v -2.70039 4.30503 -5.69555
v -2.6756 3.7458 6.9073
v -2.25868 4.81895 8.18982
v -2.29925 6.06084 -7.84521
v -2.74429 5.38528 -6.97513
v -2.4512 5.75442 8.3644
v -2.38143 7.30106 -8.83002
v -2.87115 6.79933 -8.01769
v -2.81416 7.05911 8.62692
v -2.90151 7.50888 8.7181
v -2.61506 8.53584 -8.80112
v -3.11126 8.7891 -8.39111
v -3.06729 8.92104 8.68754
v -3.05938 8.47253 8.74953
v -2.52458 9.83267 -8.78398
v -2.96024 10.3406 -8.31848
v -2.95409 10.1269 8.41575
v -3.10619 9.72803 8.80316
v -2.42444 10.6047 -8.71998
v -2.76932 11.3557 -8.17401
v -2.25182 11.4443 7.44543
v -2.58155 10.8629 7.97809
v -2.39578 12.7359 -7.86354
v -2.75895 13.0546 -7.32075
v -2.36218 13.0211 5.88739
v -2.67768 12.3964 6.80003
v -2.21531 13.3201 -7.71114
v -2.46708 14.0269 -6.85737
v -2.80282 14.5753 -5.80341
v -2.56049 14.6484 -1.53918
v -2.66796 14.5455 -0.615739
v -2.80346 14.5054 0.626706
v -2.75425 14.4977 1.83663
v -2.76592 14.3679 2.77221
v -2.63007 14.1152 3.83646
v -2.66587 13.6622 4.96737
v -2.81411 13.4665 5.47703
v -2.43415 14.9399 -5.62449
v -2.87637 14.8006 -5.12948
v -2.6277 14.9591 -3.63258
v -2.62999 14.8303 -2.62762
v -2.89019 14.7097 -1.88054
v -1.52081 -15.0976 -8.94401
v -1.46663 -15.8378 -7.94908
v -1.81916 -15.4887 -6.76901
v -1.55468 -15.5042 -5.74015
v -1.60891 -15.1945 -4.78277
v -1.72279 -15.2964 -3.69093
v -1.47604 -15.5429 -2.62722
v -1.55056 -15.8378 -1.49369
v -1.60142 -15.8378 -0.700697
v -1.68955 -15.8378 0.622494
v -1.49024 -15.6371 1.83341
v -1.19317 -15.0027 3.2423
v -1.58061 -14.9449 3.41189
v -1.40441 -14.7719 9.33588
v -1.78558 -14.9516 10.3485
v -1.47468 -15.2516 11.2612
v -1.83483 -15.018 12.6119
v -1.3968 -14.8043 13.4267
v -1.65983 -13.6005 -9.19814
v -1.83715 -14.4172 -5.44556
v -1.77713 -14.436 -4.74378
v -1.76727 -13.9912 -3.59591
v -1.51325 -13.4821 -2.62563
v -1.34124 -13.3524 -2.07617
v -1.54458 -13.3248 1.59774
v -1.54073 -13.1979 2.29615
v -1.52621 -13.9662 3.85472
v -1.76337 -14.0099 9.24161
v -1.93188 -14.1048 10.2604
v -1.94459 -14.1619 11.5319
v -1.68719 -13.2395 12.8281
v -1.49249 -14.2452 13.9321
v -1.57512 -12.3611 -8.9133
v -1.86753 -12.827 -8.1313
v -1.7572 -12.9468 -2.23576
v -1.55927 -12.8034 -1.52416
v -1.59604 -12.2086 -0.60188
v -1.66202 -12.3205 0.679507
v -1.7059 -12.354 1.76393
v -1.51008 -12.3167 2.73943
v -1.68959 -12.5194 3.47541
v -1.42316 -12.9114 10.1731
v -1.65309 -12.7756 11.402
v -1.15162 -12.924 12.4827
v -1.50567 -10.6571 -9.04737
v -1.70103 -11.1259 -1.22377
v -1.34652 -10.9226 -0.405994
v -1.45578 -10.8605 0.567486
v -1.78806 -10.6216 1.71454
v -1.55557 -11.2535 2.48184
v -1.61 -9.56466 -8.81529
v -1.60865 -9.90183 -0.240629
v -1.78636 -9.39617 0.67551
v -1.33794 -9.08515 1.26163
v -1.60949 -8.41336 -8.69589
v -1.98348 -8.04953 0.945814
v -1.45566 -8.04464 1.43804
v -1.57312 -7.41163 -8.60591
v -1.73082 -6.67023 -8.33674
v -1.95575 -6.63283 0.977108
v -1.47393 -6.6267 1.50885
v -1.49704 -4.86326 -9.87757
v -1.55881 -5.26539 -9.00405
v -1.64266 -5.81127 -8.2099
v -2.03437 -5.22777 1.07485
v -1.5012 -5.20763 1.55656
v -1.70526 -3.94868 -10.9325
v -1.63036 -4.46742 -10.4525
v -2.01933 -3.81602 1.04514
v -1.46743 -3.79036 1.50148
v -1.66102 -2.67194 -11.4993
v -1.73623 -2.36397 0.833905
v -1.33615 -2.51539 1.26752
v -1.45766 -1.33283 -11.1122
v -2.08408 -0.826027 -0.259673
v -1.48321 -1.19166 0.558871
v -1.70956 -0.103357 -10.019
v -1.52112 0.415436 -9.23533
v -1.52799 0.768343 -1.37274
v -1.61779 0.187033 -0.352904
v -1.58457 0.784196 0.630039
v -1.28127 0.77895 1.32179
v -1.63119 1.16633 -7.97036
v -1.80737 1.83259 -6.72755
v -1.67502 1.7983 -5.77392
v -1.62594 1.9612 -4.58503
v -1.56285 1.43214 -3.60924
v -1.5651 1.09922 -2.55382
v -1.67281 0.993092 -1.67954
v -1.73129 0.879584 -0.667045
v -1.97699 0.844087 0.603956
v -1.28224 0.879504 1.96732
v -1.44862 1.15458 2.7275
v -1.43941 1.86938 3.79525
v -1.81805 2.12997 4.90757
v -1.20303 3.12955 -6.49508
v -1.53639 2.81324 -6.04104
v -1.54159 2.28951 -4.86289
v -1.3688 2.92891 5.37257
v -1.66541 3.03674 5.94017
v -1.58437 4.19037 -7.02994
v -1.7883 3.6535 -6.0194
v -1.42283 4.24291 7.44673
v -1.75778 4.52019 7.95178
v -1.43263 5.51704 -8.17648
v -1.56801 5.33965 -7.40489
v -1.44118 5.81726 8.14694
v -1.30056 7.37116 -9.6599
v -1.54708 6.94098 -9.27538
v -1.76391 6.44264 -8.52469
v -1.66845 7.24243 8.2624
v -1.27916 8.9315 -9.77929
v -1.78473 8.22933 -9.41159
v -1.6248 8.46806 8.23596
v -1.15513 10.4861 -9.74793
v -1.75885 9.7087 -9.39327
v -1.67712 9.68025 8.0252
v -1.66322 11.3112 -9.14145
v -1.93657 11.7514 7.03402
v -1.53203 12.3701 -8.82449
v -1.84905 12.5454 -8.45898
v -1.64652 13.2779 5.19484
v -1.37693 12.2012 6.37571
v -1.61787 12.0464 6.63789
v -1.6381 13.8512 -7.84584
v -1.61348 14.6878 -7.18388
v -1.54928 14.6339 -1.54012
v -1.62982 14.5944 -0.616958
v -1.71793 14.5924 0.620679
v -1.61739 14.4745 1.81779
v -1.48653 14.2445 2.90781
v -1.52698 13.894 3.91309
v -1.45904 13.5556 4.62254
v -1.37388 15.2847 -6.79571
v -1.87284 15.0965 -6.15617
v -1.64027 15.1957 -4.62648
v -1.63359 15.0192 -3.62912
v -1.63319 14.818 -2.62879
v -1.88621 14.7142 -1.86709
v -0.416318 -14.8798 -8.98177
v -0.498998 -15.6645 -8.21973
v -0.553552 -15.8378 -6.92295
v -0.620105 -15.8378 -5.87469
v -0.690484 -15.8378 -4.82414
v -0.636929 -15.5424 -3.55868
v -0.697921 -15.4419 -2.45424
v -0.551397 -15.2079 -1.45861
v -0.513315 -15.8378 -0.456052
v -0.531227 -15.8378 0.51326
v -0.522678 -15.7552 1.6432
v -0.659467 -14.9511 3.27447
v -0.213188 -14.8547 3.38005
v -0.455318 -14.8919 8.48385
v -0.679829 -15.2182 9.18297
v -0.826504 -15.6878 10.2269
v -0.505042 -15.7924 11.2646
v -0.620546 -15.3847 12.4424
v -0.411517 -14.8059 13.6118
v -0.563282 -13.1731 -9.76959
v -0.685333 -13.8006 -9.3027
v -0.87235 -14.1899 -3.91194
v -0.583675 -13.9318 -2.49158
v -0.495492 -13.5799 -1.41222
v -0.162357 -13.7624 -0.372505
v -0.513965 -13.5571 1.70319
v -0.587348 -13.473 2.46277
v -0.497074 -14.0578 3.76007
v -0.579447 -13.8905 8.03851
v -0.705387 -13.1298 13.0008
v -0.362116 -14.1302 14.0722
v -0.434633 -12.4776 -9.75859
v -0.798234 -12.0047 -9.4454
v -0.639167 -12.8538 -1.23548
v -0.588259 -12.5913 -0.444368
v -0.707463 -12.3175 0.666444
v -0.619045 -12.163 1.74667
v -0.518362 -12.3589 2.76481
v -0.86855 -13.011 3.65963
v -0.29117 -12.846 8.62561
v -0.727372 -12.8119 9.29473
v -0.552736 -12.4434 10.347
v -0.745054 -12.4993 11.3393
v -0.388577 -12.7358 12.3828
v -0.491281 -10.8199 -9.30418
v -0.688148 -10.985 -0.224273
v -0.585476 -10.662 0.537343
v -0.72102 -10.4107 1.68392
v -0.500041 -11.2834 2.86292
v -0.624723 -9.3787 -9.33083
v -0.568899 -9.73914 0.682584
v -0.341447 -9.45677 1.67284
v -0.52852 -8.0259 -9.25026
v -0.760792 -8.09926 1.95159
v -0.297877 -7.90266 2.30086
v -0.619195 -6.98245 -8.92664
v -0.541096 -6.23293 -8.54177
v -0.928226 -6.61452 1.97586
v -0.339294 -6.60208 2.38822
v -0.279656 -5.0963 -10.0746
v -0.514906 -5.71345 -9.37318
v -0.93562 -5.19197 1.99978
v -0.3411 -5.17917 2.40372
v -0.533231 -4.07463 -11.0035
v -0.905935 -4.58074 -10.4588
v -0.884157 -3.77338 1.91979
v -0.279995 -3.76087 2.30943
v -0.6313 -2.99695 -11.4265
v -0.444577 -2.37344 1.86819
v -0.562812 -1.45758 -11.0329
v -0.532887 -0.782696 -10.4543
v -1.04662 -0.718756 0.740799
v -0.538977 -1.0254 1.29267
v -0.5251 -0.200975 -9.775
v -0.598013 0.370731 -8.9895
v -0.292298 0.699722 -8.5018
v -0.133457 0.603036 -3.74196
v -0.100738 0.513247 -0.749852
v -0.542715 0.272276 0.605796
v -0.596955 0.734775 1.66428
v -0.619522 1.40657 -7.76105
v -0.977799 2.03949 -6.9691
v -0.596272 1.68176 -4.59555
v -0.659459 1.35296 -3.80482
v -0.510283 1.26037 -2.61267
v -0.656169 1.09495 -1.5068
v -0.687 0.980263 -0.516628
v -0.576895 0.93345 0.365416
v -0.106845 0.958204 1.20029
v -0.511929 1.44938 2.90514
v -0.506674 2.02621 4.09342
v -0.696822 2.07233 4.75535
v -0.975275 3.44591 -6.70504
v -0.693158 2.43571 -6.02734
v -0.640571 2.22221 -5.16815
v -0.515168 2.87 5.10921
v -0.404278 3.439 5.83721
v -0.255211 4.33546 -7.80153
v -0.709169 3.81928 -7.14606
v -0.546509 3.85771 6.37097
v -0.650728 4.13214 7.04616
v -0.563338 4.41644 7.84475
v -0.609388 6.00243 -9.02794
v -0.761109 5.5229 -8.11391
v -0.354437 5.6309 7.76723
v -0.654469 7.20043 -9.94411
v -0.946933 6.75348 -9.62612
v -0.0876039 7.07188 7.53034
v -0.710242 7.14308 7.83931
v -0.551486 8.24082 -10.1801
v -0.446282 8.5796 7.59639
v -0.914102 8.6347 7.83828
v -0.546608 9.64231 -10.2305
v -0.570733 9.998 7.33764
v -0.488126 11.2379 -10.0138
v -0.443508 11.7964 6.23976
v -0.782109 11.2391 6.84031
v -0.251314 12.2355 -9.81471
v -0.775875 12.6609 -9.21597
v -0.180092 12.549 5.38967
v -0.636316 12.4414 5.7619
v -0.389551 13.7163 -8.85215
v -0.185371 14.5248 -8.37313
v -0.389322 14.5901 -2.4323
v -0.610124 14.6203 -1.66479
v -0.572857 14.6471 -0.666801
v -0.619061 14.606 0.568281
v -0.468368 14.4406 1.75099
v -0.316453 14.0917 2.79259
v -0.620724 13.6577 3.96908
v -0.52698 15.0689 -7.84041
v -0.928952 15.3823 -7.32896
v -0.671497 15.241 -5.66171
v -0.653616 15.0645 -4.66401
v -0.65059 14.8556 -3.67008
v -0.893292 14.754 -2.90676
v -0.283354 16.5303 -8.8974
v -0.370077 16.343 -8.25567
v 0.378648 -14.7312 -8.93711
v 0.443344 -15.4178 -8.15632
v 0.412498 -15.838 -6.92234
v 0.180139 -15.8378 -5.8276
v 0.432808 -15.8378 -4.85922
v 0.681662 -15.8378 -3.88581
v 0.442326 -15.8378 -2.784
v 0.203582 -15.8378 -1.68178
v 0.582463 -15.8378 -0.463386
v 0.505043 -15.8289 0.611715
v 0.323621 -15.4193 1.57205
v 0.746556 -14.8356 2.84475
v 0.255102 -14.6855 3.77039
v 0.706979 -14.4954 4.4644
v 0.605793 -14.9399 7.30577
v 0.483592 -15.3352 8.0858
v 0.305543 -15.7535 9.37616
v 0.410984 -15.837 10.3165
v 0.495816 -15.748 11.4229
v 0.334588 -15.4383 12.3624
v 0.532386 -14.8108 13.5101
v 0.120368 -13.3449 -9.68136
v 0.697897 -13.818 -9.38283
v 0.283003 -13.7199 -0.502001
v 0.451782 -13.5981 0.483886
v 0.685777 -13.6175 1.71913
v 0.392543 -13.7801 2.80295
v 0.357833 -13.6736 3.83757
v 0.837124 -14.3464 5.08827
v 0.877688 -14.0771 6.16406
v 0.167153 -13.9249 7.25812
v 0.0637471 -13.179 7.72908
v 0.522091 -14.042 13.9055
v 0.263011 -12.6501 -9.71421
v 0.666527 -12.4056 -9.54887
v -0.00942788 -12.714 -0.405393
v 0.273406 -12.647 0.731879
v 0.358782 -12.5243 1.73582
v 0.50106 -12.4377 2.62194
v 0.794451 -12.3651 3.66084
v 0.587449 -12.6542 4.55157
v 0.616432 -12.7452 8.08059
v 0.438445 -12.2925 9.27572
v 0.379141 -12.132 10.551
v 0.450724 -12.2957 11.6599
v 0.596283 -12.6522 12.5371
v 0.285701 -13.0624 13.1494
v 0.569802 -10.6913 -9.67641
v 0.524904 -11.3119 -9.33509
v 0.151727 -10.6574 0.910211
v 0.625938 -11.0334 1.80373
v 0.453609 -11.2041 2.82138
v 0.341934 -11.3673 3.62851
v 0.720386 -9.64113 -9.76137
v 0.0378029 -9.50825 -9.57725
v 0.364318 -9.53563 0.78654
v 0.587769 -9.67906 1.75356
v 0.366914 -9.6457 2.42598
v 0.879078 -8.59003 -9.77129
v 0.264697 -8.10669 -9.58659
v 0.457248 -7.93687 2.72233
v 0.56747 -6.16129 -9.72005
v 0.457199 -6.65173 -9.11785
v 0.603875 -6.58871 2.91126
v 0.476821 -5.33873 -10.3891
v 0.599154 -5.16686 2.9303
v 0.399898 -4.15544 -11.1433
v 0.466105 -3.82082 2.74402
v 0.500949 -2.63236 -11.2718
v 0.475825 -2.35478 2.43454
v 0.433153 -1.7375 -10.9762
v 0.472627 -0.892168 -10.2645
v 0.365722 -1.00128 1.88644
v 0.524749 -0.000656994 -9.23423
v 0.193256 0.209181 -3.25518
v 0.397565 0.2317 -2.54835
v 0.281879 0.204412 -1.59733
v 0.721453 0.317128 -0.787302
v 0.482201 0.67781 0.58347
v 0.536912 0.151712 1.56903
v 0.393793 1.58427 -7.92654
v 0.56652 2.0262 -6.18195
v 0.0996341 1.35464 -3.79874
v 0.23772 1.35629 -2.54644
v 0.317263 1.23806 -1.61106
v 0.419241 1.19244 -0.52857
v 0.745256 1.01068 0.709433
v 0.112088 0.896732 1.93602
v 0.560096 1.65098 2.7098
v 0.294264 1.99335 3.73066
v 0.118014 1.99304 4.40984
v 0.359718 2.93705 -6.99474
v 0.227906 2.77501 -6.01143
v 0.599423 2.92172 4.30134
v 0.549607 2.8066 4.83539
v 0.54233 3.14948 5.83118
v 0.577293 3.30976 6.979
v 0.9427 4.55032 -8.67237
v 0.0831105 4.67894 -8.16057
v 0.50834 3.87122 6.02632
v 0.195669 3.99897 7.28974
v 0.64353 5.95459 -9.96954
v 0.700726 5.31948 -8.92642
v 0.324291 5.01136 -8.42723
v 0.578452 5.51252 7.33959
v 0.36786 6.98688 -10.2276
v 0.518629 6.98839 7.19213
v 0.724049 9.03439 -10.9131
v 0.262724 8.47195 -10.6452
v 0.357394 8.34328 7.16083
v 0.467273 9.68606 -10.7893
v 0.224685 10.3358 -10.6338
v 0.40804 9.8146 6.84427
v 0.864639 10.5813 -10.8524
v 0.422414 11.3032 -10.3522
v 0.844906 10.8727 5.45125
v 0.527531 11.2203 6.10115
v 0.0913696 10.6673 6.67043
v 0.868543 13.0645 -9.72488
v 0.702714 13.2814 -9.53475
v 0.530799 13.167 4.17064
v 0.407889 12.6543 4.96297
v 0.0698856 11.9491 5.80534
v 0.360146 13.8668 -9.06255
v 0.427921 14.264 -7.81109
v 0.888639 14.7014 -7.05441
v 0.95908 14.6658 -6.05275
v 0.537625 14.6383 -4.51074
v 0.394864 14.5447 -3.66828
v 0.363562 14.5714 -2.74877
v 0.337824 14.6418 -1.8262
v 0.345798 14.6801 -0.493611
v 0.591704 14.5547 0.7121
v 0.672391 14.3422 1.64619
v 0.460933 13.9785 2.72038
v 0.239574 13.5974 3.67972
v 0.898987 15.6116 -10.8646
v 0.814426 15.8038 -10.408
v 0.573714 15.7096 -8.97207
v 0.443746 15.2748 -8.00883
v 0.364445 14.9642 -6.80508
v 0.276573 14.9256 -5.73791
v 0.0590376 14.8946 -4.96742
v 0.0732166 14.7162 -3.96893
v 0.704431 14.7152 -1.53232
v 0.773533 14.7288 -0.532597
v 0.730938 16.5398 -10.0337
v 0.327396 16.7419 -9.23421
v 0.232652 16.4504 -8.32815
v 1.03387 -14.818 -8.65518
v 1.53612 -15.0981 -8.10593
v 1.38468 -15.6641 -7.15902
v 1.46709 -15.8343 -5.89883
v 1.52987 -15.8378 -4.61749
v 1.28837 -15.8378 -3.51648
v 1.52866 -15.8378 -2.52919
v 1.50553 -15.8378 -1.56291
v 1.51583 -15.7732 -0.440617
v 1.22713 -15.5063 0.608525
v 1.46888 -15.3059 1.76613
v 1.531 -15.2693 2.65898
v 1.51668 -15.4474 3.7261
v 1.49685 -15.0211 5.08695
v 1.42807 -15.2942 6.21859
v 1.54111 -15.2359 6.90604
v 1.51638 -15.7961 8.03519
v 1.36911 -15.8378 9.02503
v 1.60001 -15.8282 10.3294
v 1.49124 -15.5902 11.547
v 1.32423 -15.2694 12.4789
v 1.44456 -14.9409 13.1884
v 1.55292 -14.0678 -9.01164
v 1.08948 -13.5048 0.700525
v 1.27843 -13.7474 1.86086
v 1.36733 -13.7251 2.68524
v 1.43828 -13.536 3.5808
v 1.33503 -13.9188 4.94643
v 1.43635 -13.537 6.05649
v 1.34247 -13.7732 6.98713
v 1.74348 -13.9349 12.522
v 1.41731 -13.9372 13.5656
v 1.49554 -12.4689 -9.45519
v 1.44282 -12.1726 1.73216
v 1.49086 -12.4126 2.87339
v 1.44208 -12.4628 3.85354
v 1.37557 -12.3639 4.97053
v 1.75459 -12.5705 5.59929
v 1.5265 -12.5832 8.14039
v 1.64445 -11.8608 9.28246
v 1.43143 -11.8656 10.2594
v 1.27081 -12.0668 11.2297
v 1.63869 -12.4102 12.2302
v 1.62894 -10.8754 -9.79515
v 1.54831 -11.5314 -9.54637
v 1.51635 -11.3318 2.97535
v 1.3612 -11.2399 3.87644
v 1.94346 -11.403 4.41957
v 1.42195 -9.76648 -9.86508
v 1.44962 -9.63675 1.71762
v 1.4783 -9.69997 2.70079
v 1.42124 -8.21867 -9.87782
v 1.46282 -8.23182 2.99881
v 1.66762 -6.68516 -9.98116
v 1.29891 -6.9273 -9.4952
v 1.61748 -6.93992 3.28595
v 1.59236 -6.46989 3.34154
v 1.50068 -5.08489 -10.8049
v 1.52006 -5.71816 -10.4879
v 1.58315 -5.1668 3.3668
v 1.46481 -4.07779 -11.1257
v 1.3262 -3.63039 3.11948
v 1.61852 -4.10046 3.32907
v 1.45852 -2.78461 -11.0982
v 1.44201 -2.3476 2.92061
v 1.42095 -1.12181 -10.1973
v 1.7143 -0.584534 -9.58346
v 1.51739 -1.10224 2.53269
v 1.61384 0.252674 -9.005
v 1.25648 0.0240868 -2.14078
v 1.47408 0.161992 -1.49774
v 1.29017 0.286246 -0.38664
v 1.64108 0.572292 0.633769
v 1.41342 0.420213 1.75844
v 1.45646 1.39471 -8.29131
v 1.54647 2.13368 -6.85044
v 1.61822 1.73793 -6.03627
v 1.91309 1.13988 0.975379
v 1.33586 1.18755 1.9149
v 1.35397 1.96715 2.74184
v 1.36002 2.01126 3.69834
v 1.45884 3.44305 -7.76616
v 1.36169 2.62485 -6.95049
v 1.32279 2.54329 -6.00905
v 1.51138 2.78275 3.81994
v 1.89938 3.52722 5.03364
v 1.39123 3.18458 6.07989
v 1.76028 4.57681 -8.96747
v 1.21194 3.84298 -8.05971
v 1.46022 3.62616 5.35581
v 1.11876 3.66336 5.5574
v 1.46667 4.39436 6.90296
v 1.76817 5.84671 -9.79438
v 1.172 5.573 -9.46118
v 1.39435 5.62845 6.81383
v 1.46185 6.89836 -10.2794
v 1.74992 7.25748 6.38227
v 1.2589 6.86716 6.73689
v 1.49003 8.1975 -11.0345
v 1.68755 8.72556 6.33544
v 1.13648 8.65159 6.67659
v 1.40585 9.79662 -11.1141
v 1.36377 10.0741 6.12776
v 1.93635 10.7532 -10.7477
v 1.6862 11.4111 -10.304
v 1.46421 11.2863 5.17393
v 1.46245 11.0728 5.86308
v 1.18002 12.5788 -10.0198
v 1.76563 13.3003 -9.4113
v 1.61375 12.8549 4.03064
v 1.06592 12.743 4.47753
v 1.28744 14.6908 -10.792
v 1.30775 14.1964 -10.1807
v 1.41976 13.7618 -9.13616
v 1.35052 14.1673 -8.15863
v 1.60769 14.4195 -6.86843
v 1.53493 14.4414 -5.90532
v 1.47504 14.3449 -4.93677
v 1.30302 14.4557 -3.85343
v 1.27116 14.624 -2.73058
v 1.59454 14.6604 -0.38063
v 1.68958 14.5151 0.599881
v 1.53738 14.142 1.77461
v 1.23136 13.8434 2.63083
v 1.64 13.3436 3.33012
v 1.30796 15.269 -10.813
v 1.41353 15.3809 -10.4088
v 1.44579 15.2452 -9.1431
v 1.27469 15.2084 -8.34822
v 1.42675 14.7129 -2.38053
v 1.50818 14.761 -1.3758
v 1.13554 16.4732 -10.1582
v 1.20268 16.4342 -9.19223
v 2.42293 -15.0373 -7.71493
v 2.47676 -15.4864 -6.88151
v 2.7464 -15.7268 -5.94413
v 2.50159 -15.8378 -4.85506
v 2.25455 -15.8378 -3.75259
v 2.49116 -15.8378 -2.76308
v 2.72772 -15.8378 -1.77081
v 2.47813 -15.8226 -0.659008
v 2.40952 -15.4524 0.541414
v 2.4753 -15.5603 1.68351
v 2.67981 -15.8321 2.97119
v 2.30684 -15.8277 4.02561
v 2.43506 -15.7081 4.98983
v 2.47096 -15.4799 5.99097
v 2.44738 -15.7993 7.06131
v 2.51337 -15.8378 8.18576
v 2.36432 -15.8378 9.17785
v 2.71413 -15.7198 10.2221
v 2.50293 -15.2841 11.435
v 2.25527 -14.881 12.5055
v 2.55957 -13.4446 -9.03758
v 2.56456 -14.3609 -8.39766
v 2.00608 -13.4147 2.20788
v 2.48859 -13.7484 2.86714
v 2.48694 -13.586 3.80281
v 2.98007 -13.7077 11.9265
v 2.42062 -13.8137 12.3526
v 2.52874 -12.0749 -9.52411
v 2.50148 -12.2648 1.74016
v 2.47643 -12.3161 2.81434
v 2.41567 -12.3967 3.96646
v 2.28909 -12.1262 4.72321
v 2.09709 -12.5274 6.30093
v 2.32569 -12.4009 7.17311
v 2.44248 -12.2915 8.367
v 2.48531 -11.7803 10.5402
v 2.42912 -12.3882 11.5087
v 2.1855 -12.9928 12.2295
v 2.74226 -10.6972 -9.77968
v 2.46566 -11.314 3.05741
v 2.52513 -11.0338 3.77384
v 2.68125 -11.4383 5.00162
v 2.5046 -11.4276 5.89393
v 2.72852 -11.6241 7.1722
v 2.72783 -11.6098 9.2617
v 2.20236 -11.672 10.1701
v 2.53507 -9.5939 -9.8658
v 2.35531 -9.61313 2.13542
v 2.63259 -9.71176 2.91634
v 2.40861 -8.20988 -9.91461
v 2.44263 -8.57138 3.0187
v 2.34273 -7.64835 3.4108
v 2.4422 -6.68241 -10.0265
v 2.64333 -6.58753 3.58873
v 2.56625 -5.06188 -10.8829
v 2.56893 -5.74761 -10.6994
v 2.6219 -5.18313 3.59597
v 2.52488 -4.00462 -10.988
v 2.55408 -3.88564 3.57329
v 2.3791 -2.72298 -10.8472
v 2.74118 -2.2623 -10.5413
v 2.47245 -2.00578 3.28335
v 2.39888 -2.70109 3.41107
v 2.51086 -1.4392 -10.1365
v 2.44303 -0.893701 2.82715
v 2.49627 -0.053389 -9.15615
v 2.23225 0.411304 -1.01727
v 2.38113 0.516325 -0.428313
v 2.27544 0.693556 0.504605
v 2.36282 0.59009 1.98652
v 2.533 -0.0480164 2.40123
v 2.68399 0.847428 -8.6898
v 2.34584 1.62692 -8.07692
v 2.68323 1.72926 -7.00839
v 2.54174 1.89687 -5.97832
v 2.53744 0.991967 -1.47129
v 2.44011 1.04568 -0.643304
v 2.69105 1.06667 0.632433
v 2.4396 1.29033 1.61312
v 2.43376 2.06767 2.77497
v 2.52982 3.36542 -8.06615
v 2.41698 2.46106 -7.13062
v 2.5682 2.72556 3.1194
v 2.82309 3.29994 4.2647
v 2.36585 3.45969 4.70776
v 2.26408 3.181 5.86517
v 2.60536 4.28471 -8.9214
v 2.00555 3.79919 -8.25359
v 2.75101 3.91226 5.32775
v 2.43445 4.25239 6.12279
v 1.99558 4.31166 6.66193
v 2.2653 5.96815 -9.87829
v 2.6584 5.34374 -9.37542
v 2.41289 5.64495 5.9741
v 2.46752 7.62184 -10.8568
v 2.33424 7.02217 -10.4624
v 2.48902 7.07008 5.88755
v 2.50985 8.38916 -11.2798
v 2.6272 8.34555 5.83064
v 2.33556 9.80838 -11.2447
v 2.75941 10.197 5.32109
v 2.32386 9.62776 5.78056
v 2.12251 10.6155 -11.0221
v 2.54877 11.0779 -10.4475
v 2.9005 11.887 4.22924
v 2.44011 11.1338 5.00502
v 2.05142 11.0962 5.77043
v 2.48294 12.4405 -9.9014
v 2.70334 12.8664 -9.46359
v 2.79137 13.016 3.13302
v 2.33808 12.9221 3.52397
v 2.46072 13.4973 -8.77211
v 2.41271 13.8989 -7.92428
v 2.54288 14.0403 -6.95515
v 2.72888 14.1066 -5.76342
v 2.50464 14.3917 -4.7788
v 2.25929 14.6003 -3.75772
v 2.65037 14.6168 -0.511894
v 2.75819 14.3688 0.456674
v 2.27109 14.031 1.67621
v 2.45438 13.4553 2.67193
v 2.45978 14.7585 -2.52714
v 2.55193 14.7534 -1.51535
v 3.49954 -15.146 -6.8995
v 3.64351 -15.5125 -6.03745
v 3.45224 -15.8167 -4.81937
v 3.55855 -15.8378 -3.63001
v 3.56859 -15.8378 -2.4979
v 3.55401 -15.7095 -1.38738
v 3.54407 -15.4549 -0.505234
v 3.50113 -15.8111 0.618673
v 3.57014 -15.8378 1.86159
v 3.68863 -15.8378 2.84817
v 3.3033 -15.8378 3.89693
v 3.41386 -15.8378 4.89544
v 3.61454 -15.7261 6.05462
v 3.52243 -15.8378 7.20963
v 3.50714 -15.8378 8.33608
v 3.36393 -15.8378 9.3267
v 3.66091 -15.3588 10.2754
v 3.33401 -14.8769 11.2565
v 3.63409 -13.211 -8.73176
v 3.48281 -14.1943 -8.05426
v 3.81951 -13.0969 0.844714
v 3.42848 -13.4706 3.84668
v 3.51636 -13.6495 11.4845
v 3.54724 -12.206 -9.22263
v 3.15208 -12.8978 1.00731
v 3.5124 -12.3509 1.79053
v 3.61477 -12.0836 2.83928
v 3.69683 -12.8129 3.76574
v 3.41507 -12.2449 4.74102
v 3.39966 -11.9452 8.19826
v 3.58317 -12.1323 10.7172
v 3.4121 -12.5881 11.172
v 3.49386 -10.4554 -9.70255
v 3.38835 -11.1475 -9.58422
v 3.41826 -11.4339 2.87527
v 3.42992 -10.96 3.73673
v 3.65642 -11.1124 4.75957
v 3.71551 -11.0677 5.89119
v 3.53255 -11.0625 6.81895
v 3.44036 -11.3047 7.8991
v 3.6775 -11.5506 9.20623
v 3.49465 -11.5754 10.1667
v 3.64312 -9.4136 -9.77392
v 3.43018 -9.79001 3.07927
v 3.44636 -9.66726 3.49997
v 3.50197 -8.09519 -10.1537
v 3.55932 -8.7691 2.91522
v 3.43531 -7.97464 3.51468
v 3.61521 -6.76734 -10.5092
v 3.69021 -6.58653 3.547
v 3.27899 -5.26465 -10.7883
v 3.83865 -5.4377 -10.6363
v 3.69066 -5.23259 3.65855
v 3.21963 -3.96763 -10.8109
v 3.89231 -3.95013 -10.5554
v 3.50403 -3.69183 3.74574
v 3.4919 -2.69083 -10.4024
v 3.46359 -2.38951 3.67543
v 3.46225 -1.60283 -9.90365
v 3.61604 -0.966948 -9.47359
v 3.38458 -0.702889 3.06964
v 3.58573 -1.35376 3.46615
v 3.48 -0.127853 -9.05061
v 3.0512 0.529027 2.16487
v 3.64791 0.176816 2.52718
v 3.58064 1.1938 -8.14943
v 3.59225 1.74827 -6.73169
v 3.45348 1.50707 -5.89844
v 3.52664 1.27587 -1.19452
v 3.56342 1.33587 -0.340201
v 3.55336 1.2699 0.553687
v 3.54353 1.53018 1.74384
v 3.33369 2.06964 2.68631
v 3.40154 3.01431 -7.95269
v 3.31112 2.33334 -6.89635
v 3.09362 2.23591 1.97702
v 3.46822 2.82986 2.81483
v 3.58624 3.20308 3.65721
v 3.36588 3.23492 4.80304
v 3.56719 4.33387 -9.20756
v 3.98081 4.54849 4.15057
v 3.52671 4.25926 4.90517
v 3.19941 4.53097 5.5908
v 3.73703 5.67461 -9.83362
v 3.50139 5.6477 4.96464
v 3.42592 7.62573 -10.7907
v 3.50703 6.79963 -10.2883
v 3.65808 7.10782 5.14485
v 3.08956 6.88419 5.49164
v 3.42785 8.6642 -10.9957
v 4.03682 9.06042 -10.674
v 3.5655 8.60169 5.22281
v 3.20375 10.0511 -10.8941
v 3.83191 10.0938 -10.5479
v 3.59583 10.0351 4.89807
v 3.56652 11.515 -10.0112
v 3.83568 11.3293 4.10473
v 3.42213 10.8727 4.61074
v 3.60912 12.7158 -9.0758
v 3.53413 13.3034 -8.23707
v 3.84896 13.227 2.18453
v 3.40141 13.1158 2.62268
v 3.72292 12.0705 3.57018
v 3.28813 13.5514 -7.91385
v 3.60315 13.7805 -6.86114
v 3.69087 14.2993 -5.74016
v 3.28515 14.5824 -4.69746
v 3.62013 14.7043 -3.99174
v 3.34549 14.6792 -1.36948
v 3.79392 14.4664 -0.416971
v 3.34321 14.1161 0.84627
v 3.46098 13.6858 1.71674
v 3.31172 14.7392 -3.60118
v 3.4806 14.8239 -2.67893
v 3.65087 14.7311 -1.752
v 4.47463 -14.8812 -6.69721
v 4.3075 -15.4569 -5.74758
v 4.56128 -15.7131 -4.80309
v 4.78852 -15.8302 -3.82734
v 4.51541 -15.7272 -2.74142
v 4.60212 -15.7339 -1.52862
v 4.67311 -15.8352 -0.338846
v 4.45497 -15.8378 0.747677
v 4.57773 -15.8378 1.73914
v 4.69378 -15.8378 2.73307
v 4.30222 -15.8378 3.78384
v 4.40764 -15.8378 4.77955
v 4.60694 -15.771 5.99607
v 4.60716 -15.8378 7.123
v 4.45423 -15.8378 8.22043
v 4.53148 -15.3647 9.46418
v 4.29104 -14.7411 10.4162
v 4.47594 -13.5371 -8.05146
v 4.74438 -14.3841 -7.12945
v 4.48867 -13.2902 0.685623
v 4.08122 -13.4247 3.78578
v 4.59145 -13.4917 10.5207
v 4.05882 -13.5593 11.0107
v 4.5294 -12.2787 -8.79182
v 4.72569 -12.7069 1.01431
v 4.48158 -12.5511 1.56407
v 4.45136 -12.2489 2.6256
v 4.61484 -12.6066 3.94769
v 4.34067 -12.3561 4.65618
v 5.03013 -12.0151 9.2311
v 4.5529 -12.2987 10.1767
v 4.46491 -10.915 -9.32663
v 4.61158 -11.2085 3.02102
v 4.54795 -10.7188 3.638
v 4.70115 -11.2866 4.82734
v 4.81864 -10.9274 6.06906
v 4.32005 -10.9225 7.35069
v 4.40731 -11.0321 8.35198
v 4.47879 -11.4545 9.25125
v 4.34535 -9.51056 -9.69157
v 4.97979 -9.92495 -9.4646
v 4.51021 -9.70027 3.56205
v 4.54191 -8.18243 -10.0789
v 4.62098 -8.78411 3.09067
v 4.51126 -7.91762 3.55717
v 4.64933 -6.78491 -10.3034
v 4.67966 -6.24737 3.1382
v 4.45023 -6.85737 3.59006
v 4.64132 -5.36356 -10.3438
v 4.40578 -5.26464 3.60423
v 4.5395 -3.94931 -10.2388
v 4.45131 -3.8628 3.81345
v 4.56818 -2.68511 -9.87122
v 4.91244 -2.2315 -9.53161
v 4.51251 -2.44906 3.91317
v 4.50179 -1.35316 -9.34322
v 4.06293 -0.732418 3.29282
v 4.54704 -1.00062 3.59949
v 4.37854 -0.0593142 -8.74125
v 4.68832 0.372186 -8.35799
v 4.52761 0.0159637 2.8548
v 4.6975 0.978849 -7.94057
v 4.60368 1.6184 -6.97108
v 4.52988 1.59187 -5.91461
v 4.58145 1.48145 -0.49461
v 4.34286 1.65429 0.745248
v 4.57787 1.2744 1.51813
v 4.68654 3.52453 -8.66297
v 4.52101 2.98081 -8.08647
v 4.14352 2.26365 -7.08767
v 4.61771 2.45393 1.75929
v 4.61156 3.18385 2.73463
v 4.43353 3.32646 3.54544
v 4.17761 4.70792 -9.71453
v 4.62646 4.2725 -9.15359
v 4.44606 4.2207 3.7683
v 4.07425 3.71102 4.49016
v 4.51138 5.62904 -9.82176
v 4.77009 5.67788 4.10975
v 4.23726 5.94689 4.56416
v 4.5334 7.44496 -10.3103
v 4.5599 7.1579 4.59537
v 4.44508 8.68399 -10.4822
v 4.44887 8.43067 4.71811
v 4.56645 10.2219 -10.1148
v 4.80458 9.90821 4.17339
v 4.36106 9.54838 4.58469
v 4.43982 10.9386 -9.89641
v 4.6585 11.5087 -9.49845
v 5.07174 11.8691 2.90528
v 4.56514 11.3943 3.58963
v 4.54273 12.4377 -8.91965
v 4.35637 13.0442 -8.16259
v 4.11647 13.2846 1.93978
v 4.63115 12.5822 2.52294
v 4.49665 13.4991 -7.68373
v 4.55634 14.0027 -6.90783
v 4.69597 14.3865 -5.963
v 4.30817 14.6293 -4.87922
v 4.66023 14.6104 -1.43317
v 4.74018 14.249 -0.321312
v 4.914 13.5771 1.0124
v 4.47572 13.4076 1.53752
v 4.403 14.7793 -3.85413
v 4.48736 14.7995 -2.81527
v 4.79845 14.717 -2.06782
v 5.48352 -15.0136 -5.82314
v 5.65578 -15.5177 -4.74972
v 5.57262 -15.8378 -3.73551
v 5.42611 -15.8071 -2.67904
v 5.68982 -15.8378 -1.44261
v 5.8269 -15.8378 -0.44173
v 5.45749 -15.8378 0.6221
v 5.57994 -15.8378 1.62105
v 5.6952 -15.8378 2.62198
v 5.56264 -15.8378 3.73279
v 5.51398 -15.8378 4.91663
v 5.53982 -15.8378 6.17767
v 5.61152 -15.8378 7.16382
v 5.67672 -15.3838 8.247
v 5.31193 -15.2159 8.92464
v 5.51328 -13.2536 -7.67129
v 5.61909 -14.0205 -6.94222
v 5.61482 -13.3997 0.722788
v 5.8295 -13.3042 9.28812
v 5.09833 -13.4394 10.0437
v 5.24538 -11.9766 -8.58138
v 5.55411 -12.418 -8.17774
v 5.72483 -12.9886 0.807717
v 5.56765 -12.1504 1.77834
v 5.58446 -12.345 3.82086
v 5.44781 -11.9941 4.41815
v 6.02577 -11.7564 8.26404
v 5.62956 -12.2572 9.10698
v 5.45012 -10.9749 -8.89418
v 6.01755 -11.3316 -8.45362
v 6.09004 -11.4067 2.22399
v 5.63022 -11.2256 2.7188
v 5.62731 -10.9726 3.85268
v 5.66687 -11.075 4.73638
v 5.82583 -10.8912 5.99642
v 5.57179 -11.0357 7.32442
v 5.35347 -11.3289 8.20739
v 5.09889 -9.24621 -9.64511
v 5.56451 -9.53731 -9.31656
v 5.84635 -10.2648 3.27161
v 5.46018 -9.74018 3.46594
v 5.21466 -8.20355 -9.83824
v 5.84626 -8.21928 -9.50312
v 5.32462 -8.81673 3.22376
v 5.60052 -8.19536 3.46026
v 5.50497 -6.67655 -9.88454
v 5.91168 -7.1581 -9.62372
v 5.81245 -6.8355 3.09284
v 5.15819 -6.81639 3.4344
v 5.54717 -5.42232 -9.86078
v 5.87332 -5.02144 -9.62073
v 5.79689 -5.63058 3.22063
v 5.35587 -5.17581 3.47423
v 5.17106 -3.95385 -9.89199
v 5.79151 -3.96029 -9.52587
v 5.52258 -3.91264 3.74612
v 5.60281 -2.57184 -9.27068
v 5.57819 -2.5198 4.01118
v 5.57338 -1.33264 -8.81497
v 5.90095 -0.880124 -8.45881
v 5.69124 -1.12084 3.97816
v 5.46522 -0.0203973 -8.24565
v 5.3263 0.778686 2.17903
v 5.64537 0.405184 2.6174
v 5.59694 -0.242465 3.33566
v 5.34888 1.00338 -7.63539
v 5.70039 1.57676 -6.85753
v 5.5729 1.44612 -5.92934
v 5.50888 1.49064 -5.28614
v 5.42955 1.65824 -0.288489
v 5.55444 1.64313 0.499821
v 5.54395 1.16575 1.6229
v 5.5868 3.12342 -8.10576
v 5.4913 2.37437 -7.28995
v 5.74004 2.5559 0.93937
v 5.71901 3.11542 1.74971
v 5.15265 3.1763 2.33384
v 5.57571 4.2189 -8.94617
v 5.97761 3.67346 1.8572
v 5.52129 4.09637 2.88452
v 5.1961 4.94156 3.5357
v 5.26125 5.66023 -9.71925
v 5.95463 5.65162 -9.46405
v 5.76577 5.10648 3.15873
v 5.62547 6.06599 3.66859
v 5.45139 7.38056 -9.98214
v 5.65397 7.15648 3.89628
v 5.73625 8.48057 -9.86988
v 5.50842 8.48193 4.04855
v 5.54656 9.49295 -9.85359
v 5.83376 9.93638 -9.62468
v 5.70818 9.67038 3.7045
v 5.57982 11.3158 -9.22446
v 5.50536 11.3743 3.02945
v 5.21021 10.8798 3.50692
v 5.79322 12.0881 -8.78515
v 5.53517 12.8787 -8.19001
v 5.76257 12.6901 1.71578
v 5.56852 12.0741 2.43305
v 5.69469 13.3688 -7.71644
v 5.5774 13.8576 -7.03966
v 5.66071 14.4182 -5.84937
v 5.59313 14.6789 -4.79171
v 5.70343 14.7011 -3.20885
v 5.60112 14.6735 -2.32078
v 5.59044 14.4642 -1.40396
v 5.90985 13.9897 -0.189383
v 5.38292 13.7468 0.485176
v 5.20407 13.3628 1.168
v 5.63344 14.7529 -4.26795
v 5.35198 14.7837 -3.52655
v 5.24982 14.7317 -2.63915
v 6.58613 -14.8809 -5.32642
v 6.56872 -15.1988 -4.76163
v 6.58954 -15.6789 -3.55479
v 6.51974 -15.8216 -2.59791
v 6.67432 -15.8378 -1.58457
v 6.81661 -15.8378 -0.574161
v 6.45347 -15.8378 0.498596
v 6.57632 -15.8378 1.50523
v 6.63661 -15.8378 2.7734
v 6.85085 -15.8378 4.02688
v 6.45054 -15.8342 5.0853
v 6.5312 -15.7608 6.08853
v 6.65565 -15.2548 7.22715
v 6.34592 -15.0833 7.94968
v 6.45698 -13.4588 -6.9205
v 6.74279 -14.2064 -6.02681
v 6.48148 -13.6982 0.0673367
v 6.68205 -13.3732 0.482532
v 6.58772 -13.2357 8.44476
v 6.11479 -13.8643 8.94421
v 6.54918 -12.2685 -7.68793
v 6.98821 -12.4453 -7.30665
v 6.73333 -12.6691 1.00993
v 6.499 -12.2293 1.56423
v 6.52093 -12.1053 3.77051
v 6.44022 -12.031 4.5127
v 6.95751 -12.9943 8.01076
v 6.14565 -10.6573 -8.64829
v 6.70026 -11.0082 -8.18478
v 6.76375 -11.5546 2.00692
v 6.57704 -11.0632 2.65038
v 6.66599 -10.8775 4.00767
v 6.77895 -11.2026 5.04801
v 6.75822 -10.9375 6.16821
v 6.76051 -11.3548 7.06719
v 6.50133 -11.6722 7.74439
v 6.52738 -9.51559 -8.79123
v 6.87314 -9.98488 -8.44723
v 6.55593 -9.94867 3.04721
v 6.57689 -10.2909 3.95536
v 6.76118 -8.23304 -8.9419
v 6.6361 -8.54418 3.14459
v 6.77912 -6.86292 -9.08894
v 6.63331 -6.66171 2.74342
v 6.80353 -5.38567 -9.06555
v 6.5082 -5.28848 3.12729
v 6.70311 -3.96825 -8.946
v 6.57992 -3.93844 3.55945
v 6.44329 -2.68842 -8.80019
v 6.77991 -2.22821 -8.45073
v 6.74028 -2.4983 3.87066
v 6.69752 -1.14009 -8.09824
v 6.72227 -1.18342 4.20507
v 6.51728 0.00882417 -7.68103
v 6.82199 0.452669 -7.27821
v 6.59395 0.318993 2.73084
v 6.61764 -0.36906 3.61503
v 6.48738 1.30189 -6.73684
v 6.56087 1.61474 -5.80133
v 6.54033 1.52523 -4.80523
v 6.97756 1.47014 -3.77556
v 6.53742 1.48894 -0.255996
v 6.70708 1.84516 0.323155
v 6.53631 1.09434 1.60341
v 6.49749 3.17306 -7.71739
v 6.61491 2.55509 -6.98546
v 7.05624 2.33314 -6.30512
v 6.75458 3.02372 0.799899
v 6.27154 3.09125 1.26729
v 6.43918 4.60328 -8.75339
v 6.57502 3.96024 -8.29854
v 6.84321 4.24565 1.88883
v 6.43563 4.5998 2.41321
v 6.65795 5.68106 -9.00918
v 6.59131 5.51456 2.79599
v 6.1339 7.05889 -9.65848
v 6.61411 6.8259 -9.27002
v 6.80012 6.75499 3.10653
v 6.51252 7.35627 3.38428
v 6.11842 7.78491 -9.69516
v 6.69951 8.22364 -9.2975
v 6.95996 8.65518 3.10718
v 6.40243 8.62477 3.46827
v 6.73985 9.77272 -9.08139
v 6.57855 9.98314 3.04734
v 6.59772 11.062 -8.84291
v 6.61115 11.8739 1.96903
v 6.34013 11.2445 2.59257
v 6.65089 12.4944 -7.99192
v 6.65061 13.1544 0.622648
v 6.71352 12.4009 1.42251
v 6.53102 13.6288 -6.9174
v 6.68856 14.1856 -5.77366
v 6.85354 14.5203 -4.59423
v 6.74007 14.5752 -3.56915
v 6.7705 14.338 -2.46092
v 6.76096 14.2891 -1.30873
v 6.3704 14.3401 -0.703811
v 6.44657 13.616 0.182159
v 6.62546 15.1391 -3.48518
v 6.71292 15.2985 -2.57622
v 6.62784 15.2413 -1.39458
v 6.75168 15.5843 -0.87551
v 6.85494 16.7394 -2.56144
v 6.78273 16.8783 -1.41627
v 6.69441 16.4799 -0.885459
v 7.45561 -14.8511 -4.68995
v 7.71653 -15.2328 -3.7662
v 7.47246 -15.6578 -2.73606
v 7.64657 -15.7845 -1.7255
v 7.91301 -15.824 -0.461985
v 7.44217 -15.8378 0.375632
v 7.51369 -15.8378 1.65289
v 7.73699 -15.8179 2.91394
v 7.82725 -15.6994 3.92757
v 7.63089 -15.5576 4.86512
v 7.64587 -15.0446 5.984
v 7.25154 -14.9002 6.85975
v 7.33652 -13.2784 -6.51664
v 7.69689 -13.8447 -5.74271
v 8.03551 -14.3832 -4.93663
v 7.58565 -13.7453 -0.21691
v 7.68125 -13.4877 0.273797
v 7.7148 -13.5403 7.05479
v 7.79025 -12.4582 -6.78082
v 7.71488 -12.5953 0.873661
v 7.51763 -12.0558 1.46966
v 7.31834 -11.7687 4.15702
v 7.69478 -12.8884 7.16875
v 7.43972 -10.9511 -7.73912
v 7.88012 -11.1342 -7.36194
v 7.70693 -11.399 1.74843
v 7.56813 -10.7162 2.59016
v 7.63524 -10.8486 3.8266
v 7.7351 -11.1408 4.89584
v 7.71746 -11.1864 6.03318
v 7.4608 -11.4971 6.71335
v 7.81055 -9.6442 -7.91454
v 7.56473 -9.26921 2.60968
v 7.65313 -8.23976 -8.3432
v 7.57942 -8.20484 2.6229
v 7.13651 -6.45863 -8.89508
v 7.70998 -6.81798 -8.45719
v 7.70653 -6.15316 2.09041
v 7.54121 -7.14257 2.5549
v 7.68956 -5.39123 -8.45262
v 7.51204 -5.24476 2.72735
v 7.77122 -3.85732 -8.17111
v 7.72548 -3.951 3.06106
v 7.75858 -3.93293 3.73252
v 7.95013 -3.69102 4.49552
v 7.70867 -2.57857 -7.88952
v 7.68792 -2.8168 2.97387
v 7.65782 -2.48893 3.74376
v 8.05878 -2.65131 4.70716
v 7.21738 -1.31595 -7.83668
v 7.76553 -1.20948 -7.37078
v 7.68961 -1.33561 3.82445
v 7.75955 0.121519 -6.76431
v 7.82498 0.646632 -5.50723
v 7.61811 0.641476 1.55275
v 7.58449 -0.0528763 2.83924
v 7.21174 1.04672 -6.55112
v 7.52093 1.48034 -5.7069
v 7.53838 1.49791 -4.77648
v 7.82024 1.55019 -3.75574
v 7.7732 1.55962 -2.68661
v 7.64753 1.74586 -1.65477
v 7.73217 1.78632 -0.0233234
v 8.03321 1.3523 0.25702
v 7.14378 1.19507 1.28268
v 7.66836 3.22213 -6.8016
v 7.73615 2.62294 -5.9885
v 8.08208 2.42332 -5.20445
v 7.74 2.2861 -1.32429
v 7.71888 2.76127 -0.0297054
v 7.35282 2.88162 0.222989
v 7.42434 4.44376 -7.89355
v 7.70387 4.0383 -7.38981
v 7.62482 4.34736 1.4347
v 7.57285 5.78791 -8.1955
v 7.80766 5.61509 2.06754
v 7.42899 5.85731 2.42789
v 7.30292 6.84704 -8.65557
v 7.80793 6.92338 -8.07036
v 7.55679 6.76269 2.63173
v 7.23281 8.30584 -8.78833
v 7.85061 8.51125 -8.03305
v 7.68372 8.29536 2.69293
v 7.12748 9.40799 -8.83242
v 7.79795 9.85902 -8.0066
v 7.52725 9.80317 2.5282
v 7.52471 11.3063 -7.90759
v 7.59427 11.3594 1.7305
v 7.21846 10.6582 2.35748
v 7.57835 12.6965 -7.03427
v 7.8783 13.1852 -0.284511
v 7.64934 12.4839 0.699447
v 7.57342 13.7314 -5.79622
v 7.75146 14.084 -4.52667
v 7.80534 14.3322 -3.4139
v 7.68119 14.1526 -2.38341
v 7.35978 14.2391 -1.92289
v 7.55222 13.6207 -0.747466
v 7.71781 15.4366 -3.3997
v 7.57201 15.4026 -2.85172
v 7.77249 16.7429 -3.33041
v 7.61374 17.1788 -2.64251
v 7.33818 17.15 -1.62246
v 8.60826 -14.8192 -3.83622
v 8.67261 -15.3111 -2.62005
v 8.67818 -15.6264 -1.34322
v 8.83054 -15.6875 -0.321268
v 8.48476 -15.7807 0.763148
v 8.59845 -15.7108 1.7854
v 8.67666 -15.5364 2.79727
v 8.69088 -15.2369 3.77905
v 8.60788 -14.8262 4.7199
v 8.41553 -13.5865 -5.53492
v 8.87726 -13.8588 -4.92377
v 8.63316 -13.7212 -0.334642
v 8.95195 -13.2019 0.338107
v 8.92628 -13.9738 5.00529
v 8.43646 -13.9116 5.85859
v 8.29624 -12.0337 -6.68156
v 8.8037 -12.3639 -6.14237
v 9.02878 -12.626 0.436425
v 8.75497 -11.9773 1.30575
v 9.17905 -12.4851 5.22257
v 8.59846 -12.7077 6.08648
v 8.76918 -11.022 -6.75502
v 8.63468 -10.9719 1.72588
v 8.67937 -11.123 2.86848
v 8.58827 -10.8399 3.82257
v 8.62793 -11.2002 4.81687
v 8.40153 -11.3629 5.65878
v 8.76803 -9.70753 -7.15658
v 8.73585 -9.27731 1.77579
v 8.42351 -8.11991 -7.78226
v 8.76497 -8.58761 -7.42574
v 8.76336 -8.21183 1.80942
v 8.56448 -6.81614 -7.80735
v 8.77597 -7.14614 1.81353
v 8.5434 -5.39081 -7.79666
v 8.70597 -5.78077 1.75639
v 8.70692 -4.82326 2.35181
v 8.73024 -5.02074 3.86477
v 9.17683 -5.15564 4.88242
v 8.38633 -4.32696 -7.79058
v 8.69939 -3.86057 -7.41077
v 8.9196 -4.43698 1.94438
v 8.40765 -3.99008 2.67227
v 8.41475 -3.59785 3.96834
v 8.56681 -4.32688 5.05141
v 8.80531 -3.99697 5.58898
v 8.78829 -2.58953 -6.93706
v 8.36647 -3.02161 3.03453
v 8.45049 -2.57118 3.89967
v 8.4456 -2.80777 5.28326
v 8.86753 -2.9644 5.8367
v 8.47653 -1.33825 -6.73419
v 8.90191 -0.924656 -5.96448
v 8.41642 -0.996808 2.71425
v 8.38243 -1.21146 3.73779
v 8.67313 -1.38489 5.03481
v 9.09517 -1.92992 5.93676
v 8.60845 -0.0411107 -5.79063
v 8.61446 0.457433 -4.74634
v 8.56728 0.68961 -3.45245
v 8.9637 0.612637 -2.86634
v 9.01004 0.737488 -1.78145
v 8.35403 0.150041 1.74268
v 8.74005 0.293841 2.71993
v 8.57219 -0.227327 3.64671
v 9.06473 -0.429574 4.57409
v 8.29762 1.45634 -3.75374
v 8.4033 1.47285 -2.54496
v 8.28768 1.35822 -1.72905
v 8.66911 0.987898 -0.445561
v 8.58145 1.09149 0.83105
v 9.05217 0.919452 1.51976
v 9.09734 0.834668 2.28945
v 8.45613 3.23546 -5.79484
v 8.80946 2.91981 -4.62283
v 8.80619 2.60501 -3.51881
v 8.51927 2.41045 -2.62609
v 8.71935 2.72506 -1.66849
v 8.72616 3.32432 -0.442153
v 8.37348 4.56482 -6.84486
v 8.93699 4.2469 -5.83793
v 8.80653 3.8001 -0.0061028
v 8.53083 4.28576 0.649591
v 8.25401 4.76485 1.30737
v 8.17268 5.88317 -7.49545
v 8.56861 5.91494 -6.94524
v 8.98654 5.57514 -6.29514
v 8.54031 5.69485 1.57184
v 8.23156 7.33264 -7.49365
v 8.56675 6.87769 -6.99684
v 9.10835 7.16541 -6.18725
v 8.75033 7.11463 1.8594
v 8.18798 7.39261 2.32507
v 8.17455 8.05592 -7.58088
v 8.6994 8.56846 -6.81532
v 9.01829 8.10443 -6.34963
v 8.69766 8.55934 1.9678
v 8.66368 9.89349 -6.82506
v 8.68891 9.89275 1.67244
v 8.47254 11.3327 -6.80232
v 9.05026 11.6291 -5.88569
v 8.78405 11.3894 0.830591
v 8.4906 10.9372 1.34173
v 8.53949 12.6444 -5.91816
v 9.051 12.7748 -4.91613
v 9.05378 13.2617 -3.87132
v 9.1182 13.2307 -2.59758
v 9.18003 12.962 -1.65745
v 8.78871 12.766 -0.558347
v 8.52763 12.2112 0.302119
v 8.5671 13.4097 -4.88871
v 8.72264 13.5681 -3.5271
v 8.31922 14.0118 -2.97903
v 8.65704 13.4363 -1.5896
v 8.69594 15.4418 -3.46742
v 8.53551 15.0646 -3.10598
v 8.58169 16.4718 -3.43736
v 8.49101 16.7555 -3.00085
v 9.46702 -14.7901 -3.19111
v 9.86484 -14.9267 -2.49513
v 9.60258 -15.3087 -1.45543
v 9.75726 -15.3765 -0.440881
v 9.64954 -15.3851 0.693844
v 9.6966 -15.1599 1.69105
v 9.53053 -14.8477 2.8425
v 9.2076 -14.6497 3.85239
v 9.59141 -13.6019 -4.71008
v 9.68102 -14.2172 -3.96434
v 9.6918 -13.683 -1.24151
v 9.71568 -13.4759 -0.55218
v 10.0313 -14.0554 2.80676
v 9.60882 -13.6148 3.94875
v 9.58307 -12.2438 -5.59264
v 9.87908 -12.6837 -5.16406
v 9.83966 -12.918 -0.502742
v 9.38318 -12.1065 0.822826
v 9.62768 -12.084 1.71217
v 9.77128 -12.1285 2.86875
v 9.64084 -12.2799 3.90057
v 9.34183 -12.4818 4.86029
v 9.82573 -10.9779 -5.7871
v 9.49255 -10.6903 0.941187
v 9.27544 -11.5273 2.91082
v 9.37467 -11.5551 3.96664
v 9.31307 -11.6628 4.6649
v 9.21849 -9.51128 -6.80822
v 9.89911 -9.57058 -5.96808
v 9.54109 -9.27273 1.03683
v 9.46323 -8.09153 -6.80233
v 10.0002 -8.26686 -5.99638
v 9.54181 -8.2042 1.05802
v 9.57595 -6.7976 -6.81448
v 9.98122 -7.08463 -5.81309
v 9.54599 -7.1309 1.07262
v 9.61036 -5.38604 -6.84061
v 10.1691 -5.70343 -5.34833
v 10.1211 -5.6837 -4.63811
v 10.0568 -5.66846 -3.57193
v 9.97257 -5.63794 -2.5059
v 9.86608 -5.58323 -1.43733
v 9.96047 -5.79172 -0.321877
v 9.81556 -5.59968 0.801854
v 9.80705 -5.68888 1.48851
v 9.69013 -5.49168 2.75509
v 9.8414 -5.63722 3.67549
v 9.67231 -5.4441 4.90857
v 9.76301 -5.08045 6.01413
v 9.41885 -4.09482 -6.78316
v 9.97287 -3.78447 -6.04123
v 9.27458 -3.80943 6.20529
v 9.75871 -3.96422 6.70745
v 9.74347 -2.61455 -5.85977
v 9.42861 -2.42766 6.46942
v 9.8772 -2.58293 7.00299
v 9.29943 -1.59582 -5.88128
v 9.80316 -1.33125 -4.88609
v 10.2044 -1.12109 -3.8369
v 10.1959 -0.640518 -2.93116
v 9.69746 -1.02076 6.17747
v 10.1267 -1.54991 7.07883
v 9.22421 -0.386374 -4.81932
v 9.56837 -0.215776 -3.74651
v 9.60365 0.123336 -2.48101
v 9.80771 0.124122 -1.54089
v 9.66146 0.484391 -0.409386
v 9.54153 0.795325 0.530313
v 10.1681 0.802381 1.39648
v 9.81884 0.744211 2.84781
v 10.051 0.592908 3.45825
v 9.60556 -0.220273 4.97386
v 10.1402 -0.117926 5.67967
v 9.55218 0.824554 0.522991
v 9.3787 0.897544 1.99723
v 9.68424 0.832081 2.52255
v 9.45024 3.31999 -3.63748
v 9.50105 3.28343 -2.70442
v 9.43783 3.31465 -1.75011
v 9.31834 3.59206 -0.813584
v 9.42734 4.96513 -5.43215
v 9.52101 4.16207 -4.76053
v 9.88712 4.12751 -3.75207
v 9.97848 3.96356 -2.44392
v 9.90921 4.08523 -1.37885
v 9.40032 3.68665 -0.849856
v 9.49259 4.51276 0.129661
v 9.34747 6.01149 -5.79908
v 9.8805 6.01629 -4.91893
v 9.70218 5.5487 0.539832
v 9.27322 6.34329 1.3379
v 9.46922 6.98715 -5.64645
v 9.94538 7.08436 -4.90586
v 10.0018 7.05699 0.862958
v 9.61696 7.22037 1.22722
v 9.40294 8.46246 -5.78024
v 10.1457 8.80421 -4.58592
v 9.97208 8.62665 0.983175
v 9.45046 8.2935 1.41453
v 9.41772 10.0042 -5.73281
v 10.0802 9.88689 -4.70246
v 9.82252 9.88171 0.794137
v 9.4749 10.949 -5.70994
v 9.95268 11.1899 -4.72592
v 10.1926 11.1873 -3.69252
v 10.0873 11.7404 -1.4598
v 9.80699 11.6205 -0.468781
v 9.60152 11.0626 0.349255
v 9.53394 12.4289 -4.41014
v 9.32613 13.0275 -4.07829
v 9.83855 12.4164 -2.55044
v 9.67437 12.3837 -1.53705
v 9.19826 12.7249 -0.948428
v 10.608 -14.7315 -2.33079
v 10.7428 -14.8754 -1.67763
v 10.671 -15.0128 -0.559231
v 10.6863 -14.7761 0.415433
v 10.4812 -14.6824 1.18434
v 10.2794 -13.3067 -4.45854
v 10.7545 -13.8347 -3.54647
v 10.9331 -14.3453 -2.83179
v 10.7824 -13.6428 -1.5247
v 10.8877 -13.675 -0.288185
v 10.8834 -13.5013 0.617182
v 10.5301 -13.8861 1.73932
v 10.3782 -13.5547 2.30643
v 10.607 -12.1695 -4.60211
v 10.9549 -12.2101 -3.87645
v 11.1719 -12.0359 -2.59338
v 10.5954 -12.7743 -1.65086
v 10.6901 -12.0627 -0.634978
v 10.4044 -12.7907 0.783402
v 10.3046 -12.7263 1.74124
v 10.2288 -12.8693 2.4326
v 10.6468 -10.8672 -4.62499
v 11.0521 -10.7726 -3.63666
v 11.1708 -10.6517 -2.62726
v 11.1172 -10.6496 -1.50608
v 10.7214 -10.6604 -0.51344
v 10.5921 -9.45369 -4.72348
v 10.9144 -9.36184 -3.70328
v 11.0107 -9.29079 -2.63691
v 10.9561 -9.59982 -1.55449
v 10.6121 -9.602 -0.538086
v 10.5441 -8.03987 -4.81711
v 10.7858 -7.95026 -3.7725
v 10.8573 -8.00609 -2.81398
v 10.8281 -8.54434 -1.59856
v 10.5146 -8.54224 -0.570503
v 10.2663 -6.46049 -5.99191
v 10.4767 -6.64197 -4.9041
v 10.6312 -6.54348 -3.85384
v 10.6542 -6.75567 -2.71842
v 10.647 -7.1377 -1.65827
v 10.3942 -7.12856 -0.609146
v 10.3799 -5.30462 -5.78959
v 10.6112 -5.1703 -4.62704
v 10.6082 -5.22214 -3.55727
v 10.5399 -5.53866 -2.46877
v 10.4531 -5.51985 -1.51495
v 10.3339 -5.62497 -0.671466
v 10.2712 -5.08739 0.358968
v 10.3201 -5.63996 2.10765
v 10.4474 -5.69052 2.68078
v 10.8998 -5.84968 3.88311
v 11.1375 -6.05469 4.7938
v 10.746 -5.76077 6.19116
v 10.7496 -5.39908 6.97591
v 10.2288 -4.34657 -5.91328
v 10.6576 -4.0864 -4.89707
v 11.0085 -4.242 -3.52879
v 10.974 -4.6663 -2.48041
v 10.9656 -4.71033 -1.41279
v 10.9089 -4.7057 -0.34568
v 10.8876 -4.37029 0.801667
v 10.4455 -4.27742 7.30261
v 10.7917 -3.92432 7.75186
v 10.5492 -2.69338 -4.6719
v 11.0344 -2.80246 -3.71822
v 10.3463 -2.73804 7.5185
v 10.8438 -2.89059 8.00703
v 10.5657 -1.50128 -3.62551
v 10.7661 -1.18707 -2.62669
v 11.1006 -0.995928 -1.56916
v 10.442 -1.15767 7.24389
v 10.9284 -1.39406 7.94206
v 10.434 -0.312584 -1.36937
v 10.7858 -0.229081 -0.460349
v 10.7117 0.245988 0.601352
v 10.8057 0.577097 1.82599
v 10.7269 0.684556 2.87419
v 10.4461 0.516164 4.01149
v 10.8906 0.337879 4.95694
v 10.693 0.0166206 6.22054
v 11.0313 -0.184395 7.06308
v 10.4328 4.83959 -2.21624
v 10.3025 4.56173 -1.88745
v 10.4983 6.09001 -3.72961
v 10.5787 5.36849 -2.75996
v 10.6815 5.56101 -1.74191
v 10.4838 5.79952 -0.538242
v 10.2923 7.46573 -4.3394
v 10.3827 6.78188 -4.11464
v 10.964 7.24137 -2.47376
v 10.9706 6.95966 -1.47829
v 10.7795 7.18181 -0.452998
v 10.3005 6.90677 0.425078
v 10.2369 8.08014 -4.45778
v 10.6843 8.61291 -3.50637
v 10.9036 8.31059 -2.87875
v 11.0507 8.41855 -1.6808
v 10.8111 8.57176 -0.451601
v 10.4345 8.1853 0.413415
v 10.2441 9.54603 -4.5543
v 10.5466 9.91902 -3.78402
v 10.8838 9.64123 -2.66959
v 10.8019 10.0138 -1.50759
v 10.5494 9.83234 -0.36743
v 10.3596 9.47579 0.277298
v 10.2667 10.9013 -4.67659
v 10.3753 11.2472 -3.75564
v 10.5247 11.1879 -2.59577
v 10.4665 11.087 -1.43609
v 10.4019 10.7754 -0.755719
v 11.6883 -14.4766 -1.44836
v 11.3288 -14.7436 -0.897653
v 11.331 -13.1746 -3.50234
v 11.6147 -13.7776 -2.43333
v 11.515 -13.6703 -1.58157
v 11.4198 -14.0917 -0.624975
v 11.2641 -12.4718 -3.57524
v 11.5348 -12.5073 -2.59291
v 11.2909 -12.1506 -1.53695
v 11.2634 -11.0264 -2.20016
v 11.3639 -11.6846 -1.45176
v 11.6714 -6.19318 5.17114
v 11.4761 -6.3315 5.88025
v 11.6787 -6.30686 6.88297
v 11.6049 -5.01922 1.93981
v 11.8216 -5.30742 2.91199
v 11.7723 -5.52255 3.98769
v 11.2604 -6.10856 4.92149
v 11.8214 -5.98205 7.36995
v 12.0753 -5.20547 8.04443
v 11.3587 -3.80172 -2.4601
v 11.5313 -3.81224 -1.40658
v 11.6095 -3.90736 -0.351181
v 11.6463 -3.78961 0.577941
v 11.8412 -4.19833 1.41083
v 12.1826 -3.83694 8.48392
v 11.41 -2.77386 -2.69747
v 11.8615 -2.56976 -1.42559
v 12.113 -2.59133 -0.632343
v 12.232 -3.03888 1.02533
v 12.0802 -2.93371 8.55556
v 11.4834 -1.95613 -2.20058
v 11.5592 -1.42178 -1.33886
v 11.8855 -1.36782 -0.413872
v 12.0049 -0.934977 0.682798
v 12.1953 -0.725929 1.70317
v 11.5869 -1.02162 6.97947
v 12.096 -1.47085 8.03861
v 11.5531 -0.490387 0.446481
v 11.6709 -0.121771 1.66328
v 11.6989 0.149208 2.67827
v 11.7969 0.255702 3.68365
v 11.7175 0.0462228 4.95135
v 11.3418 -0.179796 6.32168
v 11.5143 0.187003 6.66969
v 12.3258 -6.20877 5.69408
v 12.6834 -4.75719 3.30431
v 12.7694 -4.90967 3.73901
v 12.5485 -5.54288 4.84219
v 12.8667 -5.14976 5.8786
v 12.5573 -5.46415 6.978
v 12.5456 -3.7828 1.90482
v 12.7059 -4.21261 2.7373
v 13.1132 -3.91783 3.92182
v 13.1513 -4.24912 4.9372
v 13.1545 -3.98271 6.01969
v 13.0276 -4.04009 6.988
v 12.3442 -4.09058 8.37369
v 12.3264 -2.31262 -0.273551
v 12.5661 -2.73715 0.572835
v 12.9177 -2.49517 1.77612
v 13.0704 -2.81324 2.78039
v 13.2039 -2.46302 4.00112
v 13.2689 -2.79054 5.02217
v 13.2265 -2.44448 6.25689
v 13.1286 -2.84699 7.12153
v 12.312 -2.66216 8.49447
v 12.4745 -1.78486 0.564384
v 12.641 -1.59273 1.59057
v 12.6919 -1.21654 2.70394
v 12.9276 -1.31145 3.8273
v 13.0253 -1.16086 4.92337
v 13.1468 -1.55136 5.79163
v 12.9094 -1.23259 7.01176
v 12.2987 -1.78959 8.55152
v 12.431 -0.453671 3.24412
v 12.3749 -0.0307777 4.14225
v 12.7054 -0.281422 5.11025
v 12.5631 -0.1596 6.03395
v 12.2758 -0.383174 6.87543
f 804 807 808
f 2275 2393 2386
f 2392 2393 2279
f 1728 1727 1736
f 1727 1848 1736
f 2288 2282 2287
f 811 812 659
f 811 659 808
f 803 807 804
f 943 803 800
f 2393 2275 2279
f 1848 1735 1736
f 1727 1619 1728
f 1727 1728 1736
f 1619 1620 1728
f 959 960 1092
f 808 807 811
f 803 947 807
f 940 939 1076
f 1213 1214 1076
f 1209 1213 1353
f 1209 1353 1349
f 1352 1349 1353
f 1480 1479 1596
f 1705 1706 1596
f 1815 1818 1816
f 2028 2027 2143
f 2139 2264 2142
f 2139 2142 2143
f 2263 2375 2264
f 2374 2377 2375
f 2381 2377 2376
f 2380 2386 2381
f 2386 2387 2381
f 2392 2279 2393
f 2393 2279 2399
f 2279 2282 2398
f 2288 2166 2172
f 2288 2172 2173
f 1948 2055 2054
f 1846 1950 1949
f 1848 1847 1735
f 1091 1096 959
f 1091 959 1092
f 960 955 1092
f 816 955 815
f 1214 1213 1209
f 1214 1209 1210
f 1076 1214 1210
f 1076 1210 1214
f 1076 1214 1077
f 1077 940 1076
f 943 940 1077
f 800 940 943
f 1349 1352 1348
f 1349 1210 1209
f 1077 1214 1080
f 1080 943 1077
f 947 803 943
f 1480 1481 1349
f 1480 1349 1348
f 1354 1210 1349
f 1354 1214 1210
f 1354 1218 1214
f 1218 1080 1214
f 1080 1084 943
f 1084 947 943
f 807 947 950
f 1349 1481 1485
f 1486 1354 1349
f 1486 1349 1485
f 1357 1218 1354
f 1218 1220 1080
f 1220 1083 1084
f 1220 1084 1080
f 1087 947 1084
f 950 947 1087
f 950 953 807
f 953 811 807
f 1596 1597 1480
f 1597 1484 1481
f 1597 1481 1480
f 1484 1485 1481
f 1489 1354 1486
f 1489 1486 1485
f 1357 1354 1489
f 1357 1360 1218
f 1220 1218 1360
f 1084 1083 1220
f 1084 1220 1223
f 1087 1084 1223
f 1087 1223 1086
f 950 1087 1086
f 950 1086 1087
f 953 950 1087
f 953 816 811
f 1597 1596 1600
f 1597 1600 1484
f 1601 1485 1484
f 1601 1484 1600
f 1489 1485 1601
f 1359 1360 1357
f 1359 1357 1489
f 1359 1360 1220
f 1359 1220 1360
f 1360 1223 1220
f 1223 1089 1087
f 1223 1087 1086
f 1089 953 1087
f 1089 955 953
f 955 816 953
f 1706 1709 1596
f 1709 1710 1600
f 1709 1600 1596
f 1489 1601 1600
f 1489 1600 1603
f 1359 1489 1492
f 1363 1223 1360
f 1363 1360 1359
f 1363 1226 1223
f 1226 1089 1223
f 1092 955 1089
f 1705 1706 1709
f 1705 1709 1706
f 1710 1709 1706
f 1710 1706 1709
f 1709 1599 1600
f 1709 1600 1710
f 1600 1599 1603
f 1492 1489 1603
f 1492 1603 1607
f 1494 1359 1492
f 1363 1359 1494
f 1363 1494 1362
f 1226 1363 1362
f 1226 1362 1365
f 1089 1226 1231
f 1092 1089 1231
f 1706 1705 1816
f 1706 1816 1819
f 1709 1706 1819
f 1603 1599 1709
f 1603 1709 1712
f 1713 1603 1712
f 1606 1603 1713
f 1606 1607 1603
f 1492 1607 1606
f 1494 1492 1606
f 1362 1494 1497
f 1365 1362 1497
f 1231 1226 1365
f 1231 1365 1230
f 1092 1231 1230
f 1230 1091 1092
f 1709 1819 1820
f 1712 1709 1820
f 1606 1713 1712
f 1606 1712 1715
f 1606 1715 1610
f 1494 1606 1610
f 1497 1494 1610
f 1497 1369 1365
f 1369 1230 1365
f 1230 1236 1091
f 1096 1091 1236
f 1819 1816 1818
f 1823 1820 1819
f 1712 1820 1823
f 1712 1823 1824
f 1824 1826 1715
f 1824 1715 1712
f 1715 1717 1610
f 1610 1613 1497
f 1497 1613 1496
f 1369 1497 1496
f 1369 1496 1501
f 1368 1369 1501
f 1368 1230 1369
f 1368 1235 1236
f 1368 1236 1230
f 1235 1096 1236
f 1923 1819 1818
f 1923 1818 1920
f 1818 1815 1920
f 1819 1923 1924
f 1926 1823 1819
f 1926 1819 1924
f 1926 1824 1823
f 1717 1715 1826
f 1717 1826 1828
f 1610 1717 1720
f 1613 1610 1720
f 1613 1501 1496
f 1373 1235 1368
f 1919 1923 1920
f 1926 1924 1923
f 1929 1824 1926
f 1826 1824 1929
f 1826 1929 1930
f 1720 1717 1828
f 1720 1828 1719
f 1719 1720 1613
f 1719 1613 1720
f 1501 1613 1616
f 1501 1373 1368
f 1923 1919 2028
f 1923 2028 2031
f 2031 2033 1926
f 2031 1926 1923
f 2033 2034 1926
f 2034 2037 1929
f 2034 1929 1926
f 1930 1929 2037
f 1930 2037 1929
f 1929 1930 1826
f 1929 1826 1930
f 1930 1934 1828
f 1930 1828 1826
f 1831 1719 1828
f 1720 1719 1831
f 1720 1831 1719
f 1613 1720 1719
f 1616 1613 1719
f 1616 1719 1615
f 1615 1501 1616
f 1615 1500 1501
f 1506 1373 1501
f 1506 1501 1500
f 1372 1373 1506
f 2143 2031 2028
f 2144 2031 2143
f 2148 2033 2031
f 2148 2031 2144
f 2148 2033 2034
f 2148 2034 2033
f 2033 2037 2034
f 2040 1930 1929
f 2040 1929 2037
f 2040 1933 1934
f 2040 1934 1930
f 1933 1934 1828
f 1933 1828 1934
f 1934 1831 1828
f 1831 1834 1719
f 1834 1724 1615
f 1834 1615 1719
f 1615 1621 1500
f 1621 1506 1500
f 2027 2139 2143
f 2143 2148 2144
f 2148 2152 2037
f 2148 2037 2033
f 2153 2037 2152
f 2040 2037 2153
f 1936 1934 1933
f 1936 1933 2040
f 1936 1831 1934
f 1834 1831 1936
f 1834 1724 1615
f 1834 1615 1724
f 1724 1621 1615
f 1620 1506 1621
f 1620 1505 1506
f 2143 2142 2264
f 2143 2264 2265
f 2143 2265 2268
f 2148 2143 2268
f 2148 2268 2269
f 2152 2148 2269
f 2157 2040 2153
f 2157 2153 2152
f 2043 1936 2040
f 1939 1834 1936
f 1834 1939 1833
f 1724 1834 1833
f 1833 1728 1621
f 1833 1621 1724
f 1728 1620 1621
f 2268 2265 2264
f 2268 2272 2269
f 2272 2273 2152
f 2272 2152 2269
f 2277 2152 2273
f 2157 2152 2277
f 2159 2043 2040
f 2159 2040 2157
f 2046 1936 2043
f 1939 1936 2046
f 1939 1838 1833
f 1728 1833 1838
f 2375 2379 2264
f 2379 2268 2264
f 2385 2272 2268
f 2385 2268 2379
f 2277 2273 2272
f 2277 2272 2276
f 2276 2277 2157
f 2276 2157 2277
f 2277 2159 2157
f 2046 2043 2159
f 2046 2159 2045
f 1939 2046 2045
f 2045 1938 1939
f 1838 1939 1938
f 1838 1938 1837
f 1728 1838 1837
f 1728 1837 1727
f 2379 2375 2378
f 2385 2379 2384
f 2272 2385 2384
f 2272 2384 2391
f 2276 2272 2391
f 2277 2276 2391
f 2277 2391 2276
f 2159 2277 2276
f 2159 2276 2280
f 2045 2159 2163
f 1942 1938 2045
f 1837 1938 1942
f 1727 1837 1848
f 2378 2375 2377
f 2383 2379 2378
f 2383 2384 2379
f 2384 2390 2391
f 2390 2397 2276
f 2390 2276 2391
f 2280 2276 2397
f 2280 2286 2159
f 2163 2159 2286
f 2163 2286 2162
f 2162 2049 2045
f 2162 2045 2163
f 2049 1942 2045
f 1942 2049 1941
f 1837 1942 1941
f 1847 1848 1837
f 1847 1837 1941
f 2383 2378 2377
f 2383 2377 2382
f 2384 2383 2389
f 2390 2384 2389
f 2397 2390 2396
f 2280 2397 2396
f 2286 2280 2396
f 2170 2162 2286
f 2170 2049 2162
f 1847 1941 1950
f 1847 1950 1846
f 2382 2377 2381
f 2389 2383 2382
f 2396 2390 2389
f 2396 2389 2395
f 2396 2395 2402
f 2286 2396 2402
f 2286 2402 2285
f 2286 2285 2169
f 2286 2169 2170
f 2049 2170 2169
f 2049 2169 2048
f 2048 2055 1941
f 2048 1941 2049
f 1950 1941 2055
f 1950 2055 1949
f 2382 2381 2388
f 2382 2388 2389
f 2394 2389 2388
f 2395 2389 2394
f 2402 2395 2401
f 2285 2402 2401
f 2285 2401 2284
f 2285 2284 2290
f 2169 2285 2290
f 2169 2290 2291
f 2169 2055 2048
f 2055 1948 1949
f 2388 2381 2387
f 2394 2388 2387
f 2395 2394 2400
f 2401 2395 2400
f 2284 2401 2400
f 2284 2400 2290
f 2290 2174 2169
f 2290 2169 2291
f 2054 2055 2169
f 2054 2169 2174
f 2387 2386 2393
f 2387 2393 2394
f 2394 2393 2400
f 2400 2289 2290
f 2290 2289 2167
f 2290 2167 2173
f 2290 2173 2174
f 2174 2173 2053
f 2174 2053 2054
f 2393 2399 2400
f 2400 2399 2288
f 2400 2288 2289
f 2173 2167 2289
f 2173 2289 2288
f 2399 2398 2282
f 2279 2398 2399
f 2399 2282 2288
f 1235 1095 1096
f 803 808 807
f 2275 2386 2393
f 2392 2279 2393
f 1728 1736 1727
f 1727 1736 1848
f 2288 2287 2282
f 811 659 812
f 659 811 807
f 659 807 658
f 2374 2375 2378
f 2275 2393 2279
f 2172 2166 2167
f 1735 1848 1736
f 1727 1736 1728
f 1727 1728 1619
f 959 1092 960
f 947 803 807
f 939 940 1076
f 1213 1076 1214
f 1353 1213 1209
f 1353 1209 1349
f 1352 1353 1349
f 1480 1348 1352
f 1480 1352 1348
f 1479 1480 1596
f 1596 1706 1705
f 1815 1816 1818
f 2028 2143 2027
f 2139 2142 2264
f 2139 2143 2142
f 2263 2264 2375
f 2377 2374 2378
f 2381 2376 2377
f 2380 2381 2386
f 2387 2386 2381
f 2392 2393 2279
f 2393 2399 2279
f 2167 2166 2288
f 2167 2173 2172
f 1948 2054 2055
f 1949 1950 1846
f 1847 1848 1735
f 1620 1619 1728
f 1091 1092 959
f 1091 959 1096
f 955 960 1092
f 816 815 955
f 1214 1210 1209
f 1214 1209 1213
f 1076 1214 1210
f 1076 1210 1214
f 1077 1214 1076
f 1076 940 1077
f 943 1077 940
f 943 940 800
f 1348 1349 1209
f 1348 1209 1349
f 1349 1348 1352
f 1349 1209 1210
f 1077 1080 1214
f 943 1080 1077
f 800 947 943
f 947 800 803
f 1349 1481 1480
f 1349 1480 1348
f 1210 1354 1349
f 1214 1354 1210
f 1214 1218 1354
f 1218 1214 1080
f 1080 943 1084
f 1084 943 947
f 947 807 950
f 1485 1481 1349
f 1354 1485 1349
f 1354 1218 1357
f 1080 1220 1218
f 1084 1083 1220
f 1084 1220 1080
f 1084 947 1087
f 950 1087 947
f 807 953 950
f 811 953 807
f 1480 1597 1596
f 1481 1484 1597
f 1481 1597 1480
f 1484 1481 1485
f 1354 1489 1485
f 1357 1489 1354
f 1218 1360 1357
f 1220 1360 1218
f 1220 1083 1084
f 1220 1084 1223
f 1087 1086 1223
f 1087 1223 1084
f 950 1087 1086
f 950 1086 1087
f 953 1087 950
f 811 816 953
f 1596 1597 1600
f 1484 1600 1597
f 1485 1601 1600
f 1485 1600 1484
f 1485 1489 1601
f 1489 1357 1360
f 1489 1360 1359
f 1359 1360 1220
f 1359 1220 1360
f 1220 1223 1360
f 1087 1089 1223
f 1087 1223 1086
f 953 1089 1087
f 953 955 1089
f 955 953 816
f 1709 1706 1596
f 1709 1596 1600
f 1709 1600 1710
f 1600 1601 1489
f 1600 1489 1603
f 1492 1489 1359
f 1362 1359 1360
f 1362 1360 1223
f 1363 1362 1223
f 1226 1363 1223
f 1226 1223 1089
f 1092 1089 955
f 1709 1706 1705
f 1709 1705 1706
f 1710 1709 1706
f 1710 1706 1709
f 1600 1599 1709
f 1600 1709 1710
f 1600 1603 1599
f 1492 1607 1603
f 1492 1603 1489
f 1359 1494 1492
f 1362 1494 1359
f 1226 1365 1362
f 1226 1362 1363
f 1226 1089 1231
f 1092 1231 1089
f 1816 1705 1706
f 1816 1706 1819
f 1709 1819 1706
f 1712 1709 1599
f 1712 1599 1603
f 1603 1713 1712
f 1603 1606 1713
f 1607 1606 1603
f 1492 1606 1607
f 1606 1492 1494
f 1362 1497 1494
f 1365 1497 1362
f 1231 1230 1365
f 1231 1365 1226
f 1230 1231 1092
f 1230 1092 1091
f 1709 1820 1819
f 1712 1820 1709
f 1606 1715 1712
f 1606 1712 1713
f 1606 1610 1715
f 1494 1610 1606
f 1497 1610 1494
f 1230 1369 1365
f 1230 1091 1236
f 1236 1091 1096
f 1818 1816 1819
f 1823 1819 1820
f 1824 1823 1820
f 1824 1820 1712
f 1824 1712 1715
f 1824 1715 1826
f 1715 1610 1717
f 1610 1497 1613
f 1613 1497 1496
f 1496 1497 1365
f 1496 1365 1501
f 1501 1365 1369
f 1501 1369 1368
f 1368 1369 1230
f 1235 1368 1230
f 1235 1230 1236
f 1096 1095 1235
f 1096 1235 1236
f 1819 1923 1920
f 1819 1920 1818
f 1920 1815 1818
f 1923 1819 1924
f 1924 1819 1823
f 1924 1823 1926
f 1824 1926 1823
f 1824 1826 1926
f 1717 1828 1826
f 1717 1826 1715
f 1610 1720 1717
f 1613 1720 1610
f 1501 1613 1496
f 1235 1373 1368
f 1095 1235 1373
f 1095 1373 1235
f 1923 1919 1920
f 1926 1923 1924
f 1826 1929 1926
f 1826 1930 1929
f 1828 1717 1720
f 1828 1720 1719
f 1613 1720 1719
f 1613 1719 1720
f 1501 1616 1613
f 1373 1501 1368
f 1923 2031 2028
f 1923 2028 1919
f 1926 2033 2031
f 1926 2031 1923
f 1926 2034 2033
f 1929 2037 2034
f 1929 2034 1926
f 1930 1929 2037
f 1930 2037 1929
f 1826 1930 1929
f 1826 1929 1930
f 1828 1934 1930
f 1828 1930 1826
f 1719 1831 1828
f 1720 1719 1831
f 1720 1831 1719
f 1613 1719 1720
f 1616 1615 1719
f 1616 1719 1613
f 1501 1615 1616
f 1615 1501 1500
f 1500 1501 1373
f 1500 1373 1506
f 1506 1373 1372
f 2143 2028 2031
f 2031 2144 2143
f 2031 2033 2148
f 2031 2148 2144
f 2037 2033 2034
f 2037 1929 1930
f 2037 1930 2040
f 2040 1930 1934
f 2040 1934 1933
f 1933 1934 1828
f 1933 1828 1934
f 1934 1828 1831
f 1834 1831 1719
f 1834 1719 1615
f 1834 1615 1724
f 1615 1500 1621
f 1506 1621 1500
f 2027 2143 2139
f 2143 2144 2148
f 2037 2152 2148
f 2037 2148 2033
f 2037 2153 2152
f 2040 2153 2037
f 1934 1933 2040
f 1934 2040 1933
f 1831 1936 1933
f 1831 1933 1934
f 1833 1936 1831
f 1833 1831 1834
f 1724 1834 1833
f 1724 1833 1834
f 1615 1724 1834
f 1615 1834 1724
f 1621 1724 1615
f 1506 1620 1621
f 1506 1505 1620
f 2264 2142 2143
f 2264 2143 2265
f 2143 2268 2265
f 2148 2268 2143
f 2148 2269 2268
f 2152 2269 2148
f 2157 2152 2153
f 2157 2153 2040
f 1933 2043 2040
f 2043 1933 1936
f 1833 1939 1936
f 1834 1833 1939
f 1834 1939 1833
f 1833 1834 1724
f 1833 1724 1723
f 1621 1728 1723
f 1621 1723 1724
f 1620 1728 1621
f 2264 2265 2268
f 2269 2272 2268
f 2152 2273 2272
f 2152 2272 2269
f 2152 2277 2273
f 2157 2277 2152
f 2043 2159 2157
f 2043 2157 2040
f 1936 2046 2043
f 1939 2046 1936
f 1723 1838 1939
f 1723 1939 1833
f 1728 1838 1723
f 2375 2264 2379
f 2268 2379 2264
f 2385 2379 2268
f 2385 2268 2272
f 2276 2272 2273
f 2276 2273 2277
f 2276 2277 2157
f 2276 2157 2277
f 2277 2157 2159
f 2159 2043 2046
f 2159 2046 2045
f 2045 2046 1939
f 1938 2045 1939
f 1938 1939 1838
f 1938 1838 1837
f 1837 1838 1728
f 1837 1728 1727
f 2379 2378 2375
f 2385 2384 2379
f 2384 2385 2272
f 2384 2272 2391
f 2276 2391 2272
f 2277 2276 2391
f 2277 2391 2276
f 2159 2280 2276
f 2159 2276 2277
f 2045 2163 2159
f 1942 2045 1938
f 1837 1942 1938
f 1727 1848 1837
f 2379 2383 2378
f 2384 2383 2379
f 2384 2391 2390
f 2397 2390 2391
f 2397 2391 2276
f 2397 2276 2280
f 2159 2286 2280
f 2163 2162 2286
f 2163 2286 2159
f 2045 2162 2163
f 2162 2045 2049
f 2049 2045 1942
f 1942 1941 2049
f 1941 1942 1837
f 1848 1847 1941
f 1848 1941 1837
f 2383 2382 2377
f 2383 2377 2378
f 2384 2389 2383
f 2390 2389 2384
f 2397 2396 2390
f 2280 2396 2397
f 2286 2396 2280
f 2162 2170 2286
f 2049 2170 2162
f 1950 1941 1847
f 1950 1847 1846
f 2381 2377 2382
f 2382 2383 2389
f 2395 2389 2390
f 2395 2390 2396
f 2402 2395 2396
f 2286 2285 2402
f 2286 2402 2396
f 2169 2285 2286
f 2169 2286 2170
f 2169 2170 2049
f 2169 2049 2048
f 2055 2048 2049
f 2055 2049 1941
f 2055 1941 1950
f 2055 1950 1949
f 2382 2388 2381
f 2388 2382 2389
f 2394 2388 2389
f 2395 2394 2389
f 2402 2401 2395
f 2401 2402 2285
f 2401 2285 2284
f 2285 2290 2284
f 2169 2290 2285
f 2048 2055 2169
f 1949 1948 2055
f 2388 2387 2381
f 2394 2387 2388
f 2395 2400 2394
f 2401 2400 2395
f 2284 2400 2401
f 2169 2168 2290
f 2169 2174 2168
f 2055 2054 2174
f 2055 2174 2169
f 2386 2387 2393
f 2394 2393 2387
f 2400 2393 2394
f 2400 2284 2289
f 2290 2289 2284
f 2289 2290 2168
f 2289 2168 2167
f 2174 2173 2167
f 2174 2167 2168
f 2054 2053 2173
f 2054 2173 2174
f 2400 2283 2399
f 2400 2399 2393
f 2400 2399 2283
f 2289 2288 2399
f 2289 2399 2400
f 2167 2288 2289
f 2398 2399 2283
f 2398 2283 2282
f 2282 2279 2399
f 2282 2399 2398
f 2288 2282 2283
f 2288 2283 2399
f 658 807 808
f 658 808 659
f 807 655 808
f 807 654 655
f 654 808 655
f 654 807 808
f 808 803 804
f 800 797 940
f 800 940 797
f 2258 2264 2139
f 2139 2264 2258
f 1498 1495 1364
f 833 669 670
f 48 110 115
f 116 52 49
f 49 48 116
f 1237 1097 1098
f 1355 1358 1487
f 1355 1356 1216
f 1068 932 937
f 486 375 485
f 116 48 115
f 116 49 52
f 53 57 52
f 58 57 53
f 970 1107 1106
f 1233 1232 1370
f 1233 1370 1232
f 1232 1233 1237
f 1498 1364 1366
f 1493 1490 1361
f 1491 1358 1490
f 1491 1487 1358
f 1355 1215 1358
f 1212 1073 1217
f 1073 1074 937
f 1073 937 1074
f 1068 937 1074
f 933 938 937
f 933 937 932
f 933 791 938
f 791 792 636
f 637 485 636
f 375 376 365
f 376 278 272
f 192 110 191
f 57 58 64
f 57 64 63
f 71 138 137
f 219 215 137
f 219 137 142
f 219 218 215
f 409 519 518
f 833 832 823
f 833 823 669
f 832 971 823
f 970 1106 962
f 1495 1493 1361
f 1495 1361 1364
f 1227 1366 1364
f 1228 1367 1366
f 1228 1366 1227
f 1370 1367 1228
f 1370 1228 1232
f 1358 1361 1490
f 1221 1364 1361
f 1224 1364 1221
f 1225 1227 1364
f 1225 1364 1224
f 1228 1227 1225
f 1093 1232 1228
f 1093 1228 1090
f 1233 1232 1093
f 1233 1093 1094
f 1094 1097 1237
f 1094 1237 1233
f 1219 1361 1358
f 1222 1361 1219
f 1221 1361 1222
f 1224 1221 1222
f 1224 1222 1088
f 1088 1225 1224
f 1228 1225 1088
f 1228 1088 1090
f 1093 1090 1094
f 1097 1094 1098
f 1215 1219 1358
f 1219 1085 1222
f 1088 1222 1085
f 951 1090 1088
f 951 954 1090
f 954 1094 1090
f 954 956 1094
f 956 957 1094
f 1098 1094 957
f 1098 957 961
f 962 1106 1098
f 962 1098 961
f 1215 1355 1216
f 1081 1085 1219
f 1085 948 1088
f 948 952 1088
f 952 951 1088
f 954 951 952
f 954 957 956
f 821 961 957
f 821 957 817
f 822 961 821
f 822 962 961
f 970 962 822
f 970 822 971
f 1216 1078 1219
f 1216 1219 1215
f 1081 1219 1078
f 944 949 1085
f 944 1085 1081
f 949 948 1085
f 952 948 949
f 954 952 809
f 954 809 813
f 954 813 814
f 957 954 814
f 817 957 814
f 817 818 821
f 818 822 821
f 971 822 823
f 1078 1216 1217
f 1081 1078 945
f 945 944 1081
f 801 949 944
f 801 944 945
f 801 805 949
f 805 952 949
f 809 952 805
f 813 809 810
f 810 814 813
f 660 664 817
f 660 817 814
f 664 818 817
f 668 822 818
f 668 818 664
f 668 669 822
f 669 823 822
f 1073 1079 1078
f 1073 1078 1217
f 1078 1079 941
f 946 945 1078
f 946 1078 941
f 945 946 801
f 806 656 809
f 806 809 805
f 656 810 809
f 656 660 814
f 656 814 810
f 664 660 661
f 665 668 664
f 665 669 668
f 1079 1073 941
f 941 798 946
f 801 946 798
f 801 798 802
f 652 805 801
f 652 801 802
f 806 805 652
f 656 806 652
f 657 660 656
f 661 660 657
f 661 657 509
f 664 661 509
f 664 509 512
f 665 664 512
f 669 665 512
f 669 512 517
f 670 669 517
f 942 941 1073
f 942 1073 1074
f 942 798 941
f 652 802 648
f 652 648 653
f 653 501 656
f 653 656 652
f 501 505 657
f 501 657 656
f 509 657 505
f 512 509 510
f 517 512 513
f 670 517 513
f 670 513 518
f 671 670 518
f 942 1074 937
f 942 937 799
f 799 798 942
f 802 798 799
f 802 799 644
f 648 802 644
f 648 644 649
f 501 653 648
f 501 648 649
f 506 394 509
f 506 509 505
f 394 397 510
f 394 510 509
f 398 512 510
f 398 510 397
f 398 402 513
f 398 513 512
f 514 518 513
f 514 513 402
f 794 799 937
f 496 497 501
f 496 501 649
f 501 497 502
f 505 501 502
f 505 502 391
f 394 506 505
f 394 505 391
f 394 398 397
f 514 402 403
f 409 518 514
f 409 514 403
f 795 794 937
f 795 937 938
f 795 645 799
f 795 799 794
f 644 799 645
f 649 644 645
f 649 645 493
f 496 649 493
f 496 493 497
f 502 497 391
f 391 395 394
f 300 398 394
f 300 394 395
f 301 402 398
f 301 398 300
f 301 305 403
f 301 403 402
f 404 403 305
f 404 409 403
f 795 938 791
f 645 795 646
f 494 493 645
f 494 645 646
f 497 493 494
f 497 494 498
f 498 387 497
f 391 497 387
f 391 387 392
f 395 391 392
f 395 392 293
f 297 395 293
f 297 298 300
f 297 300 395
f 298 301 300
f 305 301 306
f 306 404 305
f 306 307 404
f 791 635 795
f 795 635 641
f 641 646 795
f 641 494 646
f 392 387 293
f 294 298 297
f 294 297 293
f 302 306 301
f 307 306 302
f 636 635 791
f 490 641 635
f 490 635 636
f 490 494 641
f 490 383 494
f 383 384 498
f 383 498 494
f 387 498 384
f 387 384 388
f 388 289 387
f 289 294 293
f 289 293 387
f 294 206 298
f 206 211 298
f 211 301 298
f 211 214 302
f 211 302 301
f 214 215 302
f 215 218 307
f 215 307 302
f 218 219 307
f 484 490 636
f 380 490 484
f 384 383 490
f 384 490 380
f 289 388 384
f 289 207 294
f 207 206 294
f 211 206 207
f 214 211 215
f 380 484 373
f 287 384 380
f 287 380 381
f 287 289 384
f 203 289 287
f 207 289 203
f 211 207 131
f 131 132 211
f 215 211 132
f 132 136 215
f 215 136 137
f 485 484 636
f 485 374 373
f 485 373 484
f 276 380 373
f 276 373 374
f 284 381 380
f 284 380 276
f 284 287 381
f 199 287 284
f 199 200 287
f 203 287 200
f 123 207 203
f 123 128 207
f 131 207 128
f 132 131 128
f 132 137 136
f 196 199 284
f 200 199 196
f 203 200 119
f 203 119 123
f 128 123 124
f 132 128 60
f 132 60 66
f 137 132 66
f 137 66 71
f 284 276 189
f 196 284 189
f 200 196 119
f 123 119 120
f 124 123 120
f 128 124 54
f 60 128 54
f 60 54 61
f 66 60 61
f 71 66 67
f 365 374 485
f 365 485 375
f 365 277 276
f 365 276 374
f 277 189 276
f 119 196 113
f 120 119 113
f 120 55 124
f 54 124 55
f 61 54 55
f 62 61 55
f 62 66 61
f 67 66 62
f 71 67 68
f 277 365 271
f 189 277 271
f 196 189 190
f 196 190 108
f 113 196 108
f 113 114 120
f 50 120 114
f 50 55 120
f 56 55 50
f 55 56 62
f 67 62 63
f 67 63 68
f 365 376 272
f 365 272 271
f 189 271 272
f 189 272 187
f 190 189 187
f 108 109 113
f 113 109 114
f 114 47 51
f 114 51 50
f 56 50 51
f 62 56 57
f 63 62 57
f 279 187 272
f 279 272 278
f 191 190 187
f 191 187 279
f 108 190 191
f 108 191 109
f 47 114 48
f 51 47 48
f 56 51 52
f 56 52 57
f 109 191 110
f 109 110 114
f 114 110 48
f 48 49 52
f 48 52 51
f 405 404 307
f 1493 1491 1490
f 1498 1364 1495
f 823 832 833
f 833 670 823
f 48 115 110
f 218 308 219
f 1097 1237 1098
f 1355 1487 1358
f 1356 1355 1216
f 932 1068 937
f 486 485 375
f 116 115 48
f 49 116 52
f 57 53 52
f 53 57 58
f 1107 970 1106
f 1498 1366 1364
f 1493 1361 1491
f 1491 1358 1487
f 1358 1215 1355
f 1073 1212 1217
f 1068 1074 937
f 932 937 938
f 932 938 933
f 933 938 791
f 791 636 792
f 636 485 637
f 375 365 376
f 272 278 376
f 110 192 191
f 63 64 58
f 63 58 57
f 138 71 137
f 137 215 219
f 137 219 142
f 215 218 219
f 219 308 307
f 409 518 519
f 832 823 971
f 970 962 1106
f 1361 1493 1495
f 1361 1495 1364
f 1366 1227 1364
f 1367 1228 1227
f 1367 1227 1366
f 1228 1367 1370
f 1228 1370 1232
f 1361 1358 1491
f 1361 1364 1221
f 1364 1224 1221
f 1227 1225 1224
f 1227 1224 1364
f 1228 1225 1227
f 1232 1093 1090
f 1232 1090 1228
f 1233 1094 1093
f 1233 1093 1232
f 1094 1233 1237
f 1094 1237 1097
f 1358 1361 1219
f 1219 1361 1222
f 1222 1361 1221
f 1088 1222 1221
f 1088 1221 1224
f 1088 1224 1225
f 1090 1088 1225
f 1090 1225 1228
f 1094 1090 1093
f 1094 1097 1098
f 1358 1219 1215
f 1222 1085 1219
f 1088 1085 1222
f 1090 951 1088
f 1090 954 951
f 1094 954 1090
f 1094 956 954
f 1094 957 956
f 1098 961 957
f 1098 957 1094
f 961 1098 1106
f 961 1106 962
f 1216 1355 1215
f 1085 1081 1219
f 948 1085 1088
f 1088 952 948
f 951 952 1088
f 954 952 951
f 956 957 954
f 961 817 957
f 817 961 822
f 822 961 962
f 822 962 970
f 822 970 971
f 1219 1078 1216
f 1219 1216 1215
f 1081 1082 1078
f 1081 1078 1219
f 1082 1081 945
f 1085 949 945
f 1085 945 1081
f 949 1085 948
f 952 949 948
f 813 809 952
f 813 952 954
f 813 954 814
f 814 954 957
f 814 957 817
f 818 817 822
f 822 971 823
f 1078 1217 1216
f 945 1078 1082
f 952 805 949
f 809 805 952
f 813 810 809
f 810 813 814
f 817 664 660
f 817 660 814
f 818 664 817
f 822 668 664
f 822 664 818
f 822 669 668
f 823 669 822
f 1078 1079 1073
f 1078 1073 1217
f 1079 1078 941
f 945 946 941
f 945 941 1078
f 945 801 946
f 949 801 945
f 805 801 949
f 809 656 806
f 809 806 805
f 656 809 810
f 814 660 656
f 814 656 810
f 661 660 664
f 668 665 664
f 669 665 668
f 823 670 669
f 1079 941 1073
f 946 798 941
f 798 946 801
f 798 801 802
f 802 801 805
f 802 805 652
f 652 805 806
f 656 652 806
f 657 656 660
f 661 509 657
f 661 657 660
f 664 512 509
f 664 509 661
f 512 664 665
f 517 512 665
f 517 665 669
f 670 517 669
f 1074 1073 941
f 1074 941 942
f 942 941 798
f 648 802 652
f 653 648 652
f 501 653 652
f 501 652 656
f 505 501 656
f 505 656 657
f 510 505 657
f 510 657 509
f 512 510 509
f 513 512 517
f 670 518 513
f 670 513 517
f 671 518 670
f 942 937 1074
f 942 799 937
f 798 799 942
f 802 644 799
f 802 799 798
f 648 649 644
f 648 644 802
f 653 501 649
f 653 649 648
f 510 394 506
f 510 506 505
f 510 397 394
f 512 398 397
f 512 397 510
f 398 512 513
f 398 513 402
f 518 514 402
f 518 402 513
f 799 794 937
f 501 497 496
f 501 496 649
f 501 502 497
f 505 391 502
f 505 502 501
f 506 394 391
f 506 391 505
f 394 397 398
f 514 403 402
f 518 409 403
f 518 403 514
f 794 795 938
f 794 938 937
f 799 645 795
f 799 795 794
f 644 645 799
f 649 493 645
f 649 645 644
f 496 497 493
f 496 493 649
f 502 391 497
f 391 394 395
f 395 394 398
f 395 398 300
f 300 398 402
f 300 402 301
f 402 403 305
f 402 305 301
f 404 305 403
f 404 403 409
f 791 938 795
f 795 645 646
f 646 645 493
f 646 493 494
f 494 493 497
f 494 497 498
f 498 497 387
f 387 497 391
f 387 391 392
f 293 392 391
f 293 391 395
f 297 293 395
f 300 298 297
f 300 297 395
f 298 300 301
f 301 305 306
f 306 305 404
f 404 307 306
f 795 635 791
f 795 641 635
f 646 641 795
f 646 494 641
f 392 293 387
f 297 298 294
f 297 294 293
f 306 302 301
f 306 307 302
f 791 635 636
f 641 490 636
f 641 636 635
f 494 490 641
f 490 494 383
f 498 384 383
f 498 383 494
f 387 388 384
f 387 384 498
f 387 289 388
f 293 294 289
f 293 289 387
f 298 206 294
f 206 298 211
f 301 211 298
f 302 214 211
f 302 211 301
f 214 302 215
f 307 218 215
f 307 215 302
f 307 308 218
f 490 484 636
f 490 380 484
f 383 384 380
f 383 380 490
f 388 289 384
f 289 294 207
f 207 294 206
f 207 206 211
f 211 214 215
f 373 484 380
f 381 380 384
f 381 384 287
f 287 384 289
f 203 287 289
f 203 289 207
f 211 131 207
f 211 132 131
f 215 132 211
f 215 136 132
f 136 215 137
f 484 485 636
f 373 374 485
f 373 485 484
f 380 276 374
f 380 374 373
f 381 284 276
f 381 276 380
f 287 284 381
f 287 199 284
f 287 200 199
f 203 200 287
f 203 207 123
f 207 128 123
f 131 128 207
f 132 128 131
f 137 133 132
f 137 132 136
f 199 196 284
f 196 199 200
f 200 203 119
f 203 123 119
f 128 124 123
f 132 66 60
f 132 60 128
f 133 66 132
f 66 133 137
f 137 71 66
f 284 189 276
f 196 189 284
f 200 119 196
f 123 120 119
f 124 120 123
f 124 128 55
f 60 61 55
f 60 55 128
f 66 61 60
f 67 66 71
f 365 375 485
f 365 485 374
f 277 365 374
f 277 374 276
f 276 189 277
f 113 196 119
f 113 119 120
f 120 124 55
f 55 61 62
f 62 61 66
f 67 62 66
f 71 68 67
f 365 277 271
f 271 277 189
f 196 108 190
f 196 190 189
f 113 108 196
f 113 120 114
f 120 50 114
f 55 50 120
f 56 50 55
f 62 56 55
f 67 68 63
f 67 63 62
f 271 272 376
f 271 376 365
f 189 187 272
f 189 272 271
f 190 187 189
f 109 108 113
f 109 113 114
f 50 51 47
f 50 47 114
f 51 50 56
f 56 62 57
f 57 62 63
f 187 279 278
f 187 278 272
f 190 191 279
f 190 279 187
f 108 109 191
f 108 191 190
f 47 48 114
f 51 48 47
f 56 57 52
f 56 52 51
f 110 191 109
f 114 110 109
f 48 110 114
f 116 48 51
f 116 51 52
f 405 307 404
f 1232 1237 1233
f 868 709 854
f 865 864 851
f 1126 988 1125
f 1125 988 987
f 2414 2420 2344
f 2249 2369 2248
f 2131 2130 2021
f 3 22 26
f 161 83 87
f 1212 1217 1216
f 593 746 747
f 346 348 349
f 13 42 14
f 733 723 560
f 560 723 559
f 559 550 551
f 559 551 560
f 550 712 551
f 685 530 686
f 431 543 430
f 328 329 431
f 329 240 334
f 240 241 244
f 240 244 334
f 87 83 84
f 87 84 88
f 23 88 84
f 26 25 3
f 849 695 848
f 706 865 851
f 866 706 851
f 708 853 709
f 1758 1871 1870
f 1980 1878 1870
f 1980 1870 1975
f 2081 1980 1975
f 2196 2073 2078
f 2223 2214 2222
f 38 12 37
f 712 550 551
f 551 550 542
f 244 241 160
f 244 160 245
f 160 157 161
f 161 157 83
f 155 238 239
f 1127 1126 1275
f 1127 1275 1290
f 1290 1142 1127
f 1142 1276 1143
f 1143 1277 1292
f 1292 1144 1143
f 989 850 864
f 989 864 1004
f 708 707 697
f 697 853 708
f 853 854 709
f 1146 1006 1134
f 1421 1422 1541
f 2223 2222 2341
f 2344 2343 2419
f 2344 2419 2414
f 2415 2420 2414
f 2416 2415 2453
f 2453 2422 2421
f 2453 2460 2422
f 2422 2460 2428
f 2428 2460 2469
f 2439 2482 2446
f 2446 2445 2371
f 2370 2369 2249
f 2248 2369 2254
f 2253 2131 2132
f 2021 2130 2020
f 2028 2139 2027
f 2146 2266 2147
f 2145 2146 2032
f 1487 1602 1488
f 1068 933 932
f 933 1057 920
f 933 920 932
f 919 779 920
f 779 919 778
f 475 625 474
f 474 363 475
f 185 184 106
f 185 106 107
f 107 106 45
f 16 44 14
f 14 42 12
f 254 257 258
f 257 348 346
f 257 346 258
f 593 453 452
f 593 452 592
f 592 746 593
f 2453 2421 2416
f 2460 2453 2459
f 2468 2469 2460
f 2468 2460 2459
f 2452 2453 2415
f 2452 2415 2448
f 2459 2453 2452
f 2459 2452 2458
f 2476 2477 2469
f 2476 2469 2468
f 2440 2477 2476
f 2440 2476 2439
f 2448 2414 2451
f 2414 2448 2415
f 2451 2452 2448
f 2468 2459 2458
f 2468 2458 2467
f 2476 2468 2467
f 2482 2439 2476
f 2419 2451 2414
f 2451 2457 2452
f 2458 2452 2457
f 2458 2457 2466
f 2467 2458 2466
f 2467 2466 2475
f 2476 2467 2475
f 2476 2475 2481
f 2482 2476 2481
f 2446 2482 2481
f 2446 2481 2447
f 2450 2451 2419
f 2456 2457 2451
f 2456 2451 2450
f 2456 2466 2457
f 2466 2474 2475
f 2481 2475 2474
f 2481 2474 2480
f 2447 2481 2446
f 2419 2343 2418
f 2450 2419 2418
f 2450 2418 2449
f 2456 2450 2449
f 2466 2456 2465
f 2473 2474 2466
f 2473 2466 2465
f 2481 2480 2445
f 2446 2481 2445
f 2418 2343 2342
f 2455 2449 2418
f 2455 2456 2449
f 2456 2455 2464
f 2465 2456 2464
f 2465 2464 2473
f 2480 2474 2473
f 2480 2473 2479
f 2445 2480 2479
f 2341 2417 2418
f 2341 2418 2342
f 2455 2418 2417
f 2455 2417 2454
f 2464 2455 2454
f 2473 2464 2472
f 2473 2472 2478
f 2479 2473 2478
f 2479 2478 2444
f 2445 2479 2444
f 2371 2445 2444
f 2371 2444 2370
f 2417 2341 2427
f 2454 2417 2427
f 2464 2454 2463
f 2472 2464 2463
f 2472 2463 2471
f 2478 2472 2443
f 2444 2478 2443
f 2443 2370 2444
f 2341 2222 2353
f 2427 2341 2353
f 2427 2353 2426
f 2454 2427 2426
f 2454 2426 2432
f 2463 2454 2432
f 2463 2432 2462
f 2462 2471 2463
f 2471 2438 2472
f 2472 2438 2442
f 2472 2442 2443
f 2369 2370 2443
f 1294 1134 1284
f 1146 1134 1294
f 1293 1294 1284
f 1293 1284 1415
f 1415 1422 1293
f 1536 1541 1422
f 1536 1422 1415
f 1650 1656 1541
f 1650 1541 1536
f 1650 1655 1656
f 1650 1759 1655
f 1975 2075 2081
f 2075 2074 2200
f 2075 2200 2081
f 2074 2192 2200
f 2192 2199 2200
f 2199 2192 2198
f 2198 2312 2311
f 2198 2311 2197
f 2196 2197 2311
f 2196 2311 2310
f 2190 2073 2196
f 2190 2072 2073
f 2190 2189 2072
f 2072 2189 2190
f 2072 2190 2195
f 2072 2195 2078
f 2078 2195 2196
f 2222 2340 2353
f 2462 2432 2426
f 2470 2471 2462
f 2471 2470 2437
f 2438 2471 2437
f 2442 2438 2437
f 2443 2442 2368
f 2369 2443 2368
f 2369 2368 2254
f 1134 1006 994
f 868 994 1006
f 1134 1283 1284
f 1284 1283 1415
f 1414 1415 1283
f 1536 1415 1414
f 1650 1536 1535
f 1759 1650 1649
f 1758 1759 1649
f 1758 1649 1754
f 1871 1758 1754
f 1871 1754 1753
f 1870 1871 1753
f 1870 1753 1865
f 1870 1865 1864
f 1975 1870 1864
f 1975 1864 1969
f 1975 1969 1968
f 2075 1975 1968
f 2198 2192 2191
f 2312 2198 2191
f 2312 2191 2304
f 2311 2312 2304
f 2311 2304 2303
f 2310 2311 2303
f 2310 2303 2302
f 2196 2310 2302
f 2196 2302 2310
f 2190 2196 2310
f 2190 2310 2301
f 2195 2190 2189
f 2196 2195 2309
f 2202 2196 2309
f 2202 2309 2317
f 2208 2202 2317
f 2208 2317 2322
f 2208 2322 2327
f 2211 2208 2327
f 2214 2211 2327
f 2214 2327 2333
f 2222 2214 2333
f 2222 2333 2221
f 2340 2222 2221
f 2340 2221 2339
f 2353 2340 2339
f 2353 2339 2352
f 2426 2353 2352
f 2426 2352 2425
f 2462 2426 2425
f 2462 2425 2431
f 2462 2431 2461
f 2470 2462 2461
f 2470 2461 2436
f 2437 2470 2436
f 2442 2437 2441
f 2442 2441 2367
f 2368 2442 2367
f 2368 2367 2253
f 2254 2368 2253
f 994 868 854
f 993 994 854
f 1133 1134 994
f 1133 994 993
f 1283 1134 1133
f 1283 1133 1282
f 1414 1283 1282
f 1536 1414 1413
f 1535 1536 1413
f 1650 1535 1649
f 2074 2075 1968
f 2074 1968 2069
f 2192 2074 2069
f 2192 2069 2186
f 2192 2186 2185
f 2191 2192 2185
f 2304 2191 2303
f 2301 2310 2302
f 2190 2301 2300
f 2189 2190 2300
f 2195 2189 2300
f 2195 2300 2308
f 2309 2195 2308
f 2221 2333 2339
f 2221 2339 2220
f 2339 2221 2220
f 2339 2220 2338
f 2352 2339 2338
f 2352 2338 2351
f 2425 2352 2351
f 2425 2351 2424
f 2431 2425 2424
f 2431 2424 2430
f 2461 2431 2430
f 2461 2430 2431
f 2436 2461 2431
f 2441 2437 2436
f 2441 2436 2366
f 2367 2441 2366
f 2253 2367 2252
f 993 854 853
f 1133 993 1132
f 1282 1133 1132
f 1282 1132 1281
f 1282 1281 1414
f 1414 1281 1413
f 1413 1534 1535
f 1535 1534 1649
f 1649 1534 1648
f 1649 1648 1754
f 1754 1648 1753
f 1753 1752 1865
f 1865 1752 1864
f 1864 1863 1969
f 1969 1863 1968
f 1968 1967 2069
f 2069 1967 2068
f 2186 2069 2068
f 2186 2068 2185
f 2303 2191 2185
f 2303 2185 2184
f 2303 2184 2296
f 2302 2303 2296
f 2302 2296 2295
f 2302 2295 2301
f 2302 2301 2408
f 2302 2408 2301
f 2301 2408 2407
f 2301 2407 2300
f 2300 2407 2308
f 2309 2308 2411
f 2309 2411 2413
f 2309 2413 2316
f 2309 2316 2317
f 2317 2316 2321
f 2317 2321 2322
f 2327 2322 2321
f 2327 2321 2326
f 2333 2327 2326
f 2333 2326 2332
f 2339 2333 2332
f 2339 2332 2338
f 2220 2339 2338
f 2436 2431 2430
f 2436 2430 2435
f 2436 2435 2362
f 2366 2436 2362
f 2367 2366 2245
f 2367 2245 2252
f 2252 2131 2253
f 853 852 993
f 993 852 992
f 993 992 1132
f 1132 992 1131
f 1132 1131 1281
f 1281 1412 1413
f 1413 1412 1534
f 1534 1412 1533
f 1534 1533 1648
f 1648 1647 1753
f 1753 1647 1752
f 1752 1751 1864
f 1864 1751 1863
f 1863 1862 1968
f 1968 1862 1967
f 1967 1966 2068
f 2068 1966 2067
f 2068 2067 2185
f 2185 2067 2184
f 2184 2183 2296
f 2296 2183 2295
f 2295 2294 2301
f 2408 2301 2294
f 2408 2294 2404
f 2408 2404 2403
f 2408 2403 2407
f 2300 2407 2406
f 2300 2406 2407
f 2407 2406 2410
f 2407 2410 2308
f 2411 2308 2410
f 2411 2410 2413
f 2413 2410 2412
f 2413 2412 2316
f 2316 2412 2315
f 2316 2315 2320
f 2316 2320 2321
f 2326 2321 2320
f 2326 2320 2325
f 2332 2326 2325
f 2332 2325 2331
f 2338 2332 2331
f 2338 2331 2337
f 2220 2338 2337
f 2220 2337 2219
f 2220 2219 2337
f 2220 2337 2338
f 2338 2337 2350
f 2338 2350 2351
f 2424 2351 2350
f 2424 2350 2423
f 2430 2424 2423
f 2430 2423 2429
f 2430 2429 2434
f 2435 2430 2434
f 2435 2434 2362
f 2366 2362 2365
f 2366 2365 2244
f 2366 2244 2245
f 2245 2130 2252
f 2252 2130 2131
f 707 696 853
f 707 853 697
f 696 852 853
f 992 852 991
f 992 991 1131
f 1131 1130 1280
f 1131 1280 1281
f 1281 1280 1412
f 1412 1280 1411
f 1412 1411 1533
f 1533 1411 1532
f 1533 1532 1648
f 1648 1532 1647
f 1647 1646 1752
f 1752 1646 1751
f 1751 1750 1863
f 1863 1750 1862
f 1862 1861 1967
f 1967 1861 1966
f 1966 1861 1965
f 1966 1965 2067
f 2067 1965 2066
f 2067 2066 2184
f 2184 2066 2183
f 2183 2182 2295
f 2295 2182 2294
f 2294 2293 2404
f 2404 2293 2403
f 2403 2293 2406
f 2403 2406 2407
f 2410 2307 2315
f 2410 2315 2412
f 2337 2331 2218
f 2337 2218 2219
f 2219 2218 2336
f 2219 2336 2337
f 2337 2336 2349
f 2337 2349 2350
f 2350 2349 2423
f 2423 2349 2429
f 2429 2361 2434
f 2434 2361 2362
f 2362 2361 2244
f 2362 2244 2365
f 2245 2244 2130
f 866 852 696
f 866 696 707
f 991 852 851
f 991 990 1131
f 990 1130 1131
f 1280 1130 1129
f 1129 1279 1280
f 1279 1411 1280
f 1279 1410 1411
f 1410 1532 1411
f 1647 1532 1531
f 1531 1646 1647
f 1750 1751 1646
f 1861 1862 1750
f 1861 1750 1749
f 1861 1749 1860
f 1861 1860 1965
f 1965 1860 1964
f 1964 2066 1965
f 1964 2065 2066
f 2183 2066 2065
f 2064 2183 2065
f 2064 2182 2183
f 2182 2181 2294
f 2181 2293 2294
f 2406 2293 2292
f 2406 2292 2299
f 2298 2406 2299
f 2405 2410 2406
f 2405 2406 2298
f 2405 2409 2410
f 2307 2410 2409
f 2307 2409 2306
f 2315 2307 2306
f 2315 2306 2314
f 2319 2320 2315
f 2319 2315 2314
f 2325 2320 2319
f 2325 2319 2324
f 2331 2325 2324
f 2331 2324 2330
f 2218 2331 2330
f 2349 2357 2429
f 2360 2361 2429
f 2360 2429 2357
f 2244 2361 2243
f 2244 2243 2122
f 2122 2129 2130
f 2122 2130 2244
f 2020 2130 2129
f 2020 2129 2019
f 2139 2028 2027
f 2138 2257 2263
f 2138 2263 2139
f 2139 2263 2264
f 2257 2262 2263
f 2262 2375 2263
f 2262 2374 2375
f 2374 2376 2377
f 852 866 851
f 851 850 991
f 991 850 990
f 990 989 1130
f 1130 989 1129
f 1278 1279 1129
f 1278 1410 1279
f 1410 1409 1532
f 1532 1409 1531
f 1646 1531 1645
f 1646 1645 1750
f 1749 1750 1645
f 1749 1748 1860
f 1859 1964 1860
f 1964 1963 2065
f 1963 1962 2065
f 2064 2065 1962
f 2064 2063 2182
f 2182 2063 2181
f 2181 2180 2293
f 2180 2292 2293
f 2292 2180 2298
f 2292 2298 2299
f 2298 2306 2409
f 2298 2409 2405
f 2409 2306 2305
f 2409 2305 2306
f 2306 2305 2313
f 2306 2313 2314
f 2314 2313 2318
f 2314 2318 2319
f 2319 2318 2323
f 2319 2323 2324
f 2324 2323 2329
f 2324 2329 2330
f 2330 2329 2217
f 2330 2217 2218
f 2218 2217 2335
f 2218 2335 2336
f 2336 2335 2348
f 2336 2348 2349
f 2349 2348 2356
f 2349 2356 2357
f 2357 2356 2360
f 2242 2361 2360
f 2361 2242 2243
f 2243 2242 2121
f 2128 2122 2243
f 2128 2243 2121
f 2018 2129 2122
f 2018 2122 2128
f 2018 2129 2019
f 2018 2019 2129
f 2019 2129 2020
f 2020 2129 2019
f 2020 2019 2027
f 2026 2027 2019
f 2027 2026 2138
f 2027 2138 2139
f 2256 2257 2138
f 2257 2256 2262
f 2262 2256 2261
f 2262 2261 2374
f 2374 2261 2267
f 2374 2267 2376
f 864 850 851
f 850 989 990
f 1278 1129 1128
f 1278 1277 1410
f 1410 1277 1409
f 1531 1409 1530
f 1530 1645 1531
f 1644 1645 1530
f 1644 1749 1645
f 1643 1749 1644
f 1749 1643 1748
f 1748 1747 1860
f 1860 1747 1859
f 1859 1858 1964
f 1964 1858 1963
f 2064 1962 2063
f 2063 2062 2181
f 2062 2180 2181
f 2180 2062 2179
f 2180 2179 2188
f 2180 2188 2298
f 2298 2188 2297
f 2298 2297 2305
f 2298 2305 2306
f 2329 2216 2217
f 2216 2334 2335
f 2216 2335 2217
f 2335 2334 2348
f 2356 2236 2360
f 2360 2236 2242
f 2242 2120 2121
f 2121 2120 2128
f 2018 2128 2120
f 2128 2129 2018
f 2018 2129 2128
f 2129 2018 2019
f 2026 2019 2128
f 2026 2128 2138
f 2137 2138 2128
f 2137 2136 2256
f 2137 2256 2138
f 2136 2255 2256
f 2255 2261 2256
f 2261 2260 2267
f 989 1004 1144
f 989 1144 1129
f 1129 1144 1128
f 1292 1278 1128
f 1292 1128 1144
f 1292 1277 1278
f 1408 1530 1409
f 1408 1529 1530
f 1529 1644 1530
f 1644 1529 1528
f 1643 1644 1528
f 1642 1748 1643
f 1748 1642 1747
f 1747 1746 1859
f 1858 1859 1746
f 1857 1963 1858
f 1857 1962 1963
f 1961 1962 1857
f 1962 1961 2063
f 2063 1961 2062
f 2062 2061 2179
f 2188 2179 2061
f 2188 2187 2297
f 2297 2187 2194
f 2297 2194 2305
f 2193 2305 2194
f 2305 2193 2201
f 2305 2201 2313
f 2201 2207 2318
f 2201 2318 2313
f 2323 2318 2207
f 2323 2207 2210
f 2323 2210 2213
f 2323 2213 2329
f 2329 2213 2328
f 2334 2216 2329
f 2334 2329 2328
f 2334 2347 2348
f 2347 2229 2348
f 2232 2356 2348
f 2232 2348 2229
f 2356 2232 2236
f 2236 2241 2242
f 2119 2242 2241
f 2242 2119 2120
f 2120 2119 2017
f 2120 2017 2018
f 2127 2128 2018
f 2127 2018 2017
f 2128 2127 2018
f 2019 2018 2128
f 2128 2018 2136
f 2128 2136 2137
f 2135 2255 2136
f 2135 2260 2261
f 2135 2261 2255
f 2260 2259 2267
f 2267 2259 2266
f 1143 1276 1277
f 1276 1409 1277
f 1276 1408 1409
f 1276 1407 1408
f 1408 1407 1529
f 1529 1407 1406
f 1529 1406 1528
f 1528 1527 1643
f 1642 1643 1527
f 1642 1641 1747
f 1641 1746 1747
f 1746 1745 1858
f 1745 1857 1858
f 1745 1856 1857
f 1856 1961 1857
f 1856 1960 1961
f 2062 1961 1960
f 1960 1959 2062
f 2061 2062 1959
f 2071 2188 2061
f 2188 2071 2187
f 2193 2194 2187
f 2193 2187 2071
f 2213 2210 2209
f 2213 2209 2212
f 2212 2328 2213
f 2334 2328 2212
f 2334 2212 2215
f 2228 2347 2334
f 2228 2334 2215
f 2229 2347 2228
f 2236 2232 2235
f 2236 2235 2113
f 2236 2113 2118
f 2236 2118 2241
f 2241 2118 2119
f 2016 2017 2119
f 2016 2127 2017
f 2017 2018 2127
f 2018 2017 1912
f 2018 1912 2017
f 2017 2136 2018
f 2136 2017 2135
f 2135 2141 2260
f 2260 2141 2259
f 2259 2141 2147
f 2259 2147 2266
f 1276 1142 1290
f 1275 1276 1290
f 1275 1407 1276
f 1407 1275 1406
f 1406 1405 1528
f 1527 1528 1405
f 1527 1526 1642
f 1642 1526 1641
f 1641 1640 1746
f 1640 1745 1746
f 1640 1744 1745
f 1744 1856 1745
f 1744 1855 1856
f 1855 1960 1856
f 1855 1854 1960
f 1960 1854 1959
f 1959 1958 2061
f 1958 1972 2071
f 1958 2071 2061
f 2070 2071 1972
f 2070 2077 2193
f 2070 2193 2071
f 2077 2082 2201
f 2077 2201 2193
f 2207 2201 2082
f 2207 2082 2206
f 2206 2209 2210
f 2206 2210 2207
f 2229 2228 2107
f 2229 2107 2232
f 2112 2235 2232
f 2112 2232 2107
f 2112 2113 2235
f 2119 2118 2011
f 2119 2011 2016
f 2016 2017 2127
f 2017 2016 1912
f 1912 2016 2017
f 2017 2016 2025
f 2017 2025 2135
f 2135 2025 2134
f 2134 2141 2135
f 2146 2147 2141
f 2146 2141 2140
f 1275 1274 1406
f 1274 1405 1406
f 1527 1405 1526
f 1641 1526 1525
f 1641 1525 1640
f 1640 1525 1639
f 1639 1744 1640
f 1743 1744 1639
f 1743 1855 1744
f 1854 1855 1743
f 1854 1853 1959
f 1959 1853 1958
f 1972 1958 1971
f 1972 1971 2070
f 1976 2077 2070
f 1976 2070 1971
f 1976 2076 2077
f 2076 2082 2077
f 2088 2206 2082
f 2206 2088 2091
f 2206 2091 2209
f 2209 2091 2090
f 2090 2093 2212
f 2090 2212 2209
f 2212 2093 2095
f 2212 2095 2215
f 2095 2100 2228
f 2095 2228 2215
f 2100 2101 2228
f 2107 2228 2101
f 2113 2112 2010
f 2113 2010 2118
f 2011 2118 2010
f 2011 2010 2015
f 2015 2016 2011
f 1911 1912 2016
f 2016 1912 1911
f 2016 1911 2015
f 2025 2016 2015
f 2025 2015 2024
f 2025 2024 2134
f 2024 2023 2134
f 2023 2140 2141
f 2023 2141 2134
f 1125 1275 1126
f 1275 1125 1274
f 1274 1273 1405
f 1404 1526 1405
f 1525 1526 1404
f 1525 1524 1639
f 1639 1638 1743
f 1743 1742 1854
f 1742 1741 1854
f 1854 1741 1853
f 1853 1852 1958
f 1958 1852 1867
f 1958 1867 1971
f 1867 1970 1971
f 1976 1971 1970
f 1982 2082 2076
f 1982 2076 1976
f 1981 2082 1982
f 1989 2088 2082
f 1989 2082 1981
f 2088 1989 2090
f 2088 2090 2091
f 1999 2101 2100
f 2003 2107 2101
f 2003 2101 1999
f 2107 2003 2008
f 2107 2008 2112
f 2008 2010 2112
f 2010 2014 2015
f 1910 2015 2014
f 2016 2015 1910
f 1911 2016 1910
f 2015 1911 1910
f 2024 2015 1910
f 2024 1910 1918
f 1918 2023 2024
f 2023 2030 2140
f 2140 2030 2029
f 2140 2029 2032
f 2140 2032 2146
f 1273 1274 1125
f 1405 1273 1404
f 1525 1404 1403
f 1525 1403 1524
f 1523 1639 1524
f 1639 1523 1638
f 1638 1637 1743
f 1743 1637 1742
f 1742 1637 1741
f 1853 1741 1740
f 1853 1740 1852
f 1740 1867 1852
f 1866 1970 1867
f 1970 1866 1873
f 1970 1873 1976
f 1873 1872 1976
f 1976 1872 1981
f 1976 1981 1982
f 1989 1991 2090
f 2090 1991 1994
f 2090 1994 2093
f 1997 2095 2093
f 1997 2093 1994
f 1999 2100 2095
f 1999 2095 1997
f 2003 2007 2008
f 2008 2007 1905
f 2008 1905 2010
f 2010 1905 1906
f 1909 2014 2010
f 1909 2010 1906
f 1909 1910 2014
f 1910 1909 1807
f 1910 1807 1808
f 1910 1808 1911
f 1911 1808 1807
f 1911 1807 1910
f 1910 1917 1918
f 1917 2023 1918
f 2023 1917 1916
f 2030 2023 1916
f 2030 1916 2029
f 1125 987 1124
f 1124 1273 1125
f 1273 1124 1272
f 1272 1404 1273
f 1271 1404 1272
f 1404 1271 1403
f 1403 1402 1524
f 1523 1524 1402
f 1522 1638 1523
f 1638 1522 1637
f 1637 1522 1636
f 1637 1636 1741
f 1636 1740 1741
f 1867 1740 1756
f 1756 1866 1867
f 1872 1873 1866
f 1872 1880 1981
f 1981 1880 1889
f 1981 1889 1989
f 1888 1989 1889
f 1892 1991 1989
f 1892 1989 1888
f 1991 1892 1894
f 1991 1894 1994
f 1993 1994 1894
f 1994 1993 1896
f 1994 1896 1997
f 1896 1898 1999
f 1896 1999 1997
f 1999 1898 1900
f 1999 1900 2003
f 2003 1900 1901
f 2003 1901 1903
f 2003 1903 2007
f 2007 1903 1905
f 1806 1909 1906
f 1806 1906 1905
f 1807 1909 1806
f 1807 1806 1910
f 1910 1806 1807
f 1807 1697 1808
f 1807 1808 1697
f 1910 1807 1806
f 1917 1910 1806
f 1917 1806 1813
f 1917 1813 1916
f 1922 2029 1916
f 2029 1922 1921
f 2029 1921 1925
f 2029 1925 2032
f 987 986 1124
f 1124 1123 1272
f 1122 1272 1123
f 1122 1271 1272
f 1403 1271 1270
f 1402 1403 1270
f 1402 1270 1401
f 1402 1401 1523
f 1522 1523 1401
f 1521 1636 1522
f 1636 1521 1635
f 1636 1635 1740
f 1740 1635 1634
f 1740 1634 1652
f 1740 1652 1756
f 1755 1866 1756
f 1761 1872 1866
f 1761 1866 1755
f 1872 1761 1769
f 1872 1769 1880
f 1879 1880 1769
f 1880 1879 1888
f 1880 1888 1889
f 1896 1993 1894
f 1901 1900 1798
f 1901 1798 1903
f 1903 1798 1799
f 1903 1799 1801
f 1903 1801 1905
f 1801 1805 1806
f 1801 1806 1905
f 1696 1806 1805
f 1806 1696 1807
f 1807 1696 1806
f 1806 1696 1697
f 1806 1697 1807
f 1696 1806 1807
f 1696 1807 1697
f 1813 1806 1696
f 1812 1916 1813
f 1922 1916 1812
f 1922 1812 1817
f 1921 1922 1817
f 987 848 847
f 849 848 987
f 986 987 847
f 986 985 1124
f 1124 985 1123
f 1123 985 1122
f 1271 1122 1270
f 1269 1401 1270
f 1401 1269 1400
f 1401 1400 1522
f 1522 1400 1399
f 1522 1399 1521
f 1635 1521 1520
f 1519 1635 1520
f 1635 1519 1634
f 1651 1756 1652
f 1651 1755 1756
f 1761 1755 1651
f 1761 1760 1768
f 1761 1768 1769
f 1769 1768 1879
f 1888 1879 1768
f 1888 1768 1778
f 1888 1778 1782
f 1888 1782 1892
f 1892 1782 1786
f 1892 1786 1894
f 1894 1786 1785
f 1789 1896 1894
f 1789 1894 1785
f 1794 1898 1896
f 1794 1896 1789
f 1898 1794 1796
f 1898 1796 1900
f 1798 1900 1796
f 1799 1798 1801
f 1801 1693 1695
f 1801 1695 1805
f 1805 1695 1696
f 1696 1585 1697
f 1585 1586 1697
f 1697 1586 1585
f 1697 1585 1703
f 1697 1703 1696
f 1696 1703 1702
f 1696 1702 1813
f 1813 1702 1812
f 1812 1702 1701
f 1812 1701 1817
f 1921 1817 1822
f 1921 1822 1925
f 694 848 695
f 693 848 694
f 847 848 693
f 847 846 986
f 986 846 985
f 985 984 1122
f 1122 984 1121
f 1121 1270 1122
f 1120 1269 1270
f 1120 1270 1121
f 1269 1120 1268
f 1269 1268 1400
f 1400 1268 1267
f 1400 1267 1399
f 1398 1521 1399
f 1521 1398 1520
f 1520 1398 1519
f 1538 1652 1634
f 1538 1634 1519
f 1652 1538 1651
f 1761 1651 1657
f 1760 1761 1657
f 1760 1657 1665
f 1760 1665 1768
f 1768 1665 1674
f 1768 1674 1778
f 1778 1674 1777
f 1782 1778 1777
f 1782 1777 1781
f 1786 1782 1781
f 1786 1781 1785
f 1789 1793 1794
f 1794 1793 1686
f 1794 1686 1796
f 1796 1686 1687
f 1798 1796 1687
f 1798 1687 1689
f 1798 1689 1692
f 1798 1692 1801
f 1693 1801 1692
f 1693 1692 1584
f 1693 1584 1695
f 1695 1584 1696
f 1696 1584 1585
f 1586 1470 1593
f 1586 1593 1585
f 1585 1593 1703
f 1703 1593 1592
f 1703 1592 1702
f 1701 1708 1817
f 1817 1708 1821
f 1817 1821 1822
f 695 539 538
f 695 538 694
f 847 693 846
f 985 846 845
f 985 845 984
f 984 845 983
f 984 983 1121
f 1121 983 982
f 982 1120 1121
f 1119 1268 1120
f 1268 1119 1267
f 1267 1266 1399
f 1399 1266 1398
f 1398 1266 1397
f 1398 1397 1519
f 1519 1397 1396
f 1519 1396 1538
f 1651 1538 1537
f 1651 1537 1542
f 1651 1542 1657
f 1657 1542 1665
f 1673 1674 1665
f 1777 1674 1673
f 1673 1676 1781
f 1673 1781 1777
f 1781 1676 1679
f 1781 1679 1785
f 1785 1679 1682
f 1785 1682 1789
f 1789 1682 1684
f 1789 1684 1793
f 1793 1684 1686
f 1687 1686 1689
f 1581 1692 1689
f 1581 1689 1578
f 1692 1581 1584
f 1584 1469 1585
f 1585 1469 1477
f 1477 1469 1585
f 1470 1586 1585
f 1470 1585 1469
f 1470 1477 1593
f 1593 1477 1592
f 1702 1592 1598
f 1702 1598 1701
f 1701 1598 1708
f 1708 1598 1707
f 1708 1707 1711
f 1708 1711 1821
f 540 428 427
f 539 540 427
f 538 539 427
f 694 538 537
f 693 694 537
f 693 537 692
f 846 693 692
f 846 692 691
f 845 846 691
f 983 845 844
f 983 844 843
f 982 983 843
f 1120 982 981
f 1119 1120 981
f 1119 981 1118
f 1267 1119 1118
f 1266 1267 1118
f 1397 1266 1265
f 1397 1265 1396
f 1538 1396 1417
f 1538 1417 1416
f 1537 1538 1416
f 1542 1537 1416
f 1665 1542 1552
f 1665 1552 1551
f 1673 1665 1551
f 1673 1551 1561
f 1564 1676 1673
f 1564 1673 1561
f 1676 1564 1567
f 1676 1567 1679
f 1682 1679 1567
f 1682 1567 1570
f 1682 1570 1573
f 1682 1573 1684
f 1684 1573 1575
f 1684 1575 1686
f 1689 1686 1575
f 1689 1575 1577
f 1689 1577 1578
f 1581 1461 1467
f 1581 1467 1584
f 1584 1467 1468
f 1584 1468 1469
f 1469 1468 1477
f 1477 1338 1469
f 1469 1338 1339
f 1469 1339 1470
f 1470 1339 1346
f 1470 1346 1345
f 1470 1345 1477
f 1477 1476 1592
f 1592 1476 1482
f 1592 1482 1598
f 1707 1598 1602
f 1707 1602 1711
f 326 327 238
f 429 326 325
f 428 429 325
f 427 428 325
f 427 325 324
f 538 427 426
f 537 538 426
f 537 426 425
f 692 537 536
f 692 536 535
f 691 692 535
f 845 691 690
f 844 845 690
f 843 844 690
f 981 982 843
f 1118 981 980
f 1118 980 1117
f 1266 1118 1117
f 1266 1117 1116
f 1265 1266 1116
f 1396 1265 1264
f 1417 1396 1264
f 1417 1264 1285
f 1416 1417 1285
f 1542 1416 1423
f 1552 1542 1423
f 1552 1423 1434
f 1551 1552 1434
f 1434 1442 1561
f 1434 1561 1551
f 1561 1442 1564
f 1569 1570 1567
f 1570 1569 1572
f 1570 1572 1573
f 1573 1572 1575
f 1575 1456 1459
f 1575 1459 1577
f 1577 1459 1578
f 1578 1459 1461
f 1578 1461 1581
f 1461 1331 1467
f 1467 1331 1337
f 1467 1337 1468
f 1468 1337 1345
f 1468 1345 1477
f 1477 1345 1338
f 1338 1345 1195
f 1338 1195 1339
f 1346 1339 1195
f 1477 1345 1344
f 1477 1344 1476
f 1476 1344 1483
f 1476 1483 1482
f 1598 1482 1487
f 1598 1487 1602
f 238 237 326
f 326 237 236
f 326 236 325
f 324 323 427
f 427 323 426
f 426 323 322
f 426 322 425
f 425 424 537
f 537 424 536
f 536 424 535
f 691 535 690
f 690 689 843
f 843 689 842
f 843 842 981
f 981 842 841
f 981 841 980
f 980 979 1117
f 1117 979 978
f 1117 978 1116
f 1116 1115 1265
f 1265 1115 1264
f 1264 1115 1263
f 1264 1263 1285
f 1416 1285 1295
f 1416 1295 1423
f 1423 1295 1307
f 1423 1307 1306
f 1423 1306 1434
f 1442 1434 1306
f 1442 1445 1564
f 1564 1445 1448
f 1564 1448 1567
f 1448 1451 1569
f 1448 1569 1567
f 1569 1451 1450
f 1453 1572 1569
f 1453 1569 1450
f 1453 1455 1575
f 1453 1575 1572
f 1575 1455 1456
f 1456 1455 1459
f 1461 1459 1328
f 1461 1328 1331
f 1194 1345 1337
f 1194 1205 1345
f 1205 1195 1345
f 1195 1206 1346
f 1346 1206 1205
f 1346 1205 1345
f 1344 1345 1205
f 1344 1351 1483
f 1483 1351 1350
f 1483 1350 1482
f 1482 1350 1488
f 1482 1488 1487
f 1487 1488 1602
f 155 154 238
f 238 154 153
f 238 153 237
f 237 153 236
f 236 235 325
f 325 235 324
f 324 235 234
f 324 234 323
f 425 322 424
f 424 423 535
f 535 423 534
f 535 534 690
f 690 534 533
f 690 533 689
f 689 688 842
f 842 688 687
f 842 687 841
f 841 840 980
f 840 979 980
f 979 840 978
f 1116 978 977
f 1116 977 1115
f 1115 1114 1263
f 1263 1114 1136
f 1263 1136 1285
f 1285 1136 1148
f 1285 1148 1295
f 1306 1311 1442
f 1314 1445 1442
f 1314 1442 1311
f 1314 1316 1445
f 1448 1445 1316
f 1321 1451 1448
f 1321 1448 1316
f 1451 1321 1320
f 1451 1320 1450
f 1450 1320 1323
f 1450 1323 1453
f 1326 1455 1453
f 1326 1453 1323
f 1455 1326 1328
f 1455 1328 1459
f 1187 1331 1328
f 1331 1187 1194
f 1331 1194 1337
f 1194 1068 1205
f 1195 1205 1068
f 1195 1068 1069
f 1195 1069 1206
f 1068 1205 1206
f 1068 1206 1069
f 1205 1212 1344
f 1344 1212 1351
f 1351 1212 1211
f 1351 1211 1350
f 1356 1350 1211
f 1350 1356 1488
f 1487 1488 1356
f 81 80 154
f 155 81 154
f 154 80 79
f 79 153 154
f 153 79 152
f 153 152 236
f 236 152 151
f 236 151 235
f 235 151 234
f 234 233 323
f 323 233 322
f 322 233 321
f 322 321 424
f 424 321 320
f 424 320 423
f 423 320 422
f 423 422 534
f 534 422 421
f 534 421 533
f 533 532 689
f 689 532 688
f 688 532 687
f 687 686 841
f 841 686 840
f 840 686 839
f 840 839 978
f 838 978 839
f 838 977 978
f 976 1115 977
f 976 1114 1115
f 1114 976 996
f 1114 996 1136
f 1136 996 1135
f 1147 1148 1136
f 1147 1136 1135
f 1295 1148 1162
f 1295 1162 1307
f 1307 1162 1161
f 1307 1161 1306
f 1306 1161 1167
f 1306 1167 1311
f 1311 1167 1172
f 1311 1172 1314
f 1314 1317 1316
f 1317 1448 1316
f 1317 1316 1448
f 1184 1328 1326
f 1184 1326 1182
f 1328 1184 1185
f 1328 1185 1187
f 1187 1050 1051
f 1187 1051 1194
f 1194 1051 1056
f 1056 1057 1068
f 1056 1068 1194
f 933 1069 1068
f 933 1068 1057
f 1069 933 1068
f 1074 1205 1068
f 1073 1212 1205
f 1073 1205 1074
f 1211 1212 1216
f 1211 1216 1356
f 1356 1355 1487
f 81 22 21
f 21 80 81
f 80 21 79
f 78 152 79
f 78 77 152
f 152 77 151
f 151 150 234
f 234 150 149
f 234 149 233
f 149 232 233
f 232 321 233
f 321 232 231
f 321 231 320
f 320 319 422
f 422 319 421
f 421 420 533
f 533 420 532
f 532 420 531
f 532 531 687
f 530 686 687
f 530 687 531
f 686 685 839
f 685 684 839
f 684 838 839
f 838 837 977
f 837 976 977
f 976 837 996
f 995 1135 996
f 995 1007 1147
f 995 1147 1135
f 1007 1008 1148
f 1007 1148 1147
f 1020 1162 1148
f 1020 1148 1008
f 1162 1020 1161
f 1161 1020 1168
f 1161 1168 1167
f 1167 1168 1173
f 1167 1173 1172
f 1172 1173 1314
f 1314 1173 1176
f 1314 1176 1317
f 1317 1176 1175
f 1317 1175 1316
f 1316 1175 1178
f 1316 1178 1321
f 1178 1320 1321
f 1320 1178 1180
f 1320 1180 1323
f 1326 1323 1180
f 1326 1180 1182
f 1184 1045 1185
f 1185 1045 1046
f 1049 1187 1185
f 1049 1185 1046
f 1187 1049 1050
f 919 1056 1051
f 919 1051 1050
f 1056 919 920
f 1056 920 1057
f 21 22 3
f 21 20 79
f 79 20 19
f 19 78 79
f 77 78 19
f 151 77 76
f 151 76 150
f 150 76 75
f 149 150 75
f 232 149 148
f 231 232 148
f 231 230 320
f 320 230 319
f 319 230 318
f 319 318 421
f 318 317 420
f 318 420 421
f 420 419 531
f 419 418 531
f 530 531 418
f 530 529 686
f 686 529 685
f 838 684 683
f 838 683 837
f 837 855 996
f 1008 1007 995
f 1008 995 996
f 1020 1025 1168
f 1168 1025 1028
f 1168 1028 1173
f 1173 1028 1031
f 1173 1031 1176
f 1176 1036 1175
f 1175 1036 1035
f 1175 1035 1178
f 1035 1039 1180
f 1035 1180 1178
f 1039 1043 1182
f 1039 1182 1180
f 1045 1184 1182
f 1045 1182 1043
f 913 1049 1046
f 1050 1049 913
f 1050 913 914
f 914 919 1050
f 25 21 3
f 2 20 21
f 20 2 19
f 19 18 77
f 18 76 77
f 148 149 75
f 147 231 148
f 231 147 230
f 230 229 318
f 317 318 229
f 317 316 420
f 420 316 419
f 529 530 418
f 529 528 685
f 684 685 528
f 837 683 698
f 837 698 855
f 855 869 996
f 869 1008 996
f 1008 869 881
f 1008 881 1020
f 1025 1020 881
f 1025 881 887
f 891 1028 1025
f 891 1025 887
f 891 1031 1028
f 1036 1176 1031
f 1040 1039 1035
f 910 1045 1043
f 910 1043 907
f 910 1046 1045
f 1046 910 913
f 914 913 773
f 914 773 777
f 914 777 919
f 919 777 778
f 21 25 7
f 21 7 2
f 2 1 19
f 1 18 19
f 18 17 76
f 75 74 148
f 229 228 317
f 419 316 418
f 418 417 529
f 528 529 685
f 683 684 698
f 698 710 855
f 855 710 870
f 855 870 869
f 869 870 711
f 869 711 722
f 869 722 881
f 881 722 887
f 891 894 1031
f 1031 894 895
f 1031 895 900
f 1031 900 899
f 1031 899 1036
f 1036 899 898
f 1036 898 1035
f 1035 898 904
f 1035 904 1040
f 1040 904 903
f 1040 903 1039
f 1039 903 907
f 1039 907 1043
f 910 907 769
f 910 769 772
f 910 772 913
f 913 772 773
f 773 624 777
f 777 624 625
f 777 625 778
f 2 6 5
f 6 2 7
f 5 1 2
f 1 5 4
f 1 4 18
f 18 4 24
f 18 24 23
f 18 23 17
f 17 23 76
f 83 75 76
f 83 76 23
f 74 75 83
f 74 83 82
f 82 157 148
f 82 148 74
f 148 157 156
f 148 156 147
f 147 156 241
f 147 241 230
f 230 241 240
f 230 240 229
f 229 240 329
f 229 329 228
f 228 329 317
f 317 329 328
f 317 328 316
f 316 328 430
f 316 430 418
f 418 430 417
f 417 430 530
f 417 530 529
f 684 528 541
f 684 541 698
f 698 541 711
f 698 711 710
f 710 711 870
f 723 722 711
f 722 723 733
f 722 733 887
f 887 733 738
f 887 738 891
f 891 738 742
f 891 742 894
f 742 895 894
f 899 746 898
f 898 746 757
f 898 757 904
f 904 757 756
f 904 756 903
f 903 756 907
f 907 756 765
f 907 765 769
f 769 617 772
f 772 617 773
f 773 617 624
f 23 84 83
f 157 82 83
f 156 157 160
f 241 156 160
f 328 431 430
f 430 543 530
f 529 530 685
f 685 699 528
f 528 699 542
f 528 542 541
f 541 542 550
f 541 550 711
f 711 550 712
f 711 712 550
f 559 723 711
f 559 711 550
f 895 742 747
f 895 747 900
f 899 900 747
f 899 747 746
f 758 746 899
f 758 899 746
f 746 758 757
f 756 607 765
f 765 607 611
f 765 611 769
f 769 611 616
f 769 616 617
f 617 468 469
f 617 469 624
f 624 469 474
f 624 474 625
f 758 746 592
f 600 757 758
f 600 758 592
f 757 600 599
f 756 757 599
f 607 756 599
f 607 463 611
f 616 611 463
f 617 616 463
f 617 463 468
f 469 363 474
f 591 592 746
f 591 746 592
f 591 600 592
f 600 591 599
f 599 454 607
f 607 454 457
f 607 457 463
f 356 358 468
f 356 468 463
f 358 359 468
f 468 359 469
f 359 363 469
f 452 451 591
f 452 591 592
f 450 599 591
f 450 591 451
f 450 454 599
f 454 354 457
f 354 356 463
f 354 463 457
f 358 267 359
f 268 363 359
f 268 359 267
f 450 451 347
f 454 450 347
f 454 347 352
f 352 354 454
f 265 356 354
f 358 356 265
f 358 265 267
f 268 267 185
f 451 452 349
f 451 349 348
f 347 451 348
f 352 347 256
f 352 256 260
f 354 352 260
f 354 260 263
f 265 354 263
f 265 263 180
f 267 265 180
f 267 180 183
f 183 184 267
f 267 184 185
f 253 348 257
f 256 347 348
f 256 348 253
f 175 177 263
f 175 263 260
f 177 180 263
f 180 105 183
f 106 184 183
f 106 183 105
f 254 253 257
f 253 171 256
f 171 175 260
f 171 260 256
f 101 103 180
f 101 180 177
f 105 180 103
f 106 105 103
f 170 169 253
f 170 253 254
f 171 253 169
f 171 169 172
f 175 171 95
f 95 99 175
f 175 99 177
f 177 99 101
f 101 37 103
f 103 37 41
f 103 41 44
f 103 44 106
f 106 44 45
f 93 169 170
f 169 93 172
f 172 93 96
f 172 96 171
f 171 96 95
f 34 99 95
f 99 34 37
f 99 37 101
f 41 13 14
f 41 14 44
f 16 45 44
f 96 32 95
f 95 32 35
f 95 35 34
f 38 37 34
f 38 34 35
f 12 41 37
f 12 42 13
f 12 13 41
f 170 94 93
f 868 854 709
f 865 851 864
f 1126 1125 988
f 1125 987 988
f 2414 2344 2420
f 2249 2248 2369
f 2131 2021 2130
f 21 26 22
f 161 87 83
f 1212 1216 1217
f 593 747 746
f 346 349 348
f 13 14 42
f 734 733 738
f 560 723 733
f 560 733 734
f 723 560 551
f 686 530 685
f 431 430 543
f 329 328 431
f 334 330 329
f 334 244 241
f 334 241 330
f 83 87 88
f 83 88 84
f 84 88 23
f 25 26 21
f 695 849 848
f 866 851 865
f 709 853 708
f 1870 1878 1980
f 1870 1980 1975
f 2081 1975 1980
f 2080 2200 2081
f 2223 2222 2214
f 12 38 37
f 245 160 241
f 245 241 244
f 161 157 156
f 161 156 160
f 161 83 157
f 155 239 238
f 849 848 987
f 1127 1275 1126
f 1275 1127 1142
f 1275 1142 1290
f 1143 1276 1142
f 1277 1143 1292
f 1143 1144 1292
f 990 989 1004
f 864 850 990
f 864 990 1004
f 708 697 707
f 708 853 697
f 709 854 853
f 1006 1146 1134
f 1421 1541 1422
f 2222 2223 2341
f 2414 2419 2343
f 2414 2343 2344
f 2414 2420 2415
f 2416 2453 2415
f 2453 2421 2422
f 2422 2460 2453
f 2428 2460 2422
f 2460 2428 2469
f 2440 2469 2477
f 2446 2482 2439
f 2371 2445 2446
f 2369 2370 2249
f 2248 2254 2369
f 2248 2253 2254
f 2131 2253 2132
f 2020 2130 2021
f 2375 2374 2377
f 2375 2377 2374
f 2147 2266 2146
f 2032 2146 2145
f 1821 1711 1822
f 1487 1488 1602
f 933 1068 932
f 920 1057 933
f 920 779 919
f 779 778 919
f 475 474 625
f 475 363 474
f 268 360 363
f 107 106 184
f 107 184 185
f 107 45 106
f 45 16 14
f 42 14 12
f 258 257 254
f 346 348 257
f 346 257 258
f 593 592 452
f 593 452 453
f 593 746 592
f 2416 2421 2453
f 2460 2459 2453
f 2469 2468 2459
f 2469 2459 2460
f 2440 2477 2469
f 2453 2452 2448
f 2453 2448 2415
f 2452 2453 2459
f 2452 2459 2458
f 2468 2469 2477
f 2468 2477 2476
f 2476 2477 2440
f 2476 2440 2439
f 2414 2448 2451
f 2414 2415 2448
f 2451 2448 2452
f 2468 2467 2458
f 2468 2458 2459
f 2476 2467 2468
f 2439 2482 2476
f 2451 2419 2414
f 2452 2457 2451
f 2457 2452 2458
f 2457 2458 2466
f 2466 2458 2467
f 2467 2475 2466
f 2476 2475 2467
f 2476 2481 2475
f 2482 2481 2476
f 2446 2481 2482
f 2451 2450 2419
f 2457 2456 2450
f 2457 2450 2451
f 2466 2456 2457
f 2475 2474 2466
f 2474 2475 2481
f 2474 2481 2480
f 2343 2419 2418
f 2418 2419 2450
f 2466 2465 2456
f 2474 2473 2465
f 2474 2465 2466
f 2481 2445 2480
f 2446 2445 2481
f 2418 2342 2343
f 2450 2455 2418
f 2456 2455 2450
f 2456 2464 2455
f 2465 2464 2456
f 2464 2465 2473
f 2480 2479 2473
f 2480 2473 2474
f 2445 2479 2480
f 2418 2417 2341
f 2418 2341 2342
f 2417 2418 2455
f 2417 2455 2454
f 2464 2454 2455
f 2473 2472 2464
f 2473 2478 2472
f 2479 2444 2478
f 2479 2478 2473
f 2444 2479 2445
f 2371 2370 2444
f 2371 2444 2445
f 2417 2427 2341
f 2427 2417 2454
f 2464 2463 2454
f 2463 2464 2472
f 2463 2472 2471
f 2478 2443 2472
f 2444 2443 2478
f 2444 2369 2443
f 2370 2369 2444
f 2341 2353 2222
f 2427 2353 2341
f 2427 2426 2353
f 2454 2432 2426
f 2454 2426 2427
f 2463 2462 2432
f 2463 2432 2454
f 2463 2471 2462
f 2472 2438 2471
f 2443 2442 2438
f 2443 2438 2472
f 1294 1284 1134
f 1146 1294 1134
f 1293 1415 1284
f 1293 1284 1294
f 1422 1415 1293
f 1541 1414 1415
f 1541 1415 1422
f 1541 1536 1414
f 1656 1650 1536
f 1656 1536 1541
f 1656 1655 1650
f 2081 2075 1975
f 2075 2081 2200
f 2075 2200 2074
f 2200 2192 2074
f 2192 2200 2199
f 2198 2192 2199
f 2311 2312 2198
f 2311 2198 2197
f 2310 2311 2197
f 2310 2197 2196
f 2190 2196 2073
f 2190 2073 2072
f 2189 2190 2072
f 2189 2072 2190
f 2078 2195 2190
f 2078 2190 2072
f 2196 2195 2078
f 2353 2340 2222
f 2462 2426 2432
f 2470 2462 2471
f 2437 2470 2471
f 2437 2471 2438
f 2442 2437 2438
f 2442 2443 2368
f 2368 2443 2369
f 2369 2254 2368
f 994 1006 1134
f 1006 994 868
f 1283 1134 1284
f 1283 1284 1415
f 1414 1283 1415
f 1535 1536 1650
f 1535 1650 1655
f 1535 1655 1650
f 1759 1649 1650
f 1759 1650 1655
f 1758 1754 1649
f 1758 1649 1759
f 1758 1753 1754
f 1865 1753 1758
f 1865 1758 1870
f 1864 1865 1870
f 1969 1864 1870
f 1969 1870 1975
f 1968 1969 1975
f 2075 1968 1975
f 2198 2191 2192
f 2312 2304 2191
f 2312 2191 2198
f 2304 2312 2311
f 2304 2311 2303
f 2303 2311 2310
f 2303 2310 2302
f 2302 2310 2196
f 2302 2196 2190
f 2302 2190 2301
f 2195 2189 2190
f 2309 2195 2196
f 2309 2196 2202
f 2309 2202 2317
f 2208 2322 2317
f 2208 2317 2202
f 2322 2208 2327
f 2211 2327 2208
f 2214 2333 2327
f 2214 2327 2211
f 2221 2333 2214
f 2221 2214 2222
f 2339 2221 2222
f 2339 2222 2340
f 2352 2339 2340
f 2352 2340 2353
f 2426 2425 2352
f 2426 2352 2353
f 2462 2431 2425
f 2462 2425 2426
f 2462 2461 2431
f 2436 2461 2462
f 2436 2462 2470
f 2437 2436 2470
f 2367 2441 2437
f 2367 2437 2442
f 2367 2442 2368
f 2247 2367 2368
f 2253 2247 2368
f 2253 2368 2254
f 994 854 868
f 994 993 854
f 1133 993 994
f 1133 994 1134
f 1283 1133 1134
f 1283 1282 1133
f 1414 1282 1283
f 1413 1414 1536
f 1535 1413 1536
f 1535 1650 1649
f 1968 2075 2074
f 1968 2074 2069
f 2192 2186 2069
f 2192 2069 2074
f 2192 2185 2186
f 2191 2185 2192
f 2303 2191 2304
f 2190 2300 2301
f 2189 2300 2190
f 2195 2308 2300
f 2195 2300 2189
f 2309 2308 2195
f 2221 2339 2333
f 2221 2220 2339
f 2339 2338 2220
f 2339 2220 2221
f 2352 2351 2338
f 2352 2338 2339
f 2425 2424 2351
f 2425 2351 2352
f 2431 2430 2424
f 2431 2424 2425
f 2461 2431 2430
f 2461 2430 2431
f 2436 2431 2461
f 2441 2366 2436
f 2441 2436 2437
f 2367 2366 2441
f 2247 2246 2367
f 2253 2246 2247
f 993 853 854
f 1133 1132 993
f 1282 1132 1133
f 1282 1281 1132
f 1414 1281 1282
f 1413 1281 1414
f 1535 1534 1413
f 1649 1534 1535
f 1649 1648 1534
f 1754 1648 1649
f 1753 1648 1754
f 1865 1752 1753
f 1864 1752 1865
f 1969 1863 1864
f 1968 1863 1969
f 2069 1967 1968
f 2069 2068 1967
f 2069 2186 2068
f 2068 2186 2185
f 2303 2184 2185
f 2303 2185 2191
f 2303 2296 2184
f 2302 2295 2296
f 2302 2296 2303
f 2302 2301 2295
f 2300 2407 2408
f 2300 2408 2301
f 2308 2407 2300
f 2309 2411 2308
f 2317 2316 2411
f 2317 2411 2309
f 2322 2321 2316
f 2322 2316 2317
f 2327 2326 2321
f 2327 2321 2322
f 2333 2332 2326
f 2333 2326 2327
f 2339 2338 2332
f 2339 2332 2333
f 2220 2338 2339
f 2436 2435 2430
f 2436 2430 2431
f 2436 2362 2435
f 2366 2362 2436
f 2367 2245 2366
f 2246 2245 2367
f 2253 2131 2246
f 993 852 853
f 993 992 852
f 1132 992 993
f 1132 1131 992
f 1281 1131 1132
f 1413 1412 1281
f 1534 1412 1413
f 1534 1533 1412
f 1648 1533 1534
f 1753 1647 1648
f 1752 1647 1753
f 1864 1751 1752
f 1863 1751 1864
f 1968 1862 1863
f 1967 1862 1968
f 1967 2068 1966
f 2068 2067 1966
f 2067 2068 2185
f 2185 2184 2067
f 2296 2183 2184
f 2295 2183 2296
f 2294 2295 2301
f 2404 2294 2301
f 2404 2301 2408
f 2403 2404 2408
f 2403 2408 2407
f 2406 2407 2300
f 2406 2300 2407
f 2307 2406 2407
f 2307 2407 2308
f 2410 2307 2308
f 2410 2308 2411
f 2307 2410 2411
f 2315 2307 2411
f 2315 2411 2316
f 2320 2315 2316
f 2320 2316 2321
f 2320 2321 2326
f 2325 2320 2326
f 2332 2331 2325
f 2332 2325 2326
f 2331 2332 2338
f 2219 2331 2338
f 2219 2338 2220
f 2338 2337 2219
f 2338 2219 2220
f 2351 2350 2337
f 2351 2337 2338
f 2423 2350 2351
f 2423 2351 2424
f 2429 2423 2424
f 2429 2424 2430
f 2435 2362 2429
f 2435 2429 2430
f 2365 2362 2366
f 2366 2244 2365
f 2245 2244 2366
f 2130 2245 2246
f 2131 2130 2246
f 853 696 707
f 853 707 697
f 852 696 853
f 992 991 852
f 1131 991 992
f 1280 1130 1131
f 1280 1131 1281
f 1412 1280 1281
f 1412 1411 1280
f 1533 1411 1412
f 1533 1532 1411
f 1648 1532 1533
f 1647 1532 1648
f 1752 1646 1647
f 1751 1646 1752
f 1750 1751 1863
f 1862 1750 1863
f 1861 1862 1967
f 1861 1967 1966
f 1966 1965 1861
f 1965 1966 2067
f 2067 2066 1965
f 2066 2067 2184
f 2183 2066 2184
f 2182 2183 2295
f 2294 2182 2295
f 2293 2294 2404
f 2293 2404 2403
f 2406 2293 2403
f 2406 2403 2407
f 2410 2406 2307
f 2219 2218 2331
f 2336 2218 2219
f 2336 2219 2337
f 2349 2336 2337
f 2349 2337 2350
f 2349 2350 2423
f 2429 2349 2423
f 2361 2429 2362
f 2365 2244 2361
f 2365 2361 2362
f 2122 2244 2245
f 2130 2122 2245
f 852 866 707
f 852 707 696
f 991 851 852
f 1131 990 991
f 1130 990 1131
f 1280 1129 1130
f 1280 1279 1129
f 1279 1280 1411
f 1279 1411 1410
f 1410 1411 1532
f 1531 1532 1647
f 1646 1531 1647
f 1750 1646 1751
f 1749 1750 1862
f 1749 1862 1861
f 1860 1749 1861
f 1860 1861 1965
f 1860 1965 1964
f 2066 1964 1965
f 2066 2065 1964
f 2183 2065 2066
f 2183 2064 2065
f 2182 2064 2183
f 2182 2294 2181
f 2293 2181 2294
f 2406 2299 2292
f 2406 2292 2293
f 2406 2298 2299
f 2410 2405 2298
f 2410 2298 2406
f 2410 2409 2405
f 2409 2410 2307
f 2409 2307 2306
f 2315 2314 2306
f 2315 2306 2307
f 2320 2319 2314
f 2320 2314 2315
f 2325 2324 2319
f 2325 2319 2320
f 2331 2330 2324
f 2331 2324 2325
f 2218 2330 2331
f 2429 2357 2349
f 2357 2429 2361
f 2357 2361 2360
f 2361 2238 2360
f 2244 2243 2238
f 2244 2238 2361
f 2243 2244 2122
f 2122 2130 2129
f 2020 2019 2129
f 2020 2129 2130
f 2263 2257 2138
f 2263 2138 2139
f 2139 2264 2263
f 2263 2262 2257
f 2375 2262 2263
f 2374 2262 2375
f 2374 2377 2376
f 852 851 866
f 991 850 851
f 990 850 991
f 989 990 1130
f 1129 989 1130
f 1278 1129 1279
f 1410 1278 1279
f 1410 1532 1409
f 1531 1409 1532
f 1646 1645 1531
f 1750 1645 1646
f 1750 1749 1645
f 1860 1748 1749
f 1964 1859 1860
f 2065 1963 1964
f 2065 1962 1963
f 1962 2065 2064
f 2064 2182 2063
f 2181 2063 2182
f 2293 2180 2181
f 2292 2180 2293
f 2298 2180 2292
f 2298 2292 2299
f 2298 2405 2409
f 2298 2409 2306
f 2305 2306 2409
f 2305 2409 2306
f 2314 2313 2305
f 2314 2305 2306
f 2319 2318 2313
f 2319 2313 2314
f 2324 2323 2318
f 2324 2318 2319
f 2323 2324 2330
f 2323 2330 2329
f 2218 2217 2329
f 2218 2329 2330
f 2336 2335 2217
f 2336 2217 2218
f 2335 2336 2349
f 2335 2349 2348
f 2357 2356 2348
f 2357 2348 2349
f 2356 2357 2360
f 2238 2242 2237
f 2238 2237 2360
f 2243 2242 2238
f 2243 2121 2242
f 2122 2121 2243
f 2129 2018 2121
f 2129 2121 2122
f 2019 2129 2018
f 2019 2018 2129
f 2129 2019 2020
f 2129 2020 2019
f 2019 2020 2027
f 2019 2027 2026
f 2139 2138 2026
f 2139 2026 2027
f 2257 2256 2138
f 2262 2256 2257
f 2262 2261 2256
f 2374 2261 2262
f 2261 2374 2376
f 2261 2376 2267
f 864 851 850
f 1278 1128 1129
f 1410 1277 1278
f 1410 1409 1277
f 1530 1409 1531
f 1530 1531 1645
f 1644 1530 1645
f 1644 1645 1749
f 1749 1643 1644
f 1643 1749 1748
f 1748 1860 1747
f 1747 1860 1859
f 1858 1859 1964
f 1963 1858 1964
f 1962 2064 2063
f 2062 2063 2181
f 2062 2181 2180
f 2179 2062 2180
f 2188 2179 2180
f 2188 2180 2298
f 2188 2298 2297
f 2306 2305 2297
f 2306 2297 2298
f 2216 2329 2217
f 2335 2334 2216
f 2335 2216 2217
f 2348 2334 2335
f 2236 2356 2360
f 2236 2360 2237
f 2242 2236 2237
f 2120 2242 2121
f 2018 2120 2121
f 2128 2018 2129
f 2019 2018 2128
f 2019 2128 2129
f 2019 2026 2138
f 2019 2138 2137
f 2136 2137 2138
f 2136 2138 2256
f 2255 2136 2256
f 2256 2261 2255
f 2267 2260 2261
f 1144 1004 989
f 1144 989 1129
f 1128 1144 1129
f 1278 1292 1144
f 1278 1144 1128
f 1278 1277 1292
f 1530 1408 1409
f 1530 1529 1408
f 1644 1529 1530
f 1644 1528 1529
f 1643 1528 1644
f 1748 1642 1643
f 1747 1642 1748
f 1859 1746 1747
f 1858 1746 1859
f 1858 1963 1857
f 1857 1963 1962
f 1961 1857 1962
f 1962 2063 1961
f 1961 2063 2062
f 2062 2179 2061
f 2188 2061 2179
f 2187 2188 2297
f 2194 2187 2297
f 2194 2297 2305
f 2193 2194 2305
f 2201 2193 2305
f 2201 2305 2313
f 2313 2318 2207
f 2313 2207 2201
f 2210 2207 2318
f 2210 2318 2323
f 2213 2210 2323
f 2213 2323 2329
f 2328 2213 2329
f 2216 2334 2328
f 2216 2328 2329
f 2334 2348 2229
f 2232 2229 2348
f 2232 2348 2356
f 2232 2356 2236
f 2242 2241 2236
f 2242 2119 2241
f 2119 2242 2120
f 2017 2119 2120
f 2017 2120 2018
f 2128 2127 2017
f 2128 2017 2018
f 2127 2128 2018
f 2137 2018 2019
f 2136 2018 2137
f 2135 2136 2255
f 2260 2135 2255
f 2260 2255 2261
f 2259 2260 2267
f 2267 2266 2259
f 1276 1143 1277
f 1276 1277 1409
f 1276 1409 1408
f 1276 1408 1407
f 1529 1407 1408
f 1529 1406 1407
f 1528 1406 1529
f 1527 1528 1643
f 1643 1642 1527
f 1641 1642 1747
f 1746 1641 1747
f 1746 1858 1745
f 1858 1857 1745
f 1857 1856 1745
f 1961 1856 1857
f 1961 1960 1856
f 2062 1960 1961
f 2062 1959 1960
f 2061 1959 2062
f 2188 2071 2061
f 2187 2071 2188
f 2194 2193 2071
f 2194 2071 2187
f 2212 2209 2210
f 2212 2210 2213
f 2212 2213 2328
f 2212 2328 2334
f 2212 2334 2215
f 2228 2215 2334
f 2228 2334 2229
f 2235 2232 2236
f 2235 2236 2113
f 2118 2113 2236
f 2118 2236 2241
f 2118 2241 2119
f 2017 2016 2119
f 2127 2016 2017
f 2017 2127 2018
f 1912 2017 2018
f 2017 1912 2018
f 2017 2018 2136
f 2136 2135 2017
f 2260 2141 2135
f 2141 2260 2259
f 2266 2147 2141
f 2266 2141 2259
f 1276 1290 1142
f 1276 1275 1290
f 1275 1276 1407
f 1275 1407 1406
f 1406 1528 1405
f 1405 1528 1527
f 1527 1642 1526
f 1526 1642 1641
f 1640 1641 1746
f 1640 1746 1745
f 1744 1640 1745
f 1744 1745 1856
f 1855 1744 1856
f 1855 1856 1960
f 1960 1854 1855
f 1854 1960 1959
f 1959 2061 1958
f 2071 1972 1958
f 2071 1958 2061
f 2071 2070 1972
f 2193 2077 2070
f 2193 2070 2071
f 2082 2077 2193
f 2082 2193 2201
f 2082 2201 2207
f 2082 2207 2088
f 2207 2206 2088
f 2210 2209 2206
f 2210 2206 2207
f 2232 2107 2228
f 2232 2228 2229
f 2112 2107 2232
f 2112 2232 2235
f 2112 2235 2113
f 2011 2118 2119
f 2011 2119 2016
f 2016 2127 2017
f 1912 2016 2017
f 2016 1912 2017
f 2017 2135 2025
f 2017 2025 2016
f 2134 2025 2135
f 2141 2134 2135
f 2147 2146 2140
f 2147 2140 2141
f 1274 1275 1406
f 1405 1274 1406
f 1526 1405 1527
f 1640 1526 1641
f 1639 1640 1744
f 1744 1743 1639
f 1743 1744 1855
f 1855 1854 1743
f 1959 1853 1854
f 1853 1959 1958
f 1971 1958 1972
f 1971 1972 2070
f 1971 2070 2077
f 1971 2077 1976
f 1976 2077 2076
f 2076 2077 2082
f 2091 2088 2206
f 2091 2206 2209
f 2090 2091 2209
f 2093 2090 2209
f 2093 2209 2212
f 2095 2093 2212
f 2095 2212 2215
f 2228 2101 2095
f 2228 2095 2215
f 2228 2107 2101
f 2118 2010 2112
f 2118 2112 2113
f 2011 2015 2010
f 2011 2010 2118
f 2016 2015 2011
f 1912 1911 2016
f 2016 1911 1912
f 2015 1911 2016
f 2024 2015 2016
f 2024 2016 2025
f 2134 2024 2025
f 2134 2023 2024
f 2134 2141 2140
f 2134 2140 2023
f 1125 1126 1275
f 1274 1125 1275
f 1405 1273 1274
f 1526 1404 1405
f 1404 1526 1525
f 1526 1640 1525
f 1639 1524 1525
f 1639 1525 1640
f 1743 1638 1639
f 1742 1743 1854
f 1741 1742 1854
f 1853 1741 1854
f 1971 1867 1853
f 1971 1853 1958
f 1971 1970 1867
f 1976 1970 1971
f 1982 1976 2076
f 1982 2076 2082
f 1989 1982 2082
f 1989 2082 2088
f 2090 1989 2088
f 2090 2088 2091
f 2095 2101 2100
f 2100 2101 1999
f 1999 2101 2107
f 1999 2107 2003
f 2008 2003 2107
f 2008 2107 2112
f 2010 2008 2112
f 2014 2010 2015
f 2014 2015 1910
f 2016 1910 2015
f 2016 1911 1910
f 1910 1911 2015
f 2024 1918 1910
f 2024 1910 2015
f 2024 2023 1918
f 2023 2140 2030
f 2140 2029 2030
f 2146 2032 2029
f 2146 2029 2140
f 1273 1125 1274
f 1404 1273 1405
f 1404 1525 1403
f 1525 1524 1403
f 1523 1524 1639
f 1638 1523 1639
f 1637 1638 1743
f 1637 1743 1742
f 1741 1637 1742
f 1853 1740 1741
f 1867 1740 1853
f 1866 1867 1970
f 1976 1873 1866
f 1976 1866 1970
f 1981 1873 1976
f 1981 1976 1982
f 1989 1981 1982
f 1991 1989 2090
f 2090 2093 1994
f 2090 1994 1991
f 1997 1994 2093
f 1997 2093 2095
f 1999 1997 2095
f 1999 2095 2100
f 2003 2008 2007
f 1903 2007 2008
f 1905 1903 2008
f 1905 2008 2010
f 1906 1905 2010
f 1909 1906 2010
f 1909 2010 2014
f 1909 2014 1910
f 1909 1910 1807
f 1808 1807 1910
f 1808 1910 1911
f 1807 1808 1911
f 1807 1911 1910
f 1918 1917 1910
f 1917 1918 2023
f 2023 1916 1917
f 2030 2029 1916
f 2030 1916 2023
f 1124 987 1125
f 1124 1125 1273
f 1272 1124 1273
f 1404 1272 1273
f 1404 1271 1272
f 1403 1271 1404
f 1403 1524 1402
f 1523 1402 1524
f 1638 1522 1523
f 1637 1522 1638
f 1636 1522 1637
f 1636 1637 1741
f 1636 1741 1740
f 1867 1756 1740
f 1756 1867 1866
f 1872 1866 1873
f 1880 1872 1873
f 1880 1873 1981
f 1981 1989 1889
f 1981 1889 1880
f 1989 1888 1889
f 1892 1888 1989
f 1892 1989 1991
f 1991 1994 1894
f 1991 1894 1892
f 1997 1896 1894
f 1997 1894 1994
f 1896 1997 1999
f 1896 1999 1898
f 1900 1898 1999
f 1900 1999 2003
f 1901 1900 2003
f 1903 1901 2003
f 1903 2003 2007
f 1806 1905 1906
f 1806 1906 1909
f 1807 1806 1909
f 1806 1807 1910
f 1807 1806 1910
f 1808 1697 1807
f 1807 1697 1808
f 1806 1807 1910
f 1813 1806 1910
f 1813 1910 1917
f 1916 1813 1917
f 1916 2029 1922
f 1922 2029 1921
f 1921 2029 2032
f 1921 2032 1925
f 986 987 1124
f 1123 1124 1272
f 1123 1272 1122
f 1271 1122 1272
f 1270 1271 1403
f 1270 1403 1402
f 1401 1270 1402
f 1402 1523 1401
f 1522 1401 1523
f 1521 1522 1636
f 1636 1635 1521
f 1740 1635 1636
f 1634 1635 1740
f 1740 1756 1652
f 1740 1652 1634
f 1866 1755 1756
f 1872 1761 1755
f 1872 1755 1866
f 1769 1761 1872
f 1769 1872 1880
f 1879 1769 1880
f 1879 1880 1889
f 1879 1889 1888
f 1903 1798 1900
f 1903 1900 1901
f 1799 1798 1903
f 1905 1801 1799
f 1905 1799 1903
f 1801 1905 1806
f 1801 1806 1805
f 1806 1696 1805
f 1696 1806 1807
f 1696 1807 1806
f 1807 1697 1696
f 1807 1696 1806
f 1696 1697 1807
f 1696 1807 1806
f 1813 1696 1806
f 1813 1916 1812
f 1922 1817 1812
f 1922 1812 1916
f 1921 1817 1922
f 847 848 987
f 849 987 848
f 986 847 987
f 985 986 1124
f 985 1124 1123
f 1123 1122 985
f 1122 1271 1270
f 1270 1401 1269
f 1401 1400 1269
f 1400 1401 1522
f 1522 1521 1399
f 1522 1399 1400
f 1521 1635 1520
f 1634 1520 1635
f 1651 1652 1756
f 1651 1756 1755
f 1761 1651 1755
f 1768 1760 1761
f 1768 1761 1769
f 1768 1769 1879
f 1778 1768 1879
f 1778 1879 1888
f 1888 1892 1782
f 1888 1782 1778
f 1894 1786 1782
f 1894 1782 1892
f 1894 1785 1786
f 1896 1789 1785
f 1896 1785 1894
f 1896 1790 1789
f 1898 1794 1790
f 1898 1790 1896
f 1796 1794 1898
f 1796 1898 1900
f 1798 1796 1900
f 1801 1798 1799
f 1695 1693 1801
f 1695 1801 1805
f 1696 1695 1805
f 1696 1697 1585
f 1586 1585 1697
f 1586 1697 1585
f 1585 1697 1696
f 1585 1696 1703
f 1813 1702 1703
f 1813 1703 1696
f 1702 1813 1812
f 1817 1702 1812
f 1921 1925 1822
f 1921 1822 1817
f 694 695 848
f 848 693 694
f 848 847 693
f 846 847 986
f 985 846 986
f 984 985 1122
f 1121 984 1122
f 1121 1122 1270
f 1120 1121 1270
f 1120 1270 1269
f 1268 1120 1269
f 1268 1269 1400
f 1400 1267 1268
f 1267 1400 1399
f 1399 1521 1398
f 1520 1398 1521
f 1519 1398 1520
f 1519 1520 1634
f 1519 1634 1652
f 1519 1652 1538
f 1651 1538 1652
f 1761 1657 1651
f 1657 1761 1760
f 1665 1657 1760
f 1665 1760 1768
f 1674 1665 1768
f 1674 1768 1778
f 1781 1778 1782
f 1785 1781 1782
f 1785 1782 1786
f 1789 1790 1794
f 1789 1794 1793
f 1793 1794 1796
f 1793 1796 1686
f 1687 1686 1796
f 1687 1796 1798
f 1687 1798 1689
f 1801 1692 1689
f 1801 1689 1798
f 1693 1692 1801
f 1584 1693 1695
f 1696 1584 1695
f 1696 1585 1584
f 1593 1470 1586
f 1593 1586 1585
f 1585 1703 1593
f 1592 1593 1703
f 1592 1703 1702
f 1708 1702 1817
f 1708 1817 1822
f 1708 1822 1711
f 538 539 695
f 538 695 694
f 846 693 847
f 845 846 985
f 845 985 984
f 983 845 984
f 983 984 1121
f 982 983 1121
f 1120 982 1121
f 1119 1120 1268
f 1267 1119 1268
f 1266 1267 1399
f 1266 1399 1398
f 1397 1266 1398
f 1397 1398 1519
f 1396 1397 1519
f 1538 1396 1519
f 1537 1538 1651
f 1542 1537 1651
f 1542 1651 1657
f 1657 1665 1542
f 1673 1665 1674
f 1673 1674 1778
f 1676 1673 1778
f 1676 1778 1781
f 1679 1676 1781
f 1679 1781 1785
f 1682 1679 1785
f 1682 1785 1789
f 1684 1682 1789
f 1684 1789 1793
f 1686 1684 1793
f 1689 1686 1687
f 1692 1581 1578
f 1692 1578 1689
f 1581 1692 1693
f 1584 1581 1693
f 1469 1584 1585
f 1477 1469 1585
f 1469 1477 1585
f 1470 1469 1585
f 1470 1585 1586
f 1477 1470 1593
f 1592 1477 1593
f 1708 1598 1592
f 1708 1592 1702
f 1707 1598 1708
f 1711 1707 1708
f 540 427 428
f 539 427 540
f 538 427 539
f 694 537 538
f 693 537 694
f 692 537 693
f 846 692 693
f 846 691 692
f 845 691 846
f 983 844 845
f 983 843 844
f 982 843 983
f 1120 981 982
f 1119 981 1120
f 1119 1118 981
f 1267 1118 1119
f 1266 1118 1267
f 1397 1265 1266
f 1397 1396 1265
f 1538 1417 1396
f 1538 1416 1417
f 1537 1416 1538
f 1542 1416 1537
f 1665 1552 1542
f 1665 1551 1552
f 1673 1561 1551
f 1673 1551 1665
f 1676 1564 1561
f 1676 1561 1673
f 1679 1567 1564
f 1679 1564 1676
f 1682 1570 1567
f 1682 1567 1679
f 1684 1573 1570
f 1684 1570 1682
f 1686 1575 1573
f 1686 1573 1684
f 1689 1577 1575
f 1689 1575 1686
f 1578 1577 1689
f 1584 1467 1461
f 1584 1461 1581
f 1584 1468 1467
f 1469 1468 1584
f 1477 1468 1469
f 1469 1338 1477
f 1470 1339 1338
f 1470 1338 1469
f 1470 1346 1339
f 1477 1345 1346
f 1477 1346 1470
f 1592 1476 1477
f 1598 1482 1476
f 1598 1476 1592
f 1711 1602 1598
f 1711 1598 1707
f 326 238 327
f 429 325 326
f 428 325 429
f 427 324 325
f 427 325 428
f 427 426 324
f 538 426 427
f 537 425 426
f 537 426 538
f 692 536 537
f 692 535 536
f 691 535 692
f 845 690 691
f 844 690 845
f 843 690 844
f 981 843 982
f 1118 980 981
f 1118 1117 980
f 1266 1117 1118
f 1266 1116 1117
f 1265 1116 1266
f 1396 1264 1265
f 1417 1285 1264
f 1417 1264 1396
f 1416 1285 1417
f 1542 1423 1416
f 1552 1434 1423
f 1552 1423 1542
f 1551 1434 1552
f 1561 1442 1434
f 1561 1434 1551
f 1564 1442 1561
f 1573 1572 1569
f 1573 1569 1570
f 1575 1572 1573
f 1456 1575 1577
f 1456 1577 1459
f 1578 1459 1577
f 1578 1581 1461
f 1578 1461 1459
f 1467 1331 1461
f 1468 1337 1331
f 1468 1331 1467
f 1477 1338 1337
f 1477 1337 1468
f 1339 1195 1338
f 1346 1195 1339
f 1476 1344 1345
f 1476 1345 1477
f 1476 1483 1344
f 1482 1483 1476
f 1598 1487 1482
f 1602 1487 1598
f 237 238 326
f 325 236 237
f 325 237 326
f 323 324 426
f 426 322 323
f 425 322 426
f 537 424 425
f 536 424 537
f 535 424 536
f 690 535 691
f 843 689 690
f 843 842 689
f 981 842 843
f 980 841 842
f 980 842 981
f 1117 979 980
f 1117 978 979
f 1116 978 1117
f 1265 1115 1116
f 1264 1115 1265
f 1264 1263 1115
f 1285 1263 1264
f 1285 1416 1295
f 1423 1295 1416
f 1423 1307 1295
f 1434 1306 1307
f 1434 1307 1423
f 1434 1442 1306
f 1564 1445 1442
f 1567 1448 1445
f 1567 1445 1564
f 1570 1451 1448
f 1570 1448 1567
f 1569 1450 1451
f 1569 1451 1570
f 1572 1453 1450
f 1572 1450 1569
f 1453 1572 1575
f 1453 1575 1455
f 1456 1455 1575
f 1329 1328 1459
f 1329 1459 1461
f 1331 1329 1461
f 1194 1337 1338
f 1205 1194 1338
f 1195 1205 1338
f 1206 1195 1346
f 1205 1206 1346
f 1205 1346 1345
f 1351 1205 1345
f 1351 1345 1344
f 1351 1344 1483
f 1350 1351 1483
f 1350 1483 1482
f 1488 1350 1482
f 1488 1482 1487
f 1488 1487 1602
f 154 155 238
f 153 154 238
f 153 238 237
f 236 153 237
f 235 236 325
f 235 325 324
f 234 235 324
f 234 324 323
f 424 322 425
f 423 424 535
f 534 423 535
f 534 535 690
f 533 534 690
f 533 690 689
f 842 688 689
f 842 687 688
f 841 687 842
f 980 840 841
f 979 840 980
f 978 840 979
f 1115 977 978
f 1115 978 1116
f 1114 1115 1263
f 1136 1114 1263
f 1136 1263 1285
f 1295 1148 1136
f 1295 1136 1285
f 1311 1306 1442
f 1314 1311 1442
f 1314 1442 1445
f 1316 1314 1445
f 1448 1316 1445
f 1321 1316 1448
f 1321 1448 1451
f 1320 1321 1451
f 1320 1451 1450
f 1323 1320 1450
f 1323 1450 1453
f 1453 1455 1326
f 1453 1326 1323
f 1326 1455 1456
f 1328 1326 1456
f 1328 1456 1459
f 1329 1331 1187
f 1329 1187 1328
f 1194 1187 1331
f 1194 1331 1337
f 1068 1194 1205
f 1069 1068 1205
f 1069 1205 1195
f 1195 1206 1069
f 1205 1068 1069
f 1205 1069 1206
f 1205 1351 1212
f 1212 1351 1350
f 1212 1350 1211
f 1356 1211 1350
f 1488 1356 1350
f 1488 1487 1356
f 80 81 154
f 155 154 81
f 79 80 154
f 79 154 153
f 79 153 152
f 152 153 236
f 151 152 236
f 151 236 235
f 234 151 235
f 233 234 323
f 233 323 322
f 321 233 322
f 321 322 424
f 320 321 424
f 320 424 423
f 422 320 423
f 422 423 534
f 421 422 534
f 533 421 534
f 532 533 689
f 532 689 688
f 687 532 688
f 686 687 841
f 686 841 840
f 839 686 840
f 839 840 978
f 838 839 978
f 977 838 978
f 976 977 1115
f 976 1115 1114
f 996 976 1114
f 996 1114 1136
f 1136 1135 996
f 1135 1136 1148
f 1135 1148 1147
f 1162 1148 1295
f 1162 1295 1307
f 1161 1162 1307
f 1161 1307 1306
f 1167 1161 1306
f 1167 1306 1311
f 1172 1167 1311
f 1172 1311 1314
f 1317 1314 1316
f 1317 1316 1448
f 1316 1317 1448
f 1326 1328 1184
f 1326 1184 1182
f 1328 1185 1184
f 1328 1187 1185
f 1051 1050 1187
f 1051 1187 1194
f 1194 1056 1051
f 1057 1056 1194
f 1057 1194 1068
f 1057 1068 1069
f 1057 1069 933
f 1069 1068 933
f 1074 1068 1205
f 1073 1074 1205
f 1073 1205 1212
f 1211 1356 1216
f 1211 1216 1212
f 1355 1356 1487
f 21 22 81
f 80 21 81
f 80 79 21
f 78 79 152
f 78 152 77
f 151 77 152
f 234 150 151
f 149 150 234
f 149 234 233
f 232 149 233
f 233 321 232
f 321 231 232
f 320 231 321
f 319 320 422
f 421 319 422
f 420 421 533
f 420 533 532
f 531 420 532
f 531 532 687
f 530 531 687
f 530 687 686
f 685 686 839
f 684 685 839
f 838 684 839
f 837 838 977
f 837 977 976
f 996 837 976
f 995 996 1135
f 1007 995 1135
f 1007 1135 1147
f 1008 1007 1147
f 1008 1147 1148
f 1148 1162 1020
f 1148 1020 1008
f 1161 1020 1162
f 1161 1167 1168
f 1161 1168 1020
f 1167 1172 1173
f 1167 1173 1168
f 1173 1172 1314
f 1314 1317 1176
f 1314 1176 1173
f 1175 1176 1317
f 1175 1317 1316
f 1178 1175 1316
f 1178 1316 1321
f 1178 1321 1320
f 1180 1178 1320
f 1180 1320 1323
f 1182 1180 1323
f 1182 1323 1326
f 1185 1046 1184
f 1187 1049 1046
f 1187 1046 1185
f 1049 1187 1050
f 1056 919 1050
f 1056 1050 1051
f 1056 1057 920
f 1056 920 919
f 21 79 20
f 19 20 79
f 78 19 79
f 150 76 77
f 150 77 151
f 150 149 76
f 232 148 149
f 231 148 232
f 231 320 230
f 230 320 319
f 318 230 319
f 318 319 421
f 317 318 421
f 317 421 420
f 531 419 420
f 418 419 531
f 530 418 531
f 686 529 530
f 685 529 686
f 837 683 684
f 837 684 838
f 855 837 996
f 995 1007 1008
f 995 1008 996
f 1020 1168 1025
f 1028 1025 1168
f 1028 1168 1173
f 1031 1028 1173
f 1031 1173 1176
f 1036 1176 1175
f 1035 1036 1175
f 1035 1175 1178
f 1039 1035 1178
f 1039 1178 1180
f 1182 1043 1039
f 1182 1039 1180
f 1184 1045 1043
f 1184 1043 1182
f 1046 1045 1184
f 913 1046 1049
f 914 913 1049
f 914 1049 1050
f 919 914 1050
f 20 2 21
f 19 2 20
f 77 18 19
f 77 19 78
f 77 76 18
f 76 149 75
f 148 75 149
f 148 231 147
f 230 147 231
f 229 230 318
f 317 229 318
f 317 420 316
f 316 420 419
f 529 418 530
f 529 685 528
f 528 685 684
f 855 698 683
f 855 683 837
f 869 855 996
f 869 996 1008
f 1008 1020 881
f 1008 881 869
f 887 881 1020
f 887 1020 1025
f 1028 887 1025
f 1031 1176 1032
f 1036 1032 1176
f 1040 1036 1035
f 1039 1040 1035
f 910 907 1043
f 910 1043 1045
f 910 1045 1046
f 910 1046 913
f 773 913 914
f 777 773 914
f 777 914 919
f 778 777 919
f 7 25 21
f 2 7 21
f 1 2 19
f 18 1 19
f 17 18 76
f 148 74 75
f 230 241 156
f 230 156 147
f 418 316 419
f 529 417 418
f 417 529 528
f 417 528 529
f 528 685 529
f 684 528 685
f 684 685 528
f 683 684 528
f 683 528 684
f 683 698 684
f 698 855 711
f 711 855 869
f 711 869 870
f 870 869 711
f 722 711 869
f 722 869 881
f 887 722 881
f 891 887 1028
f 894 891 1028
f 894 1028 1031
f 895 894 1031
f 895 1031 1032
f 895 1032 900
f 899 900 1032
f 899 1032 1036
f 1040 898 899
f 1040 899 1036
f 1040 904 898
f 1039 903 904
f 1039 904 1040
f 903 1039 1043
f 903 1043 907
f 769 907 910
f 910 913 772
f 910 772 769
f 773 772 913
f 777 624 773
f 778 625 624
f 778 624 777
f 5 6 2
f 2 6 7
f 1 5 2
f 18 4 5
f 18 5 1
f 18 24 4
f 18 17 23
f 18 23 24
f 23 17 76
f 76 75 83
f 76 83 23
f 83 75 74
f 83 74 82
f 82 74 148
f 82 148 157
f 157 148 147
f 157 147 156
f 240 241 230
f 240 230 229
f 329 240 229
f 329 229 317
f 328 329 317
f 328 317 316
f 431 328 316
f 430 431 316
f 430 316 418
f 430 418 417
f 417 530 430
f 529 530 417
f 528 685 529
f 528 529 685
f 684 528 685
f 684 685 528
f 528 684 698
f 528 698 541
f 541 698 711
f 723 711 722
f 733 723 722
f 733 722 887
f 738 733 887
f 738 887 891
f 742 738 891
f 742 891 894
f 895 742 894
f 746 899 898
f 757 746 898
f 757 898 904
f 756 757 904
f 756 904 903
f 756 903 907
f 765 756 907
f 769 765 907
f 772 617 769
f 617 772 773
f 624 617 773
f 83 84 23
f 157 83 82
f 241 160 156
f 330 241 240
f 330 240 329
f 530 543 430
f 529 685 530
f 528 699 685
f 542 699 528
f 542 528 541
f 542 541 711
f 542 711 551
f 711 712 551
f 711 551 712
f 723 551 711
f 747 742 895
f 747 895 900
f 746 747 900
f 746 900 899
f 758 746 899
f 758 899 746
f 757 758 746
f 607 756 765
f 611 607 765
f 611 765 769
f 616 611 769
f 616 769 617
f 469 468 617
f 469 617 624
f 625 474 469
f 625 469 624
f 758 592 746
f 757 600 592
f 757 592 758
f 757 599 600
f 756 599 757
f 607 599 756
f 463 607 611
f 463 611 616
f 468 463 616
f 468 616 617
f 469 360 468
f 474 363 360
f 474 360 469
f 600 591 592
f 599 591 600
f 454 599 607
f 454 607 457
f 457 607 463
f 468 358 356
f 468 356 463
f 468 359 358
f 360 359 468
f 363 360 359
f 363 359 360
f 452 592 591
f 452 591 451
f 599 450 451
f 599 451 591
f 454 450 599
f 354 454 457
f 457 463 356
f 457 356 354
f 358 359 267
f 268 267 359
f 268 359 360
f 450 347 451
f 352 347 450
f 352 450 454
f 352 454 354
f 354 356 265
f 358 265 356
f 267 265 358
f 268 185 267
f 451 348 349
f 451 349 452
f 347 348 451
f 352 256 347
f 352 260 256
f 260 352 354
f 263 260 354
f 263 354 265
f 180 263 265
f 183 180 265
f 183 265 267
f 183 267 184
f 185 184 267
f 257 348 253
f 347 256 253
f 347 253 348
f 175 260 263
f 175 263 177
f 180 177 263
f 183 105 180
f 184 106 105
f 184 105 183
f 253 254 257
f 256 172 253
f 256 171 172
f 260 175 171
f 260 171 256
f 103 101 177
f 103 177 180
f 103 180 105
f 106 103 105
f 169 170 254
f 169 254 253
f 172 169 253
f 175 95 171
f 99 95 175
f 99 175 177
f 99 177 101
f 101 103 37
f 103 41 37
f 106 45 41
f 106 41 103
f 93 170 169
f 172 96 93
f 172 93 169
f 171 96 172
f 95 96 171
f 99 34 95
f 101 37 34
f 101 34 99
f 14 13 41
f 14 41 45
f 96 95 32
f 32 95 34
f 32 34 35
f 37 38 35
f 37 35 34
f 41 12 37
f 12 41 13
f 12 13 42
f 170 93 94
f 733 734 738
f 738 734 739
f 734 738 739
f 734 733 560
f 849 987 848
f 865 706 866
f 2200 2080 2081
f 2196 2078 2197
f 2196 2197 2078
f 2196 2078 2073
f 2428 2469 2433
f 2433 2469 2428
f 2253 2248 2254
f 920 933 932
f 540 539 548
f 848 987 988
f 346 254 258
f 32 96 97
f 625 779 778
f 933 920 921
f 792 637 636
f 111 115 192
f 279 278 376
f 193 194 112
f 1126 1127 1141
f 1141 988 1126
f 1144 1004 1145
f 1919 1914 2028
f 1815 1814 1919
f 1815 1816 1705
f 640 793 796
f 2224 2341 2342
f 1076 1075 1213
f 2254 2253 2133
f 539 695 548
f 1143 1291 1142
f 1878 1758 1870
f 2420 2415 2344
f 2477 2433 2469
f 1914 2027 2028
f 1815 1919 1920
f 116 115 111
f 110 192 115
f 96 93 97
f 94 170 93
f 747 742 743
f 747 743 748
f 742 738 739
f 742 739 743
f 738 577 739
f 738 733 570
f 738 570 577
f 733 734 570
f 734 560 570
f 699 685 839
f 839 685 686
f 530 543 544
f 431 544 543
f 431 329 333
f 431 333 435
f 329 334 333
f 23 27 88
f 24 28 27
f 24 27 23
f 4 8 28
f 4 28 24
f 5 9 8
f 5 8 4
f 10 5 6
f 25 26 7
f 86 22 81
f 326 429 434
f 429 428 433
f 428 540 549
f 428 549 433
f 549 540 548
f 849 848 988
f 849 988 863
f 1141 1127 1142
f 1141 1142 1290
f 1143 1292 1291
f 1143 1144 1292
f 2196 2078 2079
f 2196 2079 2083
f 2196 2083 2197
f 2073 2072 1974
f 1974 2072 1973
f 1973 2072 1974
f 2072 2078 1974
f 2078 2196 2202
f 2078 2202 2083
f 2083 2202 2208
f 2083 2208 2089
f 2208 2211 2092
f 2208 2092 2089
f 2211 2214 2094
f 2211 2094 2092
f 2214 2223 2096
f 2214 2096 2094
f 2224 2223 2341
f 2224 2342 2343
f 2343 2344 2225
f 2415 2416 2346
f 2421 2346 2416
f 2428 2469 2433
f 2477 2440 2433
f 2447 2439 2446
f 2439 2447 2373
f 2439 2373 2440
f 2447 2446 2372
f 2447 2372 2373
f 2446 2371 2372
f 2371 2370 2249
f 2248 2254 2133
f 2133 2253 2132
f 1596 1479 1480
f 640 639 793
f 489 488 640
f 489 378 488
f 378 283 377
f 377 283 282
f 377 282 281
f 281 282 195
f 281 195 194
f 193 112 111
f 192 191 279
f 376 375 486
f 485 637 486
f 792 791 933
f 779 780 920
f 364 475 363
f 364 363 268
f 107 45 46
f 46 45 16
f 42 14 12
f 35 32 33
f 35 33 36
f 33 32 97
f 93 170 97
f 170 254 258
f 254 346 349
f 254 349 350
f 350 349 452
f 350 452 453
f 35 36 38
f 33 97 36
f 36 39 38
f 38 39 12
f 12 39 15
f 12 15 42
f 42 15 14
f 14 15 16
f 97 170 174
f 97 174 98
f 97 98 100
f 36 97 100
f 36 100 102
f 36 102 40
f 36 40 39
f 39 40 43
f 39 43 15
f 15 43 46
f 15 46 16
f 170 258 255
f 174 170 255
f 100 98 174
f 100 174 176
f 40 102 104
f 40 104 43
f 43 104 46
f 43 46 107
f 43 107 46
f 258 254 259
f 258 259 255
f 255 259 174
f 174 259 176
f 100 176 178
f 100 178 102
f 104 107 46
f 254 350 259
f 259 261 176
f 176 261 262
f 176 262 179
f 176 179 178
f 178 179 182
f 178 182 102
f 102 182 181
f 102 181 104
f 107 104 181
f 107 181 186
f 107 186 185
f 350 351 259
f 259 351 353
f 259 353 261
f 261 353 262
f 262 264 179
f 182 179 264
f 182 264 266
f 181 182 266
f 181 266 182
f 181 182 186
f 350 453 455
f 350 455 351
f 351 455 353
f 353 355 262
f 262 355 264
f 186 182 266
f 186 266 270
f 186 270 269
f 185 186 269
f 185 269 268
f 453 593 594
f 453 594 455
f 353 455 355
f 355 357 264
f 264 357 266
f 266 357 362
f 270 266 362
f 269 270 362
f 269 362 361
f 268 269 361
f 268 361 364
f 593 601 594
f 594 601 455
f 455 601 458
f 355 455 458
f 355 458 357
f 601 593 748
f 601 748 602
f 748 593 747
f 601 602 455
f 601 455 458
f 458 455 459
f 458 459 464
f 458 464 357
f 357 464 471
f 357 471 362
f 362 471 470
f 362 470 361
f 361 470 475
f 361 475 364
f 5 10 9
f 9 29 8
f 28 8 29
f 89 27 28
f 27 89 88
f 88 163 162
f 88 162 87
f 87 162 161
f 161 246 160
f 160 246 245
f 245 336 244
f 244 336 335
f 244 335 334
f 334 437 436
f 334 436 333
f 333 436 435
f 435 436 432
f 435 432 431
f 431 432 544
f 530 544 687
f 530 687 686
f 686 687 840
f 839 686 700
f 839 700 699
f 542 699 700
f 542 700 543
f 542 543 552
f 542 552 551
f 712 551 552
f 712 552 713
f 551 712 713
f 551 713 552
f 560 551 552
f 560 552 561
f 570 560 561
f 743 739 577
f 743 577 584
f 459 455 460
f 464 619 471
f 471 619 618
f 471 618 470
f 470 618 625
f 470 625 475
f 7 11 6
f 10 6 11
f 10 11 30
f 9 10 30
f 9 30 29
f 90 28 29
f 89 28 90
f 88 89 167
f 88 167 163
f 163 167 162
f 162 167 250
f 161 162 250
f 161 250 249
f 161 249 246
f 246 249 341
f 246 341 245
f 245 341 336
f 336 341 340
f 336 340 335
f 334 335 340
f 334 340 438
f 334 438 437
f 436 437 554
f 436 554 545
f 436 545 432
f 432 545 544
f 544 545 701
f 687 544 701
f 687 701 841
f 840 687 841
f 840 856 686
f 686 856 700
f 570 561 571
f 577 570 571
f 577 571 578
f 584 577 578
f 584 578 585
f 743 584 585
f 743 585 749
f 743 749 748
f 602 748 749
f 602 749 603
f 455 602 603
f 455 603 456
f 460 455 456
f 459 460 465
f 459 465 464
f 619 464 465
f 619 465 471
f 618 619 625
f 7 26 31
f 7 31 11
f 30 11 31
f 30 31 91
f 29 30 91
f 29 91 90
f 90 164 89
f 89 164 168
f 89 168 167
f 167 251 250
f 249 250 342
f 249 342 341
f 341 342 443
f 341 443 340
f 340 443 442
f 340 442 438
f 438 442 556
f 438 556 437
f 437 556 555
f 554 437 555
f 554 555 546
f 554 546 545
f 545 546 702
f 701 545 702
f 701 702 688
f 841 701 688
f 840 841 857
f 840 857 856
f 856 857 701
f 856 701 700
f 700 701 543
f 543 701 544
f 543 544 553
f 543 553 552
f 713 552 553
f 713 553 725
f 713 725 553
f 713 553 552
f 552 553 562
f 552 562 561
f 571 561 562
f 571 562 572
f 578 571 572
f 578 572 579
f 585 578 579
f 585 579 586
f 585 586 595
f 585 595 749
f 749 595 750
f 749 750 759
f 603 749 759
f 603 759 604
f 456 603 604
f 456 604 461
f 460 456 461
f 460 461 466
f 465 460 466
f 465 472 471
f 471 472 620
f 471 620 626
f 471 626 619
f 619 626 779
f 619 779 625
f 31 26 85
f 31 85 92
f 31 92 91
f 91 165 164
f 91 164 90
f 164 252 168
f 168 252 167
f 167 252 251
f 251 344 250
f 343 250 344
f 250 343 342
f 342 343 444
f 342 444 443
f 443 565 442
f 442 565 556
f 555 556 547
f 555 547 703
f 555 703 546
f 702 546 703
f 702 703 858
f 702 858 842
f 702 842 688
f 688 842 841
f 841 842 997
f 857 841 997
f 857 997 858
f 857 858 702
f 857 702 701
f 701 702 545
f 701 545 544
f 544 545 554
f 544 554 553
f 553 554 726
f 553 726 725
f 725 726 554
f 725 554 553
f 553 554 563
f 553 563 562
f 562 563 441
f 572 562 441
f 572 441 448
f 465 466 473
f 465 473 472
f 472 473 621
f 472 621 620
f 620 780 626
f 626 780 779
f 26 22 86
f 26 86 85
f 92 85 166
f 92 166 91
f 91 166 165
f 165 248 164
f 164 248 247
f 164 247 252
f 252 247 345
f 252 345 251
f 251 345 344
f 445 343 344
f 444 343 445
f 444 567 443
f 443 567 566
f 443 566 557
f 443 557 565
f 556 565 557
f 556 704 547
f 547 704 703
f 703 704 859
f 858 703 859
f 858 859 843
f 858 843 842
f 842 843 981
f 842 981 997
f 554 714 726
f 726 563 554
f 448 441 563
f 448 563 449
f 572 448 449
f 572 449 573
f 579 572 573
f 579 573 580
f 586 579 580
f 586 580 587
f 586 587 596
f 586 596 595
f 595 596 751
f 595 751 750
f 759 750 751
f 759 751 760
f 604 759 760
f 604 760 605
f 461 604 605
f 461 605 608
f 461 608 462
f 466 461 462
f 466 462 467
f 473 466 467
f 473 467 621
f 620 621 780
f 780 921 920
f 86 81 159
f 86 159 158
f 86 158 85
f 85 158 166
f 166 158 248
f 166 248 165
f 247 338 337
f 247 337 345
f 345 446 344
f 344 446 445
f 445 446 568
f 444 445 568
f 444 568 567
f 567 730 566
f 566 730 717
f 566 717 557
f 557 717 556
f 556 717 716
f 556 716 704
f 704 716 872
f 704 872 859
f 843 859 998
f 843 998 982
f 843 982 998
f 843 998 981
f 981 998 997
f 858 997 998
f 858 998 859
f 702 858 859
f 702 859 703
f 702 703 546
f 702 546 545
f 554 545 546
f 554 546 555
f 714 554 555
f 714 555 715
f 714 715 727
f 714 727 726
f 726 727 564
f 726 564 563
f 449 563 564
f 449 564 574
f 573 449 574
f 580 573 574
f 580 574 581
f 587 580 581
f 587 581 588
f 596 587 588
f 596 588 597
f 596 597 752
f 596 752 751
f 760 751 752
f 760 752 761
f 605 760 761
f 605 761 606
f 608 605 606
f 608 606 609
f 462 608 609
f 467 462 609
f 467 609 613
f 467 613 622
f 467 622 621
f 621 622 781
f 621 781 780
f 780 781 921
f 921 1069 933
f 81 155 159
f 159 155 243
f 159 243 158
f 248 158 243
f 248 243 242
f 248 242 331
f 247 248 331
f 247 331 339
f 338 247 339
f 338 440 337
f 337 440 439
f 337 439 345
f 345 439 447
f 345 447 446
f 446 447 569
f 446 569 568
f 568 569 731
f 568 731 567
f 567 731 718
f 567 718 730
f 730 718 717
f 557 717 718
f 557 718 717
f 717 873 716
f 872 716 873
f 859 872 999
f 859 999 998
f 982 998 999
f 982 999 983
f 982 983 998
f 703 859 871
f 703 871 716
f 546 703 716
f 555 546 716
f 555 716 556
f 715 555 556
f 715 556 716
f 715 716 555
f 715 555 727
f 727 555 564
f 613 609 614
f 613 614 623
f 613 623 622
f 622 623 774
f 622 774 782
f 622 782 781
f 781 782 922
f 781 922 921
f 1069 921 922
f 1069 922 1070
f 933 1069 1070
f 933 1070 934
f 792 933 934
f 792 934 922
f 792 922 782
f 637 792 782
f 637 782 627
f 486 637 627
f 486 627 476
f 376 486 476
f 376 476 477
f 376 477 366
f 376 366 367
f 279 376 367
f 192 279 280
f 192 193 111
f 155 239 238
f 155 238 243
f 243 332 242
f 331 242 332
f 339 331 434
f 338 339 434
f 338 434 440
f 439 558 447
f 447 558 569
f 569 732 731
f 718 731 719
f 718 719 874
f 718 874 717
f 717 874 873
f 872 873 1010
f 999 872 1010
f 983 999 998
f 859 998 999
f 859 999 1009
f 871 859 1009
f 871 1009 872
f 871 872 716
f 564 555 716
f 564 716 728
f 564 728 565
f 564 565 735
f 564 735 574
f 574 735 575
f 581 574 575
f 581 575 582
f 588 581 582
f 588 582 589
f 597 588 589
f 597 589 598
f 752 597 598
f 752 598 753
f 752 753 762
f 752 762 761
f 606 761 762
f 606 762 610
f 609 606 610
f 614 609 610
f 614 610 615
f 614 615 623
f 614 623 775
f 614 775 623
f 623 775 774
f 774 775 783
f 774 783 782
f 782 783 923
f 782 923 922
f 922 923 1058
f 922 1058 1070
f 1070 1058 1059
f 1070 1059 934
f 922 934 1059
f 922 1059 923
f 782 922 923
f 782 923 783
f 627 782 783
f 476 627 477
f 366 477 367
f 279 367 273
f 280 279 273
f 192 280 273
f 192 273 188
f 193 192 188
f 238 327 243
f 243 327 326
f 243 326 332
f 331 332 326
f 331 326 434
f 440 434 433
f 440 433 549
f 440 549 558
f 440 558 439
f 558 720 569
f 569 720 732
f 732 886 731
f 731 886 719
f 731 719 875
f 731 875 719
f 874 1011 873
f 873 1011 1010
f 1010 1137 999
f 999 1137 1000
f 999 1000 1137
f 999 1137 983
f 983 1137 999
f 999 1137 1009
f 872 1009 873
f 872 873 717
f 872 717 716
f 556 716 717
f 556 717 557
f 556 557 716
f 565 728 735
f 735 576 575
f 582 575 576
f 582 576 583
f 589 582 583
f 589 583 590
f 589 590 744
f 598 589 744
f 598 744 754
f 753 598 754
f 762 753 754
f 762 754 763
f 610 762 763
f 610 763 767
f 610 767 766
f 615 610 766
f 615 766 770
f 615 770 776
f 615 776 623
f 623 776 775
f 775 776 783
f 775 783 924
f 775 924 783
f 923 783 924
f 1058 923 1059
f 1058 1059 1196
f 1058 1196 1059
f 783 923 924
f 627 783 784
f 627 784 628
f 477 627 628
f 477 628 478
f 367 477 478
f 367 478 368
f 273 367 368
f 273 368 274
f 188 273 274
f 193 188 274
f 434 429 433
f 549 548 558
f 558 548 720
f 720 877 732
f 732 877 876
f 732 876 886
f 886 876 719
f 719 876 875
f 719 875 874
f 1011 1150 1010
f 1137 1010 1150
f 1137 1150 1138
f 1000 1137 1138
f 1000 1138 1137
f 1009 1137 1149
f 1009 1149 1010
f 1009 1010 873
f 557 717 729
f 716 557 729
f 716 729 873
f 716 873 882
f 716 882 728
f 728 882 729
f 728 729 735
f 735 729 736
f 735 736 576
f 583 576 736
f 583 736 740
f 590 583 740
f 590 740 744
f 766 767 771
f 766 771 770
f 770 771 776
f 776 925 783
f 924 783 925
f 923 924 1060
f 1059 923 1060
f 1196 1059 1052
f 1059 1196 1060
f 923 1059 1060
f 924 923 1060
f 783 924 925
f 784 783 925
f 628 784 629
f 478 628 629
f 478 629 479
f 368 478 479
f 368 479 369
f 274 368 369
f 274 369 275
f 193 274 275
f 194 193 275
f 548 705 720
f 720 705 877
f 877 1013 876
f 876 862 875
f 875 862 861
f 875 1012 874
f 874 1012 1011
f 1011 1012 1150
f 1138 1286 1137
f 1137 1286 1138
f 1137 1138 1150
f 1137 1150 1149
f 1149 1150 1011
f 1149 1011 1010
f 873 1010 1011
f 873 1011 874
f 873 874 718
f 873 718 717
f 717 718 730
f 717 730 729
f 729 883 873
f 873 883 882
f 882 883 729
f 729 883 888
f 729 888 737
f 729 737 736
f 740 736 737
f 740 737 741
f 744 740 741
f 744 741 745
f 744 745 755
f 744 755 754
f 754 755 764
f 754 764 763
f 767 763 764
f 767 764 768
f 767 768 771
f 771 911 916
f 771 916 776
f 776 916 915
f 776 915 925
f 924 925 915
f 924 915 1061
f 1060 924 1061
f 1060 1189 1059
f 1059 1189 1188
f 1059 1188 1052
f 1052 1188 1189
f 1052 1189 1196
f 1060 1196 1189
f 1060 1189 1197
f 924 1060 1061
f 925 924 1061
f 784 925 926
f 784 926 785
f 629 784 785
f 629 785 630
f 479 629 630
f 479 630 480
f 369 479 480
f 369 480 370
f 275 369 370
f 194 275 281
f 548 695 705
f 705 695 863
f 705 863 877
f 877 863 1014
f 1013 877 1014
f 1013 1002 876
f 876 1002 862
f 862 1002 1001
f 862 1001 861
f 861 1001 1002
f 861 1002 875
f 875 1002 1013
f 875 1013 1012
f 1012 1013 1151
f 1012 1151 1150
f 1150 1151 1139
f 1150 1139 1138
f 1138 1139 1287
f 1138 1287 1286
f 1138 1286 1150
f 718 874 730
f 730 884 729
f 729 884 883
f 883 884 1021
f 888 889 737
f 741 737 889
f 741 889 892
f 745 741 892
f 745 892 896
f 755 745 896
f 755 896 901
f 764 755 901
f 764 901 905
f 764 905 908
f 764 908 768
f 768 908 912
f 768 912 771
f 771 912 911
f 911 912 916
f 916 1062 915
f 1061 915 1062
f 1061 1190 1060
f 1060 1190 1189
f 1189 1198 1197
f 1197 1198 1060
f 1061 1060 1198
f 925 1061 1062
f 926 925 1062
f 785 926 927
f 785 927 786
f 630 785 786
f 630 786 631
f 480 630 631
f 480 631 481
f 370 480 481
f 370 481 371
f 275 370 371
f 281 275 371
f 695 849 863
f 863 1003 1014
f 1013 1014 1003
f 1013 1003 1141
f 1013 1141 1140
f 1013 1140 1002
f 1013 1152 1151
f 1151 1152 1287
f 1151 1287 1139
f 1150 1286 1287
f 1150 1287 1151
f 1011 1150 1151
f 1011 1151 1012
f 874 1011 1012
f 874 1012 875
f 874 875 731
f 874 731 730
f 730 731 885
f 730 885 884
f 1021 884 1022
f 883 1021 1022
f 883 1022 1026
f 883 1026 888
f 888 1026 889
f 889 1026 890
f 892 889 890
f 892 890 893
f 896 892 893
f 896 893 897
f 901 896 897
f 901 897 902
f 905 901 902
f 905 902 906
f 905 906 909
f 905 909 908
f 908 909 912
f 912 1047 1054
f 912 1054 916
f 916 1054 1062
f 1062 1053 1061
f 1190 1061 1053
f 1189 1190 1198
f 1198 1199 1061
f 1062 1061 1199
f 926 1062 1063
f 927 926 1063
f 927 1063 917
f 786 927 917
f 786 917 927
f 786 927 787
f 631 786 787
f 631 787 632
f 481 631 632
f 481 632 482
f 371 481 482
f 281 371 377
f 863 988 1003
f 1002 1140 1139
f 1002 1139 1001
f 1001 1139 1140
f 1001 1140 1002
f 1002 1140 1013
f 1013 1140 1152
f 1152 1288 1287
f 1287 1288 1152
f 1287 1152 1151
f 1012 1151 1152
f 1012 1152 1013
f 1012 1013 886
f 1012 886 875
f 875 886 731
f 731 886 885
f 885 1023 884
f 884 1023 1022
f 1022 1023 1163
f 1022 1163 1026
f 1026 1027 890
f 893 890 1027
f 893 1027 1029
f 897 893 1029
f 897 1029 1033
f 902 897 1033
f 902 1033 1037
f 906 902 1037
f 906 1037 1041
f 906 1041 1044
f 906 1044 909
f 909 1044 1048
f 909 1048 912
f 912 1048 1047
f 1047 1048 1054
f 1054 1192 1062
f 1053 1062 1192
f 1053 1192 1191
f 1053 1191 1190
f 1190 1191 1333
f 1189 1190 1333
f 1189 1333 1332
f 1190 1189 1332
f 1190 1332 1333
f 1190 1333 1191
f 1190 1191 1199
f 1190 1199 1198
f 1199 1063 1062
f 917 1063 918
f 917 918 927
f 927 918 787
f 787 788 632
f 632 633 482
f 482 483 372
f 482 372 371
f 371 372 377
f 1141 1125 1140
f 1140 1125 1287
f 1140 1287 1139
f 1139 1287 1288
f 1139 1288 1140
f 1140 1288 1289
f 1140 1289 1153
f 1140 1153 1152
f 1152 1153 1297
f 1152 1297 1288
f 1288 1297 1425
f 1288 1425 1287
f 1287 1425 1297
f 1287 1297 1288
f 1288 1297 1152
f 1013 1024 886
f 885 886 1023
f 1023 1027 1164
f 1023 1164 1163
f 1026 1163 1164
f 1026 1164 1170
f 1026 1170 1169
f 1026 1169 1170
f 1026 1170 1027
f 1029 1027 1030
f 1033 1029 1030
f 1033 1030 1034
f 1037 1033 1034
f 1037 1034 1038
f 1041 1037 1038
f 1041 1038 1042
f 1041 1042 1044
f 1044 1186 1048
f 1048 1186 1193
f 1048 1193 1054
f 1054 1193 1192
f 1191 1192 1334
f 1191 1334 1333
f 1333 1334 1191
f 1191 1334 1199
f 1199 1334 1200
f 1199 1200 1063
f 1063 1200 1064
f 1063 1064 1055
f 1063 1055 918
f 918 1055 928
f 918 928 929
f 918 929 787
f 787 929 788
f 788 789 632
f 632 789 633
f 633 634 482
f 482 634 483
f 483 487 372
f 372 487 378
f 372 378 377
f 1003 988 1141
f 1125 1141 1140
f 1125 1140 1288
f 1125 1288 1287
f 1288 1297 1289
f 1289 1297 1298
f 1289 1298 1153
f 1297 1153 1298
f 1297 1298 1425
f 1297 1153 1152
f 1152 1153 1166
f 1152 1166 1013
f 1013 1166 1024
f 886 1024 1012
f 886 1012 1024
f 886 1024 1023
f 1023 1024 1171
f 1023 1171 1027
f 1027 1171 1170
f 1027 1170 1164
f 1169 1170 1312
f 1169 1312 1170
f 1170 1171 1027
f 1030 1027 1171
f 1030 1171 1174
f 1034 1030 1174
f 1034 1174 1177
f 1038 1034 1177
f 1038 1177 1179
f 1042 1038 1179
f 1042 1179 1181
f 1044 1042 1181
f 1044 1181 1183
f 1044 1183 1186
f 1192 1193 1336
f 1192 1336 1335
f 1334 1192 1335
f 1334 1335 1463
f 1333 1334 1463
f 1333 1463 1462
f 1333 1462 1471
f 1333 1471 1472
f 1333 1472 1463
f 1333 1463 1334
f 1334 1463 1335
f 1334 1335 1200
f 1200 1193 1064
f 1064 1193 1201
f 1064 1201 1055
f 1055 1201 1065
f 1055 1065 928
f 928 1065 929
f 929 1065 930
f 929 930 788
f 788 930 789
f 633 789 638
f 633 638 634
f 634 638 483
f 483 638 488
f 483 488 487
f 487 488 378
f 1003 1141 1142
f 1003 1142 1141
f 1141 1289 1140
f 1140 1289 1288
f 1288 1289 1419
f 1288 1419 1425
f 1288 1425 1297
f 1297 1425 1426
f 1297 1426 1298
f 1298 1426 1425
f 1425 1426 1298
f 1425 1298 1297
f 1297 1298 1309
f 1297 1309 1153
f 1153 1309 1166
f 1166 1165 1024
f 1024 1165 1152
f 1024 1152 1012
f 1012 1165 1024
f 1024 1165 1171
f 1171 1165 1313
f 1171 1313 1170
f 1170 1313 1312
f 1312 1313 1170
f 1170 1313 1171
f 1174 1171 1313
f 1174 1313 1315
f 1183 1181 1324
f 1183 1324 1327
f 1186 1183 1327
f 1186 1327 1330
f 1193 1186 1330
f 1193 1330 1336
f 1335 1464 1463
f 1471 1462 1463
f 1335 1463 1472
f 1335 1472 1473
f 1335 1473 1340
f 1335 1340 1341
f 1335 1341 1200
f 1200 1341 1193
f 1193 1341 1202
f 1193 1202 1201
f 1201 1202 1065
f 789 930 931
f 789 931 790
f 789 790 638
f 638 790 639
f 638 639 488
f 1142 1141 1290
f 1141 1142 1154
f 1141 1154 1298
f 1289 1141 1298
f 1289 1420 1419
f 1426 1554 1425
f 1425 1554 1436
f 1425 1436 1426
f 1426 1436 1310
f 1426 1310 1298
f 1298 1310 1309
f 1166 1309 1308
f 1166 1308 1165
f 1165 1308 1152
f 1152 1151 1012
f 1165 1012 1151
f 1165 1151 1164
f 1165 1308 1313
f 1312 1313 1443
f 1313 1312 1443
f 1174 1315 1319
f 1174 1319 1177
f 1177 1319 1322
f 1177 1322 1179
f 1181 1179 1322
f 1181 1322 1325
f 1324 1181 1325
f 1336 1330 1460
f 1336 1460 1466
f 1336 1466 1465
f 1335 1336 1465
f 1335 1465 1474
f 1335 1474 1473
f 1335 1473 1464
f 1464 1473 1589
f 1464 1589 1463
f 1463 1589 1588
f 1471 1463 1588
f 1471 1588 1587
f 1472 1471 1587
f 1472 1587 1588
f 1473 1472 1588
f 1473 1474 1340
f 1340 1474 1341
f 1341 1342 1202
f 1065 1202 1203
f 1065 1203 1066
f 1065 1066 930
f 930 1066 1067
f 930 1067 931
f 931 936 790
f 790 936 793
f 790 793 639
f 639 640 488
f 1290 1299 1142
f 1290 1142 1291
f 1142 1299 1154
f 1298 1154 1299
f 1289 1298 1299
f 1289 1299 1426
f 1420 1289 1426
f 1420 1540 1419
f 1419 1540 1545
f 1419 1545 1425
f 1425 1545 1546
f 1425 1546 1426
f 1426 1546 1547
f 1426 1547 1555
f 1426 1555 1554
f 1436 1554 1555
f 1436 1555 1437
f 1310 1436 1309
f 1309 1436 1308
f 1309 1308 1297
f 1309 1297 1308
f 1308 1297 1296
f 1308 1296 1152
f 1152 1296 1151
f 1151 1296 1164
f 1164 1296 1308
f 1164 1308 1165
f 1308 1436 1313
f 1313 1436 1444
f 1313 1444 1443
f 1313 1443 1444
f 1313 1444 1446
f 1313 1446 1315
f 1315 1446 1447
f 1315 1447 1449
f 1315 1449 1319
f 1319 1449 1452
f 1319 1452 1322
f 1325 1322 1452
f 1325 1452 1454
f 1324 1325 1454
f 1327 1324 1454
f 1327 1454 1458
f 1327 1458 1457
f 1330 1327 1457
f 1330 1457 1460
f 1465 1466 1582
f 1474 1465 1582
f 1474 1582 1590
f 1473 1474 1590
f 1473 1590 1589
f 1588 1698 1587
f 1588 1587 1698
f 1588 1589 1473
f 1473 1589 1590
f 1473 1590 1474
f 1474 1475 1341
f 1341 1475 1342
f 1342 1343 1202
f 1202 1343 1203
f 1203 1204 1066
f 1066 1204 1067
f 1067 1071 931
f 931 1071 936
f 1299 1290 1291
f 1299 1291 1300
f 1426 1299 1427
f 1420 1426 1427
f 1420 1427 1547
f 1420 1547 1540
f 1540 1654 1660
f 1540 1660 1545
f 1545 1660 1661
f 1545 1661 1546
f 1546 1661 1547
f 1547 1661 1662
f 1547 1662 1555
f 1437 1555 1554
f 1437 1554 1436
f 1436 1435 1308
f 1308 1435 1425
f 1308 1425 1297
f 1297 1425 1424
f 1297 1424 1296
f 1296 1424 1425
f 1296 1425 1308
f 1308 1425 1435
f 1308 1435 1436
f 1436 1563 1444
f 1444 1563 1562
f 1444 1562 1563
f 1444 1563 1565
f 1444 1565 1446
f 1446 1565 1566
f 1446 1566 1447
f 1447 1566 1449
f 1458 1454 1574
f 1458 1574 1576
f 1457 1458 1576
f 1460 1457 1576
f 1460 1576 1580
f 1460 1580 1579
f 1466 1460 1579
f 1466 1579 1583
f 1582 1466 1583
f 1590 1582 1583
f 1589 1590 1700
f 1589 1700 1699
f 1589 1699 1698
f 1589 1698 1588
f 1589 1588 1698
f 1589 1698 1699
f 1589 1699 1590
f 1590 1594 1474
f 1474 1594 1475
f 1342 1475 1343
f 1203 1343 1208
f 1203 1208 1204
f 1204 1208 1067
f 1067 1208 1071
f 1071 935 936
f 1291 1292 1428
f 1300 1291 1428
f 1299 1300 1428
f 1299 1428 1438
f 1427 1299 1438
f 1427 1438 1437
f 1427 1437 1547
f 1547 1662 1540
f 1540 1662 1661
f 1540 1661 1654
f 1654 1661 1660
f 1662 1661 1668
f 1662 1668 1555
f 1436 1554 1545
f 1436 1545 1435
f 1435 1545 1425
f 1425 1424 1553
f 1425 1553 1435
f 1435 1553 1436
f 1436 1553 1554
f 1436 1554 1563
f 1566 1568 1449
f 1449 1568 1571
f 1449 1571 1452
f 1452 1571 1574
f 1452 1574 1454
f 1579 1580 1691
f 1583 1579 1691
f 1583 1691 1694
f 1590 1583 1694
f 1590 1694 1700
f 1699 1700 1810
f 1698 1699 1810
f 1698 1810 1809
f 1698 1809 1810
f 1698 1810 1699
f 1699 1810 1700
f 1699 1700 1704
f 1699 1704 1590
f 1594 1590 1591
f 1594 1591 1475
f 1475 1479 1343
f 1343 1479 1347
f 1343 1347 1208
f 1208 1347 1207
f 1208 1207 1071
f 935 1071 936
f 864 1016 1004
f 1004 1016 1015
f 1004 1015 1155
f 1004 1155 1145
f 1145 1155 1144
f 1144 1155 1301
f 1144 1301 1292
f 1292 1301 1429
f 1292 1429 1428
f 1428 1429 1438
f 1437 1438 1555
f 1437 1555 1547
f 1661 1764 1772
f 1661 1772 1668
f 1668 1667 1555
f 1555 1667 1554
f 1554 1667 1666
f 1554 1666 1545
f 1545 1544 1425
f 1425 1544 1424
f 1424 1544 1543
f 1424 1543 1544
f 1553 1424 1544
f 1553 1544 1545
f 1553 1545 1666
f 1554 1553 1666
f 1554 1666 1667
f 1554 1667 1675
f 1554 1675 1563
f 1563 1675 1677
f 1563 1677 1565
f 1565 1677 1678
f 1565 1678 1566
f 1568 1566 1678
f 1568 1678 1681
f 1568 1681 1680
f 1568 1680 1683
f 1568 1683 1571
f 1571 1683 1685
f 1571 1685 1574
f 1574 1685 1688
f 1574 1688 1576
f 1580 1576 1688
f 1580 1688 1691
f 1700 1694 1803
f 1700 1803 1802
f 1700 1802 1811
f 1810 1700 1811
f 1809 1810 1913
f 1809 1913 1810
f 1809 1810 1814
f 1809 1814 1810
f 1810 1814 1700
f 1700 1814 1704
f 1590 1704 1595
f 1590 1595 1591
f 1591 1595 1475
f 1475 1595 1478
f 1475 1478 1479
f 1479 1478 1347
f 1207 1208 1071
f 1071 1072 936
f 793 936 796
f 865 706 866
f 865 878 864
f 864 878 1016
f 1016 1156 1015
f 1015 1156 1155
f 1155 1156 1301
f 1301 1430 1429
f 1438 1429 1439
f 1438 1439 1557
f 1438 1557 1556
f 1438 1556 1555
f 1555 1556 1668
f 1555 1668 1547
f 1662 1547 1668
f 1662 1668 1765
f 1662 1765 1661
f 1661 1765 1764
f 1668 1772 1773
f 1668 1773 1772
f 1668 1772 1667
f 1667 1772 1666
f 1666 1660 1545
f 1545 1660 1659
f 1545 1659 1544
f 1544 1659 1539
f 1544 1539 1543
f 1543 1539 1659
f 1543 1659 1544
f 1545 1544 1659
f 1545 1659 1660
f 1666 1545 1660
f 1667 1666 1780
f 1667 1780 1675
f 1675 1780 1783
f 1675 1783 1677
f 1677 1783 1784
f 1677 1784 1678
f 1678 1784 1788
f 1678 1788 1681
f 1681 1788 1680
f 1680 1792 1683
f 1683 1792 1795
f 1683 1795 1685
f 1685 1795 1797
f 1685 1797 1688
f 1688 1797 1800
f 1688 1800 1691
f 1694 1691 1800
f 1694 1800 1804
f 1803 1694 1804
f 1811 1802 1803
f 1811 1803 1915
f 1810 1811 1915
f 1810 1915 1914
f 1913 1810 1914
f 1810 1913 1914
f 1810 1914 1919
f 1810 1919 1814
f 1814 1815 1704
f 1704 1705 1595
f 1478 1595 1479
f 1478 1479 1347
f 1347 1479 1348
f 1347 1348 1207
f 1207 1348 1208
f 1208 1209 1071
f 1071 1209 1072
f 1072 1075 936
f 936 1075 939
f 936 939 796
f 865 866 879
f 865 879 878
f 878 879 1017
f 878 1017 1016
f 1016 1017 1156
f 1156 1302 1301
f 1301 1302 1430
f 1430 1548 1429
f 1439 1429 1548
f 1439 1548 1558
f 1557 1439 1558
f 1556 1557 1669
f 1556 1669 1668
f 1668 1669 1773
f 1668 1773 1765
f 1765 1773 1877
f 1765 1877 1764
f 1764 1877 1876
f 1764 1876 1883
f 1764 1883 1772
f 1772 1883 1891
f 1772 1891 1773
f 1773 1891 1772
f 1772 1771 1666
f 1666 1771 1763
f 1666 1763 1660
f 1660 1763 1659
f 1659 1653 1539
f 1539 1653 1658
f 1539 1658 1659
f 1660 1659 1763
f 1666 1660 1763
f 1666 1763 1771
f 1666 1771 1779
f 1666 1779 1780
f 1780 1784 1783
f 1784 1787 1788
f 1788 1787 1680
f 1680 1787 1791
f 1680 1791 1792
f 1804 1800 1908
f 1803 1804 1908
f 1803 1908 1907
f 1915 1803 1907
f 1914 1915 2022
f 1914 2022 2021
f 1913 1914 2021
f 1913 2021 2020
f 1913 2020 2027
f 1913 2027 1914
f 1704 1815 1705
f 1595 1705 1596
f 1595 1596 1479
f 1479 1596 1480
f 1479 1480 1348
f 1348 1352 1208
f 1208 1352 1213
f 1208 1213 1209
f 1209 1213 1072
f 1072 1213 1075
f 1075 1076 939
f 707 708 721
f 707 721 866
f 866 721 879
f 879 1018 1017
f 1017 1018 1157
f 1017 1157 1156
f 1156 1157 1303
f 1156 1303 1302
f 1302 1440 1430
f 1430 1440 1548
f 1558 1670 1557
f 1669 1557 1670
f 1669 1774 1773
f 1773 1774 1884
f 1773 1884 1877
f 1877 1884 1979
f 1877 1979 1876
f 1876 1979 1985
f 1876 1985 1883
f 1891 1882 1772
f 1772 1882 1771
f 1771 1882 1763
f 1659 1763 1757
f 1659 1757 1653
f 1653 1757 1762
f 1653 1762 1658
f 1659 1658 1762
f 1659 1762 1763
f 1779 1771 1882
f 1779 1882 1890
f 1780 1779 1890
f 1780 1890 1893
f 1780 1893 1784
f 1784 1893 1895
f 1784 1895 1787
f 1787 1895 1897
f 1787 1897 1791
f 1791 1897 1792
f 1792 1897 1899
f 1792 1899 1795
f 1795 1899 1902
f 1795 1902 1797
f 1797 1902 1904
f 1797 1904 1800
f 1908 1800 1904
f 1907 1908 2013
f 1915 1907 2013
f 1915 2013 2012
f 2022 1915 2012
f 2021 2022 2012
f 708 709 867
f 708 867 721
f 721 867 880
f 721 880 879
f 879 880 1019
f 879 1019 1018
f 1018 1019 1158
f 1018 1158 1157
f 1157 1158 1304
f 1157 1304 1303
f 1302 1303 1441
f 1440 1302 1441
f 1440 1559 1548
f 1548 1559 1671
f 1548 1671 1558
f 1558 1671 1670
f 1670 1671 1775
f 1669 1670 1775
f 1774 1669 1775
f 1884 1774 1885
f 1884 1986 1979
f 1979 1986 1985
f 1883 1985 1891
f 1891 1985 1984
f 1891 1984 1882
f 1882 1881 1875
f 1882 1875 1763
f 1763 1875 1757
f 1763 1762 1874
f 1763 1874 1875
f 1771 1763 1875
f 1771 1875 1881
f 1882 1771 1881
f 1890 1882 1984
f 1890 1984 1990
f 1890 1990 1893
f 1893 1990 1992
f 1893 1992 1996
f 1893 1996 1895
f 1895 1998 1897
f 1897 1998 2000
f 1897 2000 1899
f 1899 2000 2001
f 1899 2001 2005
f 1899 2005 1902
f 1902 2005 2009
f 1902 2009 1904
f 1908 1904 2009
f 2013 1908 2009
f 2012 2013 2123
f 2012 2123 2131
f 2012 2131 2021
f 867 709 868
f 867 868 1005
f 867 1005 880
f 880 1005 1019
f 1019 1159 1158
f 1304 1432 1303
f 1441 1303 1432
f 1441 1432 1431
f 1440 1441 1431
f 1440 1431 1560
f 1559 1440 1560
f 1559 1560 1672
f 1559 1672 1671
f 1671 1672 1776
f 1671 1776 1775
f 1775 1886 1774
f 1774 1886 1885
f 1885 1987 1884
f 1884 1987 1986
f 1986 2086 2085
f 1986 2085 1985
f 1985 2085 1984
f 1882 1984 1978
f 1882 1978 1881
f 1881 1978 1875
f 1875 1978 1874
f 1875 1874 1869
f 1875 1869 1757
f 1762 1757 1869
f 1874 1762 1869
f 1875 1874 1978
f 1881 1875 1978
f 1881 1978 1983
f 1882 1881 1983
f 1984 1882 1983
f 1996 1995 1895
f 1895 1995 1998
f 2001 2000 2004
f 2001 2004 2005
f 2009 2115 2114
f 2009 2114 2013
f 2013 2114 2123
f 2123 2132 2131
f 868 1006 1005
f 1005 1006 1160
f 1005 1160 1019
f 1019 1160 1159
f 1159 1305 1158
f 1304 1158 1305
f 1432 1304 1305
f 1431 1432 1550
f 1560 1431 1550
f 1560 1550 1549
f 1560 1549 1664
f 1672 1560 1664
f 1672 1664 1663
f 1672 1663 1767
f 1672 1767 1776
f 1776 1767 1766
f 1776 1766 1887
f 1776 1887 1775
f 1886 1775 1887
f 1885 1886 1988
f 1987 1885 1988
f 1986 1987 2087
f 1986 2087 2086
f 2085 2084 1984
f 1984 2084 2083
f 1984 2083 1978
f 1978 1977 1874
f 1874 1977 1974
f 1874 1974 1869
f 1869 1974 1973
f 1869 1973 1974
f 1869 1974 1977
f 1869 1977 1874
f 1978 1874 1977
f 1983 1978 1977
f 1983 2083 1984
f 1984 2083 2089
f 1984 2089 1990
f 1990 2089 2092
f 1990 2092 1992
f 1992 2092 2094
f 1992 2094 1996
f 1996 2094 2096
f 1996 2096 1995
f 1995 2096 1998
f 1998 2096 2097
f 1998 2097 2103
f 1998 2103 2000
f 2000 2103 2108
f 2000 2108 2004
f 2004 2108 2005
f 2005 2109 2009
f 2115 2009 2114
f 2114 2124 2123
f 2123 2124 2133
f 2123 2133 2132
f 1006 1146 1160
f 1159 1160 1146
f 1159 1146 1294
f 1159 1294 1293
f 1159 1293 1305
f 1305 1293 1433
f 1432 1305 1433
f 1549 1550 1664
f 1664 1767 1663
f 1766 1767 1878
f 1766 1878 1887
f 1887 1878 1980
f 1887 1980 1886
f 1886 1980 1988
f 1988 1980 2081
f 1988 2081 1987
f 2087 1987 2081
f 2087 2081 2200
f 2087 2200 2086
f 2086 2200 2205
f 2086 2205 2204
f 2086 2204 2085
f 2085 2204 2203
f 2085 2203 2084
f 2084 2203 2083
f 2083 2079 1978
f 1978 2079 2078
f 1978 2078 1977
f 1977 2078 2073
f 1977 2073 1974
f 1974 2078 1977
f 1977 2078 1983
f 1983 2078 2083
f 2096 2102 2097
f 2097 2102 2103
f 2103 2000 2108
f 2108 2000 2001
f 2108 2001 2005
f 2005 2001 2109
f 2009 2109 2115
f 2009 2115 2114
f 2124 2114 2115
f 2124 2115 2125
f 2124 2248 2133
f 1433 1293 1422
f 1432 1433 1422
f 1432 1422 1421
f 1550 1432 1421
f 1550 1421 1541
f 1550 1541 1656
f 1664 1550 1656
f 1664 1656 1655
f 1664 1655 1759
f 1767 1664 1759
f 1767 1759 1758
f 1878 1767 1758
f 2205 2200 2199
f 2205 2199 2204
f 2198 2203 2204
f 2198 2204 2199
f 2203 2198 2197
f 2203 2197 2083
f 2096 2223 2102
f 2102 2223 2097
f 2102 2097 2103
f 2103 2001 2000
f 2001 2104 2109
f 2125 2249 2124
f 2124 2249 2248
f 2223 2224 2097
f 2097 2224 2098
f 2097 2098 2103
f 2103 2098 2001
f 2001 2002 2104
f 2104 2002 2006
f 2104 2006 2109
f 2109 2006 2116
f 2109 2116 2115
f 2115 2116 2126
f 2115 2126 2125
f 2125 2126 2250
f 2125 2250 2249
f 2224 2225 2098
f 2098 2105 2001
f 2002 2001 2105
f 2006 2002 2105
f 2006 2105 2110
f 2006 2110 2116
f 2116 2250 2126
f 2250 2371 2249
f 2224 2343 2225
f 2225 2226 2098
f 2098 2226 2099
f 2105 2098 2099
f 2105 2106 2111
f 2105 2111 2110
f 2110 2111 2117
f 2110 2117 2116
f 2116 2117 2239
f 2116 2239 2250
f 2250 2239 2251
f 2250 2251 2371
f 2225 2344 2226
f 2105 2099 2226
f 2105 2226 2227
f 2106 2105 2227
f 2106 2227 2230
f 2106 2230 2111
f 2111 2230 2233
f 2111 2233 2117
f 2117 2233 2239
f 2239 2372 2251
f 2251 2372 2371
f 2226 2344 2227
f 2227 2231 2230
f 2230 2231 2234
f 2230 2234 2233
f 2233 2234 2240
f 2233 2240 2239
f 2239 2240 2363
f 2239 2363 2373
f 2239 2373 2372
f 2344 2415 2345
f 2344 2345 2227
f 2227 2345 2346
f 2227 2346 2354
f 2227 2354 2231
f 2231 2354 2358
f 2231 2358 2234
f 2234 2358 2364
f 2234 2364 2240
f 2240 2364 2363
f 2363 2364 2373
f 2345 2415 2346
f 2354 2355 2359
f 2354 2359 2358
f 2358 2359 2364
f 2364 2440 2373
f 2346 2421 2422
f 2346 2422 2428
f 2346 2428 2354
f 2354 2428 2355
f 2355 2428 2359
f 2359 2428 2433
f 2364 2359 2433
f 2364 2433 2440
f 1353 1213 1352
f 540 548 539
f 848 988 987
f 96 32 97
f 625 778 779
f 933 920 932
f 933 921 920
f 792 934 791
f 792 636 637
f 111 192 115
f 279 376 278
f 1126 1141 1127
f 1141 1126 988
f 1144 1145 1004
f 1919 2027 1914
f 1815 1919 1814
f 1815 1705 1816
f 640 796 793
f 2224 2342 2341
f 1076 1213 1075
f 2248 2124 2253
f 695 539 548
f 1142 1291 1143
f 1656 1541 1655
f 1759 1655 1758
f 1758 1878 1870
f 2420 2344 2415
f 2469 2433 2477
f 2028 2027 1919
f 1919 1815 1920
f 116 111 115
f 110 115 192
f 93 96 97
f 94 93 170
f 743 742 747
f 743 747 748
f 739 738 742
f 739 742 743
f 570 734 738
f 570 738 739
f 560 734 570
f 699 839 685
f 839 686 685
f 530 544 543
f 544 431 543
f 436 333 329
f 436 329 431
f 329 333 334
f 88 27 23
f 27 28 24
f 27 24 23
f 28 8 4
f 28 4 24
f 8 9 5
f 8 5 4
f 10 6 5
f 26 25 7
f 86 81 22
f 326 434 429
f 429 433 428
f 428 433 549
f 428 549 540
f 549 548 540
f 988 848 849
f 988 849 863
f 1141 1290 1142
f 1141 1142 1127
f 1143 1291 1292
f 1144 1143 1292
f 2078 2196 2197
f 2078 2197 2079
f 2197 2083 2079
f 2078 2073 2196
f 2073 1974 2072
f 1974 1973 2072
f 2072 1973 2078
f 2078 2083 2202
f 2078 2202 2196
f 2083 2089 2208
f 2083 2208 2202
f 2092 2211 2208
f 2092 2208 2089
f 2094 2214 2211
f 2094 2211 2092
f 2096 2223 2214
f 2096 2214 2094
f 2224 2341 2223
f 2224 2343 2342
f 2343 2225 2344
f 2415 2346 2416
f 2421 2416 2346
f 2428 2433 2469
f 2440 2477 2433
f 2373 2446 2439
f 2439 2440 2373
f 2373 2447 2446
f 2372 2446 2447
f 2372 2447 2373
f 2371 2446 2372
f 2371 2249 2370
f 2124 2132 2253
f 1596 1480 1479
f 639 640 793
f 639 489 640
f 488 489 639
f 488 378 489
f 377 283 378
f 377 282 283
f 377 281 282
f 281 195 282
f 281 194 195
f 193 111 194
f 192 279 191
f 376 486 375
f 637 485 486
f 934 933 791
f 779 920 780
f 364 363 475
f 364 268 363
f 107 46 45
f 46 16 45
f 42 12 14
f 35 36 33
f 35 33 32
f 33 97 32
f 170 93 97
f 170 258 254
f 258 350 349
f 258 349 346
f 350 453 452
f 350 452 349
f 38 36 35
f 36 97 33
f 39 36 38
f 39 38 12
f 43 39 12
f 43 12 42
f 15 43 42
f 15 42 14
f 14 16 15
f 97 173 170
f 97 98 173
f 97 100 98
f 36 100 97
f 102 100 36
f 40 102 36
f 40 36 39
f 43 40 39
f 46 43 15
f 46 15 16
f 255 258 170
f 173 174 255
f 173 255 170
f 98 174 173
f 100 176 174
f 100 174 98
f 104 102 40
f 104 40 43
f 107 104 43
f 107 43 46
f 259 258 255
f 259 255 174
f 176 259 174
f 178 176 100
f 178 100 102
f 350 258 259
f 261 259 176
f 262 261 176
f 179 262 176
f 179 176 178
f 182 179 178
f 182 178 102
f 181 182 102
f 181 102 104
f 107 186 181
f 107 181 104
f 107 185 186
f 353 350 259
f 353 259 261
f 262 353 261
f 264 262 179
f 182 266 264
f 182 264 179
f 181 182 266
f 181 266 182
f 181 186 182
f 185 268 186
f 455 453 350
f 353 455 350
f 355 353 262
f 355 262 264
f 186 269 266
f 186 266 182
f 268 269 186
f 455 593 453
f 355 455 353
f 357 355 264
f 266 357 264
f 266 362 357
f 269 362 266
f 269 361 362
f 268 364 361
f 268 361 269
f 601 593 455
f 455 458 601
f 355 458 455
f 357 458 355
f 601 602 748
f 601 748 593
f 748 747 593
f 455 602 601
f 455 601 458
f 459 455 458
f 464 459 458
f 464 458 357
f 471 464 357
f 471 357 362
f 470 471 362
f 470 362 361
f 364 475 470
f 364 470 361
f 9 10 5
f 29 9 8
f 28 29 8
f 89 28 27
f 88 89 27
f 162 163 88
f 162 88 87
f 162 87 161
f 246 161 160
f 245 246 160
f 336 245 244
f 335 336 244
f 334 335 244
f 436 437 334
f 436 334 333
f 432 436 431
f 544 432 431
f 531 544 530
f 531 530 687
f 687 530 686
f 687 686 840
f 699 700 686
f 699 686 839
f 542 543 700
f 542 700 699
f 552 543 542
f 552 542 551
f 712 713 552
f 712 552 551
f 551 552 713
f 551 713 712
f 560 561 552
f 560 552 551
f 570 571 561
f 570 561 560
f 739 577 570
f 584 577 739
f 584 739 743
f 459 460 455
f 619 612 464
f 619 464 471
f 618 619 471
f 618 471 470
f 625 618 470
f 625 470 475
f 30 7 6
f 30 6 10
f 30 10 9
f 29 30 9
f 29 28 90
f 89 90 28
f 167 89 88
f 167 88 163
f 167 163 162
f 250 167 162
f 250 162 161
f 250 161 249
f 249 161 246
f 341 249 246
f 341 246 245
f 341 245 336
f 340 341 336
f 340 336 335
f 438 340 335
f 438 335 334
f 437 438 334
f 554 437 436
f 545 554 436
f 545 436 432
f 545 432 544
f 701 545 544
f 701 544 531
f 701 531 687
f 687 841 701
f 841 687 840
f 856 840 686
f 700 856 686
f 577 578 571
f 577 571 570
f 584 585 578
f 584 578 577
f 743 585 584
f 749 585 743
f 749 743 748
f 602 603 749
f 602 749 748
f 455 603 602
f 455 460 603
f 465 460 459
f 465 459 464
f 465 464 612
f 619 471 465
f 619 465 612
f 625 619 618
f 31 26 7
f 30 31 7
f 30 91 31
f 29 91 30
f 90 91 29
f 164 90 89
f 168 164 89
f 167 168 89
f 250 251 167
f 342 250 249
f 342 249 341
f 443 342 341
f 443 341 340
f 442 443 340
f 442 340 438
f 556 442 438
f 556 438 437
f 555 556 437
f 554 546 555
f 554 555 437
f 545 546 554
f 702 546 545
f 702 545 701
f 701 688 702
f 841 688 701
f 857 841 840
f 857 840 856
f 701 857 856
f 701 856 700
f 701 700 543
f 543 544 701
f 553 544 543
f 553 543 552
f 713 725 553
f 713 553 552
f 553 725 713
f 553 713 552
f 562 553 552
f 562 552 561
f 571 572 562
f 571 562 561
f 578 579 572
f 578 572 571
f 585 586 579
f 585 579 578
f 595 586 585
f 595 585 749
f 750 595 749
f 749 759 750
f 603 604 759
f 603 759 749
f 460 461 604
f 460 604 603
f 460 466 461
f 465 466 460
f 472 465 471
f 620 472 471
f 626 620 471
f 626 471 619
f 779 626 619
f 779 619 625
f 26 31 85
f 92 85 31
f 91 92 31
f 164 165 91
f 164 91 90
f 252 164 168
f 252 168 167
f 251 252 167
f 344 251 250
f 344 250 343
f 343 250 342
f 444 343 342
f 443 444 342
f 565 443 442
f 556 565 442
f 546 547 556
f 546 556 555
f 703 547 546
f 702 703 546
f 702 858 703
f 842 858 702
f 842 702 688
f 842 688 841
f 997 842 841
f 857 858 997
f 857 997 841
f 702 858 857
f 702 857 701
f 545 702 701
f 545 701 544
f 554 545 544
f 554 544 553
f 726 554 553
f 726 553 725
f 563 726 725
f 563 725 553
f 563 553 562
f 441 563 562
f 572 448 441
f 572 441 562
f 473 466 465
f 621 473 465
f 621 465 472
f 620 621 472
f 780 620 626
f 780 626 779
f 86 22 26
f 85 86 26
f 92 85 86
f 92 86 85
f 166 85 92
f 166 92 91
f 165 166 91
f 248 165 164
f 247 248 164
f 247 164 252
f 345 247 252
f 345 252 251
f 344 345 251
f 344 343 445
f 445 343 444
f 567 444 443
f 566 567 443
f 557 566 443
f 557 443 565
f 557 565 556
f 704 556 547
f 703 704 547
f 703 859 704
f 858 859 703
f 843 859 858
f 843 858 842
f 981 843 842
f 997 981 842
f 726 714 554
f 448 573 563
f 448 563 441
f 572 573 448
f 579 580 573
f 579 573 572
f 586 587 580
f 586 580 579
f 596 587 586
f 596 586 595
f 751 596 595
f 751 595 750
f 759 760 751
f 759 751 750
f 604 605 760
f 604 760 759
f 461 608 605
f 461 605 604
f 461 462 608
f 466 467 462
f 466 462 461
f 621 467 466
f 621 466 473
f 780 621 620
f 921 780 920
f 159 81 86
f 85 158 159
f 85 159 86
f 166 158 85
f 248 158 166
f 248 166 165
f 337 338 247
f 337 247 345
f 446 345 344
f 446 344 445
f 568 446 445
f 568 445 444
f 567 568 444
f 730 567 566
f 717 730 566
f 717 566 557
f 717 557 556
f 704 716 717
f 704 717 556
f 872 716 704
f 860 872 704
f 860 704 859
f 998 860 859
f 843 982 998
f 843 998 859
f 998 982 843
f 998 843 981
f 998 981 997
f 858 859 998
f 858 998 997
f 703 859 858
f 703 858 702
f 545 546 703
f 545 703 702
f 554 555 546
f 554 546 545
f 714 715 555
f 714 555 554
f 727 715 714
f 727 714 726
f 564 727 726
f 564 726 563
f 573 574 564
f 573 564 563
f 580 581 574
f 580 574 573
f 587 588 581
f 587 581 580
f 596 597 588
f 596 588 587
f 751 752 597
f 751 597 596
f 760 761 752
f 760 752 751
f 605 606 761
f 605 761 760
f 608 609 606
f 608 606 605
f 462 609 608
f 467 613 609
f 467 609 462
f 622 613 467
f 622 467 621
f 781 622 621
f 781 621 780
f 921 781 780
f 1069 921 933
f 155 81 159
f 243 155 159
f 243 159 158
f 248 242 243
f 248 243 158
f 242 248 331
f 247 338 331
f 247 331 248
f 440 338 337
f 439 440 337
f 439 337 345
f 447 439 345
f 447 345 446
f 569 447 446
f 569 446 568
f 731 569 568
f 731 568 567
f 718 731 567
f 718 567 730
f 718 730 717
f 557 718 717
f 717 718 557
f 716 873 717
f 872 873 716
f 860 999 872
f 999 860 998
f 982 983 999
f 982 999 998
f 998 983 982
f 703 716 871
f 703 871 859
f 546 716 703
f 555 556 716
f 555 716 546
f 715 716 556
f 715 556 555
f 555 716 715
f 555 715 727
f 564 555 727
f 613 614 609
f 623 614 613
f 623 613 622
f 774 623 622
f 782 774 622
f 782 622 781
f 922 782 781
f 922 781 921
f 1069 1070 922
f 1069 922 921
f 933 934 1070
f 933 1070 1069
f 792 782 922
f 792 922 934
f 637 782 792
f 637 627 782
f 486 627 637
f 486 476 627
f 376 477 476
f 376 476 486
f 376 366 477
f 376 367 366
f 279 367 376
f 192 280 279
f 111 193 192
f 238 239 155
f 238 155 243
f 331 243 242
f 338 440 331
f 558 439 447
f 569 558 447
f 731 732 569
f 718 719 731
f 874 719 718
f 717 874 718
f 873 874 717
f 872 1010 873
f 999 1010 872
f 999 983 998
f 859 1009 999
f 859 999 998
f 871 872 1009
f 871 1009 859
f 716 872 871
f 728 716 555
f 728 555 564
f 565 728 564
f 735 565 564
f 735 564 574
f 574 575 735
f 581 582 575
f 581 575 574
f 588 589 582
f 588 582 581
f 597 598 589
f 597 589 588
f 752 753 598
f 752 598 597
f 762 753 752
f 762 752 761
f 606 762 761
f 610 762 606
f 610 606 609
f 609 615 610
f 615 609 614
f 623 615 614
f 775 623 614
f 775 614 623
f 775 623 774
f 783 775 774
f 783 774 782
f 923 783 782
f 923 782 922
f 922 1058 923
f 1058 922 1070
f 1059 1058 1070
f 1059 1070 934
f 922 923 1059
f 922 1059 934
f 782 923 922
f 782 783 923
f 627 783 782
f 476 477 627
f 366 367 477
f 279 273 367
f 280 273 279
f 192 188 273
f 192 273 280
f 193 188 192
f 327 238 243
f 326 327 243
f 326 243 331
f 331 434 326
f 440 433 434
f 440 434 331
f 440 549 433
f 439 558 549
f 439 549 440
f 720 558 569
f 732 720 569
f 886 732 731
f 719 886 731
f 875 719 731
f 875 731 719
f 1011 874 873
f 1010 1011 873
f 1000 1010 999
f 1137 1000 999
f 1137 999 983
f 1137 983 999
f 999 1009 1137
f 872 873 1009
f 717 873 872
f 717 872 716
f 556 557 717
f 556 717 716
f 716 557 556
f 735 728 565
f 576 735 575
f 582 583 576
f 582 576 575
f 589 744 583
f 589 583 582
f 598 754 744
f 598 744 589
f 753 754 598
f 762 763 754
f 762 754 753
f 766 763 762
f 766 762 610
f 615 770 766
f 615 766 610
f 776 770 615
f 776 615 623
f 776 623 775
f 783 776 775
f 924 783 775
f 924 775 783
f 923 924 783
f 1058 1059 923
f 1196 1059 1058
f 1059 1196 1058
f 783 924 923
f 627 784 783
f 627 628 784
f 477 628 627
f 477 478 628
f 367 478 477
f 367 368 478
f 273 368 367
f 273 274 368
f 188 274 273
f 193 274 188
f 434 433 429
f 558 548 549
f 720 548 558
f 877 720 732
f 876 877 732
f 876 732 886
f 876 886 719
f 875 876 719
f 875 719 874
f 1150 1011 1010
f 1000 1138 1150
f 1000 1150 1010
f 1137 1138 1000
f 1009 1149 1137
f 1009 1010 1149
f 873 1010 1009
f 557 729 717
f 716 729 557
f 873 729 716
f 882 873 716
f 882 716 728
f 729 882 728
f 729 728 735
f 736 729 735
f 736 735 576
f 583 740 736
f 583 736 576
f 744 740 583
f 766 767 763
f 771 767 766
f 771 766 770
f 776 771 770
f 915 776 783
f 924 915 783
f 923 1060 924
f 1059 1060 923
f 1196 1052 1059
f 1060 1196 1059
f 923 1060 1059
f 924 1060 923
f 783 925 924
f 784 925 783
f 628 629 784
f 478 629 628
f 478 479 629
f 368 479 478
f 368 369 479
f 274 369 368
f 274 275 369
f 193 275 274
f 194 275 193
f 705 548 720
f 877 705 720
f 1013 877 876
f 862 876 875
f 861 862 875
f 861 875 719
f 875 861 719
f 1012 875 874
f 1012 874 1011
f 1150 1012 1011
f 1286 1138 1137
f 1137 1138 1286
f 1149 1150 1138
f 1149 1138 1137
f 1011 1150 1149
f 1011 1149 1010
f 873 874 1011
f 873 1011 1010
f 718 874 873
f 718 873 717
f 730 718 717
f 730 717 729
f 883 729 873
f 883 873 882
f 883 882 729
f 729 888 883
f 737 888 729
f 737 729 736
f 740 741 737
f 740 737 736
f 744 745 741
f 744 741 740
f 754 755 745
f 754 745 744
f 764 755 754
f 764 754 763
f 768 764 763
f 768 763 767
f 771 768 767
f 916 911 771
f 916 771 776
f 915 916 776
f 924 1061 915
f 1060 1061 924
f 1189 1060 1059
f 1188 1189 1059
f 1188 1059 1052
f 1189 1188 1052
f 1189 1052 1196
f 1197 1189 1196
f 1197 1196 1060
f 924 1061 1060
f 925 1061 924
f 784 926 925
f 784 785 926
f 629 785 784
f 629 630 785
f 479 630 629
f 479 480 630
f 369 480 479
f 369 370 480
f 275 370 369
f 194 281 275
f 695 548 705
f 863 695 705
f 863 705 877
f 1014 863 877
f 1013 1014 877
f 1002 1013 876
f 1002 876 862
f 861 1001 1002
f 861 1002 862
f 1002 1001 861
f 1002 861 875
f 1013 1002 875
f 1013 875 1012
f 1151 1013 1012
f 1151 1012 1150
f 1139 1151 1150
f 1139 1150 1138
f 1287 1139 1138
f 1286 1287 1138
f 1138 1150 1286
f 718 730 874
f 884 730 729
f 884 729 883
f 1021 884 883
f 889 888 737
f 741 892 889
f 741 889 737
f 745 896 892
f 745 892 741
f 755 901 896
f 755 896 745
f 764 905 901
f 764 901 755
f 908 905 764
f 908 764 768
f 912 908 768
f 912 768 771
f 912 771 911
f 916 912 911
f 1062 916 915
f 1061 1062 915
f 1190 1061 1060
f 1189 1190 1060
f 1198 1189 1197
f 1198 1197 1060
f 1061 1198 1060
f 925 1062 1061
f 926 1062 925
f 785 927 926
f 785 786 927
f 630 786 785
f 630 631 786
f 480 631 630
f 480 481 631
f 370 481 480
f 370 371 481
f 275 371 370
f 281 371 275
f 863 849 695
f 1003 863 1014
f 1013 1141 1003
f 1013 1003 1014
f 1002 1141 1013
f 1152 1013 1151
f 1139 1287 1152
f 1139 1152 1151
f 1150 1151 1287
f 1150 1287 1286
f 1011 1012 1151
f 1011 1151 1150
f 874 875 1012
f 874 1012 1011
f 731 875 874
f 731 874 730
f 885 731 730
f 884 885 730
f 1022 884 1021
f 1022 1021 883
f 1026 1022 883
f 1026 883 888
f 1026 888 889
f 889 890 1026
f 892 893 890
f 892 890 889
f 896 897 893
f 896 893 892
f 901 902 897
f 901 897 896
f 905 906 902
f 905 902 901
f 909 906 905
f 909 905 908
f 1054 1047 912
f 1054 912 916
f 1062 1054 916
f 1053 1062 1061
f 1190 1053 1061
f 1190 1189 1198
f 1199 1198 1061
f 1062 1199 1061
f 926 1063 1062
f 927 1063 926
f 786 787 927
f 631 787 786
f 631 632 787
f 481 632 631
f 481 482 632
f 371 482 481
f 281 377 371
f 1003 988 863
f 1002 1140 1141
f 1139 1140 1002
f 1139 1002 1001
f 1140 1139 1001
f 1140 1001 1002
f 1140 1002 1013
f 1152 1140 1013
f 1288 1152 1287
f 1418 1288 1287
f 1297 1418 1287
f 1152 1297 1287
f 1152 1287 1151
f 1012 1013 1152
f 1012 1152 1151
f 886 1013 1012
f 886 1012 875
f 886 875 731
f 885 886 731
f 884 1023 885
f 1023 884 1022
f 1163 1023 1022
f 1022 1026 1163
f 1169 1026 1022
f 1169 1022 1026
f 1027 1169 1026
f 1027 1026 890
f 893 1029 1027
f 893 1027 890
f 897 1033 1029
f 897 1029 893
f 902 1037 1033
f 902 1033 897
f 906 1041 1037
f 906 1037 902
f 1044 1041 906
f 1044 906 909
f 1044 909 908
f 1048 1044 908
f 1048 908 912
f 1048 912 1047
f 1054 1048 1047
f 1192 1054 1062
f 1053 1191 1192
f 1053 1192 1062
f 1190 1191 1053
f 1190 1333 1191
f 1189 1332 1333
f 1189 1333 1190
f 1190 1333 1332
f 1190 1332 1189
f 1191 1333 1190
f 1199 1191 1190
f 1199 1190 1198
f 1063 1199 1062
f 927 918 1063
f 928 918 927
f 787 928 927
f 632 788 787
f 482 633 632
f 377 483 482
f 377 482 371
f 1141 1126 1003
f 1125 1126 1141
f 1125 1141 1140
f 1287 1125 1140
f 1287 1140 1139
f 1288 1287 1139
f 1288 1139 1140
f 1153 1288 1140
f 1153 1140 1152
f 1297 1153 1152
f 1288 1297 1152
f 1425 1297 1288
f 1425 1288 1418
f 1297 1425 1418
f 886 1024 1013
f 1023 886 885
f 1164 1027 1023
f 1164 1023 1163
f 1170 1164 1163
f 1170 1163 1026
f 1169 1170 1026
f 1170 1169 1027
f 1033 1034 1030
f 1033 1030 1029
f 1037 1038 1034
f 1037 1034 1033
f 1041 1042 1038
f 1041 1038 1037
f 1044 1042 1041
f 1186 1044 1048
f 1193 1186 1048
f 1193 1048 1054
f 1192 1193 1054
f 1191 1334 1192
f 1333 1334 1191
f 1334 1333 1191
f 1334 1191 1199
f 1200 1334 1199
f 1200 1199 1063
f 1064 1200 1063
f 1055 1064 1063
f 1055 1063 918
f 928 1055 918
f 929 928 787
f 788 929 787
f 789 788 632
f 633 789 632
f 634 633 482
f 483 634 482
f 487 483 377
f 378 487 377
f 1003 1141 988
f 1126 1141 1003
f 1140 1141 1126
f 1140 1126 1125
f 1288 1140 1125
f 1288 1125 1287
f 1298 1297 1288
f 1298 1288 1153
f 1297 1298 1153
f 1425 1298 1297
f 1153 1297 1152
f 1166 1153 1152
f 1166 1152 1013
f 1024 1166 1013
f 1012 1024 886
f 1024 1012 886
f 1024 886 1023
f 1171 1024 1023
f 1171 1023 1027
f 1170 1171 1027
f 1170 1027 1164
f 1169 1312 1170
f 1170 1312 1169
f 1171 1170 1027
f 1029 1174 1171
f 1029 1171 1027
f 1030 1174 1029
f 1034 1177 1174
f 1034 1174 1030
f 1038 1179 1177
f 1038 1177 1034
f 1042 1181 1179
f 1042 1179 1038
f 1044 1183 1181
f 1044 1181 1042
f 1186 1183 1044
f 1192 1336 1193
f 1192 1335 1336
f 1334 1335 1192
f 1463 1335 1334
f 1333 1462 1463
f 1333 1463 1334
f 1333 1471 1462
f 1333 1472 1471
f 1463 1472 1333
f 1463 1333 1334
f 1335 1463 1334
f 1335 1334 1200
f 1201 1200 1064
f 1201 1064 1055
f 1065 1201 1055
f 1065 1055 928
f 929 1065 928
f 930 929 788
f 789 930 788
f 638 789 633
f 638 633 634
f 638 634 483
f 488 638 483
f 488 483 487
f 488 487 378
f 1003 1142 1141
f 1141 1142 1003
f 1289 1141 1140
f 1289 1140 1288
f 1419 1289 1288
f 1425 1419 1288
f 1425 1288 1297
f 1426 1425 1297
f 1426 1297 1298
f 1425 1426 1298
f 1297 1426 1425
f 1298 1426 1297
f 1309 1298 1297
f 1309 1297 1153
f 1166 1309 1153
f 1165 1166 1024
f 1024 1152 1165
f 1012 1152 1024
f 1165 1012 1024
f 1165 1024 1171
f 1313 1165 1171
f 1313 1171 1170
f 1312 1313 1170
f 1313 1312 1170
f 1313 1170 1171
f 1315 1313 1171
f 1315 1171 1174
f 1177 1315 1174
f 1181 1324 1179
f 1183 1327 1324
f 1183 1324 1181
f 1186 1330 1327
f 1186 1327 1183
f 1193 1336 1330
f 1193 1330 1186
f 1463 1464 1335
f 1471 1463 1462
f 1335 1473 1472
f 1335 1472 1463
f 1335 1340 1473
f 1341 1340 1335
f 1341 1335 1200
f 1341 1200 1201
f 1202 1341 1201
f 1065 1202 1201
f 930 1065 929
f 931 930 789
f 790 931 789
f 790 789 638
f 639 790 638
f 639 638 488
f 1142 1290 1141
f 1141 1154 1142
f 1141 1298 1154
f 1289 1298 1141
f 1420 1289 1419
f 1554 1426 1425
f 1436 1554 1425
f 1436 1425 1426
f 1309 1436 1426
f 1309 1426 1298
f 1308 1309 1166
f 1308 1166 1165
f 1152 1308 1165
f 1151 1152 1012
f 1165 1164 1151
f 1165 1151 1012
f 1313 1308 1165
f 1312 1443 1313
f 1313 1443 1312
f 1318 1315 1177
f 1319 1318 1177
f 1322 1319 1177
f 1322 1177 1179
f 1324 1322 1179
f 1336 1466 1460
f 1336 1460 1330
f 1336 1465 1466
f 1335 1474 1465
f 1335 1465 1336
f 1464 1473 1474
f 1464 1474 1335
f 1589 1473 1464
f 1589 1464 1463
f 1588 1589 1463
f 1587 1588 1463
f 1587 1463 1471
f 1472 1588 1587
f 1472 1587 1471
f 1473 1588 1472
f 1474 1473 1340
f 1474 1340 1341
f 1203 1202 1065
f 1066 1203 1065
f 1066 1065 930
f 1067 1066 930
f 931 1067 930
f 936 931 790
f 793 936 790
f 793 790 639
f 1299 1290 1142
f 1142 1290 1291
f 1299 1142 1154
f 1298 1299 1154
f 1289 1426 1299
f 1289 1299 1298
f 1420 1426 1289
f 1540 1420 1419
f 1545 1540 1419
f 1545 1419 1425
f 1546 1545 1425
f 1546 1425 1426
f 1426 1547 1546
f 1555 1547 1426
f 1555 1426 1554
f 1436 1437 1555
f 1436 1555 1554
f 1308 1436 1309
f 1297 1308 1309
f 1297 1309 1308
f 1296 1297 1308
f 1296 1308 1152
f 1296 1152 1151
f 1296 1151 1164
f 1308 1296 1164
f 1308 1164 1165
f 1435 1308 1313
f 1444 1435 1313
f 1444 1313 1443
f 1444 1443 1313
f 1446 1444 1313
f 1446 1313 1315
f 1447 1446 1315
f 1449 1447 1315
f 1449 1315 1318
f 1449 1318 1319
f 1452 1449 1319
f 1452 1319 1322
f 1324 1454 1452
f 1324 1452 1322
f 1327 1458 1454
f 1327 1454 1324
f 1327 1457 1458
f 1330 1460 1457
f 1330 1457 1327
f 1465 1582 1466
f 1474 1590 1582
f 1474 1582 1465
f 1473 1589 1590
f 1473 1590 1474
f 1698 1588 1587
f 1588 1698 1587
f 1589 1588 1473
f 1590 1589 1473
f 1590 1473 1474
f 1475 1474 1341
f 1342 1475 1341
f 1342 1341 1202
f 1343 1342 1202
f 1203 1343 1202
f 1204 1203 1066
f 1067 1204 1066
f 1071 1067 931
f 936 1071 931
f 1299 1300 1291
f 1299 1291 1290
f 1426 1427 1299
f 1420 1547 1427
f 1420 1427 1426
f 1540 1547 1420
f 1660 1654 1540
f 1660 1540 1545
f 1546 1660 1545
f 1661 1546 1547
f 1662 1661 1547
f 1555 1662 1547
f 1554 1555 1437
f 1554 1437 1436
f 1435 1436 1308
f 1425 1435 1308
f 1425 1308 1297
f 1424 1425 1297
f 1424 1297 1296
f 1425 1424 1296
f 1425 1296 1308
f 1435 1425 1308
f 1436 1435 1308
f 1436 1308 1435
f 1563 1436 1435
f 1563 1435 1444
f 1562 1563 1444
f 1563 1562 1444
f 1565 1563 1444
f 1565 1444 1446
f 1566 1565 1446
f 1566 1446 1447
f 1449 1566 1447
f 1458 1576 1574
f 1458 1574 1454
f 1457 1576 1458
f 1460 1580 1576
f 1460 1576 1457
f 1460 1579 1580
f 1466 1583 1579
f 1466 1579 1460
f 1582 1583 1466
f 1590 1583 1582
f 1589 1700 1590
f 1589 1699 1700
f 1698 1699 1589
f 1698 1589 1588
f 1589 1699 1698
f 1589 1698 1588
f 1590 1699 1589
f 1594 1590 1474
f 1475 1594 1474
f 1343 1475 1342
f 1208 1343 1203
f 1208 1203 1204
f 1208 1204 1067
f 1071 1208 1067
f 935 1071 936
f 793 935 936
f 1428 1292 1291
f 1300 1428 1291
f 1299 1438 1428
f 1299 1428 1300
f 1427 1437 1438
f 1427 1438 1299
f 1427 1547 1437
f 1662 1547 1540
f 1661 1662 1540
f 1661 1540 1654
f 1661 1654 1660
f 1661 1660 1546
f 1662 1668 1661
f 1668 1662 1555
f 1545 1554 1436
f 1545 1436 1435
f 1425 1545 1435
f 1553 1424 1425
f 1553 1425 1435
f 1553 1435 1436
f 1554 1553 1436
f 1554 1436 1563
f 1568 1566 1449
f 1571 1568 1449
f 1571 1449 1452
f 1574 1571 1452
f 1574 1452 1454
f 1579 1690 1580
f 1583 1694 1690
f 1583 1690 1579
f 1590 1700 1694
f 1590 1694 1583
f 1699 1810 1700
f 1698 1810 1699
f 1809 1810 1698
f 1810 1809 1698
f 1810 1698 1699
f 1704 1810 1699
f 1704 1699 1590
f 1591 1590 1594
f 1591 1594 1475
f 1479 1475 1343
f 1347 1479 1343
f 1347 1343 1208
f 1207 1347 1208
f 1071 1207 1208
f 936 1071 935
f 936 935 793
f 1016 864 1004
f 1015 1016 1004
f 1155 1015 1004
f 1155 1004 1145
f 1155 1145 1144
f 1301 1155 1144
f 1301 1144 1292
f 1429 1301 1292
f 1429 1292 1428
f 1438 1429 1428
f 1547 1555 1438
f 1547 1438 1437
f 1764 1662 1661
f 1772 1764 1661
f 1772 1661 1668
f 1667 1668 1555
f 1667 1555 1554
f 1666 1667 1554
f 1545 1666 1554
f 1544 1545 1425
f 1544 1425 1424
f 1543 1544 1424
f 1544 1543 1424
f 1553 1544 1424
f 1554 1667 1666
f 1554 1666 1553
f 1563 1675 1667
f 1563 1667 1554
f 1677 1675 1563
f 1677 1563 1565
f 1678 1677 1565
f 1678 1565 1566
f 1681 1678 1566
f 1681 1566 1568
f 1680 1681 1568
f 1683 1680 1568
f 1683 1568 1571
f 1685 1683 1571
f 1685 1571 1574
f 1688 1685 1574
f 1688 1574 1576
f 1580 1691 1688
f 1580 1688 1576
f 1690 1691 1580
f 1694 1691 1690
f 1700 1802 1803
f 1700 1803 1694
f 1700 1811 1802
f 1810 1811 1700
f 1809 1913 1810
f 1810 1913 1809
f 1814 1810 1809
f 1814 1809 1810
f 1814 1810 1704
f 1595 1704 1590
f 1595 1590 1591
f 1595 1591 1475
f 1478 1595 1475
f 1478 1475 1479
f 1347 1478 1479
f 1208 1207 1071
f 1072 1071 936
f 793 796 936
f 878 865 864
f 1016 878 864
f 1156 1016 1015
f 1156 1015 1155
f 1301 1156 1155
f 1430 1301 1429
f 1438 1557 1439
f 1438 1439 1429
f 1438 1556 1557
f 1555 1556 1438
f 1668 1556 1555
f 1668 1555 1547
f 1662 1668 1547
f 1765 1668 1662
f 1764 1765 1662
f 1772 1876 1764
f 1773 1772 1668
f 1772 1773 1668
f 1772 1668 1667
f 1660 1666 1545
f 1659 1660 1545
f 1659 1545 1544
f 1539 1659 1544
f 1539 1544 1543
f 1659 1539 1543
f 1659 1543 1544
f 1553 1660 1659
f 1553 1659 1544
f 1666 1660 1553
f 1675 1780 1666
f 1675 1666 1667
f 1783 1780 1675
f 1783 1675 1677
f 1784 1783 1677
f 1784 1677 1678
f 1788 1784 1678
f 1788 1678 1681
f 1680 1788 1681
f 1792 1680 1683
f 1795 1792 1683
f 1795 1683 1685
f 1797 1795 1685
f 1797 1685 1688
f 1691 1800 1797
f 1691 1797 1688
f 1694 1804 1800
f 1694 1800 1691
f 1803 1804 1694
f 1811 1915 1803
f 1811 1803 1802
f 1810 1915 1811
f 1810 1914 1915
f 1913 1914 1810
f 1914 1913 1810
f 1919 1914 1810
f 1919 1810 1814
f 1815 1814 1704
f 1705 1704 1595
f 1479 1595 1478
f 1479 1478 1347
f 1348 1479 1347
f 1348 1347 1207
f 1208 1348 1207
f 1209 1208 1071
f 1072 1209 1071
f 1075 1072 936
f 939 1075 936
f 939 936 796
f 879 866 865
f 879 865 878
f 1017 879 878
f 1017 878 1016
f 1156 1017 1016
f 1302 1156 1301
f 1430 1302 1301
f 1548 1430 1429
f 1439 1558 1548
f 1439 1548 1429
f 1557 1558 1439
f 1556 1669 1557
f 1668 1669 1556
f 1668 1773 1669
f 1773 1668 1765
f 1877 1773 1765
f 1877 1765 1764
f 1876 1877 1764
f 1883 1876 1772
f 1883 1772 1773
f 1772 1883 1773
f 1771 1772 1667
f 1771 1667 1666
f 1763 1771 1666
f 1763 1666 1660
f 1659 1763 1660
f 1653 1659 1539
f 1658 1653 1539
f 1658 1539 1659
f 1660 1763 1659
f 1666 1771 1763
f 1666 1763 1660
f 1780 1779 1771
f 1780 1771 1666
f 1784 1780 1783
f 1787 1784 1788
f 1787 1788 1680
f 1791 1787 1680
f 1791 1680 1792
f 1804 1908 1800
f 1803 1907 1908
f 1803 1908 1804
f 1915 1907 1803
f 1914 2021 2022
f 1914 2022 1915
f 1913 2020 2021
f 1913 2021 1914
f 2027 2020 1913
f 2027 1913 1914
f 1705 1815 1704
f 1596 1705 1595
f 1596 1595 1479
f 1480 1596 1479
f 1348 1480 1479
f 1352 1348 1208
f 1213 1352 1208
f 1213 1208 1209
f 1213 1209 1072
f 1075 1213 1072
f 1076 1075 939
f 721 708 707
f 721 707 866
f 879 721 866
f 1018 879 1017
f 1157 1018 1017
f 1157 1017 1156
f 1303 1157 1156
f 1302 1303 1156
f 1430 1440 1302
f 1548 1440 1430
f 1670 1558 1557
f 1669 1670 1557
f 1773 1774 1669
f 1773 1884 1774
f 1884 1773 1877
f 1979 1884 1877
f 1979 1877 1876
f 1985 1979 1876
f 1985 1876 1883
f 1882 1883 1772
f 1882 1772 1771
f 1763 1882 1771
f 1757 1763 1659
f 1757 1659 1653
f 1762 1757 1653
f 1762 1653 1658
f 1763 1762 1658
f 1763 1658 1659
f 1771 1770 1763
f 1771 1882 1770
f 1779 1890 1882
f 1779 1882 1771
f 1780 1890 1779
f 1893 1890 1780
f 1893 1780 1784
f 1895 1893 1784
f 1895 1784 1787
f 1897 1895 1787
f 1897 1787 1791
f 1897 1791 1792
f 1899 1897 1792
f 1899 1792 1795
f 1902 1899 1795
f 1902 1795 1797
f 1904 1902 1797
f 1904 1797 1800
f 1908 1904 1800
f 2013 1908 1907
f 1915 2012 2013
f 1915 2013 1907
f 2022 2012 1915
f 2021 2012 2022
f 867 709 708
f 867 708 721
f 880 867 721
f 880 721 879
f 1019 880 879
f 1019 879 1018
f 1158 1019 1018
f 1158 1018 1157
f 1304 1158 1157
f 1303 1304 1157
f 1302 1431 1303
f 1440 1431 1302
f 1559 1440 1548
f 1671 1559 1548
f 1671 1548 1558
f 1671 1558 1670
f 1775 1671 1670
f 1669 1775 1670
f 1774 1775 1669
f 1884 1885 1774
f 1986 1884 1979
f 1985 1986 1979
f 1984 1985 1883
f 1984 1883 1882
f 1875 1882 1763
f 1757 1875 1763
f 1763 1874 1762
f 1763 1875 1874
f 1770 1881 1875
f 1770 1875 1763
f 1882 1881 1770
f 1890 1984 1882
f 1890 1990 1984
f 1990 1890 1893
f 1992 1990 1893
f 1996 1992 1893
f 1996 1893 1895
f 1998 1895 1897
f 2000 1998 1897
f 2000 1897 1899
f 2001 2000 1899
f 2005 2001 1899
f 2005 1899 1902
f 2009 1902 1904
f 1908 2009 1904
f 2013 2009 1908
f 2123 2013 2012
f 2131 2123 2012
f 2131 2012 2021
f 868 709 867
f 1005 868 867
f 1005 867 880
f 1019 1005 880
f 1159 1019 1158
f 1432 1304 1303
f 1431 1432 1303
f 1440 1560 1431
f 1559 1560 1440
f 1559 1672 1560
f 1672 1559 1671
f 1776 1672 1671
f 1776 1671 1775
f 1774 1886 1775
f 1885 1886 1774
f 1884 1987 1885
f 1986 1987 1884
f 2085 2086 1986
f 2085 1986 1985
f 1984 2085 1985
f 1978 1984 1882
f 1978 1882 1875
f 1874 1978 1875
f 1869 1874 1875
f 1869 1875 1757
f 1868 1869 1757
f 1762 1869 1868
f 1762 1868 1757
f 1874 1869 1762
f 1875 1978 1874
f 1881 1983 1978
f 1881 1978 1875
f 1983 1881 1882
f 1984 1983 1882
f 1995 1996 1895
f 1998 1995 1895
f 2004 2000 2001
f 2004 2001 2005
f 2005 1902 2009
f 2114 2009 2013
f 2123 2114 2013
f 2132 2123 2131
f 1006 868 1005
f 1146 1006 1005
f 1146 1005 1019
f 1159 1146 1019
f 1305 1159 1158
f 1304 1305 1158
f 1432 1305 1304
f 1431 1550 1432
f 1560 1549 1550
f 1560 1550 1431
f 1560 1664 1549
f 1672 1664 1560
f 1663 1664 1672
f 1776 1767 1663
f 1776 1663 1672
f 1766 1767 1776
f 1775 1887 1766
f 1775 1766 1776
f 1886 1887 1775
f 1885 1988 1886
f 1987 1988 1885
f 1986 2087 1987
f 2086 2087 1986
f 2084 2085 1984
f 2083 2084 1984
f 1978 2083 1984
f 1977 1978 1874
f 1974 1977 1874
f 1974 1874 1869
f 1973 1974 1869
f 1973 1869 1868
f 1869 1974 1973
f 1869 1973 1868
f 1977 1974 1869
f 1977 1869 1874
f 1978 1977 1874
f 1983 1977 1978
f 2083 1983 1984
f 2089 2083 1984
f 2089 1984 1990
f 2092 2089 1990
f 2092 1990 1992
f 2094 2092 1992
f 2094 1992 1996
f 1995 2096 2094
f 1995 2094 1996
f 2096 1995 1998
f 2097 2096 1998
f 2103 2097 1998
f 2103 1998 2000
f 2108 2103 2000
f 2108 2000 2004
f 2005 2108 2004
f 2109 2005 2009
f 2124 2114 2123
f 2124 2123 2132
f 1294 1146 1159
f 1293 1294 1159
f 1293 1159 1305
f 1305 1433 1293
f 1432 1433 1305
f 1664 1550 1549
f 1767 1664 1663
f 1878 1767 1766
f 1878 1766 1887
f 1980 1878 1887
f 1980 1887 1886
f 1980 1886 1988
f 2081 1980 1988
f 2081 1988 1987
f 2087 2081 1987
f 2080 2081 2087
f 2080 2087 2086
f 2205 2080 2086
f 2204 2205 2086
f 2204 2086 2085
f 2203 2204 2085
f 2203 2085 2084
f 2083 2203 2084
f 2079 2083 1978
f 2078 2079 1978
f 2073 2078 1978
f 2073 1978 1977
f 1974 2073 1977
f 2078 1973 1974
f 2078 1974 1977
f 2078 1977 1983
f 2083 2078 1983
f 2102 2096 2097
f 2102 2097 2103
f 2001 2103 2108
f 2001 2108 2005
f 2109 2001 2005
f 2115 2109 2009
f 2115 2009 2114
f 2125 2115 2114
f 2125 2114 2124
f 1433 1422 1293
f 1432 1421 1422
f 1432 1422 1433
f 1550 1541 1421
f 1550 1421 1432
f 1664 1655 1541
f 1664 1541 1550
f 1767 1758 1655
f 1767 1655 1664
f 1878 1758 1767
f 2200 2080 2205
f 2199 2200 2205
f 2199 2205 2204
f 2199 2204 2203
f 2199 2203 2198
f 2197 2198 2203
f 2197 2203 2083
f 2223 2096 2102
f 2097 2223 2102
f 2103 2097 2102
f 2104 2001 2109
f 2249 2125 2124
f 2249 2124 2248
f 2097 2224 2223
f 2098 2224 2097
f 2098 2097 2103
f 2098 2103 2001
f 2002 2001 2104
f 2006 2002 2104
f 2006 2104 2109
f 2116 2006 2109
f 2116 2109 2115
f 2126 2116 2115
f 2126 2115 2125
f 2249 2126 2125
f 2098 2225 2224
f 2105 2098 2001
f 2002 2105 2001
f 2006 2110 2105
f 2006 2105 2002
f 2116 2110 2006
f 2250 2116 2126
f 2250 2126 2249
f 2371 2250 2249
f 2225 2343 2224
f 2226 2225 2098
f 2105 2226 2098
f 2110 2111 2106
f 2110 2106 2105
f 2117 2111 2110
f 2117 2110 2116
f 2239 2117 2116
f 2239 2116 2250
f 2251 2239 2250
f 2371 2251 2250
f 2226 2344 2225
f 2105 2227 2226
f 2106 2230 2227
f 2106 2227 2105
f 2230 2106 2111
f 2233 2230 2111
f 2233 2111 2117
f 2239 2233 2117
f 2372 2239 2251
f 2372 2251 2371
f 2227 2344 2226
f 2231 2227 2230
f 2234 2231 2230
f 2234 2230 2233
f 2240 2234 2233
f 2240 2233 2239
f 2363 2240 2239
f 2373 2363 2239
f 2373 2239 2372
f 2345 2415 2344
f 2345 2344 2227
f 2227 2346 2345
f 2354 2346 2227
f 2354 2227 2231
f 2358 2354 2231
f 2358 2231 2234
f 2363 2358 2234
f 2363 2234 2240
f 2364 2363 2240
f 2364 2240 2363
f 2373 2364 2363
f 2346 2415 2345
f 2359 2355 2354
f 2359 2354 2358
f 2364 2359 2358
f 2364 2358 2363
f 2440 2364 2373
f 2422 2421 2346
f 2428 2422 2346
f 2428 2346 2354
f 2428 2354 2355
f 2428 2355 2359
f 2433 2428 2359
f 2364 2433 2359
f 2440 2433 2364
f 1353 1352 1213
f 738 734 733
f 733 560 734
f 734 560 733
f 734 724 560
f 734 560 724
f 865 866 706
f 2081 2080 2200
f 2196 2073 2078
f 2248 2253 2254
f 378 282 283
f 283 282 378
f 194 111 112
f 932 920 933
f 106 45 107
f 107 45 106
f 1947 1953 1948
f 1953 1947 1952
f 1947 2053 2057
f 1947 2057 1952
f 2176 2057 2053
f 2176 2053 2173
f 2057 2176 2175
f 1956 1957 1954
f 1956 1954 1953
f 1952 1956 1953
f 1952 2057 2059
f 1956 1952 2059
f 1956 2059 2060
f 2057 2176 2059
f 2057 2175 2176
f 2060 1956 1957
f 2060 1957 1956
f 2178 2059 2176
f 2178 2176 2175
f 2177 2178 2175
f 1952 1947 1948
f 1952 1948 1953
f 1947 1952 2056
f 1947 2056 2053
f 2053 2052 2173
f 2052 2053 2056
f 1952 1951 2056
f 2052 2056 2175
f 2052 2175 2173
f 1955 1952 1953
f 1955 1953 1956
f 2056 1951 1952
f 2058 2056 1952
f 2058 1952 1955
f 2058 1955 2059
f 2056 2058 2177
f 2056 2177 2175
f 1954 1948 1953
f 1957 1956 1953
f 1957 1953 1954
f 1956 2059 1955
f 1954 1953 1948
f 2177 2059 2178
f 2175 2176 2173
f 1956 2060 2059
f 2177 2058 2059
f 1377 1238 1253
f 1377 1253 1391
f 1238 1106 1253
f 1375 1376 1389
f 1390 1376 1377
f 1376 1390 1389
f 1253 1390 1377
f 1253 1377 1391
f 1390 1253 1252
f 1389 1374 1375
f 1374 1389 1388
f 1390 1252 1251
f 1389 1390 1251
f 1253 1106 1252
f 1251 1388 1389
f 1388 1251 1250
f 1261 1251 1252
f 1251 1261 1260
f 1112 1261 1252
f 1112 1252 1106
f 1112 1106 1113
f 1376 1391 1377
f 1377 1391 1253
f 1377 1253 1238
f 1375 1389 1390
f 1376 1375 1390
f 1376 1390 1391
f 1391 1395 1262
f 1391 1262 1253
f 1395 1391 1390
f 1253 1262 1106
f 1390 1394 1395
f 1394 1390 1389
f 1395 1261 1262
f 1098 1106 1238
f 1250 1251 1388
f 1238 1253 1106
f 1106 1262 1113
f 1261 1395 1394
f 1261 1394 1260
f 1113 1262 1261
f 1113 1261 1112
f 1098 1238 1106
f 1388 1389 1375
f 1374 1388 1375
f 1389 1251 1260
f 1251 1389 1388
f 1394 1389 1260
f 2267 2271 2381
f 2271 2275 2386
f 2279 2278 2281
f 2288 2287 2165
f 1847 1734 1735
f 1736 1630 1727
f 2266 2146 2150
f 2145 2032 2036
f 1506 1387 1372
f 1505 1516 1506
f 815 955 820
f 655 808 659
f 658 811 663
f 647 803 651
f 640 642 489
f 1498 1366 1499
f 1237 1098 1238
f 409 404 405
f 112 116 111
f 647 800 803
f 804 651 803
f 658 659 812
f 811 658 812
f 820 960 959
f 1373 1234 1235
f 1619 1630 1620
f 1846 1734 1847
f 1949 1845 1846
f 1947 2054 2053
f 2172 2052 2173
f 2171 2172 2166
f 2171 2166 2288
f 2281 2282 2279
f 2271 2386 2380
f 2271 2380 2381
f 2267 2381 2376
f 796 939 940
f 797 796 940
f 800 797 940
f 655 651 804
f 655 804 808
f 816 663 811
f 816 815 663
f 820 955 960
f 1372 1234 1373
f 1516 1387 1506
f 1516 1505 1620
f 1630 1516 1620
f 1630 1619 1727
f 1736 1735 1630
f 1948 1845 1949
f 1947 1948 2054
f 2052 1947 2053
f 2052 2053 2173
f 2165 2171 2288
f 2267 2270 2271
f 2270 2267 2266
f 2266 2150 2270
f 2150 2146 2145
f 2150 2145 2036
f 2035 2036 2032
f 2035 2032 1925
f 2035 1925 1928
f 1822 1928 1925
f 1605 1602 1487
f 1487 1491 1605
f 1498 1499 1495
f 1367 1499 1366
f 1237 1370 1232
f 1098 1106 1238
f 670 681 833
f 681 670 671
f 219 308 307
f 137 138 142
f 71 72 138
f 68 72 71
f 63 64 68
f 63 58 64
f 116 53 52
f 116 52 49
f 112 194 195
f 489 379 378
f 640 796 642
f 2275 2271 2270
f 2275 2270 2274
f 2275 2274 2278
f 2275 2278 2279
f 2282 2281 2161
f 2287 2282 2161
f 2287 2161 2164
f 2287 2164 2165
f 2165 2164 2171
f 2172 2171 2051
f 2052 2172 2051
f 2051 1946 2052
f 2052 1946 1947
f 1947 1946 1952
f 1948 1947 1952
f 1948 1952 1844
f 1845 1948 1844
f 1846 1845 1733
f 1846 1733 1734
f 1734 1628 1735
f 1735 1628 1629
f 1735 1629 1630
f 1630 1629 1515
f 1630 1515 1516
f 1516 1515 1386
f 1516 1386 1387
f 1387 1386 1249
f 1387 1249 1372
f 1234 1372 1249
f 1235 1234 1249
f 1235 1249 1105
f 1095 1235 1105
f 1095 1105 969
f 1095 969 958
f 1095 958 1096
f 1096 958 819
f 1096 819 959
f 959 819 820
f 820 667 815
f 815 667 663
f 663 511 507
f 663 507 658
f 658 507 508
f 658 508 659
f 659 508 503
f 659 503 655
f 655 503 504
f 651 655 504
f 651 504 500
f 651 500 499
f 647 651 499
f 647 643 800
f 800 643 642
f 800 642 797
f 797 642 796
f 2270 2151 2156
f 2270 2156 2274
f 2274 2156 2155
f 2155 2158 2278
f 2155 2278 2274
f 2278 2158 2160
f 2278 2160 2281
f 2160 2161 2281
f 2160 2164 2161
f 2171 2164 2050
f 2050 2051 2171
f 2051 2050 1945
f 2051 1945 1946
f 1946 1945 1951
f 1952 1946 1951
f 1952 1951 1850
f 1850 1851 1844
f 1850 1844 1952
f 1844 1851 1739
f 1844 1739 1845
f 1845 1739 1733
f 1733 1628 1734
f 1628 1514 1629
f 1514 1515 1629
f 1385 1386 1515
f 1248 1104 1249
f 1248 1249 1386
f 1249 1104 1105
f 969 1105 968
f 958 969 830
f 819 958 830
f 819 830 831
f 819 831 666
f 820 819 666
f 667 820 666
f 663 667 516
f 663 516 511
f 508 507 396
f 503 508 396
f 503 396 393
f 504 503 393
f 504 393 503
f 500 504 503
f 500 503 499
f 495 647 499
f 643 647 495
f 643 495 492
f 642 643 492
f 2151 2270 2150
f 2151 2150 2155
f 2151 2155 2156
f 2160 2047 2164
f 2047 2050 2164
f 1944 1945 2050
f 1842 1945 1944
f 1849 1951 1945
f 1849 1945 1842
f 1849 1850 1951
f 1738 1851 1850
f 1738 1739 1851
f 1633 1733 1739
f 1633 1739 1738
f 1633 1628 1733
f 1513 1628 1633
f 1513 1514 1628
f 1384 1514 1513
f 1384 1515 1514
f 1384 1247 1385
f 1384 1385 1515
f 1247 1386 1385
f 1247 1104 1248
f 1247 1248 1386
f 1104 967 1105
f 967 968 1105
f 969 968 829
f 830 969 829
f 831 830 679
f 831 679 680
f 831 680 666
f 680 515 666
f 667 666 515
f 667 515 516
f 511 516 400
f 400 401 511
f 511 401 396
f 511 396 507
f 503 393 390
f 503 390 499
f 386 495 499
f 386 499 390
f 495 386 492
f 492 491 642
f 2150 2149 2154
f 2150 2154 2155
f 2155 2154 2039
f 2155 2039 2042
f 2155 2042 2158
f 2158 2042 2044
f 2158 2044 2160
f 2160 2044 2047
f 2047 1943 2050
f 2050 1943 1944
f 1944 1943 1841
f 1944 1841 1842
f 1849 1842 1737
f 1849 1737 1850
f 1850 1737 1738
f 1738 1737 1632
f 1633 1738 1632
f 1633 1632 1518
f 1513 1633 1518
f 1518 1383 1513
f 1383 1384 1513
f 1383 1246 1384
f 1246 1247 1384
f 1247 1246 1103
f 1104 1247 1103
f 1104 1103 967
f 968 967 829
f 830 829 678
f 679 830 678
f 680 679 526
f 515 680 526
f 515 526 527
f 515 527 407
f 515 407 516
f 516 407 408
f 400 516 408
f 401 400 304
f 396 401 304
f 396 304 299
f 393 396 299
f 393 299 295
f 296 393 295
f 292 390 393
f 292 393 296
f 492 386 385
f 492 385 382
f 491 492 382
f 491 382 489
f 491 489 642
f 2149 2150 2036
f 2154 2149 2036
f 2154 2036 2039
f 2047 2044 1940
f 1943 2047 1940
f 1841 1943 1840
f 1842 1841 1731
f 1842 1731 1732
f 1737 1842 1732
f 1737 1732 1631
f 1632 1737 1631
f 1631 1517 1632
f 1518 1632 1517
f 1517 1393 1518
f 1393 1383 1518
f 1393 1259 1383
f 1245 1246 1383
f 1245 1383 1259
f 1246 1245 1102
f 1102 1103 1246
f 1102 966 1103
f 966 967 1103
f 966 828 967
f 828 829 967
f 828 678 829
f 525 526 679
f 525 679 678
f 416 527 526
f 407 527 416
f 310 408 407
f 303 400 408
f 303 408 310
f 303 304 400
f 295 291 292
f 295 292 296
f 292 291 390
f 390 291 288
f 390 288 386
f 288 385 386
f 382 385 288
f 382 288 286
f 379 489 382
f 2035 2038 2039
f 2035 2039 2036
f 2038 2041 2042
f 2038 2042 2039
f 2041 1935 2042
f 1935 1937 2044
f 1935 2044 2042
f 1937 1940 2044
f 1839 1943 1940
f 1839 1940 1836
f 1943 1839 1840
f 1840 1730 1841
f 1730 1731 1841
f 1731 1624 1732
f 1624 1625 1732
f 1625 1631 1732
f 1625 1512 1631
f 1512 1517 1631
f 1512 1392 1517
f 1392 1393 1517
f 1393 1392 1258
f 1245 1259 1393
f 1245 1393 1258
f 1259 1245 1101
f 1259 1101 1245
f 1101 1102 1245
f 965 966 1102
f 965 827 966
f 827 828 966
f 827 677 828
f 677 524 678
f 677 678 828
f 524 525 678
f 525 415 526
f 416 526 415
f 315 416 415
f 416 315 309
f 416 309 407
f 309 310 407
f 303 217 304
f 217 213 299
f 217 299 304
f 213 209 295
f 213 295 299
f 209 210 295
f 210 291 295
f 288 285 286
f 285 382 286
f 285 378 379
f 285 379 382
f 1928 1932 2038
f 1928 2038 2035
f 1932 1935 2041
f 1932 2041 2038
f 1835 1940 1937
f 1835 1937 1832
f 1835 1836 1940
f 1839 1836 1729
f 1839 1729 1840
f 1840 1729 1730
f 1623 1731 1730
f 1731 1623 1624
f 1624 1510 1625
f 1625 1510 1511
f 1512 1625 1511
f 1382 1392 1512
f 1382 1512 1381
f 1243 1392 1382
f 1243 1244 1258
f 1243 1258 1392
f 1258 1244 1100
f 1258 1100 1245
f 1101 1245 1100
f 1102 1101 964
f 965 1102 964
f 827 965 826
f 827 826 676
f 676 677 827
f 524 677 676
f 414 525 524
f 415 525 414
f 314 315 415
f 315 314 224
f 315 224 309
f 309 224 310
f 303 310 224
f 303 224 216
f 217 303 216
f 205 291 210
f 205 210 209
f 291 205 202
f 291 202 288
f 285 288 202
f 283 378 285
f 1927 1928 1822
f 1928 1927 1931
f 1928 1931 1932
f 1827 1932 1931
f 1829 1935 1932
f 1829 1932 1827
f 1832 1937 1935
f 1832 1935 1829
f 1835 1832 1725
f 1835 1725 1836
f 1836 1725 1726
f 1836 1726 1729
f 1623 1730 1729
f 1510 1624 1623
f 1380 1511 1510
f 1380 1512 1511
f 1381 1512 1380
f 1242 1382 1381
f 1243 1382 1242
f 1099 1244 1243
f 1100 1244 1099
f 963 1101 1100
f 964 1101 963
f 825 965 964
f 826 965 825
f 826 675 676
f 676 675 523
f 676 523 413
f 676 413 524
f 524 413 414
f 414 313 415
f 313 314 415
f 314 313 227
f 223 224 314
f 223 314 227
f 213 217 216
f 213 216 212
f 208 209 213
f 208 213 212
f 204 205 209
f 204 209 208
f 198 285 202
f 282 283 285
f 282 285 198
f 1822 1821 1825
f 1822 1825 1927
f 1927 1825 1931
f 1827 1931 1825
f 1721 1832 1829
f 1722 1832 1721
f 1832 1722 1725
f 1725 1617 1726
f 1729 1726 1617
f 1729 1617 1622
f 1622 1623 1729
f 1623 1622 1509
f 1509 1510 1623
f 1509 1379 1510
f 1380 1510 1379
f 1241 1381 1380
f 1257 1242 1381
f 1257 1381 1241
f 1110 1243 1242
f 1110 1242 1257
f 1111 1099 1243
f 1111 1243 1110
f 974 1100 1099
f 974 1099 1111
f 975 963 1100
f 975 1100 974
f 824 964 963
f 824 963 975
f 825 964 824
f 674 826 825
f 674 675 826
f 522 675 674
f 522 523 675
f 523 522 413
f 413 312 414
f 312 313 414
f 226 313 312
f 222 227 313
f 222 313 226
f 223 227 222
f 223 146 224
f 141 216 224
f 141 224 146
f 216 141 135
f 216 135 212
f 130 208 212
f 130 212 135
f 208 130 127
f 208 127 204
f 204 127 205
f 122 202 205
f 122 205 127
f 201 202 122
f 198 202 201
f 195 282 198
f 1714 1825 1821
f 1714 1821 1711
f 1716 1827 1825
f 1716 1825 1714
f 1827 1716 1829
f 1718 1829 1716
f 1829 1718 1721
f 1614 1722 1721
f 1722 1614 1617
f 1722 1617 1725
f 1617 1507 1622
f 1508 1622 1507
f 1509 1622 1508
f 1378 1509 1508
f 1378 1379 1509
f 1379 1255 1380
f 1241 1380 1255
f 1241 1255 1256
f 1257 1241 1256
f 1257 1256 1109
f 1109 1110 1257
f 1110 973 1111
f 973 974 1111
f 974 835 975
f 824 975 835
f 824 835 836
f 673 825 824
f 673 824 836
f 674 825 673
f 521 522 674
f 412 522 521
f 412 413 522
f 312 413 412
f 221 226 312
f 221 312 225
f 222 226 221
f 222 145 223
f 223 145 140
f 223 140 146
f 146 140 141
f 134 135 141
f 129 130 135
f 129 135 134
f 121 122 127
f 201 122 121
f 118 198 201
f 118 201 121
f 118 197 198
f 195 198 197
f 1711 1602 1605
f 1711 1605 1714
f 1612 1718 1716
f 1721 1718 1612
f 1721 1612 1614
f 1614 1503 1617
f 1617 1503 1504
f 1507 1617 1504
f 1508 1507 1377
f 1377 1378 1508
f 1378 1377 1254
f 1254 1379 1378
f 1255 1379 1254
f 1255 1108 1256
f 1109 1256 1108
f 972 1110 1109
f 1110 972 973
f 974 973 834
f 974 834 835
f 835 672 836
f 672 673 836
f 673 520 674
f 520 521 674
f 520 411 521
f 411 412 521
f 412 411 311
f 412 311 312
f 220 225 312
f 220 312 311
f 221 225 220
f 144 222 221
f 144 145 222
f 140 145 144
f 69 141 140
f 70 134 141
f 70 141 69
f 134 70 65
f 134 65 129
f 129 65 130
f 130 65 126
f 130 126 127
f 127 126 59
f 121 127 59
f 197 118 112
f 197 112 195
f 1605 1604 1714
f 1716 1714 1604
f 1716 1604 1608
f 1608 1611 1612
f 1608 1612 1716
f 1499 1614 1612
f 1499 1612 1611
f 1614 1499 1503
f 1376 1507 1504
f 1376 1504 1503
f 1377 1507 1376
f 1254 1377 1238
f 1254 1238 1253
f 1254 1107 1255
f 1108 1255 1107
f 1108 971 1109
f 1109 971 972
f 833 973 972
f 973 833 834
f 682 835 834
f 672 835 682
f 519 673 672
f 520 673 519
f 520 410 411
f 411 410 406
f 411 406 308
f 411 308 311
f 308 220 311
f 220 143 221
f 143 144 221
f 143 139 144
f 139 72 140
f 139 140 144
f 72 73 140
f 140 73 69
f 64 70 69
f 64 65 70
f 58 65 64
f 58 126 65
f 58 59 126
f 53 121 59
f 121 53 117
f 121 117 118
f 118 117 112
f 1490 1604 1605
f 1490 1605 1491
f 1493 1608 1604
f 1493 1604 1490
f 1495 1611 1608
f 1495 1608 1493
f 1499 1611 1495
f 1499 1367 1370
f 1499 1370 1503
f 1370 1376 1503
f 1376 1370 1237
f 1237 1377 1376
f 1377 1237 1238
f 1238 1106 1253
f 1107 1254 1253
f 1107 1253 1106
f 1108 1107 971
f 832 972 971
f 833 972 832
f 834 833 681
f 682 834 681
f 682 681 671
f 518 672 682
f 518 682 671
f 519 672 518
f 520 519 409
f 520 409 405
f 520 405 410
f 410 405 307
f 410 307 406
f 308 406 307
f 219 220 308
f 142 143 220
f 142 220 219
f 143 142 138
f 139 143 138
f 72 139 138
f 73 72 68
f 69 73 68
f 68 64 69
f 116 117 53
f 116 112 117
f 1107 970 971
f 64 58 63
f 2267 2381 2271
f 2271 2386 2275
f 2282 2281 2278
f 2288 2165 2287
f 2166 2172 2171
f 1847 1735 1734
f 1736 1727 1630
f 1619 1620 1630
f 2266 2150 2146
f 2145 2036 2032
f 1506 1372 1387
f 1505 1506 1516
f 820 960 955
f 815 820 955
f 655 659 807
f 658 663 811
f 650 651 803
f 647 650 803
f 640 489 642
f 1498 1499 1366
f 1237 1238 1098
f 409 405 404
f 117 111 116
f 647 803 800
f 655 807 808
f 807 659 658
f 658 812 659
f 812 658 811
f 820 959 960
f 1234 1373 1235
f 1734 1846 1847
f 1846 1845 1949
f 1947 2053 2054
f 2173 2052 2172
f 2166 2171 2288
f 2282 2278 2279
f 2386 2271 2380
f 2380 2271 2381
f 2381 2267 2376
f 939 796 940
f 940 796 797
f 800 940 797
f 655 808 803
f 655 803 651
f 811 663 816
f 816 663 815
f 1372 1373 1234
f 1506 1387 1516
f 1505 1516 1620
f 1620 1516 1630
f 1727 1619 1630
f 1736 1630 1735
f 1949 1845 1948
f 2054 1948 1947
f 2053 1947 2052
f 2053 2052 2173
f 2288 2171 2165
f 2267 2271 2270
f 2151 2266 2267
f 2151 2267 2270
f 2266 2151 2150
f 2146 2150 2036
f 2146 2036 2145
f 2035 2032 2036
f 1925 2032 2035
f 1925 2035 1928
f 1925 1928 1822
f 1602 1605 1487
f 1491 1487 1605
f 1495 1499 1498
f 1367 1366 1499
f 1237 1233 1232
f 1237 1232 1370
f 1098 1238 1106
f 307 308 219
f 142 138 137
f 71 138 72
f 71 72 68
f 63 68 64
f 63 64 58
f 49 52 53
f 49 53 116
f 112 194 111
f 112 111 117
f 194 112 195
f 282 283 378
f 489 378 379
f 796 640 642
f 2270 2271 2275
f 2270 2275 2274
f 2274 2275 2279
f 2274 2279 2278
f 2281 2282 2161
f 2161 2282 2287
f 2161 2287 2164
f 2164 2287 2165
f 2164 2165 2171
f 2172 2051 2171
f 2051 2172 2052
f 2051 2052 1946
f 1946 2052 1947
f 1946 1947 1952
f 1947 1948 1844
f 1947 1844 1952
f 1948 1845 1844
f 1846 1733 1845
f 1846 1734 1733
f 1734 1735 1628
f 1735 1629 1628
f 1735 1630 1629
f 1629 1630 1515
f 1515 1630 1516
f 1516 1386 1515
f 1386 1516 1387
f 1386 1387 1372
f 1386 1372 1249
f 1234 1249 1372
f 1234 1235 1105
f 1234 1105 1249
f 1095 969 1105
f 1095 1105 1235
f 1095 1096 958
f 1095 958 969
f 958 1096 959
f 958 959 819
f 959 820 819
f 667 820 815
f 667 815 662
f 815 663 662
f 663 658 507
f 663 507 511
f 507 658 659
f 507 659 508
f 659 655 503
f 659 503 508
f 503 655 504
f 504 655 651
f 504 651 500
f 650 499 500
f 650 500 651
f 647 499 650
f 800 643 647
f 797 642 643
f 797 643 800
f 797 796 642
f 2270 2274 2156
f 2270 2156 2151
f 2274 2155 2156
f 2274 2278 2158
f 2274 2158 2155
f 2278 2281 2160
f 2278 2160 2158
f 2160 2281 2161
f 2164 2160 2161
f 2164 2171 2050
f 2050 2171 2051
f 2050 2051 1945
f 2051 1946 1945
f 1952 1843 1946
f 1843 1952 1844
f 1844 1845 1733
f 1733 1734 1628
f 1628 1629 1514
f 1514 1629 1515
f 1385 1515 1386
f 1248 1386 1249
f 1248 1249 1104
f 1249 1105 1104
f 1105 969 968
f 969 958 830
f 958 819 830
f 819 666 830
f 819 820 666
f 667 666 820
f 667 662 516
f 662 663 511
f 662 511 516
f 508 503 507
f 504 500 499
f 504 499 503
f 499 647 495
f 492 495 647
f 492 647 643
f 643 642 492
f 2151 2156 2155
f 2151 2155 2150
f 2164 2047 2160
f 2050 2047 2164
f 1945 1944 2050
f 1945 1842 1944
f 1945 1946 1849
f 1945 1849 1842
f 1946 1843 1850
f 1946 1850 1849
f 1843 1844 1738
f 1843 1738 1850
f 1844 1733 1738
f 1633 1738 1733
f 1627 1633 1733
f 1627 1733 1628
f 1513 1627 1628
f 1513 1628 1514
f 1513 1514 1384
f 1384 1514 1515
f 1384 1515 1385
f 1384 1385 1247
f 1385 1386 1247
f 1104 1247 1386
f 1104 1386 1248
f 1104 1105 967
f 968 967 1105
f 968 969 829
f 969 830 829
f 830 666 680
f 830 680 679
f 666 515 680
f 515 666 667
f 515 667 516
f 516 511 400
f 400 511 507
f 400 507 396
f 396 507 503
f 396 503 393
f 393 503 499
f 393 499 390
f 495 386 390
f 495 390 499
f 492 386 495
f 492 642 491
f 2150 2155 2154
f 2150 2154 2149
f 2154 2155 2039
f 2155 2158 2042
f 2155 2042 2039
f 2158 2160 2044
f 2158 2044 2042
f 2160 2047 2044
f 1943 2047 2050
f 1944 1943 2050
f 1841 1944 1842
f 1849 1850 1737
f 1849 1737 1842
f 1850 1738 1737
f 1738 1632 1737
f 1632 1738 1633
f 1632 1633 1627
f 1632 1627 1518
f 1518 1627 1513
f 1513 1383 1518
f 1384 1383 1513
f 1384 1246 1383
f 1247 1246 1384
f 1246 1247 1103
f 1247 1104 1103
f 1104 967 1103
f 967 968 829
f 678 829 830
f 679 678 830
f 526 679 680
f 526 680 515
f 526 515 527
f 527 515 516
f 527 516 407
f 407 516 408
f 400 408 516
f 299 304 400
f 299 400 396
f 396 393 295
f 396 295 299
f 393 296 295
f 393 390 292
f 393 292 296
f 385 386 492
f 385 492 382
f 382 492 491
f 382 491 642
f 382 642 489
f 2036 2150 2149
f 2154 2039 2036
f 2154 2036 2149
f 2044 2047 1940
f 1940 2047 1943
f 1943 1944 1840
f 1944 1841 1840
f 1731 1841 1842
f 1731 1842 1732
f 1842 1737 1732
f 1737 1626 1732
f 1737 1632 1631
f 1737 1631 1626
f 1632 1517 1631
f 1632 1518 1517
f 1518 1393 1517
f 1518 1383 1393
f 1245 1393 1383
f 1245 1383 1246
f 1102 1245 1246
f 1102 1246 1103
f 966 1102 1103
f 1103 967 966
f 967 828 966
f 967 829 828
f 829 678 828
f 525 678 679
f 525 679 526
f 527 416 526
f 407 416 527
f 408 310 407
f 400 303 310
f 400 310 408
f 303 400 304
f 296 292 291
f 296 291 295
f 291 292 390
f 288 291 390
f 288 390 386
f 288 386 385
f 288 385 382
f 382 489 379
f 2036 2039 2038
f 2036 2038 2035
f 2039 2042 1935
f 2039 1935 2038
f 1935 2042 2044
f 1935 2044 1937
f 2044 1940 1937
f 1836 1940 1943
f 1836 1943 1839
f 1840 1839 1943
f 1840 1841 1730
f 1730 1841 1731
f 1731 1732 1624
f 1624 1732 1625
f 1626 1625 1732
f 1631 1512 1625
f 1631 1625 1626
f 1517 1512 1631
f 1512 1517 1382
f 1517 1393 1382
f 1393 1244 1382
f 1244 1393 1245
f 1101 1245 1102
f 1102 966 965
f 965 966 827
f 966 828 827
f 828 677 827
f 828 678 524
f 828 524 677
f 678 525 524
f 525 526 415
f 526 416 415
f 315 415 416
f 315 416 407
f 315 407 309
f 310 309 407
f 303 304 217
f 217 304 299
f 217 299 213
f 299 295 209
f 299 209 213
f 295 210 209
f 295 291 210
f 382 285 288
f 379 378 285
f 379 285 382
f 2035 2038 1932
f 2035 1932 1928
f 2038 1935 1932
f 1937 1940 1835
f 1937 1835 1832
f 1836 1835 1940
f 1729 1836 1839
f 1729 1839 1840
f 1840 1730 1729
f 1730 1731 1623
f 1731 1624 1623
f 1624 1625 1510
f 1510 1625 1511
f 1625 1512 1511
f 1512 1382 1381
f 1244 1243 1382
f 1244 1245 1100
f 1100 1245 1101
f 1101 1102 964
f 964 1102 965
f 826 965 827
f 826 827 676
f 677 676 827
f 524 676 677
f 525 414 524
f 414 525 415
f 415 315 314
f 314 315 309
f 314 309 224
f 224 309 310
f 224 310 303
f 224 303 216
f 303 217 216
f 210 291 205
f 210 205 209
f 291 288 202
f 291 202 205
f 202 288 285
f 283 285 378
f 1928 1932 1931
f 1827 1931 1932
f 1932 1935 1829
f 1932 1829 1827
f 1935 1830 1829
f 1935 1937 1832
f 1935 1832 1830
f 1832 1835 1836
f 1832 1836 1725
f 1836 1726 1725
f 1729 1726 1836
f 1730 1623 1726
f 1730 1726 1729
f 1623 1624 1510
f 1510 1511 1380
f 1511 1512 1380
f 1512 1381 1380
f 1381 1382 1242
f 1243 1242 1382
f 1243 1244 1099
f 1100 1099 1244
f 963 1100 1101
f 963 1101 964
f 964 965 825
f 825 965 826
f 826 676 675
f 675 676 523
f 676 524 413
f 676 413 523
f 414 413 524
f 414 415 313
f 313 415 314
f 314 227 313
f 227 314 224
f 227 224 223
f 213 212 216
f 213 216 217
f 212 213 209
f 212 209 208
f 205 204 208
f 205 208 209
f 202 285 198
f 202 198 201
f 285 283 282
f 285 282 198
f 1821 1822 1928
f 1821 1928 1825
f 1825 1928 1931
f 1931 1827 1825
f 1830 1832 1718
f 1830 1718 1829
f 1832 1722 1718
f 1725 1722 1832
f 1725 1726 1617
f 1617 1726 1618
f 1622 1618 1726
f 1622 1726 1623
f 1623 1509 1622
f 1623 1510 1509
f 1509 1510 1379
f 1379 1510 1380
f 1380 1381 1241
f 1381 1242 1241
f 1242 1243 1110
f 1110 1243 1099
f 1110 1099 1111
f 1099 1100 974
f 1099 974 1111
f 974 1100 963
f 964 824 963
f 825 824 964
f 826 674 825
f 675 674 826
f 675 522 674
f 675 523 522
f 523 413 522
f 413 414 312
f 414 313 312
f 226 312 313
f 227 222 226
f 227 226 313
f 222 227 223
f 223 224 146
f 146 224 216
f 146 216 141
f 141 216 212
f 141 212 135
f 212 208 130
f 212 130 135
f 130 208 204
f 130 204 127
f 127 204 205
f 127 205 202
f 127 202 122
f 122 202 201
f 198 282 195
f 1711 1821 1825
f 1711 1825 1714
f 1714 1825 1827
f 1714 1827 1716
f 1716 1827 1829
f 1716 1829 1718
f 1718 1722 1721
f 1722 1614 1721
f 1617 1614 1722
f 1617 1722 1725
f 1618 1507 1617
f 1618 1622 1508
f 1618 1508 1507
f 1622 1509 1508
f 1378 1508 1509
f 1509 1379 1378
f 1379 1240 1378
f 1240 1379 1380
f 1240 1380 1255
f 1255 1380 1241
f 1255 1241 1256
f 1241 1242 1109
f 1241 1109 1256
f 1242 1110 1109
f 1110 1111 973
f 974 973 1111
f 974 963 835
f 963 824 835
f 825 673 824
f 673 825 674
f 521 674 522
f 522 412 521
f 522 413 412
f 413 312 412
f 312 226 221
f 221 226 222
f 222 223 145
f 223 146 140
f 223 140 145
f 146 141 140
f 141 135 134
f 130 129 134
f 130 134 135
f 130 127 129
f 127 122 121
f 122 201 121
f 201 198 118
f 201 118 121
f 197 118 198
f 195 197 198
f 1602 1711 1714
f 1602 1714 1605
f 1716 1718 1612
f 1716 1612 1609
f 1718 1721 1614
f 1718 1614 1612
f 1614 1617 1503
f 1617 1504 1503
f 1504 1617 1507
f 1507 1508 1377
f 1377 1508 1378
f 1378 1239 1377
f 1239 1378 1240
f 1239 1240 1254
f 1254 1240 1255
f 1255 1256 1108
f 1256 1109 1108
f 1109 1110 972
f 972 1110 973
f 973 974 834
f 834 974 835
f 835 824 672
f 672 824 673
f 674 520 673
f 520 674 521
f 411 520 521
f 521 412 411
f 412 311 411
f 412 312 311
f 312 220 311
f 220 312 221
f 221 222 144
f 222 145 144
f 145 140 144
f 69 140 141
f 141 134 70
f 141 70 69
f 134 129 65
f 134 65 70
f 129 127 126
f 129 126 65
f 127 59 126
f 59 127 121
f 197 195 112
f 197 112 118
f 1605 1714 1604
f 1604 1714 1716
f 1604 1716 1608
f 1716 1609 1608
f 1609 1612 1611
f 1609 1611 1608
f 1614 1499 1611
f 1614 1611 1612
f 1503 1499 1614
f 1504 1507 1371
f 1504 1371 1503
f 1507 1376 1371
f 1377 1376 1507
f 1377 1239 1253
f 1377 1253 1238
f 1254 1253 1239
f 1255 1107 1254
f 1108 1107 1255
f 971 1108 1109
f 971 1109 972
f 972 973 833
f 833 973 834
f 834 835 682
f 682 835 672
f 673 519 672
f 519 673 520
f 520 411 410
f 410 411 406
f 411 311 308
f 411 308 406
f 308 311 220
f 220 221 144
f 220 144 143
f 143 144 139
f 139 144 140
f 139 140 72
f 72 140 73
f 73 140 69
f 69 70 64
f 64 70 65
f 64 65 58
f 58 65 126
f 58 126 59
f 58 59 121
f 58 121 53
f 118 117 53
f 118 53 121
f 112 117 118
f 1491 1605 1604
f 1491 1604 1490
f 1490 1604 1608
f 1490 1608 1493
f 1608 1611 1495
f 1608 1495 1493
f 1499 1495 1611
f 1499 1503 1370
f 1499 1370 1367
f 1370 1503 1371
f 1371 1376 1237
f 1371 1237 1370
f 1376 1377 1237
f 1377 1238 1237
f 1238 1253 1106
f 1253 1254 1107
f 1253 1107 1106
f 1107 1108 971
f 971 972 832
f 972 833 832
f 833 834 670
f 834 682 671
f 834 671 670
f 672 518 671
f 672 671 682
f 672 519 518
f 520 409 519
f 520 410 405
f 520 405 409
f 410 406 307
f 410 307 405
f 406 308 307
f 308 220 219
f 220 142 219
f 220 143 138
f 220 138 142
f 139 138 143
f 139 72 138
f 68 72 73
f 69 68 73
f 69 64 68
f 53 117 116
f 971 970 1107
f 58 64 63
f 808 804 803
f 658 659 808
f 658 808 807
f 1237 1232 1233
f 53 58 57
f 53 57 52
f 52 57 58
f 53 52 58
f 112 111 194
f 378 283 282
f 650 651 499
f 650 499 651
f 499 390 389
f 389 390 499
f 389 390 291
f 291 390 389
f 290 291 205
f 290 205 291
f 290 205 204
f 204 205 290
f 204 205 127
f 204 127 205
f 204 127 126
f 126 127 204
f 126 127 59
f 126 59 127
f 126 59 58
f 126 58 125
f 125 53 59
f 125 59 126
f 58 53 125
f 1369 1502 1501
f 1369 1501 1368
f 1368 1229 1230
f 1368 1230 1369
f 1502 1369 1501
f 1229 1369 1230
f 1365 1501 1369
f 1365 1368 1501
f 1365 1229 1368
f 1365 1369 1229
f 398 300 399
f 398 397 300
f 395 399 300
f 395 398 399
f 395 397 398
f 395 300 397
