# flowstudio decimated toy animal  faces=9838
v -16.0337 -8.34621 -1.45835
v -16.099 -8.06001 -1.61781
v -16.1279 -7.95309 -1.44262
v -16.0258 -7.80431 -3.11124
v -16.0841 -7.46797 -3.00782
v -16.2417 -7.47454 -1.87512
v -16.1844 -7.60363 -1.7086
v -16.1599 -7.60885 -1.52467
v -16.0754 -7.26406 -3.79293
v -16.1634 -6.92913 -3.4792
v -16.1377 -6.97887 -2.66257
v -16.0676 -6.9322 -2.36778
v -16.2185 -6.96302 -2.19928
v -16.2535 -7.13232 -1.96588
v -16.2226 -7.20312 -1.742
v -16.1021 -6.82267 -2.38174
v -16.1393 -6.76952 -2.21934
v -16.2146 -6.76909 -1.9932
v -16.029 -5.80964 -3.45035
v -15.7094 -8.51327 -3.27501
v -15.8253 -8.32353 -2.29229
v -15.8577 -8.51983 -1.43459
v -15.7801 -8.59534 -1.21578
v -15.7803 -7.96077 -3.96509
v -15.865 -8.25335 -3.17891
v -15.9146 -8.02969 -1.44447
v -15.9277 -8.24399 -1.28649
v -15.9288 -7.70292 -3.86907
v -15.9988 -7.70999 -2.36566
v -15.9749 -6.95203 -2.37101
v -15.9332 -6.96709 -2.24104
v -15.9602 -7.11994 -1.69197
v -15.7408 -6.72562 -4.76916
v -15.9711 -6.81041 -2.37805
v -15.9516 -6.78542 -2.16934
v -15.8737 -6.31604 -4.67767
v -15.9764 -5.94605 -4.32881
v -15.9562 -5.71694 -2.42364
v -15.7033 -5.48963 -1.64472
v -15.4006 -9.28537 -1.35818
v -15.4337 -9.27142 -1.21627
v -15.5643 -8.90991 -2.3974
v -15.6107 -9.0265 -1.37
v -15.5384 -8.96374 -1.19124
v -15.3473 -8.35823 -4.18803
v -15.4823 -8.66636 -3.36347
v -15.4787 -8.71344 -1.45438
v -15.6737 -8.60703 -1.27032
v -15.3349 -7.92644 -4.73655
v -15.3613 -7.86833 -4.59016
v -15.4953 -8.14935 -4.04324
v -15.3867 -7.64748 -4.75538
v -15.4159 -7.22935 -4.97168
v -15.6015 -6.97457 -4.86545
v -15.6283 -7.06644 -0.920869
v -15.3842 -6.90914 -0.387177
v -15.385 -6.47933 -0.629105
v -15.4222 -6.66418 -0.420662
v -15.3716 -6.6717 -0.246005
v -15.3774 -6.01607 -0.853975
v -15.4508 -6.21513 -0.643585
v -15.4123 -6.245 -0.451977
v -15.3681 -5.56991 -1.13271
v -15.4384 -5.74399 -0.933051
v -15.4417 -5.74017 -0.697856
v -15.3993 -5.36592 -1.12725
v -15.4098 -5.39728 -0.930308
v -14.9928 -9.66658 -1.46897
v -15.0512 -9.35292 -2.67412
v -15.1823 -9.20251 -2.56941
v -15.1082 -9.43055 -1.59583
v -15.0735 -9.55538 -1.40988
v -15.1345 -9.42059 -1.22532
v -15.1502 -9.12182 -3.67926
v -15.2788 -8.84377 -3.47534
v -15.3301 -9.16204 -2.53313
v -15.28 -9.17189 -1.50122
v -15.3065 -9.16775 -1.16387
v -15.0127 -8.87293 -0.709996
v -15.0322 -8.71525 -4.50588
v -15.2341 -8.57582 -4.3534
v -15.1989 -7.92738 -4.94664
v -15.2891 -8.1443 -0.755507
v -15.0006 -7.81295 -0.282098
v -15.3229 -7.55227 -5.00666
v -15.1056 -7.77692 -0.173803
v -15.0417 -7.7121 0.00202464
v -15.064 -7.10095 -5.52117
v -15.2433 -7.12747 -4.99128
v -15.198 -7.09437 -0.377546
v -15.1665 -7.22724 -0.177331
v -15.1636 -6.64347 -5.57759
v -15.2817 -6.51844 -0.620053
v -15.2178 -6.62477 -0.458198
v -15.235 -6.76493 -0.204673
v -15.276 -6.04486 -0.825401
v -15.2465 -6.17445 -0.693238
v -15.2562 -6.25786 -0.444941
v -15.1054 -5.68949 -1.38587
v -15.1171 -5.60963 -1.19524
v -15.2231 -5.6802 -0.929339
v -15.2756 -5.78548 -0.671347
v -15.121 -5.46417 -1.38605
v -15.1552 -5.3877 -1.1869
v -15.2518 -5.3705 -0.95815
v -15.071 -4.94778 -6.2047
v -15.1944 -4.60508 -6.08398
v -15.2875 -4.23895 -5.74082
v -15.3264 -3.93753 -4.96959
v -15.2565 -3.65396 -4.06543
v -15.027 -3.35386 -3.33609
v -14.7091 -9.76557 -3.03926
v -14.6684 -9.78768 -1.88869
v -14.8841 -9.69246 -1.45088
v -14.8491 -9.66285 -1.30905
v -14.9468 -9.25541 -3.84188
v -14.9119 -9.63841 -2.86566
v -14.8338 -9.57825 -1.7472
v -14.9021 -9.56103 -1.43522
v -14.8873 -9.50228 -1.26543
v -14.7956 -9.32782 -0.747805
v -14.724 -8.80133 -4.74944
v -14.6736 -8.80324 -0.162709
v -14.6731 -8.7881 -0.0205364
v -14.8265 -8.29773 -0.183256
v -14.6688 -8.17233 -5.34223
v -14.9786 -8.06188 -5.11955
v -14.7358 -8.14828 -0.122504
v -14.8061 -8.24077 0.0227008
v -14.9036 -7.76584 -0.158101
v -14.9476 -7.71051 -0.000618364
v -14.781 -7.20987 -5.77136
v -14.7168 -6.218 -6.16621
v -14.6882 -5.62357 -6.22396
v -14.8755 -5.92805 -6.08763
v -14.9289 -5.72583 -1.38228
v -14.9294 -5.70014 -1.20543
v -14.8151 -5.29018 -6.32838
v -14.9699 -5.48222 -1.25904
v -14.701 -5.18858 -0.607847
v -14.3891 -16.4111 -2.55981
v -14.5675 -15.7044 -2.55094
v -14.4226 -15.9103 0.435035
v -14.3111 -14.9298 -2.60526
v -14.3297 -10.1383 -2.21364
v -14.4108 -9.82478 -3.32862
v -14.5299 -10.0168 -2.0301
v -14.414 -9.71184 -0.992279
v -14.3688 -9.36465 -4.23885
v -14.6411 -9.32788 -4.10713
v -14.617 -9.5832 -0.841168
v -14.4269 -9.24522 -0.18607
v -14.3424 -9.22235 -0.0122394
v -14.3282 -9.01331 -4.77962
v -14.4652 -8.8986 -0.211881
v -14.6006 -8.75558 0.0494376
v -14.4707 -8.72409 -0.0794284
v -14.4994 -8.72358 0.0199921
v -14.4686 -7.36546 -5.9715
v -14.5928 -6.71501 0.0870566
v -14.3107 -6.09319 -6.45668
v -14.4905 -6.42877 -6.31391
v -14.4439 -5.69371 -6.46429
v -14.5167 -5.71626 -6.30793
v -14.4554 -5.25433 -6.73933
v -14.5852 -5.44914 -6.31179
v -14.6408 -3.14603 -2.74902
v -14.0136 -17.0885 -2.92025
v -14.2263 -16.6131 0.497328
v -14.0765 -15.3585 -5.8926
v -14.2164 -14.9579 0.124146
v -14.0428 -10.1876 -2.52546
v -14.0346 -10.1589 -1.28503
v -14.0975 -9.76147 -3.74719
v -14.2177 -9.87238 -1.14013
v -13.9977 -9.75295 -0.496601
v -14.1004 -9.50448 -0.41082
v -14.0977 -9.49237 -0.198964
v -14.2599 -9.1265 -0.132888
v -14.2741 -9.1682 -0.0124564
v -14.2344 -8.43218 -5.36758
v -14.0352 -7.64699 -5.98288
v -14.2315 -7.76083 0.239469
v -14.2229 -6.66481 -6.43733
v -14.0105 -6.18342 -6.66857
v -14.1063 -6.19342 -6.52141
v -14.17 -5.61858 -6.90436
v -14.2471 -5.93153 -6.57478
v -13.9647 -5.12194 -0.356242
v -14.2174 -4.42209 -7.25351
v -14.0983 -3.13267 -2.26884
v -13.6282 -17.7698 -3.91528
v -13.8257 -17.242 0.194999
v -13.8838 -16.1219 -5.9589
v -13.8126 -15.7992 2.88875
v -13.8721 -14.6039 -5.73263
v -13.7018 -14.5426 2.42333
v -13.862 -14.1147 -2.92248
v -13.7622 -13.9644 -0.397896
v -13.6872 -10.1473 -2.99505
v -13.8382 -10.2772 -1.47607
v -13.7939 -9.78567 -0.66154
v -13.7559 -9.7481 -0.475343
v -13.8431 -9.72143 -0.29359
v -13.8446 -9.51847 -4.30791
v -13.685 -9.64754 -0.610851
v -13.8369 -9.61274 -0.441977
v -13.6198 -9.00378 -4.96547
v -13.68 -8.89616 0.266366
v -13.9241 -8.46152 0.291915
v -13.8113 -6.94739 -6.43524
v -13.652 -7.30177 0.453094
v -13.6265 -6.45503 -6.65868
v -13.6593 -6.55962 -6.54447
v -13.9255 -6.43707 0.302862
v -13.9302 -5.89351 -6.98849
v -13.8114 -4.78066 -7.54144
v -13.941 -4.389 -7.53565
v -13.8023 -3.85401 -7.49888
v -13.7479 -3.68156 -7.84628
v -13.6307 -2.73746 -8.17715
v -13.7424 -2.54729 -8.08254
v -13.8692 -2.29248 -7.93226
v -13.9413 -1.96323 -7.61541
v -13.8891 -1.54945 -7.02055
v -13.7313 -1.14135 -6.31757
v -13.3847 -17.9698 -0.577145
v -13.5161 -16.8604 -6.10856
v -13.5841 -16.6198 2.99111
v -13.4779 -13.8706 -5.70471
v -13.4321 -13.2842 -3.68992
v -13.5649 -10.3231 -1.80532
v -13.2865 -10.1756 -0.880058
v -13.2785 -9.99926 -3.64727
v -13.5393 -9.95861 -0.635313
v -13.2946 -9.31066 -0.0762764
v -13.3636 -9.26233 0.0518806
v -13.4921 -9.14328 0.175822
v -13.3762 -8.12703 -5.67606
v -13.3691 -7.92977 0.509927
v -13.5367 -6.1783 -6.97353
v -13.5954 -5.09359 -7.59342
v -13.58 -3.40156 -7.96089
v -13.4683 -2.91024 -8.19461
v -13.4018 -3.21158 -1.93371
v -13.4864 -0.830386 -5.67753
v -13.1064 -18.2963 -4.90339
v -13.1859 -17.5392 -6.51917
v -13.0755 -17.2845 2.81894
v -12.9915 -15.2041 4.63757
v -12.9726 -15.0106 -8.63716
v -13.1021 -13.1725 -6.02045
v -13.2075 -13.1375 -1.09322
v -13.2341 -13.2896 1.84025
v -13.1891 -10.2884 -2.32822
v -13.0266 -10.2249 -1.22101
v -13.1512 -9.45252 -0.178338
v -12.9271 -8.5926 0.399861
v -13.1172 -8.34972 0.488434
v -13.0934 -7.10167 -6.2804
v -12.9861 -6.74919 -6.46045
v -13.0051 -6.7886 -6.35041
v -13.0626 -6.68749 0.470835
v -13.183 -6.01294 0.28016
v -13.2161 -5.38218 -7.56612
v -13.0884 -4.9518 -0.357625
v -12.9508 -3.22174 -8.68537
v -13.0707 -2.98417 -8.6446
v -13.033 -2.64364 -8.64668
v -13.1406 -0.668319 -5.10314
v -12.8407 -18.5692 -1.34784
v -12.7814 -18.0468 -6.92425
v -12.7702 -16.3379 4.71212
v -12.7781 -15.8323 -8.7374
v -12.8979 -14.2109 -8.33193
v -12.6972 -13.5067 -7.99128
v -12.8575 -13.5345 4.24813
v -12.6577 -12.6837 -6.38205
v -12.917 -12.6735 -4.43273
v -12.5749 -12.5987 -1.6913
v -12.6837 -10.1666 -3.09141
v -12.6536 -10.1944 -1.77387
v -12.7199 -9.83276 -0.472155
v -12.9081 -9.7111 -0.274317
v -12.9026 -9.54126 -4.41485
v -12.6997 -8.84467 0.0681886
v -12.6171 -8.56363 -5.23856
v -12.8058 -8.71816 0.273169
v -12.5729 -7.64085 0.527695
v -12.8288 -7.23773 0.545591
v -12.8877 -6.4863 -6.76379
v -12.6424 -6.30348 0.371043
v -12.5911 -5.69929 -7.33827
v -12.7678 -3.49265 -8.72453
v -12.6786 -0.704668 -4.59729
v -12.4878 -18.5274 -5.2486
v -12.3312 -18.0723 2.46939
v -12.4706 -17.8766 -7.97887
v -12.5587 -17.3451 -8.30581
v -12.5615 -16.6272 -8.62773
v -12.5298 -12.9738 -7.77418
v -12.2593 -12.6612 -7.65345
v -12.3073 -12.5258 -4.70076
v -12.424 -12.4825 1.37183
v -12.3255 -11.9584 3.75342
v -12.4722 -9.89266 -0.818611
v -12.4198 -9.09411 -0.00610186
v -12.2314 -8.09303 0.175276
v -12.3247 -7.94534 0.379063
v -12.3961 -7.58939 -5.8622
v -12.261 -6.99318 -6.14522
v -12.2994 -7.08871 -6.04088
v -12.3843 -6.54339 0.426642
v -12.528 -5.76565 0.187498
v -12.3186 -4.89944 -0.440719
v -12.4322 -3.78291 -8.6709
v -12.5631 -3.28561 -1.7752
v -12.2242 -18.822 -1.66133
v -11.9882 -18.5463 -5.27096
v -12.0163 -18.114 -7.85976
v -12.2187 -18.2752 -7.05696
v -11.8927 -17.6239 -9.10724
v -12.2141 -17.7742 -8.68213
v -12.1118 -17.2354 -9.23971
v -12.2 -17.2181 4.57311
v -11.8819 -15.7074 -9.98669
v -12.008 -14.8759 -9.8817
v -12.0195 -14.6032 5.80981
v -12.0727 -14.0545 -9.52414
v -12.0964 -13.3484 -9.07501
v -12.1167 -12.865 -8.68863
v -11.9714 -12.609 -8.41562
v -12.0811 -12.5795 -6.50448
v -11.9325 -12.4729 -1.94439
v -12.2146 -9.72935 -3.96467
v -12.1205 -10.0759 -2.59461
v -12.1249 -9.87789 -1.35488
v -11.9246 -9.36755 -0.590154
v -12.1613 -9.29155 -0.243595
v -11.9174 -8.73327 -4.83547
v -11.9584 -8.32084 0.0822016
v -12.1504 -8.18988 0.0759346
v -12.0343 -7.0478 0.370473
v -12.153 -6.74229 -6.43193
v -12.1242 -5.98514 0.174169
v -11.8823 -5.96748 -6.98643
v -11.8864 -5.16167 -0.458359
v -12.1122 -0.885552 -4.1603
v -11.7282 -18.8369 -1.7321
v -11.7144 -18.4395 -5.28289
v -11.8219 -18.0145 -8.4786
v -11.7228 -18.2966 -7.05487
v -11.7038 -18.2498 -5.28285
v -11.5778 -17.7946 -9.05008
v -11.7398 -17.2138 -9.61321
v -11.8667 -16.5083 -9.7897
v -11.8579 -16.068 5.85522
v -11.6507 -13.34 -9.43422
v -11.5643 -12.9986 -4.75942
v -11.7611 -12.846 -9.05421
v -11.7201 -12.6662 -8.75772
v -11.7454 -12.6172 -7.6047
v -11.5885 -12.6943 -6.51297
v -11.7133 -12.7213 -4.74043
v -11.8123 -12.5652 5.55639
v -11.6253 -9.6488 -3.51393
v -11.6376 -9.77769 -2.11364
v -11.6181 -9.36283 -1.08094
v -11.6274 -8.59235 -0.188835
v -11.807 -8.4567 0.00501164
v -11.7248 -7.72665 -5.47977
v -11.7504 -7.46423 0.0037703
v -11.6541 -7.18183 -5.71473
v -11.5371 -6.91103 -0.265856
v -11.8287 -7.30217 0.206714
v -11.5582 -6.83541 -0.171711
v -11.6338 -6.66211 0.0215201
v -11.8727 -6.36044 0.160311
v -11.6465 -5.51419 -0.478443
v -11.855 -4.07635 -8.4343
v -11.8264 -3.42837 -1.7227
v -11.5783 0.257154 -10.277
v -11.7274 0.428449 -10.1057
v -11.7883 0.706437 -9.81238
v -11.6244 1.1764 -9.36046
v -11.2003 -18.9037 -1.80664
v -11.1951 -18.3703 -7.05326
v -11.4566 -18.6172 -5.29488
v -11.4516 -18.6328 -1.77478
v -11.5235 -18.7289 2.10643
v -11.3339 -18.0422 -8.45024
v -11.3447 -18.07 -7.83547
v -11.4458 -18.0966 -7.05109
v -11.2803 -18.127 4.32599
v -11.2472 -17.8507 -7.82024
v -11.1985 -17.2697 -9.70475
v -11.3268 -17.1937 5.72138
v -11.401 -16.4977 -10.1498
v -11.2723 -15.714 -10.3496
v -11.3168 -14.8929 -10.251
v -11.4757 -14.0624 -9.88908
v -11.2232 -12.9021 -9.14784
v -11.3339 -12.9642 -6.53457
v -11.3433 -12.6314 -8.77094
v -11.5007 -12.5846 -8.30819
v -11.2565 -12.7333 -7.59622
v -11.3872 -12.7643 -4.75964
v -11.3405 -12.6627 -2.01536
v -11.532 -12.0646 1.02953
v -11.3755 -11.1067 3.34951
v -11.2351 -10.7123 5.17924
v -11.2241 -9.24908 -1.70625
v -11.337 -8.67472 -4.38702
v -11.4014 -8.68817 -0.530417
v -11.1992 -7.89119 -0.283205
v -11.3741 -7.74812 -0.0945544
v -11.5255 -7.61477 -0.0202524
v -11.3571 -7.00862 -0.261293
v -11.5055 -6.87687 -6.04589
v -11.3132 -6.58152 -0.490947
v -11.2553 -6.11475 -6.5826
v -11.2895 -6.21063 -0.656033
v -11.3063 -5.93849 -0.995406
v -11.4183 -5.81027 -0.611134
v -11.198 -4.31951 -8.07945
v -11.3062 -3.85984 -1.73779
v -11.4555 -1.15817 -3.79167
v -11.2387 -0.308987 -10.4829
v -11.2982 -0.128419 -10.3567
v -11.4763 0.102999 -10.3668
v -11.3457 1.65716 -8.8277
v -10.9623 -18.7309 -5.31726
v -11.073 -17.9502 -8.41539
v -10.9989 -18.2127 -7.83209
v -11.0005 -17.7892 -8.97927
v -10.8594 -17.6093 -8.88886
v -11.0731 -17.7767 -8.38338
v -10.8619 -14.1288 -9.97218
v -11.0848 -13.4003 -9.52116
v -11.0049 -13.0017 -7.60037
v -11.1882 -12.9348 -2.01458
v -10.8571 -12.7456 -8.74493
v -11.0167 -12.7005 -8.28409
v -11.0594 -12.7672 -6.51788
v -10.9117 -12.6481 -2.07983
v -11.1215 -12.7594 -2.03943
v -11.1879 -9.37109 -2.97031
v -10.8652 -8.84299 -2.42303
v -10.9249 -8.4216 -3.81971
v -10.8636 -8.46842 -1.43159
v -11.1429 -8.67118 -0.963634
v -10.9061 -8.12772 -0.915981
v -10.9826 -8.0056 -0.616305
v -11.1741 -7.68921 -5.02543
v -11.1405 -7.15633 -5.27888
v -11.0473 -7.25329 -0.420424
v -10.9758 -6.85542 -5.58269
v -11.0108 -6.60753 -0.683019
v -11.1715 -6.60319 -0.518181
v -11.1386 -6.27336 -0.688267
v -10.9264 -5.90033 -1.13967
v -11.0644 -5.4909 -1.174
v -10.9597 -4.62234 -2.09403
v -10.9329 -4.67772 -1.98396
v -10.9324 -4.90134 -1.70017
v -10.9232 -4.54631 -2.1398
v -10.9692 -4.3473 -1.93772
v -10.8697 -1.46055 -3.55747
v -11.0456 -0.769704 -10.5711
v -11.1848 -0.433738 -10.549
v -11.0632 1.97681 -8.28678
v -10.7092 -19.0136 -1.87525
v -10.8364 -19.0007 1.88472
v -10.7043 -18.4865 -7.05235
v -10.5768 -17.9069 -8.9776
v -10.8119 -18.1183 -8.42865
v -10.5103 -18.3292 -7.82259
v -10.7877 -17.766 -8.94472
v -10.5772 -17.2346 -9.5444
v -10.8317 -16.5582 -10.2301
v -10.7486 -16.0907 6.60226
v -10.6565 -15.7807 -10.4274
v -10.6735 -14.9631 -10.3312
v -10.8182 -14.4587 6.53019
v -10.5668 -13.5046 -9.53313
v -10.7184 -13.0131 -9.1459
v -10.5954 -12.9956 -8.73274
v -10.7758 -12.9624 -8.25343
v -10.7313 -12.808 -7.58506
v -10.5628 -12.7886 -6.51872
v -10.7805 -12.7273 -4.7908
v -10.8124 -11.9784 0.823675
v -10.6597 -12.265 6.33507
v -10.6346 -11.1275 4.77117
v -10.5787 -11.1818 4.90737
v -10.6586 -10.8016 4.73076
v -10.6779 -10.8435 4.88727
v -10.5325 -10.4083 4.77342
v -10.5905 -10.5543 4.91555
v -10.6388 -7.9514 -3.20029
v -10.6155 -8.016 -1.9645
v -10.7805 -7.4597 -4.46265
v -10.6655 -7.76632 -1.17806
v -10.7512 -7.45567 -0.834261
v -10.7909 -6.97701 -4.71512
v -10.51 -7.06155 -3.82221
v -10.5051 -7.25391 -1.56789
v -10.6147 -6.90224 -1.19702
v -10.5944 -6.64368 -5.01912
v -10.7402 -6.88511 -4.79743
v -10.5611 -6.56757 -4.12465
v -10.5217 -6.67278 -4.06876
v -10.8252 -6.75368 -0.887372
v -10.7396 -6.10655 -6.10597
v -10.6884 -6.03056 -1.42004
v -10.6022 -5.07286 -2.36143
v -10.5692 -5.13496 -2.25796
v -10.5608 -5.38591 -1.97294
v -10.7597 -5.17249 -1.78915
v -10.5307 -4.99754 -2.3696
v -10.7455 -4.8351 -2.18499
v -10.6216 -4.46317 -7.66931
v -10.5416 -4.42909 -2.40661
v -10.7355 -4.26214 -2.24076
v -10.5167 -1.73515 -3.52078
v -10.7354 -1.20984 -10.4713
v -10.7594 2.10473 -7.74614
v -10.351 -19.0145 1.76446
v -10.3015 -18.8401 4.05109
v -10.3569 -18.6606 -5.04983
v -10.3238 -18.2328 -8.41634
v -10.4238 -18.2143 5.43864
v -10.3202 -17.3417 -9.58395
v -10.3677 -17.3356 6.5043
v -10.235 -16.5886 -10.0371
v -10.1934 -15.8515 -10.353
v -10.2016 -15.0434 -10.2697
v -10.3622 -14.2215 -9.95185
v -10.2579 -13.6281 -9.66146
v -10.3116 -13.3208 -9.33346
v -10.3967 -13.1672 -9.2166
v -10.1708 -13.098 -9.15909
v -10.1635 -13.037 -4.62403
v -10.3304 -12.8244 -8.72854
v -10.4946 -12.7765 -8.26269
v -10.2379 -12.8317 -7.5727
v -10.4159 -12.6649 -2.15141
v -10.3219 -12.0847 0.725238
v -10.3845 -11.5246 4.9511
v -10.3216 -11.0984 4.73319
v -10.2658 -11.2201 4.89509
v -10.457 -11.2904 5.05394
v -10.3497 -10.7605 3.03144
v -10.3308 -10.7808 4.70214
v -10.356 -10.8732 4.85931
v -10.3629 -10.37 4.90612
v -10.3285 -10.1575 5.03608
v -10.2047 -10.3029 6.01393
v -10.2901 -9.80278 4.7594
v -10.2553 -9.98785 4.90094
v -10.1598 -9.93718 5.115
v -10.4345 -7.24573 -2.59906
v -10.4875 -6.52673 -4.17219
v -10.3277 -6.51858 -3.13659
v -10.3605 -6.58022 -2.08371
v -10.3322 -6.28033 -4.37332
v -10.357 -6.12033 -3.43376
v -10.2696 -5.99144 -2.54702
v -10.4719 -6.21699 -1.71337
v -10.365 -5.90873 -5.53539
v -10.1594 -5.803 -3.66432
v -10.3062 -5.62288 -2.87423
v -10.3027 -5.73339 -2.77816
v -10.3723 -5.63664 -2.19251
v -10.3979 -5.32624 -2.51144
v -10.2005 -4.9829 -2.71223
v -10.3705 -4.70135 -2.53005
v -10.2487 -3.61417 -3.04217
v -10.4849 -3.61804 -2.75923
v -10.3403 -3.08962 -3.31906
v -10.1956 -2.76289 -3.60045
v -10.1724 -2.14943 -3.65332
v -10.3125 -1.96965 -3.58456
v -10.1945 -1.42965 -10.2561
v -10.4132 2.00988 -7.21577
v -9.97234 -18.9314 -1.77011
v -10.002 -18.9632 1.67632
v -10.1539 -18.4121 -6.92536
v -10.077 -18.7147 1.68817
v -10.0883 -18.016 -8.96442
v -9.93217 -18.2406 -7.90869
v -9.96941 -16.6627 -10.0849
v -9.97776 -15.8791 -10.2475
v -10.0293 -15.8624 -10.1403
v -10.0187 -15.0911 -10.206
v -9.95449 -15.118 -10.1591
v -9.81572 -14.8778 6.95058
v -9.96579 -14.3449 -10.0202
v -9.85605 -13.7895 6.94496
v -10.0512 -13.761 -9.84738
v -10.0729 -13.6198 -9.60821
v -9.82365 -12.8597 -8.73654
v -10.0048 -13.0539 -6.46206
v -10.0024 -12.8029 -8.24656
v -10.0476 -12.4298 0.73475
v -10.0551 -12.2514 0.696219
v -10.1187 -11.3995 4.87746
v -10.0648 -10.2927 4.87305
v -9.89955 -10.1202 5.06315
v -9.95252 -9.85393 4.95577
v -9.97773 -9.71618 5.20002
v -9.89747 -9.53768 5.06816
v -10.1044 -5.55991 -4.88835
v -9.93017 -5.09777 -4.18312
v -10.1058 -5.33093 -3.05592
v -9.87224 -4.63753 -3.58092
v -10.1498 -4.47376 -7.18697
v -9.96025 -4.29404 -3.2432
v -10.1136 -3.9812 -3.08967
v -10.1315 -2.7832 -3.60622
v -10.1369 -3.00439 -3.43163
v -10.0911 -2.3802 -3.8457
v -10.098 -2.28338 -3.73699
v -10.0335 1.73073 -6.68714
v -9.55368 -19.1331 3.82881
v -9.59104 -18.3677 6.19052
v -9.69128 -17.9515 -8.97811
v -9.7383 -18.1373 -8.56656
v -9.76918 -18.0092 -6.55602
v -9.77967 -18.2709 -4.21549
v -9.72053 -17.4948 -9.59162
v -9.56774 -16.321 6.95541
v -9.68361 -15.9315 -10.3027
v -9.67679 -15.7656 6.91337
v -9.62158 -15.811 7.10182
v -9.68274 -15.125 -10.232
v -9.77957 -14.8725 6.94669
v -9.65644 -14.8766 7.12609
v -9.5447 -14.5552 6.84541
v -9.5757 -13.793 -4.06023
v -9.79277 -13.8153 6.79616
v -9.70135 -13.785 7.0719
v -9.60734 -13.673 -6.28254
v -9.61742 -13.1541 -9.23743
v -9.67494 -13.0375 -7.67815
v -9.70244 -12.9621 -2.09627
v -9.74245 -12.7614 6.74434
v -9.69214 -12.7045 6.92471
v -9.79924 -12.1506 0.609484
v -9.52384 -12.135 6.62709
v -9.62619 -11.8258 6.72045
v -9.47464 -11.8246 6.84532
v -9.49339 -11.2914 6.63022
v -9.58108 -10.7003 2.80151
v -9.64057 -9.72476 5.01475
v -9.63077 -9.80132 5.18826
v -9.70461 -9.31935 5.15739
v -9.69597 -9.41752 5.33073
v -9.50041 -9.13161 5.25264
v -9.80716 -4.31772 -6.61478
v -9.56957 -4.03072 -5.96737
v -9.60672 -2.53661 -4.17325
v -9.74124 -2.12312 -4.2378
v -9.56965 -1.58696 -9.9413
v -9.62708 1.30469 -6.15271
v -9.51325 2.88984 -11.5662
v -9.48275 19.525 -8.48836
v -9.53671 19.4889 -8.31417
v -9.58034 19.4401 -8.01956
v -9.50519 19.6048 -7.67256
v -9.53863 20.2746 -8.45396
v -9.53249 20.2376 -8.30075
v -9.62598 20.2066 -8.04546
v -9.53828 20.2224 -7.69506
v -9.35319 -19.189 1.52124
v -9.44764 -18.9616 5.11585
v -9.28902 -17.5854 -9.43448
v -9.23095 -17.6661 -9.06069
v -9.46279 -17.7936 -8.19262
v -9.18079 -17.7089 -3.41697
v -9.35216 -17.5332 6.91586
v -9.41393 -17.4192 -6.19516
v -9.3645 -16.7866 -10.0942
v -9.25924 -16.8318 6.92452
v -9.43468 -16.368 7.1327
v -9.19407 -16.0105 -10.2819
v -9.1753 -15.1993 -10.2349
v -9.2304 -14.8814 7.18111
v -9.25805 -14.384 -10.0287
v -9.2694 -14.4781 -6.10777
v -9.28542 -13.8115 7.13149
v -9.4153 -13.6679 -9.68851
v -9.24995 -13.4735 -8.01811
v -9.42621 -13.0158 -8.78363
v -9.43915 -12.9864 -8.39995
v -9.19476 -12.7625 7.02099
v -9.31235 -12.1676 0.491823
v -9.15142 -11.5214 -6.83131
v -9.28439 -11.2344 6.4521
v -9.34313 -11.2911 6.75431
v -9.16829 -10.9066 6.48866
v -9.15102 -10.834 6.57119
v -9.21327 -10.342 6.38816
v -9.28402 -9.49588 4.37373
v -9.35796 -9.42527 5.14585
v -9.31314 -9.38405 5.39523
v -9.38235 -9.36588 5.56594
v -9.28465 -8.99272 5.35567
v -9.1981 -9.11274 5.56901
v -9.4129 -3.64737 -5.25953
v -9.35879 -3.24974 -4.6627
v -9.42837 -2.92236 -4.35055
v -9.2422 0.887864 -5.77679
v -9.20699 2.45369 -12.0733
v -9.44975 2.64845 -11.8414
v -9.24007 3.37549 -11.2172
v -9.27408 18.7894 -8.0435
v -9.16588 18.888 -8.48237
v -9.20752 18.8595 -8.35442
v -9.24165 18.8402 -7.67539
v -9.35362 19.591 -8.75801
v -9.45312 19.5138 -8.3854
v -9.13607 19.8551 -8.93473
v -9.2418 20.4101 -8.80604
v -9.42801 20.3182 -8.67179
v -9.25862 20.1983 -7.2666
v -9.38823 20.9152 -7.49003
v -9.27135 21.2757 -8.53094
v -9.36626 21.2405 -8.2481
v -9.36403 21.2106 -8.10663
v -9.44015 21.1842 -7.77146
v -9.12199 22.1689 -7.88859
v -9.12625 22.1374 -7.64834
v -8.87002 -18.9718 3.61264
v -9.0204 -18.5192 -1.2989
v -8.80488 -18.5241 6.62069
v -9.04256 -17.1425 -8.4673
v -8.91544 -16.8826 -9.92871
v -8.79519 -16.9771 -9.54998
v -8.97999 -16.7878 -6.07927
v -8.97476 -16.8607 7.11801
v -9.01784 -16.4298 7.17515
v -9.11333 -15.8087 7.18922
v -8.898 -15.3024 -6.06283
v -8.83921 -14.8429 -5.38236
v -9.02037 -14.7499 -3.49065
v -8.87248 -14.5489 -6.84489
v -8.81636 -13.795 -9.73475
v -8.89074 -14.0979 -8.36371
v -8.9972 -13.352 -8.90778
v -8.82995 -13.6895 -1.76936
v -9.09088 -13.2656 -9.22402
v -8.98337 -11.7343 -5.21937
v -9.04706 -11.8747 6.89203
v -8.86205 -11.4472 -8.04827
v -8.78138 -11.1496 2.67217
v -8.93081 -11.2883 6.7871
v -8.97121 -10.8873 2.6566
v -9.01087 -10.8706 6.65255
v -9.02284 -9.26967 5.39078
v -8.79634 -9.28025 5.5874
v -8.96183 -9.00793 5.42354
v -8.88815 -8.97608 5.664
v -9.01787 -7.82893 -6.79106
v -8.79708 -7.78803 -8.09643
v -8.79857 -3.83736 -6.78318
v -9.04812 -1.69616 -9.55186
v -8.95029 0.631476 -5.71669
v -8.85504 1.32729 -12.2167
v -8.87122 1.65015 -12.2744
v -8.91865 1.85381 -12.2668
v -9.00433 2.11353 -12.1156
v -8.83176 3.88994 -10.8057
v -8.83602 19.1149 -8.9762
v -9.03704 18.9509 -8.77746
v -9.11632 19.0785 -7.19509
v -8.88313 19.2296 -6.87206
v -8.99631 20.0389 -6.9916
v -8.82535 20.5007 -8.96048
v -9.09206 21.0908 -8.77827
v -8.94535 21.3627 -7.18484
v -9.07244 21.9197 -7.37876
v -8.84294 22.0409 -8.66994
v -9.03421 22.1891 -8.30224
v -9.04696 22.1496 -8.03151
v -8.78963 22.7772 -8.02364
v -8.83084 22.783 -7.82494
v -8.83133 22.7536 -7.58466
v -8.59303 -19.1061 1.38381
v -8.63657 -19.1338 3.54253
v -8.69817 -19.2678 4.86087
v -8.70694 -19.0829 5.81926
v -8.54334 -17.5746 6.92012
v -8.65778 -17.144 -3.19634
v -8.5336 -17.4217 6.78187
v -8.70818 -16.1147 -10.1045
v -8.47167 -16.2321 -9.69995
v -8.62701 -16.4425 -8.53491
v -8.72505 -16.0908 -6.0765
v -8.57412 -15.6732 -3.28281
v -8.63977 -15.3132 -10.086
v -8.54758 -14.8707 -8.48762
v -8.6687 -14.5085 -9.99226
v -8.4992 -14.438 -8.02195
v -8.64347 -13.899 -9.43254
v -8.48753 -13.8729 7.16055
v -8.56745 -12.4386 0.370192
v -8.6241 -11.3936 -9.21492
v -8.64681 -10.9294 2.56222
v -8.73234 -10.9114 6.68593
v -8.43011 -10.3633 6.33938
v -8.52294 -9.45064 4.09957
v -8.53243 -9.25089 5.71793
v -8.62288 -9.38342 5.9555
v -8.47411 -9.06816 5.12791
v -8.65479 -9.06248 5.48483
v -8.5326 -8.88345 5.66494
v -8.55994 -9.02787 5.88395
v -8.72986 -7.89782 -5.09449
v -8.60781 -7.75851 -9.33624
v -8.45454 -3.80741 -9.55913
v -8.6176 -3.81996 -8.20772
v -8.46096 -3.71712 -5.09511
v -8.64441 -1.72489 -9.07587
v -8.50167 -0.0165887 -6.07244
v -8.57046 0.110512 -6.01814
v -8.62791 0.312636 -5.86419
v -8.74971 0.46324 -5.80121
v -8.66989 1.02747 -12.0983
v -8.48806 4.22186 -10.3424
v -8.52432 12.8745 -6.59455
v -8.58186 12.882 -5.33706
v -8.54659 12.9047 -3.64342
v -8.46225 18.2574 -8.73779
v -8.58578 18.1931 -8.52865
v -8.63046 18.1868 -8.35089
v -8.70281 18.0923 -8.00508
v -8.67883 18.1192 -7.627
v -8.5651 18.2711 -7.11432
v -8.57823 19.4359 -9.06172
v -8.51165 19.5118 -6.96111
v -8.7281 19.9975 -7.0053
v -8.47487 20.4294 -9.0648
v -8.45363 20.521 -7.16002
v -8.72897 20.879 -7.07847
v -8.60607 21.6225 -8.84864
v -8.62444 22.1324 -7.12523
v -8.58887 22.6502 -8.61311
v -8.73039 22.7766 -8.35925
v -8.73965 22.7319 -7.96757
v -8.76993 22.5734 -7.31681
v -8.47478 23.1758 -8.02817
v -8.47309 23.1574 -7.86492
v -8.5071 23.1592 -7.54374
v -8.43125 23.0061 -7.27252
v -8.20319 -19.2867 4.68862
v -8.11815 -19.1776 6.25126
v -8.08964 -17.9631 -0.858825
v -8.33575 -17.6184 6.99757
v -8.24644 -17.3095 7.11012
v -8.20454 -16.7431 7.15588
v -8.40486 -16.4949 -3.2454
v -8.34112 -16.3893 6.93905
v -8.40146 -15.6874 -8.50644
v -8.2581 -15.931 7.18448
v -8.32251 -15.4459 -9.67636
v -8.40131 -14.9394 7.19806
v -8.39658 -14.6323 -9.63769
v -8.19995 -14.3576 -9.16658
v -8.31258 -14.673 6.80908
v -8.27531 -12.4317 6.63936
v -8.37008 -12.8359 7.03568
v -8.1979 -11.5812 3.67038
v -8.19774 -11.8961 6.87337
v -8.35232 -11.2199 3.45674
v -8.3062 -11.1954 3.63658
v -8.25925 -11.3756 3.80747
v -8.11857 -11.1212 6.72394
v -8.36564 -10.8176 3.40224
v -8.24998 -10.9148 3.59008
v -8.13975 -10.5753 6.59577
v -8.27567 -10.5201 3.47733
v -8.22205 -10.3965 3.64027
v -8.15231 -10.2659 3.81955
v -8.40743 -10.5106 6.2681
v -8.27665 -10.3437 6.43806
v -8.2481 -9.26812 5.85887
v -8.10128 -9.19116 6.1168
v -8.21461 -9.03239 5.70262
v -8.27683 -8.90599 5.90932
v -8.22143 -9.11517 6.05399
v -8.37438 -1.64062 -8.49979
v -8.21581 -1.47348 -7.83436
v -8.14735 -1.25276 -7.08921
v -8.14331 -0.983022 -6.47389
v -8.18131 -0.675617 -6.20476
v -8.23391 -0.184933 -8.36069
v -8.40019 -0.19038 -6.82165
v -8.32531 -0.232658 -6.07161
v -8.08912 0.0470223 -5.23872
v -8.12576 0.888581 -11.9218
v -8.14372 3.7158 -12.6094
v -8.20148 3.92591 -12.3578
v -8.2041 4.33487 -9.83236
v -8.09248 10.1563 -5.10784
v -8.0876 10.2063 -3.13554
v -8.09498 11.526 -8.99942
v -8.16019 11.5292 -8.19682
v -8.12581 11.5452 -7.77854
v -8.2429 11.5292 -7.37222
v -8.33935 11.526 -6.56306
v -8.40622 11.533 -5.24205
v -8.39637 11.554 -3.38344
v -8.11667 12.8694 -10.0483
v -8.28123 12.8745 -9.0181
v -8.34694 12.8766 -8.21555
v -8.315 12.8868 -7.79752
v -8.42933 12.8766 -7.39416
v -8.13983 14.4374 -8.19476
v -8.11365 14.44 -7.77726
v -8.22221 14.4374 -7.37338
v -8.31605 14.4368 -6.57366
v -8.36813 14.4427 -5.38192
v -8.31635 14.4602 -3.88548
v -8.26172 18.4013 -8.94099
v -8.31928 18.5487 -6.76558
v -8.27829 19.6242 -9.12707
v -8.21608 20.3628 -9.13239
v -8.31227 21.244 -8.98113
v -8.09556 21.1979 -7.25814
v -8.39973 21.6117 -7.08308
v -8.35391 22.34 -8.78849
v -8.24384 22.6468 -7.06957
v -8.28991 23.043 -8.57488
v -8.42912 23.1592 -8.32119
v -8.42918 23.1208 -7.94237
v -8.106 23.5069 -7.75223
v -8.10114 23.4828 -7.51142
v -8.05275 -19.3298 3.36366
v -8.00891 -19.3767 5.54482
v -7.92447 -19.0851 4.59137
v -8.055 -18.6159 6.76393
v -7.74256 -17.0973 -5.54033
v -7.84859 -15.5188 -3.35731
v -8.00092 -14.6892 -1.3783
v -7.81334 -12.2501 -2.82268
v -7.86693 -11.5457 3.68285
v -7.82276 -11.4367 -10.5128
v -8.04486 -11.1693 3.44057
v -7.98884 -11.2913 3.63121
v -7.95067 -11.3032 3.79048
v -8.06184 -10.8971 2.36032
v -8.03044 -10.819 3.4232
v -8.01265 -10.722 3.66191
v -7.83735 -10.3545 3.59889
v -7.80403 -10.3124 3.85762
v -7.76985 -10.2534 6.21074
v -8.06825 -10.0883 3.67121
v -7.92201 -9.87157 3.8781
v -7.8879 -9.81038 4.06717
v -7.87182 -9.91521 6.20626
v -7.78009 -9.77439 6.31359
v -7.91082 -9.59186 3.93256
v -7.74589 -9.59203 4.19754
v -7.92854 -9.30893 5.96376
v -7.86596 -9.46026 6.17071
v -7.76782 -9.02438 4.83143
v -7.91075 -9.0686 5.52179
v -7.96421 -9.03109 5.88838
v -7.82319 -9.04407 6.08512
v -7.84301 -7.73837 -10.6676
v -7.75075 -3.65515 -10.905
v -8.07784 -0.181018 -9.83095
v -7.82986 3.46272 -12.8685
v -7.78067 3.84325 -8.69055
v -7.83087 4.35412 -12.1015
v -7.97019 4.19422 -9.28102
v -7.77329 10.1397 -8.96715
v -7.83838 10.144 -8.16454
v -7.8034 10.166 -7.7462
v -7.92205 10.144 -7.33034
v -8.02152 10.1397 -6.49237
v -7.86021 11.4128 -1.13486
v -7.92911 11.528 -10.0295
v -7.95509 12.7471 -1.52875
v -7.83174 12.8541 -11.0601
v -7.91206 14.4234 -10.0277
v -8.07296 14.4368 -8.99721
v -7.77204 17.6346 -8.242
v -7.80447 17.5562 -8.11873
v -7.82195 17.5275 -7.90559
v -7.78554 17.5745 -7.56863
v -7.9955 18.6433 -9.03981
v -7.93383 18.9178 -6.88682
v -7.97437 19.8417 -9.1674
v -8.08099 20.0407 -7.22259
v -8.03373 20.8542 -9.08973
v -7.7672 21.505 -9.02387
v -8.06611 21.9306 -8.91546
v -7.96256 22.2181 -7.04402
v -8.03145 22.7956 -8.74547
v -7.90242 23.345 -8.54417
v -8.00393 23.3479 -7.23765
v -7.75194 23.0419 -7.02694
v -8.04622 23.4599 -8.29063
v -8.08017 23.488 -7.9967
v -8.05452 23.4463 -7.88639
v -7.67716 -19.3575 4.50557
v -7.53839 -19.3937 5.36828
v -7.51017 -19.4484 5.97981
v -7.68097 -19.2147 6.49492
v -7.56426 -18.6985 1.27139
v -7.68716 -18.1235 6.71027
v -7.57666 -18.2492 6.87485
v -7.47579 -17.4617 -0.784484
v -7.71353 -16.7934 -6.77111
v -7.44544 -15.8091 -1.10276
v -7.39976 -15.0669 7.10038
v -7.39707 -14.41 -10.4055
v -7.49453 -13.9663 7.06825
v -7.59753 -13.0919 0.281263
v -7.6572 -10.1567 6.19016
v -7.65871 -9.87056 3.87556
v -7.53822 -9.87147 4.10503
v -7.6032 -9.86471 6.14965
v -7.4775 -9.81205 6.30811
v -7.49564 -9.63169 3.75989
v -7.57158 -9.29755 4.13178
v -7.52133 -9.34032 4.40308
v -7.63751 -9.29282 5.99882
v -7.5252 -9.42834 6.15829
v -7.49322 -9.07467 5.74339
v -7.46002 0.0640163 -11.1595
v -7.47678 0.821538 -11.6655
v -7.45003 2.07095 -12.8418
v -7.56355 2.69155 -13.0385
v -7.59274 2.34682 -12.9647
v -7.59278 2.90695 -13.0375
v -7.65089 3.09928 -12.8943
v -7.44452 2.84923 -7.60838
v -7.70169 3.23171 -12.8518
v -7.62763 3.32599 -8.06247
v -7.4089 4.2207 -12.8251
v -7.58757 4.26468 -12.5841
v -7.48169 8.78615 -6.39903
v -7.5565 8.81416 -4.96063
v -7.55584 8.89856 -2.90438
v -7.60681 10.149 -9.99713
v -7.60852 10.1071 -0.821696
v -7.64049 11.5341 -11.0409
v -7.63793 14.3831 -11.0406
v -7.70551 14.2856 -1.94632
v -7.44589 16.4862 -7.29551
v -7.53795 16.4881 -6.49561
v -7.59385 16.4764 -5.37366
v -7.5531 16.4416 -4.08657
v -7.43066 17.8089 -8.74291
v -7.61579 17.6656 -8.56645
v -7.72323 17.6105 -8.37996
v -7.63526 17.7619 -7.1022
v -7.54555 19.0819 -9.10353
v -7.4642 19.4045 -7.16311
v -7.67144 20.2986 -9.146
v -7.63346 20.7345 -7.40645
v -7.60258 21.8596 -7.30323
v -7.70388 22.4739 -8.86444
v -7.59766 23.1324 -8.71226
v -7.45885 23.7251 -8.26355
v -7.48197 23.7767 -8.02723
v -7.46511 23.7482 -7.84275
v -7.48482 23.7767 -7.4837
v -7.18847 -19.4711 4.3356
v -7.22211 -19.2937 5.24981
v -7.07047 -19.4635 5.80383
v -7.18736 -19.4665 6.25599
v -7.29329 -19.2541 3.12021
v -7.26521 -19.0963 5.26642
v -7.33501 -19.2781 5.29224
v -7.34329 -19.0983 6.55062
v -7.37611 -18.6809 6.70657
v -7.33193 -17.7768 6.7766
v -7.36473 -17.8953 6.98563
v -7.26778 -17.1453 7.03748
v -7.2807 -16.6491 -7.95611
v -7.2449 -16.8126 -0.912293
v -7.30219 -16.5062 6.7253
v -7.26496 -16.1451 7.07425
v -7.27576 -14.7899 6.59359
v -7.37159 -12.8993 6.92985
v -7.24124 -12.5487 6.4216
v -7.20845 -11.8779 6.73936
v -7.3053 -11.1548 2.14734
v -7.18146 -10.914 6.55145
v -7.21837 -10.5335 6.22237
v -7.25164 -10.1829 6.38911
v -7.38826 -9.80072 6.19254
v -7.29979 -9.47709 4.09815
v -7.19519 -9.43485 4.34425
v -7.09402 -9.29723 4.61304
v -7.19776 -9.35025 5.90903
v -7.23804 -8.99727 4.43829
v -7.23667 -9.13979 4.68358
v -7.29401 -9.01659 5.22919
v -7.36743 -8.0277 -2.61534
v -7.16899 2.57335 -8.46617
v -7.19716 2.60692 -7.53888
v -7.33393 2.57213 -6.84705
v -7.07621 2.78317 -5.40175
v -7.11304 4.03312 -13.0682
v -7.12213 4.62412 -12.5067
v -7.2995 4.81168 -11.7947
v -7.06424 8.80271 -9.94271
v -7.22957 8.78616 -8.91261
v -7.29496 8.79182 -8.11003
v -7.2487 8.82398 -7.71958
v -7.29997 8.80883 -7.60864
v -7.3796 8.79182 -7.26614
v -7.15117 8.83248 -0.600381
v -7.31658 10.1771 -11.0084
v -7.14032 16.4633 -9.95034
v -7.29485 16.4881 -8.91916
v -7.36353 16.4862 -8.11682
v -7.33564 16.4756 -7.72797
v -7.37824 16.4806 -7.61649
v -7.15558 18.0658 -8.81954
v -7.37162 18.054 -6.78522
v -7.05723 19.6265 -9.11413
v -7.33351 20.9703 -9.07781
v -7.08291 21.4213 -7.50767
v -7.35742 22.1343 -8.96327
v -7.19331 22.8579 -8.82727
v -7.37843 22.672 -7.00186
v -7.29805 23.5972 -8.51455
v -7.34812 23.6552 -7.20603
v -7.03877 -19.4625 5.18063
v -6.83225 -19.3574 5.7021
v -6.76558 -19.4839 6.07391
v -6.972 -19.2846 6.42479
v -6.82728 -19.172 5.68975
v -6.88334 -18.5732 6.49622
v -6.79965 -18.6203 6.63018
v -6.75123 -17.6809 -4.21928
v -6.93668 -16.5439 -9.12549
v -7.00761 -9.65386 3.58039
v -6.78768 -9.82732 5.82255
v -6.79767 -9.20308 4.47583
v -6.99124 -9.39512 4.61611
v -6.74522 -9.27998 4.83475
v -6.71593 -9.64556 5.90204
v -6.90541 -9.14522 4.4609
v -6.86559 -8.97882 4.64001
v -6.90147 -8.95671 4.86194
v -6.80399 -9.0818 5.07807
v -6.99094 -9.00859 5.48331
v -6.79644 -9.14497 5.66284
v -7.03685 -3.31475 -2.89871
v -6.96526 0.754541 -11.3106
v -6.76162 0.761783 -3.62802
v -6.91477 2.05063 -12.6948
v -6.79952 2.10636 -7.85049
v -6.91411 2.52359 -13.0232
v -7.01017 2.57425 -10.0313
v -6.85691 2.33669 -7.70208
v -6.97566 2.47505 -7.64007
v -6.82016 3.16505 -13.254
v -6.8718 2.80849 -13.1769
v -6.84099 3.38827 -13.2542
v -6.91214 3.58013 -13.1097
v -6.98287 3.76942 -13.0942
v -6.8711 5.10964 -11.3969
v -6.71215 7.56841 -4.82644
v -6.73653 7.66757 -2.69456
v -6.77769 8.85262 -10.9544
v -6.76731 11.3827 -12.2045
v -6.91898 12.6707 -12.2739
v -6.72363 14.1721 -12.2872
v -6.88516 16.389 -10.9651
v -6.98025 16.2196 -2.33618
v -6.85137 18.3634 -8.85168
v -7.029 18.3815 -6.89815
v -6.93749 20.0622 -7.28596
v -6.87006 21.6471 -9.00773
v -6.91846 22.3436 -7.28532
v -6.74984 22.5582 -8.92132
v -6.89895 23.3813 -8.67548
v -6.97439 23.3851 -6.9851
v -6.4218 -19.3987 4.06489
v -6.57494 -19.5743 5.00638
v -6.6015 -19.5293 5.6189
v -6.55263 -19.3869 5.95592
v -6.56108 -19.3092 6.23424
v -6.49937 -19.1516 5.9808
v -6.42484 -19.2261 6.11811
v -6.38494 -18.7923 6.33605
v -6.36175 -18.1176 -5.82605
v -6.58422 -18.1415 1.15601
v -6.59903 -18.249 6.74482
v -6.56487 -17.669 6.67855
v -6.5956 -16.5976 6.49715
v -6.41252 -16.4306 6.82152
v -6.45255 -15.2812 6.82704
v -6.56988 -14.8813 6.36486
v -6.66616 -14.1204 0.310628
v -6.49117 -14.0901 6.77779
v -6.42372 -12.9211 6.63991
v -6.53629 -12.6402 6.19212
v -6.54367 -10.6206 6.0057
v -6.38617 -10.7914 6.27091
v -6.60527 -9.69583 5.98669
v -6.48179 -10.0316 6.10661
v -6.58618 -9.3346 4.95958
v -6.42023 -9.34678 5.16669
v -6.39458 -9.22214 5.45353
v -6.63898 -9.56894 5.83304
v -6.59398 -9.0442 4.74833
v -6.56705 -8.92658 4.91449
v -6.52736 -8.91893 5.165
v -6.53667 -9.12221 5.32231
v -6.60878 0.719102 -10.8471
v -6.424 0.743229 -10.2633
v -6.38459 0.804092 -9.57551
v -6.46388 0.875363 -8.79833
v -6.55487 1.02161 -8.17026
v -6.56672 1.31249 -7.93716
v -6.58476 1.71851 -7.88068
v -6.67839 1.93597 -7.84485
v -6.39376 2.68483 -12.9859
v -6.47674 2.78658 -11.3114
v -6.41734 3.79307 -8.53467
v -6.41772 4.52492 -12.9989
v -6.43308 4.23165 -9.02241
v -6.67152 4.64397 -12.8042
v -6.49712 4.98541 -12.2793
v -6.38032 4.71582 -9.69641
v -6.5706 5.20482 -10.9096
v -6.41665 5.05698 -10.3336
v -6.37453 7.53549 -8.82685
v -6.44071 7.54257 -8.02434
v -6.43083 7.56383 -7.69559
v -6.40474 7.58275 -7.57689
v -6.5257 7.54257 -7.17697
v -6.62805 7.53549 -6.29934
v -6.43736 7.59087 -0.481844
v -6.50226 10.0628 -12.1161
v -6.47231 17.3407 -8.20868
v -6.58925 17.3418 -8.01222
v -6.58677 17.279 -7.8339
v -6.53721 17.3294 -7.56892
v -6.37466 17.5154 -7.27721
v -6.57809 18.6303 -8.88495
v -6.60561 18.7905 -7.12111
v -6.44658 18.6095 -6.38614
v -6.50824 18.5751 -5.31924
v -6.48469 18.4717 -4.19727
v -6.64226 20.2326 -9.04103
v -6.53764 23.1003 -8.79972
v -6.63976 23.0219 -6.93429
v -6.5438 23.9997 -8.25736
v -6.544 24.0705 -8.02263
v -6.52354 24.0516 -7.83845
v -6.5292 24.0913 -7.47947
v -6.16428 -19.6371 5.4491
v -6.3088 -19.5487 5.88826
v -6.10717 -19.3741 6.04612
v -6.2794 -18.8613 2.78176
v -6.32212 -19.2407 6.07571
v -6.22984 -18.704 6.17819
v -6.01897 -18.7564 6.36737
v -6.10623 -17.9143 6.20345
v -6.25847 -17.914 6.36203
v -6.20243 -17.8712 6.11939
v -6.21738 -16.5842 -10.2272
v -6.15516 -16.6626 6.13793
v -6.02921 -15.5163 0.548972
v -6.11286 -14.9803 5.95662
v -6.17601 -14.9434 6.16414
v -6.09205 -12.7841 5.75576
v -6.09263 -12.7295 5.92505
v -6.3156 -11.762 1.88009
v -6.35419 -11.8097 6.45661
v -6.06956 -10.8045 5.61864
v -6.14677 -10.6954 5.80849
v -6.06662 -10.2069 5.61285
v -6.24785 -9.9031 3.33297
v -6.09234 -9.83584 5.48215
v -6.17832 -9.80433 5.64868
v -6.33373 -9.222 4.29311
v -6.30997 -9.30749 5.20997
v -6.1861 -9.46572 5.39383
v -6.18796 -9.48014 5.63482
v -6.33169 -9.03062 4.98752
v -6.14778 -9.11139 5.13323
v -6.19526 -8.99053 5.39427
v -6.25579 2.11981 -12.4759
v -6.14148 3.18167 -13.1569
v -6.07026 3.54886 -13.2315
v -6.20698 3.57295 -8.46226
v -6.16496 3.96223 -13.1076
v -6.27191 4.30257 -13.0932
v -6.21334 7.55904 -9.85736
v -6.05045 8.76513 -11.9784
v -6.25411 9.67484 1.58778
v -6.34649 10.9323 1.35618
v -6.34073 12.2128 0.992112
v -6.07636 13.7139 0.57402
v -6.01715 16.1516 -12.2139
v -6.22997 17.5557 -8.33069
v -6.12812 17.7795 -7.0719
v -6.0698 18.5305 -9.84295
v -6.21018 18.5898 -8.81032
v -6.27645 18.5979 -8.00756
v -6.27821 18.5884 -7.67927
v -6.26325 18.5769 -7.56205
v -6.35651 18.6046 -7.18624
v -6.25937 18.9618 -8.87833
v -6.07262 19.3524 -7.14525
v -6.11973 20.8826 -8.96359
v -6.3204 20.7554 -7.3183
v -6.3352 21.9383 -7.51005
v -6.19814 22.1135 -8.96379
v -6.12347 22.821 -8.89531
v -6.21947 22.702 -7.19605
v -6.34776 23.8391 -8.50159
v -6.32326 23.9822 -7.19721
v -5.83426 -19.4987 4.7402
v -5.87671 -19.6524 5.72296
v -5.66992 -19.4709 5.88442
v -5.93343 -18.8573 6.14593
v -5.88896 -18.4196 6.44274
v -6.00643 -18.2149 -6.63514
v -5.80858 -17.979 6.17057
v -5.96566 -17.6112 1.02615
v -5.75242 -17.6733 6.48535
v -5.76375 -16.8293 0.839748
v -5.87805 -16.7022 6.10897
v -5.89312 -16.2522 -1.50492
v -5.85194 -14.9977 5.97804
v -5.79565 -12.8425 -0.530411
v -5.81704 -12.7693 5.80751
v -5.68982 -11.9594 3.3798
v -5.89103 -11.6627 -12.0607
v -5.73005 -11.6606 3.19564
v -5.70653 -11.8631 3.30788
v -5.72383 -11.3592 3.16785
v -5.67867 -11.0229 3.26551
v -5.81858 -10.7688 5.62737
v -5.90879 -10.1137 5.45158
v -5.98339 -10.121 5.67416
v -5.9295 -9.80109 5.51502
v -5.82269 -9.8362 5.64479
v -5.76981 -10.068 5.79412
v -5.94809 -9.20529 4.69851
v -5.68029 -9.19454 4.95029
v -5.86348 -9.35297 5.40368
v -5.8716 -9.43885 5.64969
v -6.00744 -9.1753 5.28326
v -5.92338 -7.73173 -12.1854
v -5.93772 -3.2211 -12.3093
v -5.85851 0.780118 -12.3169
v -5.73579 2.14243 -12.1416
v -5.73969 2.90156 -12.7834
v -5.76989 3.02838 -8.77455
v -5.90353 3.37746 -8.60476
v -5.90782 3.39954 -4.37793
v -5.87443 4.07748 -9.02505
v -5.90586 4.07587 -5.80116
v -5.82244 4.47434 -9.47681
v -5.72907 4.33591 -6.82933
v -5.73376 4.84317 -12.7851
v -6.00202 4.96745 -12.597
v -5.99292 5.22159 -11.9306
v -5.69153 6.45797 -4.64232
v -5.75714 6.55688 -2.41927
v -5.77298 6.71476 -0.830663
v -5.93931 7.62996 -10.8703
v -6.00568 8.4067 1.58208
v -5.71335 17.3077 -7.58756
v -5.84905 17.9283 -8.35407
v -5.84527 18.0537 -7.12743
v -5.97028 18.1981 -2.64086
v -5.8457 18.3864 -10.8609
v -5.81545 19.4549 -8.80774
v -5.73929 23.2193 -8.77959
v -5.68167 22.9885 -7.00998
v -5.73407 23.3202 -6.82643
v -5.77967 23.5727 -8.64873
v -5.73484 23.7416 -6.96823
v -5.48511 -19.5522 5.21004
v -5.39423 -19.0102 3.69468
v -5.44239 -18.9006 5.97773
v -5.51743 -18.6854 5.88559
v -5.57045 -18.0463 -7.85665
v -5.36413 -18.0506 6.01207
v -5.638 -16.6486 6.48441
v -5.57373 -15.4768 6.43051
v -5.55659 -14.7035 -11.85
v -5.54654 -14.232 6.34114
v -5.36572 -12.861 1.71556
v -5.54316 -12.9882 6.23333
v -5.57256 -12.0229 3.17691
v -5.54948 -12.1653 3.2778
v -5.52188 -11.6315 3.12959
v -5.42526 -11.7528 3.3207
v -5.57697 -11.8206 6.10321
v -5.50464 -11.3018 3.13466
v -5.4033 -11.1666 3.29964
v -5.50608 -10.7571 3.1943
v -5.4828 -10.7611 3.41876
v -5.6606 -10.8042 5.94693
v -5.41773 -10.2794 3.40099
v -5.55057 -10.3309 3.56488
v -5.41405 -10.1116 5.22052
v -5.42153 -10.0139 3.62642
v -5.42202 -9.84148 3.85855
v -5.33818 -9.66352 4.05286
v -5.33296 -9.94922 5.23986
v -5.34404 -9.75546 5.2867
v -5.60192 -9.4642 4.0477
v -5.49435 -9.33123 5.12248
v -5.39296 2.13325 -11.6825
v -5.47127 1.95752 -9.64076
v -5.6203 1.96837 -9.04444
v -5.61947 2.22817 -8.83813
v -5.57973 2.55578 -8.81987
v -5.60846 2.76359 -8.78654
v -5.47373 3.45562 -12.9534
v -5.34387 3.55273 -9.34818
v -5.39139 3.95058 -13.0188
v -5.37961 4.0767 -11.0332
v -5.37254 3.77652 -9.23043
v -5.49826 3.92154 -9.16459
v -5.52626 4.3473 -12.874
v -5.3989 4.33627 -10.1146
v -5.39353 4.47787 -9.73115
v -5.56214 4.33611 -8.48989
v -5.60622 4.68792 -12.8735
v -5.63023 4.87065 -10.18
v -5.46253 5.17662 -12.2558
v -5.66508 5.29232 -11.4571
v -5.56147 5.15897 -10.8561
v -5.3351 6.4251 -8.72259
v -5.40267 6.43363 -7.92023
v -5.38018 6.47632 -7.50314
v -5.48841 6.43363 -7.06543
v -5.59159 6.4251 -6.16538
v -5.53338 7.09133 1.23525
v -5.33386 7.54265 -11.7604
v -5.43745 15.6457 0.175896
v -5.61964 17.358 -8.01035
v -5.50878 17.2734 -7.77323
v -5.32494 17.4069 -7.5053
v -5.60559 18.1692 -8.35178
v -5.3301 18.4441 -8.32701
v -5.51454 18.3689 -7.2462
v -5.46173 19.9834 -7.09026
v -5.46799 21.4053 -8.92325
v -5.58111 21.3486 -7.3076
v -5.54246 22.4354 -8.9404
v -5.60588 22.3691 -7.36612
v -5.65592 22.9699 -8.86679
v -5.66537 23.9852 -8.44648
v -5.58259 24.1586 -8.28607
v -5.54817 24.2294 -7.96947
v -5.53868 24.2521 -7.83494
v -5.52959 24.2877 -7.51305
v -5.60005 24.1583 -7.30581
v -5.30121 -19.5529 5.52351
v -5.32319 -19.3871 5.71346
v -5.01775 -19.0199 5.717
v -5.21813 -18.7403 -5.29605
v -5.2365 -18.6287 6.09231
v -5.22204 -17.9228 -9.07525
v -5.31102 -18.2392 2.4467
v -5.08129 -17.639 -9.84914
v -5.02684 -17.6861 6.16138
v -5.30711 -16.7844 5.94554
v -5.28138 -15.0681 5.81325
v -5.24779 -12.827 5.6405
v -5.28614 -11.9523 3.21357
v -5.26938 -12.0511 3.28606
v -5.30733 -11.7152 3.1035
v -5.29132 -11.3051 3.09136
v -5.25026 -11.0165 3.18275
v -5.2124 -10.7923 3.2712
v -5.25355 -10.8073 5.4554
v -5.24564 -10.4796 3.02762
v -5.14505 -10.438 3.42884
v -5.25454 -10.383 3.64599
v -4.98302 -10.4344 4.94438
v -5.05974 -10.2386 5.49206
v -5.12525 -9.90114 3.67302
v -5.15735 -10.0296 3.86802
v -5.05313 -9.83099 4.10983
v -4.99762 -9.68871 4.83164
v -5.24963 -9.85698 5.28194
v -5.16121 -9.90496 5.36982
v -5.19429 -9.49707 3.91436
v -5.14335 -9.42351 4.19047
v -5.16855 -9.45184 4.39992
v -5.09726 -9.5143 4.65599
v -5.15088 -9.49451 4.97095
v -5.29158 -8.1752 -0.177781
v -5.26085 2.10186 -11.0888
v -5.30007 2.04629 -10.3969
v -5.05586 2.5586 -9.97575
v -5.28275 2.39289 -9.46437
v -5.18049 2.65668 -9.41642
v -5.21161 3.03027 -12.4546
v -5.123 2.99657 -9.40822
v -5.12708 3.40217 -12.1179
v -5.21724 3.32247 -9.37641
v -4.98566 3.91121 -10.0605
v -5.02619 4.50244 -12.492
v -5.06369 4.27515 -9.89428
v -5.03091 4.73681 -12.5223
v -5.14607 4.84088 -10.4545
v -5.18349 5.04689 -12.4347
v -5.12071 5.23522 -11.7763
v -5.03579 5.10769 -11.1551
v -5.03384 6.04861 0.170838
v -5.1804 6.45519 -9.75375
v -5.02719 17.3992 -7.71953
v -5.00475 17.3781 -7.60401
v -5.1142 17.494 -7.78765
v -5.10758 17.6313 -7.40948
v -5.06078 18.0877 -12.0836
v -5.10863 18.7713 -7.2362
v -5.28776 20.0154 -8.73351
v -5.19742 20.1338 -4.15397
v -4.99004 20.3036 -7.37694
v -5.04463 20.328 -7.05466
v -5.13233 20.3361 -6.25431
v -5.20072 20.2855 -5.20954
v -5.12535 22.6833 -8.91148
v -5.1048 22.8049 -7.00696
v -5.11019 23.8833 -8.52885
v -5.01008 24.1003 -7.23363
v -4.82243 -19.1054 4.39301
v -4.68115 -19.0975 5.37137
v -4.90651 -18.4494 5.51234
v -4.75302 -18.6537 5.57232
v -4.87302 -18.2443 -3.11232
v -4.80198 -18.1421 5.70331
v -4.68804 -17.4758 2.21348
v -4.66099 -16.8637 -11.2321
v -4.71538 -16.8803 5.62387
v -4.88158 -16.6604 6.11476
v -4.68894 -15.164 5.49216
v -4.77525 -15.5474 5.95992
v -4.72727 -14.5933 1.80866
v -4.72321 -14.379 5.80972
v -4.65443 -12.9228 5.32017
v -4.74465 -13.1872 5.77417
v -4.82238 -12.0395 5.75053
v -4.77287 -10.6464 5.00415
v -4.68842 -10.8987 5.14908
v -4.93751 -11.0034 5.63756
v -4.75059 -10.2626 4.9297
v -4.79638 -10.326 5.08493
v -4.96252 -9.74838 3.84745
v -4.92966 -9.74134 4.39484
v -4.81558 -9.79121 4.65213
v -4.82295 -9.92631 4.91786
v -4.77779 -9.96571 5.07233
v -4.90495 -9.64077 3.98121
v -4.8203 -9.54593 4.17802
v -4.79366 -9.42956 4.43808
v -4.79984 -9.3936 4.61915
v -4.76935 -9.53297 4.88823
v -4.94518 -2.85316 -0.822414
v -4.74212 1.54343 -2.308
v -4.86925 3.05984 -11.9916
v -4.76472 2.97604 -11.3875
v -4.84424 2.8032 -10.6982
v -4.83414 3.03325 -10.0984
v -4.93235 3.6254 -12.6169
v -4.76836 3.4988 -10.0892
v -4.83516 4.00677 -12.6738
v -4.91338 3.872 -10.0347
v -4.90647 4.36324 -12.6079
v -4.67099 4.52573 -12.0611
v -4.7134 4.25963 -10.7612
v -4.73924 4.55385 -10.6688
v -4.68814 4.78784 -12.0407
v -4.75347 4.97458 -11.3094
v -4.87072 4.71033 -10.5954
v -4.76524 4.78603 -5.32849
v -4.83648 5.10198 -11.9438
v -4.66415 5.53222 -4.34909
v -4.78017 5.6198 -1.99525
v -4.71849 6.70421 -11.4009
v -4.92584 6.54574 -10.7686
v -4.80231 8.80755 3.6904
v -4.67707 8.81357 3.8036
v -4.91116 9.54474 3.69781
v -4.73721 9.5224 3.84009
v -4.76304 9.64476 -13.4353
v -4.81864 10.2261 3.70712
v -4.69293 10.1882 3.82038
v -4.84757 10.9119 -13.6909
v -4.8709 12.161 -13.9103
v -4.64225 13.6465 -14.0188
v -4.96216 17.3765 -7.75745
v -4.77483 17.5956 -7.71001
v -4.79019 17.6834 -7.57769
v -4.87099 17.8662 -7.39978
v -4.79739 17.8944 -7.84633
v -4.96618 18.8093 -8.27304
v -4.65997 19.2206 -7.17844
v -4.7988 20.1189 -9.71543
v -4.75038 19.8377 -2.7912
v -4.81881 20.4003 -8.6892
v -4.97035 20.301 -7.87605
v -4.95989 20.2799 -7.48774
v -4.81656 20.5897 -7.05884
v -4.87176 21.7921 -8.93417
v -4.90079 21.8598 -7.16719
v -4.83417 23.1104 -8.76836
v -4.84244 23.2333 -6.72075
v -4.85522 24.0836 -8.3068
v -4.81712 24.1703 -7.99349
v -4.80365 24.1969 -7.85953
v -4.77968 24.2345 -7.53803
v -4.38404 -18.8912 -6.49293
v -4.58464 -19.1384 4.93642
v -4.61898 -18.6414 5.68541
v -4.42474 -18.3014 3.32601
v -4.34115 -18.0183 5.06435
v -4.51549 -18.3091 5.76064
v -4.36405 -17.569 5.77585
v -4.47366 -16.3382 2.02087
v -4.31634 -11.6414 2.79598
v -4.4024 -10.5966 5.16412
v -4.5029 -10.3473 4.97672
v -4.48918 -10.2778 5.04438
v -4.61635 -10.0243 3.76316
v -4.40338 -9.97794 4.26986
v -4.51842 -9.91089 4.68415
v -4.50052 -9.86544 4.91251
v -4.59351 -9.59401 4.69283
v -4.49436 3.56231 -11.5214
v -4.59654 3.34081 -10.821
v -4.53541 3.85997 -12.1633
v -4.3974 3.93838 -11.552
v -4.53951 3.90745 -10.8146
v -4.52305 4.36532 -12.1515
v -4.47983 4.29434 -11.5036
v -4.61835 4.48423 -11.45
v -4.60457 4.73482 -11.4041
v -4.34592 5.51296 -7.81423
v -4.3461 5.5426 -7.48648
v -4.32894 5.56896 -7.36868
v -4.43382 5.51296 -6.93791
v -4.54151 5.50309 -5.97312
v -4.45609 7.83438 3.31282
v -4.46078 8.00633 3.66982
v -4.34565 8.03686 3.78212
v -4.55886 8.36828 -13.0454
v -4.47106 9.09951 3.60285
v -4.52525 8.81073 3.92571
v -4.59228 9.49385 3.96729
v -4.33787 9.38164 4.30699
v -4.38023 10.3114 3.48802
v -4.56631 10.1507 3.90684
v -4.48228 10.1245 4.01355
v -4.3372 10.7093 2.45737
v -4.31337 10.7327 2.53736
v -4.59457 10.8789 3.69336
v -4.37351 10.7844 3.89962
v -4.36945 11.2332 2.44842
v -4.36291 11.233 2.53583
v -4.36004 11.6884 2.44478
v -4.34149 11.6761 2.53773
v -4.52542 17.8051 -7.67408
v -4.57478 17.8171 -7.56354
v -4.55822 17.6523 -0.270498
v -4.56452 18.1294 -7.79843
v -4.39362 18.0634 -7.5279
v -4.30985 18.3852 -7.75801
v -4.35443 18.3774 -7.39541
v -4.55548 19.2206 -8.22017
v -4.62499 19.8429 -10.7384
v -4.51635 22.0361 -8.98596
v -4.45047 22.3195 -6.78555
v -4.37827 23.5648 -8.53503
v -4.59301 23.5913 -6.86332
v -3.99388 -18.71 -7.7481
v -4.13402 -18.2128 5.16893
v -3.94969 -17.9293 5.29129
v -4.01782 -17.0102 5.12815
v -4.20781 -16.5998 5.69033
v -3.98928 -15.2938 4.99818
v -4.08627 -15.58 5.46644
v -4.02435 -14.5155 5.27893
v -4.05567 -13.4124 5.29783
v -3.952 -13.0525 4.82846
v -4.1501 -12.3324 5.35638
v -4.21498 -11.1072 4.55057
v -4.27774 -11.3377 5.28982
v -4.04317 -10.9704 4.60819
v -4.09552 4.05484 -3.72917
v -4.1514 4.78635 -11.4435
v -4.05456 5.20053 -8.45249
v -4.22266 5.20049 -6.7772
v -3.96709 5.33938 0.832772
v -4.12926 5.53891 -9.64832
v -4.27638 5.50309 -8.61639
v -4.25623 6.45254 2.4274
v -4.16535 7.08784 -12.4215
v -3.98774 7.24412 3.64098
v -4.20986 8.06405 3.89767
v -4.00754 7.94068 4.12654
v -3.95739 8.61777 2.98639
v -4.26785 8.67746 4.26293
v -4.07749 8.90802 2.95575
v -4.08136 8.90225 3.03902
v -4.07027 10.038 2.45293
v -4.00138 9.98405 2.5249
v -4.23811 10.0486 4.31468
v -4.16513 10.2452 2.46194
v -4.10973 10.2607 2.51571
v -4.24339 10.6681 2.46139
v -4.27714 10.5693 2.55597
v -4.18266 10.7997 3.94189
v -4.21467 10.804 4.03822
v -3.98904 10.6736 4.34197
v -4.27021 11.232 2.48006
v -4.04102 11.1479 3.93935
v -4.05409 11.0313 4.03815
v -4.26363 11.6696 2.48048
v -4.24892 11.5296 3.16021
v -4.12586 11.4628 3.72209
v -3.95073 12.9898 2.75337
v -4.02398 15.6375 -13.947
v -4.1326 18.2734 -7.51217
v -4.04377 18.6514 -7.72663
v -4.05669 18.4861 -7.48456
v -4.08036 18.6516 -7.36308
v -3.96354 19.416 -11.9105
v -4.14247 19.6319 -8.19041
v -4.20879 19.6699 -7.14594
v -4.23687 20.956 -8.73604
v -4.25214 21.1147 -6.95055
v -4.26093 22.2646 -8.96412
v -3.95426 22.6124 -8.77916
v -4.10205 22.7303 -6.51401
v -4.22127 23.7605 -8.29441
v -4.20292 23.8381 -7.92988
v -4.24411 23.8301 -7.20382
v -4.18102 23.8695 -8.00971
v -4.17292 23.8875 -7.84943
v -4.13473 23.922 -7.52799
v -3.67709 -18.5767 -9.00648
v -3.79354 -18.1289 -10.21
v -3.90361 -18.3485 4.05482
v -3.80981 -18.3465 4.68257
v -3.77179 -17.61 4.69573
v -3.63906 -17.6039 4.96681
v -3.83089 -17.2683 3.06151
v -3.6861 -17.1069 4.50103
v -3.82037 -17.3775 5.28646
v -3.67367 -16.6 5.19196
v -3.61373 -15.7652 2.88262
v -3.77425 -13.6465 2.77067
v -3.61257 -12.5651 4.88145
v -3.72553 -11.7378 4.2529
v -3.7344 -11.7556 4.85452
v -3.74474 -11.1972 3.55637
v -3.6721 -11.1257 4.15276
v -3.84299 -11.1951 4.77694
v -3.9085 -10.9487 4.66931
v -3.63872 1.55873 -13.1247
v -3.74652 4.89771 -1.59118
v -3.88876 5.20055 -10.1051
v -3.8973 5.64661 -10.6654
v -3.836 6.08122 -11.6102
v -3.8867 7.29795 3.75201
v -3.75828 7.3748 3.89953
v -3.74763 8.50999 2.95044
v -3.77478 8.55978 3.03612
v -3.69573 8.36548 4.89529
v -3.81975 8.70282 3.0002
v -3.70007 9.11549 5.03282
v -3.85878 9.77502 2.44161
v -3.84828 9.77018 2.52942
v -3.83556 11.2626 3.95942
v -3.75324 11.3137 4.05428
v -3.69922 11.4742 4.00488
v -3.61046 11.4598 4.01378
v -3.64626 14.0995 2.84125
v -3.72809 14.128 3.0852
v -3.67477 14.0962 3.34007
v -3.70732 14.4175 2.77969
v -3.76343 14.4342 3.03633
v -3.73704 14.4141 3.29962
v -3.6327 14.3607 3.52406
v -3.61882 14.751 2.68919
v -3.68326 14.7701 2.9839
v -3.65295 14.7471 3.28627
v -3.79467 18.6157 -7.47971
v -3.66929 18.6792 -7.40583
v -3.77676 18.9176 -7.70453
v -3.80532 18.9258 -7.34033
v -3.77885 19.9761 -8.21241
v -3.81006 20.0712 -7.07511
v -3.82076 21.2593 -8.87327
v -3.87241 21.5148 -6.64343
v -3.62597 21.4946 -5.0553
v -3.64938 21.3132 -4.01355
v -3.67994 22.9605 -8.51658
v -3.76338 23.058 -6.7193
v -3.51144 -19.0915 -4.89297
v -3.58017 -17.6526 4.81465
v -3.43651 -17.1823 3.8217
v -3.51304 -17.1711 4.50848
v -3.37297 -17.255 4.58415
v -3.45437 -17.2274 4.85408
v -3.40688 -16.6728 4.42609
v -3.32146 -16.6404 4.76312
v -3.42038 -15.751 4.30365
v -3.53991 -15.6617 4.99804
v -3.29382 -15.5206 3.66383
v -3.44178 -15.4244 4.3758
v -3.26551 -15.0232 -12.9512
v -3.33814 -14.7267 4.20324
v -3.46675 -14.6264 4.83675
v -3.37977 -13.6849 4.15258
v -3.50713 -13.5581 4.83691
v -3.35042 -13.2774 3.5491
v -3.42559 -13.1825 4.22178
v -3.40145 -12.7746 4.13234
v -3.25502 -12.7064 4.46608
v -3.39451 -12.1848 4.17308
v -3.36735 -12.0859 4.46602
v -3.47005 -11.9139 -13.2327
v -3.51427 -11.6501 4.3858
v -3.48798 -7.72826 -13.3351
v -3.55758 -2.73834 -13.3801
v -3.32367 4.80568 -6.80491
v -3.43894 4.79558 -5.77596
v -3.58318 4.82109 -4.05736
v -3.45574 6.6483 3.64531
v -3.30522 6.78401 3.82897
v -3.35855 7.02299 4.0715
v -3.53821 7.60368 4.49115
v -3.42119 8.17305 2.96688
v -3.42806 8.19077 3.05294
v -3.4712 8.36227 2.98355
v -3.56803 9.84284 5.04456
v -3.31637 10.5367 5.07131
v -3.5846 11.405 4.01637
v -3.57459 11.2452 4.33247
v -3.3928 11.6396 3.96207
v -3.42658 11.5898 4.05942
v -3.4222 11.9821 3.73785
v -3.36876 11.922 3.8155
v -3.41323 14.0011 2.68667
v -3.47714 13.8366 3.1339
v -3.26378 13.909 3.5001
v -3.39855 14.0621 3.59196
v -3.33185 14.4486 2.38574
v -3.57841 14.3669 2.57409
v -3.40649 14.44 3.69167
v -3.38623 14.8776 2.42696
v -3.43982 15.0595 2.65516
v -3.50144 15.0778 2.93699
v -3.47245 15.0557 3.22614
v -3.35787 14.9971 3.47261
v -3.53313 14.6858 3.544
v -3.52069 19.1676 -7.70404
v -3.43348 19.0326 -7.46513
v -3.42696 19.0466 -7.37109
v -3.28847 19.3842 -7.73571
v -3.30245 19.4327 -7.24202
v -3.48691 19.3538 -0.824751
v -3.40674 20.2807 -8.32112
v -3.51283 20.3832 -6.89284
v -3.338 21.0141 -2.83356
v -3.25634 21.2015 -9.56067
v -3.34444 21.4149 -8.52257
v -3.39467 21.4967 -7.7174
v -3.40067 21.4874 -7.30179
v -3.46374 21.5442 -6.89609
v -3.39835 21.7166 -8.67254
v -3.56216 21.851 -6.44536
v -3.54869 21.555 -6.09547
v -3.54114 23.1722 -8.24417
v -3.49822 23.274 -8.01834
v -3.50977 23.3008 -7.83727
v -3.4509 23.3373 -7.47828
v -3.52727 23.262 -7.13157
v -3.17447 -16.5562 -0.623014
v -3.21329 -16.7021 4.53917
v -3.14781 -15.8194 4.34855
v -3.18293 -15.753 4.62645
v -3.10101 -14.7466 4.2068
v -3.04479 -14.723 4.40976
v -3.1073 -13.6522 4.18826
v -3.14692 -13.634 4.46665
v -3.1921 -13.1267 0.661507
v -3.16667 -12.7193 4.19617
v -2.91984 -8.24071 1.2137
v -3.21172 4.05627 -12.5231
v -3.02697 4.83617 -9.53776
v -3.16521 4.79558 -8.50494
v -3.23363 4.80568 -7.70266
v -3.21529 4.85619 -7.286
v -3.21361 5.2514 -5.10424
v -2.91418 6.10625 3.56523
v -2.93898 7.75452 2.9745
v -3.13607 7.99202 2.92894
v -3.08841 7.94822 3.0283
v -3.03987 9.93463 3.69391
v -3.04008 9.91941 3.90578
v -3.05366 9.89665 4.13267
v -2.9697 9.88025 4.36847
v -3.01532 10.0914 3.84407
v -2.93415 11.1863 4.97168
v -3.06848 11.8237 3.9683
v -3.11359 11.793 4.06194
v -2.93162 11.973 3.99237
v -3.20006 14.2034 2.44322
v -3.01605 14.1188 2.54058
v -3.17424 13.8912 2.81312
v -3.08745 13.8425 3.13692
v -3.03925 13.9561 3.43459
v -3.07932 14.1116 3.64763
v -3.0363 14.5052 2.30279
v -3.11974 14.4956 3.76273
v -3.1012 14.9208 2.29867
v -3.07002 14.8637 3.65778
v -2.93666 15.1813 2.40492
v -3.14595 15.268 2.59527
v -3.05485 15.3717 2.85426
v -3.03148 15.3539 3.08732
v -3.06676 15.2077 3.3852
v -3.23699 17.5644 -13.7305
v -3.2291 19.1432 -7.52017
v -3.23077 19.129 -7.36602
v -3.06725 19.5946 -7.75306
v -3.02691 19.4073 -7.49576
v -3.02958 19.4438 -7.32384
v -3.13447 20.8016 -10.5889
v -3.02736 20.6813 -8.19709
v -2.96423 20.9215 -6.9342
v -3.24891 20.6551 -6.78193
v -3.11458 22.0941 -8.36627
v -2.97549 22.2999 -8.101
v -2.96946 22.4163 -7.78885
v -2.91186 22.4425 -7.62798
v -2.98895 22.3643 -7.09266
v -3.23227 22.157 -6.68163
v -2.82052 -19.1754 -6.34547
v -2.72139 -17.1595 -11.9234
v -2.66712 -2.55591 0.34248
v -2.60891 4.43529 -1.37695
v -2.82142 4.95812 -10.5575
v -2.79068 4.87251 1.17098
v -2.62554 5.33979 -11.5656
v -2.60462 5.60772 -8.36939
v -2.77316 5.60772 -6.68921
v -2.88715 5.97195 3.06034
v -2.84743 6.19418 3.67695
v -2.75298 6.33295 3.82453
v -2.70602 6.50517 -12.8009
v -2.779 6.59909 4.17214
v -2.85396 7.19585 4.85959
v -2.66314 7.65217 2.92997
v -2.59822 7.62689 3.01329
v -2.8629 7.33534 4.25925
v -2.73556 7.83805 -13.8295
v -2.85277 7.83014 2.96518
v -2.8755 7.78594 3.03477
v -2.89322 7.98404 5.54277
v -2.71498 8.57345 4.73259
v -2.66292 9.09201 -14.4637
v -2.82296 8.77964 5.81222
v -2.59287 9.59802 4.61407
v -2.65556 9.56779 5.85403
v -2.87514 9.94439 3.87566
v -2.84678 9.88738 4.159
v -2.72477 9.78796 4.37916
v -2.70664 9.78574 4.62238
v -2.90259 10.0881 3.73781
v -2.84714 11.8635 4.00084
v -2.6606 12.1121 3.91564
v -2.64776 12.0777 4.05032
v -2.62386 12.3995 3.7416
v -2.87876 14.0519 2.73033
v -2.81193 14.0144 2.97964
v -2.82712 14.0126 3.24541
v -2.82498 14.408 2.4146
v -2.66732 14.3312 2.6325
v -2.59058 14.2881 2.9188
v -2.60803 14.2861 3.22401
v -2.64685 14.4891 3.46072
v -2.89764 14.3997 3.68591
v -2.73437 14.9238 2.38782
v -2.74534 15.063 3.45697
v -2.75016 14.7235 3.60831
v -2.75233 15.3207 2.63943
v -2.71364 15.3762 2.89768
v -2.69934 15.2804 3.16799
v -2.64776 16.9951 1.86541
v -2.81119 19.6173 -7.4935
v -2.79902 19.581 -7.38215
v -2.84078 19.8292 -7.71204
v -2.67104 20.1 -7.50924
v -2.74482 19.9784 -7.31798
v -2.66383 20.2613 -11.6901
v -2.73668 20.2296 -7.7385
v -2.71269 20.1715 -7.47302
v -2.72687 20.2903 -7.28764
v -2.79532 20.9737 -7.99481
v -2.68544 21.1424 -7.76745
v -2.71227 21.2179 -7.58331
v -2.70794 21.1495 -7.28299
v -2.90485 22.4382 -7.41238
v -2.24125 -18.8503 -8.90457
v -2.50496 -18.9882 -7.62276
v -2.2407 -18.3996 -10.338
v -2.50157 -18.4588 -2.56529
v -2.47185 2.01824 -1.63778
v -2.25351 4.33107 -5.6282
v -2.41119 4.35711 -3.8787
v -2.43757 5.60773 -10.0347
v -2.32065 7.52144 2.94864
v -2.30248 7.49969 3.03179
v -2.36526 9.55439 4.69323
v -2.33123 9.57694 4.89231
v -2.44622 9.72795 4.50619
v -2.42313 9.75237 4.61985
v -2.38173 9.76233 4.81779
v -2.54097 10.3064 -14.8776
v -2.4034 10.3336 5.85431
v -2.23536 10.9283 4.21554
v -2.4087 11.5165 -15.2436
v -2.4104 11.7809 4.60427
v -2.37332 12.1922 3.9628
v -2.42316 12.1224 4.06539
v -2.5299 14.6581 2.60094
v -2.45652 14.6168 2.87473
v -2.4732 14.6149 3.1666
v -2.49026 14.976 2.64112
v -2.43292 14.9438 2.85506
v -2.44595 14.9423 3.08312
v -2.52711 14.9718 3.28588
v -2.53671 15.218 2.86575
v -2.38431 18.8249 -13.3927
v -2.41049 20.6002 -1.37865
v -1.97691 4.33107 -8.38575
v -2.03728 4.3392 -7.58266
v -1.96277 4.38536 -7.18938
v -2.02728 4.36361 -7.07977
v -2.12804 4.3392 -6.67777
v -2.04827 4.44419 -3.39031
v -2.15301 5.76818 3.6565
v -2.0917 5.90188 3.78765
v -2.05182 6.01789 3.90323
v -2.05602 6.2624 4.25624
v -2.04727 6.86033 5.03874
v -2.00142 7.3001 2.93762
v -1.98888 7.3863 2.92617
v -1.96172 7.35493 3.01783
v -1.99606 7.65494 5.8552
v -1.8731 8.46769 6.27343
v -2.09069 9.56164 4.74931
v -2.00951 9.44688 4.89278
v -1.95865 9.5366 5.07021
v -2.06832 9.69645 4.92231
v -2.06068 11.0676 5.62628
v -1.98878 12.3181 3.9595
v -1.97264 12.2831 4.0786
v -2.02689 12.3781 4.02075
v -2.12538 12.9895 -15.4469
v -1.65715 -19.2218 -4.62874
v -1.71808 -8.08321 2.13929
v -1.736 -8.05161 2.31817
v -1.8297 -7.50742 2.11913
v -1.69743 -6.96592 1.94274
v -1.71535 -6.93432 2.12163
v -1.55573 -1.16684 0.577728
v -1.57218 -1.08993 0.742359
v -1.64428 -0.651378 0.327155
v -1.66073 -0.574467 0.491786
v -1.67375 4.50802 -10.4424
v -1.84891 4.37529 -9.41959
v -1.69715 4.19404 -1.28759
v -1.84779 4.62073 1.30225
v -1.80498 5.67611 3.32407
v -1.62806 7.25989 2.95338
v -1.64656 7.27544 3.03828
v -1.62861 6.99 4.67359
v -1.64697 7.35543 2.97317
v -1.70748 9.48577 4.9241
v -1.72045 9.47865 5.14058
v -1.68424 9.28394 6.39398
v -1.84714 9.65741 4.89453
v -1.66366 9.61874 5.07373
v -1.62163 11.7603 4.9832
v -1.86283 12.3613 3.66833
v -1.67289 12.3368 3.98464
v -1.79107 12.36 4.03758
v -1.87114 12.6781 3.73434
v -1.75016 12.4556 3.93002
v -1.69341 12.4013 4.04764
v -1.58426 15.0018 -15.3761
v -1.75327 18.7785 0.929699
v -1.52712 19.6259 -12.9469
v -1.82073 21.9015 -3.83508
v -1.76605 21.6073 -2.81584
v -1.52801 22.0947 -7.52965
v -1.54452 22.1006 -7.20017
v -1.54844 22.079 -7.08657
v -1.59547 22.1489 -6.70869
v -1.67743 22.1612 -5.90777
v -1.76538 22.0963 -4.86991
v -1.21558 -19.28 -6.18765
v -1.41405 -8.54484 2.34431
v -1.36694 -6.49616 1.89171
v -1.38485 -6.46456 2.07059
v -1.18362 -2.4349 -13.7716
v -1.2547 -1.60652 0.812818
v -1.27115 -1.52961 0.977448
v -1.50688 -0.13861 0.0992476
v -1.52332 -0.0616987 0.263879
v -1.2894 2.03064 -13.3494
v -1.3123 4.08209 -5.5452
v -1.4779 4.11006 -3.78899
v -1.31421 4.15322 -7.70194
v -1.44958 4.15322 -6.35231
v -1.2509 4.12393 -1.25123
v -1.34196 4.52637 1.3554
v -1.47587 4.98169 -11.5533
v -1.33631 5.46263 3.702
v -1.50516 5.52952 -4.93268
v -1.31425 5.58192 3.4127
v -1.30372 5.64143 3.86315
v -1.27948 5.78648 4.01593
v -1.26615 6.04489 -12.8501
v -1.24084 6.17055 -6.6283
v -1.25262 6.00233 4.33489
v -1.2843 7.22844 2.97103
v -1.28489 7.22774 3.05463
v -1.38523 8.19407 5.24583
v -1.37716 9.44389 4.96049
v -1.39167 9.41569 5.1394
v -1.19628 10.5095 5.64812
v -1.43535 10.0891 6.31734
v -1.28923 10.9208 5.21158
v -1.3196 10.7653 5.39113
v -1.30665 10.7803 5.65338
v -1.24634 10.7982 5.90733
v -1.22403 10.927 6.12097
v -1.37765 11.1922 5.17488
v -1.44858 11.2798 5.39806
v -1.45807 11.2401 5.67433
v -1.36902 11.2571 5.93421
v -1.24883 11.1313 6.08807
v -1.31429 11.4821 5.48869
v -1.37134 11.5474 5.68518
v -1.3328 11.5408 5.85295
v -1.3537 12.3653 4.01665
v -1.24787 12.2702 4.32572
v -1.35207 12.4684 3.97344
v -1.32169 12.4471 4.04589
v -1.30931 14.3087 3.27949
v -1.32277 21.3157 -10.4072
v -1.52378 21.2439 -1.82476
v -1.40553 21.7608 -9.37499
v -1.47786 22.0009 -8.3352
v -0.990314 -19.0901 -7.47913
v -0.852451 -17.2718 -12.0361
v -0.838189 -17.2655 4.88169
v -0.912528 -16.746 4.72651
v -0.886478 -16.6695 5.00744
v -0.972969 -15.8453 4.56678
v -0.993625 -15.7791 4.84613
v -1.06022 -15.1477 -13.2054
v -1.03328 -14.7692 4.44572
v -1.04648 -14.7289 4.71329
v -0.977229 -13.6776 4.402
v -0.993661 -13.6597 4.68271
v -0.919069 -12.7461 4.4217
v -0.886064 -12.7346 4.70377
v -1.13655 -12.0169 -13.5814
v -0.844335 -12.1875 4.4935
v -0.929421 -8.88283 2.35884
v -0.947336 -8.85122 2.53772
v -0.918386 -7.98549 1.88171
v -0.936302 -7.95389 2.0606
v -1.13224 -7.7073 -13.747
v -0.89333 -7.57282 1.70711
v -0.938101 -7.55057 1.8664
v -0.863619 -7.51036 2.0717
v -0.943168 -7.20813 1.8653
v -0.879564 -6.18545 1.88434
v -0.897481 -6.15385 2.06322
v -0.846188 -0.972648 0.409796
v -0.874016 -0.79183 0.119879
v -0.890465 -0.714919 0.28451
v -1.16442 0.293401 -0.0712984
v -1.18087 0.370311 0.0933326
v -1.03798 4.08209 -8.28017
v -1.04007 4.10045 -7.4277
v -1.11992 4.10045 -6.6316
v -0.912067 4.01266 -5.53927
v -0.968871 4.01863 -3.75221
v -1.08879 4.06494 -1.23287
v -1.12741 4.44505 -12.5656
v -0.917393 4.12831 -9.32187
v -0.85943 4.3444 1.40138
v -0.852434 5.52956 -11.4399
v -1.16487 5.52904 3.43105
v -0.903316 6.17054 -9.99325
v -1.07196 6.17055 -8.31187
v -1.00285 6.84402 4.81959
v -1.17235 6.58737 5.12523
v -0.91845 7.19569 2.96125
v -0.919033 7.19499 3.04485
v -1.14766 6.87659 4.80878
v -1.02613 7.35403 -14.0064
v -1.04438 7.36943 5.97574
v -0.879041 8.05818 5.4116
v -0.874433 8.17635 6.4752
v -1.06019 9.37331 4.93591
v -1.00888 9.35867 5.10816
v -0.897341 9.99186 5.71733
v -0.902297 9.95417 5.88689
v -0.869486 10.0257 6.13273
v -1.02432 10.4163 5.46441
v -1.04653 10.2544 5.64837
v -1.0438 10.2989 5.92058
v -0.970682 10.2971 6.19194
v -0.889438 10.3097 6.43445
v -1.05037 10.8536 5.20737
v -1.00999 10.6283 5.3289
v -1.14115 10.7183 6.00378
v -1.0959 10.7608 6.21166
v -0.952175 10.6404 6.3633
v -1.04216 11.1922 5.15536
v -1.03937 11.3932 5.38465
v -1.08169 11.3586 6.00213
v -0.993709 11.1063 6.13868
v -1.03246 11.4702 5.52509
v -1.02284 11.547 5.68963
v -0.996448 11.507 5.88649
v -1.10837 12.7947 3.74636
v -1.03812 12.5315 3.94894
v -1.0404 12.4788 4.05607
v -0.965105 16.942 -15.0744
v -0.891427 20.1753 -0.205729
v -1.13763 20.7588 -11.4219
v -0.791451 -18.9501 -8.77375
v -0.709126 -18.4991 -10.2816
v -0.609588 -17.6868 5.13701
v -0.587626 -17.2163 4.10753
v -0.687594 -17.2387 4.7981
v -0.775258 -17.2593 5.12288
v -0.502685 -17.4171 5.61932
v -0.66535 -16.6755 4.69785
v -0.626396 -16.6363 5.49769
v -0.696805 -15.7834 4.57692
v -0.717422 -15.6953 5.28123
v -0.693352 -15.5516 3.92473
v -0.689583 -15.4572 4.65193
v -0.755757 -14.7575 4.46234
v -0.755363 -14.6587 5.1088
v -0.703169 -13.7168 4.42114
v -0.714044 -13.5914 5.11715
v -0.584486 -13.186 1.07458
v -0.611365 -13.3101 3.82391
v -0.671138 -13.2153 4.49813
v -0.676384 -12.8071 4.40576
v -0.617903 -12.6008 5.18191
v -0.638944 -12.2269 4.42804
v -0.774932 -12.1168 4.72614
v -0.613158 -11.6815 4.60973
v -0.616549 -11.691 4.81084
v -0.491812 -11.7943 5.17984
v -0.658226 -8.25984 1.69865
v -0.6023 -8.26594 1.96259
v -0.620217 -8.23434 2.14148
v -0.756287 -7.45867 1.71054
v -0.737433 -7.55097 1.85923
v -0.655923 -7.51531 2.09443
v -0.590929 -7.50703 2.27635
v -0.699216 -6.99493 1.72718
v -0.59529 -6.88566 1.90423
v -0.583708 -2.47489 0.741632
v -0.78701 -1.90348 0.996634
v -0.803459 -1.82657 1.16126
v -0.754481 -1.15948 0.303937
v -0.695671 -1.19249 0.527341
v -0.634639 -0.744616 0.106958
v -0.61438 -0.695005 0.314018
v -0.53608 -0.617768 0.517586
v -0.634086 -0.319441 -0.0793474
v -0.736148 -0.350532 0.127919
v -0.669063 0.578885 -0.158518
v -0.685511 0.655796 0.00611264
v -0.5249 4.05897 -9.26965
v -0.586593 4.00999 -8.18927
v -0.636515 4.03266 -7.02733
v -0.740691 3.97891 -5.53348
v -0.723283 3.92176 -1.18991
v -0.766303 4.26707 -10.3477
v -0.53527 4.73023 -11.4581
v -0.736272 5.37732 3.43127
v -0.494632 5.41675 3.92382
v -0.497829 5.49488 3.97154
v -0.496867 5.56134 4.02258
v -0.643957 7.18843 2.9875
v -0.660018 7.18852 3.06954
v -0.743231 8.02328 5.42086
v -0.768538 8.57419 -14.6993
v -0.668353 8.99569 6.64827
v -0.577402 9.31357 4.50301
v -0.522064 9.46261 4.5494
v -0.557704 9.18975 5.33369
v -0.508982 9.75126 -15.1423
v -0.497231 9.72959 4.91832
v -0.512708 9.92127 5.07422
v -0.66978 9.92198 5.70599
v -0.690217 9.74578 5.915
v -0.669185 9.79893 6.16998
v -0.646282 9.92472 6.42173
v -0.571715 10.0093 6.6056
v -0.735012 10.4989 4.58344
v -0.526348 10.1938 5.21248
v -0.6834 10.3839 5.43528
v -0.713879 10.1432 5.57837
v -0.759429 10.317 6.50323
v -0.66339 10.1981 6.58753
v -0.627477 10.8115 5.2154
v -0.604429 10.7807 5.3491
v -0.712825 10.8794 6.2541
v -0.687444 10.6611 6.37357
v -0.677343 11.1931 5.20395
v -0.669971 11.2999 5.38658
v -0.747804 11.4267 5.57769
v -0.721665 11.3601 5.97569
v -0.698582 11.128 6.11562
v -0.497262 11.8543 4.93639
v -0.542041 11.7082 5.15658
v -0.534348 11.5479 5.30357
v -0.741242 11.4932 5.70878
v -0.733426 11.4943 5.83864
v -0.64461 12.4773 3.96338
v -0.645215 12.477 4.04698
v -0.640636 16.3877 2.71823
v -0.757293 20.1827 -12.4093
v -0.237486 -18.4858 -2.33819
v -0.178074 -18.3929 4.42858
v -0.394671 -18.3872 5.02519
v -0.197839 -18.2871 5.51992
v -0.331999 -18.1033 5.62146
v -0.441338 -17.6682 5.01985
v -0.29207 -17.5482 5.04026
v -0.47784 -17.1452 4.82291
v -0.277088 -17.0548 5.50343
v -0.441086 -16.598 -0.313862
v -0.201891 -16.6475 6.09223
v -0.165953 -16.4861 -0.366445
v -0.225066 -15.8056 3.22259
v -0.274845 -15.6255 5.84882
v -0.276398 -15.3381 5.37067
v -0.296518 -14.5599 5.65293
v -0.267747 -13.4575 5.67785
v -0.299808 -13.1646 0.995791
v -0.275495 -13.0963 5.1973
v -0.185033 -12.3797 5.75417
v -0.380991 -11.7777 4.58845
v -0.222894 -11.2391 3.90969
v -0.412421 -11.1645 4.47979
v -0.369043 -11.2365 5.12547
v -0.200973 -10.9577 4.95644
v -0.283064 -10.9919 5.03304
v -0.36348 -9.00071 2.43535
v -0.381395 -8.96911 2.61424
v -0.356796 -8.34359 1.60425
v -0.328289 -8.30909 2.09029
v -0.341856 -7.97513 2.09264
v -0.336841 -7.94526 2.28342
v -0.30584 -7.59498 1.87245
v -0.337247 -7.57416 2.14792
v -0.351982 -7.5561 2.31521
v -0.333597 -7.12971 2.07882
v -0.356528 -7.24579 2.24501
v -0.301307 -6.84928 1.8335
v -0.309516 -6.0811 1.92176
v -0.327432 -6.0495 2.10065
v -0.254745 -2.59486 0.634911
v -0.223876 -2.01251 1.10119
v -0.240323 -1.9356 1.26582
v -0.445381 -1.41788 0.454619
v -0.172036 -1.43394 0.589214
v -0.21728 -1.1549 0.373428
v -0.281516 -1.11307 0.564224
v -0.281521 -0.635546 0.365873
v -0.286017 -0.702449 0.548837
v -0.24959 -0.292644 -0.0974684
v -0.249251 -0.256917 0.0863007
v -0.236849 -0.316852 0.310421
v -0.387359 2.14656 -1.38764
v -0.355558 4.02509 -9.24839
v -0.422201 3.9505 -8.18419
v -0.189268 3.86258 -7.34236
v -0.26912 3.86258 -6.54626
v -0.317254 3.80389 -5.44539
v -0.488171 3.83335 -3.68971
v -0.270685 4.17528 -10.2847
v -0.209568 4.54491 -3.21908
v -0.487573 5.30256 3.82355
v -0.172079 5.74889 -12.753
v -0.488881 5.60274 4.09662
v -0.431768 5.80829 4.41916
v -0.283425 6.3672 5.21566
v -0.471311 6.66644 4.78966
v -0.289498 7.18413 3.08812
v -0.174942 7.85569 5.36723
v -0.385525 9.14161 5.35097
v -0.317094 9.45916 4.12455
v -0.337647 9.40736 4.67196
v -0.310697 9.57072 4.86524
v -0.471294 9.16267 5.33089
v -0.297816 9.58569 5.96033
v -0.31255 9.59911 6.08904
v -0.325015 9.66358 4.10333
v -0.324698 9.73089 4.70484
v -0.314848 9.85658 4.90902
v -0.348254 9.88458 5.1562
v -0.327653 9.90234 5.69272
v -0.343875 9.65739 5.86079
v -0.352518 9.67192 6.22539
v -0.334614 9.78121 6.43017
v -0.31027 9.9188 6.61656
v -0.179167 10.3304 4.68964
v -0.344088 10.2211 5.11748
v -0.324517 10.3738 5.39918
v -0.370338 10.1636 5.54831
v -0.322477 10.4176 6.48851
v -0.331947 10.171 6.61184
v -0.25456 10.9287 -15.5484
v -0.363197 10.7907 5.21966
v -0.363817 10.8127 5.43143
v -0.292172 10.8222 6.18706
v -0.319817 10.6736 6.34662
v -0.349959 11.2225 5.2197
v -0.36585 11.2421 5.42519
v -0.380687 11.3684 5.67408
v -0.386807 11.3396 5.93713
v -0.410921 11.1117 6.10898
v -0.32478 11.7527 4.97731
v -0.32385 11.7161 5.13248
v -0.347894 11.6358 5.36134
v -0.292397 11.9163 3.87167
v -0.273882 12.3418 4.04567
v -0.457503 12.1831 4.41658
v -0.345877 11.9446 4.93451
v -0.362373 11.9474 5.09899
v -0.28976 12.5488 3.93026
v -0.309823 12.4302 4.0673
v -0.372783 18.1776 -14.5774
v -0.251329 21.0752 -1.33829
v 0.134611 -19.296 -6.05222
v -0.0245561 -19.2412 -4.46499
v 0.140759 -18.5314 6.19534
v 0.0323159 -18.3483 -2.35862
v -0.0150451 -18.1408 5.50212
v -0.128429 -18.3074 5.65264
v -0.0673581 -17.6202 6.20691
v -0.0502711 -17.3133 3.44079
v 0.0930659 -16.6043 -0.260284
v -0.0419931 -13.6909 3.1451
v -0.0364941 -13.1926 1.12954
v -0.0237506 -11.0944 4.96357
v -0.127774 -11.0623 5.09356
v -0.0450681 -11.3882 5.71446
v 0.103303 -10.6503 5.61615
v 0.190191 -10.2325 5.48977
v 0.188653 -8.86476 2.65166
v -0.0343061 -8.27271 2.01956
v -0.0799831 -8.26673 1.75665
v 0.0696199 -8.16343 2.19661
v 0.0734773 -7.55224 1.9043
v 0.0304392 -7.53329 2.10193
v 0.0197589 -7.50891 2.28902
v -0.00937911 -6.92403 1.78231
v -0.0272951 -6.89242 1.9612
v 0.0466529 -2.4824 0.804862
v 0.122614 -1.42465 0.511591
v -0.0667777 -1.24337 0.382089
v -0.0719071 -1.13153 0.585116
v -0.0222608 -0.693252 0.124264
v 0.104417 -0.656896 0.374683
v -0.0121642 -0.682138 0.575354
v -0.00166711 -0.223067 -0.0913036
v -0.0675327 -0.307467 0.106448
v -0.0583235 -0.295786 0.305723
v -0.100538 -0.367276 0.471166
v -0.0962101 0.67438 -0.149134
v -0.112658 0.751291 0.0154966
v -0.0357461 2.04417 -1.50965
v 0.0713689 3.85187 -9.2227
v -0.0429261 3.80389 -8.18036
v 0.118374 3.7527 -7.55825
v -0.0170001 3.7527 -6.20862
v 0.1812 3.65522 -1.09709
v 0.0842669 4.06872 1.45935
v 0.149155 4.44984 -3.333
v -0.0348068 4.63208 -11.3875
v -0.0516651 5.59813 -4.8
v 0.119926 6.22431 -6.50438
v -0.0783191 7.11877 6.04756
v 0.149086 7.90232 6.47627
v 0.165581 8.99542 5.2974
v -0.116941 9.51894 4.13841
v -0.0941271 9.30782 4.55149
v 0.127605 9.34317 5.18315
v -0.0459271 9.59639 5.96539
v -0.125271 9.59232 6.053
v -0.145323 9.63557 4.12394
v 0.0285154 9.85354 5.70033
v 0.0810867 9.65771 5.89409
v 0.0384098 9.72181 6.17182
v 0.0151474 9.83687 6.4154
v 0.0301313 9.992 6.61554
v -0.0530531 10.2915 4.69403
v 0.100677 10.3228 5.43446
v -0.0643941 10.0782 5.57892
v 0.0229511 10.4232 6.46661
v 0.0396709 10.1852 6.59245
v -0.0467601 10.8229 5.21899
v -0.125877 10.5668 5.31168
v 0.0535912 10.8196 6.24538
v 0.0425909 10.6302 6.35091
v 0.0632879 11.2045 5.25948
v 0.00800789 11.0907 5.40102
v 0.0200759 11.2251 5.64616
v 0.00894589 11.2804 5.90759
v -0.0669366 11.0757 6.1076
v 0.0365109 12.3591 4.00057
v 0.0670362 12.3294 4.09257
v 0.0952539 12.3842 -15.7828
v 0.0687774 12.4169 4.08004
v 0.103956 18.2084 1.65644
v 0.15855 19.0589 -13.8012
v 0.0822689 22.002 -3.64419
v -0.0431751 21.6393 -2.55331
v 0.171488 22.1985 -4.67564
v 0.441313 -19.0593 -7.33086
v 0.398911 -19.1582 -6.02026
v 0.373467 -19.1757 -4.4339
v 0.312967 -19.1968 5.42774
v 0.321236 -19.1571 5.8732
v 0.292441 -18.4921 -2.28503
v 0.406698 -18.6477 6.07508
v 0.477488 -18.3598 3.8178
v 0.375326 -18.2038 6.22269
v 0.505449 -17.752 6.71637
v 0.30832 -16.9402 6.12784
v 0.374052 -16.723 6.642
v 0.311422 -15.2236 5.99379
v 0.302444 -15.6079 6.46931
v 0.283206 -14.4387 6.31196
v 0.315477 -12.982 5.81874
v 0.313261 -13.2475 6.28158
v 0.396042 -12.1017 6.27404
v 0.48759 -11.6987 3.2779
v 0.533043 -11.0686 6.18636
v 0.40489 -10.6728 5.44988
v 0.440828 -10.7529 5.59685
v 0.379694 -10.3339 5.44346
v 0.391395 -10.3374 5.63959
v 0.282927 -10.0338 4.73999
v 0.335775 -9.82756 5.20037
v 0.353514 -9.91743 5.39374
v 0.410296 -9.89117 5.58195
v 0.532865 -9.56005 4.98588
v 0.443184 -9.59807 5.11141
v 0.517248 -9.59083 5.42162
v 0.20657 -8.89636 2.47278
v 0.313574 -7.95024 2.05849
v 0.269832 -7.57616 1.912
v 0.256872 -7.54199 2.10654
v 0.306706 -7.20447 1.86319
v 0.288789 -7.17287 2.04208
v 0.247466 -6.18319 2.08772
v 0.348979 -1.91701 1.11058
v 0.33253 -1.8401 1.27521
v 0.541521 -1.0659 0.382707
v 0.416404 -1.15863 0.549309
v 0.362031 -0.740465 0.162875
v 0.321228 -0.725069 0.336094
v 0.296394 -0.687202 0.518609
v 0.407206 -0.293491 0.108238
v 0.458702 0.603805 0.0377401
v 0.284796 2.13856 -1.32022
v 0.437399 3.5607 -3.59298
v 0.2038 3.99585 -10.2504
v 0.44834 4.45523 -11.3595
v 0.478263 4.53672 -3.15009
v 0.371158 5.06098 3.38717
v 0.32833 5.23507 3.92683
v 0.285234 5.3911 4.04767
v 0.368548 5.63206 -12.6766
v 0.305433 5.49907 -4.88224
v 0.267064 5.51637 4.15617
v 0.360868 5.72123 4.48747
v 0.28913 6.22432 -8.18798
v 0.470216 6.11849 -6.5199
v 0.236978 7.00896 -13.8996
v 0.377801 8.70744 6.60081
v 0.265879 9.31728 5.01597
v 0.372095 9.36617 5.13694
v 0.399374 9.38493 5.33465
v 0.39624 9.89125 5.69032
v 0.366325 9.80685 5.91529
v 0.362747 9.92935 6.18468
v 0.299771 10.0126 6.43008
v 0.429598 10.2577 5.45261
v 0.218691 10.1148 5.54324
v 0.389384 10.2631 6.47599
v 0.233954 10.1577 6.57411
v 0.351571 10.7604 5.24765
v 0.36883 10.845 5.35214
v 0.406139 10.8405 6.2146
v 0.30602 10.6134 6.34582
v 0.413257 11.0147 5.51566
v 0.421758 11.1094 5.68835
v 0.411567 11.1868 5.9159
v 0.32752 11.0728 6.07756
v 0.368084 11.7151 3.91786
v 0.357121 12.2771 4.10953
v 0.363731 11.989 4.49702
v 0.518943 12.3848 4.02551
v 0.281846 13.8593 3.42767
v 0.531763 21.8628 -9.18065
v 0.470451 22.1036 -8.13967
v 0.420009 22.1962 -7.33389
v 0.403025 22.1696 -6.94625
v 0.389302 22.2094 -6.83737
v 0.352496 22.2503 -6.5133
v 0.270728 22.264 -5.71236
v 0.664057 -19.3023 -5.99912
v 0.88206 -19.461 6.33594
v 0.660646 -18.9674 -8.6281
v 0.794722 -19.1114 -7.30008
v 0.653999 -19.1706 4.94238
v 0.58261 -19.0866 6.27881
v 0.788677 -18.8739 6.66476
v 0.811579 -18.5172 -10.1291
v 0.657485 -18.5255 6.71556
v 0.865088 -18.1248 6.63695
v 0.824524 -16.8574 6.56064
v 0.787911 -16.4009 2.5487
v 0.828439 -15.1409 6.42616
v 0.833552 -12.8994 6.25055
v 0.879314 -10.8804 6.07062
v 0.716259 -10.5023 5.51613
v 0.645462 -10.3143 5.59133
v 0.682998 -10.307 6.06816
v 0.592214 -10.0864 4.28567
v 0.832358 -9.70915 4.55677
v 0.805444 -9.81476 4.92289
v 0.636427 -9.84154 5.16126
v 0.75718 -9.76416 5.40486
v 0.625437 -9.98894 5.57022
v 0.807279 -9.97609 5.96857
v 0.750028 -9.63469 4.67583
v 0.702106 -9.50608 4.88447
v 0.748361 -9.44124 5.1746
v 0.726787 -9.49084 5.35701
v 0.877091 -9.56635 5.57564
v 0.693941 -8.58565 2.46541
v 0.676024 -8.55405 2.6443
v 0.732098 -6.52117 2.10225
v 0.714181 -6.48957 2.28113
v 0.836114 -1.59307 1.10567
v 0.565948 -0.551786 0.143468
v 0.5845 -0.672332 0.336745
v 0.797868 3.54654 -7.29829
v 0.726244 3.59861 -6.97771
v 0.708959 3.5986 -6.80531
v 0.707107 3.54654 -6.39339
v 0.614697 3.52917 -5.34051
v 0.665818 3.66793 -6.8967
v 0.639241 5.5899 -4.7307
v 0.80336 6.23777 -9.8402
v 0.634117 6.17607 -8.15345
v 0.810613 6.21609 -6.4351
v 0.816747 6.30657 4.62834
v 0.596478 6.23113 5.20721
v 0.774406 6.888 -13.8178
v 0.656539 7.23267 3.18255
v 0.657832 7.24798 3.26944
v 0.671303 7.3278 3.20572
v 0.598858 8.19822 -14.5657
v 0.755793 9.47212 5.17202
v 0.7404 9.45552 5.35681
v 0.586836 9.52369 6.52018
v 0.716268 10.009 5.65063
v 0.666241 9.99765 5.89208
v 0.563963 10.0311 6.09836
v 0.560929 10.1366 4.71343
v 0.698642 10.2888 5.42479
v 0.797411 10.1337 5.98218
v 0.727467 10.2049 6.18995
v 0.67956 10.3375 6.38431
v 0.701721 10.6614 5.27523
v 0.734 10.7552 5.36576
v 0.774708 10.9429 5.62751
v 0.725454 10.8141 6.2093
v 0.694769 10.5957 6.33106
v 0.781458 11.018 5.7646
v 0.768475 11.0727 5.92475
v 0.6858 11.0156 6.08213
v 0.558176 12.4929 3.92846
v 0.865333 13.6827 3.45195
v 0.623843 14.4 -15.7125
v 0.794639 19.6726 0.32397
v 0.571992 19.9428 -12.6641
v 0.601003 20.7726 -11.3446
v 0.58131 21.4159 -10.2162
v 1.14046 -19.6311 5.87468
v 0.897959 -19.6267 6.14538
v 1.18778 -19.5526 6.57235
v 0.963386 -18.9331 6.59865
v 1.08294 -18.6815 6.52813
v 0.957873 -17.5431 2.77986
v 1.15223 -17.7555 7.178
v 0.9854 -17.2937 -11.8518
v 1.22971 -16.8032 6.8044
v 1.04199 -16.7282 7.15452
v 1.10403 -15.1734 -13.0167
v 0.991649 -15.555 7.08913
v 1.23336 -15.0914 6.67043
v 1.08151 -14.6626 2.39138
v 0.984819 -14.3098 6.99635
v 1.00499 -13.0662 6.89022
v 1.15037 -12.0441 -13.4526
v 1.0659 -11.8998 6.7696
v 1.21013 -10.6324 4.01344
v 1.1806 -10.8858 6.63322
v 1.10647 -10.2797 4.16324
v 1.17207 -10.2613 4.39495
v 1.08439 -10.189 5.87243
v 0.955454 -9.89355 4.37915
v 0.989606 -9.94728 4.65748
v 1.16169 -9.66871 4.83015
v 0.972021 -9.92874 5.89958
v 1.17364 -9.63077 4.48488
v 1.04165 -9.47469 4.67566
v 0.999134 -9.50537 4.90081
v 1.0191 -9.57002 5.10095
v 1.18389 -9.41082 5.7924
v 1.02444 -8.11589 2.41437
v 1.00652 -8.08429 2.59326
v 1.17605 -7.70534 -13.6723
v 1.14774 -7.55859 2.32743
v 1.12983 -7.52699 2.50632
v 1.04509 -6.9986 2.21783
v 1.02717 -6.967 2.39671
v 1.18191 -2.34167 -13.6859
v 1.18679 -1.19952 0.852812
v 1.17034 -1.12261 1.01744
v 1.2192 -0.0943787 0.538963
v 0.934611 0.268389 0.139242
v 0.918162 0.3453 0.303873
v 1.13593 2.17825 -13.1896
v 0.996875 3.57966 -9.13414
v 0.891287 3.52917 -8.09805
v 1.10548 3.731 -10.1636
v 1.05697 4.56422 -12.3826
v 0.895973 5.45028 -12.6459
v 1.05212 5.38799 4.09747
v 0.94762 5.61427 -11.2836
v 0.964346 5.57172 4.22886
v 1.01507 5.70675 4.41538
v 0.979162 6.21611 -8.11877
v 0.918639 6.84042 -13.8127
v 1.01245 7.28268 3.21453
v 0.970907 7.31998 3.312
v 0.898948 6.92374 5.92581
v 1.01953 7.36247 3.22718
v 1.03049 7.33313 3.29565
v 1.22876 7.47085 5.12817
v 1.18951 7.65774 6.21774
v 1.16427 8.06403 -14.4715
v 0.934487 9.35237 -14.9815
v 1.07071 9.42013 5.18384
v 1.03355 9.42911 5.36311
v 1.0731 9.62262 5.18744
v 1.09266 9.63823 5.30607
v 1.05854 10.3309 5.41311
v 1.07435 10.1909 5.66282
v 1.10618 10.3272 5.92456
v 1.05806 10.4181 6.16223
v 0.927537 10.4588 6.32156
v 1.0897 10.652 5.40833
v 1.09378 10.8098 5.63732
v 1.09787 10.9478 5.90538
v 1.09058 10.7434 6.18265
v 0.948385 10.5889 6.30411
v 1.00276 11.131 5.34467
v 1.03799 10.9966 5.99235
v 1.0332 11.5457 4.00463
v 1.16675 11.729 4.5795
v 1.00535 12.0769 4.16309
v 1.21492 11.978 4.26938
v 0.985149 13.6446 3.45255
v 0.919809 15.9406 2.86746
v 1.16337 16.3462 -15.3882
v 1.57604 -19.587 5.48355
v 1.4222 -19.7394 6.45515
v 1.35325 -19.0906 4.37155
v 1.47632 -18.9253 6.96781
v 1.4351 -18.8452 7.11513
v 1.29328 -18.5052 7.16324
v 1.52083 -18.3206 3.13204
v 1.38912 -18.0376 6.91064
v 1.51943 -16.7672 6.8953
v 1.52228 -15.0695 6.76284
v 1.23777 -12.855 6.49559
v 1.5246 -12.8485 6.59029
v 1.34377 -12.0632 3.90309
v 1.41131 -11.6607 3.7374
v 1.48248 -11.7057 3.89456
v 1.45167 -11.895 4.05259
v 1.39975 -11.4712 3.74136
v 1.41095 -11.2686 3.88557
v 1.40175 -11.0331 4.06314
v 1.41034 -10.7973 3.9337
v 1.30758 -10.6863 4.20059
v 1.39899 -10.8548 6.35139
v 1.35428 -10.5583 3.68969
v 1.44909 -10.3612 4.08985
v 1.51142 -10.3018 4.32723
v 1.49419 -10.1769 6.21088
v 1.45352 -10.1655 6.4645
v 1.34079 -10.0024 4.24555
v 1.33144 -9.89412 4.42136
v 1.28326 -9.7955 4.6544
v 1.34469 -9.88956 6.26083
v 1.4477 -9.84474 6.44085
v 1.50255 -9.54887 4.76038
v 1.40054 -9.27893 5.66059
v 1.48975 -9.4406 6.14132
v 1.46751 -9.48208 6.42026
v 1.3242 -0.68675 0.624904
v 1.30775 -0.60984 0.789535
v 1.23565 -0.17129 0.374332
v 1.41015 3.456 -1.07395
v 1.37093 3.84697 1.36819
v 1.38328 4.18232 -11.2665
v 1.44434 6.21048 4.99702
v 1.39903 6.68407 -13.7831
v 1.30228 8.01951 -14.4682
v 1.43671 8.42358 6.26756
v 1.51973 9.20794 -14.8761
v 1.36358 9.49184 5.13593
v 1.40843 9.55879 5.32778
v 1.54183 9.62853 5.00524
v 1.39644 9.70072 5.15343
v 1.26678 10.5065 -15.3775
v 1.3135 10.4112 5.451
v 1.34852 10.4311 5.65817
v 1.32446 10.497 5.89034
v 1.34057 10.5567 5.48487
v 1.3321 10.6701 5.68661
v 1.35917 10.7263 5.91861
v 1.3209 10.7361 6.11245
v 1.54015 11.8378 4.2341
v 1.54293 11.8695 4.30175
v 1.40261 12.2562 3.97672
v 1.30615 12.0241 4.17721
v 1.53023 15.7478 2.88553
v 1.56178 17.7705 1.80786
v 1.29965 20.6831 -1.04951
v 1.75846 -19.7315 6.24386
v 1.81303 -19.6455 6.70298
v 1.75178 -19.3761 6.88615
v 1.78258 -19.0183 6.92517
v 1.79996 -18.8898 7.1571
v 1.71622 -18.7463 6.94859
v 1.64387 -17.9764 6.94016
v 1.67232 -18.0085 7.15759
v 1.79978 -17.5727 7.62486
v 1.63675 -16.7557 6.83115
v 1.6321 -16.7483 7.08173
v 1.73448 -16.5277 7.63878
v 1.77451 -15.3793 7.65234
v 1.63857 -15.0769 6.70069
v 1.63575 -15.0365 6.94776
v 1.82413 -14.1892 7.61194
v 1.7286 -12.9455 2.42722
v 1.63815 -12.8762 6.5312
v 1.78735 -13.0189 7.4636
v 1.64015 -12.8001 6.77292
v 1.64185 -12.1042 3.90135
v 1.68135 -12.105 4.07285
v 1.70134 -11.6629 3.74706
v 1.7787 -11.7412 3.91625
v 1.75789 -11.9199 4.03399
v 1.75745 -11.9064 7.27033
v 1.68443 -11.3767 3.75198
v 1.73805 -11.2652 3.91712
v 1.60397 -10.9578 3.86384
v 1.64573 -10.7708 4.13256
v 1.64663 -10.8964 6.39267
v 1.68478 -10.7887 6.5941
v 1.82737 -10.8893 7.09485
v 1.64587 -10.2988 6.38653
v 1.65194 -9.87416 6.27087
v 1.742 -9.87395 6.43428
v 1.71298 -9.29659 5.46702
v 1.78309 -9.23468 5.94728
v 1.79772 -9.52607 6.15144
v 1.76933 -9.43102 6.37597
v 1.90132 -9.14976 5.90371
v 1.75373 -9.12752 6.2368
v 1.87263 3.31056 -5.24319
v 1.68947 3.34694 -3.52849
v 1.88106 4.73666 3.043
v 1.79922 5.62611 4.22449
v 1.65549 5.81646 4.38458
v 1.59501 5.94391 4.55068
v 1.88423 6.80513 5.46566
v 1.73402 7.64095 3.38916
v 1.8855 7.74637 3.5235
v 1.81693 7.85767 -14.4435
v 1.86079 7.8218 3.45596
v 1.64797 8.59294 5.07368
v 1.65266 9.16596 -14.874
v 1.79169 9.57267 4.95906
v 1.73266 9.54707 5.12867
v 1.60907 9.21174 6.25982
v 1.82185 9.7525 4.91298
v 1.71933 9.74182 5.17504
v 1.73149 10.0073 6.00932
v 1.83034 10.3589 -15.2835
v 1.91556 10.3417 -15.2515
v 1.82881 10.7955 5.33082
v 1.89199 11.3923 4.64104
v 1.75701 11.7779 4.21773
v 1.83657 11.6911 4.31705
v 1.6696 11.9454 -15.6113
v 1.60914 13.4882 3.56081
v 1.64752 15.7198 2.90856
v 1.58346 17.5823 -14.8569
v 1.90726 18.5081 -13.9874
v 1.64183 21.3342 -2.351
v 1.84054 21.7212 -3.46783
v 2.01424 -19.3184 -5.86368
v 2.24897 -19.6795 5.89152
v 2.15341 -19.6336 6.49713
v 2.04135 -19.3766 6.78831
v 2.15461 -19.5371 6.91211
v 1.99196 -19.4111 7.09222
v 2.11274 -18.9847 -8.48244
v 2.05028 -19.1263 -7.17414
v 2.13749 -19.267 -4.24812
v 2.15482 -18.8615 7.42971
v 2.14824 -18.727 7.52777
v 2.02049 -17.9672 7.43255
v 1.92947 -18.3506 7.60035
v 1.97808 -16.6998 7.3572
v 1.98199 -14.9832 7.22272
v 1.98711 -12.7418 7.04712
v 2.03472 -10.7228 6.86621
v 1.95498 -10.1321 6.95294
v 2.19495 -9.71298 6.75755
v 2.10037 -9.79958 6.85999
v 2.17143 -9.32336 5.14628
v 2.10912 -9.29124 5.72673
v 2.07407 -9.38075 5.98165
v 2.06695 -9.38048 6.12809
v 1.98663 -9.3434 6.31877
v 2.17408 -9.13243 5.7419
v 2.11522 -9.0034 5.9382
v 2.09817 -9.09571 6.12522
v 2.23288 -8.30211 1.73054
v 2.16767 -2.61352 0.827435
v 2.24133 3.36325 -9.00932
v 2.14636 3.31056 -7.97217
v 2.06084 3.32544 -7.1716
v 1.99402 3.39976 -6.76348
v 1.9708 3.32544 -6.27386
v 1.98271 5.13657 -12.5242
v 2.09 5.48669 -4.57207
v 2.16876 6.12992 -6.2863
v 2.07518 6.23976 4.74734
v 1.96864 7.70474 3.46678
v 2.2389 7.45472 5.64072
v 2.17178 7.95284 3.46856
v 2.15753 7.94842 3.55079
v 2.19268 9.0006 -14.8553
v 2.00103 9.6057 4.92046
v 2.24801 9.91287 4.34864
v 2.16336 9.80173 4.67592
v 2.14102 9.79804 4.89011
v 2.063 9.72414 5.0658
v 2.00178 10.3109 -15.2663
v 2.12926 11.438 4.36599
v 2.24755 11.7881 -15.517
v 2.05732 11.7968 4.16283
v 2.06186 11.5682 4.33707
v 2.21167 13.9551 -15.5413
v 2.22146 15.5747 2.9993
v 2.1737 17.5657 1.83762
v 2.14569 19.5268 -12.6493
v 2.13964 19.2523 0.47324
v 2.22684 21.9063 -7.1525
v 2.23489 21.8792 -6.7347
v 2.15932 21.9605 -6.33206
v 2.07186 21.9762 -5.5317
v 1.9619 21.9125 -4.49605
v 2.28616 -19.5025 4.9384
v 2.4051 -19.4151 6.6487
v 2.60117 -19.5831 7.23789
v 2.35688 -19.3958 7.36058
v 2.40233 -18.9647 3.65264
v 2.33228 -18.5353 -9.97653
v 2.55652 -18.519 -2.05793
v 2.30803 -18.5925 7.4048
v 2.4456 -17.7115 1.8699
v 2.52859 -17.262 8.02018
v 2.28604 -16.9252 1.64724
v 2.52019 -16.2618 8.05583
v 2.60614 -15.6192 1.4152
v 2.60126 -13.1957 1.24261
v 2.53841 -11.994 7.71709
v 2.55088 -11.03 7.52773
v 2.27682 -10.0047 4.1881
v 2.31152 -9.93576 6.73532
v 2.58985 -9.31495 5.41751
v 2.49011 -9.29037 5.6479
v 2.35679 -9.43115 5.89533
v 2.35299 -9.25401 6.58063
v 2.44316 -9.05058 5.7017
v 2.44975 -9.05155 5.9163
v 2.37846 -9.16948 6.05485
v 2.5795 -9.12264 6.44334
v 2.37717 1.96046 -1.1514
v 2.31837 3.52113 -10.042
v 2.31414 4.39223 -2.95274
v 2.57187 5.86949 4.01775
v 2.50628 6.12991 -9.65125
v 2.33763 6.12991 -7.96986
v 2.50507 6.10091 4.4434
v 2.3232 6.24759 4.59151
v 2.43555 8.14155 3.49977
v 2.40118 8.11415 3.58208
v 2.49086 8.14854 5.66448
v 2.59173 8.38458 3.61708
v 2.44746 9.88749 4.22927
v 2.41302 9.8847 4.40606
v 2.43043 9.84906 4.62682
v 2.33825 9.76319 4.83629
v 2.57215 10.3877 5.11014
v 2.57579 10.9623 4.4824
v 2.47987 10.9684 4.65864
v 2.61509 11.1094 4.11749
v 2.47287 11.2068 4.40621
v 2.60262 11.0489 4.53899
v 2.37091 11.755 -15.4926
v 2.29196 20.4614 -11.2107
v 2.5845 20.2895 -0.912161
v 2.33979 21.1351 -10.0398
v 2.32223 21.5768 -9.00104
v 2.27159 21.8159 -7.95896
v 2.75223 -19.4959 6.20656
v 2.93759 -19.4006 6.32269
v 2.87462 -19.2172 6.28356
v 2.69608 -19.2179 7.55768
v 2.69797 -18.801 7.71711
v 2.93325 -18.401 7.89522
v 2.71149 -18.1803 7.96859
v 2.64226 -17.8957 7.77712
v 2.82325 -17.3156 -11.6674
v 2.83341 -16.6278 -0.0203924
v 2.62542 -16.6245 7.72115
v 2.64891 -15.1866 8.10838
v 2.62852 -14.9079 7.5871
v 2.75 -14.0884 8.09591
v 2.65876 -13.0188 7.93602
v 2.63258 -12.6664 7.41205
v 2.62868 -11.8686 2.77731
v 2.65308 -10.6511 7.21258
v 2.9576 -10.1461 7.16902
v 2.65312 -10.3009 7.38269
v 2.86471 -9.93645 7.20129
v 2.89122 -9.93559 7.3482
v 2.79229 -9.31123 5.3673
v 2.78079 -9.45736 5.62081
v 2.68062 -9.18968 5.87395
v 2.69111 -9.32324 6.79738
v 2.70303 -9.61309 7.00581
v 2.92492 -9.63157 7.13732
v 2.92163 -9.61223 7.31633
v 2.92994 -9.06503 5.52854
v 2.73513 -8.99282 5.64697
v 2.92699 -9.13839 6.25447
v 2.71781 3.5235 -1.24317
v 2.63357 3.94258 -11.0927
v 2.74747 3.87309 0.951337
v 2.74267 5.48672 -11.0792
v 2.65439 6.32502 -13.6373
v 2.92099 6.73013 4.75892
v 2.63807 6.74617 4.97429
v 2.77386 8.47574 3.63583
v 2.6226 8.87589 5.67921
v 2.64581 9.6259 5.54205
v 2.95912 10.5221 4.58324
v 2.84105 10.7492 4.49041
v 2.86021 10.664 4.58765
v 2.69521 11.3674 4.22863
v 2.67204 11.042 4.46664
v 2.63539 11.0035 4.56461
v 2.95022 13.7459 -15.4313
v 2.82918 13.7788 -15.4315
v 2.7234 15.9009 -15.2239
v 2.79513 17.4179 1.93669
v 2.71095 19.0462 0.507138
v 2.90813 20.962 -2.2251
v 2.98365 -19.5924 5.35598
v 3.12163 -19.5207 6.4376
v 2.97243 -19.5733 7.03133
v 3.0379 -19.3425 7.57014
v 3.02516 -18.256 2.11994
v 3.01235 -18.1788 7.74208
v 2.9936 -18.3231 7.82317
v 3.26264 -15.1992 -12.7718
v 3.28004 -14.2389 1.30834
v 3.07734 -10.2553 7.18592
v 3.05803 -10.2697 7.33453
v 2.9727 -9.77279 4.58153
v 3.24308 -9.69672 5.09503
v 3.1486 -9.71886 5.34528
v 3.15858 -9.88627 7.22955
v 3.20183 -9.89786 7.40958
v 3.06991 -9.50666 5.19905
v 2.98082 -9.58755 5.44684
v 3.10141 -9.31795 5.63389
v 3.02 -9.19995 6.79798
v 3.23045 -9.32983 7.04082
v 3.08316 -9.39643 7.18956
v 3.24656 -9.62061 7.37784
v 3.1285 -9.1742 5.40791
v 3.30209 3.45346 -6.63227
v 3.28524 3.35485 -6.16365
v 3.19267 3.34075 -5.19734
v 3.01063 3.38649 -3.57927
v 3.23395 4.39308 -12.1281
v 3.29933 6.52853 4.48821
v 3.09553 6.65233 4.62564
v 3.13923 6.97181 4.3662
v 3.04212 7.31773 5.06857
v 3.18048 7.47011 -14.3032
v 3.2739 8.04583 5.20746
v 3.26168 8.42639 5.2045
v 3.27692 8.44172 5.29712
v 3.06014 8.825 3.68075
v 3.02855 8.79565 3.76334
v 3.18193 8.76524 5.213
v 3.18468 8.72966 5.29903
v 3.27781 9.9441 4.6839
v 3.1041 10.0507 4.85054
v 3.04576 10.4931 4.5157
v 3.14724 10.2851 4.60846
v 3.10057 10.7111 4.41781
v 3.02247 10.5532 4.58959
v 2.99552 11.5747 -15.4783
v 3.20045 13.0478 3.73184
v 3.29033 15.73 -15.1335
v 3.04653 17.1446 -14.7148
v 3.25871 18.0881 -13.8652
v 3.29886 18.9165 0.597176
v 3.13365 20.0872 -0.876696
v 3.26612 21.5343 -4.36956
v 3.12131 21.35 -3.34249
v 3.21591 21.5973 -7.24394
v 3.11717 21.6765 -6.04424
v 3.32812 -19.3806 4.18565
v 3.51762 -19.4073 5.67196
v 3.54772 -19.5144 6.70407
v 3.51482 -19.3163 7.41817
v 3.55978 -18.9194 -8.3227
v 3.56342 -19.0605 -7.01408
v 3.61869 -19.2521 -5.69958
v 3.64928 -19.1281 5.74941
v 3.35204 -18.7519 7.90817
v 3.54596 -17.6567 8.22397
v 3.5126 -16.7067 8.22967
v 3.47199 -16.0708 8.36114
v 3.60207 -14.815 8.00424
v 3.6113 -15.0825 8.40306
v 3.61643 -12.9787 8.23807
v 3.60297 -12.5732 7.83087
v 3.41731 -12.0712 -13.1246
v 3.48133 -12.0353 8.04492
v 3.54657 -11.2841 3.23589
v 3.4347 -11.2589 7.88286
v 3.51082 -10.6412 7.66924
v 3.56854 -10.1516 4.89644
v 3.54631 -10.2228 5.10456
v 3.39223 -10.1416 7.38346
v 3.6288 -10.4642 7.68994
v 3.46747 -9.85065 4.94674
v 3.50405 -9.99109 5.12248
v 3.57377 -9.72692 5.33304
v 3.32842 -10.0943 7.39485
v 3.50831 -9.52926 5.17886
v 3.36402 -9.43382 5.36229
v 3.47323 -9.20427 6.66372
v 3.43499 -9.22879 6.98242
v 3.43772 -9.50161 7.18546
v 3.3746 -9.46813 7.33566
v 3.47033 -9.15831 5.95873
v 3.49234 -9.05173 7.13554
v 3.45315 -7.76194 -13.2871
v 3.51714 -2.49091 -13.3
v 3.54439 1.97305 -12.8646
v 3.58989 3.55332 -9.91444
v 3.54272 3.39396 -8.87878
v 3.4578 3.34075 -7.84062
v 3.37314 3.35485 -7.03997
v 3.32774 3.39713 -6.71676
v 3.31045 3.39713 -6.54437
v 3.4967 4.56668 2.141
v 3.41594 4.79358 -12.1868
v 3.49164 7.22609 4.71512
v 3.34402 7.27127 4.82464
v 3.62073 7.8594 4.81432
v 3.37527 8.00462 5.23329
v 3.34397 8.02081 5.31887
v 3.63675 8.59218 -14.7265
v 3.36479 8.50726 5.19422
v 3.56177 9.39696 4.72332
v 3.58599 9.1932 4.82562
v 3.33133 9.31392 5.04383
v 3.42168 9.84193 4.66286
v 3.53713 13.5845 -15.4083
v 3.40552 15.6941 -15.1105
v 3.57922 16.9698 -14.6342
v 3.43374 19.134 -12.5271
v 3.55848 20.0902 -11.0807
v 3.62003 20.7646 -9.90622
v 3.44954 20.7634 -2.18759
v 3.62562 21.1995 -8.86396
v 3.58228 21.437 -7.8142
v 3.566 21.4968 -6.95868
v 3.50783 21.5434 -6.25189
v 3.59145 21.1791 -3.3047
v 3.38456 21.5957 -5.41158
v 3.71451 -19.3114 5.78846
v 3.90833 -19.431 5.90353
v 3.96181 -18.8359 2.42757
v 3.84469 -18.4721 -9.72764
v 3.81948 -17.5689 8.02102
v 3.80131 -17.7217 8.15843
v 3.70501 -14.0182 8.38359
v 3.89588 -11.5497 4.76078
v 3.81792 -11.6514 4.82914
v 3.96429 -11.4394 4.69912
v 3.92445 -11.3493 4.9113
v 3.89673 -10.7026 4.69288
v 3.93972 -10.8644 4.86087
v 3.80935 -10.6562 7.49358
v 3.82643 -10.3924 4.88399
v 3.89856 -10.1809 5.13485
v 3.7961 -10.4669 7.60185
v 3.84222 -9.99587 4.97511
v 3.75047 -9.81719 5.12508
v 3.87782 -9.39762 7.02336
v 3.71824 -9.29476 7.17791
v 3.81508 -9.06495 6.96343
v 3.95644 -9.18017 7.16914
v 3.93203 3.90942 -10.831
v 3.88958 4.01328 0.138538
v 3.79798 5.16784 -4.40094
v 3.85022 5.53081 -7.72193
v 3.68169 5.5308 -6.04175
v 3.7184 7.13139 4.58778
v 3.93257 7.77777 4.64554
v 3.67827 8.05836 4.29633
v 3.78614 7.81625 4.71938
v 3.87476 8.46898 4.72829
v 3.70745 8.49753 4.82418
v 3.82283 9.17762 4.67228
v 3.68358 9.9951 4.46278
v 3.78532 15.1438 3.16642
v 3.69279 16.9313 -14.6125
v 3.90677 17.8688 -13.7802
v 3.78825 17.8948 -13.7816
v 3.94074 18.9439 -12.4483
v 3.70211 19.9692 -0.794946
v 3.90331 21.3967 -5.40573
v 3.81901 21.3301 -4.32998
v 3.70377 21.1346 -3.29656
v 4.02397 -19.4737 4.57507
v 4.0075 -19.1811 -4.13878
v 4.17782 -19.2364 7.11172
v 4.11556 -18.6781 7.91674
v 4.28547 -17.6019 0.395288
v 4.18601 -17.0175 8.43817
v 4.08565 -16.9476 0.224278
v 4.2176 -16.5875 8.5028
v 4.32169 -15.9494 0.0775976
v 4.30942 -15.9687 8.53566
v 4.20039 -13.2325 1.46471
v 4.31004 -12.0339 8.23189
v 4.274 -11.4871 4.76618
v 4.14487 -11.6905 4.88218
v 4.1514 -11.5235 5.0524
v 4.24616 -11.0438 3.59493
v 4.10553 -11.2571 4.65114
v 4.14829 -11.219 4.86243
v 4.18397 -11.0466 7.97885
v 4.21793 -11.445 8.10606
v 4.18944 -10.8368 4.67936
v 4.26106 -10.8097 4.91096
v 4.1261 -10.4588 4.79864
v 4.04604 -10.4113 5.04318
v 4.10358 -9.21804 6.38957
v 4.20979 -9.21577 6.77527
v 4.23025 -9.42126 6.92972
v 4.08449 -9.53486 7.23017
v 4.09099 -9.07375 6.89006
v 4.21241 -9.18119 7.10116
v 4.0899 3.80382 -1.43156
v 4.29225 5.8732 -13.1246
v 4.01724 5.53081 -9.38722
v 4.02938 7.75272 4.58276
v 4.0735 8.44664 4.6234
v 4.26555 9.14908 4.01425
v 4.01674 9.18573 4.56017
v 4.09041 9.71394 -15.1126
v 4.27743 11.755 3.67565
v 4.21575 11.7657 3.84415
v 4.2418 11.756 4.1029
v 4.19975 12.0439 3.52504
v 4.10887 12.0597 3.77329
v 4.10519 12.0563 4.03739
v 4.18932 12.0344 4.27167
v 4.25621 12.5594 3.40243
v 4.15414 12.5771 3.68129
v 4.14999 12.5733 3.97795
v 4.29201 12.7195 4.20319
v 4.19698 12.3779 4.27902
v 4.02572 15.5349 -15.0946
v 4.28426 16.7911 -14.5957
v 4.26609 17.0187 2.09093
v 4.05938 18.92 -12.4453
v 4.09712 19.8956 -11.003
v 4.16287 20.5671 -9.83275
v 4.17547 20.9984 -8.78556
v 4.23348 21.0391 -3.23093
v 4.01123 20.6517 -2.11319
v 4.13289 21.2377 -7.7103
v 4.04669 21.3478 -6.55162
v 4.02097 21.3773 -5.38238
v 4.47111 -19.3733 4.81864
v 4.35926 -19.4234 6.17065
v 4.65078 -19.2089 4.9141
v 4.59495 -17.6994 8.31489
v 4.63273 -17.2471 -11.1858
v 4.52384 -17.0107 8.31152
v 4.48739 -17.0611 8.40036
v 4.49868 -16.9158 8.20327
v 4.63467 -16.5357 8.544
v 4.42731 -15.0442 8.55113
v 4.49287 -13.9757 8.51359
v 4.42771 -12.9248 8.38747
v 4.35272 -11.1584 4.67924
v 4.35532 -11.1121 4.86205
v 4.48336 -11.1959 7.77079
v 4.51058 -11.0696 7.8608
v 4.62852 -11.4576 8.15581
v 4.47737 -10.9964 7.93826
v 4.57559 -10.5063 7.77131
v 4.35504 -9.60411 5.39135
v 4.53605 -9.32315 6.69022
v 4.5211 -9.3561 6.93622
v 4.50624 -9.0296 6.86362
v 4.63116 -2.96727 0.138145
v 4.67554 3.6383 -6.40744
v 4.65959 3.59643 -6.04753
v 4.57586 3.58246 -5.14555
v 4.39526 3.63788 -3.63057
v 4.65774 3.69409 -6.4963
v 4.38721 3.95374 -2.87831
v 4.43995 5.16795 -10.8023
v 4.45159 5.48304 2.63099
v 4.57168 11.1326 -15.3338
v 4.59973 11.6882 3.48414
v 4.38761 11.7332 3.54705
v 4.5239 11.5308 3.93194
v 4.51774 11.6929 4.3131
v 4.53162 12.2077 3.17772
v 4.36209 12.0118 3.33556
v 4.42489 12.0954 4.46794
v 4.61139 12.284 4.54226
v 4.48175 12.6946 3.17517
v 4.46488 12.6792 4.38324
v 4.53659 12.9946 3.3353
v 4.57878 13.1408 3.63362
v 4.52599 13.0953 3.86139
v 4.52552 12.9845 4.12763
v 4.42243 17.7515 -13.7561
v 4.66404 18.5519 0.737601
v 4.55357 18.8134 -12.4199
v 4.66213 19.7798 -10.9713
v 4.60098 21.2075 -6.85487
v 4.54279 21.2541 -6.14808
v 4.51754 21.2789 -5.29793
v 4.3939 21.219 -4.25644
v 4.95158 -19.3167 5.08138
v 4.94706 -19.2674 2.74201
v 4.71759 -19.0737 4.94816
v 4.98768 -18.6799 -8.13736
v 4.97175 -18.5413 7.6513
v 4.98968 -18.3618 -2.12304
v 4.90102 -18.1179 0.44426
v 4.79664 -16.5684 8.49553
v 4.7937 -16.4512 8.29047
v 4.80556 -16.4747 8.40035
v 4.89733 -15.9115 8.32006
v 4.86183 -15.9779 8.5121
v 4.92267 -14.8433 -0.0819434
v 4.90335 -14.8796 8.30574
v 4.93795 -15.0571 8.55789
v 4.91238 -13.9592 8.5378
v 4.99775 -12.9663 8.17113
v 4.93439 -12.8788 8.3919
v 4.77339 -12.4956 8.09974
v 4.88564 -12.1165 8.03401
v 4.854 -11.9974 8.20952
v 4.79678 -11.5492 7.97403
v 4.77931 -11.0894 3.90899
v 4.91707 -11.2521 4.03952
v 4.78608 -11.4296 8.10516
v 4.93633 -9.70559 6.74747
v 4.79981 -9.54333 6.70251
v 4.85845 -9.39568 6.95811
v 4.85286 -9.16117 6.77379
v 4.83378 -8.29586 0.83785
v 4.73449 1.4305 -1.35745
v 4.90787 3.63469 -8.74185
v 4.83235 3.58247 -7.70275
v 4.74533 3.59643 -6.90234
v 4.69282 3.6383 -6.57984
v 4.94934 4.00126 -10.4312
v 4.92695 3.79108 -9.78033
v 4.86628 4.56276 -11.5155
v 4.82537 4.44201 0.647858
v 4.95097 6.9633 -13.7
v 4.85448 10.528 3.63658
v 4.96586 11.8806 3.36531
v 4.8393 11.6339 3.63632
v 4.90911 11.615 3.87831
v 4.83238 11.6276 4.132
v 4.8586 11.8877 4.38274
v 4.82916 12.0858 3.17588
v 4.85754 12.2315 4.49094
v 4.82496 12.6219 3.07338
v 4.80601 12.6046 4.43038
v 4.87442 12.924 3.17447
v 4.89162 13.1299 3.40861
v 4.88064 13.2037 3.66393
v 4.88421 13.1232 3.93878
v 4.85961 12.9104 4.23481
v 5.00263 19.6219 -0.661079
v 4.73225 20.4537 -9.79466
v 4.7534 20.8842 -8.75084
v 4.71527 21.1203 -7.70056
v 4.99859 21.0989 -7.06512
v 4.89985 21.1781 -5.86543
v 5.18079 -19.0052 -5.53354
v 5.04365 -19.1343 6.56945
v 5.048 -18.8177 -6.84116
v 5.34157 -18.2378 -9.29367
v 5.37366 -15.1261 -12.0846
v 5.04675 -15.0549 8.44143
v 5.0567 -13.9922 8.28571
v 5.08921 -13.9676 8.44412
v 5.04109 -12.9083 8.27907
v 5.13438 -12.6019 1.74461
v 5.18391 -10.9783 4.10016
v 5.04642 -9.66665 5.8112
v 5.26818 -9.90241 6.51022
v 5.17218 -9.8811 6.63814
v 5.36234 -9.68572 6.8063
v 5.19392 -9.40179 6.68922
v 5.15812 -9.50575 6.85562
v 5.26762 3.95523 -11.6726
v 5.36243 4.66535 -4.31263
v 5.28708 5.08921 -7.51547
v 5.11909 5.08917 -5.84018
v 5.18207 6.47749 2.73488
v 5.08933 11.8506 3.56887
v 5.13045 11.8377 3.82363
v 5.08212 11.844 4.08552
v 5.08875 12.2012 3.23818
v 5.23053 12.1668 3.47195
v 5.27776 12.1519 3.7645
v 5.22225 12.1592 4.06526
v 5.07361 12.1873 4.32221
v 5.14481 12.5505 3.20784
v 5.2804 12.5176 3.43139
v 5.32555 12.5034 3.71116
v 5.27247 12.5104 3.99877
v 5.13033 12.5373 4.24449
v 5.12762 13.1408 -15.2607
v 5.17732 12.8554 3.36687
v 5.15423 12.9986 3.6218
v 5.1548 12.9595 3.83833
v 5.11303 12.8579 4.08956
v 5.28566 20.309 -1.98126
v 5.66463 -19.3679 3.02766
v 5.40291 -19.3113 5.32909
v 5.67233 -17.5267 8.11325
v 5.68638 -16.6628 -1.83193
v 5.6735 -16.39 -0.344729
v 5.39009 -12.9758 0.591579
v 5.63521 -12.0224 -12.3194
v 5.6478 -10.8818 4.3291
v 5.55329 -10.2399 6.44112
v 5.60004 -10.4136 6.58758
v 5.62164 -10.4915 7.60144
v 5.59315 -9.85773 6.64601
v 5.68008 -7.83751 -12.4155
v 5.52399 4.23975 -1.46476
v 5.45281 5.08924 -9.16811
v 5.52032 8.05256 -14.069
v 5.43282 12.4694 3.28337
v 5.59166 15.1018 -14.9483
v 5.70411 20.8662 -4.12069
v 5.5203 20.6924 -3.09873
v 5.7608 -18.8711 -4.19481
v 5.89969 -18.697 0.197712
v 5.93746 -18.4092 7.07981
v 5.92344 -17.3178 -1.73372
v 6.02821 -16.2906 8.28511
v 5.86106 -15.8452 -1.83484
v 5.8145 -13.864 -0.300389
v 6.00052 -12.4635 8.00623
v 5.84072 -12.3482 2.01181
v 5.79375 -11.5539 6.45651
v 6.01292 -11.6537 6.63837
v 5.9929 -11.1701 6.44661
v 5.8123 -11.356 6.58559
v 5.907 -10.7776 6.42024
v 5.97422 -10.2908 6.50116
v 5.84712 -10.2391 6.68963
v 5.95531 -9.99637 6.38895
v 5.76551 -2.84943 -12.4449
v 5.80144 1.44624 -12.1778
v 6.03171 3.99605 -5.02951
v 5.84708 4.05707 -3.56669
v 5.95572 4.38628 -10.628
v 5.97533 4.66569 -10.4277
v 5.91648 5.43956 -11.9946
v 6.013 5.15201 0.720049
v 5.87162 7.51631 2.58171
v 5.93684 14.5856 2.73265
v 5.76024 16.3895 -14.455
v 5.79152 17.3846 -13.6233
v 5.85595 18.4644 -12.2941
v 5.93759 19.4359 -10.8493
v 6.01972 20.1062 -9.67071
v 6.06446 20.5306 -8.62568
v 6.03462 20.7638 -7.58151
v 5.96875 20.8602 -6.77717
v 5.90543 20.8738 -6.45162
v 5.85981 20.8588 -6.34274
v 5.90123 20.9143 -5.95673
v 5.83489 20.9242 -5.15425
v 6.11305 -19.2701 3.23745
v 6.34511 -19.0055 3.33959
v 6.09212 -19.0355 5.6955
v 6.39683 -16.9955 -10.1229
v 6.34123 -14.933 -1.94975
v 6.11349 -14.6605 8.22858
v 6.29457 -12.3424 2.22383
v 6.17414 -11.53 6.52317
v 6.10858 -11.6109 6.55191
v 6.28377 -11.3208 6.46972
v 6.22109 -11.2755 6.63823
v 6.35529 -10.9595 4.70708
v 6.27431 -10.8081 6.43573
v 6.27947 -10.893 6.59005
v 6.0942 -10.5641 6.63003
v 6.29115 3.25417 -3.15431
v 6.35186 4.04603 -8.59702
v 6.28523 3.99605 -7.55701
v 6.19627 4.00949 -6.7568
v 6.13799 4.04981 -6.43488
v 6.1037 4.08561 -6.32224
v 6.11128 4.00949 -5.90942
v 6.34429 4.19568 -9.63816
v 6.1098 9.13489 -14.3891
v 6.24702 16.5042 1.75682
v 6.59452 -19.2164 3.46423
v 6.51657 -18.0627 -7.89781
v 6.61579 -18.1916 -6.63431
v 6.53279 -17.7774 -8.68418
v 6.47889 -17.8955 -1.84617
v 6.56313 -16.273 -4.54297
v 6.72928 -15.8677 -6.9887
v 6.73123 -15.4886 -4.49508
v 6.73573 -13.158 -0.44738
v 6.52025 -12.5381 2.37775
v 6.57301 3.92716 -4.54947
v 6.60438 4.18894 -5.59222
v 6.68689 6.44357 -12.2869
v 6.67472 8.57389 2.29762
v 6.68009 10.5276 -14.5636
v 6.42944 18.0715 0.565912
v 6.55499 19.1326 -0.629571
v 6.92555 -19.1328 -0.0751174
v 7.0464 -19.2138 3.67851
v 6.8002 -18.3675 -5.35056
v 6.98791 -18.2767 -4.48701
v 6.99805 -18.3449 6.15945
v 7.05123 -17.8454 -2.83483
v 6.76801 -17.4094 7.53643
v 6.95473 -16.6282 -6.97193
v 6.81239 -16.9759 -4.49516
v 7.03422 -16.4169 -8.14458
v 6.88465 -15.6271 -8.15095
v 6.95093 -14.8152 -8.0982
v 6.8701 -15.0544 -6.9411
v 7.00019 -13.9905 -2.39753
v 6.7839 -12.2885 2.44109
v 6.79658 -10.9271 6.98796
v 7.09273 -3.48313 -1.48144
v 6.9746 0.598107 -2.2502
v 6.99572 2.89228 -8.9118
v 7.06322 3.25692 -10.8952
v 6.9462 3.42598 -10.3738
v 6.82544 3.5714 -9.70086
v 6.90688 3.20373 -9.66715
v 6.95315 3.44001 -8.89958
v 7.06963 3.91329 -11.0266
v 6.85959 3.92492 -10.414
v 7.09638 3.92802 -9.78174
v 6.93778 3.95318 -9.63551
v 7.09364 3.79333 -8.81658
v 7.07213 4.15839 -11.0136
v 7.01172 4.32756 -10.2974
v 7.01272 4.27482 -9.53451
v 6.9333 4.18932 -8.87766
v 6.77059 4.18916 -7.25285
v 7.04497 4.6743 -10.2172
v 6.83657 4.8747 -1.46075
v 6.91012 6.04792 0.634591
v 6.89286 19.6902 -1.8511
v 7.22349 -18.4735 -2.50993
v 7.25964 -17.6179 -4.52266
v 7.32026 -17.1692 -7.93347
v 7.3474 -17.3378 -6.82325
v 7.34656 -16.3061 -8.49406
v 7.26378 -16.2959 7.77327
v 7.27718 -15.5029 -8.48944
v 7.40088 -14.8579 -10.5503
v 7.28824 -14.6987 -8.39165
v 7.43362 -14.835 7.7611
v 7.18309 -14.2894 -6.75137
v 7.10552 -14.6732 -4.46523
v 7.383 -13.988 -8.10982
v 7.15336 -14.0872 -7.84798
v 7.39673 -13.5474 -7.26333
v 7.44645 -12.8778 -0.359668
v 7.28434 -12.7927 7.47193
v 7.24527 -12.1936 2.635
v 7.2969 -11.3292 5.2225
v 7.35261 -8.2031 -1.13884
v 7.3084 2.24285 -8.20141
v 7.12436 2.66058 -9.49768
v 7.18787 2.4127 -8.74763
v 7.19909 2.50916 -8.17469
v 7.40617 2.91356 -10.7603
v 7.18361 2.83366 -10.189
v 7.14168 2.85042 -8.17801
v 7.18931 3.12869 -8.1292
v 7.15923 3.52901 -10.963
v 7.33997 3.4189 -8.06109
v 7.13404 3.86295 -8.80048
v 7.20746 4.3918 -10.8852
v 7.13306 4.56729 -9.39136
v 7.23858 4.20307 -8.61924
v 7.28257 4.7965 -10.8012
v 7.16039 4.83261 -10.1143
v 7.40666 4.95942 -9.90705
v 7.37516 4.69167 -9.19854
v 7.40996 4.62271 -4.90533
v 7.20954 4.68583 -3.47953
v 7.15422 5.07334 -10.6539
v 7.37919 7.49348 -12.4645
v 7.40469 9.94485 1.92623
v 7.22976 12.5376 -14.492
v 7.39077 17.9982 -12.0062
v 7.17271 20.0196 -2.93299
v 7.3868 20.1812 -3.95191
v 7.66851 -19.2326 -0.0318174
v 7.67624 -18.9577 4.03231
v 7.70362 -17.9981 -6.47069
v 7.67849 -18.2171 -4.80587
v 7.78029 -17.7888 -7.72229
v 7.64901 -17.8673 -7.36749
v 7.5135 -17.0784 -8.28075
v 7.72307 -16.7503 -8.82891
v 7.47277 -13.8766 -4.56926
v 7.55149 -13.4639 -7.55465
v 7.46754 -13.6728 -6.34121
v 7.79308 -13.221 -7.0564
v 7.72961 -13.191 -6.67779
v 7.68949 -13.2498 -2.83323
v 7.77555 -11.8256 -10.6898
v 7.52747 1.80262 -8.33692
v 7.55511 1.81137 -7.72288
v 7.60908 1.9485 -9.79791
v 7.51001 1.89364 -9.11203
v 7.51375 2.07167 -7.52079
v 7.50767 2.57917 -7.47565
v 7.63856 2.60783 -3.92578
v 7.67558 2.86478 -7.45275
v 7.67935 3.08197 -7.30955
v 7.59313 3.47614 -11.3605
v 7.51196 3.98143 -11.4312
v 7.57545 3.82686 -7.7814
v 7.62812 4.33434 -11.2748
v 7.47341 4.32454 -8.44052
v 7.67763 4.6554 -11.2539
v 7.64542 4.82018 -9.50765
v 7.70976 4.67216 -8.46081
v 7.66208 4.62271 -7.41891
v 7.57172 4.63536 -6.61884
v 7.47694 4.70695 -6.24254
v 7.49193 4.67328 -6.12495
v 7.48707 4.63536 -5.77494
v 7.61348 5.08348 -10.499
v 7.7448 7.04987 0.430393
v 7.6244 14.5315 -14.219
v 7.65285 15.8975 -13.7971
v 7.50416 16.9504 -13.1018
v 7.54067 18.8228 -10.655
v 7.67235 19.4334 -9.50495
v 7.7472 19.8455 -8.45691
v 7.72741 20.0747 -7.41176
v 7.58428 20.1475 -6.19711
v 7.6675 20.1699 -6.60693
v 7.62207 20.1801 -6.27979
v 7.6083 20.1911 -6.11327
v 7.59995 20.2241 -5.78634
v 7.52767 20.2351 -4.98445
v 7.95423 -18.8788 -3.21309
v 8.1363 -19.1341 0.132969
v 8.1065 -18.4555 -6.09927
v 8.12823 -18.6299 -5.09152
v 8.08329 -18.1633 -7.19518
v 8.04733 -18.3492 -6.78252
v 7.85184 -17.4571 6.58446
v 7.98663 -16.9933 -8.35376
v 7.85817 -16.2137 -8.57146
v 7.95909 -15.7072 -1.77171
v 7.83177 -15.402 -8.5289
v 7.87329 -14.5882 -8.31032
v 7.96103 -13.875 -7.94552
v 8.07038 -13.3649 -7.46321
v 7.81726 -13.2459 -5.92354
v 7.89903 -13.2673 -4.66616
v 8.01686 -12.9306 -0.150426
v 7.82379 -12.4364 -1.25419
v 7.90951 -12.2962 2.97966
v 7.83855 -7.89573 -10.805
v 7.8847 -3.38583 -10.9228
v 7.81524 0.61718 -10.9453
v 7.85651 1.97536 -10.3535
v 7.83361 2.87482 -11.1461
v 7.80165 3.28385 -7.19207
v 8.01713 3.40345 -7.03551
v 8.1234 3.78953 -11.6632
v 7.91937 3.94233 -7.60784
v 7.84325 4.31149 -8.10607
v 7.80546 4.89211 -11.1319
v 8.0436 5.01568 -10.901
v 7.86255 4.999 -9.50956
v 7.79519 4.71067 -8.83333
v 8.0837 5.12849 -10.0781
v 7.88513 5.74065 -1.5334
v 8.04265 5.99627 -10.6572
v 7.93655 11.9066 1.51737
v 7.80105 18.6037 -0.867668
v 8.32431 -18.9704 0.197162
v 8.43792 -18.9581 0.23737
v 8.37242 -18.774 0.211057
v 8.46956 -18.2371 -7.10292
v 8.39681 -18.3193 4.54856
v 8.23456 -17.7088 -7.79058
v 8.28613 -17.2883 -3.93257
v 8.47005 -16.9169 -8.27547
v 8.20928 -16.7244 -7.60628
v 8.31402 -16.835 -6.39187
v 8.38452 -16.5899 6.8341
v 8.34221 -16.1463 -8.49459
v 8.32864 -15.3396 -8.42528
v 8.40586 -14.5248 -8.12582
v 8.1735 -13.0741 -6.93129
v 8.25151 -13.0204 -6.41554
v 8.34844 -13.0532 -5.70834
v 8.45759 -13.0153 -4.61083
v 8.32784 -12.955 -2.87409
v 8.19357 -13.1025 -0.0715107
v 8.42183 -12.8179 -0.0153394
v 8.14632 -12.2023 5.8069
v 8.40769 0.627822 -8.09177
v 8.33117 0.699061 -7.31431
v 8.29585 0.84464 -6.68065
v 8.26165 1.13579 -6.44981
v 8.25125 1.44371 -6.41506
v 8.32006 1.69808 -6.35179
v 8.28369 1.97537 -10.7353
v 8.45412 1.93156 -6.29371
v 8.41626 2.73287 -11.3635
v 8.22476 2.61141 -9.83677
v 8.33776 2.38858 -6.91076
v 8.17784 2.38728 -5.29113
v 8.19028 3.2928 -11.5828
v 8.23804 3.61843 -7.06466
v 8.19101 4.07337 -11.5457
v 8.35106 4.05547 -7.53948
v 8.28731 4.44582 -11.4875
v 8.24354 4.20039 -11.4421
v 8.43402 4.53928 -8.21045
v 8.414 4.67458 -11.366
v 8.36346 5.55547 -3.45723
v 8.16425 8.51663 -12.6028
v 8.2723 14.0589 1.02054
v 8.32031 16.0278 0.375889
v 8.14032 17.611 -0.294508
v 8.37472 18.7638 -1.79323
v 8.60058 -18.964 -3.35495
v 8.63898 -19.0796 0.310878
v 8.59118 -18.4582 -6.51902
v 8.65585 -18.5576 -5.90007
v 8.69277 -18.7176 -5.10667
v 8.71709 -17.6212 -7.70922
v 8.6856 -16.8505 -8.17337
v 8.77806 -16.8045 -8.09317
v 8.50263 -16.9867 -5.14455
v 8.63422 -16.0929 -8.32442
v 8.59857 -15.3326 -8.30816
v 8.61812 -15.4616 6.80518
v 8.5731 -14.6124 -8.22068
v 8.6372 -14.5397 -8.11993
v 8.61568 -13.9834 -7.97495
v 8.65357 -13.8464 -7.74137
v 8.56691 -13.7898 6.39716
v 8.76951 -13.5481 -7.41947
v 8.68459 -13.3627 -7.28611
v 8.66857 -13.0508 -6.82281
v 8.73707 -13.0057 -6.33361
v 8.81235 -12.9476 -2.7477
v 8.71505 -12.7344 3.49224
v 8.59434 -0.151786 -3.56528
v 8.58283 0.564402 -8.75809
v 8.49616 1.996 -6.28271
v 8.49296 2.38952 -8.47621
v 8.70397 2.35282 -6.00562
v 8.63976 4.79298 -11.1283
v 8.59675 4.87808 -8.82771
v 8.49891 5.0489 -10.477
v 8.67558 5.70593 -9.40432
v 8.75336 5.50529 -6.50031
v 8.6881 5.5404 -6.1791
v 8.64759 5.57157 -6.06707
v 8.66969 5.50529 -5.66611
v 8.5964 5.49358 -4.82551
v 8.82048 6.74051 -1.6565
v 8.71439 8.08662 0.143275
v 8.58262 17.5394 -11.4942
v 8.75815 18.9439 -2.77396
v 9.08079 -18.8619 -3.23483
v 9.11112 -19.0763 0.478769
v 9.1368 -18.4527 -5.81232
v 9.05133 -18.0716 -6.98173
v 9.07214 -18.3553 -6.43413
v 8.98294 -17.511 -7.61132
v 9.05818 -17.5482 5.03911
v 8.9951 -17.408 -7.5236
v 8.98075 -16.8495 -8.21995
v 8.85195 -16.0785 -8.44262
v 8.84475 -15.2704 -8.35922
v 8.91826 -14.6044 -8.76901
v 8.94046 -14.4515 -8.01564
v 9.05892 -13.7385 -7.56452
v 8.88798 -13.3889 -7.28033
v 9.11019 -13.3338 -5.58613
v 9.13148 -13.2496 -7.15481
v 8.92886 -13.2283 -6.77432
v 9.01053 -13.1982 -6.26871
v 9.0117 -13.1129 -5.5943
v 9.04826 -13.064 -4.49514
v 9.08381 -13.1516 -2.68536
v 8.89193 -12.721 0.144452
v 8.924 -3.92428 -3.3513
v 9.15373 -0.133976 -9.493
v 8.87982 0.534534 -9.29355
v 8.85968 1.93969 -10.9597
v 9.09713 2.50023 -11.4321
v 9.05921 2.65256 -5.95297
v 8.88467 3.00262 -11.6497
v 8.83721 3.48671 -11.735
v 8.92632 3.87186 -11.5639
v 9.02364 4.1933 -11.5526
v 9.12626 4.33969 -11.4397
v 9.06193 4.8 -10.7187
v 8.86227 5.02092 -9.36165
v 8.85419 5.54676 -8.34602
v 8.84463 5.49358 -7.3003
v 8.8543 7.01515 -10.6375
v 8.85942 9.87169 -12.6645
v 9.04978 16.6308 -11.9119
v 9.01051 17.9136 -10.4095
v 9.15077 19.1339 -4.82165
v 9.00048 19.0864 -3.79005
v 9.34144 -18.4978 -4.97552
v 9.3263 -18.5953 -3.17287
v 9.36688 -18.0319 -6.93627
v 9.32274 -18.1065 -6.35353
v 9.38325 -18.1893 -5.75568
v 9.4147 -18.2504 -4.95796
v 9.22984 -17.555 -7.64525
v 9.21094 -17.8485 -6.87566
v 9.45199 -16.7999 -8.19552
v 9.32072 -16.0188 -8.42349
v 9.31961 -15.2013 -8.32571
v 9.33327 -15.0595 -3.55956
v 9.43432 -14.3707 -7.93631
v 9.45915 -14.568 -7.39528
v 9.41463 -13.5595 4.11209
v 9.18823 -12.9845 -6.73423
v 9.25312 -12.9421 -6.25088
v 9.35153 -12.9789 -5.52908
v 9.29346 -13.1647 -4.4539
v 9.32762 -12.8899 -2.6113
v 9.47106 -12.8615 0.520068
v 9.44734 -11.9539 -3.37067
v 9.36171 -11.6414 -8.78912
v 9.41845 -7.94407 -8.93618
v 9.18048 -8.11123 -3.29799
v 9.38197 -3.8593 -9.18654
v 9.51238 -1.19342 -4.70294
v 9.49667 -0.886275 -4.43157
v 9.49498 -0.390407 -8.0683
v 9.35593 -0.394541 -6.59633
v 9.21321 -0.400264 -5.05493
v 9.32131 0.560465 -9.67701
v 9.32964 3.12392 -6.36158
v 9.33654 4.45321 -11.1985
v 9.25341 4.9175 -9.77958
v 9.3561 6.56696 -3.4604
v 9.35163 11.8979 -12.6054
v 9.45164 15.4918 -12.2218
v 9.40206 17.4423 -1.54921
v 9.25886 18.3573 -9.34582
v 9.36129 18.7506 -8.29503
v 9.35068 18.9734 -7.24905
v 9.29117 19.0698 -6.44443
v 9.2258 19.0724 -6.03436
v 9.22353 19.1241 -5.62349
v 9.65342 -18.8372 0.908483
v 9.65379 -18.3901 -5.72076
v 9.69171 -18.5518 -4.90684
v 9.59713 -18.8035 -3.1058
v 9.58817 -18.2916 -6.35161
v 9.7059 -17.5188 -7.60788
v 9.52348 -16.8952 5.30896
v 9.76914 -16.0802 5.25417
v 9.65684 -14.7697 -4.98629
v 9.75506 -14.8221 4.77621
v 9.52497 -14.6528 -6.21403
v 9.56443 -13.6464 -7.44989
v 9.6268 -13.1505 -7.05643
v 9.6701 -12.8818 -6.66314
v 9.83256 -12.8743 -5.44027
v 9.73249 -12.8377 -6.17835
v 9.8066 -12.7894 -2.48258
v 9.84275 -8.01014 -6.22676
v 9.79981 -8.05315 -4.90355
v 9.80416 -4.02498 -7.72768
v 9.69554 -4.03818 -6.37081
v 9.58995 -4.05649 -4.93871
v 9.85281 -1.68879 -6.02199
v 9.63809 -1.4647 -5.30525
v 9.54341 -0.609073 -4.33683
v 9.75563 -0.252273 -4.22928
v 9.82713 -0.0300017 -4.08587
v 9.54888 1.85444 -11.0434
v 9.60377 2.61216 -11.5243
v 9.61424 2.32663 -11.3653
v 9.5795 3.08111 -11.6081
v 9.62504 3.31856 -11.5401
v 9.66608 3.49293 -11.4132
v 9.60522 3.63608 -6.94666
v 9.77197 3.76087 -11.4259
v 9.71903 4.42344 -10.8174
v 9.75176 4.60849 -10.0844
v 9.58866 6.71717 -9.31274
v 9.8364 6.5611 -8.2475
v 9.84979 6.50899 -7.19948
v 9.75802 6.51961 -6.39954
v 9.65986 6.57267 -5.99456
v 9.67531 6.51961 -5.57495
v 9.60541 6.50899 -4.76312
v 9.77506 7.78233 -1.80567
v 9.78836 7.99959 -10.5981
v 9.53377 9.46583 -0.217139
v 9.60333 13.9685 -12.4466
v 10.1396 -18.378 -5.63737
v 10.1783 -18.542 -4.81038
v 10.0824 -18.7964 -2.98465
v 9.94671 -18.0511 -6.89102
v 10.0721 -18.2754 -6.28248
v 10.0346 -18.2489 1.77198
v 9.99406 -16.7526 -8.00376
v 9.90886 -15.9664 -8.22494
v 9.93428 -15.1462 -8.11934
v 10.0196 -14.3185 -7.73294
v 10.1019 -13.5993 -7.25228
v 9.97135 -13.4137 1.23178
v 10.1354 -13.1069 -6.85783
v 10.0367 -12.9255 -6.57536
v 9.94315 -12.8419 -4.29529
v 9.88936 -11.6142 -7.35792
v 9.89077 -11.6707 -6.16726
v 9.93256 -11.7488 -4.91708
v 9.90354 -7.97908 -7.47946
v 10.1401 -1.86124 -6.6427
v 9.92193 0.166164 -3.96596
v 10.1556 0.403801 -3.80029
v 9.89322 0.614551 -9.92318
v 10.1027 1.86179 -11.0812
v 9.86934 3.9018 -11.3133
v 10.0627 4.01251 -11.0726
v 10.19 4.05283 -10.8009
v 9.90883 3.98117 -7.48767
v 10.0008 11.472 -0.632902
v 10.176 13.6823 -1.0203
v 10.197 15.3438 -6.00531
v 10.1151 15.8018 -6.02389
v 9.99215 15.7097 -1.30838
v 10.186 16.3648 -6.28021
v 9.97932 16.3207 -6.03724
v 10.1434 16.3878 -5.78437
v 10.0939 16.685 -10.4169
v 10.1086 16.6615 -6.24183
v 10.0418 16.8278 -6.02814
v 10.0722 16.6759 -5.82858
v 10.2079 17.0332 -6.22584
v 10.1304 16.9711 -6.01067
v 10.1702 17.0371 -5.81832
v 10.0338 17.4876 -2.64107
v 10.4974 -18.0448 -6.40401
v 10.2183 -17.4755 -7.41065
v 10.5087 -17.505 -6.97072
v 10.267 -17.8879 -6.88447
v 10.3145 -17.5297 2.61643
v 10.3789 -16.7734 -7.55831
v 10.4342 -15.9734 -7.74822
v 10.5384 -15.1446 -7.62014
v 10.5321 -14.3239 -7.25672
v 10.3756 -14.252 2.02329
v 10.4673 -13.6172 -6.81171
v 10.4113 -13.1335 -6.42892
v 10.2151 -12.8733 -6.19016
v 10.3458 -12.9306 -5.386
v 10.4837 -12.9595 -4.06081
v 10.3507 -12.9507 -2.09881
v 10.511 -3.88479 -3.26106
v 10.3401 -3.48448 -2.68681
v 10.3469 -3.15801 -2.367
v 10.4412 -2.8896 -2.20648
v 10.533 -2.66252 -2.10901
v 10.519 -1.95325 -7.15369
v 10.454 0.653156 -3.80117
v 10.2674 2.134 -11.1732
v 10.2685 2.58658 -11.2479
v 10.3408 2.95675 -11.08
v 10.4698 3.24245 -11.0623
v 10.3327 4.13768 -10.2796
v 10.2478 4.11499 -7.98155
v 10.5178 7.72391 -9.21953
v 10.5005 7.63124 -5.93925
v 10.5198 7.60626 -5.82124
v 10.5219 7.57815 -5.49326
v 10.4531 7.56877 -4.69102
v 10.2312 7.62223 -3.45002
v 10.5222 9.19329 -1.99589
v 10.5462 13.9512 -5.8948
v 10.4814 14.3922 -5.98713
v 10.3499 14.94 -5.99901
v 10.47 15.2996 -6.19432
v 10.2668 15.3709 -6.01272
v 10.4373 15.2995 -5.8661
v 10.3396 15.7971 -6.21828
v 10.2343 15.6779 -6.00058
v 10.3052 15.8006 -5.86081
v 10.2614 16.0858 -6.25889
v 10.2216 16.101 -5.8136
v 10.5156 17.5901 -5.93401
v 10.5327 17.6865 -5.79708
v 10.5343 17.638 -5.55301
v 10.455 17.6398 -4.69083
v 10.2975 17.6018 -3.65871
v 10.6205 -18.579 -2.52342
v 10.6089 -18.1517 -5.66383
v 10.7037 -18.3267 -4.56853
v 10.761 -17.623 -5.96668
v 10.8288 -16.9059 -6.28152
v 10.6482 -16.9095 2.9924
v 10.8542 -16.2115 2.97047
v 10.7154 -15.255 2.62497
v 10.8407 -13.7872 -5.63026
v 10.8466 -13.4579 -3.61824
v 10.707 -13.5719 -1.2686
v 10.6344 -13.2498 -5.45065
v 10.8423 -7.5083 0.573353
v 10.8766 -7.15834 0.958648
v 10.8041 -6.83243 0.0392006
v 10.8404 -6.47096 0.424351
v 10.8868 -5.9859 -0.652755
v 10.808 -6.24261 -0.43284
v 10.7496 -5.57945 -0.964031
v 10.8741 -5.8458 -0.765151
v 10.8388 -5.8894 -0.0649444
v 10.8018 -5.34482 -2.10361
v 10.7748 -5.23285 -0.608301
v 10.8998 -5.51106 -0.42018
v 10.6262 -4.8818 -1.52483
v 10.8045 -4.27351 -3.92375
v 10.6459 -4.53959 -1.1763
v 10.7663 -4.23002 -0.995321
v 10.8898 -3.86607 -0.921881
v 10.8587 -3.25458 -1.32568
v 10.8884 -3.03368 -1.49782
v 10.6324 -2.3659 -2.19422
v 10.8897 -2.58185 -1.68653
v 10.5803 0.665674 -10.0455
v 10.6508 3.43519 -10.8332
v 10.7461 3.70012 -10.4573
v 10.6272 3.99407 -8.42503
v 10.7037 7.60759 -8.16051
v 10.6962 7.56877 -7.11457
v 10.6043 7.57815 -6.31465
v 10.8634 9.06585 -3.4529
v 10.5605 9.33975 -10.5535
v 10.6767 13.673 -5.96568
v 10.8782 13.5742 -5.74773
v 10.8072 14.0031 -6.16322
v 10.618 13.9391 -5.98404
v 10.7646 14.0044 -5.74059
v 10.6902 14.4528 -6.17356
v 10.6129 14.2209 -5.96277
v 10.6553 14.4535 -5.8257
v 10.6041 14.7837 -6.18087
v 10.5712 14.784 -5.85267
v 10.8035 15.2814 -10.4333
v 10.7695 15.6697 -2.55242
v 10.8729 16.3496 -5.54581
v 10.8282 16.7866 -6.67647
v 10.7618 16.7114 -5.38468
v 10.5581 16.9734 -9.2155
v 10.6715 17.3075 -8.16365
v 10.6892 17.3012 -6.5507
v 10.5916 17.3662 -5.40175
v 10.6691 17.0242 -5.27913
v 10.661 17.4993 -7.11776
v 10.5938 17.6596 -6.281
v 10.6103 17.7989 -5.98482
v 10.5569 17.7895 -5.88417
v 10.9365 -18.0625 -1.45128
v 11.0206 -17.8276 -4.09109
v 11.1177 -17.388 -0.399404
v 11.0643 -16.1164 -6.34584
v 11.2363 -15.2991 -6.20883
v 11.1038 -14.497 -5.92439
v 10.9745 -14.4106 -0.431206
v 11.1511 -14.1641 -3.23426
v 11.1646 -8.73092 0.777938
v 11.028 -8.27392 0.206442
v 11.1043 -8.39001 1.29176
v 10.9212 -8.02356 0.987189
v 11.12 -8.26899 1.60068
v 10.9779 -7.50089 -0.451286
v 10.9374 -7.71412 1.3412
v 11.08 -7.59021 1.69916
v 11.2115 -7.44529 1.91211
v 11.0216 -7.01402 1.30396
v 11.2316 -6.53729 -2.21038
v 11.0549 -6.45412 -1.22755
v 10.9812 -6.77251 -0.999202
v 11.1633 -6.87177 1.54114
v 10.9825 -6.18266 -1.44364
v 11.1111 -6.36176 -1.28862
v 10.9946 -6.28895 0.754858
v 11.1723 -6.16367 1.07692
v 11.1118 -5.81273 -2.76027
v 10.945 -5.9056 -0.727226
v 10.9418 -5.61502 -0.348465
v 10.9804 -5.64261 0.187742
v 11.0583 -5.32616 -0.160511
v 11.2185 -5.13308 0.0398096
v 11.1392 -5.43345 0.40741
v 10.9057 -4.95488 -0.395955
v 11.0493 -4.68638 -0.240956
v 11.1764 -5.02383 -0.0295574
v 11.1655 -4.56764 -4.51112
v 11.2067 -4.52362 -0.0398514
v 11.0651 -3.87484 -0.597664
v 11.0354 -3.34435 -1.17498
v 10.9501 -3.01487 -1.47944
v 10.9388 -2.401 -1.53577
v 11.0093 -1.93517 -7.54001
v 11.0628 -2.22437 -1.44051
v 11.1488 0.791299 -10.1104
v 10.9066 1.06 -4.09309
v 11.0555 3.65296 -8.8109
v 11.2342 9.10679 -9.14768
v 11.1983 9.03077 -6.25506
v 11.1318 9.05314 -5.9339
v 11.0901 9.07305 -5.82202
v 11.1159 9.03078 -5.43368
v 11.0469 9.02331 -4.63146
v 10.9808 11.3993 -10.5089
v 11.2117 11.2188 -3.48738
v 10.9222 11.2762 -2.23341
v 11.0995 13.5681 -10.4636
v 11.0298 13.3625 -5.99574
v 11.0196 13.333 -5.81308
v 11.0348 13.5736 -2.43998
v 11.2435 15.3085 -6.51596
v 11.1491 15.3085 -5.57552
v 11.1 15.8608 -6.53035
v 11.2424 15.7431 -5.83361
v 11.0056 15.8608 -5.58992
v 11.2042 15.7687 -4.61568
v 11.0434 15.744 -3.58018
v 10.9712 16.3333 -6.57025
v 11.2637 -17.1557 -3.62298
v 11.4152 -16.7186 0.0285396
v 11.5895 -16.0161 0.0727826
v 11.3503 -15.2356 -0.0312524
v 11.5417 -14.9067 -3.18345
v 11.5711 -9.52072 0.580212
v 11.3624 -9.10786 -0.193499
v 11.345 -8.93915 1.29199
v 11.5123 -8.96122 1.76793
v 11.2963 -8.21279 -1.0001
v 11.2663 -8.1589 1.97018
v 11.4005 -8.01951 2.18983
v 11.5344 -7.88956 2.29276
v 11.3562 -6.93349 -1.87431
v 11.2951 -7.32139 -1.63506
v 11.4182 -7.28002 2.02318
v 11.3748 -6.80811 -1.95184
v 11.3761 -6.61357 1.66313
v 11.3548 -6.86164 1.76203
v 11.4952 -6.16922 -3.34272
v 11.516 -6.21045 1.29377
v 11.4663 -6.25996 1.5639
v 11.5887 -6.01354 1.75763
v 11.3152 -5.75759 1.07077
v 11.2912 -5.16617 0.528952
v 11.374 -4.8107 0.131488
v 11.3485 -4.78414 0.277907
v 11.4184 -4.48551 0.4209
v 11.5621 -4.28206 0.525134
v 11.2507 -1.99454 -1.33741
v 11.3543 1.08647 -10.1896
v 11.4048 1.51008 -10.2344
v 11.4534 1.76999 -10.1127
v 11.4117 1.47518 -4.53608
v 11.5008 1.9357 -10.0262
v 11.5366 3.12791 -9.13316
v 11.3281 9.04419 -8.09787
v 11.29 9.02331 -7.05502
v 11.5294 11.204 -6.22178
v 11.4639 11.2174 -5.90034
v 11.423 11.2294 -5.78845
v 11.447 11.2041 -5.40047
v 11.3777 11.1996 -4.59829
v 11.5628 13.6004 -5.88973
v 11.5228 13.6042 -5.77803
v 11.5458 13.5995 -5.39056
v 11.5628 13.5849 -5.18948
v 11.4762 13.5986 -4.5884
v 11.3138 13.5924 -3.53161
v 11.4922 13.9004 -5.31141
v 11.5132 14.2662 -6.47764
v 11.4143 14.2662 -5.4915
v 11.387 14.7563 -6.50156
v 11.2927 14.7563 -5.56113
v 11.3579 15.3744 -9.13527
v 11.4538 15.575 -8.08522
v 11.4276 15.688 -7.04104
v 11.3498 15.7382 -6.23906
v 11.2913 15.7501 -5.91561
v 11.2755 15.756 -5.74543
v 11.2742 15.7656 -5.4178
v 11.5168 17.3715 -4.99499
v 11.4099 17.7273 -4.79566
v 11.4827 18.0251 -6.79762
v 11.3265 18.1225 -4.97583
v 11.3892 18.4264 -6.47719
v 11.3432 18.606 -6.21128
v 11.356 18.6372 -5.94876
v 11.345 18.6362 -5.83471
v 11.2805 18.6049 -5.58273
v 11.2791 18.4505 -5.31252
v 11.5956 -16.4256 -3.40315
v 11.7726 -15.6666 -3.29976
v 11.7865 -9.64486 -0.665865
v 11.8329 -9.64229 1.2713
v 11.6661 -8.86993 2.1476
v 11.8039 -8.73805 2.37329
v 11.699 -8.69119 -1.55044
v 11.6868 -7.72743 -2.20909
v 11.7502 -7.74428 2.36099
v 11.8294 -7.51617 2.64659
v 11.6163 -6.90835 -2.79129
v 11.7368 -7.21463 -2.48462
v 11.5967 -7.14902 2.1027
v 11.5928 -7.00865 2.28656
v 11.6748 -6.8701 2.42417
v 11.8409 -6.64302 2.53889
v 11.7474 -5.79297 1.86806
v 11.6147 -4.73311 -5.0039
v 11.7716 -3.98513 0.607895
v 11.5979 -1.8392 -7.8181
v 11.6044 -1.72836 -1.30322
v 11.8893 1.74411 -4.97873
v 11.6296 2.13692 -10.0331
v 11.7157 2.27285 -9.92483
v 11.8648 2.39446 -9.70343
v 11.8728 2.635 -9.42109
v 11.6043 11.2197 -9.11056
v 11.6688 11.2046 -8.0637
v 11.6208 11.1996 -7.02184
v 11.794 13.1091 -6.23771
v 11.8564 12.8452 -5.99596
v 11.8775 12.8564 -5.7908
v 11.756 12.9738 -5.49145
v 11.6624 13.2456 -5.29434
v 11.6851 13.4851 -9.10245
v 11.758 13.5462 -8.05474
v 11.7152 13.5782 -7.01232
v 11.6541 13.5887 -6.29203
v 11.6049 13.9004 -6.43466
v 11.8717 16.2845 -5.36039
v 11.8271 16.9357 -6.88802
v 11.6648 16.9316 -5.28089
v 11.696 17.2903 -7.00167
v 11.5946 17.5853 -7.02247
v 12.0564 -10.06 0.262974
v 12.0358 -9.65308 1.81319
v 12.1991 -9.58184 2.19986
v 12.2151 -8.95537 -2.02463
v 11.9371 -8.60559 2.47903
v 12.1467 -8.44745 2.54886
v 12.1934 -8.30279 2.76963
v 12.1839 -7.96756 -2.68252
v 12.2022 -7.4345 -2.9375
v 12.1017 -7.13042 -3.26792
v 12.0407 -7.21862 2.83596
v 11.9753 -6.37723 -3.82756
v 12.0852 -6.27363 2.60248
v 11.9791 -5.44606 1.93545
v 12.1729 -4.73479 -5.38291
v 12.1743 -3.71437 0.68468
v 12.2731 -1.69738 -8.00244
v 12.2255 -1.44036 -1.41636
v 12.2677 14.779 -5.28241
v 12.2454 15.5611 -6.81258
v 12.0888 15.5327 -5.32904
v 12.0284 16.317 -6.83434
v 12.2307 18.1396 -4.69255
v 12.1459 18.5507 -4.83631
v 12.224 18.861 -6.43786
v 12.181 19.0389 -6.16207
v 12.1709 19.0879 -5.94531
v 12.1746 19.0621 -5.78135
v 12.1106 19.0389 -5.46079
v 12.1012 18.8773 -5.16954
v 12.6247 -10.3708 -0.112566
v 12.3831 -10.1699 1.10339
v 12.6169 -10.1916 1.69794
v 12.3226 -9.93417 -1.11185
v 12.3406 -9.45796 2.4297
v 12.5345 -9.26876 2.55056
v 12.2821 -8.17328 2.91594
v 12.452 -7.93906 3.03781
v 12.4213 -6.72057 2.89989
v 12.5754 -6.39872 -4.19228
v 12.4787 -6.06365 2.69579
v 12.3997 -5.194 2.03864
v 12.3341 1.82954 -5.42975
v 12.5122 13.514 -4.73805
v 12.5626 14.1333 -6.75687
v 12.3997 14.1292 -5.14416
v 12.4238 14.7952 -6.79468
v 12.5267 17.2139 -5.32614
v 12.5407 17.7243 -6.95598
v 12.3414 17.7243 -4.96971
v 12.4323 18.0584 -6.92276
v 12.3172 18.4858 -6.72074
v 12.791 -10.1368 2.0867
v 12.9363 -10.0191 2.31799
v 12.8729 -9.02869 -2.34889
v 12.6991 -9.11261 2.63722
v 12.776 -8.96095 2.90856
v 12.8138 -8.01906 -3.01844
v 12.7921 -7.47314 -3.26267
v 12.6999 -7.54194 3.10623
v 12.7128 -7.16547 -3.61669
v 12.9448 -6.99741 3.0795
v 12.8195 -4.60572 -5.67039
v 12.907 -3.58912 0.779554
v 12.8463 -1.49085 -8.10595
v 12.9427 -1.18412 -1.64718
v 12.739 1.69317 -5.8993
v 12.9001 12.6399 -6.26827
v 12.931 12.4955 -6.05201
v 12.9546 12.4929 -5.75578
v 12.8923 12.4801 -5.51672
v 12.7884 12.6402 -5.1555
v 12.829 12.9548 -6.43305
v 12.6671 12.9548 -4.81883
v 12.6605 13.6895 -6.67541
v 12.7414 13.3385 -6.56317
v 12.835 16.5171 -5.42021
v 12.7119 17.3113 -6.90831
v 12.9603 19.1907 -5.75695
v 12.923 19.1955 -5.48838
v 12.9155 18.9889 -5.11115
v 13.2752 -10.476 -0.48763
v 12.984 -10.4999 0.797691
v 13.2397 -10.5379 1.41362
v 12.9896 -10.0297 -1.43658
v 13.156 -9.76601 2.46038
v 13.2765 -9.6273 2.58892
v 12.9921 -8.66085 3.1073
v 13.2354 -8.2468 3.17848
v 13.2703 -6.26721 -4.46351
v 13.1019 -6.32617 2.91665
v 13.1375 -5.26432 2.27294
v 13.1183 -1.20048 -8.14624
v 13.2635 -0.820809 -8.11537
v 13.1227 1.36558 -6.37341
v 13.2689 14.9212 -5.22368
v 13.3085 15.8367 -6.83831
v 13.1285 15.7231 -5.35253
v 13.0156 16.6469 -6.86769
v 13.0889 17.8171 -5.05113
v 13.2681 18.0827 -6.71076
v 13.0482 18.2138 -4.75622
v 13.2043 18.5985 -6.50973
v 13.0377 18.6018 -4.83986
v 13.0371 18.9881 -6.32576
v 12.9755 19.1712 -6.08224
v 13.6187 -10.6078 0.360721
v 13.4267 -10.4939 1.79939
v 13.5763 -10.3797 2.02954
v 13.3187 -9.58029 2.72823
v 13.4203 -9.46398 2.87525
v 13.5868 -9.22108 3.00134
v 13.639 -8.87651 -2.60496
v 13.5479 -7.89855 -3.2599
v 13.4962 -7.45851 -3.45034
v 13.525 -7.62562 3.17907
v 13.4242 -7.04708 -3.86643
v 13.4777 -7.31669 -3.511
v 13.5343 -4.3789 -5.88765
v 13.585 -1.01764 -1.96293
v 13.3351 -0.560167 -7.96834
v 13.4742 -0.281997 -7.84223
v 13.5009 0.877002 -6.84028
v 13.5902 12.9584 -4.60134
v 13.6005 13.7198 -6.69666
v 13.3923 13.7198 -4.62118
v 13.4715 13.3318 -4.39469
v 13.5164 14.2341 -6.78937
v 13.3318 14.2179 -4.99334
v 13.4472 14.9861 -6.8244
v 13.3228 17.2897 -5.37556
v 13.5171 17.4872 -6.77545
v 13.6124 17.6969 -4.98157
v 13.6144 19.11 -6.01817
v 13.5858 19.1284 -5.6942
v 13.5812 19.1568 -5.53121
v 13.5441 19.11 -5.31715
v 13.6287 18.8507 -5.06431
v 13.8831 -10.6502 0.947842
v 13.9688 -10.3239 -0.914248
v 13.8432 -10.1965 2.11812
v 13.8045 -10.1883 2.33763
v 13.7536 -9.85891 -1.74113
v 13.8664 -10.043 2.13583
v 13.8453 -10.0082 2.31889
v 13.8217 -8.79215 3.07494
v 13.8243 -6.76775 3.08629
v 13.9958 -5.45513 2.44832
v 13.7606 -3.53526 0.790796
v 13.7486 0.124869 -7.55036
v 13.7506 0.402106 -7.25071
v 13.8382 12.6678 -6.23769
v 13.8729 12.528 -5.99236
v 13.8819 12.5178 -5.69921
v 13.8696 12.5178 -5.57676
v 13.8026 12.528 -5.29108
v 13.7125 12.6678 -4.98538
v 13.7728 12.9584 -6.42173
v 13.6894 13.3318 -6.56715
v 13.8993 16.8499 -6.75096
v 13.7072 16.6227 -5.45297
v 13.9177 17.2524 -5.12313
v 13.8256 17.8701 -6.63663
v 13.9874 18.0239 -6.52063
v 13.8844 18.0648 -4.80811
v 13.7501 18.8637 -6.23923
v 14.0857 -10.61 1.32482
v 14.2396 -10.4801 -0.193866
v 14.2925 -10.4207 1.61145
v 14.0186 -10.1416 2.35729
v 14.1204 -9.91008 2.37869
v 14.0729 -9.84482 2.60565
v 14.2593 -9.49565 2.67601
v 14.2541 -9.52773 2.83987
v 14.1346 -8.09885 3.0847
v 14.2548 -7.1406 -3.65227
v 14.2106 -6.80921 -4.0457
v 14.0353 -6.01658 -4.66753
v 14.1474 -4.09965 -6.00486
v 14.1383 -0.993387 -2.36694
v 14.2309 13.5779 -4.37352
v 14.325 13.9279 -6.61463
v 14.1133 13.9063 -4.56344
v 14.2911 14.4764 -6.68825
v 14.0984 14.4223 -4.91464
v 14.1228 15.111 -5.18177
v 14.3114 15.2408 -6.70962
v 14.0408 15.8764 -5.36212
v 14.2321 16.0793 -6.71758
v 14.2996 16.6656 -5.14222
v 14.3449 17.2937 -4.81103
v 14.1341 17.4905 -6.63377
v 14.1554 18.2787 -6.35429
v 14.2209 18.6449 -6.12259
v 14.1517 18.7891 -5.61019
v 14.1158 18.6391 -5.09025
v 14.2139 18.7996 -5.95813
v 14.1979 18.8349 -5.68965
v 14.1812 18.8349 -5.52314
v 14.1435 18.7996 -5.25692
v 14.4948 -10.5277 0.33699
v 14.3952 -10.1994 1.73431
v 14.6556 -9.85809 -1.44922
v 14.5148 -10.0697 1.86973
v 14.5668 -9.33966 -2.13824
v 14.409 -9.56791 2.65366
v 14.3733 -9.60275 2.80446
v 14.5767 -9.12839 2.70151
v 14.521 -9.10761 2.86835
v 14.4706 -8.45886 -2.88292
v 14.6597 -8.59506 2.89626
v 14.3552 -7.62178 -3.45179
v 14.5207 -7.06194 3.00727
v 14.6937 -5.71477 -4.76664
v 14.4874 -3.81743 -5.99071
v 14.6595 -3.55076 -5.91592
v 14.5099 -3.47358 0.60068
v 14.591 -1.16497 -2.86124
v 14.6304 12.803 -5.91625
v 14.6445 12.7674 -5.69692
v 14.617 12.7945 -5.53632
v 14.5601 12.803 -5.21524
v 14.603 12.9622 -6.15913
v 14.478 12.959 -4.92176
v 14.4497 13.6028 -6.48673
v 14.5763 13.3187 -6.33387
v 14.3961 13.3057 -4.57295
v 14.5119 14.1637 -4.56719
v 14.5874 14.6329 -4.78366
v 14.6555 15.2766 -4.95351
v 14.5987 15.9893 -5.07396
v 14.5171 16.9253 -6.60472
v 14.5666 17.4945 -6.47501
v 14.5768 18.1678 -4.96915
v 15.0155 -10.1754 -0.37704
v 14.714 -10.4844 0.699563
v 14.874 -10.3672 0.919239
v 14.9695 -10.2147 1.04453
v 14.7917 -10.1057 -0.849479
v 15.0058 -10.0148 1.15664
v 15.0062 -9.90618 1.65109
v 15.0124 -9.88536 1.74382
v 14.8025 -9.80715 2.16537
v 14.7606 -8.65341 2.73654
v 14.8434 -8.59947 2.84591
v 14.7642 -8.59126 3.01749
v 14.9592 -8.16431 2.73226
v 14.8617 -8.09757 2.89191
v 14.9759 -8.06979 3.01293
v 15.0236 -7.64567 2.81748
v 14.9474 -6.95784 -3.6732
v 14.8888 -6.51703 -4.12232
v 14.9064 -6.81886 -3.7389
v 14.7673 -5.53974 2.34794
v 14.7693 -3.31592 -5.85213
v 15.0118 -3.28948 -5.32731
v 14.7531 -3.04268 -5.88782
v 14.7136 -2.90634 -5.83535
v 14.9576 -1.48322 -3.43995
v 15.0343 13.4163 -4.9053
v 14.9467 14.1893 -6.42441
v 14.7254 14.0898 -4.48896
v 14.7339 14.2503 -6.54552
v 14.8031 14.7682 -6.56667
v 14.9435 14.7955 -4.65588
v 14.8707 15.4714 -6.56926
v 14.8157 16.2328 -6.57478
v 14.9902 16.1166 -4.76832
v 14.9792 16.9379 -6.43778
v 14.7531 16.7106 -4.80166
v 14.9537 17.5288 -6.29602
v 14.7718 17.4185 -4.78281
v 14.6982 18.1808 -6.14419
v 14.8904 18.184 -5.89041
v 14.8918 18.2157 -5.6729
v 14.844 18.1919 -5.51336
v 14.82 18.184 -5.18893
v 15.2505 -10.1226 -0.0341894
v 15.1559 -9.71648 -1.2774
v 15.2292 -9.87893 1.34786
v 15.1704 -9.94521 1.59478
v 15.1721 -9.82896 1.79722
v 15.2241 -9.36547 -1.8154
v 15.0869 -9.23161 2.30911
v 15.2499 -8.78352 -2.41019
v 15.3681 -8.50963 2.31954
v 15.1781 -7.9951 -3.05266
v 15.0734 -8.13653 2.85328
v 15.1591 -7.70316 2.69817
v 15.1905 -7.61287 2.90305
v 15.0498 -7.29131 -3.54035
v 15.2391 -7.1772 2.63782
v 15.2372 -7.16397 2.83965
v 15.2965 -6.60564 -3.64958
v 15.3112 -6.72489 2.42706
v 15.2754 -6.69349 2.60978
v 15.3175 -6.89361 2.81254
v 15.2779 -6.24156 -4.05879
v 15.2536 -6.09475 1.65062
v 15.2224 -6.06864 1.81075
v 15.3408 -6.10256 2.13533
v 15.3336 -6.23445 2.34549
v 15.2599 -5.89282 1.64594
v 15.2311 -5.89484 1.85213
v 15.3214 -5.87827 2.09788
v 15.38 -5.83348 2.24315
v 15.1722 -5.28122 -4.67108
v 15.2573 -4.20029 -4.58408
v 15.1643 -3.83809 -5.05642
v 15.3175 -4.02791 -4.86332
v 15.137 -3.50088 0.237821
v 15.2234 -3.06201 -5.26248
v 15.2512 -1.89669 -4.09765
v 15.1652 13.1538 -5.75368
v 15.129 13.161 -5.51217
v 15.1165 13.1538 -5.26831
v 15.1574 13.4293 -6.09807
v 15.2225 14.0978 -6.24726
v 15.356 13.8554 -4.95785
v 15.0496 14.0458 -4.66478
v 15.1676 14.9706 -6.41472
v 15.351 15.047 -4.70669
v 15.0427 15.4747 -4.73436
v 15.2682 15.6857 -6.40879
v 15.2162 16.3398 -6.41401
v 15.2086 16.8229 -4.74502
v 15.336 17.4904 -6.0857
v 15.2105 17.4628 -4.91007
v 15.3967 -9.68582 -1.09421
v 15.415 -9.99979 0.176257
v 15.5086 -9.77505 0.352059
v 15.4202 -9.82883 1.69073
v 15.5579 -9.74141 1.784
v 15.6437 -9.61994 -0.773516
v 15.5732 -9.58546 0.49566
v 15.5055 -9.53875 1.5867
v 15.5584 -9.49395 1.88764
v 15.6239 -9.36299 1.99979
v 15.6064 -9.16276 -1.70717
v 15.6918 -9.08488 1.67216
v 15.671 -8.53387 -2.29902
v 15.6012 -7.72378 -2.95538
v 15.4541 -7.01845 -3.4606
v 15.4299 -7.07256 2.63755
v 15.4216 -7.07248 2.76074
v 15.5449 -6.44896 -3.46204
v 15.6922 -6.78844 -3.28645
v 15.4776 -6.63077 2.4101
v 15.4629 -6.60677 2.5995
v 15.3879 -6.88937 2.79719
v 15.5529 -6.22932 -3.50408
v 15.6805 -6.1674 -3.32238
v 15.4778 -6.13615 2.11012
v 15.5504 -6.19171 2.34293
v 15.4223 -6.19811 2.5008
v 15.4967 -5.9721 -3.92866
v 15.6623 -5.69518 -3.80882
v 15.398 -5.88039 1.69532
v 15.4756 -5.81224 1.87206
v 15.5186 -5.74088 2.10321
v 15.4707 -5.90439 2.33304
v 15.3997 -4.73863 -4.59265
v 15.6145 -4.77758 -4.26125
v 15.6317 -3.71921 -0.260886
v 15.4116 -2.6414 -4.99528
v 15.4198 -2.31311 -4.67036
v 15.5298 13.7358 -5.82614
v 15.5 13.7192 -5.50226
v 15.4882 13.7221 -5.23083
v 15.4619 13.8612 -5.99812
v 15.6522 14.4909 -6.0485
v 15.529 14.4779 -4.85561
v 15.5347 15.1574 -6.23773
v 15.6473 15.8918 -6.2337
v 15.4601 15.7619 -4.7198
v 15.5909 16.443 -6.23937
v 15.4036 16.3131 -4.72546
v 15.3959 16.9528 -6.25892
v 15.5723 16.9388 -4.87527
v 15.6991 16.9713 -6.0511
v 15.4805 17.5026 -5.83134
v 15.4399 17.5026 -5.50844
v 15.4349 17.5131 -5.23566
v 15.811 -9.49077 -0.573717
v 15.8954 -9.27031 -0.392088
v 15.8256 -9.47322 0.643519
v 15.811 -9.38688 1.82724
v 15.7594 -9.30203 1.99701
v 15.8601 -9.08338 -1.40725
v 16.028 -8.94835 -1.21767
v 15.9513 -9.08573 -0.241503
v 16.0336 -9.15727 0.828019
v 15.9524 -9.03191 1.85009
v 15.9111 -8.95377 1.98992
v 15.9306 -8.43021 -2.01923
v 15.927 -8.41276 1.67195
v 16.0398 -8.66318 1.83655
v 15.8678 -7.57509 -2.69716
v 15.7351 -7.44018 2.22502
v 15.885 -6.58266 -3.09671
v 15.8694 -5.98771 -3.1589
v 16.0254 -6.29627 -2.98814
v 15.8261 -5.53321 -3.61154
v 15.8546 -5.78923 -3.24718
v 15.955 -5.86688 1.53074
v 16.001 -4.02643 -0.930174
v 15.8204 14.6052 -5.79713
v 15.7844 14.5942 -5.47381
v 15.807 14.5888 -5.30723
v 15.75 14.6052 -5.09565
v 15.8678 15.4099 -6.03235
v 16.0036 15.4895 -5.77887
v 15.9641 15.4856 -5.45587
v 15.9895 15.485 -5.28855
v 15.9333 15.4895 -5.07715
v 15.7419 15.3823 -4.85227
v 15.807 16.0124 -4.85173
v 15.9338 16.0448 -6.02756
v 16.0534 16.0999 -5.77393
v 16.0122 16.098 -5.45108
v 16.0383 16.103 -5.28347
v 15.983 16.0999 -5.0721
v 15.744 16.4905 -4.85806
v 15.8707 16.5229 -6.03389
v 15.9869 16.5603 -5.78062
v 15.9452 16.5579 -5.4578
v 15.9705 16.5689 -5.29023
v 15.9165 16.5603 -5.07876
v 15.8209 16.9946 -5.79725
v 15.7798 16.992 -5.47438
v 15.803 17.0086 -5.30708
v 15.7505 16.9946 -5.09542
v 16.1093 -8.79694 -1.0906
v 16.2132 -8.9565 -0.120198
v 16.1634 -8.76343 1.69328
v 16.239 -8.7484 1.74656
v 16.1582 -8.30139 -1.68952
v 16.1933 -8.56278 -0.890194
v 16.4136 -8.638 0.0587726
v 16.1985 -8.70515 0.919834
v 16.308 -8.43915 1.64338
v 16.2315 -8.45521 1.83503
v 16.2465 -7.92846 -1.84012
v 16.2603 -8.06486 -1.60086
v 16.2292 -8.11437 -1.49293
v 16.3841 -8.09588 0.882476
v 16.3934 -7.84727 1.45995
v 16.3467 -8.00792 1.6206
v 16.3638 -8.03934 1.77386
v 16.0957 -7.47226 -2.39572
v 16.2042 -7.58654 -1.88039
v 16.2931 -7.52288 -1.7477
v 16.3742 -7.38576 0.928642
v 16.2998 -7.3751 1.01272
v 16.4012 -7.64123 1.44442
v 16.3477 -7.67609 1.55416
v 16.2053 -7.01727 -2.43115
v 16.3342 -7.25963 0.88507
v 16.3293 -7.16867 1.07427
v 16.3571 -6.102 0.81752
v 16.1372 -5.54349 -3.18396
v 16.2418 -5.32091 -3.06389
v 16.3394 -4.98085 -2.921
v 16.3631 -4.61611 -2.56612
v 16.2486 -4.31379 -1.80248
v 16.4872 -8.34528 -0.728519
v 16.6141 -8.09072 -0.604871
v 16.5585 -8.1926 0.157106
v 16.5957 -7.8574 0.270096
v 16.5176 -7.91569 1.4302
v 16.5002 -8.04334 1.60778
v 16.4925 -7.35702 -1.64628
v 16.7434 -7.65514 -0.501072
v 16.5804 -7.36875 0.619199
v 16.4621 -7.36141 0.926796
v 16.572 -7.39309 1.17308
v 16.5502 -7.53933 1.35324
v 16.5212 -7.64663 1.55631
v 16.6103 -7.11113 -1.52421
v 16.7679 -7.32155 -0.176061
v 16.4788 -7.22915 0.908667
v 16.5397 -7.16743 1.08032
v 16.5521 -7.19077 1.3013
v 16.7231 -6.70448 -1.40808
v 16.755 -6.33609 -1.04571
v 16.6323 -6.19884 -0.174286
f 4323 4116 4179
f 4323 4179 4317
f 4116 4065 4062
f 4116 4062 4179
f 4058 4180 4179
f 4058 4179 4062
f 4180 4315 4317
f 4180 4317 4179
f 4365 4173 4249
f 4365 4249 4363
f 4173 4111 4108
f 4173 4108 4249
f 4108 4246 4249
f 4246 4388 4363
f 4246 4363 4249
f 4165 4162 4357
f 4165 4357 4299
f 4162 4243 4356
f 4162 4356 4357
f 4439 4441 4357
f 4439 4357 4356
f 4441 4411 4299
f 4441 4299 4357
f 4448 4397 4391
f 4448 4391 4471
f 4397 4323 4317
f 4397 4317 4391
f 4315 4390 4391
f 4315 4391 4317
f 4390 4469 4471
f 4390 4471 4391
f 4498 4415 4444
f 4498 4444 4528
f 4415 4365 4363
f 4415 4363 4444
f 4388 4465 4444
f 4388 4444 4363
f 4465 4555 4528
f 4465 4528 4444
f 4411 4441 4491
f 4411 4491 4494
f 4441 4439 4524
f 4441 4524 4491
f 4591 4594 4491
f 4591 4491 4524
f 4594 4548 4494
f 4594 4494 4491
f 4563 4505 4532
f 4563 4532 4601
f 4505 4448 4471
f 4505 4471 4532
f 4469 4532 4471
f 4532 4558 4639
f 4695 4601 4532
f 4695 4532 4639
f 4695 4639 4693
f 4695 4693 4746
f 4639 4558 4637
f 4639 4637 4693
f 4635 4744 4693
f 4635 4693 4637
f 4744 4790 4746
f 4744 4746 4693
f 4783 4689 4687
f 4783 4687 4739
f 4689 4632 4629
f 4689 4629 4687
f 4548 4594 4687
f 4548 4687 4629
f 4594 4591 4627
f 4594 4627 4687
f 4686 4739 4687
f 4686 4687 4627
f 4108 4170 4306
f 4108 4306 4246
f 4170 4168 4304
f 4170 4304 4306
f 4413 4386 4306
f 4413 4306 4304
f 4386 4388 4246
f 4386 4246 4306
f 4388 4386 4463
f 4388 4463 4465
f 4386 4413 4496
f 4386 4496 4463
f 4552 4553 4463
f 4552 4463 4496
f 4553 4555 4465
f 4553 4465 4463
f 4632 4689 4742
f 4632 4742 4690
f 4689 4783 4784
f 4689 4784 4742
f 4790 4744 4742
f 4790 4742 4784
f 4744 4635 4690
f 4744 4690 4742
f 4058 4113 4175
f 4058 4175 4180
f 4113 4111 4173
f 4113 4173 4175
f 4365 4314 4175
f 4365 4175 4173
f 4314 4315 4180
f 4314 4180 4175
f 4315 4314 4417
f 4315 4417 4390
f 4314 4365 4415
f 4314 4415 4417
f 4498 4467 4417
f 4498 4417 4415
f 4467 4469 4390
f 4467 4390 4417
f 4469 4467 4500
f 4469 4500 4532
f 4467 4498 4529
f 4467 4529 4500
f 4558 4532 4500
f 4558 4500 4529
f 4558 4529 4557
f 4558 4557 4637
f 4529 4498 4528
f 4529 4528 4557
f 4555 4598 4557
f 4555 4557 4528
f 4598 4635 4637
f 4598 4637 4557
f 4635 4598 4597
f 4635 4597 4690
f 4598 4555 4553
f 4598 4553 4597
f 4552 4596 4597
f 4552 4597 4553
f 4596 4632 4690
f 4596 4690 4597
f 4632 4596 4595
f 4632 4595 4629
f 4596 4552 4550
f 4596 4550 4595
f 4548 4629 4595
f 4548 4595 4550
f 4548 4550 4493
f 4548 4493 4494
f 4550 4552 4496
f 4550 4496 4493
f 4413 4411 4493
f 4413 4493 4496
f 4411 4494 4493
f 4411 4302 4299
f 4411 4413 4304
f 4411 4304 4302
f 4168 4165 4302
f 4168 4302 4304
f 4165 4299 4302
f 4065 4116 4115
f 4065 4115 4061
f 4116 4323 4322
f 4116 4322 4115
f 4321 4184 4115
f 4321 4115 4322
f 4184 4061 4115
f 4058 4062 4057
f 4062 4065 4061
f 4062 4061 4057
f 4439 4356 4355
f 4439 4355 4438
f 4356 4243 4355
f 4165 4104 4103
f 4165 4168 4104
f 4104 4164 4103
f 4323 4397 4396
f 4323 4396 4322
f 4397 4448 4447
f 4397 4447 4396
f 4447 4395 4396
f 4395 4321 4322
f 4395 4322 4396
f 4591 4524 4523
f 4591 4523 4589
f 4524 4439 4438
f 4524 4438 4523
f 4438 4522 4523
f 4522 4588 4589
f 4522 4589 4523
f 4448 4505 4504
f 4448 4504 4447
f 4505 4563 4567
f 4505 4567 4504
f 4566 4503 4504
f 4566 4504 4567
f 4503 4447 4504
f 4563 4601 4644
f 4563 4644 4567
f 4601 4695 4750
f 4601 4750 4644
f 4750 4643 4644
f 4643 4566 4567
f 4643 4567 4644
f 4790 4784 4789
f 4790 4789 4795
f 4784 4783 4782
f 4784 4782 4789
f 4781 4788 4789
f 4781 4789 4782
f 4788 4794 4795
f 4788 4795 4789
f 4783 4739 4777
f 4783 4777 4782
f 4739 4686 4736
f 4739 4736 4777
f 4736 4776 4777
f 4776 4781 4782
f 4776 4782 4777
f 4686 4627 4683
f 4686 4683 4736
f 4627 4591 4589
f 4627 4589 4683
f 4588 4683 4589
f 4695 4746 4799
f 4695 4799 4750
f 4746 4790 4795
f 4746 4795 4799
f 4794 4798 4799
f 4794 4799 4795
f 4798 4750 4799
f 4111 4113 4054
f 4113 4058 4057
f 4113 4057 4054
f 4243 4162 4161
f 4162 4165 4103
f 4162 4103 4161
f 4164 4161 4103
f 4321 4183 4184
f 4321 4320 4183
f 4064 4061 4183
f 4061 4184 4183
f 4243 4242 4355
f 4437 4438 4355
f 4164 4104 4167
f 4447 4446 4395
f 4320 4321 4395
f 4438 4437 4522
f 4437 4521 4522
f 4588 4522 4521
f 4566 4502 4503
f 4566 4562 4502
f 4446 4447 4503
f 4446 4503 4502
f 4750 4749 4643
f 4562 4566 4643
f 4781 4780 4787
f 4781 4787 4788
f 4793 4794 4788
f 4793 4788 4787
f 4736 4735 4775
f 4736 4775 4776
f 4780 4781 4776
f 4780 4776 4775
f 4588 4682 4683
f 4735 4736 4683
f 4735 4683 4682
f 4794 4793 4797
f 4794 4797 4798
f 4749 4750 4798
f 4749 4798 4797
f 4242 4243 4161
f 4510 4572 4570
f 4510 4570 4507
f 4572 4652 4650
f 4572 4650 4570
f 4646 4606 4570
f 4646 4570 4650
f 4606 4535 4507
f 4606 4507 4570
f 4401 4452 4449
f 4401 4449 4398
f 4452 4510 4507
f 4452 4507 4449
f 4535 4474 4449
f 4535 4449 4507
f 4474 4450 4398
f 4474 4398 4449
f 4259 4326 4368
f 4259 4368 4258
f 4326 4401 4398
f 4326 4398 4368
f 4450 4399 4368
f 4450 4368 4398
f 4399 4327 4258
f 4399 4258 4368
f 4131 4194 4193
f 4131 4193 4196
f 4194 4259 4258
f 4194 4258 4193
f 4327 4260 4193
f 4327 4193 4258
f 4260 4195 4196
f 4260 4196 4193
f 4652 4654 4709
f 4652 4709 4708
f 4654 4658 4710
f 4654 4710 4709
f 4714 4765 4709
f 4714 4709 4710
f 4765 4762 4708
f 4765 4708 4709
f 4535 4606 4602
f 4535 4602 4568
f 4606 4646 4696
f 4606 4696 4602
f 4701 4645 4602
f 4701 4602 4696
f 4645 4603 4568
f 4645 4568 4602
f 4646 4650 4706
f 4646 4706 4696
f 4650 4652 4708
f 4650 4708 4706
f 4762 4756 4706
f 4762 4706 4708
f 4756 4701 4696
f 4756 4696 4706
f 4450 4474 4506
f 4450 4506 4451
f 4474 4535 4568
f 4474 4568 4506
f 4603 4534 4506
f 4603 4506 4568
f 4534 4475 4451
f 4534 4451 4506
f 4327 4399 4400
f 4327 4400 4369
f 4399 4450 4451
f 4399 4451 4400
f 4475 4420 4400
f 4475 4400 4451
f 4420 4370 4369
f 4420 4369 4400
f 4131 4196 4199
f 4131 4199 4132
f 4196 4195 4197
f 4196 4197 4199
f 4263 4200 4199
f 4263 4199 4197
f 4200 4202 4132
f 4200 4132 4199
f 4195 4260 4261
f 4195 4261 4197
f 4260 4327 4369
f 4260 4369 4261
f 4370 4328 4261
f 4370 4261 4369
f 4328 4263 4197
f 4328 4197 4261
f 4762 4765 4817
f 4762 4817 4804
f 4765 4714 4767
f 4765 4767 4817
f 4769 4824 4817
f 4769 4817 4767
f 4824 4818 4810
f 4824 4810 4817
f 4804 4817 4810
f 4603 4645 4697
f 4603 4697 4604
f 4645 4701 4751
f 4645 4751 4697
f 4752 4698 4697
f 4752 4697 4751
f 4698 4605 4604
f 4698 4604 4697
f 4701 4756 4757
f 4701 4757 4751
f 4756 4762 4804
f 4756 4804 4757
f 4804 4800 4757
f 4800 4752 4751
f 4800 4751 4757
f 4475 4534 4536
f 4475 4536 4476
f 4534 4603 4604
f 4534 4604 4536
f 4605 4536 4604
f 4536 4508 4476
f 4370 4420 4421
f 4370 4421 4402
f 4420 4475 4476
f 4420 4476 4421
f 4508 4453 4421
f 4508 4421 4476
f 4453 4403 4402
f 4453 4402 4421
f 4202 4200 4201
f 4202 4201 4206
f 4200 4263 4264
f 4200 4264 4201
f 4265 4268 4201
f 4265 4201 4264
f 4268 4271 4206
f 4268 4206 4201
f 4263 4328 4329
f 4263 4329 4264
f 4328 4370 4402
f 4328 4402 4329
f 4403 4372 4329
f 4403 4329 4402
f 4372 4265 4264
f 4372 4264 4329
f 4658 4654 4577
f 4658 4577 4579
f 4654 4652 4572
f 4654 4572 4577
f 4510 4480 4577
f 4510 4577 4572
f 4480 4481 4579
f 4480 4579 4577
f 4481 4480 4422
f 4481 4422 4425
f 4480 4510 4452
f 4480 4452 4422
f 4401 4371 4422
f 4401 4422 4452
f 4371 4375 4425
f 4371 4425 4422
f 4375 4371 4330
f 4375 4330 4331
f 4371 4401 4326
f 4371 4326 4330
f 4259 4262 4330
f 4259 4330 4326
f 4262 4267 4331
f 4262 4331 4330
f 4267 4262 4198
f 4267 4198 4205
f 4262 4259 4194
f 4262 4194 4198
f 4131 4133 4198
f 4131 4198 4194
f 4133 4136 4205
f 4133 4205 4198
f 4136 4133 4134
f 4136 4134 4139
f 4133 4131 4132
f 4133 4132 4134
f 4202 4209 4134
f 4202 4134 4132
f 4209 4214 4139
f 4209 4139 4134
f 4214 4209 4210
f 4214 4210 4217
f 4209 4202 4206
f 4209 4206 4210
f 4271 4270 4210
f 4271 4210 4206
f 4270 4274 4276
f 4270 4276 4210
f 4277 4217 4210
f 4277 4210 4276
f 4658 4618 4661
f 4658 4661 4710
f 4618 4620 4661
f 4718 4713 4661
f 4713 4714 4710
f 4713 4710 4661
f 4714 4713 4719
f 4714 4719 4767
f 4713 4718 4719
f 4771 4768 4719
f 4768 4769 4767
f 4768 4767 4719
f 4481 4482 4543
f 4481 4543 4579
f 4482 4485 4543
f 4620 4618 4543
f 4618 4658 4579
f 4618 4579 4543
f 4375 4376 4426
f 4375 4426 4425
f 4485 4482 4426
f 4482 4481 4425
f 4482 4425 4426
f 4267 4266 4335
f 4267 4335 4331
f 4266 4269 4335
f 4376 4375 4331
f 4376 4331 4335
f 4136 4135 4204
f 4136 4204 4205
f 4135 4212 4208
f 4135 4208 4204
f 4269 4266 4204
f 4269 4204 4208
f 4266 4267 4205
f 4266 4205 4204
f 4214 4215 4213
f 4214 4213 4139
f 4212 4135 4213
f 4135 4136 4139
f 4135 4139 4213
f 4277 4279 4216
f 4277 4216 4217
f 4279 4278 4216
f 4215 4214 4217
f 4215 4217 4216
f 4818 4812 4811
f 4818 4811 4810
f 4804 4810 4811
f 4804 4811 4812
f 4752 4758 4702
f 4752 4702 4698
f 4607 4698 4702
f 4607 4605 4698
f 4804 4812 4805
f 4804 4805 4800
f 4812 4818 4805
f 4758 4752 4805
f 4752 4800 4805
f 4605 4607 4569
f 4605 4569 4536
f 4607 4571 4569
f 4511 4569 4571
f 4511 4508 4536
f 4511 4536 4569
f 4508 4511 4453
f 4423 4403 4453
f 4265 4332 4268
f 4332 4336 4268
f 4273 4271 4268
f 4273 4268 4336
f 4403 4373 4372
f 4403 4423 4373
f 4332 4265 4372
f 4332 4372 4373
f 4271 4273 4270
f 1778 1844 1845
f 1778 1845 1712
f 1844 1966 1967
f 1844 1967 1845
f 1974 1781 1845
f 1974 1845 1967
f 1781 1714 1712
f 1781 1712 1845
f 1974 1967 2061
f 1974 2061 2065
f 1967 1966 2060
f 1967 2060 2061
f 2142 2218 2061
f 2142 2061 2060
f 2218 2223 2065
f 2218 2065 2061
f 2223 2218 2418
f 2223 2418 2515
f 2218 2142 2417
f 2218 2417 2418
f 2610 2694 2418
f 2610 2418 2417
f 2694 2785 2515
f 2694 2515 2418
f 2785 2694 2857
f 2785 2857 2929
f 2694 2610 2780
f 2694 2780 2857
f 2928 2993 2857
f 2928 2857 2780
f 2993 3111 2929
f 2993 2929 2857
f 1714 1781 1783
f 1714 1783 1662
f 1781 1974 1977
f 1781 1977 1783
f 1979 1849 1783
f 1979 1783 1977
f 1849 1719 1662
f 1849 1662 1783
f 1979 1977 2066
f 1979 2066 2097
f 1977 1974 2065
f 1977 2065 2066
f 2223 2225 2066
f 2223 2066 2065
f 2225 2317 2097
f 2225 2097 2066
f 2317 2225 2516
f 2317 2516 2614
f 2225 2223 2515
f 2225 2515 2516
f 2785 2789 2516
f 2785 2516 2515
f 2789 2860 2614
f 2789 2614 2516
f 2860 2789 2995
f 2860 2995 3055
f 2789 2785 2929
f 2789 2929 2995
f 3111 3159 2995
f 3111 2995 2929
f 3159 3161 3055
f 3159 3055 2995
f 1719 1849 1850
f 1719 1850 1726
f 1849 1979 2035
f 1849 2035 1850
f 2071 1918 1850
f 2071 1850 2035
f 1918 1852 1726
f 1918 1726 1850
f 2071 2035 2149
f 2071 2149 2238
f 2035 1979 2097
f 2035 2097 2149
f 2317 2436 2149
f 2317 2149 2097
f 2436 2447 2238
f 2436 2238 2149
f 2447 2436 2702
f 2447 2702 2709
f 2436 2317 2614
f 2436 2614 2702
f 2860 2938 2702
f 2860 2702 2614
f 2938 2941 2709
f 2938 2709 2702
f 2941 2938 3113
f 2941 3113 3114
f 2938 2860 3055
f 2938 3055 3113
f 3161 3239 3113
f 3161 3113 3055
f 3239 3242 3114
f 3239 3114 3113
f 2040 1920 2038
f 2040 2038 2073
f 1920 1852 1918
f 1920 1918 2038
f 2071 2100 2038
f 2071 2038 1918
f 2100 2164 2073
f 2100 2073 2038
f 2164 2100 2345
f 2164 2345 2459
f 2100 2071 2238
f 2100 2238 2345
f 2447 2538 2345
f 2447 2345 2238
f 2538 2636 2459
f 2538 2459 2345
f 2636 2538 2806
f 2636 2806 2809
f 2538 2447 2709
f 2538 2709 2806
f 2941 2944 2806
f 2941 2806 2709
f 2944 2945 2809
f 2944 2809 2806
f 2945 2944 3061
f 2945 3061 3063
f 2944 2941 3114
f 2944 3114 3061
f 3242 3169 3061
f 3242 3061 3114
f 3169 3117 3063
f 3169 3063 3061
f 1594 1593 1656
f 1594 1656 1657
f 1710 1777 1657
f 1710 1657 1656
f 1777 1710 1842
f 1909 1963 1842
f 1963 2057 2058
f 1963 1909 2057
f 2135 2138 2057
f 2138 2058 2057
f 2138 2414 2310
f 2138 2135 2414
f 2605 2606 2310
f 2605 2310 2414
f 2927 2926 3051
f 3156 3157 3051
f 2606 2605 2777
f 2926 2927 2777
f 1599 1598 1595
f 1599 1595 1596
f 1593 1594 1596
f 1593 1596 1595
f 3157 3285 3233
f 3157 3156 3285
f 3335 3286 3285
f 3286 3288 3233
f 3286 3233 3285
f 1728 1732 1668
f 1728 1668 1669
f 1598 1669 1668
f 1598 1599 1669
f 3288 3286 3336
f 3288 3336 3289
f 3286 3335 3336
f 3338 3291 3336
f 3291 3289 3336
f 2039 1986 1856
f 2039 1856 1853
f 1986 1988 1855
f 1986 1855 1856
f 1732 1728 1856
f 1732 1856 1855
f 1728 1853 1856
f 2249 2248 2104
f 2249 2104 2105
f 1988 1986 2105
f 1988 2105 2104
f 1986 2039 2105
f 2637 2719 2462
f 2248 2249 2462
f 3007 2876 2877
f 2719 2877 2876
f 2719 2637 2877
f 3172 3118 3065
f 3007 3065 3118
f 3291 3338 3292
f 3291 3292 3243
f 3172 3243 3292
f 1778 1843 1844
f 1964 1966 1844
f 1964 1844 1843
f 1714 1660 1711
f 1714 1711 1712
f 1778 1712 1711
f 1966 1964 2059
f 1966 2059 2060
f 2138 2139 2059
f 2139 2142 2060
f 2139 2060 2059
f 2142 2139 2416
f 2142 2416 2417
f 2139 2138 2312
f 2139 2312 2416
f 2609 2416 2312
f 2609 2610 2417
f 2609 2417 2416
f 2610 2609 2780
f 2609 2779 2780
f 2927 2780 2779
f 2927 2928 2780
f 2928 2927 3052
f 2928 3052 2993
f 3157 3110 3052
f 3110 3111 2993
f 3110 2993 3052
f 1719 1665 1661
f 1719 1661 1662
f 1665 1664 1661
f 1660 1714 1662
f 1660 1662 1661
f 3111 3110 3234
f 3111 3234 3159
f 3110 3157 3233
f 3110 3233 3234
f 3235 3234 3233
f 3235 3161 3159
f 3235 3159 3234
f 1852 1787 1725
f 1852 1725 1726
f 1787 1786 1724
f 1787 1724 1725
f 1664 1665 1725
f 1664 1725 1724
f 1665 1719 1726
f 1665 1726 1725
f 3161 3235 3290
f 3161 3290 3239
f 3240 3241 3290
f 3241 3242 3239
f 3241 3239 3290
f 2040 2039 1919
f 2040 1919 1920
f 1786 1787 1920
f 1786 1920 1919
f 1787 1852 1920
f 2164 2250 2103
f 2164 2103 2073
f 2250 2249 2105
f 2250 2105 2103
f 2039 2040 2103
f 2039 2103 2105
f 2040 2073 2103
f 2636 2635 2463
f 2636 2463 2459
f 2249 2250 2463
f 2250 2164 2459
f 2250 2459 2463
f 2945 2947 2811
f 2945 2811 2809
f 2947 3008 2877
f 2947 2877 2811
f 2635 2811 2877
f 2635 2636 2809
f 2635 2809 2811
f 3242 3241 3168
f 3242 3168 3169
f 3241 3240 3243
f 3241 3243 3168
f 3117 3168 3243
f 3117 3169 3168
f 3117 3065 3063
f 3008 2947 3065
f 2947 2945 3063
f 2947 3063 3065
f 1777 1778 1711
f 1777 1711 1657
f 1660 1594 1657
f 1660 1657 1711
f 1963 1964 1843
f 1963 1843 1842
f 1778 1777 1842
f 1778 1842 1843
f 2138 2059 2058
f 1964 2058 2059
f 1964 1963 2058
f 2606 2311 2310
f 2606 2609 2312
f 2606 2312 2311
f 2138 2311 2312
f 2138 2310 2311
f 3157 3052 3051
f 2927 3051 3052
f 2927 2779 2777
f 2609 2606 2779
f 2606 2777 2779
f 1594 1660 1596
f 1660 1661 1596
f 1664 1596 1661
f 1664 1599 1596
f 3288 3235 3233
f 1599 1664 1669
f 1664 1724 1669
f 1786 1669 1724
f 1786 1728 1669
f 3291 3240 3290
f 3291 3290 3289
f 3235 3288 3289
f 3235 3289 3290
f 1728 1786 1853
f 1786 1919 1853
f 2039 1853 1919
f 2249 2463 2462
f 2635 2462 2463
f 2635 2637 2462
f 2637 2635 2877
f 3008 3007 2877
f 3007 3008 3065
f 3117 3172 3065
f 3172 3117 3243
f 3240 3291 3243
f 743 742 861
f 743 861 865
f 742 741 860
f 742 860 861
f 1082 1083 861
f 1082 861 860
f 1083 1087 865
f 1083 865 861
f 1087 1083 1198
f 1087 1198 1200
f 1083 1082 1197
f 1083 1197 1198
f 1329 1333 1198
f 1329 1198 1197
f 1333 1394 1200
f 1333 1200 1198
f 1394 1333 1475
f 1394 1475 1547
f 1333 1329 1471
f 1333 1471 1475
f 1629 1630 1475
f 1629 1475 1471
f 1630 1691 1547
f 1630 1547 1475
f 1691 1630 1761
f 1691 1761 1762
f 1630 1629 1689
f 1630 1689 1761
f 1758 1817 1761
f 1758 1761 1689
f 1817 1819 1762
f 1817 1762 1761
f 691 688 867
f 691 867 806
f 688 743 865
f 688 865 867
f 1087 1018 867
f 1087 867 865
f 1018 1020 806
f 1018 806 867
f 1020 1018 1201
f 1020 1201 1204
f 1018 1087 1200
f 1018 1200 1201
f 1394 1395 1201
f 1394 1201 1200
f 1395 1397 1204
f 1395 1204 1201
f 1397 1395 1549
f 1397 1549 1551
f 1395 1394 1547
f 1395 1547 1549
f 1691 1693 1549
f 1691 1549 1547
f 1693 1694 1551
f 1693 1551 1549
f 1694 1693 1821
f 1694 1821 1826
f 1693 1691 1762
f 1693 1762 1821
f 1819 1895 1821
f 1819 1821 1762
f 1895 1897 1826
f 1895 1826 1821
f 754 696 872
f 754 872 874
f 696 691 806
f 696 806 872
f 1020 1089 872
f 1020 872 806
f 1089 1091 874
f 1089 874 872
f 1091 1089 1205
f 1091 1205 1280
f 1089 1020 1204
f 1089 1204 1205
f 1397 1399 1205
f 1397 1205 1204
f 1399 1404 1280
f 1399 1280 1205
f 1404 1399 1553
f 1404 1553 1554
f 1399 1397 1551
f 1399 1551 1553
f 1694 1695 1553
f 1694 1553 1551
f 1695 1697 1554
f 1695 1554 1553
f 1697 1695 1828
f 1697 1828 1765
f 1695 1694 1826
f 1695 1826 1828
f 1897 1899 1828
f 1897 1828 1826
f 1899 1832 1765
f 1899 1765 1828
f 810 757 878
f 810 878 881
f 757 754 874
f 757 874 878
f 1091 1093 878
f 1091 878 874
f 1093 1095 881
f 1093 881 878
f 1095 1093 1208
f 1095 1208 1210
f 1093 1091 1280
f 1093 1280 1208
f 1404 1409 1208
f 1404 1208 1280
f 1409 1351 1210
f 1409 1210 1208
f 1351 1409 1557
f 1351 1557 1490
f 1409 1404 1554
f 1409 1554 1557
f 1697 1699 1557
f 1697 1557 1554
f 1699 1633 1490
f 1699 1490 1557
f 1633 1699 1767
f 1633 1767 1770
f 1699 1697 1765
f 1699 1765 1767
f 1832 1834 1767
f 1832 1767 1765
f 1834 1836 1770
f 1834 1770 1767
f 741 742 685
f 742 743 635
f 742 635 685
f 635 632 685
f 632 684 741
f 632 741 685
f 1082 860 859
f 1082 859 1014
f 860 741 859
f 684 793 859
f 684 859 741
f 793 1014 859
f 1329 1197 1141
f 1329 1141 1268
f 1197 1082 1014
f 1197 1014 1141
f 1141 1267 1268
f 1629 1471 1626
f 1471 1329 1268
f 1267 1390 1471
f 1267 1471 1268
f 1390 1541 1626
f 1390 1626 1471
f 1819 1817 1816
f 1819 1816 1893
f 1817 1758 1813
f 1817 1813 1816
f 1757 1816 1813
f 1816 1818 1893
f 1758 1689 1688
f 1758 1688 1813
f 1689 1629 1626
f 1689 1626 1688
f 1541 1688 1626
f 1688 1757 1813
f 743 688 638
f 743 638 635
f 688 691 642
f 688 642 638
f 599 637 638
f 599 638 642
f 637 635 638
f 1897 1895 1894
f 1895 1819 1893
f 1895 1893 1894
f 1818 1894 1893
f 1894 1896 1897
f 691 696 648
f 691 648 642
f 696 754 652
f 696 652 648
f 651 648 652
f 648 599 642
f 1832 1899 1898
f 1832 1898 1901
f 1899 1897 1898
f 1896 1898 1897
f 754 757 700
f 754 700 652
f 757 810 759
f 757 759 700
f 702 653 700
f 702 700 759
f 653 651 652
f 653 652 700
f 810 881 886
f 810 886 759
f 881 1095 1096
f 881 1096 886
f 1025 886 1096
f 886 702 759
f 1095 1210 1209
f 1095 1209 1096
f 1210 1351 1350
f 1210 1350 1209
f 1350 1149 1209
f 1149 1025 1096
f 1149 1096 1209
f 1351 1490 1496
f 1351 1496 1350
f 1490 1633 1635
f 1490 1635 1496
f 1634 1495 1496
f 1634 1496 1635
f 1495 1350 1496
f 1633 1770 1771
f 1633 1771 1635
f 1770 1836 1771
f 1836 1700 1771
f 1700 1634 1635
f 1700 1635 1771
f 1836 1834 1833
f 1834 1832 1901
f 1834 1901 1833
f 632 635 634
f 1014 793 1013
f 684 795 793
f 795 1013 793
f 1267 1141 1140
f 1141 1014 1013
f 1141 1013 1140
f 1541 1390 1391
f 1390 1267 1391
f 1391 1540 1541
f 1818 1816 1815
f 1816 1757 1815
f 1757 1760 1815
f 1760 1818 1815
f 1540 1628 1688
f 1540 1688 1541
f 1628 1757 1688
f 635 637 597
f 635 597 634
f 637 599 597
f 641 637 597
f 641 597 599
f 637 634 597
f 1818 1820 1894
f 1820 1825 1896
f 1820 1896 1894
f 599 648 647
f 648 651 647
f 650 647 651
f 647 641 599
f 1901 1898 1831
f 1825 1827 1898
f 1825 1898 1896
f 1827 1831 1898
f 653 702 701
f 699 653 701
f 699 650 651
f 699 651 653
f 702 886 811
f 702 811 701
f 886 1025 811
f 1025 885 811
f 885 699 701
f 885 701 811
f 1025 1149 1145
f 1149 1350 1286
f 1149 1286 1145
f 1285 1145 1286
f 1350 1495 1416
f 1350 1416 1286
f 1495 1634 1558
f 1495 1558 1416
f 1558 1412 1416
f 1412 1285 1286
f 1412 1286 1416
f 1634 1700 1558
f 1700 1836 1766
f 1766 1698 1700
f 1698 1558 1700
f 1836 1833 1766
f 1833 1901 1831
f 1951 1952 1945
f 1951 1945 2017
f 2017 1945 2009
f 2017 2009 2013
f 1942 2009 1945
f 1942 1945 1946
f 1946 1945 1952
f 1946 1952 1885
f 1743 1615 1741
f 1743 1741 1805
f 1805 1741 1803
f 1805 1803 1872
f 1738 1803 1741
f 1738 1741 1609
f 1609 1741 1615
f 1609 1615 1455
f 1525 1308 1249
f 1525 1249 1451
f 1451 1249 1248
f 1451 1248 1377
f 992 1248 1249
f 992 1249 1060
f 1060 1249 1308
f 1060 1308 1126
f 1749 1686 1811
f 1749 1811 1891
f 1891 1811 1952
f 1891 1952 1951
f 1885 1952 1811
f 1885 1811 1746
f 1746 1811 1686
f 1746 1686 1619
f 1459 1319 1457
f 1459 1457 1617
f 1617 1457 1615
f 1617 1615 1743
f 1455 1615 1457
f 1455 1457 1318
f 1318 1457 1319
f 1318 1319 1129
f 1126 926 839
f 1126 839 1060
f 1060 839 838
f 1060 838 992
f 720 838 839
f 720 839 776
f 776 839 926
f 776 926 777
f 1466 1324 1387
f 1466 1387 1537
f 1537 1387 1686
f 1537 1686 1749
f 1619 1686 1387
f 1619 1387 1385
f 1385 1387 1186
f 1385 1186 1257
f 1134 1186 1387
f 1134 1387 1324
f 1134 1003 1004
f 1134 1004 1186
f 1186 1004 1132
f 1186 1132 1257
f 1000 1132 1004
f 1000 1004 933
f 933 1004 1003
f 933 1003 855
f 782 727 726
f 782 726 781
f 781 726 778
f 781 778 845
f 777 778 726
f 777 726 776
f 776 726 670
f 776 670 720
f 674 670 726
f 674 726 727
f 1738 1609 1527
f 1738 1527 1680
f 1680 1527 1454
f 1680 1454 1678
f 1251 1454 1527
f 1251 1527 1316
f 1316 1527 1609
f 1316 1609 1455
f 1455 1318 1181
f 1455 1181 1316
f 1316 1181 1062
f 1316 1062 1251
f 996 1062 1181
f 996 1181 1064
f 1064 1181 1318
f 1064 1318 1129
f 845 931 847
f 845 847 781
f 781 847 851
f 781 851 782
f 855 851 847
f 855 847 933
f 933 847 931
f 933 931 1000
f 1942 1946 1877
f 1942 1877 1874
f 1874 1877 1805
f 1874 1805 1872
f 1743 1805 1877
f 1743 1877 1807
f 1807 1877 1946
f 1807 1946 1885
f 1885 1746 1684
f 1885 1684 1807
f 1807 1684 1617
f 1807 1617 1743
f 1459 1617 1684
f 1459 1684 1535
f 1535 1684 1746
f 1535 1746 1619
f 1619 1385 1384
f 1619 1384 1535
f 1535 1384 1322
f 1535 1322 1459
f 1257 1322 1384
f 1257 1384 1385
f 1257 1132 1183
f 1257 1183 1322
f 1322 1183 1319
f 1322 1319 1459
f 1129 1319 1183
f 1129 1183 1065
f 1065 1183 1132
f 1065 1132 1000
f 1000 931 930
f 1000 930 1065
f 1065 930 1064
f 1065 1064 1129
f 996 1064 930
f 996 930 844
f 844 930 931
f 844 931 845
f 845 778 842
f 845 842 844
f 844 842 841
f 844 841 996
f 777 841 842
f 777 842 778
f 777 926 994
f 777 994 841
f 841 994 1062
f 841 1062 996
f 1251 1062 994
f 1251 994 1180
f 1180 994 926
f 1180 926 1126
f 1126 1308 1379
f 1126 1379 1180
f 1180 1379 1454
f 1180 1454 1251
f 1678 1454 1379
f 1678 1379 1606
f 1606 1379 1308
f 1606 1308 1525
f 2013 2009 2017
f 2017 2018 1951
f 1950 2018 2017
f 1950 2017 2016
f 2016 2017 2009
f 2016 2009 2008
f 1942 2006 2009
f 2008 2009 2006
f 992 991 1247
f 992 1247 1248
f 1248 1247 1450
f 1248 1450 1377
f 1247 991 990
f 1525 1605 1675
f 1525 1675 1606
f 1606 1675 1678
f 1951 2018 1890
f 1951 1890 1891
f 1891 1890 1752
f 1891 1752 1749
f 1751 1752 1890
f 1751 1890 1889
f 1889 1890 2018
f 1889 2018 1950
f 720 717 837
f 720 837 838
f 838 837 991
f 838 991 992
f 990 991 837
f 990 837 836
f 836 837 717
f 836 717 719
f 1749 1752 1623
f 1749 1623 1537
f 1537 1623 1465
f 1537 1465 1466
f 1464 1465 1623
f 1464 1623 1622
f 1622 1623 1752
f 1622 1752 1751
f 1466 1465 1261
f 1466 1261 1324
f 1324 1261 1071
f 1324 1071 1134
f 1070 1071 1261
f 1070 1261 1260
f 1260 1261 1465
f 1260 1465 1464
f 855 854 788
f 855 788 851
f 851 788 733
f 851 733 782
f 732 733 788
f 732 788 787
f 787 788 854
f 787 854 853
f 782 733 731
f 782 731 727
f 727 731 673
f 727 673 674
f 673 731 730
f 730 731 733
f 730 733 732
f 674 673 669
f 674 669 670
f 670 669 717
f 670 717 720
f 719 717 669
f 719 669 668
f 668 669 673
f 1134 1071 938
f 1134 938 1003
f 1003 938 854
f 1003 854 855
f 853 854 938
f 853 938 937
f 937 938 1071
f 937 1071 1070
f 1872 1939 1874
f 1874 1939 1942
f 1377 1450 1523
f 1377 1523 1451
f 1451 1523 1605
f 1451 1605 1525
f 1950 2016 1949
f 2008 2006 2005
f 1941 2005 2006
f 1941 2006 1942
f 1450 1247 1246
f 989 1246 1247
f 989 1247 990
f 1678 1675 1605
f 1751 1889 1748
f 1949 1889 1950
f 990 836 989
f 718 836 719
f 1464 1622 1621
f 1464 1621 1463
f 1748 1621 1622
f 1748 1622 1751
f 1463 1260 1464
f 732 787 786
f 732 786 785
f 785 786 850
f 936 850 786
f 936 786 853
f 853 786 787
f 673 730 672
f 785 730 732
f 719 668 722
f 719 722 718
f 672 722 668
f 672 668 673
f 853 937 1007
f 853 1007 936
f 1070 1007 937
f 1942 1939 1872
f 1942 1872 1871
f 1942 1871 1941
f 1871 1872 1939
f 1871 1939 1872
f 1605 1523 1524
f 1450 1524 1523
f 3311 3196 3195
f 3311 3195 3309
f 3309 3195 3194
f 3309 3194 3307
f 3079 3194 3195
f 3079 3195 3028
f 3028 3195 3196
f 3028 3196 3030
f 3030 2892 2889
f 3030 2889 3028
f 3028 2889 2967
f 3028 2967 3079
f 2820 2967 2889
f 2820 2889 2732
f 2732 2889 2892
f 2732 2892 2735
f 2735 2563 2561
f 2735 2561 2732
f 2732 2561 2654
f 2732 2654 2820
f 2468 2654 2561
f 2468 2561 2472
f 2472 2561 2563
f 2472 2563 2363
f 2363 2262 2260
f 2363 2260 2472
f 2472 2260 2357
f 2472 2357 2468
f 2256 2357 2260
f 2256 2260 2259
f 2259 2260 2262
f 2259 2262 2176
f 3374 3263 3198
f 3374 3198 3373
f 3373 3198 3196
f 3373 3196 3311
f 3030 3196 3198
f 3030 3198 3084
f 3084 3198 3263
f 3084 3263 3086
f 3086 2896 2893
f 3086 2893 3084
f 3084 2893 2892
f 3084 2892 3030
f 2735 2892 2893
f 2735 2893 2737
f 2737 2893 2896
f 2737 2896 2740
f 2740 2566 2565
f 2740 2565 2737
f 2737 2565 2563
f 2737 2563 2735
f 2363 2563 2565
f 2363 2565 2366
f 2366 2565 2566
f 2366 2566 2368
f 2368 2268 2264
f 2368 2264 2366
f 2366 2264 2262
f 2366 2262 2363
f 2176 2262 2264
f 2176 2264 2178
f 2178 2264 2268
f 2178 2268 2181
f 3313 3202 3199
f 3313 3199 3375
f 3375 3199 3263
f 3375 3263 3374
f 3086 3263 3199
f 3086 3199 3087
f 3087 3199 3202
f 3087 3202 3033
f 3033 2906 2899
f 3033 2899 3087
f 3087 2899 2896
f 3087 2896 3086
f 2740 2896 2899
f 2740 2899 2741
f 2741 2899 2906
f 2741 2906 2743
f 2743 2569 2568
f 2743 2568 2741
f 2741 2568 2566
f 2741 2566 2740
f 2368 2566 2568
f 2368 2568 2369
f 2369 2568 2569
f 2369 2569 2372
f 2372 2275 2270
f 2372 2270 2369
f 2369 2270 2268
f 2369 2268 2368
f 2181 2268 2270
f 2181 2270 2183
f 2183 2270 2275
f 2183 2275 2185
f 3320 3205 3204
f 3320 3204 3321
f 3321 3204 3202
f 3321 3202 3313
f 3033 3202 3204
f 3033 3204 3034
f 3034 3204 3205
f 3034 3205 3092
f 3092 2972 2913
f 3092 2913 3034
f 3034 2913 2906
f 3034 2906 3033
f 2743 2906 2913
f 2743 2913 2745
f 2745 2913 2972
f 2745 2972 2841
f 2841 2663 2571
f 2841 2571 2745
f 2745 2571 2569
f 2745 2569 2743
f 2372 2569 2571
f 2372 2571 2479
f 2479 2571 2663
f 2479 2663 2480
f 2480 2376 2280
f 2480 2280 2479
f 2479 2280 2275
f 2479 2275 2372
f 2185 2275 2280
f 2185 2280 2277
f 2277 2280 2376
f 2277 2376 2279
f 3307 3372 3309
f 3309 3372 3430
f 3309 3430 3311
f 3430 3372 3426
f 3426 3372 3307
f 3426 3307 3370
f 3370 3307 3194
f 3370 3194 3262
f 3262 3194 3079
f 3262 3079 3078
f 2820 2819 2965
f 2820 2965 2967
f 2967 2965 3079
f 3078 3079 2965
f 2965 2819 2818
f 2468 2652 2654
f 2654 2652 2819
f 2654 2819 2820
f 2818 2819 2652
f 2818 2652 2729
f 2729 2652 2468
f 2729 2468 2558
f 2176 2175 2174
f 2176 2174 2259
f 2259 2174 2256
f 2256 2174 2258
f 2258 2174 2175
f 2558 2468 2357
f 2558 2357 2356
f 2356 2357 2256
f 3311 3430 3433
f 3311 3433 3373
f 3373 3433 3434
f 3373 3434 3374
f 3487 3434 3433
f 2181 2180 2177
f 2181 2177 2178
f 2178 2177 2175
f 2178 2175 2176
f 3374 3434 3436
f 3374 3436 3375
f 3375 3436 3439
f 3375 3439 3313
f 3436 3434 3487
f 2185 2184 2182
f 2185 2182 2183
f 2183 2182 2180
f 2183 2180 2181
f 3313 3439 3380
f 3313 3380 3321
f 3321 3380 3320
f 3381 3320 3380
f 3381 3380 3443
f 3443 3380 3439
f 3320 3209 3205
f 3205 3209 3093
f 3205 3093 3092
f 3093 3209 3273
f 3273 3209 3320
f 3273 3320 3381
f 3092 3093 2974
f 3092 2974 2972
f 2972 2974 2846
f 2972 2846 2841
f 2846 2974 2973
f 2973 2974 3093
f 2841 2846 2670
f 2841 2670 2663
f 2663 2670 2574
f 2663 2574 2480
f 2574 2670 2752
f 2752 2670 2846
f 2480 2574 2378
f 2480 2378 2376
f 2376 2378 2278
f 2376 2278 2279
f 2278 2378 2377
f 2377 2378 2574
f 2279 2278 2187
f 2279 2187 2277
f 2277 2187 2184
f 2277 2184 2185
f 2184 2187 2276
f 2276 2187 2278
f 3370 3369 3428
f 3370 3428 3426
f 3426 3428 3430
f 3429 3430 3428
f 3429 3428 3427
f 3427 3428 3369
f 3427 3369 3371
f 3078 3133 3262
f 3262 3369 3370
f 3371 3369 3262
f 3371 3262 3261
f 3261 3262 3133
f 3261 3133 3132
f 2818 2886 3026
f 2818 3026 2965
f 2965 3026 3133
f 2965 3133 3078
f 3132 3133 3026
f 2729 2886 2818
f 2886 2729 2730
f 2730 2729 2558
f 2175 2261 2258
f 2258 2358 2256
f 2359 2358 2258
f 2359 2258 2360
f 2360 2258 2261
f 2256 2358 2470
f 2256 2470 2356
f 2356 2470 2558
f 2470 2358 2359
f 3430 3485 3433
f 3433 3485 3487
f 3486 3487 3485
f 3486 3485 3432
f 3432 3485 3430
f 3432 3430 3429
f 2177 2261 2175
f 2261 2177 2263
f 2263 2177 2180
f 2263 2180 2267
f 3487 3488 3436
f 3436 3488 3439
f 3438 3439 3488
f 3438 3488 3435
f 3435 3488 3487
f 3435 3487 3486
f 2184 2274 2182
f 2267 2180 2182
f 2267 2182 2269
f 2269 2182 2274
f 3439 3440 3443
f 3443 3440 3379
f 3443 3379 3381
f 3378 3379 3440
f 3440 3439 3438
f 3381 3379 3273
f 3273 3141 3093
f 3136 3141 3273
f 3136 3273 3270
f 3270 3273 3379
f 3270 3379 3378
f 3093 3141 3036
f 3093 3036 2973
f 2973 3036 2916
f 2973 2916 2846
f 2915 2916 3036
f 3036 3141 3136
f 2846 2916 2752
f 2574 2752 2748
f 2748 2752 2916
f 2748 2916 2915
f 2574 2477 2377
f 2377 2477 2373
f 2377 2373 2278
f 2278 2373 2276
f 2276 2274 2184
f 285 234 205
f 285 205 208
f 208 205 154
f 208 154 181
f 149 154 205
f 149 205 174
f 174 205 234
f 174 234 200
f 366 336 281
f 366 281 335
f 335 281 234
f 335 234 285
f 200 234 281
f 200 281 255
f 255 281 336
f 255 336 282
f 448 412 367
f 448 367 447
f 447 367 336
f 447 336 366
f 282 336 367
f 282 367 337
f 337 367 412
f 337 412 368
f 507 503 450
f 507 450 501
f 501 450 412
f 501 412 448
f 368 412 450
f 368 450 451
f 451 450 503
f 451 503 452
f 181 126 159
f 181 159 182
f 182 159 184
f 182 184 211
f 162 184 159
f 162 159 132
f 132 159 126
f 132 126 127
f 200 172 146
f 200 146 174
f 174 146 150
f 174 150 149
f 116 150 146
f 116 146 112
f 112 146 172
f 112 172 145
f 149 150 122
f 149 122 154
f 154 122 126
f 154 126 181
f 127 126 122
f 127 122 80
f 80 122 150
f 80 150 116
f 282 256 232
f 282 232 255
f 255 232 172
f 255 172 200
f 145 172 232
f 145 232 201
f 201 232 256
f 201 256 233
f 368 338 306
f 368 306 337
f 337 306 256
f 337 256 282
f 233 256 306
f 233 306 283
f 283 306 338
f 283 338 339
f 507 508 504
f 507 504 503
f 503 504 453
f 503 453 452
f 415 453 504
f 415 504 456
f 456 504 508
f 456 508 513
f 452 453 414
f 452 414 451
f 451 414 338
f 451 338 368
f 339 338 414
f 339 414 369
f 369 414 453
f 369 453 415
f 127 82 88
f 127 88 132
f 132 88 133
f 132 133 162
f 135 133 88
f 135 88 92
f 92 88 85
f 92 85 53
f 49 85 88
f 49 88 82
f 145 147 117
f 145 117 112
f 112 117 74
f 112 74 116
f 75 74 117
f 75 117 69
f 69 117 147
f 69 147 113
f 116 74 81
f 116 81 80
f 80 81 82
f 80 82 127
f 49 82 81
f 49 81 45
f 45 81 74
f 45 74 75
f 233 235 173
f 233 173 201
f 201 173 147
f 201 147 145
f 113 147 173
f 113 173 175
f 175 173 235
f 175 235 202
f 339 307 284
f 339 284 283
f 283 284 235
f 283 235 233
f 202 235 284
f 202 284 257
f 257 284 307
f 513 458 456
f 456 416 415
f 417 416 456
f 417 456 418
f 418 456 458
f 418 458 459
f 415 416 370
f 415 370 369
f 369 370 307
f 369 307 339
f 307 370 341
f 341 370 416
f 341 416 417
f 211 260 239
f 211 239 182
f 182 239 208
f 182 208 181
f 285 208 239
f 285 239 287
f 287 239 260
f 287 260 310
f 310 371 340
f 310 340 287
f 287 340 335
f 287 335 285
f 366 335 340
f 366 340 413
f 413 340 371
f 413 371 454
f 454 502 449
f 454 449 413
f 413 449 447
f 413 447 366
f 448 447 449
f 448 449 500
f 500 449 502
f 500 502 506
f 506 564 562
f 506 562 500
f 500 562 501
f 500 501 448
f 507 501 562
f 507 562 565
f 565 562 564
f 565 564 568
f 568 574 569
f 568 569 565
f 565 569 508
f 565 508 507
f 513 508 569
f 513 569 515
f 515 569 574
f 515 574 518
f 518 519 461
f 518 461 515
f 515 461 458
f 515 458 513
f 459 458 461
f 459 461 460
f 460 461 462
f 460 462 422
f 465 462 461
f 465 461 519
f 211 184 186
f 211 186 214
f 161 186 184
f 161 184 162
f 162 133 164
f 162 164 161
f 161 164 186
f 134 164 133
f 134 133 135
f 310 260 312
f 312 260 262
f 214 262 260
f 214 260 211
f 454 371 373
f 454 373 455
f 312 373 371
f 312 371 310
f 506 502 505
f 506 505 512
f 512 505 511
f 455 505 502
f 455 502 454
f 568 564 567
f 568 567 573
f 573 567 572
f 511 567 512
f 512 567 564
f 512 564 506
f 518 574 575
f 518 575 517
f 517 575 516
f 572 575 573
f 573 575 574
f 573 574 568
f 465 519 521
f 465 521 464
f 464 521 463
f 516 521 517
f 517 521 519
f 517 519 518
f 53 85 52
f 52 50 89
f 49 50 52
f 49 52 85
f 118 69 113
f 49 45 50
f 50 45 51
f 50 51 89
f 75 51 45
f 113 175 118
f 203 175 202
f 202 257 203
f 286 257 307
f 417 418 372
f 372 418 374
f 423 374 418
f 423 418 420
f 420 418 459
f 307 341 342
f 307 342 286
f 372 342 341
f 372 341 417
f 459 460 422
f 459 422 420
f 420 422 423
f 4108 4053 4105
f 4108 4111 4054
f 4108 4054 4053
f 4168 4170 4105
f 4168 4105 4104
f 4170 4108 4105
f 4318 4316 4178
f 4318 4178 4182
f 4316 4367 4174
f 4316 4174 4178
f 4056 4060 4178
f 4056 4178 4174
f 4060 4063 4182
f 4060 4182 4178
f 4364 4389 4247
f 4364 4247 4252
f 4389 4387 4245
f 4389 4245 4247
f 4106 4247 4245
f 4106 4109 4252
f 4106 4252 4247
f 4163 4361 4353
f 4163 4353 4242
f 4361 4443 4440
f 4361 4440 4353
f 4435 4353 4440
f 4472 4470 4419
f 4472 4419 4392
f 4470 4468 4418
f 4470 4418 4419
f 4367 4316 4419
f 4367 4419 4418
f 4316 4318 4392
f 4316 4392 4419
f 4499 4527 4466
f 4499 4466 4445
f 4527 4556 4464
f 4527 4464 4466
f 4387 4389 4466
f 4387 4466 4464
f 4389 4364 4445
f 4389 4445 4466
f 4443 4526 4525
f 4443 4525 4440
f 4526 4592 4593
f 4526 4593 4525
f 4590 4519 4525
f 4590 4525 4593
f 4519 4435 4440
f 4519 4440 4525
f 4561 4640 4560
f 4561 4560 4533
f 4640 4694 4638
f 4640 4638 4560
f 4600 4531 4560
f 4600 4560 4638
f 4531 4468 4470
f 4531 4470 4560
f 4472 4533 4560
f 4472 4560 4470
f 4694 4747 4745
f 4694 4745 4638
f 4747 4791 4743
f 4747 4743 4745
f 4692 4636 4745
f 4692 4745 4743
f 4636 4600 4638
f 4636 4638 4745
f 4778 4738 4685
f 4778 4685 4740
f 4738 4737 4684
f 4738 4684 4685
f 4590 4593 4685
f 4590 4685 4684
f 4593 4592 4628
f 4593 4628 4685
f 4688 4740 4685
f 4688 4685 4628
f 4106 4245 4305
f 4106 4305 4169
f 4245 4387 4414
f 4245 4414 4305
f 4412 4303 4305
f 4412 4305 4414
f 4303 4166 4169
f 4303 4169 4305
f 4387 4464 4497
f 4387 4497 4414
f 4464 4556 4554
f 4464 4554 4497
f 4551 4495 4497
f 4551 4497 4554
f 4495 4412 4414
f 4495 4414 4497
f 4688 4691 4741
f 4688 4741 4740
f 4691 4692 4743
f 4691 4743 4741
f 4791 4785 4741
f 4791 4741 4743
f 4785 4778 4740
f 4785 4740 4741
f 4056 4174 4112
f 4174 4367 4366
f 4364 4252 4174
f 4364 4174 4366
f 4252 4109 4112
f 4252 4112 4174
f 4367 4418 4416
f 4367 4416 4366
f 4418 4468 4416
f 4499 4445 4416
f 4499 4416 4468
f 4445 4364 4366
f 4445 4366 4416
f 4468 4531 4530
f 4531 4600 4559
f 4531 4559 4530
f 4499 4468 4530
f 4499 4530 4559
f 4600 4636 4599
f 4600 4599 4559
f 4636 4692 4634
f 4636 4634 4599
f 4556 4527 4599
f 4556 4599 4634
f 4527 4499 4559
f 4527 4559 4599
f 4692 4691 4633
f 4692 4633 4634
f 4691 4688 4631
f 4691 4631 4633
f 4551 4554 4633
f 4551 4633 4631
f 4554 4556 4634
f 4554 4634 4633
f 4688 4628 4630
f 4688 4630 4631
f 4628 4592 4549
f 4628 4549 4630
f 4551 4631 4630
f 4551 4630 4549
f 4592 4526 4492
f 4592 4492 4549
f 4526 4443 4442
f 4526 4442 4492
f 4412 4495 4492
f 4412 4492 4442
f 4495 4551 4549
f 4495 4549 4492
f 4443 4361 4362
f 4443 4362 4442
f 4361 4163 4362
f 4166 4303 4362
f 4166 4362 4163
f 4303 4412 4442
f 4303 4442 4362
f 4063 4061 4182
f 4061 4183 4182
f 4320 4319 4182
f 4320 4182 4183
f 4319 4318 4182
f 4056 4057 4060
f 4061 4063 4060
f 4061 4060 4057
f 4106 4105 4053
f 4105 4107 4053
f 4054 4053 4107
f 4054 4109 4106
f 4054 4106 4053
f 4435 4436 4354
f 4435 4354 4353
f 4436 4437 4354
f 4242 4353 4354
f 4163 4164 4104
f 4104 4166 4163
f 4318 4319 4393
f 4318 4393 4392
f 4319 4320 4394
f 4319 4394 4393
f 4446 4473 4393
f 4446 4393 4394
f 4473 4472 4392
f 4473 4392 4393
f 4590 4586 4520
f 4590 4520 4519
f 4586 4587 4521
f 4586 4521 4520
f 4437 4436 4520
f 4437 4520 4521
f 4436 4435 4519
f 4436 4519 4520
f 4472 4473 4501
f 4472 4501 4533
f 4473 4446 4502
f 4473 4502 4501
f 4565 4564 4501
f 4565 4501 4502
f 4564 4561 4533
f 4564 4533 4501
f 4561 4564 4641
f 4561 4641 4640
f 4564 4565 4642
f 4564 4642 4641
f 4749 4748 4641
f 4749 4641 4642
f 4748 4694 4640
f 4748 4640 4641
f 4791 4792 4786
f 4791 4786 4785
f 4792 4793 4787
f 4792 4787 4786
f 4780 4779 4786
f 4780 4786 4787
f 4779 4778 4785
f 4779 4785 4786
f 4778 4779 4774
f 4778 4774 4738
f 4779 4780 4775
f 4779 4775 4774
f 4735 4734 4774
f 4735 4774 4775
f 4734 4737 4738
f 4734 4738 4774
f 4737 4734 4681
f 4737 4681 4684
f 4734 4735 4681
f 4587 4586 4681
f 4586 4590 4684
f 4586 4684 4681
f 4166 4104 4105
f 4166 4105 4169
f 4105 4106 4169
f 4694 4748 4796
f 4694 4796 4747
f 4748 4749 4797
f 4748 4797 4796
f 4793 4792 4796
f 4793 4796 4797
f 4792 4791 4747
f 4792 4747 4796
f 4109 4054 4112
f 4057 4056 4112
f 4057 4112 4054
f 4164 4163 4242
f 4164 4242 4161
f 4054 4107 4053
f 4054 4110 4107
f 4105 4053 4107
f 4061 4064 4183
f 4321 4320 4183
f 4064 4061 4057
f 4064 4057 4061
f 4110 4054 4107
f 4437 4355 4354
f 4242 4354 4355
f 4164 4167 4104
f 4320 4395 4394
f 4320 4321 4395
f 4446 4394 4395
f 4587 4588 4521
f 4588 4522 4521
f 4437 4521 4522
f 4562 4565 4502
f 4565 4643 4642
f 4565 4562 4643
f 4749 4642 4643
f 4735 4682 4681
f 4588 4587 4681
f 4588 4681 4682
f 3827 3913 4002
f 3827 4002 3912
f 3913 4004 4046
f 3913 4046 4002
f 4229 4152 4002
f 4229 4002 4046
f 4152 4045 3912
f 4152 3912 4002
f 4045 4152 4384
f 4045 4384 4343
f 4152 4229 4432
f 4152 4432 4384
f 4546 4486 4384
f 4546 4384 4432
f 4486 4430 4343
f 4486 4343 4384
f 4430 4486 4545
f 4430 4545 4457
f 4486 4546 4581
f 4486 4581 4545
f 4619 4544 4545
f 4619 4545 4581
f 4544 4484 4457
f 4544 4457 4545
f 3684 3782 3825
f 3684 3825 3781
f 3782 3827 3912
f 3782 3912 3825
f 4045 3961 3825
f 4045 3825 3912
f 3961 3911 3781
f 3961 3781 3825
f 3911 3961 4227
f 3911 4227 4088
f 3961 4045 4343
f 3961 4343 4227
f 4430 4382 4227
f 4430 4227 4343
f 4382 4341 4088
f 4382 4088 4227
f 4341 4382 4407
f 4341 4407 4379
f 4382 4430 4457
f 4382 4457 4407
f 4484 4428 4407
f 4484 4407 4457
f 4428 4377 4379
f 4428 4379 4407
f 3681 3685 3724
f 3681 3724 3725
f 3685 3684 3781
f 3685 3781 3724
f 3911 3869 3724
f 3911 3724 3781
f 3869 3819 3725
f 3869 3725 3724
f 3819 3869 4042
f 3819 4042 3997
f 3869 3911 4088
f 3869 4088 4042
f 4341 4221 4042
f 4341 4042 4088
f 4221 4144 3997
f 4221 3997 4042
f 4144 4221 4272
f 4144 4272 4211
f 4221 4341 4379
f 4221 4379 4272
f 4377 4334 4272
f 4377 4272 4379
f 4334 4203 4211
f 4334 4211 4272
f 3680 3682 3722
f 3680 3722 3723
f 3682 3681 3725
f 3682 3725 3722
f 3819 3820 3722
f 3819 3722 3725
f 3820 3821 3723
f 3820 3723 3722
f 3821 3820 3998
f 3821 3998 3956
f 3820 3819 3997
f 3820 3997 3998
f 4144 4083 3998
f 4144 3998 3997
f 4083 4084 3956
f 4083 3956 3998
f 4084 4083 4140
f 4084 4140 4143
f 4083 4144 4211
f 4083 4211 4140
f 4203 4207 4140
f 4203 4140 4211
f 4207 4137 4143
f 4207 4143 4140
f 4004 3913 3915
f 4004 3915 4003
f 3913 3827 3831
f 3913 3831 3915
f 3785 3916 3915
f 3785 3915 3831
f 3916 4005 4003
f 3916 4003 3915
f 4229 4046 4090
f 4229 4090 4283
f 4046 4004 4003
f 4046 4003 4090
f 4005 4091 4090
f 4005 4090 4003
f 4091 4284 4283
f 4091 4283 4090
f 4546 4432 4460
f 4546 4460 4582
f 4432 4229 4283
f 4432 4283 4460
f 4284 4461 4460
f 4284 4460 4283
f 4461 4583 4582
f 4461 4582 4460
f 3827 3782 3731
f 3827 3731 3831
f 3782 3684 3688
f 3782 3688 3731
f 3646 3732 3731
f 3646 3731 3688
f 3732 3785 3831
f 3732 3831 3731
f 3684 3685 3642
f 3684 3642 3688
f 3685 3681 3644
f 3685 3644 3642
f 3643 3647 3642
f 3643 3642 3644
f 3647 3646 3688
f 3647 3688 3642
f 3681 3682 3640
f 3681 3640 3644
f 3682 3680 3683
f 3682 3683 3640
f 3686 3645 3640
f 3686 3640 3683
f 3645 3643 3644
f 3645 3644 3640
f 3680 3723 3726
f 3680 3726 3683
f 3723 3821 3822
f 3723 3822 3726
f 3823 3727 3726
f 3823 3726 3822
f 3727 3686 3683
f 3727 3683 3726
f 3821 3956 3957
f 3821 3957 3822
f 3956 4084 4085
f 3956 4085 3957
f 4086 3999 3957
f 4086 3957 4085
f 3999 3823 3822
f 3999 3822 3957
f 4084 4143 4145
f 4084 4145 4085
f 4143 4137 4141
f 4143 4141 4145
f 4218 4146 4145
f 4218 4145 4141
f 4146 4086 4085
f 4146 4085 4145
f 3833 3917 3916
f 3833 3916 3785
f 3917 4006 4005
f 3917 4005 3916
f 4006 4092 4091
f 4006 4091 4005
f 4092 4285 4284
f 4092 4284 4091
f 4583 4461 4622
f 4285 4488 4461
f 4285 4461 4284
f 4488 4624 4622
f 4488 4622 4461
f 3732 3646 3651
f 3691 3734 3732
f 3691 3732 3651
f 3734 3833 3785
f 3734 3785 3732
f 3646 3647 3651
f 3647 3643 3649
f 3649 3652 3647
f 3652 3691 3651
f 3652 3651 3647
f 3643 3645 3649
f 3645 3686 3687
f 3686 3727 3687
f 3727 3823 3824
f 3823 3999 4000
f 3823 4000 3824
f 3999 4086 4087
f 3999 4087 4000
f 4150 4000 4087
f 4086 4146 4147
f 4086 4147 4087
f 4146 4218 4219
f 4146 4219 4147
f 4222 4223 4147
f 4222 4147 4219
f 4223 4224 4148
f 4223 4148 4147
f 4150 4087 4147
f 4150 4147 4148
f 4619 4581 4674
f 4619 4674 4665
f 4581 4546 4582
f 4581 4582 4674
f 4583 4674 4582
f 4674 4723 4665
f 4723 4674 4729
f 4723 4729 4724
f 4674 4583 4622
f 4674 4622 4729
f 4624 4676 4729
f 4624 4729 4622
f 4676 4677 4730
f 4676 4730 4729
f 4770 4724 4729
f 4770 4729 4730
f 4619 4620 4543
f 4619 4543 4544
f 4485 4484 4544
f 4485 4544 4543
f 4484 4485 4426
f 4484 4426 4428
f 4376 4377 4428
f 4376 4428 4426
f 4377 4376 4335
f 4377 4335 4334
f 4269 4203 4334
f 4269 4334 4335
f 4203 4269 4207
f 4269 4208 4207
f 4212 4138 4207
f 4212 4207 4208
f 4138 4137 4207
f 4137 4138 4142
f 4137 4142 4141
f 4138 4212 4213
f 4138 4213 4142
f 4215 4142 4213
f 4215 4218 4141
f 4215 4141 4142
f 4218 4215 4220
f 4218 4220 4219
f 4215 4216 4220
f 4278 4220 4216
f 4278 4222 4219
f 4278 4219 4220
f 4723 4718 4661
f 4723 4661 4665
f 4620 4619 4665
f 4620 4665 4661
f 4770 4771 4718
f 4770 4718 4724
f 4771 4719 4718
f 4718 4723 4724
f 3920 4011 4094
f 3920 4094 4010
f 4011 4231 4288
f 4011 4288 4094
f 4349 4154 4094
f 4349 4094 4288
f 4154 4049 4010
f 4154 4010 4094
f 4231 4462 4490
f 4231 4490 4288
f 4462 4626 4680
f 4462 4680 4490
f 4733 4518 4490
f 4733 4490 4680
f 4518 4349 4288
f 4518 4288 4490
f 4626 4773 4832
f 4626 4832 4680
f 4773 4827 4853
f 4773 4853 4832
f 4852 4831 4832
f 4852 4832 4853
f 4831 4733 4680
f 4831 4680 4832
f 4827 4823 4841
f 4827 4841 4853
f 4823 4763 4813
f 4823 4813 4841
f 4836 4847 4841
f 4836 4841 4813
f 4847 4852 4853
f 4847 4853 4841
f 3792 3921 3964
f 3792 3964 3875
f 3921 4095 4155
f 3921 4155 3964
f 4231 4011 3964
f 4231 3964 4155
f 4011 3920 3875
f 4011 3875 3964
f 4095 4410 4434
f 4095 4434 4155
f 4410 4547 4585
f 4410 4585 4434
f 4626 4462 4434
f 4626 4434 4585
f 4462 4231 4155
f 4462 4155 4434
f 4547 4678 4731
f 4547 4731 4585
f 4678 4727 4772
f 4678 4772 4731
f 4827 4773 4731
f 4827 4731 4772
f 4773 4626 4585
f 4773 4585 4731
f 4727 4659 4766
f 4727 4766 4772
f 4659 4612 4653
f 4659 4653 4766
f 4763 4823 4766
f 4763 4766 4653
f 4823 4827 4772
f 4823 4772 4766
f 3791 3837 3874
f 3791 3874 3790
f 3837 4008 4050
f 3837 4050 3874
f 4095 3921 3874
f 4095 3874 4050
f 3921 3792 3790
f 3921 3790 3874
f 4008 4286 4345
f 4008 4345 4050
f 4286 4433 4487
f 4286 4487 4345
f 4547 4410 4345
f 4547 4345 4487
f 4410 4095 4050
f 4410 4050 4345
f 4433 4516 4584
f 4433 4584 4487
f 4516 4515 4621
f 4516 4621 4584
f 4727 4678 4584
f 4727 4584 4621
f 4678 4547 4487
f 4678 4487 4584
f 4515 4514 4580
f 4515 4580 4621
f 4514 4483 4542
f 4514 4542 4580
f 4612 4659 4580
f 4612 4580 4542
f 4659 4727 4621
f 4659 4621 4580
f 3786 3832 3834
f 3786 3834 3787
f 3832 3914 3962
f 3832 3962 3834
f 4008 3837 3834
f 4008 3834 3962
f 3837 3791 3787
f 3837 3787 3834
f 3914 4089 4230
f 3914 4230 3962
f 4089 4344 4385
f 4089 4385 4230
f 4433 4286 4230
f 4433 4230 4385
f 4286 4008 3962
f 4286 3962 4230
f 4344 4383 4431
f 4344 4431 4385
f 4383 4409 4459
f 4383 4459 4431
f 4515 4516 4431
f 4515 4431 4459
f 4516 4433 4385
f 4516 4385 4431
f 4409 4408 4458
f 4409 4458 4459
f 4408 4406 4429
f 4408 4429 4458
f 4483 4514 4458
f 4483 4458 4429
f 4514 4515 4459
f 4514 4459 4458
f 4049 4048 3963
f 4049 3963 4010
f 4048 4047 3919
f 4048 3919 3963
f 3838 3873 3963
f 3838 3963 3919
f 3873 3920 4010
f 3873 4010 3963
f 4349 4348 4153
f 4349 4153 4154
f 4348 4347 4153
f 4047 4048 4153
f 4048 4049 4154
f 4048 4154 4153
f 4733 4732 4517
f 4733 4517 4518
f 4732 4679 4489
f 4732 4489 4517
f 4347 4348 4517
f 4347 4517 4489
f 4348 4349 4518
f 4348 4518 4517
f 4852 4851 4830
f 4852 4830 4831
f 4851 4846 4829
f 4851 4829 4830
f 4679 4732 4830
f 4679 4830 4829
f 4732 4733 4831
f 4732 4831 4830
f 4763 4707 4807
f 4763 4807 4813
f 4707 4703 4759
f 4707 4759 4807
f 4806 4835 4807
f 4806 4807 4759
f 4835 4836 4813
f 4835 4813 4807
f 4836 4835 4840
f 4836 4840 4847
f 4835 4806 4834
f 4835 4834 4840
f 4846 4851 4840
f 4846 4840 4834
f 4851 4852 4847
f 4851 4847 4840
f 3920 3873 3789
f 3920 3789 3875
f 3873 3838 3788
f 3873 3788 3789
f 3694 3744 3789
f 3694 3789 3788
f 3744 3792 3875
f 3744 3875 3789
f 4612 4576 4651
f 4612 4651 4653
f 4576 4540 4610
f 4576 4610 4651
f 4703 4707 4651
f 4703 4651 4610
f 4707 4763 4653
f 4707 4653 4651
f 3792 3744 3696
f 3792 3696 3790
f 3744 3694 3695
f 3744 3695 3696
f 3692 3697 3696
f 3692 3696 3695
f 3697 3791 3790
f 3697 3790 3696
f 4483 4456 4513
f 4483 4513 4542
f 4456 4455 4479
f 4456 4479 4513
f 4540 4576 4513
f 4540 4513 4479
f 4576 4612 4542
f 4576 4542 4513
f 3791 3697 3735
f 3791 3735 3787
f 3697 3692 3693
f 3697 3693 3735
f 3733 3735 3693
f 3733 3786 3787
f 3733 3787 3735
f 3786 3733 3784
f 3786 3784 3832
f 3733 3783 3784
f 3872 3784 3783
f 3872 3914 3832
f 3872 3832 3784
f 3914 3872 4044
f 3914 4044 4089
f 3872 4043 4044
f 4228 4282 4044
f 4228 4044 4043
f 4282 4344 4089
f 4282 4089 4044
f 4344 4282 4342
f 4344 4342 4383
f 4282 4228 4281
f 4282 4281 4342
f 4340 4381 4342
f 4340 4342 4281
f 4381 4409 4383
f 4381 4383 4342
f 4409 4381 4380
f 4409 4380 4408
f 4381 4340 4339
f 4381 4339 4380
f 4378 4406 4380
f 4378 4380 4339
f 4406 4408 4380
f 4406 4427 4429
f 4406 4378 4405
f 4406 4405 4427
f 4455 4456 4427
f 4455 4427 4405
f 4456 4483 4429
f 4456 4429 4427
f 4047 4009 3918
f 4047 3918 3919
f 4009 4007 3917
f 4009 3917 3918
f 3835 3918 3917
f 3835 3838 3919
f 3835 3919 3918
f 4347 4346 4093
f 4347 4093 4153
f 4346 4287 4092
f 4346 4092 4093
f 4007 4009 4093
f 4007 4093 4092
f 4009 4047 4153
f 4009 4153 4093
f 4287 4346 4489
f 4346 4347 4489
f 4846 4839 4828
f 4846 4828 4829
f 4839 4819 4771
f 4839 4771 4828
f 4679 4828 4771
f 4679 4829 4828
f 4703 4647 4753
f 4703 4753 4759
f 4801 4806 4759
f 4801 4759 4753
f 4806 4801 4833
f 4806 4833 4834
f 4801 4805 4833
f 4819 4839 4833
f 4819 4833 4805
f 4839 4846 4834
f 4839 4834 4833
f 3838 3835 3736
f 3838 3736 3788
f 3694 3788 3736
f 4540 4539 4610
f 4539 4512 4571
f 4539 4571 4610
f 4647 4610 4571
f 4647 4703 4610
f 3694 3656 3695
f 3694 3652 3656
f 3653 3656 3652
f 3653 3692 3695
f 3653 3695 3656
f 4455 4424 4478
f 4455 4478 4479
f 4424 4477 4478
f 4512 4539 4478
f 4512 4478 4477
f 4539 4540 4479
f 4539 4479 4478
f 3692 3653 3690
f 3692 3690 3693
f 3653 3650 3690
f 3689 3690 3650
f 3689 3733 3693
f 3689 3693 3690
f 3733 3689 3730
f 3733 3730 3783
f 3826 3870 3730
f 3870 3872 3783
f 3870 3783 3730
f 3872 3870 4043
f 3870 3826 4001
f 3870 4001 4043
f 4151 4226 4043
f 4151 4043 4001
f 4226 4228 4043
f 4228 4226 4280
f 4228 4280 4281
f 4226 4151 4279
f 4226 4279 4280
f 4274 4275 4280
f 4274 4280 4279
f 4275 4340 4281
f 4275 4281 4280
f 4340 4275 4338
f 4340 4338 4339
f 4275 4274 4337
f 4275 4337 4338
f 4333 4338 4337
f 4333 4378 4339
f 4333 4339 4338
f 4378 4333 4404
f 4378 4404 4405
f 4333 4374 4404
f 4424 4404 4374
f 4424 4455 4405
f 4424 4405 4404
f 3833 3836 3917
f 4007 4006 3917
f 4006 4007 4092
f 4287 4285 4092
f 4285 4287 4489
f 4285 4489 4488
f 4675 4625 4488
f 4675 4488 4489
f 4625 4624 4488
f 3836 3833 3734
f 3687 3689 3650
f 3687 3650 3645
f 3689 3690 3650
f 3649 3650 3690
f 3649 3645 3650
f 3824 3826 3729
f 3824 3729 3727
f 3826 3870 3729
f 3689 3687 3727
f 3689 3727 3729
f 4150 4224 4000
f 3870 3826 4000
f 3826 3824 4000
f 4224 4225 4149
f 4224 4149 4148
f 4225 4224 4150
f 4225 4150 4149
f 4150 4148 4149
f 4624 4625 4676
f 4625 4675 4676
f 3836 3835 3917
f 4679 4623 4489
f 4623 4675 4489
f 4819 4818 4771
f 4675 4623 4771
f 4623 4679 4771
f 4647 4702 4753
f 4647 4607 4702
f 4758 4801 4753
f 4758 4753 4702
f 4801 4758 4805
f 4818 4819 4805
f 3835 3836 3734
f 3835 3734 3736
f 3691 3694 3736
f 3691 3736 3734
f 4512 4511 4571
f 4607 4647 4571
f 3694 3691 3652
f 3649 3653 3652
f 4424 4423 4454
f 4424 4454 4477
f 4423 4453 4454
f 4511 4512 4454
f 4511 4454 4453
f 4512 4477 4454
f 3653 3690 3650
f 3653 3649 3690
f 3689 3650 3690
f 3689 3729 3730
f 3870 3826 3730
f 3870 3730 3729
f 3826 3870 4000
f 3826 4000 4001
f 4224 4151 4000
f 4151 4001 4000
f 4151 4278 4279
f 4151 4224 4278
f 4273 4274 4278
f 4274 4279 4278
f 4274 4336 4337
f 4274 4273 4336
f 4332 4333 4337
f 4332 4337 4336
f 4333 4332 4373
f 4333 4373 4374
f 4423 4424 4374
f 4423 4374 4373
f 1118 1243 1446
f 1118 1446 1376
f 1243 1374 1520
f 1243 1520 1446
f 1705 1708 1446
f 1705 1446 1520
f 1708 1655 1376
f 1708 1376 1446
f 1655 1708 1962
f 1655 1962 1970
f 1708 1705 1958
f 1708 1958 1962
f 2089 2090 1962
f 2089 1962 1958
f 2090 2093 1970
f 2090 1970 1962
f 2212 2510 2604
f 2212 2604 2309
f 2510 2855 2925
f 2510 2925 2604
f 3048 2693 2604
f 3048 2604 2925
f 2693 2419 2309
f 2693 2309 2604
f 3048 2925 3231
f 3048 3231 3395
f 2925 2855 3107
f 2925 3107 3231
f 3281 3457 3231
f 3281 3231 3107
f 3457 3565 3395
f 3457 3395 3231
f 1052 985 1304
f 1052 1304 1305
f 985 983 1303
f 985 1303 1304
f 1663 1731 1304
f 1663 1304 1303
f 1731 1733 1305
f 1731 1305 1304
f 1733 1731 2036
f 1733 2036 2101
f 1731 1663 2032
f 1731 2032 2036
f 2227 2329 2036
f 2227 2036 2032
f 2329 2457 2101
f 2329 2101 2036
f 2517 2934 3001
f 2517 3001 2706
f 2934 3287 3337
f 2934 3337 3001
f 3459 3064 3001
f 3459 3001 3337
f 3064 2808 2706
f 3064 2706 3001
f 3459 3337 3618
f 3459 3618 3702
f 3337 3287 3566
f 3337 3566 3618
f 3745 3883 3618
f 3745 3618 3566
f 3883 4021 3702
f 3883 3702 3618
f 1380 1178 1448
f 1380 1448 1676
f 1178 1052 1305
f 1178 1305 1448
f 1733 1864 1448
f 1733 1448 1305
f 1864 2004 1676
f 1864 1676 1448
f 2004 1864 2167
f 2004 2167 2351
f 1864 1733 2101
f 1864 2101 2167
f 2457 2638 2167
f 2457 2167 2101
f 2638 2813 2351
f 2638 2351 2167
f 2808 3064 3175
f 2808 3175 2949
f 3064 3459 3537
f 3064 3537 3175
f 3567 3293 3175
f 3567 3175 3537
f 3293 3010 2949
f 3293 2949 3175
f 3567 3537 3795
f 3567 3795 3841
f 3537 3459 3702
f 3537 3702 3795
f 4021 4051 3795
f 4021 3795 3702
f 4051 4052 3841
f 4051 3841 3795
f 1878 2050 2169
f 1878 2169 2111
f 2050 2252 2465
f 2050 2465 2169
f 2550 2111 2169
f 2550 2169 2465
f 2550 2465 2880
f 2550 2880 2953
f 2465 2252 2722
f 2465 2722 2880
f 3013 3069 2880
f 3013 2880 2722
f 3069 3126 2953
f 3069 2953 2880
f 3179 3412 3474
f 3179 3474 3298
f 3412 3620 3621
f 3412 3621 3474
f 3659 3520 3474
f 3659 3474 3621
f 3520 3360 3298
f 3520 3298 3474
f 3659 3621 3796
f 3659 3796 3844
f 3621 3620 3843
f 3621 3843 3796
f 3968 3844 3796
f 3968 3796 3843
f 983 1049 1302
f 983 1302 1303
f 1049 1118 1376
f 1049 1376 1302
f 1655 1659 1302
f 1655 1302 1376
f 1659 1663 1303
f 1659 1303 1302
f 1663 1659 1975
f 1663 1975 2032
f 1659 1655 1970
f 1659 1970 1975
f 2093 2145 1975
f 2093 1975 1970
f 2145 2227 2032
f 2145 2032 1975
f 2419 2693 2788
f 2419 2788 2421
f 2693 3048 3158
f 2693 3158 2788
f 3287 2934 2788
f 3287 2788 3158
f 2934 2517 2421
f 2934 2421 2788
f 3287 3158 3501
f 3287 3501 3566
f 3158 3048 3395
f 3158 3395 3501
f 3565 3658 3501
f 3565 3501 3395
f 3658 3745 3566
f 3658 3566 3501
f 1878 1611 1875
f 1878 1875 2050
f 1611 1380 1676
f 1611 1676 1875
f 2004 2108 1875
f 2004 1875 1676
f 2108 2252 2050
f 2108 2050 1875
f 2252 2108 2547
f 2252 2547 2722
f 2108 2004 2351
f 2108 2351 2547
f 2813 2879 2547
f 2813 2547 2351
f 2879 3013 2722
f 2879 2722 2547
f 3010 3293 3354
f 3010 3354 3124
f 3293 3567 3604
f 3293 3604 3354
f 3620 3412 3354
f 3620 3354 3604
f 3412 3179 3124
f 3412 3124 3354
f 3620 3604 3842
f 3620 3842 3843
f 3604 3567 3841
f 3604 3841 3842
f 4052 4055 3842
f 4052 3842 3841
f 4055 3968 3843
f 4055 3843 3842
f 1374 1243 1172
f 1374 1172 1373
f 1243 1118 1047
f 1243 1047 1172
f 1046 1171 1172
f 1046 1172 1047
f 1171 1372 1373
f 1171 1373 1172
f 1705 1520 1590
f 1705 1590 1773
f 1520 1374 1373
f 1520 1373 1590
f 1372 1589 1590
f 1372 1590 1373
f 1589 1841 1773
f 1589 1773 1590
f 2089 1958 1956
f 2089 1956 2088
f 1958 1705 1773
f 1958 1773 1956
f 1841 2025 1956
f 1841 1956 1773
f 2025 2129 2088
f 2025 2088 1956
f 2855 2510 2509
f 2855 2509 2854
f 2510 2212 2306
f 2510 2306 2509
f 2411 2600 2509
f 2411 2509 2306
f 2600 2924 2854
f 2600 2854 2509
f 3565 3457 3534
f 3565 3534 3657
f 3457 3281 3332
f 3457 3332 3534
f 3391 3561 3534
f 3391 3534 3332
f 3561 3699 3657
f 3561 3657 3534
f 3281 3107 3105
f 3281 3105 3332
f 3107 2855 2854
f 3107 2854 3105
f 2924 3154 3105
f 2924 3105 2854
f 3154 3391 3332
f 3154 3332 3105
f 983 985 833
f 983 833 913
f 985 1052 924
f 985 924 833
f 923 832 833
f 923 833 924
f 832 912 913
f 832 913 833
f 3745 3658 3793
f 3745 3793 3882
f 3658 3565 3657
f 3658 3657 3793
f 3699 3839 3793
f 3699 3793 3657
f 3839 3965 3882
f 3839 3882 3793
f 1052 1178 1056
f 1052 1056 924
f 1178 1380 1254
f 1178 1254 1056
f 1253 1055 1056
f 1253 1056 1254
f 1055 923 924
f 1055 924 1056
f 4052 4051 4240
f 4052 4240 4244
f 4051 4021 4102
f 4051 4102 4240
f 4159 4239 4240
f 4159 4240 4102
f 4239 4301 4244
f 4239 4244 4240
f 1380 1611 1529
f 1380 1529 1254
f 1611 1878 1809
f 1611 1809 1529
f 1808 1533 1529
f 1808 1529 1809
f 1533 1253 1254
f 1533 1254 1529
f 1878 2111 2110
f 1878 2110 1809
f 2111 2550 2549
f 2111 2549 2110
f 2551 2117 2110
f 2551 2110 2549
f 2117 1808 1809
f 2117 1809 2110
f 2550 2953 2954
f 2550 2954 2549
f 2953 3126 3182
f 2953 3182 2954
f 3181 3018 2954
f 3181 2954 3182
f 3018 2551 2549
f 3018 2549 2954
f 3360 3520 3540
f 3360 3540 3359
f 3520 3659 3705
f 3520 3705 3540
f 3706 3539 3540
f 3706 3540 3705
f 3539 3418 3359
f 3539 3359 3540
f 3659 3844 3885
f 3659 3885 3705
f 3844 3968 4066
f 3844 4066 3885
f 4118 3929 3885
f 4118 3885 4066
f 3929 3706 3705
f 3929 3705 3885
f 3968 4055 4172
f 3968 4172 4066
f 4055 4052 4244
f 4055 4244 4172
f 4301 4251 4172
f 4301 4172 4244
f 4251 4118 4066
f 4251 4066 4172
f 1118 1049 906
f 1118 906 1047
f 1049 983 913
f 1049 913 906
f 912 905 906
f 912 906 913
f 905 1046 1047
f 905 1047 906
f 4021 3883 4019
f 4021 4019 4102
f 3883 3745 3882
f 3883 3882 4019
f 3965 4101 4019
f 3965 4019 3882
f 4101 4159 4102
f 4101 4102 4019
f 1372 1171 1242
f 1372 1242 1445
f 1171 1046 1045
f 1171 1045 1242
f 1117 1241 1242
f 1117 1242 1045
f 1241 1444 1445
f 1241 1445 1242
f 1841 1589 1654
f 1841 1654 1840
f 1589 1372 1445
f 1589 1445 1654
f 1444 1653 1654
f 1444 1654 1445
f 1653 1839 1840
f 1653 1840 1654
f 2129 2025 2024
f 2129 2024 2128
f 2025 1841 1840
f 2025 1840 2024
f 1839 2055 2024
f 1839 2024 1840
f 2055 2131 2128
f 2055 2128 2024
f 2924 2600 2687
f 2924 2687 2923
f 2600 2411 2410
f 2600 2410 2687
f 2508 2686 2687
f 2508 2687 2410
f 2686 2989 2923
f 2686 2923 2687
f 3699 3561 3560
f 3699 3560 3698
f 3561 3391 3390
f 3561 3390 3560
f 3389 3601 3560
f 3389 3560 3390
f 3601 3743 3698
f 3601 3698 3560
f 3391 3154 3153
f 3391 3153 3390
f 3154 2924 2923
f 3154 2923 3153
f 2989 3152 3153
f 2989 3153 2923
f 3152 3389 3390
f 3152 3390 3153
f 912 832 831
f 912 831 911
f 832 923 922
f 832 922 831
f 921 918 831
f 921 831 922
f 918 910 911
f 918 911 831
f 3965 3839 3881
f 3965 3881 4018
f 3839 3699 3698
f 3839 3698 3881
f 3743 3880 3881
f 3743 3881 3698
f 3880 4017 4018
f 3880 4018 3881
f 923 1055 1054
f 923 1054 922
f 1055 1253 1252
f 1055 1252 1054
f 1314 1053 1054
f 1314 1054 1252
f 1053 921 922
f 1053 922 1054
f 4301 4239 4295
f 4301 4295 4300
f 4239 4159 4237
f 4239 4237 4295
f 4236 4294 4295
f 4236 4295 4237
f 4294 4298 4300
f 4294 4300 4295
f 1253 1533 1532
f 1253 1532 1252
f 1533 1808 1886
f 1533 1886 1532
f 1883 1531 1532
f 1883 1532 1886
f 1531 1314 1252
f 1531 1252 1532
f 1808 2117 2116
f 1808 2116 1886
f 2117 2551 2645
f 2117 2645 2116
f 2644 2115 2116
f 2644 2116 2645
f 2115 1883 1886
f 2115 1886 2116
f 2551 3018 3017
f 2551 3017 2645
f 3018 3181 3256
f 3018 3256 3017
f 3184 3016 3017
f 3184 3017 3256
f 3016 2644 2645
f 3016 2645 3017
f 3418 3539 3579
f 3418 3579 3417
f 3539 3706 3758
f 3539 3758 3579
f 3757 3578 3579
f 3757 3579 3758
f 3578 3479 3417
f 3578 3417 3579
f 3706 3929 3928
f 3706 3928 3758
f 3929 4118 4117
f 3929 4117 3928
f 4116 3974 3928
f 4116 3928 4117
f 3974 3757 3758
f 3974 3758 3928
f 4118 4251 4250
f 4118 4250 4117
f 4251 4301 4300
f 4251 4300 4250
f 4298 4313 4250
f 4298 4250 4300
f 4313 4116 4117
f 4313 4117 4250
f 1046 905 982
f 1046 982 1045
f 905 912 911
f 905 911 982
f 910 981 982
f 910 982 911
f 981 1117 1045
f 981 1045 982
f 4159 4101 4100
f 4159 4100 4237
f 4101 3965 4018
f 4101 4018 4100
f 4017 4099 4100
f 4017 4100 4018
f 4099 4236 4237
f 4099 4237 4100
f 1301 1658 1709
f 1301 1709 1447
f 1658 1971 1965
f 1658 1965 1709
f 1959 1776 1709
f 1959 1709 1965
f 1776 1591 1447
f 1776 1447 1709
f 1971 2222 2140
f 1971 2140 1965
f 2222 2613 2415
f 2222 2415 2140
f 2308 2134 2140
f 2308 2140 2415
f 2134 1959 1965
f 2134 1965 2140
f 2858 3109 2990
f 2858 2990 2776
f 3109 3333 3232
f 3109 3232 2990
f 3106 2856 2990
f 3106 2990 3232
f 2856 2602 2776
f 2856 2776 2990
f 3333 3564 3456
f 3333 3456 3232
f 3564 3700 3562
f 3564 3562 3456
f 3454 3280 3456
f 3454 3456 3562
f 3280 3106 3232
f 3280 3232 3456
f 1176 1602 1601
f 1176 1601 1175
f 1602 2075 2037
f 1602 2037 1601
f 2034 1600 1601
f 2034 1601 2037
f 1600 1174 1175
f 1600 1175 1601
f 2075 2545 2444
f 2075 2444 2037
f 2545 2948 2866
f 2545 2866 2444
f 2791 2321 2444
f 2791 2444 2866
f 2321 2034 2037
f 2321 2037 2444
f 3396 3619 3603
f 3396 3603 3339
f 3536 3238 3339
f 3536 3339 3603
f 3619 3925 3840
f 3619 3840 3603
f 3925 4160 4020
f 3925 4020 3840
f 3924 3701 3840
f 3924 3840 4020
f 3701 3536 3603
f 3701 3603 3840
f 1526 1937 1734
f 1526 1734 1306
f 1937 2251 2107
f 1937 2107 1734
f 2075 1602 1734
f 2075 1734 2107
f 1602 1176 1306
f 1602 1306 1734
f 2251 2814 2721
f 2251 2721 2107
f 2814 3123 3009
f 2814 3009 2721
f 2948 2545 2721
f 2948 2721 3009
f 2545 2075 2107
f 2545 2107 2721
f 3352 3538 3515
f 3352 3515 3244
f 3538 3746 3703
f 3538 3703 3515
f 3619 3396 3515
f 3619 3515 3703
f 3396 3174 3244
f 3396 3244 3515
f 3746 4022 3966
f 3746 3966 3703
f 4022 4241 4238
f 4022 4238 3966
f 4160 3925 3966
f 4160 3966 4238
f 3925 3619 3703
f 3925 3703 3966
f 2010 2253 2352
f 2010 2352 2109
f 2253 2724 2723
f 2253 2723 2352
f 2548 2109 2352
f 2548 2352 2723
f 2724 3068 3012
f 2724 3012 2723
f 3068 3248 3247
f 3068 3247 3012
f 3178 2952 3012
f 3178 3012 3247
f 2952 2548 2723
f 2952 2723 3012
f 3414 3571 3570
f 3414 3570 3413
f 3571 3749 3704
f 3571 3704 3570
f 3748 3569 3570
f 3748 3570 3704
f 3569 3411 3413
f 3569 3413 3570
f 3749 3927 3884
f 3749 3884 3704
f 3927 4059 3926
f 3927 3926 3884
f 3748 3704 3884
f 3748 3884 3926
f 1174 1600 1597
f 1174 1597 1244
f 1600 2034 1976
f 1600 1976 1597
f 1971 1658 1597
f 1971 1597 1976
f 1658 1301 1244
f 1658 1244 1597
f 2034 2321 2316
f 2034 2316 1976
f 2321 2791 2699
f 2321 2699 2316
f 2613 2222 2316
f 2613 2316 2699
f 2222 1971 1976
f 2222 1976 2316
f 2998 3238 3160
f 2998 3160 2932
f 3238 3536 3458
f 3238 3458 3160
f 3333 3109 3160
f 3333 3160 3458
f 3109 2858 2932
f 3109 2932 3160
f 3536 3701 3617
f 3536 3617 3458
f 3701 3924 3794
f 3701 3794 3617
f 3700 3564 3617
f 3700 3617 3794
f 3564 3333 3458
f 3564 3458 3617
f 2010 2109 2049
f 2010 2049 1739
f 2109 2548 2464
f 2109 2464 2049
f 2251 1937 2049
f 2251 2049 2464
f 1937 1526 1739
f 1937 1739 2049
f 2548 2952 2951
f 2548 2951 2464
f 2952 3178 3177
f 2952 3177 2951
f 3123 2814 2951
f 3123 2951 3177
f 2814 2251 2464
f 2814 2464 2951
f 3411 3569 3568
f 3411 3568 3353
f 3569 3748 3747
f 3569 3747 3568
f 3746 3538 3568
f 3746 3568 3747
f 3538 3352 3353
f 3538 3353 3568
f 3748 3926 3967
f 3748 3967 3747
f 3926 4059 4171
f 3926 4171 3967
f 4241 4022 3967
f 4241 3967 4171
f 4022 3746 3747
f 4022 3747 3967
f 1591 1592 1375
f 1591 1375 1447
f 1592 1521 1300
f 1592 1300 1375
f 1112 1173 1375
f 1112 1375 1300
f 1173 1301 1447
f 1173 1447 1375
f 1959 1957 1775
f 1959 1775 1776
f 1957 1904 1706
f 1957 1706 1775
f 1521 1592 1775
f 1521 1775 1706
f 1592 1591 1776
f 1592 1776 1775
f 2211 2087 2086
f 2211 2086 2307
f 2087 1904 1957
f 2087 1957 2086
f 1959 2134 2086
f 1959 2086 1957
f 2134 2308 2307
f 2134 2307 2086
f 3106 3046 2774
f 3106 2774 2856
f 3046 2985 2772
f 3046 2772 2774
f 2505 2601 2774
f 2505 2774 2772
f 2601 2602 2856
f 2601 2856 2774
f 3700 3737 3602
f 3700 3602 3562
f 3737 3738 3596
f 3737 3596 3602
f 3450 3455 3602
f 3450 3602 3596
f 3455 3454 3562
f 3455 3562 3602
f 3454 3455 3225
f 3454 3225 3280
f 3455 3450 3226
f 3455 3226 3225
f 2985 3046 3225
f 2985 3225 3226
f 3046 3106 3280
f 3046 3280 3225
f 1174 1050 986
f 1174 986 1175
f 1050 984 914
f 1050 914 986
f 987 1051 986
f 987 986 914
f 1051 1176 1175
f 1051 1175 986
f 3924 4012 3876
f 3924 3876 3794
f 4012 4013 3922
f 4012 3922 3876
f 3738 3737 3876
f 3738 3876 3922
f 3737 3700 3794
f 3737 3794 3876
f 1176 1051 1177
f 1176 1177 1306
f 1051 987 1120
f 1051 1120 1177
f 1309 1381 1177
f 1309 1177 1120
f 1381 1526 1306
f 1381 1306 1177
f 4241 4358 4350
f 4241 4350 4238
f 4358 4359 4351
f 4358 4351 4350
f 4289 4232 4350
f 4289 4350 4351
f 4232 4160 4238
f 4232 4238 4350
f 1526 1381 1682
f 1526 1682 1739
f 1381 1309 1610
f 1381 1610 1682
f 1879 1943 1682
f 1879 1682 1610
f 1943 2010 1739
f 1943 1739 1682
f 2010 1943 2168
f 2010 2168 2253
f 1943 1879 2170
f 1943 2170 2168
f 2639 2725 2168
f 2639 2168 2170
f 2725 2724 2253
f 2725 2253 2168
f 2724 2725 3070
f 2724 3070 3068
f 2725 2639 3071
f 2725 3071 3070
f 3251 3249 3070
f 3251 3070 3071
f 3249 3248 3068
f 3249 3068 3070
f 3476 3573 3572
f 3476 3572 3475
f 3573 3751 3750
f 3573 3750 3572
f 3749 3571 3572
f 3749 3572 3750
f 3571 3414 3475
f 3571 3475 3572
f 3749 3750 3969
f 3749 3969 3927
f 3750 3751 3970
f 3750 3970 3969
f 4177 4176 3969
f 4177 3969 3970
f 4176 4059 3927
f 4176 3927 3969
f 4059 4176 4307
f 4059 4307 4171
f 4176 4177 4308
f 4176 4308 4307
f 4359 4358 4307
f 4359 4307 4308
f 4358 4241 4171
f 4358 4171 4307
f 1301 1173 1119
f 1301 1119 1244
f 1173 1112 1048
f 1173 1048 1119
f 984 1050 1119
f 984 1119 1048
f 1050 1174 1244
f 1050 1244 1119
f 4160 4232 4096
f 4160 4096 4020
f 4232 4289 4156
f 4232 4156 4096
f 4013 4012 4096
f 4013 4096 4156
f 4012 3924 4020
f 4012 4020 4096
f 1521 1441 1237
f 1521 1237 1300
f 1441 1442 1238
f 1441 1238 1237
f 1114 1113 1237
f 1114 1237 1238
f 1113 1112 1300
f 1113 1300 1237
f 1904 1905 1707
f 1904 1707 1706
f 1905 1906 1650
f 1905 1650 1707
f 1442 1441 1707
f 1442 1707 1650
f 1441 1521 1706
f 1441 1706 1707
f 2130 2052 2051
f 2130 2051 2204
f 2052 1906 1905
f 2052 1905 2051
f 1904 2087 2051
f 1904 2051 1905
f 2087 2211 2204
f 2087 2204 2051
f 2985 2986 2773
f 2985 2773 2772
f 2986 2987 2683
f 2986 2683 2773
f 2507 2506 2773
f 2507 2773 2683
f 2506 2505 2772
f 2506 2772 2773
f 3738 3739 3597
f 3738 3597 3596
f 3739 3740 3598
f 3739 3598 3597
f 3452 3451 3597
f 3452 3597 3598
f 3451 3450 3596
f 3451 3596 3597
f 3450 3451 3227
f 3450 3227 3226
f 3451 3452 3228
f 3451 3228 3227
f 2987 2986 3227
f 2987 3227 3228
f 2986 2985 3226
f 2986 3226 3227
f 984 907 915
f 984 915 914
f 907 908 916
f 907 916 915
f 919 988 915
f 919 915 916
f 988 987 914
f 988 914 915
f 4013 4014 3923
f 4013 3923 3922
f 4014 4015 3877
f 4014 3877 3923
f 3740 3739 3923
f 3740 3923 3877
f 3739 3738 3922
f 3739 3922 3923
f 987 988 1121
f 987 1121 1120
f 988 919 1122
f 988 1122 1121
f 1311 1310 1121
f 1311 1121 1122
f 1310 1309 1120
f 1310 1120 1121
f 4359 4360 4352
f 4359 4352 4351
f 4360 4361 4291
f 4360 4291 4352
f 4233 4290 4352
f 4233 4352 4291
f 4290 4289 4351
f 4290 4351 4352
f 1309 1310 1612
f 1309 1612 1610
f 1310 1311 1613
f 1310 1613 1612
f 1881 1880 1612
f 1881 1612 1613
f 1880 1879 1610
f 1880 1610 1612
f 1879 1880 2171
f 1879 2171 2170
f 1880 1881 2112
f 1880 2112 2171
f 2641 2640 2171
f 2641 2171 2112
f 2640 2639 2170
f 2640 2170 2171
f 2639 2640 3072
f 2639 3072 3071
f 2640 2641 3014
f 2640 3014 3072
f 3183 3252 3072
f 3183 3072 3014
f 3252 3251 3071
f 3252 3071 3072
f 3478 3575 3574
f 3478 3574 3477
f 3575 3754 3752
f 3575 3752 3574
f 3751 3573 3574
f 3751 3574 3752
f 3573 3476 3477
f 3573 3477 3574
f 3751 3752 3971
f 3751 3971 3970
f 3752 3754 3972
f 3752 3972 3971
f 4182 4181 3971
f 4182 3971 3972
f 4181 4177 3970
f 4181 3970 3971
f 4177 4181 4309
f 4177 4309 4308
f 4181 4182 4310
f 4181 4310 4309
f 4361 4360 4309
f 4361 4309 4310
f 4360 4359 4308
f 4360 4308 4309
f 1112 1113 978
f 1112 978 1048
f 1113 1114 979
f 1113 979 978
f 908 907 978
f 908 978 979
f 907 984 1048
f 907 1048 978
f 4289 4290 4157
f 4289 4157 4156
f 4290 4233 4158
f 4290 4158 4157
f 4015 4014 4157
f 4015 4157 4158
f 4014 4013 4156
f 4014 4156 4157
f 2089 2133 2137
f 2089 2137 2090
f 2217 2221 2137
f 2221 2093 2090
f 2221 2090 2137
f 2419 2217 2214
f 2419 2214 2309
f 2217 2137 2214
f 2133 2214 2137
f 2133 2212 2309
f 2133 2309 2214
f 2227 2320 2438
f 2227 2438 2329
f 2320 2426 2529
f 2320 2529 2438
f 2634 2438 2529
f 2634 2457 2329
f 2634 2329 2438
f 2808 2634 2529
f 2808 2529 2706
f 2426 2422 2529
f 2422 2517 2706
f 2422 2706 2529
f 2457 2634 2720
f 2457 2720 2638
f 2634 2812 2720
f 2878 2720 2812
f 2878 2813 2638
f 2878 2638 2720
f 3010 2950 2812
f 3010 2812 2949
f 2950 2878 2812
f 2634 2808 2949
f 2634 2949 2812
f 3013 3125 3180
f 3013 3180 3069
f 3250 3126 3069
f 3250 3069 3180
f 3360 3250 3180
f 3360 3180 3298
f 3125 3179 3298
f 3125 3298 3180
f 2093 2221 2224
f 2093 2224 2145
f 2221 2217 2315
f 2221 2315 2224
f 2426 2320 2224
f 2426 2224 2315
f 2320 2227 2145
f 2320 2145 2224
f 2517 2422 2315
f 2517 2315 2421
f 2422 2426 2315
f 2217 2419 2421
f 2217 2421 2315
f 2813 2878 3011
f 2813 3011 2879
f 3125 3013 2879
f 3125 2879 3011
f 3179 3125 3011
f 3179 3011 3124
f 2878 2950 3011
f 2950 3010 3124
f 2950 3124 3011
f 2129 2208 2132
f 2129 2132 2088
f 2133 2089 2088
f 2133 2088 2132
f 2212 2133 2209
f 2212 2209 2306
f 2133 2132 2209
f 2208 2209 2132
f 2208 2411 2306
f 2208 2306 2209
f 3126 3250 3255
f 3126 3255 3182
f 3250 3301 3255
f 3300 3255 3301
f 3300 3181 3182
f 3300 3182 3255
f 3418 3300 3301
f 3418 3301 3359
f 3250 3360 3359
f 3250 3359 3301
f 1117 1116 1240
f 1117 1240 1241
f 1116 1115 1240
f 1443 1444 1241
f 1443 1241 1240
f 1444 1443 1652
f 1444 1652 1653
f 1907 1839 1653
f 1907 1653 1652
f 1839 1907 2054
f 1839 2054 2055
f 1907 2053 2054
f 2304 2206 2054
f 2304 2054 2053
f 2206 2131 2055
f 2206 2055 2054
f 2131 2206 2207
f 2131 2207 2128
f 2206 2304 2305
f 2206 2305 2207
f 2208 2207 2305
f 2208 2129 2128
f 2208 2128 2207
f 2411 2208 2305
f 2411 2305 2410
f 2304 2409 2305
f 2409 2508 2410
f 2409 2410 2305
f 2508 2409 2685
f 2508 2685 2686
f 2409 2304 2688
f 2409 2688 2685
f 2988 2685 2688
f 2988 2989 2686
f 2988 2686 2685
f 3389 3388 3600
f 3389 3600 3601
f 3388 3392 3600
f 3741 3742 3600
f 3742 3743 3601
f 3742 3601 3600
f 2989 2988 3230
f 2989 3230 3152
f 2988 3151 3230
f 3392 3388 3230
f 3392 3230 3151
f 3388 3389 3152
f 3388 3152 3230
f 921 920 917
f 921 917 918
f 909 910 918
f 909 918 917
f 3743 3742 3879
f 3743 3879 3880
f 3742 3741 3879
f 4016 4017 3880
f 4016 3880 3879
f 1314 1313 1124
f 1314 1124 1053
f 1313 1123 1124
f 920 1124 1123
f 920 921 1053
f 920 1053 1124
f 4236 4235 4293
f 4236 4293 4294
f 4297 4298 4294
f 4297 4294 4293
f 1883 1882 1530
f 1883 1530 1531
f 1882 1614 1530
f 1313 1530 1614
f 1313 1314 1531
f 1313 1531 1530
f 2644 2643 2114
f 2644 2114 2115
f 2643 2642 2114
f 1882 1883 2115
f 1882 2115 2114
f 3181 3300 3299
f 3181 3299 3256
f 3362 3254 3299
f 3254 3184 3256
f 3254 3256 3299
f 3184 3254 3015
f 3184 3015 3016
f 3254 3362 3015
f 2642 2643 3015
f 2643 2644 3016
f 2643 3016 3015
f 3757 3756 3577
f 3757 3577 3578
f 3756 3753 3577
f 3362 3416 3577
f 3416 3479 3578
f 3416 3578 3577
f 3479 3416 3363
f 3479 3363 3417
f 3416 3362 3299
f 3416 3299 3363
f 3300 3363 3299
f 3300 3418 3417
f 3300 3417 3363
f 4116 4115 3973
f 4116 3973 3974
f 4115 4114 3973
f 3753 3756 3973
f 3756 3757 3974
f 3756 3974 3973
f 4298 4297 4312
f 4298 4312 4313
f 4297 4248 4312
f 4114 4115 4312
f 4114 4312 4248
f 4115 4116 4313
f 4115 4313 4312
f 910 909 980
f 910 980 981
f 1115 1116 980
f 1116 1117 981
f 1116 981 980
f 4017 4016 4098
f 4017 4098 4099
f 4016 4097 4098
f 4235 4098 4097
f 4235 4236 4099
f 4235 4099 4098
f 2613 2695 2607
f 2613 2607 2415
f 2512 2308 2415
f 2512 2415 2607
f 2602 2512 2607
f 2602 2607 2776
f 2695 2782 2607
f 2782 2858 2776
f 2782 2776 2607
f 2948 3006 2942
f 2948 2942 2866
f 3006 3067 2943
f 3006 2943 2942
f 2861 2942 2943
f 2861 2791 2866
f 2861 2866 2942
f 2935 2861 2943
f 2935 2943 3004
f 3067 3004 2943
f 3123 3176 3122
f 3123 3122 3009
f 3176 3245 3122
f 3067 3006 3122
f 3006 2948 3009
f 3006 3009 3122
f 3174 3067 3121
f 3174 3121 3244
f 3067 3122 3121
f 3245 3121 3122
f 3245 3352 3244
f 3245 3244 3121
f 3248 3356 3297
f 3248 3297 3247
f 3296 3178 3247
f 3296 3247 3297
f 3411 3295 3355
f 3411 3355 3413
f 3295 3296 3297
f 3295 3297 3355
f 3356 3355 3297
f 3356 3414 3413
f 3356 3413 3355
f 2791 2861 2790
f 2791 2790 2699
f 2695 2613 2699
f 2695 2699 2790
f 2858 2782 2859
f 2858 2859 2932
f 2782 2695 2790
f 2782 2790 2859
f 2861 2935 2859
f 2861 2859 2790
f 2935 2998 2932
f 2935 2932 2859
f 3178 3296 3246
f 3178 3246 3177
f 3296 3294 3246
f 3245 3176 3246
f 3245 3246 3294
f 3176 3123 3177
f 3176 3177 3246
f 3352 3245 3294
f 3352 3294 3353
f 3296 3295 3294
f 3295 3411 3353
f 3295 3353 3294
f 2308 2512 2412
f 2308 2412 2307
f 2406 2302 2412
f 2302 2211 2307
f 2302 2307 2412
f 2505 2406 2412
f 2505 2412 2601
f 2512 2602 2601
f 2512 2601 2412
f 3251 3358 3357
f 3251 3357 3249
f 3356 3248 3249
f 3356 3249 3357
f 3414 3356 3357
f 3414 3357 3475
f 3358 3476 3475
f 3358 3475 3357
f 1442 1443 1239
f 1442 1239 1238
f 1443 1240 1239
f 1115 1239 1240
f 1115 1114 1238
f 1115 1238 1239
f 1906 1907 1651
f 1906 1651 1650
f 1907 1652 1651
f 1443 1651 1652
f 1443 1442 1650
f 1443 1650 1651
f 2130 2205 2053
f 2130 2053 2052
f 2205 2304 2053
f 1907 1906 2052
f 1907 2052 2053
f 2211 2302 2303
f 2211 2303 2204
f 2302 2406 2303
f 2304 2205 2303
f 2205 2130 2204
f 2205 2204 2303
f 2987 2988 2684
f 2987 2684 2683
f 2988 2688 2684
f 2304 2408 2684
f 2304 2684 2688
f 2408 2507 2683
f 2408 2683 2684
f 2507 2408 2407
f 2507 2407 2506
f 2408 2304 2303
f 2408 2303 2407
f 2406 2407 2303
f 2406 2505 2506
f 2406 2506 2407
f 3740 3741 3599
f 3740 3599 3598
f 3741 3600 3599
f 3392 3453 3599
f 3392 3599 3600
f 3453 3452 3598
f 3453 3598 3599
f 3452 3453 3229
f 3452 3229 3228
f 3453 3392 3151
f 3453 3151 3229
f 2988 3229 3151
f 2988 2987 3228
f 2988 3228 3229
f 908 909 917
f 908 917 916
f 920 919 916
f 920 916 917
f 4015 4016 3878
f 4015 3878 3877
f 4016 3879 3878
f 3741 3878 3879
f 3741 3740 3877
f 3741 3877 3878
f 919 920 1123
f 919 1123 1122
f 1313 1312 1123
f 1312 1311 1122
f 1312 1122 1123
f 4361 4296 4292
f 4361 4292 4291
f 4296 4297 4293
f 4296 4293 4292
f 4235 4234 4292
f 4235 4292 4293
f 4234 4233 4291
f 4234 4291 4292
f 1311 1312 1614
f 1311 1614 1613
f 1312 1313 1614
f 1882 1881 1613
f 1882 1613 1614
f 1881 1882 2113
f 1881 2113 2112
f 1882 2114 2113
f 2642 2113 2114
f 2642 2641 2112
f 2642 2112 2113
f 2641 2642 3015
f 2641 3015 3014
f 3362 3253 3015
f 3253 3183 3014
f 3253 3014 3015
f 3183 3253 3361
f 3183 3361 3252
f 3253 3362 3361
f 3358 3251 3252
f 3358 3252 3361
f 3478 3415 3576
f 3478 3576 3575
f 3415 3362 3577
f 3415 3577 3576
f 3753 3755 3576
f 3753 3576 3577
f 3755 3754 3575
f 3755 3575 3576
f 3476 3358 3361
f 3476 3361 3477
f 3362 3415 3361
f 3415 3478 3477
f 3415 3477 3361
f 3754 3755 3973
f 3754 3973 3972
f 3755 3753 3973
f 4114 4182 3972
f 4114 3972 3973
f 4182 4114 4311
f 4182 4311 4310
f 4114 4248 4311
f 4297 4296 4311
f 4297 4311 4248
f 4296 4361 4310
f 4296 4310 4311
f 1114 1115 980
f 1114 980 979
f 909 908 979
f 909 979 980
f 4233 4234 4097
f 4233 4097 4158
f 4234 4235 4097
f 4016 4015 4158
f 4016 4158 4097
f 1738 1800 1801
f 1738 1801 1803
f 1803 1801 1872
f 1872 1801 1800
f 1678 1735 1680
f 1680 1735 1800
f 1680 1800 1738
f 1947 2014 1944
f 1947 1944 1884
f 1884 1944 1876
f 1884 1876 1806
f 1940 1876 1944
f 1940 1944 2007
f 2007 1944 2014
f 2007 2014 2011
f 1742 1804 1740
f 1742 1740 1612
f 1612 1740 1681
f 1612 1681 1528
f 1736 1681 1740
f 1736 1740 1802
f 1802 1740 1804
f 1802 1804 1870
f 1524 1307 1378
f 1378 1307 1125
f 1378 1125 1179
f 1057 1125 1307
f 1307 1524 1449
f 1685 1810 1745
f 1685 1745 1618
f 1618 1745 1744
f 1806 1744 1745
f 1806 1745 1884
f 1884 1745 1810
f 1884 1810 1947
f 1458 1616 1456
f 1458 1456 1320
f 1320 1456 1317
f 1320 1317 1182
f 1528 1317 1456
f 1528 1456 1612
f 1612 1456 1616
f 1612 1616 1742
f 1179 1125 993
f 1179 993 1061
f 1061 993 840
f 1061 840 927
f 774 840 993
f 774 993 925
f 925 993 1125
f 925 1125 1057
f 1461 1536 1386
f 1461 1386 1323
f 1323 1386 1185
f 1323 1185 1133
f 1256 1185 1386
f 1256 1386 1383
f 1383 1386 1618
f 1685 1618 1386
f 1685 1386 1536
f 1133 1185 1067
f 1133 1067 1002
f 1002 1067 1001
f 1002 1001 934
f 1066 1001 1067
f 1066 1067 1131
f 1131 1067 1185
f 1131 1185 1256
f 783 846 779
f 783 779 780
f 780 779 723
f 780 723 724
f 774 723 779
f 774 779 840
f 840 779 843
f 840 843 927
f 929 843 779
f 929 779 846
f 1736 1679 1608
f 1736 1608 1681
f 1681 1608 1382
f 1681 1382 1528
f 1315 1382 1608
f 1315 1608 1453
f 1453 1608 1679
f 1453 1679 1677
f 1528 1382 1255
f 1528 1255 1317
f 1317 1255 1128
f 1317 1128 1182
f 1063 1128 1255
f 1063 1255 1127
f 1127 1255 1382
f 1127 1382 1315
f 929 846 932
f 929 932 999
f 999 932 1001
f 999 1001 1066
f 934 1001 932
f 934 932 848
f 848 932 846
f 848 846 783
f 1940 1873 1876
f 1742 1806 1876
f 1742 1876 1804
f 1804 1876 1873
f 1804 1873 1870
f 1806 1683 1744
f 1744 1683 1534
f 1744 1534 1618
f 1458 1534 1683
f 1458 1683 1616
f 1616 1683 1806
f 1616 1806 1742
f 1618 1534 1460
f 1618 1460 1383
f 1383 1460 1321
f 1383 1321 1256
f 1458 1321 1460
f 1458 1460 1534
f 1256 1321 1184
f 1256 1184 1131
f 1131 1184 1130
f 1131 1130 1066
f 1182 1130 1184
f 1182 1184 1320
f 1320 1184 1321
f 1320 1321 1458
f 1066 1130 998
f 1066 998 999
f 999 998 997
f 999 997 929
f 1063 997 998
f 1063 998 1128
f 1128 998 1130
f 1128 1130 1182
f 929 997 928
f 929 928 843
f 843 928 995
f 843 995 927
f 1063 995 928
f 1063 928 997
f 927 995 1061
f 1061 1250 1179
f 1315 1250 1061
f 1315 1061 1127
f 1127 1061 995
f 1127 995 1063
f 1179 1250 1452
f 1179 1452 1378
f 1378 1452 1607
f 1378 1607 1524
f 1677 1607 1452
f 1677 1452 1453
f 1453 1452 1250
f 1453 1250 1315
f 2011 2014 2015
f 2011 2015 2008
f 1949 2015 1948
f 1948 2015 2014
f 1948 2014 1947
f 1940 2007 2005
f 1940 2005 1941
f 2008 2005 2007
f 2008 2007 2011
f 1736 1802 1800
f 1871 1800 1802
f 1871 1802 1870
f 1057 1307 1245
f 1057 1245 1058
f 1058 1245 1246
f 1058 1246 1059
f 1450 1246 1245
f 1450 1245 1307
f 1450 1307 1449
f 1524 1607 1674
f 1524 1674 1604
f 1604 1674 1675
f 1678 1675 1674
f 1678 1674 1607
f 1678 1607 1677
f 1947 1810 1887
f 1947 1887 1948
f 1948 1887 1888
f 1948 1888 1949
f 1750 1888 1887
f 1750 1887 1747
f 1747 1887 1810
f 1747 1810 1685
f 774 925 834
f 774 834 775
f 775 834 835
f 775 835 718
f 1059 835 834
f 1059 834 1058
f 1058 834 925
f 1058 925 1057
f 1685 1536 1620
f 1685 1620 1747
f 1747 1620 1621
f 1747 1621 1750
f 1463 1621 1620
f 1463 1620 1462
f 1462 1620 1536
f 1462 1536 1461
f 1461 1323 1258
f 1461 1258 1462
f 1462 1258 1259
f 1462 1259 1463
f 1069 1259 1258
f 1069 1258 1068
f 1068 1258 1323
f 1068 1323 1133
f 934 848 849
f 934 849 935
f 935 849 786
f 935 786 852
f 784 786 849
f 784 849 848
f 784 848 783
f 783 780 728
f 783 728 784
f 784 728 729
f 671 729 728
f 671 728 725
f 725 728 780
f 725 780 724
f 724 723 721
f 724 721 725
f 725 721 667
f 725 667 671
f 718 667 721
f 718 721 775
f 775 721 723
f 775 723 774
f 1677 1679 1735
f 1677 1735 1678
f 1800 1735 1679
f 1800 1679 1736
f 1133 1002 1005
f 1133 1005 1068
f 1068 1005 1006
f 1068 1006 1069
f 852 1006 1005
f 852 1005 935
f 935 1005 1002
f 935 1002 934
f 1870 1873 1938
f 1870 1938 1871
f 1941 1938 1873
f 1941 1873 1940
f 1449 1524 1603
f 1449 1603 1450
f 1604 1603 1524
f 1872 1800 1871
f 1800 1735 1737
f 2008 2015 2016
f 2008 2016 2012
f 1949 2016 2015
f 2012 2005 2008
f 1059 1246 989
f 1604 1675 1605
f 1678 1605 1675
f 1949 1888 1889
f 1751 1889 1750
f 1750 1889 1888
f 718 835 836
f 718 836 719
f 989 836 835
f 989 835 1059
f 1750 1621 1622
f 1750 1622 1751
f 1464 1622 1621
f 1464 1621 1463
f 1463 1259 1260
f 1463 1260 1464
f 1070 1260 1259
f 1070 1259 1069
f 852 786 850
f 852 850 853
f 785 850 786
f 785 786 784
f 784 729 785
f 785 729 730
f 672 730 729
f 672 729 671
f 671 667 672
f 672 667 722
f 719 722 667
f 719 667 718
f 1678 1735 1737
f 1737 1735 1800
f 1069 1006 1070
f 1070 1006 1007
f 853 1007 1006
f 853 1006 852
f 1941 1871 1938
f 1450 1603 1522
f 1450 1522 1524
f 1605 1524 1522
f 1605 1522 1604
f 1604 1522 1603
f 745 943 1142
f 745 1142 944
f 943 1195 1470
f 943 1470 1142
f 1812 1542 1142
f 1812 1142 1470
f 1542 1336 944
f 1542 944 1142
f 3025 3082 2474
f 3025 2474 2557
f 2963 3025 2557
f 2963 2557 2554
f 3303 3424 3025
f 3303 3025 2963
f 3424 3525 3082
f 3424 3082 3025
f 819 753 946
f 819 946 1104
f 753 745 944
f 753 944 946
f 1336 1338 946
f 1336 946 944
f 1338 1502 1104
f 1338 1104 946
f 2476 3032 2983
f 2476 2983 2484
f 2474 3082 3032
f 2474 3032 2476
f 3525 3526 3032
f 3525 3032 3082
f 3526 3448 2983
f 3526 2983 3032
f 900 823 1156
f 900 1156 1158
f 823 819 1104
f 823 1104 1156
f 1502 1570 1156
f 1502 1156 1104
f 1570 1571 1158
f 1570 1158 1156
f 2491 2984 3045
f 2491 3045 2599
f 2983 2984 2491
f 2983 2491 2484
f 3448 3387 2984
f 3448 2984 2983
f 3387 3449 3045
f 3387 3045 2984
f 1366 1108 1364
f 1366 1364 1587
f 1108 900 1158
f 1108 1158 1364
f 1571 1701 1364
f 1571 1364 1158
f 1701 1908 1587
f 1701 1587 1364
f 2603 3047 2991
f 2603 2991 2689
f 2599 3045 3047
f 2599 3047 2603
f 3449 3393 3047
f 3449 3047 3045
f 3393 3282 2991
f 3393 2991 3047
f 1812 2076 2022
f 1812 2022 1542
f 2076 2467 2353
f 2076 2353 2022
f 2362 1892 2022
f 2362 2022 2353
f 1892 1336 1542
f 1892 1542 2022
f 3303 3541 3627
f 3303 3627 3424
f 3541 3625 3803
f 3541 3803 3627
f 3941 3768 3627
f 3941 3627 3803
f 3768 3525 3424
f 3768 3424 3627
f 1336 1892 1900
f 1336 1900 1338
f 2362 2271 1900
f 2362 1900 1892
f 1902 1900 2271
f 1902 2271 2281
f 1902 1502 1338
f 1902 1338 1900
f 3525 3768 3776
f 3525 3776 3526
f 3768 3941 3951
f 3768 3951 3776
f 3954 3679 3776
f 3954 3776 3951
f 3679 3448 3526
f 3679 3526 3776
f 1502 1902 1955
f 1502 1955 1570
f 1902 2281 2290
f 1902 2290 1955
f 2023 1955 2290
f 2023 2290 2405
f 2023 1571 1570
f 2023 1570 1955
f 3448 3679 3638
f 3448 3638 3387
f 3679 3954 3909
f 3679 3909 3638
f 3868 3639 3638
f 3868 3638 3909
f 3639 3449 3387
f 3639 3387 3638
f 1571 2023 2056
f 1571 2056 1701
f 2405 2413 2056
f 2405 2056 2023
f 2136 2056 2413
f 2136 2413 2513
f 2136 1908 1701
f 2136 1701 2056
f 3449 3639 3595
f 3449 3595 3393
f 3639 3868 3728
f 3639 3728 3595
f 3615 3498 3595
f 3615 3595 3728
f 3498 3282 3393
f 3498 3393 3595
f 1195 943 1016
f 1195 1016 1330
f 943 745 747
f 943 747 1016
f 804 1084 1016
f 804 1016 747
f 1084 1392 1330
f 1084 1330 1016
f 1812 1470 1624
f 1812 1624 1953
f 1470 1195 1330
f 1470 1330 1624
f 1392 1687 1624
f 1392 1624 1330
f 1687 2020 1953
f 1687 1953 1624
f 3941 3803 3853
f 3941 3853 3983
f 3803 3625 3624
f 3803 3624 3853
f 3607 3806 3853
f 3607 3853 3624
f 3806 3985 3983
f 3806 3983 3853
f 3303 2963 2955
f 3303 2955 3191
f 2554 2646 2955
f 2554 2955 2963
f 2962 2955 2646
f 2962 2646 2649
f 2962 3190 3191
f 2962 3191 2955
f 745 753 698
f 745 698 747
f 753 819 764
f 753 764 698
f 765 755 698
f 765 698 764
f 755 804 747
f 755 747 698
f 3954 3951 4040
f 3954 4040 3993
f 3951 3941 3983
f 3951 3983 4040
f 3985 4039 4040
f 3985 4040 3983
f 4039 3992 3993
f 4039 3993 4040
f 819 823 766
f 819 766 764
f 823 900 898
f 823 898 766
f 897 822 766
f 897 766 898
f 822 765 764
f 822 764 766
f 3868 3909 3996
f 3868 3996 3960
f 3909 3954 3993
f 3909 3993 3996
f 3992 3995 3996
f 3992 3996 3993
f 3995 3959 3960
f 3995 3960 3996
f 900 1108 1107
f 900 1107 898
f 1108 1366 1368
f 1108 1368 1107
f 1435 1105 1107
f 1435 1107 1368
f 1105 897 898
f 1105 898 1107
f 1908 2136 2141
f 1908 2141 1961
f 2513 2514 2141
f 2513 2141 2136
f 2216 2141 2514
f 2216 2514 2611
f 2216 1960 1961
f 2216 1961 2141
f 3282 3498 3500
f 3282 3500 3284
f 3498 3615 3616
f 3498 3616 3500
f 3655 3499 3500
f 3655 3500 3616
f 3499 3283 3284
f 3499 3284 3500
f 3615 3728 3830
f 3615 3830 3616
f 3728 3868 3960
f 3728 3960 3830
f 3959 3829 3830
f 3959 3830 3960
f 3829 3655 3616
f 3829 3616 3830
f 2467 2076 2118
f 2467 2118 2466
f 2076 1812 1953
f 2076 1953 2118
f 2020 2172 2118
f 2020 2118 1953
f 2172 2552 2466
f 2172 2466 2118
f 3625 3541 3480
f 3625 3480 3624
f 3541 3303 3191
f 3541 3191 3480
f 3190 3482 3480
f 3190 3480 3191
f 3482 3607 3624
f 3482 3624 3480
f 1366 1587 1704
f 1366 1704 1368
f 1587 1908 1961
f 1587 1961 1704
f 1960 1703 1704
f 1960 1704 1961
f 1703 1435 1368
f 1703 1368 1704
f 2689 2991 2992
f 2689 2992 2692
f 2991 3282 3284
f 2991 3284 2992
f 3283 3050 2992
f 3283 2992 3284
f 3050 2781 2692
f 3050 2692 2992
f 1019 1396 1545
f 1019 1545 1272
f 1272 1545 1754
f 1272 1754 1474
f 2021 1754 1545
f 2021 1545 1954
f 1954 1545 1396
f 1954 1396 1824
f 2736 3134 3081
f 2736 3081 2733
f 2733 3081 3024
f 2733 3024 2653
f 3260 3024 3081
f 3260 3081 3368
f 3368 3081 3134
f 3368 3134 3484
f 971 1357 1341
f 971 1341 948
f 948 1341 1396
f 948 1396 1019
f 1824 1396 1341
f 1824 1341 1835
f 1835 1341 1357
f 1835 1357 1837
f 2760 3222 3201
f 2760 3201 2742
f 2742 3201 3134
f 2742 3134 2736
f 3484 3134 3201
f 3484 3201 3527
f 3527 3201 3222
f 3527 3222 3533
f 1033 1359 1358
f 1033 1358 972
f 972 1358 1357
f 972 1357 971
f 1837 1357 1358
f 1837 1358 1838
f 1838 1358 1359
f 1838 1359 1772
f 2771 3224 3223
f 2771 3223 2765
f 2765 3223 3222
f 2765 3222 2760
f 3533 3222 3223
f 3533 3223 3558
f 3558 3223 3224
f 3558 3224 3559
f 1429 1702 1510
f 1429 1510 1228
f 1228 1510 1359
f 1228 1359 1033
f 1772 1359 1510
f 1772 1510 1903
f 1903 1510 1702
f 1903 1702 1959
f 2778 3108 3155
f 2778 3155 2775
f 2775 3155 3224
f 2775 3224 2771
f 3559 3224 3155
f 3559 3155 3497
f 3497 3155 3108
f 3497 3108 3394
f 2021 1954 2173
f 2021 2173 2255
f 2255 2173 2733
f 2255 2733 2653
f 2736 2733 2173
f 2736 2173 2179
f 2179 2173 1954
f 2179 1954 1824
f 3260 3368 3583
f 3260 3583 3483
f 3483 3583 3714
f 3483 3714 3608
f 3897 3714 3583
f 3897 3583 3667
f 3667 3583 3368
f 3667 3368 3484
f 1824 1835 2186
f 1824 2186 2179
f 2179 2186 2742
f 2179 2742 2736
f 2760 2742 2186
f 2760 2186 2192
f 2192 2186 1835
f 2192 1835 1837
f 3484 3527 3721
f 3484 3721 3667
f 3667 3721 3952
f 3667 3952 3897
f 3953 3952 3721
f 3953 3721 3778
f 3778 3721 3527
f 3778 3527 3533
f 1837 1838 2122
f 1837 2122 2192
f 2192 2122 2765
f 2192 2765 2760
f 2771 2765 2122
f 2771 2122 2127
f 2127 2122 1838
f 2127 1838 1772
f 3533 3558 3779
f 3533 3779 3778
f 3778 3779 3955
f 3778 3955 3953
f 3910 3955 3779
f 3910 3779 3780
f 3780 3779 3558
f 3780 3558 3559
f 1772 1903 2210
f 1772 2210 2127
f 2127 2210 2775
f 2127 2775 2771
f 2778 2775 2210
f 2778 2210 2213
f 2213 2210 1903
f 2213 1903 1959
f 3559 3497 3641
f 3559 3641 3780
f 3780 3641 3828
f 3780 3828 3910
f 3648 3828 3641
f 3648 3641 3563
f 3563 3641 3497
f 3563 3497 3394
f 1474 1472 1143
f 1474 1143 1272
f 1272 1143 869
f 1272 869 1019
f 804 869 1143
f 804 1143 1084
f 1084 1143 1472
f 1084 1472 1392
f 2021 2019 1753
f 2021 1753 1754
f 1754 1753 1472
f 1754 1472 1474
f 1392 1472 1753
f 1392 1753 1687
f 1687 1753 2019
f 1687 2019 2020
f 3897 3943 3805
f 3897 3805 3714
f 3714 3805 3606
f 3714 3606 3608
f 3607 3606 3805
f 3607 3805 3806
f 3806 3805 3943
f 3806 3943 3985
f 3260 3189 2961
f 3260 2961 3024
f 3024 2961 2648
f 3024 2648 2653
f 2552 2648 2961
f 2552 2961 2962
f 2962 2961 3189
f 2962 3189 3190
f 1019 869 808
f 1019 808 948
f 948 808 820
f 948 820 971
f 765 820 808
f 765 808 755
f 755 808 869
f 755 869 804
f 3953 4041 4038
f 3953 4038 3952
f 3952 4038 3943
f 3952 3943 3897
f 3985 3943 4038
f 3985 4038 4039
f 4039 4038 4041
f 4039 4041 3992
f 971 820 821
f 971 821 972
f 972 821 973
f 972 973 1033
f 897 973 821
f 897 821 822
f 822 821 820
f 822 820 765
f 3910 3958 3994
f 3910 3994 3955
f 3955 3994 4041
f 3955 4041 3953
f 3992 4041 3994
f 3992 3994 3995
f 3995 3994 3958
f 3995 3958 3959
f 1033 973 1162
f 1033 1162 1228
f 1228 1162 1433
f 1228 1433 1429
f 1435 1433 1162
f 1435 1162 1105
f 1105 1162 973
f 1105 973 897
f 1959 2026 2215
f 1959 2215 2213
f 2213 2215 2690
f 2213 2690 2778
f 2691 2690 2215
f 2691 2215 2216
f 2216 2215 2026
f 2216 2026 1960
f 3394 3334 3535
f 3394 3535 3563
f 3563 3535 3654
f 3563 3654 3648
f 3655 3654 3535
f 3655 3535 3499
f 3499 3535 3334
f 3499 3334 3283
f 3648 3654 3871
f 3648 3871 3828
f 3828 3871 3958
f 3828 3958 3910
f 3959 3958 3871
f 3959 3871 3829
f 3829 3871 3654
f 3829 3654 3655
f 2653 2648 2254
f 2653 2254 2255
f 2255 2254 2019
f 2255 2019 2021
f 2020 2019 2254
f 2020 2254 2172
f 2172 2254 2648
f 2172 2648 2552
f 3608 3606 3422
f 3608 3422 3483
f 3483 3422 3189
f 3483 3189 3260
f 3190 3189 3422
f 3190 3422 3482
f 3482 3422 3606
f 3482 3606 3607
f 1429 1433 1774
f 1429 1774 1702
f 1702 1774 2026
f 1702 2026 1959
f 1960 2026 1774
f 1960 1774 1703
f 1703 1774 1433
f 1703 1433 1435
f 2778 2690 3049
f 2778 3049 3108
f 3108 3049 3334
f 3108 3334 3394
f 3283 3334 3049
f 3283 3049 3050
f 3050 3049 2690
f 3050 2690 2691
f 2474 2364 2469
f 2474 2469 2557
f 2557 2469 2554
f 2484 2381 2370
f 2484 2370 2476
f 2476 2370 2364
f 2476 2364 2474
f 2599 2504 2393
f 2599 2393 2491
f 2491 2393 2381
f 2491 2381 2484
f 2689 2608 2511
f 2689 2511 2603
f 2603 2511 2504
f 2603 2504 2599
f 2467 2554 2469
f 2467 2469 2353
f 2353 2469 2364
f 2353 2364 2362
f 2362 2364 2370
f 2362 2370 2271
f 2271 2370 2381
f 2271 2381 2281
f 2281 2381 2393
f 2281 2393 2290
f 2290 2393 2504
f 2290 2504 2405
f 2405 2504 2511
f 2405 2511 2413
f 2413 2511 2608
f 2413 2608 2513
f 2554 2553 2646
f 2646 2553 2552
f 2646 2552 2649
f 2513 2608 2612
f 2513 2612 2514
f 2514 2612 2691
f 2514 2691 2611
f 2466 2553 2554
f 2466 2554 2467
f 2552 2553 2466
f 2692 2612 2608
f 2692 2608 2689
f 2781 2691 2612
f 2781 2612 2692
f 398 355 324
f 398 324 356
f 355 322 323
f 355 323 324
f 298 299 324
f 298 324 323
f 299 300 356
f 299 356 324
f 300 299 248
f 300 248 228
f 299 298 272
f 299 272 248
f 247 192 248
f 247 248 272
f 192 168 228
f 192 228 248
f 249 297 394
f 249 394 325
f 297 390 529
f 297 529 394
f 676 532 394
f 676 394 529
f 532 397 325
f 532 325 394
f 397 532 626
f 397 626 534
f 532 676 792
f 532 792 626
f 857 736 626
f 857 626 792
f 736 681 534
f 736 534 626
f 400 399 326
f 400 326 327
f 399 398 356
f 399 356 326
f 300 274 326
f 300 326 356
f 274 251 327
f 274 327 326
f 251 274 194
f 251 194 170
f 274 300 228
f 274 228 194
f 168 141 194
f 168 194 228
f 141 142 170
f 141 170 194
f 195 229 273
f 195 273 250
f 229 249 325
f 229 325 273
f 397 357 273
f 397 273 325
f 357 328 250
f 357 250 273
f 328 357 481
f 328 481 484
f 357 397 534
f 357 534 481
f 681 632 481
f 681 481 534
f 632 639 484
f 632 484 481
f 358 401 329
f 358 329 330
f 401 400 327
f 401 327 329
f 251 275 329
f 251 329 327
f 275 276 330
f 275 330 329
f 276 275 196
f 276 196 230
f 275 251 170
f 275 170 196
f 142 144 196
f 142 196 170
f 144 198 230
f 144 230 196
f 254 197 277
f 254 277 305
f 197 195 250
f 197 250 277
f 328 365 277
f 328 277 250
f 365 411 305
f 365 305 277
f 411 365 493
f 411 493 558
f 365 328 484
f 365 484 493
f 639 650 493
f 639 493 484
f 650 703 558
f 650 558 493
f 361 360 331
f 361 331 332
f 360 358 330
f 360 330 331
f 276 301 331
f 276 331 330
f 301 302 332
f 301 332 331
f 302 301 252
f 302 252 278
f 301 276 230
f 301 230 252
f 198 231 252
f 198 252 230
f 231 279 278
f 231 278 252
f 409 304 410
f 409 410 553
f 304 254 305
f 304 305 410
f 411 559 410
f 411 410 305
f 559 704 553
f 559 553 410
f 704 559 707
f 704 707 815
f 559 411 558
f 559 558 707
f 703 814 707
f 703 707 558
f 814 968 815
f 814 815 707
f 857 1011 942
f 857 942 736
f 1011 1079 1080
f 1011 1080 942
f 1081 859 942
f 1081 942 1080
f 859 681 736
f 859 736 942
f 681 859 863
f 681 863 632
f 859 1081 1086
f 859 1086 863
f 1088 870 863
f 1088 863 1086
f 870 639 632
f 870 632 863
f 639 870 871
f 639 871 650
f 870 1088 1090
f 870 1090 871
f 1094 886 871
f 1094 871 1090
f 886 703 650
f 886 650 871
f 703 886 966
f 703 966 814
f 886 1094 1100
f 886 1100 966
f 1100 1032 966
f 1032 968 814
f 1032 814 966
f 322 355 396
f 322 396 354
f 355 398 480
f 355 480 396
f 535 479 396
f 535 396 480
f 479 435 354
f 479 354 396
f 298 323 351
f 298 351 320
f 323 322 354
f 323 354 351
f 435 391 351
f 435 351 354
f 391 392 320
f 391 320 351
f 390 271 318
f 390 318 473
f 271 247 296
f 271 296 318
f 319 349 318
f 319 318 296
f 349 528 473
f 349 473 318
f 676 529 625
f 676 625 791
f 529 390 473
f 529 473 625
f 528 734 625
f 528 625 473
f 734 856 791
f 734 791 625
f 1081 1080 1140
f 1081 1140 1198
f 1080 1079 1138
f 1080 1138 1140
f 1191 1194 1140
f 1191 1140 1138
f 1194 1270 1198
f 1194 1198 1140
f 857 792 940
f 857 940 1010
f 792 676 791
f 792 791 940
f 856 1009 940
f 856 940 791
f 1009 1074 1010
f 1009 1010 940
f 398 399 482
f 398 482 480
f 399 400 483
f 399 483 482
f 537 536 482
f 537 482 483
f 536 535 480
f 536 480 482
f 1088 1086 1199
f 1088 1199 1202
f 1086 1081 1198
f 1086 1198 1199
f 1270 1273 1199
f 1270 1199 1198
f 1273 1276 1202
f 1273 1202 1199
f 400 401 438
f 400 438 483
f 401 358 439
f 401 439 438
f 485 538 438
f 485 438 439
f 538 537 483
f 538 483 438
f 1094 1090 1206
f 1094 1206 1207
f 1090 1088 1202
f 1090 1202 1206
f 1276 1278 1206
f 1276 1206 1202
f 1278 1282 1207
f 1278 1207 1206
f 358 360 402
f 358 402 439
f 360 361 404
f 360 404 402
f 442 486 402
f 442 402 404
f 486 485 439
f 486 439 402
f 361 332 405
f 361 405 404
f 332 302 362
f 332 362 405
f 406 443 405
f 406 405 362
f 443 442 404
f 443 404 405
f 302 278 333
f 302 333 362
f 278 279 303
f 278 303 333
f 364 363 333
f 364 333 303
f 363 406 362
f 363 362 333
f 409 553 654
f 409 654 492
f 553 704 812
f 553 812 654
f 963 758 654
f 963 654 812
f 758 548 492
f 758 492 654
f 968 1032 1154
f 968 1154 1103
f 1032 1100 1155
f 1032 1155 1154
f 1213 1218 1154
f 1213 1154 1155
f 1218 1153 1103
f 1218 1103 1154
f 1100 1214 1155
f 1100 1094 1207
f 1100 1207 1214
f 1282 1286 1214
f 1282 1214 1207
f 1286 1213 1155
f 1286 1155 1214
f 1079 1011 1075
f 1079 1075 1138
f 1011 857 1010
f 1011 1010 1075
f 1074 1137 1075
f 1074 1075 1010
f 1137 1191 1138
f 1137 1138 1075
f 704 815 967
f 704 967 812
f 815 968 1103
f 815 1103 967
f 1153 1102 967
f 1153 967 1103
f 1102 963 812
f 1102 812 967
f 247 271 227
f 247 227 192
f 271 390 297
f 271 297 227
f 249 193 227
f 249 227 297
f 193 168 192
f 193 192 227
f 168 193 169
f 168 169 141
f 193 249 229
f 193 229 169
f 195 143 169
f 195 169 229
f 143 142 141
f 143 141 169
f 142 143 171
f 142 171 144
f 143 195 197
f 143 197 171
f 254 199 171
f 254 171 197
f 199 198 144
f 199 144 171
f 198 199 253
f 198 253 231
f 199 254 304
f 199 304 253
f 409 280 253
f 409 253 304
f 280 279 231
f 280 231 253
f 247 272 321
f 247 321 296
f 272 298 320
f 272 320 321
f 392 352 321
f 392 321 320
f 352 319 296
f 352 296 321
f 279 280 334
f 279 334 303
f 280 409 492
f 280 492 334
f 548 408 334
f 548 334 492
f 408 364 303
f 408 303 334
f 738 739 678
f 738 678 677
f 739 737 679
f 739 679 678
f 591 628 678
f 591 678 679
f 628 627 677
f 628 677 678
f 737 682 629
f 737 629 679
f 682 680 630
f 682 630 629
f 530 588 629
f 530 629 630
f 588 591 679
f 588 679 629
f 1196 1473 1265
f 1196 1265 1012
f 1473 1627 1389
f 1473 1389 1265
f 1187 1076 1265
f 1187 1265 1389
f 1076 789 1012
f 1076 1012 1265
f 1627 1755 1538
f 1627 1538 1389
f 1755 1756 1625
f 1755 1625 1538
f 1388 1325 1538
f 1388 1538 1625
f 1325 1187 1389
f 1325 1389 1538
f 801 866 797
f 801 797 796
f 866 864 798
f 866 798 797
f 737 739 797
f 737 797 798
f 739 738 796
f 739 796 797
f 864 799 740
f 864 740 798
f 799 862 794
f 799 794 740
f 680 682 740
f 680 740 794
f 682 737 798
f 682 798 740
f 1334 1631 1544
f 1334 1544 1332
f 1631 1763 1759
f 1631 1759 1544
f 1627 1473 1544
f 1627 1544 1759
f 1473 1196 1332
f 1473 1332 1544
f 1763 1822 1814
f 1763 1814 1759
f 1822 1823 1815
f 1822 1815 1814
f 1756 1755 1814
f 1756 1814 1815
f 1755 1627 1759
f 1755 1759 1814
f 748 805 868
f 748 868 803
f 805 749 802
f 805 802 868
f 864 866 868
f 864 868 802
f 866 801 803
f 866 803 868
f 749 690 744
f 749 744 802
f 690 746 800
f 690 800 744
f 862 799 744
f 862 744 800
f 799 864 802
f 799 802 744
f 1203 1398 1550
f 1203 1550 1274
f 1398 1632 1764
f 1398 1764 1550
f 1763 1631 1550
f 1763 1550 1764
f 1631 1334 1274
f 1631 1274 1550
f 1632 1768 1829
f 1632 1829 1764
f 1768 1769 1830
f 1768 1830 1829
f 1823 1822 1829
f 1823 1829 1830
f 1822 1763 1764
f 1822 1764 1829
f 694 695 750
f 694 750 752
f 695 645 693
f 695 693 750
f 749 805 750
f 749 750 693
f 805 748 752
f 805 752 750
f 645 603 643
f 645 643 693
f 603 543 640
f 603 640 643
f 746 690 643
f 746 643 640
f 690 749 693
f 690 693 643
f 807 1092 1279
f 807 1279 1021
f 1092 1284 1486
f 1092 1486 1279
f 1632 1398 1279
f 1632 1279 1486
f 1398 1203 1021
f 1398 1021 1279
f 1284 1418 1636
f 1284 1636 1486
f 1418 1499 1637
f 1418 1637 1636
f 1769 1768 1636
f 1769 1636 1637
f 1768 1632 1486
f 1768 1486 1636
f 1388 1625 1539
f 1388 1539 1467
f 1625 1756 1688
f 1625 1688 1539
f 1543 1469 1539
f 1543 1539 1688
f 1469 1468 1467
f 1469 1467 1539
f 1756 1815 1690
f 1756 1690 1688
f 1815 1823 1692
f 1815 1692 1690
f 1548 1546 1690
f 1548 1690 1692
f 1546 1543 1688
f 1546 1688 1690
f 1823 1830 1696
f 1823 1696 1692
f 1830 1769 1700
f 1830 1700 1696
f 1556 1552 1696
f 1556 1696 1700
f 1552 1548 1692
f 1552 1692 1696
f 1769 1637 1638
f 1769 1638 1700
f 1637 1499 1500
f 1637 1500 1638
f 1501 1563 1638
f 1501 1638 1500
f 1563 1556 1700
f 1563 1700 1638
f 627 590 631
f 627 631 677
f 590 475 533
f 590 533 631
f 592 683 631
f 592 631 533
f 683 738 677
f 683 677 631
f 591 477 531
f 591 531 628
f 477 434 476
f 477 476 531
f 475 590 531
f 475 531 476
f 590 627 628
f 590 628 531
f 789 675 472
f 789 472 586
f 675 587 386
f 675 386 472
f 388 432 472
f 388 472 386
f 432 530 586
f 432 586 472
f 1187 1072 939
f 1187 939 1076
f 1072 1008 790
f 1072 790 939
f 587 675 939
f 587 939 790
f 675 789 1076
f 675 1076 939
f 1543 1393 1390
f 1543 1390 1469
f 1393 1331 1328
f 1393 1328 1390
f 1264 1327 1390
f 1264 1390 1328
f 1327 1468 1469
f 1327 1469 1390
f 1388 1262 1188
f 1388 1188 1325
f 1262 1189 1135
f 1262 1135 1188
f 1008 1072 1188
f 1008 1188 1135
f 1072 1187 1325
f 1072 1325 1188
f 738 683 686
f 738 686 796
f 683 592 633
f 683 633 686
f 636 687 686
f 636 686 633
f 687 801 796
f 687 796 686
f 1548 1477 1476
f 1548 1476 1546
f 1477 1337 1335
f 1477 1335 1476
f 1331 1393 1476
f 1331 1476 1335
f 1393 1543 1546
f 1393 1546 1476
f 801 687 689
f 801 689 803
f 687 636 598
f 687 598 689
f 601 692 689
f 601 689 598
f 692 748 803
f 692 803 689
f 1556 1485 1478
f 1556 1478 1552
f 1485 1346 1339
f 1485 1339 1478
f 1337 1477 1478
f 1337 1478 1339
f 1477 1548 1552
f 1477 1552 1478
f 748 692 644
f 748 644 752
f 692 601 542
f 692 542 644
f 544 602 644
f 544 644 542
f 602 694 752
f 602 752 644
f 694 602 604
f 694 604 695
f 602 544 545
f 602 545 604
f 489 546 604
f 489 604 545
f 546 645 695
f 546 695 604
f 645 546 490
f 645 490 603
f 546 489 444
f 546 444 490
f 407 491 490
f 407 490 444
f 491 543 603
f 491 603 490
f 807 697 952
f 807 952 1092
f 697 649 809
f 697 809 952
f 1027 1144 952
f 1027 952 809
f 1144 1284 1092
f 1144 1092 952
f 1499 1352 1353
f 1499 1353 1500
f 1352 1211 1292
f 1352 1292 1353
f 1354 1419 1353
f 1354 1353 1292
f 1419 1501 1500
f 1419 1500 1353
f 1501 1419 1417
f 1501 1417 1563
f 1419 1354 1349
f 1419 1349 1417
f 1346 1485 1417
f 1346 1417 1349
f 1485 1556 1563
f 1485 1563 1417
f 1468 1327 1326
f 1468 1326 1467
f 1327 1264 1263
f 1327 1263 1326
f 1189 1262 1326
f 1189 1326 1263
f 1262 1388 1467
f 1262 1467 1326
f 1284 1144 1287
f 1284 1287 1418
f 1144 1027 1146
f 1144 1146 1287
f 1211 1352 1287
f 1211 1287 1146
f 1352 1499 1418
f 1352 1418 1287
f 530 630 735
f 530 735 586
f 630 680 858
f 630 858 735
f 1196 1012 735
f 1196 735 858
f 1012 789 586
f 1012 586 735
f 680 794 1015
f 680 1015 858
f 794 862 1085
f 794 1085 1015
f 1334 1332 1015
f 1334 1015 1085
f 1332 1196 858
f 1332 858 1015
f 862 800 1017
f 862 1017 1085
f 800 746 945
f 800 945 1017
f 1203 1274 1017
f 1203 1017 945
f 1274 1334 1085
f 1274 1085 1017
f 746 640 751
f 746 751 945
f 640 543 646
f 640 646 751
f 807 1021 751
f 807 751 646
f 1021 1203 945
f 1021 945 751
f 530 432 474
f 530 474 588
f 432 388 387
f 432 387 474
f 434 477 474
f 434 474 387
f 477 591 588
f 477 588 474
f 543 491 547
f 543 547 646
f 491 407 445
f 491 445 547
f 649 697 547
f 649 547 445
f 697 807 646
f 697 646 547
f 436 435 479
f 435 433 391
f 435 436 437
f 435 437 433
f 395 392 433
f 395 433 437
f 392 391 433
f 319 350 389
f 319 389 349
f 350 353 389
f 589 587 389
f 587 528 349
f 587 349 389
f 528 587 734
f 587 589 734
f 941 856 734
f 1191 1193 1267
f 1191 1267 1194
f 1193 1192 1267
f 1271 1269 1267
f 1269 1270 1194
f 1269 1194 1267
f 856 941 1078
f 856 1078 1009
f 941 1077 1078
f 1139 1136 1078
f 1139 1078 1077
f 1136 1074 1009
f 1136 1009 1078
f 537 595 593
f 537 593 536
f 595 596 594
f 595 594 593
f 535 593 594
f 535 536 593
f 1270 1269 1273
f 1269 1271 1273
f 1275 1276 1273
f 485 539 598
f 485 598 538
f 539 600 598
f 596 595 598
f 595 537 538
f 595 538 598
f 1276 1275 1278
f 1275 1277 1278
f 1281 1278 1277
f 1281 1282 1278
f 442 487 541
f 442 541 486
f 487 540 541
f 600 539 541
f 600 541 540
f 539 485 486
f 539 486 541
f 406 440 488
f 406 488 443
f 487 442 443
f 487 443 488
f 364 403 363
f 364 359 403
f 440 406 363
f 440 363 403
f 963 959 758
f 959 1023 756
f 959 756 758
f 605 606 758
f 605 758 756
f 606 548 758
f 1213 1289 1212
f 1213 1212 1218
f 1211 1153 1218
f 1211 1218 1212
f 1282 1281 1285
f 1282 1285 1286
f 1289 1213 1286
f 1289 1286 1285
f 1074 1136 1190
f 1074 1190 1137
f 1136 1139 1192
f 1136 1192 1190
f 1192 1193 1190
f 1193 1191 1137
f 1193 1137 1190
f 1153 1211 1099
f 1153 1099 1102
f 1211 1147 1099
f 1023 959 1099
f 1023 1099 1147
f 959 963 1102
f 959 1102 1099
f 392 393 352
f 392 395 393
f 353 350 393
f 350 319 352
f 350 352 393
f 548 606 408
f 606 605 441
f 606 441 408
f 359 364 408
f 359 408 441
f 475 478 533
f 478 436 479
f 478 479 533
f 535 592 533
f 535 533 479
f 434 392 433
f 434 433 476
f 392 395 437
f 392 437 433
f 436 478 433
f 436 433 437
f 478 475 476
f 478 476 433
f 587 389 386
f 587 589 389
f 353 350 389
f 350 388 386
f 350 386 389
f 1008 941 790
f 941 734 790
f 589 587 790
f 589 790 734
f 1331 1269 1267
f 1331 1267 1328
f 1269 1271 1267
f 1192 1266 1267
f 1266 1264 1328
f 1266 1328 1267
f 1189 1136 1073
f 1189 1073 1135
f 1136 1139 1077
f 1136 1077 1073
f 941 1073 1077
f 941 1008 1135
f 941 1135 1073
f 592 593 633
f 592 535 594
f 592 594 593
f 596 593 594
f 596 636 633
f 596 633 593
f 1337 1275 1273
f 1337 1273 1335
f 1271 1269 1335
f 1271 1335 1273
f 1269 1331 1335
f 636 596 598
f 600 601 598
f 1346 1281 1277
f 1346 1277 1339
f 1275 1337 1339
f 1275 1339 1277
f 601 541 542
f 601 600 540
f 601 540 541
f 487 541 540
f 487 544 542
f 487 542 541
f 544 487 488
f 544 488 545
f 440 489 545
f 440 545 488
f 489 440 403
f 489 403 444
f 359 407 403
f 407 444 403
f 649 606 809
f 606 605 756
f 606 756 809
f 1023 809 756
f 1023 1027 809
f 1211 1288 1292
f 1211 1212 1288
f 1289 1288 1212
f 1289 1354 1292
f 1289 1292 1288
f 1354 1289 1285
f 1354 1285 1349
f 1281 1346 1285
f 1346 1349 1285
f 1264 1266 1190
f 1264 1190 1263
f 1266 1192 1190
f 1139 1136 1190
f 1139 1190 1192
f 1136 1189 1263
f 1136 1263 1190
f 1027 1023 1147
f 1027 1147 1146
f 1211 1146 1147
f 388 350 393
f 388 393 387
f 350 353 393
f 395 392 393
f 392 434 387
f 392 387 393
f 407 446 445
f 407 359 441
f 407 441 446
f 605 606 446
f 605 446 441
f 606 649 445
f 606 445 446
f 4029 4072 4069
f 4029 4069 4068
f 4068 4069 4067
f 4068 4067 4070
f 4120 4067 4069
f 4120 4069 4122
f 4122 4069 4072
f 4122 4072 4123
f 4123 4253 4186
f 4123 4186 4122
f 4122 4186 4121
f 4122 4121 4120
f 4119 4121 4186
f 4119 4186 4185
f 4185 4186 4253
f 4185 4253 4187
f 3892 3765 3626
f 3892 3626 3801
f 3801 3626 3582
f 3801 3582 3708
f 3481 3582 3626
f 3481 3626 3543
f 3543 3626 3765
f 3543 3765 3628
f 3628 3523 3423
f 3628 3423 3543
f 3543 3423 3304
f 3543 3304 3481
f 3188 3304 3423
f 3188 3423 3305
f 3305 3423 3523
f 3305 3523 3367
f 4031 4074 4073
f 4031 4073 4030
f 4030 4073 4072
f 4030 4072 4029
f 4123 4072 4073
f 4123 4073 4188
f 4188 4073 4074
f 4188 4074 4189
f 4189 4325 4324
f 4189 4324 4188
f 4188 4324 4253
f 4188 4253 4123
f 4187 4253 4324
f 4187 4324 4254
f 4254 4324 4325
f 4254 4325 4255
f 3982 3856 3807
f 3982 3807 3981
f 3981 3807 3765
f 3981 3765 3892
f 3628 3765 3807
f 3628 3807 3665
f 3665 3807 3856
f 3665 3856 3669
f 3669 3585 3545
f 3669 3545 3665
f 3665 3545 3523
f 3665 3523 3628
f 3367 3523 3545
f 3367 3545 3428
f 3428 3545 3585
f 3428 3585 3432
f 4033 4077 4075
f 4033 4075 4032
f 4032 4075 4074
f 4032 4074 4031
f 4189 4074 4075
f 4189 4075 4190
f 4190 4075 4077
f 4190 4077 4127
f 4127 4192 4257
f 4127 4257 4190
f 4190 4257 4325
f 4190 4325 4189
f 4255 4325 4257
f 4255 4257 4256
f 4256 4257 4192
f 4256 4192 4191
f 3944 3818 3861
f 3944 3861 3984
f 3984 3861 3856
f 3984 3856 3982
f 3669 3856 3861
f 3669 3861 3676
f 3676 3861 3818
f 3676 3818 3637
f 3637 3531 3548
f 3637 3548 3676
f 3676 3548 3585
f 3676 3585 3669
f 3432 3585 3548
f 3432 3548 3437
f 3437 3548 3531
f 3437 3531 3382
f 4036 4079 4078
f 4036 4078 4035
f 4035 4078 4077
f 4035 4077 4033
f 4127 4077 4078
f 4127 4078 4130
f 4130 4078 4079
f 4130 4079 4080
f 4080 4081 4128
f 4080 4128 4130
f 4130 4128 4192
f 4130 4192 4127
f 4191 4192 4128
f 4191 4128 4129
f 4129 4128 4081
f 4129 4081 4082
f 3777 3591 3678
f 3777 3678 3867
f 3867 3678 3818
f 3867 3818 3944
f 3637 3818 3678
f 3637 3678 3557
f 3557 3678 3591
f 3557 3591 3491
f 3491 3326 3446
f 3491 3446 3557
f 3557 3446 3531
f 3557 3531 3637
f 3382 3531 3446
f 3382 3446 3329
f 3329 3446 3326
f 3329 3326 3216
f 3188 3305 3193
f 3188 3193 3130
f 3130 3193 3077
f 3130 3077 3076
f 3080 3077 3193
f 3080 3193 3194
f 3194 3193 3305
f 3194 3305 3367
f 3367 3428 3195
f 3367 3195 3194
f 3194 3195 3083
f 3194 3083 3080
f 3085 3083 3195
f 3085 3195 3197
f 3197 3195 3428
f 3197 3428 3432
f 3432 3437 3200
f 3432 3200 3197
f 3197 3200 3088
f 3197 3088 3085
f 3090 3088 3200
f 3090 3200 3205
f 3205 3200 3437
f 3205 3437 3382
f 3382 3329 3218
f 3382 3218 3205
f 3205 3218 3099
f 3205 3099 3090
f 3098 3099 3218
f 3098 3218 3146
f 3146 3218 3329
f 3146 3329 3216
f 4070 4026 3980
f 4070 3980 4068
f 4068 3980 3938
f 4068 3938 4029
f 3894 3938 3980
f 3894 3980 3936
f 3936 3980 4026
f 3936 4026 3932
f 4120 4023 4027
f 4120 4027 4067
f 4067 4027 4026
f 4067 4026 4070
f 3932 4026 4027
f 3932 4027 3979
f 3979 4027 4023
f 3979 4023 3976
f 3708 3623 3887
f 3708 3887 3975
f 3975 3887 4025
f 3975 4025 4119
f 3978 4025 3887
f 3978 3887 3846
f 3846 3887 3623
f 3846 3623 3605
f 3481 3365 3522
f 3481 3522 3582
f 3582 3522 3623
f 3582 3623 3708
f 3605 3623 3522
f 3605 3522 3419
f 3419 3522 3365
f 3419 3365 3258
f 3080 2966 2964
f 3080 2964 3077
f 3077 2964 3022
f 3077 3022 3076
f 2960 3022 2964
f 2960 2964 2885
f 2885 2964 2966
f 2885 2966 2888
f 3188 3129 3187
f 3188 3187 3304
f 3304 3187 3365
f 3304 3365 3481
f 3258 3365 3187
f 3258 3187 3128
f 3128 3187 3129
f 3128 3129 3020
f 4029 3938 3939
f 4029 3939 4030
f 4030 3939 3940
f 4030 3940 4031
f 3896 3940 3939
f 3896 3939 3895
f 3895 3939 3938
f 3895 3938 3894
f 3085 2969 2968
f 3085 2968 3083
f 3083 2968 2966
f 3083 2966 3080
f 2888 2966 2968
f 2888 2968 2891
f 2891 2968 2969
f 2891 2969 2895
f 4031 3940 3942
f 4031 3942 4032
f 4032 3942 3986
f 4032 3986 4033
f 3899 3986 3942
f 3899 3942 3898
f 3898 3942 3940
f 3898 3940 3896
f 3090 2971 2970
f 3090 2970 3088
f 3088 2970 2969
f 3088 2969 3085
f 2895 2969 2970
f 2895 2970 2900
f 2900 2970 2971
f 2900 2971 2912
f 4033 3986 3987
f 4033 3987 4035
f 4035 3987 3988
f 4035 3988 4036
f 3945 3988 3987
f 3945 3987 3902
f 3902 3987 3986
f 3902 3986 3899
f 4036 3988 3990
f 4036 3990 4079
f 4079 3990 3989
f 4079 3989 4080
f 3947 3989 3990
f 3947 3990 3946
f 3946 3990 3988
f 3946 3988 3945
f 4080 3989 4037
f 4080 4037 4081
f 4081 4037 3991
f 4081 3991 4082
f 3949 3991 4037
f 3949 4037 3948
f 3948 4037 3989
f 3948 3989 3947
f 3777 3677 3528
f 3777 3528 3591
f 3591 3528 3383
f 3591 3383 3491
f 3275 3383 3528
f 3275 3528 3490
f 3490 3528 3677
f 3490 3677 3636
f 3216 3104 3044
f 3216 3044 3146
f 3146 3044 3040
f 3146 3040 3098
f 2979 3040 3044
f 2979 3044 2978
f 2978 3044 3104
f 2978 3104 3039
f 3098 3040 2973
f 3098 2973 3099
f 3099 2973 2971
f 3099 2971 3090
f 2912 2971 2973
f 2912 2973 2916
f 2916 2973 3040
f 2916 3040 2979
f 3076 3022 3021
f 3076 3021 3130
f 3130 3021 3129
f 3130 3129 3188
f 3020 3129 3021
f 3020 3021 2959
f 2959 3021 3022
f 2959 3022 2960
f 3491 3383 3220
f 3491 3220 3326
f 3326 3220 3104
f 3326 3104 3216
f 3039 3104 3220
f 3039 3220 3145
f 3145 3220 3383
f 3145 3383 3275
f 4119 4185 4028
f 4119 4028 3975
f 3975 4028 3801
f 3975 3801 3708
f 3892 3801 4028
f 3892 4028 4071
f 4071 4028 4185
f 4071 4185 4187
f 4187 4254 4124
f 4187 4124 4071
f 4071 4124 3981
f 4071 3981 3892
f 3982 3981 4124
f 3982 4124 4125
f 4125 4124 4254
f 4125 4254 4255
f 4255 4256 4126
f 4255 4126 4125
f 4125 4126 3984
f 4125 3984 3982
f 3944 3984 4126
f 3944 4126 4076
f 4076 4126 4256
f 4076 4256 4191
f 4191 4129 4034
f 4191 4034 4076
f 4076 4034 3867
f 4076 3867 3944
f 3777 3867 4034
f 3777 4034 3950
f 3950 4034 4129
f 3950 4129 4082
f 4119 4025 4024
f 4119 4024 4121
f 4121 4024 4023
f 4121 4023 4120
f 3976 4023 4024
f 3976 4024 3977
f 3977 4024 4025
f 3977 4025 3978
f 4082 3991 3908
f 4082 3908 3950
f 3950 3908 3677
f 3950 3677 3777
f 3636 3677 3908
f 3636 3908 3817
f 3817 3908 3991
f 3817 3991 3949
f 3713 3711 3712
f 3713 3712 3662
f 3662 3712 3709
f 3662 3709 3663
f 3761 3709 3712
f 3761 3712 3764
f 3764 3712 3711
f 3764 3711 3763
f 3663 3709 3710
f 3663 3710 3661
f 3661 3710 3660
f 3661 3660 3609
f 3759 3660 3710
f 3759 3710 3762
f 3762 3710 3709
f 3762 3709 3761
f 3131 3259 3023
f 3131 3023 2821
f 2821 3023 2817
f 2821 2817 2559
f 3019 2817 3023
f 3019 3023 3185
f 3185 3023 3259
f 3185 3259 3420
f 2559 2817 2650
f 2559 2650 2354
f 2354 2650 2555
f 2354 2555 2355
f 2726 2555 2650
f 2726 2650 2815
f 2815 2650 2817
f 2815 2817 3019
f 3666 3664 3631
f 3666 3631 3632
f 3632 3631 3629
f 3632 3629 3611
f 3663 3629 3631
f 3663 3631 3662
f 3662 3631 3664
f 3662 3664 3713
f 3611 3629 3630
f 3611 3630 3610
f 3610 3630 3544
f 3610 3544 3524
f 3609 3544 3630
f 3609 3630 3661
f 3661 3630 3629
f 3661 3629 3663
f 3029 3027 2731
f 3029 2731 2657
f 2657 2731 2473
f 2657 2473 2365
f 2559 2473 2731
f 2559 2731 2821
f 2821 2731 3027
f 2821 3027 3131
f 2365 2473 2257
f 2365 2257 2265
f 2265 2257 2258
f 2265 2258 2266
f 2355 2258 2257
f 2355 2257 2354
f 2354 2257 2473
f 2354 2473 2559
f 3672 3668 3633
f 3672 3633 3673
f 3673 3633 3634
f 3673 3634 3670
f 3611 3634 3633
f 3611 3633 3632
f 3632 3633 3668
f 3632 3668 3666
f 3670 3634 3612
f 3670 3612 3671
f 3671 3612 3546
f 3671 3546 3584
f 3524 3546 3612
f 3524 3612 3610
f 3610 3612 3634
f 3610 3634 3611
f 3135 3031 2739
f 3135 2739 2897
f 2897 2739 2475
f 2897 2475 2570
f 2365 2475 2739
f 2365 2739 2657
f 2657 2739 3031
f 2657 3031 3029
f 2570 2475 2272
f 2570 2272 2374
f 2374 2272 2273
f 2374 2273 2375
f 2266 2273 2272
f 2266 2272 2265
f 2265 2272 2475
f 2265 2475 2365
f 3718 3716 3674
f 3718 3674 3719
f 3719 3674 3717
f 3719 3717 3773
f 3670 3717 3674
f 3670 3674 3673
f 3673 3674 3716
f 3673 3716 3672
f 3773 3717 3715
f 3773 3715 3774
f 3774 3715 3635
f 3774 3635 3720
f 3584 3635 3715
f 3584 3715 3671
f 3671 3715 3717
f 3671 3717 3670
f 3489 3312 3089
f 3489 3089 3203
f 3203 3089 2837
f 3203 2837 3035
f 2570 2837 3089
f 2570 3089 2897
f 2897 3089 3312
f 2897 3312 3135
f 3035 2837 2664
f 3035 2664 2847
f 2847 2664 2576
f 2847 2576 2756
f 2375 2576 2664
f 2375 2664 2374
f 2374 2664 2837
f 2374 2837 2570
f 2726 2727 2556
f 2726 2556 2555
f 2555 2556 2471
f 2555 2471 2355
f 2560 2471 2556
f 2560 2556 2651
f 2651 2556 2727
f 2651 2727 2647
f 2355 2471 2361
f 2355 2361 2258
f 2258 2361 2367
f 2258 2367 2266
f 2564 2367 2361
f 2564 2361 2562
f 2562 2361 2471
f 2562 2471 2560
f 2266 2367 2371
f 2266 2371 2273
f 2273 2371 2478
f 2273 2478 2375
f 2573 2478 2371
f 2573 2371 2567
f 2567 2371 2367
f 2567 2367 2564
f 2375 2478 2577
f 2375 2577 2576
f 2576 2577 2674
f 2576 2674 2756
f 2675 2674 2577
f 2675 2577 2669
f 2669 2577 2478
f 2669 2478 2573
f 3763 3711 3802
f 3763 3802 3800
f 3800 3802 3850
f 3800 3850 3889
f 3804 3850 3802
f 3804 3802 3766
f 3766 3802 3711
f 3766 3711 3713
f 3761 3764 3847
f 3761 3847 3848
f 3848 3847 3890
f 3848 3890 3888
f 3889 3890 3847
f 3889 3847 3800
f 3800 3847 3764
f 3800 3764 3763
f 3420 3622 3707
f 3420 3707 3521
f 3521 3707 3760
f 3521 3760 3580
f 3886 3760 3707
f 3886 3707 3845
f 3845 3707 3622
f 3845 3622 3759
f 3019 3185 3302
f 3019 3302 3127
f 3127 3302 3364
f 3127 3364 3186
f 3580 3364 3302
f 3580 3302 3521
f 3521 3302 3185
f 3521 3185 3420
f 2560 2651 2729
f 2560 2729 2655
f 2655 2729 2818
f 2655 2818 2822
f 2883 2818 2729
f 2883 2729 2728
f 2728 2729 2651
f 2728 2651 2647
f 2726 2815 2956
f 2726 2956 2881
f 2881 2956 3073
f 2881 3073 2957
f 3186 3073 2956
f 3186 2956 3127
f 3127 2956 2815
f 3127 2815 3019
f 3713 3664 3767
f 3713 3767 3766
f 3766 3767 3808
f 3766 3808 3804
f 3809 3808 3767
f 3809 3767 3769
f 3769 3767 3664
f 3769 3664 3666
f 2564 2562 2656
f 2564 2656 2658
f 2658 2656 2734
f 2658 2734 2738
f 2822 2734 2656
f 2822 2656 2655
f 2655 2656 2562
f 2655 2562 2560
f 3666 3668 3770
f 3666 3770 3769
f 3769 3770 3810
f 3769 3810 3809
f 3860 3810 3770
f 3860 3770 3771
f 3771 3770 3668
f 3771 3668 3672
f 2573 2567 2659
f 2573 2659 2660
f 2660 2659 2825
f 2660 2825 2836
f 2738 2825 2659
f 2738 2659 2658
f 2658 2659 2567
f 2658 2567 2564
f 3672 3716 3772
f 3672 3772 3771
f 3771 3772 3863
f 3771 3863 3860
f 3864 3863 3772
f 3864 3772 3811
f 3811 3772 3716
f 3811 3716 3718
f 3718 3719 3812
f 3718 3812 3811
f 3811 3812 3865
f 3811 3865 3864
f 3905 3865 3812
f 3905 3812 3813
f 3813 3812 3719
f 3813 3719 3773
f 3773 3774 3814
f 3773 3814 3813
f 3813 3814 3906
f 3813 3906 3905
f 3866 3906 3814
f 3866 3814 3815
f 3815 3814 3774
f 3815 3774 3720
f 3489 3203 3317
f 3489 3317 3549
f 3549 3317 3441
f 3549 3441 3586
f 3210 3441 3317
f 3210 3317 3138
f 3138 3317 3203
f 3138 3203 3035
f 2756 2674 2848
f 2756 2848 2917
f 2917 2848 2918
f 2917 2918 2976
f 2849 2918 2848
f 2849 2848 2757
f 2757 2848 2674
f 2757 2674 2675
f 2675 2669 2752
f 2675 2752 2757
f 2757 2752 2845
f 2757 2845 2849
f 2836 2845 2752
f 2836 2752 2660
f 2660 2752 2669
f 2660 2669 2573
f 2647 2727 2816
f 2647 2816 2728
f 2728 2816 2882
f 2728 2882 2883
f 2957 2882 2816
f 2957 2816 2881
f 2881 2816 2727
f 2881 2727 2726
f 3035 2847 2975
f 3035 2975 3138
f 3138 2975 3037
f 3138 3037 3210
f 2976 3037 2975
f 2976 2975 2917
f 2917 2975 2847
f 2917 2847 2756
f 3759 3622 3542
f 3759 3542 3660
f 3660 3542 3425
f 3660 3425 3609
f 3131 3425 3542
f 3131 3542 3259
f 3259 3542 3622
f 3259 3622 3420
f 3609 3425 3306
f 3609 3306 3544
f 3544 3306 3308
f 3544 3308 3524
f 3029 3308 3306
f 3029 3306 3027
f 3027 3306 3425
f 3027 3425 3131
f 3524 3308 3310
f 3524 3310 3546
f 3546 3310 3431
f 3546 3431 3584
f 3135 3431 3310
f 3135 3310 3031
f 3031 3310 3308
f 3031 3308 3029
f 3584 3431 3547
f 3584 3547 3635
f 3635 3547 3613
f 3635 3613 3720
f 3489 3613 3547
f 3489 3547 3312
f 3312 3547 3431
f 3312 3431 3135
f 3759 3762 3849
f 3759 3849 3845
f 3845 3849 3930
f 3845 3930 3886
f 3888 3930 3849
f 3888 3849 3848
f 3848 3849 3762
f 3848 3762 3761
f 3720 3613 3675
f 3720 3675 3815
f 3815 3675 3775
f 3815 3775 3866
f 3586 3775 3675
f 3586 3675 3549
f 3549 3675 3613
f 3549 3613 3489
f 3894 3936 3891
f 3894 3891 3852
f 3852 3891 3893
f 3937 3893 3891
f 3937 3891 3932
f 3932 3891 3936
f 3932 3979 3933
f 3932 3933 3937
f 3934 3933 3979
f 3934 3979 3976
f 3978 3846 3798
f 3978 3798 3931
f 3931 3798 3799
f 3581 3799 3798
f 3581 3798 3846
f 3581 3846 3605
f 3605 3419 3421
f 3605 3421 3581
f 3192 3421 3257
f 3257 3421 3419
f 3257 3419 3258
f 2960 2885 2884
f 2960 2884 2883
f 2883 2884 2886
f 2883 2886 2884
f 2887 2886 2884
f 2887 2884 2885
f 2887 2885 2888
f 3258 3128 3074
f 3258 3074 3257
f 3257 3074 3075
f 3257 3075 3192
f 3020 3075 3074
f 3020 3074 3128
f 3896 3895 3854
f 3896 3854 3855
f 3852 3854 3895
f 3852 3895 3894
f 2888 2891 2823
f 2888 2823 2887
f 2887 2823 2890
f 2894 2890 2823
f 2894 2823 2824
f 2824 2823 2891
f 2824 2891 2895
f 3899 3898 3858
f 3899 3858 3860
f 3860 3858 3857
f 3860 3857 3859
f 3855 3857 3858
f 3855 3858 3898
f 3855 3898 3896
f 2895 2900 2826
f 2895 2826 2824
f 2824 2826 2898
f 2824 2898 2894
f 2911 2898 2826
f 2911 2826 2900
f 2911 2900 2912
f 3945 3902 3900
f 3945 3900 3903
f 3903 3900 3862
f 3859 3862 3900
f 3859 3900 3860
f 3860 3900 3902
f 3860 3902 3899
f 3947 3946 3904
f 3947 3904 3905
f 3905 3904 3901
f 3903 3904 3946
f 3903 3946 3945
f 3949 3948 3907
f 3901 3948 3905
f 3905 3948 3947
f 3275 3490 3442
f 3275 3442 3211
f 3614 3442 3490
f 3614 3490 3636
f 2979 2978 2919
f 2912 2916 2911
f 2911 2916 2915
f 2919 2915 2916
f 2919 2916 2979
f 3020 2959 2958
f 2884 2958 2959
f 2884 2959 2883
f 2883 2959 2960
f 3039 3145 3096
f 3211 3096 3275
f 3275 3096 3145
f 3976 3977 3930
f 3976 3930 3934
f 3934 3930 3935
f 3931 3935 3930
f 3931 3930 3977
f 3931 3977 3978
f 3636 3817 3816
f 3636 3816 3614
f 3907 3816 3817
f 3907 3817 3949
f 3889 3850 3891
f 3889 3891 3893
f 3889 3893 3937
f 3852 3893 3891
f 3852 3891 3851
f 3851 3891 3850
f 3851 3850 3804
f 3888 3890 3933
f 3888 3933 3934
f 3937 3933 3889
f 3889 3933 3890
f 3580 3760 3797
f 3580 3797 3581
f 3581 3797 3799
f 3931 3799 3797
f 3931 3797 3760
f 3931 3760 3886
f 3186 3364 3366
f 3186 3366 3421
f 3186 3421 3192
f 3581 3421 3366
f 3581 3366 3364
f 3581 3364 3580
f 2822 2818 2884
f 2822 2884 2886
f 2822 2886 2887
f 2883 2884 2818
f 2957 3073 3020
f 3020 3073 3075
f 3192 3075 3073
f 3192 3073 3186
f 3804 3808 3854
f 3804 3854 3851
f 3851 3854 3852
f 3855 3854 3808
f 3855 3808 3809
f 2738 2734 2823
f 2738 2823 2824
f 2824 2823 2890
f 2824 2890 2894
f 2887 2890 2823
f 2887 2823 2822
f 2822 2823 2734
f 3809 3810 3858
f 3809 3858 3855
f 3855 3858 3857
f 3859 3857 3858
f 3859 3858 3860
f 3860 3858 3810
f 2836 2825 2826
f 2836 2826 2898
f 2836 2898 2911
f 2894 2898 2826
f 2894 2826 2824
f 2824 2826 2825
f 2824 2825 2738
f 3860 3863 3862
f 3860 3862 3859
f 3903 3862 3863
f 3903 3863 3864
f 3864 3865 3904
f 3864 3904 3903
f 3901 3904 3905
f 3905 3904 3865
f 3905 3906 3948
f 3905 3948 3901
f 3907 3948 3906
f 3907 3906 3866
f 3586 3441 3614
f 3614 3441 3442
f 3211 3442 3441
f 3211 3441 3210
f 2976 2918 2977
f 2976 2977 3039
f 3039 2977 2978
f 2919 2978 2977
f 2919 2977 2918
f 2919 2918 2849
f 2849 2845 2915
f 2849 2915 2919
f 2911 2915 2836
f 2836 2915 2845
f 2883 2882 2958
f 2883 2958 2884
f 3020 2958 2882
f 3020 2882 2957
f 3210 3037 3096
f 3210 3096 3211
f 3039 3096 3037
f 3039 3037 2976
f 3886 3930 3931
f 3931 3930 3935
f 3934 3935 3930
f 3934 3930 3888
f 3866 3775 3907
f 3907 3775 3816
f 3614 3816 3775
f 3614 3775 3586
f 1361 1294 1159
f 1361 1159 1227
f 1227 1159 1035
f 1227 1035 1161
f 829 1035 1159
f 829 1159 901
f 901 1159 1294
f 901 1294 1034
f 1034 664 584
f 1034 584 901
f 901 584 526
f 901 526 829
f 316 526 584
f 316 584 380
f 380 584 664
f 380 664 425
f 425 346 293
f 425 293 380
f 380 293 265
f 380 265 316
f 241 265 293
f 241 293 291
f 291 293 346
f 291 346 344
f 1572 1420 1360
f 1572 1360 1508
f 1508 1360 1294
f 1508 1294 1361
f 1034 1294 1360
f 1034 1360 1157
f 1157 1360 1420
f 1157 1420 1219
f 1219 824 767
f 1219 767 1157
f 1157 767 664
f 1157 664 1034
f 425 664 767
f 425 767 522
f 522 767 824
f 522 824 617
f 617 514 421
f 617 421 522
f 522 421 346
f 522 346 425
f 344 346 421
f 344 421 419
f 419 421 514
f 419 514 457
f 1574 1504 1503
f 1574 1503 1573
f 1573 1503 1420
f 1573 1420 1572
f 1219 1420 1503
f 1219 1503 1220
f 1220 1503 1504
f 1220 1504 1221
f 1221 893 892
f 1221 892 1220
f 1220 892 824
f 1220 824 1219
f 617 824 892
f 617 892 660
f 660 892 893
f 660 893 661
f 661 613 570
f 661 570 660
f 660 570 514
f 660 514 617
f 457 514 570
f 457 570 509
f 509 570 613
f 509 613 566
f 1506 1422 1421
f 1506 1421 1505
f 1505 1421 1504
f 1505 1504 1574
f 1221 1504 1421
f 1221 1421 1222
f 1222 1421 1422
f 1222 1422 1223
f 1223 895 894
f 1223 894 1222
f 1222 894 893
f 1222 893 1221
f 661 893 894
f 661 894 710
f 710 894 895
f 710 895 711
f 711 616 614
f 711 614 710
f 710 614 613
f 710 613 661
f 566 613 614
f 566 614 571
f 571 614 616
f 571 616 615
f 1161 1166 1295
f 1161 1295 1227
f 1227 1295 1426
f 1227 1426 1361
f 1428 1426 1295
f 1428 1295 1296
f 1296 1295 1166
f 1296 1166 1165
f 829 769 1037
f 829 1037 1035
f 1035 1037 1166
f 1035 1166 1161
f 1165 1166 1037
f 1165 1037 1036
f 1036 1037 769
f 1036 769 770
f 316 294 469
f 316 469 526
f 526 469 769
f 526 769 829
f 770 769 469
f 469 294 267
f 1361 1426 1576
f 1361 1576 1508
f 1508 1576 1643
f 1508 1643 1572
f 1643 1576 1578
f 1578 1576 1426
f 1578 1426 1428
f 1572 1643 1641
f 1572 1641 1573
f 1573 1641 1642
f 1573 1642 1574
f 1645 1642 1641
f 1645 1641 1644
f 1644 1641 1643
f 1574 1642 1575
f 1574 1575 1505
f 1505 1575 1507
f 1505 1507 1506
f 1509 1507 1575
f 1509 1575 1577
f 1577 1575 1642
f 1577 1642 1645
f 1506 1507 1423
f 1506 1423 1422
f 1422 1423 1224
f 1422 1224 1223
f 1225 1224 1423
f 1225 1423 1424
f 1424 1423 1507
f 1424 1507 1509
f 1223 1224 896
f 1223 896 895
f 895 896 712
f 895 712 711
f 662 712 896
f 662 896 899
f 899 896 1224
f 899 1224 1225
f 711 712 618
f 711 618 616
f 616 618 576
f 616 576 615
f 577 576 618
f 577 618 619
f 619 618 712
f 619 712 662
f 1165 1167 1298
f 1165 1298 1296
f 1296 1298 1428
f 1432 1428 1298
f 1298 1167 1168
f 770 771 1038
f 770 1038 1036
f 1036 1038 1167
f 1036 1167 1165
f 1168 1167 1038
f 1168 1038 1039
f 1039 1038 771
f 1039 771 772
f 267 268 470
f 267 470 469
f 469 470 771
f 469 771 770
f 772 771 470
f 772 470 428
f 428 470 268
f 428 268 269
f 1428 1580 1578
f 1578 1580 1646
f 1578 1646 1643
f 1580 1428 1432
f 1643 1646 1647
f 1643 1647 1644
f 1644 1647 1645
f 1577 1511 1509
f 1511 1577 1579
f 1579 1577 1645
f 1509 1511 1425
f 1509 1425 1424
f 1424 1425 1225
f 1226 1225 1425
f 1226 1425 1362
f 1362 1425 1511
f 663 662 899
f 899 1225 1226
f 662 578 619
f 619 578 523
f 619 523 577
f 524 523 578
f 524 578 579
f 579 578 621
f 579 621 580
f 663 621 578
f 663 578 662
f 241 216 242
f 241 242 265
f 265 242 294
f 265 294 316
f 267 294 242
f 267 242 217
f 217 242 216
f 217 216 187
f 187 165 218
f 187 218 217
f 217 218 268
f 217 268 267
f 269 268 218
f 269 218 220
f 220 218 190
f 165 190 218
f 241 291 261
f 241 261 213
f 213 261 262
f 213 262 214
f 312 262 261
f 312 261 311
f 311 261 291
f 311 291 344
f 344 419 373
f 344 373 311
f 311 373 312
f 455 373 419
f 455 419 457
f 457 509 510
f 457 510 455
f 455 510 505
f 511 505 510
f 511 510 563
f 563 510 509
f 563 509 566
f 566 571 567
f 566 567 563
f 563 567 511
f 572 567 571
f 572 571 615
f 615 576 575
f 615 575 572
f 516 575 520
f 520 575 576
f 520 576 577
f 577 523 521
f 577 521 520
f 520 521 516
f 463 521 466
f 466 521 523
f 466 523 524
f 187 216 185
f 187 185 188
f 188 185 186
f 214 186 185
f 214 185 213
f 213 185 216
f 213 216 241
f 165 163 166
f 166 163 164
f 186 164 163
f 186 163 188
f 188 163 165
f 188 165 187
f 1233 1110 976
f 1233 976 1111
f 1111 976 716
f 1111 716 773
f 666 716 976
f 666 976 903
f 903 976 1110
f 903 1110 1044
f 773 716 385
f 773 385 431
f 431 385 225
f 431 225 226
f 224 225 385
f 224 385 384
f 384 385 716
f 384 716 666
f 226 225 109
f 226 109 110
f 110 109 19
f 110 19 38
f 37 19 109
f 37 109 108
f 108 109 225
f 108 225 224
f 38 19 11
f 38 11 32
f 32 11 29
f 32 29 26
f 5 29 11
f 5 11 10
f 10 11 19
f 10 19 37
f 1439 1371 1170
f 1439 1170 1235
f 1235 1170 830
f 1235 830 904
f 773 830 1170
f 773 1170 1111
f 1111 1170 1371
f 1111 1371 1233
f 904 830 471
f 904 471 527
f 527 471 246
f 527 246 270
f 226 246 471
f 226 471 431
f 431 471 830
f 431 830 773
f 270 246 111
f 270 111 167
f 167 111 39
f 167 39 105
f 38 39 111
f 38 111 110
f 110 111 246
f 110 246 226
f 105 39 55
f 105 55 90
f 90 55 83
f 90 83 128
f 26 83 55
f 26 55 32
f 32 55 39
f 32 39 38
f 1437 1440 1236
f 1437 1236 1234
f 1234 1236 977
f 1234 977 975
f 904 977 1236
f 904 1236 1235
f 1235 1236 1440
f 1235 1440 1439
f 975 977 585
f 975 585 624
f 624 585 295
f 624 295 348
f 270 295 585
f 270 585 527
f 527 585 977
f 527 977 904
f 348 295 191
f 348 191 245
f 245 191 140
f 245 140 189
f 105 140 191
f 105 191 167
f 167 191 295
f 167 295 270
f 189 140 160
f 189 160 215
f 215 160 183
f 215 183 212
f 128 183 160
f 128 160 90
f 90 160 140
f 90 140 105
f 1365 1367 1231
f 1365 1231 1229
f 1229 1231 1042
f 1229 1042 1040
f 975 1042 1231
f 975 1231 1234
f 1234 1231 1367
f 1234 1367 1437
f 1040 1042 665
f 1040 665 713
f 713 665 427
f 713 427 468
f 348 427 665
f 348 665 624
f 624 665 1042
f 624 1042 975
f 468 427 317
f 468 317 381
f 381 317 266
f 381 266 315
f 189 266 317
f 189 317 245
f 245 317 427
f 245 427 348
f 315 266 264
f 315 264 314
f 314 264 263
f 314 263 292
f 212 263 264
f 212 264 215
f 215 264 266
f 215 266 189
f 1044 1110 1232
f 1044 1232 1043
f 1043 1232 1230
f 1043 1230 1109
f 1369 1230 1232
f 1369 1232 1370
f 1370 1232 1110
f 1370 1110 1233
f 666 903 902
f 666 902 715
f 715 902 974
f 715 974 714
f 1109 974 902
f 1109 902 1043
f 1043 902 903
f 1043 903 1044
f 224 384 383
f 224 383 223
f 223 383 382
f 223 382 222
f 714 382 383
f 714 383 715
f 715 383 384
f 715 384 666
f 37 108 107
f 37 107 36
f 36 107 106
f 36 106 33
f 222 106 107
f 222 107 223
f 223 107 108
f 223 108 224
f 26 29 21
f 26 21 47
f 47 21 42
f 47 42 77
f 25 42 21
f 25 21 4
f 4 21 29
f 4 29 5
f 5 10 9
f 5 9 4
f 4 9 28
f 4 28 25
f 33 28 9
f 33 9 36
f 36 9 10
f 36 10 37
f 1233 1371 1438
f 1233 1438 1370
f 1370 1438 1517
f 1370 1517 1369
f 1588 1517 1438
f 1588 1438 1518
f 1518 1438 1371
f 1518 1371 1439
f 128 83 79
f 128 79 155
f 155 79 121
f 155 121 178
f 77 121 79
f 77 79 47
f 47 79 83
f 47 83 26
f 1439 1440 1519
f 1439 1519 1518
f 1518 1519 1585
f 1518 1585 1588
f 1586 1585 1519
f 1586 1519 1516
f 1516 1519 1440
f 1516 1440 1437
f 212 183 210
f 212 210 240
f 240 210 209
f 240 209 259
f 178 209 210
f 178 210 155
f 155 210 183
f 155 183 128
f 1437 1367 1434
f 1437 1434 1516
f 1516 1434 1514
f 1516 1514 1586
f 1431 1514 1434
f 1431 1434 1365
f 1365 1434 1367
f 1365 1229 1297
f 1365 1297 1363
f 1365 1363 1431
f 1164 1363 1297
f 1164 1297 1106
f 1106 1297 1229
f 1106 1229 1040
f 1040 713 768
f 1040 768 1106
f 1106 768 828
f 1106 828 1164
f 583 828 768
f 583 768 525
f 525 768 713
f 525 713 468
f 468 381 426
f 468 426 525
f 525 426 583
f 379 426 347
f 347 426 381
f 347 381 315
f 315 314 345
f 315 345 347
f 347 345 378
f 347 378 379
f 343 378 345
f 343 345 313
f 313 345 314
f 313 314 292
f 292 263 290
f 292 290 313
f 313 290 289
f 313 289 343
f 259 289 290
f 259 290 240
f 240 290 263
f 240 263 212
f 1109 1230 1299
f 1109 1299 1169
f 1432 1299 1436
f 1436 1299 1230
f 1436 1230 1369
f 714 974 772
f 1169 974 1109
f 222 382 430
f 222 430 221
f 221 430 429
f 221 429 244
f 772 429 430
f 772 430 714
f 714 430 382
f 33 106 138
f 33 138 54
f 54 138 53
f 244 138 221
f 221 138 106
f 221 106 222
f 77 42 71
f 71 42 76
f 71 76 118
f 46 76 42
f 46 42 20
f 20 42 25
f 25 28 24
f 25 24 20
f 20 24 51
f 20 51 46
f 53 51 24
f 53 24 54
f 54 24 28
f 54 28 33
f 1369 1517 1515
f 1369 1515 1436
f 1436 1515 1432
f 1584 1515 1517
f 1584 1517 1588
f 178 121 151
f 178 151 148
f 178 148 207
f 118 148 151
f 118 151 71
f 71 151 121
f 71 121 77
f 1588 1585 1649
f 1588 1649 1584
f 1582 1649 1583
f 1583 1649 1585
f 1583 1585 1586
f 259 209 238
f 259 238 258
f 258 238 237
f 258 237 288
f 207 237 238
f 207 238 178
f 178 238 209
f 1586 1514 1583
f 1583 1514 1579
f 1583 1579 1582
f 1427 1579 1514
f 1427 1514 1430
f 1430 1514 1431
f 1431 1363 1430
f 1430 1363 1362
f 1430 1362 1427
f 1160 1362 1363
f 1160 1363 1163
f 1163 1363 1164
f 1164 828 827
f 1164 827 1163
f 1163 827 826
f 1163 826 1160
f 623 826 827
f 623 827 582
f 582 827 828
f 582 828 583
f 583 426 467
f 583 467 582
f 582 467 623
f 424 467 426
f 424 426 379
f 379 378 377
f 379 377 424
f 375 377 343
f 343 377 378
f 343 289 309
f 343 309 375
f 288 309 258
f 258 309 289
f 258 289 259
f 772 428 429
f 219 429 269
f 269 429 428
f 1646 1580 1581
f 1581 1580 1513
f 1432 1513 1580
f 1645 1647 1582
f 1582 1647 1648
f 1581 1648 1647
f 1581 1647 1646
f 1511 1579 1512
f 1511 1512 1427
f 1582 1512 1579
f 1582 1579 1645
f 1226 1362 1160
f 1427 1362 1511
f 663 899 825
f 663 825 826
f 663 826 580
f 1160 826 825
f 1160 825 899
f 1160 899 1226
f 580 621 620
f 580 620 581
f 581 620 663
f 581 663 580
f 663 620 621
f 269 220 243
f 269 243 219
f 1169 1299 1298
f 1169 1298 1168
f 1432 1298 1299
f 772 974 1041
f 772 1041 1039
f 1168 1039 1041
f 1168 1041 1169
f 1169 1041 974
f 244 429 219
f 53 138 89
f 89 138 166
f 219 166 138
f 219 138 244
f 118 76 70
f 118 70 69
f 75 69 70
f 75 70 46
f 46 70 76
f 46 51 75
f 89 51 53
f 1432 1515 1513
f 1581 1513 1515
f 1581 1515 1584
f 207 148 175
f 207 175 203
f 118 175 148
f 1584 1649 1648
f 1584 1648 1581
f 1582 1648 1649
f 288 237 236
f 288 236 286
f 286 236 257
f 203 257 236
f 203 236 207
f 207 236 237
f 1582 1579 1512
f 1427 1512 1579
f 580 826 622
f 622 826 623
f 623 467 622
f 622 467 466
f 622 466 580
f 423 466 467
f 423 467 422
f 422 467 424
f 424 377 376
f 424 376 422
f 422 376 374
f 422 374 423
f 372 374 376
f 372 376 377
f 372 377 375
f 375 309 308
f 375 308 372
f 372 308 342
f 286 342 308
f 286 308 309
f 286 309 288
f 2229 2228 2325
f 2325 2228 2324
f 2332 2324 2228
f 2332 2228 2232
f 2325 2324 2433
f 2325 2433 2434
f 2324 2332 2433
f 2524 2434 2433
f 2427 2434 2525
f 2434 2524 2525
f 2427 2525 2521
f 2618 2619 2525
f 2618 2525 2524
f 2231 2151 2237
f 2336 2331 2237
f 2331 2231 2237
f 2331 2332 2232
f 2331 2232 2231
f 2332 2331 2441
f 2332 2441 2433
f 2331 2440 2441
f 2331 2336 2446
f 2331 2446 2440
f 2622 2623 2530
f 2531 2524 2433
f 2531 2433 2441
f 2623 2524 2531
f 2623 2531 2530
f 2530 2531 2441
f 2530 2441 2440
f 2524 2623 2618
f 2623 2622 2618
f 2618 2622 2707
f 2618 2707 2703
f 2797 2703 2796
f 2796 2703 2707
f 2151 2150 2236
f 2151 2236 2237
f 2339 2335 2241
f 2335 2236 2241
f 2241 2236 2150
f 2241 2150 2155
f 2335 2336 2237
f 2335 2237 2236
f 2336 2335 2445
f 2336 2445 2446
f 2446 2445 2535
f 2446 2535 2440
f 2445 2534 2535
f 2335 2339 2445
f 2711 2712 2626
f 2712 2707 2627
f 2712 2627 2626
f 2626 2627 2534
f 2530 2440 2535
f 2707 2622 2530
f 2707 2530 2627
f 2627 2530 2535
f 2627 2535 2534
f 2712 2711 2801
f 2712 2801 2796
f 2707 2712 2796
f 2338 2240 2333
f 2333 2240 2235
f 2334 2328 2443
f 2328 2437 2443
f 2532 2442 2443
f 2532 2443 2533
f 2442 2338 2333
f 2442 2333 2334
f 2442 2334 2443
f 2437 2528 2443
f 2443 2528 2533
f 2528 2625 2533
f 2624 2625 2533
f 2624 2533 2625
f 2624 2532 2533
f 2624 2533 2625
f 2240 2338 2337
f 2240 2337 2239
f 2343 2244 2337
f 2244 2239 2337
f 2244 2159 2239
f 2338 2442 2448
f 2338 2448 2337
f 2532 2629 2537
f 2442 2532 2448
f 2448 2532 2537
f 2628 2536 2629
f 2629 2536 2537
f 2536 2447 2448
f 2536 2448 2537
f 2447 2343 2337
f 2447 2337 2448
f 2532 2624 2629
f 2804 2805 2710
f 2804 2710 2800
f 2805 2715 2710
f 2714 2628 2629
f 2714 2629 2715
f 2715 2629 2624
f 2715 2624 2710
f 2159 2244 2243
f 2159 2243 2158
f 2244 2343 2342
f 2244 2342 2243
f 2348 2247 2342
f 2342 2247 2243
f 2247 2162 2243
f 2162 2158 2243
f 2343 2447 2453
f 2447 2536 2542
f 2447 2542 2453
f 2343 2453 2452
f 2343 2452 2342
f 2453 2542 2452
f 2628 2714 2633
f 2536 2628 2542
f 2542 2628 2633
f 2717 2632 2633
f 2717 2633 2718
f 2632 2541 2633
f 2718 2633 2714
f 2633 2541 2542
f 2452 2348 2342
f 2541 2452 2542
f 2714 2715 2804
f 2715 2805 2804
f 2804 2717 2718
f 2804 2718 2714
f 2326 2230 2229
f 2326 2229 2325
f 2325 2434 2427
f 2325 2427 2428
f 2325 2428 2326
f 2435 2326 2428
f 2427 2521 2522
f 2427 2522 2428
f 2526 2521 2525
f 2526 2522 2521
f 2526 2435 2428
f 2526 2428 2522
f 2327 2235 2234
f 2327 2234 2230
f 2327 2230 2326
f 2326 2435 2436
f 2326 2436 2327
f 2435 2526 2527
f 2435 2527 2436
f 2235 2327 2333
f 2328 2334 2327
f 2334 2333 2327
f 2327 2436 2437
f 2327 2437 2328
f 2436 2527 2437
f 2437 2527 2528
f 2620 2526 2619
f 2619 2526 2525
f 2618 2703 2704
f 2618 2704 2619
f 2798 2708 2704
f 2798 2704 2797
f 2797 2704 2703
f 2796 2867 2797
f 2797 2867 2868
f 2619 2704 2705
f 2619 2705 2620
f 2709 2621 2620
f 2709 2620 2705
f 2621 2527 2620
f 2620 2527 2526
f 2704 2708 2705
f 2705 2708 2709
f 2799 2709 2708
f 2799 2708 2798
f 2797 2868 2798
f 2798 2868 2869
f 2868 2871 2872
f 2868 2872 2869
f 2872 2798 2869
f 2527 2621 2528
f 2621 2709 2710
f 2621 2710 2624
f 2625 2528 2624
f 2624 2528 2621
f 2709 2799 2710
f 2804 2800 2799
f 2800 2710 2799
f 2798 2872 2873
f 2798 2873 2799
f 2799 2873 2804
f 2867 2796 2801
f 2867 2801 2870
f 2801 2711 2712
f 2871 2868 2870
f 2870 2868 2867
f 2802 2871 2870
f 2802 2870 2801
f 2711 2626 2712
f 2712 2626 2627
f 2626 2534 2538
f 2626 2538 2627
f 2445 2339 2449
f 2534 2445 2449
f 2534 2449 2538
f 2340 2450 2339
f 2339 2450 2449
f 2450 2539 2538
f 2450 2538 2449
f 2539 2627 2538
f 2242 2340 2339
f 2242 2339 2241
f 2156 2242 2241
f 2156 2241 2155
f 2801 2712 2713
f 2801 2713 2802
f 2716 2803 2802
f 2716 2802 2713
f 2803 2872 2871
f 2803 2871 2802
f 2712 2627 2630
f 2712 2630 2713
f 2627 2539 2630
f 2713 2630 2631
f 2630 2539 2540
f 2630 2540 2631
f 2539 2450 2540
f 2341 2451 2450
f 2341 2450 2340
f 2451 2540 2450
f 2631 2716 2713
f 2242 2156 2160
f 2161 2160 2156
f 2246 2341 2245
f 2245 2341 2340
f 2245 2340 2242
f 2161 2246 2245
f 2161 2245 2160
f 2160 2245 2242
f 2803 2716 2717
f 2717 2804 2807
f 2804 2803 2807
f 2717 2807 2803
f 2807 2803 2872
f 2807 2872 2803
f 2804 2873 2803
f 2803 2873 2872
f 2716 2631 2717
f 2717 2631 2632
f 2631 2540 2541
f 2631 2541 2632
f 2451 2341 2347
f 2540 2451 2541
f 2348 2452 2451
f 2348 2451 2347
f 2452 2541 2451
f 2341 2246 2347
f 2247 2348 2246
f 2246 2348 2347
f 2162 2247 2246
f 2162 2246 2161
f 2155 2150 2151
f 2155 2151 2156
f 2152 2156 2151
f 2151 2231 2232
f 2151 2232 2148
f 2151 2148 2152
f 2233 2152 2148
f 2233 2148 2232
f 2228 2229 2232
f 2232 2229 2233
f 2230 2233 2229
f 2156 2152 2157
f 2157 2161 2156
f 2152 2233 2153
f 2239 2238 2153
f 2239 2153 2238
f 2238 2153 2233
f 2153 2158 2157
f 2153 2157 2152
f 2233 2230 2234
f 2234 2239 2238
f 2234 2238 2233
f 2161 2157 2158
f 2158 2162 2161
f 2158 2153 2154
f 2153 2238 2239
f 2153 2239 2154
f 2239 2159 2154
f 2154 2159 2158
f 2234 2235 2239
f 2235 2240 2239
f 3471 3408 3409
f 3471 3409 3472
f 3471 3472 3518
f 3471 3518 3517
f 3471 3517 3470
f 3471 3470 3408
f 3408 3409 3410
f 3408 3410 3409
f 3409 3410 3472
f 3472 3410 3473
f 3472 3473 3519
f 3472 3519 3518
f 3517 3516 3470
f 3470 3516 3469
f 3470 3469 3407
f 3470 3407 3408
f 3408 3348 3349
f 3408 3349 3409
f 3409 3349 3350
f 3409 3350 3410
f 3410 3350 3406
f 3410 3406 3468
f 3410 3468 3473
f 3473 3468 3514
f 3473 3514 3519
f 3519 3514 3513
f 3519 3513 3518
f 3518 3513 3512
f 3518 3512 3517
f 3517 3512 3511
f 3517 3511 3516
f 3516 3511 3510
f 3516 3510 3467
f 3516 3467 3469
f 3469 3467 3405
f 3469 3405 3407
f 3407 3405 3347
f 3407 3347 3348
f 3407 3348 3408
f 3349 3351 3350
f 3350 3351 3403
f 3350 3403 3406
f 3406 3403 3404
f 3406 3404 3468
f 3468 3404 3466
f 3468 3466 3509
f 3468 3509 3514
f 3514 3509 3508
f 3514 3508 3513
f 3513 3508 3507
f 3513 3507 3512
f 3512 3507 3506
f 3512 3506 3511
f 3511 3506 3505
f 3511 3505 3510
f 3510 3505 3465
f 3510 3465 3467
f 3467 3465 3401
f 3467 3401 3405
f 3405 3401 3347
f 3348 3344 3345
f 3348 3345 3349
f 3349 3345 3346
f 3349 3346 3351
f 3351 3346 3403
f 3404 3403 3464
f 3404 3464 3466
f 3466 3464 3509
f 3509 3464 3504
f 3509 3504 3508
f 3508 3504 3503
f 3508 3503 3507
f 3507 3503 3502
f 3507 3502 3506
f 3506 3502 3460
f 3506 3460 3505
f 3505 3460 3465
f 3401 3402 3343
f 3401 3343 3347
f 3347 3343 3344
f 3347 3344 3348
f 3344 3341 3342
f 3344 3342 3345
f 3345 3342 3346
f 3346 3342 3400
f 3346 3400 3403
f 3403 3400 3464
f 3464 3400 3463
f 3464 3463 3504
f 3504 3463 3462
f 3504 3462 3503
f 3503 3462 3461
f 3503 3461 3502
f 3502 3461 3460
f 3460 3461 3397
f 3460 3397 3465
f 3465 3397 3401
f 3401 3397 3398
f 3401 3398 3402
f 3402 3398 3340
f 3402 3340 3343
f 3343 3340 3341
f 3343 3341 3344
f 3399 3342 3341
f 3399 3400 3342
f 3399 3463 3400
f 3399 3462 3463
f 3399 3461 3462
f 3399 3397 3461
f 3399 3398 3397
f 3399 3340 3398
f 3399 3341 3340
f 2002 1934 1935
f 2002 1935 2003
f 2002 2003 2048
f 2002 2048 2001
f 2002 2001 1934
f 1935 1936 2003
f 2003 1936 1999
f 2003 1999 2047
f 2003 2047 2046
f 2003 2046 2048
f 2048 2046 2045
f 2048 2045 2044
f 2048 2044 1998
f 2048 1998 2001
f 2001 1998 1932
f 2001 1932 1933
f 2001 1933 1934
f 1934 1866 1867
f 1934 1867 1935
f 1935 1867 1868
f 1935 1868 1936
f 1936 1868 1931
f 1936 1931 1999
f 1999 1931 2000
f 1999 2000 1996
f 1999 1996 2047
f 2047 1996 2043
f 2047 2043 2046
f 2046 2043 2042
f 2046 2042 2045
f 2045 2042 2041
f 2045 2041 2044
f 2044 2041 1998
f 1998 1930 1932
f 1932 1930 1864
f 1932 1864 1933
f 1933 1864 1865
f 1933 1865 1866
f 1933 1866 1934
f 1866 1798 1799
f 1866 1799 1867
f 1867 1799 1869
f 1867 1869 1868
f 1868 1869 1863
f 1868 1863 1931
f 1931 1863 1929
f 1931 1929 1997
f 1931 1997 2000
f 2000 1997 1996
f 1996 1995 2043
f 2043 1995 1994
f 2043 1994 2042
f 2042 1994 1993
f 2042 1993 2041
f 2041 1993 1992
f 2041 1992 1998
f 1998 1992 1928
f 1998 1928 1861
f 1998 1861 1930
f 1930 1861 1864
f 1864 1797 1865
f 1865 1797 1798
f 1865 1798 1866
f 1798 1794 1795
f 1798 1795 1799
f 1799 1795 1796
f 1799 1796 1869
f 1869 1796 1863
f 1863 1860 1929
f 1929 1860 1927
f 1929 1927 1997
f 1997 1927 1926
f 1997 1926 1996
f 1996 1926 1991
f 1996 1991 1995
f 1995 1991 1990
f 1995 1990 1994
f 1994 1990 1989
f 1994 1989 1993
f 1993 1989 1923
f 1993 1923 1992
f 1992 1923 1922
f 1992 1922 1928
f 1928 1922 1861
f 1861 1862 1864
f 1864 1862 1793
f 1864 1793 1797
f 1797 1793 1794
f 1797 1794 1798
f 1794 1791 1792
f 1794 1792 1795
f 1795 1792 1796
f 1796 1792 1860
f 1796 1860 1863
f 1860 1859 1927
f 1927 1859 1926
f 1926 1925 1991
f 1991 1925 1990
f 1990 1925 1924
f 1990 1924 1989
f 1989 1924 1923
f 1923 1924 1857
f 1923 1857 1922
f 1922 1857 1861
f 1861 1857 1790
f 1861 1790 1862
f 1862 1790 1793
f 1793 1790 1791
f 1793 1791 1794
f 1858 1792 1791
f 1858 1860 1792
f 1858 1859 1860
f 1858 1926 1859
f 1858 1925 1926
f 1858 1924 1925
f 1858 1857 1924
f 1858 1790 1857
f 1858 1791 1790
f 2385 2587 2585
f 2385 2489 2587
f 2385 2390 2489
f 2385 2288 2390
f 2385 2196 2288
f 2385 2194 2196
f 2385 2190 2194
f 2385 2282 2190
f 2385 2382 2282
f 2385 2483 2382
f 2385 2584 2483
f 2385 2585 2584
f 2585 2587 2763
f 2585 2763 2761
f 2587 2678 2763
f 2587 2489 2589
f 2587 2589 2678
f 2489 2390 2391
f 2489 2391 2589
f 2390 2288 2197
f 2390 2197 2391
f 2288 2120 2197
f 2288 2196 2080
f 2288 2080 2120
f 2196 2194 2079
f 2196 2079 2080
f 2194 2190 2077
f 2194 2077 2079
f 2190 2119 2077
f 2190 2282 2188
f 2190 2188 2119
f 2282 2382 2379
f 2282 2379 2188
f 2382 2483 2583
f 2382 2583 2379
f 2483 2584 2676
f 2483 2676 2583
f 2584 2758 2676
f 2584 2585 2761
f 2584 2761 2758
f 2761 2763 2764
f 2761 2764 2762
f 2763 2678 2679
f 2763 2679 2764
f 2678 2589 2679
f 2589 2391 2392
f 2391 2197 2198
f 2391 2198 2392
f 2197 2120 2121
f 2197 2121 2198
f 2120 2080 2081
f 2120 2081 2121
f 2080 2079 2081
f 2079 2077 2078
f 2077 2119 2078
f 2119 2188 2189
f 2188 2379 2380
f 2188 2380 2189
f 2379 2583 2482
f 2379 2482 2380
f 2583 2676 2677
f 2583 2677 2482
f 2676 2758 2759
f 2676 2759 2677
f 2758 2761 2762
f 2758 2762 2759
f 2762 2764 2588
f 2762 2588 2586
f 2764 2679 2588
f 2679 2589 2490
f 2679 2490 2588
f 2589 2392 2390
f 2589 2390 2490
f 2392 2198 2289
f 2392 2289 2390
f 2198 2121 2196
f 2198 2196 2289
f 2121 2081 2196
f 2081 2079 2194
f 2081 2194 2196
f 2079 2078 2191
f 2079 2191 2194
f 2078 2119 2191
f 2119 2189 2283
f 2119 2283 2191
f 2189 2380 2382
f 2189 2382 2283
f 2380 2482 2485
f 2380 2485 2382
f 2482 2677 2485
f 2677 2759 2584
f 2677 2584 2485
f 2759 2762 2586
f 2759 2586 2584
f 2386 2586 2588
f 2386 2588 2490
f 2386 2490 2390
f 2386 2390 2289
f 2386 2289 2196
f 2386 2196 2194
f 2386 2194 2191
f 2386 2191 2283
f 2386 2283 2382
f 2386 2382 2485
f 2386 2485 2584
f 2386 2584 2586
f 2495 2681 2682
f 2495 2597 2681
f 2495 2498 2597
f 2495 2402 2498
f 2495 2298 2402
f 2495 2295 2298
f 2495 2200 2295
f 2495 2293 2200
f 2495 2396 2293
f 2495 2397 2396
f 2495 2492 2397
f 2495 2593 2492
f 2495 2592 2593
f 2495 2682 2592
f 2682 2681 2853
f 2682 2853 2851
f 2681 2597 2769
f 2681 2769 2853
f 2597 2498 2598
f 2597 2598 2769
f 2498 2502 2598
f 2498 2402 2300
f 2498 2300 2502
f 2402 2298 2202
f 2402 2202 2300
f 2298 2295 2125
f 2298 2125 2202
f 2295 2200 2084
f 2295 2084 2125
f 2200 2293 2082
f 2200 2082 2084
f 2293 2123 2082
f 2293 2396 2291
f 2293 2291 2123
f 2396 2397 2394
f 2396 2394 2291
f 2397 2492 2590
f 2397 2590 2394
f 2492 2593 2680
f 2492 2680 2590
f 2593 2592 2766
f 2593 2766 2680
f 2592 2682 2851
f 2592 2851 2766
f 2851 2853 2768
f 2851 2768 2852
f 2853 2769 2770
f 2853 2770 2768
f 2769 2598 2770
f 2598 2502 2503
f 2502 2300 2301
f 2502 2301 2503
f 2300 2202 2203
f 2300 2203 2301
f 2202 2125 2126
f 2202 2126 2203
f 2125 2084 2085
f 2125 2085 2126
f 2084 2082 2083
f 2084 2083 2085
f 2082 2123 2124
f 2082 2124 2083
f 2123 2291 2292
f 2123 2292 2124
f 2291 2394 2395
f 2291 2395 2292
f 2394 2590 2591
f 2394 2591 2395
f 2590 2680 2591
f 2680 2766 2767
f 2766 2851 2852
f 2766 2852 2767
f 2852 2768 2682
f 2768 2770 2597
f 2768 2597 2682
f 2770 2598 2499
f 2770 2499 2597
f 2598 2503 2499
f 2503 2301 2403
f 2503 2403 2499
f 2301 2203 2299
f 2301 2299 2403
f 2203 2126 2299
f 2126 2085 2201
f 2126 2201 2299
f 2085 2083 2199
f 2085 2199 2201
f 2083 2124 2294
f 2083 2294 2199
f 2124 2292 2399
f 2124 2399 2294
f 2292 2395 2397
f 2292 2397 2399
f 2395 2591 2494
f 2395 2494 2397
f 2591 2680 2593
f 2591 2593 2494
f 2680 2767 2593
f 2767 2852 2682
f 2767 2682 2593
f 2400 2682 2597
f 2400 2597 2499
f 2400 2499 2403
f 2400 2403 2299
f 2400 2299 2201
f 2400 2201 2199
f 2400 2199 2294
f 2400 2294 2399
f 2400 2399 2397
f 2400 2397 2494
f 2400 2494 2593
f 2400 2593 2682
f 1720 1666 1722
f 1720 1721 1723
f 1720 1723 1666
f 1721 1722 1723
f 1721 1720 1722
f 1666 1723 1667
f 1723 1722 1667
f 1667 1722 1666
f 3112 3164 3165
f 3112 3165 3164
f 3053 3112 3054
f 3054 3112 3056
f 3054 3056 3112
f 3054 3112 3053
f 2930 2994 2931
f 2931 2933 2930
f 2930 2996 2994
f 2994 2996 2997
f 2994 2997 2931
f 2931 2997 2996
f 2931 2996 2933
f 2933 2996 2930
f 2697 2698 2696
f 2696 2783 2784
f 2696 2784 2697
f 2697 2784 2786
f 2697 2786 2698
f 2698 2786 2783
f 2698 2783 2696
f 2783 2787 2784
f 2784 2787 2786
f 2783 2786 2787
f 1784 1785 1718
f 1784 1718 1717
f 1785 1784 1717
f 1785 1717 1718
f 1718 1717 1721
f 1717 1718 1720
f 1718 1721 1720
f 1721 1717 1720
f 1779 1780 1713
f 1780 1779 1782
f 1779 1713 1715
f 1713 1780 1716
f 1713 1716 1715
f 1780 1782 1715
f 1780 1715 1716
f 1782 1779 1715
f 1847 1846 1848
f 1846 1847 1780
f 1846 1780 1779
f 1847 1848 1780
f 1848 1846 1779
f 1780 1848 1779
f 1672 1673 1730
f 1672 1670 1671
f 1672 1671 1673
f 1673 1671 1727
f 1673 1727 1730
f 1730 1727 1670
f 1730 1670 1672
f 1671 1670 1727
f 1671 1727 1670
f 1670 1666 1667
f 1670 1667 1671
f 1671 1667 1722
f 1671 1722 1727
f 1727 1722 1666
f 1727 1666 1670
f 1667 1666 1722
f 1968 1910 1972
f 1968 1973 1910
f 1968 1972 1973
f 1972 1910 1911
f 1910 1973 1912
f 1973 1972 1912
f 1910 1912 1911
f 1912 1972 1911
f 2027 2028 1969
f 2027 1969 1968
f 2028 2027 1969
f 1969 2027 1968
f 2092 2091 2094
f 2091 2062 2063
f 2091 2092 2064
f 2091 2064 2062
f 2092 2094 2063
f 2092 2063 2064
f 2094 2091 2063
f 2062 2064 2063
f 2219 2220 2143
f 2220 2144 2143
f 2220 2143 2144
f 2220 2219 2143
f 2420 2314 2313
f 2420 2313 2314
f 3236 3161 3237
f 3237 3161 3236
f 2544 2543 2546
f 2543 2462 2463
f 2543 2463 2546
f 2546 2463 2544
f 2544 2463 2458
f 2544 2458 2462
f 2544 2462 2543
f 2458 2463 2462
f 2349 2249 2350
f 2350 2249 2250
f 2350 2250 2249
f 2350 2249 2349
f 2166 2163 2165
f 2165 2105 2106
f 2165 2106 2166
f 2166 2106 2102
f 2166 2102 2163
f 2163 2102 2105
f 2163 2105 2165
f 2106 2105 2102
f 2073 2072 2074
f 2072 2039 2074
f 2074 2039 2040
f 2074 2040 2073
f 2073 2040 2039
f 2073 2039 2072
f 1987 2040 1986
f 2040 1987 1986
f 1986 1921 1987
f 1987 1985 1986
f 1986 1919 1921
f 1921 1920 1987
f 1987 1920 1985
f 1985 1919 1986
f 1921 1919 1920
f 1920 1919 1985
f 1919 1853 1920
f 1920 1853 1854
f 1920 1854 1853
f 1920 1853 1919
f 1789 1786 1788
f 1789 1788 1787
f 1789 1787 1851
f 1789 1851 1786
f 1851 1787 1786
f 1788 1786 1787
f 1786 1728 1787
f 1728 1786 1787
f 1728 1725 1729
f 1729 1725 1724
f 1729 1724 1728
f 1724 1669 1728
f 1728 1669 1725
f 1725 1669 1724
f 2810 2811 2877
f 2811 2810 2877
f 2874 2875 2877
f 2874 2877 2946
f 2877 2875 2947
f 2877 2947 2946
f 2875 2874 2947
f 2874 2946 2947
f 2946 2947 3008
f 2947 2946 3008
f 3005 3008 3065
f 3008 3005 3065
f 3065 3066 3119
f 3119 3066 3120
f 3066 3065 3062
f 3066 3062 3120
f 3065 3119 3062
f 3119 3120 3117
f 3119 3117 3116
f 3120 3062 3116
f 3120 3116 3117
f 3062 3119 3116
f 3173 3171 3170
f 3173 3115 3171
f 3115 3173 3170
f 3115 3170 3171
f 3166 3239 3162
f 3166 3167 3163
f 3166 3163 3239
f 3167 3166 3162
f 3167 3162 3163
f 3239 3163 3162
f 2388 2386 2387
f 2388 2387 2389
f 2389 2387 2386
f 2389 2386 2388
f 2386 2383 2384
f 2386 2384 2387
f 2387 2384 2383
f 2387 2383 2386
f 2585 2487 2486
f 2486 2487 2586
f 2486 2586 2585
f 2585 2586 2487
f 2586 2487 2488
f 2586 2488 2487
f 2487 2386 2387
f 2487 2387 2488
f 2488 2387 2386
f 2488 2386 2487
f 2386 2286 2287
f 2386 2287 2387
f 2387 2287 2286
f 2387 2286 2386
f 2286 2285 2195
f 2285 2194 2195
f 2195 2194 2285
f 2195 2285 2286
f 2285 2284 2193
f 2285 2193 2194
f 2194 2193 2285
f 2193 2284 2285
f 4649 4648 4608
f 4649 4608 4609
f 4609 4608 4649
f 4608 4648 4649
f 4649 4648 4700
f 4648 4699 4700
f 4648 4649 4699
f 4649 4705 4704
f 4649 4704 4705
f 4649 4700 4704
f 4699 4704 4700
f 4699 4649 4704
f 4705 4704 4755
f 4704 4754 4755
f 4704 4700 4754
f 4700 4704 4754
f 4704 4705 4760
f 4705 4761 4760
f 4705 4755 4760
f 4705 4760 4761
f 4755 4754 4760
f 4754 4704 4760
f 4760 4761 4809
f 4760 4809 4764
f 4761 4760 4809
f 4760 4803 4809
f 4760 4802 4803
f 4760 4764 4802
f 4764 4809 4808
f 4809 4803 4808
f 4803 4802 4808
f 4802 4764 4808
f 4808 4809 4815
f 4809 4816 4815
f 4809 4838 4816
f 4809 4808 4838
f 4808 4815 4838
f 4816 4838 4815
f 4838 4815 4837
f 4815 4823 4814
f 4815 4845 4823
f 4815 4838 4845
f 4838 4837 4845
f 4815 4814 4837
f 4814 4823 4822
f 4814 4822 4844
f 4845 4837 4844
f 4837 4814 4844
f 4822 4823 4844
f 4823 4845 4844
f 4844 4850 4843
f 4844 4849 4850
f 4844 4843 4849
f 4843 4850 4849
f 4849 4850 4826
f 4850 4849 4826
f 4849 4848 4826
f 4849 4826 4848
f 4826 4848 4825
f 4848 4826 4849
f 4825 4820 4826
f 4825 4848 4820
f 4826 4820 4821
f 4820 4848 4842
f 4849 4826 4821
f 4849 4821 4820
f 4849 4820 4842
f 4849 4842 4848
f 3000 3058 3057
f 3001 3002 3059
f 3059 3002 3060
f 3059 3060 3001
f 3060 3002 3001
f 3001 2939 3002
f 3002 3003 2999
f 3002 2999 2939
f 3002 2939 3001
f 2939 2940 3002
f 3002 2940 3003
f 3003 2940 2937
f 3003 2937 2999
f 2999 2937 2936
f 2999 2936 2939
f 2939 2864 2865
f 2939 2865 2940
f 2936 2937 2864
f 2936 2864 2939
f 2864 2862 2865
f 2940 2865 2863
f 2940 2863 2937
f 2937 2863 2862
f 2937 2862 2864
f 2862 2792 2794
f 2862 2794 2865
f 2865 2794 2795
f 2865 2795 2793
f 2865 2793 2863
f 2863 2793 2792
f 2863 2792 2862
f 2792 2700 2794
f 2794 2700 2701
f 2794 2701 2795
f 2795 2701 2793
f 2793 2701 2700
f 2793 2700 2792
f 2700 2616 2617
f 2700 2617 2701
f 2701 2617 2616
f 2701 2616 2700
f 2616 2520 2617
f 2617 2520 2616
f 2616 2520 2615
f 2615 2519 2424
f 2615 2424 2616
f 2616 2424 2520
f 2520 2424 2519
f 2520 2519 2615
f 3000 3057 3058
f 2454 2345 2344
f 2344 2345 2461
f 2344 2461 2460
f 2460 2461 2455
f 2460 2455 2454
f 2454 2455 2345
f 2345 2455 2461
f 2345 2456 2455
f 2455 2345 2346
f 2455 2346 2345
f 2345 2346 2456
f 2455 2449 2345
f 2449 2339 2345
f 2345 2339 2340
f 2345 2340 2346
f 2346 2340 2450
f 2346 2450 2456
f 2456 2450 2449
f 2456 2449 2455
f 2449 2445 2335
f 2449 2335 2339
f 2339 2335 2336
f 2339 2336 2340
f 2340 2336 2446
f 2340 2446 2450
f 2450 2446 2445
f 2450 2445 2449
f 2335 2331 2336
f 2336 2331 2440
f 2336 2440 2446
f 2446 2440 2445
f 2445 2439 2335
f 2335 2439 2330
f 2335 2330 2331
f 2331 2330 2440
f 2440 2439 2445
f 2330 2432 2440
f 2440 2432 2439
f 2439 2431 2323
f 2439 2323 2330
f 2330 2323 2432
f 2439 2432 2431
f 2431 2322 2323
f 2323 2322 2432
f 2322 2425 2432
f 2432 2425 2431
f 2431 2430 2424
f 2431 2424 2322
f 2322 2424 2425
f 2431 2425 2430
f 2425 2424 2430
f 2430 2429 2423
f 2430 2423 2424
f 2424 2423 2518
f 2424 2518 2523
f 2424 2523 2430
f 2430 2523 2429
f 2454 2344 2460
f 2429 2518 2423
f 2523 2518 2429
f 1980 1984 1917
f 1984 1913 1917
f 1913 1980 1914
f 1980 1917 1914
f 1917 1913 1914
f 1914 1915 1980
f 1980 1915 1981
f 1914 1980 1981
f 1914 1981 1915
f 1981 1915 1916
f 1981 1916 1982
f 1916 1915 1982
f 1915 1981 1982
f 1982 1916 1983
f 1916 1982 1983
f 1982 2032 2031
f 1982 1983 2032
f 1983 1982 1978
f 1982 2032 1978
f 1982 2031 2032
f 2032 1983 2033
f 1983 2030 2033
f 1983 1978 2029
f 1983 2029 2030
f 1978 2032 2029
f 2032 2070 2067
f 2032 2033 2070
f 2033 2030 2070
f 2030 2029 2068
f 2029 2067 2068
f 2029 2032 2067
f 2067 2070 2098
f 2067 2098 2095
f 2070 2030 2069
f 2030 2068 2069
f 2067 2095 2068
f 2098 2070 2099
f 2098 2099 2095
f 2070 2069 2096
f 2070 2096 2099
f 2069 2068 2095
f 2069 2095 2096
f 2095 2099 2147
f 2095 2147 2146
f 2099 2096 2147
f 2096 2095 2147
f 2095 2146 2147
f 2146 2147 2227
f 2146 2227 2226
f 2147 2146 2226
f 2147 2226 2227
f 2226 2319 2318
f 2226 2227 2424
f 2226 2424 2319
f 2227 2226 2424
f 2226 2318 2424
f 1980 1913 1984
f 2424 2318 2319
f 2495 2499 2403
f 2495 2403 2402
f 2402 2403 2499
f 2402 2499 2498
f 2403 2404 2500
f 2403 2500 2499
f 2499 2404 2403
f 2500 2404 2499
f 2404 2501 2500
f 2500 2400 2404
f 2404 2400 2401
f 2404 2401 2497
f 2404 2497 2501
f 2501 2497 2496
f 2501 2496 2500
f 2500 2496 2400
f 2496 2497 2400
f 2497 2401 2400
f 2401 2399 2494
f 2401 2494 2497
f 2497 2494 2399
f 2497 2399 2401
f 2494 2398 2399
f 2494 2493 2398
f 2399 2398 2493
f 2399 2493 2494
f 2495 2402 2498
f 2495 2498 2499
f 2495 2496 2594
f 2595 2496 2495
f 2496 2595 2594
f 2595 2596 2496
f 2595 2496 2497
f 2595 2497 2596
f 2596 2497 2496
f 2496 2400 2401
f 2496 2401 2497
f 2497 2401 2400
f 2497 2400 2496
f 2400 2297 2401
f 2400 2296 2297
f 2297 2296 2401
f 2401 2296 2400
f 2495 2594 2595
f 1285 1349 1347
f 1347 1349 1283
f 1283 1348 1286
f 1349 1348 1283
f 1348 1350 1286
f 1286 1349 1285
f 1285 1349 1350
f 1285 1350 1349
f 1349 1350 1348
f 1350 1355 1286
f 1355 1290 1286
f 1286 1290 1349
f 1349 1355 1350
f 1290 1289 1349
f 1349 1289 1354
f 1349 1354 1355
f 1355 1293 1289
f 1355 1289 1290
f 1354 1293 1355
f 1293 1213 1289
f 1289 1356 1354
f 1354 1356 1293
f 1293 1218 1213
f 1213 1218 1288
f 1213 1288 1289
f 1289 1288 1292
f 1289 1292 1356
f 1356 1292 1293
f 1293 1217 1218
f 1218 1217 1212
f 1218 1212 1288
f 1288 1212 1292
f 1292 1217 1293
f 1217 1153 1212
f 1212 1291 1292
f 1292 1291 1217
f 1217 1216 1153
f 1153 1211 1212
f 1212 1211 1216
f 1212 1216 1291
f 1291 1216 1217
f 1216 1152 1153
f 1153 1152 1148
f 1153 1148 1211
f 1211 1148 1215
f 1211 1215 1216
f 1216 1215 1152
f 1152 1151 1102
f 1152 1102 1147
f 1152 1147 1148
f 1148 1147 1151
f 1148 1151 1215
f 1215 1151 1152
f 1151 1101 1102
f 1147 1150 1151
f 1151 1150 1101
f 1101 1029 1102
f 1102 1029 1098
f 1102 1098 1147
f 1147 1098 1150
f 1150 1098 1101
f 1101 1028 1029
f 1098 1097 1028
f 1098 1028 1101
f 1028 964 1029
f 1029 964 1024
f 1029 1024 1098
f 1098 1024 1097
f 1028 963 960
f 1028 960 964
f 964 960 1024
f 1024 1023 1097
f 1097 1023 963
f 1097 963 1028
f 963 959 960
f 960 959 956
f 960 956 1024
f 1024 956 1023
f 1023 959 963
f 959 958 884
f 959 884 956
f 956 955 1023
f 1023 955 958
f 1023 958 959
f 958 883 884
f 884 883 954
f 884 954 956
f 956 954 955
f 955 883 958
f 883 882 880
f 883 880 954
f 954 953 955
f 955 953 882
f 955 882 883
f 882 879 880
f 954 880 953
f 953 879 882
f 879 875 880
f 880 949 953
f 953 949 875
f 953 875 879
f 875 876 880
f 880 876 949
f 876 950 949
f 949 950 876
f 949 876 875
f 950 873 876
f 873 877 876
f 876 877 950
f 877 951 950
f 950 951 947
f 950 947 873
f 1285 1347 1283
f 1285 1283 1286
f 951 877 873
f 947 951 873
f 957 1022 961
f 961 1025 1022
f 1022 1025 962
f 1022 962 961
f 961 962 1025
f 1025 1026 962
f 1025 1096 1026
f 1026 1031 966
f 1026 966 962
f 962 966 1025
f 1025 1031 1096
f 1096 1031 1026
f 1025 966 1031
f 1031 970 966
f 966 1030 1031
f 1031 1030 970
f 970 888 966
f 966 888 965
f 966 965 1030
f 1030 965 970
f 970 969 891
f 970 891 888
f 888 891 965
f 965 969 970
f 969 890 891
f 891 890 887
f 891 887 965
f 965 887 969
f 890 818 887
f 887 889 969
f 969 889 890
f 890 817 818
f 818 813 887
f 887 813 889
f 889 817 890
f 817 763 818
f 818 763 813
f 813 817 889
f 763 761 813
f 813 761 816
f 813 816 817
f 817 816 763
f 763 762 709
f 763 709 760
f 763 760 761
f 761 760 762
f 761 762 816
f 816 762 763
f 762 708 706
f 762 706 709
f 709 706 760
f 762 760 708
f 708 659 658
f 708 658 706
f 706 705 760
f 760 705 659
f 760 659 708
f 659 657 658
f 658 656 706
f 706 656 705
f 705 657 659
f 657 612 611
f 657 611 658
f 658 611 656
f 656 655 705
f 705 655 612
f 705 612 657
f 612 610 561
f 612 561 611
f 611 561 609
f 611 609 656
f 656 609 610
f 656 610 655
f 655 610 612
f 610 560 557
f 610 557 561
f 561 557 608
f 561 608 609
f 609 608 610
f 610 608 560
f 560 556 557
f 557 556 608
f 608 556 560
f 556 498 499
f 556 499 555
f 556 555 554
f 556 554 608
f 608 554 498
f 608 498 556
f 498 496 497
f 498 497 499
f 499 497 555
f 554 496 498
f 496 494 497
f 555 550 554
f 554 550 494
f 554 494 496
f 494 495 497
f 497 495 555
f 550 495 494
f 555 551 550
f 550 551 495
f 495 551 555
f 551 549 552
f 551 552 495
f 495 552 551
f 551 607 549
f 961 1022 957
f 551 552 549
f 607 551 549
f 1555 1558 1489
f 1555 1559 1558
f 1634 1559 1555
f 1559 1564 1558
f 1634 1564 1559
f 1558 1639 1634
f 1634 1639 1564
f 1564 1563 1558
f 1558 1563 1639
f 1564 1569 1563
f 1639 1569 1564
f 1569 1494 1563
f 1494 1562 1563
f 1563 1562 1640
f 1563 1640 1639
f 1639 1640 1569
f 1569 1568 1500
f 1569 1500 1494
f 1494 1500 1562
f 1640 1568 1569
f 1562 1568 1640
f 1568 1567 1500
f 1500 1561 1562
f 1562 1561 1567
f 1562 1567 1568
f 1567 1499 1500
f 1500 1499 1561
f 1561 1566 1567
f 1567 1566 1498
f 1567 1498 1499
f 1499 1498 1493
f 1499 1493 1561
f 1561 1493 1566
f 1498 1497 1415
f 1498 1415 1493
f 1493 1565 1566
f 1566 1565 1497
f 1566 1497 1498
f 1497 1414 1415
f 1415 1414 1492
f 1415 1492 1493
f 1493 1492 1560
f 1493 1560 1565
f 1565 1560 1497
f 1497 1491 1414
f 1492 1491 1560
f 1560 1491 1497
f 1491 1413 1414
f 1414 1413 1488
f 1414 1488 1492
f 1492 1488 1491
f 1413 1410 1411
f 1413 1411 1488
f 1488 1487 1491
f 1491 1487 1410
f 1491 1410 1413
f 1410 1408 1411
f 1411 1408 1488
f 1488 1408 1487
f 1410 1407 1408
f 1408 1484 1487
f 1487 1484 1407
f 1487 1407 1410
f 1407 1345 1408
f 1408 1345 1406
f 1408 1406 1483
f 1408 1483 1484
f 1484 1483 1407
f 1407 1405 1344
f 1407 1344 1345
f 1345 1344 1405
f 1345 1405 1406
f 1406 1405 1482
f 1406 1482 1483
f 1483 1482 1405
f 1483 1405 1407
f 1405 1402 1344
f 1344 1402 1405
f 1405 1402 1481
f 1405 1481 1482
f 1482 1481 1402
f 1482 1402 1405
f 1402 1342 1344
f 1344 1342 1402
f 1402 1400 1342
f 1342 1403 1402
f 1402 1403 1481
f 1481 1400 1402
f 1400 1343 1342
f 1342 1343 1403
f 1403 1479 1481
f 1481 1479 1400
f 1400 1401 1343
f 1403 1480 1479
f 1479 1480 1401
f 1479 1401 1400
f 1401 1340 1343
f 1343 1340 1403
f 1558 1634 1555
f 1558 1555 1489
f 1403 1340 1401
f 1480 1403 1401
f 4512 4511 4508
f 4512 4508 4509
f 4511 4512 4538
f 4509 4508 4537
f 4508 4538 4537
f 4508 4511 4538
f 4538 4512 4539
f 4512 4509 4539
f 4509 4537 4539
f 4537 4538 4539
f 4538 4539 4540
f 4539 4541 4540
f 4539 4574 4541
f 4539 4573 4574
f 4539 4538 4573
f 4538 4540 4573
f 4540 4576 4575
f 4540 4541 4576
f 4541 4574 4576
f 4574 4573 4576
f 4573 4575 4576
f 4573 4540 4575
f 4575 4576 4578
f 4575 4578 4611
f 4576 4613 4578
f 4576 4612 4613
f 4576 4575 4612
f 4575 4611 4612
f 4611 4578 4615
f 4611 4615 4614
f 4578 4613 4616
f 4578 4616 4615
f 4613 4612 4655
f 4613 4655 4616
f 4612 4611 4614
f 4612 4614 4655
f 4614 4615 4617
f 4614 4617 4656
f 4615 4657 4617
f 4615 4616 4657
f 4616 4655 4657
f 4655 4656 4657
f 4655 4614 4656
f 4656 4617 4659
f 4617 4660 4659
f 4617 4657 4660
f 4657 4712 4660
f 4657 4711 4712
f 4657 4656 4659
f 4657 4659 4711
f 4660 4717 4664
f 4660 4712 4717
f 4660 4712 4711
f 4660 4711 4712
f 4659 4663 4662
f 4659 4660 4663
f 4660 4664 4663
f 4664 4717 4716
f 4664 4716 4663
f 4717 4712 4716
f 4712 4711 4716
f 4711 4715 4716
f 4711 4659 4662
f 4711 4662 4715
f 4662 4663 4669
f 4663 4716 4722
f 4663 4722 4669
f 4716 4721 4722
f 4716 4715 4721
f 4715 4720 4721
f 4715 4662 4669
f 4715 4669 4720
f 4669 4668 4720
f 4669 4722 4728
f 4722 4721 4728
f 4668 4669 4672
f 4669 4673 4672
f 4669 4728 4673
f 4728 4721 4727
f 4721 4720 4727
f 4720 4668 4672
f 4720 4672 4667
f 4673 4728 4727
f 4673 4727 4672
f 4727 4720 4726
f 4720 4667 4726
f 4667 4672 4671
f 4672 4727 4671
f 4727 4726 4671
f 4726 4670 4671
f 4726 4725 4670
f 4726 4667 4725
f 4725 4666 4670
f 4725 4667 4666
f 4671 4670 4666
f 4671 4666 4667
f 4666 4667 4670
f 4667 4671 4670
f 4666 4670 4671
f 4666 4671 4667
f 4671 4667 4666
f 4671 4666 4667
f 2572 2661 2662
f 2572 2662 2573
f 2661 2574 2662
f 2572 2573 2574
f 2573 2662 2575
f 2574 2573 2575
f 2574 2575 2481
f 2575 2662 2669
f 2575 2669 2579
f 2662 2574 2669
f 2574 2481 2578
f 2481 2575 2579
f 2481 2579 2578
f 2579 2669 2668
f 2579 2668 2578
f 2669 2574 2578
f 2669 2578 2668
f 2578 2668 2582
f 2582 2668 2674
f 2668 2578 2667
f 2578 2577 2667
f 2578 2582 2674
f 2578 2674 2577
f 2674 2668 2673
f 2667 2577 2581
f 2577 2674 2673
f 2577 2673 2581
f 2668 2667 2673
f 2673 2667 2756
f 2667 2581 2580
f 2581 2673 2580
f 2673 2756 2672
f 2756 2667 2666
f 2667 2580 2672
f 2667 2672 2666
f 2580 2673 2672
f 2672 2756 2755
f 2756 2666 2755
f 2755 2751 2754
f 2755 2666 2750
f 2755 2750 2751
f 2666 2672 2671
f 2666 2671 2750
f 2672 2755 2754
f 2672 2754 2671
f 2754 2751 2844
f 2751 2750 2844
f 2750 2671 2665
f 2671 2754 2665
f 2754 2844 2753
f 2750 2665 2749
f 2665 2754 2753
f 2665 2753 2749
f 2753 2844 2843
f 2844 2750 2747
f 2844 2747 2843
f 2750 2749 2747
f 2749 2753 2843
f 2843 2839 2842
f 2843 2747 2839
f 2747 2749 2746
f 2749 2843 2842
f 2749 2842 2746
f 2842 2839 2838
f 2839 2747 2835
f 2747 2746 2835
f 2746 2842 2838
f 2838 2839 2910
f 2839 2835 2910
f 2835 2746 2744
f 2746 2838 2744
f 2838 2910 2834
f 2910 2835 2833
f 2835 2744 2834
f 2835 2834 2833
f 2744 2838 2834
f 2834 2910 2908
f 2834 2908 2909
f 2910 2833 2832
f 2910 2832 2908
f 2833 2834 2832
f 2834 2909 2832
f 2832 2909 2908
f 2908 2832 2829
f 2832 2831 2829
f 2832 2908 2907
f 2832 2907 2831
f 2907 2908 2904
f 2907 2904 2903
f 2908 2829 2904
f 2829 2831 2828
f 2831 2907 2903
f 2831 2903 2828
f 2828 2903 2904
f 2828 2904 2829
f 2829 2904 2901
f 2829 2901 2827
f 2901 2904 2905
f 2904 2829 2905
f 2901 2905 2902
f 2905 2829 2830
f 2905 2830 2902
f 2829 2827 2830
f 2827 2901 2902
f 2572 2574 2661
f 2827 2902 2830
f 2914 2916 2841
f 2915 2840 2845
f 2840 2914 2841
f 2840 2841 2845
f 2841 2916 2846
f 2845 2841 2846
f 2846 2916 2850
f 2845 2846 2850
f 2850 2916 2920
f 2916 2915 2920
f 2915 2845 2849
f 2845 2850 2849
f 2920 2915 2919
f 2915 2849 2919
f 2849 2850 2920
f 2849 2920 2922
f 2922 2920 2978
f 2920 2919 2978
f 2849 2922 2919
f 2922 2978 2982
f 2919 2918 2978
f 2919 2922 2982
f 2919 2982 2918
f 2978 2977 2982
f 2978 2918 2921
f 2978 2921 2977
f 2918 2982 2981
f 2918 2981 2921
f 2981 2982 3043
f 2982 2977 3043
f 2977 2921 2981
f 2981 3043 3042
f 3043 2977 3039
f 3043 3039 3042
f 2977 2981 2980
f 2977 2980 3039
f 2981 3042 2980
f 3042 3097 3041
f 3042 3039 3038
f 3042 3038 3097
f 3039 2980 3041
f 3039 3041 3038
f 2980 3042 3041
f 3041 3097 3096
f 3041 3096 3103
f 3097 3038 3096
f 3041 3103 3038
f 3103 3096 3145
f 3103 3145 3102
f 3096 3038 3095
f 3038 3103 3102
f 3038 3102 3095
f 3102 3145 3150
f 3145 3096 3144
f 3096 3095 3144
f 3095 3102 3150
f 3150 3145 3215
f 3145 3144 3140
f 3145 3140 3215
f 3144 3095 3143
f 3144 3143 3140
f 3095 3150 3215
f 3095 3215 3143
f 3215 3212 3214
f 3215 3140 3211
f 3215 3211 3212
f 3140 3143 3139
f 3140 3139 3211
f 3143 3215 3214
f 3143 3214 3139
f 3214 3212 3275
f 3212 3211 3207
f 3212 3207 3275
f 3211 3139 3210
f 3211 3210 3207
f 3139 3214 3275
f 3139 3275 3210
f 3275 3272 3274
f 3275 3207 3272
f 3207 3210 3206
f 3210 3275 3274
f 3210 3274 3206
f 3274 3272 3325
f 3274 3325 3271
f 3272 3207 3271
f 3272 3271 3325
f 3207 3206 3271
f 3206 3274 3271
f 3271 3325 3323
f 3271 3323 3324
f 3325 3271 3269
f 3325 3269 3323
f 3271 3268 3269
f 3271 3324 3268
f 3324 3323 3322
f 3268 3324 3322
f 3323 3269 3319
f 3269 3268 3322
f 3269 3322 3319
f 3322 3323 3377
f 3322 3377 3376
f 3323 3319 3377
f 3319 3322 3318
f 3322 3376 3318
f 3376 3377 3319
f 3376 3319 3318
f 3318 3319 3314
f 3319 3318 3266
f 3318 3314 3266
f 3314 3319 3315
f 3319 3266 3267
f 3266 3314 3315
f 3267 3266 3264
f 3266 3315 3264
f 3315 3319 3316
f 3319 3267 3316
f 3267 3264 3265
f 3264 3315 3265
f 2914 2840 2915
f 2914 2915 2916
f 3267 3315 3316
f 3265 3315 3267
f 3136 3208 3213
f 3136 3213 3137
f 3208 3141 3213
f 3137 3213 3142
f 3213 3141 3142
f 3141 3136 3091
f 3136 3137 3091
f 3141 3091 3093
f 3091 3137 3093
f 3137 3142 3094
f 3093 3137 3094
f 3094 3142 3101
f 3093 3094 3101
f 3101 3142 3149
f 3101 3149 3148
f 3142 3141 3149
f 3141 3093 3100
f 3093 3101 3148
f 3093 3148 3100
f 3148 3149 3219
f 3149 3141 3219
f 3141 3100 3148
f 3219 3141 3218
f 3141 3148 3218
f 3148 3219 3218
f 3148 3218 3221
f 3218 3148 3147
f 3148 3221 3147
f 3221 3218 3277
f 3218 3147 3217
f 3147 3221 3217
f 3218 3217 3277
f 3221 3277 3279
f 3221 3279 3278
f 3277 3276 3279
f 3277 3217 3278
f 3277 3278 3276
f 3217 3221 3278
f 3278 3279 3331
f 3279 3276 3331
f 3278 3331 3330
f 3331 3276 3328
f 3276 3278 3330
f 3276 3330 3328
f 3330 3331 3385
f 3330 3385 3386
f 3331 3328 3385
f 3328 3330 3327
f 3330 3386 3327
f 3386 3385 3446
f 3328 3327 3384
f 3328 3384 3385
f 3327 3386 3384
f 3386 3446 3447
f 3446 3385 3445
f 3385 3384 3445
f 3384 3386 3447
f 3447 3446 3496
f 3447 3496 3495
f 3446 3445 3444
f 3446 3444 3496
f 3384 3447 3495
f 3384 3495 3445
f 3495 3496 3494
f 3496 3444 3493
f 3496 3493 3494
f 3444 3445 3493
f 3445 3495 3493
f 3495 3494 3532
f 3494 3493 3532
f 3493 3495 3532
f 3493 3532 3492
f 3532 3493 3530
f 3532 3530 3556
f 3493 3492 3529
f 3493 3529 3530
f 3492 3532 3529
f 3532 3556 3555
f 3529 3532 3555
f 3555 3556 3594
f 3556 3530 3554
f 3556 3554 3594
f 3530 3529 3554
f 3529 3555 3554
f 3555 3594 3593
f 3555 3593 3592
f 3594 3554 3593
f 3554 3555 3592
f 3593 3554 3552
f 3554 3592 3552
f 3592 3593 3590
f 3592 3590 3589
f 3593 3552 3590
f 3552 3592 3589
f 3589 3590 3587
f 3552 3589 3587
f 3587 3590 3588
f 3552 3587 3588
f 3552 3588 3550
f 3588 3590 3551
f 3590 3552 3553
f 3552 3550 3553
f 3550 3588 3551
f 3590 3553 3551
f 3136 3141 3208
f 3550 3551 3553
f 120 115 119
f 119 115 114
f 114 68 72
f 114 72 119
f 119 72 73
f 119 73 120
f 120 73 115
f 115 73 72
f 115 72 114
f 114 72 68
f 73 78 44
f 73 44 41
f 73 41 72
f 72 41 40
f 72 40 73
f 73 44 78
f 41 44 43
f 41 43 40
f 40 43 44
f 40 44 73
f 44 22 48
f 44 48 23
f 44 23 22
f 44 22 43
f 43 22 44
f 48 22 26
f 48 26 27
f 48 27 23
f 23 27 22
f 23 22 1
f 23 1 22
f 27 26 3
f 27 3 22
f 22 3 1
f 1 3 2
f 1 2 22
f 22 2 26
f 26 7 8
f 26 8 3
f 3 8 7
f 3 7 2
f 2 7 26
f 7 15 8
f 8 15 7
f 7 14 15
f 15 14 7
f 7 14 6
f 6 14 7
f 14 18 15
f 15 18 14
f 14 17 18
f 18 17 14
f 14 17 13
f 13 17 14
f 17 35 34
f 17 34 16
f 34 35 30
f 34 30 12
f 34 12 16
f 35 31 30
f 16 12 17
f 31 13 30
f 30 13 12
f 12 13 17
f 17 13 12
f 17 12 13
f 17 13 31
f 17 31 35
f 207 203 202
f 207 202 206
f 203 235 202
f 203 202 207
f 235 203 202
f 202 177 207
f 203 207 204
f 203 176 202
f 202 176 177
f 207 177 178
f 207 178 204
f 204 178 203
f 203 178 176
f 176 178 177
f 177 155 179
f 177 179 178
f 178 179 180
f 178 180 153
f 178 153 152
f 178 152 177
f 177 152 155
f 179 155 157
f 179 157 158
f 179 158 180
f 180 158 156
f 180 156 153
f 153 156 124
f 153 124 152
f 152 124 123
f 152 123 155
f 155 125 128
f 155 128 157
f 157 128 129
f 157 129 158
f 158 129 156
f 156 129 124
f 124 129 125
f 124 125 123
f 123 125 155
f 125 130 128
f 128 130 129
f 129 130 131
f 129 131 87
f 129 87 86
f 129 86 125
f 125 86 84
f 125 84 130
f 130 90 91
f 130 91 131
f 131 91 87
f 87 91 86
f 86 91 90
f 86 90 84
f 84 90 130
f 91 95 59
f 91 59 58
f 91 58 56
f 91 56 90
f 90 94 91
f 91 94 95
f 56 58 90
f 90 58 94
f 94 98 95
f 95 98 62
f 95 62 59
f 59 62 58
f 58 62 61
f 58 61 57
f 58 57 93
f 58 93 94
f 93 97 94
f 94 97 98
f 57 61 97
f 57 97 93
f 97 102 98
f 98 102 65
f 98 65 62
f 62 65 61
f 61 65 64
f 61 64 60
f 61 60 97
f 97 60 96
f 96 101 97
f 97 101 102
f 60 64 101
f 60 101 96
f 102 101 105
f 102 105 67
f 102 67 65
f 65 67 64
f 64 63 100
f 64 100 101
f 67 66 64
f 64 66 63
f 101 100 104
f 101 104 105
f 105 104 67
f 67 104 66
f 66 104 100
f 66 100 63
f 104 103 99
f 104 99 100
f 100 137 104
f 104 137 139
f 104 139 103
f 139 137 136
f 139 136 103
f 103 136 99
f 137 100 136
f 136 100 99
f 203 207 206
f 203 206 202
