# flowstudio decimated toy animal  faces=10017
v -15.0318 20.3581 1.85106
v -15.0076 20.2265 2.04982
v -14.9344 20.1534 2.19357
v -15.01 20.697 1.71369
v -15.2138 20.9326 2.19775
v -15.1113 20.767 2.48685
v -15.091 20.6867 2.64541
v -14.9753 20.606 2.83255
v -14.9283 21.3667 1.79042
v -15.156 21.1053 2.04798
v -14.9769 21.4956 3.21822
v -15.1815 21.7349 2.24329
v -15.2415 21.7789 2.57524
v -15.1979 21.6826 2.78485
v -15.0989 21.6152 2.91708
v -14.9592 22.3816 2.176
v -15.1515 22.6155 2.55558
v -15.1809 22.6368 2.86879
v -15.041 22.5228 3.16393
v -15.0123 22.4737 3.33472
v -15.0649 23.2178 2.7084
v -15.0145 23.1713 3.22718
v -14.9317 23.1248 3.34047
v -15.0788 23.2249 3.01064
v -14.6069 19.7771 1.7361
v -14.6268 20.1872 1.30894
v -14.6478 19.9355 1.49155
v -14.9019 20.1766 2.17806
v -14.8091 20.0067 2.4799
v -14.6168 20.1097 2.78385
v -14.7953 20.6268 2.98985
v -14.6902 21.4565 1.54382
v -14.7357 21.2335 3.33091
v -14.7088 22.1941 1.8244
v -14.7772 22.2925 3.57775
v -14.6417 22.8576 2.01382
v -14.8972 23.0746 2.36918
v -14.8863 23.1042 3.36817
v -14.7695 23.0224 3.66224
v -14.7289 23.5743 2.43137
v -14.9029 23.6562 2.75464
v -14.8772 23.6356 3.16097
v -14.7342 23.5599 3.36822
v -14.6528 23.5142 3.6139
v -14.6547 24.0518 2.7288
v -14.6679 24.0483 3.02775
v -14.5901 24.022 3.24485
v -14.5527 19.7561 1.82314
v -14.5444 19.6574 1.9281
v -14.433 19.572 2.11725
v -14.3831 20.8567 1.14121
v -14.5416 20.5725 1.24804
v -14.36 20.6303 3.21345
v -14.5065 21.5091 1.3645
v -14.4559 21.987 1.49415
v -14.3421 21.7221 3.5523
v -14.3646 22.6275 1.66342
v -14.548 22.8419 3.79061
v -14.4585 23.4452 2.09661
v -14.3611 23.3279 3.83957
v -14.4514 24.0163 2.40106
v -14.479 23.9652 3.37481
v -14.331 23.9013 3.6805
v -14.2573 24.4879 2.90726
v -14.0333 -6.28965 -0.883216
v -14.0243 -6.19214 0.00766333
v -13.9612 -4.72952 -2.80881
v -14.1389 -4.42789 -2.46667
v -14.188 -4.17064 -1.69338
v -14.1084 -3.89047 -0.796373
v -13.998 19.7881 0.865954
v -14.0211 19.5528 1.05879
v -13.9611 19.3859 1.36264
v -14.2375 19.5583 2.41614
v -13.957 19.7177 2.83196
v -13.983 20.5411 3.27505
v -14.2159 21.1627 1.06282
v -14.01 21.3715 3.38649
v -14.0738 21.6602 1.11592
v -13.9305 22.3448 1.26591
v -14.2388 22.4852 3.73562
v -14.0324 23.0541 3.80494
v -14.1593 23.3042 1.76438
v -14.089 23.7715 3.81487
v -14.13 23.9553 2.05517
v -13.9454 24.4818 2.23865
v -14.2266 24.4863 2.59917
v -14.0869 24.435 3.20366
v -14.0334 24.4358 3.37549
v -13.6155 -7.68572 1.63622
v -13.6367 -7.64811 1.69548
v -13.7636 -7.28324 0.0426473
v -13.6201 -7.32867 0.87046
v -13.6751 -7.1427 1.15583
v -13.7086 -7.24949 1.31819
v -13.708 -7.28055 1.53333
v -13.6607 -7.46213 1.72178
v -13.8457 -6.59123 -1.23201
v -13.6943 -7.02098 1.31
v -13.7345 -7.03427 1.45653
v -13.8592 -6.08965 1.03711
v -13.7347 -5.00034 -2.92965
v -13.9005 -3.53295 -0.0949347
v -13.714 -2.06048 -4.93141
v -13.8615 -1.78493 -4.61664
v -13.8832 -1.38702 -4.03722
v -13.7867 -0.955799 -3.35944
v -13.62 15.4756 -3.33322
v -13.9181 19.2702 1.49341
v -13.8088 19.1852 1.68365
v -13.6094 19.1461 1.98571
v -13.8947 20.1117 0.76408
v -13.6502 19.8726 3.0495
v -13.6758 20.6645 0.684592
v -13.7711 20.6085 3.14369
v -13.7535 21.1851 3.08995
v -13.6779 21.9127 3.10073
v -13.9234 22.1183 3.50252
v -13.6896 23.0801 1.36941
v -13.7021 22.7897 3.56758
v -13.7183 23.5658 3.77907
v -13.7619 23.8835 1.70193
v -13.6324 24.2715 3.68523
v -13.6606 24.4009 1.9002
v -13.904 24.3759 3.55884
v -13.6036 25.0618 2.64346
v -13.3098 -7.91013 -0.344345
v -13.275 -8.04911 0.439551
v -13.4378 -7.75948 0.535976
v -13.5115 -7.69431 1.60361
v -13.4144 -7.87959 1.7792
v -13.3829 -7.86041 1.96399
v -13.3709 -7.09896 -1.42323
v -13.5983 -7.55811 -0.270449
v -13.5116 -7.20536 1.13778
v -13.4896 -7.1703 1.29644
v -13.5318 -7.35508 1.52882
v -13.4676 -7.51039 1.77588
v -13.5828 -6.921 -1.32128
v -13.5403 -7.03991 1.17481
v -13.4885 -7.03949 1.33822
v -13.5968 -5.79153 1.7895
v -13.2945 -5.53416 2.29737
v -13.2963 -5.66894 2.4532
v -13.4605 -5.20045 -3.06115
v -13.5249 -3.20068 0.449062
v -13.3546 -2.38172 -5.18631
v -13.519 -2.24801 -5.0865
v -13.5787 -0.581416 -2.75077
v -13.4081 13.9459 -3.84809
v -13.31 15.1873 -2.29136
v -13.4575 15.9174 -4.93242
v -13.3084 18.0777 -4.42446
v -13.4361 17.6797 -2.83372
v -13.3022 19.2216 2.4025
v -13.4692 20.2679 2.92745
v -13.3837 20.9274 2.72829
v -13.4251 21.3118 0.6686
v -13.2846 21.7188 2.64083
v -13.4673 22.6678 3.09527
v -13.3298 23.3858 3.52486
v -13.3209 24.3358 1.5643
v -13.5346 25.0441 2.31564
v -13.4217 25.0396 2.9381
v -13.3589 25.0542 3.10564
v -12.968 -8.40533 0.373128
v -13.0508 -8.29979 2.01162
v -13.1257 -8.24145 2.16085
v -13.0858 -8.0929 -0.446633
v -13.1899 -7.95931 1.18876
v -13.2275 -8.04 1.85664
v -13.2026 -7.94714 2.00735
v -13.0103 -8.17961 2.18676
v -13.0836 -7.23699 -1.52776
v -13.1489 -6.61854 -2.20832
v -13.024 -6.01504 2.48936
v -13.0836 -6.15825 2.68457
v -13.0177 -6.14052 2.85632
v -13.1545 -5.66187 -2.87513
v -13.0019 -5.66275 2.02819
v -13.0652 -5.62084 2.21888
v -13.114 -5.66608 2.46012
v -13.1103 -5.80672 2.67473
v -12.9757 -5.08667 -3.6148
v -13.209 -5.0089 -3.43711
v -13.1375 -5.27564 -3.07354
v -13.0802 -5.36951 -2.98061
v -12.9948 -4.041 -4.42847
v -13.2177 -4.17887 -4.11048
v -13.0946 -3.30719 -4.79606
v -13.0439 -3.49176 -4.43004
v -13.044 -2.98241 -4.94311
v -13.1374 -2.48104 -5.21419
v -13.2279 -0.306773 -2.21318
v -12.9765 1.5315 -7.19954
v -13.1017 13.6297 -2.81196
v -13.236 14.4065 -5.40686
v -13.1172 17.4313 -1.78561
v -13.1118 19.1966 0.881441
v -13.0795 19.1637 0.99974
v -13.1285 19.4452 0.57563
v -13.0018 19.484 2.6788
v -12.9842 19.9892 -2.43872
v -12.9985 19.8927 0.41032
v -13.2042 21.9684 0.769572
v -13.0626 22.5273 2.57625
v -13.2508 23.7191 1.29758
v -13.0359 23.3313 3.00381
v -13.1699 24.1398 3.62164
v -13.0158 24.7139 1.5467
v -13.1032 25.0571 1.88194
v -13.0087 25.4126 2.13924
v -13.2288 24.9992 3.29103
v -12.7363 -8.58733 0.270064
v -12.795 -8.46523 1.2713
v -12.8177 -8.5758 2.0745
v -12.7878 -8.47141 2.23447
v -12.652 -7.83234 -1.5076
v -12.8275 -7.78307 -1.30165
v -12.7871 -7.84242 -1.13078
v -12.751 -8.16009 -0.548825
v -12.6848 -8.16216 2.04825
v -12.9127 -7.52961 -1.57148
v -12.9245 -7.60854 -1.28702
v -12.8775 -7.23715 2.58532
v -12.8832 -7.00696 -2.14177
v -12.9419 -7.02833 -1.66368
v -12.7499 -6.64754 2.89319
v -12.7078 -6.78217 3.15296
v -12.6594 -6.15754 -3.03859
v -12.9362 -6.04839 -2.87326
v -12.8387 -6.23474 2.70733
v -12.8 -6.32776 2.95201
v -12.7962 -6.44696 3.07364
v -12.6299 -5.60077 -3.35192
v -12.8098 -5.59418 -3.16242
v -12.8686 -5.66977 1.88244
v -12.7878 -5.74366 2.01503
v -12.8208 -5.65739 2.19564
v -12.9272 -5.9244 2.52979
v -12.9254 -5.87724 2.59662
v -12.7059 -5.27722 -3.70856
v -12.7308 -4.35626 -4.43123
v -12.9414 -2.98918 0.876082
v -12.818 -2.26382 -5.73442
v -12.8694 -1.99636 -5.7068
v -12.7022 -0.172101 -1.74908
v -12.6705 1.19788 -7.67407
v -12.8551 1.29917 -7.4915
v -12.9268 2.02527 -6.77986
v -12.759 2.57141 -6.29124
v -12.8929 12.7674 -4.41918
v -12.7356 13.2313 -5.90328
v -12.6776 13.3501 -1.81659
v -12.8847 14.9171 -1.29411
v -12.6888 17.1743 -0.786288
v -12.9432 19.0149 1.22142
v -12.7591 19.0053 1.49252
v -12.6544 19.8194 -1.37491
v -12.8988 20.2888 -3.99276
v -12.8454 20.2653 0.365697
v -12.8457 19.9644 2.55515
v -12.7099 20.6005 0.321947
v -12.7275 20.6053 2.31429
v -12.9074 22.7016 0.846416
v -12.8017 24.2332 1.16643
v -12.8006 23.9463 3.40572
v -12.9037 24.9303 3.39792
v -12.9046 25.5609 2.29393
v -12.7939 25.6007 2.50036
v -12.685 25.5679 2.63605
v -12.4665 -8.82136 1.2137
v -12.547 -8.81392 2.20401
v -12.4555 -8.40376 -0.815914
v -12.5748 -8.24139 -0.64682
v -12.4718 -8.64322 0.162195
v -12.4237 -8.70137 2.27116
v -12.5025 -8.69258 2.38503
v -12.4111 -7.87257 -1.70122
v -12.3587 -7.33152 3.20076
v -12.3609 -7.26363 3.36736
v -12.5997 -6.99897 -2.4218
v -12.5173 -6.90703 3.01069
v -12.4449 -6.83744 3.13854
v -12.542 -6.88227 3.29593
v -12.3304 -6.2749 -3.1827
v -12.6141 -6.51325 2.96246
v -12.3854 -5.44162 -3.80804
v -12.3158 -5.83227 -3.39604
v -12.5847 -5.65794 -3.23283
v -12.5979 -5.14551 2.7181
v -12.4162 -4.56532 -4.4938
v -12.3142 -2.75303 -5.80283
v -12.5836 -2.57052 -5.75501
v -12.4075 1.02282 -7.77159
v -12.5298 2.96908 -5.78762
v -12.5844 12.4293 -3.38992
v -12.2923 13.1565 -1.06956
v -12.5 14.7216 -0.547234
v -12.3121 14.6575 -0.256463
v -12.4653 16.6486 -7.60168
v -12.3052 16.9757 -0.0396367
v -12.3968 18.7832 -7.0517
v -12.4544 19.1332 1.86997
v -12.534 21.0001 0.314158
v -12.5282 21.3842 2.23192
v -12.4991 23.3817 0.798945
v -12.5992 23.2464 2.45464
v -12.5288 23.8801 2.92063
v -12.5189 24.5941 1.10893
v -12.3967 24.8752 1.18749
v -12.4338 25.3703 3.08466
v -12.5931 25.5486 1.81864
v -12.3304 25.7724 1.96358
v -12.5109 25.5455 2.9352
v -12.0996 -8.88709 -0.116873
v -12.1362 -9.02819 1.06002
v -12.1507 -9.06708 2.26217
v -12.1925 -8.93252 2.41958
v -12.1568 -8.50683 -1.04391
v -12.2505 -8.67753 0.0810298
v -12.216 -8.70632 2.10056
v -12.0975 -7.85619 -1.9562
v -12.1458 -8.11335 2.76355
v -12.0072 -7.7237 3.24742
v -12.0261 -7.67718 3.41701
v -12.1786 -7.27899 3.17788
v -12.2154 -7.20818 3.38043
v -12.265 -7.02385 -2.65221
v -12.2861 -5.79786 -3.34187
v -12.1932 -2.80395 1.14316
v -12.0321 -0.131719 -1.3599
v -12.0764 0.706662 -7.96255
v -12.1648 0.801646 -7.89513
v -12.1945 0.904256 -7.76437
v -12.212 3.19654 -5.27816
v -12.2452 11.606 -5.05126
v -12.1179 12.069 -6.4452
v -12.1597 12.1424 -2.3968
v -12.041 13.1043 -0.736106
v -12.0223 13.0548 -0.61663
v -12.2258 14.6442 -0.160824
v -12.1183 14.5151 0.223222
v -12.2242 15.119 -7.97018
v -12.1204 16.9026 0.250448
v -12.0368 16.8814 0.345257
v -12.2218 19.6009 -0.367374
v -11.9854 19.495 0.331922
v -11.9921 19.3369 0.584381
v -12.0228 19.8481 2.00453
v -12.1591 19.4205 2.11874
v -12.0848 20.897 -6.47142
v -12.1873 21.9722 -3.81705
v -12.2259 21.8565 -2.31404
v -12.266 21.5718 0.363075
v -12.2218 22.21 2.19827
v -12.1281 23.9351 0.686058
v -12.0581 23.8579 2.42788
v -12.0832 24.2896 2.95423
v -12.1093 24.5176 3.23499
v -12.2413 25.2032 1.32024
v -12.2766 24.9024 3.26579
v -12.1449 25.7972 2.25875
v -12.0581 25.8312 2.41084
v -11.6856 -9.3583 2.23087
v -11.8009 -8.98409 -0.355789
v -11.724 -9.12666 0.844586
v -11.892 -9.03736 0.958552
v -11.8662 -9.05723 2.05152
v -11.8143 -9.19896 2.23046
v -11.8488 -9.14829 2.41985
v -11.856 -8.46821 -1.32097
v -11.8933 -7.68539 3.2064
v -11.6492 -8.11384 3.39731
v -11.7444 -7.12227 -2.69884
v -11.8214 -7.63271 3.26818
v -11.8604 -7.59735 3.43151
v -11.8677 -6.53146 3.4787
v -11.8353 -6.02607 -3.35321
v -11.829 -6.38267 -3.21322
v -11.8994 -5.55841 -3.82342
v -11.8503 -5.85292 -3.48193
v -11.8273 -5.90141 -3.36249
v -11.9411 -4.69113 -4.49494
v -11.8726 -4.80907 2.88965
v -11.8779 -2.89712 -5.7724
v -11.8248 0.446963 -7.98544
v -11.7754 3.23298 -4.7739
v -11.6328 4.23949 -9.60022
v -11.746 4.43702 -9.32479
v -11.9325 11.2464 -4.02982
v -11.7742 11.9501 -1.6495
v -11.9106 12.95 -0.299091
v -11.7629 13.8957 -8.26099
v -11.7584 14.3079 0.979202
v -11.9235 16.7693 0.730766
v -11.9207 19.2693 0.656436
v -11.7921 19.2477 0.833392
v -11.8635 19.8517 0.237522
v -11.8384 19.4127 0.382393
v -11.6562 19.3342 0.672911
v -11.7182 20.1759 0.217988
v -11.8965 20.3957 1.79811
v -11.8832 21.8319 -1.21765
v -11.9462 22.2314 0.40476
v -11.776 22.9883 2.11647
v -11.9325 24.285 0.587156
v -11.7749 24.5705 0.581426
v -11.9523 25.5519 1.41498
v -11.7558 25.7318 1.612
v -11.6365 25.7907 1.81226
v -11.9262 25.7847 2.59998
v -11.9247 25.5275 2.88885
v -11.511 -9.33759 0.647641
v -11.4041 -9.36548 2.04699
v -11.4425 -9.37185 2.16298
v -11.51 -8.9335 -0.655191
v -11.3745 -9.27181 1.80121
v -11.4069 -9.27595 2.03264
v -11.4036 -9.23033 2.22861
v -11.5454 -9.2112 2.38458
v -11.399 -8.51593 -1.38563
v -11.6134 -8.68718 2.81163
v -11.5854 -7.93395 -2.01807
v -11.553 -8.08746 3.25594
v -11.4898 -7.95796 3.36647
v -11.544 -8.02388 3.52889
v -11.3297 -2.5587 1.21525
v -11.3547 0.153445 -7.8987
v -11.4264 4.1962 -9.80559
v -11.608 4.98762 -9.02213
v -11.3408 5.61519 -8.67225
v -11.4066 10.5609 -5.74678
v -11.3158 10.9955 -7.01721
v -11.5065 10.9524 -3.03927
v -11.5174 11.892 -1.28484
v -11.391 11.7428 -0.876032
v -11.5514 12.7409 0.456719
v -11.5626 16.5651 1.48702
v -11.4564 19.2136 1.15434
v -11.5755 19.3049 0.766631
v -11.5013 19.4268 1.14644
v -11.5003 20.6372 0.207883
v -11.6216 21.0769 1.75948
v -11.4462 21.6982 -0.189463
v -11.4782 22.3795 -6.0662
v -11.611 22.8845 0.390357
v -11.3435 23.4239 0.307525
v -11.5897 24.3481 2.6654
v -11.3419 24.7566 2.9366
v -11.524 24.946 0.726602
v -11.5485 25.7682 1.96174
v -11.3467 25.7577 2.2458
v -11.2312 -22.433 -1.04763
v -11.1212 -21.4083 -1.69602
v -11.2898 -9.37757 0.454913
v -11.059 -9.45607 1.58157
v -11.1416 -9.33449 1.65568
v -11.254 -9.38119 2.06454
v -11.2474 -9.35332 2.21977
v -11.2478 -8.86373 -0.817055
v -11.0138 -9.31717 0.131277
v -11.2052 -9.24946 1.71067
v -11.2738 -9.27063 2.05098
v -11.2595 -9.2124 2.20666
v -11.1195 -9.11256 2.71809
v -11.1743 -8.44784 3.25416
v -11.14 -8.42796 3.38562
v -11.136 -8.41204 3.52697
v -11.1273 -7.3694 3.63994
v -11.0555 -6.25748 -3.12806
v -11.2886 -6.02416 3.61214
v -11.132 -5.6027 -3.6682
v -11.0977 -5.88745 -3.33806
v -11.0886 -5.9324 -3.22261
v -11.1917 -4.75309 -4.31833
v -11.0785 -4.32091 2.78461
v -11.1824 -2.9552 -5.5827
v -11.2501 -0.141925 -1.04591
v -11.2414 3.11068 -4.26693
v -11.1074 3.9744 -9.88472
v -11.0657 6.04817 -8.25464
v -11.0849 10.182 -4.73496
v -11.1213 10.7612 -2.29156
v -11.0275 11.53 -0.111476
v -11.2236 12.6734 -8.55346
v -11.1473 14.042 2.06942
v -10.9889 16.2957 2.50992
v -11.0944 19.0131 1.91104
v -11.0888 19.6787 0.219168
v -11.0507 19.6406 0.347332
v -11.0914 19.5551 0.565334
v -11.2682 19.7049 1.30313
v -11.1379 20.054 1.24027
v -11.0109 20.4677 1.12189
v -11.1915 21.2393 0.2338
v -11.0638 21.548 0.571443
v -11.2626 21.8311 1.77689
v -11.1495 23.2711 -3.87306
v -11.09 23.3576 -2.47454
v -11.2185 23.7361 0.162452
v -11.2932 23.6506 2.13377
v -11.0942 23.9894 0.110515
v -11.2601 25.2951 0.946754
v -11.2999 25.1808 2.84599
v -11.0658 25.4758 1.18188
v -11.2508 25.578 2.51701
v -10.6896 -23.4724 -2.44467
v -10.7804 -23.444 -1.87649
v -10.6786 -23.5145 -1.33482
v -10.7167 -23.3012 -1.90638
v -10.8298 -23.2427 -0.840598
v -10.6816 -22.9629 0.758601
v -10.8698 -22.5659 -3.10739
v -10.7996 -22.3734 0.353862
v -10.7529 -22.494 0.652883
v -10.6703 -22.5618 0.892075
v -10.7507 -21.6689 -0.405382
v -10.7836 -21.8228 -0.1582
v -10.748 -21.8553 0.0718493
v -10.7687 -22.0208 0.298768
v -10.7268 -22.0716 0.531265
v -10.9551 -21.4907 -3.67645
v -10.6749 -21.4056 -0.879724
v -10.714 -21.5273 -0.649778
v -10.6511 -21.5725 -0.188275
v -10.6864 -9.59022 1.26733
v -10.9018 -9.5546 1.47011
v -10.6909 -8.80861 -0.937797
v -10.7825 -9.13584 -0.330496
v -10.7684 -9.23868 2.49672
v -10.8613 -8.80372 3.22775
v -10.8111 -8.81953 3.39256
v -10.7347 -8.23836 -1.65227
v -10.7894 -8.68823 3.21182
v -10.7021 -8.69325 3.39301
v -10.8945 -7.32379 -2.43863
v -10.6981 -6.72674 3.7728
v -10.7173 -5.35004 3.48892
v -10.7231 0.150396 -7.72993
v -10.7697 3.53385 -10.0588
v -10.9266 3.75293 -10.0254
v -10.8313 5.73187 -10.5697
v -10.9307 5.90273 -10.3175
v -10.7658 6.25463 -7.77339
v -10.6889 6.43762 -10.1171
v -10.656 9.88148 -3.74759
v -10.8701 10.7231 -1.95425
v -10.8513 10.667 -1.8366
v -10.7336 10.5516 -1.50908
v -10.9092 12.4606 1.60875
v -10.6498 15.8124 -10.4975
v -10.8923 17.3728 -10.2426
v -10.897 19.4958 -9.65121
v -10.9477 19.605 0.376641
v -10.7706 19.7689 0.511105
v -10.8496 20.0451 0.169868
v -10.6818 19.9041 0.2933
v -10.7816 20.9594 1.10644
v -10.6877 21.5343 -8.91552
v -10.8349 21.451 0.905751
v -10.806 21.4377 1.02715
v -10.6819 21.3706 1.34863
v -10.9394 21.7324 0.253806
v -10.6969 22.2307 0.254404
v -10.8829 22.5816 1.75342
v -10.6902 23.4046 -5.74175
v -10.7309 23.4713 -1.34919
v -10.8588 24.1379 2.41751
v -10.8325 24.3716 0.285778
v -10.9441 25.5361 1.38026
v -10.8698 25.5207 1.53879
v -10.6549 25.5063 1.81502
v -10.4441 -23.4848 -3.35332
v -10.4011 -23.7987 -2.35203
v -10.5149 -23.7507 -1.73953
v -10.549 -23.5641 -1.33083
v -10.3472 -23.6816 -0.498035
v -10.363 -23.6819 0.664513
v -10.4647 -23.5093 0.753731
v -10.3761 -23.4613 1.05051
v -10.5516 -23.3089 -2.48135
v -10.5622 -23.2614 -1.95741
v -10.4657 -23.3315 -1.4433
v -10.5553 -23.1439 0.395599
v -10.3785 -23.0547 0.633456
v -10.4961 -23.127 0.826081
v -10.5244 -23.0895 1.0555
v -10.5158 -22.471 0.389201
v -10.4342 -22.5206 0.612025
v -10.3666 -22.6931 0.806498
v -10.4651 -21.7569 -0.488171
v -10.4974 -21.9079 -0.245674
v -10.4613 -21.9375 -0.0198397
v -10.481 -22.0947 0.195947
v -10.4387 -22.1399 0.421527
v -10.3605 -21.6408 -5.61943
v -10.37 -21.4127 -1.67884
v -10.4431 -21.2512 -1.50814
v -10.4728 -21.2404 -1.29589
v -10.4656 -21.3391 -1.06706
v -10.4797 -21.4097 -0.811096
v -10.4509 -21.4102 -0.596064
v -10.5188 -21.5119 -0.342847
v -10.3652 -20.2435 -4.92511
v -10.4278 -9.52469 0.92174
v -10.4416 -9.41458 2.28401
v -10.5475 -9.30114 2.33622
v -10.6266 -9.22157 2.37668
v -10.3298 -9.03837 2.91535
v -10.4757 -8.92787 3.15296
v -10.3784 -8.96245 3.30279
v -10.5737 -7.90567 3.69043
v -10.3382 -5.93391 3.69898
v -10.3625 -4.73938 -4.02727
v -10.3568 -3.98154 2.61358
v -10.4122 -2.93775 -5.28402
v -10.5546 -2.41464 1.19403
v -10.5433 -0.205041 -0.859198
v -10.6288 2.86181 -3.75051
v -10.4823 3.13398 -9.93122
v -10.4679 5.61755 -10.8558
v -10.4201 6.20597 -7.23352
v -10.3198 6.48028 -10.8915
v -10.4798 6.45129 -10.6294
v -10.3565 10.3303 -0.717901
v -10.3582 11.232 1.10124
v -10.5035 11.4638 -8.78233
v -10.5503 18.7311 2.87859
v -10.5518 20.0473 0.185256
v -10.4862 20.0811 0.321132
v -10.5374 20.166 0.575355
v -10.4451 20.5089 0.207808
v -10.3904 20.4223 0.323667
v -10.3381 20.6155 0.544784
v -10.328 21.027 0.240889
v -10.5061 21.4981 1.12829
v -10.3185 21.1741 2.10575
v -10.4483 22.809 0.157592
v -10.5096 23.2183 1.79564
v -10.5464 24.7411 0.547166
v -10.5471 24.5664 2.63689
v -10.3541 24.9183 0.774477
v -10.5258 25.3487 2.09681
v -10.4595 25.0098 2.45041
v -10.0177 -24.1164 -1.27398
v -10.1829 -23.98 -0.738457
v -10.0779 -23.9389 0.178111
v -10.1518 -23.9318 0.366179
v -9.9912 -24.0102 0.603792
v -10.0692 -23.9314 0.728132
v -10.1231 -23.5525 -4.4132
v -10.0669 -23.5829 -4.391
v -10.2244 -23.6037 -3.30714
v -10.3023 -23.423 -2.83828
v -10.2048 -23.6996 -0.569708
v -10.0515 -23.8046 -0.0315497
v -10.0547 -23.8774 0.0526373
v -10.0328 -23.7465 0.439281
v -10.1997 -23.6444 0.573346
v -10.1329 -23.6398 0.883452
v -10.3025 -23.5972 0.997191
v -10.2873 -23.3137 0.661899
v -10.223 -23.1763 0.92961
v -10.1116 -22.75 -5.2271
v -9.99324 -22.4787 1.00568
v -10.0343 -21.4881 -1.90702
v -10.2072 -21.4059 -1.76768
v -10.1429 -21.4089 -1.48458
v -10.2513 -21.3304 -1.30374
v -10.2298 -21.274 -1.03227
v -10.2897 -21.3973 -0.745407
v -10.0185 -20.3364 -6.32121
v -10.304 -20.201 -3.31761
v -10.1534 -9.34822 0.404581
v -10.0671 -9.54233 1.96781
v -10.2768 -9.50829 2.17791
v -10.107 -9.06163 2.73092
v -10.1327 -9.01859 2.91375
v -10.1704 -9.02859 3.10271
v -10.1854 -8.21758 3.65696
v -10.1935 -7.20471 3.8272
v -10.2414 -6.00986 -2.96673
v -10.1519 -6.45293 -2.75872
v -10.2843 -5.56766 -3.40081
v -10.2656 -5.84468 -3.08701
v -10.2714 -5.88829 -2.97873
v -10.0764 -5.4176 3.53468
v -10.1775 -4.87252 3.31215
v -10.0558 -2.52124 1.16628
v -10.0977 -0.327832 -0.848541
v -10.0195 0.236009 -7.47221
v -10.06 2.61512 -3.39293
v -10.0614 5.19192 -11.0287
v -10.1416 5.29041 -10.971
v -10.2075 5.40079 -10.8429
v -10.0384 5.94463 -6.63978
v -10.0721 6.46399 -11.1128
v -10.1434 6.95987 -10.6178
v -10.2946 7.05976 -9.88435
v -10.3165 9.73094 -6.50922
v -10.2714 9.69143 -2.99929
v -10.0186 9.64471 -2.62958
v -10.258 10.0869 -7.60601
v -10.2805 13.7667 3.39042
v -10.2531 14.5306 -10.5736
v -10.2338 16.0099 3.62874
v -10.2607 20.3908 0.347283
v -10.1308 20.7831 0.243184
v -10.13 20.8072 0.347687
v -10.1818 20.9357 0.545835
v -10.166 21.3468 0.251448
v -10.1163 20.9769 0.375115
v -10.015 21.2651 0.556728
v -10.0079 21.6687 0.254224
v -10.2412 22.0425 1.12894
v -10.2136 22.8512 -8.26229
v -10.2792 23.2083 0.0549323
v -10.2892 23.4199 -0.3011
v -10.071 23.5404 0.165561
v -10.1534 23.6426 2.0274
v -10.2469 24.969 0.950942
v -10.1931 24.9621 1.10653
v -9.99041 24.9331 1.34441
v -9.84698 -23.9458 -4.2842
v -9.82817 -24.2247 -2.06137
v -9.76736 -23.9564 -0.0441197
v -9.7511 -23.9917 0.143306
v -9.78365 -24.0017 0.361609
v -9.78916 -23.9075 0.543499
v -9.92012 -23.4296 -4.35212
v -9.76369 -23.8744 -0.139134
v -9.78204 -23.7829 0.162639
v -9.93107 -23.8233 0.314882
v -9.84593 -23.8502 0.633981
v -9.94386 -23.7222 0.759717
v -9.79351 -23.5449 1.16302
v -9.90379 -23.1262 1.09008
v -9.8932 -21.5339 -1.65177
v -9.96223 -21.4345 -1.57263
v -9.74646 -21.5507 0.544682
v -9.67962 -20.2229 -1.80853
v -9.82514 -9.47848 1.60586
v -9.88767 -9.04963 -0.308431
v -9.88246 -9.09911 2.74312
v -9.93387 -9.08955 2.91779
v -9.7777 -8.47398 -1.14859
v -9.73985 -8.44537 3.35316
v -9.92613 -8.37562 3.55544
v -9.94629 -7.44865 -2.05874
v -9.80224 -7.50005 3.79634
v -9.90667 -6.35824 3.77351
v -9.73318 -5.54405 3.57338
v -9.70793 -4.92438 3.26405
v -9.84492 -4.06239 2.55988
v -9.74896 -2.85874 -4.92481
v -9.73827 -2.71832 1.11525
v -9.82371 -0.468288 -0.925262
v -9.67742 2.486 -3.35264
v -9.73053 3.10265 -9.7492
v -9.85456 4.67038 -10.93
v -9.95695 5.00267 -11.0234
v -9.82492 6.27463 -11.1981
v -9.67713 6.12086 -11.129
v -9.74779 7.1512 -10.9699
v -9.93304 7.49377 -9.54103
v -9.97788 9.33706 -5.50983
v -9.87919 9.47931 -2.20771
v -9.94916 12.142 3.11525
v -9.81988 13.2392 -10.613
v -9.88381 18.4076 3.83133
v -9.98315 20.9263 0.358221
v -9.78834 20.8786 3.05033
v -9.85065 21.3541 0.34688
v -9.86525 21.9767 0.238506
v -9.6948 21.7917 0.371882
v -9.77149 21.7546 0.565686
v -9.74945 22.2535 0.195133
v -9.98723 22.5192 1.16462
v -9.66829 23.1949 0.832278
v -9.73688 22.8612 1.29914
v -9.90934 23.3079 0.471853
v -9.73637 23.2399 0.771996
v -9.86511 24.142 -5.38966
v -9.79894 24.3239 -4.11923
v -9.79268 23.9014 0.405167
v -9.67996 23.9999 0.644761
v -9.67393 24.0048 0.734352
v -9.89063 24.0072 2.17769
v -9.88109 24.7789 1.6082
v -9.82025 24.4348 1.96253
v -9.37588 -24.4687 -0.688734
v -9.3553 -24.0569 -5.25456
v -9.63236 -24.3 -3.03647
v -9.4457 -24.0162 -2.48947
v -9.62981 -24.2697 0.0110573
v -9.63106 -23.9375 0.784525
v -9.59358 -23.6845 -5.39472
v -9.45102 -23.5361 -5.30194
v -9.45296 -23.6239 -4.95173
v -9.62267 -23.8321 0.123982
v -9.57258 -23.7806 1.13854
v -9.3685 -22.9183 -6.71059
v -9.61865 -21.8045 -6.88406
v -9.41897 -20.4656 -7.19609
v -9.47157 -18.8602 -6.89232
v -9.60511 -18.8179 -6.03492
v -9.39167 -18.7675 -4.84302
v -9.5356 -9.29905 1.03265
v -9.49153 -9.24655 2.50742
v -9.52829 -8.53093 3.17245
v -9.34151 -7.76449 3.41715
v -9.46861 -7.68819 3.62825
v -9.51709 -6.63652 3.74513
v -9.40173 -6.33194 -2.43831
v -9.55791 -5.45319 -3.07424
v -9.55651 -5.72741 -2.78018
v -9.55299 -5.83063 -2.67269
v -9.34898 -5.80762 3.54728
v -9.33195 -5.17848 3.23901
v -9.64934 -4.64459 -3.67986
v -9.48904 -4.2996 2.52879
v -9.33391 -3.19436 0.7751
v -9.3658 -3.12609 0.683921
v -9.37294 -2.9912 0.867809
v -9.5171 -2.84938 1.03202
v -9.47832 -1.6459 -0.586065
v -9.39711 -1.15894 -0.925112
v -9.36668 -1.39986 -0.620626
v -9.35525 -0.351695 -1.67536
v -9.49511 -0.763795 -1.1963
v -9.57735 -0.62974 -1.04599
v -9.42442 0.326627 -7.12951
v -9.43289 2.40602 -3.45294
v -9.60285 4.4663 -10.8089
v -9.38347 5.54924 -11.2947
v -9.62904 5.51453 -5.99654
v -9.59378 6.00949 -11.2808
v -9.48235 7.13818 -11.1899
v -9.63352 7.52863 -10.4717
v -9.61351 7.69013 -9.08386
v -9.3401 7.6044 -8.50987
v -9.54335 9.03155 -4.52659
v -9.48796 9.24968 -1.38983
v -9.48829 10.2804 -8.8875
v -9.65816 10.0264 0.557072
v -9.57444 21.9273 0.243693
v -9.56379 21.918 0.362485
v -9.49007 22.366 0.199869
v -9.40925 22.3235 0.356856
v -9.45457 22.3356 0.620966
v -9.49061 22.7945 0.188626
v -9.3914 23.0963 0.3515
v -9.65788 23.2082 0.932767
v -9.5334 23.1611 1.31529
v -9.54781 23.7476 -7.46768
v -9.45286 23.5314 1.23252
v -9.64485 24.0015 0.691379
v -9.5353 23.9657 0.802559
v -9.45358 23.8242 1.00907
v -9.54264 24.5634 -2.91801
v -9.09717 -24.6422 -1.64446
v -9.10632 -23.9083 -6.18842
v -9.32645 -24.3778 -4.06637
v -9.31345 -24.1596 -0.234041
v -9.12099 -24.1466 0.828021
v -9.07928 -24.1065 0.99176
v -9.10715 -23.7329 -6.20653
v -9.24428 -23.8548 1.38091
v -9.29588 -23.5831 1.49642
v -9.30035 -23.1892 1.46259
v -9.32392 -22.5712 1.4037
v -9.05078 -21.6597 0.985452
v -9.0243 -18.9542 -7.42889
v -9.10608 -17.2361 -6.89266
v -9.17998 -17.2079 -6.18743
v -9.18004 -8.98733 0.197621
v -9.26287 -9.19088 2.13523
v -9.00986 -8.71891 2.84391
v -9.21181 -8.67878 3.05986
v -9.16272 -7.83962 3.30611
v -9.15447 -7.3473 -1.71906
v -9.02883 -6.96906 3.26905
v -9.06796 -6.92451 3.37016
v -9.18591 -6.82453 3.5806
v -9.00727 -5.51479 -2.39065
v -9.04166 -5.56512 -2.30498
v -9.09256 -5.95365 3.45338
v -9.0796 -5.32292 3.14829
v -9.09063 -4.44798 -3.25326
v -9.0714 -4.56041 1.98582
v -9.09045 -4.57992 2.25957
v -9.24657 -4.44089 2.44144
v -9.01573 -4.05129 1.75832
v -9.07542 -3.27929 0.62972
v -9.15367 -3.30499 0.816538
v -9.16012 -3.44773 1.18399
v -9.22565 -2.69616 -4.48678
v -9.0331 -2.85388 0.403597
v -9.26069 -2.7735 0.585737
v -9.29589 -3.0928 0.758698
v -9.30779 -2.07468 0.00380233
v -9.1138 -1.97908 -0.309302
v -9.26828 -1.36587 -0.743617
v -9.23122 -0.425941 -1.61224
v -9.09698 -0.63757 -1.53465
v -9.09841 2.06995 -3.74307
v -9.20272 2.22421 -3.60086
v -9.0425 3.28188 -9.55734
v -9.05568 4.64734 -10.7175
v -9.26259 5.09086 -11.0716
v -9.2261 5.1353 -5.53488
v -9.1112 6.78223 -11.2764
v -9.32119 7.04677 -11.2884
v -9.10552 7.29399 -7.85234
v -9.18372 7.70178 -10.8474
v -9.1823 7.93427 -10.1836
v -9.09959 9.10189 -7.28065
v -9.15976 8.84253 -3.77747
v -9.30861 9.47142 -7.87703
v -9.32885 10.8666 2.76578
v -9.21188 11.8844 -10.4925
v -9.00453 19.9149 -11.1589
v -9.16381 20.5146 3.93424
v -9.29573 22.5497 0.210414
v -9.28649 22.5264 0.343802
v -9.29097 23.0371 0.403693
v -9.28684 22.9567 0.607122
v -9.16299 22.9593 2.01164
v -9.15882 24.7355 -1.78922
v -8.80665 -24.4938 -5.01819
v -8.88062 -24.7448 -2.70164
v -8.7001 -24.6657 -0.190233
v -8.76425 -23.9814 -6.66132
v -8.85695 -24.1611 -6.058
v -8.99116 -24.2234 0.579767
v -8.68937 -24.2071 1.33416
v -8.7619 -24.0122 1.4829
v -8.68257 -23.9464 1.85913
v -8.76367 -23.799 -6.63189
v -8.98704 -23.638 -6.0701
v -8.81934 -23.7639 1.60342
v -8.84209 -23.575 1.68155
v -8.72864 -23.617 1.95946
v -8.83098 -23.058 1.60319
v -8.84808 -23.1535 1.68242
v -8.72854 -23.0548 1.94116
v -8.79823 -22.562 1.50896
v -8.68526 -22.6045 1.82251
v -8.70193 -22.1828 1.29936
v -8.84802 -20.2907 -0.658073
v -8.79798 -18.6491 -3.30295
v -8.68946 -17.3231 -7.3647
v -8.99623 -17.0643 -5.20288
v -8.88116 -15.3607 -6.629
v -8.97183 -15.3223 -5.89136
v -8.88604 -15.1145 -4.99283
v -8.80327 -14.51 -3.96869
v -8.75593 -13.1308 -6.40814
v -8.86272 -13.0697 -5.65541
v -8.82947 -12.9411 -4.8085
v -8.88578 -12.6291 -3.92076
v -8.81919 -12.3517 -3.18765
v -8.73498 -11.0985 -5.49473
v -8.76437 -11.0889 -4.67898
v -8.89869 -11.1676 -3.84338
v -8.89636 -11.2853 -3.15724
v -8.90432 -10.5421 -3.17264
v -8.85321 -10.3055 -3.83086
v -8.71612 -10.1889 -3.30587
v -8.97828 -9.01604 1.53212
v -8.98497 -8.3947 -0.759032
v -8.78997 -8.67757 2.46793
v -8.82845 -7.96058 3.20514
v -8.81914 -7.01473 3.25821
v -8.79601 -5.97432 -7.02342
v -8.82351 -6.04249 -5.96086
v -8.86433 -6.13457 -4.84076
v -8.8219 -6.09469 -2.03947
v -8.84224 -6.15695 3.11562
v -8.95076 -6.03796 3.32291
v -8.97695 -5.6717 -2.27585
v -8.80102 -5.56688 2.79005
v -8.91915 -5.45507 2.95557
v -8.99188 -5.23883 -2.6634
v -8.69955 -5.24383 -1.81939
v -8.83091 -5.03602 2.46984
v -8.73229 -4.38032 1.79611
v -8.82264 -4.74378 2.28807
v -8.72479 -4.12918 -2.72428
v -8.83831 -3.42723 0.474834
v -8.79246 -3.52217 0.588658
v -8.90701 -3.63385 1.08679
v -8.7854 -3.04125 0.271662
v -8.87605 -2.42828 -3.95081
v -8.85841 -2.26896 -0.356068
v -8.70552 -1.70503 -7.2325
v -8.71388 -1.73967 -6.07902
v -8.72914 -1.78505 -4.86239
v -8.71991 -1.01288 -1.75714
v -8.91923 -0.809038 -1.6149
v -8.9619 0.446762 -6.68965
v -8.677 1.79946 -3.79472
v -8.80989 1.9439 -3.73084
v -8.93349 2.02186 -3.70342
v -8.8908 5.00241 -5.48079
v -8.80763 5.43628 -11.098
v -8.82766 6.36405 -11.4208
v -8.75823 5.99505 -11.3211
v -8.92273 6.57373 -11.4286
v -8.90277 6.81669 -7.1414
v -8.73329 7.5939 -11.159
v -8.90153 7.68927 -11.0622
v -8.68948 8.09568 -10.5697
v -8.82921 8.11834 -9.74244
v -8.76598 8.62954 -2.98262
v -8.73792 8.69707 -6.29563
v -8.97508 8.79797 -3.47996
v -8.89167 8.80195 -3.37821
v -8.76616 8.9437 -0.0606657
v -8.7114 15.671 4.85461
v -8.79047 16.2158 -11.9477
v -8.98777 17.7938 -11.7568
v -8.85371 21.9213 -10.3655
v -8.78607 24.5216 -6.29736
v -8.70926 24.7156 -0.736424
v -8.57516 -24.8283 -3.76615
v -8.3574 -24.8735 -1.17394
v -8.36531 -24.506 1.1133
v -8.43355 -24.4886 1.27702
v -8.49687 -24.2245 -6.58293
v -8.56598 -24.2227 -4.60084
v -8.55242 -24.3874 -2.14597
v -8.66733 -24.3455 0.00763433
v -8.49494 -24.1896 0.865485
v -8.4549 -24.2219 1.12381
v -8.46266 -24.1613 1.2587
v -8.5163 -24.1522 1.48714
v -8.50505 -24.0827 1.71099
v -8.66059 -23.7078 -6.52141
v -8.46419 -23.769 1.37106
v -8.54941 -23.6748 1.54428
v -8.41114 -23.6074 1.80496
v -8.47926 -23.079 -7.65253
v -8.46354 -23.0632 1.34682
v -8.55011 -23.2005 1.53362
v -8.44398 -23.1209 1.80791
v -8.45275 -22.4007 1.25617
v -8.4851 -22.666 1.50171
v -8.52217 -22.53 1.70232
v -8.66113 -21.9918 -7.6416
v -8.53789 -21.7904 0.89182
v -8.48463 -21.8949 1.09353
v -8.49979 -21.9213 1.35402
v -8.58018 -22.1357 1.55445
v -8.35313 -21.4326 0.435498
v -8.4453 -21.6042 0.662909
v -8.53741 -20.6401 -7.72293
v -8.63994 -16.6307 -3.89288
v -8.4345 -15.4568 -7.1705
v -8.59991 -13.9333 -3.10149
v -8.4172 -12.3269 -2.80463
v -8.59218 -11.1764 -6.24973
v -8.51578 -11.3922 -2.78987
v -8.54157 -10.6886 -2.81457
v -8.47096 -10.057 -5.42447
v -8.62862 -10.1026 -4.63341
v -8.65478 -9.90908 -3.79378
v -8.45308 -10.1836 -3.04384
v -8.35788 -9.71309 -4.5787
v -8.60166 -8.69627 0.635816
v -8.52286 -8.5273 1.88519
v -8.38322 -8.10281 -0.369976
v -8.41337 -7.98569 2.61641
v -8.62816 -8.00789 2.99057
v -8.55393 -7.07919 -1.33037
v -8.34775 -7.15739 2.95664
v -8.54685 -7.10101 3.16699
v -8.56383 -5.97516 -3.43425
v -8.38724 -6.27813 2.98716
v -8.57282 -6.21198 3.07325
v -8.40969 -5.6341 -8.22218
v -8.44976 -5.73922 -1.52188
v -8.47386 -5.62305 2.7393
v -8.62521 -4.90446 -2.14289
v -8.65475 -5.18622 -1.89132
v -8.62346 -5.33943 -1.77701
v -8.42665 -4.91441 -1.18549
v -8.50856 -5.07458 2.29991
v -8.6464 -5.13283 2.48456
v -8.41811 -4.4749 -1.53259
v -8.48343 -4.79774 -1.27157
v -8.40169 -4.30931 -0.615208
v -8.48891 -4.40877 1.49136
v -8.514 -3.71376 -2.1119
v -8.43988 -3.87012 -0.0437717
v -8.38553 -3.97257 0.0581843
v -8.41521 -3.91514 0.655638
v -8.66044 -3.7554 0.887969
v -8.42028 -3.22614 -1.43603
v -8.36995 -3.52123 -0.262991
v -8.54282 -3.23707 0.0806683
v -8.5892 -3.63276 0.32119
v -8.45196 -2.78296 -0.851847
v -8.66582 -2.079 -3.3328
v -8.61736 -2.5004 -0.514795
v -8.56105 -1.67127 -2.64887
v -8.35506 -1.44282 -3.46989
v -8.57501 -1.28767 -2.06695
v -8.65728 0.620539 -6.13859
v -8.47954 0.828433 -5.48833
v -8.39873 1.05135 -4.7497
v -8.41407 1.29699 -4.13786
v -8.52642 1.56557 -3.87427
v -8.47633 3.40835 -9.25051
v -8.37211 4.65035 -5.87462
v -8.41063 4.95739 -10.5708
v -8.38802 4.70694 -5.81558
v -8.50972 4.87673 -5.66786
v -8.38059 6.28335 -6.56882
v -8.43133 6.86601 -7.16482
v -8.67234 6.40958 -6.62895
v -8.532 7.33444 -11.2057
v -8.53718 7.28925 -11.1183
v -8.44925 7.27715 -7.68007
v -8.60688 8.02686 -9.13815
v -8.48863 7.72559 -8.432
v -8.39373 8.08205 -10.7761
v -8.36879 8.39625 -2.15576
v -8.49561 9.2912 -8.69237
v -8.57781 9.66277 2.33647
v -8.63289 13.4492 4.78626
v -8.48643 14.9058 -11.9214
v -8.50617 18.0359 4.89003
v -8.64057 22.6516 2.95228
v -8.5109 23.1597 -9.60516
v -8.24435 -24.5964 -5.86259
v -8.0297 -24.9446 -4.74387
v -8.03418 -25.0242 -2.27735
v -8.25898 -24.5743 0.863981
v -8.30607 -24.4743 0.969637
v -8.30371 -24.0195 -6.99752
v -8.14703 -24.3046 -6.892
v -8.12141 -24.3694 0.165417
v -8.1891 -24.2215 0.679901
v -8.21497 -24.2705 0.854618
v -8.22084 -24.1941 1.06499
v -8.20122 -24.34 1.29902
v -8.31213 -24.2319 1.52618
v -8.31742 -24.0042 1.6772
v -8.22141 -23.8583 -6.8297
v -8.30457 -22.2537 1.44442
v -8.33208 -22.7554 1.71689
v -8.17962 -21.7459 0.57754
v -8.16379 -21.858 0.86842
v -8.20475 -21.856 1.07543
v -8.12884 -21.9534 1.28413
v -8.2266 -21.2275 0.124273
v -8.10918 -21.3914 0.396569
v -8.21929 -21.3577 0.660591
v -8.31362 -21.5334 0.893345
v -8.05807 -21.0868 -0.285984
v -8.12264 -21.098 -0.130173
v -8.04475 -21.0816 0.231506
v -8.16509 -20.3857 -0.126465
v -8.26959 -19.068 -7.79229
v -8.06527 -18.5606 -1.96446
v -8.01915 -17.3199 -7.74544
v -8.16558 -16.2222 -2.73634
v -8.15232 -13.8088 -2.67376
v -8.27946 -13.2403 -7.01333
v -8.11761 -11.3025 -6.90306
v -8.05691 -11.474 -2.67293
v -8.08368 -10.7774 -2.69504
v -8.25168 -10.1273 -6.17341
v -8.07941 -9.64989 -5.35368
v -8.20883 -9.84465 -3.64277
v -8.25212 -8.826 -4.8621
v -8.05286 -8.82598 -3.51538
v -8.20256 -8.64795 -6.92042
v -8.22399 -8.72443 -5.91375
v -8.17681 -8.24243 1.05759
v -8.17683 -7.86059 2.08471
v -8.13577 -7.1577 2.58958
v -8.17147 -6.69484 -0.811271
v -8.18951 -6.34326 2.78293
v -8.18532 -5.72738 2.50014
v -8.24755 -5.27413 -0.919462
v -8.08172 -5.19384 1.74807
v -8.30115 -5.13833 2.0787
v -8.34493 -4.41835 -0.521021
v -8.17693 -4.70812 -0.267943
v -8.05711 -4.78917 0.806462
v -8.24828 -4.49742 1.1783
v -8.3307 -3.97375 -0.853404
v -8.23359 -4.20252 0.300446
v -8.31055 -1.28528 -8.43289
v -8.32521 2.73025 -7.50431
v -8.31909 2.71468 -6.25177
v -8.31477 2.69608 -4.94039
v -8.05904 3.5046 -8.81784
v -8.18545 4.56305 -5.83613
v -8.2215 5.88185 -10.974
v -8.11408 6.25942 -6.70211
v -8.20707 6.69033 -11.2472
v -8.17672 6.90142 -7.23225
v -8.32753 7.09997 -11.3002
v -8.06375 7.44468 -7.98527
v -8.12352 7.79805 -10.8578
v -8.04 7.88317 -8.76226
v -8.31773 8.27366 -10.1234
v -8.1132 8.18033 -9.49688
v -8.29569 8.38792 -5.31717
v -8.27692 10.4146 -10.0949
v -8.22585 11.7957 4.68295
v -8.16658 13.5862 -11.8597
v -8.03936 22.2512 3.82437
v -8.33222 24.615 0.0413893
v -8.12729 24.5088 0.387085
v -8.08846 24.5146 0.505323
v -8.24474 25.0457 -4.81453
v -7.81095 -24.6344 -6.57029
v -7.87486 -24.5789 -1.89282
v -7.97077 -24.7936 0.177139
v -7.74984 -24.4797 0.325988
v -7.89229 -24.3808 -6.21773
v -7.93563 -24.2802 0.164032
v -7.72687 -24.3477 1.48551
v -7.89186 -24.0959 1.87466
v -8.00941 -23.9048 -7.60965
v -7.93416 -23.6293 1.97747
v -7.87919 -22.8287 1.93116
v -7.87267 -21.4697 -0.720046
v -7.86947 -21.3033 -0.54986
v -7.84798 -21.3417 -0.34382
v -7.85686 -21.2649 -0.123348
v -7.89774 -21.3384 0.160681
v -7.86839 -21.3556 0.365412
v -7.95578 -21.5034 0.580566
v -7.76022 -21.0525 -0.45447
v -7.81243 -20.9948 -0.330618
v -7.88358 -20.9577 -0.160521
v -7.96535 -20.9932 0.0375043
v -7.80833 -15.391 -7.65045
v -7.69334 -13.8897 -2.55712
v -7.83893 -12.4234 -2.72238
v -7.69332 -11.5387 -2.89429
v -7.76644 -11.5257 -2.71864
v -7.72698 -10.8914 -2.89821
v -7.79617 -10.8503 -2.73296
v -7.84222 -10.272 -6.8496
v -7.75736 -9.94878 -3.50731
v -7.88372 -10.3253 -2.9387
v -7.78759 -9.70525 -6.09497
v -7.88784 -9.65096 -4.42181
v -7.91543 -8.43696 -8.10242
v -7.98779 -7.68584 0.121251
v -7.79206 -7.07927 0.617678
v -7.91003 -7.5997 1.40213
v -7.80036 -6.74116 1.60669
v -7.94321 -7.03987 2.121
v -7.9821 -6.15667 -0.235082
v -7.78403 -6.22136 1.01887
v -7.82382 -6.01656 1.81111
v -7.89839 -6.44597 2.11933
v -7.97909 -6.36448 2.42633
v -7.95794 -5.43021 0.321227
v -7.89651 -5.47554 1.37539
v -7.97458 -5.7637 2.15552
v -7.98802 3.13551 -8.67992
v -7.96402 3.07251 -3.63534
v -7.81534 3.59027 -8.24696
v -7.71347 3.65425 -7.5562
v -7.71998 3.68225 -6.76225
v -7.78278 3.77716 -6.1216
v -7.86826 4.04062 -5.89671
v -7.96876 4.32778 -5.87405
v -7.87037 5.17059 -10.2897
v -7.7115 6.19678 -10.7039
v -7.85928 6.01025 -6.88221
v -7.7338 6.7951 -7.44861
v -7.89946 6.88188 -7.37444
v -7.7616 7.36095 -11.012
v -7.77584 7.42753 -8.13914
v -7.90984 7.5762 -10.9609
v -7.99426 7.60855 -10.8818
v -7.72494 7.90367 -10.4195
v -7.74285 7.86699 -8.92963
v -7.92548 8.20835 -10.364
v -7.81001 8.16454 -9.67844
v -7.91377 8.19973 -4.56701
v -7.73407 8.15764 -4.26637
v -7.91613 8.6547 -7.9868
v -7.69606 12.1742 -11.592
v -7.94604 20.134 4.84115
v -7.98572 23.9923 -8.61825
v -7.95162 24.4664 0.825553
v -7.80364 25.4123 -3.55205
v -7.422 -25.0354 -5.66492
v -7.6458 -25.1396 -3.41493
v -7.46327 -24.4876 -7.34058
v -7.53955 -24.6005 -7.08252
v -7.6727 -24.594 -4.25735
v -7.4316 -24.6263 -1.7394
v -7.57237 -25.0083 -0.775147
v -7.48389 -24.714 1.07413
v -7.60587 -24.5337 1.3856
v -7.46148 -24.3128 -7.36056
v -7.41922 -24.2023 -7.16879
v -7.55551 -24.2576 1.15982
v -7.59328 -24.3166 1.33003
v -7.61531 -24.4004 1.42903
v -7.47536 -24.1545 1.9042
v -7.41967 -22.2133 -8.0633
v -7.55988 -21.9255 1.52976
v -7.62573 -21.3624 -0.768307
v -7.54632 -21.3968 -0.5461
v -7.58158 -21.2565 -0.328272
v -7.66072 -21.1576 -0.140916
v -7.43178 -20.5704 -0.0447007
v -7.67747 -20.4861 0.00506733
v -7.43476 -18.6 -1.37727
v -7.62767 -16.1538 -2.21217
v -7.45579 -13.9295 -2.62317
v -7.65937 -13.2765 -7.57543
v -7.59219 -12.4529 -2.91582
v -7.61334 -12.4597 -2.71735
v -7.48677 -12.4902 -2.51649
v -7.52843 -11.487 -7.52095
v -7.58567 -11.558 -2.50088
v -7.37168 -10.5328 -7.48761
v -7.65658 -10.4541 -3.08176
v -7.61244 -10.8615 -2.52299
v -7.46729 -10.1187 -3.54827
v -7.66347 -10.3886 -2.91992
v -7.52621 -10.3649 -2.74655
v -7.45067 -9.86493 -6.77881
v -7.5691 -9.5819 -5.19143
v -7.44098 -9.75969 -4.2751
v -7.47039 -5.38037 -1.44389
v -7.37936 5.25834 -6.95507
v -7.47622 5.28616 -9.86114
v -7.50268 5.66871 -6.94152
v -7.63589 6.0093 -7.77425
v -7.65974 5.84905 -6.91023
v -7.62413 5.99874 -6.44182
v -7.61241 5.98743 -5.06333
v -7.66943 6.85699 -10.9255
v -7.58271 6.54765 -7.5732
v -7.41993 7.43143 -9.12007
v -7.51343 7.14244 -8.30206
v -7.47421 7.69397 -10.531
v -7.62835 7.77408 -10.4504
v -7.53305 7.84209 -9.80624
v -7.47429 7.52831 -9.08958
v -7.52876 7.70831 -9.03124
v -7.51654 7.98487 -3.7652
v -7.52912 8.24252 -7.01629
v -7.65564 8.18858 -4.19043
v -7.65396 8.1143 -4.10466
v -7.63731 8.08385 -0.789781
v -7.65191 8.59332 1.80872
v -7.584 10.4847 4.48387
v -7.40885 17.9973 -12.4679
v -7.41247 20.1183 -11.8785
v -7.58401 24.2761 1.58226
v -7.38952 25.5994 -2.43422
v -7.10764 -25.2417 -4.5011
v -7.11426 -25.1755 -1.87271
v -7.26922 -24.4725 -7.36686
v -7.18796 -24.5749 -1.67568
v -7.16831 -24.9388 0.369
v -7.31492 -24.5866 0.501383
v -7.06781 -24.5249 1.74961
v -7.17728 -24.4502 -1.70541
v -7.09696 -24.4336 1.34077
v -7.17155 -24.3765 1.55687
v -7.19437 -24.2829 1.73513
v -7.19234 -24.1537 1.98984
v -7.09723 -24.0689 2.24081
v -7.1532 -23.7163 2.0629
v -7.03664 -23.8163 2.3453
v -7.2826 -23.2402 -8.14763
v -7.09817 -22.9948 2.06263
v -7.34445 -20.8688 -8.0749
v -7.31071 -20.6279 -0.124467
v -7.17406 -20.5758 0.188859
v -7.2137 -19.1694 -8.13015
v -7.18419 -17.0773 -8.17677
v -7.16927 -16.2406 -2.09394
v -7.17912 -14.9432 -8.20345
v -7.32896 -13.9486 -2.78056
v -7.34928 -13.9485 -2.58428
v -7.2221 -13.9738 -2.38508
v -7.12169 -13.1177 -8.19893
v -7.06478 -12.568 -2.31088
v -7.04176 -11.7404 -8.16963
v -7.16337 -11.6333 -2.29612
v -7.18915 -10.9297 -2.32083
v -7.10167 -10.1517 -7.42332
v -7.17398 -9.95258 -4.25978
v -7.28612 -10.0328 -3.33527
v -7.10066 -10.4248 -2.5501
v -7.2531 -9.63229 -5.93017
v -7.1259 -9.6923 -5.03584
v -7.30066 -8.71424 -1.55565
v -7.2097 -4.85314 -9.70437
v -7.12731 -0.407945 -1.74259
v -7.0867 -0.199651 -9.78878
v -7.19622 5.22637 -8.56338
v -7.23841 5.07119 -7.77358
v -7.3139 5.01872 -7.15278
v -7.26303 5.30029 -9.27203
v -7.08703 5.79007 -8.18555
v -7.18658 5.54504 -7.63457
v -7.331 6.34816 -10.2731
v -7.12491 6.30307 -9.66808
v -7.20888 6.19052 -8.92655
v -7.05363 6.31617 -8.35528
v -7.24734 6.11739 -7.60982
v -7.31692 6.23634 -3.8695
v -7.15274 6.77367 -8.37373
v -7.30928 7.21961 -10.5194
v -7.10591 7.14462 -9.88862
v -7.1635 7.24762 -9.15278
v -7.30937 6.97085 -8.3417
v -7.27227 7.61042 -9.89207
v -7.07841 7.93093 -6.04269
v -7.10734 7.74516 -2.91849
v -7.3293 9.15588 -9.46725
v -7.0377 15.0949 -12.5689
v -7.26232 16.4131 -12.6296
v -7.03995 21.8496 4.62686
v -7.2896 22.1141 -11.0792
v -7.04541 23.324 -10.2927
v -7.071 23.9603 2.52386
v -7.30001 24.7792 -7.13946
v -6.92979 -25.0428 -6.55943
v -6.70556 -25.1367 -0.573436
v -6.99901 -24.7521 -5.87424
v -6.99514 -24.7854 -4.00419
v -6.96035 -24.7103 -1.56735
v -6.77463 -24.5435 1.09296
v -6.84546 -24.6215 1.32915
v -6.80126 -24.5677 1.5041
v -6.78913 -24.5218 1.7028
v -6.97568 -23.9842 -8.19561
v -6.8978 -24.3346 1.13775
v -6.84168 -24.3621 1.32343
v -6.88296 -24.3755 1.48647
v -6.89254 -24.21 1.80187
v -6.84769 -24.1742 1.97005
v -6.80311 -24.0742 2.15255
v -6.8626 -23.6592 1.97354
v -6.76731 -23.6809 2.25686
v -6.95183 -23.6059 2.35753
v -6.85372 -23.165 1.99872
v -6.74198 -23.1935 2.28625
v -6.75386 -22.0784 1.6647
v -6.72035 -20.6432 0.400988
v -6.85088 -18.7322 -1.28227
v -6.84459 -16.324 -2.22101
v -6.79991 -14.0499 -2.18002
v -6.87139 -10.7696 -8.0843
v -6.71642 -10.5455 -2.57581
v -6.872 -9.95725 -4.98667
v -6.85642 -10.0858 -3.14902
v -6.81508 -9.5404 -8.08074
v -6.94802 -9.52095 -6.93478
v -6.94036 -9.79693 -6.61656
v -6.91699 -9.52968 -5.93449
v -6.81309 -9.74242 -5.76693
v -6.87503 -9.72938 -4.94535
v -6.96974 -9.8437 -4.10306
v -6.94355 -8.05968 -9.64324
v -6.86853 4.13569 -2.3988
v -6.91795 4.21265 -9.80123
v -7.0198 6.6994 -9.12799
v -6.74274 8.4264 -8.62929
v -6.85742 9.28334 4.15418
v -6.93154 10.5879 -10.9518
v -6.805 13.7711 -12.489
v -6.76606 18.0731 -12.7069
v -6.76863 20.1852 -12.1211
v -6.92988 25.5845 -1.385
v -6.54337 -25.2993 -5.52767
v -6.62603 -25.3046 -3.044
v -6.54135 -24.4799 -8.07495
v -6.4868 -24.7451 -7.59235
v -6.546 -24.7739 -7.32517
v -6.47027 -24.827 -7.0578
v -6.55389 -24.8321 -3.84595
v -6.52244 -24.82 -1.39907
v -6.66626 -24.6316 0.732409
v -6.6701 -24.6381 1.05653
v -6.6265 -24.5304 1.34019
v -6.6654 -24.4258 0.96507
v -6.53267 -24.4323 1.22753
v -6.64897 -24.2571 1.85588
v -6.67936 -23.4361 1.92253
v -6.60613 -23.552 2.2122
v -6.52464 -23.0596 1.79839
v -6.49892 -22.8513 2.07691
v -6.55267 -23.1652 2.17902
v -6.49472 -22.6997 1.65186
v -6.6093 -18.8371 -1.45405
v -6.62399 -18.7895 -1.27034
v -6.49015 -18.7796 -1.07967
v -6.69803 -16.3246 -1.92189
v -6.56364 -14.4896 -8.5936
v -6.60692 -12.9508 -8.63757
v -6.47115 -12.7687 -2.30774
v -6.57243 -11.9776 -8.62048
v -6.61393 -11.6918 -2.31829
v -6.54893 -11.3325 -8.56363
v -6.48464 -10.9617 -8.389
v -6.66521 -10.9413 -2.35517
v -6.63091 -10.0811 -7.27601
v -6.50351 -9.90585 -6.44574
v -6.56295 -9.96656 -5.6609
v -6.53543 -9.89208 -3.92806
v -6.41566 -10.3083 -2.97632
v -6.63243 -9.86968 -5.69319
v -6.65466 -9.77632 -4.8638
v -6.67626 -9.55351 -3.66881
v -6.39916 6.93841 -3.11303
v -6.46058 6.98788 -9.70183
v -6.62124 7.625 -8.76627
v -6.58499 7.86773 -7.99128
v -6.57163 7.85778 -6.60833
v -6.62835 7.7954 -5.24311
v -6.4789 7.72461 -4.93324
v -6.44532 7.65931 -4.82536
v -6.57865 7.59263 -4.31283
v -6.50691 7.7212 1.1639
v -6.44808 12.3506 -12.1874
v -6.38303 15.1875 -12.7974
v -6.48197 15.1715 -12.7803
v -6.59236 16.4997 -12.8829
v -6.64766 18.0905 -12.7755
v -6.65462 20.2044 -12.1871
v -6.62039 22.1752 -11.344
v -6.44839 23.3597 -10.5328
v -6.49803 23.5353 3.3988
v -6.63307 24.131 -9.26758
v -6.61767 25.4269 -5.56217
v -6.38593 25.4085 -0.304008
v -6.55265 25.4826 -0.607309
v -6.07673 -25.2815 -6.48641
v -6.13729 -25.4049 -4.21747
v -6.14206 -25.2364 -1.59682
v -6.32145 -24.9436 -5.62108
v -6.31498 -24.7148 -3.77297
v -6.08265 -24.9161 -3.6739
v -6.31231 -25.0149 0.429734
v -6.22569 -23.9159 1.97627
v -6.11768 -23.3884 -8.29585
v -6.25372 -22.848 1.5454
v -6.11229 -22.8449 1.79779
v -6.30942 -23.0685 2.01819
v -6.22509 -22.4201 -8.19632
v -6.04976 -22.3077 1.04888
v -6.15345 -22.5728 1.30558
v -6.3467 -22.5627 1.45746
v -6.20003 -22.5548 1.70297
v -6.35329 -22.6966 1.90425
v -6.18081 -21.0879 -8.21776
v -6.16399 -19.2666 -8.32109
v -6.05926 -18.8452 -0.875093
v -6.3538 -16.831 -8.46724
v -6.27526 -16.3949 -1.71842
v -6.15361 -14.3613 -2.14689
v -6.05553 -12.9629 -8.64513
v -6.10501 -11.6641 -2.80077
v -6.09768 -10.9741 -8.43484
v -6.3248 -10.4902 -7.93392
v -6.23277 -10.7727 -2.87417
v -6.19655 -10.1741 -7.11107
v -6.28656 -10.0996 -6.30989
v -6.07068 -10.1188 -3.74661
v -6.16513 -9.69502 -9.55863
v -6.34174 -9.82436 -5.59777
v -6.21669 -9.82302 -4.69768
v -6.22189 -9.79031 -1.99162
v -6.36194 7.41559 -1.50069
v -6.3276 8.01114 -7.67355
v -6.29141 7.52297 -4.46933
v -6.12606 9.21842 -10.1058
v -6.18144 13.8644 -12.7314
v -6.3048 15.1946 -12.8619
v -6.08511 18.17 -13.0774
v -6.08918 20.2909 -12.4879
v -6.33761 23.3825 -10.5954
v -6.1189 24.1561 -9.48985
v -6.32698 25.3494 -0.243272
v -6.30867 25.3783 -0.144963
v -6.17229 25.334 0.176529
v -6.10203 25.8417 -4.28001
v -5.7557 -25.2041 -7.21438
v -5.82293 -25.1791 -0.452927
v -5.81373 -24.4791 -8.38863
v -6.0254 -24.7839 -7.86922
v -5.82415 -25.0129 -6.81613
v -5.88206 -24.9899 -5.45838
v -5.84234 -24.8706 -1.15656
v -5.79031 -24.5651 1.10999
v -5.95007 -24.0543 -8.39905
v -5.79551 -24.3387 0.924437
v -5.76534 -24.4105 1.08627
v -5.97229 -23.2762 2.01268
v -5.89167 -22.5259 1.05778
v -5.85517 -22.4348 1.34247
v -6.00536 -22.5637 1.54916
v -5.79983 -22.1226 0.677441
v -5.9153 -22.2031 0.853755
v -5.75749 -22.186 1.08354
v -5.93283 -20.7872 0.516085
v -5.97869 -14.4061 -8.58499
v -5.82964 -13.1676 -2.71429
v -6.03522 -12.1131 -8.64488
v -6.02521 -11.4826 -8.6233
v -5.81728 -10.577 -7.73472
v -5.73657 -10.7059 -7.53283
v -5.8158 -10.5957 -3.61821
v -5.83711 -10.0349 -7.03692
v -5.91924 -10.3364 -6.92935
v -6.03182 -9.98154 -6.28525
v -5.90025 -9.86508 -5.44798
v -5.9185 -8.68578 0.308367
v -5.73124 -4.72692 0.472886
v -5.85005 7.26653 -3.56328
v -5.86744 7.69853 -6.70491
v -5.77461 8.32438 -9.22287
v -5.72396 8.28724 -4.01807
v -6.01031 8.21647 3.66324
v -5.84881 10.7424 -11.4624
v -5.8567 12.4471 -12.4241
v -5.78156 15.2587 -13.1473
v -5.83311 15.2425 6.19751
v -5.96395 16.5824 -13.2274
v -5.82726 17.6093 6.1749
v -5.98964 22.2822 -11.6798
v -5.81229 23.065 4.17314
v -5.81061 23.4791 -10.8692
v -5.96526 24.175 -9.56217
v -6.03308 24.145 -9.51227
v -6.00959 24.9174 -7.75033
v -5.80483 25.145 0.933652
v -5.62829 -25.0834 -7.54861
v -5.54392 -25.2636 -5.30518
v -5.60349 -25.3161 -2.68468
v -5.68979 -24.6921 -8.18032
v -5.57358 -24.9237 -7.59996
v -5.66822 -24.7822 -7.36646
v -5.65242 -24.871 -5.36313
v -5.64272 -25.0265 -3.51044
v -5.42236 -24.9357 0.403727
v -5.69035 -24.781 0.901707
v -5.40822 -22.5636 -8.0878
v -5.55052 -22.3341 -0.0641997
v -5.49031 -22.3809 0.132584
v -5.48472 -22.2872 0.394107
v -5.54905 -22.2715 0.549101
v -5.55405 -22.3166 0.796636
v -5.53287 -22.3484 0.999686
v -5.66733 -22.453 1.19481
v -5.59184 -22.3131 1.61097
v -5.5739 -22.1676 0.142659
v -5.6251 -22.0804 0.335968
v -5.55401 -22.0429 0.58805
v -5.63359 -22.0996 0.894368
v -5.42782 -19.3679 -8.24372
v -5.69721 -16.8167 -8.42541
v -5.57804 -16.6587 -1.65912
v -5.55675 -14.48 -8.37939
v -5.43033 -14.4985 -8.17855
v -5.45168 -14.4893 -7.98009
v -5.6336 -13.0368 -8.43953
v -5.45393 -13.0648 -8.21925
v -5.52853 -13.046 -8.04024
v -5.61195 -12.1765 -8.45422
v -5.48438 -12.197 -8.25988
v -5.50468 -12.1962 -8.06369
v -5.48404 -11.5651 -8.11323
v -5.57657 -11.6418 -3.49305
v -5.59791 -11.5145 -8.47748
v -5.47246 -11.2082 -8.20168
v -5.53765 -11.0894 -7.99943
v -5.66622 -10.9891 -8.32231
v -5.52747 -10.616 -7.64462
v -5.66181 -10.1355 -8.10165
v -5.58616 -10.0047 -6.16904
v -5.71224 -10.0635 -4.50118
v -5.6771 -9.82342 -6.01121
v -5.56639 -9.67515 -4.94876
v -5.45639 -4.0916 -10.9346
v -5.48669 7.5115 -5.95385
v -5.56385 8.45306 -9.20619
v -5.49297 8.69544 -8.11984
v -5.47922 8.68546 -6.71322
v -5.46529 8.67533 -5.28731
v -5.41015 10.8225 -11.6375
v -5.67535 13.057 6.09914
v -5.58893 13.9297 -13.049
v -5.63546 19.7889 5.85447
v -5.4726 24.2734 -9.81371
v -5.47564 24.9317 -7.97691
v -5.65693 26.0364 -3.17545
v -5.38761 -25.0605 -6.64653
v -5.27427 -25.4266 -6.29455
v -5.21551 -25.4539 -3.82056
v -5.21417 -25.2108 -1.37844
v -5.22795 -24.6678 -8.26264
v -5.17223 -24.9478 -6.51674
v -5.07644 -24.7202 0.684226
v -5.22191 -24.1465 -8.32583
v -5.12665 -24.2595 1.24154
v -5.32365 -23.5102 -8.19713
v -5.26558 -22.3336 -0.127156
v -5.17447 -22.4215 0.149746
v -5.20671 -22.2695 0.36245
v -5.30026 -22.1517 0.118906
v -5.3009 -22.1352 0.414615
v -5.30025 -22.2119 0.62034
v -5.38721 -21.2332 -8.11726
v -5.31444 -19.0157 -0.789699
v -5.27528 -16.8906 -8.21979
v -5.14887 -16.9094 -8.01893
v -5.17023 -16.9006 -7.82044
v -5.35409 -15.0921 -2.4635
v -5.20467 -14.5407 -8.1735
v -5.15872 -13.576 -3.32132
v -5.16236 -13.1208 -8.26749
v -5.25911 -12.2362 -8.25398
v -5.12523 -11.5817 -8.32461
v -5.27655 -11.303 -8.22283
v -5.17277 -10.6949 -9.19164
v -5.33829 -10.5819 -4.32766
v -5.36228 -10.4683 -0.452515
v -5.27438 -10.2555 -6.87077
v -5.08037 -10.2203 -6.00721
v -5.37169 -10.1087 -5.25105
v -5.08838 -10.2701 -2.78851
v -5.37729 -9.68254 -3.88356
v -5.3723 -7.76734 -10.9416
v -5.356 0.675424 -0.173961
v -5.3593 0.896124 -10.9152
v -5.26849 5.19147 -1.46952
v -5.3452 5.27354 -10.6827
v -5.06774 6.90279 -2.04664
v -5.26134 7.49659 -5.59754
v -5.23039 7.42954 -5.48883
v -5.06949 7.28584 -5.11176
v -5.21707 7.01642 0.552619
v -5.07489 7.69041 -10.2158
v -5.11778 8.03958 -8.26529
v -5.18948 9.35168 -10.533
v -5.25327 10.8499 -11.6981
v -5.29048 11.4328 6.0171
v -5.28793 12.5019 -12.7216
v -5.32248 21.5382 5.35851
v -5.30215 24.8242 1.87902
v -5.36447 24.9578 -8.03583
v -5.34719 25.575 -6.14824
v -5.18692 26.0241 -2.13063
v -4.83592 -25.1613 -7.35845
v -4.98061 -25.3438 -7.00423
v -4.91637 -25.1445 -6.47448
v -4.96903 -25.1847 -5.12733
v -4.89154 -25.5625 -4.92716
v -4.96262 -25.0771 -3.26794
v -4.99044 -25.0559 -0.297742
v -4.76769 -24.6136 -8.15341
v -4.83796 -24.8472 -7.97673
v -5.04209 -25.0045 -7.4802
v -4.85321 -24.9296 -7.29318
v -4.92322 -24.9163 -7.15613
v -4.94143 -24.8192 -0.84502
v -4.90311 -24.5442 0.773747
v -4.79201 -24.2225 -8.11856
v -4.95589 -24.3473 0.631149
v -4.87162 -23.5927 -7.98048
v -4.75033 -23.6278 -7.57492
v -4.94115 -22.6485 -7.86568
v -4.80656 -22.6812 -7.52409
v -4.93519 -21.3142 -7.90064
v -4.79631 -21.3402 -7.69513
v -4.81399 -21.3387 -7.4952
v -4.78743 -21.0019 0.417003
v -4.99836 -19.4437 -8.03535
v -4.81468 -19.4742 -7.81353
v -4.88928 -19.4578 -7.63443
v -4.9232 -16.9515 -8.0139
v -4.96857 -11.7164 -4.14463
v -4.73619 -11.1062 -8.06768
v -4.9962 -10.8108 -7.93153
v -4.96484 -10.631 -7.56309
v -4.89728 -10.8397 -7.23193
v -4.80761 -10.4448 -6.74132
v -4.8768 -10.7402 -6.11028
v -4.87501 -10.6108 -5.01791
v -4.92125 -9.97415 -10.8281
v -4.87547 -10.395 -4.23472
v -5.00491 7.3094 2.9795
v -5.00279 7.63603 -2.73034
v -4.79843 9.43171 -10.6853
v -4.76659 10.1373 5.85648
v -4.7825 10.8815 -11.9534
v -4.96095 22.613 4.8129
v -4.76011 24.3841 2.76526
v -4.89249 25.0572 -8.27256
v -4.82238 25.5891 -6.37262
v -4.81783 25.9954 -4.86868
v -4.80383 25.9224 -1.35565
v -4.57084 -25.0885 -7.30816
v -4.47173 -25.254 -6.32238
v -4.54494 -25.5546 -5.92718
v -4.66721 -25.2435 -2.36247
v -4.42713 -25.1029 -1.14636
v -4.58271 -24.6211 -7.94656
v -4.64736 -24.7016 -7.78833
v -4.70068 -24.7464 -7.65852
v -4.534 -24.6441 0.417344
v -4.6611 -24.2438 -7.91982
v -4.6374 -24.2463 -7.77698
v -4.54513 -24.3342 0.239351
v -4.46675 -24.4155 0.3754
v -4.67581 -23.6334 -7.75416
v -4.69863 -23.5977 1.33733
v -4.42165 -22.7411 -7.67602
v -4.67859 -22.6999 -7.615
v -4.43178 -21.404 -7.71685
v -4.68253 -21.3605 -7.6536
v -4.51907 -19.5292 -7.86036
v -4.62577 -17.2468 -1.89718
v -4.52781 -15.8319 -2.97423
v -4.62627 -14.6472 -8.09125
v -4.47684 -13.8054 -3.91963
v -4.70312 -13.2041 -8.15139
v -4.68137 -12.3375 -8.17031
v -4.66704 -11.6567 -8.20625
v -4.49041 -11.8146 -4.83852
v -4.43328 -11.5258 -8.42742
v -4.47395 -11.1805 -7.82271
v -4.47035 -11.2258 -3.84621
v -4.47393 -11.4418 -1.89897
v -4.52274 -10.8285 -7.42505
v -4.55207 -10.9092 -6.63026
v -4.70597 -10.7303 -5.84524
v -4.59926 7.01259 -4.1451
v -4.64721 7.72757 -7.30165
v -4.65915 8.58258 -9.61523
v -4.5735 8.7729 -9.41769
v -4.52021 8.73423 -3.96925
v -4.63471 9.46256 -10.7508
v -4.45262 16.7816 -13.9452
v -4.51868 18.3767 -13.8147
v -4.50813 20.5014 -13.2294
v -4.43342 22.4929 -12.4074
v -4.71046 25.6167 -6.4292
v -4.56477 25.8103 -1.02765
v -4.5425 25.819 -0.901886
v -4.42356 25.7738 -0.571954
v -4.11202 -25.2266 -7.04854
v -4.22281 -25.0399 -6.83876
v -4.25819 -25.4711 -6.66766
v -4.28893 -25.2353 -4.88483
v -4.14777 -25.5723 -4.47338
v -4.36325 -25.4106 -3.42067
v -4.29644 -24.6976 -7.98137
v -4.36671 -24.9312 -7.80468
v -4.20136 -24.6886 -0.0976443
v -4.31272 -24.308 -7.94358
v -4.21869 -24.4041 -0.211963
v -4.36821 -23.6824 -7.79669
v -4.27 -22.589 0.997504
v -4.23882 -19.3205 -0.956593
v -4.34479 -17.0578 -7.93166
v -4.1223 -14.9169 -7.67777
v -4.26182 -13.3605 -7.79313
v -4.28791 -12.3446 -7.83649
v -4.2469 -12.1629 -7.251
v -4.30029 -11.6144 -7.88431
v -4.20961 -11.8111 -7.362
v -4.34065 -11.9498 -6.49703
v -4.23438 -11.7724 -6.18382
v -4.35146 -11.8631 -5.65777
v -4.25527 -11.6909 -5.00321
v -4.19734 -11.3472 -10.0727
v -4.3394 -11.2846 -7.33446
v -4.39422 6.82697 2.03945
v -4.2585 7.54185 -6.55419
v -4.18888 8.17278 -8.68456
v -4.22334 8.68551 -9.78571
v -4.36507 9.07765 -8.19147
v -4.35119 9.0676 -6.77408
v -4.33719 9.05748 -5.34402
v -4.23623 8.93241 5.54283
v -4.20748 9.47977 -10.9852
v -4.22403 14.1005 -13.6751
v -4.34749 15.4457 -13.8273
v -4.34394 23.6834 -11.55
v -4.17425 23.7586 3.65723
v -4.11229 24.4678 -10.441
v -4.24558 25.7172 -6.65746
v -4.25037 26.0007 -5.11667
v -4.33204 26.0175 -5.08438
v -4.1785 26.0376 -5.15508
v -4.34887 26.1926 -3.77389
v -3.91208 -25.0301 -7.677
v -3.82308 -25.299 -6.09136
v -3.86622 -25.589 -5.44096
v -3.90621 -25.1565 -2.10289
v -3.83898 -24.7876 -7.86079
v -4.0617 -25.0257 -2.9564
v -3.81133 -24.7315 -0.967076
v -4.06898 -24.5343 -0.562581
v -4.0777 -24.5858 -0.0232437
v -3.84642 -24.3918 -7.82366
v -3.87892 -23.7677 -7.66967
v -3.91732 -22.8295 -7.5435
v -3.94247 -21.4908 -7.58981
v -4.05232 -19.6132 -7.74154
v -3.76964 -17.2685 -7.41393
v -3.80121 -16.1701 -3.52347
v -4.00624 -13.8674 -6.30109
v -3.90533 -13.9466 -5.41943
v -3.99028 -13.9106 -4.59155
v -4.0773 -13.6269 -7.13435
v -3.80319 -12.3208 -3.61118
v -3.89928 -8.64307 1.1847
v -3.78262 6.61658 -2.53576
v -3.89169 6.44443 0.141541
v -4.01844 7.48551 -6.18076
v -3.83798 7.31441 -5.70539
v -3.95315 7.54798 -6.19637
v -3.80028 8.25959 -8.8381
v -4.06011 8.69528 -9.86842
v -4.02157 12.6535 -13.284
v -4.06191 25.5846 0.187983
v -3.81234 26.2046 -4.00545
v -3.86788 26.1803 -2.72601
v -3.91333 26.0603 -1.99308
v -3.59258 -25.066 -7.41466
v -3.56689 -25.2222 -6.97165
v -3.51407 -25.2203 -6.42427
v -3.60736 -25.5143 -6.16145
v -3.60143 -25.2967 -3.12808
v -3.61836 -24.7018 -0.861311
v -3.47427 -23.8844 -0.407385
v -3.53515 -21.2446 -0.0773447
v -3.64938 -17.8433 -2.323
v -3.47989 -16.1048 -5.86443
v -3.74979 -15.5229 -6.85331
v -3.61391 -12.2234 -8.74211
v -3.44968 -12.5263 -7.4374
v -3.48981 -12.5613 -6.22748
v -3.54217 -12.5918 -5.01535
v -3.74126 -11.1734 0.189981
v -3.54329 -7.56961 -11.5079
v -3.69112 -4.25221 1.47294
v -3.576 -3.61027 -11.5219
v -3.55766 1.55571 -11.4637
v -3.49311 1.34356 0.607008
v -3.51519 5.80022 -1.10966
v -3.60732 5.88289 -11.0834
v -3.70698 7.86031 -7.71794
v -3.64665 7.69159 -7.05181
v -3.69815 7.83214 4.94397
v -3.48656 8.09784 -10.4391
v -3.6323 8.29353 -8.90699
v -3.69063 8.70891 -10.0612
v -3.688 11.011 -12.4454
v -3.54035 22.8812 4.61993
v -3.59882 25.2422 -8.86985
v -3.56961 25.2612 1.13781
v -3.70743 26.1403 -5.37999
v -3.70017 26.2337 -4.06097
v -3.42503 26.051 -1.9315
v -3.41994 -25.2793 -6.52306
v -3.21559 -25.4537 -4.89258
v -3.38801 -25.1839 -4.57328
v -3.40662 -25.4277 -4.09896
v -3.37601 -25.0525 -1.92558
v -3.35521 -24.9174 -7.49106
v -3.25663 -24.5345 -7.41571
v -3.16539 -24.7449 -2.65624
v -3.19206 -24.7488 -1.88599
v -3.22261 -23.9046 -7.2389
v -3.23249 -22.9478 -7.0763
v -3.26563 -21.5843 -7.04361
v -3.41401 -19.722 -7.15232
v -3.11972 -19.6382 -1.35994
v -3.18355 -17.6974 -6.27673
v -3.28373 -16.3022 -4.95766
v -3.33347 -16.2718 -4.16626
v -3.22373 -12.4526 -1.55713
v -3.33325 -10.1405 -11.3256
v -3.14125 6.85181 3.92315
v -3.36575 7.03445 -4.71505
v -3.245 7.96094 -7.86404
v -3.24284 7.69826 -6.94824
v -3.41043 8.04177 -2.62938
v -3.20174 8.30154 -9.1391
v -3.21872 9.04468 -9.51723
v -3.16447 9.00544 -3.97873
v -3.2716 9.59075 -11.4202
v -3.16003 9.58107 -8.29534
v -3.14601 9.57094 -6.86426
v -3.13197 9.5608 -5.43132
v -3.24237 21.5219 5.57204
v -3.09743 25.923 -1.25637
v -3.35727 25.8431 -0.847108
v -3.22293 26.3394 -4.29235
v -3.27968 26.1986 -2.95295
v -3.04331 -25.1035 -6.79787
v -3.0165 -25.2308 -5.81426
v -2.91355 -25.182 -5.69329
v -3.04703 -25.4014 -5.44236
v -2.82244 -25.2292 -3.85552
v -3.03627 -25.1522 -2.95013
v -3.08299 -24.9754 -5.58569
v -2.84042 -24.835 -2.91104
v -3.08832 -24.8067 -1.84488
v -2.98453 -22.8652 -0.546766
v -2.87982 -18.132 -2.82697
v -2.94673 -11.734 -10.4058
v -3.02661 6.29226 2.35306
v -2.87289 7.49816 -6.20149
v -3.01947 7.35235 -5.78585
v -3.08371 7.97189 -7.95496
v -2.78918 8.81498 -10.4838
v -2.81495 17.3338 6.9871
v -3.00883 19.5974 6.43535
v -3.05871 24.8135 2.0374
v -2.97876 25.8966 -7.2443
v -2.60559 -25.1557 -4.90889
v -2.70822 -25.2565 -4.46957
v -2.45927 -25.1056 -4.35946
v -2.54959 -25.0773 -3.79464
v -2.64609 -24.7561 -6.61494
v -2.59406 -24.9335 -4.88963
v -2.74226 -24.8352 -4.82933
v -2.55453 -24.8519 -4.31648
v -2.60319 -24.8537 -3.80116
v -2.72592 -24.8956 -2.9013
v -2.47085 -24.0981 -6.39094
v -2.49909 -24.1072 -2.44789
v -2.45227 -21.6478 -5.84938
v -2.65792 -19.8418 -5.80771
v -2.6926 -18.1048 -5.00905
v -2.531 -12.9426 -7.47539
v -2.55478 -13.0306 -6.25122
v -2.59014 -13.1425 -5.02397
v -2.76091 -13.0568 -3.5259
v -2.62171 -12.6254 -8.86836
v -2.58297 6.10454 -0.23044
v -2.5439 6.62688 -3.07194
v -2.71356 7.98989 -8.17537
v -2.65279 7.7182 -6.79498
v -2.63989 14.9562 7.00634
v -2.51614 24.1288 2.97572
v -2.75428 25.7452 -0.430951
v -2.73675 26.3278 -3.24686
v -2.746 26.0256 -1.84304
v -2.74051 26.0235 -1.83172
v -2.30626 -24.9216 -5.52751
v -2.40747 -24.985 -4.38407
v -2.43408 -23.0788 -6.13327
v -2.42699 -21.4723 -1.14805
v -2.24447 -19.8474 -1.9839
v -2.40283 -18.2511 -4.0999
v -2.4275 -18.2292 -3.41672
v -2.43601 7.17286 -5.15252
v -2.21642 7.87814 -7.71039
v -2.39344 7.80905 -7.33936
v -2.27666 8.41017 -9.57353
v -2.16499 11.2119 -12.9092
v -2.19559 12.7996 -13.7232
v -2.43443 12.7984 6.82938
v -2.21846 14.2307 -14.1132
v -2.31518 14.2005 6.65756
v -2.21853 13.9002 6.93256
v -2.21534 13.9779 7.2892
v -2.23572 14.527 6.47167
v -2.41484 14.5899 6.75625
v -2.42578 14.469 7.05126
v -2.31348 14.5739 7.37086
v -2.13056 14.5318 7.611
v -2.19748 15.0826 6.68083
v -2.27554 15.0874 6.95086
v -2.28044 15.052 7.14913
v -2.1821 15.0913 7.34897
v -2.20499 15.5804 -14.2794
v -2.14523 16.9217 -14.4135
v -2.1134 22.6455 -12.8732
v -2.20549 23.8671 -11.9876
v -2.22078 24.6598 -10.8988
v -2.26646 25.4191 0.529209
v -2.20792 25.7796 -0.744183
v -2.42813 26.3209 -5.97172
v -2.13356 26.2925 -2.8126
v -2.39174 26.1858 -2.40729
v -1.94664 -24.2437 -5.26757
v -1.97296 -24.2368 -4.01059
v -1.80996 -23.1726 -4.94807
v -2.01676 -23.0818 -2.3535
v -2.00272 -19.9402 -4.34508
v -1.85301 1.55695 0.75727
v -1.78722 6.09236 -11.1662
v -1.93948 5.98614 -1.08608
v -1.98562 7.2916 -5.39266
v -2.02349 7.60895 -6.59261
v -1.79361 8.24399 -10.4812
v -1.78371 8.10108 -8.62019
v -1.98247 8.16599 -2.65036
v -1.78477 9.14694 -9.54754
v -2.00497 9.0883 -3.99774
v -1.92805 8.92276 6.76885
v -1.80715 8.93029 6.79956
v -2.03723 9.63804 -6.88249
v -2.02346 9.62788 -5.44949
v -2.01773 9.61382 6.99847
v -1.89491 9.60746 7.02458
v -2.02476 9.84778 -11.9098
v -1.81477 10.3066 7.17213
v -1.93583 10.3273 7.14907
v -2.09573 11.2014 6.76788
v -1.80784 13.5603 6.67956
v -1.8146 13.4856 6.86189
v -2.01354 13.6424 7.18047
v -1.82653 13.5994 7.42598
v -1.8852 14.0057 6.36402
v -2.10048 13.8363 6.63043
v -2.00059 13.9284 7.57114
v -1.95293 14.4549 6.28617
v -1.89112 14.5369 7.77452
v -1.93063 14.8734 6.40172
v -1.89619 15.1901 6.63291
v -1.9558 15.314 6.95729
v -2.02942 15.1771 7.3664
v -1.9182 15.0859 7.55686
v -2.10129 18.5195 -14.2906
v -2.09743 20.6436 -13.7031
v -1.92901 23.0948 4.04183
v -1.98303 25.3787 -9.46988
v -1.78601 25.4455 0.282362
v -1.92083 26.5238 -4.8958
v -2.06416 26.0577 -1.73216
v -1.64805 -23.1789 -3.75438
v -1.4578 -22.6592 -4.24087
v -1.76858 -21.6837 -4.48267
v -1.48076 -21.6944 -3.41904
v -1.67184 -21.1775 -3.91963
v -1.55089 -21.1187 -2.88427
v -1.67237 -21.6379 -2.39524
v -1.66704 -19.9847 -3.4018
v -1.51544 -19.4653 -3.88971
v -1.50669 -19.4393 -3.19102
v -1.72344 -19.9592 -2.70551
v -1.68059 -13.2841 -5.02991
v -1.66605 -13.2581 -3.52712
v -1.52831 -12.7191 -8.88475
v -1.51868 -13.0398 -7.48767
v -1.5693 -13.1126 -6.25577
v -1.49654 -13.1865 -5.02617
v -1.48147 -13.1603 -3.54742
v -1.64983 -12.7539 -1.54478
v -1.45558 -12.652 -1.59555
v -1.5365 -11.8246 -10.4315
v -1.64535 -11.3782 0.246982
v -1.54637 -10.1641 -11.3835
v -1.67277 -8.58629 1.33171
v -1.57331 -7.48501 -11.6245
v -1.49771 -4.14934 1.58444
v -1.74493 -4.07432 1.69079
v -1.63855 -3.44436 -11.6759
v -1.73242 1.77933 -11.6053
v -1.60827 1.44577 0.638637
v -1.6886 5.89759 -1.22005
v -1.54998 5.92437 2.20176
v -1.61785 6.76241 -3.49918
v -1.58924 7.53891 -6.44443
v -1.7179 8.08878 -2.77828
v -1.58806 8.27296 6.44817
v -1.61137 9.09572 -10.9921
v -1.5942 9.05115 -4.05016
v -1.48109 8.93349 6.74652
v -1.52293 9.0342 6.86953
v -1.77112 9.66502 -8.32012
v -1.66415 9.61619 -6.88499
v -1.60373 9.58858 -5.47357
v -1.52588 9.47563 6.95407
v -1.55907 9.60742 7.06206
v -1.7172 9.92034 6.6542
v -1.53344 10.139 7.17044
v -1.48884 10.3368 7.12641
v -1.52999 10.3342 7.23935
v -1.60347 11.0537 7.20095
v -1.72972 13.6399 6.53743
v -1.68537 13.4141 7.1362
v -1.45577 13.403 7.33298
v -1.58175 13.6045 7.59315
v -1.56392 13.9208 6.38412
v -1.71948 13.9343 7.76312
v -1.66476 14.5389 6.28749
v -1.63658 14.5882 7.83314
v -1.50935 14.9459 6.52984
v -1.67467 15.2154 6.73252
v -1.48527 15.1988 6.91354
v -1.69794 15.3103 7.15614
v -1.658 15.2212 7.40882
v -1.74875 15.1408 7.54384
v -1.51582 14.8612 7.73748
v -1.71309 25.4308 0.231704
v -1.77839 24.9684 1.4408
v -1.62315 25.8927 -0.951795
v -1.63248 25.4655 0.211666
v -1.57752 26.0752 -1.66663
v -1.2157 -22.6499 -5.41962
v -1.18639 -22.5575 -2.81632
v -1.31302 -21.1621 -4.95934
v -1.31607 -13.268 -5.03239
v -1.32325 -13.1315 -6.2624
v -1.29993 -13.2421 -3.52961
v -1.26283 -12.7407 -1.5474
v -1.32336 -11.3288 0.205445
v -1.31613 -8.5742 1.28136
v -1.2514 -4.07724 1.68748
v -1.36578 1.55567 0.754004
v -1.43785 5.98833 -1.08945
v -1.35497 6.09452 -0.719009
v -1.13304 6.89939 -3.72648
v -1.24016 6.85593 -3.67553
v -1.20658 6.52746 4.1794
v -1.4426 7.30244 -5.60995
v -1.428 7.91106 -7.85753
v -1.32675 7.8635 -7.51949
v -1.31716 7.86486 -7.38187
v -1.24574 7.57169 5.58625
v -1.14881 7.64147 5.95004
v -1.45226 8.16968 -2.65392
v -1.25076 8.35265 6.50087
v -1.25767 8.46802 6.62243
v -1.42262 8.70685 6.33469
v -1.34046 8.66504 6.66632
v -1.39724 8.95984 6.84813
v -1.44078 9.44231 6.95605
v -1.4116 10.1875 7.14115
v -1.41949 10.2676 7.24999
v -1.28667 10.7213 7.18936
v -1.33453 10.6905 7.2694
v -1.27512 11.0012 7.19688
v -1.20101 10.9815 7.27579
v -1.17217 11.855 7.09068
v -1.33502 13.4098 6.87437
v -1.27915 13.4386 7.37365
v -1.32151 13.657 7.65308
v -1.34969 13.9604 6.44255
v -1.24822 13.7803 6.53963
v -1.28819 14.0466 7.79882
v -1.36831 14.5727 6.4208
v -1.12898 14.6169 7.63441
v -1.30606 14.4926 7.81595
v -1.26696 14.9246 6.7615
v -1.36073 15.1431 7.14467
v -1.3226 15.0581 7.38593
v -1.37745 14.9583 7.59562
v -1.352 21.6362 5.10724
v -1.24787 24.2767 2.38565
v -1.19031 24.9969 1.14181
v -1.30409 24.9941 1.20125
v -1.31758 25.9416 -8.01424
v -1.14052 25.566 0.0107553
v -1.43006 26.5142 -3.86054
v -1.04009 -23.7188 -5.72757
v -1.09895 -23.7122 -4.47179
v -0.885332 -20.9428 -1.58457
v -1.11759 -19.4154 -4.80588
v -1.03767 -19.3203 -2.4328
v -1.01852 6.88483 -3.77759
v -1.00748 7.68361 -7.00874
v -0.943469 7.71377 6.02888
v -0.912382 7.9786 6.23747
v -1.0456 8.16374 6.3994
v -1.06793 8.6972 -10.0954
v -0.989938 8.88291 7.01256
v -1.06954 9.55664 7.22971
v -0.997508 10.2487 7.3823
v -0.975044 11.3161 7.17479
v -1.02022 11.244 7.26378
v -0.939884 11.6598 7.14548
v -0.991447 13.6165 7.13937
v -1.12258 13.5002 7.3345
v -1.07682 13.9541 6.65901
v -0.955007 13.8997 6.88509
v -0.865657 13.9771 7.18572
v -0.929586 13.8609 7.43008
v -1.0307 13.9882 7.58562
v -1.11484 14.5505 6.66305
v -0.948181 14.476 6.97235
v -0.97796 14.5534 7.33064
v -1.10758 14.8534 7.05729
v -0.843207 19.6776 6.04508
v -1.06805 26.4097 -3.07585
v -0.92883 26.286 -2.66787
v -0.48646 -24.5062 -5.3381
v -0.57595 -24.5736 -4.78332
v -0.524534 -24.5443 -4.21327
v -0.652643 -24.3913 -5.95989
v -0.56405 -24.3879 -4.75911
v -0.536045 -24.3709 -4.22834
v -0.682019 -23.5757 -2.87422
v -0.514619 -22.5466 -6.55582
v -0.539298 -21.1157 -6.27216
v -0.76298 -17.7209 -4.53278
v -0.784943 -17.699 -3.8495
v -0.516361 -12.8605 -7.48907
v -0.472886 -12.9417 -6.26537
v -0.629744 6.8913 -3.95416
v -0.502252 7.40796 -6.03359
v -0.551017 7.11494 5.41943
v -0.567591 7.49698 5.87452
v -0.554299 7.58913 5.81303
v -0.622508 7.66673 5.98162
v -0.722747 7.73843 6.11507
v -0.564568 8.39022 -9.1467
v -0.772919 8.2522 6.67355
v -0.740313 10.3028 -12.2634
v -0.787965 10.9666 7.40838
v -0.471454 11.4565 -13.0394
v -0.651068 11.807 7.11459
v -0.527242 12.2614 6.9566
v -0.592669 12.0268 7.10079
v -0.581329 12.5837 6.89988
v -0.632778 23.2276 3.44562
v -0.666866 24.3071 2.08344
v -0.779847 24.3033 2.14432
v -0.544323 25.3324 -9.71498
v -0.66804 25.1132 0.929522
v -0.724222 26.3357 -6.81188
v -0.687785 26.2611 -2.29215
v -0.344818 -24.679 -5.31177
v -0.317717 -24.7209 -4.87468
v -0.245773 -24.6922 -4.25374
v -0.362622 -24.4814 -3.29849
v -0.242898 -24.2204 -7.0196
v -0.337445 -24.3491 -5.2668
v -0.39993 -24.246 -4.73519
v -0.350862 -24.218 -4.19116
v -0.314697 -24.258 -3.31412
v -0.443693 -23.565 -6.8095
v -0.346913 -22.3278 -0.942755
v -0.366812 -19.3069 -6.21651
v -0.210354 -19.0988 -1.74588
v -0.414912 -17.57 -5.41835
v -0.375292 -17.5956 -3.22788
v -0.419842 -13.0436 -5.03873
v -0.223438 -12.942 -3.54316
v -0.444489 -12.5485 -8.88312
v -0.449356 6.22668 -1.13482
v -0.218591 5.90032 1.8051
v -0.294941 7.22329 5.52897
v -0.28682 7.34427 5.69513
v -0.444109 7.61203 5.84417
v -0.43272 7.68918 6.15537
v -0.139682 8.12076 -10.4616
v -0.200894 8.20096 -8.38778
v -0.376631 9.06583 -9.53633
v -0.322347 9.02659 -3.99785
v -0.44121 9.6297 -11.4287
v -0.40476 9.6019 -8.31388
v -0.39074 9.59176 -6.88279
v -0.376699 9.58163 -5.44985
v -0.45505 11.7178 7.24597
v -0.256421 12.3615 6.95077
v -0.332716 12.2561 7.06528
v -0.179993 15.0427 6.63337
v -0.439583 17.4147 6.62895
v -0.15773 23.2536 3.19845
v -0.145385 24.4182 1.87894
v -0.185913 26.539 -5.75124
v -0.30505 26.0747 -1.54192
v 0.171382 -24.5619 -7.17252
v -0.00349487 -24.6546 -6.10848
v 0.0883796 -24.8604 -5.81993
v -0.0950024 -24.6126 -3.33487
v 0.172918 -24.5085 -2.28785
v 0.126913 -24.4338 -5.9605
v 0.00715063 -24.2036 -3.03245
v -0.0445639 -24.2223 -2.25379
v 0.148944 -23.3399 -0.766933
v 0.143769 -20.6996 -0.434831
v 0.153752 -17.1548 -6.64685
v 0.141443 -15.7591 -5.32453
v 0.137029 -15.7283 -4.53146
v -0.13589 -11.6678 -10.4248
v 0.0618776 1.54539 -11.488
v 0.0902246 5.81484 -1.13389
v -0.0129794 5.89752 -11.1075
v 0.144028 6.34617 -1.40448
v -0.0224709 6.33848 -1.32662
v 0.0745086 6.76462 4.95877
v 0.13755 7.02596 5.28291
v -0.0559432 7.20728 5.47751
v -0.110662 7.3481 5.73001
v -0.0628124 8.06471 -2.65189
v 0.154645 8.06176 6.86635
v -0.0528224 8.1582 -7.96514
v 0.0347296 8.74382 7.2773
v 0.1303 9.2416 -10.5432
v -0.0299854 9.48757 7.50681
v 0.0264026 10.2462 7.684
v 0.138118 11.0437 7.67359
v -0.0905858 12.4496 6.90228
v -0.137723 12.2304 7.0517
v -0.0453634 12.8279 -13.598
v 0.0510306 12.8801 6.48296
v 0.11809 13.0491 6.70513
v 0.133794 12.7159 6.83985
v -0.000758374 13.1637 6.66643
v 0.0100766 21.7663 4.48486
v -0.0454459 23.2586 3.13633
v -0.135163 24.7513 -10.6417
v 0.16647 25.7485 -0.582533
v 0.220191 -24.9105 -5.25904
v 0.366072 -24.6383 -4.92799
v 0.356617 -24.8821 -4.45331
v 0.483099 -24.7488 -3.47055
v 0.416528 -23.9896 -7.77341
v 0.37207 -24.1054 -1.2357
v 0.360243 -23.3603 -7.59993
v 0.343312 -22.4035 -7.4376
v 0.351642 -21.0398 -7.40337
v 0.476244 -19.1755 -7.50199
v 0.353409 -17.296 -2.66851
v 0.395142 -15.5584 -6.21466
v 0.375301 -12.3643 -7.46339
v 0.430943 -12.3858 -6.25415
v 0.494686 -12.3965 -5.04283
v 0.284168 -12.3251 -1.58093
v 0.233753 -10.1058 -11.3496
v 0.391465 -7.57501 -11.5343
v 0.285454 -3.63505 -11.5477
v 0.236143 1.33225 0.582009
v 0.458941 6.50895 3.95558
v 0.343911 6.89883 5.07473
v 0.400063 6.92763 5.14457
v 0.300012 6.99783 -4.38147
v 0.382664 6.97582 5.08479
v 0.244815 7.04239 5.28548
v 0.337414 7.09927 5.46878
v 0.263857 7.48822 6.14485
v 0.216298 7.9753 -7.54569
v 0.343382 10.7304 -12.3214
v 0.395512 11.2483 6.59015
v 0.239381 11.9041 7.34027
v 0.34381 12.9195 6.7076
v 0.254179 12.7055 6.85759
v 0.207523 14.1644 -13.8171
v 0.443866 15.4879 -13.8818
v 0.504954 21.797 4.22578
v 0.487822 23.3647 2.93343
v 0.335536 23.9014 -11.5311
v 0.331616 25.639 -8.79236
v 0.3152 26.5295 -4.72111
v 0.760302 -24.5161 -7.74723
v 0.707296 -24.6729 -7.30712
v 0.563353 -24.7383 -6.83021
v 0.694163 -24.5335 -6.67481
v 0.697735 -24.9648 -6.49576
v 0.715436 -24.6047 -2.4255
v 0.526272 -24.3709 -7.84106
v 0.596303 -24.4063 -1.28246
v 0.763312 -23.981 -0.877419
v 0.766047 -24.0413 -0.368925
v 0.826202 -22.0337 0.692426
v 0.808122 -16.717 -7.73818
v 0.558404 -15.6202 -3.85578
v 0.721605 -14.9722 -7.18149
v 0.753748 -13.3945 -5.74067
v 0.7819 -13.3577 -4.90861
v 0.522964 -12.0716 -8.77017
v 0.76707 -12.0959 -3.6423
v 0.67118 -4.27991 1.44373
v 0.522909 6.3535 -1.58251
v 0.739983 6.02666 1.40895
v 0.744755 6.57814 4.53915
v 0.720066 6.83626 4.86378
v 0.714095 6.83195 4.93722
v 0.703609 7.70428 -6.58689
v 0.792876 7.56338 5.53633
v 0.643104 8.9381 -9.59818
v 0.738351 9.11571 -8.22578
v 0.752242 9.10568 -6.8084
v 0.766256 9.09554 -5.37834
v 0.717677 9.92922 6.65033
v 0.737048 10.385 -11.8101
v 0.616425 13.1073 6.5341
v 0.707107 13.0672 6.61149
v 0.725283 13.3973 6.44622
v 0.673456 13.1494 6.61038
v 0.789575 16.8164 -13.9626
v 0.622855 19.8376 5.36799
v 0.616629 21.8038 4.16253
v 0.733729 22.5642 -12.3802
v 0.615027 25.2926 0.345766
v 0.682973 26.4264 -3.93906
v 0.835438 26.3059 -3.57061
v 0.908434 -25.0361 -5.75791
v 1.09611 -24.4755 -7.98533
v 0.904557 -24.7464 -6.41006
v 1.12353 -25.0158 -4.77196
v 0.926051 -24.4713 -3.26548
v 1.16942 -24.544 -1.43292
v 1.03163 -24.234 -8.17421
v 1.03771 -24.3092 -0.443213
v 1.06419 -24.0166 0.14905
v 1.03 -23.8381 -8.13686
v 0.886799 -23.8488 -0.516676
v 1.09468 -23.8569 0.0875463
v 1.0417 -23.2137 -7.98124
v 1.05598 -22.2751 -7.85312
v 1.0621 -20.9362 -7.89827
v 1.15092 -19.0571 -8.04266
v 0.873293 -18.7651 -1.26108
v 1.13889 -14.3605 -7.97675
v 0.912713 -13.3134 -6.61272
v 1.03596 -13.0715 -7.43879
v 1.09894 -11.5815 -7.39809
v 1.09284 -11.218 -10.1085
v 1.13365 -11.5238 -6.22034
v 1.15767 -11.4146 -5.0401
v 0.857471 -11.0874 0.158949
v 1.01564 -8.63558 1.1517
v 1.12755 6.1138 1.24564
v 0.957834 6.74851 4.63767
v 0.959224 6.75516 4.71822
v 1.00654 6.91699 5.14044
v 1.16795 7.30875 6.0156
v 1.09543 7.41546 6.24506
v 0.953769 7.44692 6.40988
v 1.1035 7.62017 6.26314
v 0.980155 7.61927 6.40289
v 0.905031 8.81301 -9.45453
v 1.00777 8.74844 -8.83987
v 1.14241 8.71871 -8.44259
v 0.958487 8.77434 -4.00609
v 0.866059 8.70238 6.36616
v 1.01306 11.5571 -12.796
v 1.14121 12.1339 7.32182
v 0.973314 12.912 6.76337
v 0.930933 13.2808 6.45353
v 1.11706 17.6091 5.90093
v 1.01425 18.4068 -13.8086
v 1.15075 19.8854 5.08846
v 0.956944 20.525 -13.2006
v 1.12574 24.5963 1.30193
v 1.02166 25.9413 -7.78252
v 0.898508 26.3184 -3.46362
v 1.06329 26.2778 -3.15521
v 1.27299 -24.6366 -7.46229
v 1.25074 -24.6803 -7.30395
v 1.34955 -24.4812 -7.12621
v 1.38038 -24.912 -6.95266
v 1.28654 -24.6765 -5.17218
v 1.26459 -24.8515 -3.70607
v 1.49343 -24.6806 -2.62817
v 1.49456 -24.1373 -8.26075
v 1.35969 -24.2204 0.105373
v 1.49156 -23.916 0.534444
v 1.5018 -23.7475 -8.22209
v 1.18071 -23.7744 -0.0424227
v 1.24738 -23.0363 1.06368
v 1.35533 -20.4391 0.150623
v 1.28859 -16.6856 -2.17201
v 1.41331 -16.4977 -8.21226
v 1.24037 -15.2718 -3.25446
v 1.26015 -12.8022 -8.08246
v 1.22001 -13.2457 -4.20249
v 1.27232 -11.786 -8.12441
v 1.18883 -11.6051 -7.54352
v 1.31031 -11.3104 -8.4664
v 1.27585 -11.0557 -8.17164
v 1.22783 -11.3911 -6.78464
v 1.18043 -11.3046 -5.94673
v 1.26282 -11.2546 -5.11931
v 1.46068 -11.2007 -1.93928
v 1.43773 -10.6193 -8.09763
v 1.27224 -10.7256 -7.62048
v 1.36916 -10.9172 -3.88602
v 1.45369 -10.2669 -7.69758
v 1.43053 -10.3475 -6.90256
v 1.34286 6.14188 1.1465
v 1.23239 6.15457 1.19744
v 1.43057 6.45786 -2.00165
v 1.45506 6.46699 4.04552
v 1.28303 6.72839 4.4356
v 1.32875 6.70668 4.50947
v 1.4814 7.3032 -4.95967
v 1.46812 7.4567 6.82089
v 1.34156 7.73178 -10.2589
v 1.41601 7.6774 -2.77349
v 1.3091 7.8982 6.94416
v 1.415 8.52817 -8.01787
v 1.31535 8.62705 7.45736
v 1.21595 8.65863 -8.35311
v 1.28248 9.43701 7.7213
v 1.33383 10.0108 -10.9333
v 1.30625 10.2698 7.90208
v 1.29103 11.158 7.82662
v 1.2812 13.406 6.27364
v 1.28163 13.4425 6.35484
v 1.41409 13.8578 6.0463
v 1.46501 13.7671 6.08585
v 1.40341 15.2481 5.88997
v 1.26205 19.8952 5.02411
v 1.17462 21.9045 3.95434
v 1.44022 26.09 -2.40244
v 1.72917 -24.5246 -7.56872
v 1.56639 -24.6919 -6.59263
v 1.61768 -24.9916 -6.1928
v 1.67309 -24.4893 -0.544843
v 1.72219 -24.067 -8.18947
v 1.66663 -24.3215 -8.05449
v 1.65728 -24.2531 -1.09454
v 1.68691 -24.1529 0.440816
v 1.51861 -24.0429 0.499967
v 1.73622 -23.6992 -8.14124
v 1.56412 -23.7818 0.378743
v 1.69167 -23.6918 1.00014
v 1.65946 -23.1001 -8.03104
v 1.5665 -22.1794 -7.94811
v 1.81796 -22.1345 -7.86829
v 1.78304 -21.8529 -0.0864672
v 1.7983 -21.7005 0.127994
v 1.82281 -21.652 0.247851
v 1.67983 -20.8187 -7.94811
v 1.62311 -18.9663 -8.12676
v 1.66504 -14.0833 -8.35213
v 1.72193 -12.6392 -8.40732
v 1.68722 -11.773 -8.42834
v 1.66412 -11.0925 -8.46566
v 1.69118 -11.1498 -4.39189
v 1.71462 -10.5412 -8.32267
v 1.75523 -10.5744 -7.2771
v 1.7404 -10.4538 -6.15526
v 1.8083 -9.91071 -10.8734
v 1.52799 -10.1668 -6.10824
v 1.69291 -10.0866 -5.30189
v 1.68459 -10.2515 -5.02699
v 1.74301 -10.072 -4.27979
v 1.68525 -9.87939 -6.99475
v 1.77961 0.867185 -10.9631
v 1.70514 5.21243 -1.51636
v 1.60242 5.29461 -10.7293
v 1.72673 6.15537 0.954582
v 1.6233 6.62374 3.59933
v 1.52848 6.55684 4.16181
v 1.63971 6.71373 4.31227
v 1.76919 6.88085 4.7671
v 1.67719 7.37558 6.66745
v 1.68767 7.41972 6.86593
v 1.68338 7.58399 6.65444
v 1.61236 7.5849 6.81878
v 1.77129 8.74833 -8.16868
v 1.7851 8.73835 -6.76206
v 1.7991 8.72822 -5.33616
v 1.74698 11.3546 7.14526
v 1.75637 11.3542 7.31456
v 1.81325 11.5189 6.98962
v 1.62092 11.6471 7.13645
v 1.62715 11.691 7.3704
v 1.69246 11.6971 7.58796
v 1.76755 11.8002 7.80968
v 1.64571 13.0693 5.79969
v 1.60643 13.5395 6.06255
v 1.5942 13.5258 6.15783
v 1.73449 13.1398 6.46146
v 1.74902 17.6824 5.5593
v 1.78393 23.5488 2.34482
v 1.58617 24.9248 -9.74734
v 1.59036 26.1375 -6.73885
v 1.9982 -24.5935 -7.59924
v 2.12156 -24.774 -7.23511
v 2.01834 -24.5759 -6.71158
v 1.98043 -24.616 -5.36388
v 1.89587 -24.995 -5.16968
v 2.14238 -24.8823 -4.04199
v 1.84652 -24.5095 -3.50968
v 1.97187 -24.6404 -1.60622
v 1.97482 -24.0464 -8.39761
v 1.93377 -24.1627 -8.21822
v 1.8606 -24.1266 -7.99139
v 2.00717 -24.3615 -7.53302
v 2.06754 -24.3473 -7.39113
v 2.05445 -24.3632 0.1867
v 1.99026 -23.655 -8.36129
v 1.84661 -23.6783 -8.1727
v 1.85192 -23.6722 -7.97734
v 2.04993 -23.0242 -8.21806
v 1.89798 -23.0568 -8.02326
v 1.90211 -23.0613 -7.82245
v 2.01677 -22.0955 -8.00069
v 1.93989 -22.1151 -7.70107
v 1.89118 -21.7635 -0.355999
v 2.06221 -21.8758 -0.0351342
v 2.07373 -21.7142 0.180116
v 2.12716 -21.6976 0.339464
v 1.97725 -21.696 0.603324
v 2.08182 -21.7749 0.787774
v 2.09854 -21.7391 1.40182
v 1.90613 -21.5812 -0.108103
v 1.9502 -21.4778 0.125957
v 1.91657 -21.5761 0.362361
v 2.0875 -21.4652 0.501083
v 2.07032 -20.7452 -8.13511
v 1.91833 -20.7732 -7.94036
v 1.92243 -20.7716 -7.73962
v 2.11156 -18.8739 -8.26596
v 1.91386 -18.9071 -8.05825
v 1.97589 -18.8897 -7.87409
v 1.92977 -18.4449 -1.01535
v 1.994 -16.3831 -8.25164
v 2.01774 -14.5204 -2.68443
v 2.12955 -13.9934 -8.43407
v 1.85586 -13.0069 -3.55546
v 2.15154 -11.6852 -8.51086
v 2.12787 -11.0108 -8.54993
v 2.04475 -10.5169 -9.24042
v 1.85597 -10.5698 -7.978
v 1.90071 -10.0629 -7.80274
v 2.05358 -10.01 -4.54785
v 1.99945 -9.97593 -2.83666
v 2.15642 -9.68336 -7.08952
v 1.90394 -9.65134 -6.24247
v 2.14152 -9.53589 -5.46675
v 2.12776 -4.14829 -10.9853
v 1.9845 0.644044 -0.223149
v 2.07482 6.70196 3.44892
v 1.99738 6.73713 4.12764
v 1.99822 6.71396 4.22593
v 2.05572 7.28872 5.69058
v 1.97351 7.43261 6.68593
v 1.97394 7.42286 6.86263
v 2.02789 7.62906 6.66432
v 2.02428 7.61725 6.87949
v 1.99633 8.37897 -9.27512
v 1.87146 8.2737 -7.11877
v 2.04762 8.34182 -4.07033
v 1.8551 9.71196 -9.99126
v 1.94698 11.3305 -12.1561
v 2.01597 11.3887 6.09092
v 2.03541 11.3243 6.95245
v 1.99634 11.1408 7.10614
v 2.00967 11.1895 7.36849
v 1.98747 11.33 7.57099
v 2.08048 11.3651 7.73976
v 2.01053 11.7699 6.90267
v 1.90082 11.8934 7.12771
v 1.99626 11.9673 7.35923
v 1.85825 11.8455 7.6218
v 1.97008 11.7265 7.86807
v 2.02781 12.3247 7.05388
v 2.08936 12.0311 7.57606
v 1.86718 12.715 -13.0876
v 1.95939 13.5917 5.98329
v 1.96027 13.5622 6.07983
v 2.04681 15.3275 5.54129
v 1.859 19.9897 4.8026
v 1.90134 25.7638 -1.43794
v 2.10154 26.1257 -5.71443
v 2.36783 -24.8529 -6.50547
v 2.42998 -24.4988 -5.48993
v 2.45024 -24.7394 -2.88038
v 2.44215 -24.0938 -8.47254
v 2.20943 -24.4336 -7.70558
v 2.26727 -24.4375 -6.75297
v 2.27901 -24.3136 -6.71693
v 2.28551 -24.2048 0.703135
v 2.39088 -24.0192 0.884452
v 2.32092 -23.9246 0.985505
v 2.4318 -23.5727 -8.53634
v 2.36163 -23.7972 0.812927
v 2.46672 -22.6967 1.83121
v 2.17113 -21.7598 -0.272156
v 2.1712 -21.6712 -0.170578
v 2.25504 -21.7896 0.570227
v 2.37325 -21.8886 0.767468
v 2.31451 -21.7968 1.04617
v 2.33847 -21.9977 1.20718
v 2.4772 -22.1285 1.42205
v 2.17771 -21.5932 -0.0641882
v 2.21427 -21.5054 0.132366
v 2.32622 -21.5209 0.408801
v 2.328 -21.5744 0.680187
v 2.29749 -21.6094 0.887914
v 2.35807 -16.317 -8.43105
v 2.21872 -16.3377 -8.24001
v 2.22646 -16.3287 -8.04045
v 2.21256 -16.0839 -1.86457
v 2.47045 -13.9229 -8.37992
v 2.43941 -13.9234 -8.23658
v 2.30262 -12.5242 -8.44672
v 2.47723 -12.5891 -2.90064
v 2.38332 -11.6415 -8.42752
v 2.25229 -11.0668 -3.69708
v 2.3337 -10.8084 -8.45919
v 2.44813 -10.8181 -8.32038
v 2.35919 -10.023 -7.86633
v 2.48209 -10.0173 -3.80489
v 2.41348 -10.32 -0.504991
v 2.41579 -9.42844 -6.36667
v 2.43063 -9.41699 -5.00295
v 2.42973 -9.4862 -4.69363
v 2.24911 -9.39736 -3.93531
v 2.20756 -7.78571 -10.9924
v 2.4438 5.68289 -8.00706
v 2.42461 6.22512 -9.2197
v 2.41677 6.77809 -9.69575
v 2.28845 6.61938 -8.80373
v 2.35544 6.81635 -8.19214
v 2.22547 6.73349 3.37862
v 2.31168 6.56584 3.69219
v 2.34695 6.73507 3.89514
v 2.27045 6.76594 4.03031
v 2.28331 7.19643 -9.2844
v 2.34351 7.38398 -8.64959
v 2.1806 7.45318 6.72122
v 2.18442 7.4852 6.84557
v 2.36965 7.51813 -9.53912
v 2.42809 7.7092 -8.8907
v 2.18562 7.663 5.22843
v 2.33015 7.70323 6.64414
v 2.36977 7.67193 6.81883
v 2.47758 8.62999 7.33001
v 2.4053 8.78872 6.09141
v 2.2176 9.52123 -9.23216
v 2.33918 9.47156 -8.90476
v 2.36674 9.47104 -8.77654
v 2.33165 10.0231 6.33147
v 2.43649 10.8329 6.95656
v 2.38113 10.7959 7.11089
v 2.46605 10.7831 7.25225
v 2.46808 10.344 7.794
v 2.32859 11.1375 6.89094
v 2.19186 10.957 7.13736
v 2.30888 10.966 7.35866
v 2.32109 11.1212 7.59429
v 2.34011 11.2835 7.84122
v 2.48548 11.8954 6.66974
v 2.22538 11.6813 6.83668
v 2.20448 11.9751 7.07329
v 2.29975 11.692 7.84578
v 2.25335 12.0108 7.18951
v 2.3312 12.0676 7.37463
v 2.36659 12.0709 7.59827
v 2.21485 12.0019 7.74192
v 2.29829 13.1437 5.47181
v 2.24645 13.622 5.81941
v 2.23926 13.612 5.90135
v 2.40321 13.9631 -13.1317
v 2.29987 13.8677 5.73111
v 2.24577 13.7068 5.88224
v 2.41779 17.7765 5.30295
v 2.31872 25.3075 -0.494299
v 2.46924 26.0239 -4.93231
v 2.80006 -24.504 -7.73045
v 2.4986 -24.485 -6.84844
v 2.70434 -24.8742 -5.5076
v 2.51593 -24.6003 -0.638075
v 2.74632 -24.3451 -7.78582
v 2.72599 -24.3465 -5.56809
v 2.65506 -24.2743 -5.54237
v 2.5404 -24.4489 -3.70138
v 2.57775 -24.2913 -1.33873
v 2.51407 -22.935 -8.40083
v 2.73249 -23.3326 1.81399
v 2.77212 -22.2643 1.38567
v 2.61395 -22.2634 1.62698
v 2.74155 -22.4065 1.7986
v 2.57539 -21.9875 -8.28611
v 2.59335 -21.7268 0.874998
v 2.61574 -21.9264 1.03348
v 2.60097 -21.9865 1.25387
v 2.70308 -21.972 1.5387
v 2.53447 -20.6575 -8.31786
v 2.48749 -20.2078 0.333923
v 2.55273 -18.7918 -8.44214
v 2.6756 -18.2636 -1.04562
v 2.79158 -16.2368 -8.60503
v 2.60981 -13.9025 -8.57093
v 2.78168 -13.7782 -2.31001
v 2.6667 -12.4583 -8.62612
v 2.52734 -12.4787 -8.43511
v 2.53506 -12.4692 -8.23559
v 2.63189 -11.5985 -8.64291
v 2.49186 -11.6209 -8.45845
v 2.49882 -11.6198 -8.26126
v 2.7329 -11.0818 -2.96749
v 2.60854 -10.9367 -8.66755
v 2.5106 -10.4556 -8.36691
v 2.50909 -10.5128 -8.1954
v 2.6575 -10.4104 -8.50804
v 2.51784 -9.93171 -8.15695
v 2.64947 -10.0864 -7.77485
v 2.59982 -9.68242 -7.12535
v 2.54071 -9.58895 -6.06682
v 2.73711 -9.53662 -3.91444
v 2.67799 -9.28459 -5.6243
v 2.6336 -4.79109 0.416893
v 2.71553 5.68692 -9.46625
v 2.58956 5.33193 -8.45606
v 2.69507 6.19556 -9.91568
v 2.52504 5.91725 -7.42742
v 2.79392 6.04099 -6.74606
v 2.65165 6.2747 0.48345
v 2.78353 6.49165 -10.179
v 2.58491 6.84083 -7.44716
v 2.56525 6.77606 -2.60102
v 2.69026 6.76291 3.10803
v 2.78483 6.85203 3.71403
v 2.65313 6.81705 3.83462
v 2.70047 7.29308 -10.0958
v 2.53991 7.06377 -9.86006
v 2.55758 7.37303 -7.86717
v 2.64278 6.98881 -3.1738
v 2.57928 6.95219 4.38251
v 2.63098 7.73747 -9.6801
v 2.80954 7.94203 -9.06379
v 2.66132 7.83719 -8.96298
v 2.76428 7.86657 -8.20218
v 2.68217 7.8126 -8.07225
v 2.73747 7.91935 -6.67092
v 2.59448 7.90222 -5.57482
v 2.75153 7.90914 -5.25748
v 2.78112 7.65207 -4.37575
v 2.75406 7.74221 5.06987
v 2.64849 7.82665 6.47523
v 2.61903 7.80187 6.65913
v 2.61861 7.77299 6.77917
v 2.81023 8.49772 5.84039
v 2.80515 8.47144 5.96746
v 2.61484 9.30638 -8.43035
v 2.49967 9.4591 7.66552
v 2.68619 10.6477 6.91893
v 2.66955 10.5703 7.11502
v 2.66157 10.7173 7.37954
v 2.70123 10.8125 7.58298
v 2.80937 10.8402 7.74849
v 2.56673 10.9733 -11.2862
v 2.72813 11.2541 6.68107
v 2.57731 11.0165 6.82167
v 2.57427 10.9281 7.61514
v 2.65404 11.116 7.81291
v 2.72439 11.4528 5.80873
v 2.60211 11.4381 5.87549
v 2.54278 11.7229 6.66658
v 2.65418 11.8008 7.67081
v 2.57614 11.5001 7.8065
v 2.56215 12.0333 6.90433
v 2.65846 12.1036 7.13333
v 2.75105 12.1518 7.34107
v 2.61308 13.6397 5.70909
v 2.54421 13.2809 6.09577
v 2.7702 13.7138 5.54633
v 2.64271 13.7108 5.67404
v 2.72853 15.4209 5.2798
v 2.53512 22.0978 3.33638
v 2.55485 23.8903 -10.6116
v 2.75656 24.651 0.470682
v 2.58011 25.1406 -8.76916
v 2.63802 25.9132 -4.53595
v 2.90653 -24.6231 -7.38757
v 3.08776 -24.8197 -4.36985
v 2.91252 -24.6525 -1.7555
v 2.89762 -24.1115 -8.35631
v 2.8226 -24.2023 -7.54599
v 2.94468 -24.431 -6.9854
v 2.91023 -24.4079 -5.62679
v 2.98841 -24.3321 -3.832
v 2.94162 -24.4295 0.278425
v 3.0318 -23.8966 -8.55507
v 3.11598 -23.8662 1.11228
v 3.09014 -22.9635 2.07726
v 2.8912 -22.3978 1.54583
v 3.07456 -22.4969 1.69561
v 2.97581 -22.4953 1.98459
v 2.86609 -21.9777 1.30464
v 3.00284 -22.1126 1.50957
v 2.84466 -22.1117 1.75088
v 3.11811 -18.1917 -1.21791
v 2.90761 -15.81 -1.87239
v 3.04332 -13.8224 -8.7449
v 3.10021 -12.3783 -8.8001
v 3.08298 -12.1811 -2.44797
v 3.06591 -11.5289 -8.80187
v 3.04406 -10.8986 -8.78147
v 3.09519 -10.3891 -8.58842
v 2.83966 -9.95714 -7.97238
v 2.85058 -10.1886 -3.03181
v 3.04097 -9.62206 -9.62056
v 3.09108 -9.58848 -7.26116
v 2.88328 -9.76419 -7.10268
v 3.04923 -9.50224 -6.44497
v 3.03223 -9.7215 -3.12048
v 3.12778 -9.23741 -5.74114
v 2.94217 -9.23832 -4.85253
v 2.98305 -8.68859 0.248642
v 3.01142 4.22357 -9.86788
v 3.10422 4.1462 -2.46573
v 3.1122 5.05583 -9.56963
v 2.91811 4.88549 -8.78616
v 3.06985 5.51311 -9.977
v 2.9744 6.69097 -10.3144
v 2.93397 6.71741 -6.63105
v 3.13476 6.68608 3.27207
v 2.94031 6.85841 3.64249
v 2.86509 6.86117 3.79572
v 2.95097 7.38558 -10.0852
v 2.88422 7.19661 -7.01294
v 3.14285 6.98711 3.6388
v 2.93577 7.37598 5.27642
v 3.05715 7.51699 -10.2193
v 2.98678 7.99662 -9.83882
v 2.8617 7.80949 -9.70287
v 2.91303 7.98313 -9.09283
v 3.02888 7.94019 -8.30002
v 3.02688 7.59618 -7.26913
v 2.89804 7.75215 5.00573
v 3.05048 8.00181 5.87505
v 2.94492 7.94777 6.29869
v 3.03469 7.87093 6.47557
v 2.87973 7.83307 6.64218
v 3.03735 8.18399 -9.1885
v 3.00257 8.41112 5.82667
v 3.01371 8.43408 5.94982
v 3.0026 8.39594 6.18006
v 2.95619 8.09234 6.44527
v 3.04345 9.0692 -7.59259
v 2.99297 8.72514 5.93049
v 3.00413 10.0725 6.14002
v 3.09567 10.6801 -10.3464
v 3.04579 10.7462 6.71415
v 2.98379 10.4765 6.87899
v 2.9946 10.4034 7.10784
v 2.98327 10.5117 7.35702
v 2.98224 10.6315 7.58863
v 3.00567 10.7679 7.7775
v 2.9637 11.4177 6.5292
v 2.98669 11.0443 6.64151
v 3.03717 11.2567 7.6951
v 2.93771 11.0703 7.79218
v 2.89323 11.7912 6.4818
v 2.98407 11.6758 7.57939
v 2.99292 12.4391 -12.3773
v 2.92553 12.164 6.645
v 3.0282 12.1369 6.87263
v 3.10535 12.1933 7.05608
v 2.82419 12.1077 7.45276
v 2.87197 12.0255 7.49171
v 2.96914 13.2419 5.1903
v 2.96401 13.6282 5.50695
v 2.86373 13.68 5.66378
v 3.10226 14.0293 5.30046
v 3.11776 13.7841 5.4167
v 2.83529 13.7765 5.61048
v 2.86041 15.2656 -13.0847
v 2.84966 25.8752 -4.14807
v 3.17876 -24.6961 -6.63767
v 3.40369 -24.5451 -0.693118
v 3.21283 -24.1986 -8.02113
v 3.35871 -24.3551 -5.75666
v 3.46867 -24.2411 -3.96886
v 3.22351 -24.1273 -3.91378
v 3.27163 -24.2307 -1.53043
v 3.26783 -24.0413 0.606221
v 3.32701 -23.9291 0.938907
v 3.29636 -24.0328 1.06835
v 3.25914 -23.9779 1.29857
v 3.30327 -23.9709 1.48458
v 3.16147 -23.4699 -8.55565
v 3.26688 -23.8588 0.861349
v 3.29836 -23.7565 1.05678
v 3.39347 -23.7839 1.30781
v 3.41825 -23.753 1.54413
v 3.35293 -23.6 1.75285
v 3.31016 -23.5375 1.99855
v 3.31068 -22.8018 -8.44073
v 3.27955 -23.0558 1.81336
v 3.21982 -23.2482 2.09217
v 3.42599 -23.0124 2.2478
v 3.24602 -22.4111 1.80704
v 3.39468 -22.6537 1.92003
v 3.26254 -22.6884 2.189
v 3.3951 -21.832 -8.33411
v 3.25 -21.4876 1.5411
v 3.33039 -20.5006 -8.35958
v 3.27835 -20.0524 0.277192
v 3.29054 -18.6798 -8.46501
v 3.29153 -18.2181 -1.49822
v 3.44952 -16.2417 -8.59826
v 3.34187 -15.7335 -2.04416
v 3.42339 -13.4575 -2.29551
v 3.20832 -11.1023 -2.44861
v 3.27985 -9.90228 -8.07228
v 3.30903 -9.95447 -2.69862
v 3.24957 -10.3511 -2.48207
v 3.17261 -9.44223 -6.49131
v 3.37436 -9.41503 -5.78957
v 3.20128 -9.64899 -2.05513
v 3.34781 -9.31613 -6.57498
v 3.42491 -9.27847 -5.81481
v 3.31637 -9.29902 -5.78388
v 3.38946 -9.18521 -4.98591
v 3.20917 -9.30314 -4.06125
v 3.39058 -0.263375 -9.85896
v 3.44585 3.7269 -7.0395
v 3.30402 4.03541 -6.54008
v 3.38319 4.36255 -9.00872
v 3.3894 4.31445 -5.98391
v 3.15998 5.79205 -10.2377
v 3.3446 5.98521 -10.3698
v 3.35307 6.32454 -8.97262
v 3.20818 6.05883 -5.99172
v 3.40632 6.28478 -3.94155
v 3.23738 6.83291 -10.3226
v 3.28248 6.71931 -6.1137
v 3.15682 6.76924 3.41201
v 3.19574 6.89881 3.60202
v 3.43462 6.99629 -10.5049
v 3.3805 7.17004 -6.34937
v 3.20204 6.97711 3.6068
v 3.39078 7.09236 4.02041
v 3.27976 7.6369 -10.2918
v 3.37729 7.75656 -7.46439
v 3.21231 7.73796 -7.37652
v 3.34101 7.81371 4.69641
v 3.17887 8.01855 5.81593
v 3.28334 8.00006 6.2045
v 3.32735 7.96454 6.41097
v 3.34602 7.9917 6.62076
v 3.2622 8.09995 -9.88021
v 3.31006 8.28622 -9.2292
v 3.28815 8.21123 -8.40456
v 3.17648 8.11102 -8.36028
v 3.43092 8.53394 5.51903
v 3.3122 8.25807 5.79385
v 3.29291 8.32868 5.99835
v 3.32537 8.3214 6.19368
v 3.29063 8.21407 6.41324
v 3.38014 8.23583 6.64008
v 3.40184 8.30429 6.89904
v 3.45614 8.40202 7.08271
v 3.45781 8.71026 5.44907
v 3.15193 8.85927 5.88108
v 3.47055 8.6567 7.10975
v 3.38993 10.1499 7.3823
v 3.4319 10.1643 7.52836
v 3.45652 10.4882 -9.58684
v 3.30992 10.6066 6.66725
v 3.31827 10.3748 6.88535
v 3.30765 10.3828 7.12065
v 3.34012 10.4213 7.34464
v 3.33197 10.5722 7.60214
v 3.23541 10.7405 7.74337
v 3.32938 11.1213 6.47316
v 3.25953 10.9227 6.56721
v 3.29753 11.4326 7.20894
v 3.33234 11.2534 7.57286
v 3.20756 10.9995 7.70791
v 3.3098 11.5575 5.49517
v 3.25561 11.9099 6.29163
v 3.2567 11.595 6.35103
v 3.32397 11.7621 7.4089
v 3.31961 12.0918 6.42485
v 3.43114 12.1856 6.68836
v 3.16437 12.2093 7.18877
v 3.22608 12.1189 7.29721
v 3.45498 13.6588 5.29627
v 3.17168 13.6564 5.45599
v 3.35609 13.3513 5.71477
v 3.44564 13.7214 5.2847
v 3.17094 13.722 5.44822
v 3.44401 16.5822 -13.0874
v 3.32814 20.1914 4.13699
v 3.23485 22.392 -11.4233
v 3.27935 23.7244 1.49909
v 3.1741 25.285 -7.75197
v 3.22645 25.6862 -3.39559
v 3.57965 -24.7076 -5.64684
v 3.49422 -24.7129 -3.16328
v 3.6537 -24.1533 -7.71088
v 3.64027 -23.9758 -7.51437
v 3.75003 -24.387 -7.36558
v 3.60237 -24.2357 -7.17887
v 3.71797 -24.1146 -1.66602
v 3.79823 -24.341 0.281019
v 3.4913 -24.033 1.25166
v 3.56698 -23.99 1.49969
v 3.73632 -23.887 -8.18843
v 3.55695 -23.7708 1.06825
v 3.67951 -23.8278 1.32508
v 3.71803 -23.7381 1.57695
v 3.67011 -23.6981 1.77674
v 3.6447 -23.5636 1.97311
v 3.57438 -23.4121 2.1804
v 3.62244 -23.0739 1.96968
v 3.51488 -23.2216 2.24199
v 3.58163 -22.3991 1.96402
v 3.7441 -19.9784 0.0990613
v 3.60656 -18.0992 -1.3571
v 3.47877 -15.7476 -2.41936
v 3.53776 -15.7136 -2.24407
v 3.6287 -13.8974 -8.71023
v 3.64944 -12.3582 -8.75184
v 3.67195 -11.9719 -2.40739
v 3.59781 -11.3855 -8.73793
v 3.75385 -11.0359 -2.38595
v 3.55988 -10.7409 -8.68335
v 3.47783 -10.3711 -8.51413
v 3.73673 -9.99368 -8.15146
v 3.76962 -10.332 -2.40912
v 3.68476 -9.4768 -8.15131
v 3.53392 -9.48915 -7.39366
v 3.66594 -9.39316 -5.05363
v 3.60348 -9.45505 -3.73798
v 3.47984 -9.49254 -3.26033
v 3.68854 -9.82825 -2.64466
v 3.79327 -9.20083 -6.71318
v 3.60798 -9.14858 -5.8751
v 3.62441 -9.23539 -5.07062
v 3.65338 -9.2484 -4.20376
v 3.75982 -8.10918 -9.71497
v 3.58184 -0.475778 -1.8143
v 3.77979 3.38033 -7.48086
v 3.80015 4.01293 -9.21516
v 3.47296 4.6093 -9.56015
v 3.66884 4.55345 -5.36845
v 3.66573 5.12701 -10.1605
v 3.5123 4.79224 -9.84688
v 3.73434 6.24126 -10.52
v 3.56273 6.11889 -10.3347
v 3.60091 6.05539 -7.84974
v 3.61503 6.04482 -6.51732
v 3.67684 6.25251 -5.42363
v 3.63001 6.03349 -5.13885
v 3.77929 6.61951 -0.252194
v 3.71192 6.93325 2.4577
v 3.55263 6.94087 3.44771
v 3.64368 7.05421 -10.5088
v 3.70107 7.38864 -6.57169
v 3.49759 7.33164 -6.4461
v 3.59402 7.42084 -3.30537
v 3.50503 7.02896 3.46306
v 3.56433 6.98576 3.53353
v 3.73572 7.64038 -10.2014
v 3.61539 8.06716 -9.79504
v 3.62357 7.99848 -7.51367
v 3.66393 8.05982 6.11707
v 3.52592 8.00961 6.42455
v 3.55372 7.99404 6.62295
v 3.47818 8.06623 6.82198
v 3.66085 8.24813 -9.15672
v 3.49845 8.26079 -8.42238
v 3.59617 8.53402 5.32569
v 3.60415 8.4807 5.52257
v 3.5861 8.4703 5.71669
v 3.63115 8.31686 5.96777
v 3.609 8.23578 6.20003
v 3.50852 8.17487 6.43855
v 3.5941 8.23256 6.68962
v 3.638 8.36249 6.90169
v 3.65976 8.49752 7.13263
v 3.61508 8.54402 7.25434
v 3.70832 8.72912 -6.13771
v 3.5575 8.69144 5.35313
v 3.62392 8.72336 5.50291
v 3.65387 8.65167 5.67909
v 3.61785 8.70705 6.98015
v 3.62084 8.93083 7.15344
v 3.62969 8.91774 7.37164
v 3.66122 9.00922 7.48608
v 3.61998 9.49116 7.36134
v 3.66512 9.43987 7.57329
v 3.57993 10.1859 5.75669
v 3.58131 10.2031 7.2013
v 3.62872 10.0822 7.33974
v 3.60784 10.01 7.5735
v 3.5905 10.4318 -9.16086
v 3.65584 10.7982 6.46648
v 3.63002 10.5898 6.64043
v 3.63197 10.508 6.89248
v 3.61684 10.495 7.13019
v 3.6369 10.4989 7.36782
v 3.60728 10.6361 7.56518
v 3.70058 11.2505 6.27801
v 3.60509 11.1095 6.36717
v 3.71346 11.2075 7.42859
v 3.61795 10.9609 7.54579
v 3.62593 11.7071 6.1718
v 3.63619 11.6669 7.31086
v 3.66485 12.1059 -11.5267
v 3.69583 12.2226 6.23016
v 3.76216 12.1978 6.44851
v 3.52249 12.249 6.90604
v 3.60316 12.1471 7.12105
v 3.77993 13.5952 5.11824
v 3.50433 13.6294 5.26393
v 3.72081 13.6886 -12.403
v 3.7654 13.6912 5.05791
v 3.5147 13.7328 5.29969
v 3.79824 18.1682 -12.8781
v 3.66169 20.2912 -12.2386
v 3.73083 23.9378 -9.66155
v 3.76342 24.2647 -5.71454
v 3.76022 24.7533 -5.58811
v 3.69336 25.2437 -6.73958
v 3.67721 25.3623 -2.42533
v 4.07205 -24.6423 -4.5812
v 3.89982 -24.5774 -1.95894
v 4.03059 -24.4451 -6.64764
v 4.04845 -24.1537 -5.95925
v 3.91868 -24.188 -4.09415
v 3.95007 -23.9758 -1.75735
v 3.92966 -23.9868 0.423655
v 4.06158 -24.112 1.00756
v 3.93936 -23.8514 -1.78787
v 4.11969 -23.6547 1.09805
v 3.98769 -23.5531 1.83455
v 3.83429 -23.3839 1.98008
v 4.06052 -21.323 1.46593
v 4.11221 -20.9383 -0.639989
v 3.9032 -20.047 -0.264118
v 3.90089 -19.991 -0.0818367
v 4.01684 -19.9691 -0.114883
v 4.0774 -17.9982 -1.4451
v 3.82213 -15.6426 -2.18103
v 3.98999 -13.3482 -2.85554
v 4.05126 -13.3376 -2.67371
v 3.85708 -13.3752 -2.46892
v 4.10545 -11.8878 -2.58136
v 4.03152 -11.1419 -8.25369
v 3.94286 -10.3537 -8.21203
v 4.01457 -9.55278 -7.50579
v 3.82408 -9.46075 -7.00718
v 3.80735 -9.46359 -6.00659
v 3.85987 -9.41474 -4.37404
v 4.09274 -9.53702 -3.62571
v 3.92013 -9.43327 -3.41441
v 4.12527 -9.76218 -2.80923
v 4.05607 -9.03201 -6.0055
v 3.86971 -9.09429 -5.12277
v 3.87909 -9.29371 -4.31584
v 3.82138 -4.95621 -9.77818
v 3.95523 3.12395 -8.76003
v 4.02635 3.06028 -3.71577
v 3.9953 4.09492 -9.48954
v 4.09343 4.34095 -9.73294
v 4.10821 4.74136 -4.6913
v 3.99617 5.38607 -10.2709
v 3.95915 5.37223 -10.1751
v 3.99199 6.33909 -10.5585
v 3.96918 6.80194 -5.65023
v 3.92796 6.94316 2.97429
v 3.98227 7.03969 -10.4107
v 3.82086 7.46168 -6.62304
v 3.92093 7.04589 3.16668
v 3.88081 7.13682 3.34571
v 4.12747 8.02412 -7.49961
v 3.93164 7.61163 -6.62346
v 3.81668 7.51841 4.87972
v 3.97386 8.00523 5.95422
v 3.91375 8.04869 6.16895
v 3.84146 8.22058 -8.36506
v 3.81503 8.5209 5.54814
v 3.90783 8.34674 5.73061
v 3.91525 8.22929 5.9391
v 3.96462 8.21601 6.14773
v 3.80993 8.84273 7.20562
v 3.82639 9.07119 7.30596
v 3.82857 9.47699 7.42543
v 3.8503 10.2752 -8.79198
v 3.80737 9.82014 7.47643
v 3.80567 10.8035 6.50929
v 3.86766 10.8218 6.6554
v 3.86533 10.747 6.89887
v 3.91795 10.7651 7.12548
v 3.91323 10.7534 7.35691
v 3.83726 10.7763 7.48017
v 3.95425 11.2942 6.20974
v 3.96832 11.0791 6.42477
v 4.03654 11.0788 6.64954
v 4.03225 10.9969 6.87295
v 4.07816 11.0471 7.14837
v 3.99077 11.094 7.32434
v 3.97734 11.7637 6.01186
v 3.91775 11.5343 6.0989
v 3.99252 11.7104 7.14775
v 3.85236 11.4956 7.27645
v 3.99621 12.052 5.98906
v 3.97815 12.1644 6.17117
v 4.07613 12.2386 6.40153
v 3.8563 12.2666 6.67237
v 3.93546 12.2472 6.90653
v 3.94295 12.0413 7.05508
v 3.95598 13.6088 5.05649
v 3.94148 13.542 5.22309
v 3.88877 14.0137 4.88837
v 3.86828 13.7905 5.05079
v 3.98312 17.984 4.59561
v 4.10169 22.4133 2.21818
v 4.10812 23.7595 -5.8371
v 4.08122 24.0826 -6.12661
v 3.97512 23.9884 -5.91786
v 3.92147 24.163 -5.67253
v 3.81239 24.5582 -5.82671
v 3.8775 24.3446 -5.64765
v 3.88976 24.7368 -5.46358
v 4.0824 25.1809 -6.42144
v 4.05807 25.1298 -5.95967
v 3.81259 24.9461 -5.71555
v 4.06353 24.9129 -1.46443
v 3.98245 25.465 -6.11315
v 3.94451 25.698 -5.77352
v 4.04469 25.7788 -5.43594
v 4.10909 25.7318 -5.28002
v 4.19823 -24.0237 -1.80288
v 4.27975 -24.4041 -0.83038
v 4.1592 -23.9301 1.32715
v 4.16948 -23.3851 -8.27701
v 4.41427 -23.8695 -7.42835
v 4.37354 -23.8735 0.280757
v 4.15515 -23.755 1.32087
v 4.27004 -23.7424 1.4356
v 4.40413 -23.4885 1.83581
v 4.43166 -23.0214 1.9412
v 4.36675 -22.2217 1.89046
v 4.28375 -20.7172 -0.787633
v 4.24672 -20.839 -0.503521
v 4.32763 -20.6793 -0.327816
v 4.29573 -20.5534 -0.0918802
v 4.37063 -20.6346 0.129454
v 4.4376 -20.7482 0.326969
v 4.36308 -20.4819 -0.550033
v 4.42291 -20.3879 -0.371674
v 4.25714 -19.8813 -0.0471447
v 4.32298 -18.5675 -8.19708
v 4.26215 -16.476 -8.24703
v 4.28588 -15.5491 -2.26516
v 4.22367 -14.3423 -8.27533
v 4.33733 -13.2842 -2.60578
v 4.13595 -12.5178 -8.27617
v 4.27576 -11.8442 -2.91573
v 4.24477 -11.8554 -2.77238
v 4.35967 -10.9253 -2.88849
v 4.25776 -10.942 -2.65326
v 4.29452 -9.92995 -7.54974
v 4.3816 -10.2682 -2.89388
v 4.27584 -10.2557 -2.66976
v 4.29437 -9.39854 -3.56397
v 4.27943 -9.84924 -3.13391
v 4.32855 -9.77352 -2.98748
v 4.31434 -9.26134 -6.83729
v 4.32044 -8.97742 -5.2453
v 4.13363 -9.15748 -4.34062
v 4.2749 -8.75973 -1.63322
v 4.24212 -5.49507 -1.52224
v 4.26982 2.98657 -7.86309
v 4.26438 2.7082 -7.58874
v 4.28186 2.69242 -6.33627
v 4.30193 2.67356 -5.025
v 4.31274 4.56109 -9.84509
v 4.31308 5.5556 -10.4121
v 4.31824 6.33605 -10.4599
v 4.1995 6.8975 -5.83575
v 4.294 7.45449 -9.94109
v 4.35249 7.06268 -5.84038
v 4.24966 7.33029 3.21619
v 4.17942 7.28777 3.32924
v 4.14148 7.32578 3.69735
v 4.19354 7.87217 -9.53901
v 4.22257 8.04831 -8.91565
v 4.36045 8.01939 -8.13993
v 4.1807 7.70652 -6.66517
v 4.43627 7.51751 3.23702
v 4.30399 7.95443 5.74292
v 4.39244 7.95535 5.92951
v 4.14687 7.9891 6.07841
v 4.32437 8.12892 5.77084
v 4.26225 8.19346 5.93722
v 4.19188 8.10619 6.10004
v 4.27022 10.0448 -7.97559
v 4.13051 11.3483 6.27658
v 4.20295 11.3966 6.42659
v 4.19335 11.3119 6.65512
v 4.23198 11.3017 6.87466
v 4.20418 11.2629 7.10191
v 4.21121 11.8207 -10.5935
v 4.28146 11.8437 5.96866
v 4.31983 11.6759 6.18227
v 4.3593 11.6297 6.43322
v 4.33568 11.5442 6.66726
v 4.36158 11.6947 6.91627
v 4.23073 11.5854 7.07833
v 4.28815 12.0739 5.96463
v 4.32447 12.1737 6.16471
v 4.35532 12.2609 6.40983
v 4.27664 12.2989 6.66003
v 4.28058 12.1532 6.85943
v 4.40311 13.4401 4.79385
v 4.16948 13.5603 4.99942
v 4.30807 15.011 -12.3396
v 4.32238 15.63 4.56018
v 4.44815 23.089 -6.35362
v 4.41157 23.5593 -6.37756
v 4.32914 23.438 -6.13054
v 4.28864 23.5956 -5.97045
v 4.34275 23.9484 -8.68915
v 4.24427 23.8346 -6.23411
v 4.14962 23.8586 -5.88905
v 4.28666 23.988 -5.70889
v 4.16231 24.2198 -5.54024
v 4.36913 23.7912 0.532946
v 4.31699 24.3765 -0.486991
v 4.24626 24.9467 -6.53895
v 4.18891 25.0563 -5.64012
v 4.22292 25.0108 -5.52906
v 4.43852 24.9739 -5.17675
v 4.13822 25.7908 -5.38175
v 4.15781 25.673 -5.18362
v 4.28219 25.5317 -5.089
v 4.43425 26.2048 -6.82098
v 4.34899 26.5261 -6.40635
v 4.34175 26.7989 -5.92971
v 4.40194 26.8939 -5.60602
v 4.53368 -24.533 -3.45806
v 4.66682 -23.9937 -7.12466
v 4.4609 -24.431 -5.71901
v 4.60842 -23.9866 -4.29675
v 4.64991 -23.9698 -1.92321
v 4.60916 -24.1841 0.148819
v 4.61603 -23.7509 -7.4475
v 4.5808 -23.7141 -7.32533
v 4.58801 -23.6867 0.137611
v 4.78351 -23.6092 0.66611
v 4.64379 -23.5637 0.910745
v 4.6894 -23.6992 1.04469
v 4.74085 -23.7267 1.25521
v 4.46007 -22.6368 -8.20694
v 4.57413 -21.608 -8.11332
v 4.74011 -21.134 0.56179
v 4.70767 -21.3025 0.914396
v 4.68805 -21.2511 1.05807
v 4.64508 -21.3425 1.26297
v 4.52712 -20.8219 -0.725449
v 4.5791 -20.6375 -0.569467
v 4.47229 -20.6648 -0.227939
v 4.5964 -20.6482 -0.0792063
v 4.59025 -20.8263 0.120359
v 4.67625 -20.7805 0.375856
v 4.64016 -20.8201 0.597729
v 4.59203 -21.0652 0.781885
v 4.4777 -20.2648 -8.13127
v 4.65275 -20.4914 -0.349582
v 4.58423 -20.4069 -0.112901
v 4.61804 -20.4716 0.206257
v 4.75072 -19.7737 -0.142395
v 4.74532 -17.9494 -1.98427
v 4.63268 -12.6691 -7.61442
v 4.58571 -11.7969 -2.71822
v 4.46886 -10.8817 -7.57085
v 4.6679 -10.8634 -2.69592
v 4.6846 -10.1666 -2.71642
v 4.71637 -9.66271 -6.87874
v 4.60552 -9.67127 -2.94609
v 4.6015 -9.09714 -6.13037
v 4.58745 -9.04223 -4.45403
v 4.71341 -8.52733 -8.18698
v 4.65272 -1.55173 -3.55694
v 4.5185 -1.38986 -8.51875
v 4.72164 2.73885 -8.20094
v 4.45795 4.6937 -9.79247
v 4.68878 4.79844 -10.0347
v 4.5447 4.72286 -9.91503
v 4.522 4.94688 -4.19997
v 4.72572 5.23742 -4.14942
v 4.72295 5.59594 -10.3188
v 4.77314 6.1564 -10.2158
v 4.49554 6.86076 -10.1552
v 4.63176 7.20493 -5.87961
v 4.74195 7.30557 -1.2241
v 4.62874 7.33742 2.81165
v 4.60639 7.39984 2.96774
v 4.53419 7.4617 3.17902
v 4.58836 7.82418 -7.28231
v 4.62882 7.62486 -6.64692
v 4.6898 7.62475 3.1914
v 4.76918 7.67686 3.42985
v 4.4665 8.04256 3.84475
v 4.61359 7.75772 4.43074
v 4.68819 7.92861 5.51116
v 4.60695 7.90586 5.74005
v 4.61384 8.29873 -3.97418
v 4.63928 8.11118 5.70374
v 4.49645 8.89332 6.40039
v 4.55834 9.72763 6.71757
v 4.48695 10.6073 6.86438
v 4.57097 11.6274 -9.83368
v 4.69946 11.5645 -9.40674
v 4.73016 11.8137 4.59419
v 4.48473 11.9367 6.23242
v 4.51533 11.905 6.40349
v 4.53679 11.8481 6.65355
v 4.50288 11.881 6.81994
v 4.4947 12.0823 6.19989
v 4.57099 12.1563 6.44191
v 4.58491 12.1724 6.63979
v 4.50616 12.0753 6.78783
v 4.58685 12.5829 5.73696
v 4.50151 13.39 -11.5971
v 4.52161 13.4632 4.42442
v 4.66186 13.4946 4.62764
v 4.58614 13.4123 4.77386
v 4.73879 13.1594 4.91403
v 4.59312 13.7629 4.55111
v 4.51788 22.2721 -10.4978
v 4.72998 22.6255 -6.61395
v 4.77752 22.5951 -6.49706
v 4.75045 22.9814 -6.7003
v 4.61444 22.9657 -6.3882
v 4.58295 23.1065 -6.24347
v 4.581 23.2704 -6.53895
v 4.56305 23.4773 -6.07257
v 4.71412 24.2736 -6.82017
v 4.46113 24.6738 -6.62032
v 4.62098 25.0894 -5.05533
v 4.60812 25.9645 -6.95861
v 4.54885 26.874 -5.36735
v 4.60195 26.8448 -5.26182
v 4.69213 26.7363 -5.02215
v 4.90343 -24.0239 -6.59363
v 5.00322 -24.3318 -4.75544
v 4.8422 -24.4126 -2.29471
v 5.08747 -24.2577 -1.17027
v 4.84655 -23.961 0.855096
v 4.95649 -23.7694 -6.23614
v 4.8538 -23.7826 0.143895
v 4.93521 -23.6237 0.834424
v 4.93736 -23.5939 1.09329
v 4.96249 -23.5959 1.2801
v 4.95751 -23.6917 1.51066
v 4.86783 -23.4241 1.6639
v 5.00361 -23.153 1.37554
v 5.05837 -23.1287 1.53362
v 4.93065 -23.109 1.80097
v 5.00038 -22.7257 1.37015
v 5.05725 -22.5545 1.54632
v 4.92287 -22.5653 1.7953
v 4.98149 -21.977 1.29545
v 4.99746 -22.0499 1.50675
v 4.86727 -22.1097 1.70188
v 4.94774 -21.2444 0.847198
v 4.9294 -21.2453 1.08343
v 5.00984 -21.3051 1.36009
v 4.94725 -21.5794 1.50107
v 4.84255 -20.6715 0.211569
v 4.9176 -20.8181 0.43273
v 4.99698 -20.9885 0.666485
v 4.8489 -20.9197 0.886577
v 5.06976 -16.7067 -7.75496
v 4.85896 -15.6095 -2.74825
v 4.82123 -14.7811 -7.67697
v 4.80166 -13.1966 -2.68828
v 5.05023 -11.711 -2.80016
v 5.01167 -10.689 -6.91109
v 5.07664 -9.51236 -6.17409
v 5.06681 -9.56734 -3.03743
v 5.04449 -8.83431 -6.00255
v 4.84151 -9.03793 -5.36942
v 5.09213 -8.93749 -4.95141
v 5.06789 -9.09747 -4.57577
v 4.89782 -9.07591 -3.62773
v 5.00409 -8.75663 -7.00881
v 4.96484 -5.78666 -8.3116
v 4.89212 -1.82701 -7.32348
v 4.92134 -1.86265 -6.17026
v 4.95805 -1.90945 -4.95397
v 4.94479 2.83381 -8.49959
v 5.05818 3.05478 -8.72004
v 4.87534 4.86339 -10.0399
v 4.96813 5.60442 -10.1446
v 5.05865 5.7152 -4.43635
v 4.89015 5.58184 -4.3309
v 5.08222 7.43649 -9.0376
v 4.93894 7.18054 -5.87067
v 4.92066 7.32668 1.35801
v 5.06937 7.61342 -8.42475
v 5.10152 7.5875 -7.6561
v 5.08371 7.93069 5.01763
v 4.97436 7.93531 5.25292
v 4.99412 7.93022 5.48516
v 4.87863 7.90079 5.65755
v 5.09914 8.12598 4.29502
v 5.09655 8.3914 5.20322
v 4.79533 8.08669 5.50406
v 4.90135 9.71935 -6.5634
v 4.80335 9.21594 4.55318
v 4.85121 10.4684 4.74699
v 4.96313 11.4153 -9.04209
v 5.07848 11.6512 6.08567
v 5.08415 13.1164 -10.6787
v 5.01918 13.0944 4.54686
v 5.02777 13.1642 4.53163
v 4.82163 13.3197 4.73523
v 5.0879 14.9786 3.32833
v 5.0133 15.1435 3.61553
v 5.0785 15.0763 3.93614
v 5.07149 15.6007 3.29703
v 5.0535 15.7576 3.62598
v 4.91139 16.3355 -12.2836
v 5.02308 20.0875 -11.3335
v 5.00161 20.5983 2.7652
v 5.06111 22.4488 -7.00349
v 4.98854 22.2543 -6.79995
v 4.91857 22.4983 -6.59989
v 4.91285 22.7038 -6.85677
v 4.87348 22.6602 -6.58373
v 4.90161 22.9 -6.39501
v 4.8675 23.8261 -7.70135
v 4.98616 23.8097 -7.07925
v 4.93278 24.4357 -5.66351
v 4.83312 24.6971 -5.33518
v 4.81772 24.7829 -4.426
v 4.87365 25.661 -7.04962
v 4.87801 26.5342 -4.84057
v 5.09236 26.976 -6.92134
v 4.99506 27.289 -6.53027
v 4.97406 27.5452 -6.09683
v 5.04271 27.6377 -5.76639
v 5.28721 -23.9801 -5.85573
v 5.35931 -24.0455 -0.163846
v 5.42469 -23.4519 -6.99808
v 5.25494 -23.6891 -6.88992
v 5.33965 -23.7684 -2.1258
v 5.30794 -23.7259 0.0308813
v 5.15923 -23.6552 1.10382
v 5.22156 -23.6212 1.30659
v 5.28522 -23.4382 1.49722
v 5.14503 -23.5405 1.73901
v 5.15957 -23.291 -7.61621
v 5.35454 -23.2716 -6.88886
v 5.2833 -23.161 1.59263
v 5.31515 -23.0473 1.75449
v 5.22513 -22.9976 1.98195
v 5.23296 -22.6755 1.5735
v 5.35535 -22.5323 1.71414
v 5.22444 -22.5436 1.98439
v 5.30757 -21.9415 1.53706
v 5.2143 -21.9859 1.74028
v 5.20208 -22.219 1.92126
v 5.15368 -21.3637 1.12755
v 5.21945 -21.5637 1.32065
v 5.35157 -18.4509 -7.78213
v 5.41703 -16.0105 -3.86661
v 5.41439 -14.8382 -7.15193
v 5.27905 -13.3144 -3.0818
v 5.21254 -12.6242 -7.00795
v 5.43873 -10.5564 -6.22442
v 5.13213 -10.7749 -2.77872
v 5.1479 -10.0711 -2.80189
v 5.24354 -9.4393 -5.41086
v 5.34805 -9.48302 -4.61011
v 5.34697 -9.56869 -3.27938
v 5.31416 -9.28953 -3.77077
v 5.34109 -6.14819 -7.11792
v 5.38824 -6.21865 -6.05586
v 5.20804 -6.1383 -3.52633
v 5.39424 0.906059 -4.59144
v 5.27383 1.18561 -4.02142
v 5.35283 1.51065 -3.46076
v 5.23345 3.22761 -8.83651
v 5.38406 3.38178 -8.78866
v 5.28822 4.98561 -9.89996
v 5.36738 5.68878 -9.78815
v 5.19098 5.74806 -4.56514
v 5.35775 5.92959 -4.54799
v 5.23144 6.42568 -9.6911
v 5.13699 7.02456 -9.45053
v 5.18487 7.393 -6.77751
v 5.18193 7.20225 -6.08331
v 5.28687 7.87547 2.73476
v 5.22698 7.93852 2.94275
v 5.28102 8.03218 3.1237
v 5.19477 8.03866 3.29245
v 5.23309 7.97652 4.24186
v 5.25934 7.8866 4.8807
v 5.25661 7.92982 5.00321
v 5.24272 7.92154 5.23302
v 5.25252 8.08526 -2.40254
v 5.30143 8.12801 3.04277
v 5.2942 8.10207 3.13948
v 5.24165 8.13563 3.85969
v 5.30885 8.17358 4.27826
v 5.21412 8.07294 4.91827
v 5.32296 9.14885 5.61547
v 5.36975 9.9692 5.84273
v 5.31385 10.7916 6.06019
v 5.37929 11.1889 -8.23569
v 5.21717 12.5515 5.05512
v 5.293 12.9628 4.39691
v 5.22487 12.9785 4.50805
v 5.22976 13.2638 4.29233
v 5.15204 14.7428 -11.5569
v 5.29361 14.6222 3.35723
v 5.21269 14.5893 3.62985
v 5.25389 14.5468 3.83242
v 5.31008 14.6497 4.08963
v 5.23345 14.9923 3.10079
v 5.23553 15.195 4.25323
v 5.20563 15.4138 3.02295
v 5.26435 15.8184 3.05994
v 5.12015 15.6889 3.95375
v 5.29294 15.6092 4.23646
v 5.39945 16.1362 3.20538
v 5.27455 16.1245 3.40064
v 5.2347 16.0887 3.64768
v 5.28678 16.035 3.90379
v 5.4218 15.9728 4.1247
v 5.22114 17.9331 -12.0089
v 5.35945 21.9572 -7.24375
v 5.21156 21.9318 -7.00243
v 5.21516 21.9016 -6.89349
v 5.40767 22.0961 -6.72628
v 5.14421 22.141 -9.57056
v 5.20629 22.2041 -7.13448
v 5.14758 22.1562 -6.83548
v 5.24822 22.3483 -6.62465
v 5.23542 22.8692 0.516227
v 5.25821 23.3458 -7.33834
v 5.22967 23.6733 -6.93113
v 5.35718 23.563 -6.55013
v 5.43289 23.5559 -6.45031
v 5.4194 23.5754 -6.20477
v 5.14736 24.0393 -5.94568
v 5.26012 24.4648 -3.4485
v 5.23392 25.1502 -7.32437
v 5.18647 26.1749 -4.68714
v 5.25262 26.7129 -7.12468
v 5.21481 27.5913 -5.46777
v 5.3152 27.5151 -5.20727
v 5.47921 -24.2081 -3.73995
v 5.7105 -24.1208 -2.65559
v 5.58164 -23.6041 -6.55583
v 5.51646 -23.6023 -4.57363
v 5.59024 -23.5994 0.625458
v 5.70168 -23.5208 0.882634
v 5.64832 -23.4815 1.04282
v 5.73224 -23.0852 -6.48269
v 5.61746 -22.4585 -7.62479
v 5.57992 -21.0354 1.03294
v 5.63996 -20.019 -7.69221
v 5.46623 -19.6687 -0.622292
v 5.56809 -18.0266 -3.26525
v 5.71262 -16.7004 -7.32566
v 5.71183 -14.4904 -4.94656
v 5.55005 -13.8877 -3.93146
v 5.64503 -12.5082 -6.36915
v 5.69963 -12.4459 -5.61045
v 5.60707 -12.3181 -4.76819
v 5.59805 -12.0058 -3.87871
v 5.47748 -11.7297 -3.15252
v 5.52882 -10.4768 -5.46082
v 5.50281 -10.4671 -4.64494
v 5.58157 -10.5444 -3.80146
v 5.53478 -10.6623 -3.11713
v 5.5315 -9.91912 -3.13236
v 5.52113 -9.68303 -3.79285
v 5.44943 -6.31392 -4.93644
v 5.68312 0.651675 -5.16259
v 5.60079 1.86296 -2.89593
v 5.5473 3.45457 -8.93417
v 5.58869 6.03132 -4.59931
v 5.61442 8.44976 3.02873
v 5.58929 8.42124 3.10765
v 5.64601 8.47878 3.36849
v 5.7185 8.63892 3.12938
v 5.73143 8.78588 4.3106
v 5.73353 9.31781 -4.47239
v 5.7149 11.7678 5.11784
v 5.72141 12.5152 4.17916
v 5.62368 12.5074 4.45909
v 5.4433 12.9219 -9.91898
v 5.55479 12.8607 -9.58966
v 5.57336 12.85 -9.45972
v 5.66402 12.629 4.15352
v 5.55779 12.7316 4.267
v 5.75568 14.4792 -10.6462
v 5.57868 14.6005 3.1912
v 5.61604 14.3166 3.66763
v 5.60181 14.4313 4.14302
v 5.61477 14.7042 4.37232
v 5.63749 15.0836 2.93636
v 5.49596 15.1147 4.45062
v 5.48154 15.5973 2.89784
v 5.57919 15.7226 4.34871
v 5.6878 16.0805 -11.4639
v 5.5878 16.1219 3.09568
v 5.63913 16.3084 3.4041
v 5.50832 16.2961 3.60859
v 5.56287 16.2399 3.87683
v 5.70632 16.19 4.01801
v 5.7614 18.4414 3.04258
v 5.66114 19.8806 -10.4324
v 5.67421 21.9352 -8.60786
v 5.65951 21.8132 -7.44948
v 5.59958 21.7476 -7.24226
v 5.60819 21.7151 -7.13724
v 5.5314 21.8654 -6.89434
v 5.70033 22.6158 -7.69838
v 5.50476 22.9313 -7.5579
v 5.69144 23.1115 -6.46386
v 5.61017 23.4957 -6.15332
v 5.68534 23.4979 -1.22788
v 5.62137 24.0331 -2.46593
v 5.62514 24.5234 -7.68615
v 5.6141 25.2563 -5.55623
v 5.53106 25.5501 -5.07167
v 5.4575 25.7997 -4.7136
v 5.53152 26.3847 -7.31384
v 5.55806 27.2463 -4.91325
v 5.70557 27.9776 -6.30632
v 5.7392 28.0741 -5.99432
v 5.8533 -24.0156 -1.58512
v 5.84961 -23.3572 -6.61443
v 5.90423 -23.5358 -6.00566
v 5.78924 -23.8697 -4.97196
v 6.06378 -23.8385 -0.611306
v 5.96564 -23.5306 -0.162583
v 5.84828 -23.182 -6.63334
v 5.83547 -23.1605 -6.48902
v 6.02616 -23.0109 -6.00844
v 5.80199 -23.0914 1.50247
v 5.82182 -22.5613 1.52825
v 5.83911 -21.9429 1.47087
v 5.78017 -21.3689 -7.60112
v 6.07785 -18.3265 -7.36398
v 6.0948 -16.6076 -6.82409
v 5.86813 -16.4382 -5.14676
v 5.82167 -14.7358 -6.57885
v 5.8616 -14.6965 -5.83637
v 5.98867 2.22537 -2.3142
v 5.82004 3.57348 -9.02536
v 5.87483 6.03224 -4.61864
v 5.87403 8.02773 -0.228086
v 5.77071 8.4869 2.35542
v 5.933 8.57146 2.74992
v 5.84635 8.59468 2.98634
v 5.78902 8.57995 3.1205
v 5.97699 8.86388 3.02181
v 5.99525 8.95545 3.11309
v 5.9708 9.51434 4.55785
v 6.02579 10.2737 4.73223
v 5.97569 10.8666 -6.84879
v 5.96247 11.0167 4.96455
v 6.01199 12.197 3.92023
v 5.95728 12.3157 4.01908
v 5.79829 12.5272 4.22502
v 5.83097 12.7122 -9.13649
v 5.90988 12.7426 3.8791
v 5.81232 12.6084 4.0957
v 5.83322 14.5421 3.26843
v 5.96649 14.4926 3.41738
v 6.04214 14.4458 3.61024
v 6.04708 14.4096 3.81367
v 5.91714 14.3909 4.05414
v 5.98607 14.6454 4.33219
v 6.03507 15.2703 3.00334
v 5.95573 14.8673 3.08372
v 6.06992 15.0153 4.43706
v 5.7911 15.0511 4.51565
v 5.92175 15.7163 2.97706
v 5.99103 15.7137 4.3317
v 5.82423 15.4716 4.48741
v 5.91314 16.0565 3.14062
v 5.86874 16.2687 3.39868
v 5.96221 16.2409 3.6328
v 6.05175 16.1553 3.86527
v 5.88405 16.1567 4.02853
v 5.89867 17.6929 -11.1363
v 6.05855 21.889 -7.86744
v 5.83792 21.7189 -7.08495
v 5.8807 22.3373 -7.79601
v 5.95905 22.6856 -6.64091
v 5.99127 23.3015 -5.40436
v 5.98354 23.8719 -8.03828
v 5.91354 24.7487 -5.96216
v 5.98474 25.876 -7.66237
v 5.86199 26.8879 -4.7612
v 5.95748 27.1704 -7.20079
v 5.89103 27.43 -6.98156
v 5.84823 27.718 -6.69
v 5.89916 28.0186 -5.69213
v 6.01263 27.952 -5.43597
v 6.34523 -23.4248 -5.16749
v 6.24139 -23.7467 -3.9842
v 6.2477 -23.3841 -2.40269
v 6.36568 -23.4772 0.166732
v 6.38572 -23.4554 0.404412
v 6.15703 -23.1624 -6.12956
v 6.41496 -22.9906 -4.8585
v 6.40364 -23.239 -0.0347727
v 6.3061 -23.2111 0.169027
v 6.32795 -23.2806 0.384704
v 6.36414 -23.2882 0.603506
v 6.20987 -23.3044 0.876758
v 6.23242 -23.0291 1.24577
v 6.30178 -20.9161 0.644581
v 6.37233 -19.5883 -1.70849
v 6.26632 -18.1357 -4.75755
v 6.12034 -16.5787 -6.11518
v 6.11081 0.403394 -5.7275
v 6.37571 2.57447 -1.89802
v 6.22586 3.73681 -8.90989
v 6.41031 6.3733 -7.19716
v 6.33982 6.38168 -6.44641
v 6.27382 6.23244 -5.57106
v 6.14412 6.06878 -4.86224
v 6.23937 8.77607 -2.19811
v 6.15472 9.11485 3.03414
v 6.16388 9.0741 3.11154
v 6.13212 9.14711 3.51531
v 6.32135 9.46527 2.98827
v 6.33459 9.47965 3.12072
v 6.3899 9.83892 3.63874
v 6.3281 10.9697 2.94961
v 6.38233 11.2047 4.00848
v 6.34657 11.7689 3.67901
v 6.27742 11.855 3.80926
v 6.11708 11.8615 4.25014
v 6.23421 12.4944 -8.35735
v 6.4048 12.3101 2.85367
v 6.37846 12.0141 3.6531
v 6.15189 12.1301 3.90758
v 6.22559 14.2186 -9.55811
v 6.24363 14.2046 -9.4288
v 6.35636 13.9451 2.78152
v 6.11465 14.2834 -9.88672
v 6.15208 14.7945 3.30318
v 6.26353 14.7254 3.58734
v 6.27082 14.6721 3.88706
v 6.17267 14.6438 4.15054
v 6.26056 15.1866 3.25536
v 6.38855 15.1073 3.58168
v 6.39691 15.0461 3.92588
v 6.28421 15.0136 4.22845
v 6.26875 15.8214 -10.5408
v 6.27317 15.6012 3.2822
v 6.33947 15.7163 3.60858
v 6.3466 15.6642 3.90176
v 6.20541 15.8372 4.10618
v 6.29579 15.4357 4.21276
v 6.16815 16.1051 2.95053
v 6.18774 15.9665 3.37905
v 6.1958 19.6375 -9.48201
v 6.16781 21.2994 0.431636
v 6.2631 21.7813 -7.92535
v 6.38498 21.6548 -7.86515
v 6.15489 21.6348 -7.46358
v 6.23503 21.6161 -7.36749
v 6.41654 21.5449 -7.07555
v 6.42558 22.0425 -6.69617
v 6.21779 22.3359 -6.65389
v 6.29213 23.2979 -8.31602
v 6.30909 24.1237 -6.31399
v 6.26218 25.8877 -5.86779
v 6.16765 26.218 -5.27769
v 6.11828 26.5058 -4.82654
v 6.25511 26.8556 -7.48297
v 6.2651 27.6758 -5.17667
v 6.4004 28.1372 -6.58959
v 6.34166 28.2672 -6.24106
v 6.47556 -23.6649 -2.93433
v 6.60369 -23.5873 -1.94725
v 6.73769 -23.4766 -1.14789
v 6.45984 -23.445 0.403477
v 6.51696 -23.4269 0.571723
v 6.58257 -23.3718 0.72318
v 6.54848 -23.0124 -5.26944
v 6.68251 -23.2113 0.150871
v 6.6089 -23.1965 0.403909
v 6.67488 -23.0501 0.625353
v 6.53094 -23.1688 0.836371
v 6.66858 -22.9723 0.99665
v 6.43802 -22.2854 -6.61962
v 6.72959 -22.6708 1.06935
v 6.44783 -22.4894 1.20119
v 6.53207 -21.8406 1.12322
v 6.68085 -21.168 -6.77487
v 6.73251 -20.8832 -1.80783
v 6.63745 -20.8306 -1.47866
v 6.73732 -20.6808 -1.32837
v 6.4807 -19.832 -7.10168
v 6.48611 -18.2262 -6.79577
v 6.56063 -18.1824 -5.93067
v 6.52878 0.273948 -6.21007
v 6.61474 2.88024 -1.83229
v 6.44381 4.46826 -8.73553
v 6.45762 5.20088 -8.55281
v 6.47061 5.78141 -8.24934
v 6.46134 6.18161 -7.80426
v 6.74198 9.19392 0.136648
v 6.4957 9.31783 2.70518
v 6.44705 9.3174 2.81764
v 6.47965 9.64691 3.12684
v 6.70455 10.0303 2.94671
v 6.56479 10.0713 3.16414
v 6.71692 10.4675 -4.80763
v 6.64009 10.6242 3.21994
v 6.61901 10.663 3.32574
v 6.4598 10.5322 3.78704
v 6.72663 11.4131 3.26692
v 6.58815 11.2055 3.43278
v 6.52591 11.3038 3.55969
v 6.46865 11.6325 3.66434
v 6.48013 12.1268 3.46561
v 6.43179 12.0699 3.56278
v 6.49784 14.0762 -9.11324
v 6.62788 15.6243 -9.78167
v 6.73114 15.5529 -9.38003
v 6.44653 17.4386 -10.1955
v 6.55678 19.436 -8.72494
v 6.67372 19.354 -8.40359
v 6.69685 19.325 -8.28096
v 6.53348 21.6299 -7.70883
v 6.55909 21.566 -7.54194
v 6.58229 21.6094 -7.27955
v 6.54035 21.7858 -6.96109
v 6.75436 22.5828 -8.52347
v 6.53395 22.9034 -8.45464
v 6.42917 22.9939 -4.41728
v 6.6805 23.478 -6.63625
v 6.45945 25.2277 -8.07127
v 6.65393 25.3783 -6.34997
v 6.7452 26.6312 -5.64275
v 6.58251 27.4088 -7.3056
v 6.61744 27.3054 -5.13639
v 6.4896 28.2054 -5.93458
v 6.61613 28.1445 -5.68332
v 6.96511 -22.8954 -4.25135
v 6.76816 -23.307 -4.1633
v 7.03653 -23.2185 -3.11507
v 6.83233 -23.1313 -0.563814
v 6.92125 -23.0859 -0.387779
v 6.80163 -23.2457 0.589737
v 6.91193 -22.9304 0.80989
v 6.82471 -23.0178 1.09896
v 6.92723 -22.8176 1.19688
v 6.9289 -22.4759 0.786242
v 6.8262 -22.3876 1.04645
v 7.01729 -22.6003 1.23227
v 7.07607 -22.1071 -5.08507
v 7.06101 -22.0011 0.648278
v 6.97802 -21.7692 0.799194
v 6.9215 -22.0496 0.952302
v 6.9949 -21.17 0.125813
v 7.00909 -21.3282 0.36567
v 7.01038 -21.4951 0.573286
v 6.88775 -20.8051 -1.66956
v 6.93567 -20.7319 -1.49257
v 6.90703 -20.7489 -1.23207
v 6.93226 -20.6713 -1.04524
v 6.97307 -20.7587 -0.802838
v 6.99921 -20.8638 -0.587698
v 6.95385 -20.8754 -0.369857
v 6.97625 -21.0165 -0.123276
v 7.02151 -20.4918 -1.32146
v 7.01732 -19.6946 -6.18479
v 6.86405 0.464799 -6.61827
v 6.89978 3.23107 -1.99814
v 6.78868 10.0522 2.78291
v 6.84252 10.7508 2.98777
v 6.78089 11.4567 3.16312
v 6.77082 12.1694 -7.00792
v 6.88787 13.8668 -8.36089
v 6.81947 15.5124 -9.29261
v 7.00959 15.4179 -9.01119
v 6.80639 17.2398 -9.43719
v 6.92002 17.1661 -9.11222
v 6.94035 17.1442 -8.98619
v 6.93844 19.2296 -7.95453
v 6.98608 19.2734 0.277828
v 6.79904 21.347 -6.32827
v 6.77619 22.047 -1.93489
v 6.99872 22.2306 -8.5918
v 6.77694 22.5938 -3.40593
v 7.03515 22.8917 -6.81744
v 7.07268 23.7938 -8.72525
v 6.80286 24.4809 -8.44153
v 6.76048 26.4082 -7.87
v 6.90363 26.2985 -6.23229
v 6.8648 27.0843 -7.62697
v 6.77074 26.9268 -5.21361
v 6.83608 27.7776 -7.09064
v 6.92655 28.1014 -6.77567
v 6.97119 28.2101 -6.56837
v 7.07651 28.2027 -6.35858
v 6.9419 27.8308 -5.50041
v 7.31346 -22.8857 -3.18665
v 7.18771 -23.1529 -2.19513
v 7.25905 -23.1036 -1.57578
v 7.3697 -22.9352 -1.16743
v 7.19538 -23.1102 -1.12894
v 7.181 -22.722 -3.20321
v 7.11585 -22.7784 -2.68772
v 7.26382 -22.6416 -2.33395
v 7.31289 -22.6136 -1.78992
v 7.2561 -22.7043 -1.24332
v 7.14487 -22.4973 0.556583
v 7.2434 -22.3147 0.927957
v 7.14753 -22.6077 0.96534
v 7.09434 -22.3736 1.21292
v 7.37049 -21.7684 0.433766
v 7.24818 -21.7079 0.559939
v 7.33543 -21.9589 0.801384
v 7.1928 -22.0095 1.09763
v 7.09188 -21.1114 -0.332424
v 7.24925 -21.2174 -0.0338847
v 7.12386 -21.4145 0.143316
v 7.30477 -21.4109 0.386867
v 7.28911 -21.4227 0.703982
v 7.27099 -21.6166 0.879688
v 7.33258 -20.9943 -5.4587
v 7.11132 -20.7105 -1.46578
v 7.20153 -20.6125 -1.28451
v 7.27939 -20.6344 -0.998359
v 7.2484 -20.6555 -0.72093
v 7.27601 -20.7663 -0.494068
v 7.30039 -20.8996 -0.250416
v 7.22067 -20.8625 -0.0876722
v 7.27305 -21.0809 0.234157
v 7.08636 -20.4569 -1.14791
v 7.139 -20.483 -0.940687
v 7.26721 -19.5974 -4.76663
v 7.09675 -19.5565 -3.1677
v 7.37896 -2.01993 -2.18276
v 7.27409 -1.7624 -1.53988
v 7.35517 -1.39224 -0.959804
v 7.1419 0.724987 -6.82054
v 7.32556 0.910008 -6.79405
v 7.18661 3.40038 -2.20381
v 7.39042 3.60155 -2.20178
v 7.13229 9.93075 -2.38848
v 7.18122 10.4217 0.285492
v 7.36875 11.7428 -5.00638
v 7.37502 13.545 -7.0643
v 7.39498 15.2122 -8.26743
v 7.1881 17.0334 -8.66673
v 7.32204 19.0284 -7.2087
v 7.24254 21.0519 -5.31439
v 7.2302 21.9291 -8.59607
v 7.41197 21.761 -8.47269
v 7.38041 22.4456 -6.74607
v 7.32663 23.3249 -8.87453
v 7.146 24.7376 -6.71905
v 7.26186 25.8129 -8.27793
v 7.36259 25.8451 -6.72178
v 7.35505 26.7041 -7.98308
v 7.26603 26.72 -5.85633
v 7.32426 27.2338 -7.67461
v 7.13591 28.1286 -6.2092
v 7.34823 27.9367 -5.86677
v 7.45446 -22.8924 -2.2672
v 7.50588 -22.8631 -1.69714
v 7.41241 -22.7952 -1.15283
v 7.4557 -22.7164 -2.27916
v 7.5072 -22.687 -1.70819
v 7.50389 -22.5915 -0.656189
v 7.68591 -21.9131 -2.91477
v 7.63572 -2.19024 -2.87437
v 7.58773 -0.933715 -0.42746
v 7.57104 1.02139 -7.01173
v 7.45782 0.954759 -6.93985
v 7.56359 3.68464 -2.2652
v 7.63744 11.174 -2.5202
v 7.4315 11.7284 0.239668
v 7.70364 13.1277 0.0337493
v 7.57278 16.8294 -7.92216
v 7.51898 16.9841 0.0493263
v 7.61457 20.1368 -2.53226
v 7.60702 20.6891 -4.2226
v 7.59514 21.7067 -8.22162
v 7.64969 21.6331 -8.08688
v 7.70101 21.6054 -7.88773
v 7.64119 22.1032 -6.73341
v 7.57279 22.9691 -8.94556
v 7.73571 24.3212 -8.884
v 7.54147 24.0135 -6.96985
v 7.54754 25.0542 -8.62277
v 7.56508 26.4568 -6.2838
v 7.47189 26.9394 -5.66692
v 7.53316 27.3462 -5.69892
v 7.44481 27.866 -7.17974
v 7.90493 -21.776 -0.833546
v 7.79174 -20.8366 -3.47676
v 7.82207 -20.7527 -1.48907
v 8.01076 -2.29815 -3.60091
v 7.93795 -0.41077 0.0720373
v 7.87068 1.1764 -7.03823
v 7.82209 3.74698 -2.34502
v 7.99545 12.5169 -2.68993
v 7.8598 13.1086 -5.149
v 7.87312 14.9105 -7.03985
v 7.78361 14.8126 -0.0982527
v 8.05274 16.5464 -6.77155
v 7.78583 18.7446 -6.13519
v 7.74271 21.6521 -7.5612
v 7.74236 21.8283 -7.09077
v 7.93471 22.4792 -8.98233
v 7.90037 23.3291 -7.05936
v 7.94453 23.8032 -9.0411
v 7.89 25.2611 -7.06998
v 8.04895 25.4733 -8.65666
v 7.80511 26.1689 -8.34946
v 8.03354 26.0658 -6.69027
v 7.84239 26.8723 -8.0332
v 7.74788 27.389 -7.67292
v 7.98636 27.5595 -6.09046
v 7.74889 27.8957 -7.03806
v 7.87767 27.8585 -6.78502
v 7.91799 27.7981 -6.6669
v 8.30623 0.0688217 0.419197
v 8.26541 1.5032 -6.93563
v 8.34027 3.90768 -3.30904
v 8.10292 3.81398 -2.63121
v 8.34247 14.5279 -5.30743
v 8.24186 17.8823 -2.95179
v 8.21121 18.4158 -4.86457
v 8.38986 22.0931 -8.6463
v 8.25001 22.1684 -8.82093
v 8.28276 22.8077 -6.94459
v 8.20482 23.5219 -9.10551
v 8.25379 24.2616 -9.03742
v 8.17052 24.7824 -8.89067
v 8.25377 24.5365 -7.23562
v 8.21192 26.4019 -8.34233
v 8.29644 27.0214 -8.05199
v 8.09449 26.6074 -6.17921
v 8.203 27.4671 -7.66892
v 8.07205 27.721 -6.38576
v 8.50564 -3.69394 -0.855118
v 8.4052 -3.44576 -0.175822
v 8.49323 -3.05494 0.419095
v 8.69412 -2.20001 -4.54549
v 8.39934 -2.31182 -4.20956
v 8.59068 0.394917 0.494235
v 8.47254 2.07467 -6.7141
v 8.62282 2.73107 -6.39034
v 8.67926 3.87313 -4.85679
v 8.53214 3.95148 -4.1305
v 8.41633 13.9664 -2.98021
v 8.57815 15.6941 -3.13884
v 8.52716 16.2199 -5.26987
v 8.47489 22.0616 -8.47638
v 8.57307 21.9936 -8.16881
v 8.62711 22.0247 -7.80562
v 8.43958 22.1203 -8.49844
v 8.65783 22.1681 -7.3018
v 8.57359 22.4278 -6.92543
v 8.67912 22.9139 -9.12479
v 8.46996 23.2749 -9.13307
v 8.51933 24.2669 -9.04656
v 8.55377 23.8222 -7.24874
v 8.51719 25.0922 -8.83949
v 8.42579 25.8062 -8.60792
v 8.50096 25.5382 -7.01683
v 8.60027 26.225 -6.57057
v 8.60499 26.6177 -8.31304
v 8.66745 27.121 -7.99398
v 8.447 26.8955 -6.29435
v 8.46399 27.4855 -7.5024
v 8.59855 27.44 -7.25508
v 8.63495 27.3808 -7.13354
v 8.7579 -3.82807 -1.60184
v 8.96825 -4.21527 0.440236
v 8.91332 -2.02795 -4.72093
v 8.73225 -2.54921 0.945982
v 8.8054 0.6227 0.420695
v 9.00904 1.08145 -0.0265547
v 8.9736 1.0173 0.122127
v 8.96542 0.808384 0.322154
v 8.72538 3.26338 -5.9836
v 8.75344 3.65129 -5.47797
v 9.03433 22.6527 -8.72158
v 8.87617 22.7248 -8.98189
v 9.03442 22.663 -8.6699
v 8.88986 23.2693 -7.13934
v 8.87779 24.2579 -9.04529
v 8.99439 24.1955 -7.26765
v 8.79685 24.8652 -7.20457
v 8.88374 25.3831 -8.77314
v 8.97414 25.7564 -6.86974
v 8.79678 26.1206 -8.54124
v 8.99624 26.5072 -6.67781
v 8.93893 26.766 -8.2236
v 8.90568 27.1406 -7.81371
v 9.03068 27.0503 -7.52555
v 8.74509 27.145 -6.58287
v 8.78725 27.3107 -6.84989
v 9.32283 -4.5847 -0.996807
v 9.06796 -4.45879 -0.243008
v 9.35451 -4.70632 -0.00497567
v 9.30861 -4.49444 0.675209
v 9.36687 -4.62878 0.777445
v 9.12526 -3.87671 -2.39905
v 9.0613 -3.8242 1.03621
v 9.35022 -4.0962 1.22995
v 9.30865 -3.31384 1.56256
v 9.10508 -1.55246 -4.9786
v 9.0764 -1.86069 -4.84888
v 9.08494 -1.95651 1.42133
v 9.07322 22.6302 -8.6755
v 9.14162 22.5843 -8.55658
v 9.19911 22.5501 -8.33003
v 9.24921 22.6021 -7.97502
v 9.28142 22.8225 -7.499
v 9.17879 22.9691 -7.14691
v 9.07296 23.5703 -9.13741
v 9.26755 23.2778 -9.0276
v 9.16675 23.6773 -7.2202
v 9.28102 24.0822 -9.01914
v 9.25801 24.7645 -8.90913
v 9.33065 24.4693 -7.24924
v 9.20102 25.1664 -7.10546
v 9.21977 25.716 -8.64188
v 9.11822 26.3404 -8.42647
v 9.3464 26.389 -8.23345
v 9.30479 26.1035 -6.93886
v 9.16835 26.7966 -8.03604
v 9.30969 26.7101 -7.73271
v 9.07281 27.0598 -7.48828
v 9.15491 27.0445 -7.36634
v 9.22899 26.9657 -7.1611
v 9.20972 26.7937 -6.90899
v 9.6991 -4.85234 -0.664095
v 9.46373 -4.86072 0.114604
v 9.66298 -5.30437 0.410748
v 9.56339 -5.0624 1.10699
v 9.69522 -4.62287 -1.80447
v 9.60368 -4.82365 -0.737515
v 9.45455 -4.73964 0.0515903
v 9.66262 -4.66635 1.71212
v 9.51477 -3.83882 -3.06482
v 9.45569 -4.19823 1.30336
v 9.70653 -3.75142 1.8626
v 9.64255 -3.63 1.74311
v 9.67199 -2.71268 2.0371
v 9.62599 -1.86703 -4.65781
v 9.46154 -1.41743 1.74585
v 9.52607 0.703948 0.340164
v 9.69502 0.325456 0.71523
v 9.60905 0.808128 0.383123
v 9.40866 23.2071 -8.85227
v 9.45631 23.1753 -8.68616
v 9.5905 23.1031 -8.37573
v 9.62268 23.2594 -8.03164
v 9.41278 23.6797 -7.27256
v 9.46562 23.9564 -8.944
v 9.62138 23.8612 -8.65028
v 9.60775 23.8088 -7.58721
v 9.51184 24.8894 -8.71704
v 9.66051 24.7971 -8.419
v 9.59107 24.8852 -7.37799
v 9.45563 25.7945 -8.44682
v 9.59991 25.7324 -8.20874
v 9.59879 25.6906 -8.10219
v 9.66049 26.0132 -7.34149
v 9.49658 25.6064 -7.16706
v 9.47878 26.315 -7.96346
v 9.53479 26.2847 -7.8504
v 9.66972 26.2142 -7.58083
v 9.4812 26.4387 -7.13861
v 9.42049 26.6961 -7.59124
v 9.49168 26.6217 -7.38341
v 9.91069 -5.40706 -0.371597
v 9.96794 -4.85689 -1.52788
v 9.71376 -4.97685 -0.620785
v 9.83253 -3.71224 -3.418
v 9.9088 -4.12939 2.23126
v 9.95188 -3.01098 2.19984
v 9.84199 -2.3689 -4.35061
v 10.0198 -1.62465 -4.91701
v 9.77763 -1.80609 -4.81566
v 9.77239 -1.07256 1.82031
v 10.0074 -0.799345 1.71822
v 9.8915 0.116079 0.97898
v 9.75436 0.320424 0.677404
v 9.82462 0.979234 0.304982
v 9.72947 23.8237 -8.51525
v 9.78865 23.7817 -8.29196
v 9.76036 23.8169 -8.0533
v 9.7726 24.7668 -8.28338
v 9.835 24.7147 -8.06475
v 9.80778 24.4536 -7.80325
v 9.76391 25.3928 -7.55168
v 9.71291 25.6825 -8.00798
v 9.7789 25.6196 -7.7943
v 10.3466 -6.30068 1.15792
v 10.2468 -6.05743 1.87704
v 10.3539 -5.65162 2.50009
v 10.068 -4.94612 -1.42714
v 10.2552 -5.386 -1.23371
v 10.0903 -4.57451 -2.48011
v 10.353 -4.80727 -2.18953
v 10.2254 -3.19067 -3.84727
v 10.072 -3.49576 -3.62415
v 10.0668 -3.16041 2.32508
v 10.2492 -3.46601 2.66936
v 10.2028 -2.66224 -3.95364
v 10.0423 -3.08292 2.20087
v 10.061 -2.56807 -4.25001
v 10.1944 -2.31944 2.43718
v 10.2523 -1.42199 -4.96699
v 10.1547 -0.477268 1.514
v 10.1286 -0.150656 0.987322
v 10.1463 1.19027 0.0979793
v 10.564 -6.34858 0.312841
v 10.4499 -4.89604 -2.0842
v 10.6269 -5.28422 -1.9559
v 10.5766 -5.04963 2.99362
v 10.4121 -4.43966 -2.83866
v 10.6637 -4.6749 -2.53673
v 10.6768 -4.25034 -3.02316
v 10.6144 -3.2594 -3.77272
v 10.4478 -2.62131 2.64005
v 10.6154 -2.86223 2.95717
v 10.4131 -2.55678 2.51038
v 10.6369 -2.13369 2.58176
v 10.506 -1.6898 2.39162
v 10.5459 -1.09876 -4.88684
v 10.5492 -0.538128 1.61752
v 10.4469 1.30156 -0.237678
v 10.8085 -6.17119 -0.683466
v 10.9571 -5.14115 -2.32278
v 10.9587 -4.5179 -2.64757
v 10.757 -4.76451 -2.42761
v 10.9006 -4.03957 -3.17593
v 10.8205 -4.22166 3.32284
v 10.7111 -2.22531 2.57573
v 10.8874 -2.16433 2.67184
v 10.9423 -2.50114 3.026
v 10.931 -1.95619 2.5098
v 10.8576 -1.33678 2.23142
v 10.907 -0.595387 -4.55666
v 10.8269 1.31227 -0.86597
v 11.3364 -7.29732 1.93246
v 11.2626 -7.06052 2.66859
v 11.0938 -5.93099 -1.51961
v 11.2581 -4.98032 -2.48609
v 11.1687 -4.32402 -2.83101
v 11.1863 -4.49199 -2.67824
v 11.1741 -3.92281 -3.23654
v 11.1009 -3.47378 3.50972
v 11.2418 -2.2828 2.97551
v 11.1996 -1.7936 2.45846
v 11.1312 -1.2171 2.17645
v 11.2411 -0.0337473 -4.08381
v 11.1867 1.23934 -1.62357
v 11.4644 -7.29252 1.04218
v 11.5376 -6.98347 -0.0431137
v 11.3525 -6.6478 3.29607
v 11.4926 -5.99548 3.75455
v 11.4371 -5.78052 -1.89723
v 11.5671 -5.04357 3.98083
v 11.5196 -4.29025 -2.82915
v 11.542 -4.82682 -2.59584
v 11.5619 -4.0695 -3.11621
v 11.4287 -4.12945 -2.89822
v 11.4424 -3.10149 3.57929
v 11.5247 -2.1085 2.9053
v 11.3862 -1.58134 2.27795
v 11.4915 -1.67455 2.43586
v 11.5426 -1.34891 2.31252
v 11.4526 0.463098 -3.57597
v 11.5206 0.854396 -3.00613
v 11.425 1.09998 -2.34637
v 11.6811 -6.63076 -0.949486
v 11.8151 -5.68539 -2.01348
v 11.7333 -4.59496 -2.74031
v 11.8846 -3.79472 -3.29361
v 11.7054 -3.97624 -3.20767
v 11.7045 -4.19152 4.0755
v 11.8218 -2.94627 3.5881
v 11.7125 -1.87578 2.7535
v 11.8459 -1.06568 2.17563
v 12.1942 -7.12127 -0.420103
v 12.2249 -7.44763 0.415452
v 12.0194 -6.48391 -1.31878
v 12.2025 -5.61561 -2.06038
v 12.2581 -5.54698 4.3576
v 12.2549 -5.23257 -2.31657
v 12.2164 -4.75016 4.44506
v 12.0421 -3.82638 4.1482
v 12.0883 -3.5045 -3.40133
v 12.2119 -2.85407 3.59228
v 12.2553 -2.47138 3.3133
v 12.0464 -0.831424 1.94543
v 12.3744 -7.73804 1.44041
v 12.4213 -7.74867 2.3294
v 12.6426 -7.3918 0.0279513
v 12.4242 -7.52185 3.08335
v 12.4434 -7.10019 3.7043
v 12.4968 -6.99888 -0.750283
v 12.4059 -6.41768 -1.41399
v 12.4105 -6.45204 4.1457
v 12.5998 -5.54075 -1.81441
v 12.517 -4.42146 4.52751
v 12.4312 -3.7014 4.17844
v 12.41 -3.14173 -3.33255
v 12.6175 -2.97834 3.455
v 12.3694 -0.685394 1.5744
v 12.8508 -7.66082 0.680394
v 12.9333 -7.39034 -0.0960537
v 12.8946 -6.94522 -0.83219
v 12.7415 -6.00685 -1.73285
v 12.8885 -6.19009 -1.51925
v 12.9033 -5.61999 -1.9081
v 12.7869 -5.74063 -1.80832
v 12.8821 -5.78724 4.5533
v 12.6651 -5.16764 4.58697
v 12.9508 -5.03693 4.70654
v 12.9176 -4.31188 4.56634
v 12.7678 -3.26046 3.92888
v 12.8878 -3.5316 4.09551
v 12.9503 -2.73565 -2.88997
v 12.8633 -2.96712 3.61776
v 12.7981 -3.09534 3.79823
v 12.9197 -0.781006 1.01812
v 13.1892 -7.88062 1.60983
v 13.2221 -6.76259 -0.938753
v 13.2292 -6.59698 4.31633
v 13.0603 -6.2386 -1.37497
v 13.0556 -5.51902 -2.00448
v 13.2314 -5.30883 -2.10949
v 13.3188 -4.06719 4.41868
v 13.1701 -4.17944 4.52256
v 13.0107 -3.37673 3.90877
v 13.091 -3.60525 4.06234
v 13.0658 -2.77845 3.6003
v 13.2386 -2.58569 3.4522
v 13.3967 -7.72212 0.738993
v 13.4026 -7.8758 2.48554
v 13.4841 -7.65473 3.25768
v 13.6018 -7.22689 -0.247209
v 13.3441 -7.34029 -0.166612
v 13.4285 -7.22402 3.87566
v 13.3888 -6.55927 -0.932758
v 13.4988 -6.45182 -0.960189
v 13.4301 -5.82273 4.66637
v 13.4059 -4.95383 -2.26197
v 13.3644 -4.93677 4.74494
v 13.6222 -4.80601 4.70014
v 13.5182 -3.93672 4.19131
v 13.4092 -4.01688 4.27623
v 13.4917 -2.28939 -2.27639
v 13.407 -2.28585 3.17237
v 13.4728 -0.983125 0.338542
v 13.8207 -7.67484 0.684034
v 13.8084 -7.91901 1.65198
v 13.7511 -7.08401 -0.297687
v 13.8703 -6.89438 -0.274342
v 13.8522 -6.61271 4.41244
v 13.8082 -6.30926 -1.22429
v 13.6514 -6.41278 -1.1272
v 13.8571 -5.73583 4.69917
v 13.7308 -4.58162 -2.2003
v 13.9177 -4.57919 4.34915
v 13.8117 -4.65756 4.52204
v 13.6701 -3.7846 4.25176
v 13.8258 -3.652 4.21101
v 13.7296 -2.12826 2.79166
v 13.8036 -1.81868 -1.69582
v 13.8987 -1.41478 -1.08688
v 13.7942 -1.16479 -0.386959
v 14.2434 -7.87298 1.61489
v 14.0843 -7.90707 2.53864
v 14.1953 -7.68334 3.33116
v 14.1569 -7.48802 0.57971
v 14.113 -7.24249 3.961
v 14.1881 -6.74709 -0.513363
v 13.9898 -6.8226 -0.350491
v 14.29 -6.53998 4.43593
v 13.9812 -6.08618 -1.33919
v 14.1406 -5.70194 -1.51581
v 14.1927 -5.54631 4.59886
v 14.0645 -4.45284 4.40118
v 14.2834 -4.27027 4.38386
v 13.9954 -3.44551 4.05457
v 14.1476 -3.11375 3.75494
v 14.5095 -7.75877 1.54422
v 14.5264 -7.85948 2.51949
v 14.526 -7.13618 0.431755
v 14.3403 -7.21798 0.554405
v 14.5568 -7.18155 3.97266
v 14.5156 -6.26856 -0.778447
v 14.5566 -6.41645 4.38508
v 14.3414 -5.4074 4.40221
v 14.4251 -5.36033 -1.45955
v 14.5051 -5.27553 4.33533
v 14.3664 -4.31067 -1.66426
v 14.4516 -4.05661 4.22528
v 14.5967 -3.70775 3.92168
v 14.4309 -2.97563 3.39673
v 14.3718 -2.35435 2.33168
v 14.7946 -7.74434 2.45456
v 14.8785 -7.33929 1.38728
v 14.7202 -7.47796 1.46149
v 14.9365 -7.59754 2.37906
v 14.9578 -7.29238 3.04174
v 14.9095 -7.514 3.26908
v 14.6405 -7.63093 3.32862
v 14.9212 -6.78842 0.161279
v 14.7523 -7.0217 0.289828
v 14.8253 -7.06174 3.91778
v 14.8358 -6.12586 4.09142
v 14.6996 -6.28576 4.28181
v 14.7017 -5.7551 -0.93789
v 14.9512 -4.84375 4.17281
v 14.7851 -5.06542 4.33153
v 14.9521 -3.55811 0.456694
v 14.9563 -3.66701 0.533556
v 14.7098 -3.51953 3.61371
v 15.1161 -7.29464 1.31498
v 15.1994 -7.30652 1.52515
v 15.219 -7.27044 1.69013
v 15.0675 -7.3785 2.29035
v 15.1566 -7.25326 2.93601
v 15.1318 -7.22263 3.1275
v 15.0944 -6.73935 3.65551
v 14.9662 -6.92406 3.82116
v 15.0643 -6.3822 -0.0513287
v 15.0569 -5.99265 4.10898
v 15.1085 -5.85464 -0.385211
v 15.2232 -5.86936 4.0625
v 15.1701 -5.04146 -0.741205
v 15.1754 -5.03511 -0.573163
v 15.1749 -5.03052 -0.412532
v 15.0879 -4.47452 3.87075
v 15.0185 -4.02719 -0.930942
v 15.1534 -3.73812 0.437663
v 15.0805 -3.75286 0.578817
v 15.1267 -3.97 3.48059
v 15.1694 -3.55625 0.374016
v 15.1555 -3.52616 0.593732
v 14.9976 -3.34337 3.05629
v 15.0278 -2.71563 1.76178
v 15.5767 -7.10253 1.09315
v 15.4172 -7.23798 1.34575
v 15.3727 -7.21714 1.5351
v 15.3195 -7.26761 1.67324
v 15.3786 -7.2508 2.16922
v 15.3633 -7.17766 2.91221
v 15.4081 -7.17896 3.10892
v 15.5458 -6.70072 0.88803
v 15.4356 -7.01158 1.11342
v 15.5579 -6.97147 1.22145
v 15.4995 -7.06896 1.45787
v 15.5322 -7.01672 2.75906
v 15.4943 -6.95164 2.9577
v 15.3338 -7.0717 3.086
v 15.3234 -6.63018 3.64795
v 15.557 -5.97002 0.482982
v 15.492 -6.51323 3.5945
v 15.587 -5.47627 -0.452822
v 15.5631 -5.51518 -0.313728
v 15.5979 -5.55198 -0.171868
v 15.3868 -5.64064 3.90561
v 15.4118 -5.01511 -0.742565
v 15.4413 -5.05116 -0.559354
v 15.5401 -5.2249 -0.349173
v 15.5533 -5.19134 -0.0622407
v 15.5159 -5.25227 3.61009
v 15.3351 -4.82808 -0.603881
v 15.5878 -4.67759 3.18394
v 15.5753 -3.73883 0.602149
v 15.5773 -3.89346 2.63549
v 15.3786 -3.63071 -0.279845
v 15.4162 -3.38583 0.240956
v 15.4347 -3.43945 0.375912
v 15.429 -3.48479 0.563251
v 15.3843 -2.97279 1.07347
v 15.6672 -7.08053 1.13618
v 15.7362 -6.59659 0.614269
v 15.7106 -6.79849 0.853534
v 15.7304 -6.72849 1.02888
v 15.6834 -6.95985 1.26208
v 15.753 -6.54517 1.73584
v 15.6258 -6.95984 1.98929
v 15.7649 -6.75778 2.57232
v 15.7816 -6.75094 2.71182
v 15.722 -6.85647 2.89914
v 15.774 -6.04166 0.13006
v 15.7848 -6.25035 0.37156
v 15.8281 -6.24262 0.554591
v 15.8092 -6.45225 0.776819
v 15.8838 -6.37833 2.33523
v 15.8455 -6.31308 2.49514
v 15.6539 -6.27964 3.44105
v 15.6381 -5.44318 -0.468493
v 15.7309 -5.58309 -0.288833
v 15.7452 -5.64527 -0.0965742
v 15.7963 -5.75571 0.101048
v 15.8442 -5.90178 0.287148
v 15.8412 -5.89572 1.31793
v 15.9392 -5.7897 2.0881
v 15.9227 -5.88401 2.20708
v 15.7784 -5.87722 3.15611
v 15.6679 -5.2527 -0.49809
v 15.685 -5.25614 -0.317876
v 15.8843 -4.95978 0.684007
v 15.8624 -5.23913 2.70505
v 15.8837 -4.33551 0.928882
v 15.8493 -4.39024 1.06477
v 15.9125 -4.54802 1.27209
v 15.8997 -4.30457 2.05465
v 15.7964 -3.83731 0.609222
v 15.7842 -3.92467 0.818289
v 15.8348 -4.10472 1.06226
v 15.7368 -3.51818 0.413714
v 15.7698 -3.50724 0.614525
v 15.6395 -3.62083 0.729325
v 15.9936 -6.36768 2.32021
v 16.0785 -6.27924 2.47494
v 15.962 -6.24295 2.58952
v 16.0884 -5.46214 1.76578
v 16.0713 -5.81454 2.01939
v 16.1204 -5.80926 2.23736
v 16.1397 -5.01041 1.49808
v 16.1285 -5.02966 1.70441
v 16.1506 -5.34667 1.95278
v 15.9567 -4.30368 0.885358
v 16.1079 -4.47689 1.09458
v 16.0954 -4.54351 1.29574
v 16.0287 -4.61761 1.44169
v 16.0198 -4.06165 0.833861
v 16.0297 -4.1011 1.05163
f 3736 3532 3637
f 3736 3637 3848
f 3532 3419 3637
f 3523 3637 3419
f 3637 3929 3848
f 3927 3732 3845
f 3927 3845 3997
f 3732 3518 3634
f 3732 3634 3845
f 3632 3844 3845
f 3632 3845 3634
f 3844 4075 3997
f 3844 3997 3845
f 3834 3919 4138
f 3834 4138 4072
f 3919 3992 4137
f 3919 4137 4138
f 4317 4318 4138
f 4317 4138 4137
f 4318 4295 4072
f 4318 4072 4138
f 4080 3931 3999
f 4080 3999 4147
f 3931 3736 3848
f 3931 3848 3999
f 3929 4078 3999
f 3929 3999 3848
f 4078 4203 4147
f 4078 4147 3999
f 4201 4076 4144
f 4201 4144 4267
f 4076 3927 3997
f 4076 3997 4144
f 4075 4265 4144
f 4075 4144 3997
f 4265 4322 4267
f 4265 4267 4144
f 4295 4318 4368
f 4295 4368 4369
f 4318 4317 4366
f 4318 4366 4368
f 4425 4426 4368
f 4425 4368 4366
f 4426 4427 4369
f 4426 4369 4368
f 4272 4208 4302
f 4272 4302 4328
f 4208 4080 4147
f 4208 4147 4302
f 4203 4301 4302
f 4203 4302 4147
f 4301 4348 4380
f 4301 4380 4302
f 4408 4328 4302
f 4408 4302 4380
f 4408 4380 4404
f 4408 4404 4444
f 4380 4348 4377
f 4380 4377 4404
f 4402 4438 4404
f 4402 4404 4377
f 4438 4482 4444
f 4438 4444 4404
f 4505 4473 4470
f 4505 4470 4504
f 4473 4433 4467
f 4473 4467 4470
f 4427 4426 4470
f 4427 4470 4467
f 4426 4425 4466
f 4426 4466 4470
f 4501 4504 4470
f 4501 4470 4466
f 3632 3729 3922
f 3632 3922 3844
f 3729 3726 3994
f 3729 3994 3922
f 4197 4142 3922
f 4197 3922 3994
f 4142 4075 3844
f 4142 3844 3922
f 4075 4142 4298
f 4075 4298 4265
f 4142 4197 4320
f 4142 4320 4298
f 4373 4345 4298
f 4373 4298 4320
f 4345 4322 4265
f 4345 4265 4298
f 4433 4473 4478
f 4433 4478 4434
f 4473 4505 4477
f 4473 4477 4478
f 4482 4438 4478
f 4482 4478 4477
f 4438 4402 4434
f 4438 4434 4478
f 3523 3522 3733
f 3523 3733 3637
f 3522 3518 3732
f 3522 3732 3733
f 3927 3928 3733
f 3927 3733 3732
f 3928 3929 3637
f 3928 3637 3733
f 3929 3928 4077
f 3929 4077 4078
f 3928 3927 4076
f 3928 4076 4077
f 4201 4145 4077
f 4201 4077 4076
f 4145 4203 4078
f 4145 4078 4077
f 4203 4145 4269
f 4203 4269 4301
f 4145 4201 4300
f 4145 4300 4269
f 4348 4301 4269
f 4348 4269 4300
f 4348 4300 4325
f 4348 4325 4377
f 4300 4201 4267
f 4300 4267 4325
f 4322 4376 4325
f 4322 4325 4267
f 4376 4402 4377
f 4376 4377 4325
f 4402 4376 4400
f 4402 4400 4434
f 4376 4322 4345
f 4376 4345 4400
f 4373 4399 4400
f 4373 4400 4345
f 4399 4433 4434
f 4399 4434 4400
f 4433 4399 4430
f 4433 4430 4467
f 4399 4373 4397
f 4399 4397 4430
f 4427 4467 4430
f 4427 4430 4397
f 4427 4397 4341
f 4427 4341 4369
f 4397 4373 4320
f 4397 4320 4341
f 4197 4263 4341
f 4197 4341 4320
f 4263 4295 4369
f 4263 4369 4341
f 4295 4263 4073
f 4295 4073 4072
f 4263 4197 3994
f 4263 3994 4073
f 3726 3838 4073
f 3726 4073 3994
f 3838 3834 4072
f 3838 4072 4073
f 3419 3532 3531
f 3532 3736 3641
f 3532 3641 3531
f 3640 3427 3531
f 3640 3531 3641
f 3427 3419 3531
f 3523 3419 3416
f 3632 3634 3517
f 3634 3518 3517
f 4317 4137 4136
f 4317 4136 4294
f 4137 3992 3918
f 4137 3918 4136
f 4136 4293 4294
f 3834 3838 3726
f 3834 3726 3725
f 3838 3726 3629
f 3838 3629 3726
f 3736 3931 3851
f 3736 3851 3641
f 3931 4080 4004
f 3931 4004 3851
f 3851 3640 3641
f 4425 4366 4365
f 4425 4365 4424
f 4366 4317 4294
f 4366 4294 4365
f 4293 4364 4365
f 4293 4365 4294
f 4364 4423 4424
f 4364 4424 4365
f 4080 4208 4149
f 4080 4149 4004
f 4208 4272 4149
f 4271 4149 4272
f 4272 4328 4350
f 4328 4408 4409
f 4328 4409 4350
f 4383 4331 4350
f 4383 4350 4409
f 4331 4271 4272
f 4331 4272 4350
f 4482 4477 4481
f 4482 4481 4484
f 4477 4505 4507
f 4477 4507 4481
f 4506 4480 4481
f 4506 4481 4507
f 4480 4483 4484
f 4480 4484 4481
f 4505 4504 4503
f 4505 4503 4507
f 4504 4501 4500
f 4504 4500 4503
f 4499 4502 4503
f 4499 4503 4500
f 4502 4506 4507
f 4502 4507 4503
f 4501 4466 4465
f 4501 4465 4500
f 4466 4425 4424
f 4466 4424 4465
f 4423 4464 4465
f 4423 4465 4424
f 4464 4499 4500
f 4464 4500 4465
f 3726 3729 3631
f 3726 3631 3629
f 3729 3632 3631
f 3631 3726 3629
f 4408 4444 4443
f 4408 4443 4409
f 4444 4482 4484
f 4444 4484 4443
f 4483 4442 4443
f 4483 4443 4484
f 4442 4383 4409
f 4442 4409 4443
f 3518 3522 3413
f 3522 3523 3416
f 3522 3416 3413
f 3992 3919 3833
f 3992 3833 3918
f 3919 3834 3725
f 3919 3725 3833
f 3535 3534 3424
f 3535 3424 3425
f 3534 3533 3420
f 3534 3420 3424
f 3415 3417 3424
f 3415 3424 3420
f 3417 3422 3425
f 3417 3425 3424
f 3735 3847 3635
f 3735 3635 3636
f 3847 3926 3731
f 3847 3731 3635
f 3633 3516 3635
f 3633 3635 3731
f 3516 3520 3636
f 3516 3636 3635
f 3836 3993 3991
f 3836 3991 3831
f 3993 4139 4195
f 3993 4195 3991
f 4261 4067 3991
f 4261 3991 4195
f 4067 3916 3831
f 4067 3831 3991
f 3932 4002 3738
f 3932 3738 3739
f 4002 4001 3737
f 4002 3737 3738
f 3533 3534 3738
f 3533 3738 3737
f 3534 3535 3739
f 3534 3739 3738
f 4079 4200 3998
f 4079 3998 3930
f 4200 4266 4143
f 4200 4143 3998
f 3926 3847 3998
f 3926 3998 4143
f 3847 3735 3930
f 3847 3930 3998
f 4139 4296 4319
f 4139 4319 4195
f 4296 4342 4371
f 4296 4371 4319
f 4370 4319 4371
f 4319 4261 4195
f 4205 4303 4204
f 4205 4204 4081
f 4303 4349 4327
f 4303 4327 4204
f 4270 4146 4204
f 4270 4204 4327
f 4146 4001 4002
f 4146 4002 4204
f 3932 4081 4204
f 3932 4204 4002
f 4349 4379 4347
f 4349 4347 4327
f 4379 4405 4378
f 4379 4378 4347
f 4346 4326 4347
f 4346 4347 4378
f 4326 4270 4327
f 4326 4327 4347
f 4435 4432 4398
f 4435 4398 4401
f 4432 4431 4428
f 4432 4428 4398
f 4370 4371 4398
f 4370 4398 4428
f 4371 4342 4372
f 4371 4372 4398
f 4374 4401 4398
f 4374 4398 4372
f 3633 3731 3840
f 3633 3840 3630
f 3731 3926 3996
f 3731 3996 3840
f 4074 3921 3840
f 4074 3840 3996
f 3921 3727 3630
f 3921 3630 3840
f 3926 4143 4199
f 3926 4199 3996
f 4143 4266 4299
f 4143 4299 4199
f 4297 4198 4199
f 4297 4199 4299
f 4198 4074 3996
f 4198 3996 4199
f 4374 4375 4403
f 4374 4403 4401
f 4375 4346 4378
f 4375 4378 4403
f 4405 4436 4403
f 4405 4403 4378
f 4436 4435 4401
f 4436 4401 4403
f 3415 3420 3526
f 3415 3526 3414
f 3420 3533 3638
f 3420 3638 3526
f 3735 3636 3526
f 3735 3526 3638
f 3636 3520 3414
f 3636 3414 3526
f 3533 3737 3849
f 3533 3849 3638
f 3737 4001 4000
f 3737 4000 3849
f 4079 3930 3849
f 4079 3849 4000
f 3930 3735 3638
f 3930 3638 3849
f 4001 4146 4000
f 4146 4270 4202
f 4079 4000 4146
f 4079 4146 4202
f 4270 4326 4268
f 4270 4268 4202
f 4326 4346 4324
f 4326 4324 4268
f 4266 4200 4268
f 4266 4268 4324
f 4200 4079 4202
f 4200 4202 4268
f 4346 4375 4323
f 4346 4323 4324
f 4375 4374 4344
f 4375 4344 4323
f 4297 4299 4323
f 4297 4323 4344
f 4299 4266 4324
f 4299 4324 4323
f 4374 4372 4343
f 4374 4343 4344
f 4372 4342 4321
f 4372 4321 4343
f 4297 4344 4343
f 4297 4343 4321
f 4342 4296 4264
f 4342 4264 4321
f 4296 4139 4140
f 4296 4140 4264
f 4074 4198 4264
f 4074 4264 4140
f 4198 4297 4321
f 4198 4321 4264
f 4139 3993 3920
f 4139 3920 4140
f 3993 3836 3724
f 3993 3724 3920
f 3727 3921 3920
f 3727 3920 3724
f 3921 4074 4140
f 3921 4140 3920
f 3422 3317 3426
f 3422 3426 3425
f 3639 3536 3426
f 3536 3535 3425
f 3536 3425 3426
f 3415 3316 3417
f 3317 3422 3417
f 3317 3417 3316
f 3633 3515 3517
f 3633 3517 3516
f 3515 3631 3517
f 3517 3520 3516
f 4261 4262 4068
f 4261 4068 4067
f 4262 4292 4135
f 4262 4135 4068
f 3917 4068 4135
f 3917 3916 4067
f 3917 4067 4068
f 3836 3725 3724
f 3628 3727 3724
f 3628 3724 3725
f 3535 3536 3740
f 3535 3740 3739
f 3536 3639 3850
f 3536 3850 3740
f 4003 3933 3740
f 4003 3740 3850
f 3933 3932 3739
f 3933 3739 3740
f 4370 4395 4340
f 4370 4340 4319
f 4395 4394 4339
f 4395 4339 4340
f 4292 4262 4340
f 4292 4340 4339
f 4262 4261 4319
f 4262 4319 4340
f 3932 3933 4082
f 3932 4082 4081
f 3933 4003 4148
f 3933 4148 4082
f 4207 4206 4082
f 4207 4082 4148
f 4206 4205 4081
f 4206 4081 4082
f 4205 4206 4329
f 4205 4329 4303
f 4206 4207 4330
f 4206 4330 4329
f 4382 4381 4329
f 4382 4329 4330
f 4381 4349 4303
f 4381 4303 4329
f 4405 4439 4437
f 4405 4437 4436
f 4439 4440 4479
f 4439 4479 4437
f 4475 4474 4437
f 4475 4437 4479
f 4474 4435 4436
f 4474 4436 4437
f 4435 4474 4471
f 4435 4471 4432
f 4474 4475 4472
f 4474 4472 4471
f 4469 4468 4471
f 4469 4471 4472
f 4468 4431 4432
f 4468 4432 4471
f 4431 4468 4429
f 4431 4429 4428
f 4468 4469 4463
f 4468 4463 4429
f 4394 4395 4429
f 4394 4429 4463
f 4395 4370 4428
f 4395 4428 4429
f 3727 3628 3631
f 3727 3631 3630
f 3515 3633 3630
f 3515 3630 3631
f 4349 4381 4406
f 4349 4406 4379
f 4381 4382 4407
f 4381 4407 4406
f 4440 4439 4406
f 4440 4406 4407
f 4439 4405 4379
f 4439 4379 4406
f 3520 3517 3415
f 3520 3415 3414
f 3916 3917 3832
f 3916 3832 3831
f 3725 3836 3831
f 3725 3831 3832
f 3640 3426 3427
f 3640 3639 3530
f 3640 3530 3426
f 3419 3426 3530
f 3419 3427 3426
f 3631 3632 3517
f 3918 4135 4136
f 3918 3917 4135
f 4292 4293 4136
f 4292 4136 4135
f 3837 3725 3726
f 4004 4003 3850
f 4004 3850 3851
f 3639 3640 3850
f 3640 3851 3850
f 4293 4292 4364
f 4292 4367 4364
f 4396 4422 4364
f 4396 4364 4367
f 4422 4423 4364
f 4271 4148 4149
f 4003 4004 4149
f 4003 4149 4148
f 4506 4476 4480
f 4476 4479 4480
f 4440 4480 4479
f 4440 4483 4480
f 4499 4469 4472
f 4499 4472 4502
f 4476 4506 4502
f 4476 4502 4472
f 4423 4422 4464
f 4422 4396 4464
f 4469 4499 4464
f 3728 3726 3631
f 4483 4440 4441
f 4483 4441 4442
f 4440 4407 4441
f 4383 4441 4407
f 4383 4442 4441
f 3416 3521 3413
f 3517 3518 3521
f 3518 3413 3521
f 3725 3837 3833
f 3837 3832 3833
f 3917 3918 3833
f 3917 3833 3832
f 3317 3419 3426
f 3419 3530 3426
f 3640 3639 3426
f 3640 3426 3530
f 3415 3416 3316
f 3415 3416 3418
f 3415 3418 3416
f 3419 3416 3418
f 3419 3317 3316
f 3419 3316 3416
f 3728 3726 3725
f 3726 3628 3725
f 3639 3640 3850
f 4394 4422 4364
f 4394 4364 4339
f 4422 4394 4367
f 4422 4367 4364
f 4292 4364 4367
f 4292 4339 4364
f 4271 4207 4148
f 4207 4271 4330
f 4271 4331 4330
f 4383 4382 4330
f 4383 4330 4331
f 4440 4480 4479
f 4476 4475 4479
f 4476 4479 4480
f 4475 4476 4472
f 4469 4464 4463
f 4394 4422 4464
f 4422 4394 4463
f 4422 4463 4464
f 3628 3726 3631
f 3726 3728 3631
f 4382 4441 4407
f 4382 4383 4407
f 4382 4407 4441
f 4440 4441 4407
f 4440 4407 4441
f 3517 3521 3415
f 3416 3415 3521
f 3837 3725 3832
f 790 791 857
f 790 857 860
f 860 857 928
f 851 928 857
f 851 857 855
f 855 857 791
f 855 791 789
f 640 566 716
f 640 716 779
f 779 716 777
f 714 777 716
f 714 716 637
f 637 716 566
f 637 566 498
f 632 493 442
f 632 442 556
f 556 442 398
f 556 398 492
f 258 398 442
f 258 442 304
f 304 442 493
f 304 493 351
f 507 505 645
f 507 645 644
f 644 645 791
f 644 791 790
f 789 791 645
f 789 645 642
f 642 645 505
f 642 505 450
f 358 308 406
f 358 406 502
f 502 406 566
f 502 566 640
f 498 566 406
f 498 406 356
f 356 406 308
f 356 308 206
f 351 202 155
f 351 155 304
f 304 155 111
f 304 111 258
f 74 111 155
f 74 155 75
f 75 155 202
f 75 202 113
f 312 268 362
f 312 362 413
f 413 362 505
f 413 505 507
f 450 505 362
f 450 362 360
f 360 362 209
f 360 209 267
f 123 209 362
f 123 362 268
f 123 84 121
f 123 121 209
f 209 121 161
f 209 161 267
f 120 161 121
f 120 121 82
f 82 121 84
f 82 84 60
f 35 33 53
f 35 53 56
f 56 53 76
f 56 76 78
f 113 76 53
f 113 53 75
f 75 53 30
f 75 30 74
f 31 30 53
f 31 53 33
f 714 637 559
f 714 559 711
f 711 559 495
f 711 495 635
f 403 495 559
f 403 559 444
f 444 559 637
f 444 637 498
f 498 356 306
f 498 306 444
f 444 306 264
f 444 264 403
f 157 264 306
f 157 306 159
f 159 306 356
f 159 356 206
f 78 118 81
f 78 81 56
f 56 81 58
f 56 58 35
f 60 58 81
f 60 81 82
f 82 81 118
f 82 118 120
f 851 855 781
f 851 781 779
f 851 779 777
f 640 779 781
f 640 781 721
f 721 781 855
f 721 855 789
f 789 642 569
f 789 569 721
f 721 569 502
f 721 502 640
f 358 502 569
f 358 569 449
f 449 569 642
f 449 642 450
f 450 360 359
f 450 359 449
f 449 359 309
f 449 309 358
f 267 309 359
f 267 359 360
f 267 161 208
f 267 208 309
f 309 208 308
f 309 308 358
f 206 308 208
f 206 208 160
f 160 208 161
f 160 161 120
f 120 118 117
f 120 117 160
f 160 117 159
f 160 159 206
f 157 159 117
f 157 117 116
f 116 117 118
f 116 118 78
f 78 76 115
f 78 115 116
f 116 115 156
f 116 156 157
f 113 156 115
f 113 115 76
f 113 202 262
f 113 262 156
f 156 262 264
f 156 264 157
f 403 264 262
f 403 262 350
f 350 262 202
f 350 202 351
f 351 493 494
f 351 494 350
f 350 494 495
f 350 495 403
f 635 495 494
f 635 494 632
f 632 494 493
f 928 927 859
f 928 859 860
f 860 859 724
f 860 724 790
f 723 724 859
f 851 926 928
f 928 926 927
f 714 774 777
f 777 774 848
f 258 257 398
f 398 555 492
f 555 398 397
f 397 398 257
f 397 257 200
f 632 631 708
f 632 708 710
f 632 710 635
f 790 724 573
f 790 573 644
f 644 573 453
f 644 453 507
f 452 453 573
f 452 573 572
f 572 573 724
f 572 724 723
f 74 50 110
f 74 110 111
f 111 110 257
f 111 257 258
f 200 257 110
f 200 110 109
f 109 110 50
f 109 50 49
f 507 453 412
f 507 412 413
f 413 412 315
f 413 315 312
f 271 315 412
f 271 412 364
f 364 412 453
f 364 453 452
f 312 315 213
f 312 213 268
f 268 213 125
f 268 125 123
f 89 125 213
f 89 213 165
f 165 213 315
f 165 315 271
f 60 44 39
f 60 39 58
f 58 39 35
f 20 35 39
f 20 39 38
f 38 39 44
f 35 11 33
f 33 11 8
f 33 8 31
f 7 8 11
f 7 11 15
f 15 11 35
f 15 35 20
f 31 8 29
f 31 29 30
f 30 29 50
f 30 50 74
f 49 50 29
f 49 29 3
f 3 29 8
f 3 8 7
f 635 710 772
f 635 772 711
f 711 772 774
f 711 774 714
f 774 772 710
f 123 125 63
f 123 63 84
f 84 63 44
f 84 44 60
f 44 63 62
f 62 63 125
f 62 125 89
f 777 848 851
f 851 848 926
f 850 926 848
f 492 555 631
f 492 631 556
f 556 631 632
f 641 786 720
f 641 720 570
f 570 720 718
f 570 718 503
f 849 718 720
f 849 720 852
f 852 720 786
f 852 786 853
f 448 639 565
f 448 565 447
f 447 565 564
f 447 564 405
f 712 564 565
f 712 565 715
f 715 565 639
f 715 639 775
f 557 399 402
f 402 399 204
f 402 204 261
f 201 204 399
f 201 399 348
f 348 399 557
f 348 557 490
f 409 504 451
f 409 451 361
f 361 451 408
f 361 408 311
f 503 408 451
f 503 451 570
f 570 451 504
f 570 504 641
f 266 357 307
f 266 307 207
f 207 307 265
f 207 265 119
f 405 265 307
f 405 307 447
f 447 307 357
f 447 357 448
f 261 204 112
f 261 112 114
f 114 112 52
f 114 52 51
f 26 52 112
f 26 112 71
f 71 112 204
f 71 204 201
f 212 313 211
f 212 211 163
f 163 211 86
f 163 86 87
f 124 86 211
f 124 211 210
f 210 211 361
f 210 361 311
f 409 361 211
f 409 211 313
f 87 86 61
f 87 61 45
f 45 61 40
f 45 40 41
f 59 40 61
f 59 61 85
f 85 61 86
f 85 86 124
f 17 16 9
f 17 9 12
f 12 9 4
f 12 4 10
f 26 4 9
f 26 9 52
f 52 9 32
f 52 32 51
f 34 32 9
f 34 9 16
f 712 636 496
f 712 496 564
f 564 496 355
f 564 355 405
f 305 355 496
f 305 496 443
f 443 496 636
f 443 636 633
f 405 355 205
f 405 205 265
f 265 205 80
f 265 80 119
f 79 80 205
f 79 205 158
f 158 205 355
f 158 355 305
f 34 16 37
f 34 37 36
f 36 37 40
f 36 40 59
f 41 40 37
f 41 37 21
f 21 37 16
f 21 16 17
f 849 778 639
f 849 639 718
f 718 639 501
f 718 501 503
f 448 501 639
f 639 778 775
f 503 501 407
f 503 407 408
f 408 407 310
f 408 310 311
f 266 310 407
f 266 407 357
f 357 407 501
f 357 501 448
f 311 310 210
f 210 162 124
f 266 162 210
f 266 210 310
f 124 162 122
f 124 122 85
f 85 122 83
f 85 83 59
f 119 83 122
f 119 122 207
f 207 122 162
f 207 162 266
f 59 83 57
f 59 57 36
f 36 57 55
f 36 55 34
f 79 55 57
f 79 57 80
f 80 57 83
f 80 83 119
f 34 55 54
f 34 54 32
f 32 54 77
f 32 77 51
f 79 77 54
f 79 54 55
f 51 77 114
f 114 263 261
f 305 263 114
f 305 114 158
f 158 114 77
f 158 77 79
f 261 263 443
f 261 443 402
f 402 443 633
f 402 633 557
f 443 263 305
f 853 786 787
f 853 787 927
f 722 787 786
f 722 786 643
f 643 786 641
f 849 852 925
f 927 925 853
f 853 925 852
f 712 715 774
f 848 774 847
f 847 774 715
f 847 715 775
f 201 348 349
f 201 349 199
f 490 349 348
f 557 633 630
f 641 504 506
f 641 506 643
f 643 506 571
f 643 571 722
f 411 571 506
f 411 506 410
f 410 506 504
f 410 504 409
f 26 71 72
f 26 72 27
f 27 72 73
f 27 73 25
f 199 73 72
f 199 72 201
f 201 72 71
f 409 313 314
f 409 314 410
f 410 314 363
f 410 363 411
f 270 363 314
f 270 314 269
f 269 314 313
f 269 313 212
f 212 163 126
f 212 126 269
f 269 126 164
f 269 164 270
f 88 164 126
f 88 126 64
f 64 126 163
f 64 163 87
f 41 21 24
f 41 24 42
f 42 24 22
f 19 22 24
f 19 24 18
f 18 24 21
f 18 21 17
f 17 12 13
f 17 13 18
f 18 13 14
f 18 14 19
f 6 14 13
f 6 13 5
f 5 13 12
f 5 12 10
f 10 4 1
f 10 1 5
f 5 1 2
f 5 2 6
f 25 2 1
f 25 1 27
f 27 1 4
f 27 4 26
f 633 636 709
f 774 710 709
f 774 709 636
f 774 636 712
f 87 45 46
f 87 46 64
f 64 46 47
f 64 47 88
f 42 47 46
f 42 46 45
f 42 45 41
f 775 778 847
f 849 847 778
f 490 557 630
f 723 859 858
f 723 858 787
f 853 787 858
f 853 858 927
f 927 858 859
f 927 926 853
f 848 774 776
f 555 397 349
f 555 349 491
f 200 349 397
f 710 708 631
f 710 631 634
f 200 109 73
f 48 73 109
f 48 109 49
f 271 364 363
f 452 363 364
f 89 165 164
f 89 164 88
f 271 164 165
f 20 38 23
f 20 23 19
f 19 23 38
f 43 38 23
f 43 23 38
f 43 38 44
f 7 15 6
f 19 15 20
f 49 3 48
f 6 3 7
f 774 710 713
f 44 62 43
f 88 62 89
f 491 558 631
f 491 631 555
f 927 787 858
f 927 858 788
f 927 788 853
f 723 788 858
f 723 858 787
f 723 787 722
f 849 925 926
f 849 926 850
f 853 926 927
f 927 926 925
f 776 774 848
f 199 349 200
f 491 349 490
f 630 633 634
f 630 634 631
f 710 634 633
f 710 633 709
f 722 571 572
f 722 572 723
f 452 572 571
f 452 571 411
f 25 73 48
f 200 73 199
f 411 363 452
f 271 363 270
f 270 164 271
f 42 22 23
f 42 23 43
f 43 23 38
f 19 38 23
f 19 23 22
f 19 14 15
f 6 15 14
f 6 2 3
f 6 3 28
f 48 28 3
f 48 3 25
f 25 3 2
f 88 47 62
f 43 62 47
f 43 47 42
f 850 848 847
f 850 847 849
f 490 630 491
f 491 630 558
f 631 558 630
f 2912 3012 3120
f 2912 3120 3013
f 3012 3238 3237
f 3012 3237 3120
f 3582 3469 3120
f 3582 3120 3237
f 3469 3236 3013
f 3469 3013 3120
f 3236 3469 4022
f 3236 4022 3880
f 3469 3582 4106
f 3469 4106 4022
f 4355 4307 4022
f 4355 4022 4106
f 4307 4280 3880
f 4307 3880 4022
f 4280 4307 4415
f 4280 4415 4384
f 4307 4355 4453
f 4307 4453 4415
f 4513 4449 4415
f 4513 4415 4453
f 4449 4410 4384
f 4449 4384 4415
f 4569 4570 4597
f 4569 4597 4608
f 4570 4587 4596
f 4570 4596 4597
f 4610 4622 4597
f 4610 4597 4596
f 4622 4639 4608
f 4622 4608 4597
f 2821 2819 2913
f 2821 2913 2818
f 2819 2912 3013
f 2819 3013 2913
f 3236 3118 2913
f 3236 2913 3013
f 3118 3119 2818
f 3118 2818 2913
f 3119 3118 3779
f 3119 3779 3780
f 3118 3236 3880
f 3118 3880 3779
f 4280 4246 3779
f 4280 3779 3880
f 4246 4247 3780
f 4246 3780 3779
f 4247 4246 4351
f 4247 4351 4352
f 4246 4280 4384
f 4246 4384 4351
f 4410 4411 4351
f 4410 4351 4384
f 4411 4385 4352
f 4411 4352 4351
f 4557 4556 4609
f 4557 4609 4611
f 4556 4569 4608
f 4556 4608 4609
f 4639 4652 4609
f 4639 4609 4608
f 4652 4653 4611
f 4652 4611 4609
f 2919 2822 2915
f 2919 2915 2916
f 2822 2821 2818
f 2822 2818 2915
f 3119 3121 2915
f 3119 2915 2818
f 3121 3239 2916
f 3121 2916 2915
f 3239 3121 3781
f 3239 3781 3881
f 3121 3119 3780
f 3121 3780 3781
f 4247 4248 3781
f 4247 3781 3780
f 4248 4281 3881
f 4248 3881 3781
f 4281 4248 4353
f 4281 4353 4387
f 4248 4247 4352
f 4248 4352 4353
f 4385 4416 4353
f 4385 4353 4352
f 4416 4418 4387
f 4416 4387 4353
f 4572 4571 4612
f 4572 4612 4615
f 4571 4557 4611
f 4571 4611 4612
f 4653 4656 4612
f 4653 4612 4611
f 4656 4641 4615
f 4656 4615 4612
f 3128 3016 3125
f 3128 3125 3246
f 3016 2919 2916
f 3016 2916 3125
f 3239 3360 3125
f 3239 3125 2916
f 3360 3586 3246
f 3360 3246 3125
f 3586 3360 3952
f 3586 3952 4023
f 3360 3239 3881
f 3360 3881 3952
f 4281 4308 3952
f 4281 3952 3881
f 4308 4332 4023
f 4308 4023 3952
f 4332 4308 4421
f 4332 4421 4459
f 4308 4281 4387
f 4308 4387 4421
f 4418 4457 4421
f 4418 4421 4387
f 4457 4522 4459
f 4457 4459 4421
f 4592 4574 4600
f 4592 4600 4602
f 4574 4572 4615
f 4574 4615 4600
f 4641 4629 4600
f 4641 4600 4615
f 4629 4630 4602
f 4629 4602 4600
f 3238 3012 3014
f 3238 3014 3241
f 3012 2912 2914
f 3012 2914 3014
f 2918 3122 3014
f 2918 3014 2914
f 3122 3240 3241
f 3122 3241 3014
f 3582 3237 3358
f 3582 3358 3689
f 3237 3238 3241
f 3237 3241 3358
f 3240 3359 3358
f 3240 3358 3241
f 3359 3690 3689
f 3359 3689 3358
f 4355 4106 4179
f 4355 4179 4354
f 4106 3582 3689
f 4106 3689 4179
f 3690 4179 3689
f 4179 4386 4354
f 4587 4558 4573
f 4587 4573 4598
f 4558 4529 4544
f 4558 4544 4573
f 4559 4588 4573
f 4559 4573 4544
f 4588 4614 4598
f 4588 4598 4573
f 4639 4622 4651
f 4639 4651 4669
f 4622 4610 4623
f 4622 4623 4651
f 4655 4668 4651
f 4655 4651 4623
f 4668 4685 4669
f 4668 4669 4651
f 4610 4596 4613
f 4610 4613 4623
f 4596 4587 4598
f 4596 4598 4613
f 4614 4624 4613
f 4614 4613 4598
f 4624 4655 4623
f 4624 4623 4613
f 2912 2819 2820
f 2912 2820 2914
f 2819 2821 2827
f 2819 2827 2820
f 2831 2925 2820
f 2831 2820 2827
f 2925 2918 2914
f 2925 2914 2820
f 4653 4652 4686
f 4653 4686 4687
f 4652 4639 4669
f 4652 4669 4686
f 4685 4701 4686
f 4685 4686 4669
f 4701 4721 4687
f 4701 4687 4686
f 2821 2822 2828
f 2821 2828 2827
f 2822 2919 2926
f 2822 2926 2828
f 2933 2832 2828
f 2933 2828 2926
f 2832 2831 2827
f 2832 2827 2828
f 4641 4656 4689
f 4641 4689 4672
f 4656 4653 4687
f 4656 4687 4689
f 4721 4704 4689
f 4721 4689 4687
f 4704 4692 4672
f 4704 4672 4689
f 2919 3016 3021
f 2919 3021 2926
f 3016 3128 3021
f 3132 3029 3021
f 3132 3021 3128
f 3029 2933 2926
f 3029 2926 3021
f 3246 3586 3587
f 3694 3364 3246
f 3694 3246 3587
f 3364 3132 3128
f 3364 3128 3246
f 3586 4023 4107
f 3586 4107 3587
f 4023 4332 4356
f 4023 4356 4107
f 4388 4180 4107
f 4388 4107 4356
f 4180 3694 3587
f 4180 3587 4107
f 4332 4459 4494
f 4332 4494 4356
f 4459 4522 4539
f 4459 4539 4494
f 4539 4495 4494
f 4495 4388 4356
f 4495 4356 4494
f 4592 4602 4617
f 4592 4617 4603
f 4602 4630 4631
f 4602 4631 4617
f 4661 4632 4617
f 4661 4617 4631
f 4632 4618 4603
f 4632 4603 4617
f 4630 4629 4659
f 4630 4659 4631
f 4629 4641 4672
f 4629 4672 4659
f 4692 4675 4659
f 4692 4659 4672
f 4675 4661 4631
f 4675 4631 4659
f 3240 3122 3123
f 3122 2918 3015
f 3122 3015 3123
f 3123 3361 3240
f 3690 3359 3473
f 3690 3473 3782
f 3359 3240 3473
f 3361 3473 3240
f 4386 4179 4249
f 4386 4249 4420
f 4179 3690 3782
f 4179 3782 4249
f 4249 4419 4420
f 4614 4588 4599
f 4614 4599 4626
f 4588 4559 4576
f 4588 4576 4599
f 4589 4601 4599
f 4589 4599 4576
f 4601 4628 4625
f 4601 4625 4599
f 4626 4599 4625
f 4685 4668 4688
f 4685 4688 4700
f 4668 4655 4654
f 4668 4654 4688
f 4670 4688 4654
f 4688 4717 4700
f 4655 4624 4640
f 4655 4640 4654
f 4624 4614 4626
f 4624 4626 4640
f 4640 4670 4654
f 2918 2925 2924
f 2918 2924 3015
f 2925 2831 2929
f 2925 2929 2924
f 4721 4701 4715
f 4721 4715 4720
f 4701 4685 4700
f 4701 4700 4715
f 4717 4718 4715
f 4717 4715 4700
f 4718 4738 4720
f 4718 4720 4715
f 2831 2832 2931
f 2831 2931 2929
f 2832 2933 2932
f 2832 2932 2931
f 3028 2931 2932
f 4692 4704 4724
f 4692 4724 4706
f 4704 4721 4720
f 4704 4720 4724
f 4738 4740 4724
f 4738 4724 4720
f 4740 4726 4706
f 4740 4706 4724
f 2933 3029 2932
f 3029 3132 3253
f 3252 3137 3029
f 3252 3029 3253
f 3137 3028 2932
f 3137 2932 3029
f 3132 3364 3253
f 3693 3364 3694
f 3364 3252 3253
f 4180 4388 4391
f 4390 4180 4391
f 4180 3693 3694
f 4388 4495 4524
f 4388 4524 4391
f 4495 4539 4553
f 4495 4553 4524
f 4566 4541 4524
f 4566 4524 4553
f 4541 4496 4524
f 4390 4391 4524
f 4390 4524 4496
f 4618 4632 4646
f 4618 4646 4634
f 4632 4661 4662
f 4632 4662 4646
f 4678 4645 4646
f 4678 4646 4662
f 4645 4634 4646
f 4661 4675 4695
f 4661 4695 4662
f 4675 4692 4706
f 4675 4706 4695
f 4726 4695 4706
f 4695 4678 4662
f 4529 4558 4543
f 4529 4543 4512
f 4558 4587 4570
f 4558 4570 4543
f 4569 4527 4543
f 4569 4543 4570
f 4527 4485 4512
f 4527 4512 4543
f 4485 4527 4508
f 4485 4508 4447
f 4527 4569 4556
f 4527 4556 4508
f 4557 4509 4508
f 4557 4508 4556
f 4509 4448 4447
f 4509 4447 4508
f 4448 4509 4510
f 4448 4510 4452
f 4509 4557 4571
f 4509 4571 4510
f 4572 4530 4510
f 4572 4510 4571
f 4530 4489 4452
f 4530 4452 4510
f 4489 4530 4548
f 4489 4548 4518
f 4530 4572 4574
f 4530 4574 4548
f 4592 4563 4548
f 4592 4548 4574
f 4563 4536 4518
f 4563 4518 4548
f 4513 4453 4488
f 4513 4488 4531
f 4453 4355 4354
f 4453 4354 4488
f 4386 4516 4488
f 4386 4488 4354
f 4516 4533 4531
f 4516 4531 4488
f 4536 4563 4579
f 4536 4579 4551
f 4563 4592 4603
f 4563 4603 4579
f 4618 4593 4579
f 4618 4579 4603
f 4593 4564 4551
f 4593 4551 4579
f 4533 4516 4515
f 4533 4515 4547
f 4516 4386 4420
f 4516 4420 4515
f 4419 4491 4515
f 4419 4515 4420
f 4491 4521 4534
f 4491 4534 4515
f 4562 4547 4515
f 4562 4515 4534
f 4564 4593 4605
f 4564 4605 4580
f 4593 4618 4634
f 4593 4634 4605
f 4634 4633 4605
f 4633 4637 4606
f 4633 4606 4605
f 4594 4580 4605
f 4594 4605 4606
f 4513 4514 4486
f 4513 4486 4449
f 4514 4528 4511
f 4514 4511 4486
f 4445 4450 4486
f 4445 4486 4511
f 4450 4410 4449
f 4450 4449 4486
f 4410 4450 4412
f 4410 4412 4411
f 4450 4445 4451
f 4450 4451 4412
f 4413 4412 4451
f 4413 4385 4411
f 4413 4411 4412
f 4385 4413 4417
f 4385 4417 4416
f 4413 4454 4417
f 4456 4417 4454
f 4456 4418 4416
f 4456 4416 4417
f 4418 4456 4490
f 4418 4490 4457
f 4456 4520 4490
f 4537 4522 4490
f 4537 4490 4520
f 4522 4457 4490
f 4529 4528 4546
f 4529 4546 4544
f 4545 4561 4546
f 4561 4559 4544
f 4561 4544 4546
f 4522 4538 4539
f 4522 4537 4549
f 4522 4549 4538
f 4552 4538 4549
f 4552 4539 4538
f 4559 4561 4576
f 4578 4575 4561
f 4575 4589 4576
f 4575 4576 4561
f 4539 4552 4565
f 4539 4565 4553
f 4581 4566 4553
f 4581 4553 4565
f 4485 4487 4511
f 4485 4511 4512
f 4487 4445 4511
f 4528 4529 4512
f 4528 4512 4511
f 4448 4414 4446
f 4448 4446 4447
f 4414 4413 4451
f 4414 4451 4446
f 4445 4487 4446
f 4445 4446 4451
f 4487 4485 4447
f 4487 4447 4446
f 4489 4455 4454
f 4489 4454 4452
f 4455 4456 4454
f 4413 4414 4454
f 4414 4448 4452
f 4414 4452 4454
f 4536 4535 4517
f 4536 4517 4518
f 4535 4537 4520
f 4535 4520 4517
f 4456 4455 4517
f 4456 4517 4520
f 4455 4489 4518
f 4455 4518 4517
f 4533 4545 4532
f 4533 4532 4531
f 4545 4546 4532
f 4528 4514 4532
f 4528 4532 4546
f 4514 4513 4531
f 4514 4531 4532
f 4564 4550 4551
f 4550 4552 4549
f 4537 4535 4550
f 4537 4550 4549
f 4535 4536 4551
f 4535 4551 4550
f 4562 4578 4560
f 4562 4560 4547
f 4578 4561 4560
f 4545 4560 4561
f 4545 4533 4547
f 4545 4547 4560
f 4594 4582 4565
f 4594 4565 4580
f 4582 4581 4565
f 4552 4550 4565
f 4550 4564 4580
f 4550 4580 4565
f 3590 3788 3785
f 3590 3785 3589
f 3788 4109 4108
f 3788 4108 3785
f 4024 3784 3785
f 4024 3785 4108
f 3784 3692 3589
f 3784 3589 3785
f 4109 4358 4357
f 4109 4357 4108
f 4358 4567 4554
f 4358 4554 4357
f 4540 4333 4357
f 4540 4357 4554
f 4333 4024 4108
f 4333 4108 4357
f 4567 4665 4635
f 4567 4635 4554
f 4665 4749 4710
f 4665 4710 4635
f 4676 4619 4635
f 4676 4635 4710
f 4619 4540 4554
f 4619 4554 4635
f 4749 4781 4745
f 4749 4745 4710
f 4781 4772 4743
f 4781 4743 4745
f 4727 4708 4745
f 4727 4745 4743
f 4708 4676 4710
f 4708 4710 4745
f 3482 3695 3789
f 3482 3789 3477
f 3695 4111 4110
f 3695 4110 3789
f 4109 3788 3789
f 4109 3789 4110
f 3788 3590 3477
f 3788 3477 3789
f 4111 4393 4392
f 4111 4392 4110
f 4393 4585 4584
f 4393 4584 4392
f 4567 4358 4392
f 4567 4392 4584
f 4358 4109 4110
f 4358 4110 4392
f 4585 4683 4682
f 4585 4682 4584
f 4683 4789 4787
f 4683 4787 4682
f 4749 4665 4682
f 4749 4682 4787
f 4665 4567 4584
f 4665 4584 4682
f 4789 4843 4820
f 4789 4820 4787
f 4843 4815 4814
f 4843 4814 4820
f 4772 4781 4820
f 4772 4820 4814
f 4781 4749 4787
f 4781 4787 4820
f 3484 3699 3698
f 3484 3698 3483
f 3699 4026 4025
f 3699 4025 3698
f 4111 3695 3698
f 4111 3698 4025
f 3695 3482 3483
f 3695 3483 3698
f 4026 4360 4359
f 4026 4359 4025
f 4360 4568 4586
f 4360 4586 4359
f 4585 4393 4359
f 4585 4359 4586
f 4393 4111 4025
f 4393 4025 4359
f 4568 4667 4684
f 4568 4684 4586
f 4667 4756 4791
f 4667 4791 4684
f 4789 4683 4684
f 4789 4684 4791
f 4683 4585 4586
f 4683 4586 4684
f 4756 4786 4825
f 4756 4825 4791
f 4786 4784 4821
f 4786 4821 4825
f 4815 4843 4825
f 4815 4825 4821
f 4843 4789 4791
f 4843 4791 4825
f 3597 3791 3790
f 3597 3790 3596
f 3791 4028 4027
f 3791 4027 3790
f 4026 3699 3790
f 4026 3790 4027
f 3699 3484 3596
f 3699 3596 3790
f 4028 4335 4334
f 4028 4334 4027
f 4335 4542 4555
f 4335 4555 4334
f 4568 4360 4334
f 4568 4334 4555
f 4360 4026 4027
f 4360 4027 4334
f 4542 4621 4638
f 4542 4638 4555
f 4621 4681 4714
f 4621 4714 4638
f 4756 4667 4638
f 4756 4638 4714
f 4667 4568 4555
f 4667 4555 4638
f 4681 4713 4755
f 4681 4755 4714
f 4713 4732 4752
f 4713 4752 4755
f 4784 4786 4755
f 4784 4755 4752
f 4786 4756 4714
f 4786 4714 4755
f 3692 3588 3475
f 3692 3475 3589
f 3588 3474 3363
f 3588 3363 3475
f 3251 3366 3475
f 3251 3475 3363
f 3366 3590 3589
f 3366 3589 3475
f 4024 3953 3691
f 4024 3691 3784
f 3474 3588 3784
f 3474 3784 3691
f 3588 3692 3784
f 4540 4523 4309
f 4540 4309 4333
f 4523 4492 4309
f 3953 4024 4309
f 4024 4333 4309
f 4676 4660 4604
f 4676 4604 4619
f 4660 4644 4590
f 4660 4590 4604
f 4492 4523 4604
f 4492 4604 4590
f 4523 4540 4619
f 4523 4619 4604
f 4772 4764 4741
f 4772 4741 4743
f 4764 4765 4722
f 4764 4722 4741
f 4705 4741 4722
f 4705 4727 4743
f 4705 4743 4741
f 4727 4705 4694
f 4727 4694 4708
f 4705 4693 4694
f 4644 4660 4694
f 4644 4694 4693
f 4660 4676 4708
f 4660 4708 4694
f 3590 3366 3257
f 3590 3257 3477
f 3366 3251 3135
f 3366 3135 3257
f 3143 3258 3257
f 3143 3257 3135
f 3258 3482 3477
f 3258 3477 3257
f 4815 4807 4797
f 4815 4797 4814
f 4807 4800 4798
f 4807 4798 4797
f 4765 4764 4797
f 4765 4797 4798
f 4764 4772 4814
f 4764 4814 4797
f 3482 3258 3264
f 3482 3264 3483
f 3258 3143 3144
f 3258 3144 3264
f 3265 3375 3264
f 3265 3264 3144
f 3375 3484 3483
f 3375 3483 3264
f 4784 4782 4817
f 4784 4817 4821
f 4782 4777 4808
f 4782 4808 4817
f 4800 4807 4817
f 4800 4817 4808
f 4807 4815 4821
f 4807 4821 4817
f 3484 3375 3370
f 3484 3370 3596
f 3375 3265 3259
f 3375 3259 3370
f 3485 3597 3370
f 3485 3370 3259
f 3597 3596 3370
f 3597 3696 3791
f 3597 3485 3591
f 3597 3591 3696
f 3883 3954 3696
f 3883 3696 3591
f 3954 4028 3791
f 3954 3791 3696
f 4028 3954 4310
f 4028 4310 4335
f 3954 3883 4284
f 3954 4284 4310
f 4498 4526 4310
f 4498 4310 4284
f 4526 4542 4335
f 4526 4335 4310
f 4542 4526 4607
f 4542 4607 4621
f 4526 4498 4595
f 4526 4595 4607
f 4650 4666 4607
f 4650 4607 4595
f 4666 4681 4621
f 4666 4621 4607
f 4681 4666 4699
f 4681 4699 4713
f 4666 4650 4698
f 4666 4698 4699
f 4711 4712 4699
f 4711 4699 4698
f 4712 4732 4713
f 4712 4713 4699
f 4732 4712 4748
f 4732 4748 4752
f 4712 4711 4728
f 4712 4728 4748
f 4777 4782 4748
f 4777 4748 4728
f 4782 4784 4752
f 4782 4752 4748
f 3474 3242 3363
f 3474 3361 3242
f 3127 3131 3242
f 3131 3251 3363
f 3131 3363 3242
f 3953 3882 3584
f 3953 3584 3691
f 3882 3585 3584
f 3361 3474 3584
f 3361 3584 3585
f 3474 3691 3584
f 4492 4493 4282
f 4492 4282 4309
f 4493 4283 4282
f 3882 4282 4283
f 3882 3953 4309
f 3882 4309 4282
f 4644 4643 4591
f 4644 4591 4590
f 4643 4627 4577
f 4643 4577 4591
f 4493 4591 4577
f 4493 4492 4590
f 4493 4590 4591
f 4765 4733 4723
f 4765 4723 4722
f 4733 4702 4723
f 4690 4723 4702
f 4690 4705 4722
f 4690 4722 4723
f 4705 4690 4673
f 4705 4673 4693
f 4690 4674 4673
f 4627 4643 4673
f 4627 4673 4674
f 4643 4644 4693
f 4643 4693 4673
f 3251 3131 3135
f 3131 3127 3024
f 3131 3024 3135
f 3025 3135 3024
f 3025 3143 3135
f 4800 4769 4761
f 4800 4761 4798
f 4769 4762 4761
f 4733 4765 4798
f 4733 4798 4761
f 3143 3025 3035
f 3143 3035 3144
f 3146 3145 3035
f 3145 3265 3144
f 3145 3144 3035
f 4777 4744 4773
f 4777 4773 4808
f 4744 4742 4771
f 4744 4771 4773
f 4762 4769 4773
f 4762 4773 4771
f 4769 4800 4808
f 4769 4808 4773
f 3265 3145 3259
f 3145 3146 3259
f 3371 3485 3259
f 3485 3371 3478
f 3485 3478 3591
f 3787 3883 3591
f 3787 3591 3478
f 3883 3787 4252
f 3883 4252 4284
f 3787 4251 4252
f 4462 4498 4252
f 4462 4252 4251
f 4498 4284 4252
f 4498 4583 4595
f 4498 4462 4583
f 4636 4649 4583
f 4649 4650 4595
f 4649 4595 4583
f 4650 4649 4680
f 4650 4680 4698
f 4649 4636 4679
f 4649 4679 4680
f 4696 4697 4680
f 4696 4680 4679
f 4697 4711 4698
f 4697 4698 4680
f 4711 4697 4729
f 4711 4729 4728
f 4697 4696 4709
f 4697 4709 4729
f 4742 4744 4729
f 4742 4729 4709
f 4744 4777 4728
f 4744 4728 4729
f 3015 3127 3243
f 3015 3243 3123
f 3362 3361 3123
f 3362 3123 3243
f 3361 3362 3473
f 3362 3583 3473
f 3783 3473 3583
f 3783 3782 3473
f 3782 3783 4250
f 3782 4250 4249
f 4519 4419 4250
f 4419 4249 4250
f 4628 4626 4625
f 4626 4616 4642
f 4670 4671 4703
f 4670 4703 4688
f 4717 4688 4703
f 4626 4642 4657
f 4626 4657 4640
f 4642 4616 4658
f 4642 4658 4657
f 4671 4657 4658
f 4671 4670 4640
f 4671 4640 4657
f 2929 3020 2924
f 2929 3026 3020
f 3127 3015 2924
f 3127 2924 3020
f 4717 4736 4718
f 4737 4738 4736
f 4738 4718 4736
f 3028 2930 2931
f 3028 3027 2930
f 3026 2929 2930
f 3026 2930 3027
f 2929 2931 2930
f 4738 4739 4740
f 4738 4737 4739
f 4725 4726 4740
f 4725 4740 4739
f 3252 3136 3137
f 3028 3137 3136
f 3693 3786 3476
f 3693 3476 3364
f 3252 3364 3476
f 4390 4389 4251
f 4390 4251 4180
f 4389 4525 4251
f 3786 3693 4180
f 3786 4180 4251
f 4496 4497 4461
f 4497 4525 4389
f 4497 4389 4461
f 4390 4496 4461
f 4390 4461 4389
f 4678 4664 4645
f 4678 4677 4663
f 4678 4663 4664
f 4620 4648 4664
f 4620 4664 4663
f 4648 4634 4645
f 4648 4645 4664
f 4726 4725 4707
f 4726 4707 4695
f 4725 4709 4707
f 4677 4678 4707
f 4677 4707 4709
f 4678 4695 4707
f 4419 4519 4491
f 4648 4620 4647
f 4648 4647 4634
f 4637 4633 4634
f 4637 4634 4647
f 3361 3243 3242
f 3361 3362 3243
f 3127 3242 3243
f 3882 3783 3583
f 3882 3583 3585
f 3362 3361 3585
f 3362 3585 3583
f 4493 4458 4250
f 4493 4250 4283
f 4458 4519 4250
f 3783 3882 4250
f 3882 4283 4250
f 4627 4628 4578
f 4627 4578 4577
f 4628 4616 4578
f 4519 4458 4578
f 4458 4493 4577
f 4458 4577 4578
f 4733 4716 4702
f 4716 4717 4703
f 4716 4703 4702
f 4671 4691 4702
f 4671 4702 4703
f 4691 4690 4702
f 4690 4691 4658
f 4690 4658 4674
f 4691 4671 4658
f 4616 4628 4658
f 4628 4627 4674
f 4628 4674 4658
f 3127 3020 3024
f 3026 3025 3024
f 3026 3024 3020
f 4762 4737 4736
f 4762 4736 4761
f 4717 4716 4736
f 4716 4733 4761
f 4716 4761 4736
f 3025 3026 3027
f 3025 3027 3035
f 3028 3146 3035
f 3028 3035 3027
f 4742 4725 4739
f 4742 4739 4771
f 4737 4762 4771
f 4737 4771 4739
f 3146 3028 3136
f 3146 3136 3259
f 3252 3367 3136
f 3367 3371 3259
f 3367 3259 3136
f 3371 3367 3478
f 3367 3252 3476
f 3367 3476 3478
f 3786 3478 3476
f 3786 3787 3478
f 3787 3786 4251
f 4525 4460 4251
f 4460 4462 4251
f 4462 4460 4583
f 4460 4525 4581
f 4460 4581 4583
f 4620 4636 4583
f 4620 4583 4581
f 4636 4663 4679
f 4636 4620 4663
f 4677 4696 4663
f 4696 4679 4663
f 4696 4677 4709
f 4725 4742 4709
f 1203 1117 910
f 1203 910 1007
f 1007 910 835
f 1007 835 911
f 621 835 910
f 621 910 760
f 760 910 1117
f 760 1117 909
f 909 692 540
f 909 540 760
f 760 540 429
f 760 429 621
f 386 429 540
f 386 540 478
f 478 540 692
f 478 692 617
f 617 615 476
f 617 476 478
f 478 476 384
f 478 384 386
f 381 384 476
f 381 476 473
f 473 476 615
f 473 615 685
f 747 744 529
f 747 529 534
f 534 529 422
f 534 422 424
f 461 422 529
f 461 529 530
f 530 529 744
f 530 744 675
f 1416 1342 1278
f 1416 1278 1279
f 1279 1278 1117
f 1279 1117 1203
f 909 1117 1278
f 909 1278 1115
f 1115 1278 1342
f 1115 1342 1201
f 1201 1002 833
f 1201 833 1115
f 1115 833 692
f 1115 692 909
f 617 692 833
f 617 833 756
f 756 833 1002
f 756 1002 898
f 898 890 821
f 898 821 756
f 756 821 615
f 756 615 617
f 685 615 821
f 685 821 816
f 816 821 890
f 816 890 985
f 1073 1071 877
f 1073 877 972
f 972 877 744
f 972 744 747
f 675 744 877
f 675 877 809
f 809 877 1071
f 809 1071 971
f 1418 1410 1413
f 1418 1413 1417
f 1417 1413 1342
f 1417 1342 1416
f 1201 1342 1413
f 1201 1413 1272
f 1272 1413 1410
f 1272 1410 1273
f 1273 1111 1110
f 1273 1110 1272
f 1272 1110 1002
f 1272 1002 1201
f 898 1002 1110
f 898 1110 995
f 995 1110 1111
f 995 1111 1105
f 1105 1095 990
f 1105 990 995
f 995 990 890
f 995 890 898
f 985 890 990
f 985 990 1085
f 1085 990 1095
f 1085 1095 1091
f 1258 1259 1182
f 1258 1182 1257
f 1257 1182 1071
f 1257 1071 1073
f 971 1071 1182
f 971 1182 1072
f 1072 1182 1259
f 1072 1259 1183
f 1415 1412 1411
f 1415 1411 1414
f 1414 1411 1410
f 1414 1410 1418
f 1273 1410 1411
f 1273 1411 1274
f 1274 1411 1412
f 1274 1412 1275
f 1275 1113 1112
f 1275 1112 1274
f 1274 1112 1111
f 1274 1111 1273
f 1105 1111 1112
f 1105 1112 1107
f 1107 1112 1113
f 1107 1113 1109
f 1109 1104 1100
f 1109 1100 1107
f 1107 1100 1095
f 1107 1095 1105
f 1091 1095 1100
f 1091 1100 1195
f 1195 1100 1104
f 1195 1104 1101
f 1268 1264 1260
f 1268 1260 1263
f 1263 1260 1259
f 1263 1259 1258
f 1183 1259 1260
f 1183 1260 1261
f 1261 1260 1264
f 1261 1264 1265
f 911 836 1009
f 911 1009 1007
f 1007 1009 1205
f 1007 1205 1203
f 1205 1009 1008
f 1008 1009 836
f 621 761 835
f 835 761 836
f 835 836 911
f 836 761 762
f 762 761 621
f 762 621 541
f 386 293 387
f 386 387 429
f 429 387 621
f 541 621 387
f 387 293 294
f 424 323 329
f 424 329 375
f 375 329 286
f 375 286 380
f 230 286 329
f 230 329 282
f 282 329 323
f 282 323 279
f 675 606 462
f 675 462 530
f 530 462 417
f 530 417 461
f 366 417 462
f 366 462 456
f 456 462 606
f 456 606 527
f 461 417 372
f 461 372 422
f 422 372 323
f 422 323 424
f 279 323 372
f 279 372 320
f 320 372 417
f 320 417 366
f 1203 1205 1348
f 1203 1348 1279
f 1279 1348 1423
f 1279 1423 1416
f 1423 1348 1283
f 1283 1348 1205
f 971 878 743
f 971 743 809
f 809 743 606
f 809 606 675
f 527 606 743
f 527 743 676
f 676 743 878
f 676 878 810
f 1416 1423 1424
f 1416 1424 1417
f 1417 1424 1478
f 1417 1478 1418
f 1425 1478 1424
f 1183 1074 973
f 1183 973 1072
f 1072 973 878
f 1072 878 971
f 810 878 973
f 810 973 879
f 879 973 1074
f 879 1074 1075
f 1418 1478 1419
f 1418 1419 1414
f 1414 1419 1420
f 1414 1420 1415
f 1420 1419 1422
f 1422 1419 1478
f 1422 1478 1425
f 1415 1420 1341
f 1415 1341 1412
f 1412 1341 1276
f 1412 1276 1275
f 1277 1276 1341
f 1277 1341 1343
f 1343 1341 1420
f 1275 1276 1114
f 1275 1114 1113
f 1113 1114 1000
f 1113 1000 1109
f 1001 1000 1114
f 1001 1114 1003
f 1003 1114 1276
f 1003 1276 1277
f 1109 1000 1106
f 1109 1106 1104
f 1104 1106 1102
f 1104 1102 1101
f 994 1102 1106
f 994 1106 996
f 996 1106 1000
f 996 1000 1001
f 1268 1189 1269
f 1268 1269 1264
f 1264 1269 1266
f 1264 1266 1265
f 1186 1266 1269
f 1186 1269 1187
f 1187 1269 1189
f 1187 1189 1190
f 1265 1266 1184
f 1265 1184 1261
f 1261 1184 1074
f 1261 1074 1183
f 1075 1074 1184
f 1075 1184 1077
f 1077 1184 1266
f 1077 1266 1186
f 836 838 1010
f 836 1010 1008
f 1008 1010 1207
f 1008 1207 1205
f 1123 1207 1010
f 1123 1010 913
f 913 1010 838
f 541 542 694
f 541 694 762
f 762 694 838
f 762 838 836
f 838 694 695
f 695 694 542
f 294 245 333
f 294 333 387
f 387 333 542
f 387 542 541
f 542 333 334
f 334 333 245
f 279 218 226
f 279 226 282
f 282 226 231
f 282 231 230
f 179 231 226
f 179 226 175
f 175 226 223
f 175 223 174
f 219 223 226
f 219 226 218
f 527 528 414
f 527 414 456
f 456 414 316
f 456 316 366
f 316 414 367
f 367 414 528
f 367 528 457
f 366 316 274
f 366 274 320
f 320 274 218
f 320 218 279
f 219 218 274
f 1205 1207 1283
f 1283 1352 1423
f 1352 1283 1285
f 1285 1283 1207
f 1285 1207 1123
f 810 745 677
f 810 677 676
f 676 677 528
f 676 528 527
f 457 528 677
f 457 677 607
f 607 677 745
f 607 745 746
f 1423 1352 1427
f 1423 1427 1424
f 1424 1427 1425
f 1075 974 880
f 1075 880 879
f 879 880 745
f 879 745 810
f 746 745 880
f 746 880 811
f 811 880 974
f 811 974 881
f 1349 1420 1422
f 1349 1422 1426
f 1426 1422 1425
f 1343 1202 1277
f 1202 1343 1345
f 1345 1343 1420
f 1345 1420 1349
f 1277 1202 1004
f 1277 1004 1003
f 1003 1004 906
f 1003 906 1001
f 905 906 1004
f 905 1004 1005
f 1005 1004 1202
f 1001 906 903
f 1001 903 996
f 996 903 899
f 996 899 994
f 900 899 903
f 900 903 902
f 902 903 904
f 902 904 829
f 905 904 903
f 905 903 906
f 1190 1089 1084
f 1190 1084 1187
f 1187 1084 1080
f 1187 1080 1186
f 1081 1080 1084
f 1084 1089 1090
f 1186 1080 1078
f 1186 1078 1077
f 1077 1078 974
f 1077 974 1075
f 881 974 1078
f 881 1078 975
f 975 1078 1080
f 975 1080 1081
f 380 471 537
f 380 537 375
f 375 537 534
f 375 534 424
f 747 534 537
f 747 537 750
f 750 537 471
f 750 471 684
f 684 815 882
f 684 882 750
f 750 882 972
f 750 972 747
f 1073 972 882
f 1073 882 1076
f 1076 882 815
f 1076 815 979
f 979 1083 1185
f 979 1185 1076
f 1076 1185 1257
f 1076 1257 1073
f 1258 1257 1185
f 1258 1185 1262
f 1262 1185 1083
f 1262 1083 1188
f 1188 1192 1267
f 1188 1267 1262
f 1262 1267 1263
f 1262 1263 1258
f 1268 1263 1267
f 1268 1267 1193
f 1193 1267 1192
f 1193 1192 1196
f 381 288 292
f 381 292 384
f 384 292 293
f 384 293 386
f 294 293 292
f 294 292 243
f 243 292 288
f 243 288 242
f 1196 1098 1194
f 1196 1194 1193
f 1193 1194 1189
f 1193 1189 1268
f 1190 1189 1194
f 1190 1194 1094
f 1094 1194 1098
f 1094 1098 1099
f 242 184 188
f 242 188 243
f 243 188 245
f 243 245 294
f 245 188 190
f 190 188 189
f 185 189 188
f 185 188 184
f 1099 993 988
f 1099 988 1094
f 1094 988 1089
f 1094 1089 1190
f 1090 1089 988
f 1090 988 989
f 989 988 894
f 897 894 988
f 897 988 993
f 381 473 474
f 381 474 382
f 382 474 475
f 382 475 383
f 687 475 474
f 687 474 686
f 686 474 473
f 686 473 685
f 685 816 817
f 685 817 686
f 686 817 818
f 686 818 687
f 887 818 817
f 887 817 886
f 886 817 816
f 886 816 985
f 985 1085 1086
f 985 1086 886
f 886 1086 986
f 886 986 887
f 1092 986 1086
f 1092 1086 1085
f 1092 1085 1091
f 1091 1195 1093
f 1091 1093 1092
f 1096 1093 1195
f 1096 1195 1101
f 380 286 289
f 380 289 379
f 379 289 330
f 379 330 383
f 290 330 289
f 290 289 236
f 236 289 286
f 236 286 230
f 1101 1102 1103
f 1101 1103 1096
f 991 1103 1102
f 991 1102 994
f 230 231 236
f 187 236 179
f 179 236 231
f 994 899 895
f 994 895 991
f 823 895 901
f 901 895 899
f 901 899 900
f 684 471 683
f 683 471 475
f 683 475 687
f 383 475 471
f 383 471 379
f 379 471 380
f 979 815 818
f 979 818 982
f 982 818 887
f 687 818 683
f 683 818 815
f 683 815 684
f 1188 1083 1087
f 1188 1087 1088
f 1088 1087 986
f 1088 986 1092
f 887 986 1087
f 887 1087 982
f 982 1087 1083
f 982 1083 979
f 1196 1192 1191
f 1196 1191 1097
f 1097 1191 1093
f 1097 1093 1096
f 1092 1093 1191
f 1092 1191 1088
f 1088 1191 1192
f 1088 1192 1188
f 242 288 289
f 242 289 235
f 235 289 330
f 235 330 290
f 383 330 289
f 383 289 382
f 382 289 288
f 382 288 381
f 1099 1098 1103
f 1099 1103 992
f 992 1103 991
f 1096 1103 1097
f 1097 1103 1098
f 1097 1098 1196
f 185 184 236
f 185 236 186
f 186 236 187
f 290 236 235
f 235 236 184
f 235 184 242
f 897 993 896
f 896 895 823
f 991 895 896
f 991 896 992
f 992 896 993
f 992 993 1099
f 840 699 546
f 840 546 700
f 700 546 431
f 700 431 432
f 390 431 546
f 390 546 544
f 544 546 699
f 544 699 625
f 432 431 250
f 432 250 251
f 251 250 106
f 251 106 107
f 105 106 250
f 105 250 195
f 195 250 431
f 195 431 390
f 107 106 69
f 107 69 70
f 70 69 66
f 70 66 101
f 65 66 69
f 65 69 68
f 68 69 106
f 68 106 105
f 101 66 93
f 101 93 138
f 138 93 170
f 138 170 222
f 129 170 93
f 129 93 92
f 92 93 66
f 92 66 65
f 1015 917 766
f 1015 766 841
f 841 766 482
f 841 482 545
f 432 482 766
f 432 766 700
f 700 766 917
f 700 917 840
f 545 482 296
f 545 296 336
f 336 296 149
f 336 149 194
f 107 149 296
f 107 296 251
f 251 296 482
f 251 482 432
f 194 149 103
f 194 103 146
f 146 103 142
f 146 142 181
f 101 142 103
f 101 103 70
f 70 103 149
f 70 149 107
f 181 142 225
f 181 225 284
f 284 225 324
f 284 324 426
f 222 324 225
f 222 225 138
f 138 225 142
f 138 142 101
f 1127 1126 842
f 1127 842 915
f 915 842 623
f 915 623 697
f 545 623 842
f 545 842 841
f 841 842 1126
f 841 1126 1015
f 697 623 388
f 697 388 480
f 480 388 247
f 480 247 332
f 194 247 388
f 194 388 336
f 336 388 623
f 336 623 545
f 332 247 244
f 332 244 331
f 331 244 291
f 331 291 385
f 181 291 244
f 181 244 146
f 146 244 247
f 146 247 194
f 385 291 378
f 385 378 472
f 472 378 470
f 472 470 538
f 426 470 378
f 426 378 284
f 284 378 291
f 284 291 181
f 1121 1125 1011
f 1121 1011 1122
f 1122 1011 837
f 1122 837 912
f 697 837 1011
f 697 1011 915
f 915 1011 1125
f 915 1125 1127
f 912 837 620
f 912 620 693
f 693 620 479
f 693 479 619
f 332 479 620
f 332 620 480
f 480 620 837
f 480 837 697
f 619 479 428
f 619 428 618
f 618 428 477
f 618 477 616
f 385 477 428
f 385 428 331
f 331 428 479
f 331 479 332
f 616 477 539
f 616 539 689
f 689 539 614
f 689 614 688
f 538 614 539
f 538 539 472
f 472 539 477
f 472 477 385
f 625 699 765
f 625 765 624
f 624 765 839
f 624 839 698
f 1013 839 765
f 1013 765 916
f 916 765 699
f 916 699 840
f 390 544 543
f 390 543 389
f 389 543 622
f 389 622 430
f 698 622 543
f 698 543 624
f 624 543 544
f 624 544 625
f 105 195 249
f 105 249 104
f 104 249 248
f 104 248 148
f 430 248 249
f 430 249 389
f 389 249 195
f 389 195 390
f 65 68 67
f 65 67 98
f 98 67 102
f 98 102 139
f 148 102 67
f 148 67 104
f 104 67 68
f 104 68 105
f 222 170 215
f 222 215 322
f 322 215 272
f 322 272 369
f 166 272 215
f 166 215 128
f 128 215 170
f 128 170 129
f 129 92 134
f 129 134 128
f 128 134 127
f 128 127 166
f 139 127 134
f 139 134 98
f 98 134 92
f 98 92 65
f 840 917 1014
f 840 1014 916
f 916 1014 1128
f 916 1128 1013
f 1289 1128 1014
f 1289 1014 1211
f 1211 1014 917
f 1211 917 1015
f 426 324 423
f 426 423 468
f 468 423 466
f 468 466 536
f 369 466 423
f 369 423 322
f 322 423 324
f 322 324 222
f 1015 1126 1212
f 1015 1212 1211
f 1211 1212 1290
f 1211 1290 1289
f 1288 1290 1212
f 1288 1212 1210
f 1210 1212 1126
f 1210 1126 1127
f 538 470 613
f 538 613 682
f 682 613 681
f 682 681 751
f 536 681 613
f 536 613 468
f 468 613 470
f 468 470 426
f 1127 1125 1208
f 1127 1208 1210
f 1210 1208 1284
f 1210 1284 1288
f 1282 1284 1208
f 1282 1208 1206
f 1206 1208 1125
f 1206 1125 1121
f 1121 1122 1120
f 1121 1120 1206
f 1206 1120 1204
f 1206 1204 1282
f 1119 1204 1120
f 1119 1120 1006
f 1006 1120 1122
f 1006 1122 912
f 912 693 759
f 912 759 1006
f 1006 759 834
f 1006 834 1119
f 758 834 759
f 758 759 691
f 691 759 693
f 691 693 619
f 619 618 690
f 619 690 691
f 691 690 757
f 691 757 758
f 822 757 690
f 822 690 755
f 755 690 618
f 755 618 616
f 616 689 754
f 616 754 755
f 755 754 820
f 755 820 822
f 819 820 754
f 819 754 753
f 753 754 689
f 753 689 688
f 688 614 752
f 688 752 753
f 753 752 814
f 753 814 819
f 751 814 752
f 751 752 682
f 682 752 614
f 682 614 538
f 698 839 914
f 698 914 763
f 763 914 913
f 1123 913 914
f 1123 914 1012
f 1012 914 839
f 1012 839 1013
f 430 622 481
f 763 622 698
f 148 248 295
f 148 295 147
f 147 295 193
f 481 295 248
f 481 248 430
f 139 102 145
f 139 145 133
f 133 145 174
f 193 145 147
f 147 145 102
f 147 102 148
f 369 272 317
f 369 317 419
f 419 317 418
f 276 317 214
f 214 317 272
f 214 272 166
f 166 127 169
f 166 169 214
f 214 169 221
f 214 221 276
f 174 221 169
f 174 169 133
f 133 169 127
f 133 127 139
f 1013 1128 1209
f 1013 1209 1012
f 1012 1209 1123
f 1287 1209 1289
f 1289 1209 1128
f 536 466 611
f 611 466 531
f 611 531 680
f 418 531 466
f 418 466 419
f 419 466 369
f 1289 1290 1354
f 1289 1354 1287
f 1356 1354 1290
f 1356 1290 1288
f 751 681 749
f 751 749 813
f 813 749 748
f 680 748 749
f 680 749 611
f 611 749 681
f 611 681 536
f 1288 1284 1351
f 1288 1351 1356
f 1349 1351 1281
f 1281 1351 1284
f 1281 1284 1282
f 1282 1204 1280
f 1282 1280 1281
f 1281 1280 1349
f 1119 1280 1204
f 1119 834 908
f 832 908 834
f 832 834 758
f 758 757 826
f 758 826 832
f 832 826 825
f 892 825 826
f 892 826 893
f 893 826 757
f 893 757 822
f 822 820 889
f 822 889 893
f 893 889 984
f 893 984 892
f 981 984 889
f 981 889 888
f 888 889 820
f 888 820 819
f 819 814 885
f 819 885 888
f 888 885 981
f 813 885 814
f 813 814 751
f 1123 913 1124
f 764 913 838
f 838 695 696
f 838 696 764
f 481 696 695
f 481 695 542
f 542 334 335
f 542 335 481
f 191 335 246
f 246 335 334
f 246 334 245
f 174 223 219
f 174 219 224
f 224 219 220
f 224 220 227
f 316 367 321
f 463 367 458
f 458 367 457
f 219 274 275
f 219 275 220
f 220 275 221
f 220 221 227
f 321 221 275
f 321 275 274
f 321 274 316
f 1352 1285 1286
f 1352 1286 1353
f 1353 1286 1209
f 1353 1209 1287
f 1124 1209 1286
f 1124 1286 1285
f 1124 1285 1123
f 457 607 608
f 457 608 458
f 458 608 609
f 458 609 463
f 679 609 608
f 679 608 607
f 679 607 746
f 1425 1427 1354
f 1425 1354 1350
f 1287 1354 1353
f 1353 1354 1427
f 1353 1427 1352
f 746 811 679
f 1349 1426 1351
f 1350 1351 1426
f 1350 1426 1425
f 1202 1345 1280
f 1202 1280 1116
f 1349 1280 1345
f 905 1005 907
f 905 907 830
f 830 907 827
f 1116 907 1202
f 1202 907 1005
f 829 904 828
f 828 830 827
f 905 830 828
f 905 828 904
f 1081 1084 983
f 1081 983 980
f 891 983 987
f 987 983 1084
f 987 1084 1090
f 881 975 883
f 980 883 975
f 980 975 1081
f 245 190 192
f 245 192 246
f 246 192 191
f 1090 989 987
f 763 913 764
f 1124 913 1123
f 481 622 696
f 764 696 763
f 763 696 622
f 193 295 335
f 193 335 191
f 481 335 295
f 174 145 186
f 174 186 227
f 191 186 193
f 193 186 145
f 418 317 368
f 418 368 367
f 418 367 463
f 321 367 368
f 321 368 276
f 276 368 317
f 276 221 321
f 227 221 174
f 1123 1209 1124
f 680 531 679
f 679 531 609
f 463 609 531
f 463 531 418
f 1350 1354 1355
f 1355 1354 1356
f 813 748 812
f 812 748 811
f 812 811 881
f 679 811 748
f 679 748 680
f 1356 1351 1355
f 1355 1351 1350
f 1116 1280 1118
f 1118 1280 1119
f 1119 908 1118
f 1118 908 907
f 1118 907 1116
f 827 907 908
f 827 908 831
f 831 908 832
f 832 825 831
f 831 825 824
f 831 824 827
f 891 824 825
f 891 825 892
f 892 984 983
f 892 983 891
f 980 983 984
f 980 984 981
f 981 885 884
f 981 884 980
f 980 884 883
f 881 883 884
f 881 884 812
f 812 884 885
f 812 885 813
f 2843 2842 2946
f 2947 2843 2946
f 3045 3161 3162
f 3045 2946 3051
f 3045 3051 3044
f 3045 3044 3161
f 3167 3161 3168
f 3168 3161 3044
f 3168 3044 3051
f 3161 3167 3298
f 3161 3298 3291
f 3161 3291 3292
f 3392 3291 3298
f 2843 2847 2846
f 2843 2846 2842
f 2847 2755 2846
f 2755 2754 2846
f 2953 2946 2842
f 2953 2842 2846
f 2946 2953 3051
f 2953 2952 3051
f 2952 3050 3051
f 2953 2846 2952
f 3301 3298 3167
f 3301 3167 3174
f 3174 3167 3051
f 3174 3051 3050
f 3167 3168 3051
f 3167 3298 3297
f 3167 3297 3298
f 3298 3297 3391
f 3298 3391 3297
f 3298 3301 3297
f 3297 3301 3398
f 3297 3398 3391
f 3500 3391 3397
f 3397 3391 3398
f 3391 3392 3298
f 3391 3298 3297
f 2755 2669 2754
f 2669 2672 2671
f 2669 2671 2754
f 2759 2671 2672
f 2852 2846 2754
f 2852 2754 2759
f 2759 2754 2671
f 2846 2852 2958
f 2846 2958 2952
f 2952 2958 3054
f 2952 3054 3050
f 2852 2759 2851
f 2852 2851 2958
f 2958 2851 3054
f 3301 3174 3173
f 3173 3174 3054
f 3174 3050 3054
f 3301 3397 3398
f 3301 3401 3397
f 3506 3500 3397
f 3506 3397 3401
f 3052 3053 3171
f 3171 3053 3166
f 3053 3049 3166
f 3053 2955 3049
f 3165 3296 3300
f 3299 3170 3300
f 3170 3052 3171
f 3170 3171 3166
f 3170 3166 3165
f 3300 3170 3165
f 3296 3390 3396
f 3296 3396 3300
f 3390 3389 3396
f 3396 3299 3300
f 3053 3052 2955
f 2959 2960 3055
f 3055 2960 2955
f 3055 2955 3052
f 2854 2850 2960
f 2960 2850 2955
f 3299 3396 3400
f 3299 3400 3302
f 3170 3299 3302
f 3399 3302 3400
f 3302 3175 3170
f 3055 3052 3170
f 3175 3055 3170
f 3396 3399 3400
f 3396 3395 3505
f 3396 3505 3399
f 3498 3504 3505
f 3396 3498 3395
f 3395 3498 3505
f 3504 3399 3505
f 2960 2959 2854
f 2857 2858 2854
f 2857 2854 2959
f 2858 2763 2854
f 3302 3399 3406
f 3302 3406 3307
f 3175 3302 3307
f 3405 3307 3406
f 3307 3179 3175
f 3060 2857 2959
f 3060 2959 3061
f 3061 2959 3055
f 3179 3060 3061
f 3179 3061 3055
f 3179 3055 3175
f 3399 3504 3510
f 3399 3510 3406
f 3615 3618 3619
f 3504 3615 3619
f 3504 3619 3510
f 3618 3509 3510
f 3618 3510 3619
f 3510 3405 3406
f 2947 2946 3046
f 2946 3045 3046
f 3047 2947 3046
f 3045 3162 3046
f 3294 3163 3162
f 3294 3162 3293
f 3163 3046 3162
f 3161 3292 3162
f 3162 3292 3293
f 3046 3163 3164
f 3046 3164 3047
f 3165 3047 3164
f 3165 3048 3047
f 3163 3294 3164
f 3295 3164 3294
f 3293 3387 3294
f 3388 3295 3294
f 3388 3294 3387
f 3166 3049 3048
f 3166 3048 3165
f 3164 3295 3296
f 3164 3296 3165
f 3295 3388 3389
f 3390 3296 3295
f 3389 3390 3295
f 3292 3291 3385
f 3292 3385 3386
f 3291 3392 3385
f 3385 3392 3386
f 3393 3386 3392
f 3387 3293 3292
f 3387 3292 3386
f 3391 3494 3392
f 3391 3500 3501
f 3391 3501 3494
f 3502 3495 3501
f 3501 3495 3494
f 3495 3392 3494
f 3507 3616 3500
f 3507 3500 3506
f 3616 3501 3500
f 3387 3386 3394
f 3386 3393 3394
f 3497 3394 3393
f 3395 3388 3394
f 3394 3388 3387
f 3393 3392 3496
f 3392 3495 3496
f 3496 3495 3503
f 3495 3502 3503
f 3614 3503 3502
f 3496 3497 3393
f 3503 3497 3496
f 3502 3501 3613
f 3501 3612 3613
f 3501 3616 3612
f 3612 3616 3613
f 3617 3613 3616
f 3613 3614 3502
f 3388 3395 3389
f 3394 3497 3498
f 3395 3394 3498
f 3498 3396 3395
f 3396 3389 3395
f 3497 3503 3504
f 3503 3614 3504
f 3615 3504 3614
f 3504 3498 3497
f 3613 3617 3614
f 3614 3617 3618
f 3618 3615 3614
f 3401 3301 3304
f 3401 3304 3402
f 3401 3402 3506
f 3305 3402 3304
f 3402 3507 3506
f 3301 3173 3176
f 3301 3176 3304
f 3173 3054 3176
f 3176 3054 3057
f 2851 2759 2958
f 3054 2851 2958
f 3054 2958 3057
f 2853 2961 2852
f 2852 2961 2958
f 2852 2958 2759
f 2961 3057 2958
f 3176 3305 3304
f 2759 2672 2760
f 2760 2853 2852
f 2760 2852 2759
f 2673 2760 2672
f 3402 3305 3403
f 3507 3402 3403
f 3507 3403 3508
f 3404 3509 3403
f 3509 3508 3403
f 3404 3403 3305
f 3508 3617 3616
f 3508 3616 3507
f 3305 3176 3177
f 3176 3057 3058
f 3176 3058 3177
f 2961 2853 2855
f 2961 2855 2962
f 3057 2961 3058
f 3058 2961 2962
f 2962 3059 3058
f 2856 2962 2855
f 3306 3404 3177
f 3177 3404 3305
f 3059 3306 3177
f 3059 3177 3058
f 2853 2760 2761
f 2853 2761 2855
f 2760 2673 2761
f 2674 2762 2673
f 2765 2856 2761
f 2761 2856 2855
f 2762 2765 2761
f 2762 2761 2673
f 3617 3508 3509
f 3617 3509 3618
f 3509 3404 3405
f 3405 3510 3509
f 3404 3306 3405
f 3306 3059 3178
f 2962 2856 2963
f 2963 2856 2857
f 3059 2962 2963
f 3059 2963 3178
f 2857 3060 2963
f 3060 3179 3178
f 3060 3178 2963
f 3307 3405 3306
f 3179 3307 3178
f 3178 3307 3306
f 2856 2765 2857
f 2765 2762 2763
f 2762 2674 2675
f 2762 2675 2763
f 2763 2858 2857
f 2763 2857 2765
f 2672 2669 2670
f 2672 2670 2673
f 2756 2673 2670
f 2669 2755 2756
f 2669 2756 2670
f 2848 2847 2843
f 2848 2756 2755
f 2848 2755 2847
f 3047 2948 2947
f 2948 2848 2844
f 2844 2848 2843
f 2948 2844 2947
f 2947 2844 2843
f 2673 2756 2757
f 2673 2757 2674
f 2758 2763 2762
f 2758 2762 2757
f 2763 2675 2674
f 2763 2674 2762
f 2757 2762 2674
f 2757 2756 2849
f 2756 2848 2849
f 2849 2758 2757
f 2848 2948 2949
f 2848 2949 2849
f 3048 2948 3047
f 3048 2949 2948
f 2954 2849 2949
f 2758 2849 2850
f 2763 2758 2850
f 2849 2954 2955
f 2849 2955 2850
f 2850 2854 2763
f 2954 2949 2955
f 2955 2949 2950
f 2949 3048 3049
f 2949 3049 2950
f 3049 2955 2950
f 4119 4120 4117
f 4120 4119 4117
f 2244 2247 2246
f 2244 2246 2247
f 2246 2189 2188
f 2246 2247 2189
f 2246 2188 2247
f 2247 2188 2189
f 4034 4033 4115
f 4033 4117 4115
f 4115 4117 4034
f 4034 4117 4033
f 4031 3961 4030
f 4030 4033 4034
f 4030 4034 4031
f 4031 4034 3961
f 3961 4034 4033
f 3961 4033 4030
f 3885 3884 3959
f 3884 3958 3959
f 3959 3887 3885
f 3885 3887 3884
f 3884 3960 3958
f 3958 3960 3961
f 3958 3961 3959
f 3959 3961 3887
f 3887 3961 3960
f 3887 3960 3884
f 3802 3801 3794
f 3801 3884 3794
f 3794 3884 3885
f 3794 3885 3802
f 3802 3885 3884
f 3802 3884 3801
f 3479 3595 3480
f 3480 3595 3486
f 3480 3486 3479
f 3595 3598 3486
f 3486 3598 3595
f 3486 3595 3479
f 3255 3250 3256
f 3255 3369 3250
f 3250 3369 3256
f 3256 3369 3255
f 2922 3018 2923
f 2923 3018 3019
f 2923 3019 3018
f 2923 3018 2922
f 3018 3130 3019
f 3019 3130 3022
f 3019 3022 3018
f 3130 3133 3022
f 3022 3133 3130
f 3022 3130 3018
f 2285 2243 2244
f 2285 2244 2243
f 2243 2285 2244
f 2285 2243 2244
f 2325 2326 2284
f 2326 2325 2284
f 2364 2323 2324
f 2364 2325 2323
f 2364 2365 2325
f 2364 2324 2365
f 2324 2323 2325
f 2365 2324 2325
f 2196 2194 2249
f 2249 2194 2196
f 2194 2248 2193
f 2193 2189 2194
f 2194 2189 2247
f 2194 2247 2248
f 2248 2247 2189
f 2248 2189 2193
f 2404 2451 2405
f 2451 2404 2405
f 2489 2490 2447
f 2490 2450 2447
f 2490 2489 2447
f 2490 2447 2450
f 2447 2450 2448
f 2448 2450 2447
f 2598 2599 2537
f 2599 2538 2537
f 2599 2537 2538
f 2599 2598 2537
f 2741 2742 2660
f 2742 2741 2660
f 2923 2826 2825
f 2923 2825 2826
f 4123 4120 4119
f 4123 4119 4120
f 4038 4125 4123
f 4125 4124 4123
f 4125 4038 4124
f 4038 4123 4124
f 2967 2860 2864
f 2967 2864 2861
f 2967 2861 2964
f 2964 2861 2860
f 2964 2860 2967
f 2860 2861 2864
f 2767 2677 2678
f 2767 2678 2768
f 2768 2678 2767
f 2767 2678 2677
f 2612 2553 2613
f 2613 2553 2612
f 2502 2500 2501
f 2501 2499 2502
f 2500 2499 2501
f 2499 2458 2502
f 2502 2458 2500
f 2500 2458 2499
f 2420 2415 2376
f 2420 2376 2415
f 2376 2333 2334
f 2376 2334 2377
f 2377 2334 2332
f 2377 2332 2376
f 2376 2332 2333
f 2333 2332 2334
f 2292 2291 2332
f 2332 2291 2290
f 2332 2290 2292
f 2292 2290 2291
f 2290 2253 2254
f 2290 2254 2291
f 2291 2254 2251
f 2291 2251 2290
f 2290 2251 2253
f 2253 2251 2252
f 2253 2252 2254
f 2254 2252 2251
f 2251 2197 2198
f 2251 2198 2252
f 2252 2198 2250
f 2252 2250 2249
f 2252 2249 2251
f 2251 2249 2197
f 2197 2196 2198
f 2198 2196 2250
f 2249 2196 2197
f 2250 2196 2249
f 2967 2966 2964
f 2966 2967 3067
f 2967 3064 3067
f 2967 2964 3063
f 2967 3063 3064
f 2964 2966 3063
f 2966 3067 3066
f 3067 3064 3184
f 3067 3184 3066
f 3064 3063 3184
f 3063 2966 3066
f 3184 3063 3181
f 3063 3066 3184
f 3063 3184 3181
f 3183 3180 3312
f 3312 3180 3309
f 3180 3183 3312
f 3180 3312 3309
f 3312 3410 3311
f 3312 3408 3410
f 3312 3309 3308
f 3312 3308 3408
f 3309 3312 3311
f 3309 3311 3308
f 3311 3410 3407
f 3408 3308 3407
f 3308 3311 3407
f 3410 3408 3407
f 3512 3624 3511
f 3512 3511 3624
f 3624 3715 3623
f 3623 3715 3714
f 3715 3624 3713
f 3715 3713 3714
f 3624 3623 3714
f 3624 3714 3713
f 3811 3812 3897
f 3812 3811 3897
f 3811 3897 3896
f 3811 3896 3897
f 3896 3897 3971
f 3896 3891 3897
f 3971 3897 3968
f 3897 3891 3968
f 3896 3971 3967
f 3896 3967 3966
f 3971 3968 3967
f 3968 3891 3967
f 3891 3896 3966
f 3891 3966 3967
f 4044 4039 4038
f 4044 3966 4039
f 3966 4044 4038
f 3966 4038 4039
f 4734 4735 4760
f 4734 4760 4759
f 4735 4734 4760
f 4760 4734 4759
f 4734 4758 4759
f 4734 4759 4758
f 4759 4767 4758
f 4758 4767 4796
f 4758 4796 4766
f 4767 4759 4796
f 4759 4758 4796
f 4758 4792 4796
f 4758 4757 4792
f 4758 4765 4757
f 4758 4766 4765
f 4766 4796 4795
f 4796 4794 4795
f 4796 4792 4794
f 4792 4757 4794
f 4757 4765 4764
f 4757 4764 4794
f 4765 4766 4795
f 4765 4795 4764
f 4795 4805 4794
f 4795 4794 4804
f 4795 4804 4805
f 4794 4793 4804
f 4794 4764 4793
f 4764 4795 4794
f 4764 4794 4793
f 4794 4805 4804
f 4794 4804 4803
f 4805 4803 4804
f 4805 4804 4803
f 4804 4793 4803
f 4793 4794 4803
f 4804 4813 4803
f 4804 4803 4812
f 4804 4812 4813
f 4803 4802 4812
f 4802 4803 4812
f 4803 4813 4812
f 4813 4812 4811
f 4813 4811 4812
f 4812 4802 4811
f 4802 4812 4811
f 4810 4811 4775
f 4811 4776 4775
f 4776 4811 4780
f 4776 4780 4775
f 4811 4819 4780
f 4811 4810 4819
f 4810 4818 4819
f 4810 4809 4818
f 4810 4774 4809
f 4810 4775 4774
f 4818 4809 4779
f 4809 4774 4779
f 4774 4775 4779
f 4775 4780 4779
f 4780 4819 4779
f 4819 4818 4779
f 4818 4779 4778
f 4818 4778 4779
f 4778 4779 4746
f 4778 4746 4745
f 4779 4783 4746
f 4783 4779 4746
f 4779 4778 4745
f 4779 4745 4746
f 4746 4747 4779
f 4759 4734 4733
f 4759 4733 4734
f 4746 4779 4747
f 4738 4737 4719
f 4719 4737 4738
f 4737 4738 4769
f 4737 4769 4762
f 4738 4770 4769
f 4738 4763 4770
f 4738 4737 4762
f 4738 4762 4763
f 4770 4763 4769
f 4763 4801 4769
f 4763 4762 4801
f 4762 4800 4801
f 4762 4768 4800
f 4762 4769 4768
f 4769 4801 4800
f 4800 4768 4799
f 4768 4800 4799
f 4768 4769 4800
f 4800 4801 4807
f 4801 4834 4807
f 4801 4833 4834
f 4801 4800 4833
f 4800 4832 4833
f 4800 4799 4832
f 4799 4806 4832
f 4799 4800 4807
f 4799 4807 4806
f 4807 4837 4816
f 4807 4834 4837
f 4834 4833 4837
f 4833 4836 4837
f 4833 4832 4836
f 4832 4806 4836
f 4806 4807 4815
f 4806 4815 4836
f 4807 4816 4815
f 4816 4836 4835
f 4816 4837 4840
f 4816 4840 4836
f 4837 4839 4840
f 4837 4836 4835
f 4837 4835 4839
f 4836 4815 4835
f 4815 4816 4835
f 4835 4836 4839
f 4835 4839 4838
f 4836 4840 4839
f 4840 4838 4839
f 4840 4839 4838
f 4839 4835 4838
f 4838 4839 4844
f 4838 4844 4824
f 4839 4843 4844
f 4839 4838 4843
f 4838 4842 4843
f 4838 4843 4842
f 4838 4824 4843
f 4844 4843 4824
f 4843 4823 4842
f 4843 4824 4823
f 4824 4828 4823
f 4824 4843 4828
f 4843 4846 4828
f 4843 4842 4846
f 4842 4845 4846
f 4842 4841 4845
f 4842 4822 4841
f 4842 4823 4822
f 4823 4828 4827
f 4845 4841 4827
f 4841 4822 4827
f 4822 4823 4827
f 4828 4846 4827
f 4846 4845 4827
f 4845 4826 4827
f 4845 4827 4826
f 4827 4790 4785
f 4827 4831 4790
f 4827 4830 4831
f 4827 4826 4830
f 4826 4829 4830
f 4826 4827 4785
f 4831 4830 4790
f 4829 4826 4789
f 4826 4785 4789
f 4785 4790 4789
f 4790 4830 4789
f 4830 4829 4789
f 4829 4788 4789
f 4829 4789 4788
f 4790 4789 4754
f 4789 4753 4754
f 4789 4788 4753
f 4788 4789 4753
f 4789 4790 4754
f 4789 4754 4753
f 4753 4730 4754
f 4754 4730 4731
f 4730 4753 4731
f 4754 4731 4751
f 4731 4753 4751
f 4753 4750 4751
f 4753 4754 4789
f 4789 4754 4790
f 4754 4789 4790
f 4789 4754 4751
f 4789 4751 4750
f 4789 4750 4753
f 3037 2942 2943
f 2942 3036 3037
f 2942 3037 2943
f 3037 2943 3038
f 2943 3037 3038
f 3037 3038 3149
f 3149 3038 3150
f 3150 3038 3151
f 3038 3150 3151
f 3038 3037 3149
f 3038 3149 3150
f 3149 3150 3269
f 3150 3270 3269
f 3150 3151 3270
f 3151 3150 3270
f 3150 3149 3269
f 3150 3269 3270
f 3270 3269 3260
f 3269 3270 3379
f 3269 3379 3378
f 3270 3374 3379
f 3270 3260 3373
f 3270 3373 3374
f 3260 3269 3373
f 3269 3378 3373
f 3378 3491 3377
f 3378 3379 3491
f 3379 3492 3491
f 3379 3374 3489
f 3379 3489 3492
f 3374 3373 3489
f 3373 3378 3377
f 3377 3491 3490
f 3491 3492 3488
f 3492 3489 3488
f 3489 3373 3488
f 3373 3487 3488
f 3373 3377 3490
f 3373 3490 3487
f 3490 3605 3602
f 3490 3491 3605
f 3491 3488 3603
f 3491 3603 3605
f 3488 3487 3603
f 3487 3490 3602
f 3487 3602 3603
f 3602 3605 3706
f 3605 3702 3706
f 3605 3603 3703
f 3605 3703 3702
f 3603 3602 3703
f 3602 3706 3701
f 3706 3702 3701
f 3703 3602 3702
f 3602 3701 3702
f 3701 3702 3799
f 3702 3701 3799
f 3701 3798 3700
f 3701 3799 3798
f 3799 3701 3798
f 3701 3700 3798
f 3700 3798 3805
f 3700 3805 3797
f 3798 3700 3797
f 3797 3805 3804
f 3797 3804 3704
f 3805 3798 3804
f 3798 3797 3804
f 3797 3796 3804
f 3797 3704 3796
f 3036 2942 3037
f 3036 3037 3041
f 3036 3041 3037
f 3704 3804 3796
f 3287 3288 3158
f 3164 3295 3294
f 3294 3295 3287
f 3295 3288 3287
f 3158 3159 3289
f 3158 3289 3164
f 3164 3289 3295
f 3295 3289 3288
f 3158 3289 3159
f 3288 3289 3158
f 3289 3384 3288
f 3288 3284 3289
f 3289 3284 3285
f 3289 3285 3382
f 3289 3382 3384
f 3384 3382 3284
f 3384 3284 3288
f 3284 3281 3282
f 3284 3282 3285
f 3285 3282 3283
f 3285 3283 3282
f 3285 3282 3381
f 3285 3381 3382
f 3382 3381 3281
f 3382 3281 3284
f 3282 3380 3381
f 3381 3380 3281
f 3281 3157 3274
f 3281 3274 3282
f 3282 3274 3275
f 3282 3275 3274
f 3282 3274 3380
f 3380 3274 3280
f 3380 3280 3281
f 3281 3273 3153
f 3281 3153 3157
f 3157 3153 3154
f 3157 3154 3274
f 3274 3273 3280
f 3280 3273 3281
f 3273 3272 3153
f 3154 3153 3273
f 3154 3273 3274
f 3272 3152 3153
f 3153 3263 3273
f 3273 3263 3272
f 3152 3142 3153
f 3153 3142 3263
f 3263 3142 3262
f 3263 3262 3272
f 3272 3271 3152
f 3152 3151 3142
f 3142 3261 3262
f 3262 3261 3272
f 3272 3261 3271
f 3271 3151 3152
f 3151 3141 3142
f 3142 3141 3261
f 3151 3037 3141
f 3141 3037 3031
f 3141 3031 3139
f 3141 3139 3148
f 3141 3148 3261
f 3261 3148 3271
f 3271 3148 3037
f 3271 3037 3151
f 3287 3158 3164
f 3287 3164 3294
f 3037 3148 3139
f 3037 3139 3031
f 3147 3278 3155
f 3155 3278 3277
f 3266 3267 3147
f 3147 3267 3278
f 3277 3278 3266
f 3278 3267 3266
f 3267 3268 3278
f 3268 3279 3278
f 3278 3279 3267
f 3278 3267 3376
f 3278 3376 3267
f 3279 3268 3267
f 3267 3268 3377
f 3267 3377 3376
f 3376 3377 3267
f 3377 3268 3267
f 3268 3269 3377
f 3377 3269 3268
f 3148 3149 3268
f 3268 3149 3269
f 3268 3149 3148
f 3149 3150 3269
f 3269 3150 3270
f 3269 3149 3268
f 3270 3150 3140
f 3270 3140 3269
f 3269 3140 3149
f 3149 3038 3150
f 3150 3038 3151
f 3150 3151 3141
f 3150 3141 3140
f 3149 3140 3038
f 3038 3032 3039
f 3038 3039 3151
f 3151 3039 3033
f 3151 3033 3141
f 3141 3033 3140
f 3140 3033 3032
f 3140 3032 3038
f 3032 2939 3039
f 3039 2939 2940
f 3039 2940 3034
f 3039 3034 3033
f 3033 2939 3032
f 2940 2941 3034
f 3034 2941 2940
f 3034 2940 3033
f 3033 2940 2939
f 2939 2834 2940
f 2940 2834 2835
f 2940 2835 2941
f 2941 2835 2940
f 2940 2835 2834
f 2940 2834 2939
f 2834 2746 2747
f 2834 2747 2835
f 2835 2747 2830
f 2835 2830 2829
f 2835 2829 2834
f 2834 2829 2746
f 2747 2745 2830
f 2830 2745 2744
f 2830 2744 2829
f 2829 2744 2746
f 2746 2664 2665
f 2746 2665 2747
f 2747 2665 2663
f 2747 2663 2745
f 2745 2663 2662
f 2745 2662 2744
f 2744 2662 2664
f 2744 2664 2746
f 2665 2601 2663
f 2663 2601 2662
f 2664 2543 2544
f 2664 2544 2665
f 2665 2544 2542
f 2665 2542 2601
f 2601 2542 2662
f 2662 2542 2541
f 2662 2541 2543
f 2662 2543 2664
f 3147 3155 3277
f 3147 3277 3266
f 2543 2541 2542
f 2543 2542 2544
f 465 464 419
f 415 416 420
f 419 464 415
f 465 459 464
f 464 459 415
f 465 460 459
f 415 419 416
f 416 419 420
f 460 416 459
f 459 416 415
f 420 421 465
f 465 421 420
f 465 420 460
f 460 420 416
f 415 420 419
f 420 421 371
f 420 371 416
f 416 371 365
f 416 365 370
f 416 370 415
f 415 370 420
f 420 370 371
f 420 371 421
f 371 318 365
f 365 318 370
f 370 318 319
f 370 319 371
f 371 319 318
f 318 277 319
f 319 277 278
f 319 278 273
f 319 273 318
f 318 273 277
f 277 217 278
f 278 217 273
f 273 217 216
f 273 216 217
f 273 217 277
f 217 167 173
f 217 173 168
f 217 168 167
f 217 167 216
f 216 167 217
f 167 172 173
f 173 172 132
f 173 132 168
f 168 132 167
f 167 132 131
f 167 131 171
f 167 171 172
f 171 131 172
f 172 131 132
f 131 138 132
f 132 138 97
f 132 97 131
f 131 97 91
f 131 91 90
f 131 90 130
f 131 130 138
f 97 96 91
f 91 96 90
f 90 96 130
f 130 96 137
f 130 137 138
f 138 137 96
f 138 96 97
f 96 95 137
f 137 95 96
f 137 95 96
f 96 95 137
f 95 136 96
f 96 100 99
f 96 99 95
f 136 141 96
f 96 141 99
f 96 99 100
f 95 99 94
f 94 135 95
f 95 135 136
f 99 141 140
f 99 140 135
f 99 135 94
f 141 135 140
f 141 136 135
f 420 465 419
f 420 419 415
f 679 746 745
f 679 745 678
f 745 746 678
f 746 679 678
f 679 680 746
f 746 680 679
f 679 611 680
f 680 611 612
f 680 612 611
f 680 611 679
f 679 611 610
f 610 611 679
f 611 535 536
f 611 536 612
f 612 536 533
f 612 533 611
f 611 533 532
f 611 532 535
f 535 467 468
f 535 468 536
f 536 468 469
f 536 469 533
f 533 469 468
f 533 468 532
f 532 468 467
f 532 467 535
f 467 425 426
f 467 426 468
f 468 426 427
f 468 427 469
f 469 427 374
f 469 374 468
f 468 374 425
f 468 425 467
f 425 373 376
f 425 376 426
f 426 376 377
f 426 377 427
f 427 377 326
f 427 326 374
f 374 326 325
f 374 325 425
f 425 325 373
f 373 327 376
f 376 327 377
f 377 327 328
f 377 328 281
f 377 281 326
f 326 281 280
f 326 280 325
f 325 280 327
f 325 327 373
f 327 283 284
f 327 284 328
f 328 284 285
f 328 285 281
f 281 285 229
f 281 229 280
f 280 229 283
f 280 283 327
f 284 229 285
f 229 228 283
f 283 228 287
f 283 287 284
f 284 287 233
f 284 233 234
f 284 234 229
f 229 234 233
f 229 233 228
f 228 232 233
f 228 233 287
f 234 233 178
f 234 178 233
f 233 178 228
f 228 178 177
f 228 177 232
f 233 232 178
f 232 177 176
f 232 176 240
f 232 240 241
f 232 241 183
f 232 183 178
f 178 183 177
f 177 183 182
f 177 182 176
f 176 182 240
f 240 182 241
f 241 182 183
f 183 182 144
f 183 144 182
f 182 181 176
f 176 181 182
f 182 143 144
f 144 143 181
f 144 181 182
f 181 239 182
f 182 239 181
f 182 181 143
f 143 181 180
f 143 180 181
f 181 180 239
f 239 238 181
f 181 238 180
f 180 238 239
f 180 238 237
f 180 237 238
f 238 180 239
f 180 181 239
f 181 180 238
f 181 238 239
f 3083 3202 3078
f 3085 2984 3079
f 2984 3083 3078
f 2984 3078 3079
f 3078 3202 3079
f 3085 3079 3080
f 3079 3202 3203
f 3079 3203 3199
f 3202 3085 3203
f 3080 3079 3199
f 3199 3203 3200
f 3085 3080 3081
f 3080 3199 3200
f 3080 3200 3081
f 3200 3203 3204
f 3200 3204 3205
f 3203 3085 3086
f 3203 3086 3204
f 3085 3081 3086
f 3081 3200 3205
f 3081 3205 3086
f 3086 3205 3087
f 3204 3086 3205
f 3087 3205 3206
f 3205 3086 3087
f 3086 3087 3088
f 3086 3088 3087
f 3087 3206 3088
f 3205 3087 3206
f 3088 3206 3207
f 3207 3206 3208
f 3206 3087 3208
f 3207 3208 3209
f 3208 3087 3090
f 3087 3088 3091
f 3087 3091 3090
f 3088 3207 3209
f 3088 3209 3091
f 3209 3208 3092
f 3091 3209 3092
f 3090 3091 2985
f 3091 3092 2985
f 3092 3208 3094
f 3092 3094 3095
f 3208 3090 3094
f 2985 3092 3095
f 3094 3090 2987
f 3090 2985 2988
f 3090 2988 2987
f 2985 3095 2988
f 3095 3094 3093
f 3095 3093 2988
f 3094 2987 3093
f 2988 3093 2987
f 3093 2987 2986
f 3093 2986 2987
f 2987 2988 2881
f 2987 2881 2986
f 2988 2987 2990
f 2988 2990 2991
f 2987 2986 2879
f 2987 2879 2990
f 2986 2881 2880
f 2986 2880 2879
f 2881 2988 2991
f 2881 2991 2880
f 2991 2990 2989
f 2991 2989 2886
f 2990 2879 2885
f 2990 2885 2989
f 2879 2880 2792
f 2879 2792 2885
f 2880 2991 2886
f 2880 2886 2792
f 2886 2989 2884
f 2886 2884 2885
f 2989 2885 2884
f 2885 2792 2791
f 2885 2791 2884
f 2792 2886 2885
f 2792 2885 2791
f 2885 2884 2883
f 2885 2883 2790
f 2884 2789 2883
f 2884 2791 2790
f 2884 2790 2789
f 2791 2885 2790
f 2790 2883 2796
f 2790 2796 2797
f 2883 2789 2788
f 2883 2788 2796
f 2789 2790 2711
f 2789 2711 2788
f 2790 2797 2711
f 2797 2796 2795
f 2797 2795 2796
f 2796 2788 2709
f 2796 2709 2795
f 2788 2711 2710
f 2788 2710 2709
f 2711 2797 2796
f 2711 2796 2710
f 2796 2795 2716
f 2709 2710 2715
f 2710 2796 2716
f 2710 2716 2715
f 2716 2795 2794
f 2716 2794 2715
f 2795 2709 2708
f 2795 2708 2794
f 2709 2715 2708
f 2715 2794 2714
f 2708 2715 2637
f 2715 2714 2637
f 2714 2794 2713
f 2708 2637 2636
f 2637 2714 2713
f 2637 2713 2636
f 2713 2794 2793
f 2794 2708 2793
f 2708 2636 2635
f 2636 2713 2635
f 2713 2793 2787
f 2713 2787 2706
f 2793 2708 2787
f 2635 2713 2706
f 2706 2787 2786
f 2787 2708 2707
f 2787 2707 2786
f 2708 2635 2707
f 3083 2984 3085
f 3083 3085 3202
f 2707 2706 2786
f 2635 2706 2707
f 4012 4090 4013
f 4091 4013 4014
f 4013 4090 4008
f 4014 4013 4008
f 4008 4090 4091
f 4008 4091 4086
f 4014 4008 4086
f 4086 4091 4087
f 4091 4014 4015
f 4014 4086 4087
f 4014 4087 4015
f 4087 4091 4155
f 4087 4155 4088
f 4015 4087 4088
f 4088 4155 4093
f 4155 4091 4092
f 4091 4015 4093
f 4091 4093 4092
f 4015 4088 4093
f 4093 4155 4156
f 4093 4156 4094
f 4155 4092 4156
f 4094 4156 4157
f 4093 4094 4157
f 4092 4093 4094
f 4092 4094 4156
f 4093 4157 4094
f 4157 4156 4158
f 4094 4157 4158
f 4158 4156 4221
f 4158 4221 4161
f 4156 4159 4221
f 4156 4094 4096
f 4156 4096 4159
f 4094 4158 4161
f 4094 4161 4096
f 4159 4096 4160
f 4096 4161 4160
f 4161 4221 4220
f 4161 4220 4222
f 4221 4159 4220
f 4160 4161 4222
f 4222 4220 4226
f 4160 4222 4226
f 4226 4220 4225
f 4220 4159 4163
f 4220 4163 4225
f 4159 4160 4165
f 4159 4165 4163
f 4160 4226 4165
f 4163 4165 4164
f 4165 4226 4164
f 4226 4225 4224
f 4226 4224 4232
f 4225 4163 4224
f 4163 4164 4224
f 4164 4226 4232
f 4232 4224 4230
f 4232 4230 4231
f 4224 4164 4168
f 4224 4168 4230
f 4164 4232 4231
f 4164 4231 4168
f 4230 4168 4167
f 4230 4167 4229
f 4168 4231 4230
f 4168 4230 4167
f 4230 4228 4241
f 4230 4229 4228
f 4229 4167 4166
f 4229 4166 4228
f 4167 4230 4241
f 4167 4241 4166
f 4241 4228 4239
f 4241 4239 4240
f 4228 4227 4239
f 4228 4166 4176
f 4228 4176 4227
f 4166 4241 4240
f 4166 4240 4176
f 4240 4239 4238
f 4240 4238 4239
f 4239 4227 4174
f 4239 4174 4238
f 4227 4176 4175
f 4227 4175 4174
f 4176 4240 4239
f 4176 4239 4175
f 4239 4238 4237
f 4239 4237 4238
f 4238 4174 4173
f 4238 4173 4237
f 4175 4239 4238
f 4175 4238 4174
f 4238 4237 4236
f 4238 4236 4237
f 4237 4173 4172
f 4237 4172 4236
f 4174 4238 4237
f 4174 4237 4173
f 4237 4236 4243
f 4173 4237 4243
f 4173 4243 4172
f 4243 4236 4235
f 4243 4235 4242
f 4236 4172 4171
f 4236 4171 4235
f 4172 4243 4242
f 4242 4235 4177
f 4172 4242 4177
f 4172 4177 4171
f 4177 4235 4170
f 4171 4177 4170
f 4170 4235 4234
f 4235 4171 4234
f 4171 4170 4102
f 4170 4234 4169
f 4171 4102 4101
f 4102 4170 4169
f 4102 4169 4101
f 4169 4234 4170
f 4234 4171 4170
f 4170 4171 4169
f 4169 4171 4170
f 4171 4101 4170
f 4101 4169 4100
f 4012 4013 4091
f 4012 4091 4090
f 4170 4100 4169
f 4101 4100 4170
f 3650 3547 3548
f 3547 3546 3649
f 3547 3649 3548
f 3649 3650 3747
f 3649 3747 3650
f 3650 3651 3747
f 3650 3548 3651
f 3548 3649 3650
f 3747 3651 3650
f 3651 3548 3549
f 3651 3549 3650
f 3548 3650 3549
f 3650 3747 3651
f 3549 3650 3651
f 3651 3747 3748
f 3651 3748 3652
f 3747 3650 3651
f 3747 3651 3748
f 3650 3549 3651
f 3549 3651 3652
f 3549 3652 3651
f 3652 3748 3749
f 3652 3749 3750
f 3748 3651 3749
f 3651 3652 3653
f 3652 3750 3653
f 3750 3749 3753
f 3750 3753 3754
f 3749 3651 3655
f 3749 3655 3753
f 3651 3653 3656
f 3651 3656 3655
f 3653 3750 3754
f 3653 3754 3656
f 3753 3655 3754
f 3656 3754 3755
f 3755 3754 3757
f 3755 3757 3758
f 3754 3655 3658
f 3754 3658 3757
f 3655 3656 3659
f 3655 3659 3658
f 3656 3755 3758
f 3656 3758 3659
f 3758 3757 3760
f 3758 3760 3761
f 3757 3658 3760
f 3659 3758 3761
f 3761 3760 3759
f 3761 3759 3760
f 3760 3658 3661
f 3760 3661 3759
f 3658 3659 3662
f 3658 3662 3661
f 3659 3761 3760
f 3659 3760 3662
f 3759 3661 3660
f 3662 3760 3661
f 3760 3759 3763
f 3760 3763 3666
f 3759 3660 3763
f 3660 3661 3666
f 3661 3760 3666
f 3666 3763 3762
f 3666 3762 3665
f 3763 3660 3664
f 3763 3664 3762
f 3660 3666 3555
f 3660 3555 3664
f 3666 3665 3555
f 3665 3762 3663
f 3665 3663 3664
f 3762 3664 3663
f 3664 3555 3554
f 3664 3554 3663
f 3555 3665 3664
f 3555 3664 3554
f 3664 3663 3669
f 3664 3669 3670
f 3663 3552 3669
f 3663 3554 3563
f 3663 3563 3552
f 3554 3664 3670
f 3554 3670 3563
f 3670 3669 3668
f 3670 3668 3562
f 3669 3552 3561
f 3669 3561 3668
f 3552 3563 3562
f 3552 3562 3561
f 3563 3670 3562
f 3562 3668 3667
f 3562 3667 3561
f 3668 3561 3560
f 3668 3560 3667
f 3561 3562 3444
f 3561 3444 3560
f 3562 3561 3444
f 3561 3667 3559
f 3561 3559 3567
f 3667 3560 3559
f 3560 3444 3443
f 3560 3443 3559
f 3444 3561 3567
f 3444 3567 3443
f 3567 3559 3566
f 3559 3443 3442
f 3443 3567 3566
f 3443 3566 3442
f 3566 3559 3558
f 3566 3558 3565
f 3559 3442 3558
f 3566 3565 3446
f 3558 3442 3441
f 3442 3566 3446
f 3442 3446 3441
f 3446 3565 3445
f 3441 3446 3445
f 3445 3565 3557
f 3565 3558 3441
f 3565 3441 3557
f 3445 3557 3439
f 3441 3445 3439
f 3441 3439 3440
f 3439 3557 3556
f 3557 3441 3440
f 3557 3440 3556
f 3440 3439 3333
f 3546 3547 3650
f 3546 3650 3649
f 3440 3439 3556
f 3333 3439 3440
f 1497 1495 1448
f 1449 1496 1498
f 1498 1496 1495
f 1498 1495 1497
f 1495 1443 1448
f 1448 1450 1449
f 1449 1450 1496
f 1496 1443 1495
f 1443 1449 1448
f 1448 1449 1450
f 1443 1444 1376
f 1443 1376 1449
f 1449 1376 1450
f 1496 1444 1443
f 1450 1445 1496
f 1496 1445 1444
f 1444 1445 1376
f 1445 1374 1377
f 1445 1377 1376
f 1376 1377 1450
f 1450 1446 1445
f 1445 1446 1374
f 1374 1379 1378
f 1374 1378 1377
f 1377 1378 1450
f 1450 1451 1446
f 1446 1451 1379
f 1446 1379 1374
f 1378 1451 1450
f 1450 1451 1452
f 1450 1452 1451
f 1451 1452 1379
f 1378 1379 1451
f 1452 1380 1379
f 1451 1453 1452
f 1452 1453 1380
f 1380 1381 1379
f 1379 1381 1452
f 1379 1452 1451
f 1451 1452 1453
f 1380 1382 1381
f 1381 1454 1452
f 1452 1454 1455
f 1452 1455 1453
f 1453 1455 1382
f 1453 1382 1380
f 1382 1456 1381
f 1455 1456 1382
f 1456 1454 1381
f 1454 1501 1455
f 1455 1501 1456
f 1456 1455 1457
f 1456 1457 1454
f 1454 1457 1500
f 1454 1500 1501
f 1501 1455 1456
f 1455 1458 1457
f 1457 1502 1500
f 1500 1502 1504
f 1500 1504 1501
f 1501 1504 1458
f 1501 1458 1455
f 1458 1504 1457
f 1502 1560 1504
f 1504 1503 1502
f 1504 1502 1457
f 1560 1503 1504
f 1503 1566 1505
f 1503 1505 1502
f 1502 1505 1558
f 1502 1558 1559
f 1502 1559 1560
f 1560 1559 1566
f 1560 1566 1503
f 1566 1565 1564
f 1566 1564 1505
f 1505 1564 1563
f 1505 1563 1558
f 1558 1563 1613
f 1558 1613 1559
f 1559 1613 1565
f 1559 1565 1566
f 1565 1613 1563
f 1565 1563 1564
f 1564 1563 1611
f 1564 1611 1563
f 1563 1611 1612
f 1563 1612 1613
f 1613 1612 1562
f 1613 1562 1563
f 1563 1562 1611
f 1611 1666 1612
f 1612 1616 1615
f 1612 1615 1562
f 1562 1615 1664
f 1562 1664 1611
f 1611 1664 1665
f 1611 1665 1666
f 1666 1665 1616
f 1666 1616 1612
f 1616 1671 1614
f 1616 1614 1615
f 1615 1614 1663
f 1615 1663 1664
f 1665 1664 1671
f 1665 1671 1616
f 1671 1670 1614
f 1614 1670 1663
f 1663 1724 1664
f 1664 1724 1670
f 1664 1670 1671
f 1670 1669 1662
f 1670 1662 1663
f 1663 1662 1724
f 1670 1723 1669
f 1662 1723 1724
f 1724 1723 1670
f 1723 1722 1669
f 1662 1721 1723
f 1723 1721 1722
f 1722 1668 1669
f 1669 1668 1662
f 1662 1720 1721
f 1721 1720 1722
f 1722 1719 1661
f 1722 1661 1668
f 1668 1661 1662
f 1720 1719 1722
f 1719 1660 1661
f 1662 1661 1720
f 1449 1498 1497
f 1449 1497 1448
f 1661 1660 1719
f 1720 1661 1719
f 732 727 658
f 732 658 657
f 657 658 734
f 657 734 733
f 733 727 732
f 727 728 648
f 727 648 658
f 658 648 734
f 734 728 733
f 733 728 727
f 734 729 728
f 728 729 648
f 729 649 648
f 648 649 734
f 729 650 649
f 734 730 729
f 729 730 650
f 650 651 660
f 650 660 649
f 649 660 659
f 649 659 734
f 734 659 735
f 734 735 730
f 730 735 651
f 730 651 650
f 651 661 660
f 659 736 735
f 735 736 661
f 735 661 651
f 661 579 660
f 659 660 736
f 661 662 580
f 661 580 579
f 579 580 660
f 660 661 736
f 736 661 662
f 736 662 661
f 662 581 580
f 661 581 662
f 581 588 587
f 581 587 580
f 580 587 663
f 580 663 660
f 660 663 664
f 660 664 661
f 661 664 588
f 661 588 581
f 587 586 663
f 663 586 664
f 588 513 587
f 587 513 586
f 586 587 664
f 664 587 588
f 588 517 516
f 588 516 513
f 513 516 590
f 513 590 586
f 586 590 591
f 586 591 587
f 587 591 517
f 587 517 588
f 516 589 590
f 591 590 517
f 517 516 515
f 517 515 516
f 516 515 589
f 590 516 517
f 516 522 521
f 516 521 515
f 515 521 595
f 515 595 589
f 589 595 596
f 589 596 590
f 590 596 522
f 590 522 516
f 522 521 520
f 522 520 521
f 521 520 594
f 521 594 595
f 596 595 521
f 596 521 522
f 521 520 519
f 521 519 520
f 520 519 593
f 520 593 594
f 595 594 520
f 595 520 521
f 520 526 518
f 520 518 519
f 519 518 592
f 519 592 593
f 593 592 604
f 593 604 594
f 594 604 526
f 594 526 520
f 526 604 525
f 526 525 518
f 518 525 602
f 518 602 592
f 592 602 603
f 592 603 604
f 604 603 524
f 604 524 525
f 525 524 601
f 525 601 602
f 602 601 672
f 602 672 603
f 603 602 601
f 603 601 524
f 601 671 672
f 672 671 602
f 672 602 603
f 602 601 600
f 602 600 601
f 601 600 671
f 671 601 602
f 600 670 671
f 671 670 600
f 671 600 601
f 600 599 670
f 670 599 600
f 670 669 599
f 669 668 599
f 668 598 599
f 599 598 669
f 599 669 670
f 669 740 668
f 598 668 669
f 669 739 740
f 740 739 667
f 740 667 668
f 733 732 657
f 669 668 667
f 739 669 667
f 1145 1146 1035
f 1035 1036 1147
f 1146 1141 1036
f 1146 1036 1035
f 1035 1036 1037
f 1035 1037 1036
f 1036 1037 1147
f 1147 1141 1146
f 1141 1029 1036
f 1037 1036 1148
f 1037 1148 1147
f 1147 1148 1029
f 1147 1029 1141
f 1029 1030 1036
f 1148 1030 1029
f 1030 1038 1037
f 1030 1037 1036
f 1036 1037 1148
f 1148 1038 1030
f 1038 937 1037
f 1037 1149 1148
f 1148 1149 1038
f 1038 1039 938
f 1038 938 937
f 937 938 1037
f 1149 1039 1038
f 1037 1039 1149
f 1039 939 942
f 1039 942 938
f 938 942 1042
f 938 1042 1037
f 1037 1042 1039
f 939 944 943
f 939 943 942
f 942 943 1042
f 1042 1043 1039
f 1039 1043 944
f 1039 944 939
f 944 947 946
f 944 946 943
f 943 946 1046
f 943 1046 1042
f 1042 1046 1047
f 1042 1047 1043
f 1043 1047 947
f 1043 947 944
f 947 945 946
f 946 945 1046
f 947 949 948
f 947 948 945
f 945 948 1049
f 945 1049 1046
f 1046 1049 1050
f 1046 1050 1047
f 1047 1050 949
f 1047 949 947
f 949 1050 948
f 948 1048 1049
f 1050 1055 950
f 1050 950 948
f 948 950 1048
f 1048 1152 1049
f 1049 1152 1055
f 1049 1055 1050
f 1055 1054 1053
f 1055 1053 950
f 950 1053 1048
f 1048 1053 1157
f 1048 1157 1152
f 1152 1157 1054
f 1152 1054 1055
f 1054 1053 1052
f 1054 1052 1053
f 1053 1052 1155
f 1053 1155 1156
f 1053 1156 1157
f 1157 1156 1053
f 1157 1053 1054
f 1053 1161 1057
f 1053 1057 1052
f 1052 1057 1154
f 1052 1154 1155
f 1156 1155 1161
f 1156 1161 1053
f 1161 1160 1056
f 1161 1056 1057
f 1057 1056 1159
f 1057 1159 1154
f 1154 1159 1239
f 1154 1239 1155
f 1155 1239 1160
f 1155 1160 1161
f 1160 1159 1158
f 1160 1158 1056
f 1056 1158 1237
f 1056 1237 1159
f 1159 1237 1238
f 1159 1238 1239
f 1239 1238 1159
f 1239 1159 1160
f 1159 1164 1158
f 1158 1236 1237
f 1238 1237 1164
f 1238 1164 1159
f 1164 1243 1163
f 1164 1163 1158
f 1158 1163 1236
f 1237 1236 1243
f 1237 1243 1164
f 1243 1242 1162
f 1243 1162 1163
f 1163 1162 1236
f 1236 1319 1242
f 1236 1242 1243
f 1242 1241 1162
f 1319 1241 1242
f 1241 1240 1235
f 1241 1235 1162
f 1162 1235 1236
f 1236 1318 1319
f 1319 1318 1240
f 1319 1240 1241
f 1240 1234 1235
f 1236 1235 1318
f 1318 1234 1240
f 1318 1317 1234
f 1317 1316 1234
f 1235 1317 1318
f 1318 1317 1316
f 1318 1316 1317
f 1316 1233 1234
f 1235 1234 1317
f 1147 1146 1145
f 1147 1145 1035
f 1234 1233 1316
f 1317 1234 1316
f 3987 3911 3912
f 3987 3912 3989
f 3987 3989 3988
f 3987 3986 3909
f 3987 3909 3910
f 3987 3910 3911
f 3911 3828 3829
f 3911 3829 3906
f 3911 3906 3912
f 3912 3906 3983
f 3912 3983 3989
f 3989 3983 4061
f 3989 4061 3988
f 3988 4061 4060
f 3988 4060 4059
f 3988 4059 3987
f 3987 4059 4064
f 3987 4064 3985
f 3987 3985 3986
f 3986 3985 3908
f 3986 3908 3909
f 3909 3908 3825
f 3909 3825 3826
f 3909 3826 3910
f 3910 3826 3827
f 3910 3827 3828
f 3910 3828 3911
f 3828 3823 3824
f 3828 3824 3829
f 3829 3824 3906
f 3906 3984 3983
f 3983 4062 4061
f 4061 4062 4060
f 4059 4058 4064
f 4064 4058 3982
f 4064 3982 3985
f 3985 3982 3905
f 3985 3905 3908
f 3908 3905 3822
f 3908 3822 3825
f 3825 3822 3719
f 3825 3719 3826
f 3826 3719 3720
f 3826 3720 3827
f 3827 3720 3823
f 3827 3823 3828
f 3823 3718 3820
f 3823 3820 3824
f 3824 3820 3904
f 3824 3904 3906
f 3906 3904 3981
f 3906 3981 3984
f 3984 3981 3980
f 3984 3980 3983
f 3983 3980 4056
f 3983 4056 4062
f 4062 4056 4055
f 4062 4055 4060
f 4060 4055 4054
f 4060 4054 4059
f 4059 4054 4053
f 4059 4053 4058
f 4058 4053 3978
f 4058 3978 3982
f 3982 3978 3903
f 3982 3903 3905
f 3905 3821 3822
f 3822 3821 3719
f 3719 3717 3720
f 3720 3717 3718
f 3720 3718 3823
f 3718 3818 3820
f 3820 3818 3902
f 3820 3902 3904
f 3904 3902 3981
f 3981 3902 3977
f 3981 3977 3980
f 3980 3977 4052
f 3980 4052 4056
f 4056 4052 4051
f 4056 4051 4055
f 4055 4051 4050
f 4055 4050 4054
f 4054 4050 4049
f 4054 4049 4053
f 4053 4049 3979
f 4053 3979 3978
f 3978 3979 3903
f 3905 3903 3819
f 3905 3819 3821
f 3821 3819 3716
f 3821 3716 3719
f 3719 3716 3717
f 3718 3817 3818
f 3818 3901 3902
f 3902 3901 3976
f 3902 3976 3977
f 3977 3976 4052
f 4052 3976 3975
f 4052 3975 4051
f 4051 3975 3974
f 4051 3974 4050
f 4050 3974 3973
f 4050 3973 4049
f 4049 3973 3972
f 4049 3972 3979
f 3979 3972 3899
f 3979 3899 3903
f 3903 3899 3815
f 3903 3815 3819
f 3819 3815 3716
f 3716 3815 3816
f 3716 3816 3717
f 3717 3816 3817
f 3717 3817 3718
f 3900 3818 3817
f 3900 3901 3818
f 3900 3976 3901
f 3900 3975 3976
f 3900 3974 3975
f 3900 3973 3974
f 3900 3972 3973
f 3900 3899 3972
f 3900 3815 3899
f 3900 3816 3815
f 3900 3817 3816
f 2141 2142 2213
f 2141 2213 2212
f 2141 2212 2211
f 2141 2211 2140
f 2141 2140 2091
f 2141 2091 2092
f 2141 2092 2093
f 2093 2088 2089
f 2093 2089 2141
f 2141 2089 2137
f 2141 2137 2142
f 2142 2137 2207
f 2142 2207 2214
f 2142 2214 2213
f 2213 2214 2268
f 2213 2268 2212
f 2212 2268 2267
f 2212 2267 2266
f 2212 2266 2211
f 2211 2266 2210
f 2211 2210 2209
f 2211 2209 2140
f 2140 2209 2139
f 2140 2139 2090
f 2140 2090 2091
f 2092 2088 2093
f 2207 2264 2214
f 2214 2264 2263
f 2214 2263 2268
f 2268 2263 2302
f 2268 2302 2267
f 2267 2302 2303
f 2267 2303 2266
f 2266 2303 2265
f 2266 2265 2210
f 2210 2265 2208
f 2210 2208 2209
f 2209 2208 2138
f 2209 2138 2139
f 2139 2138 2090
f 2090 2138 2085
f 2090 2085 2086
f 2090 2086 2091
f 2091 2086 2087
f 2091 2087 2092
f 2092 2087 2088
f 2088 2084 2135
f 2088 2135 2089
f 2089 2135 2205
f 2089 2205 2137
f 2137 2205 2261
f 2137 2261 2207
f 2207 2261 2264
f 2264 2261 2299
f 2264 2299 2263
f 2263 2299 2302
f 2302 2301 2303
f 2303 2301 2300
f 2303 2300 2265
f 2265 2300 2262
f 2265 2262 2208
f 2208 2262 2206
f 2208 2206 2138
f 2138 2206 2136
f 2138 2136 2085
f 2085 2082 2086
f 2086 2082 2083
f 2086 2083 2087
f 2087 2083 2084
f 2087 2084 2088
f 2084 2131 2132
f 2084 2132 2135
f 2135 2132 2203
f 2135 2203 2205
f 2205 2203 2258
f 2205 2258 2261
f 2261 2258 2299
f 2261 2299 2298
f 2261 2298 2299
f 2299 2298 2297
f 2299 2297 2302
f 2302 2297 2296
f 2302 2296 2301
f 2301 2296 2295
f 2301 2295 2300
f 2300 2295 2259
f 2300 2259 2262
f 2262 2259 2204
f 2262 2204 2206
f 2206 2204 2133
f 2206 2133 2136
f 2136 2133 2085
f 2085 2133 2134
f 2085 2134 2082
f 2082 2134 2083
f 2083 2131 2084
f 2131 2201 2132
f 2132 2201 2202
f 2132 2202 2203
f 2203 2202 2257
f 2203 2257 2258
f 2258 2257 2294
f 2258 2294 2299
f 2299 2294 2293
f 2299 2293 2298
f 2298 2293 2297
f 2297 2293 2296
f 2295 2260 2259
f 2133 2204 2200
f 2133 2200 2129
f 2133 2129 2134
f 2134 2129 2130
f 2134 2130 2083
f 2083 2130 2201
f 2083 2201 2131
f 2256 2202 2201
f 2256 2257 2202
f 2256 2294 2257
f 2256 2293 2294
f 2256 2296 2293
f 2256 2295 2296
f 2256 2260 2295
f 2256 2259 2260
f 2256 2204 2259
f 2256 2200 2204
f 2256 2129 2200
f 2256 2130 2129
f 2256 2201 2130
f 1525 1584 1743
f 1525 1743 1744
f 1744 1743 1845
f 1744 1845 1803
f 1930 1845 1743
f 1930 1743 1846
f 2242 2187 2370
f 2242 2370 2407
f 2603 2407 2370
f 2603 2370 2548
f 2484 2588 2734
f 2484 2734 2591
f 2591 2734 2816
f 2591 2816 2652
f 3227 2816 2734
f 3227 2734 3111
f 2116 2003 2006
f 2116 2006 2118
f 2006 2003 1805
f 2006 1805 1854
f 2750 2927 2603
f 2750 2603 2548
f 1796 1691 1625
f 1796 1625 1798
f 1691 1468 1469
f 1691 1469 1625
f 3224 2905 2907
f 3224 2907 3346
f 2905 2731 2646
f 2905 2646 2907
f 1633 1853 1895
f 1633 1895 1699
f 2117 2369 2372
f 2117 2372 2190
f 2187 2242 2184
f 2116 2118 2187
f 2116 2187 2184
f 1635 1804 1999
f 1635 1999 1969
f 1804 1891 2028
f 1804 2028 1999
f 2181 2235 1999
f 2181 1999 2028
f 2235 2240 1969
f 2235 1969 1999
f 2240 2235 2446
f 2240 2446 2492
f 2235 2181 2362
f 2235 2362 2446
f 2487 2658 2446
f 2487 2446 2362
f 2658 2833 2492
f 2658 2492 2446
f 2657 2917 3249
f 2657 3249 2921
f 2917 3248 3697
f 2917 3697 3249
f 3956 3600 3249
f 3956 3249 3697
f 3600 3138 2921
f 3600 2921 3249
f 3956 3697 3955
f 3956 3955 4112
f 3697 3248 3592
f 3697 3592 3955
f 3800 4029 3955
f 3800 3955 3592
f 4029 4253 4112
f 4029 4112 3955
f 1132 1215 1759
f 1132 1759 1703
f 1215 1363 1807
f 1215 1807 1759
f 2195 2128 1759
f 2195 1759 1807
f 2128 2080 1703
f 2128 1703 1759
f 2080 2128 2456
f 2080 2456 2418
f 2128 2195 2497
f 2128 2497 2456
f 2841 2753 2456
f 2841 2456 2497
f 2753 2676 2418
f 2753 2418 2456
f 3286 3709 3611
f 3286 3611 3172
f 3709 4036 4042
f 3709 4042 3611
f 4047 3622 3611
f 4047 3611 4042
f 3622 3062 3172
f 3622 3172 3611
f 4047 4042 4287
f 4047 4287 4314
f 4042 4036 4286
f 4042 4286 4287
f 4311 4361 4287
f 4311 4287 4286
f 4361 4362 4314
f 4361 4314 4287
f 1134 1021 1639
f 1134 1639 1641
f 1021 1132 1703
f 1021 1703 1639
f 2080 2061 1639
f 2080 1639 1703
f 2061 2033 1641
f 2061 1641 1639
f 2033 2061 2378
f 2033 2378 2379
f 2061 2080 2418
f 2061 2418 2378
f 2676 2616 2378
f 2676 2378 2418
f 2616 2554 2379
f 2616 2379 2378
f 3062 3622 3514
f 3062 3514 2968
f 3622 4047 4063
f 3622 4063 3514
f 3913 3411 3514
f 3913 3514 4063
f 3411 2865 2968
f 3411 2968 3514
f 3913 4063 4289
f 3913 4289 4192
f 4063 4047 4314
f 4063 4314 4289
f 4362 4337 4289
f 4362 4289 4314
f 4337 4290 4192
f 4337 4192 4289
f 1433 1761 1809
f 1433 1809 1643
f 1761 2011 1974
f 1761 1974 1809
f 1903 1643 1809
f 1903 1809 1974
f 1903 1974 2145
f 1903 2145 2062
f 1974 2011 2269
f 1974 2269 2145
f 2422 2336 2145
f 2422 2145 2269
f 2336 2270 2062
f 2336 2062 2145
f 2618 2969 2681
f 2618 2681 2463
f 2969 3412 3188
f 2969 3188 2681
f 2971 2558 2681
f 2971 2681 3188
f 2558 2381 2463
f 2558 2463 2681
f 2971 3188 3524
f 2971 3524 3525
f 3188 3412 3839
f 3188 3839 3524
f 3924 3525 3524
f 3924 3524 3839
f 1363 1480 1898
f 1363 1898 1807
f 1480 1635 1969
f 1480 1969 1898
f 2240 2245 1898
f 2240 1898 1969
f 2245 2195 1807
f 2245 1807 1898
f 2195 2245 2549
f 2195 2549 2497
f 2245 2240 2492
f 2245 2492 2549
f 2833 2837 2549
f 2833 2549 2492
f 2837 2841 2497
f 2837 2497 2549
f 3138 3600 3708
f 3138 3708 3278
f 3600 3956 4033
f 3600 4033 3708
f 4036 3709 3708
f 4036 3708 4033
f 3709 3286 3278
f 3709 3278 3708
f 4036 4033 4254
f 4036 4254 4286
f 4033 3956 4112
f 4033 4112 4254
f 4253 4285 4254
f 4253 4254 4112
f 4285 4311 4286
f 4285 4286 4254
f 1433 1295 1705
f 1433 1705 1761
f 1295 1134 1641
f 1295 1641 1705
f 2033 2034 1705
f 2033 1705 1641
f 2034 2011 1761
f 2034 1761 1705
f 2011 2034 2304
f 2011 2304 2269
f 2034 2033 2379
f 2034 2379 2304
f 2554 2504 2304
f 2554 2304 2379
f 2504 2422 2269
f 2504 2269 2304
f 2865 3411 3186
f 2865 3186 2770
f 3411 3913 3723
f 3411 3723 3186
f 3412 2969 3186
f 3412 3186 3723
f 2969 2618 2770
f 2969 2770 3186
f 3412 3723 4066
f 3412 4066 3839
f 3723 3913 4192
f 3723 4192 4066
f 4290 4194 4066
f 4290 4066 4192
f 4194 3924 3839
f 4194 3839 4066
f 1891 1804 1535
f 1891 1535 1754
f 1804 1635 1362
f 1804 1362 1535
f 1020 1361 1535
f 1020 1535 1362
f 1361 1585 1754
f 1361 1754 1535
f 2181 2028 1933
f 2181 1933 2057
f 2028 1891 1754
f 2028 1754 1933
f 1585 1750 1933
f 1585 1933 1754
f 1750 1932 2057
f 1750 2057 1933
f 2487 2362 2232
f 2487 2232 2361
f 2362 2181 2057
f 2362 2057 2232
f 1932 2058 2232
f 1932 2232 2057
f 3248 2917 2596
f 3248 2596 2920
f 2917 2657 2486
f 2917 2486 2596
f 4253 4029 3889
f 4253 3889 4118
f 4029 3800 3604
f 4029 3604 3889
f 3276 3707 3889
f 3276 3889 3604
f 3707 3964 4118
f 3707 4118 3889
f 3800 3592 3254
f 3800 3254 3604
f 3592 3248 2920
f 3592 2920 3254
f 2600 2935 3254
f 2600 3254 2920
f 2935 3276 3604
f 2935 3604 3254
f 1363 1215 769
f 1363 769 921
f 1215 1132 705
f 1215 705 769
f 487 551 769
f 487 769 705
f 551 627 921
f 551 921 769
f 4311 4285 4255
f 4311 4255 4312
f 4285 4253 4118
f 4285 4118 4255
f 3964 4184 4255
f 3964 4255 4118
f 4184 4256 4312
f 4184 4312 4255
f 1132 1021 707
f 1132 707 705
f 1021 1134 771
f 1021 771 707
f 629 488 707
f 629 707 771
f 488 487 705
f 488 705 707
f 4290 4337 4338
f 4290 4338 4291
f 4337 4362 4363
f 4337 4363 4338
f 4315 4316 4338
f 4315 4338 4363
f 4316 4260 4291
f 4316 4291 4338
f 1134 1295 924
f 1134 924 771
f 1295 1433 1217
f 1295 1217 924
f 1135 773 924
f 1135 924 1217
f 773 629 771
f 773 771 924
f 1433 1643 1544
f 1433 1544 1217
f 1643 1903 1810
f 1643 1810 1544
f 1762 1436 1544
f 1762 1544 1810
f 1436 1135 1217
f 1436 1217 1544
f 1903 2062 2035
f 1903 2035 1810
f 2062 2270 2216
f 2062 2216 2035
f 2099 1976 2035
f 2099 2035 2216
f 1976 1762 1810
f 1976 1810 2035
f 2381 2558 2507
f 2381 2507 2340
f 2558 2971 2866
f 2558 2866 2507
f 2771 2425 2507
f 2771 2507 2866
f 2425 2274 2340
f 2425 2340 2507
f 2971 3525 3423
f 2971 3423 2866
f 3525 3924 3925
f 3525 3925 3423
f 3846 3319 3423
f 3846 3423 3925
f 3319 2771 2866
f 3319 2866 3423
f 3924 4194 4196
f 3924 4196 3925
f 4194 4290 4291
f 4194 4291 4196
f 4260 4141 4196
f 4260 4196 4291
f 4141 3846 3925
f 4141 3925 4196
f 1635 1480 1131
f 1635 1131 1362
f 1480 1363 921
f 1480 921 1131
f 627 846 1131
f 627 1131 921
f 846 1020 1362
f 846 1362 1131
f 4362 4361 4336
f 4362 4336 4363
f 4361 4311 4312
f 4361 4312 4336
f 4256 4313 4336
f 4256 4336 4312
f 4313 4315 4363
f 4313 4363 4336
f 1585 1361 1129
f 1585 1129 1429
f 1361 1020 844
f 1361 844 1129
f 768 1016 1129
f 768 1129 844
f 1016 1357 1429
f 1016 1429 1129
f 1932 1750 1631
f 1932 1631 1850
f 1750 1585 1429
f 1750 1429 1631
f 1357 1587 1631
f 1357 1631 1429
f 1587 1753 1850
f 1587 1850 1631
f 1753 1935 2000
f 1753 2000 1850
f 1935 2030 2074
f 1935 2074 2000
f 2600 2449 2321
f 2600 2321 2491
f 2449 2320 2236
f 2449 2236 2321
f 2183 2282 2321
f 2183 2321 2236
f 2282 2454 2491
f 2282 2491 2321
f 3964 3707 3493
f 3964 3493 3809
f 3707 3276 3040
f 3707 3040 3493
f 2944 3383 3493
f 2944 3493 3040
f 3383 3710 3809
f 3383 3809 3493
f 3276 2935 2749
f 3276 2749 3040
f 2935 2600 2491
f 2935 2491 2749
f 2454 2605 2749
f 2454 2749 2491
f 2605 2944 3040
f 2605 3040 2749
f 627 551 438
f 627 438 485
f 551 487 395
f 551 395 438
f 343 393 438
f 343 438 395
f 393 437 485
f 393 485 438
f 4256 4184 4041
f 4256 4041 4185
f 4184 3964 3809
f 4184 3809 4041
f 3710 3969 4041
f 3710 4041 3809
f 3969 4128 4185
f 3969 4185 4041
f 487 488 439
f 487 439 395
f 488 629 489
f 488 489 439
f 440 396 439
f 440 439 489
f 396 343 395
f 396 395 439
f 4260 4316 4259
f 4260 4259 4193
f 4316 4315 4288
f 4316 4288 4259
f 4258 4191 4259
f 4258 4259 4288
f 4191 4071 4193
f 4191 4193 4259
f 629 773 638
f 629 638 489
f 773 1135 929
f 773 929 638
f 855 563 638
f 855 638 929
f 563 440 489
f 563 489 638
f 1135 1436 1366
f 1135 1366 929
f 1436 1762 1648
f 1436 1648 1366
f 1597 1297 1366
f 1597 1366 1648
f 1297 855 929
f 1297 929 1366
f 1762 1976 1940
f 1762 1940 1648
f 1976 2099 2063
f 1976 2063 1940
f 2013 1863 1940
f 2013 1940 2063
f 1863 1597 1648
f 1863 1648 1940
f 2274 2425 2383
f 2274 2383 2217
f 2425 2771 2619
f 2425 2619 2383
f 2561 2342 2383
f 2561 2383 2619
f 2342 2219 2217
f 2342 2217 2383
f 2771 3319 3190
f 2771 3190 2619
f 3319 3846 3734
f 3319 3734 3190
f 3529 3069 3190
f 3529 3190 3734
f 3069 2561 2619
f 3069 2619 3190
f 3846 4141 3995
f 3846 3995 3734
f 4141 4260 4193
f 4141 4193 3995
f 4071 3923 3995
f 4071 3995 4193
f 3923 3529 3734
f 3923 3734 3995
f 1020 846 626
f 1020 626 844
f 846 627 485
f 846 485 626
f 437 550 626
f 437 626 485
f 550 768 844
f 550 844 626
f 4315 4313 4257
f 4315 4257 4288
f 4313 4256 4185
f 4313 4185 4257
f 4128 4187 4257
f 4128 4257 4185
f 4187 4258 4288
f 4187 4288 4257
f 434 628 845
f 434 845 704
f 628 922 1214
f 628 1214 845
f 1430 1130 845
f 1430 845 1214
f 1130 920 704
f 1130 704 845
f 922 1294 1481
f 922 1481 1214
f 1294 1536 1636
f 1294 1636 1481
f 1757 1588 1481
f 1757 1481 1636
f 1588 1430 1214
f 1588 1214 1481
f 1760 1939 1973
f 1760 1973 1808
f 1939 2079 2078
f 1939 2078 1973
f 2125 2007 1973
f 2125 1973 2078
f 2007 1899 1808
f 2007 1808 1973
f 2079 2417 2331
f 2079 2331 2078
f 2417 2766 2550
f 2417 2550 2331
f 2455 2329 2331
f 2455 2331 2550
f 2329 2125 2078
f 2329 2078 2331
f 152 301 344
f 152 344 197
f 301 553 552
f 301 552 344
f 706 394 344
f 706 344 552
f 394 253 197
f 394 197 344
f 553 1023 1022
f 553 1022 552
f 1023 1364 1432
f 1023 1432 1022
f 1431 1133 1022
f 1431 1022 1432
f 1133 706 552
f 1133 552 1022
f 1591 1857 1856
f 1591 1856 1640
f 1857 2143 2095
f 1857 2095 1856
f 2094 1901 1856
f 2094 1856 2095
f 1901 1638 1640
f 1901 1640 1856
f 2143 2555 2503
f 2143 2503 2095
f 2555 3313 3185
f 2555 3185 2503
f 3068 2461 2503
f 3068 2503 3185
f 2461 2094 2095
f 2461 2095 2503
f 260 352 303
f 260 303 153
f 352 560 554
f 352 554 303
f 553 301 303
f 553 303 554
f 301 152 153
f 301 153 303
f 560 1024 923
f 560 923 554
f 1024 1434 1365
f 1024 1365 923
f 1364 1023 923
f 1364 923 1365
f 1023 553 554
f 1023 554 923
f 1642 1859 1858
f 1642 1858 1592
f 1859 2096 2144
f 1859 2144 1858
f 2143 1857 1858
f 2143 1858 2144
f 1857 1591 1592
f 1857 1592 1858
f 2096 2506 2557
f 2096 2557 2144
f 2506 3187 3314
f 2506 3314 2557
f 3313 2555 2557
f 3313 2557 3314
f 2555 2143 2144
f 2555 2144 2557
f 499 785 784
f 499 784 567
f 785 1221 1025
f 785 1025 784
f 856 567 784
f 856 784 1025
f 1221 1546 1437
f 1221 1437 1025
f 1546 1764 1647
f 1546 1647 1437
f 1545 1296 1437
f 1545 1437 1647
f 1296 856 1025
f 1296 1025 1437
f 1905 2036 1975
f 1905 1975 1811
f 2036 2273 2146
f 2036 2146 1975
f 2098 1904 1975
f 2098 1975 2146
f 1904 1706 1811
f 1904 1811 1975
f 2273 2465 2339
f 2273 2339 2146
f 2465 2682 2424
f 2465 2424 2339
f 2098 2146 2339
f 2098 2339 2424
f 253 394 486
f 253 486 338
f 394 706 770
f 394 770 486
f 922 628 486
f 922 486 770
f 628 434 338
f 628 338 486
f 706 1133 1216
f 706 1216 770
f 1133 1431 1482
f 1133 1482 1216
f 1536 1294 1216
f 1536 1216 1482
f 1294 922 770
f 1294 770 1216
f 1638 1901 1900
f 1638 1900 1704
f 1901 2094 2081
f 1901 2081 1900
f 2079 1939 1900
f 2079 1900 2081
f 1939 1760 1704
f 1939 1704 1900
f 2094 2461 2460
f 2094 2460 2081
f 2461 3068 2862
f 2461 2862 2460
f 2766 2417 2460
f 2766 2460 2862
f 2417 2079 2081
f 2417 2081 2460
f 499 567 446
f 499 446 353
f 567 856 717
f 567 717 446
f 560 352 446
f 560 446 717
f 352 260 353
f 352 353 446
f 856 1296 1136
f 856 1136 717
f 1296 1545 1435
f 1296 1435 1136
f 1434 1024 1136
f 1434 1136 1435
f 1024 560 717
f 1024 717 1136
f 1706 1904 1902
f 1706 1902 1644
f 1904 2098 2097
f 1904 2097 1902
f 2096 1859 1902
f 2096 1902 2097
f 1859 1642 1644
f 1859 1644 1902
f 2098 2424 2464
f 2098 2464 2097
f 2424 2682 2970
f 2424 2970 2464
f 3187 2506 2464
f 3187 2464 2970
f 2506 2096 2097
f 2506 2097 2464
f 920 918 701
f 920 701 704
f 918 1017 767
f 918 767 701
f 483 433 701
f 483 701 767
f 433 434 704
f 433 704 701
f 1430 1479 1293
f 1430 1293 1130
f 1479 1586 1358
f 1479 1358 1293
f 1017 918 1293
f 1017 1293 1358
f 918 920 1130
f 918 1130 1293
f 1893 1756 1698
f 1893 1698 1852
f 1756 1586 1479
f 1756 1479 1698
f 1430 1588 1698
f 1430 1698 1479
f 1588 1757 1852
f 1588 1852 1698
f 2125 2186 2032
f 2125 2032 2007
f 2186 2286 2077
f 2186 2077 2032
f 2004 1972 2032
f 2004 2032 2077
f 1972 1899 2007
f 1972 2007 2032
f 2766 3056 2752
f 2766 2752 2550
f 3056 3303 2951
f 3056 2951 2752
f 2609 2498 2752
f 2609 2752 2951
f 2498 2455 2550
f 2498 2550 2752
f 2455 2498 2371
f 2455 2371 2329
f 2498 2609 2411
f 2498 2411 2371
f 2286 2186 2371
f 2286 2371 2411
f 2186 2125 2329
f 2186 2329 2371
f 253 252 150
f 253 150 197
f 252 297 196
f 252 196 150
f 151 108 150
f 151 150 196
f 108 152 197
f 108 197 150
f 3068 3513 3310
f 3068 3310 2862
f 3513 3814 3621
f 3513 3621 3310
f 3303 3056 3310
f 3303 3310 3621
f 3056 2766 2862
f 3056 2862 3310
f 152 108 154
f 152 154 153
f 108 151 198
f 108 198 154
f 259 203 154
f 259 154 198
f 203 260 153
f 203 153 154
f 3187 3627 3722
f 3187 3722 3314
f 3627 3835 3914
f 3627 3914 3722
f 3990 3830 3722
f 3990 3722 3914
f 3830 3313 3314
f 3830 3314 3722
f 260 203 354
f 260 354 353
f 203 259 404
f 203 404 354
f 568 500 354
f 568 354 404
f 500 499 353
f 500 353 354
f 499 500 861
f 499 861 785
f 500 568 930
f 500 930 861
f 1367 1298 861
f 1367 861 930
f 1298 1221 785
f 1298 785 861
f 1221 1298 1598
f 1221 1598 1546
f 1298 1367 1708
f 1298 1708 1598
f 1909 1813 1598
f 1909 1598 1708
f 1813 1764 1546
f 1813 1546 1598
f 2014 2148 2101
f 2014 2101 1977
f 2148 2382 2341
f 2148 2341 2101
f 2273 2036 2101
f 2273 2101 2341
f 2036 1905 1977
f 2036 1977 2101
f 2273 2341 2559
f 2273 2559 2465
f 2341 2382 2683
f 2341 2683 2559
f 3189 2972 2559
f 3189 2559 2683
f 2972 2682 2465
f 2972 2465 2559
f 2682 2972 3315
f 2682 3315 2970
f 2972 3189 3519
f 2972 3519 3315
f 3835 3627 3315
f 3835 3315 3519
f 3627 3187 2970
f 3627 2970 3315
f 434 433 337
f 434 337 338
f 433 483 391
f 433 391 337
f 297 252 337
f 297 337 391
f 252 253 338
f 252 338 337
f 3313 3830 3721
f 3313 3721 3185
f 3830 3990 3907
f 3830 3907 3721
f 3814 3513 3721
f 3814 3721 3907
f 3513 3068 3185
f 3513 3185 3721
f 1017 1213 843
f 1017 843 767
f 1213 1291 919
f 1213 919 843
f 702 547 843
f 702 843 919
f 547 483 767
f 547 767 843
f 1586 1632 1428
f 1586 1428 1358
f 1632 1697 1531
f 1632 1531 1428
f 1291 1213 1428
f 1291 1428 1531
f 1213 1017 1358
f 1213 1358 1428
f 1968 1892 1851
f 1968 1851 1967
f 1892 1697 1632
f 1892 1632 1851
f 1586 1756 1851
f 1586 1851 1632
f 1756 1893 1967
f 1756 1967 1851
f 2286 2327 2115
f 2286 2115 2077
f 2327 2368 2237
f 2327 2237 2115
f 2075 2059 2115
f 2075 2115 2237
f 2059 2004 2077
f 2059 2077 2115
f 3303 3499 3043
f 3303 3043 2951
f 3499 3609 3160
f 3499 3160 3043
f 2838 2751 3043
f 2838 3043 3160
f 2751 2609 2951
f 2751 2951 3043
f 2609 2751 2493
f 2609 2493 2411
f 2751 2838 2546
f 2751 2546 2493
f 2368 2327 2493
f 2368 2493 2546
f 2327 2286 2411
f 2327 2411 2493
f 297 339 254
f 297 254 196
f 339 392 298
f 339 298 254
f 299 255 254
f 299 254 298
f 255 151 196
f 255 196 254
f 3814 3898 3712
f 3814 3712 3621
f 3898 4048 3893
f 3898 3893 3712
f 3609 3499 3712
f 3609 3712 3893
f 3499 3303 3621
f 3499 3621 3712
f 151 255 256
f 151 256 198
f 255 299 302
f 255 302 256
f 400 347 256
f 400 256 302
f 347 259 198
f 347 198 256
f 3835 3915 4065
f 3835 4065 3914
f 3915 3991 4132
f 3915 4132 4065
f 4188 4131 4065
f 4188 4065 4132
f 4131 3990 3914
f 4131 3914 4065
f 259 347 445
f 259 445 404
f 347 400 497
f 347 497 445
f 782 719 445
f 782 445 497
f 719 568 404
f 719 404 445
f 568 719 1026
f 568 1026 930
f 719 782 1218
f 719 1218 1026
f 1548 1485 1026
f 1548 1026 1218
f 1485 1367 930
f 1485 930 1026
f 1367 1485 1765
f 1367 1765 1708
f 1485 1548 1814
f 1485 1814 1765
f 1943 1942 1765
f 1943 1765 1814
f 1942 1909 1708
f 1942 1708 1765
f 2102 2305 2275
f 2102 2275 2064
f 2305 2508 2466
f 2305 2466 2275
f 2382 2148 2275
f 2382 2275 2466
f 2148 2014 2064
f 2148 2064 2275
f 2382 2466 2772
f 2382 2772 2683
f 2466 2508 2867
f 2466 2867 2772
f 3421 3318 2772
f 3421 2772 2867
f 3318 3189 2683
f 3318 2683 2772
f 3189 3318 3730
f 3189 3730 3519
f 3318 3421 3841
f 3318 3841 3730
f 3991 3915 3730
f 3991 3730 3841
f 3915 3835 3519
f 3915 3519 3730
f 483 547 435
f 483 435 391
f 547 702 484
f 547 484 435
f 392 339 435
f 392 435 484
f 339 297 391
f 339 391 435
f 3990 4131 4057
f 3990 4057 3907
f 4131 4188 4129
f 4131 4129 4057
f 4048 3898 4057
f 4048 4057 4129
f 3898 3814 3907
f 3898 3907 4057
f 2487 2536 2740
f 2487 2740 2658
f 2536 2595 2823
f 2536 2823 2740
f 2938 2740 2823
f 2938 2833 2658
f 2938 2658 2740
f 3138 3030 2823
f 3138 2823 2921
f 3030 2938 2823
f 2595 2594 2823
f 2594 2657 2921
f 2594 2921 2823
f 2841 3042 2957
f 2841 2957 2753
f 3042 2956 2957
f 2859 2957 2956
f 2859 2676 2753
f 2859 2753 2957
f 3062 2859 2956
f 3062 2956 3172
f 3042 3286 3172
f 3042 3172 2956
f 2676 2859 2769
f 2676 2769 2616
f 2680 2554 2616
f 2680 2616 2769
f 2865 2680 2769
f 2865 2769 2968
f 2859 3062 2968
f 2859 2968 2769
f 2422 2462 2380
f 2422 2380 2336
f 2462 2505 2423
f 2462 2423 2380
f 2337 2338 2380
f 2337 2380 2423
f 2338 2270 2336
f 2338 2336 2380
f 2381 2337 2423
f 2381 2423 2463
f 2505 2618 2463
f 2505 2463 2423
f 2833 2938 3041
f 2833 3041 2837
f 3042 2841 2837
f 3042 2837 3041
f 3286 3042 3156
f 3286 3156 3278
f 3042 3041 3156
f 2938 3030 3156
f 2938 3156 3041
f 3030 3138 3278
f 3030 3278 3156
f 2554 2680 2556
f 2554 2556 2504
f 2680 2617 2556
f 2505 2462 2556
f 2505 2556 2617
f 2462 2422 2504
f 2462 2504 2556
f 2618 2505 2617
f 2618 2617 2770
f 2680 2865 2770
f 2680 2770 2617
f 2595 2536 2402
f 2536 2487 2361
f 2536 2361 2402
f 2657 2594 2401
f 2657 2401 2486
f 2594 2595 2402
f 2594 2402 2401
f 2270 2338 2272
f 2270 2272 2216
f 2338 2337 2271
f 2338 2271 2272
f 2215 2147 2272
f 2215 2272 2271
f 2147 2099 2216
f 2147 2216 2272
f 2274 2218 2271
f 2274 2271 2340
f 2218 2215 2271
f 2337 2381 2340
f 2337 2340 2271
f 768 703 1019
f 768 1019 1016
f 1359 1360 1019
f 1360 1357 1016
f 1360 1016 1019
f 1357 1360 1533
f 1357 1533 1587
f 1360 1359 1532
f 1360 1532 1533
f 1751 1752 1533
f 1751 1533 1532
f 1752 1753 1587
f 1752 1587 1533
f 1753 1752 1934
f 1753 1934 1935
f 1752 1751 1936
f 1752 1936 1934
f 2060 2029 1934
f 2060 1934 1936
f 2029 2030 1935
f 2029 1935 1934
f 2030 2029 2112
f 2030 2112 2074
f 2029 2060 2112
f 2233 2234 2112
f 2320 2281 2112
f 2320 2112 2236
f 2281 2233 2112
f 2060 2113 2112
f 2113 2183 2236
f 2113 2236 2112
f 2183 2113 2239
f 2183 2239 2282
f 2113 2060 2239
f 2409 2454 2282
f 2409 2282 2239
f 2944 2840 3290
f 2944 3290 3383
f 3610 3710 3383
f 3610 3383 3290
f 2454 2409 2607
f 2454 2607 2605
f 2409 2547 2607
f 2840 2607 2547
f 2840 2944 2605
f 2840 2605 2607
f 343 342 341
f 343 341 393
f 342 340 341
f 436 341 340
f 436 437 393
f 436 393 341
f 3710 3610 3895
f 3710 3895 3969
f 4046 4128 3969
f 4046 3969 3895
f 440 441 346
f 440 346 396
f 342 343 396
f 342 396 346
f 4258 4190 4134
f 4258 4134 4191
f 4069 4070 4134
f 4070 4071 4191
f 4070 4191 4134
f 855 854 562
f 855 562 563
f 854 780 561
f 854 561 562
f 441 562 561
f 441 440 563
f 441 563 562
f 1597 1596 1220
f 1597 1220 1297
f 1596 1595 1219
f 1596 1219 1220
f 780 854 1220
f 780 1220 1219
f 854 855 1297
f 854 1297 1220
f 2099 2147 2100
f 2099 2100 2063
f 2147 2215 2100
f 2065 2012 2100
f 2012 2013 2063
f 2012 2063 2100
f 2013 2012 1862
f 2013 1862 1863
f 2012 2065 1861
f 2012 1861 1862
f 1595 1596 1862
f 1595 1862 1861
f 1596 1597 1863
f 1596 1863 1862
f 2561 2560 2306
f 2561 2306 2342
f 2560 2509 2306
f 2065 2149 2306
f 2149 2219 2342
f 2149 2342 2306
f 2219 2149 2100
f 2219 2100 2217
f 2149 2065 2100
f 2215 2218 2100
f 2218 2274 2217
f 2218 2217 2100
f 3529 3528 2973
f 3529 2973 3069
f 2509 2560 2973
f 2560 2561 3069
f 2560 3069 2973
f 4071 4070 3843
f 4071 3843 3923
f 4070 4069 3842
f 4070 3842 3843
f 3528 3843 3842
f 3528 3529 3923
f 3528 3923 3843
f 437 436 549
f 437 549 550
f 436 548 549
f 703 549 548
f 703 768 550
f 703 550 549
f 4128 4046 4186
f 4128 4186 4187
f 4046 4130 4186
f 4190 4186 4130
f 4190 4258 4187
f 4190 4187 4186
f 1536 1637 1702
f 1536 1702 1636
f 1637 1758 1702
f 1855 1806 1702
f 1855 1702 1758
f 1806 1757 1636
f 1806 1636 1702
f 1899 1855 1758
f 1899 1758 1808
f 1637 1760 1808
f 1637 1808 1758
f 1364 1483 1539
f 1364 1539 1432
f 1537 1538 1539
f 1538 1431 1432
f 1538 1432 1539
f 1638 1590 1539
f 1638 1539 1640
f 1590 1537 1539
f 1483 1540 1539
f 1540 1591 1640
f 1540 1640 1539
f 1434 1542 1484
f 1434 1484 1365
f 1483 1364 1365
f 1483 1365 1484
f 1591 1540 1541
f 1591 1541 1592
f 1540 1483 1484
f 1540 1484 1541
f 1542 1541 1484
f 1542 1642 1592
f 1542 1592 1541
f 1764 1812 1707
f 1764 1707 1647
f 1646 1594 1707
f 1594 1545 1647
f 1594 1647 1707
f 1706 1645 1763
f 1706 1763 1811
f 1645 1646 1707
f 1645 1707 1763
f 1812 1860 1763
f 1812 1763 1707
f 1860 1905 1811
f 1860 1811 1763
f 1431 1538 1589
f 1431 1589 1482
f 1538 1537 1589
f 1637 1536 1482
f 1637 1482 1589
f 1760 1637 1589
f 1760 1589 1704
f 1537 1590 1589
f 1590 1638 1704
f 1590 1704 1589
f 1545 1594 1543
f 1545 1543 1435
f 1594 1646 1543
f 1542 1434 1435
f 1542 1435 1543
f 1642 1542 1593
f 1642 1593 1644
f 1542 1543 1593
f 1646 1645 1593
f 1646 1593 1543
f 1645 1706 1644
f 1645 1644 1593
f 1757 1806 1894
f 1757 1894 1852
f 1806 1855 1894
f 1971 1937 1894
f 1937 1893 1852
f 1937 1852 1894
f 2004 1971 1938
f 2004 1938 1972
f 1971 1894 1938
f 1855 1938 1894
f 1855 1899 1972
f 1855 1972 1938
f 1909 1941 1907
f 1909 1907 1813
f 1941 1906 1907
f 1812 1907 1906
f 1812 1764 1813
f 1812 1813 1907
f 1905 1860 1908
f 1905 1908 1977
f 1860 1812 1906
f 1860 1906 1908
f 1941 1978 1908
f 1941 1908 1906
f 1978 2014 1977
f 1978 1977 1908
f 1291 1292 1018
f 1291 1018 919
f 1292 1359 1019
f 1292 1019 1018
f 703 1018 1019
f 703 702 919
f 703 919 1018
f 1697 1751 1532
f 1697 1532 1531
f 1359 1292 1532
f 1292 1291 1531
f 1292 1531 1532
f 1968 2002 1934
f 1968 1934 1892
f 2002 2060 1936
f 2002 1936 1934
f 1751 1934 1936
f 1751 1697 1892
f 1751 1892 1934
f 1893 1937 2001
f 1893 2001 1967
f 1937 1971 2001
f 2060 2002 2001
f 2002 1968 1967
f 2002 1967 2001
f 2368 2409 2238
f 2368 2238 2237
f 2409 2239 2238
f 2060 2076 2238
f 2060 2238 2239
f 2076 2075 2237
f 2076 2237 2238
f 2075 2076 2031
f 2075 2031 2059
f 2076 2060 2001
f 2076 2001 2031
f 1971 2031 2001
f 1971 2004 2059
f 1971 2059 2031
f 3609 3610 3290
f 3609 3290 3160
f 2840 2839 3290
f 2839 2838 3160
f 2839 3160 3290
f 2838 2839 2547
f 2838 2547 2546
f 2839 2840 2547
f 2409 2368 2546
f 2409 2546 2547
f 392 436 340
f 392 340 298
f 342 300 340
f 300 299 298
f 300 298 340
f 4048 4045 3894
f 4048 3894 3893
f 4045 4046 3895
f 4045 3895 3894
f 3610 3894 3895
f 3610 3609 3893
f 3610 3893 3894
f 299 300 345
f 299 345 302
f 300 342 346
f 300 346 345
f 441 401 345
f 441 345 346
f 401 400 302
f 401 302 345
f 3991 4069 4133
f 3991 4133 4132
f 4069 4134 4133
f 4190 4189 4133
f 4190 4133 4134
f 4189 4188 4132
f 4189 4132 4133
f 400 401 561
f 400 561 497
f 401 441 561
f 780 783 561
f 783 782 497
f 783 497 561
f 782 783 1219
f 782 1219 1218
f 783 780 1219
f 1595 1547 1219
f 1547 1548 1218
f 1547 1218 1219
f 1548 1547 1861
f 1548 1861 1814
f 1547 1595 1861
f 2066 1979 1861
f 1979 1943 1814
f 1979 1814 1861
f 1943 1979 2015
f 1943 2015 1942
f 1979 2066 2015
f 1941 1909 1942
f 1941 1942 2015
f 2102 2103 2306
f 2102 2306 2305
f 2103 2066 2306
f 2509 2508 2305
f 2509 2305 2306
f 2014 1978 2015
f 2014 2015 2064
f 1978 1941 2015
f 2066 2103 2015
f 2103 2102 2064
f 2103 2064 2015
f 2508 2509 2973
f 2508 2973 2867
f 3528 3527 2973
f 3527 3421 2867
f 3527 2867 2973
f 3421 3527 3842
f 3421 3842 3841
f 3527 3528 3842
f 4069 3991 3841
f 4069 3841 3842
f 702 703 548
f 702 548 484
f 436 392 484
f 436 484 548
f 4188 4189 4130
f 4188 4130 4129
f 4189 4190 4130
f 4046 4045 4130
f 4045 4048 4129
f 4045 4129 4130
f 3345 3458 3344
f 3345 3344 3222
f 3222 3344 3220
f 3222 3220 3221
f 3218 3220 3344
f 3218 3344 3343
f 3343 3344 3458
f 3343 3458 3572
f 3572 3570 3453
f 3572 3453 3343
f 3343 3453 3216
f 3343 3216 3218
f 3215 3216 3453
f 3215 3453 3451
f 3451 3453 3570
f 3451 3570 3673
f 3764 3862 3564
f 3764 3564 3448
f 3448 3564 3098
f 3448 3098 3100
f 3096 3098 3564
f 3096 3564 3551
f 3551 3564 3862
f 3551 3862 3946
f 3946 3860 3550
f 3946 3550 3551
f 3551 3550 3089
f 3551 3089 3096
f 3082 3089 3550
f 3082 3550 3431
f 3431 3550 3860
f 3431 3860 3751
f 3577 3677 3575
f 3577 3575 3464
f 3464 3575 3458
f 3464 3458 3345
f 3572 3458 3575
f 3572 3575 3676
f 3676 3575 3677
f 3676 3677 3769
f 3769 3868 3768
f 3769 3768 3676
f 3676 3768 3570
f 3676 3570 3572
f 3673 3570 3768
f 3673 3768 3766
f 3766 3768 3868
f 3766 3868 3950
f 4104 4178 4103
f 4104 4103 3947
f 3947 4103 3862
f 3947 3862 3764
f 3946 3862 4103
f 3946 4103 4099
f 4099 4103 4178
f 4099 4178 4233
f 4233 4162 4095
f 4233 4095 4099
f 4099 4095 3860
f 4099 3860 3946
f 3751 3860 4095
f 3751 4095 3941
f 3941 4095 4162
f 3941 4162 4011
f 3682 3773 3772
f 3682 3772 3680
f 3680 3772 3677
f 3680 3677 3577
f 3769 3677 3772
f 3769 3772 3873
f 3873 3772 3773
f 3873 3773 3874
f 3874 3870 3869
f 3874 3869 3873
f 3873 3869 3868
f 3873 3868 3769
f 3950 3868 3869
f 3950 3869 3951
f 3951 3869 3870
f 3951 3870 3866
f 4020 4245 4244
f 4020 4244 4105
f 4105 4244 4178
f 4105 4178 4104
f 4233 4178 4244
f 4233 4244 4305
f 4305 4244 4245
f 4305 4245 4306
f 4306 4304 4279
f 4306 4279 4305
f 4305 4279 4162
f 4305 4162 4233
f 4011 4162 4279
f 4011 4279 4215
f 4215 4279 4304
f 4215 4304 4278
f 3774 3877 3878
f 3774 3878 3775
f 3775 3878 3773
f 3775 3773 3682
f 3874 3773 3878
f 3874 3878 3875
f 3875 3878 3877
f 3875 3877 3876
f 3876 3872 3871
f 3876 3871 3875
f 3875 3871 3870
f 3875 3870 3874
f 3866 3870 3871
f 3866 3871 3867
f 3867 3871 3872
f 3867 3872 3767
f 3569 3863 4019
f 3569 4019 3864
f 3864 4019 4245
f 3864 4245 4020
f 4306 4245 4019
f 4306 4019 4240
f 4240 4019 3863
f 4240 3863 4018
f 4018 4098 4223
f 4018 4223 4240
f 4240 4223 4304
f 4240 4304 4306
f 4278 4304 4223
f 4278 4223 4219
f 4219 4223 4098
f 4219 4098 4097
f 3082 3431 3201
f 3082 3201 2983
f 2983 3201 3072
f 2983 3072 2977
f 3196 3072 3201
f 3196 3201 3432
f 3432 3201 3431
f 3432 3431 3751
f 3751 3941 3647
f 3751 3647 3432
f 3432 3647 3323
f 3432 3323 3196
f 3540 3323 3647
f 3540 3647 3855
f 3855 3647 3941
f 3855 3941 4011
f 4011 4215 4007
f 4011 4007 3855
f 3855 4007 3745
f 3855 3745 3540
f 3939 3745 4007
f 3939 4007 4154
f 4154 4007 4215
f 4154 4215 4278
f 4278 4219 4092
f 4278 4092 4154
f 4154 4092 4016
f 4154 4016 3939
f 4017 4016 4092
f 4017 4092 4219
f 4017 4219 4097
f 3221 2999 3106
f 3221 3106 3222
f 3222 3106 3225
f 3222 3225 3345
f 3003 3225 3106
f 3003 3106 3000
f 3000 3106 2999
f 3000 2999 2904
f 3218 2997 2998
f 3218 2998 3220
f 3220 2998 2999
f 3220 2999 3221
f 2904 2999 2998
f 2904 2998 2901
f 2901 2998 2997
f 2901 2997 2897
f 3100 2889 2891
f 3100 2891 3102
f 3102 2891 2994
f 3102 2994 3215
f 2892 2994 2891
f 2892 2891 2798
f 2798 2891 2889
f 2798 2889 2720
f 3096 2882 2887
f 3096 2887 3098
f 3098 2887 2889
f 3098 2889 3100
f 2720 2889 2887
f 2720 2887 2717
f 2717 2887 2882
f 2717 2882 2704
f 3196 2979 2872
f 3196 2872 3072
f 3072 2872 2776
f 3072 2776 2977
f 2693 2776 2872
f 2693 2872 2777
f 2777 2872 2979
f 2777 2979 2869
f 3082 2783 2877
f 3082 2877 3089
f 3089 2877 2882
f 3089 2882 3096
f 2704 2882 2877
f 2704 2877 2701
f 2701 2877 2783
f 2701 2783 2698
f 3345 3225 3230
f 3345 3230 3464
f 3464 3230 3352
f 3464 3352 3577
f 3231 3352 3230
f 3231 3230 3112
f 3112 3230 3225
f 3112 3225 3003
f 3540 3324 3073
f 3540 3073 3323
f 3323 3073 2979
f 3323 2979 3196
f 2869 2979 3073
f 2869 3073 2980
f 2980 3073 3324
f 2980 3324 3074
f 3577 3352 3465
f 3577 3465 3680
f 3680 3465 3578
f 3680 3578 3682
f 3466 3578 3465
f 3466 3465 3353
f 3353 3465 3352
f 3353 3352 3231
f 3939 3746 3541
f 3939 3541 3745
f 3745 3541 3324
f 3745 3324 3540
f 3074 3324 3541
f 3074 3541 3428
f 3428 3541 3746
f 3428 3746 3648
f 3682 3578 3683
f 3682 3683 3775
f 3775 3683 3678
f 3775 3678 3774
f 3576 3678 3683
f 3576 3683 3461
f 3461 3683 3578
f 3461 3578 3466
f 3774 3678 3771
f 3774 3771 3877
f 3877 3771 3770
f 3877 3770 3876
f 3573 3770 3771
f 3573 3771 3574
f 3574 3771 3678
f 3574 3678 3576
f 3876 3770 3675
f 3876 3675 3872
f 3872 3675 3674
f 3872 3674 3767
f 3452 3674 3675
f 3452 3675 3571
f 3571 3675 3770
f 3571 3770 3573
f 3569 3337 3568
f 3569 3568 3863
f 3863 3568 3861
f 3863 3861 4018
f 3664 3861 3568
f 3664 3568 3447
f 3447 3568 3337
f 3447 3337 3212
f 4097 3944 3943
f 4097 3943 4017
f 3753 3943 3944
f 3753 3944 3756
f 4017 3943 3858
f 4017 3858 4016
f 4016 3858 3746
f 4016 3746 3939
f 3648 3746 3858
f 3648 3858 3747
f 3747 3858 3943
f 3747 3943 3753
f 2977 2776 2983
f 2983 2776 2783
f 2983 2783 3082
f 2698 2783 2776
f 2698 2776 2692
f 2692 2776 2693
f 4018 3861 3945
f 4018 3945 4098
f 4098 3945 3944
f 4098 3944 4097
f 3756 3944 3945
f 3756 3945 3759
f 3759 3945 3861
f 3759 3861 3664
f 3215 3451 3449
f 3215 3449 3102
f 3102 3449 3448
f 3102 3448 3100
f 3764 3448 3449
f 3764 3449 3671
f 3671 3449 3451
f 3671 3451 3673
f 3673 3766 3865
f 3673 3865 3671
f 3671 3865 3947
f 3671 3947 3764
f 4104 3947 3865
f 4104 3865 3948
f 3948 3865 3766
f 3948 3766 3950
f 3950 3951 4021
f 3950 4021 3948
f 3948 4021 4105
f 3948 4105 4104
f 4020 4105 4021
f 4020 4021 3949
f 3949 4021 3951
f 3949 3951 3866
f 3866 3867 3765
f 3866 3765 3949
f 3949 3765 3864
f 3949 3864 4020
f 3569 3864 3765
f 3569 3765 3672
f 3672 3765 3867
f 3672 3867 3767
f 3215 2994 2995
f 3215 2995 3216
f 3216 2995 2997
f 3216 2997 3218
f 2897 2997 2995
f 2897 2995 2894
f 2894 2995 2994
f 2894 2994 2892
f 3767 3674 3450
f 3767 3450 3672
f 3672 3450 3337
f 3672 3337 3569
f 3212 3337 3450
f 3212 3450 3338
f 3338 3450 3674
f 3338 3674 3452
f 2653 2592 2590
f 2653 2590 2593
f 2593 2590 2582
f 2593 2582 2585
f 2581 2582 2590
f 2581 2590 2584
f 2584 2590 2592
f 2584 2592 2589
f 2585 2582 2529
f 2585 2529 2528
f 2528 2529 2480
f 2528 2480 2437
f 2527 2480 2529
f 2527 2529 2579
f 2579 2529 2582
f 2579 2582 2581
f 2279 2354 2315
f 2279 2315 2222
f 2222 2315 2314
f 2222 2314 2220
f 2433 2314 2315
f 2433 2315 2434
f 2434 2315 2354
f 2434 2354 2435
f 2220 2314 2352
f 2220 2352 2276
f 2276 2352 2347
f 2276 2347 2310
f 2430 2347 2352
f 2430 2352 2432
f 2432 2352 2314
f 2432 2314 2433
f 2737 2736 2649
f 2737 2649 2650
f 2650 2649 2586
f 2650 2586 2587
f 2585 2586 2649
f 2585 2649 2593
f 2593 2649 2736
f 2593 2736 2653
f 2587 2586 2481
f 2587 2481 2482
f 2482 2481 2395
f 2482 2395 2396
f 2437 2395 2481
f 2437 2481 2528
f 2528 2481 2586
f 2528 2586 2585
f 2159 2158 2154
f 2159 2154 2155
f 2155 2154 2151
f 2155 2151 2221
f 2220 2151 2154
f 2220 2154 2222
f 2222 2154 2158
f 2222 2158 2279
f 2221 2151 2277
f 2221 2277 2313
f 2313 2277 2311
f 2313 2311 2390
f 2310 2311 2277
f 2310 2277 2276
f 2276 2277 2151
f 2276 2151 2220
f 2909 2815 2733
f 2909 2733 2811
f 2811 2733 2644
f 2811 2644 2807
f 2587 2644 2733
f 2587 2733 2650
f 2650 2733 2815
f 2650 2815 2737
f 2807 2644 2580
f 2807 2580 2727
f 2727 2580 2479
f 2727 2479 2578
f 2396 2479 2580
f 2396 2580 2482
f 2482 2580 2644
f 2482 2644 2587
f 2355 2280 2278
f 2355 2278 2393
f 2393 2278 2353
f 2393 2353 2477
f 2221 2353 2278
f 2221 2278 2155
f 2155 2278 2280
f 2155 2280 2159
f 2477 2353 2392
f 2477 2392 2574
f 2574 2392 2475
f 2574 2475 2631
f 2390 2475 2392
f 2390 2392 2313
f 2313 2392 2353
f 2313 2353 2221
f 3107 3006 3001
f 3107 3001 3108
f 3108 3001 2900
f 3108 2900 3105
f 2807 2900 3001
f 2807 3001 2811
f 2811 3001 3006
f 2811 3006 2909
f 3105 2900 2805
f 3105 2805 2996
f 2996 2805 2725
f 2996 2725 2893
f 2578 2725 2805
f 2578 2805 2727
f 2727 2805 2900
f 2727 2900 2807
f 2723 2526 2575
f 2723 2575 2888
f 2888 2575 2712
f 2888 2712 3097
f 2477 2712 2575
f 2477 2575 2393
f 2393 2575 2526
f 2393 2526 2355
f 3097 2712 2785
f 3097 2785 3210
f 3210 2785 2878
f 3210 2878 3208
f 2631 2878 2785
f 2631 2785 2574
f 2574 2785 2712
f 2574 2712 2477
f 2430 2473 2384
f 2430 2384 2347
f 2347 2384 2385
f 2347 2385 2310
f 2512 2385 2384
f 2512 2384 2468
f 2468 2384 2473
f 2468 2473 2467
f 2310 2385 2427
f 2310 2427 2311
f 2311 2427 2514
f 2311 2514 2390
f 2690 2514 2427
f 2690 2427 2566
f 2566 2427 2385
f 2566 2385 2512
f 2390 2514 2626
f 2390 2626 2475
f 2475 2626 2781
f 2475 2781 2631
f 3077 2781 2626
f 3077 2626 2876
f 2876 2626 2514
f 2876 2514 2690
f 2631 2781 3087
f 2631 3087 2878
f 2878 3087 3331
f 2878 3331 3208
f 3330 3331 3087
f 3330 3087 3204
f 3204 3087 2781
f 3204 2781 3077
f 2589 2592 2732
f 2589 2732 2645
f 2645 2732 2810
f 2645 2810 2808
f 2907 2810 2732
f 2907 2732 2735
f 2735 2732 2592
f 2735 2592 2653
f 2581 2584 2643
f 2581 2643 2642
f 2642 2643 2729
f 2642 2729 2728
f 2808 2729 2643
f 2808 2643 2645
f 2645 2643 2584
f 2645 2584 2589
f 2435 2478 2577
f 2435 2577 2525
f 2525 2577 2724
f 2525 2724 2639
f 2726 2724 2577
f 2726 2577 2640
f 2640 2577 2478
f 2640 2478 2527
f 2433 2434 2524
f 2433 2524 2523
f 2523 2524 2638
f 2523 2638 2633
f 2639 2638 2524
f 2639 2524 2525
f 2525 2524 2434
f 2525 2434 2435
f 2512 2468 2562
f 2512 2562 2621
f 2621 2562 2620
f 2621 2620 2686
f 2625 2620 2562
f 2625 2562 2511
f 2511 2562 2468
f 2511 2468 2467
f 2430 2432 2522
f 2430 2522 2519
f 2519 2522 2632
f 2519 2632 2572
f 2633 2632 2522
f 2633 2522 2523
f 2523 2522 2432
f 2523 2432 2433
f 2653 2736 2813
f 2653 2813 2735
f 2735 2813 3005
f 2735 3005 2907
f 3007 3005 2813
f 3007 2813 2910
f 2910 2813 2736
f 2910 2736 2737
f 2690 2566 2687
f 2690 2687 2875
f 2875 2687 2774
f 2875 2774 2981
f 2686 2774 2687
f 2686 2687 2621
f 2621 2687 2566
f 2621 2566 2512
f 2737 2815 3008
f 2737 3008 2910
f 2910 3008 3115
f 2910 3115 3007
f 3233 3115 3008
f 3233 3008 3116
f 3116 3008 2815
f 3116 2815 2909
f 3077 2876 3076
f 3077 3076 3326
f 3326 3076 3197
f 3326 3197 3433
f 2981 3197 3076
f 2981 3076 2875
f 2875 3076 2876
f 2875 2876 2690
f 2909 3006 3228
f 2909 3228 3116
f 3116 3228 3350
f 3116 3350 3233
f 3351 3350 3228
f 3351 3228 3229
f 3229 3228 3006
f 3229 3006 3107
f 3107 3108 3223
f 3107 3223 3229
f 3229 3223 3460
f 3229 3460 3351
f 3457 3460 3223
f 3457 3223 3219
f 3219 3223 3108
f 3219 3108 3105
f 3105 2996 3217
f 3105 3217 3219
f 3219 3217 3342
f 3219 3342 3457
f 3341 3342 3217
f 3341 3217 3104
f 3104 3217 2996
f 3104 2996 2893
f 2723 2888 3099
f 2723 3099 2890
f 2890 3099 3211
f 2890 3211 2992
f 3555 3211 3099
f 3555 3099 3332
f 3332 3099 2888
f 3332 2888 3097
f 3208 3331 3437
f 3437 3656 3659
f 3653 3656 3437
f 3653 3437 3436
f 3436 3437 3331
f 3436 3331 3330
f 3330 3204 3435
f 3330 3435 3436
f 3436 3435 3549
f 3436 3549 3653
f 3433 3549 3435
f 3433 3435 3326
f 3326 3435 3204
f 3326 3204 3077
f 2467 2473 2516
f 2467 2516 2511
f 2511 2516 2569
f 2511 2569 2625
f 2572 2569 2516
f 2572 2516 2519
f 2519 2516 2473
f 2519 2473 2430
f 3097 3210 3438
f 3097 3438 3332
f 3332 3438 3662
f 3332 3662 3555
f 3659 3662 3438
f 3659 3438 3437
f 3437 3438 3210
f 3437 3210 3208
f 2527 2478 2394
f 2527 2394 2480
f 2480 2394 2356
f 2480 2356 2437
f 2279 2356 2394
f 2279 2394 2354
f 2354 2394 2478
f 2354 2478 2435
f 2437 2356 2316
f 2437 2316 2395
f 2395 2316 2317
f 2395 2317 2396
f 2159 2317 2316
f 2159 2316 2158
f 2158 2316 2356
f 2158 2356 2279
f 2396 2317 2357
f 2396 2357 2479
f 2479 2357 2436
f 2479 2436 2578
f 2355 2436 2357
f 2355 2357 2280
f 2280 2357 2317
f 2280 2317 2159
f 2578 2436 2576
f 2578 2576 2725
f 2725 2576 2801
f 2725 2801 2893
f 2723 2801 2576
f 2723 2576 2526
f 2526 2576 2436
f 2526 2436 2355
f 2527 2579 2641
f 2527 2641 2640
f 2640 2641 2804
f 2640 2804 2726
f 2728 2804 2641
f 2728 2641 2642
f 2642 2641 2579
f 2642 2579 2581
f 2893 2801 2993
f 2893 2993 3104
f 3104 2993 3103
f 3104 3103 3341
f 2992 3103 2993
f 2992 2993 2890
f 2890 2993 2801
f 2890 2801 2723
f 3003 3000 2906
f 3003 2906 3004
f 2903 2906 2902
f 2902 2906 3000
f 2902 3000 2904
f 2904 2901 2808
f 2904 2808 2902
f 2902 2808 2809
f 2902 2809 2903
f 2899 2809 2808
f 2899 2808 2898
f 2898 2808 2901
f 2898 2901 2897
f 2892 2798 2799
f 2892 2799 2802
f 2802 2799 2800
f 2802 2800 2803
f 2722 2800 2799
f 2722 2799 2721
f 2721 2799 2798
f 2721 2798 2720
f 2720 2717 2718
f 2720 2718 2721
f 2721 2718 2719
f 2721 2719 2722
f 2705 2719 2718
f 2705 2718 2704
f 2704 2718 2717
f 2693 2777 2695
f 2693 2695 2694
f 2779 2695 2778
f 2778 2695 2777
f 2778 2777 2869
f 2704 2701 2702
f 2704 2702 2703
f 2704 2703 2705
f 2700 2703 2702
f 2700 2702 2699
f 2699 2702 2701
f 2699 2701 2698
f 3231 3112 3109
f 3231 3109 3113
f 3113 3109 3005
f 3113 3005 3110
f 3004 3005 3109
f 3004 3109 3112
f 3004 3112 3003
f 2869 2980 2873
f 2869 2873 2778
f 2778 2873 2874
f 2778 2874 2779
f 3075 2874 2873
f 3075 2873 2980
f 3075 2980 3074
f 3466 3353 3232
f 3466 3232 3354
f 3354 3232 3226
f 3354 3226 3348
f 3110 3226 3232
f 3110 3232 3113
f 3113 3232 3353
f 3113 3353 3231
f 3074 3428 3325
f 3074 3325 3075
f 3075 3325 3328
f 3545 3328 3325
f 3545 3325 3428
f 3545 3428 3648
f 3576 3461 3463
f 3463 3461 3349
f 3463 3349 3462
f 3348 3349 3461
f 3348 3461 3354
f 3354 3461 3466
f 3573 3574 3459
f 3573 3459 3456
f 3462 3459 3463
f 3463 3459 3574
f 3463 3574 3576
f 3452 3571 3454
f 3452 3454 3340
f 3340 3454 3339
f 3456 3454 3571
f 3456 3571 3573
f 3664 3447 3336
f 3664 3336 3334
f 3664 3334 3553
f 3101 3334 3336
f 3101 3336 3447
f 3101 3447 3212
f 3655 3753 3654
f 3657 3654 3753
f 3657 3753 3756
f 3648 3747 3650
f 3648 3650 3545
f 3654 3650 3655
f 3655 3650 3747
f 3655 3747 3753
f 2698 2692 2693
f 2698 2693 2699
f 2699 2693 2694
f 2699 2694 2700
f 2694 2693 2692
f 2694 2692 2693
f 3756 3759 3661
f 3756 3661 3660
f 3756 3660 3657
f 3553 3660 3661
f 3553 3661 3664
f 3664 3661 3759
f 2897 2894 2895
f 2897 2895 2898
f 2898 2895 2896
f 2898 2896 2899
f 2803 2896 2895
f 2803 2895 2802
f 2802 2895 2894
f 2802 2894 2892
f 3212 3338 3214
f 3212 3214 3101
f 3101 3214 3213
f 3339 3213 3214
f 3339 3214 3340
f 3340 3214 3338
f 3340 3338 3452
f 2808 2810 2906
f 2808 2906 2809
f 2809 2906 2903
f 3004 2906 2810
f 3004 2810 2907
f 2728 2729 2808
f 2728 2808 2806
f 2806 2808 2809
f 2806 2809 2899
f 2903 2809 2808
f 2903 2808 2809
f 2809 2808 2729
f 2809 2729 2808
f 2639 2724 2721
f 2721 2724 2800
f 2721 2800 2722
f 2803 2800 2724
f 2803 2724 2726
f 2633 2638 2634
f 2634 2638 2719
f 2634 2719 2705
f 2722 2719 2638
f 2722 2638 2721
f 2721 2638 2639
f 2686 2620 2695
f 2686 2695 2778
f 2778 2695 2779
f 2694 2695 2625
f 2625 2695 2620
f 2572 2632 2629
f 2629 2632 2703
f 2629 2703 2700
f 2705 2703 2632
f 2705 2632 2634
f 2634 2632 2633
f 2907 3005 3004
f 3110 3005 3114
f 3114 3005 3007
f 2981 2774 2874
f 2981 2874 3075
f 2779 2874 2778
f 2778 2874 2774
f 2778 2774 2686
f 3007 3115 3232
f 3007 3232 3114
f 3114 3232 3226
f 3114 3226 3110
f 3348 3226 3232
f 3348 3232 3354
f 3354 3232 3115
f 3354 3115 3233
f 3433 3197 3325
f 3433 3325 3545
f 3545 3325 3328
f 3075 3328 3325
f 3075 3325 3197
f 3075 3197 2981
f 3233 3350 3349
f 3233 3349 3354
f 3354 3349 3348
f 3462 3349 3463
f 3463 3349 3350
f 3463 3350 3351
f 3351 3460 3463
f 3463 3460 3459
f 3463 3459 3462
f 3456 3459 3460
f 3456 3460 3457
f 3457 3342 3455
f 3457 3455 3454
f 3457 3454 3456
f 3339 3454 3455
f 3339 3455 3340
f 3340 3455 3342
f 3340 3342 3341
f 2992 3211 3335
f 2992 3335 3101
f 3101 3335 3334
f 3553 3334 3335
f 3553 3335 3554
f 3554 3335 3211
f 3554 3211 3555
f 3659 3656 3655
f 3659 3655 3658
f 3658 3655 3654
f 3658 3654 3657
f 3655 3656 3653
f 3653 3549 3650
f 3653 3650 3655
f 3655 3650 3654
f 3545 3650 3549
f 3545 3549 3433
f 2625 2569 2624
f 2625 2624 2694
f 2700 2694 2624
f 2700 2624 2629
f 2629 2624 2569
f 2629 2569 2572
f 3555 3662 3661
f 3555 3661 3554
f 3554 3661 3660
f 3554 3660 3553
f 3657 3660 3661
f 3657 3661 3658
f 3658 3661 3662
f 3658 3662 3659
f 2726 2804 2803
f 2803 2804 2896
f 2899 2896 2804
f 2899 2804 2806
f 2806 2804 2728
f 3341 3103 3214
f 3341 3214 3340
f 3340 3214 3213
f 3340 3213 3339
f 3101 3213 3214
f 3101 3214 3103
f 3101 3103 2992
f 1400 1464 1331
f 1464 1516 1515
f 1513 1397 1464
f 1513 1464 1515
f 1397 1329 1331
f 1397 1331 1464
f 1329 1397 1395
f 1329 1395 1325
f 1397 1513 1511
f 1397 1511 1395
f 1510 1391 1395
f 1510 1395 1511
f 1391 1244 1325
f 1391 1325 1395
f 1166 1388 1385
f 1166 1385 1058
f 1388 1568 1567
f 1388 1567 1385
f 1561 1314 1385
f 1561 1385 1567
f 1314 1051 1058
f 1314 1058 1385
f 1051 1314 1383
f 1051 1383 1044
f 1314 1561 1557
f 1314 1557 1383
f 1607 1447 1383
f 1607 1383 1557
f 1447 1230 1044
f 1447 1044 1383
f 1254 1337 1251
f 1254 1251 1175
f 1337 1400 1331
f 1337 1331 1251
f 1329 1172 1251
f 1329 1251 1331
f 1172 1063 1175
f 1172 1175 1251
f 1063 1172 1171
f 1063 1171 959
f 1172 1329 1325
f 1172 1325 1171
f 1244 1060 1171
f 1244 1171 1325
f 1060 955 959
f 1060 959 1171
f 806 874 805
f 806 805 673
f 874 1166 1058
f 874 1058 805
f 1051 804 805
f 1051 805 1058
f 804 597 673
f 804 673 805
f 597 804 803
f 597 803 665
f 804 1051 1044
f 804 1044 803
f 1230 940 803
f 1230 803 1044
f 940 800 665
f 940 665 803
f 1070 1176 1066
f 1070 1066 1067
f 1176 1254 1175
f 1176 1175 1066
f 1063 964 1066
f 1063 1066 1175
f 964 965 1067
f 964 1067 1066
f 965 964 960
f 965 960 961
f 964 1063 959
f 964 959 960
f 955 956 960
f 955 960 959
f 956 957 961
f 956 961 960
f 808 807 605
f 808 605 674
f 807 806 673
f 807 673 605
f 597 523 605
f 597 605 673
f 523 455 674
f 523 674 605
f 455 523 514
f 455 514 454
f 523 597 665
f 523 665 514
f 800 655 514
f 800 514 665
f 655 512 454
f 655 454 514
f 970 1068 969
f 970 969 968
f 1068 1070 1067
f 1068 1067 969
f 965 966 969
f 965 969 1067
f 966 967 968
f 966 968 969
f 967 966 962
f 967 962 963
f 966 965 961
f 966 961 962
f 957 958 962
f 957 962 961
f 958 1061 963
f 958 963 962
f 1167 952 742
f 1167 742 951
f 952 808 674
f 952 674 742
f 455 604 742
f 455 742 674
f 604 741 951
f 604 951 742
f 741 604 515
f 741 515 666
f 604 455 454
f 604 454 515
f 512 585 515
f 512 515 454
f 585 738 666
f 585 666 515
f 1607 1601 1488
f 1607 1488 1447
f 1601 1652 1602
f 1601 1602 1488
f 1491 1370 1488
f 1491 1488 1602
f 1370 1230 1447
f 1370 1447 1488
f 1230 1370 1226
f 1230 1226 940
f 1370 1491 1440
f 1370 1440 1226
f 1303 1032 1226
f 1303 1226 1440
f 1032 800 940
f 1032 940 1226
f 800 1032 795
f 800 795 655
f 1032 1303 1033
f 1032 1033 795
f 865 656 795
f 865 795 1033
f 656 512 655
f 656 655 795
f 512 656 660
f 512 660 585
f 656 865 797
f 656 797 660
f 802 737 660
f 802 660 797
f 737 738 585
f 737 585 660
f 1516 1464 1576
f 1516 1576 1575
f 1464 1400 1518
f 1464 1518 1576
f 1578 1622 1576
f 1578 1576 1518
f 1622 1689 1575
f 1622 1575 1576
f 1513 1515 1621
f 1513 1621 1620
f 1515 1516 1575
f 1515 1575 1621
f 1689 1686 1621
f 1689 1621 1575
f 1686 1681 1620
f 1686 1620 1621
f 1568 1570 1673
f 1568 1673 1672
f 1570 1510 1618
f 1570 1618 1673
f 1675 1727 1673
f 1675 1673 1618
f 1727 1790 1672
f 1727 1672 1673
f 1561 1567 1725
f 1561 1725 1659
f 1567 1568 1672
f 1567 1672 1725
f 1790 1786 1725
f 1790 1725 1672
f 1786 1784 1659
f 1786 1659 1725
f 1491 1602 1653
f 1491 1653 1603
f 1602 1652 1713
f 1602 1713 1653
f 1774 1775 1653
f 1774 1653 1713
f 1775 1709 1603
f 1775 1603 1653
f 1607 1557 1718
f 1607 1718 1716
f 1557 1561 1659
f 1557 1659 1718
f 1784 1782 1718
f 1784 1718 1659
f 1782 1780 1716
f 1782 1716 1718
f 1400 1337 1470
f 1400 1470 1518
f 1337 1254 1404
f 1337 1404 1470
f 1472 1519 1470
f 1472 1470 1404
f 1519 1578 1518
f 1519 1518 1470
f 1303 1440 1552
f 1303 1552 1441
f 1440 1491 1603
f 1440 1603 1552
f 1709 1604 1552
f 1709 1552 1603
f 1604 1492 1441
f 1604 1441 1552
f 1254 1176 1338
f 1254 1338 1404
f 1176 1070 1255
f 1176 1255 1338
f 1339 1405 1338
f 1339 1338 1255
f 1405 1472 1404
f 1405 1404 1338
f 865 1033 1223
f 865 1223 1034
f 1033 1303 1441
f 1033 1441 1223
f 1492 1304 1223
f 1492 1223 1441
f 1304 1144 1034
f 1304 1034 1223
f 1070 1068 1177
f 1070 1177 1255
f 1068 970 1069
f 1068 1069 1177
f 1253 1252 1177
f 1253 1177 1069
f 1252 1339 1255
f 1252 1255 1177
f 970 968 1065
f 970 1065 1069
f 968 967 1064
f 968 1064 1065
f 1173 1174 1065
f 1173 1065 1064
f 1174 1253 1069
f 1174 1069 1065
f 967 963 1062
f 967 1062 1064
f 963 1061 1170
f 963 1170 1062
f 1245 1246 1062
f 1245 1062 1170
f 1246 1173 1064
f 1246 1064 1062
f 1167 951 1165
f 1167 1165 1322
f 951 741 873
f 951 873 1165
f 1053 1321 1165
f 1053 1165 873
f 1321 1461 1322
f 1321 1322 1165
f 738 737 870
f 738 870 871
f 737 802 869
f 737 869 870
f 938 942 870
f 938 870 869
f 942 945 871
f 942 871 870
f 802 797 867
f 802 867 869
f 797 865 1034
f 797 1034 867
f 1144 1036 867
f 1144 867 1034
f 1036 938 869
f 1036 869 867
f 1652 1601 1713
f 1601 1607 1716
f 1601 1716 1713
f 1780 1773 1713
f 1780 1713 1716
f 1773 1774 1713
f 741 666 872
f 741 872 873
f 666 738 871
f 666 871 872
f 945 948 872
f 945 872 871
f 948 1053 873
f 948 873 872
f 1510 1570 1389
f 1510 1389 1391
f 1570 1568 1388
f 1570 1388 1389
f 1166 1168 1389
f 1166 1389 1388
f 1168 1244 1391
f 1168 1391 1389
f 1244 1168 953
f 1244 953 1060
f 1168 1166 874
f 1168 874 953
f 806 875 953
f 806 953 874
f 875 955 1060
f 875 1060 953
f 955 875 876
f 955 876 956
f 875 806 807
f 875 807 876
f 808 954 876
f 808 876 807
f 954 957 956
f 954 956 876
f 957 954 1059
f 957 1059 958
f 954 808 952
f 954 952 1059
f 1167 1169 1059
f 1167 1059 952
f 1169 1061 958
f 1169 958 1059
f 1510 1511 1573
f 1510 1573 1618
f 1511 1513 1620
f 1511 1620 1573
f 1681 1678 1573
f 1681 1573 1620
f 1678 1675 1618
f 1678 1618 1573
f 1061 1169 1323
f 1061 1323 1170
f 1169 1167 1322
f 1169 1322 1323
f 1461 1390 1323
f 1461 1323 1322
f 1390 1245 1170
f 1390 1170 1323
f 1799 1848 1890
f 1799 1890 1847
f 1848 1885 1882
f 1848 1882 1890
f 1881 1883 1890
f 1881 1890 1882
f 1883 1844 1847
f 1883 1847 1890
f 1885 1926 1929
f 1885 1929 1882
f 1926 1953 1954
f 1926 1954 1929
f 1879 1880 1929
f 1879 1929 1954
f 1880 1881 1882
f 1880 1882 1929
f 2108 2152 2049
f 2108 2049 2050
f 2152 2106 2069
f 2152 2069 2049
f 1990 1991 2049
f 1990 2049 2069
f 1991 1992 2050
f 1991 2050 2049
f 2106 2104 2047
f 2106 2047 2069
f 2104 2067 2041
f 2104 2041 2047
f 1986 1989 2047
f 1986 2047 2041
f 1989 1990 2069
f 1989 2069 2047
f 1742 1801 1849
f 1742 1849 1741
f 1801 1842 1887
f 1801 1887 1849
f 1885 1848 1849
f 1885 1849 1887
f 1848 1799 1741
f 1848 1741 1849
f 1842 1928 1927
f 1842 1927 1887
f 1928 1996 1995
f 1928 1995 1927
f 1953 1926 1927
f 1953 1927 1995
f 1926 1885 1887
f 1926 1887 1927
f 2160 2156 2153
f 2160 2153 2157
f 2156 2107 2150
f 2156 2150 2153
f 2106 2152 2153
f 2106 2153 2150
f 2152 2108 2157
f 2152 2157 2153
f 2107 2048 2105
f 2107 2105 2150
f 2048 1987 2044
f 2048 2044 2105
f 2067 2104 2105
f 2067 2105 2044
f 2104 2106 2150
f 2104 2150 2105
f 1580 1624 1738
f 1580 1738 1693
f 1624 1685 1794
f 1624 1794 1738
f 1842 1801 1738
f 1842 1738 1794
f 1801 1742 1693
f 1801 1693 1738
f 1685 1732 1838
f 1685 1838 1794
f 1732 1836 1925
f 1732 1925 1838
f 1996 1928 1838
f 1996 1838 1925
f 1928 1842 1794
f 1928 1794 1838
f 1993 1951 2070
f 1993 2070 2071
f 1951 1876 2025
f 1951 2025 2070
f 2107 2156 2070
f 2107 2070 2025
f 2156 2160 2071
f 2156 2071 2070
f 1876 1829 1950
f 1876 1950 2025
f 1829 1717 1917
f 1829 1917 1950
f 1987 2048 1950
f 1987 1950 1917
f 2048 2107 2025
f 2048 2025 1950
f 1465 1517 1577
f 1465 1577 1522
f 1517 1514 1574
f 1517 1574 1577
f 1685 1624 1577
f 1685 1577 1574
f 1624 1580 1522
f 1624 1522 1577
f 1514 1512 1619
f 1514 1619 1574
f 1512 1572 1730
f 1512 1730 1619
f 1836 1732 1619
f 1836 1619 1730
f 1732 1685 1574
f 1732 1574 1619
f 1726 1617 1789
f 1726 1789 1877
f 1617 1459 1667
f 1617 1667 1789
f 1876 1951 1789
f 1876 1789 1667
f 1951 1993 1877
f 1951 1877 1789
f 1459 1384 1610
f 1459 1610 1667
f 1384 1381 1556
f 1384 1556 1610
f 1717 1829 1610
f 1717 1610 1556
f 1829 1876 1667
f 1829 1667 1610
f 1986 2041 2016
f 1986 2016 1985
f 2041 2067 2017
f 2041 2017 2016
f 1911 1945 2016
f 1911 2016 2017
f 1945 1944 1985
f 1945 1985 2016
f 2067 2044 1982
f 2067 1982 2017
f 2044 1987 1915
f 2044 1915 1982
f 1771 1867 1982
f 1771 1982 1915
f 1867 1911 2017
f 1867 2017 1982
f 1987 1917 1778
f 1987 1778 1915
f 1917 1717 1606
f 1917 1606 1778
f 1494 1605 1778
f 1494 1778 1606
f 1605 1771 1915
f 1605 1915 1778
f 1717 1556 1499
f 1717 1499 1606
f 1556 1381 1379
f 1556 1379 1499
f 1313 1378 1499
f 1313 1499 1379
f 1378 1494 1606
f 1378 1606 1499
f 1844 1795 1797
f 1844 1797 1847
f 1795 1736 1690
f 1795 1690 1797
f 1626 1740 1797
f 1626 1797 1690
f 1740 1799 1847
f 1740 1847 1797
f 1881 1840 1841
f 1881 1841 1883
f 1840 1734 1735
f 1840 1735 1841
f 1736 1795 1841
f 1736 1841 1735
f 1795 1844 1883
f 1795 1883 1841
f 1992 1923 1878
f 1992 1878 1924
f 1923 1834 1793
f 1923 1793 1878
f 1731 1837 1878
f 1731 1878 1793
f 1837 1879 1924
f 1837 1924 1878
f 1990 1921 1922
f 1990 1922 1991
f 1921 1830 1832
f 1921 1832 1922
f 1834 1923 1922
f 1834 1922 1832
f 1923 1992 1991
f 1923 1991 1922
f 1911 1816 1864
f 1911 1864 1945
f 1816 1768 1815
f 1816 1815 1864
f 1871 1910 1864
f 1871 1864 1815
f 1910 1944 1945
f 1910 1945 1864
f 1986 1919 1920
f 1986 1920 1989
f 1919 1873 1875
f 1919 1875 1920
f 1830 1921 1920
f 1830 1920 1875
f 1921 1990 1989
f 1921 1989 1920
f 1799 1740 1692
f 1799 1692 1741
f 1740 1626 1627
f 1740 1627 1692
f 1582 1628 1692
f 1582 1692 1627
f 1628 1742 1741
f 1628 1741 1692
f 1771 1656 1769
f 1771 1769 1867
f 1656 1554 1650
f 1656 1650 1769
f 1768 1816 1769
f 1768 1769 1650
f 1816 1911 1867
f 1816 1867 1769
f 1742 1628 1583
f 1742 1583 1693
f 1628 1582 1524
f 1628 1524 1583
f 1474 1521 1583
f 1474 1583 1524
f 1521 1580 1693
f 1521 1693 1583
f 1494 1373 1493
f 1494 1493 1605
f 1373 1225 1442
f 1373 1442 1493
f 1554 1656 1493
f 1554 1493 1442
f 1656 1771 1605
f 1656 1605 1493
f 1580 1521 1467
f 1580 1467 1522
f 1521 1474 1402
f 1521 1402 1467
f 1336 1403 1467
f 1336 1467 1402
f 1403 1465 1522
f 1403 1522 1467
f 1465 1403 1399
f 1465 1399 1517
f 1403 1336 1333
f 1403 1333 1399
f 1330 1398 1399
f 1330 1399 1333
f 1398 1514 1517
f 1398 1517 1399
f 1514 1398 1396
f 1514 1396 1512
f 1398 1330 1328
f 1398 1328 1396
f 1394 1463 1396
f 1394 1396 1328
f 1463 1572 1512
f 1463 1512 1396
f 1726 1569 1460
f 1726 1460 1617
f 1569 1508 1387
f 1569 1387 1460
f 1157 1315 1460
f 1157 1460 1387
f 1315 1459 1617
f 1315 1617 1460
f 1381 1231 1379
f 1150 1229 1231
f 1150 1231 1043
f 1229 1313 1379
f 1229 1379 1231
f 1313 1229 1228
f 1313 1228 1378
f 1229 1150 1148
f 1229 1148 1228
f 1225 1373 1228
f 1225 1228 1148
f 1373 1494 1378
f 1373 1378 1228
f 1944 1910 1914
f 1944 1914 1985
f 1910 1871 1870
f 1910 1870 1914
f 1873 1919 1914
f 1873 1914 1870
f 1919 1986 1985
f 1919 1985 1914
f 1459 1315 1232
f 1459 1232 1384
f 1315 1157 1153
f 1315 1153 1232
f 1043 1231 1232
f 1043 1232 1153
f 1231 1381 1384
f 1231 1384 1232
f 1879 1954 1994
f 1879 1994 1924
f 1954 1953 2051
f 1954 2051 1994
f 2108 2050 1994
f 2108 1994 2051
f 2050 1992 1924
f 2050 1924 1994
f 1953 1995 2072
f 1953 2072 2051
f 1995 1996 2073
f 1995 2073 2072
f 2160 2157 2072
f 2160 2072 2073
f 2157 2108 2051
f 2157 2051 2072
f 1996 1925 2026
f 1996 2026 2073
f 1925 1836 1952
f 1925 1952 2026
f 1993 2071 2026
f 1993 2026 1952
f 2071 2160 2073
f 2071 2073 2026
f 1836 1730 1835
f 1836 1835 1952
f 1730 1572 1674
f 1730 1674 1835
f 1726 1877 1835
f 1726 1835 1674
f 1877 1993 1952
f 1877 1952 1835
f 1879 1837 1839
f 1879 1839 1880
f 1837 1731 1733
f 1837 1733 1839
f 1734 1840 1839
f 1734 1839 1733
f 1840 1881 1880
f 1840 1880 1839
f 1572 1463 1571
f 1572 1571 1674
f 1463 1394 1509
f 1463 1509 1571
f 1508 1569 1571
f 1508 1571 1509
f 1569 1726 1674
f 1569 1674 1571
f 1578 1625 1622
f 1625 1626 1623
f 1625 1623 1622
f 1688 1687 1622
f 1688 1622 1623
f 1687 1689 1622
f 1689 1687 1686
f 1687 1688 1684
f 1683 1682 1687
f 1683 1687 1684
f 1682 1681 1686
f 1682 1686 1687
f 1675 1676 1728
f 1675 1728 1727
f 1676 1677 1729
f 1676 1729 1728
f 1792 1791 1728
f 1792 1728 1729
f 1791 1790 1727
f 1791 1727 1728
f 1790 1791 1787
f 1790 1787 1786
f 1791 1792 1788
f 1791 1788 1787
f 1785 1787 1788
f 1785 1784 1786
f 1785 1786 1787
f 1774 1821 1776
f 1774 1776 1775
f 1821 1822 1776
f 1714 1709 1775
f 1714 1775 1776
f 1784 1785 1828
f 1784 1828 1782
f 1785 1783 1828
f 1825 1824 1828
f 1825 1828 1783
f 1824 1780 1782
f 1824 1782 1828
f 1472 1523 1579
f 1472 1579 1519
f 1523 1520 1579
f 1626 1625 1579
f 1625 1578 1519
f 1625 1519 1579
f 1709 1714 1655
f 1709 1655 1604
f 1553 1492 1604
f 1553 1604 1655
f 1339 1401 1473
f 1339 1473 1405
f 1401 1466 1473
f 1520 1523 1473
f 1520 1473 1466
f 1523 1472 1405
f 1523 1405 1473
f 1492 1553 1371
f 1492 1371 1304
f 1553 1375 1371
f 1227 1144 1371
f 1227 1371 1375
f 1144 1304 1371
f 1253 1334 1252
f 1253 1332 1334
f 1401 1339 1252
f 1401 1252 1334
f 1173 1248 1250
f 1173 1250 1174
f 1248 1247 1249
f 1248 1249 1250
f 1332 1253 1250
f 1332 1250 1249
f 1253 1174 1250
f 1245 1324 1246
f 1324 1392 1326
f 1324 1326 1246
f 1247 1248 1246
f 1247 1246 1326
f 1248 1173 1246
f 1053 1156 1320
f 1053 1320 1321
f 1156 1155 1386
f 1156 1386 1320
f 1506 1461 1320
f 1506 1320 1386
f 1461 1321 1320
f 938 1038 1042
f 938 1042 942
f 1038 1041 1042
f 1045 1046 1042
f 1045 1042 1041
f 1046 945 942
f 1046 942 1042
f 1144 1227 1147
f 1144 1147 1036
f 1041 1038 1036
f 1041 1036 1147
f 1038 938 1036
f 1780 1824 1820
f 1780 1820 1773
f 1824 1825 1821
f 1824 1821 1820
f 1822 1821 1820
f 1822 1820 1821
f 1821 1774 1773
f 1821 1773 1820
f 945 1046 1049
f 945 1049 948
f 1046 1045 1049
f 1155 1156 1049
f 1155 1049 1045
f 1156 1053 948
f 1156 948 1049
f 1681 1682 1679
f 1681 1679 1678
f 1682 1683 1680
f 1682 1680 1679
f 1677 1676 1679
f 1677 1679 1680
f 1676 1675 1678
f 1676 1678 1679
f 1461 1462 1390
f 1461 1506 1462
f 1392 1324 1462
f 1324 1245 1390
f 1324 1390 1462
f 1736 1687 1690
f 1687 1688 1623
f 1687 1623 1690
f 1626 1690 1623
f 1734 1736 1735
f 1734 1683 1684
f 1734 1684 1736
f 1688 1687 1736
f 1688 1736 1684
f 1687 1736 1735
f 1687 1735 1736
f 1834 1791 1793
f 1791 1792 1729
f 1791 1729 1793
f 1677 1731 1793
f 1677 1793 1729
f 1830 1831 1833
f 1830 1833 1832
f 1831 1785 1788
f 1831 1788 1833
f 1792 1791 1833
f 1792 1833 1788
f 1791 1834 1832
f 1791 1832 1833
f 1768 1714 1776
f 1768 1776 1815
f 1822 1821 1776
f 1821 1871 1815
f 1821 1815 1776
f 1873 1825 1828
f 1873 1828 1875
f 1825 1783 1828
f 1785 1831 1828
f 1785 1828 1783
f 1831 1830 1875
f 1831 1875 1828
f 1626 1579 1627
f 1520 1582 1627
f 1520 1627 1579
f 1554 1553 1655
f 1554 1655 1650
f 1714 1768 1650
f 1714 1650 1655
f 1582 1520 1473
f 1582 1473 1524
f 1520 1466 1473
f 1401 1473 1466
f 1401 1474 1524
f 1401 1524 1473
f 1225 1227 1371
f 1225 1371 1442
f 1227 1375 1371
f 1553 1371 1375
f 1553 1554 1442
f 1553 1442 1371
f 1474 1401 1334
f 1474 1334 1402
f 1332 1335 1334
f 1335 1336 1402
f 1335 1402 1334
f 1336 1335 1250
f 1336 1250 1333
f 1335 1332 1249
f 1335 1249 1250
f 1247 1248 1250
f 1247 1250 1249
f 1248 1330 1333
f 1248 1333 1250
f 1330 1248 1327
f 1330 1327 1328
f 1248 1247 1326
f 1248 1326 1327
f 1392 1393 1327
f 1392 1327 1326
f 1393 1394 1328
f 1393 1328 1327
f 1508 1507 1386
f 1508 1386 1387
f 1507 1506 1386
f 1155 1156 1386
f 1156 1157 1387
f 1156 1387 1386
f 1043 1046 1042
f 1046 1045 1041
f 1046 1041 1042
f 1041 1038 1042
f 1038 1150 1043
f 1038 1043 1042
f 1150 1038 1147
f 1150 1147 1148
f 1038 1041 1147
f 1227 1225 1148
f 1227 1148 1147
f 1871 1821 1820
f 1871 1820 1870
f 1825 1820 1821
f 1825 1873 1870
f 1825 1870 1820
f 1157 1156 1049
f 1157 1049 1153
f 1156 1155 1045
f 1156 1045 1049
f 1045 1046 1049
f 1046 1043 1153
f 1046 1153 1049
f 1731 1679 1733
f 1731 1677 1680
f 1731 1680 1679
f 1683 1734 1679
f 1683 1679 1680
f 1734 1733 1679
f 1394 1393 1462
f 1394 1462 1509
f 1393 1392 1462
f 1506 1507 1462
f 1507 1508 1509
f 1507 1509 1462
f 1846 1739 1584
f 1846 1584 1743
f 2441 2534 2227
f 2441 2227 2226
f 2359 2441 2226
f 2359 2226 2225
f 2484 2588 2441
f 2484 2441 2359
f 2588 2812 2534
f 2588 2534 2441
f 1079 1179 1406
f 1079 1406 1340
f 1179 1525 1584
f 1179 1584 1406
f 1739 1629 1406
f 1739 1406 1584
f 1629 1630 1340
f 1629 1340 1406
f 2228 2535 2485
f 2228 2485 2229
f 2227 2534 2535
f 2227 2535 2228
f 2812 3009 2535
f 2812 2535 2534
f 3009 2911 2485
f 3009 2485 2535
f 1271 1108 1408
f 1271 1408 1476
f 1108 1079 1340
f 1108 1340 1408
f 1630 1746 1408
f 1630 1408 1340
f 1746 1748 1476
f 1746 1476 1408
f 2230 2445 2399
f 2230 2399 2231
f 2485 2445 2230
f 2485 2230 2229
f 2911 2739 2445
f 2911 2445 2485
f 2739 2655 2399
f 2739 2399 2445
f 1534 1421 1526
f 1534 1526 1634
f 1421 1271 1476
f 1421 1476 1526
f 1748 1805 1526
f 1748 1526 1476
f 1805 1854 1634
f 1805 1634 1526
f 2231 2399 2407
f 2231 2407 2242
f 2655 2603 2407
f 2655 2407 2399
f 1930 2055 1997
f 1930 1997 1846
f 2055 2162 2168
f 2055 2168 1997
f 2171 1959 1997
f 2171 1997 2168
f 1959 1739 1846
f 1959 1846 1997
f 3111 2812 2588
f 3111 2588 2734
f 1739 1959 1931
f 1739 1931 1629
f 2171 2173 1931
f 2171 1931 1959
f 1961 1931 2173
f 1961 2173 2176
f 1961 1630 1629
f 1961 1629 1931
f 2812 3111 3467
f 2812 3467 3009
f 3111 3227 3683
f 3111 3683 3467
f 3778 3468 3467
f 3778 3467 3683
f 3468 2911 3009
f 3468 3009 3467
f 1630 1961 1964
f 1630 1964 1746
f 1961 2176 2109
f 1961 2109 1964
f 1965 1964 2109
f 1965 2109 2111
f 1965 1748 1746
f 1965 1746 1964
f 2911 3468 3235
f 2911 3235 2739
f 3468 3778 3580
f 3468 3580 3235
f 3357 3011 3235
f 3357 3235 3580
f 3011 2655 2739
f 3011 2739 3235
f 1748 1965 2003
f 1748 2003 1805
f 2111 2116 2003
f 2111 2003 1965
f 2655 3011 2927
f 2655 2927 2603
f 3011 3357 3126
f 3011 3126 2927
f 2937 2750 2927
f 2937 2927 3126
f 1803 1744 1695
f 1803 1695 1801
f 1744 1525 1473
f 1744 1473 1695
f 1471 1694 1695
f 1471 1695 1473
f 1694 1800 1801
f 1694 1801 1695
f 1930 1845 1888
f 1930 1888 1958
f 1845 1803 1801
f 1845 1801 1888
f 1800 1886 1888
f 1800 1888 1801
f 1886 1957 1958
f 1886 1958 1888
f 3227 2816 2814
f 3227 2814 3226
f 2816 2652 2651
f 2816 2651 2814
f 2647 2908 2814
f 2647 2814 2651
f 2908 3347 3226
f 2908 3226 2814
f 2484 2359 2358
f 2484 2358 2440
f 2225 2223 2358
f 2225 2358 2359
f 2319 2358 2223
f 2319 2223 2224
f 2319 2439 2440
f 2319 2440 2358
f 1525 1179 1178
f 1525 1178 1473
f 1179 1079 978
f 1179 978 1178
f 977 1181 1178
f 977 1178 978
f 1181 1471 1473
f 1181 1473 1178
f 3778 3683 3681
f 3778 3681 3879
f 3683 3227 3226
f 3683 3226 3681
f 3347 3679 3681
f 3347 3681 3226
f 3679 3777 3879
f 3679 3879 3681
f 1079 1108 999
f 1079 999 978
f 1108 1271 1200
f 1108 1200 999
f 1199 998 999
f 1199 999 1200
f 998 977 978
f 998 978 999
f 3357 3580 3688
f 3357 3688 3472
f 3580 3778 3879
f 3580 3879 3688
f 3777 3687 3688
f 3777 3688 3879
f 3687 3471 3472
f 3687 3472 3688
f 1271 1421 1347
f 1271 1347 1200
f 1421 1534 1531
f 1421 1531 1347
f 1530 1346 1347
f 1530 1347 1531
f 1346 1199 1200
f 1346 1200 1347
f 1854 2006 2010
f 1854 2010 1897
f 2118 2122 2010
f 2118 2010 2006
f 2009 2010 2122
f 2009 2122 2121
f 2009 1896 1897
f 2009 1897 2010
f 2548 2750 2668
f 2548 2668 2496
f 2750 2937 2936
f 2750 2936 2668
f 2934 2667 2668
f 2934 2668 2936
f 2667 2495 2496
f 2667 2496 2668
f 2937 3126 3247
f 2937 3247 2936
f 3126 3357 3472
f 3126 3472 3247
f 3471 3245 3247
f 3471 3247 3472
f 3245 2934 2936
f 3245 2936 3247
f 2162 2055 2054
f 2162 2054 2161
f 2055 1930 1958
f 2055 1958 2054
f 1957 2053 2054
f 1957 2054 1958
f 2053 2165 2161
f 2053 2161 2054
f 2652 2591 2533
f 2652 2533 2651
f 2591 2484 2440
f 2591 2440 2533
f 2439 2532 2533
f 2439 2533 2440
f 2532 2647 2651
f 2532 2651 2533
f 1534 1634 1701
f 1534 1701 1531
f 1634 1854 1897
f 1634 1897 1701
f 1896 1700 1701
f 1896 1701 1897
f 1700 1530 1531
f 1700 1531 1701
f 2187 2370 2374
f 2187 2374 2192
f 2370 2548 2496
f 2370 2496 2374
f 2495 2373 2374
f 2495 2374 2496
f 2373 2191 2192
f 2373 2192 2374
f 1468 1581 1737
f 1468 1737 1691
f 1691 1737 1843
f 1691 1843 1796
f 1955 1843 1737
f 1955 1737 1889
f 1889 1737 1581
f 1889 1581 1802
f 2172 2442 2397
f 2172 2397 2170
f 2170 2397 2360
f 2170 2360 2163
f 2483 2360 2397
f 2483 2397 2531
f 2531 2397 2442
f 2531 2442 2648
f 1082 1407 1475
f 1082 1475 1256
f 1256 1475 1581
f 1256 1581 1468
f 1802 1581 1475
f 1802 1475 1745
f 1745 1475 1407
f 1745 1407 1696
f 2177 2444 2443
f 2177 2443 2174
f 2174 2443 2442
f 2174 2442 2172
f 2648 2442 2443
f 2648 2443 2817
f 2817 2443 2444
f 2817 2444 2738
f 1270 1477 1409
f 1270 1409 1197
f 1197 1409 1407
f 1197 1407 1082
f 1696 1407 1409
f 1696 1409 1747
f 1747 1409 1477
f 1747 1477 1749
f 2110 2400 2398
f 2110 2398 2178
f 2178 2398 2444
f 2178 2444 2177
f 2738 2444 2398
f 2738 2398 2654
f 2654 2398 2400
f 2654 2400 2656
f 1528 1633 1527
f 1528 1527 1418
f 1418 1527 1477
f 1418 1477 1270
f 1749 1477 1527
f 1749 1527 1755
f 1755 1527 1633
f 1755 1633 1853
f 2117 2369 2367
f 2117 2367 2114
f 2114 2367 2400
f 2114 2400 2110
f 2656 2400 2367
f 2656 2367 2602
f 2602 2367 2369
f 2602 2369 2545
f 1955 1889 2027
f 1955 2027 2056
f 2056 2027 2170
f 2056 2170 2163
f 2172 2170 2027
f 2172 2027 1998
f 1998 2027 1889
f 1998 1889 1802
f 2483 2531 2730
f 2483 2730 2583
f 2583 2730 2905
f 2583 2905 2731
f 3224 2905 2730
f 3224 2730 3002
f 3002 2730 2531
f 3002 2531 2648
f 1802 1745 1960
f 1802 1960 1998
f 1998 1960 2174
f 1998 2174 2172
f 2177 2174 1960
f 2177 1960 1962
f 1962 1960 1745
f 1962 1745 1696
f 2648 2817 3234
f 2648 3234 3002
f 3002 3234 3579
f 3002 3579 3224
f 3685 3579 3234
f 3685 3234 3355
f 3355 3234 2817
f 3355 2817 2738
f 1696 1747 1963
f 1696 1963 1962
f 1962 1963 2178
f 1962 2178 2177
f 2110 2178 1963
f 2110 1963 1966
f 1966 1963 1747
f 1966 1747 1749
f 2738 2654 3117
f 2738 3117 3355
f 3355 3117 3581
f 3355 3581 3685
f 3356 3581 3117
f 3356 3117 3010
f 3010 3117 2654
f 3010 2654 2656
f 1749 1755 1970
f 1749 1970 1966
f 1966 1970 2114
f 1966 2114 2110
f 2117 2114 1970
f 2117 1970 2005
f 2005 1970 1755
f 2005 1755 1853
f 2656 2602 2925
f 2656 2925 3010
f 3010 2925 3124
f 3010 3124 3356
f 2931 3124 2925
f 2931 2925 2748
f 2748 2925 2602
f 2748 2602 2545
f 1471 1469 1625
f 1471 1625 1694
f 1694 1625 1798
f 1694 1798 1800
f 1955 1956 1884
f 1955 1884 1843
f 1843 1884 1798
f 1843 1798 1796
f 1800 1798 1884
f 1800 1884 1886
f 1886 1884 1956
f 1886 1956 1957
f 2647 2646 2907
f 2647 2907 2908
f 2908 2907 3346
f 2908 3346 3347
f 2483 2438 2318
f 2483 2318 2360
f 2360 2318 2164
f 2360 2164 2163
f 2165 2164 2318
f 2165 2318 2319
f 2319 2318 2438
f 2319 2438 2439
f 1468 1469 1180
f 1468 1180 1256
f 1256 1180 976
f 1256 976 1082
f 977 976 1180
f 977 1180 1181
f 1181 1180 1469
f 1181 1469 1471
f 3685 3776 3684
f 3685 3684 3579
f 3579 3684 3346
f 3579 3346 3224
f 3347 3346 3684
f 3347 3684 3679
f 3679 3684 3776
f 3679 3776 3777
f 1082 976 997
f 1082 997 1197
f 1197 997 1198
f 1197 1198 1270
f 1199 1198 997
f 1199 997 998
f 998 997 976
f 998 976 977
f 3356 3470 3686
f 3356 3686 3581
f 3581 3686 3776
f 3581 3776 3685
f 3777 3776 3686
f 3777 3686 3687
f 3687 3686 3470
f 3687 3470 3471
f 1270 1198 1344
f 1270 1344 1418
f 1418 1344 1529
f 1418 1529 1528
f 1530 1529 1344
f 1530 1344 1346
f 1346 1344 1198
f 1346 1198 1199
f 1853 1895 2008
f 1853 2008 2005
f 2005 2008 2190
f 2005 2190 2117
f 2191 2190 2008
f 2191 2008 2009
f 2009 2008 1895
f 2009 1895 1896
f 2545 2494 2666
f 2545 2666 2748
f 2748 2666 2933
f 2748 2933 2931
f 2934 2933 2666
f 2934 2666 2667
f 2667 2666 2494
f 2667 2494 2495
f 2931 2933 3244
f 2931 3244 3124
f 3124 3244 3470
f 3124 3470 3356
f 3471 3470 3244
f 3471 3244 3245
f 3245 3244 2933
f 3245 2933 2934
f 2163 2164 2052
f 2163 2052 2056
f 2056 2052 1956
f 2056 1956 1955
f 1957 1956 2052
f 1957 2052 2053
f 2053 2052 2164
f 2053 2164 2165
f 2731 2646 2530
f 2731 2530 2583
f 2583 2530 2438
f 2583 2438 2483
f 2439 2438 2530
f 2439 2530 2532
f 2532 2530 2646
f 2532 2646 2647
f 1528 1529 1699
f 1528 1699 1633
f 1896 1895 1699
f 1896 1699 1700
f 1700 1699 1529
f 1700 1529 1530
f 2369 2372 2494
f 2369 2494 2545
f 2495 2494 2372
f 2495 2372 2373
f 2373 2372 2190
f 2373 2190 2191
f 2227 2169 2226
f 2226 2169 2167
f 2226 2167 2225
f 2229 2175 2228
f 2231 2180 2179
f 2231 2179 2230
f 2230 2179 2175
f 2230 2175 2229
f 2242 2184 2180
f 2242 2180 2231
f 2162 2167 2169
f 2162 2169 2168
f 2168 2169 2227
f 2168 2227 2171
f 2171 2227 2228
f 2171 2228 2173
f 2173 2228 2175
f 2173 2175 2176
f 2176 2175 2179
f 2176 2179 2109
f 2109 2179 2180
f 2109 2180 2111
f 2111 2180 2184
f 2111 2184 2116
f 2225 2167 2166
f 2225 2166 2223
f 2223 2166 2165
f 2223 2165 2224
f 2118 2187 2192
f 2118 2192 2122
f 2122 2192 2191
f 2122 2191 2121
f 2161 2166 2167
f 2161 2167 2162
f 2165 2166 2161
f 2058 2232 2361
f 2058 2361 2182
f 2320 2486 2596
f 2320 2596 2449
f 2449 2596 2920
f 2449 2920 2600
f 2182 2074 2000
f 2182 2000 2058
f 2058 2000 1850
f 2058 1850 1932
f 2182 2361 2402
f 2182 2402 2234
f 2234 2402 2233
f 2233 2402 2401
f 2233 2401 2281
f 2281 2401 2486
f 2281 2486 2320
f 2234 2112 2074
f 2234 2074 2182
f 2406 2452 2453
f 2406 2453 2366
f 2452 2539 2540
f 2452 2540 2453
f 2604 2408 2453
f 2604 2453 2540
f 2408 2328 2366
f 2408 2366 2453
f 2604 2540 2743
f 2604 2743 2834
f 2540 2539 2661
f 2540 2661 2743
f 2928 3023 2743
f 2928 2743 2661
f 3023 3140 2834
f 3023 2834 2743
f 3140 3023 3372
f 3140 3372 3490
f 3023 2928 3134
f 3023 3134 3372
f 3481 3601 3372
f 3481 3372 3134
f 3601 3705 3490
f 3601 3490 3372
f 3705 3601 3803
f 3705 3803 3888
f 3601 3481 3599
f 3601 3599 3803
f 3795 3886 3803
f 3795 3803 3599
f 3886 4032 3888
f 3886 3888 3803
f 2328 2408 2410
f 2328 2410 2287
f 2408 2604 2606
f 2408 2606 2410
f 2608 2412 2410
f 2608 2410 2606
f 2412 2288 2287
f 2412 2287 2410
f 2608 2606 2836
f 2608 2836 2945
f 2606 2604 2834
f 2606 2834 2836
f 3140 3280 2836
f 3140 2836 2834
f 3280 3284 2945
f 3280 2945 2836
f 3284 3280 3606
f 3284 3606 3607
f 3280 3140 3490
f 3280 3490 3606
f 3705 3806 3606
f 3705 3606 3490
f 3806 3807 3607
f 3806 3607 3606
f 3807 3806 3962
f 3807 3962 3963
f 3806 3705 3888
f 3806 3888 3962
f 4032 4035 3962
f 4032 3962 3888
f 4035 4121 3963
f 4035 3963 3962
f 2288 2412 2413
f 2288 2413 2289
f 2412 2608 2610
f 2412 2610 2413
f 2611 2414 2413
f 2611 2413 2610
f 2414 2330 2289
f 2414 2289 2413
f 2611 2610 2845
f 2611 2845 2849
f 2610 2608 2945
f 2610 2945 2845
f 3284 3295 2845
f 3284 2845 2945
f 3295 3169 2849
f 3295 2849 2845
f 3169 3295 3608
f 3169 3608 3503
f 3295 3284 3607
f 3295 3607 3608
f 3807 3808 3608
f 3807 3608 3607
f 3808 3711 3503
f 3808 3503 3608
f 3711 3808 3965
f 3711 3965 3890
f 3808 3807 3963
f 3808 3963 3965
f 4121 4037 3965
f 4121 3965 3963
f 4037 4040 3890
f 4037 3890 3965
f 2416 2375 2457
f 2416 2457 2459
f 2375 2330 2414
f 2375 2414 2457
f 2611 2551 2457
f 2611 2457 2414
f 2551 2552 2459
f 2551 2459 2457
f 2552 2551 2764
f 2552 2764 2679
f 2551 2611 2849
f 2551 2849 2764
f 3169 3057 2764
f 3169 2764 2849
f 3057 2965 2679
f 3057 2679 2764
f 2965 3057 3304
f 2965 3304 3182
f 3057 3169 3503
f 3057 3503 3304
f 3711 3620 3304
f 3711 3304 3503
f 3620 3408 3182
f 3620 3182 3304
f 3408 3620 3810
f 3408 3810 3625
f 3620 3711 3890
f 3620 3890 3810
f 4040 3892 3810
f 4040 3810 3890
f 3892 3812 3625
f 3892 3625 3810
f 2243 2185 2283
f 2185 2241 2283
f 2322 2363 2283
f 2322 2283 2241
f 2363 2403 2447
f 2363 2322 2403
f 2488 2447 2403
f 2488 2597 2659
f 2824 2659 2597
f 2824 2825 2659
f 2825 2824 3129
f 2824 3017 3129
f 3365 3368 3129
f 3365 3129 3017
f 3793 3957 3958
f 3793 3792 3957
f 4113 4114 3957
f 4114 4033 3958
f 4114 3958 3957
f 3368 3365 3593
f 3368 3593 3594
f 3792 3793 3594
f 3792 3594 3593
f 2194 2124 2120
f 2194 2120 2189
f 2124 2123 2119
f 2124 2119 2120
f 2185 2120 2119
f 2185 2243 2189
f 2185 2189 2120
f 4033 4114 4116
f 4114 4113 4181
f 4114 4181 4116
f 4182 4116 4181
f 4182 4119 4116
f 2253 2199 2126
f 2253 2126 2196
f 2199 2127 2126
f 2123 2124 2126
f 2123 2126 2127
f 2124 2194 2196
f 2124 2196 2126
f 4119 4182 4122
f 4119 4122 4123
f 4182 4183 4122
f 4126 4127 4122
f 4126 4122 4183
f 4127 4043 4123
f 4127 4123 4122
f 2376 2333 2292
f 2333 2335 2255
f 2333 2255 2292
f 2199 2292 2255
f 2199 2253 2292
f 2501 2421 2419
f 2335 2333 2419
f 2335 2419 2421
f 2333 2376 2419
f 2863 2615 2678
f 2863 2614 2615
f 2501 2615 2614
f 2501 2678 2615
f 3410 3065 3066
f 3410 3409 3065
f 2863 3066 3065
f 3813 3623 3624
f 3813 3626 3623
f 3409 3410 3623
f 3409 3623 3626
f 3410 3624 3623
f 4043 4127 3970
f 4043 3970 3971
f 4127 4126 3970
f 3813 3971 3970
f 2406 2364 2451
f 2406 2451 2452
f 2364 2363 2450
f 2364 2450 2451
f 2538 2451 2450
f 2538 2539 2452
f 2538 2452 2451
f 2328 2244 2326
f 2328 2326 2366
f 2244 2243 2326
f 2363 2364 2326
f 2364 2406 2366
f 2364 2366 2326
f 2539 2538 2660
f 2539 2660 2661
f 2825 2826 2660
f 2826 2928 2661
f 2826 2661 2660
f 2928 2826 3130
f 2928 3130 3134
f 2826 2825 3130
f 3369 3481 3134
f 3369 3134 3130
f 3481 3369 3598
f 3481 3598 3599
f 3369 3595 3598
f 3794 3598 3595
f 3794 3795 3599
f 3794 3599 3598
f 3795 3794 3959
f 3795 3959 3886
f 4034 4032 3886
f 4034 3886 3959
f 2288 2194 2247
f 2288 2247 2287
f 2194 2189 2247
f 2243 2244 2247
f 2243 2247 2189
f 2244 2328 2287
f 2244 2287 2247
f 4032 4034 4117
f 4032 4117 4035
f 4120 4121 4035
f 4120 4035 4117
f 2330 2254 2250
f 2330 2250 2289
f 2254 2253 2196
f 2254 2196 2250
f 2194 2250 2196
f 2194 2288 2289
f 2194 2289 2250
f 4121 4120 4124
f 4121 4124 4037
f 4039 4040 4037
f 4039 4037 4124
f 2416 2376 2332
f 2416 2332 2375
f 2253 2254 2332
f 2254 2330 2375
f 2254 2375 2332
f 2552 2553 2459
f 2553 2458 2459
f 2376 2459 2458
f 2376 2416 2459
f 2965 2861 2678
f 2965 2678 2679
f 2861 2860 2678
f 2553 2552 2679
f 2553 2679 2678
f 3408 3407 3181
f 3408 3181 3182
f 3407 3066 3181
f 2860 2861 3181
f 2860 3181 3066
f 2861 2965 3182
f 2861 3182 3181
f 4040 4039 3891
f 4040 3891 3892
f 3812 3892 3891
f 3812 3624 3625
f 3407 3408 3625
f 3407 3625 3624
f 2363 2326 2283
f 2243 2283 2326
f 2488 2537 2447
f 2537 2538 2450
f 2537 2450 2447
f 2363 2447 2450
f 2825 2660 2659
f 2538 2537 2660
f 2537 2488 2659
f 2537 2659 2660
f 3368 3130 3129
f 3368 3369 3130
f 2825 3129 3130
f 4033 4034 3959
f 4033 3959 3958
f 3794 3793 3958
f 3794 3958 3959
f 3793 3595 3594
f 3793 3794 3595
f 3369 3368 3595
f 3368 3594 3595
f 4119 4117 4116
f 4119 4120 4117
f 4034 4033 4117
f 4033 4116 4117
f 4043 4038 4123
f 4038 4039 4124
f 4038 4124 4123
f 4120 4119 4123
f 4120 4123 4124
f 2253 2332 2292
f 2376 2292 2332
f 2376 2458 2419
f 2553 2501 2458
f 2501 2419 2458
f 2501 2553 2678
f 2860 2863 2678
f 2863 2860 3066
f 3407 3410 3066
f 3410 3407 3624
f 3812 3811 3624
f 3811 3813 3624
f 3813 3811 3971
f 3811 3812 3891
f 3811 3891 3971
f 4039 4038 3971
f 4039 3971 3891
f 4038 4043 3971
f 3936 3741 3642
f 3936 3642 3854
f 3854 3642 3538
f 3854 3538 3744
f 3195 3538 3642
f 3195 3642 3322
f 3322 3642 3741
f 3322 3741 3539
f 3539 3191 3070
f 3539 3070 3322
f 3322 3070 2974
f 3322 2974 3195
f 2685 2974 3070
f 2685 3070 2773
f 2773 3070 3191
f 2773 3191 2870
f 2870 2688 2622
f 2870 2622 2773
f 2773 2622 2565
f 2773 2565 2685
f 2471 2565 2622
f 2471 2622 2510
f 2510 2622 2688
f 2510 2688 2513
f 2513 2428 2426
f 2513 2426 2510
f 2510 2426 2386
f 2510 2386 2471
f 2343 2386 2426
f 2343 2426 2344
f 2344 2426 2428
f 2344 2428 2345
f 4151 4006 3937
f 4151 3937 4005
f 4005 3937 3741
f 4005 3741 3936
f 3539 3741 3937
f 3539 3937 3643
f 3643 3937 4006
f 3643 4006 3852
f 3852 3537 3320
f 3852 3320 3643
f 3643 3320 3191
f 3643 3191 3539
f 2870 3191 3320
f 2870 3320 2975
f 2975 3320 3537
f 2975 3537 3192
f 3192 2775 2689
f 3192 2689 2975
f 2975 2689 2688
f 2975 2688 2870
f 2513 2688 2689
f 2513 2689 2567
f 2567 2689 2775
f 2567 2775 2568
f 2568 2472 2429
f 2568 2429 2567
f 2567 2429 2428
f 2567 2428 2513
f 2345 2428 2429
f 2345 2429 2387
f 2387 2429 2472
f 2387 2472 2388
f 4210 4084 4083
f 4210 4083 4152
f 4152 4083 4006
f 4152 4006 4151
f 3852 4006 4083
f 3852 4083 3853
f 3853 4083 4084
f 3853 4084 3934
f 3934 3645 3644
f 3934 3644 3853
f 3853 3644 3537
f 3853 3537 3852
f 3192 3537 3644
f 3192 3644 3321
f 3321 3644 3645
f 3321 3645 3429
f 3429 3071 2976
f 3429 2976 3321
f 3321 2976 2775
f 3321 2775 3192
f 2568 2775 2976
f 2568 2976 2691
f 2691 2976 3071
f 2691 3071 2871
f 2871 2623 2515
f 2871 2515 2691
f 2691 2515 2472
f 2691 2472 2568
f 2388 2472 2515
f 2388 2515 2474
f 2474 2515 2623
f 2474 2623 2517
f 4213 4153 4085
f 4213 4085 4211
f 4211 4085 4084
f 4211 4084 4210
f 3934 4084 4085
f 3934 4085 3938
f 3938 4085 4153
f 3938 4153 4008
f 4008 3856 3742
f 4008 3742 3938
f 3938 3742 3645
f 3938 3645 3934
f 3429 3645 3742
f 3429 3742 3542
f 3542 3742 3856
f 3542 3856 3646
f 3646 3327 3198
f 3646 3198 3542
f 3542 3198 3071
f 3542 3071 3429
f 2871 3071 3198
f 2871 3198 2982
f 2982 3198 3327
f 2982 3327 3079
f 3079 2780 2697
f 3079 2697 2982
f 2982 2697 2623
f 2982 2623 2871
f 2517 2623 2697
f 2517 2697 2570
f 2570 2697 2780
f 2570 2780 2627
f 3744 3743 3935
f 3744 3935 3854
f 3854 3935 4010
f 3854 4010 3936
f 4010 3935 3940
f 3940 3935 3743
f 3195 3193 3544
f 3195 3544 3538
f 3538 3544 3743
f 3538 3743 3744
f 3743 3544 3543
f 3543 3544 3193
f 2685 2684 2868
f 2685 2868 2974
f 2974 2868 3193
f 2974 3193 3195
f 3193 2868 2872
f 2872 2868 2684
f 2471 2469 2563
f 2471 2563 2565
f 2565 2563 2684
f 2565 2684 2685
f 2345 2309 2308
f 2345 2308 2344
f 2344 2308 2343
f 2307 2343 2308
f 2307 2308 2311
f 2311 2308 2309
f 2311 2309 2312
f 2343 2385 2386
f 2386 2385 2469
f 2386 2469 2471
f 2385 2343 2307
f 3936 4010 4089
f 3936 4089 4005
f 4005 4089 4150
f 4005 4150 4151
f 2388 2391 2346
f 2388 2346 2387
f 2387 2346 2309
f 2387 2309 2345
f 2312 2309 2346
f 2312 2346 2351
f 2351 2346 2391
f 4151 4150 4209
f 4151 4209 4152
f 4152 4209 4273
f 4152 4273 4210
f 4276 4273 4209
f 2517 2476 2431
f 2517 2431 2474
f 2474 2431 2391
f 2474 2391 2388
f 4210 4273 4274
f 4210 4274 4211
f 4211 4274 4212
f 4211 4212 4213
f 4275 4212 4274
f 4275 4274 4277
f 4277 4274 4273
f 4277 4273 4276
f 4213 4212 4154
f 4213 4154 4153
f 4153 4154 4009
f 4153 4009 4008
f 4014 4009 4154
f 4154 4212 4275
f 4008 4009 3857
f 4008 3857 3856
f 3856 3857 3650
f 3856 3650 3646
f 3651 3650 3857
f 3857 4009 4014
f 3646 3650 3430
f 3646 3430 3327
f 3327 3430 3080
f 3327 3080 3079
f 3080 3430 3434
f 3434 3430 3650
f 3434 3650 3651
f 3079 3080 2781
f 3079 2781 2780
f 2780 2781 2628
f 2780 2628 2627
f 2571 2628 2781
f 2571 2781 2782
f 2782 2781 3080
f 2627 2628 2518
f 2627 2518 2570
f 2570 2518 2476
f 2570 2476 2517
f 2518 2628 2571
f 3743 3752 3940
f 3942 4010 3940
f 3942 3940 3859
f 3859 3940 3752
f 3193 3544 3543
f 3543 3544 3752
f 3543 3752 3743
f 3544 3193 3194
f 2684 2695 2872
f 3194 3193 2872
f 3194 2872 2978
f 2978 2872 2695
f 2978 2695 2696
f 2563 2695 2684
f 2696 2695 2563
f 2696 2563 2564
f 2564 2563 2469
f 2564 2469 2470
f 2311 2348 2307
f 2348 2311 2349
f 2349 2311 2312
f 2349 2312 2350
f 2307 2348 2385
f 2470 2469 2385
f 2470 2385 2389
f 2389 2385 2348
f 4089 4010 3942
f 2350 2312 2351
f 4150 4214 4209
f 4209 4214 4276
f 4216 4276 4214
f 2431 2476 2520
f 4277 4218 4275
f 4218 4277 4217
f 4217 4277 4276
f 4217 4276 4216
f 4275 4218 4154
f 4013 4014 4154
f 4013 4154 4153
f 4153 4154 4218
f 3857 3650 3651
f 3649 3650 3857
f 3649 3857 3856
f 3856 3857 4014
f 3856 4014 4013
f 3651 3650 3434
f 3434 3085 3080
f 3084 3085 3434
f 3084 3434 3329
f 3329 3434 3650
f 3329 3650 3649
f 3080 3085 2784
f 3080 2784 2782
f 2782 2784 2630
f 2782 2630 2571
f 2784 3085 3084
f 2571 2630 2521
f 2571 2521 2518
f 2518 2521 2476
f 2520 2476 2521
f 2520 2521 2573
f 2573 2521 2630
f 935 1031 1222
f 935 1222 1137
f 1031 1143 1302
f 1031 1302 1222
f 1490 1438 1222
f 1490 1222 1302
f 1438 1299 1137
f 1438 1137 1222
f 1299 1438 1549
f 1299 1549 1486
f 1438 1490 1599
f 1438 1599 1549
f 1767 1710 1549
f 1767 1549 1599
f 1710 1650 1486
f 1710 1486 1549
f 1650 1710 1817
f 1650 1817 1770
f 1710 1767 1866
f 1710 1866 1817
f 1947 1912 1817
f 1947 1817 1866
f 1912 1868 1770
f 1912 1770 1817
f 1868 1912 1981
f 1868 1981 1983
f 1912 1947 2019
f 1912 2019 1981
f 2037 2038 1981
f 2037 1981 2019
f 2038 2020 1983
f 2038 1983 1981
f 725 793 931
f 725 931 864
f 793 935 1137
f 793 1137 931
f 1299 1138 931
f 1299 931 1137
f 1138 1027 864
f 1138 864 931
f 1027 1138 1368
f 1027 1368 1300
f 1138 1299 1486
f 1138 1486 1368
f 1650 1550 1368
f 1650 1368 1486
f 1550 1487 1300
f 1550 1300 1368
f 1487 1550 1711
f 1487 1711 1651
f 1550 1650 1770
f 1550 1770 1711
f 1868 1869 1711
f 1868 1711 1770
f 1869 1818 1651
f 1869 1651 1711
f 1818 1869 1948
f 1818 1948 1913
f 1869 1868 1983
f 1869 1983 1948
f 2020 2021 1948
f 2020 1948 1983
f 2021 1984 1913
f 2021 1913 1948
f 575 654 794
f 575 794 726
f 654 725 864
f 654 864 794
f 1027 932 794
f 1027 794 864
f 932 862 726
f 932 726 794
f 862 932 1139
f 862 1139 1028
f 932 1027 1300
f 932 1300 1139
f 1487 1369 1139
f 1487 1139 1300
f 1369 1305 1028
f 1369 1028 1139
f 1305 1369 1551
f 1305 1551 1439
f 1369 1487 1651
f 1369 1651 1551
f 1818 1712 1551
f 1818 1551 1651
f 1712 1600 1439
f 1712 1439 1551
f 1600 1712 1819
f 1600 1819 1772
f 1712 1818 1913
f 1712 1913 1819
f 1984 1916 1819
f 1984 1819 1913
f 1916 1872 1772
f 1916 1772 1819
f 577 576 646
f 577 646 647
f 576 575 726
f 576 726 646
f 862 792 646
f 862 646 726
f 792 796 647
f 792 647 646
f 796 792 933
f 796 933 936
f 792 862 1028
f 792 1028 933
f 1305 1224 933
f 1305 933 1028
f 1224 1140 936
f 1224 936 933
f 1140 1224 1372
f 1140 1372 1306
f 1224 1305 1439
f 1224 1439 1372
f 1600 1555 1372
f 1600 1372 1439
f 1555 1495 1306
f 1555 1306 1372
f 1495 1555 1657
f 1495 1657 1658
f 1555 1600 1772
f 1555 1772 1657
f 1872 1823 1657
f 1872 1657 1772
f 1823 1715 1658
f 1823 1658 1657
f 1143 1031 934
f 1143 934 1142
f 1031 935 863
f 1031 863 934
f 868 940 934
f 868 934 863
f 940 1142 934
f 1490 1302 1301
f 1490 1301 1489
f 1302 1143 1142
f 1302 1142 1301
f 1142 1308 1301
f 1308 1489 1301
f 1767 1599 1649
f 1767 1649 1766
f 1599 1490 1489
f 1599 1489 1649
f 1489 1653 1649
f 1653 1766 1649
f 1947 1866 1864
f 1947 1864 1946
f 1866 1767 1766
f 1866 1766 1864
f 1864 1980 1946
f 2020 2038 2039
f 2020 2039 2040
f 2038 2037 2039
f 2037 2068 2039
f 2068 2045 2040
f 2068 2040 2039
f 2037 2019 2018
f 2019 1947 1946
f 2019 1946 2018
f 1980 2018 1946
f 935 793 798
f 935 798 863
f 793 725 653
f 793 653 798
f 652 798 653
f 798 868 863
f 1984 2021 2023
f 1984 2023 1988
f 2021 2020 2040
f 2021 2040 2023
f 2045 2046 2023
f 2045 2023 2040
f 2046 2024 1988
f 2046 1988 2023
f 725 654 574
f 725 574 653
f 654 575 508
f 654 508 574
f 574 652 653
f 1872 1916 1949
f 1916 1984 1988
f 1916 1988 1949
f 2024 1949 1988
f 1949 1918 1872
f 575 576 509
f 575 509 508
f 576 577 510
f 576 510 509
f 577 647 656
f 577 656 510
f 647 796 729
f 647 729 656
f 729 578 656
f 578 510 656
f 796 936 866
f 796 866 729
f 936 1140 1036
f 936 1036 866
f 1037 866 1036
f 1140 1306 1307
f 1140 1307 1036
f 1306 1495 1444
f 1306 1444 1307
f 1445 1312 1307
f 1445 1307 1444
f 1312 1037 1036
f 1312 1036 1307
f 1495 1658 1606
f 1495 1606 1444
f 1658 1715 1779
f 1658 1779 1606
f 1606 1445 1444
f 1715 1823 1779
f 1918 1823 1872
f 941 1040 940
f 941 940 868
f 1040 1151 1142
f 1040 1142 940
f 1151 1309 1308
f 1151 1308 1142
f 1309 1490 1489
f 1309 1489 1308
f 1766 1653 1776
f 1490 1654 1653
f 1490 1653 1489
f 1654 1777 1776
f 1654 1776 1653
f 1980 1864 1946
f 1864 1766 1776
f 1777 1865 1864
f 1777 1864 1776
f 1865 1946 1864
f 2045 2068 2044
f 2068 2037 2042
f 2068 2042 2044
f 2043 2044 2042
f 2037 2018 2042
f 2018 1980 1946
f 1946 2022 2018
f 2022 2043 2042
f 2022 2042 2018
f 798 652 653
f 731 799 798
f 731 798 653
f 799 941 868
f 799 868 798
f 2024 2046 2023
f 2024 2023 1988
f 2046 2045 2023
f 652 574 653
f 574 508 582
f 582 654 574
f 654 731 653
f 654 653 574
f 1918 1949 1872
f 1949 2024 1988
f 1988 1916 1949
f 1916 1874 1872
f 1916 1872 1949
f 508 509 511
f 508 511 582
f 509 510 577
f 509 577 511
f 584 583 511
f 584 511 577
f 583 582 511
f 510 578 656
f 510 656 577
f 578 729 734
f 578 734 656
f 801 656 734
f 656 584 577
f 729 866 734
f 866 1037 1036
f 1146 936 866
f 1146 866 1036
f 936 801 734
f 936 734 866
f 1037 1312 1311
f 1037 1311 1036
f 1312 1445 1449
f 1312 1449 1311
f 1448 1310 1311
f 1448 1311 1449
f 1310 1146 1036
f 1310 1036 1311
f 1445 1606 1609
f 1445 1609 1449
f 1606 1779 1781
f 1606 1781 1609
f 1781 1608 1609
f 1608 1448 1449
f 1608 1449 1609
f 1779 1823 1827
f 1779 1827 1781
f 1823 1918 1872
f 1823 1872 1827
f 1874 1826 1827
f 1874 1827 1872
f 1826 1781 1827
