# flowstudio decimated toy animal  faces=11314
v -27.7088 -8.79811 8.68292
v -27.7452 -8.24695 7.186
v -28.1857 -8.35925 8.18088
v -27.6282 -8.33323 9.99933
v -27.6039 -7.92777 6.4664
v -27.9813 -7.72097 7.49814
v -28.1855 -7.85234 8.52429
v -27.8363 -7.66963 10.0025
v -27.9183 -7.66874 11.3825
v -27.6311 -7.12113 5.8898
v -28.0624 -7.28048 7.6434
v -28.1275 -6.97911 8.46408
v -28.146 -7.2626 9.90944
v -28.374 -7.07657 11.2254
v -27.7662 -7.27418 12.2677
v -27.5983 -6.19808 -1.2086
v -27.6392 -6.37391 0.279198
v -27.4843 -6.71774 0.900773
v -27.546 -6.63032 4.21545
v -27.8207 -6.50443 5.66168
v -28.0209 -6.41712 7.33355
v -28.1325 -6.65119 8.3802
v -28.4581 -6.46583 9.90101
v -28.3783 -6.56359 11.6855
v -27.7461 -6.75604 12.7207
v -27.6178 -5.89804 -2.23639
v -27.7888 -5.72388 -1.36366
v -27.7867 -5.89809 0.109605
v -27.5817 -6.02758 2.21739
v -27.7061 -6.04985 3.11131
v -27.7709 -5.76747 4.65387
v -27.7955 -5.89977 5.76623
v -28.0055 -5.94871 7.05667
v -28.1706 -5.87303 8.06748
v -28.3349 -6.07479 10.3379
v -28.2275 -5.81149 11.0513
v -27.9307 -6.13521 12.7654
v -27.5049 -5.16354 -3.67926
v -27.5893 -5.19878 -2.61907
v -27.7956 -5.21338 -1.37214
v -27.711 -5.20956 0.214502
v -27.634 -5.18961 1.47659
v -27.75 -5.36163 2.8529
v -27.8516 -5.42984 4.00184
v -27.828 -5.20258 5.65154
v -27.8983 -5.23876 7.05731
v -27.9219 -5.43019 8.63499
v -28.0093 -5.36333 9.82468
v -27.7459 -5.39216 11.6622
v -27.6933 -5.53375 12.9751
v -27.6111 -4.80632 -5.09662
v -27.6653 -4.69495 -4.07755
v -27.9462 -4.78817 -2.88462
v -28.4442 -4.73493 -1.52263
v -28.6154 -4.72021 0.134786
v -28.0617 -4.60432 1.51662
v -27.8517 -4.79032 3.08788
v -27.7944 -4.62281 4.40833
v -27.5399 -4.72999 6.26182
v -27.6182 -4.71813 7.5811
v -27.4289 -4.39126 8.47438
v -27.4773 -4.81295 10.1867
v -27.5219 -3.91212 -5.64216
v -28.0161 -4.12553 -4.03904
v -28.2373 -4.30826 -2.39636
v -28.4793 -4.06656 -1.20313
v -28.8075 -4.10452 0.391332
v -28.1448 -3.98237 1.60585
v -27.8723 -4.0989 3.23651
v -27.8217 -3.98674 4.77197
v -27.769 -4.28993 5.50718
v -27.7151 -3.31836 -5.20894
v -28.1391 -3.7406 -4.19216
v -28.444 -3.56124 -2.57595
v -28.5256 -3.36861 -0.927254
v -28.7189 -3.48042 0.00580758
v -28.2293 -3.47366 1.77553
v -27.6981 -3.31797 3.32858
v -27.5605 -3.66705 4.02815
v -27.4706 -3.45687 5.29589
v -27.7652 -2.56556 -5.1188
v -28.0401 -2.96302 -3.99447
v -28.3012 -2.77916 -2.35639
v -28.6262 -3.12316 -1.69615
v -28.5891 -2.8055 -0.349951
v -28.4981 -2.7994 1.2473
v -27.4659 -2.95286 2.49799
v -27.8914 -2.15006 -3.79759
v -28.1807 -2.48203 -3.10348
v -28.3393 -2.32241 -1.43703
v -28.3939 -2.20179 0.24705
v -28.0882 -2.26224 1.84575
v -27.5776 -2.24152 2.95621
v -27.7001 -1.87583 -4.55992
v -27.9061 -1.65176 -2.86608
v -27.994 -1.50687 -1.17955
v -28.1124 -1.75044 0.189562
v -27.6202 -1.52595 2.12724
v -27.5361 -1.1825 -3.96294
v -27.5502 -0.809159 -2.61807
v -27.7143 -1.02707 -1.23368
v -27.8367 -1.27405 0.137631
v -27.5591 -1.08701 1.46681
v -27.4378 -0.526027 -1.28552
v -26.7346 -9.2988 7.42962
v -26.6945 -9.37378 8.68875
v -26.3471 -9.37917 9.93731
v -26.7646 -8.87604 6.79607
v -27.3684 -9.13157 8.53849
v -27.0172 -8.93791 10.165
v -26.4595 -8.80625 11.3115
v -26.6611 -8.33664 5.83629
v -27.3298 -8.56402 6.90236
v -27.0608 -8.43137 11.1637
v -26.3218 -8.2453 12.2153
v -26.1462 -7.43803 0.615762
v -26.0554 -7.68655 3.1757
v -26.6253 -7.68722 4.49679
v -27.2082 -7.70581 5.80477
v -26.9689 -7.88768 11.3851
v -26.8252 -7.78804 12.9187
v -26.1777 -6.81357 -3.44545
v -26.6193 -6.9585 -1.14884
v -26.7148 -7.07352 -0.0188641
v -26.7217 -7.14706 1.53231
v -26.7358 -7.11082 3.04407
v -27.2527 -7.09112 4.38595
v -27.2021 -7.1299 13.1031
v -26.5354 -6.98009 13.8432
v -26.4177 -6.33707 -5.92863
v -26.4919 -6.51986 -4.10512
v -26.9021 -6.48704 -2.4964
v -27.0961 -6.64655 -1.41401
v -26.8004 -6.5358 1.59135
v -27.4002 -6.51415 2.91044
v -26.7653 -6.35741 13.9389
v -26.7555 -5.95409 -6.23378
v -26.6092 -5.84931 -5.00474
v -27.0873 -6.00522 -4.19817
v -27.1407 -5.9451 -2.98099
v -27.2536 -5.96036 1.40532
v -26.5911 -5.75301 14.1961
v -26.0505 -5.45534 -7.72021
v -26.6171 -5.40304 -6.64584
v -27.1079 -5.135 -5.16271
v -27.3544 -5.11385 -4.39705
v -27.3855 -5.47519 -3.09427
v -27.0163 -5.28896 6.15255
v -27.388 -5.19468 12.1244
v -27.1134 -5.0548 12.4987
v -26.3304 -5.12684 14.3119
v -26.181 -4.67213 -7.98147
v -26.6678 -4.82647 -6.80846
v -26.9611 -4.89103 -5.73699
v -27.3241 -4.65981 5.98588
v -26.5178 -4.57825 6.9728
v -27.3681 -4.84227 9.03352
v -27.0562 -4.4108 9.66687
v -26.993 -4.61725 11.4248
v -26.3511 -4.8577 13.0047
v -26.5016 -3.92266 -8.35398
v -26.748 -4.17135 -7.1537
v -27.2321 -4.04176 4.59878
v -26.6668 -4.11802 7.19598
v -26.932 -3.97669 9.06646
v -26.6353 -4.02543 10.3145
v -26.2863 -4.23753 11.3879
v -26.0323 -4.32951 12.5783
v -26.7158 -3.30362 -7.97899
v -26.8986 -3.55897 -6.78337
v -26.9302 -3.43769 5.8028
v -26.532 -3.65117 7.0146
v -26.2836 -3.44362 8.74761
v -26.3252 -3.6686 9.66064
v -26.1264 -2.95282 -9.47941
v -26.2204 -3.02784 -8.61141
v -26.9735 -2.73928 -7.18291
v -26.9468 -2.97529 -5.96454
v -27.0223 -2.91769 4.48896
v -26.2975 -2.79964 5.43329
v -26.1118 -2.9327 7.09243
v -26.2106 -2.22603 -9.08559
v -26.4186 -2.37 -8.26137
v -27.1562 -2.14269 -6.36919
v -27.0243 -2.30749 -5.54178
v -26.9136 -2.19116 3.11671
v -26.7546 -2.23705 4.31596
v -26.3456 -1.55351 -8.24727
v -26.8477 -1.90203 -7.12277
v -27.0743 -1.50433 -5.49648
v -26.5665 -1.71201 3.04745
v -26.1397 -1.68675 4.20263
v -26.6095 -1.01189 -7.02552
v -27.027 -0.897073 -4.59826
v -27.0649 -1.05782 2.71854
v -26.2275 -1.21112 3.74141
v -26.097 -0.664079 -8.16087
v -26.7816 -0.502408 -5.76937
v -26.9202 -0.172958 -4.05876
v -27.2443 -0.324577 -2.67844
v -27.3047 -0.504943 0.404654
v -26.9385 -0.394884 1.71643
v -26.4218 -0.41059 2.97227
v -26.2929 -0.0963965 -6.89333
v -26.5456 0.254214 -5.20998
v -26.9473 0.183277 -2.73906
v -26.9059 0.272779 -1.02217
v -26.7065 0.231422 0.671089
v -26.2728 0.265096 1.96479
v -26.0661 0.68148 -6.34032
v -26.527 0.682254 -3.84942
v -26.5513 0.829318 -2.11495
v -26.3161 1.04297 -0.754516
v -26.5211 0.638717 -0.0389934
v -26.1308 0.709246 1.27918
v -26.0937 1.13607 -4.99012
v -26.0241 1.51946 -3.60967
v -26.2914 1.19597 -2.84834
v -26.0912 1.43095 -1.4835
v -25.0063 -9.32353 6.98314
v -25.2487 -9.46431 8.57917
v -25.1113 -9.51493 10.0545
v -25.2687 -9.42571 11.1807
v -25.3324 -8.95279 5.7874
v -25.6683 -9.18638 6.79356
v -25.8067 -8.97763 11.7465
v -25.1222 -8.96518 12.4605
v -25.3908 -8.25065 4.30854
v -25.495 -8.62538 5.4299
v -25.6035 -8.38425 13.075
v -25.1712 -8.20256 13.7284
v -24.9973 -7.54559 0.258695
v -25.1714 -7.5781 1.29188
v -25.3722 -7.7067 2.66369
v -25.5263 -7.66907 14.0431
v -25.158 -7.00146 -5.29791
v -25.4797 -6.91919 -4.07752
v -25.4867 -7.13992 -2.5589
v -25.2386 -7.31442 -1.22447
v -25.6684 -7.40907 -0.126215
v -25.2821 -7.26275 1.56045
v -25.4489 -7.13993 14.4524
v -25.0436 -6.30201 -8.0851
v -25.4072 -6.3854 -6.91789
v -25.6681 -6.48777 -5.55192
v -25.1241 -6.49406 -4.6114
v -25.7184 -6.51851 14.6188
v -24.9562 -6.62067 14.9575
v -24.626 -5.84815 -9.77938
v -25.1049 -5.84013 -8.61561
v -25.9014 -5.84855 -7.09668
v -25.5465 -5.91409 14.8728
v -24.7784 -6.01474 15.1966
v -25.0405 -5.36229 -9.51186
v -25.7621 -5.50108 -8.56439
v -25.3131 -5.28311 14.9876
v -25.4905 -4.5103 -9.33674
v -25.9063 -4.60551 -8.67107
v -25.7463 -4.75578 13.3967
v -25.1151 -4.70044 13.8647
v -24.8301 -4.03734 -10.8297
v -25.3095 -4.24282 -10.0046
v -25.6131 -4.01487 11.9406
v -25.0714 -4.0404 12.7361
v -25.0731 -3.26787 -11.0729
v -25.5829 -3.47525 -10.0103
v -25.9372 -3.62446 -8.9115
v -25.6988 -3.57119 7.9469
v -25.2856 -3.34134 10.4691
v -25.6473 -3.65623 11.1429
v -24.9592 -2.85449 -11.2987
v -25.426 -2.66883 -9.93929
v -25.5901 -2.77265 5.96
v -25.4551 -2.85694 7.3369
v -25.0692 -2.94604 8.56591
v -24.9896 -2.89707 9.89407
v -24.8231 -2.4218 -11.5164
v -25.5764 -1.96383 -9.63163
v -25.5161 -2.06597 5.83279
v -25.4116 -2.33928 6.86739
v -24.8 -2.20309 8.39931
v -25.1464 -1.75277 -10.8236
v -25.5567 -1.34566 3.18308
v -25.3296 -1.48321 4.40992
v -25.1538 -1.69066 5.59819
v -24.9141 -0.854756 -10.7939
v -25.5218 -1.12869 -9.68158
v -24.8951 -0.920827 3.66568
v -25.5485 -0.871389 4.26531
v -25.2932 -0.219338 -9.63799
v -25.6566 -0.416651 -8.86919
v -25.3324 -0.453387 4.34413
v -24.8474 -0.0157975 -10.3669
v -25.7364 0.270543 -8.01875
v -25.7159 0.181145 3.19975
v -25.015 0.198584 4.02322
v -24.9349 0.727159 -9.51733
v -25.7141 0.941075 -7.09923
v -25.2704 0.812893 2.81563
v -25.1458 1.33042 -8.22827
v -25.7781 1.43705 -5.74825
v -25.8714 1.35505 0.225432
v -25.4275 1.35514 1.52914
v -24.8232 1.47476 2.44468
v -24.7038 2.26419 -8.0304
v -25.2604 1.86139 -6.88925
v -25.435 2.16149 -5.13005
v -25.738 1.84284 -4.36932
v -25.7236 1.98922 -2.5959
v -25.5736 1.98038 -0.85067
v -25.1891 2.03615 0.48996
v -24.701 1.96517 1.77928
v -24.7699 2.76767 -6.65658
v -25.1125 2.46572 -5.89479
v -25.1844 2.67785 -4.11382
v -25.1177 2.75898 -2.33229
v -25.0791 2.64094 -1.26392
v -25.0057 2.47338 -0.221937
v -24.7366 3.17367 -5.25976
v -24.8678 3.12706 -3.088
v -24.0566 -9.33509 6.12877
v -23.7742 -9.44041 7.14592
v -23.7604 -9.51829 8.38858
v -24.0255 -9.55459 9.75878
v -23.9312 -9.54303 11.5888
v -23.4747 -9.45126 12.2642
v -24.0761 -8.72129 4.74196
v -23.6582 -9.09488 5.50066
v -24.0866 -8.98344 13.0566
v -23.5595 -8.80339 13.653
v -24.2105 -8.1553 3.2248
v -23.7455 -8.50608 4.03755
v -23.9808 -8.33853 14.1147
v -23.5558 -7.52055 -4.29465
v -23.6592 -7.49671 -1.28769
v -24.1854 -7.51018 0.112095
v -23.8108 -7.57531 1.55017
v -23.902 -7.95315 2.49398
v -23.9668 -7.85874 14.6083
v -24.0629 -7.02049 -6.86152
v -23.9411 -7.28015 -5.50088
v -24.0674 -7.13916 -3.91742
v -24.0854 -7.34347 -2.77307
v -23.8175 -7.35355 1.92839
v -23.4289 -7.22384 2.45176
v -24.2803 -7.28534 14.8982
v -23.4657 -7.36372 15.1019
v -23.9473 -6.36726 -9.39655
v -24.0602 -6.63669 -8.10042
v -24.5702 -6.71991 -4.31816
v -23.7538 -6.74907 15.3096
v -23.4706 -5.81523 -11.0411
v -23.7803 -5.8307 -10.2095
v -24.4249 -6.14656 -8.66822
v -23.9767 -6.10311 15.434
v -23.5264 -4.98674 -11.8748
v -24.2104 -5.19499 -10.8583
v -24.15 -5.42709 15.4082
v -23.8568 -4.47929 -11.9386
v -24.5264 -4.69689 -10.9502
v -23.8505 -4.69915 14.2258
v -23.864 -4.82841 15.1851
v -23.7862 -4.01361 -12.4472
v -24.4885 -3.87305 -11.4264
v -23.9307 -3.92559 13.1149
v -23.6427 -4.17341 13.7427
v -23.365 -3.35981 -13.2852
v -23.9368 -3.56844 -12.3108
v -24.5134 -3.45664 11.8347
v -23.7035 -3.41566 12.1904
v -23.8288 -2.85818 -12.741
v -24.1409 -2.68506 7.18976
v -24.191 -2.67144 8.34214
v -23.8213 -2.73175 10.5416
v -23.7474 -3.10171 11.3443
v -23.4044 -2.01292 -13.6244
v -24.0363 -2.16187 -12.4928
v -24.0465 -2.42453 6.40116
v -24.0954 -2.11727 7.23122
v -23.5969 -2.08876 8.86101
v -23.8764 -2.2942 9.81723
v -24.004 -1.35097 -12.6024
v -24.3346 -1.45578 -11.8012
v -24.5116 -1.4297 4.07111
v -24.3297 -1.41115 5.82468
v -23.9028 -1.6968 6.63164
v -23.5189 -1.22858 -13.3179
v -23.821 -1.10161 4.7354
v -23.4623 -1.27494 5.9516
v -23.7827 -0.45184 -12.6167
v -24.4087 -0.656262 -11.4797
v -24.2231 -0.654166 4.24205
v -23.6901 -0.39545 5.42795
v -23.9625 0.349904 -11.8504
v -24.3897 0.188038 -11.092
v -24.2564 0.115908 4.75408
v -23.4499 0.234744 5.13279
v -23.5096 0.497863 -12.6012
v -24.2864 1.05283 -10.6329
v -23.837 0.760237 4.41458
v -23.4175 1.40141 -12.1582
v -23.8535 1.23482 -11.3925
v -24.5408 1.68678 -9.36084
v -24.1828 1.22871 3.60652
v -23.4143 1.42519 4.08536
v -23.485 2.21375 -11.2656
v -24.1204 1.91742 -10.1146
v -23.8256 2.01519 2.94862
v -23.9023 2.76788 -9.54991
v -24.3089 2.52025 -8.78975
v -24.3947 2.90765 0.398808
v -24.2208 2.61845 1.39314
v -23.2826 2.54881 2.89594
v -23.4911 2.99254 -10.3185
v -24.0291 3.32685 -8.18557
v -24.4083 3.05047 -7.42213
v -24.4117 3.49484 -6.02405
v -24.601 3.48727 -3.84791
v -24.5923 3.30091 -1.68868
v -24.2173 3.3574 -0.315444
v -23.7457 3.28461 1.0067
v -23.2404 3.84143 -9.72116
v -23.6373 3.5936 -8.94987
v -23.8861 3.94923 -7.17391
v -24.3159 3.83668 -4.61205
v -24.2408 3.8854 -2.81705
v -24.0259 3.7873 -1.04753
v -23.5916 3.76056 0.306296
v -23.328 4.38558 -8.32317
v -23.8472 4.34293 -5.7605
v -23.8541 4.4501 -3.95667
v -23.5968 4.61361 -2.54049
v -23.5292 4.43425 -1.46715
v -23.423 4.21819 -0.412692
v -23.3381 4.82721 -6.91013
v -23.2617 5.16582 -5.48653
v -23.5685 4.81415 -4.72031
v -23.3547 5.01064 -3.29752
v -22.8426 -9.48067 6.38696
v -22.618 -9.49616 7.33554
v -22.4857 -9.57596 8.44644
v -22.7138 -9.6294 10.0836
v -22.4207 -9.69082 11.1834
v -22.1208 -9.42824 12.7087
v -22.7182 -8.76838 4.61214
v -22.2736 -9.10044 5.44751
v -22.7337 -9.22117 13.1488
v -22.3215 -8.8872 13.8577
v -22.4511 -8.19437 3.23032
v -22.3305 -8.46587 14.4331
v -22.152 -7.45528 -6.55989
v -22.5445 -7.57327 -5.19544
v -22.62 -7.66832 -3.76793
v -22.4706 -7.5627 -2.58096
v -22.5409 -7.46624 -1.22231
v -22.5399 -7.50924 0.213205
v -22.4317 -7.55096 1.52393
v -22.7454 -7.96373 14.8761
v -22.2751 -7.71601 15.1025
v -22.1348 -6.9126 -9.2431
v -22.5836 -7.09224 -8.14335
v -22.7459 -7.28568 -6.99795
v -22.6105 -7.27625 -2.99379
v -22.6822 -7.33502 2.00666
v -22.3538 -7.15993 2.9203
v -22.5145 -6.84192 15.5066
v -22.7562 -6.31658 -10.6736
v -22.6829 -6.54367 -9.94572
v -23.1859 -6.78826 -8.91703
v -22.316 -6.23095 15.6565
v -22.0562 -5.81569 -12.5557
v -22.5018 -6.00779 -11.4889
v -22.6288 -5.88999 15.6189
v -22.2187 -5.15341 -13.7039
v -22.7547 -5.33139 -12.5352
v -23.1522 -5.44064 -11.7726
v -21.9122 -5.01027 14.6218
v -22.4064 -5.29067 15.4692
v -22.0959 -4.40588 -14.9204
v -22.5769 -4.65607 -13.7685
v -23.1304 -4.86894 -12.6308
v -22.6236 -4.81163 14.4988
v -22.6798 -4.95992 15.3622
v -22.1023 -4.00406 -15.2815
v -22.886 -4.09534 -13.7672
v -22.4272 -3.8881 13.3373
v -22.811 -4.24954 13.9733
v -22.0995 -3.57408 -15.6117
v -22.9745 -3.37391 -14.0637
v -22.4671 -3.48916 12.5786
v -22.4171 -2.68143 -15.135
v -22.9382 -2.91279 -14.132
v -22.5665 -2.86196 11.2589
v -21.9501 -2.53446 -16.1534
v -22.1245 -2.40207 -15.6822
v -22.4132 -2.26884 7.08257
v -22.3114 -2.27423 10.0434
v -22.3484 -1.89665 -15.5496
v -22.9225 -1.93209 -14.3519
v -21.8984 -1.3325 5.08268
v -22.4539 -1.7555 7.43901
v -22.4537 -1.73476 8.6928
v -22.4997 -1.08192 -15.23
v -23.0298 -1.13225 -14.0345
v -22.7887 -1.09431 4.69352
v -22.5446 -1.0635 5.61775
v -22.3214 -0.152591 -15.3154
v -22.9064 -0.248459 -14.129
v -22.1267 -0.707917 4.78755
v -22.4443 -0.318887 5.85159
v -21.833 -0.0973545 -16.0504
v -22.6251 0.302491 5.45994
v -22.0604 0.830887 -15.3758
v -22.8873 0.666668 -13.7781
v -22.6318 0.944789 5.01934
v -22.5952 1.66606 -13.7453
v -22.9989 1.54586 -12.9429
v -22.2167 1.61395 4.72558
v -22.2136 1.7773 -14.5657
v -22.5879 2.17186 3.98885
v -22.2679 2.69018 -13.6487
v -22.8649 2.47547 -12.4409
v -22.5297 2.75789 3.41481
v -22.6932 3.39827 -11.8895
v -23.0836 3.20283 -11.0963
v -23.1811 3.08586 2.2598
v -22.4485 3.32535 2.8085
v -21.9272 3.74014 -13.505
v -22.3066 3.57438 -12.6927
v -22.8478 4.0765 -10.5013
v -22.7832 3.86296 1.56273
v -22.1212 4.51482 -12.106
v -22.4714 4.30005 -11.2952
v -22.946 4.65725 -9.09553
v -22.7876 4.59457 0.213218
v -22.2459 4.40524 1.51166
v -22.2 5.16809 -10.6666
v -22.5671 4.91774 -9.87562
v -22.9771 5.13669 -7.67716
v -23.0405 5.09553 -1.88722
v -22.3751 4.99223 0.161169
v -21.8403 5.40363 -11.4677
v -22.2458 5.72029 -9.22812
v -22.6102 5.433 -8.44925
v -22.7595 5.67501 -6.63471
v -22.8028 5.77226 -4.82235
v -22.8342 5.66211 -3.72627
v -22.8211 5.51687 -2.63788
v -22.1444 5.7107 -0.916753
v -21.9857 5.4163 0.125012
v -21.8905 5.99946 -10.0159
v -22.0612 6.32126 -8.1773
v -22.1596 6.49408 -6.34936
v -22.4897 6.13836 -5.58506
v -22.3109 6.32394 -4.15478
v -22.1458 6.1848 -2.35551
v -21.823 6.8413 -7.11798
v -22.0135 6.71267 -4.91368
v -21.2674 -9.28147 6.17391
v -21.4003 -9.53478 7.63054
v -20.7844 -9.59074 8.3124
v -20.9004 -9.71847 9.99757
v -21.1824 -9.75109 11.2854
v -21.0203 -9.3772 12.8544
v -21.3428 -8.67465 4.69735
v -20.9051 -8.98012 5.60422
v -21.0595 -8.9204 13.9259
v -21.0961 -8.02751 3.38613
v -21.0182 -8.34994 4.12671
v -21.0625 -8.50903 14.515
v -21.0682 -7.55159 -6.84755
v -21.1847 -7.67931 -5.6411
v -20.9922 -7.79153 -4.372
v -21.2741 -7.78483 -2.72849
v -21.0803 -7.72974 -1.85265
v -21.2194 -7.64931 2.73831
v -21.0876 -8.01677 14.9538
v -21.3634 -7.47148 15.2973
v -21.0174 -7.01199 -9.78253
v -21.3407 -7.26923 -8.32247
v -20.9653 -7.28011 -2.20941
v -21.0889 -7.30847 -1.20814
v -21.1449 -7.33419 -0.161343
v -21.1487 -7.30412 1.57681
v -21.1801 -7.08276 2.71228
v -21.2816 -6.97608 3.89042
v -21.2701 -6.87996 15.4437
v -20.7415 -6.26791 -13.4869
v -20.9676 -6.42328 -12.267
v -21.2907 -6.61351 -11.1033
v -20.8915 -6.80041 3.15385
v -20.5728 -6.77679 4.33936
v -21.0628 -6.27156 15.5615
v -20.7627 -5.70949 -15.4086
v -20.9091 -5.98344 -14.2267
v -21.5165 -5.99799 -12.936
v -20.899 -5.66057 15.4119
v -20.6884 -5.3149 -16.2836
v -21.264 -5.3468 -15.1929
v -21.6447 -5.53467 -13.964
v -21.0417 -5.28797 14.5811
v -21.1534 -5.16363 15.0018
v -20.8766 -4.70523 -16.78
v -21.6524 -4.87003 -15.3023
v -21.1845 -4.56932 14.2481
v -20.5028 -3.91545 -17.8164
v -21.1687 -4.11134 -16.7877
v -21.0344 -3.96653 13.2016
v -20.8159 -4.21851 13.5974
v -20.739 -3.21521 -17.7167
v -21.4231 -3.44681 -16.6856
v -21.2955 -3.29726 12.0565
v -21.2444 -3.69375 12.8244
v -21.3555 -2.91816 -16.9056
v -20.4849 -2.74693 7.85873
v -21.0532 -2.6103 10.5415
v -20.968 -2.99849 11.3314
v -20.824 -2.25454 -17.7688
v -21.6315 -2.10015 -16.4734
v -21.1739 -2.36734 7.27127
v -20.969 -2.06217 8.57941
v -21.1983 -2.3277 9.66668
v -20.7581 -1.38004 -17.5812
v -21.311 -1.76121 -16.8931
v -21.0612 -1.40504 5.07849
v -20.9142 -1.47994 5.97368
v -21.314 -1.66227 6.80004
v -20.5814 -1.20041 -17.807
v -21.5561 -1.06022 -16.6315
v -21.1681 -1.03288 5.84666
v -20.8072 -0.201838 -17.5122
v -21.3659 -0.174646 -16.8146
v -21.1776 -0.338441 6.1372
v -21.3643 0.32589 5.85144
v -21.0313 0.832173 -16.8991
v -21.3876 1.01531 5.51088
v -20.9241 1.87891 -16.4804
v -21.74 1.85985 -15.3489
v -21.7944 2.29914 4.4384
v -20.9872 1.71466 5.28759
v -21.3698 2.89228 -15.2332
v -21.3694 2.65063 4.37964
v -20.5633 2.95208 -16.3639
v -21.6916 3.5154 3.33307
v -20.9604 3.03253 4.36639
v -20.745 3.99742 -15.4482
v -21.514 3.88332 -14.309
v -21.6164 4.0939 2.727
v -20.9145 3.6608 3.8333
v -21.756 4.71317 -12.9178
v -21.533 4.65328 2.09054
v -20.8585 4.26904 3.26063
v -21.1352 4.96005 -14.115
v -21.4328 5.19461 1.42861
v -20.7979 4.857 2.65183
v -21.3012 5.74479 -12.6768
v -21.3177 5.71848 0.744283
v -20.7184 5.4269 2.01335
v -20.6585 6.01795 -13.8482
v -21.351 6.38626 -11.2085
v -21.6631 6.36665 -1.32765
v -20.859 6.36515 0.3476
v -20.6233 5.97927 1.34724
v -20.7942 6.7545 -12.4007
v -21.3714 6.93493 -9.74573
v -21.6979 7.09088 -5.67462
v -21.7885 6.81979 -3.48668
v -21.4636 6.82073 -2.0698
v -21.0432 6.71378 -0.681935
v -20.6423 7.49072 -11.3232
v -21.3304 7.3611 -8.28295
v -21.3753 7.4623 -6.43957
v -21.2033 7.62912 -4.99682
v -21.2369 7.45957 -3.90394
v -20.9503 7.4515 -2.48941
v -20.8649 7.18721 -1.41436
v -20.6281 7.98842 -9.8493
v -20.7282 8.19366 -7.98386
v -21.0545 7.8334 -7.20897
v -20.8939 8.02341 -5.75704
v -20.6778 8.10719 -4.31828
v -20.5879 8.42249 -6.52055
v -19.9455 -9.39511 7.2566
v -19.851 -9.55149 8.82102
v -19.2222 -9.46347 9.79103
v -19.7189 -9.5165 11.4793
v -19.736 -9.39138 12.3325
v -19.984 -8.78485 5.72119
v -19.268 -9.02798 6.96014
v -19.9118 -9.08693 13.011
v -19.8091 -8.8487 13.7908
v -19.8829 -8.27216 4.72095
v -19.3201 -8.37866 5.44192
v -19.8078 -8.43315 14.3774
v -19.8347 -7.48506 -8.10907
v -19.6446 -7.66909 -6.86187
v -19.6739 -7.82889 -5.21066
v -19.7242 -7.88991 -3.74749
v -19.7844 -7.8746 -2.48341
v -19.7986 -7.7602 -1.21187
v -19.0136 -7.69085 -0.222221
v -20.0901 -7.53101 3.35584
v -19.9796 -7.91124 4.0226
v -19.5844 -7.74995 14.3505
v -20.1018 -7.4706 15.1382
v -19.5264 -6.90677 -12.1568
v -19.7846 -6.97795 -11.1158
v -19.5676 -7.22119 -9.89484
v -19.9285 -7.38001 -8.7253
v -19.6363 -7.25329 -1.14527
v -19.628 -6.98045 0.253334
v -19.6129 -6.96108 1.48831
v -19.791 -7.00578 3.02001
v -19.4014 -7.40703 3.85932
v -19.4331 -6.87679 14.5802
v -20.115 -6.88656 15.0298
v -19.6312 -6.47209 -15.3235
v -19.6796 -6.65825 -14.0733
v -19.9508 -6.6706 -12.9719
v -19.8045 -6.71829 3.13833
v -19.6662 -6.43272 4.27066
v -19.2441 -6.22447 5.25081
v -19.2057 -6.27856 14.3892
v -19.8758 -6.28684 15.1801
v -19.3889 -5.94532 -16.7559
v -20.2434 -6.02991 -15.5674
v -19.8198 -5.84483 14.4971
v -19.4865 -5.12533 -17.8192
v -19.8078 -5.41289 -17.1467
v -19.354 -5.29545 14.2592
v -19.8272 -4.60261 -17.9788
v -19.9321 -4.68299 13.8541
v -19.4201 -4.21032 -18.5581
v -19.5406 -4.03994 12.558
v -19.69 -3.56891 -18.6201
v -19.1999 -3.49384 7.61583
v -19.4532 -3.50874 11.416
v -20.1164 -3.61565 12.1803
v -19.5534 -2.95706 -18.8701
v -20.3024 -2.75244 -18.2963
v -19.8513 -2.7842 7.23047
v -19.34 -2.81837 8.58163
v -19.8086 -2.92895 10.1817
v -19.0196 -2.38953 -19.3188
v -19.7818 -2.19212 -18.7786
v -19.3482 -1.95607 5.82448
v -19.8329 -2.30864 6.88263
v -20.0113 -2.38177 8.02101
v -19.1873 -1.55194 -19.1809
v -20.0911 -1.42737 -18.4941
v -19.8399 -1.53294 5.54328
v -20.0863 -1.92088 6.75059
v -20.0698 -0.920809 -18.2308
v -19.718 -1.12062 6.3481
v -19.0299 -0.20291 -18.9245
v -19.4615 -0.383285 -18.6314
v -19.4881 -0.453835 6.34839
v -19.6602 0.256224 6.21353
v -19.7191 0.800061 -18.2483
v -19.702 0.995021 6.02693
v -19.6533 1.87862 -17.8834
v -19.7349 1.72215 5.76156
v -19.7488 2.43122 5.41884
v -19.3158 2.96781 -17.758
v -19.96 2.97629 -17.0755
v -20.1532 3.10534 4.80186
v -19.3386 3.13455 5.21884
v -19.618 4.08912 -16.9057
v -19.7228 3.78954 4.54931
v -19.7016 4.43373 4.03608
v -19.168 5.19651 -16.6187
v -20.0496 5.12347 -15.5775
v -20.0479 5.01486 3.20307
v -19.303 5.09287 3.75471
v -19.6302 5.65433 2.8873
v -19.537 6.19022 -15.2643
v -20.1127 6.12296 -14.5673
v -19.9311 6.16654 1.95632
v -19.2247 6.2853 2.55852
v -19.8666 7.13934 -13.909
v -20.3863 6.98667 -13.1814
v -20.3958 7.01486 -0.0491594
v -19.5127 6.77598 1.59632
v -19.269 7.20428 -14.5838
v -20.2382 7.50388 -0.768671
v -19.6787 7.48163 0.242718
v -19.0808 7.38885 1.23125
v -19.6077 8.14221 -13.2479
v -20.0667 7.90563 -12.496
v -20.4023 8.08944 -2.89683
v -19.7546 8.093 -1.17067
v -19.8908 8.60424 -11.4113
v -19.9998 8.82931 -9.53906
v -20.3652 8.5096 -8.76166
v -20.2774 8.81506 -7.28932
v -20.2396 8.73993 -5.45024
v -19.9809 8.74054 -4.01424
v -19.676 8.65295 -2.59647
v -19.2006 8.69708 -1.5548
v -19.255 9.04538 -12.546
v -19.2463 9.49129 -11.0806
v -19.6195 9.1459 -10.312
v -19.7144 9.29451 -8.44732
v -19.784 9.35919 -6.59115
v -19.5645 9.41022 -5.13484
v -19.266 9.32218 -3.70369
v -19.149 9.79789 -9.59939
v -19.047 10.047 -8.12452
v -19.4009 9.6761 -7.35975
v -19.2413 9.80875 -5.89431
v -18.5491 -9.34389 8.93099
v -18.7996 -9.2916 10.1248
v -18.6023 -9.24148 11.2323
v -18.6432 -8.9299 7.51369
v -18.132 -8.88215 8.74753
v -18.5063 -9.17303 10.3758
v -18.4189 -8.98457 11.2971
v -18.8144 -8.68738 12.9763
v -18.6633 -8.26703 5.9719
v -17.9214 -8.38936 7.35886
v -17.6757 -8.58217 9.81381
v -18.1691 -8.34732 12.6299
v -18.6559 -8.2416 13.9524
v -18.3486 -7.47034 -9.16161
v -18.4362 -7.59449 -8.13517
v -18.2061 -7.75327 -6.85182
v -18.2796 -7.85883 -5.60665
v -18.3222 -7.93204 -4.13738
v -18.3558 -7.92009 -2.65745
v -18.4053 -7.83234 -1.39267
v -17.9621 -7.60272 0.22532
v -18.9512 -7.74175 4.77788
v -18.142 -7.74934 5.84519
v -18.3367 -7.79444 13.4073
v -18.4338 -7.54175 13.5719
v -18.2259 -6.93225 -15.1615
v -18.4118 -7.11352 -13.8007
v -18.2416 -7.22867 -12.3875
v -18.246 -7.28076 -11.0557
v -18.4718 -7.37489 -9.79967
v -18.452 -7.14801 0.100519
v -17.6911 -6.95314 1.12942
v -18.502 -7.16565 4.7441
v -17.766 -7.13952 5.84938
v -18.4328 -7.1897 13.9279
v -18.3409 -6.42228 -16.675
v -18.3029 -6.73686 -15.73
v -18.365 -6.61275 0.794659
v -18.1658 -6.45774 1.64126
v -18.7127 -6.51843 3.17885
v -18.478 -6.42621 4.34749
v -17.786 -6.28734 5.56331
v -18.7222 -6.62302 14.0701
v -18.2455 -5.81179 -18.1145
v -17.8327 -6.15647 3.26018
v -18.3201 -5.85588 4.71751
v -18.2141 -5.75354 5.68453
v -17.9868 -5.85011 13.3124
v -18.489 -5.93296 14.0899
v -17.9281 -5.04958 -19.0891
v -18.4245 -5.38197 -18.4932
v -17.9025 -5.29298 6.13826
v -17.7763 -5.12815 6.6806
v -18.2528 -5.24102 13.1302
v -18.1296 -4.5705 -19.3266
v -18.7586 -4.86903 -18.6499
v -17.8635 -4.89506 6.39644
v -17.9338 -4.68134 7.09872
v -17.9369 -4.53158 11.6496
v -18.681 -4.69533 12.8562
v -18.2713 -4.02021 -19.5006
v -17.7494 -3.81416 6.42789
v -18.2938 -4.09732 7.17158
v -17.9022 -4.11466 8.58146
v -17.9075 -4.08168 9.9699
v -18.4271 -4.02348 11.348
v -18.6865 -4.24513 12.1443
v -18.3658 -3.46059 -19.623
v -18.4531 -3.50493 7.17668
v -18.5914 -3.37534 8.80285
v -18.783 -3.44741 10.1413
v -18.398 -2.79464 -19.6805
v -17.9438 -2.88863 6.37768
v -18.933 -3.08745 6.98666
v -17.9858 -2.41316 -20.2961
v -18.3627 -1.94863 -19.6703
v -18.0637 -2.25287 5.79599
v -18.6337 -2.54564 6.53408
v -17.8121 -1.58948 -20.4818
v -18.4248 -1.76153 -19.7438
v -18.2823 -1.67 5.75571
v -18.3608 -0.788742 -19.7063
v -18.877 -1.20916 6.33981
v -18.1754 -0.21398 -19.7013
v -18.2454 -0.633338 6.40156
v -18.2413 0.110328 -19.5048
v -18.399 0.0970775 6.40174
v -18.1443 0.645089 -19.5188
v -18.0529 0.774812 6.41736
v -18.0979 1.53348 6.30009
v -18.0158 1.89994 -19.1907
v -17.7207 2.22563 6.25033
v -17.8147 2.73902 -19.0004
v -18.5295 2.34381 5.94081
v -17.7864 2.98037 -18.9177
v -18.6031 2.94452 -18.3727
v -18.1441 3.02147 5.81082
v -18.2007 4.10125 -18.0584
v -18.1454 3.74127 5.45642
v -18.5495 4.45541 4.79235
v -17.7699 4.41383 5.26815
v -17.7558 5.30198 -17.7275
v -18.4823 5.215 -17.2063
v -18.1661 5.10408 4.5459
v -18.1568 5.75053 4.01242
v -17.972 6.40756 -16.8573
v -18.9326 6.24483 -15.9324
v -18.5029 6.35443 3.14636
v -17.7669 6.38845 3.71946
v -18.11 6.9648 2.81006
v -18.3714 7.34943 -15.5833
v -18.3963 7.50108 1.85454
v -17.6968 7.57752 2.46574
v -17.7484 8.39301 -15.1967
v -18.6739 8.23253 -14.2277
v -18.957 7.91182 0.535547
v -18.287 8.04394 1.17227
v -18.5706 8.91389 -0.886279
v -18.4756 8.48588 0.142425
v -18.0044 9.18081 -13.84
v -18.6431 9.13354 -13.2075
v -18.9431 9.16452 -2.28282
v -18.0045 9.49383 -1.27136
v -17.922 9.08702 -0.224556
v -18.5441 9.92295 -12.1652
v -18.7589 10.1468 -10.3587
v -18.8721 10.1548 -6.65791
v -18.6547 10.1619 -5.20348
v -18.6792 9.90923 -4.10571
v -18.3643 9.74304 -2.67783
v -18.093 10.6643 -11.443
v -18.2536 10.7377 -9.63573
v -18.659 10.3908 -8.88466
v -18.5102 10.5271 -7.4173
v -18.2988 10.5348 -5.95954
v -18.0591 10.4706 -4.51109
v -17.7683 10.3126 -3.07615
v -17.8448 11.1371 -10.367
v -17.9109 11.0534 -8.54423
v -17.9316 10.9072 -6.71346
v -17.7098 10.8602 -5.26154
v -17.5759 -8.74517 11.078
v -17.2433 -8.28621 8.66497
v -17.1278 -8.2309 10.3013
v -17.3838 -8.26544 11.5238
v -17.5734 -8.05977 12.4553
v -16.9419 -7.47792 -13.6758
v -16.7236 -7.53088 -12.5279
v -16.7791 -7.52708 -10.9477
v -17.1281 -7.51641 -9.86349
v -17.0769 -7.65815 -8.36404
v -16.8051 -7.79154 -7.04736
v -16.693 -7.90607 -5.46878
v -17.1771 -7.94718 -4.35261
v -16.982 -7.92921 -2.68793
v -16.8912 -7.78453 -1.12692
v -17.235 -7.57818 0.0494636
v -17.1593 -7.68375 7.3125
v -16.6447 -7.68031 8.60158
v -16.4253 -7.56739 9.95226
v -16.7816 -7.60291 11.5874
v -17.4088 -7.75462 12.5153
v -17.1224 -6.83214 -16.2532
v -16.821 -7.15146 -15.2644
v -17.0736 -7.35405 -14.3039
v -16.5514 -7.40768 0.55361
v -16.6264 -7.09548 1.51204
v -17.0096 -7.17135 6.96264
v -16.3009 -6.94967 8.01052
v -16.2271 -7.06526 10.544
v -16.3839 -7.24025 11.0414
v -17.0706 -6.98782 12.3378
v -16.8186 -6.39261 -17.823
v -16.4658 -6.67429 -17.2594
v -16.7999 -6.62367 1.98179
v -17.2784 -6.67246 6.40862
v -16.5059 -6.46202 7.41474
v -16.2238 -6.21263 8.59714
v -16.4271 -6.44368 10.6319
v -16.3137 -6.58614 11.4805
v -17.2866 -6.47323 12.6384
v -16.7905 -5.88133 -19.4593
v -17.2917 -5.98846 -18.3953
v -16.6902 -6.04033 1.99236
v -17.1281 -5.81313 3.05327
v -17.4257 -6.07806 6.31642
v -16.772 -5.78171 7.64688
v -16.3882 -6.01645 8.27369
v -16.5699 -5.97338 11.2944
v -17.3359 -5.81081 12.5826
v -16.3137 -5.05829 -20.9131
v -17.071 -5.30711 -19.881
v -17.5954 -5.47554 -18.7094
v -16.9377 -5.34486 4.42808
v -17.2732 -5.42621 7.16041
v -16.5453 -5.17742 8.85584
v -16.5739 -5.20892 10.2107
v -17.0905 -5.31991 11.6289
v -16.6829 -4.63318 -20.9447
v -17.4293 -4.87915 -19.9033
v -16.733 -4.85775 5.09007
v -17.0016 -4.66519 5.62181
v -17.3068 -4.93377 7.5408
v -17.1067 -4.76412 8.44543
v -17.0595 -4.72601 9.83017
v -17.2598 -4.86039 11.157
v -16.7343 -4.06216 -21.2863
v -17.5211 -4.32222 -20.2437
v -16.7092 -4.106 5.72395
v -16.3158 -3.29603 -21.8949
v -17.2894 -3.60826 -20.887
v -16.8114 -3.36261 5.73901
v -17.2139 -2.91066 -21.1479
v -17.1059 -2.84877 5.48426
v -16.6256 -2.12342 -21.8413
v -17.3955 -2.24967 -21.0349
v -16.7197 -2.29896 5.60306
v -16.305 -1.38778 -21.8207
v -17.071 -1.51225 -21.3516
v -16.8643 -1.60581 6.14315
v -16.7638 -1.03822 -21.3626
v -17.0416 -0.89851 6.36623
v -17.3012 -0.384555 -20.6441
v -17.5905 -0.175208 -20.2667
v -16.7725 -0.255252 6.53056
v -17.5777 -0.0628705 6.48097
v -16.7851 0.688343 -21.0288
v -16.8419 0.515012 6.63007
v -16.8869 1.29587 6.6326
v -16.7538 1.75501 -20.6519
v -17.4618 1.78039 -19.9729
v -16.9159 2.07907 6.544
v -16.2593 2.82693 -20.6582
v -17.2484 2.79769 -19.5978
v -16.9445 2.85208 6.35884
v -17.5056 2.99789 -19.1026
v -16.5879 4.02143 -19.5895
v -16.9522 3.61575 6.08728
v -17.1605 4.35592 -18.5828
v -16.984 4.35143 5.73132
v -16.2482 5.22259 -19.1594
v -16.9238 4.87901 -18.3465
v -16.6154 5.04631 5.54992
v -16.7658 5.57693 -18.2011
v -17.0211 5.74354 4.81738
v -16.2457 5.73449 5.33758
v -16.6332 6.40825 4.55332
v -16.5999 6.86894 -17.5403
v -16.6515 7.04044 3.96942
v -17.4213 7.6096 -16.5082
v -16.618 7.65402 3.35623
v -16.6394 7.88493 -16.9048
v -17.6013 8.14048 1.79878
v -16.9014 8.21129 2.4146
v -16.3267 8.84611 -16.2069
v -17.0871 8.58069 -15.7783
v -17.1127 8.73331 1.42882
v -16.691 9.44573 -15.0305
v -17.3643 9.27883 -14.4608
v -17.2565 9.22582 0.429428
v -16.573 9.34445 1.07189
v -16.9497 10.1111 -13.7322
v -17.6011 10.0286 -13.1224
v -17.4269 10.0695 -1.66062
v -16.6953 9.81131 0.0517946
v -16.2688 10.2601 -14.2961
v -17.1689 10.8221 -12.4096
v -17.4515 10.7364 -3.82033
v -17.1424 10.5271 -2.39447
v -16.6409 10.4737 -1.35558
v -16.5091 10.889 -13.012
v -17.5398 11.2682 -7.46164
v -17.3407 11.2373 -6.01067
v -16.7969 11.255 -4.22076
v -16.8293 10.961 -3.13395
v -17.0216 11.5024 -11.3827
v -17.0526 11.8339 -9.99102
v -16.9076 11.8197 -8.55855
v -16.7379 11.7852 -7.11977
v -16.5391 11.7069 -5.68032
v -16.2066 12.188 -10.9864
v -16.24 12.4489 -9.60549
v -15.3805 -7.5562 -13.8791
v -15.2533 -7.77864 -12.3882
v -15.5193 -7.70964 -11.2777
v -15.5979 -7.69575 -9.69758
v -15.6293 -7.76368 -8.15104
v -15.3248 -7.85938 -6.8018
v -15.3377 -7.92455 -5.50876
v -15.6055 -7.96178 -3.84318
v -15.6764 -7.92423 -2.57866
v -15.4466 -7.78773 -1.27071
v -15.5201 -7.54508 -0.0594774
v -15.4671 -6.8482 -17.6048
v -15.6803 -6.95167 -16.6721
v -15.4937 -7.22858 -15.4504
v -15.5387 -7.08484 1.27391
v -16.2005 -7.25638 9.13452
v -16.1508 -6.91753 10.1716
v -15.3792 -6.4238 -19.428
v -15.69 -6.59383 -18.4756
v -15.6208 -6.66207 2.1451
v -15.4062 -6.27256 2.6229
v -16.1273 -6.35823 8.88129
v -16.0602 -6.61431 9.63533
v -15.4522 -5.75915 -20.7335
v -15.6145 -6.03756 -20.175
v -15.5072 -5.7382 2.9307
v -16.1226 -5.6645 9.22331
v -16.176 -5.72235 10.112
v -15.0508 -5.12493 -21.8714
v -15.5642 -5.47083 -21.0429
v -15.7158 -5.25267 3.37872
v -15.0883 -4.62278 -22.2503
v -15.775 -4.88435 -21.5799
v -15.5491 -4.7972 4.05315
v -15.3992 -4.18431 -22.2323
v -15.3868 -4.09324 4.68712
v -15.2603 -3.54881 -22.5052
v -15.5209 -3.42812 4.97513
v -15.752 -2.81516 -22.3302
v -15.6983 -2.77101 5.38094
v -15.2383 -2.05436 -22.6069
v -15.7243 -1.94693 5.95477
v -15.655 -1.76382 -22.2749
v -14.9099 -1.93111 6.28448
v -15.8481 -1.30209 -22.2784
v -15.8622 -1.20635 6.32787
v -15.0392 -1.19598 6.64617
v -15.6565 -0.370466 -22.3055
v -15.5502 -0.43304 6.76972
v -15.6133 0.359131 6.95953
v -15.3691 0.617873 -22.2647
v -15.3077 1.66164 -21.8886
v -15.6481 1.16702 7.05342
v -16.0382 1.72739 -21.2925
v -15.6725 1.97667 7.0453
v -14.8062 2.69022 -21.8259
v -15.5453 2.77364 -21.2642
v -15.697 2.77699 6.93123
v -15.3637 3.87857 -20.9445
v -15.7239 3.55954 6.72129
v -16.1853 4.30694 6.19045
v -15.3556 4.3214 6.63882
v -15.0718 4.98166 -20.5092
v -15.6928 5.06849 -19.8557
v -15.4013 5.05935 6.27115
v -15.4379 5.77379 5.83964
v -15.3383 6.26225 -19.3596
v -15.4554 6.46611 5.35567
v -16.1024 6.90364 -17.8886
v -15.5163 7.10902 4.79604
v -14.9843 7.46941 -18.8245
v -15.487 7.7516 4.21451
v -15.4121 7.81393 -18.0714
v -15.7222 8.15601 -17.1749
v -15.7924 8.33182 3.31027
v -15.6749 8.92787 2.66798
v -15.2213 9.22176 -16.6789
v -15.8721 9.45228 1.70116
v -15.1543 9.55301 2.31685
v -15.5468 9.85731 -15.6547
v -15.3173 10.0502 1.32886
v -15.5264 10.4828 -14.7614
v -15.7767 10.4483 -0.00952692
v -15.4523 11.1139 -13.8103
v -16.1924 11.1522 -2.45434
v -15.6915 11.0899 -1.41967
v -15.1693 10.9991 -0.401765
v -15.6856 11.6289 -12.5678
v -15.8024 11.8659 -4.27205
v -15.5282 11.6569 -2.85474
v -14.8688 11.4575 -1.12618
v -14.8108 12.2053 -12.1099
v -15.5165 12.1597 -11.5614
v -15.6444 12.6517 -10.2563
v -16.0917 12.3527 -8.19864
v -15.6982 12.4473 -7.13216
v -15.5113 12.3206 -5.71231
v -15.0891 12.3459 -4.65968
v -14.836 12.143 -3.25097
v -14.9661 12.6592 -10.8421
v -15.0621 13.0524 -9.53449
v -15.32 12.9129 -8.52414
v -14.8472 12.8668 -6.78047
v -13.7782 -7.47174 -15.0405
v -13.8592 -7.53389 -14.2121
v -13.9971 -7.77598 -12.8367
v -13.9608 -7.85381 -11.0652
v -13.8926 -7.82478 -9.68994
v -14.3759 -7.81388 -8.40289
v -14.2463 -7.87695 -7.0527
v -13.9296 -7.92938 -5.68509
v -13.9402 -7.94989 -4.38127
v -14.2145 -7.91358 -2.71278
v -14.2956 -7.7955 -1.45857
v -14.0822 -7.54923 -0.180547
v -13.7404 -6.95963 -19.1956
v -14.3341 -7.04748 -18.0915
v -14.1126 -7.26853 -16.7564
v -14.3923 -7.31439 -15.2004
v -14.21 -7.2644 0.77962
v -14.1108 -7.01988 1.35548
v -14.1115 -6.37211 -20.6818
v -14.4512 -6.65771 -19.6121
v -14.0051 -6.74185 1.91385
v -13.916 -6.40561 2.43913
v -14.2627 -5.9222 -21.3094
v -13.9903 -5.85877 3.2001
v -13.7514 -5.25093 -22.3366
v -14.6748 -5.42462 3.45798
v -13.9629 -5.20583 3.90956
v -13.9166 -4.66658 -22.7581
v -13.8888 -4.63149 4.58471
v -13.4157 -3.92018 -23.3287
v -14.2792 -4.29422 -22.8134
v -14.4583 -3.86881 4.7971
v -13.8237 -3.82224 5.17281
v -14.1597 -3.69477 -23.1075
v -13.7461 -3.5987 5.44239
v -13.8344 -2.75051 -23.3448
v -14.6724 -2.68983 -23.0311
v -14.7442 -2.63242 5.85632
v -14.0319 -2.09898 -23.4127
v -14.5256 -2.42132 -23.0026
v -14.0192 -2.54214 6.38067
v -14.1563 -1.85755 6.77337
v -14.074 -1.29396 -23.3966
v -14.753 -1.19641 -22.903
v -13.8704 -1.11338 7.33194
v -13.7523 -0.431834 -23.4282
v -14.5076 -0.341287 -22.9868
v -13.9368 -0.358103 7.58214
v -14.3826 0.401818 7.53956
v -13.5681 0.441196 7.9663
v -14.1987 0.578203 -22.9934
v -14.1593 1.5651 -22.6735
v -14.4054 1.19863 7.63279
v -13.5763 1.2347 8.04739
v -14.4145 2.00156 7.63667
v -13.5679 2.03417 8.04708
v -14.0359 2.59952 -22.3326
v -14.4318 2.79932 7.54486
v -13.5764 2.82891 7.96024
v -13.8579 3.66466 -21.9848
v -14.038 3.59763 7.57461
v -13.6139 4.7405 -21.5774
v -14.094 4.36239 7.3126
v -14.3703 4.88046 -21.0822
v -14.1538 5.10791 6.97964
v -13.6781 5.87336 -20.83
v -14.6213 5.81396 6.33766
v -13.7957 5.85225 6.8308
v -14.3726 5.99625 -20.2644
v -14.248 6.53741 6.13352
v -13.6789 6.99875 -19.9904
v -14.7339 7.16574 5.33311
v -14.3669 7.20858 -19.4409
v -13.9413 7.21689 5.8672
v -13.6399 8.15478 -19.1017
v -14.7132 7.81955 4.77643
v -13.9296 7.87978 5.33227
v -14.476 8.58263 -18.1132
v -14.2737 8.48404 4.47055
v -13.4975 9.25774 -18.0661
v -13.9776 9.58098 -17.3513
v -14.562 9.05884 3.56529
v -13.8039 9.13256 4.1514
v -14.4467 10.0848 -16.4048
v -14.6769 10.2108 -16.0183
v -14.2428 10.1994 2.25632
v -14.0497 9.68223 3.22046
v -13.6699 10.7211 -16.1721
v -14.7498 10.7851 -15.1457
v -14.3819 10.6758 1.25873
v -13.5073 10.2817 2.86142
v -13.9825 11.089 -15.4301
v -14.2982 11.4331 -14.4435
v -14.4775 11.1179 0.238635
v -13.7697 11.2208 0.867653
v -13.5104 11.7487 -14.8486
v -14.203 11.9032 -13.5305
v -14.1927 11.9499 -1.53036
v -13.8292 11.6322 -0.163296
v -14.069 12.318 -12.5988
v -14.438 12.5209 -3.97963
v -14.169 12.2907 -2.58545
v -13.4849 12.4153 -1.93211
v -13.5246 12.7738 -11.8887
v -13.9727 12.8765 -11.0336
v -14.3953 13.1023 -10.1332
v -14.3599 13.2316 -7.46179
v -14.1351 12.9937 -5.62276
v -14.0072 12.8783 -4.69853
v -13.7697 12.6677 -3.3117
v -13.7977 13.4655 -9.43053
v -14.1262 13.4448 -8.46716
v -13.7021 13.3908 -6.76741
v -12.7725 -7.42699 -17.5958
v -12.7236 -7.51715 -16.7244
v -12.6459 -7.65935 -15.3113
v -12.9245 -7.60348 -13.8044
v -12.4919 -7.7763 -12.4372
v -12.5271 -7.94599 -10.8419
v -12.856 -7.88295 -9.53555
v -12.6192 -7.88202 -8.3597
v -12.8118 -7.90502 -6.80852
v -12.6772 -7.93284 -5.23239
v -12.3673 -7.92027 -3.85846
v -12.832 -7.88195 -2.72106
v -12.7561 -7.72367 -1.14087
v -13.1716 -7.49957 0.0149806
v -12.6566 -6.97812 -19.4211
v -12.7636 -7.29233 -18.3298
v -12.4952 -7.35576 0.55961
v -12.6356 -7.03714 1.48611
v -12.5504 -6.35334 -21.1522
v -12.9688 -6.69187 -20.2238
v -12.6719 -6.47322 2.7001
v -12.8914 -5.8733 -21.89
v -13.1023 -6.1773 -21.3487
v -12.4884 -6.17329 3.38991
v -12.541 -5.71096 4.14831
v -12.6763 -5.34428 -22.6712
v -12.8878 -5.21518 4.63176
v -12.7288 -4.6588 -23.2679
v -12.4522 -4.61909 5.5792
v -12.6724 -4.12169 -23.594
v -12.6926 -4.03135 5.96537
v -12.4753 -3.31364 -23.9187
v -12.6769 -3.67416 5.95535
v -12.32 -3.18604 6.91454
v -12.9893 -2.96553 -23.7248
v -13.0854 -3.14218 6.45802
v -12.4399 -2.21778 -24.124
v -12.8845 -2.50679 7.07981
v -12.8814 -1.39183 -23.8836
v -12.9966 -1.81285 7.45954
v -12.6851 -1.07715 7.99118
v -12.5464 -0.57116 -23.9344
v -12.7313 -0.315109 8.23335
v -12.9912 0.415155 -23.58
v -12.7472 0.468296 8.38604
v -12.5471 1.33374 -23.4973
v -12.7384 1.26328 8.45179
v -12.709 2.06227 8.44621
v -12.4366 2.34268 -23.1882
v -13.2465 2.49712 -22.7955
v -12.7072 2.85582 8.36428
v -12.6886 3.46728 -22.6832
v -12.744 3.63783 8.20615
v -12.486 4.52566 -22.3259
v -12.8104 4.40434 7.97432
v -12.8854 5.15461 7.67634
v -12.0232 5.18286 8.12668
v -12.2164 5.57243 -21.8654
v -12.9568 5.73995 -21.3641
v -12.5356 5.90262 7.5549
v -12.6362 6.78711 -20.832
v -12.6103 6.61646 7.14818
v -13.1375 7.26196 6.39541
v -12.3208 7.29982 6.91409
v -12.6329 7.88674 -19.9686
v -12.73 7.95236 6.14976
v -12.2532 8.84643 -19.3059
v -12.7114 8.59746 5.59723
v -12.901 9.01779 -18.703
v -13.0338 9.19483 4.72875
v -12.2509 9.2436 5.29668
v -12.4671 9.94223 -17.951
v -12.5336 9.81269 4.3947
v -12.6493 10.5737 -17.0427
v -13.2971 10.8108 2.18266
v -12.7582 10.3502 3.45724
v -12.5458 11.0585 -16.4573
v -12.9728 11.3554 -15.703
v -12.6783 11.3435 1.79093
v -12.5548 10.8813 2.78559
v -13.1195 11.7949 -15.034
v -12.7581 11.7721 0.777369
v -12.0244 11.8434 1.39117
v -12.8801 12.3217 -14.3081
v -13.3106 12.5155 -13.0433
v -12.6672 12.4136 -0.839696
v -12.4317 12.2043 0.0600766
v -12.2858 12.819 -13.6986
v -12.4056 13.0746 -12.5777
v -12.9565 13.1658 -11.1883
v -12.9921 13.0781 -3.70081
v -12.7342 12.8403 -2.33445
v -12.2897 13.4106 -11.0817
v -12.7772 13.5506 -9.63446
v -12.8326 13.7401 -8.38268
v -12.8025 13.723 -7.08055
v -12.6906 13.5838 -5.75081
v -12.5185 13.3996 -4.40418
v -10.6799 -8.18111 18.7631
v -10.9963 -8.26405 20.0524
v -11.4289 -7.61338 -16.4466
v -11.3922 -7.76868 -15.4124
v -11.285 -7.83463 -14.1948
v -11.4488 -7.80702 -12.2554
v -11.1166 -7.85702 -11.2712
v -11.3093 -7.94378 -9.74209
v -11.0147 -7.89809 -8.1116
v -11.3334 -7.8949 -7.02125
v -11.3918 -7.90935 -5.67453
v -11.2553 -7.89589 -4.0934
v -11.5235 -7.84379 -2.6103
v -11.2711 -7.71201 -1.27406
v -11.3589 -7.51906 -0.0441544
v -10.8825 -7.7713 18.7024
v -10.8727 -7.61128 20.2282
v -11.0173 -7.70042 21.1103
v -10.8164 -7.67429 22.0121
v -11.3621 -7.04969 -19.2748
v -11.4282 -7.34649 -17.9002
v -11.4689 -7.08877 1.62217
v -10.8226 -6.81163 2.70069
v -10.6878 -6.97636 17.3575
v -11.1149 -7.15055 18.962
v -11.3546 -7.12332 19.7893
v -10.9246 -6.91976 21.6467
v -10.6343 -7.09075 22.3762
v -11.4107 -6.27263 -21.6987
v -11.3942 -6.62371 -20.7238
v -11.309 -6.49975 3.31112
v -10.6344 -6.24842 15.7757
v -10.9134 -6.39314 17.0769
v -11.2662 -6.36835 18.4596
v -11.3757 -6.44348 19.516
v -11.3987 -6.6249 21.1298
v -11.2701 -6.64309 22.533
v -11.3321 -5.85395 -22.6217
v -11.4254 -5.93299 4.37575
v -10.7876 -5.74718 10.4517
v -10.9474 -5.73991 11.3369
v -10.7985 -5.81751 12.6854
v -10.745 -5.85276 14.4876
v -10.8444 -5.64594 16.0247
v -11.0167 -5.88088 17.0704
v -11.271 -6.02436 18.248
v -11.6583 -5.86717 20.083
v -11.8219 -5.88783 21.2286
v -11.2285 -6.00642 22.8285
v -11.5331 -5.31147 -23.3237
v -11.279 -5.3167 5.37466
v -10.9443 -5.22035 10.031
v -11.1586 -5.15627 11.3396
v -11.0573 -5.09907 13.0909
v -10.9362 -5.24352 14.2325
v -10.8517 -5.43971 15.549
v -11.1447 -5.37805 17.262
v -11.2071 -5.27142 18.7484
v -11.7047 -5.35645 20.1346
v -11.7186 -5.19786 20.9424
v -11.4309 -5.32524 22.7285
v -10.9605 -5.36886 23.4761
v -11.4474 -4.7352 -23.8931
v -11.2344 -4.68336 6.0953
v -10.8037 -4.69161 7.8495
v -11.0098 -4.72528 8.71399
v -11.171 -4.49535 10.3604
v -11.1789 -4.66704 11.4422
v -11.1245 -4.83481 12.5749
v -11.0139 -4.69752 14.5209
v -10.8525 -4.71699 15.8699
v -10.8464 -4.67048 17.425
v -11.3791 -4.93661 18.0252
v -11.3071 -4.56198 19.8152
v -11.5323 -4.65624 21.2212
v -11.4754 -4.61789 22.4918
v -10.8146 -4.67775 23.6518
v -10.8301 -3.83087 -24.7003
v -11.9356 -4.30326 -23.9063
v -11.2358 -3.8724 7.38799
v -11.1389 -4.06745 8.64839
v -11.192 -4.2467 9.75296
v -11.3018 -3.99492 11.9139
v -10.9796 -3.88559 13.1225
v -10.9297 -4.17149 14.3712
v -10.6754 -3.91945 16.0219
v -10.6935 -4.34441 16.6858
v -10.8932 -4.07743 18.5059
v -10.9075 -4.16431 19.7786
v -11.127 -4.04647 21.7318
v -10.9138 -3.8686 22.212
v -10.9562 -3.6907 -24.6226
v -11.6218 -3.53986 -24.3
v -11.9722 -3.6523 6.45232
v -11.4481 -3.69707 6.8685
v -11.1667 -3.44054 8.64213
v -11.2503 -3.64289 9.96724
v -11.272 -3.58946 11.2039
v -11.1362 -3.44151 12.4815
v -10.895 -3.63546 14.2571
v -11.1908 -3.08086 -24.6758
v -11.3127 -2.92978 7.41782
v -10.7425 -2.89768 8.61723
v -10.9142 -2.93167 10.2495
v -10.8248 -2.85021 11.4637
v -10.813 -2.85556 12.976
v -11.3215 -2.39298 -24.7632
v -11.6803 -2.47692 7.60287
v -10.8528 -2.14484 8.11222
v -10.9994 -1.67925 -24.8984
v -11.734 -1.53682 -24.4627
v -11.5074 -1.72717 8.44581
v -10.6295 -0.90377 -24.9202
v -11.3754 -0.74733 -24.4962
v -11.5522 -0.992855 8.76026
v -11.5454 -0.228751 8.95687
v -11.373 0.156629 -24.2803
v -11.5116 0.549157 9.04232
v -11.3169 1.10636 -24.0101
v -11.4542 1.32718 9.01206
v -11.2083 2.07737 -23.7025
v -11.3845 2.11466 8.99503
v -11.3678 2.89962 8.92692
v -11.0513 3.07327 -23.3669
v -11.8727 3.27872 -23.043
v -11.4106 3.67603 8.79691
v -11.2719 4.20647 -22.8667
v -11.4935 4.44056 8.602
v -10.6195 5.08587 -22.5771
v -11.1484 5.20346 8.56369
v -11.4354 5.359 -22.2822
v -11.2505 5.94227 8.25828
v -10.7505 6.22234 -21.938
v -11.5402 6.50565 -21.5839
v -11.3642 6.6478 7.87977
v -11.2303 7.54124 -21.0492
v -11.4899 7.31943 7.41985
v -10.6438 7.31398 7.90967
v -11.0822 7.99889 7.20164
v -10.9049 8.56545 -20.4808
v -11.592 8.72527 -19.9085
v -11.511 8.64923 6.41623
v -10.701 8.6456 6.94363
v -10.8839 9.56662 -19.5044
v -11.0491 9.27581 6.1263
v -11.5334 9.67432 -18.8889
v -11.3644 9.87149 5.25118
v -11.1361 10.5226 -18.1302
v -11.6079 10.4211 4.33282
v -10.735 11.2769 -17.326
v -11.6789 11.185 3.03754
v -11.0301 10.9722 3.96499
v -11.319 11.4409 -16.6623
v -11.8261 11.637 -15.943
v -11.2768 11.8979 1.99604
v -10.7946 11.471 3.2874
v -11.3544 12.284 -15.0393
v -11.7003 12.2741 0.677583
v -10.9551 12.327 1.2861
v -11.1536 13.0051 -13.7665
v -11.635 13.2387 -13.0273
v -11.9453 13.2309 -2.72797
v -11.3025 13.0034 -1.07011
v -11.3382 12.6714 -0.0408384
v -11.246 13.4869 -12.6265
v -11.2611 13.7242 -11.2282
v -11.7495 13.7662 -9.8194
v -11.3542 13.6941 -4.10195
v -10.9872 13.4558 -2.44643
v -11.067 13.9355 -9.73473
v -11.494 13.9772 -8.27692
v -11.4981 14.0108 -7.02844
v -11.4317 13.9283 -5.74515
v -9.49373 -9.34741 19.9733
v -9.4162 -8.85693 18.7307
v -10.3582 -8.88977 20.0515
v -9.74738 -8.94856 21.2544
v -9.26919 -8.84518 22.112
v -10.1444 -8.42708 18.567
v -10.5052 -8.39799 21.2625
v -9.78652 -8.36785 22.4294
v -10.0854 -7.5195 -16.7492
v -10.0257 -7.70287 -15.2325
v -9.93132 -7.81877 -13.8979
v -9.80646 -7.91567 -12.448
v -10.3708 -7.84336 -11.014
v -9.7739 -7.83725 -9.9044
v -9.77865 -7.88364 -8.59346
v -9.9694 -7.86786 -6.8149
v -9.68094 -7.84521 -5.41184
v -10.1723 -7.85821 -4.35787
v -10.0657 -7.79641 -2.79899
v -9.90795 -7.66184 -1.20737
v -10.0493 -7.48751 0.148583
v -9.79305 -7.6774 16.9652
v -9.95887 -7.85803 22.9085
v -9.84519 -7.02682 -19.7158
v -9.87361 -7.30008 -18.1375
v -9.29651 -7.39138 0.639006
v -10.2249 -7.21957 1.42683
v -9.57405 -6.97243 2.52511
v -9.28943 -6.98351 11.3812
v -9.47271 -6.88669 12.6795
v -9.73806 -7.03255 14.798
v -9.67083 -7.19352 15.6429
v -10.1902 -7.07712 16.4971
v -10.2751 -7.25486 23.0752
v -9.73646 -7.36134 23.6934
v -9.34044 -6.26725 -23.2998
v -9.97769 -6.46341 -22.0274
v -10.1456 -6.67673 -21.1181
v -9.71896 -6.69172 3.41851
v -10.2202 -6.38935 4.03731
v -9.24576 -6.52478 10.0118
v -10.0157 -6.41255 11.1953
v -10.0476 -6.49074 12.6836
v -10.1717 -6.51902 14.2867
v -10.1831 -6.74422 15.6995
v -10.1614 -6.75249 23.8416
v -9.83658 -5.8192 -23.8359
v -10.0582 -6.14265 -22.8678
v -10.3275 -5.97154 4.85129
v -9.45461 -5.78987 5.80515
v -9.73265 -5.85479 8.93995
v -10.1555 -6.02643 10.0062
v -10.4514 -6.05655 12.2575
v -10.1451 -6.11856 24.1801
v -9.81911 -5.26901 -24.7647
v -10.3932 -5.2607 -24.0218
v -10.1942 -5.2914 6.05485
v -9.42711 -5.23309 6.64688
v -10.1593 -5.29809 8.25516
v -10.0706 -5.45142 24.4573
v -10.1586 -4.70639 -24.8611
v -9.53351 -4.97808 6.47954
v -10.2107 -4.6525 6.86282
v -10.2377 -4.72881 24.3385
v -9.59531 -4.78683 24.9626
v -10.0285 -4.01432 -25.1422
v -10.4488 -3.7649 17.1974
v -10.2547 -4.00471 24.0668
v -9.3414 -4.08161 25.0631
v -9.84288 -3.42893 -25.6078
v -10.5652 -3.33458 13.5432
v -10.5136 -3.51231 15.3466
v -10.2017 -3.27951 17.123
v -10.2937 -3.55489 18.4443
v -10.4348 -3.44989 19.9773
v -10.2754 -3.25891 21.2164
v -10.2395 -3.43685 22.6796
v -9.818 -3.35295 23.9729
v -9.90331 -2.71502 -25.61
v -10.2905 -2.76293 12.2756
v -10.3175 -2.92591 14.3505
v -10.0984 -2.96223 15.8373
v -9.83908 -2.82891 17.036
v -9.68511 -2.87019 18.6211
v -9.48545 -2.6913 19.8607
v -9.36945 -2.74068 21.4738
v -9.40661 -3.06719 23.1531
v -10.0222 -2.25129 -25.364
v -10.1143 -2.2313 9.04029
v -10.0066 -2.18651 10.2183
v -10.2082 -2.18373 11.7981
v -9.99339 -2.36896 13.1434
v -9.58681 -2.28758 14.4659
v -9.67827 -2.3299 15.7303
v -9.2579 -2.35069 17.5662
v -10.1898 -1.79717 -25.1724
v -10.4543 -1.5576 8.82876
v -9.45213 -1.56704 9.50464
v -9.76693 -1.8504 11.1532
v -9.61754 -1.8241 12.4406
v -9.689 -1.78096 13.867
v -9.84503 -1.05848 -25.2543
v -9.76173 -1.23897 8.80647
v -10.0649 -0.801395 9.89854
v -9.43931 -0.274562 -25.2394
v -10.2113 -0.0918475 -24.8661
v -9.94788 -0.0467075 9.9666
v -9.74003 0.737698 -24.757
v -10.5194 0.931518 -24.3746
v -9.81701 0.696552 9.87085
v -9.216 1.56989 -24.596
v -9.67962 1.34425 9.47611
v -10.0012 1.78594 -24.2285
v -10.0222 2.13918 9.46023
v -9.83716 2.74665 -23.8652
v -9.99355 2.9134 9.42639
v -10.0441 3.843 -23.322
v -10.0467 3.68319 9.34008
v -10.1524 4.4449 9.19423
v -9.24905 4.40158 9.56594
v -9.80887 4.81876 -22.8839
v -10.2637 5.2005 8.98826
v -9.39011 5.14447 9.38657
v -9.94957 5.93515 -22.2583
v -9.96357 5.90047 8.91576
v -9.27081 6.75412 -21.9133
v -10.0616 7.05831 -21.577
v -10.0922 6.60905 8.56773
v -9.78578 7.27271 8.38561
v -9.75815 8.04295 -21.0356
v -9.83111 7.95595 7.95517
v -9.43457 8.93955 -20.4009
v -9.87557 8.60789 7.45652
v -10.1868 9.35141 -20.0469
v -9.82162 9.24888 6.93265
v -9.46291 10.0455 -19.562
v -10.1683 9.8697 6.08363
v -10.1685 10.3272 -19.0534
v -10.0334 10.4429 5.47161
v -9.78234 11.0844 -18.2608
v -10.2496 10.9861 4.5431
v -9.458 10.9756 5.11316
v -10.0053 11.8702 -16.7828
v -10.1304 11.9428 2.88875
v -9.62557 11.4832 4.16187
v -9.30805 12.3429 -16.215
v -10.1549 12.5157 -15.1874
v -10.1976 12.3623 1.88739
v -9.42855 12.3792 2.48247
v -9.99093 13.1047 -13.8895
v -10.0763 12.9712 0.294436
v -9.83889 12.7547 1.17434
v -9.84202 13.6494 -12.5746
v -10.4144 13.8251 -11.7625
v -10.2211 13.8667 -3.48276
v -10.014 13.6556 -2.17506
v -9.84007 13.486 -1.29756
v -10.3318 13.8807 -11.9089
v -9.96127 14.0191 -11.2541
v -9.77796 14.1933 -9.80631
v -10.1262 14.2116 -8.16306
v -10.1437 14.2279 -6.96019
v -10.1953 14.1319 -5.40779
v -9.64841 14.0844 -4.14388
v -9.4867 13.9082 -2.86078
v -8.66962 -9.33776 19.0583
v -8.5336 -9.67037 19.8162
v -8.33586 -9.46958 21.3661
v -8.45578 -9.07938 18.8446
v -8.99662 -9.22486 21.4852
v -8.23756 -8.90662 22.8245
v -8.60079 -8.28441 16.9035
v -8.80735 -8.45793 23.1965
v -8.09043 -8.48335 23.6393
v -7.94471 -7.49139 -17.4788
v -8.75079 -7.53201 -16.6363
v -8.4573 -7.67594 -15.2219
v -8.33789 -7.781 -13.6242
v -8.71831 -7.83862 -12.8024
v -8.56195 -7.88612 -11.0397
v -8.89466 -7.78127 -9.34747
v -8.33063 -7.75295 -8.59225
v -8.68458 -7.80753 -7.08911
v -8.45549 -7.77731 -5.70841
v -8.616 -7.75279 -3.92794
v -8.49897 -7.68719 -2.59709
v -8.4539 -7.59033 -1.31292
v -8.805 -7.48661 -0.107793
v -8.24213 -7.50474 13.1796
v -8.47081 -7.64561 14.5684
v -8.7381 -7.73354 15.6803
v -8.6709 -7.70651 24.1993
v -8.62993 -6.97537 -21.0414
v -8.43395 -7.25175 -19.3202
v -8.39612 -7.38518 -18.1806
v -8.03878 -7.37559 0.376599
v -8.79434 -7.21933 1.47767
v -8.55783 -6.96174 2.64773
v -7.86449 -6.9418 10.7271
v -8.53053 -7.22829 11.4139
v -8.51444 -7.27522 12.5952
v -9.08849 -7.13316 13.9952
v -9.15259 -6.83376 24.649
v -8.42895 -6.86898 25.1262
v -8.23727 -6.44678 -23.6286
v -8.61641 -6.68699 -22.4826
v -8.05695 -6.78564 3.4372
v -8.51156 -6.48417 4.46165
v -8.36866 -6.31997 5.19129
v -8.78154 -6.3445 9.30241
v -8.33448 -6.67433 9.99205
v -8.44579 -6.57861 11.32
v -8.77338 -6.21951 25.2606
v -8.42686 -5.88802 -24.7821
v -8.72715 -6.00407 -24.111
v -8.51582 -6.02792 6.02126
v -8.56132 -5.78478 6.98608
v -8.65313 -5.99044 8.46068
v -8.64611 -5.24366 -25.4556
v -8.61604 -5.37621 7.09226
v -8.68767 -5.55204 25.5645
v -8.28157 -4.4553 -26.0378
v -8.70482 -4.52864 -25.6547
v -8.53093 -4.85773 25.7903
v -8.17571 -3.85884 -26.5741
v -8.87258 -4.28999 -25.6591
v -8.28692 -4.14976 25.9149
v -7.82047 -3.25246 -26.7608
v -8.61592 -3.55935 -25.8834
v -8.60335 -3.43059 25.3038
v -8.74199 -2.92752 -26.0554
v -9.15011 -2.61031 22.713
v -8.48718 -2.87672 24.0074
v -8.39885 -2.26762 -26.1881
v -9.06622 -2.16559 13.4875
v -8.95492 -2.00245 16.8656
v -8.90738 -2.26676 18.809
v -8.57032 -2.16839 20.0815
v -8.61882 -2.29884 21.041
v -8.26915 -2.31913 22.6251
v -8.41249 -1.47511 -26.1229
v -8.88065 -1.58481 10.221
v -9.15074 -1.50763 11.7962
v -8.96323 -1.53795 13.0884
v -8.56379 -1.69485 14.5585
v -8.5198 -1.50778 15.7959
v -8.25513 -1.61479 17.3904
v -8.21213 -1.76824 18.3708
v -8.19134 -1.89878 19.3587
v -7.80659 -1.86246 20.6315
v -9.14052 -1.27234 -25.7097
v -8.98425 -1.01802 9.20258
v -8.20468 -1.16514 10.1074
v -8.25046 -1.15043 11.4905
v -8.48319 -1.23263 12.4433
v -8.18483 -1.18024 14.2099
v -7.95138 -1.29711 16.659
v -7.95632 -0.712299 -26.0361
v -8.69937 -0.495134 -25.6441
v -8.84001 -0.653643 10.6028
v -7.98047 -0.550333 10.9847
v -8.21073 0.297879 -25.5163
v -8.66784 0.0955085 10.5934
v -8.96726 0.532267 -25.1358
v -8.47938 0.789455 10.3203
v -8.43969 1.34224 -24.9653
v -8.34198 1.2425 9.63251
v -7.86878 2.14222 -24.7395
v -8.64124 2.04646 9.8132
v -8.64772 2.39276 -24.3843
v -8.59546 2.82179 9.83653
v -8.43964 3.32901 -23.9559
v -8.66547 3.59337 9.81873
v -8.60288 4.4046 -23.3412
v -8.36156 4.2959 9.90024
v -8.34767 5.34278 -22.8642
v -8.51535 5.04028 9.75134
v -9.14749 5.6401 -22.563
v -8.66731 5.77243 9.52099
v -8.47491 6.42602 -22.2078
v -8.80874 6.48879 9.2145
v -7.95003 6.35734 9.61116
v -8.07424 7.06641 9.27193
v -8.58178 7.51293 -21.5114
v -8.53676 7.47608 8.86331
v -7.8848 8.183 -21.0401
v -8.9892 7.87777 8.4299
v -8.66254 8.54597 -20.7168
v -8.61099 8.48996 8.19563
v -8.33857 9.38609 -20.0597
v -8.98651 9.19466 7.45355
v -8.16369 9.0962 7.96035
v -8.00691 10.17 -19.3659
v -8.55308 9.76068 7.1524
v -8.74158 10.6211 -19.0139
v -8.82648 10.3889 6.30301
v -8.01109 10.3113 6.84358
v -8.03172 11.1091 -18.4257
v -8.25462 10.904 5.95382
v -8.73482 11.5842 -18.023
v -8.0182 11.9925 -17.4123
v -8.52286 11.7717 4.38175
v -8.68963 12.2627 -16.8607
v -8.25519 12.365 3.36645
v -7.98464 12.6659 -16.2529
v -8.57928 12.9246 -15.1874
v -8.51403 13.1742 -14.3194
v -8.5491 13.0054 1.49561
v -8.29576 12.7683 2.36637
v -8.45792 13.3837 -13.6483
v -8.67613 13.6883 -12.6383
v -8.5151 13.7094 -0.955055
v -8.61705 13.4348 0.0479706
v -8.85474 14.135 -10.9157
v -8.35169 14.3352 -9.60876
v -8.60205 14.3928 -8.32829
v -8.75093 14.3893 -6.88256
v -8.83034 14.3205 -5.38508
v -8.6037 14.1981 -3.84119
v -8.45408 14.0351 -2.58017
v -7.98592 13.9473 -1.64258
v -7.09559 -9.25787 18.885
v -7.09308 -9.40901 19.5356
v -7.13185 -9.73277 21.3715
v -7.01005 -9.39322 22.4172
v -7.09033 -8.79762 17.348
v -7.62105 -9.21408 18.875
v -7.12201 -8.91526 23.4161
v -7.16512 -8.20746 15.5133
v -7.34194 -8.55485 16.7313
v -6.94304 -8.47678 24.1913
v -6.63348 -7.45405 -19.4332
v -7.36356 -7.47976 -18.1711
v -7.07295 -7.59993 -16.9356
v -6.94774 -7.70068 -15.4497
v -7.24603 -7.77183 -13.8966
v -7.12351 -7.82073 -12.5352
v -7.00392 -7.83894 -11.172
v -7.32063 -7.8289 -9.65349
v -7.57703 -7.70867 -7.93328
v -6.81738 -7.58456 -6.83481
v -6.96064 -7.63901 -5.56365
v -7.39702 -7.66619 -4.48625
v -7.00705 -7.55219 -2.67921
v -7.14137 -7.46636 -1.1837
v -7.56936 -7.43199 -0.390667
v -6.86454 -7.4239 11.6642
v -7.08823 -7.67228 13.08
v -7.36864 -7.83076 14.1893
v -7.50957 -8.00383 24.5829
v -7.0533 -7.64215 25.1725
v -6.47454 -6.91408 -23.3554
v -7.09598 -7.04532 -22.2566
v -7.09037 -7.23301 -20.9783
v -7.45445 -7.30775 -19.9212
v -7.02699 -7.27651 0.467484
v -7.08 -7.10333 1.64358
v -7.51876 -6.92775 2.74739
v -6.67595 -6.85164 10.4587
v -7.18975 -7.09488 11.5528
v -6.8573 -7.05052 12.3984
v -7.27899 -6.88476 25.7482
v -6.62331 -6.24865 -25.4207
v -7.13287 -6.59731 -23.9644
v -6.74052 -6.79093 3.18195
v -6.95318 -6.55631 4.38636
v -7.24037 -6.27379 5.86904
v -7.62518 -6.35691 8.96426
v -7.15459 -6.63564 9.69541
v -7.64032 -6.25745 25.9451
v -6.83711 -6.24909 26.3334
v -7.16338 -5.92634 -25.3107
v -7.02781 -5.86596 7.10242
v -7.43847 -5.87352 8.2947
v -7.5427 -5.59233 26.2639
v -7.04507 -5.31035 -26.3549
v -7.54339 -5.35001 -25.5681
v -7.68963 -5.40747 6.80247
v -6.72429 -5.58017 26.6503
v -7.25486 -4.62925 -26.3212
v -7.6498 -4.92202 -25.8951
v -6.96335 -4.8931 26.6961
v -7.00208 -3.99566 -26.7601
v -7.13561 -4.19826 26.6289
v -6.96007 -3.32175 -26.7902
v -7.54534 -3.47804 26.1605
v -6.76746 -3.64828 26.2428
v -6.99464 -2.66435 -26.9192
v -7.23544 -2.77355 24.6253
v -6.77188 -2.82391 25.1362
v -7.00666 -2.00441 23.1118
v -7.04006 -2.26165 24.0323
v -7.27669 -1.77049 -26.5892
v -7.12797 -1.51273 15.4505
v -7.03507 -1.3496 19.1648
v -6.99823 -1.51082 20.1648
v -7.20284 -1.78121 21.5152
v -6.57372 -1.76739 22.3944
v -6.81814 -1.04329 -26.5349
v -7.0732 -0.947301 10.2621
v -6.97944 -0.985799 11.533
v -7.51076 -0.87979 12.7768
v -7.05839 -1.07838 14.2691
v -7.39419 -0.972147 15.5167
v -6.92691 -0.987285 16.7641
v -7.07085 -1.21273 18.1605
v -6.68677 -0.165381 -26.2215
v -7.08274 -0.492568 11.1481
v -6.45898 -0.624232 13.0415
v -7.45507 0.0634575 -25.8876
v -7.32772 0.226523 11.0787
v -7.29309 0.965043 -25.5069
v -6.9307 0.875165 10.3341
v -7.45536 1.1292 9.71344
v -7.09908 1.87353 -25.0894
v -7.2592 1.86854 10.0801
v -6.49312 2.634 -24.798
v -7.26533 2.92238 -24.4638
v -7.18973 2.64558 10.1814
v -6.86317 3.31391 10.3425
v -7.02753 3.82335 -23.9794
v -6.59666 3.97267 10.4546
v -6.77105 4.71376 -23.4672
v -7.12411 4.43531 10.2856
v -7.55508 5.0307 -23.1612
v -7.64157 4.89715 10.0811
v -6.89359 5.7608 -22.7874
v -7.37111 5.54684 10.0493
v -7.68182 6.10753 -22.5121
v -7.09274 6.19062 9.97863
v -7.39913 6.99016 -21.958
v -7.21915 6.90912 9.67593
v -6.87115 7.527 9.52346
v -7.10356 7.82109 -21.3476
v -7.34233 8.30174 8.90415
v -6.49551 8.13593 9.3438
v -6.79885 8.61616 -20.7051
v -6.91318 8.89029 8.67755
v -6.48649 9.38233 -20.0453
v -6.89874 9.52836 8.16461
v -7.25078 9.77273 -19.7148
v -7.18779 10.2077 7.37205
v -6.55134 10.2664 -19.1532
v -7.3029 10.6547 -18.7874
v -7.03908 10.7813 6.77709
v -6.60356 11.0607 -18.182
v -7.22867 11.3521 5.87255
v -7.3261 11.5053 -17.8096
v -6.62781 11.8486 -17.1794
v -7.37002 11.871 4.92761
v -6.56246 11.8004 5.49907
v -6.96958 12.4671 -16.4484
v -7.06446 12.3101 4.2433
v -6.95233 13.0693 -15.2728
v -7.11774 13.1019 2.24822
v -7.11399 12.7282 3.25112
v -6.922 13.4393 -13.9874
v -7.17181 13.7712 -12.5445
v -7.36495 13.7105 -0.0561439
v -7.07153 13.4248 1.24217
v -7.1093 14.0828 -11.1809
v -7.05778 14.3213 -9.79023
v -7.01536 14.4322 -8.2034
v -7.32564 14.4723 -6.80393
v -7.31224 14.4524 -5.64501
v -7.35796 14.3583 -4.15791
v -7.10149 14.2133 -2.62915
v -6.93408 14.0398 -1.37697
v -6.44969 13.9335 -0.447226
v -5.81819 -9.26429 18.9142
v -5.81842 -9.36311 19.9052
v -5.62492 -9.73097 21.1858
v -5.92345 -9.38879 22.6969
v -5.40365 -8.79638 17.3577
v -5.79887 -9.03769 18.0535
v -5.03633 -9.2363 19.2517
v -5.26822 -9.17014 23.2842
v -5.93322 -8.85709 23.8545
v -5.83264 -8.07698 14.6011
v -5.68164 -8.36711 15.8282
v -5.40813 -8.55178 16.4981
v -5.74235 -8.42203 24.6341
v -5.69355 -7.47531 -20.3833
v -5.63058 -7.55186 -19.4848
v -5.71106 -7.63461 -18.0252
v -5.78385 -7.70405 -16.5678
v -5.43979 -7.7684 -15.2885
v -5.94425 -7.79775 -13.9803
v -5.75714 -7.83169 -12.2207
v -5.64639 -7.82582 -11.0624
v -5.76417 -7.80026 -9.78366
v -5.44614 -7.72101 -8.2397
v -6.15224 -7.55201 -6.66883
v -5.63761 -7.45387 -5.69304
v -6.11758 -7.51968 -4.1646
v -5.92698 -7.61156 12.8358
v -5.48379 -7.83258 13.8798
v -5.67845 -7.7694 25.5129
v -5.55489 -7.05789 -23.5032
v -5.94332 -7.18373 -22.4437
v -5.73574 -7.37837 -21.2666
v -5.69374 -7.36517 -5.7878
v -5.22302 -7.39966 -4.11368
v -5.56312 -7.3884 -2.80417
v -5.84419 -7.29847 -1.08955
v -5.78383 -7.16958 0.159519
v -5.45141 -6.9697 1.38058
v -6.20673 -6.88337 2.47876
v -5.73749 -7.0392 11.6022
v -5.63717 -7.24305 12.7991
v -5.17747 -7.39019 26.0759
v -5.66607 -6.84062 26.4259
v -5.76365 -6.53051 -25.2107
v -6.06433 -6.76517 -24.3902
v -5.69379 -6.66733 3.26377
v -5.46766 -6.40651 4.38444
v -6.29433 -6.33503 5.42116
v -6.05287 -6.22675 7.12794
v -5.66699 -6.30737 9.22305
v -5.8321 -6.61159 10.0479
v -6.00833 -6.22473 26.671
v -5.57252 -5.8436 -26.236
v -5.52737 -6.19543 5.85658
v -5.67037 -5.89957 7.10657
v -5.79954 -6.04245 8.55987
v -5.15632 -6.18059 26.9538
v -5.88615 -5.29368 -26.5491
v -5.44513 -5.53056 27.1053
v -5.66791 -4.86407 -26.8516
v -5.69206 -4.8594 27.2068
v -5.53481 -3.77724 -27.4364
v -5.92422 -4.29872 -27.1838
v -5.87026 -4.16581 27.1531
v -5.10865 -3.19306 -27.5737
v -6.30996 -3.58729 -27.234
v -5.5813 -3.50561 26.9785
v -5.87417 -2.98181 -27.347
v -5.78356 -2.81099 25.3826
v -5.70324 -2.9877 26.3346
v -5.41732 -2.3292 -27.3633
v -6.15673 -2.08369 -27.0688
v -5.73473 -2.04647 24.1421
v -5.68761 -1.38668 -27.0166
v -6.36336 -1.4111 16.0196
v -5.56743 -1.4048 16.5247
v -6.14146 -1.51968 21.6801
v -5.50055 -1.59091 22.5314
v -6.23599 -0.744573 10.3121
v -5.78775 -0.924847 14.4122
v -5.71927 -1.00814 15.6754
v -5.73727 -0.889364 17.2397
v -5.62321 -0.959245 18.4886
v -5.76819 -1.16008 19.9131
v -5.73348 -1.30648 20.9304
v -5.55829 -0.547841 -26.7094
v -5.7038 -0.516242 11.2642
v -5.53079 -0.60017 12.9322
v -5.38635 0.311929 -26.3309
v -5.49835 0.301155 11.5016
v -6.14322 0.587804 -26.0158
v -5.69942 0.804563 9.8521
v -5.73494 0.78106 10.797
v -5.94595 1.46415 -25.5863
v -5.88053 1.61043 10.2478
v -5.34894 2.28495 10.5121
v -5.72275 2.34047 -25.1189
v -6.26517 2.47738 10.3645
v -5.09456 3.0503 -24.7631
v -5.86523 3.36513 -24.4596
v -5.53133 3.02218 10.637
v -5.2224 4.0605 -24.0769
v -5.7241 3.76502 10.6743
v -5.99384 4.39149 -23.7754
v -5.90861 4.51133 10.6316
v -5.05513 4.27426 10.8496
v -5.33915 5.06829 -23.3678
v -6.08235 5.25537 10.5099
v -5.23336 5.02062 10.7685
v -6.1133 5.41531 -23.0758
v -5.39052 5.76438 10.6136
v -5.8356 6.25967 -22.5114
v -5.87808 6.24736 10.352
v -5.54675 7.07445 -21.9179
v -6.36592 6.72095 10.0494
v -6.32188 7.46613 -21.6522
v -5.60124 7.22994 10.1056
v -5.63431 8.07461 -21.1811
v -5.64975 7.94099 9.75716
v -5.72048 8.97084 -20.3398
v -5.65329 8.6314 9.35135
v -5.03274 9.44887 -19.7861
v -5.63261 9.29359 8.88264
v -5.79358 9.86242 -19.4837
v -6.35655 10.0816 7.88733
v -5.51909 9.93409 8.39165
v -5.10909 10.2485 -18.877
v -5.86066 10.6554 -18.5431
v -5.81678 10.6009 7.57388
v -5.54186 11.2047 -17.7407
v -5.59712 11.1468 6.97695
v -5.22407 11.7117 -16.9221
v -5.74777 11.7086 6.06413
v -5.93889 12.1406 -16.5334
v -5.25733 12.3819 -15.8735
v -5.76184 12.492 4.5553
v -5.44889 12.164 5.398
v -5.6136 12.8867 -15.0953
v -5.92862 13.0401 3.13346
v -5.62485 13.3693 -13.8832
v -5.62709 13.7296 -12.59
v -6.19926 13.6844 0.836245
v -5.65301 13.515 1.77995
v -5.09804 13.3318 2.72167
v -5.61907 14.0177 -11.244
v -5.60662 14.2478 -9.85765
v -5.59953 14.3971 -8.43607
v -5.6866 14.4314 -6.80036
v -5.86031 14.4649 -5.59434
v -5.92598 14.4197 -4.14874
v -5.69841 14.3151 -2.66152
v -5.56514 14.1799 -1.43971
v -5.38365 13.9965 -0.189684
v -4.6392 -9.29915 20.407
v -4.19902 -9.47535 21.3531
v -4.58442 -9.36988 22.6016
v -4.24987 -8.90724 18.4444
v -4.27024 -9.17656 19.6218
v -3.94353 -9.14286 20.8248
v -4.26672 -8.91246 23.7293
v -4.46281 -8.15798 15.6143
v -4.24707 -8.50786 17.0104
v -3.88441 -8.61489 24.2981
v -4.49558 -8.29622 24.9332
v -4.18061 -7.43002 -22.0954
v -4.24145 -7.55064 -20.8348
v -4.4083 -7.64327 -19.4891
v -4.0463 -7.73816 -17.9039
v -4.34016 -7.766 -16.7761
v -4.63407 -7.78589 -15.6567
v -4.23491 -7.82076 -14.0614
v -4.35813 -7.8271 -12.7213
v -4.32713 -7.81639 -11.1541
v -4.18678 -7.76823 -9.66276
v -4.10243 -7.68317 -8.18525
v -4.21385 -7.56074 -6.67747
v -4.49963 -7.50253 -6.02382
v -4.76748 -7.49939 13.3804
v -3.96916 -7.65681 14.6417
v -3.91104 -7.95221 15.4784
v -4.26589 -7.82959 25.6944
v -4.15975 -6.98203 -24.6033
v -4.45798 -7.11255 -23.951
v -4.5978 -7.30653 -22.7625
v -4.85942 -7.31665 -4.99673
v -4.04102 -7.14857 -4.00791
v -4.06898 -7.14693 -2.73653
v -4.4593 -7.10863 -1.29657
v -4.36841 -6.91546 0.460484
v -4.41562 -6.94505 12.9654
v -4.27184 -7.19456 13.8919
v -4.32238 -7.32136 26.3034
v -4.24892 -6.4193 -26.42
v -4.32428 -6.67748 -25.4685
v -4.31449 -6.72112 1.85519
v -4.38246 -6.53459 2.9965
v -4.15114 -6.23737 4.12752
v -4.59139 -6.31596 9.9405
v -4.46489 -6.55672 11.3598
v -3.88322 -6.51857 12.4843
v -3.67299 -6.61345 13.6448
v -4.02082 -6.69159 26.6966
v -4.27954 -5.90054 -26.5069
v -3.67551 -5.93741 4.89646
v -4.65733 -6.05707 5.67989
v -4.39674 -5.83169 7.13153
v -4.28804 -5.93482 8.56248
v -3.70708 -5.95504 9.64337
v -4.28502 -6.12022 27.1734
v -3.69501 -5.09208 -27.3744
v -4.52322 -5.07201 -27.2019
v -3.93993 -5.48953 7.45862
v -4.1257 -5.44793 27.3962
v -4.40044 -4.59796 -27.521
v -4.36733 -4.78444 27.5135
v -4.37919 -4.12457 -27.9871
v -4.71586 -3.85823 -27.207
v -4.11586 -4.08687 27.5728
v -4.10637 -3.42626 -27.7179
v -3.92289 -3.16847 26.2187
v -4.10896 -3.27101 26.4922
v -4.2578 -2.62884 -27.5119
v -4.41599 -3.0641 25.9729
v -4.06906 -3.08734 26.5763
v -4.45532 -2.03466 24.4911
v -4.21114 -2.3334 25.1789
v -4.18338 -1.88643 -27.5507
v -4.93669 -1.64123 -27.287
v -4.08993 -1.38562 15.8114
v -4.14616 -1.67587 16.9029
v -4.02762 -1.35098 21.8323
v -4.64275 -1.61522 22.9831
v -4.01353 -1.80777 23.7701
v -3.66914 -1.19507 -27.3919
v -4.42137 -0.935498 -27.1246
v -4.46178 -0.853962 14.1891
v -4.60432 -1.10591 15.0754
v -4.29055 -1.05332 16.9672
v -4.19771 -1.03772 18.713
v -4.54488 -1.04246 19.561
v -4.34093 -1.23261 21.0059
v -3.86352 -0.232448 -26.8856
v -4.37449 -0.553924 11.697
v -4.0304 -0.625158 12.962
v -4.62115 0.0494545 -26.6237
v -3.9585 0.387466 9.97379
v -4.06819 0.0699075 11.7181
v -4.41455 0.893665 -26.1839
v -4.82678 0.607259 9.90983
v -4.37633 0.64982 10.8968
v -4.49788 1.31395 10.3407
v -4.56857 1.89053 -25.5622
v -4.44265 2.07177 10.6259
v -4.32371 2.73245 -25.047
v -4.22576 2.66511 10.8325
v -3.68419 3.38353 -24.6274
v -4.43804 3.39759 10.9221
v -4.45318 3.72376 -24.3628
v -4.2164 4.00579 11.0259
v -4.18712 4.5353 -23.787
v -3.91299 5.32362 -23.1902
v -4.06723 4.98081 11.0462
v -4.67797 5.69964 -22.9213
v -4.20703 5.73205 10.9259
v -4.01335 6.28112 -22.4384
v -4.68137 6.24779 10.6995
v -4.77785 6.67628 -22.1774
v -4.7658 6.98575 10.4569
v -3.9414 6.71027 10.7775
v -4.48699 7.43958 -21.5518
v -4.40143 7.5774 10.3316
v -4.18611 8.1794 -20.9166
v -3.99695 8.16365 10.1867
v -4.94712 8.61243 -20.6649
v -4.39742 8.6344 9.78807
v -4.26641 9.06298 -20.0962
v -4.34305 9.30586 9.35308
v -4.35371 9.83456 -19.1847
v -3.67725 10.1681 -18.566
v -4.24371 9.94551 8.86463
v -4.42747 10.5866 -18.2566
v -4.59908 10.3523 8.34693
v -3.75075 10.8805 -17.6218
v -4.49208 11.2969 -17.2857
v -4.36849 10.9212 7.78626
v -4.18118 11.76 -16.4528
v -4.28515 11.6564 6.7831
v -4.23336 12.384 -15.3983
v -4.4653 12.271 5.63315
v -4.18484 13.0419 -13.9606
v -4.32162 12.904 4.30944
v -4.35313 13.5996 -12.4471
v -4.88547 13.8719 0.737266
v -4.35639 13.7134 1.67251
v -4.05882 13.4062 2.96004
v -4.38898 13.9217 -11.1351
v -4.4179 14.1649 -9.76812
v -4.44384 14.3303 -8.35579
v -4.47114 14.4075 -6.90629
v -4.40059 14.3618 -5.57316
v -4.24735 14.3834 -4.18568
v -4.25197 14.3398 -2.67373
v -3.99688 14.2201 -1.18272
v -4.31161 14.0445 0.0641456
v -3.49537 -8.65841 18.2653
v -2.9998 -8.86574 19.9378
v -2.97431 -8.82681 21.5914
v -3.00983 -9.02269 22.7543
v -2.82769 -8.74384 23.6086
v -3.32176 -8.25291 17.0816
v -2.6096 -8.34239 18.4045
v -2.34668 -8.56557 22.1639
v -2.68941 -8.28567 24.3167
v -3.23147 -8.0925 25.1106
v -2.21416 -7.42189 -23.121
v -2.77268 -7.47373 -22.355
v -3.11576 -7.57142 -21.2632
v -2.77565 -7.68683 -19.6947
v -2.91307 -7.74329 -18.3295
v -2.86799 -7.78708 -16.7103
v -2.97932 -7.80199 -15.33
v -2.95195 -7.80699 -14.0187
v -2.74796 -7.78705 -12.4654
v -3.00437 -7.77332 -11.0406
v -2.85649 -7.7094 -9.48728
v -2.78045 -7.63374 -8.23415
v -2.74632 -7.52626 -7.00136
v -3.18789 -7.80329 15.918
v -2.64813 -7.80574 16.7003
v -2.9142 -7.77848 25.464
v -2.72773 -6.96999 -24.9591
v -2.89497 -7.18142 -23.7531
v -2.73505 -7.35899 -5.4761
v -3.09128 -7.06713 -3.75559
v -2.96324 -6.89309 -2.86945
v -3.1885 -6.89645 -1.39168
v -3.58846 -6.83926 -0.114977
v -3.02909 -7.02383 14.5795
v -2.59453 -7.27343 15.6087
v -2.68266 -7.40102 25.6447
v -3.01474 -7.10711 26.4675
v -3.01559 -6.43613 -26.4226
v -2.98404 -6.55527 -25.2511
v -2.71683 -6.76352 -24.0215
v -2.77582 -6.76477 -2.69488
v -2.25752 -6.69577 -1.6251
v -2.6373 -6.64398 -0.0739849
v -2.76704 -6.48745 1.37733
v -3.08605 -6.34493 2.72358
v -3.27695 -6.24459 13.0559
v -3.05525 -6.50747 14.3206
v -2.85263 -6.3927 15.2796
v -2.21016 -6.35142 25.8434
v -2.88811 -6.49993 26.2567
v -2.40163 -5.70869 -27.5323
v -2.92241 -6.00569 -27.143
v -3.43519 -6.16519 -25.785
v -2.56539 -6.07195 3.53217
v -2.73074 -5.86628 4.44517
v -3.20553 -5.67382 5.67255
v -3.20191 -5.71739 8.53524
v -3.00606 -5.82352 10.1742
v -3.08177 -5.92992 11.1753
v -2.85003 -5.8831 12.4723
v -2.68013 -5.88999 14.2355
v -2.41204 -5.93673 15.8278
v -2.98923 -6.02958 27.1165
v -2.83691 -5.19175 -27.5428
v -2.7403 -5.40886 6.43355
v -2.90336 -5.40765 7.49404
v -2.55438 -5.53583 8.50969
v -2.57088 -5.39756 9.66463
v -2.43826 -5.48141 11.922
v -2.37198 -5.49351 13.0797
v -2.32052 -5.45459 14.2454
v -2.81823 -5.3585 27.3461
v -2.88574 -4.68998 -28.0168
v -2.21185 -4.93307 7.98983
v -2.63894 -4.6781 27.4398
v -3.0212 -4.09278 -28.0502
v -2.46267 -3.90951 26.8079
v -2.8577 -3.43214 -28.0681
v -3.0874 -3.52567 26.5379
v -3.39582 -2.96053 -28.1197
v -2.35292 -2.78745 17.2601
v -2.93327 -2.83318 25.9914
v -3.10802 -2.21009 -27.7397
v -2.61023 -2.13483 15.869
v -3.03223 -2.24212 17.2925
v -2.80606 -2.08145 24.293
v -2.8589 -2.40135 25.1798
v -2.55696 -1.57635 -27.6365
v -2.47191 -1.6017 14.587
v -3.18175 -1.68763 15.7102
v -2.88131 -1.63414 17.3516
v -2.79072 -1.54096 18.3835
v -2.64357 -1.48187 19.7829
v -2.84926 -1.42955 21.3789
v -2.99115 -1.64508 22.7933
v -2.33582 -0.781087 -27.2928
v -2.86344 -0.724857 12.1073
v -2.63904 -0.905714 13.1571
v -3.22445 -1.06093 14.1542
v -3.48535 -1.23909 18.045
v -3.32248 -1.2412 20.155
v -3.10736 -0.509483 -27.1387
v -3.20657 -0.295713 12.0526
v -2.47309 -0.592628 12.3141
v -2.89051 0.304375 -26.6964
v -2.66717 0.0196215 10.0723
v -2.75236 0.119724 11.4135
v -3.11111 0.970662 10.3459
v -3.03731 1.27079 -26.085
v -2.69797 1.5566 10.7221
v -2.79136 2.07538 -25.5531
v -3.56361 1.82586 10.6944
v -2.95384 2.25148 10.9384
v -3.5573 2.40434 -25.3106
v -2.3834 2.647 11.1256
v -2.91932 3.0351 -24.8709
v -2.8929 3.17481 11.1637
v -2.65741 3.80834 -24.277
v -3.09005 3.91694 11.2302
v -2.38957 4.55747 -23.6655
v -3.58061 4.45492 11.1664
v -3.15098 4.94219 -23.4413
v -2.60134 5.0934 11.3539
v -2.87546 5.6817 -22.8093
v -3.05272 5.6461 11.2125
v -2.59504 6.39184 -22.1604
v -2.73431 6.23884 11.1958
v -3.34852 6.80987 -21.9208
v -2.7739 6.99474 11.0065
v -3.06108 7.50295 -21.2538
v -2.37508 7.5835 10.926
v -2.76886 8.15649 -20.5678
v -2.76115 8.09865 10.594
v -3.50885 8.63252 -20.3577
v -2.84531 8.98938 -19.7423
v -3.15247 8.59661 10.2185
v -3.59694 9.42356 -19.4806
v -2.53845 9.28487 10.0689
v -2.59441 9.87969 -18.5348
v -2.51509 9.95965 9.80416
v -2.38101 9.97368 11.3846
v -3.0054 10.456 -17.9314
v -2.34033 10.7022 -17.2803
v -2.84065 10.5049 8.81308
v -2.71063 10.522 10.0884
v -2.68394 10.55 11.6895
v -2.38991 10.7072 12.1642
v -2.75009 11.2429 -16.6396
v -3.28861 11.281 7.73208
v -2.46139 11.2509 8.68385
v -2.74908 11.0697 10.0248
v -2.91498 11.1427 11.4427
v -2.43899 11.1791 12.3239
v -2.8268 11.868 -15.6277
v -2.99695 11.7816 7.11271
v -2.31162 11.7927 8.60866
v -2.79792 11.5878 10.1067
v -2.87796 11.7412 11.5233
v -2.39678 11.7053 12.3107
v -3.22394 12.3674 -14.9131
v -2.58465 12.5233 -14.2089
v -2.81525 12.4154 6.04363
v -2.30897 12.2721 8.39486
v -2.73202 12.2852 10.1137
v -2.53813 12.3861 11.7535
v -3.29574 12.9004 -13.7935
v -2.67085 13.0218 -13.0687
v -3.08872 13.1462 4.20126
v -3.10737 12.7596 5.19513
v -2.34347 12.9631 8.62834
v -2.61813 13.0835 10.2577
v -2.53064 13.0234 11.5081
v -3.06206 13.4012 -12.231
v -3.13686 13.7584 -10.9598
v -2.25712 13.8364 -9.81298
v -3.29557 13.7661 1.91476
v -2.75657 13.5847 2.85381
v -2.21468 13.3878 3.79974
v -2.26814 13.5012 8.90128
v -2.45019 13.5567 10.022
v -2.4161 13.5564 11.263
v -3.20544 14.033 -9.62485
v -2.96096 14.1762 -8.31063
v -3.02621 14.3027 -6.88543
v -2.80342 14.3264 -5.26627
v -3.02361 14.2874 -4.00926
v -2.62131 14.2776 -2.77178
v -2.54046 14.2196 -1.2065
v -3.21049 14.0534 0.325513
v -2.72239 13.9357 1.23712
v -2.25471 13.9731 10.2092
v -2.34149 13.8798 10.8374
v -2.18154 -8.735 21.0389
v -1.83564 -8.26236 19.8
v -1.48812 -8.29426 21.3102
v -1.83212 -8.27865 22.8347
v -2.05938 -8.4824 23.5736
v -1.75222 -7.48109 -22.4029
v -1.65636 -7.56998 -21.1864
v -1.51899 -7.66653 -19.6743
v -1.35861 -7.70362 -18.1446
v -1.61215 -7.73771 -16.7059
v -1.24184 -7.70703 -15.4129
v -1.68228 -7.73598 -14.0091
v -1.24852 -7.67101 -12.3964
v -1.70796 -7.68695 -10.9846
v -1.58181 -7.63722 -9.70596
v -1.50711 -7.55807 -8.41357
v -1.87014 -7.43623 -6.63411
v -2.11763 -7.80016 17.4959
v -1.63229 -7.75749 18.3285
v -1.07294 -7.7382 19.7917
v -0.942606 -7.79216 21.6538
v -0.852388 -7.75999 22.9916
v -1.48843 -7.75773 23.8113
v -1.66606 -7.54446 25.003
v -0.899786 -6.87129 -25.9207
v -1.57877 -6.97301 -25.2625
v -1.49347 -7.16765 -23.7229
v -1.66852 -7.10175 -22.3221
v -1.14616 -7.09956 -20.8664
v -1.02985 -7.40348 -6.95761
v -1.21813 -7.2371 -5.41351
v -1.65101 -7.119 -4.34322
v -1.45922 -6.88076 -3.02807
v -1.59936 -7.12068 16.9741
v -0.892799 -7.2749 18.6334
v -1.34723 -7.22307 24.5679
v -1.47712 -6.90166 25.0325
v -1.6526 -6.50865 -26.5768
v -1.89475 -6.66355 -2.106
v -1.47839 -6.45786 -1.32228
v -1.83147 -6.4092 0.389925
v -1.8532 -6.48842 15.756
v -1.14865 -6.57968 17.0897
v -1.26879 -6.4954 25.4521
v -1.79423 -6.75401 26.2306
v -1.4292 -5.9239 -27.1854
v -0.882019 -6.17362 0.431024
v -1.3649 -6.12023 1.67425
v -1.65459 -5.96004 3.0449
v -1.79747 -5.78484 3.98016
v -1.73991 -5.91012 15.4282
v -1.172 -6.00458 16.7797
v -1.32955 -5.93677 25.8648
v -1.83705 -5.89074 26.6264
v -1.59474 -5.26277 -27.6247
v -1.036 -5.47079 4.42947
v -1.55305 -5.247 5.46233
v -2.01115 -5.07647 6.84574
v -1.65862 -5.19148 8.63079
v -1.97617 -5.12675 10.2781
v -1.81524 -5.26109 11.3665
v -1.92682 -5.1042 12.5347
v -1.98558 -5.02928 13.6751
v -2.10439 -5.4218 15.8716
v -1.12373 -5.21965 16.9606
v -1.47318 -5.25704 26.5258
v -1.19155 -4.78516 -28.2269
v -1.46163 -4.9444 6.17444
v -1.3629 -4.70846 7.56914
v -1.16854 -4.62509 8.82692
v -1.24663 -4.60217 9.99541
v -1.24977 -4.65911 11.4409
v -1.5106 -4.6401 13.1389
v -1.84802 -4.72812 14.5372
v -1.7896 -4.64073 15.6536
v -1.48901 -4.66838 17.229
v -1.64239 -4.67249 26.7254
v -1.71176 -4.19052 -28.2673
v -1.31249 -4.22118 12.5022
v -1.37684 -4.017 14.2542
v -1.66724 -3.85067 15.9719
v -1.5855 -4.08745 17.1663
v -1.16335 -4.14386 18.1972
v -1.94368 -4.14607 26.7888
v -1.56705 -3.58835 -28.4395
v -0.920569 -3.31786 13.3033
v -1.23796 -3.44203 14.176
v -1.59856 -3.54683 15.3166
v -1.74941 -3.57615 17.1849
v -1.33393 -3.36539 18.3228
v -1.10554 -3.57951 25.6281
v -1.61214 -3.53873 26.4022
v -1.72353 -2.74769 -28.2852
v -1.14944 -2.61632 13.9314
v -1.94795 -2.65098 15.541
v -1.94205 -3.08299 16.8648
v -1.43658 -2.82811 18.6289
v -1.57733 -2.87479 25.3334
v -1.48939 -1.99499 -28.0519
v -1.47383 -2.02757 13.9556
v -2.17182 -2.1075 15.0908
v -1.85328 -2.32051 18.3846
v -1.43609 -2.22298 19.9626
v -1.2631 -2.03654 21.4952
v -0.918422 -2.22273 23.1337
v -1.65908 -2.28467 24.1199
v -0.889695 -1.38682 -27.8014
v -1.43124 -1.40375 13.1805
v -2.18302 -1.92254 18.6842
v -1.9602 -1.71706 21.2413
v -1.64009 -1.93318 22.8562
v -1.62434 -1.08929 -27.5904
v -1.72529 -0.994603 12.4196
v -1.38215 -0.301234 -27.1317
v -1.38036 -0.370137 10.143
v -1.29528 -0.375422 11.6509
v -1.13693 0.481804 -26.6331
v -0.83723 0.292549 10.1942
v -1.89688 0.795524 -26.429
v -1.38731 0.758714 10.4576
v -1.27406 1.40133 -25.9826
v -1.85233 1.26046 10.7049
v -1.34601 1.5938 10.9037
v -2.03081 1.73946 -25.7766
v -1.53769 2.04623 11.0478
v -1.77819 2.50558 -25.1946
v -1.08992 2.63538 11.2912
v -1.51902 3.24997 -24.5886
v -1.548 3.20407 11.371
v -0.882448 3.76961 -24.0437
v -2.01242 3.76948 11.3956
v -1.31269 4.41337 -23.5871
v -1.7808 4.34437 11.4977
v -1.74159 5.07393 -23.1299
v -1.50082 4.93562 11.5926
v -1.097 5.54138 -22.5617
v -1.56146 5.71743 11.5585
v -1.5226 6.18642 -22.0915
v -1.20161 6.31693 11.5866
v -1.93983 6.84766 -21.5973
v -1.65855 7.47545 -20.8966
v -1.58193 7.25821 11.2633
v -1.37258 8.06039 -20.1792
v -1.54164 8.00278 11.0024
v -1.77503 8.67966 -19.6537
v -1.45986 8.72138 10.6714
v -2.18162 9.29754 -19.1132
v -1.52168 9.56278 -18.4691
v -1.74895 9.52238 9.10966
v -1.89403 9.47367 9.88002
v -0.867864 9.79002 -17.8099
v -1.63148 9.91321 8.70101
v -1.49305 9.90117 9.83153
v -1.74422 9.95164 11.2988
v -1.60171 10.255 -17.5602
v -0.95062 10.4599 -16.8896
v -1.32467 10.7058 7.70915
v -1.49233 10.4492 8.22429
v -1.34802 10.4547 9.8831
v -1.27645 10.5342 11.4557
v -1.97031 10.7173 12.1794
v -1.6841 10.915 -16.6133
v -1.03953 11.0998 -15.9293
v -1.24062 11.1 7.41854
v -1.51942 11.1688 8.34023
v -1.32832 11.1069 9.61598
v -1.38798 11.0414 11.5845
v -1.98914 11.226 12.3459
v -1.4534 11.6219 -15.2737
v -1.48308 11.7996 7.49753
v -0.974885 11.7175 8.46729
v -1.49555 11.6769 10.1914
v -1.49675 11.6897 11.5674
v -1.98738 11.7045 12.3377
v -1.6873 12.347 -13.9796
v -1.48131 12.5077 6.38589
v -1.3911 12.1676 7.30484
v -1.09534 12.5812 8.90678
v -1.48869 12.346 9.92354
v -1.47661 12.3811 11.5423
v -1.96233 12.3231 12.1661
v -1.70436 12.9441 -12.5407
v -1.46228 13.2054 -11.5762
v -1.47236 12.9349 5.40256
v -1.13336 12.9399 7.37286
v -1.54627 13.1572 8.56059
v -1.35423 13.0029 9.84842
v -1.83863 12.9823 11.6463
v -1.51859 13.3946 -10.957
v -1.42121 13.6863 -9.64216
v -1.92207 13.8682 1.82628
v -1.40808 13.7064 2.76431
v -1.1513 13.4121 4.05747
v -1.24947 13.5651 7.73496
v -2.08892 13.7145 8.71047
v -1.02759 13.4868 10.0397
v -1.82405 13.5684 11.4191
v -1.45579 13.986 -7.9573
v -1.55918 14.1522 -6.56507
v -1.6507 14.2395 -5.12504
v -1.42342 14.2403 -3.98587
v -1.60761 14.1939 -2.64303
v -1.16199 14.1367 -1.51628
v -1.77247 14.0796 0.270776
v -1.30183 13.9813 1.1691
v -1.35221 14.2141 8.68766
v -1.57081 14.1614 10.1268
v -1.88282 13.9287 11.0353
v -0.8008 -7.51772 -20.938
v -0.254293 -7.5557 -19.6127
v 0.113851 -7.5608 -18.0557
v -0.364626 -7.60571 -16.6973
v 0.200958 -7.48411 -15.369
v -0.224014 -7.5436 -13.9783
v -0.472549 -7.57041 -12.8298
v -0.0549013 -7.47902 -11.204
v -0.541074 -7.52889 -9.72903
v -0.656409 -7.46606 -8.13784
v -0.497316 -7.46288 21.078
v -0.0980593 -6.83067 -26.3042
v -0.0621358 -7.10851 -25.1353
v -0.0551593 -7.28996 -23.4962
v -0.0672328 -7.26475 -22.3726
v -0.390965 -7.17638 -21.2779
v -0.00869997 -7.059 -19.7174
v 0.536259 -7.36347 -12.9179
v 0.472758 -7.38261 -9.78765
v 0.359578 -7.34423 -8.16235
v 0.000454697 -7.29658 -6.93793
v -0.383554 -7.20484 -5.74076
v -0.16849 -6.9818 -4.34749
v -0.164694 -6.80903 -3.35596
v -0.367363 -7.16187 19.8512
v -0.107703 -7.12275 21.8107
v -0.578501 -7.19792 22.6928
v -0.5982 -7.09801 24.0514
v -0.1123 -6.44942 -27.0965
v -0.174831 -6.62324 -2.40626
v -0.182402 -6.41831 -1.45925
v -0.69874 -6.21775 -0.499472
v -0.672213 -6.24071 17.7572
v -0.435576 -6.6342 18.4663
v 0.189883 -6.67492 19.9518
v 0.384553 -6.56731 21.5943
v 0.32559 -6.53271 22.9532
v -0.309476 -6.54079 23.7239
v -0.566138 -6.35515 25.0366
v -0.032077 -5.9259 -27.6198
v -0.257457 -6.15682 -0.595111
v -0.220297 -5.98669 0.00272658
v -0.211513 -5.87208 1.32684
v -0.765571 -5.82853 2.53977
v -0.804311 -5.65122 17.5069
v 0.145293 -5.77476 18.7554
v 0.399049 -6.18739 19.4666
v -0.070735 -5.78592 24.674
v -0.548986 -6.0249 25.1286
v -0.0427336 -5.3032 -27.7358
v 0.463686 -5.54781 2.24203
v 0.0339897 -5.52424 3.01961
v -0.160108 -5.27358 4.27612
v -0.0189073 -5.1872 18.5074
v 0.404991 -5.53993 24.4129
v -0.448593 -5.38087 25.5844
v -0.112272 -4.69779 -28.2562
v 0.160839 -4.69984 5.6591
v -0.741857 -4.55008 6.61596
v -0.748082 -4.45206 8.88259
v -0.358433 -4.59461 18.449
v -0.0371408 -4.81265 25.1903
v -0.668793 -4.88771 26.2412
v -0.174359 -4.0676 -28.5338
v 0.581997 -4.22125 6.41502
v -0.322967 -4.20195 7.34709
v -0.131652 -4.04005 8.51949
v -0.489586 -4.03005 9.77165
v -0.693051 -3.93086 10.9481
v -0.562434 -3.92427 12.1673
v -0.349833 -4.07095 18.9499
v 0.353896 -4.09585 19.4609
v -0.20388 -4.09042 25.2822
v -0.306518 -3.32448 -28.5883
v 0.0424917 -3.65569 8.86436
v 0.0919697 -3.62082 10.1317
v -0.378378 -3.45034 11.6022
v -0.62598 -3.23629 12.7796
v -0.331676 -3.30844 19.5632
v 0.45707 -3.55804 24.544
v -0.507356 -3.29335 25.0885
v -0.0583723 -2.60407 -28.3643
v -0.136091 -2.77234 11.8149
v -0.549306 -3.04424 12.6027
v -0.5448 -2.792 20.3341
v 0.239568 -2.82083 21.0965
v 0.0631167 -2.55778 22.5209
v -0.099283 -2.90122 24.0712
v -0.121162 -2.17067 -28.1751
v 0.324888 -2.35772 11.223
v -0.530605 -2.52988 12.7333
v -0.492384 -2.42971 21.2858
v -0.437495 -2.39982 22.8185
v -0.17882 -1.71685 -27.9656
v 0.454087 -1.4114 10.6693
v -0.260277 -1.57357 11.8138
v -0.382563 -1.84312 12.5991
v 0.0717292 -0.960169 -27.5268
v 0.302289 -0.917769 10.1523
v -0.157338 -1.00492 11.3549
v 0.323012 -0.212344 -27.0111
v -0.53295 -0.641129 10.1473
v -0.747381 -0.526589 11.031
v -0.406505 0.131926 -26.8297
v 0.270634 0.064016 10.2094
v -0.156082 0.879448 -26.2606
v -0.0664933 0.685242 10.5973
v 0.526347 1.08264 10.9095
v 0.0966967 1.60281 -25.6522
v -0.377389 1.3563 10.9035
v -0.648353 1.96664 -25.4821
v -0.0251863 2.03006 11.2539
v -0.396345 2.67878 -24.8515
v 0.177746 2.59768 11.5269
v 0.226719 3.16321 -24.2717
v -0.237108 3.18625 11.6231
v 0.481674 3.81566 -23.5953
v -0.666344 3.76676 11.6528
v -0.250391 4.24135 -23.4623
v 0.374469 4.66477 -22.8478
v -0.376536 4.36795 11.8401
v -0.356355 5.10675 -22.7175
v -0.418153 5.16707 11.8948
v -0.0930508 5.73195 -22.0301
v -0.0423633 5.78772 12.0035
v 0.172512 6.32902 -21.3364
v -0.243897 6.95818 -20.8853
v -0.406974 6.7503 11.7498
v -0.646164 7.59464 -20.3822
v -0.353849 7.51995 11.5567
v -0.357995 8.11449 -19.6447
v 0.133397 8.11372 11.4938
v -0.0689263 8.60217 -18.8954
v 0.570477 8.80591 -18.2232
v -0.191206 8.62935 11.1336
v -0.466214 9.19844 -18.3621
v 0.49533 9.49085 -17.3487
v -0.533053 9.12566 10.7273
v 0.540012 9.53069 10.8358
v 0.0938022 10.0706 -16.7887
v -0.276872 9.79504 10.3393
v -0.311093 10.6385 -16.2024
v 0.315254 10.7955 -15.4979
v -0.0080873 10.4257 9.88572
v -0.408185 11.2608 -15.2278
v 0.20913 11.4014 -14.5089
v -0.535632 11.2251 8.8078
v 0.28386 11.0121 9.37307
v -0.210993 11.9041 -13.8387
v -0.725314 11.7054 7.71177
v -0.212194 11.7394 8.21756
v -0.331231 12.4276 -12.7566
v 0.551641 12.5562 -11.6173
v -0.0995371 12.4438 7.33247
v -0.491416 12.3077 8.19354
v -0.751287 12.8569 -12.0008
v 0.121829 12.9591 -10.847
v -0.604336 13.1855 5.0137
v -0.0265193 12.9061 5.9708
v -0.639922 12.8041 7.5655
v -0.50825 13.0383 8.43595
v -0.0190478 13.3383 -9.63676
v -0.159004 13.6498 -8.36765
v 0.526855 13.8701 -5.82259
v 0.14974 13.7206 3.01443
v -0.0896113 13.4351 4.32238
v -0.610657 13.5357 8.53159
v -0.293476 13.8902 -7.04049
v -0.418054 14.0574 -5.65883
v -0.221089 14.1041 -4.29519
v -0.0422113 14.1116 -2.66025
v -0.358179 14.0855 -1.17556
v 0.122329 14.0088 -0.0997396
v -0.170542 13.9342 1.45133
v -0.730196 13.8947 8.41042
v 0.923068 -7.47055 -18.4073
v 1.36197 -7.01837 -26.2707
v 1.40126 -7.27445 -25.0852
v 1.36532 -7.30411 -23.9311
v 1.31787 -7.31769 -22.5903
v 1.27905 -7.19099 -21.1002
v 1.19711 -6.89598 -19.6716
v 0.975472 -6.98505 -18.208
v 1.25063 -7.31202 -16.8604
v 1.37569 -7.16404 -15.3705
v 1.36118 -7.11305 -13.9215
v 1.39099 -7.10311 -12.4431
v 1.41402 -7.15517 -11.0741
v 1.27 -7.22462 -9.58022
v 1.34868 -7.19268 -8.22387
v 1.38617 -7.1265 -7.20019
v 1.22626 -6.98772 -5.53738
v 1.3804 -6.37792 -27.3338
v 1.13785 -6.75604 -26.8054
v 1.45603 -6.57746 -18.4511
v 1.95053 -6.80402 -17.3908
v 1.05342 -6.76592 -3.89258
v 1.47108 -6.48623 -2.73203
v 0.673452 -6.36724 -1.69804
v 0.659249 -6.35944 20.6903
v 1.22735 -5.98481 -27.5919
v 1.50249 -6.09949 -1.04617
v 1.0981 -5.86323 0.0835826
v 0.880953 -5.59487 1.16249
v 0.92295 -5.88934 20.1923
v 1.05751 -6.01708 21.4718
v 1.0362 -5.79131 22.4978
v 0.603385 -5.83353 24.0613
v 1.35446 -5.29001 -27.6871
v 1.9781 -5.53858 0.802887
v 1.35989 -5.33379 1.66378
v 1.05843 -5.21125 3.12669
v 1.36003 -5.21789 20.1222
v 1.53382 -5.37385 21.3765
v 1.37534 -5.04336 23.2724
v 0.934623 -5.25339 23.8462
v 1.09427 -4.6294 -28.644
v 1.34296 -4.83689 4.34876
v 1.81394 -4.44299 5.16837
v 1.32498 -4.6616 19.7422
v 1.8715 -4.46475 21.6826
v 1.74591 -4.65478 22.5629
v 1.10092 -4.64487 23.9982
v 1.39287 -4.04633 -28.7219
v 1.55399 -4.13726 6.02494
v 1.04781 -4.15772 20.0706
v 1.70804 -4.25818 21.029
v 1.77773 -3.83871 22.7196
v 0.879876 -4.06333 24.1042
v 1.06584 -3.44754 -28.5793
v 1.30367 -3.54997 7.20463
v 0.62557 -3.31523 8.36105
v 0.619542 -3.18731 9.32805
v 0.856671 -3.50854 19.9429
v 1.32379 -3.32307 21.0352
v 1.37286 -3.34681 22.5478
v 0.77085 -3.43092 23.7291
v 1.29183 -2.79618 -28.4633
v 1.32751 -3.09836 7.89494
v 1.15678 -2.79266 8.8236
v 0.772402 -2.87284 10.0967
v 0.921983 -2.97915 21.8627
v 0.697216 -2.91424 22.7765
v 1.23248 -2.36843 -28.253
v 1.87681 -2.50773 8.39896
v 0.861282 -2.03753 10.4096
v 0.641467 -2.54096 10.8675
v 1.49122 -1.6441 -27.8188
v 1.26191 -1.68995 9.94094
v 1.74541 -0.929121 -27.3038
v 1.7117 -1.20833 9.57697
v 1.03568 -0.572748 -27.1662
v 1.30808 -0.478895 10.0413
v 1.28494 0.139191 -26.58
v 1.14634 0.176393 10.5181
v 1.53368 0.826818 -25.9488
v 1.25785 0.728109 10.9073
v 1.12232 1.45417 -25.5129
v 1.49247 1.38558 11.3787
v 0.709694 2.09756 -25.0821
v 1.34746 2.14282 11.7316
v 1.31443 2.54399 -24.4684
v 1.64769 2.79026 12.182
v 1.55402 3.16223 -23.7647
v 0.830791 3.0413 11.9228
v 1.79738 3.75812 -23.0506
v 1.16334 3.70198 12.3349
v 1.39387 4.39243 -22.6214
v 1.1393 4.5102 12.4629
v 0.990092 5.04074 -22.2037
v 1.55721 5.17681 12.6363
v 1.24215 5.61381 -21.4904
v 0.743319 5.46028 12.3086
v 1.49324 6.16506 -20.7718
v 1.18695 6.1207 12.4215
v 0.790498 6.65299 -20.6805
v 1.41702 6.89401 -20.0181
v 0.842046 7.05063 12.1136
v 1.66225 6.7708 12.4934
v 1.01739 7.48218 -19.5848
v 1.94478 7.75533 -18.5509
v 1.75198 7.54556 12.3191
v 0.639455 8.10172 -19.0773
v 1.26839 8.28924 -18.3938
v 1.44254 8.0609 12.004
v 1.54358 8.71026 -17.6131
v 1.10266 8.55946 11.6389
v 1.81643 9.12576 -16.8265
v 1.36344 9.27087 11.3347
v 1.12101 9.65158 -16.6504
v 1.73294 9.79534 -15.9349
v 0.811686 10.1839 10.4206
v 1.63707 9.94513 10.9585
v 1.33318 10.3747 -15.3706
v 1.51784 10.6845 10.2277
v 0.927428 10.9342 -14.7761
v 1.52624 11.0557 -14.0379
v 1.426 11.3523 9.40316
v 0.812757 11.5232 -13.7733
v 1.69369 11.6706 -12.639
v 1.11773 11.8117 8.60622
v 0.978348 12.1081 -12.3391
v 1.48375 12.418 -11.0091
v 1.367 12.4523 7.55052
v 1.33302 12.8468 -9.85945
v 1.53377 13.054 -8.86904
v 1.26506 13.079 5.90588
v 1.81772 12.8087 6.8791
v 1.09855 13.3787 -8.03862
v 1.271 13.5587 -6.77451
v 1.41546 13.7318 -5.26168
v 1.60602 13.8042 -4.17161
v 1.99224 13.8612 -1.92585
v 1.0603 13.87 0.385374
v 1.77476 13.8519 1.05079
v 1.58395 13.7342 2.97987
v 0.997074 13.4275 4.59904
v 0.927733 13.9701 -3.60178
v 1.12987 13.9731 -2.45756
v 1.01159 13.9889 -0.977495
v 1.21652 13.9379 0.204338
v 1.48731 13.8766 1.30196
v 2.98396 -7.41647 -23.6647
v 3.27763 -7.46223 -22.424
v 2.95829 -6.99151 -26.3964
v 2.70648 -7.13908 -25.1827
v 2.77103 -7.26223 -23.8881
v 2.86606 -7.20958 -22.248
v 2.92821 -7.12761 -20.9756
v 2.59282 -6.96362 -19.8231
v 2.0562 -7.0705 -16.6419
v 2.30921 -6.82332 -15.4159
v 2.20639 -6.84916 -11.9478
v 2.6015 -6.91172 -9.57428
v 2.30526 -7.00386 -8.31021
v 2.54275 -6.89801 -6.87725
v 2.56749 -6.81003 -5.82703
v 2.23895 -6.24018 -27.5443
v 2.676 -6.50642 -26.5752
v 2.04923 -6.7381 -19.1212
v 2.88938 -6.45981 -18.3071
v 2.53162 -6.42175 -16.7719
v 2.83053 -6.53532 -15.2693
v 2.93282 -6.36168 -14.1225
v 2.63037 -6.59313 -12.7612
v 2.99926 -6.64265 -11.0917
v 3.23748 -6.78156 -8.41564
v 3.30008 -6.71074 -6.324
v 2.95886 -6.6417 -5.02407
v 2.72558 -6.55496 -4.16965
v 2.63872 -6.30209 -2.70521
v 2.10722 -5.7991 -27.6522
v 2.9068 -5.94197 -26.9955
v 2.93789 -5.9921 -16.8812
v 2.99444 -5.82199 -16.0382
v 2.8847 -5.92918 -1.26449
v 2.33564 -5.80803 -0.405249
v 2.58104 -5.24247 -27.4964
v 2.77503 -5.50784 0.414219
v 2.83271 -5.20179 1.43865
v 2.68029 -4.69123 -28.0216
v 2.6552 -4.74845 3.02255
v 2.69301 -4.49811 4.16682
v 2.80152 -4.16713 -28.3229
v 3.23774 -4.08617 5.06526
v 2.56574 -4.03671 5.65891
v 2.63773 -3.45895 -28.5301
v 3.2978 -3.606 6.1673
v 2.6075 -3.45673 6.73135
v 2.59935 -3.02767 -28.3804
v 2.88601 -2.83266 7.53383
v 2.87529 -2.33191 -28.0053
v 2.89527 -2.09509 8.40688
v 3.13904 -1.64815 -27.518
v 2.70012 -1.68015 9.02481
v 2.43684 -1.29858 -27.4151
v 3.02389 -0.817173 -26.8682
v 2.61388 -1.21843 9.46046
v 2.33941 -0.42905 -26.7715
v 2.35542 -0.131667 10.7037
v 3.21525 -0.229523 10.7906
v 2.57564 0.225274 -26.1216
v 2.95925 0.422327 11.2215
v 2.809 0.853229 -25.4367
v 2.10519 0.565389 11.0887
v 2.73115 1.3923 -24.9229
v 2.75713 1.10762 11.6383
v 2.01627 2.11417 -24.5803
v 3.257 2.022 -23.9791
v 2.59991 1.82351 12.0266
v 2.87013 2.64902 -23.5499
v 2.89523 2.44248 12.4461
v 2.48378 3.29072 -23.1303
v 2.8193 3.2011 12.776
v 2.71121 3.83976 -22.3864
v 2.79788 3.99106 12.9487
v 2.94397 4.371 -21.6386
v 3.23071 4.65736 13.1763
v 2.5641 5.01397 -21.2279
v 2.39591 4.92107 12.9228
v 2.17979 5.66378 -20.8339
v 2.77329 5.87645 -20.1321
v 2.85239 5.58851 13.0788
v 2.72099 6.33005 -19.6306
v 2.92194 6.38271 13.0361
v 2.02926 7.08598 -19.3316
v 3.28717 6.69587 -18.6687
v 2.92221 7.29166 -18.2651
v 3.15301 7.60135 12.8586
v 2.55097 7.89135 -17.8343
v 3.14613 8.01253 -17.0942
v 3.01035 7.98998 12.6739
v 2.78833 8.64152 -16.6053
v 3.05196 8.79543 12.3342
v 2.41883 9.26071 -16.1024
v 3.00666 9.38542 -15.3617
v 2.76297 9.26435 11.9368
v 2.33055 9.92587 -15.2026
v 2.91563 10.0425 -14.4548
v 2.47489 9.71951 11.4996
v 2.51919 10.6141 -13.8867
v 3.37904 10.7548 -12.7362
v 2.76766 10.368 11.0901
v 2.11294 11.1603 -13.2843
v 2.68814 11.2488 -12.516
v 3.25261 11.3203 -11.7335
v 2.66684 11.0625 10.3082
v 2.83221 11.81 -11.0795
v 2.60178 11.6814 9.43814
v 2.68239 12.2828 -9.986
v 2.58554 12.2204 8.50264
v 2.24823 12.6943 -9.249
v 2.74428 12.8241 -8.0385
v 2.90687 13.0478 -6.82865
v 2.32203 13.0964 6.19736
v 2.87339 12.8222 7.18211
v 2.73834 13.3349 -5.57802
v 2.57074 13.5628 -4.27387
v 2.73227 13.6463 -2.94902
v 2.8779 13.7162 -1.37134
v 2.75432 13.7789 0.0618791
v 2.44947 13.7655 1.62646
v 3.03102 13.6844 2.83924
v 2.38983 13.492 4.55359
v 2.88102 13.3138 5.51909
v 4.63457 -8.09441 -22.1045
v 4.20674 -7.56384 -25.0391
v 4.16992 -7.83526 -23.7773
v 3.80259 -7.79877 -22.6589
v 3.99945 -7.63704 -20.905
v 4.73409 -7.75324 -19.836
v 4.69562 -7.22387 -26.2069
v 3.89313 -7.15882 -25.6022
v 3.90165 -7.02265 -22.6905
v 4.00704 -6.93468 -21.3347
v 3.98526 -7.08593 -19.6125
v 4.02113 -6.54096 -26.8264
v 4.13317 -6.72894 -20.4963
v 4.36373 -6.56346 -19.6021
v 4.17999 -6.52129 -18.4561
v 3.71668 -6.39684 -10.895
v 4.08318 -6.40562 -9.73704
v 3.96628 -6.58271 -8.22258
v 4.37295 -6.51654 -7.08836
v 4.29139 -6.44288 -5.60675
v 3.90502 -6.29141 -4.08687
v 4.62033 -6.04136 -27.3314
v 3.7296 -6.01211 -27.2671
v 4.28818 -5.86865 -17.1299
v 3.5827 -5.94288 -15.1577
v 3.79465 -5.77191 -13.6052
v 3.91847 -5.95052 -12.4646
v 4.53577 -5.99972 -10.9601
v 4.45178 -6.13914 -3.95771
v 3.77898 -5.99783 -2.40061
v 4.18201 -5.71351 -1.62184
v 4.20427 -5.40107 -27.424
v 3.74413 -5.58535 -16.3782
v 3.90155 -5.31183 -15.3777
v 4.31128 -5.25433 -13.9253
v 4.23628 -5.44076 -0.583225
v 4.03987 -5.25118 0.280576
v 4.30191 -4.81214 -27.6459
v 4.57332 -4.74068 -15.1588
v 4.55096 -4.77786 -14.5451
v 4.04041 -4.82482 1.77934
v 3.79607 -4.49397 3.11502
v 4.0025 -3.98944 -27.5774
v 3.93914 -4.10243 4.26982
v 3.91229 -3.62123 -28.0861
v 4.09238 -3.29863 -27.2719
v 4.65019 -3.67164 4.98967
v 4.26585 -3.6865 5.40215
v 4.31063 -2.89861 -27.6682
v 4.27057 -2.77798 -26.6735
v 4.29209 -2.9174 6.99249
v 4.06868 -2.2509 -27.4485
v 4.38507 -2.27505 -26.0424
v 3.72786 -2.41347 7.83867
v 4.34405 -1.60768 -26.9381
v 4.6933 -1.80408 -25.3791
v 4.2841 -1.43064 9.1744
v 4.54701 -1.38942 9.43398
v 3.98575 -0.992168 -26.627
v 3.85009 -1.31631 9.29891
v 3.80941 -1.07848 9.84524
v 3.59149 -0.386473 -26.2501
v 4.77315 -0.445619 -25.6052
v 4.03859 -0.374571 10.7476
v 4.08441 0.238949 -25.3126
v 4.16194 0.098736 11.2376
v 4.01538 0.768381 -24.8144
v 4.52002 1.05984 -24.0733
v 3.96688 0.76405 11.6964
v 3.89992 1.54565 -24.0373
v 3.81284 1.45919 12.1304
v 4.40454 1.81487 -23.285
v 4.10173 2.05306 12.5373
v 3.78959 2.319 -23.2477
v 4.53632 2.6705 -22.0953
v 4.04118 2.8068 12.892
v 3.93956 3.20319 -22.0739
v 4.68453 3.51048 -20.9052
v 3.84325 3.96043 -21.2911
v 4.03086 3.5851 13.1884
v 3.49011 4.61564 -20.8949
v 4.61017 4.24429 -20.129
v 4.05087 4.37584 13.4235
v 4.00639 5.02914 -19.8863
v 4.09893 5.17622 13.4884
v 3.97857 5.48776 -19.4007
v 4.52124 5.57738 -18.6436
v 4.19304 6.18065 -18.2982
v 4.17902 5.97569 13.5036
v 3.85627 6.7913 -17.933
v 4.41161 6.8634 -17.1837
v 3.86901 6.9031 13.2902
v 4.06895 7.48716 -16.783
v 4.04155 7.5528 13.1808
v 4.51103 7.62845 13.5922
v 3.72481 8.12666 -16.3402
v 4.288 8.23783 -15.5723
v 4.24155 7.92195 13.216
v 4.75249 7.85652 13.6527
v 3.94243 8.87572 -15.1021
v 3.90924 8.5588 12.8142
v 4.16945 9.37341 -14.1275
v 4.18252 9.27771 12.5594
v 3.48919 10.1448 -13.6924
v 4.70083 9.68309 -13.053
v 3.61511 10.1648 11.6649
v 4.4742 9.95983 12.2278
v 4.19746 10.4546 -12.3304
v 4.35475 10.6905 11.5177
v 4.1471 11.1273 -11.0444
v 4.35406 11.4073 -10.1295
v 4.26637 11.3476 10.7029
v 3.93608 11.8762 -9.4698
v 4.74755 11.8754 -8.23558
v 3.96079 11.7849 9.88924
v 3.78088 12.3096 -8.35996
v 4.59167 12.2827 -7.11654
v 4.42733 12.6419 -5.95203
v 3.83699 12.4682 8.50221
v 3.88911 12.6801 -6.78907
v 3.71957 13.002 -5.5815
v 4.38019 13.0165 -4.0387
v 4.6311 13.1375 -2.63559
v 3.67754 13.1993 6.16673
v 4.20017 12.9648 7.16087
v 4.72968 12.7277 8.16692
v 3.54751 13.2705 -4.32375
v 3.92292 13.4147 -2.17273
v 4.12291 13.4498 -1.0721
v 3.98481 13.5677 0.311186
v 3.86976 13.6281 1.74907
v 4.02692 13.5852 3.0008
v 4.27547 13.5169 4.14252
v 4.28849 13.3515 5.50759
v 6.01019 -8.63856 -22.276
v 6.16785 -8.7064 -21.4591
v 5.91879 -8.20949 -24.6088
v 5.40125 -8.20857 -23.9438
v 5.50191 -8.40931 -22.6189
v 5.43833 -8.33239 -20.7954
v 5.66971 -8.19427 -19.6537
v 5.69227 -7.78196 -25.4951
v 5.14935 -7.66866 -19.095
v 5.94838 -7.65323 -18.2502
v 5.4408 -7.06133 -26.5746
v 4.92282 -6.83142 -20.8112
v 5.5795 -7.01427 -17.9755
v 5.68264 -6.56581 -27.0713
v 5.31942 -6.47504 -19.5155
v 5.31814 -6.51131 -17.876
v 5.20051 -6.2367 -8.23962
v 5.46368 -6.2861 -6.81855
v 5.50593 -6.25657 -5.76705
v 5.56868 -5.63773 -27.4063
v 5.84213 -5.84693 -27.3188
v 4.98987 -6.19338 -19.1222
v 5.57027 -5.95784 -18.1812
v 5.23164 -5.75057 -17.2749
v 4.86799 -5.61679 -11.7331
v 5.4041 -5.89616 -9.4674
v 6.03345 -5.93805 -8.34292
v 5.89506 -6.12242 -4.98052
v 5.36513 -6.01286 -4.08633
v 5.33911 -5.71018 -2.85148
v 5.33436 -5.41276 -27.4572
v 5.21649 -5.29357 -16.4994
v 5.16164 -5.15855 -12.4429
v 5.5734 -5.30682 -11.1591
v 5.95728 -5.46371 -9.87625
v 5.27582 -5.31452 -1.39697
v 5.33704 -5.00772 -0.364555
v 5.1718 -4.63052 -27.4748
v 5.60809 -4.73237 -27.1936
v 5.99251 -4.60606 -16.1644
v 5.19344 -4.78873 -15.7568
v 4.99002 -4.5682 -13.8402
v 5.63337 -4.63964 -12.724
v 6.00489 -4.91194 -0.933153
v 5.74486 -4.62247 0.37437
v 5.07388 -4.73519 0.942736
v 4.83888 -4.43212 2.28369
v 5.7639 -4.05236 -27.1053
v 5.52322 -4.17022 -15.2344
v 5.51383 -3.89006 -13.9859
v 5.94412 -3.77332 -13.1625
v 5.82299 -4.27195 1.39798
v 5.6111 -3.97073 2.73824
v 4.91695 -3.63458 -27.4333
v 6.10415 -3.46632 -26.8094
v 5.84342 -3.41457 -15.4194
v 6.06365 -3.35656 -14.1322
v 6.06739 -3.74598 -12.9665
v 5.48767 -3.63709 4.16098
v 5.32647 -3.24485 5.81106
v 5.6501 -2.90068 -26.7358
v 6.19441 -2.64178 -16.1119
v 6.05638 -2.98832 -15.4635
v 5.94148 -2.75832 6.75584
v 5.08355 -2.19976 -26.4789
v 5.79617 -2.11316 -25.4606
v 5.61911 -2.0978 8.23836
v 5.29397 -1.7161 -26.0222
v 5.45964 -1.39602 -25.0116
v 5.51494 -1.7223 -23.8527
v 5.6282 -1.36216 -22.604
v 5.65493 -1.67669 8.6826
v 4.88715 -1.21968 -26.2992
v 5.40662 -0.876653 -25.6149
v 5.89415 -1.22371 -23.6687
v 6.07477 -1.12026 -21.8627
v 5.62959 -1.02117 9.92915
v 5.54202 -0.406175 -24.8485
v 5.36698 -0.536064 10.6074
v 5.2966 -0.23891 11.0064
v 5.87308 0.147034 -23.6658
v 5.45337 0.225646 11.4804
v 5.32994 0.668058 -23.6884
v 5.9353 0.930426 -22.4751
v 5.3275 0.909014 11.9889
v 4.99127 1.29927 -23.3002
v 5.42678 1.48994 -22.5016
v 5.82609 1.6359 -21.6828
v 5.60723 1.48621 12.3686
v 5.10009 2.12369 -22.1044
v 6.18928 1.74291 -20.8486
v 5.22618 2.00589 12.6568
v 5.73259 2.34695 -20.8834
v 6.11564 2.44285 -20.0503
v 4.82771 2.52386 12.9133
v 5.22892 2.9362 -20.8984
v 5.8687 3.09791 -19.6649
v 5.20594 3.1449 13.2608
v 5.38796 3.70524 -19.7041
v 6.06629 3.76423 -18.5036
v 5.64399 3.7995 13.5084
v 4.85921 4.08143 13.556
v 5.11445 4.34321 -19.3513
v 5.82876 4.39127 -18.1635
v 5.73372 4.60591 13.7397
v 5.33022 5.00814 -18.216
v 6.05819 5.03726 -17.0284
v 4.91834 4.88603 13.6585
v 5.04672 5.63343 -17.8719
v 5.80576 5.687 -16.6859
v 5.42932 5.55452 13.819
v 5.25953 6.29797 -16.7685
v 6.01473 6.39662 -15.5841
v 5.58815 6.36567 13.8902
v 4.94843 6.93153 -16.4171
v 5.7272 7.0676 -15.2163
v 5.16022 7.68562 -15.2198
v 4.94171 7.69106 13.309
v 5.06433 7.55348 13.6507
v 4.8402 8.33991 -14.7925
v 5.95437 7.81846 -14.0208
v 5.13058 8.12759 13.3442
v 5.22509 8.06954 13.638
v 5.38238 8.43129 -14.001
v 5.91449 8.51116 -13.1976
v 5.40466 8.56308 13.3822
v 5.37169 8.54805 13.59
v 5.58902 9.14255 -12.7457
v 5.05074 9.05046 13.0589
v 5.24394 9.75366 -12.2562
v 5.77599 9.80633 -11.446
v 5.3455 9.74989 12.7699
v 5.41001 10.3735 -10.9132
v 5.65312 10.4068 12.395
v 5.15891 11.0855 -9.72182
v 5.81897 11.2309 -8.26851
v 5.5495 11.0963 11.6338
v 5.54434 11.823 -6.97825
v 5.48147 11.7023 10.7749
v 5.12543 12.24 -6.27607
v 5.30848 12.3831 -5.26795
v 5.90288 12.3461 -4.07955
v 5.54165 12.6128 8.83943
v 5.47706 12.2104 9.83017
v 5.60851 12.759 -2.62003
v 5.45548 13.0037 -1.36332
v 5.3078 13.2011 -0.0584679
v 6.15195 13.0479 1.21572
v 6.03052 13.1995 2.56619
v 5.43666 13.2359 5.81441
v 5.57241 13.0384 7.15747
v 6.07666 12.8544 8.16201
v 5.17085 13.3478 1.29741
v 5.34473 13.3944 3.12709
v 5.25183 13.3959 4.60792
v 5.80285 13.3057 5.47681
v 7.22651 -8.73766 -24.9018
v 6.91092 -8.88076 -23.5728
v 7.04425 -9.04907 -22.3575
v 6.69219 -8.87933 -20.8068
v 7.0138 -8.82379 -19.7103
v 7.52578 -8.63454 -18.3963
v 7.46628 -8.24302 -26.2149
v 6.74275 -8.25863 -25.1786
v 6.61064 -8.59241 -24.1535
v 7.03257 -8.26194 -18.1517
v 6.85196 -7.60935 -26.362
v 6.55082 -7.86856 -17.9151
v 7.10291 -7.73133 -17.2984
v 7.07635 -7.14009 -26.9166
v 7.05686 -7.17692 -16.9076
v 7.28707 -6.26374 -27.3553
v 6.98154 -6.69442 -27.1627
v 6.83448 -6.64789 -16.9228
v 6.37253 -5.67489 -27.4308
v 6.92116 -5.89463 -27.2036
v 6.61587 -5.77509 -18.1549
v 6.63658 -5.93116 -17.1034
v 7.29842 -5.83548 -7.60551
v 6.81739 -5.98366 -6.73985
v 7.00385 -5.89545 -5.53911
v 7.02763 -5.81424 -4.26101
v 7.3831 -5.94335 -3.23961
v 7.32165 -5.37152 -27.4043
v 7.14689 -5.41865 -26.933
v 7.05397 -5.33776 -17.6632
v 7.35791 -5.13693 -17.2372
v 6.8879 -5.39158 -8.44575
v 7.07965 -5.44286 -6.94741
v 7.33256 -5.56736 -5.53619
v 7.51827 -5.44672 -3.52129
v 7.13141 -5.37549 -2.60402
v 7.18887 -5.24283 -1.73714
v 6.46702 -4.96661 -27.6066
v 7.25843 -4.67622 -27.071
v 6.76121 -4.75861 -16.8511
v 6.29408 -4.73959 -11.0949
v 6.99447 -4.75496 -9.74679
v 6.78777 -4.93026 -8.99432
v 7.29361 -4.77534 -0.937577
v 6.99239 -4.50171 -0.316923
v 6.32991 -4.24129 -27.432
v 7.00139 -3.87536 -26.7976
v 7.09894 -4.05371 -16.985
v 6.5062 -4.03495 -12.216
v 7.24276 -3.99738 -10.8161
v 6.92884 -4.37271 -10.0195
v 7.12267 -4.18191 0.244859
v 7.0871 -3.54369 -26.2657
v 7.14238 -3.37148 -25.6075
v 7.56417 -3.57512 -17.8823
v 6.81782 -3.53167 -16.5549
v 6.57839 -3.23708 -13.3873
v 6.60108 -3.63728 -12.2065
v 7.23817 -3.70314 -11.0653
v 6.87518 -3.68387 1.52153
v 6.67973 -3.35601 2.8151
v 6.56728 -3.02022 -26.2536
v 7.32435 -2.99162 -25.2311
v 7.39687 -2.87748 -17.8348
v 6.46427 -2.82994 -17.0682
v 6.27257 -2.76128 -15.1448
v 6.81534 -2.69002 -13.9522
v 7.49497 -2.60312 -12.8059
v 7.47556 -2.71425 3.08931
v 6.58344 -3.05504 4.13841
v 6.47402 -2.75484 5.92705
v 6.78118 -2.63585 7.30907
v 6.91861 -2.32095 -25.1725
v 6.94212 -2.08555 -19.3535
v 6.68872 -2.1894 -17.966
v 6.68205 -2.28558 -16.921
v 6.66171 -2.30585 -15.5813
v 7.25627 -2.04643 -14.108
v 7.44582 -2.41886 4.27673
v 7.4925 -2.34244 5.64727
v 7.0275 -2.25243 7.50884
v 7.19052 -2.30275 8.15022
v 7.16395 -2.01276 9.3427
v 6.33675 -1.81903 -25.015
v 6.83692 -1.69338 -23.6249
v 6.78032 -1.50513 -22.2679
v 6.83746 -1.60517 -20.9475
v 6.84787 -1.65537 -19.5396
v 7.00662 -1.66025 -18.1452
v 7.03625 -1.81744 -16.4736
v 7.16945 -1.42721 -15.4769
v 7.4314 -1.40427 -14.6358
v 7.37484 -1.89287 7.84208
v 7.23323 -1.79771 8.19857
v 6.30638 -1.14065 -24.6211
v 6.69531 -0.950334 -23.8249
v 7.05462 -0.822172 -22.5572
v 7.06654 -0.898153 -20.9352
v 7.45605 -0.797732 -19.5597
v 7.43522 -0.901957 -18.296
v 7.29545 -1.16847 -16.6673
v 6.65341 -1.18952 9.25164
v 7.00489 -0.939878 9.55667
v 6.37479 -0.387877 -23.6228
v 6.80994 -0.229901 -22.3644
v 7.1157 -0.166606 -21.0778
v 7.36012 -0.176564 -19.3461
v 7.45805 -0.28584 -18.0655
v 7.47146 -0.489358 -16.8238
v 7.48535 -0.716107 -15.5958
v 6.75403 -0.523385 10.2814
v 6.40519 -0.166564 10.9243
v 6.39992 0.358059 -22.4267
v 6.80813 0.465376 -21.152
v 7.43029 0.407791 -18.1625
v 7.52797 0.289666 -17.3317
v 7.05231 0.347099 11.2545
v 6.28327 1.04523 -21.6414
v 7.2086 0.501947 -19.4311
v 7.48591 0.996824 -17.4153
v 6.72028 0.7896 11.7602
v 6.59018 1.12336 -20.7951
v 6.97884 1.17205 -19.5117
v 7.33309 1.40186 -17.8677
v 7.58802 1.59008 -16.6577
v 6.31579 1.22048 12.1397
v 6.67115 1.82879 -19.5775
v 7.10598 1.78744 -18.3206
v 7.4417 2.30956 -16.7309
v 6.72835 1.90915 12.5839
v 6.47806 2.49765 -19.2096
v 6.98318 2.43093 -17.9722
v 6.79118 2.68651 13.0929
v 6.66543 3.10489 -18.0266
v 7.20898 3.02433 -16.7882
v 7.57458 2.99408 -15.9481
v 7.34515 3.42101 13.6087
v 6.48694 3.75028 -17.6917
v 6.89354 3.71581 -16.8739
v 7.29605 3.6971 -16.0447
v 6.44798 3.54796 13.4805
v 6.72464 4.38469 -16.5466
v 7.36436 4.4317 -15.2884
v 7.02483 4.29616 13.9304
v 6.52565 5.05169 -16.2198
v 6.97547 5.11204 -15.3825
v 7.42076 5.17233 -14.5372
v 6.72489 5.1912 14.0943
v 6.53255 5.77633 -15.4602
v 7.23381 5.87691 -14.2079
v 6.50325 6.47257 -14.7706
v 6.98785 6.54246 -13.9473
v 6.91534 6.01725 14.296
v 7.46557 6.60598 -13.1131
v 6.70393 6.94038 14.25
v 6.49284 7.18955 -13.9977
v 7.23629 7.28948 -12.7509
v 7.4295 7.63516 14.4439
v 6.72372 7.92496 -12.7948
v 7.4686 8.00379 -11.5461
v 6.52739 7.83729 14.0706
v 6.43563 8.57762 -12.3815
v 7.19098 8.63713 -11.1296
v 6.8256 8.60221 13.9652
v 6.63061 9.24037 -11.1113
v 7.38164 9.25271 -9.85845
v 6.23146 9.53794 13.283
v 7.13654 9.33292 13.7591
v 6.29801 9.83527 -10.6236
v 6.80807 9.83858 -9.78912
v 7.30621 9.80981 -8.94501
v 6.9949 10.1164 13.1929
v 6.19702 10.3958 -9.67729
v 6.95922 10.35 -8.41784
v 7.10159 10.8055 -6.99248
v 7.49464 10.567 -2.01624
v 7.32398 10.7193 -1.87637
v 6.59573 10.8683 -7.84161
v 6.46865 11.3204 -6.79487
v 7.2288 11.1929 -5.51045
v 7.35227 11.0461 -2.2241
v 7.02872 11.1166 -1.76177
v 7.2231 11.386 11.9876
v 6.86956 10.8323 12.5088
v 6.58644 11.685 -5.27633
v 7.0322 11.7609 -3.85348
v 7.10787 11.7517 -2.38406
v 7.19547 11.8481 -1.37497
v 6.54274 11.7794 11.0989
v 7.07843 12.4071 -2.64335
v 6.93201 12.1957 -1.57556
v 7.25135 12.4153 -0.0546649
v 7.4167 12.6052 1.62127
v 6.78878 12.4293 9.82813
v 7.262 12.9704 -2.45678
v 7.04656 12.935 -1.57501
v 6.56705 12.7886 0.340777
v 6.7264 12.9364 2.06499
v 6.96532 12.9563 3.16169
v 6.86947 13.0809 4.53159
v 6.56198 13.1206 6.04688
v 7.05476 12.9909 7.10082
v 7.182 12.8038 8.4974
v 7.31197 13.4733 -2.23878
v 7.37991 13.6045 -1.65373
v 8.35064 -9.24281 -22.1567
v 8.53242 -9.29068 -20.8282
v 8.68197 -9.32165 -19.7349
v 8.24927 -8.68517 -26.216
v 8.09052 -8.86567 -25.275
v 8.17668 -9.09034 -23.8429
v 8.26829 -9.22068 -22.5187
v 8.48834 -9.22725 -21.5076
v 7.62427 -9.02193 -19.407
v 8.29961 -8.94164 -18.3587
v 8.33218 -8.32289 -26.6467
v 8.04614 -8.53949 -17.7491
v 8.38759 -8.22534 -17.0484
v 8.65579 -7.86585 -27.1159
v 8.28275 -7.65081 -16.4515
v 8.65128 -6.98461 -27.3489
v 8.04374 -7.10183 -27.2195
v 7.99724 -6.97313 -16.0791
v 8.67917 -6.83115 -15.5973
v 8.50637 -6.31142 -27.3979
v 8.43329 -6.31555 -27.3035
v 7.77249 -6.43668 -16.0947
v 8.45476 -6.29121 -15.612
v 8.19294 -5.87597 -27.3861
v 7.75887 -6.10695 -27.2813
v 8.24955 -5.71657 -16.1991
v 8.70708 -5.85621 -15.8804
v 8.66811 -5.90895 -7.97203
v 8.43268 -5.79724 -6.77124
v 8.31215 -5.97248 -5.61846
v 8.32018 -5.92095 -4.17835
v 8.16088 -5.75199 -2.86658
v 8.89223 -5.5263 -27.4245
v 7.98365 -5.20204 -26.6002
v 7.95083 -5.39798 -16.6598
v 8.2642 -5.08873 -9.6344
v 8.03815 -5.35149 -8.4554
v 8.9728 -5.53691 -2.52194
v 8.39756 -5.29814 -1.44914
v 8.49229 -5.02567 -0.523661
v 8.21991 -4.65959 -26.5834
v 8.36515 -4.72519 -25.901
v 8.36097 -4.74593 -16.9921
v 7.91443 -4.74154 -9.70938
v 8.06336 -4.78967 -1.22158
v 8.80936 -4.46145 -0.134172
v 8.46664 -3.9339 -26.0101
v 8.86532 -4.30924 -25.5494
v 8.05735 -4.16172 -17.743
v 8.19373 -3.91739 -10.6183
v 7.89362 -3.93316 0.39386
v 7.96416 -3.55944 -26.393
v 8.5206 -3.40598 -25.2246
v 8.79909 -3.26002 -19.2513
v 8.23777 -3.4735 -18.2813
v 8.0074 -3.29473 -10.7844
v 8.61873 -3.64484 0.669453
v 8.09994 -3.31105 1.21739
v 8.48855 -2.95421 -25.1301
v 8.122 -2.87571 -23.6297
v 8.33516 -2.69555 -22.3668
v 8.48548 -2.67234 -21.1124
v 8.27328 -2.85465 -19.5887
v 8.92057 -3.12765 -18.4916
v 7.85033 -2.60154 -12.0028
v 8.14651 -2.66904 -10.8897
v 8.07635 -2.94785 1.8231
v 7.76931 -2.42507 -24.7318
v 8.2991 -2.36064 -23.6145
v 8.26395 -2.14789 -22.4811
v 8.0724 -2.20507 -20.9813
v 7.75556 -2.30854 -19.2698
v 8.0806 -1.95432 -12.5229
v 8.45803 -2.12026 -10.5742
v 8.69727 -2.36765 -10.0883
v 8.07972 -2.31187 2.95163
v 8.10729 -1.94368 4.7629
v 8.02893 -2.01583 6.23176
v 7.94947 -2.11216 7.40443
v 8.23352 -2.24223 8.74296
v 8.38111 -2.16281 9.59627
v 7.83548 -1.33656 -13.8344
v 8.64436 -1.92724 -11.308
v 8.82487 -1.68842 -9.95796
v 8.67773 -1.84427 2.74344
v 8.86214 -1.39528 4.66235
v 8.37956 -1.61745 5.96319
v 7.97034 -1.73961 6.83134
v 7.88743 -1.61206 8.38797
v 8.66252 -1.78137 9.81153
v 8.42668 -1.27566 -12.6204
v 8.96144 -1.31973 4.09126
v 8.73467 -1.19941 7.24967
v 8.08134 -1.27824 8.6656
v 8.42112 -1.06156 10.4001
v 7.74796 -0.696173 -14.747
v 8.12509 -0.635327 -13.9258
v 8.70006 -0.569006 -12.69
v 8.02906 -0.47473 10.3805
v 8.84605 -0.402594 11.5324
v 7.60067 0.14215 -16.5116
v 7.84094 0.0263795 -15.2568
v 8.3371 0.0894355 -13.9947
v 8.70846 0.139893 -13.1581
v 8.47068 -0.0101155 11.4908
v 7.63932 0.863848 -16.5897
v 7.97052 0.774938 -15.3204
v 8.46523 0.830479 -14.0456
v 8.82381 0.879868 -13.1948
v 7.9656 0.512108 11.4503
v 8.63363 0.612936 12.2377
v 7.99996 1.52711 -15.3799
v 8.50578 1.57904 -14.0885
v 8.8593 1.62723 -13.2201
v 8.40309 1.23217 12.5586
v 7.92542 2.2732 -15.4456
v 8.4911 1.9451 13.1909
v 8.63238 2.34838 -13.7062
v 8.15894 2.64275 13.4689
v 7.93819 3.01751 -15.0894
v 8.49648 3.08392 -13.7841
v 8.27625 3.40993 14.0083
v 7.68873 3.73358 -15.1884
v 8.27886 3.80449 -13.8884
v 8.85584 3.87508 -12.5679
v 7.99106 4.51043 -14.0002
v 8.60473 4.5861 -12.6926
v 8.41572 4.19819 14.4656
v 7.86055 5.23011 -13.6834
v 8.50305 5.30896 -12.3823
v 8.10983 5.02479 14.6075
v 7.83496 5.87047 14.6333
v 8.77875 5.81394 15.0769
v 8.1439 5.99348 -12.5122
v 8.79468 6.05297 -11.2239
v 7.93266 6.66222 -12.2666
v 8.60202 6.7081 -10.9682
v 8.0689 6.68816 14.7712
v 8.18378 7.37368 -11.041
v 8.85353 7.36089 -9.74253
v 8.35917 7.48791 14.8094
v 7.94374 8.01897 -10.7037
v 8.40133 8.00123 -9.84523
v 8.84003 7.95464 -8.97225
v 8.68601 8.26057 14.7496
v 7.9178 8.63881 -9.85118
v 8.60628 8.56537 -8.55256
v 7.74192 8.40864 14.3739
v 7.86163 9.2162 -9.01756
v 8.32578 9.14603 -8.16493
v 8.7441 9.30383 -6.83195
v 8.71305 9.52284 -2.48498
v 8.06469 9.14775 14.1948
v 7.79093 9.75052 -8.09236
v 8.21877 9.91306 -6.7607
v 8.63878 10.0366 -5.43959
v 8.28183 9.91322 -2.31224
v 8.38037 9.84297 13.8936
v 7.69925 10.2531 -7.14504
v 7.83858 10.6641 -5.70646
v 8.55577 10.4631 -4.41676
v 8.02459 10.409 -2.22857
v 7.62003 10.6721 -1.89051
v 8.24673 10.5615 13.2468
v 7.97579 11.0129 -4.21947
v 8.22636 11.1943 -2.9017
v 8.2712 11.1218 -1.65165
v 8.79613 11.416 -0.269229
v 8.13046 11.2072 12.4991
v 7.93541 11.7656 -2.48728
v 8.15638 11.6842 -1.50839
v 8.18079 11.9096 0.0307696
v 8.72586 11.7505 0.893061
v 8.36412 11.8141 11.4642
v 8.13735 12.2755 -3.0196
v 7.99309 12.3139 -1.21928
v 8.37208 12.1356 1.66218
v 8.29101 12.4114 2.90304
v 8.51339 12.5891 4.6171
v 8.63213 12.6305 8.3966
v 8.13402 12.4013 10.0692
v 8.34396 12.9707 -2.76664
v 8.27973 13.0842 -1.2796
v 7.90709 12.7029 3.76408
v 7.99632 12.8641 5.84977
v 7.99412 12.8352 7.62874
v 8.29898 12.6672 8.75959
v 8.41829 13.6081 -2.897
v 8.21875 13.5357 -1.27747
v 8.45051 14.2676 -2.22746
v 8.16267 14.1361 -1.76076
v 9.83209 -9.25692 -23.8223
v 9.40676 -9.30753 -22.2705
v 9.57954 -9.37738 -21.0685
v 9.49214 -9.36343 -19.4535
v 9.93513 -9.29531 -18.6876
v 9.68031 -8.93579 -26.406
v 9.58832 -9.19357 -25.0398
v 10.0161 -9.15655 -18.1372
v 10.3494 -9.00111 -17.2191
v 9.60202 -8.20117 -27.3784
v 10.1418 -8.46254 -27.0422
v 9.70806 -8.35183 -16.6853
v 9.331 -7.76397 -27.4256
v 9.25694 -7.58936 -27.2731
v 9.86699 -7.65674 -15.8485
v 9.78371 -7.01032 -27.3872
v 9.41268 -7.22545 -15.5899
v 9.17649 -6.57139 -27.3636
v 9.68913 -6.56002 -27.3149
v 9.86496 -6.43045 -15.3311
v 9.86492 -6.33963 -8.25314
v 9.671 -6.46658 -6.94974
v 9.50643 -6.38544 -5.50869
v 10.0128 -6.33011 -4.10901
v 9.81417 -5.88448 -27.5038
v 9.33003 -6.07422 -15.5069
v 9.72111 -5.78767 -9.35471
v 9.27734 -5.95649 -8.71457
v 9.0987 -5.92518 -3.71533
v 9.78638 -5.82013 -2.60601
v 9.63944 -5.26014 -27.0418
v 9.57565 -5.16566 -15.8595
v 9.53276 -5.18065 -9.96539
v 9.79941 -5.21071 -1.54061
v 9.94626 -4.64379 -26.7839
v 9.55439 -4.64504 -16.6182
v 9.54449 -4.67011 -10.3371
v 9.48267 -4.7622 -0.78665
v 10.0793 -4.37458 -0.281103
v 9.58308 -4.13983 -26.1915
v 9.33322 -3.85221 -25.1215
v 9.53619 -3.95564 -17.4805
v 10.2426 -4.3582 -16.9279
v 9.74514 -4.21322 -10.4872
v 9.28677 -4.10434 0.439216
v 9.84953 -3.42965 -24.7901
v 9.53187 -3.40126 -24.3525
v 9.71177 -3.51707 -17.9755
v 9.7327 -3.57469 -10.5644
v 10.1691 -3.53396 0.507732
v 9.31327 -3.43708 1.15389
v 9.28805 -2.99964 -24.9071
v 9.7073 -2.82555 -24.0336
v 9.70973 -2.60343 -22.9019
v 9.48659 -2.77947 -19.1694
v 9.8287 -3.13067 -18.5652
v 9.68497 -2.78671 -9.98277
v 9.81993 -2.87921 1.43464
v 10.246 -2.3668 -23.5045
v 9.86877 -2.08585 -22.3243
v 9.52502 -2.22569 -21.0668
v 9.54388 -2.49797 -19.8857
v 9.74883 -2.13987 -9.2593
v 10.0918 -2.03084 1.5458
v 9.43131 -2.01281 8.51577
v 9.27493 -2.16721 9.91638
v 9.28285 -1.79471 -10.6602
v 9.68289 -1.54383 -9.38712
v 10.1016 -1.60988 -8.31035
v 9.59625 -1.627 1.91921
v 9.14707 -1.34246 2.72205
v 9.01568 -1.40853 5.14307
v 9.63269 -1.64576 9.05552
v 9.34929 -1.81713 9.9899
v 10.1262 -1.59192 11.0167
v 9.30539 -1.17354 -11.0412
v 10.1155 -1.02808 -9.90987
v 9.70614 -1.11333 -8.03058
v 10.2063 -1.15748 -6.82914
v 9.6807 -0.969092 1.58073
v 9.21575 -1.20704 2.90681
v 9.44424 -1.12826 4.21049
v 9.5056 -1.06506 6.07925
v 9.31953 -0.885281 7.15088
v 9.64712 -0.982676 8.93883
v 10.0641 -1.10446 11.4601
v 9.53021 -0.457607 -11.0546
v 10.2336 -0.31596 -9.83835
v 10.0907 -0.337842 -1.25166
v 10.0268 -0.714889 0.0445866
v 9.83728 -0.422966 1.61475
v 10.378 -0.420744 4.65671
v 10.1912 -0.637837 5.4237
v 10.0395 -0.425988 7.10614
v 10.0926 -0.368185 8.74939
v 9.61112 -0.649494 11.7869
v 9.53276 -0.209403 12.3071
v 9.07213 0.178418 -12.3152
v 9.64572 0.272331 -11.0478
v 10.2156 0.395975 -9.7616
v 10.0967 0.338586 -3.87791
v 10.1071 0.0181385 -2.56118
v 10.277 0.454702 -1.20772
v 10.044 0.036421 0.159002
v 10.2838 0.0837162 1.49186
v 9.77293 0.19411 12.7573
v 9.17156 0.921837 -12.3358
v 9.64703 1.00441 -11.0239
v 9.96026 1.06447 -9.67719
v 10.047 1.01337 -8.32474
v 10.0836 0.892499 -6.97993
v 10.0978 0.689712 -5.64621
v 9.33532 0.825106 13.0235
v 10.1465 1.07728 13.7078
v 9.20085 1.67082 -12.3401
v 10.3686 1.6988 -7.72995
v 9.55555 1.51006 13.6645
v 9.66249 1.74595 -10.9878
v 10.0384 1.79561 -9.60158
v 10.2261 1.77069 -8.66608
v 9.74976 2.23924 14.1983
v 9.15757 2.41601 -12.3764
v 9.63208 2.48539 -11.0077
v 10.041 2.52687 -9.60673
v 10.263 2.50379 -8.65861
v 9.05167 2.72873 14.0646
v 9.04206 3.15179 -12.4554
v 9.54508 3.21734 -11.0903
v 9.99791 3.25358 -9.69668
v 10.2622 3.23317 -8.75388
v 9.57561 3.24162 14.6044
v 9.39697 3.93948 -11.2167
v 9.90011 3.97337 -9.84241
v 10.2098 3.95174 -8.91654
v 10.1386 3.76404 15.0541
v 9.18859 4.6531 -11.3558
v 9.91272 4.67285 -9.5479
v 10.3831 4.57576 -8.19906
v 9.84553 4.40666 15.1803
v 9.87388 5.34958 -9.28616
v 10.2056 5.27286 -8.39453
v 9.54075 5.05609 15.3217
v 9.12297 5.37692 -11.0576
v 9.51181 5.38267 -10.1755
v 10.1188 5.90555 -8.13995
v 9.74828 5.853 15.5555
v 9.39658 6.04512 -9.90976
v 9.99912 6.53544 -7.8698
v 10.3383 6.40315 -6.98453
v 10.2201 6.35765 15.687
v 9.23655 6.69542 -9.64228
v 9.63168 6.6328 -8.75691
v 10.2043 7.01267 -6.67094
v 9.70183 6.8861 15.4226
v 9.46576 7.25923 -8.42948
v 9.85461 7.6893 -6.77113
v 10.3889 7.44766 -5.45243
v 10.02 7.24843 15.494
v 9.26388 7.87578 -8.08909
v 9.65469 8.28605 -6.38402
v 10.0313 8.12755 -5.50864
v 10.3901 8.16221 -4.22616
v 10.0214 8.03182 15.3909
v 9.22731 8.67373 -6.84199
v 9.60865 8.78588 -5.54389
v 10.0101 8.6029 -4.67441
v 10.3762 8.8353 -2.92433
v 9.50899 8.94392 14.742
v 10.0883 8.79623 15.0874
v 9.1574 9.43043 -5.4875
v 9.78727 9.15726 -4.2052
v 9.52895 9.46686 -2.72997
v 10.2369 9.49464 14.6372
v 9.68012 9.94866 -3.86389
v 9.36653 9.93011 -2.60834
v 10.1272 9.77921 -1.40336
v 10.349 10.0676 0.0975136
v 9.86122 9.81559 14.2019
v 9.37138 10.4465 -3.53847
v 10.0233 10.4279 -2.19062
v 9.64979 10.3927 -1.196
v 9.86366 10.6743 0.332429
v 10.364 10.4687 1.19863
v 9.9821 10.8182 13.2006
v 9.66184 10.2977 13.8004
v 10.0859 10.9936 -3.79059
v 9.15721 11.0714 -2.52393
v 9.3431 11.0554 0.0316296
v 9.84932 11.0521 1.46165
v 10.1103 11.1445 2.47864
v 9.68207 11.1297 12.7142
v 9.94526 11.6164 -3.73153
v 9.777 11.6769 -2.33191
v 9.2775 11.5857 1.75687
v 9.23329 11.9167 2.95426
v 9.81894 11.7755 3.82232
v 10.3872 11.9814 5.9378
v 10.1808 11.7514 10.417
v 9.84227 11.6711 11.5208
v 9.42959 11.4845 12.3087
v 9.75196 12.35 -3.5924
v 9.51112 12.346 -2.29677
v 9.48582 12.1613 4.62498
v 9.42899 12.4271 5.91364
v 9.95052 12.3854 7.47418
v 9.33052 12.3818 9.11221
v 9.76999 12.1044 9.78847
v 10.0608 13.1323 -3.52827
v 9.46972 13.0011 -2.47365
v 9.04278 12.6638 6.81613
v 9.77366 13.5102 -3.05295
v 9.5217 13.5409 -1.78704
v 9.80607 14.1417 -2.597
v 9.32685 14.01 -1.75566
v 10.9623 -9.26725 -24.9301
v 10.892 -9.32087 -23.6557
v 11.1427 -9.3938 -22.4622
v 11.328 -9.4904 -20.8492
v 11.3919 -9.54471 -19.3941
v 10.8678 -9.3973 -18.3685
v 11.2019 -8.75816 -26.2479
v 11.6105 -9.1309 -25.4919
v 11.1386 -9.04167 -17.784
v 11.0527 -8.81702 -16.8642
v 11.0592 -8.2868 -26.7836
v 11.1757 -8.39577 -16.6691
v 10.891 -7.56301 -27.3434
v 11.4544 -7.83764 -27.0019
v 11.0992 -7.85472 -15.8077
v 11.1291 -7.12271 -27.5626
v 10.8654 -7.13455 -26.8965
v 11.1768 -6.98568 -15.3943
v 11.5707 -6.99375 -8.03462
v 11.2214 -7.0127 -6.71584
v 11.6721 -7.14825 -5.75797
v 11.2903 -6.5577 -27.6149
v 10.7448 -6.65461 -15.3357
v 11.624 -6.56602 -9.11912
v 10.9594 -6.42859 -8.12944
v 11.6352 -6.5681 -7.24241
v 10.722 -6.76401 -5.49119
v 11.0624 -6.59936 -4.16558
v 11.2295 -6.31587 -3.24199
v 10.8991 -6.08319 -27.3914
v 11.5849 -5.74614 -27.2708
v 11.1631 -5.77386 -15.5669
v 11.2378 -5.90546 -9.82395
v 11.1727 -5.96428 -2.49651
v 11.0356 -5.15789 -26.861
v 11.3362 -5.27956 -15.8992
v 11.2376 -5.15118 -10.3678
v 11.15 -5.3899 -1.39678
v 11.0976 -4.67499 -26.3371
v 11.0979 -4.5878 -16.6271
v 11.0941 -4.51611 -10.446
v 11.6858 -4.64422 -10.3889
v 11.181 -4.7391 -0.663221
v 11.257 -4.38994 -0.0676464
v 10.5094 -4.27212 -26.2685
v 11.4524 -4.03121 -25.4908
v 11.3384 -4.00753 -17.5033
v 10.447 -3.93982 -17.4486
v 11.0075 -4.11058 -10.6264
v 10.7084 -3.91375 0.0436856
v 10.7354 -3.47345 -25.0424
v 11.4503 -3.17999 -23.9396
v 11.09 -3.44656 -18.428
v 11.6052 -3.63949 -10.5323
v 10.9919 -3.20073 -10.3574
v 11.3498 -3.44668 0.373038
v 11.3489 -2.91968 -23.3801
v 11.3773 -2.63067 -22.4254
v 11.3081 -2.7321 -20.8394
v 11.0645 -2.91447 -19.7195
v 11.5655 -2.714 -10.004
v 11.4674 -2.75084 0.648615
v 10.5984 -2.55781 1.32833
v 10.5563 -2.45776 -22.2459
v 11.218 -2.17092 -9.38312
v 11.7797 -2.44499 0.762175
v 10.7838 -2.31961 1.11602
v 11.182 -1.64036 -8.22404
v 10.8232 -1.4554 -7.32676
v 10.8821 -1.54446 1.00442
v 10.5705 -0.934979 -9.09492
v 10.9675 -0.830666 -8.24794
v 10.9791 -1.05907 -6.97521
v 10.7673 -0.910279 -5.5396
v 11.6661 -0.807769 -2.99427
v 11.1804 -1.07327 0.493316
v 10.6535 -1.09534 10.1649
v 10.894 -0.945327 11.4281
v 10.8069 -0.171335 -8.54569
v 11.404 -0.657854 -6.47036
v 11.4221 -0.641408 -5.57867
v 11.6437 -0.623894 -4.35847
v 11.0069 -0.260256 -0.849073
v 10.9143 -0.613246 -0.131915
v 10.4355 -0.197335 2.95248
v 10.4703 -0.285899 3.82489
v 10.5722 -0.2791 5.93069
v 10.4372 -0.197942 7.04152
v 11.1131 -0.455404 9.91599
v 11.2626 -0.627089 11.2955
v 11.1815 -0.392042 12.3884
v 10.5124 0.47339 -8.87025
v 11.381 0.020483 -6.7468
v 11.6516 0.109175 -5.36242
v 11.5059 0.192161 -3.7812
v 11.4212 0.0684175 -2.57979
v 11.0323 0.0145605 -1.65121
v 10.4245 0.458673 0.298809
v 10.8975 0.410386 3.12802
v 10.9375 0.157576 4.39683
v 10.9704 0.0910098 5.78761
v 10.9405 0.379753 7.34055
v 10.9014 0.226601 8.88132
v 11.6827 0.160995 9.81293
v 11.2924 0.229925 13.2941
v 10.7289 0.542485 -7.95903
v 10.8811 0.589868 -7.03714
v 11.0057 0.589216 -5.65103
v 11.0447 0.527701 -4.27097
v 10.4409 0.806708 -2.59268
v 10.7348 1.1003 -1.32472
v 10.65 0.852212 0.0398226
v 10.7633 0.793371 1.45245
v 11.3883 1.00591 3.35357
v 11.3649 0.684821 4.58637
v 11.5872 0.83956 5.96453
v 11.4397 1.03554 7.73363
v 11.651 0.582349 9.32315
v 11.1953 0.787373 13.7624
v 10.4679 1.59243 -6.79449
v 10.5379 1.37211 -5.396
v 10.5332 1.1133 -3.99546
v 10.8328 1.49285 -2.62266
v 10.9173 1.42669 -0.820352
v 10.9342 1.3512 0.375387
v 11.1585 1.51473 1.24795
v 11.2798 1.17078 2.48872
v 11.6981 1.15608 6.9555
v 11.6654 1.14188 8.67789
v 11.0559 1.35522 14.2035
v 10.7586 2.10443 -5.34359
v 10.847 1.83431 -3.95582
v 11.0807 2.15849 -2.88478
v 11.1012 1.91796 -1.36194
v 11.1617 1.89357 -0.100777
v 11.5306 2.09377 1.47644
v 11.683 1.88478 2.32665
v 10.8775 1.93929 14.5145
v 10.448 2.43367 -7.70682
v 10.6015 2.32958 -6.75116
v 10.9113 2.8059 -5.53517
v 11.0495 2.5171 -4.19005
v 11.2672 2.71231 -2.71094
v 11.3257 2.54377 -1.27263
v 11.5045 2.59499 0.329364
v 10.6502 2.5375 14.7557
v 11.5879 2.86095 15.1248
v 10.5006 3.16186 -7.8171
v 10.6968 3.04379 -6.89916
v 11.0571 3.42022 -5.30418
v 11.2058 3.09563 -3.98906
v 11.4047 3.26251 -2.53769
v 11.5469 3.3226 -1.16711
v 11.7466 3.34287 0.191566
v 10.8758 3.30911 15.1203
v 10.4803 3.87027 -8.00614
v 10.8076 3.67577 -6.64804
v 11.0662 4.12774 -5.5214
v 11.2724 3.79994 -4.21605
v 11.4872 3.97443 -2.75115
v 11.6934 3.88183 -0.946555
v 11.5239 3.93049 15.6925
v 10.762 4.38308 -6.8542
v 11.1895 4.62958 -4.85892
v 11.3418 4.39169 -4.00047
v 11.5618 4.54938 -2.52526
v 11.711 4.42827 -1.39881
v 11.2517 4.48881 15.7624
v 10.6369 5.08603 -7.05896
v 11.0432 5.08801 -5.39353
v 11.2848 5.10715 -4.19386
v 11.4889 5.06149 -3.01323
v 11.6707 4.96599 -1.86482
v 11.2055 4.94109 15.7961
v 10.5874 5.71142 -6.81104
v 10.8557 5.54075 -5.92929
v 11.2624 5.69471 -3.9349
v 11.6292 5.70807 -1.97172
v 11.7936 5.38176 -1.16733
v 10.8133 5.62783 15.8085
v 10.7822 6.14512 -5.66328
v 11.0952 6.41261 -4.061
v 11.4781 6.22961 -2.4209
v 11.7334 6.1336 -1.2316
v 10.906 6.35425 15.8618
v 10.6866 6.75389 -5.35437
v 11.0088 7.00408 -3.72556
v 11.303 6.95829 -2.48594
v 11.5965 6.87813 -1.26607
v 11.3706 7.09368 14.6723
v 11.2761 6.90241 15.8374
v 10.7217 7.47401 -4.1834
v 11.0427 7.45544 -2.9317
v 11.3834 7.60922 -1.27066
v 11.731 7.53436 -0.00616742
v 10.6756 7.41317 15.7843
v 10.9059 8.02434 -2.52991
v 11.0978 8.32122 -1.23729
v 11.4405 8.04067 -0.402827
v 11.2755 7.87403 14.6664
v 10.6193 8.14612 15.4516
v 10.7446 8.58831 -2.07739
v 11.3177 8.61285 0.103909
v 11.626 8.93382 1.60632
v 10.671 8.77596 15.2548
v 10.739 9.00756 -1.17296
v 10.9845 9.29958 0.312113
v 11.7546 9.4073 2.71063
v 10.7082 9.46484 14.7874
v 11.1961 9.297 15.2769
v 10.9358 10.0388 -3.47084
v 10.9108 9.95701 -3.00289
v 11.0487 9.72946 1.39539
v 11.3756 10.07 2.95175
v 11.6606 10.179 11.9198
v 10.9107 10.0021 14.2186
v 11.5611 9.63142 15.3265
v 11.3278 10.6471 -3.61656
v 11.3794 10.6216 -2.68326
v 10.8679 10.2645 2.0701
v 10.9235 10.6908 3.21231
v 11.4625 10.5175 4.10201
v 11.5797 10.3065 11.8843
v 11.5009 10.4989 13.1041
v 11.0548 10.3515 13.8289
v 11.3433 11.2027 -3.73855
v 11.174 11.0414 -2.37134
v 10.4024 11.2622 3.49974
v 10.9695 11.1069 4.38453
v 11.5405 11.1561 5.88803
v 11.2606 11.0812 11.441
v 11.0848 10.8925 12.4751
v 11.4359 11.7365 -3.67435
v 11.1452 11.6897 -2.47736
v 10.4076 11.6387 4.6994
v 10.9917 11.5019 5.58792
v 11.2177 11.7819 7.29585
v 11.1576 11.8539 9.07796
v 10.7413 11.6265 10.3601
v 11.1219 12.3602 -3.66632
v 11.4514 12.3668 -2.90672
v 10.8141 12.0917 8.16129
v 10.89 13.0123 -3.55937
v 11.2004 12.9901 -2.86458
v 10.6542 13.4429 -3.46592
v 10.9418 13.5771 -2.85528
v 10.5753 13.9288 -2.80511
v 11.9822 -9.28748 -24.7819
v 12.2778 -9.40169 -23.5568
v 12.5167 -9.48332 -22.3195
v 12.6323 -9.55901 -21.0713
v 12.5072 -9.51649 -19.4426
v 12.2125 -9.23971 -18.3625
v 12.4178 -8.90926 -25.0852
v 13.0349 -9.1837 -23.6131
v 12.6275 -9.06199 -17.8502
v 12.1389 -8.77282 -17.3756
v 12.2292 -8.22467 -26.3286
v 12.9314 -8.55887 -25.4838
v 12.8617 -8.44389 -17.2074
v 12.4548 -7.63298 -26.6559
v 12.9719 -7.97571 -25.7886
v 12.7877 -7.78167 -16.357
v 12.2809 -7.4682 -15.8414
v 12.5393 -7.43148 -6.18747
v 12.6821 -7.50493 -5.36934
v 12.9391 -7.4786 -4.56027
v 12.3158 -7.05804 -27.6314
v 12.9991 -7.21036 -27.2518
v 12.0798 -7.33569 -15.6781
v 12.4504 -7.05161 -7.72401
v 12.4688 -7.28435 -6.98272
v 12.316 -7.06719 -5.27968
v 12.6748 -7.03945 -4.11853
v 12.1082 -6.36242 -27.5921
v 13.0819 -6.29649 -16.05
v 12.4628 -6.65593 -15.6097
v 12.4946 -6.38674 -9.00881
v 12.464 -6.74335 -8.3947
v 12.0267 -6.74528 -6.57708
v 11.8538 -6.62083 -3.66423
v 12.6631 -6.59175 -3.17358
v 12.3671 -6.0663 -27.4446
v 12.941 -5.73746 -27.0141
v 12.3894 -6.0237 -15.7077
v 12.532 -5.9878 -9.56673
v 12.5876 -5.98681 -2.16542
v 12.5541 -5.23892 -26.7528
v 12.6429 -5.33396 -16.3759
v 12.5698 -5.28584 -10.21
v 12.591 -5.24371 -1.27717
v 12.2068 -4.79075 -26.1126
v 12.7491 -4.53753 -25.4725
v 12.2639 -4.7125 -16.8989
v 12.5025 -4.78556 -10.3094
v 12.8955 -4.6044 -0.646477
v 12.2517 -4.07923 -25.244
v 12.9028 -3.84694 -24.1071
v 13.1373 -3.82388 -19.2996
v 12.6453 -4.10619 -18.0915
v 12.2952 -4.0293 -10.5105
v 12.0853 -4.05277 -0.130406
v 12.2256 -3.53131 -23.7973
v 12.8285 -3.4094 -22.1568
v 12.7137 -3.33668 -20.7625
v 12.6354 -3.51281 -19.6518
v 12.5049 -3.33762 -10.2683
v 12.9324 -3.29442 -0.0320894
v 12.0603 -3.0529 -22.2894
v 12.2481 -3.08351 -21.4501
v 12.6268 -2.8586 -9.53076
v 13.1693 -2.5539 -8.89965
v 12.1286 -2.90335 0.355549
v 12.1713 -2.30679 -9.49466
v 12.7802 -1.967 -8.88723
v 12.6465 -1.94918 0.00322058
v 12.4319 -1.524 -8.12126
v 12.2382 -1.62979 0.0672849
v 12.4 -1.01991 -6.9162
v 12.3 -0.899939 -5.59538
v 12.5566 -0.832755 -2.52779
v 12.3181 -1.08569 -1.02869
v 11.8094 -0.735764 -0.176117
v 12.6013 -0.691809 -4.14405
v 11.9713 -0.318431 -2.95699
v 12.0014 -0.455852 -1.50835
v 11.8055 -0.401189 11.6643
v 11.8938 -0.125328 12.6723
v 12.3778 0.382703 10.598
v 12.3773 0.0973495 11.6062
v 11.9106 -0.0160025 12.6858
v 12.3986 0.791948 10.0607
v 12.9662 0.83596 11.2033
v 12.6322 0.660351 13.1681
v 11.8125 1.69517 3.18646
v 11.8319 1.35653 4.42522
v 12.0652 1.54155 5.87133
v 12.6961 1.3504 9.88522
v 12.6715 1.47692 14.1138
v 12.2569 2.05849 4.30621
v 12.442 2.13038 6.20233
v 12.1455 1.83296 7.3656
v 12.3491 1.84048 8.73336
v 12.9601 1.9315 9.60966
v 13.0336 2.07276 14.8017
v 12.7228 2.11217 15.2193
v 11.9672 2.73082 1.77833
v 12.2095 2.40779 3.05875
v 12.6352 2.78633 4.22657
v 12.7334 2.63894 5.82181
v 12.68 2.58987 7.42246
v 12.9774 2.56417 8.82154
v 12.9254 2.52669 14.8537
v 12.5705 2.60784 15.3616
v 12.4247 3.35781 2.10112
v 12.5763 3.13959 2.96517
v 12.9659 3.41466 4.61263
v 13.0344 3.13623 5.42999
v 13.122 3.42139 7.06101
v 13.1948 3.31215 7.97637
v 12.3104 3.23397 15.5369
v 11.9802 3.92965 0.47594
v 12.3797 3.87303 1.66135
v 12.7636 3.90652 2.91833
v 12.8748 3.66924 3.77333
v 12.2807 3.73943 15.5347
v 11.9908 4.49103 0.0576571
v 12.3207 4.39323 1.21836
v 12.8672 4.68176 2.90438
v 13.0557 4.44001 3.76594
v 12.1939 4.28821 15.7871
v 11.9458 5.04185 -0.376258
v 12.5162 5.04626 1.61546
v 13.1523 5.21651 3.77783
v 12.1709 5.0732 15.8335
v 12.0438 5.64333 -0.0254069
v 12.5109 5.82597 1.61782
v 12.9149 5.4586 2.91121
v 12.8724 5.52337 15.9212
v 12.7769 5.47114 16.3658
v 11.9775 6.40835 -0.0414944
v 12.594 6.46894 2.07256
v 12.8962 6.23293 2.94446
v 13.1728 5.99273 3.81717
v 12.6124 6.1713 15.6348
v 12.6132 6.45984 16.4364
v 11.9798 7.01243 0.383176
v 12.2832 6.72709 1.21833
v 12.806 6.99929 2.99989
v 13.1253 6.76338 3.88234
v 12.7251 6.9534 15.59
v 12.2924 7.35683 1.69605
v 12.7959 7.68546 3.49393
v 12.9783 7.52137 4.28908
v 13.1262 7.64441 5.21077
v 12.878 7.58676 13.2083
v 12.4292 7.61684 14.1928
v 12.3829 7.39548 15.7812
v 12.3845 7.37482 16.4567
v 11.8951 8.21926 1.39196
v 12.7011 7.94306 3.40092
v 12.8242 7.93687 3.88257
v 13.1787 7.7953 5.39519
v 13.0552 8.02551 13.7394
v 12.217 8.25666 16.2786
v 12.2717 8.60105 2.93073
v 12.6747 8.99714 4.50216
v 13.1037 8.78702 5.41075
v 13.0517 8.97466 13.4712
v 12.8757 8.85942 14.2039
v 12.8015 8.88879 15.5779
v 12.2224 9.2031 3.60194
v 12.8469 9.49502 5.66045
v 13.074 9.4906 13.3548
v 12.8972 9.37876 14.3195
v 12.5889 9.27748 15.6597
v 12.1283 9.78495 4.2951
v 12.5014 10.167 5.9184
v 12.9779 9.98767 6.84867
v 12.5513 10.0937 12.8754
v 12.9394 9.89543 14.6603
v 12.7505 9.91577 15.7534
v 11.993 10.3443 5.00337
v 12.0683 10.7927 6.19422
v 12.5705 10.6284 7.12481
v 13.0147 10.4636 8.07627
v 13.0691 10.7062 10.2844
v 12.7526 10.543 11.7315
v 12.4054 10.6159 12.6059
v 12.4 10.4174 14.0486
v 12.9164 10.325 15.7677
v 11.8151 11.1774 -3.49529
v 11.8695 11.2065 -3.15206
v 12.0689 11.2095 7.4211
v 12.5098 11.0477 8.36922
v 12.5024 11.1415 9.84031
v 12.5263 10.8862 11.703
v 11.8614 10.8621 12.5719
v 11.8138 11.7022 -3.41499
v 11.8615 11.7033 -3.1355
v 11.8844 11.5301 8.69099
v 13.3225 -9.31137 -22.4065
v 13.4231 -9.36962 -21.1567
v 13.2914 -9.32013 -19.4962
v 13.3214 -8.73221 -24.8028
v 14.0133 -8.83118 -23.5211
v 14.0489 -9.05204 -22.4552
v 14.1716 -9.12639 -21.2121
v 14.0696 -9.10406 -19.5653
v 14.0959 -8.77636 -18.4015
v 13.7025 -8.29741 -24.9978
v 14.2902 -8.55133 -24.0169
v 13.7377 -8.56674 -17.7607
v 13.5486 -8.1655 -17.1255
v 13.9663 -7.66211 -26.2006
v 14.2216 -7.9903 -25.5663
v 14.5314 -7.69821 -17.9456
v 13.9696 -7.76556 -17.1744
v 13.7756 -7.57589 -6.58524
v 13.9654 -7.78219 -5.41053
v 13.9549 -7.70114 -4.06206
v 14.2885 -7.61268 -3.28784
v 13.8714 -7.10735 -26.7537
v 14.0835 -7.20557 -16.8912
v 13.5706 -7.00272 -8.25617
v 13.7292 -7.35522 -7.32957
v 13.4278 -7.24104 -3.7669
v 13.9423 -7.06542 -2.80544
v 13.937 -6.47206 -27.0505
v 13.5835 -6.58266 -16.6357
v 13.792 -6.38287 -9.28786
v 14.1725 -6.71364 -8.73905
v 13.7893 -6.53204 -2.46177
v 14.2179 -6.27928 -1.54992
v 13.6304 -5.70146 -26.9802
v 13.8022 -5.85491 -16.8258
v 13.8575 -5.91518 -9.73218
v 14.0191 -5.81779 -1.71919
v 13.6544 -5.39765 -26.3511
v 14.3791 -5.1286 -25.3382
v 14.3482 -5.24245 -17.7563
v 13.4662 -5.37117 -16.8976
v 14.1221 -5.17159 -10.0476
v 13.7288 -5.18877 -1.22917
v 13.6532 -4.73593 -25.5035
v 14.3267 -4.52266 -24.3686
v 14.5546 -4.5289 -19.509
v 13.9435 -4.83686 -17.9936
v 13.4037 -4.9077 -10.2099
v 14.2897 -4.69177 -0.917116
v 13.2555 -4.33081 -24.7779
v 13.844 -4.15453 -23.6064
v 14.254 -4.1086 -22.3662
v 14.1391 -4.04252 -20.9558
v 13.8637 -4.1131 -19.5874
v 13.8294 -4.34432 -18.8256
v 13.8317 -4.11138 -10.1441
v 14.5359 -3.92893 -0.581356
v 13.466 -4.0779 -0.388598
v 13.5043 -3.74097 -22.4644
v 14.2312 -3.56204 -9.86211
v 13.9321 -3.44776 -0.370457
v 13.8275 -2.93508 -9.63814
v 13.7122 -2.651 -0.323016
v 13.7829 -2.43294 -9.51434
v 14.1196 -2.10172 -8.27401
v 14.1457 -2.13046 -0.901058
v 13.4038 -2.04421 -0.435764
v 13.9775 -1.61304 -8.18019
v 14.245 -1.42902 -7.09328
v 13.7484 -1.59563 -1.1686
v 13.5856 -1.14875 -6.64223
v 13.734 -0.886036 -5.3592
v 13.7225 -0.828931 -3.81855
v 14.0192 -1.09043 -2.69637
v 13.2328 -1.14229 -1.53766
v 13.4985 1.32456 11.8351
v 13.5052 1.43572 13.0741
v 13.2247 1.44259 13.7936
v 13.5959 2.18083 10.4784
v 13.8382 1.89696 11.6456
v 14.2756 2.23897 13.2365
v 13.6475 2.12498 14.1438
v 13.7987 2.78764 10.2078
v 14.1133 2.48154 11.4029
v 14.4052 2.64225 13.0888
v 13.7442 2.48789 14.2237
v 13.5393 3.31189 8.93496
v 14.0277 3.39878 9.89515
v 14.4971 3.24202 11.6173
v 14.5641 3.14825 13.2391
v 13.917 3.11651 14.5639
v 13.4856 2.99905 15.0175
v 13.2571 3.77939 5.84357
v 13.8388 4.08996 8.58363
v 14.4909 3.67773 10.8507
v 14.1602 3.9065 14.7147
v 13.3352 3.55884 15.2089
v 13.2385 4.17978 4.61345
v 13.4608 4.5637 5.89504
v 13.4911 4.2157 7.1676
v 14.4712 4.15938 10.0485
v 14.351 4.31991 14.9419
v 13.7841 4.32006 15.4733
v 13.3442 4.95847 4.63373
v 13.6725 5.22722 6.40249
v 13.799 5.02367 7.30475
v 14.2215 4.88226 8.73176
v 14.2238 4.79739 14.8283
v 13.9942 4.85207 15.0866
v 13.4009 5.73889 4.68358
v 13.5646 5.47849 5.54364
v 14.034 5.83267 7.47368
v 14.3084 5.70463 8.42232
v 14.1899 5.54416 14.862
v 14.1144 5.84085 15.6832
v 13.8722 5.80038 16.4388
v 13.4015 6.51683 4.76647
v 13.6272 6.26504 5.65257
v 13.827 6.03077 6.55595
v 14.4788 6.51013 8.63205
v 14.139 6.34859 14.7007
v 14.1397 6.01232 15.4739
v 13.6592 7.05135 5.85496
v 14.0545 6.73252 7.22181
v 14.3652 7.03095 11.5317
v 14.0892 6.98998 12.3379
v 13.9661 6.88132 14.5565
v 13.5304 6.58482 14.9796
v 13.8802 6.97773 16.5799
v 13.3323 7.51165 4.66798
v 13.4274 7.58741 5.35672
v 13.9421 7.61214 6.99867
v 14.3979 7.36711 8.41359
v 14.27 7.7812 11.8038
v 13.7184 7.54857 12.6354
v 13.6393 7.60891 14.148
v 13.4293 8.07346 5.63126
v 13.8693 8.3765 7.26122
v 14.3635 8.13985 8.6997
v 13.5624 8.03986 13.3283
v 13.4039 8.23424 13.5746
v 13.7083 7.98401 16.5314
v 13.4342 8.58983 5.8931
v 14.0604 8.94813 8.49539
v 14.3805 8.8225 9.48327
v 14.4938 8.51393 12.3132
v 14.1088 8.86534 14.3888
v 13.9981 8.70733 15.6199
v 13.56 9.0042 16.4465
v 13.492 9.20653 7.05942
v 14.4288 9.29245 10.3587
v 14.514 9.25326 11.0576
v 14.3452 9.32391 13.3915
v 14.0253 9.24435 13.9108
v 14.0643 9.30921 15.9841
v 13.4094 9.81371 7.79732
v 13.7888 9.65591 8.76508
v 13.8351 10.0578 10.4371
v 14.0272 9.91116 11.2104
v 14.1208 9.92344 12.7984
v 14.0956 9.89051 14.0149
v 14.0132 9.96977 16.0046
v 13.39 10.3059 9.04581
v 13.5665 10.3998 11.3755
v 14.0154 10.4286 13.0281
v 14.1569 10.4061 14.3753
v 13.74 10.3303 15.5044
v 14.7126 -8.73407 -22.4381
v 14.8353 -8.80668 -21.1923
v 14.7687 -8.80941 -19.5158
v 14.6134 -8.09531 -24.8384
v 15.0097 -8.23562 -23.6602
v 15.2845 -8.35032 -22.4403
v 15.4097 -8.42182 -21.186
v 15.3605 -8.43226 -19.4984
v 14.886 -8.23023 -17.9256
v 15.8797 -8.03429 -6.56459
v 15.209 -8.09323 -5.49702
v 15.5507 -8.17468 -4.29533
v 15.9869 -8.13347 -3.10867
v 14.8967 -7.6134 -25.1647
v 15.5027 -7.8037 -23.6345
v 15.7774 -7.91457 -22.4204
v 15.8983 -7.9821 -21.1792
v 15.769 -7.789 -19.3762
v 15.3049 -7.60981 -18.394
v 15.3495 -7.4783 -7.86572
v 15.2701 -7.83668 -6.88024
v 14.817 -7.9466 -3.96724
v 15.2267 -7.65937 -2.47387
v 14.6537 -6.9895 -26.1382
v 15.314 -7.14284 -25.0953
v 15.7961 -7.28299 -23.9522
v 15.8734 -6.91467 -19.0138
v 15.0172 -7.02037 -17.7712
v 14.6803 -7.17152 -17.4165
v 15.3796 -7.12338 -8.49494
v 15.1089 -7.04674 -1.56738
v 15.0176 -6.48584 -26.0562
v 15.6594 -6.63284 -24.9963
v 15.0983 -6.42552 -18.0706
v 14.6307 -6.42592 -17.0416
v 15.5167 -6.47589 -9.267
v 15.0278 -6.73538 -8.96405
v 15.1052 -6.42731 -1.44394
v 15.7674 -6.25212 -0.533204
v 14.7081 -5.83926 -26.488
v 15.5018 -5.99253 -25.5495
v 15.4103 -5.76454 -19.1181
v 15.2643 -6.01297 -18.5126
v 15.2061 -5.76412 -9.77006
v 15.1889 -5.93062 -1.17106
v 15.4721 -5.6785 -0.481787
v 14.6573 -5.30773 -26.0785
v 14.9909 -5.10572 -24.8561
v 15.1958 -5.0181 -24.2547
v 15.5462 -4.99754 -22.075
v 15.5988 -5.18343 -21.0352
v 15.5316 -5.46938 -19.8794
v 15.0923 -5.39945 -18.3615
v 15.1856 -5.32793 -9.88871
v 15.1363 -5.35472 -1.19739
v 15.0762 -4.91446 -23.7453
v 15.3227 -4.88925 -22.7295
v 15.1732 -4.62044 -21.0297
v 15.2187 -4.86819 -19.8192
v 15.3315 -4.63094 -9.98241
v 15.658 -4.8475 -0.824692
v 15.1828 -4.14563 -9.8688
v 15.5885 -3.88348 -0.710067
v 15.331 -3.38187 -9.60817
v 15.0705 -3.55506 -0.677493
v 15.4738 -2.65196 -9.14358
v 15.3377 -2.69917 -1.05066
v 15.2973 -2.20004 -8.47383
v 15.3211 -2.19584 -1.51611
v 15.4286 -1.70221 -6.91488
v 15.8254 -1.39256 -4.23778
v 15.2184 -1.54206 -2.62387
v 14.8396 -1.73262 -1.88549
v 15.1195 -1.14261 -6.86489
v 15.3715 -1.19793 -5.4918
v 14.9106 -1.1819 -4.18793
v 14.7051 2.71856 12.8096
v 14.8343 3.27744 12.6518
v 14.6843 3.20815 13.591
v 15.0742 4.03547 11.8067
v 14.9164 3.70177 12.7058
v 15.0899 4.2883 11.8636
v 15.1989 4.42338 12.6177
v 14.9291 4.4402 14.1433
v 14.8512 4.93104 10.2082
v 15.2976 5.06267 11.5676
v 15.1162 5.15564 12.8614
v 14.6651 5.09971 14.3209
v 14.9029 5.68871 9.89731
v 15.3337 5.80056 11.1478
v 15.5414 5.59486 12.8348
v 15.3542 5.80631 14.1958
v 14.9576 5.94536 15.7689
v 14.9762 6.47315 10.1052
v 15.467 6.06119 11.5493
v 15.4005 6.35439 12.2492
v 14.9154 6.27216 13.6337
v 14.9604 6.36513 15.8786
v 15.2755 6.6618 10.5578
v 15.3354 6.85328 11.1511
v 15.3894 6.80525 12.8233
v 14.9008 7.05293 13.7034
v 14.984 6.8395 16.1342
v 15.126 7.14918 16.3945
v 15.1195 7.51277 10.3531
v 15.2722 7.62002 10.8929
v 15.3114 7.45771 12.9313
v 15.275 7.48551 16.0991
v 15.1211 7.48425 16.4386
v 14.8527 8.2842 10.3948
v 15.1699 8.00389 11.2653
v 15.149 8.17653 16.2289
v 15.3663 7.99126 16.4412
v 14.9546 8.53073 10.481
v 15.0973 8.56168 11.1996
v 15.8695 8.46582 12.7128
v 14.6698 8.87274 14.7194
v 14.9114 8.76571 15.6134
v 15.2523 8.6021 16.4135
v 14.6465 9.29446 10.6981
v 14.7179 9.26744 11.106
v 15.5474 9.24213 12.4883
v 14.8374 9.33926 14.3455
v 14.9009 9.33718 15.7572
v 14.7961 9.78585 12.0693
v 15.5405 9.75123 13.5369
v 14.8996 9.94254 14.2236
v 14.9373 9.90146 15.6209
v 14.6833 10.3073 12.855
v 14.8296 10.3698 14.2037
v 14.7198 10.2718 15.0672
v 17.2668 -8.66149 -4.16016
v 17.3685 -8.10626 -7.89139
v 16.6414 -8.21616 -6.89008
v 16.4666 -8.39561 -5.57896
v 16.549 -8.4143 -3.82394
v 16.6752 -8.18583 -2.49818
v 17.3823 -8.21976 -1.90254
v 16.1579 -7.42438 -22.3227
v 16.2407 -7.48077 -21.0625
v 16.1791 -7.49135 -19.7944
v 16.8415 -7.77566 -8.12211
v 16.6918 -7.6846 -1.30238
v 16.0112 -7.36151 -23.1472
v 16.3915 -6.86683 -22.6231
v 16.4789 -6.9392 -20.96
v 16.2614 -6.93358 -19.7377
v 16.6375 -7.22092 -8.81207
v 16.629 -7.26509 -0.709764
v 17.1672 -6.99674 -0.0999524
v 16.2438 -6.48929 -23.7612
v 16.5898 -6.30733 -22.4497
v 16.6089 -6.37164 -20.7783
v 16.3707 -6.36565 -19.546
v 16.0156 -6.35268 -18.7922
v 16.5478 -6.42503 -9.52157
v 16.1433 -6.78804 -0.577658
v 16.735 -6.48917 -0.0307244
v 16.2787 -5.88267 -23.9683
v 16.6541 -5.72358 -22.2497
v 16.637 -5.77873 -21.0117
v 16.3234 -5.79773 -19.8233
v 16.6621 -5.71522 -9.82899
v 16.9005 -6.0449 0.183943
v 16.2139 -5.31718 -23.7324
v 16.4117 -5.12971 -22.4264
v 16.3482 -5.21828 -21.2287
v 16.3913 -5.48327 -9.80038
v 16.071 -5.37588 -0.977923
v 16.791 -5.30965 0.0519776
v 16.7017 -4.67891 -9.72448
v 16.6055 -4.87516 -0.622133
v 17.2235 -4.40643 -0.265825
v 16.3029 -3.99615 -9.69072
v 16.5049 -4.04046 -0.661884
v 17.2422 -4.09641 -0.463502
v 16.7854 -3.46445 -9.34477
v 16.911 -3.5938 -0.748512
v 16.1122 -3.08579 -9.16204
v 16.936 -2.79092 -8.7467
v 16.6241 -2.88407 -1.22436
v 17.0812 -2.18251 -8.01371
v 16.9573 -2.21127 -2.22966
v 16.3927 -1.80586 -7.83188
v 16.8417 -1.5017 -7.04903
v 16.1129 -1.57453 -5.48842
v 16.5446 -1.60061 -3.993
v 16.8832 -1.77752 -2.70025
v 17.3401 -1.92372 -1.60741
v 16.6851 -1.28514 -6.453
v 16.7055 -1.0723 -5.42222
v 16.5839 -1.08065 -4.21296
v 16.7554 -1.32437 -3.0282
v 16.0271 6.66948 13.155
v 16.1601 7.10619 14.3369
v 16.0241 7.58722 12.8981
v 16.0671 7.35792 15.2615
v 16.1643 8.1177 14.127
v 16.111 8.49873 15.1513
v 16.128 9.1426 13.9424
v 18.022 -8.68255 -7.6354
v 17.8309 -8.76513 -6.67311
v 18.11 -8.95889 -5.48741
v 18.1131 -8.91551 -4.10609
v 18.5683 -8.84629 -2.93251
v 18.2519 -8.2848 -8.68837
v 17.4123 -8.39204 -7.2023
v 17.875 -8.57466 -2.59723
v 18.1296 -8.21398 -1.34386
v 18.1234 -7.60093 -9.48379
v 17.9882 -7.63955 -0.402487
v 17.7843 -7.12958 -9.47006
v 18.2407 -7.16735 0.325482
v 18.4585 -6.37031 -10.0113
v 17.7442 -6.69481 0.465713
v 18.3512 -6.3906 1.02302
v 17.9793 -5.98918 -9.98791
v 18.0078 -5.84145 0.976297
v 18.0714 -5.26715 -10.2406
v 17.8311 -5.26638 0.732652
v 18.4572 -5.2945 1.54387
v 18.231 -4.58344 -9.92368
v 17.8062 -4.69348 0.355912
v 18.2866 -4.44657 1.11107
v 17.806 -4.02984 -9.49114
v 18.1437 -4.11236 0.254457
v 18.6977 -4.03601 0.979035
v 18.3121 -3.51281 -9.13146
v 18.0068 -3.39675 -0.295032
v 18.4662 -2.8707 -8.5153
v 17.5878 -2.82537 -1.2255
v 18.0241 -2.32911 -7.93337
v 18.2369 -2.28288 -0.961808
v 18.1218 -1.7194 -6.89222
v 18.4864 -1.33322 -5.69263
v 17.9306 -1.39775 -2.53499
v 18.2093 -1.67812 -1.81636
v 17.6987 -1.15817 -5.35763
v 18.282 -1.1398 -4.06575
v 17.6169 -1.19525 -3.31541
v 19.7676 -9.51775 -6.84654
v 19.6984 -9.40293 -5.43938
v 19.9496 -8.69507 -9.19332
v 18.9638 -8.83032 -8.00956
v 19.0735 -9.02955 -6.8777
v 19.4796 -9.20731 -5.37766
v 19.8119 -9.19745 -4.10503
v 19.6387 -8.99251 -2.51401
v 19.1159 -8.6836 -1.81353
v 19.0189 -8.12873 -9.31014
v 18.8097 -8.46675 -8.64137
v 19.2312 -8.3476 -0.972081
v 20.0488 -8.28529 -0.507169
v 18.9951 -7.77625 -9.56789
v 19.4061 -7.72768 0.0807476
v 19.355 -7.14427 -9.86211
v 19.3781 -7.29969 0.651165
v 19.4225 -6.93664 1.02107
v 19.6087 -6.48158 -10.1085
v 19.819 -6.43009 1.6756
v 19.5831 -5.60895 -10.5218
v 19.8433 -6.08528 -10.3319
v 19.3238 -5.96461 1.86947
v 20.0912 -5.07371 -10.4941
v 18.9885 -5.31722 -10.0411
v 19.2264 -5.31333 2.2567
v 19.9266 -5.02774 2.83065
v 19.4818 -4.79887 -9.99251
v 18.8514 -4.77681 2.19994
v 19.5778 -4.48978 2.74204
v 19.6526 -4.10217 -9.73623
v 19.2229 -4.12538 1.76452
v 19.8504 -4.16126 2.47977
v 19.8335 -3.43293 -9.22771
v 19.1736 -3.19867 -8.74851
v 19.0856 -3.32409 0.323908
v 19.3507 -3.44692 1.57334
v 19.6875 -2.75444 -8.17607
v 19.3858 -2.89079 0.181116
v 20.164 -3.01404 1.35267
v 18.9735 -2.45975 -7.87331
v 19.4787 -2.11224 -7.15179
v 19.5669 -2.12409 -0.662391
v 19.7311 -2.52801 -0.0911044
v 19.9712 -1.83753 -6.36432
v 19.4618 -1.49763 -5.60228
v 20.1078 -1.3538 -4.30809
v 19.5399 -1.46294 -2.16185
v 19.353 -1.77861 -1.31263
v 18.9101 -1.23034 -4.8311
v 19.3039 -1.21631 -3.96554
v 19.2325 -1.28838 -2.96436
v 20.4067 -9.32803 -7.80743
v 21.144 -9.45792 -6.84338
v 20.6475 -9.64766 -5.53099
v 20.9399 -9.60176 -4.21717
v 21.1521 -9.45259 -3.06341
v 20.8053 -8.97375 -8.42706
v 21.5901 -9.13179 -7.50038
v 20.5925 -9.02952 -2.58963
v 21.0516 -8.73103 -1.61834
v 20.5723 -8.33958 -9.47291
v 21.1551 -8.55601 -8.99849
v 21.4066 -8.58844 -1.14413
v 21.2596 -8.33875 -0.197027
v 21.0063 -7.63356 -9.59355
v 20.9151 -7.83826 0.227233
v 20.8139 -7.2698 -10.1684
v 20.6251 -7.35293 0.836851
v 21.3163 -7.02233 1.23652
v 20.9466 -6.55358 -10.1115
v 21.0693 -6.48151 1.68858
v 20.5649 -5.79762 -10.4699
v 20.2673 -5.96504 -10.3839
v 20.9089 -5.94662 2.32854
v 20.9252 -5.34871 -10.4562
v 21.1913 -5.03715 -10.3849
v 20.7909 -5.32431 2.77095
v 21.3686 -4.76626 -10.2926
v 21.3398 -4.48499 3.09531
v 20.8427 -3.90592 -9.63228
v 20.5865 -4.27249 2.93905
v 21.0611 -3.35603 -8.83525
v 20.3947 -3.21307 2.12237
v 21.0772 -3.44603 2.74894
v 20.9472 -2.88132 -8.23151
v 21.2281 -2.90051 1.72448
v 20.7631 -2.28595 -7.10551
v 20.7743 -2.38106 0.268297
v 20.8089 -1.76608 -5.70996
v 20.8888 -1.47605 -3.96581
v 20.8384 -1.45847 -2.58977
v 20.8217 -1.74821 -1.25352
v 21.9033 -9.49509 -5.39303
v 22.3308 -9.36772 -3.82481
v 21.6464 -9.30435 -2.39207
v 21.9605 -8.72913 -8.09111
v 22.3519 -8.99953 -6.93745
v 22.5824 -9.19266 -5.68524
v 22.9739 -9.13806 -4.50411
v 22.4789 -9.17845 -2.64079
v 22.049 -8.86287 -1.45793
v 21.711 -8.11969 -9.1374
v 22.5414 -8.31539 -8.29791
v 21.9668 -8.41204 -0.775182
v 22.4446 -8.1796 -0.400262
v 22.1761 -7.65345 -9.38564
v 22.7464 -7.78977 -8.80282
v 22.7525 -7.90438 0.0115667
v 22.1633 -7.01112 -9.38772
v 21.8799 -7.30139 0.704005
v 22.5408 -6.89863 0.908684
v 22.3536 -6.65623 -10.1081
v 22.4021 -6.45282 1.67946
v 21.8579 -6.00356 -10.4206
v 22.6333 -6.05823 -10.0855
v 22.1446 -5.88421 2.02022
v 22.1292 -5.39322 -10.4407
v 22.9057 -5.44555 -10.0929
v 22.8486 -5.44404 2.21082
v 22.5663 -5.17148 2.59893
v 21.8853 -4.51941 -10.1309
v 22.2049 -4.71402 2.90166
v 22.2351 -4.07741 -9.69199
v 22.1066 -3.85813 2.99574
v 22.5931 -3.65852 -9.14651
v 22.7573 -3.55958 -8.91971
v 22.4064 -3.39102 2.43933
v 22.792 -2.85926 -7.949
v 22.1084 -2.63376 -7.48018
v 22.4004 -2.76756 1.35061
v 22.2367 -2.28003 -6.47834
v 22.3451 -2.01391 -5.43021
v 22.7826 -1.94733 -4.5618
v 22.1555 -2.22892 0.0117321
v 21.6309 -1.76108 -5.0346
v 22.0535 -1.71479 -4.16423
v 22.2104 -1.70599 -2.68612
v 22.2565 -1.86138 -1.26735
v 23.0532 -8.83621 -6.3299
v 23.3763 -8.82911 -5.55813
v 23.5389 -8.86281 -4.13772
v 23.5133 -8.80252 -2.69958
v 23.4391 -8.41098 -6.91277
v 24.1103 -8.40725 -5.37783
v 24.0362 -8.51105 -2.31691
v 23.744 -8.32824 -1.19712
v 23.2056 -8.36393 -0.542604
v 23.2739 -7.87372 -8.1582
v 24.0454 -7.76616 -7.25591
v 23.3765 -7.65383 -0.0182942
v 23.7055 -7.14787 -8.4864
v 24.0674 -7.09793 0.171001
v 23.3567 -6.7382 -9.34045
v 23.5314 -6.62501 0.974527
v 23.6577 -6.14052 -9.33341
v 24.0542 -5.76798 1.33219
v 23.6066 -5.49237 -9.59444
v 24.2315 -5.54406 -9.00085
v 23.6616 -5.41497 1.9057
v 23.1923 -5.16527 2.29058
v 23.4229 -4.82351 -9.7348
v 24.3375 -4.94058 1.78037
v 23.8028 -4.68387 2.35719
v 23.464 -4.17334 -9.47699
v 23.4991 -4.09047 2.15061
v 23.4833 -3.37827 -8.16777
v 23.6566 -3.42909 1.64456
v 24.0075 -3.15166 -7.6959
v 23.9712 -3.01842 -6.94245
v 23.996 -2.72187 0.0686481
v 23.0824 -3.02154 1.55965
v 23.7308 -2.54709 -6.25194
v 23.5787 -2.31234 -5.3926
v 23.5324 -2.07271 -3.89254
v 23.8635 -2.15293 -2.68975
v 23.4826 -2.18893 -1.21117
v 23.5246 -2.4739 -0.0768414
v 24.471 -8.34439 -4.16719
v 24.6834 -8.21108 -2.92353
v 24.6501 -7.44692 -6.84427
v 24.9152 -7.70044 -5.62152
v 25.1592 -7.8776 -3.94532
v 25.3962 -7.76293 -2.70119
v 24.9805 -7.79866 -1.47114
v 24.5487 -7.45498 -0.16296
v 24.6474 -6.86556 -7.67105
v 25.0694 -6.89427 -6.93143
v 25.6056 -6.89933 -5.76457
v 25.5909 -7.40833 -4.46373
v 25.0678 -7.1662 -0.865326
v 24.7559 -6.24839 -8.03606
v 25.4283 -6.30043 -6.93629
v 25.3716 -6.31803 -0.757554
v 24.8871 -6.49826 0.178573
v 25.031 -5.62192 -7.98355
v 25.7197 -5.67421 -6.87654
v 25.2322 -5.95012 0.182494
v 24.4714 -5.91472 0.985526
v 25.4821 -4.99373 -7.50371
v 25.6373 -5.50854 0.264409
v 24.6456 -5.24053 1.03133
v 24.6894 -4.92133 -8.5457
v 25.2575 -4.80705 0.765137
v 24.5202 -4.37928 1.56078
v 24.7696 -4.26017 -8.3198
v 25.5873 -4.32954 -7.29049
v 25.0045 -4.18148 0.537042
v 24.5914 -3.85748 1.21719
v 24.99 -3.64681 -7.62905
v 25.3604 -3.43656 -6.66592
v 25.67 -3.25914 -5.43188
v 25.5962 -3.25273 -3.18475
v 24.9281 -3.42083 0.234405
v 24.5333 -3.08036 -6.69457
v 24.8024 -2.99931 -5.35852
v 25.2754 -3.02643 -4.166
v 25.3337 -2.79066 -2.42634
v 25.1686 -2.8568 -1.25734
v 24.4421 -2.98291 0.19475
v 24.56 -2.48725 -4.51442
v 24.5455 -2.39283 -2.40752
v 26.0464 -7.01221 -3.96948
v 25.9762 -7.28008 -2.77385
v 26.0486 -7.05939 -1.48352
v 25.9728 -6.30432 -5.75216
v 26.5228 -6.23765 -4.08766
v 26.3223 -6.67699 -2.50655
v 25.8187 -6.47273 -1.40855
v 26.2685 -5.6772 -5.6777
v 26.6946 -5.63186 -4.41821
v 26.7908 -6.14313 -2.79248
v 26.6532 -6.03647 -1.51193
v 26.1039 -5.88253 -0.389535
v 25.9361 -5.0231 -6.74957
v 26.4886 -5.02633 -5.53998
v 26.8866 -5.57571 -3.54985
v 26.989 -5.50693 -2.66933
v 26.8581 -5.40042 -1.37602
v 26.0252 -5.2214 -0.0774323
v 26.4389 -4.37815 -5.74841
v 26.989 -4.94973 -3.82511
v 27.1573 -4.85515 -2.5006
v 26.9371 -4.75665 -1.2323
v 26.2006 -4.67866 -0.287364
v 26.0534 -4.3574 -6.54093
v 26.3943 -4.09796 -5.16381
v 26.992 -4.31491 -4.04918
v 27.1622 -4.23004 -2.72696
v 26.2682 -4.02275 -1.05165
v 25.873 -4.10211 0.219363
v 26.0212 -3.70572 -6.20276
v 26.3822 -3.50297 -4.11802
v 26.0332 -3.44387 -2.3884
v 26.0231 -3.64034 -1.54055
f 48 36 49
f 264 260 365
f 365 361 366
f 53 39 40
f 51 146 52
f 361 482 487
f 482 477 605
f 601 732 605
f 601 730 732
f 859 730 727
f 972 845 835
f 998 997 1006
f 997 1005 1006
f 1487 1488 1502
f 1342 1501 1508
f 371 492 367
f 619 495 498
f 759 898 896
f 1450 1477 1462
f 1465 1452 1453
f 1466 1480 1465
f 1481 1496 1480
f 1656 1666 1811
f 2274 2121 2117
f 2271 2268 2434
f 2434 2431 2636
f 2610 2808 2815
f 2800 2808 2801
f 2975 2968 2967
f 2835 2842 2843
f 3581 3408 3403
f 896 894 759
f 495 491 498
f 145 146 51
f 146 38 52
f 39 53 38
f 42 56 41
f 36 48 35
f 149 150 159
f 149 159 49
f 260 264 259
f 260 361 365
f 477 601 605
f 601 727 730
f 727 723 859
f 835 834 972
f 834 822 972
f 988 1119 1114
f 998 1119 988
f 1005 863 1013
f 863 867 868
f 1227 1230 1128
f 1227 1228 1230
f 1500 1342 1341
f 1500 1501 1342
f 1501 1486 1508
f 1487 1502 1486
f 1473 1474 1488
f 1441 1453 1452
f 1481 1480 1466
f 1497 1655 1496
f 1969 1971 1968
f 2117 2121 1969
f 2269 2431 2434
f 2269 2434 2268
f 2431 2429 2636
f 2429 2628 2636
f 2610 2815 2621
f 2597 2808 2610
f 2597 2801 2808
f 2597 2808 2588
f 2800 2807 2814
f 2974 2975 2967
f 2980 2974 2973
f 2979 2978 2987
f 2824 2986 2978
f 2836 2835 2843
f 2998 3001 2847
f 3254 3258 3257
f 4666 4653 4665
f 4674 4666 4665
f 755 756 759
f 755 759 894
f 753 631 756
f 624 629 628
f 624 628 623
f 619 498 624
f 498 491 492
f 498 492 499
f 368 371 367
f 368 271 371
f 364 261 368
f 258 152 262
f 258 262 257
f 145 51 154
f 56 55 41
f 42 43 56
f 43 44 57
f 148 45 32
f 32 21 33
f 22 23 35
f 159 150 160
f 159 160 168
f 259 264 168
f 259 168 160
f 366 361 487
f 859 723 853
f 956 972 822
f 972 971 981
f 981 980 1109
f 989 1109 1115
f 868 1013 863
f 1012 1019 867
f 1019 1012 1128
f 1341 1342 1344
f 1502 1508 1486
f 1473 1488 1503
f 1473 1503 1488
f 1474 1475 1489
f 1460 1461 1475
f 1491 1475 1461
f 1491 1461 1476
f 1461 1462 1476
f 1451 1463 1477
f 1451 1477 1450
f 1451 1452 1463
f 1441 1452 1440
f 1655 1497 1656
f 1655 1656 1666
f 1656 1811 1666
f 1812 1819 1811
f 1812 1811 1666
f 1812 1971 1819
f 1968 1971 1812
f 1969 2121 1971
f 2117 2271 2274
f 2271 2434 2274
f 2636 2628 2621
f 2636 2621 2628
f 2628 2621 2815
f 2588 2808 2597
f 2800 2814 2808
f 2814 2807 2968
f 2814 2968 2975
f 2980 2973 2979
f 2986 2824 2823
f 2986 2823 2831
f 2634 2627 2626
f 2626 2625 2633
f 2632 2640 2633
f 2632 2633 2625
f 2638 2836 2843
f 2848 2842 2998
f 2848 2998 2847
f 2847 3001 3003
f 3254 3255 3258
f 3254 3403 3255
f 3581 3398 3569
f 3569 3568 3581
f 3569 3772 3570
f 162 152 153
f 162 161 152
f 262 152 161
f 262 161 267
f 262 267 266
f 261 262 266
f 265 261 266
f 368 261 265
f 368 265 271
f 38 53 52
f 52 64 51
f 63 154 51
f 63 51 64
f 154 63 153
f 153 63 170
f 153 170 162
f 162 170 169
f 162 169 161
f 161 169 176
f 161 176 267
f 267 176 175
f 267 175 266
f 266 175 272
f 266 272 271
f 266 271 265
f 265 271 277
f 265 277 271
f 271 277 377
f 271 377 371
f 377 376 492
f 377 492 371
f 499 492 376
f 65 53 40
f 65 40 54
f 52 53 65
f 52 65 64
f 73 64 52
f 73 52 64
f 64 73 72
f 64 72 63
f 63 72 178
f 63 178 170
f 170 178 177
f 177 169 170
f 169 177 183
f 169 183 176
f 176 183 182
f 176 182 175
f 175 182 278
f 175 278 272
f 272 278 282
f 272 282 271
f 282 277 271
f 277 282 383
f 277 383 377
f 377 383 382
f 377 382 387
f 377 387 376
f 376 387 504
f 376 504 499
f 499 504 503
f 499 503 498
f 629 624 498
f 629 498 503
f 40 41 55
f 54 40 55
f 54 55 66
f 65 54 66
f 65 66 74
f 65 74 64
f 82 73 64
f 82 64 74
f 72 73 82
f 72 82 81
f 178 72 81
f 178 81 185
f 177 178 185
f 177 185 184
f 177 184 189
f 183 177 189
f 183 189 188
f 182 183 188
f 278 182 188
f 278 188 287
f 282 278 287
f 282 287 286
f 383 282 286
f 383 286 391
f 382 383 391
f 382 391 390
f 387 382 390
f 504 387 390
f 504 390 508
f 503 504 508
f 507 503 508
f 503 507 511
f 503 511 629
f 629 511 632
f 628 629 632
f 628 632 631
f 628 631 753
f 56 43 57
f 55 56 67
f 55 67 76
f 55 76 66
f 66 76 75
f 66 75 84
f 66 84 74
f 83 74 84
f 82 74 83
f 82 83 89
f 89 88 82
f 88 94 81
f 88 81 82
f 94 190 185
f 94 185 81
f 184 185 190
f 189 184 190
f 189 190 193
f 193 188 189
f 193 197 188
f 291 287 188
f 291 188 197
f 287 291 290
f 293 286 287
f 293 287 290
f 391 286 293
f 391 293 395
f 390 391 395
f 390 395 394
f 390 394 398
f 398 514 508
f 398 508 390
f 513 507 508
f 513 508 514
f 507 513 511
f 511 513 635
f 511 635 632
f 632 635 631
f 631 635 759
f 631 759 756
f 32 45 148
f 32 148 45
f 32 45 31
f 31 45 58
f 31 58 44
f 44 58 69
f 44 69 57
f 58 57 69
f 69 57 58
f 69 56 57
f 68 56 69
f 68 69 77
f 56 68 77
f 56 77 68
f 67 56 68
f 67 68 77
f 76 67 77
f 76 85 75
f 75 85 90
f 75 90 84
f 90 83 84
f 83 90 95
f 83 95 89
f 89 95 88
f 88 95 99
f 88 99 94
f 94 99 194
f 94 194 190
f 190 194 198
f 198 193 190
f 204 193 198
f 193 204 294
f 193 294 197
f 197 294 291
f 291 294 297
f 291 297 290
f 290 297 293
f 293 297 399
f 293 399 395
f 395 399 402
f 395 402 394
f 394 402 401
f 394 401 398
f 398 401 517
f 398 517 514
f 514 517 516
f 516 519 513
f 516 513 514
f 513 519 638
f 635 513 638
f 635 638 637
f 637 761 759
f 637 759 635
f 759 761 901
f 759 901 898
f 22 34 21
f 33 21 34
f 33 34 46
f 32 33 46
f 148 32 46
f 45 148 59
f 148 45 59
f 45 148 155
f 58 45 155
f 58 155 71
f 58 71 70
f 69 58 70
f 69 70 79
f 58 69 79
f 58 79 163
f 69 58 163
f 69 163 79
f 69 79 78
f 77 69 78
f 77 78 87
f 87 77 68
f 87 68 77
f 68 77 86
f 68 86 77
f 86 76 77
f 76 86 91
f 76 91 85
f 90 85 91
f 90 91 97
f 97 96 90
f 95 90 96
f 95 96 101
f 95 101 100
f 99 95 100
f 99 100 200
f 194 99 200
f 194 200 199
f 199 205 198
f 199 198 194
f 204 198 205
f 204 205 210
f 298 294 204
f 298 204 210
f 294 298 300
f 297 294 300
f 300 403 297
f 399 297 403
f 399 403 407
f 407 406 402
f 407 402 399
f 402 406 401
f 401 406 522
f 401 522 517
f 517 522 521
f 517 521 516
f 516 521 519
f 519 521 641
f 519 641 638
f 638 641 637
f 637 641 643
f 765 761 637
f 765 637 643
f 761 765 764
f 901 761 764
f 901 764 906
f 34 22 35
f 34 35 47
f 60 46 34
f 60 34 47
f 156 148 46
f 156 46 60
f 164 59 148
f 164 148 156
f 59 164 156
f 59 156 148
f 148 156 164
f 148 164 155
f 171 71 155
f 171 155 164
f 71 171 80
f 71 80 70
f 70 80 179
f 70 179 79
f 79 179 171
f 79 171 163
f 179 79 163
f 179 163 171
f 79 179 78
f 78 179 93
f 78 93 87
f 86 77 87
f 86 87 92
f 97 91 86
f 97 86 92
f 102 97 91
f 102 91 97
f 101 96 97
f 101 97 102
f 104 101 96
f 104 96 101
f 200 100 101
f 200 101 104
f 211 199 200
f 211 200 206
f 211 205 199
f 216 205 211
f 205 216 301
f 205 301 210
f 210 301 306
f 210 306 298
f 298 306 300
f 300 306 305
f 300 305 410
f 300 410 403
f 403 410 409
f 403 409 407
f 414 406 407
f 414 407 409
f 406 414 525
f 522 406 525
f 522 525 524
f 521 522 524
f 521 524 529
f 521 529 528
f 641 521 528
f 641 528 647
f 641 647 646
f 643 641 646
f 765 643 646
f 765 646 768
f 764 765 768
f 906 764 768
f 906 768 908
f 905 906 908
f 35 48 47
f 157 47 48
f 47 157 61
f 47 61 60
f 61 164 60
f 156 60 164
f 172 164 156
f 172 156 164
f 156 164 172
f 156 172 164
f 171 164 172
f 179 80 171
f 179 171 180
f 171 179 180
f 179 171 180
f 93 179 187
f 93 187 186
f 87 93 186
f 92 87 186
f 92 186 93
f 92 93 98
f 97 92 98
f 97 98 103
f 102 97 103
f 102 103 201
f 101 102 201
f 104 101 201
f 104 201 207
f 200 104 207
f 200 207 212
f 200 212 206
f 211 206 212
f 211 212 218
f 211 218 217
f 216 211 217
f 216 217 308
f 301 216 308
f 301 308 307
f 301 307 314
f 301 314 306
f 313 306 314
f 416 305 306
f 416 306 313
f 305 416 415
f 305 415 410
f 410 415 423
f 410 423 409
f 409 423 422
f 409 422 414
f 414 422 530
f 414 530 525
f 525 530 533
f 525 533 524
f 524 533 532
f 524 532 529
f 529 532 650
f 529 650 528
f 528 650 653
f 528 653 647
f 647 653 646
f 646 653 772
f 646 772 768
f 768 772 771
f 768 771 913
f 768 913 908
f 908 913 912
f 1049 908 912
f 1049 912 1054
f 49 62 48
f 158 157 48
f 158 48 62
f 157 158 165
f 157 165 61
f 61 165 173
f 61 173 164
f 164 173 268
f 181 172 164
f 181 164 268
f 268 164 172
f 268 172 181
f 268 274 172
f 268 172 164
f 172 274 181
f 172 181 171
f 171 181 273
f 171 273 180
f 180 273 279
f 180 279 179
f 179 279 192
f 179 192 187
f 187 192 186
f 186 192 191
f 186 191 93
f 93 191 195
f 93 195 98
f 98 195 202
f 98 202 103
f 103 202 201
f 201 202 208
f 201 208 214
f 201 214 207
f 207 214 213
f 213 219 212
f 213 212 207
f 218 212 219
f 218 219 309
f 309 217 218
f 308 217 309
f 308 309 315
f 315 307 308
f 307 315 319
f 307 319 314
f 314 319 417
f 314 417 313
f 313 417 424
f 313 424 416
f 424 415 416
f 429 423 415
f 429 415 424
f 534 422 423
f 534 423 429
f 534 538 530
f 534 530 422
f 538 537 533
f 538 533 530
f 537 542 532
f 537 532 533
f 532 542 656
f 532 656 650
f 650 656 653
f 653 656 659
f 653 659 777
f 653 777 772
f 776 772 777
f 772 776 917
f 772 917 771
f 771 917 916
f 771 916 913
f 913 916 912
f 912 916 1058
f 912 1058 1054
f 159 62 49
f 166 158 62
f 166 62 159
f 174 165 158
f 174 158 166
f 174 173 165
f 268 173 275
f 181 268 275
f 181 275 274
f 268 181 274
f 268 274 275
f 274 268 275
f 274 280 181
f 181 280 274
f 181 274 273
f 279 273 180
f 279 180 273
f 285 279 273
f 285 273 279
f 284 192 279
f 284 279 285
f 284 283 191
f 284 191 192
f 196 191 283
f 191 196 203
f 191 203 195
f 195 203 202
f 202 203 209
f 202 209 215
f 202 215 208
f 208 215 302
f 208 302 214
f 214 302 213
f 213 302 310
f 213 310 219
f 219 310 317
f 219 317 309
f 309 317 316
f 309 316 320
f 309 320 315
f 418 315 320
f 418 425 319
f 418 319 315
f 430 417 319
f 430 319 425
f 430 424 417
f 435 424 430
f 435 539 429
f 435 429 424
f 534 429 539
f 534 539 544
f 538 534 544
f 538 544 543
f 537 538 543
f 537 543 551
f 542 537 551
f 542 551 660
f 656 542 660
f 656 660 664
f 659 656 664
f 659 664 781
f 780 777 659
f 780 659 781
f 780 784 776
f 780 776 777
f 921 917 776
f 921 776 784
f 921 916 917
f 1060 916 921
f 916 1060 1062
f 916 1062 1058
f 1166 1058 1062
f 159 167 270
f 159 270 166
f 269 174 166
f 269 166 270
f 174 269 276
f 174 276 173
f 173 276 275
f 275 281 274
f 274 281 373
f 274 373 275
f 379 274 275
f 379 275 373
f 274 379 280
f 379 372 274
f 379 274 280
f 372 378 273
f 372 273 274
f 386 279 273
f 386 273 378
f 385 285 279
f 385 279 386
f 388 284 285
f 388 285 385
f 284 388 384
f 283 284 384
f 283 384 288
f 196 283 288
f 196 288 289
f 196 289 292
f 196 292 203
f 203 292 295
f 209 203 295
f 209 295 299
f 215 209 299
f 215 299 303
f 302 215 303
f 311 302 303
f 318 310 302
f 318 302 311
f 318 317 310
f 419 316 317
f 426 320 316
f 426 316 419
f 426 418 320
f 426 431 425
f 426 425 418
f 431 437 430
f 431 430 425
f 436 430 437
f 430 436 545
f 430 545 435
f 435 545 539
f 545 552 544
f 545 544 539
f 544 552 543
f 665 551 543
f 665 543 552
f 551 665 660
f 660 665 670
f 660 670 664
f 670 789 781
f 670 781 664
f 789 788 780
f 789 780 781
f 925 784 780
f 925 780 788
f 925 921 784
f 925 924 921
f 1066 1060 921
f 1066 921 924
f 1065 1062 1060
f 1065 1060 1066
f 1169 1166 1062
f 1169 1062 1065
f 159 168 263
f 159 263 167
f 270 167 263
f 275 276 381
f 380 281 275
f 380 275 381
f 380 373 281
f 380 379 373
f 386 389 385
f 388 385 389
f 384 388 392
f 384 392 288
f 392 292 289
f 392 289 288
f 289 292 296
f 289 296 292
f 296 295 292
f 295 296 299
f 299 304 303
f 303 304 312
f 412 311 303
f 412 303 312
f 412 411 318
f 412 318 311
f 420 317 318
f 420 318 411
f 420 427 419
f 420 419 317
f 426 419 427
f 426 427 433
f 432 426 433
f 438 431 426
f 438 426 432
f 438 547 437
f 438 437 431
f 436 437 547
f 436 547 546
f 545 436 546
f 545 546 554
f 545 554 553
f 553 557 552
f 553 552 545
f 552 557 671
f 671 665 552
f 665 671 677
f 670 665 677
f 670 677 792
f 792 789 670
f 800 788 789
f 800 789 792
f 800 931 925
f 800 925 788
f 930 925 931
f 1069 924 925
f 1069 925 930
f 924 1069 1068
f 924 1068 1066
f 1068 1172 1065
f 1068 1065 1066
f 1172 1169 1065
f 1172 1280 1169
f 168 264 263
f 369 270 263
f 369 263 264
f 270 369 375
f 270 375 269
f 269 375 374
f 269 374 276
f 276 374 381
f 501 379 380
f 501 380 502
f 501 496 379
f 372 379 496
f 496 378 372
f 501 386 378
f 501 378 496
f 501 506 389
f 501 389 386
f 388 389 506
f 388 506 505
f 392 388 505
f 392 505 388
f 393 292 392
f 393 392 388
f 296 292 393
f 296 393 396
f 400 296 396
f 299 296 400
f 299 400 404
f 304 299 404
f 304 404 408
f 312 304 408
f 412 312 408
f 421 411 412
f 421 428 420
f 421 420 411
f 434 427 420
f 434 420 428
f 427 434 433
f 540 432 433
f 540 548 438
f 540 438 432
f 547 438 548
f 547 555 546
f 546 555 558
f 546 558 554
f 554 558 666
f 554 666 553
f 666 672 557
f 666 557 553
f 557 672 679
f 557 679 671
f 678 671 679
f 671 678 794
f 671 794 677
f 677 794 793
f 677 793 802
f 677 802 792
f 802 801 792
f 801 935 800
f 801 800 792
f 935 931 800
f 935 1073 930
f 935 930 931
f 1069 930 1073
f 1069 1073 1072
f 1076 1068 1069
f 1076 1069 1072
f 1174 1172 1068
f 1174 1068 1076
f 1174 1284 1172
f 370 369 264
f 370 264 365
f 375 369 370
f 374 375 493
f 381 374 493
f 381 493 497
f 497 380 381
f 502 380 497
f 627 501 496
f 501 627 630
f 501 630 506
f 506 630 500
f 506 500 505
f 505 500 509
f 505 509 506
f 505 506 388
f 393 388 506
f 393 397 396
f 400 396 397
f 405 404 400
f 404 405 408
f 526 412 408
f 526 408 413
f 526 531 421
f 526 421 412
f 531 428 421
f 531 535 434
f 531 434 428
f 433 434 535
f 433 535 541
f 549 540 433
f 549 433 541
f 556 548 540
f 556 540 549
f 556 547 548
f 555 547 556
f 555 556 667
f 558 555 667
f 558 667 674
f 666 558 674
f 666 674 673
f 666 673 680
f 666 680 672
f 679 672 680
f 679 680 682
f 795 678 679
f 795 679 682
f 794 678 795
f 794 795 803
f 793 794 803
f 802 793 803
f 802 803 807
f 936 801 802
f 936 802 807
f 941 935 801
f 941 801 936
f 1077 1073 935
f 1077 935 941
f 1073 1077 1081
f 1073 1081 1072
f 1072 1081 1176
f 1072 1176 1076
f 1076 1176 1174
f 1174 1176 1288
f 1174 1288 1284
f 1287 1284 1288
f 1287 1288 1291
f 490 370 365
f 493 375 370
f 493 370 490
f 622 621 502
f 622 502 497
f 621 501 502
f 621 620 496
f 621 496 501
f 620 627 496
f 630 627 626
f 500 630 626
f 500 626 625
f 509 500 625
f 509 625 630
f 506 509 630
f 506 510 393
f 397 393 510
f 397 510 512
f 515 400 397
f 515 397 512
f 515 518 405
f 515 405 400
f 408 405 518
f 408 518 520
f 413 408 520
f 413 520 523
f 526 413 523
f 526 523 527
f 531 526 527
f 536 541 535
f 536 535 531
f 549 541 550
f 549 661 556
f 556 661 668
f 556 668 675
f 556 675 667
f 667 675 674
f 674 681 673
f 673 681 796
f 673 796 680
f 680 796 682
f 682 796 804
f 682 804 795
f 809 803 795
f 809 795 804
f 808 803 809
f 803 808 943
f 803 943 807
f 807 943 942
f 807 942 936
f 936 942 948
f 936 948 941
f 1086 941 948
f 1086 1077 941
f 1081 1077 1086
f 1081 1086 1180
f 1180 1176 1081
f 1292 1176 1180
f 1288 1176 1292
f 1291 1288 1292
f 1291 1292 1392
f 365 366 487
f 365 487 486
f 490 365 486
f 490 612 493
f 493 612 617
f 497 493 617
f 497 617 616
f 622 497 616
f 620 621 748
f 620 748 747
f 747 615 620
f 615 741 620
f 620 741 752
f 620 752 627
f 627 752 751
f 627 751 626
f 626 751 625
f 625 751 630
f 506 630 633
f 506 633 510
f 510 633 634
f 510 634 512
f 512 634 636
f 512 636 515
f 515 636 518
f 639 520 518
f 642 523 520
f 642 520 639
f 523 642 644
f 523 644 527
f 527 644 648
f 527 648 531
f 531 648 651
f 531 651 536
f 654 541 536
f 654 536 651
f 550 541 654
f 550 654 657
f 549 550 657
f 549 657 662
f 661 549 662
f 661 662 669
f 669 676 668
f 669 668 661
f 675 668 676
f 674 675 790
f 681 674 790
f 681 790 797
f 681 797 796
f 796 797 805
f 810 804 796
f 810 796 805
f 937 809 804
f 937 804 810
f 937 944 808
f 937 808 809
f 943 808 944
f 943 944 949
f 942 943 949
f 948 942 949
f 948 949 1087
f 1087 1086 948
f 1091 1086 1087
f 1185 1180 1086
f 1185 1086 1091
f 1185 1184 1180
f 1184 1295 1292
f 1184 1292 1180
f 1292 1295 1393
f 1292 1393 1396
f 1292 1396 1392
f 487 482 608
f 487 608 486
f 486 608 613
f 486 613 490
f 612 490 613
f 617 743 616
f 743 622 616
f 622 743 742
f 622 742 621
f 621 742 748
f 748 741 747
f 741 615 747
f 752 741 747
f 751 752 747
f 751 747 746
f 640 518 636
f 642 639 518
f 642 518 640
f 645 649 644
f 645 644 642
f 648 644 649
f 648 649 652
f 651 648 652
f 651 652 655
f 658 654 651
f 658 651 655
f 663 657 654
f 663 654 658
f 662 657 663
f 669 662 782
f 785 676 669
f 785 669 782
f 676 785 791
f 676 791 675
f 675 791 798
f 675 798 790
f 790 798 797
f 797 798 806
f 797 806 939
f 797 939 805
f 805 939 938
f 805 938 810
f 938 945 937
f 938 937 810
f 937 945 950
f 937 950 944
f 944 950 1082
f 944 1082 949
f 949 1082 1088
f 949 1088 1087
f 1092 1087 1088
f 1087 1092 1186
f 1087 1186 1091
f 1091 1186 1192
f 1091 1192 1185
f 1192 1300 1184
f 1192 1184 1185
f 1300 1299 1295
f 1300 1295 1184
f 1393 1295 1299
f 1393 1299 1397
f 1396 1393 1397
f 608 482 605
f 608 605 609
f 613 608 609
f 613 609 608
f 608 738 612
f 608 612 613
f 737 617 612
f 737 612 738
f 743 617 737
f 741 748 742
f 741 742 884
f 736 741 884
f 741 736 884
f 747 741 884
f 747 884 888
f 746 747 888
f 746 888 887
f 891 751 746
f 891 746 887
f 751 754 630
f 630 754 757
f 630 757 633
f 633 757 758
f 633 758 634
f 634 758 760
f 634 760 636
f 636 760 762
f 636 762 640
f 762 763 642
f 762 642 640
f 642 763 766
f 642 766 645
f 645 766 769
f 645 769 649
f 770 652 649
f 770 649 769
f 652 770 773
f 652 773 655
f 775 658 655
f 775 655 773
f 778 663 658
f 778 658 775
f 783 662 663
f 783 663 778
f 662 783 786
f 662 786 782
f 786 785 782
f 791 785 786
f 798 791 799
f 798 799 932
f 806 798 932
f 806 932 940
f 939 806 940
f 938 939 946
f 945 938 946
f 945 946 951
f 951 1083 950
f 951 950 945
f 1089 1082 950
f 1089 950 1083
f 1088 1082 1089
f 1187 1088 1089
f 1092 1088 1187
f 1092 1187 1194
f 1194 1193 1186
f 1194 1186 1092
f 1193 1301 1192
f 1193 1192 1186
f 1300 1192 1301
f 1398 1299 1300
f 1397 1299 1398
f 1397 1398 1401
f 1397 1401 1571
f 605 732 609
f 609 732 734
f 609 734 608
f 608 734 738
f 738 734 737
f 737 881 743
f 743 881 880
f 743 880 742
f 742 880 879
f 879 884 742
f 873 736 884
f 873 884 879
f 879 884 736
f 879 736 873
f 883 888 884
f 883 884 879
f 888 883 887
f 754 751 891
f 754 891 893
f 757 754 893
f 767 766 763
f 769 766 767
f 774 773 770
f 775 773 774
f 775 779 778
f 779 783 778
f 786 783 787
f 926 786 787
f 929 791 786
f 929 786 926
f 799 791 929
f 799 929 928
f 932 799 928
f 932 928 933
f 933 940 932
f 940 947 939
f 939 947 1078
f 939 1078 946
f 946 1078 1084
f 946 1084 951
f 951 1084 1090
f 951 1090 1083
f 1083 1090 1089
f 1089 1090 1188
f 1089 1188 1187
f 1187 1188 1194
f 1194 1307 1193
f 1193 1307 1306
f 1193 1306 1301
f 1402 1300 1301
f 1402 1301 1306
f 1401 1398 1300
f 1401 1300 1402
f 1572 1401 1398
f 1572 1398 1401
f 1572 1571 1401
f 1572 1738 1571
f 734 732 870
f 734 870 877
f 876 737 734
f 876 734 877
f 881 737 876
f 881 876 875
f 874 880 881
f 874 881 875
f 873 879 880
f 873 880 874
f 873 872 879
f 872 1022 883
f 872 883 879
f 887 883 1022
f 887 1022 1024
f 1027 891 887
f 1027 887 1024
f 891 1027 887
f 893 891 887
f 893 887 891
f 757 893 891
f 757 891 895
f 758 757 895
f 758 895 897
f 897 899 760
f 897 760 758
f 760 899 900
f 760 900 762
f 762 900 904
f 762 904 763
f 763 904 907
f 763 907 767
f 767 907 909
f 767 909 769
f 769 909 910
f 769 910 770
f 770 910 914
f 770 914 774
f 774 914 915
f 774 915 775
f 775 915 918
f 775 918 779
f 779 918 920
f 779 920 783
f 922 787 783
f 922 783 920
f 927 926 787
f 927 787 922
f 926 927 929
f 934 928 929
f 928 934 933
f 933 1074 940
f 947 940 1074
f 947 1074 1079
f 1078 947 1079
f 1078 1079 1085
f 1084 1078 1085
f 1090 1084 1181
f 1181 1189 1090
f 1188 1090 1189
f 1188 1189 1195
f 1302 1194 1188
f 1302 1188 1195
f 1307 1194 1302
f 1403 1306 1307
f 1402 1306 1403
f 1401 1402 1573
f 1572 1401 1573
f 1572 1573 1576
f 1576 1738 1572
f 732 730 864
f 870 732 864
f 870 869 877
f 877 869 876
f 876 869 875
f 874 868 873
f 867 873 868
f 873 867 1019
f 873 1019 872
f 872 1019 1022
f 1024 1022 1027
f 1030 891 887
f 1030 887 1027
f 1032 895 891
f 1032 891 1030
f 895 1032 1036
f 895 1036 897
f 899 897 1036
f 904 900 902
f 907 904 902
f 910 909 911
f 914 910 911
f 918 915 919
f 920 918 919
f 923 922 920
f 923 1063 927
f 923 927 922
f 1063 1067 929
f 1063 929 927
f 1067 1070 934
f 1067 934 929
f 933 934 1070
f 933 1070 1075
f 1080 1074 933
f 1080 933 1075
f 1080 1079 1074
f 1079 1080 1177
f 1079 1177 1085
f 1085 1177 1182
f 1085 1182 1084
f 1084 1182 1181
f 1181 1190 1189
f 1189 1190 1303
f 1189 1303 1195
f 1195 1303 1308
f 1195 1308 1302
f 1302 1308 1404
f 1302 1404 1307
f 1307 1404 1403
f 1403 1577 1402
f 1402 1577 1576
f 1402 1576 1573
f 1573 1576 1739
f 1573 1739 1576
f 1576 1739 1738
f 858 864 730
f 858 730 859
f 1008 869 870
f 1008 870 864
f 869 1008 1016
f 875 869 1016
f 875 1016 1015
f 1014 874 875
f 1014 875 1015
f 1013 868 874
f 1013 874 1014
f 1012 1019 1022
f 1012 1022 1019
f 1022 1019 1130
f 1132 1027 1022
f 1132 1022 1130
f 1032 1035 1036
f 1036 1035 1038
f 1036 1038 899
f 899 1038 1039
f 899 1039 900
f 900 1039 1042
f 900 1042 902
f 902 1042 1045
f 902 1045 907
f 907 1045 1048
f 907 1048 909
f 909 1048 1050
f 909 1050 911
f 911 1050 1053
f 911 1053 914
f 914 1053 1055
f 914 1055 915
f 915 1055 1057
f 915 1057 919
f 919 1057 1059
f 919 1059 920
f 920 1059 1061
f 920 1061 923
f 923 1061 1064
f 923 1064 1063
f 1063 1064 1067
f 1067 1071 1070
f 1070 1071 1075
f 1075 1175 1080
f 1178 1080 1175
f 1178 1177 1080
f 1182 1177 1178
f 1182 1191 1181
f 1190 1181 1191
f 1190 1191 1296
f 1304 1303 1190
f 1304 1190 1296
f 1303 1405 1308
f 1308 1405 1404
f 1404 1578 1403
f 1403 1578 1577
f 1577 1740 1576
f 1576 1740 1739
f 859 853 858
f 858 1000 864
f 864 1000 1008
f 1016 1008 1007
f 1016 1007 1015
f 1015 1007 1006
f 1015 1006 1014
f 1014 1006 1005
f 1014 1005 1013
f 1128 1130 1019
f 1130 1132 1027
f 1130 1027 1132
f 1132 1134 1030
f 1132 1030 1027
f 1138 1032 1030
f 1138 1030 1134
f 1138 1141 1035
f 1138 1035 1032
f 1038 1035 1141
f 1038 1141 1142
f 1039 1038 1142
f 1039 1142 1145
f 1042 1039 1145
f 1042 1145 1147
f 1045 1042 1147
f 1045 1147 1150
f 1048 1045 1150
f 1048 1150 1152
f 1050 1048 1152
f 1050 1152 1153
f 1053 1050 1153
f 1055 1053 1056
f 1057 1055 1056
f 1064 1061 1167
f 1067 1064 1167
f 1067 1167 1168
f 1071 1067 1168
f 1071 1168 1170
f 1075 1071 1170
f 1075 1170 1173
f 1175 1075 1173
f 1178 1175 1179
f 1178 1179 1183
f 1183 1293 1182
f 1183 1182 1178
f 1182 1293 1297
f 1182 1297 1191
f 1191 1297 1305
f 1191 1305 1296
f 1296 1305 1399
f 1296 1399 1304
f 1406 1303 1304
f 1406 1304 1399
f 1405 1303 1406
f 1579 1404 1405
f 1579 1578 1404
f 1577 1578 1741
f 1740 1577 1741
f 1740 1895 1739
f 1739 1895 1894
f 858 853 845
f 858 845 991
f 991 1000 858
f 1008 1000 991
f 1008 991 999
f 1120 1007 1008
f 1120 1008 999
f 1119 1006 1007
f 1119 1007 1120
f 998 1006 1119
f 1128 1230 1130
f 1233 1132 1130
f 1233 1130 1230
f 1136 1134 1132
f 1136 1132 1233
f 1139 1138 1134
f 1139 1134 1136
f 1138 1139 1141
f 1154 1153 1152
f 1157 1053 1153
f 1157 1153 1154
f 1158 1056 1053
f 1158 1053 1157
f 1160 1057 1056
f 1160 1056 1158
f 1162 1059 1057
f 1162 1057 1160
f 1164 1061 1059
f 1164 1059 1162
f 1167 1061 1164
f 1171 1170 1168
f 1173 1170 1171
f 1285 1175 1173
f 1289 1179 1175
f 1289 1175 1285
f 1294 1183 1179
f 1294 1179 1289
f 1293 1183 1294
f 1298 1297 1293
f 1400 1305 1297
f 1400 1297 1298
f 1399 1305 1400
f 1574 1405 1406
f 1579 1405 1574
f 1742 1578 1579
f 1741 1578 1742
f 1896 1740 1741
f 1895 1740 1896
f 972 982 991
f 972 991 845
f 990 999 991
f 990 991 982
f 990 989 999
f 989 1115 1120
f 989 1120 999
f 1119 1120 1115
f 1119 1115 1114
f 1233 1230 1236
f 1236 1237 1136
f 1236 1136 1233
f 1139 1136 1237
f 1139 1237 1240
f 1243 1141 1139
f 1243 1139 1240
f 1243 1244 1142
f 1243 1142 1141
f 1244 1248 1145
f 1244 1145 1142
f 1248 1250 1147
f 1248 1147 1145
f 1150 1147 1250
f 1150 1250 1253
f 1152 1150 1253
f 1152 1253 1256
f 1154 1152 1256
f 1154 1256 1258
f 1157 1154 1258
f 1157 1258 1260
f 1260 1262 1158
f 1260 1158 1157
f 1160 1158 1262
f 1160 1262 1265
f 1160 1265 1267
f 1160 1267 1162
f 1164 1162 1267
f 1164 1267 1271
f 1167 1164 1271
f 1167 1271 1274
f 1168 1167 1274
f 1168 1274 1277
f 1168 1277 1282
f 1168 1282 1171
f 1173 1171 1282
f 1173 1282 1281
f 1285 1173 1281
f 1285 1290 1289
f 1290 1294 1289
f 1293 1294 1394
f 1298 1293 1394
f 1298 1394 1400
f 1400 1568 1399
f 1406 1399 1568
f 1406 1568 1574
f 1579 1574 1742
f 1741 1742 1897
f 1896 1741 1897
f 2043 1895 1896
f 2042 1895 2043
f 981 982 972
f 981 990 982
f 1109 989 990
f 1109 990 981
f 1344 1346 1236
f 1344 1236 1230
f 1230 1341 1344
f 1237 1236 1346
f 1237 1346 1348
f 1240 1237 1348
f 1245 1244 1243
f 1248 1244 1245
f 1248 1245 1249
f 1251 1250 1248
f 1251 1248 1249
f 1250 1251 1254
f 1250 1254 1253
f 1253 1254 1256
f 1262 1260 1263
f 1263 1265 1262
f 1267 1265 1269
f 1272 1271 1267
f 1272 1267 1269
f 1274 1271 1272
f 1277 1274 1278
f 1282 1277 1278
f 1286 1281 1282
f 1383 1285 1281
f 1383 1281 1286
f 1290 1285 1383
f 1290 1383 1387
f 1387 1390 1294
f 1387 1294 1290
f 1390 1395 1394
f 1390 1394 1294
f 1569 1400 1394
f 1575 1568 1400
f 1575 1400 1569
f 1575 1574 1568
f 1734 1574 1575
f 1743 1742 1574
f 1743 1574 1734
f 1897 1742 1743
f 2044 1896 1897
f 2043 1896 2044
f 2042 2043 2196
f 1346 1344 1342
f 1349 1240 1348
f 1243 1240 1349
f 1243 1349 1351
f 1351 1353 1245
f 1351 1245 1243
f 1249 1245 1353
f 1249 1353 1355
f 1249 1355 1356
f 1249 1356 1251
f 1251 1356 1359
f 1251 1359 1254
f 1359 1361 1256
f 1359 1256 1254
f 1361 1363 1258
f 1361 1258 1256
f 1260 1258 1363
f 1260 1363 1364
f 1263 1260 1364
f 1263 1364 1368
f 1368 1370 1265
f 1368 1265 1263
f 1269 1265 1370
f 1269 1370 1371
f 1269 1371 1374
f 1269 1374 1272
f 1374 1376 1274
f 1374 1274 1272
f 1278 1274 1376
f 1278 1376 1378
f 1278 1378 1381
f 1278 1381 1282
f 1381 1384 1286
f 1381 1286 1282
f 1383 1286 1384
f 1383 1384 1388
f 1383 1388 1387
f 1387 1391 1390
f 1391 1564 1395
f 1391 1395 1390
f 1394 1395 1564
f 1394 1564 1570
f 1394 1570 1569
f 1569 1736 1575
f 1575 1736 1735
f 1735 1744 1734
f 1735 1734 1575
f 1744 1898 1743
f 1744 1743 1734
f 1743 1898 1897
f 1897 1898 2045
f 2045 2044 1897
f 2043 2044 2197
f 2197 2196 2043
f 1508 1514 1346
f 1508 1346 1342
f 1346 1514 1518
f 1346 1518 1348
f 1518 1521 1349
f 1518 1349 1348
f 1521 1522 1351
f 1521 1351 1349
f 1524 1353 1351
f 1524 1351 1522
f 1353 1524 1526
f 1353 1526 1355
f 1526 1528 1356
f 1526 1356 1355
f 1356 1528 1529
f 1356 1529 1359
f 1529 1532 1361
f 1529 1361 1359
f 1534 1363 1361
f 1534 1361 1532
f 1364 1363 1534
f 1364 1534 1365
f 1368 1364 1365
f 1370 1372 1371
f 1374 1371 1372
f 1376 1379 1378
f 1381 1378 1379
f 1381 1555 1384
f 1557 1388 1384
f 1557 1384 1555
f 1387 1388 1557
f 1391 1387 1557
f 1391 1557 1561
f 1565 1564 1391
f 1565 1391 1561
f 1730 1570 1564
f 1730 1564 1565
f 1730 1569 1570
f 1569 1730 1736
f 1736 1899 1744
f 1736 1744 1735
f 1898 1744 1899
f 2045 1898 1899
f 2198 2044 2045
f 2197 2044 2198
f 1515 1514 1508
f 1518 1514 1515
f 1534 1536 1365
f 1368 1365 1536
f 1368 1536 1538
f 1541 1370 1368
f 1541 1368 1538
f 1370 1541 1543
f 1370 1543 1372
f 1545 1374 1372
f 1545 1372 1543
f 1545 1548 1376
f 1545 1376 1374
f 1379 1376 1548
f 1379 1548 1551
f 1553 1381 1379
f 1553 1379 1551
f 1555 1381 1553
f 1555 1558 1557
f 1558 1562 1557
f 1561 1557 1562
f 1561 1562 1723
f 1727 1565 1561
f 1727 1561 1723
f 1727 1731 1730
f 1727 1730 1565
f 1892 1736 1730
f 1891 1736 1892
f 1900 1899 1736
f 1900 1736 1891
f 2046 1899 1900
f 2046 2045 1899
f 2198 2045 2046
f 2349 2197 2198
f 1502 1488 1503
f 1515 1508 1502
f 1515 1502 1509
f 1676 1515 1508
f 1676 1508 1515
f 1518 1515 1676
f 1521 1518 1676
f 1521 1676 1683
f 1522 1521 1683
f 1522 1683 1686
f 1524 1522 1686
f 1524 1686 1689
f 1526 1524 1689
f 1526 1689 1691
f 1528 1526 1691
f 1528 1691 1693
f 1529 1528 1693
f 1529 1693 1695
f 1532 1529 1695
f 1532 1695 1697
f 1534 1532 1697
f 1534 1697 1698
f 1536 1534 1698
f 1536 1698 1701
f 1701 1704 1538
f 1701 1538 1536
f 1541 1538 1704
f 1541 1704 1707
f 1707 1544 1543
f 1707 1543 1541
f 1544 1545 1543
f 1548 1545 1549
f 1551 1548 1549
f 1551 1716 1553
f 1718 1555 1553
f 1718 1553 1716
f 1720 1558 1555
f 1720 1555 1718
f 1724 1562 1558
f 1724 1558 1720
f 1723 1562 1724
f 1723 1728 1727
f 1887 1731 1727
f 1887 1727 1728
f 1887 1730 1731
f 1887 1892 1730
f 2038 1891 1892
f 2047 1900 1891
f 2047 1891 2038
f 2047 2046 1900
f 2047 2199 2046
f 2199 2198 2046
f 2349 2198 2199
f 1489 1504 1488
f 1489 1488 1474
f 1504 1510 1503
f 1504 1503 1488
f 1510 1502 1503
f 1668 1509 1502
f 1668 1502 1510
f 1668 1515 1509
f 1668 1682 1676
f 1668 1676 1515
f 1682 1677 1676
f 1683 1676 1677
f 1693 1691 1848
f 1850 1695 1693
f 1850 1693 1848
f 1697 1695 1850
f 1697 1850 1852
f 1699 1698 1697
f 1699 1697 1852
f 1702 1701 1698
f 1702 1698 1699
f 1704 1701 1702
f 1544 1707 1708
f 1545 1544 1708
f 1545 1708 1710
f 1712 1549 1545
f 1712 1545 1710
f 1551 1549 1712
f 1551 1712 1714
f 1716 1551 1714
f 1720 1718 1721
f 1724 1720 1721
f 1723 1724 1881
f 1728 1723 1881
f 1728 1881 1883
f 1887 1728 1883
f 1887 1883 1888
f 2039 1892 1887
f 2039 2038 1892
f 2048 2047 2038
f 2048 2200 2047
f 2199 2047 2200
f 2199 2200 2350
f 2350 2349 2199
f 2538 2349 2350
f 1475 1491 1490
f 1490 1505 1489
f 1490 1489 1475
f 1504 1489 1505
f 1504 1505 1511
f 1511 1510 1504
f 1511 1669 1510
f 1669 1668 1510
f 1669 1677 1668
f 1677 1831 1682
f 1677 1682 1668
f 1831 1832 1677
f 1831 1677 1682
f 1832 1839 1683
f 1832 1683 1677
f 1842 1686 1683
f 1842 1683 1839
f 1842 1844 1689
f 1842 1689 1686
f 1844 1846 1691
f 1844 1691 1689
f 1846 1848 1691
f 1854 1699 1852
f 1702 1699 1854
f 1702 1854 1856
f 1856 1858 1704
f 1856 1704 1702
f 1858 1860 1707
f 1858 1707 1704
f 1864 1708 1707
f 1864 1707 1860
f 1864 1866 1710
f 1864 1710 1708
f 1866 1868 1712
f 1866 1712 1710
f 1870 1714 1712
f 1870 1712 1868
f 1870 1873 1716
f 1870 1716 1714
f 1873 1875 1718
f 1873 1718 1716
f 1878 1721 1718
f 1878 1718 1875
f 1881 1724 1721
f 1881 1721 1878
f 2035 1888 1883
f 2034 1887 1888
f 2034 1888 2035
f 2039 1887 2034
f 2190 2038 2039
f 2190 2201 2048
f 2190 2048 2038
f 2201 2200 2048
f 2351 2200 2201
f 2351 2350 2200
f 2351 2539 2350
f 2538 2350 2539
f 1477 1491 1476
f 1477 1476 1462
f 1506 1491 1476
f 1506 1476 1491
f 1650 1490 1491
f 1650 1491 1506
f 1650 1512 1505
f 1650 1505 1490
f 1512 1659 1511
f 1512 1511 1505
f 1670 1511 1659
f 1678 1669 1511
f 1678 1511 1670
f 1678 1821 1669
f 1821 1677 1669
f 1831 1677 1821
f 1831 1821 1832
f 1840 1839 1832
f 1840 1990 1842
f 1840 1842 1839
f 1990 1992 1844
f 1990 1844 1842
f 1993 1846 1844
f 1993 1844 1992
f 1995 1848 1846
f 1995 1846 1993
f 1995 1998 1850
f 1995 1850 1848
f 1999 1852 1850
f 1999 1850 1998
f 1854 1852 1999
f 1854 1999 2003
f 2003 2005 1856
f 2003 1856 1854
f 1858 1856 2005
f 1858 2005 2007
f 1861 1860 1858
f 1861 1858 2007
f 1862 1864 1860
f 1862 1860 1861
f 1862 1864 1866
f 1862 1866 1864
f 1864 1868 1866
f 1868 1871 1870
f 1873 1870 1871
f 1873 1876 1875
f 1876 1878 1875
f 2026 1881 1878
f 2029 1881 2026
f 2029 2032 1883
f 2029 1883 1881
f 2032 2035 1883
f 2187 2034 2035
f 2191 2039 2034
f 2191 2034 2187
f 2191 2190 2039
f 2191 2341 2201
f 2191 2201 2190
f 2352 2201 2341
f 2351 2201 2352
f 2540 2539 2351
f 2746 2539 2540
f 1465 1464 1452
f 1464 1479 1463
f 1464 1463 1452
f 1479 1478 1463
f 1478 1493 1477
f 1478 1477 1463
f 1493 1492 1477
f 1492 1651 1491
f 1492 1491 1477
f 1506 1491 1651
f 1506 1651 1660
f 1660 1650 1506
f 1660 1671 1512
f 1660 1512 1650
f 1671 1659 1512
f 1671 1679 1670
f 1671 1670 1659
f 1679 1822 1678
f 1679 1678 1670
f 1822 1833 1821
f 1822 1821 1678
f 1833 1832 1821
f 1979 1832 1821
f 1979 1821 1832
f 1979 1987 1840
f 1979 1840 1832
f 1987 1990 1840
f 1992 2143 1995
f 1992 1995 1993
f 2143 2146 1998
f 2143 1998 1995
f 2146 1999 1998
f 1999 2001 2003
f 2001 2003 2005
f 2001 2005 2003
f 2003 2007 2005
f 2007 2009 1861
f 2011 1862 1861
f 2011 1861 2009
f 2011 2012 1864
f 2011 1864 1862
f 2012 2014 1868
f 2012 1868 1864
f 2014 2017 1871
f 2014 1871 1868
f 2017 2019 1873
f 2017 1873 1871
f 2021 1876 1873
f 2021 1873 2019
f 2024 1878 1876
f 2024 1876 2021
f 2024 2026 1878
f 2026 2030 2029
f 2184 2032 2029
f 2184 2029 2030
f 2184 2035 2032
f 2184 2187 2035
f 2187 2192 2191
f 2342 2191 2192
f 2342 2341 2191
f 2342 2541 2352
f 2342 2352 2341
f 2541 2351 2352
f 2540 2351 2541
f 2747 2746 2540
f 1465 1480 1464
f 1480 1494 1479
f 1480 1479 1464
f 1494 1478 1479
f 1494 1646 1493
f 1494 1493 1478
f 1646 1652 1492
f 1646 1492 1493
f 1652 1661 1651
f 1652 1651 1492
f 1661 1673 1660
f 1661 1660 1651
f 1673 1672 1660
f 1680 1671 1660
f 1680 1660 1672
f 1814 1671 1680
f 1823 1679 1671
f 1823 1671 1814
f 1834 1822 1679
f 1834 1679 1823
f 1834 1833 1822
f 1833 1980 1832
f 1980 1979 1832
f 2127 2135 1987
f 2127 1987 1979
f 2135 2138 1990
f 2135 1990 1987
f 2138 2141 1992
f 2138 1992 1990
f 2141 2140 1992
f 2140 2143 1992
f 2143 2144 2146
f 2144 2149 1999
f 2144 1999 2146
f 2149 2151 2001
f 2149 2001 1999
f 2153 2003 2001
f 2153 2001 2151
f 2156 2007 2003
f 2156 2003 2153
f 2156 2161 2009
f 2156 2009 2007
f 2161 2163 2011
f 2161 2011 2009
f 2012 2011 2163
f 2015 2014 2012
f 2015 2017 2014
f 2019 2173 2021
f 2173 2177 2024
f 2173 2024 2021
f 2177 2179 2026
f 2177 2026 2024
f 2030 2026 2179
f 2030 2179 2181
f 2181 2185 2184
f 2181 2184 2030
f 2187 2184 2339
f 2192 2187 2339
f 2192 2339 2343
f 2343 2342 2192
f 2343 2528 2342
f 2542 2541 2342
f 2542 2342 2528
f 2748 2541 2542
f 2748 2540 2541
f 2748 2924 2747
f 2748 2747 2540
f 1495 1494 1480
f 1653 1652 1646
f 1653 1646 1494
f 1662 1673 1661
f 1662 1661 1652
f 1824 1672 1673
f 1824 1680 1672
f 1824 1814 1680
f 1823 1814 1824
f 1823 1824 1835
f 1834 1823 1835
f 1834 1835 1981
f 1981 1833 1834
f 1980 1833 1981
f 1980 2135 1979
f 2135 2127 1979
f 2141 2138 2298
f 2297 2140 2141
f 2297 2141 2298
f 2299 2143 2140
f 2299 2140 2297
f 2301 2144 2143
f 2301 2143 2299
f 2301 2303 2149
f 2301 2149 2144
f 2303 2305 2151
f 2303 2151 2149
f 2154 2153 2151
f 2154 2151 2305
f 2154 2157 2156
f 2154 2156 2153
f 2159 2161 2156
f 2159 2156 2157
f 2165 2012 2163
f 2165 2163 2161
f 2167 2015 2012
f 2167 2012 2165
f 2017 2015 2167
f 2017 2167 2169
f 2171 2019 2017
f 2171 2017 2169
f 2173 2019 2171
f 2173 2171 2174
f 2174 2177 2173
f 2179 2335 2181
f 2335 2337 2185
f 2335 2185 2181
f 2184 2185 2337
f 2339 2184 2337
f 2343 2339 2520
f 2343 2520 2529
f 2528 2343 2529
f 2529 2735 2542
f 2529 2542 2528
f 2748 2542 2735
f 2748 2735 2749
f 2925 2748 2749
f 2924 2748 2925
f 1496 1654 1495
f 1496 1495 1480
f 1494 1495 1654
f 1654 1663 1653
f 1654 1653 1494
f 1663 1652 1653
f 1663 1674 1662
f 1663 1662 1652
f 1674 1815 1673
f 1674 1673 1662
f 1815 1825 1673
f 1825 1824 1673
f 1835 1824 1825
f 1824 1982 1835
f 1981 1835 1982
f 1981 1982 1988
f 1988 2136 1980
f 1988 1980 1981
f 2135 1980 2136
f 2295 2138 2135
f 2295 2135 2291
f 2295 2298 2138
f 2298 2294 2297
f 2294 2460 2299
f 2294 2299 2297
f 2460 2464 2301
f 2460 2301 2299
f 2303 2301 2464
f 2154 2305 2307
f 2310 2157 2154
f 2310 2154 2307
f 2312 2159 2157
f 2312 2157 2310
f 2161 2159 2312
f 2161 2312 2314
f 2314 2316 2165
f 2314 2165 2161
f 2167 2165 2316
f 2167 2316 2319
f 2319 2323 2169
f 2319 2169 2167
f 2323 2325 2171
f 2323 2171 2169
f 2328 2174 2171
f 2328 2171 2325
f 2330 2177 2174
f 2330 2174 2328
f 2333 2179 2177
f 2333 2177 2330
f 2335 2179 2333
f 2514 2337 2335
f 2521 2339 2337
f 2521 2337 2514
f 2520 2339 2521
f 2529 2520 2530
f 2529 2530 2736
f 2736 2735 2529
f 2926 2749 2735
f 2926 2735 2736
f 2926 2925 2749
f 2926 3073 2925
f 1655 1654 1496
f 1664 1654 1655
f 1664 1663 1654
f 1664 1816 1663
f 1674 1663 1816
f 1674 1816 1827
f 1815 1674 1827
f 1815 1827 1826
f 1825 1815 1826
f 1825 1826 1836
f 1825 1836 1983
f 1835 1825 1983
f 1824 1835 1983
f 1824 1983 1973
f 1982 1824 1973
f 1988 1982 2128
f 1988 2128 2136
f 2291 2135 2136
f 2291 2459 2295
f 2459 2298 2295
f 2459 2458 2294
f 2459 2294 2298
f 2460 2294 2458
f 2464 2460 2462
f 2303 2464 2462
f 2303 2462 2465
f 2465 2469 2305
f 2465 2305 2303
f 2471 2307 2305
f 2471 2305 2469
f 2473 2310 2307
f 2473 2307 2471
f 2473 2310 2312
f 2473 2312 2310
f 2314 2312 2310
f 2314 2310 2312
f 2316 2314 2312
f 2316 2312 2317
f 2319 2316 2317
f 2323 2319 2321
f 2321 2323 2325
f 2321 2325 2323
f 2323 2325 2328
f 2323 2328 2325
f 2325 2328 2330
f 2325 2330 2328
f 2496 2333 2330
f 2496 2330 2328
f 2496 2501 2335
f 2496 2335 2333
f 2501 2507 2335
f 2507 2514 2335
f 2514 2728 2520
f 2514 2520 2521
f 2728 2737 2530
f 2728 2530 2520
f 2737 2736 2530
f 2737 2917 2736
f 2926 2736 2917
f 2917 3074 2926
f 3074 3073 2926
f 1666 1665 1655
f 1665 1818 1664
f 1665 1664 1655
f 1818 1817 1664
f 1817 1828 1816
f 1817 1816 1664
f 1828 1827 1816
f 1827 1985 1826
f 1984 1836 1826
f 1984 1826 1985
f 1984 1983 1836
f 1984 2129 1983
f 1973 1983 2129
f 1973 2129 2123
f 1982 1973 2123
f 1982 2123 2129
f 2128 1982 2129
f 2284 2136 2128
f 2136 2284 2292
f 2292 2291 2136
f 2295 2291 2292
f 2295 2292 2455
f 2291 2295 2455
f 2291 2455 2449
f 2449 2459 2291
f 2460 2458 2664
f 2462 2460 2664
f 2462 2664 2666
f 2465 2462 2666
f 2465 2666 2669
f 2669 2467 2469
f 2669 2469 2465
f 2471 2469 2467
f 2471 2467 2469
f 2473 2471 2469
f 2473 2469 2471
f 2310 2473 2471
f 2310 2471 2475
f 2477 2312 2310
f 2477 2310 2475
f 2317 2312 2477
f 2317 2477 2479
f 2319 2317 2479
f 2319 2479 2481
f 2321 2319 2481
f 2321 2481 2485
f 2323 2321 2485
f 2323 2485 2488
f 2325 2323 2488
f 2325 2488 2490
f 2490 2492 2328
f 2490 2328 2325
f 2492 2496 2328
f 2502 2501 2496
f 2714 2507 2501
f 2714 2501 2502
f 2721 2514 2507
f 2721 2507 2714
f 2721 2720 2514
f 2720 2728 2514
f 2910 2737 2728
f 2918 2737 2910
f 2918 2917 2737
f 3068 3074 2917
f 1811 1819 1665
f 1811 1665 1666
f 1819 1818 1665
f 1829 1817 1818
f 1975 1828 1817
f 1975 1817 1829
f 1974 1827 1828
f 1974 1828 1975
f 1974 1985 1827
f 1985 2130 1984
f 2129 1984 2130
f 2123 2129 2124
f 2124 2129 2123
f 2129 2285 2128
f 2285 2284 2128
f 2284 2451 2292
f 2451 2450 2292
f 2456 2455 2292
f 2456 2292 2450
f 2657 2449 2455
f 2657 2455 2456
f 2660 2459 2449
f 2660 2449 2657
f 2660 2659 2458
f 2660 2458 2459
f 2659 2662 2664
f 2659 2664 2458
f 2667 2669 2666
f 2667 2666 2664
f 2469 2467 2669
f 2469 2669 2673
f 2471 2469 2673
f 2471 2673 2675
f 2475 2471 2675
f 2475 2675 2677
f 2477 2475 2677
f 2477 2677 2475
f 2479 2477 2475
f 2485 2481 2483
f 2488 2485 2483
f 2488 2483 2485
f 2490 2488 2485
f 2492 2490 2697
f 2496 2492 2697
f 2496 2697 2703
f 2709 2502 2496
f 2709 2496 2703
f 2709 2714 2502
f 2709 2714 2721
f 2709 2721 2714
f 2906 2720 2721
f 2906 2721 2714
f 2911 2728 2720
f 2911 2720 2906
f 2911 2910 2728
f 2911 3069 2918
f 2911 2918 2910
f 3069 2917 2918
f 3068 2917 3069
f 3195 3194 3068
f 1976 1818 1819
f 1976 1829 1818
f 1975 1829 1976
f 1974 1975 2132
f 2131 1985 1974
f 2131 1974 2132
f 2131 2130 1985
f 2129 2130 2286
f 2278 2124 2129
f 2278 2129 2286
f 2129 2124 2278
f 2129 2278 2277
f 2277 2285 2129
f 2451 2284 2285
f 2451 2285 2277
f 2456 2450 2657
f 2854 2659 2660
f 2854 2660 2855
f 2857 2662 2659
f 2857 2659 2854
f 2857 2859 2664
f 2857 2664 2662
f 2859 2862 2667
f 2859 2667 2664
f 2862 2669 2667
f 2671 2673 2669
f 2677 2675 2673
f 2679 2475 2677
f 2681 2479 2475
f 2681 2475 2679
f 2683 2481 2479
f 2683 2479 2681
f 2683 2686 2483
f 2683 2483 2481
f 2485 2483 2686
f 2485 2686 2688
f 2490 2485 2688
f 2490 2688 2690
f 2697 2490 2690
f 2697 2690 2694
f 2703 2697 2694
f 2703 2694 2697
f 2709 2703 2697
f 2709 2697 2703
f 2709 2703 2899
f 2714 2709 2899
f 2714 2899 2903
f 2906 2714 2903
f 2911 2906 3059
f 3059 3069 2911
f 3059 3196 3069
f 3196 3068 3069
f 3195 3068 3196
f 1970 1819 1971
f 1970 1977 1976
f 1970 1976 1819
f 1977 2125 1976
f 2125 2133 1975
f 2125 1975 1976
f 2133 2132 1975
f 2288 2131 2132
f 2287 2131 2288
f 2287 2286 2130
f 2287 2130 2131
f 2278 2442 2277
f 2442 2441 2451
f 2442 2451 2277
f 2441 2652 2450
f 2441 2450 2451
f 2652 2657 2450
f 2848 2657 2652
f 2848 2852 2660
f 2848 2660 2657
f 2852 2855 2660
f 2855 2852 2851
f 2855 2851 2854
f 3005 2857 2854
f 3005 2854 2851
f 2864 2671 2669
f 2864 2669 2862
f 2864 2868 2673
f 2864 2673 2671
f 2868 2870 2677
f 2868 2677 2673
f 2870 2873 2679
f 2870 2679 2677
f 2873 2875 2681
f 2873 2681 2679
f 2875 2683 2681
f 2683 2880 2686
f 2880 2882 2688
f 2880 2688 2686
f 2882 2887 2690
f 2882 2690 2688
f 2890 2694 2690
f 2890 2690 2887
f 2697 2694 2890
f 2697 2890 2893
f 2893 2896 2703
f 2893 2703 2697
f 2900 2899 2703
f 2900 2703 2896
f 3053 2903 2899
f 3053 2899 2900
f 3053 2906 2903
f 3056 2906 3053
f 3060 3059 2906
f 3060 2906 3056
f 3187 3059 3060
f 3197 3196 3059
f 3197 3059 3187
f 3197 3330 3196
f 3330 3195 3196
f 3330 3329 3195
f 2121 1970 1971
f 2126 1977 1970
f 2126 1970 2121
f 2126 2125 1977
f 2289 2133 2125
f 2289 2125 2126
f 2289 2132 2133
f 2289 2288 2132
f 2452 2286 2287
f 2443 2286 2452
f 2437 2278 2286
f 2437 2286 2443
f 2436 2442 2278
f 2436 2278 2437
f 2436 2645 2441
f 2436 2441 2442
f 2645 2644 2441
f 2644 2652 2441
f 2849 2652 2644
f 2849 2848 2652
f 2847 2852 2848
f 3003 2851 2852
f 3003 2852 2847
f 3003 3005 2851
f 3003 3005 2857
f 3003 2857 3005
f 2859 2857 3005
f 2859 3005 3007
f 2860 2862 2859
f 2860 2859 3007
f 2860 2864 2862
f 2864 2866 2868
f 2866 2868 2870
f 2866 2870 2868
f 2868 2873 2870
f 2875 2877 2683
f 2877 2880 2683
f 2882 2884 2887
f 2884 2887 2890
f 2884 2890 2887
f 2887 2891 2893
f 2887 2893 2890
f 2891 3044 2896
f 2891 2896 2893
f 3044 3047 2900
f 3044 2900 2896
f 3047 3050 3053
f 3047 3053 2900
f 3053 3183 3056
f 3060 3056 3183
f 3060 3183 3188
f 3187 3060 3188
f 3188 3321 3197
f 3188 3197 3187
f 3321 3331 3330
f 3321 3330 3197
f 3486 3330 3331
f 2121 2280 2126
f 2289 2126 2280
f 2289 2280 2279
f 2288 2289 2453
f 2287 2288 2453
f 2287 2453 2445
f 2452 2287 2445
f 2452 2445 2444
f 2444 2443 2452
f 2436 2437 2433
f 2436 2433 2639
f 2645 2436 2639
f 2644 2645 2639
f 2644 2639 2638
f 2849 2644 2638
f 2849 2638 2843
f 2843 2842 2849
f 2842 2848 2849
f 3005 3003 3130
f 3007 3009 2860
f 2864 2860 3009
f 2864 3009 3011
f 3011 3013 2866
f 3011 2866 2864
f 3017 2868 2866
f 3017 2866 3013
f 3019 2873 2868
f 3019 2868 3017
f 3021 2875 2873
f 3021 2873 3019
f 3025 2877 2875
f 3025 2875 3021
f 3025 3027 2880
f 3025 2880 2877
f 3027 3030 2882
f 3027 2882 2880
f 3037 2884 2882
f 3037 2882 3030
f 3039 2887 2884
f 3039 2884 3037
f 3041 2891 2887
f 3041 2887 3039
f 3045 3044 2891
f 3045 2891 3041
f 3047 3044 3045
f 3179 3050 3047
f 3181 3053 3050
f 3181 3050 3179
f 3183 3053 3181
f 3183 3316 3188
f 3316 3322 3188
f 3322 3321 3188
f 3322 3481 3331
f 3322 3331 3321
f 3481 3487 3486
f 3481 3486 3331
f 2274 2273 2121
f 2273 2281 2280
f 2273 2280 2121
f 2447 2280 2281
f 2447 2279 2280
f 2447 2446 2289
f 2447 2289 2279
f 2446 2445 2453
f 2446 2453 2289
f 2445 2653 2444
f 2646 2443 2444
f 2646 2444 2653
f 2433 2437 2443
f 2433 2443 2646
f 2640 2632 2639
f 2640 2639 2433
f 2638 2639 2632
f 2638 2632 2631
f 2631 2630 2638
f 2836 2638 2630
f 3007 3005 3130
f 3007 3130 3132
f 3009 3007 3132
f 3009 3132 3137
f 3011 3009 3137
f 3013 3015 3017
f 3015 3019 3017
f 3025 3021 3023
f 3027 3025 3023
f 3027 3031 3030
f 3031 3034 3037
f 3031 3037 3030
f 3034 3037 3039
f 3034 3039 3037
f 3169 3041 3039
f 3169 3039 3037
f 3045 3041 3169
f 3045 3169 3172
f 3172 3175 3047
f 3172 3047 3045
f 3175 3179 3047
f 3312 3181 3179
f 3312 3183 3181
f 3312 3316 3183
f 3323 3322 3316
f 3482 3322 3323
f 3482 3481 3322
f 3688 3487 3481
f 3688 3481 3482
f 2438 2281 2273
f 2438 2273 2274
f 2447 2281 2438
f 2446 2447 2654
f 2654 2445 2446
f 2647 2445 2654
f 2653 2445 2647
f 2653 2647 2646
f 2641 2633 2433
f 2641 2433 2646
f 2640 2433 2633
f 3133 3132 3130
f 3133 3130 3258
f 3135 3137 3132
f 3135 3132 3133
f 3139 3011 3137
f 3139 3137 3135
f 3139 3142 3013
f 3139 3013 3011
f 3142 3144 3015
f 3142 3015 3013
f 3146 3019 3015
f 3146 3015 3144
f 3148 3021 3019
f 3148 3019 3146
f 3148 3152 3023
f 3148 3023 3021
f 3152 3155 3027
f 3152 3027 3023
f 3155 3157 3031
f 3155 3031 3027
f 3161 3034 3031
f 3161 3031 3157
f 3164 3037 3034
f 3164 3034 3161
f 3166 3169 3037
f 3166 3037 3164
f 3175 3172 3169
f 3175 3169 3303
f 3179 3175 3303
f 3179 3303 3306
f 3312 3179 3306
f 3312 3306 3309
f 3316 3312 3475
f 3323 3316 3475
f 3323 3475 3474
f 3482 3323 3474
f 3482 3474 3483
f 3482 3483 3689
f 2274 2434 2439
f 2438 2274 2439
f 2447 2438 2650
f 2650 2655 2447
f 2655 2648 2654
f 2655 2654 2447
f 2648 2647 2654
f 2647 2641 2646
f 2634 2626 2633
f 2634 2633 2641
f 3258 3261 3133
f 3263 3135 3133
f 3263 3133 3261
f 3266 3139 3135
f 3266 3135 3263
f 3268 3142 3139
f 3268 3139 3266
f 3144 3142 3268
f 3150 3152 3148
f 3155 3152 3150
f 3289 3161 3157
f 3295 3164 3161
f 3295 3161 3289
f 3298 3166 3164
f 3298 3164 3295
f 3300 3169 3166
f 3300 3166 3298
f 3304 3303 3169
f 3304 3169 3300
f 3304 3306 3303
f 3309 3306 3468
f 3470 3312 3309
f 3470 3309 3468
f 3475 3312 3470
f 3474 3475 3681
f 3690 3483 3474
f 3690 3474 3681
f 3690 3689 3483
f 2439 2434 2642
f 2650 2438 2439
f 2650 2439 2642
f 2650 2649 2655
f 2649 2845 2648
f 2649 2648 2655
f 2845 2844 2648
f 2844 2837 2647
f 2844 2647 2648
f 2837 2831 2641
f 2837 2641 2647
f 2831 2627 2634
f 2831 2634 2641
f 3403 3408 3258
f 3403 3258 3255
f 3408 3410 3261
f 3408 3261 3258
f 3410 3263 3261
f 3268 3270 3144
f 3270 3273 3146
f 3270 3146 3144
f 3273 3277 3148
f 3273 3148 3146
f 3277 3280 3150
f 3277 3150 3148
f 3155 3150 3280
f 3155 3280 3282
f 3157 3155 3282
f 3157 3282 3286
f 3289 3157 3286
f 3289 3291 3295
f 3291 3295 3298
f 3291 3298 3295
f 3300 3298 3295
f 3300 3295 3460
f 3304 3300 3460
f 3304 3460 3463
f 3465 3306 3304
f 3465 3304 3463
f 3468 3306 3465
f 3470 3468 3676
f 3475 3470 3676
f 3681 3475 3676
f 3873 3690 3681
f 3690 3873 3879
f 3879 3872 3878
f 3879 3878 3690
f 2642 2434 2636
f 2650 2642 2840
f 2840 2845 2649
f 2840 2649 2650
f 2844 2845 2839
f 2844 2839 2838
f 2838 2837 2844
f 2837 2838 2831
f 2627 2831 2823
f 3408 3411 3263
f 3408 3263 3410
f 3411 3413 3266
f 3411 3266 3263
f 3413 3416 3268
f 3413 3268 3266
f 3270 3268 3416
f 3270 3416 3423
f 3273 3270 3423
f 3273 3423 3426
f 3277 3273 3426
f 3277 3426 3429
f 3429 3433 3280
f 3429 3280 3277
f 3282 3280 3433
f 3282 3433 3439
f 3439 3442 3286
f 3439 3286 3282
f 3442 3445 3289
f 3442 3289 3286
f 3291 3289 3445
f 3291 3445 3450
f 3295 3291 3450
f 3295 3450 3454
f 3454 3457 3460
f 3454 3460 3295
f 3463 3460 3457
f 3463 3457 3654
f 3465 3463 3654
f 3465 3654 3659
f 3465 3659 3671
f 3465 3671 3468
f 3676 3468 3671
f 3676 3671 3670
f 3676 3670 3866
f 3676 3866 3873
f 3676 3873 3681
f 3879 3873 4089
f 2642 2636 2635
f 2642 2635 2833
f 2840 2642 2833
f 2839 2845 2840
f 2839 2840 2995
f 2994 2838 2839
f 2994 2839 2995
f 2987 2838 2994
f 2986 2831 2838
f 2986 2838 2987
f 3410 3411 3408
f 3413 3411 3410
f 3416 3420 3423
f 3420 3423 3426
f 3420 3426 3423
f 3429 3426 3423
f 3432 3433 3429
f 3436 3439 3433
f 3436 3433 3432
f 3442 3439 3436
f 3445 3642 3450
f 3648 3454 3450
f 3648 3450 3642
f 3651 3457 3454
f 3651 3454 3648
f 3655 3654 3457
f 3655 3457 3651
f 3655 3659 3654
f 3671 3659 3856
f 3671 3856 3861
f 3671 3861 3670
f 3866 3670 3861
f 3866 4090 3873
f 4089 3873 4090
f 2628 2825 2635
f 2628 2635 2636
f 2825 2833 2635
f 2825 2832 2840
f 2825 2840 2833
f 2840 2832 2989
f 2995 2840 2989
f 2995 2989 2988
f 2994 2995 2988
f 2987 2994 2988
f 2986 2987 2978
f 3408 3581 3589
f 3410 3408 3589
f 3410 3589 3598
f 3413 3410 3598
f 3413 3598 3599
f 3416 3413 3599
f 3416 3599 3608
f 3420 3416 3608
f 3420 3608 3613
f 3423 3420 3613
f 3423 3613 3617
f 3429 3423 3617
f 3429 3617 3620
f 3628 3432 3429
f 3628 3429 3620
f 3631 3436 3432
f 3631 3432 3628
f 3436 3631 3635
f 3436 3635 3442
f 3442 3635 3640
f 3442 3640 3445
f 3445 3640 3642
f 3648 3642 3645
f 3651 3648 3645
f 3651 3645 3840
f 3655 3651 3840
f 3655 3840 3845
f 3655 3845 3850
f 3655 3850 3659
f 3856 3659 3850
f 3856 4074 3861
f 4074 4083 3866
f 4074 3866 3861
f 3866 4083 4082
f 4081 4090 3866
f 4081 3866 4082
f 2628 2815 2814
f 2628 2814 2825
f 2832 2825 2981
f 2989 2832 2981
f 2988 2989 2981
f 2988 2981 2980
f 2987 2988 2980
f 2987 2980 2979
f 3590 3598 3589
f 3590 3589 3581
f 3590 3598 3599
f 3590 3599 3598
f 3599 3598 3604
f 3599 3604 3608
f 3613 3608 3617
f 3624 3628 3620
f 3631 3628 3624
f 3635 3631 3823
f 3640 3635 3823
f 3640 3823 3824
f 3642 3640 3824
f 3642 3824 3830
f 3830 3833 3645
f 3830 3645 3642
f 3840 3645 3833
f 3840 3833 3837
f 3837 4051 3845
f 3837 3845 3840
f 3850 3845 4051
f 3850 4051 4061
f 3856 3850 4061
f 3856 4061 4068
f 4074 3856 4068
f 4074 4068 4067
f 4328 4082 4083
f 4328 4083 4074
f 4328 4081 4082
f 2815 2808 2814
f 2825 2814 2975
f 2825 2975 2981
f 2981 2975 2974
f 2981 2974 2980
f 3581 3786 3791
f 3581 3791 3590
f 3791 3598 3590
f 3791 3802 3604
f 3791 3604 3598
f 3608 3604 3802
f 3608 3802 3807
f 3617 3608 3807
f 3617 3807 3809
f 3620 3617 3809
f 3620 3809 3811
f 3811 3814 3624
f 3811 3624 3620
f 3820 3631 3624
f 3820 3624 3814
f 3823 3631 3820
f 3823 3825 3824
f 3824 3825 4037
f 3824 4037 3830
f 3830 4037 4041
f 3830 4041 3833
f 3833 4041 4046
f 3833 4046 3837
f 3837 4046 4051
f 4056 4061 4051
f 4061 4056 4313
f 4061 4313 4068
f 4068 4313 4321
f 4068 4321 4067
f 4329 4074 4067
f 4329 4067 4321
f 4074 4329 4328
f 3581 3781 3787
f 3581 3787 3786
f 3791 3786 3787
f 3802 3791 3797
f 3802 3797 3803
f 3803 3807 3802
f 4009 3811 3809
f 4009 4014 3814
f 4009 3814 3811
f 3814 4014 4022
f 3814 4022 3820
f 3820 4022 4025
f 3820 4025 3823
f 4029 3825 3823
f 4029 3823 4025
f 4037 3825 4029
f 4041 4298 4046
f 4051 4046 4298
f 4051 4298 4302
f 4302 4306 4056
f 4302 4056 4051
f 4313 4056 4306
f 4320 4328 4329
f 4320 4329 4321
f 3570 3772 3773
f 3781 3570 3773
f 3781 3773 3782
f 3787 3781 3782
f 3787 3792 3791
f 3792 3989 3797
f 3792 3797 3791
f 3803 3797 3989
f 3803 3989 3996
f 3807 3803 3996
f 3807 3996 4000
f 3809 3807 4000
f 3809 4000 4004
f 4004 4014 4009
f 4004 4009 3809
f 4018 4014 4009
f 4018 4009 4014
f 4022 4014 4018
f 4022 4271 4025
f 4029 4025 4271
f 4029 4271 4282
f 4037 4029 4282
f 4037 4282 4288
f 4041 4037 4288
f 4041 4288 4287
f 4298 4041 4287
f 4298 4287 4297
f 4297 4507 4302
f 4297 4302 4298
f 4306 4302 4507
f 4306 4507 4512
f 4313 4306 4512
f 4313 4512 4518
f 4518 4517 4321
f 4518 4321 4313
f 3773 3949 3782
f 3773 3782 3787
f 3773 3787 3782
f 3782 3787 3979
f 3782 3979 3787
f 3787 3979 3980
f 3787 3980 3792
f 3792 3980 3989
f 3989 3997 3996
f 3996 3997 4235
f 3996 4235 4000
f 4000 4235 4243
f 4000 4243 4004
f 4252 4014 4004
f 4252 4004 4243
f 4252 4259 4018
f 4252 4018 4014
f 4018 4259 4271
f 4018 4271 4022
f 4277 4271 4022
f 4277 4022 4271
f 4271 4277 4282
f 4494 4297 4287
f 4494 4507 4297
f 4517 4518 4512
f 3782 3958 3969
f 3782 3969 3787
f 3787 3969 3979
f 3989 3980 3979
f 4216 4227 3997
f 4216 3997 3989
f 4227 4235 3997
f 4235 4244 4243
f 4463 4252 4243
f 4463 4243 4244
f 4463 4468 4259
f 4463 4259 4252
f 4271 4259 4468
f 4271 4468 4472
f 4277 4271 4472
f 4277 4472 4482
f 4482 4488 4282
f 4482 4282 4277
f 4288 4282 4488
f 4288 4488 4495
f 4287 4288 4495
f 4287 4495 4494
f 4507 4494 4501
f 4501 4507 4512
f 4501 4512 4507
f 3969 4188 3979
f 4202 3989 3979
f 4202 3979 4188
f 3989 4202 4216
f 4436 4227 4216
f 4436 4450 4235
f 4436 4235 4227
f 4450 4458 4244
f 4450 4244 4235
f 4458 4463 4244
f 4472 4468 4463
f 4476 4472 4468
f 4476 4468 4472
f 4482 4472 4476
f 4488 4494 4495
f 4501 4493 4494
f 4188 3969 4175
f 4188 4175 4425
f 4202 4188 4425
f 4202 4425 4431
f 4216 4202 4431
f 4216 4431 4436
f 4450 4436 4442
f 4635 4458 4450
f 4641 4463 4458
f 4641 4458 4635
f 4647 4472 4463
f 4647 4463 4641
f 4647 4653 4476
f 4647 4476 4472
f 4476 4653 4666
f 4476 4666 4482
f 4674 4488 4482
f 4674 4482 4666
f 4488 4674 4494
f 4629 4634 4635
f 4629 4635 4450
f 4634 4647 4641
f 4634 4641 4635
f 4659 4653 4647
f 4659 4647 4652
f 4665 4653 4659
f 2791 2588 2780
f 2547 2355 2545
f 2202 2206 2354
f 2206 2050 2055
f 2824 2978 2813
f 2823 2813 2627
f 1906 1901 1902
f 1585 1407 1422
f 955 822 817
f 970 981 971
f 1474 1459 1460
f 1474 1458 1459
f 1473 1458 1474
f 2999 2842 2835
f 2993 3001 2998
f 3003 3001 3127
f 3569 3398 3568
f 1501 1339 1486
f 1470 1501 1486
f 2235 2234 2383
f 816 685 811
f 560 683 561
f 684 811 685
f 322 321 439
f 857 862 863
f 1224 1128 1126
f 112 2 5
f 147 38 139
f 154 144 145
f 368 363 364
f 495 619 494
f 750 618 628
f 896 892 894
f 756 755 894
f 756 894 753
f 750 628 753
f 628 618 623
f 154 153 144
f 38 146 139
f 39 38 147
f 2 6 5
f 113 2 112
f 108 113 112
f 108 224 225
f 220 225 224
f 440 322 439
f 684 561 683
f 812 685 816
f 987 998 988
f 987 997 998
f 863 1005 862
f 1227 1128 1224
f 1501 1500 1341
f 1501 1341 1339
f 1475 1474 1460
f 1431 1441 1440
f 1901 1906 1902
f 2050 1902 2049
f 2202 2050 2206
f 2207 2202 2354
f 2355 2207 2354
f 2360 2355 2547
f 2548 2360 2547
f 2548 2566 2567
f 2580 2567 2780
f 2581 2580 2780
f 2588 2581 2780
f 2960 2807 2800
f 2974 2966 2973
f 2824 2813 2823
f 2627 2620 2626
f 3130 3003 3127
f 3127 3257 3130
f 3254 3257 3127
f 892 749 753
f 892 753 894
f 624 623 618
f 619 624 618
f 619 618 614
f 495 494 491
f 492 491 489
f 492 489 367
f 368 367 363
f 261 364 363
f 360 257 262
f 360 262 261
f 139 146 145
f 139 145 138
f 26 27 40
f 26 40 39
f 40 27 41
f 41 28 42
f 30 31 44
f 30 44 43
f 32 31 20
f 21 32 20
f 11 12 21
f 12 22 21
f 108 112 224
f 220 224 321
f 322 220 321
f 817 816 952
f 817 952 955
f 822 955 956
f 972 956 971
f 980 981 970
f 980 970 1109
f 1114 1115 1108
f 1114 979 987
f 1114 987 988
f 1005 997 996
f 863 862 857
f 1012 867 862
f 1012 1011 1126
f 1012 1126 1128
f 1228 1339 1341
f 1228 1341 1230
f 1472 1487 1486
f 1472 1486 1471
f 1487 1472 1473
f 1487 1473 1488
f 1462 1461 1449
f 1462 1449 1450
f 1439 1451 1438
f 1452 1451 1439
f 1452 1439 1440
f 1581 1585 1748
f 1902 1901 2049
f 2050 2049 2055
f 2355 2354 2545
f 2567 2566 2780
f 2801 2597 2588
f 2801 2588 2791
f 2801 2791 2800
f 2968 2807 2960
f 2972 2979 2965
f 2979 2972 2978
f 2813 2609 2620
f 2813 2620 2627
f 2626 2619 2625
f 2632 2625 2619
f 2632 2619 2624
f 2631 2632 2624
f 2630 2631 2624
f 2836 2830 2835
f 2998 2842 2999
f 2998 3001 2993
f 3001 2998 3127
f 3127 3130 3125
f 2800 2791 2780
f 2800 2780 2790
f 2960 2800 2790
f 2960 2790 2789
f 2968 2960 2789
f 2968 2789 2959
f 2967 2968 2959
f 2967 2959 2966
f 2967 2966 2974
f 2790 2780 2779
f 2789 2790 2779
f 2959 2789 2788
f 2959 2788 2958
f 2966 2959 2958
f 2973 2966 2965
f 2973 2965 2979
f 2779 2780 2566
f 2789 2779 2778
f 2788 2789 2778
f 2958 2788 2952
f 2966 2958 2952
f 2966 2952 2957
f 2965 2966 2957
f 2779 2566 2548
f 2779 2548 2565
f 2778 2779 2565
f 2778 2565 2763
f 2788 2778 2763
f 2788 2763 2777
f 2952 2788 2777
f 2952 2777 2787
f 2957 2952 2787
f 2957 2787 2799
f 2965 2957 2799
f 2965 2799 2798
f 2972 2965 2798
f 2972 2798 2806
f 2978 2972 2806
f 2978 2806 2813
f 2565 2548 2547
f 2763 2565 2547
f 2763 2547 2564
f 2777 2763 2564
f 2799 2787 2777
f 2799 2777 2786
f 2798 2799 2786
f 2547 2545 2546
f 2547 2546 2564
f 2777 2564 2579
f 2777 2579 2786
f 2786 2785 2798
f 2798 2785 2797
f 2798 2797 2806
f 2806 2797 2609
f 2806 2609 2813
f 2546 2545 2354
f 2546 2563 2564
f 2564 2563 2579
f 2579 2563 2578
f 2579 2578 2786
f 2786 2578 2587
f 2786 2587 2785
f 2785 2587 2596
f 2785 2596 2797
f 2797 2596 2609
f 2354 2359 2546
f 2546 2359 2563
f 2563 2359 2562
f 2563 2562 2578
f 2587 2578 2586
f 2587 2586 2596
f 2596 2586 2595
f 2596 2595 2609
f 2609 2595 2608
f 2609 2608 2620
f 2620 2608 2619
f 2620 2619 2626
f 2354 2206 2205
f 2354 2205 2353
f 2354 2353 2359
f 2359 2353 2358
f 2359 2358 2377
f 2359 2377 2562
f 2562 2377 2578
f 2578 2377 2387
f 2578 2387 2586
f 2595 2414 2608
f 2619 2608 2618
f 2619 2618 2624
f 3403 3398 3569
f 2206 2055 2205
f 2353 2205 2210
f 2353 2210 2358
f 2377 2358 2376
f 2377 2376 2387
f 2387 2386 2586
f 2586 2386 2399
f 2586 2399 2595
f 2595 2399 2400
f 2595 2400 2414
f 2414 2400 2413
f 2414 2413 2608
f 2608 2413 2423
f 2608 2423 2618
f 2618 2423 2607
f 2618 2607 2617
f 2618 2617 2624
f 2624 2617 2623
f 2624 2623 2630
f 2630 2623 2822
f 2630 2822 2830
f 2830 2822 2829
f 2830 2829 2835
f 3403 3254 3398
f 2055 2049 2054
f 2055 2054 2205
f 2205 2054 2053
f 2205 2053 2210
f 2210 2209 2358
f 2358 2209 2228
f 2358 2228 2376
f 2376 2228 2227
f 2376 2227 2387
f 2387 2227 2386
f 2400 2399 2413
f 2423 2413 2422
f 2423 2422 2607
f 2607 2422 2606
f 2607 2606 2617
f 2617 2606 2616
f 2617 2616 2623
f 2623 2616 2822
f 2822 2616 2821
f 2822 2821 2829
f 2829 2821 2828
f 2829 2828 2835
f 2835 2828 2993
f 2835 2993 2999
f 2999 2993 2998
f 3254 3127 3125
f 3254 3125 3251
f 3398 3254 3251
f 3398 3251 3248
f 3398 3248 3395
f 3398 3395 3568
f 2049 1901 2054
f 2053 2060 2210
f 2210 2060 2059
f 2210 2059 2209
f 2228 2209 2227
f 2227 2239 2386
f 2386 2239 2238
f 2386 2238 2399
f 2399 2238 2239
f 2399 2239 2249
f 2399 2249 2398
f 2399 2398 2413
f 2413 2398 2412
f 2413 2412 2422
f 2422 2412 2421
f 2422 2421 2606
f 2606 2421 2605
f 2606 2605 2616
f 2616 2615 2821
f 2821 2615 2820
f 2821 2820 2828
f 2993 2828 2985
f 2993 2985 2992
f 2993 2992 2998
f 2998 2992 2997
f 2998 2997 3127
f 3125 3127 2997
f 3125 2997 3123
f 3127 3125 3130
f 3251 3125 3123
f 3248 3251 3123
f 3248 3391 3395
f 1901 1906 1905
f 1901 1905 2054
f 2054 1905 2053
f 2053 1905 2059
f 2053 2059 2060
f 2059 2058 2209
f 2209 2058 2076
f 2209 2076 2227
f 2227 2076 2226
f 2227 2226 2239
f 2239 2226 2238
f 2239 2238 2249
f 2249 2238 2248
f 2249 2248 2398
f 2398 2248 2411
f 2398 2411 2412
f 2412 2411 2421
f 2421 2411 2605
f 2605 2411 2604
f 2605 2604 2616
f 2616 2604 2615
f 2615 2614 2820
f 2820 2614 2819
f 2820 2819 2828
f 2828 2819 2827
f 2828 2827 2985
f 2985 2827 2984
f 2985 2984 2992
f 2992 2984 2991
f 2992 2991 2997
f 3123 2997 2991
f 3123 2991 2983
f 3123 2983 3121
f 3123 3121 3120
f 3123 3120 3248
f 3248 3120 3245
f 3248 3245 3391
f 1906 1748 1905
f 1905 1909 1908
f 1905 1908 2059
f 2059 1908 2058
f 2076 2075 2226
f 2226 2075 2089
f 2226 2089 2238
f 2238 2089 2239
f 2239 2089 2238
f 2238 2247 2248
f 2248 2247 2411
f 2411 2410 2420
f 2411 2420 2604
f 2604 2420 2603
f 2604 2603 2615
f 2615 2603 2614
f 2614 2603 2812
f 2614 2812 2819
f 2827 2819 2984
f 2984 2819 2983
f 2984 2983 2991
f 2983 2977 3121
f 3121 2977 3118
f 3121 3118 3120
f 3120 3118 3117
f 3120 3117 3245
f 3245 3117 3241
f 1748 1751 1905
f 1905 1751 1909
f 1909 1751 1908
f 1908 1928 2058
f 2058 1928 1927
f 2058 1927 2076
f 2076 1927 2075
f 2075 2088 2089
f 2089 2088 2238
f 2238 2088 2247
f 2247 2246 2411
f 2411 2246 2256
f 2411 2256 2410
f 2410 2256 2409
f 2410 2409 2420
f 2420 2409 2419
f 2420 2419 2603
f 2603 2614 2812
f 2812 2614 2613
f 2812 2613 2819
f 2819 2613 2818
f 2819 2818 2983
f 2983 2818 2817
f 2983 2817 2977
f 2977 2971 3118
f 3118 2971 3115
f 3118 3115 3117
f 3117 3115 3241
f 1748 1585 1751
f 1751 1770 1908
f 1908 1770 1769
f 1908 1769 1928
f 2075 1927 1926
f 2075 1926 2088
f 2088 1926 1940
f 2088 1940 2089
f 2088 2089 1940
f 2088 1940 1939
f 2088 2099 2247
f 2247 2099 2246
f 2246 2255 2256
f 2256 2255 2409
f 2419 2409 2418
f 2419 2418 2603
f 2603 2418 2426
f 2603 2426 2614
f 2614 2426 2613
f 2818 2613 2811
f 2818 2811 2810
f 2818 2810 2817
f 2817 2810 2977
f 2977 2810 2970
f 2977 2970 2971
f 2971 2970 3115
f 3115 2970 3114
f 1585 1601 1751
f 1751 1601 1770
f 1928 1769 1768
f 1928 1768 1927
f 1927 1768 1780
f 1927 1780 1939
f 1927 1939 1926
f 1926 1939 1940
f 2088 1939 1938
f 2088 1938 2099
f 2099 2098 2246
f 2246 2098 2104
f 2246 2104 2255
f 2255 2254 2409
f 2409 2254 2418
f 2426 2418 2613
f 2613 2418 2602
f 2613 2602 2612
f 2613 2612 2811
f 2811 2612 2601
f 2811 2601 2810
f 2810 2601 2805
f 2810 2805 2970
f 2970 2805 2964
f 2970 2964 3114
f 1585 1422 1601
f 1601 1612 1611
f 1601 1611 1770
f 1770 1611 1610
f 1770 1610 1769
f 1769 1610 1781
f 1769 1781 1780
f 1769 1780 1768
f 1780 1779 1939
f 1939 1779 1791
f 1939 1791 1778
f 1938 1939 1778
f 1938 1778 1948
f 1938 1948 2099
f 2099 1948 2104
f 2099 2104 2098
f 2104 2103 2255
f 2255 2103 2254
f 2254 2260 2418
f 2418 2417 2602
f 2602 2417 2601
f 2602 2601 2612
f 2601 2600 2805
f 2805 2804 2964
f 2964 2804 2803
f 2963 2964 2803
f 2963 2803 2956
f 1422 1431 1430
f 1422 1430 1601
f 1601 1430 1612
f 1612 1624 1611
f 1611 1624 1610
f 1610 1623 1781
f 1781 1623 1609
f 1781 1609 1780
f 1780 1609 1608
f 1780 1608 1779
f 1779 1608 1791
f 1791 1790 1778
f 1948 1778 1790
f 1948 1790 1947
f 1948 1947 1953
f 1948 1953 2104
f 2104 1953 1952
f 2104 1952 2097
f 2104 2097 2103
f 2260 2254 2418
f 2418 2254 2408
f 2418 2408 2417
f 2417 2408 2601
f 2601 2408 2407
f 2601 2407 2594
f 2601 2594 2600
f 2600 2594 2593
f 2600 2593 2805
f 2805 2593 2796
f 2805 2796 2804
f 2803 2804 2796
f 2803 2796 2795
f 2956 2803 2795
f 1431 1440 1439
f 1431 1439 1430
f 1430 1439 1612
f 1612 1439 1438
f 1612 1438 1624
f 1624 1438 1623
f 1624 1623 1610
f 1623 1622 1609
f 1609 1622 1621
f 1609 1621 1608
f 1608 1621 1791
f 1791 1621 1620
f 1791 1620 1790
f 1790 1620 1789
f 1947 1790 1789
f 1947 1789 1797
f 1953 1947 1797
f 2097 1952 2103
f 2254 2103 2253
f 2254 2253 2408
f 2408 2253 2252
f 2408 2252 2407
f 2407 2406 2594
f 2594 2406 2593
f 2593 2592 2796
f 2795 2796 2592
f 2795 2592 2591
f 1438 1450 1449
f 1438 1449 1623
f 1450 1438 1451
f 1623 1449 1448
f 1623 1448 1622
f 1622 1448 1632
f 1622 1632 1621
f 1621 1631 1620
f 1789 1620 1631
f 1789 1631 1630
f 1797 1789 1630
f 1953 1797 1799
f 1953 1799 1796
f 1953 1796 1952
f 2103 2102 2253
f 2253 2245 2252
f 2252 2245 2407
f 2407 2245 2397
f 2407 2397 2406
f 2406 2397 2593
f 2593 2397 2396
f 2593 2396 2592
f 2592 2396 2585
f 2591 2592 2585
f 2784 2591 2585
f 2784 2585 2584
f 1449 1461 1460
f 1449 1460 1448
f 1632 1448 1447
f 1632 1447 1621
f 1631 1621 1447
f 1631 1447 1446
f 1797 1630 1638
f 1799 1797 1638
f 1796 1799 1952
f 1952 1799 1957
f 1952 1946 2103
f 2103 1946 2096
f 2103 2096 2102
f 2102 2096 2095
f 2102 2095 2253
f 2253 2095 2245
f 2245 2095 2244
f 2245 2244 2397
f 2397 2244 2243
f 2397 2243 2396
f 2585 2396 2395
f 2584 2585 2395
f 2584 2395 2394
f 1448 1460 1459
f 1448 1459 1447
f 1447 1459 1458
f 1447 1458 1446
f 1446 1458 1631
f 1631 1458 1638
f 1631 1638 1630
f 1799 1638 1642
f 1799 1642 1637
f 1799 1637 1796
f 1796 1637 1799
f 1957 1799 1795
f 1957 1795 1952
f 1952 1795 1946
f 1946 1945 2096
f 2096 1945 2095
f 2095 1945 2094
f 2095 2094 2244
f 2244 2094 2243
f 2243 2237 2396
f 2395 2396 2237
f 2395 2237 2385
f 2395 2385 2384
f 2394 2395 2384
f 1458 1473 1472
f 1458 1472 1638
f 1638 1472 1471
f 1642 1638 1471
f 1637 1642 1641
f 1637 1641 1799
f 1799 1641 1629
f 1799 1629 1795
f 1795 1788 1946
f 1946 1788 1787
f 1946 1787 1945
f 1945 1944 2094
f 2094 1944 2087
f 2094 2087 2086
f 2094 2086 2243
f 2243 2086 2237
f 2385 2237 2236
f 2384 2385 2236
f 2384 2236 2235
f 2383 2384 2235
f 1642 1471 1486
f 1636 1641 1642
f 1641 1636 1629
f 1795 1629 1787
f 1795 1787 1788
f 1787 1786 1945
f 1945 1786 1937
f 1945 1937 1944
f 1944 1937 1936
f 1944 1936 2087
f 2087 1936 2086
f 2086 1936 2085
f 2086 2085 2237
f 2236 2237 2085
f 2236 2085 2084
f 1486 1501 1470
f 1486 1470 1642
f 1642 1470 1636
f 1636 1470 1457
f 1636 1457 1628
f 1636 1628 1629
f 1629 1628 1619
f 1629 1619 1787
f 1787 1619 1618
f 1787 1618 1777
f 1787 1777 1786
f 1786 1777 1937
f 1937 1777 1936
f 1936 1935 2085
f 2085 1935 2084
f 2236 2084 2083
f 2235 2236 2083
f 2234 2235 2083
f 2234 2083 2082
f 1470 1486 1339
f 1470 1339 1337
f 1470 1337 1457
f 1457 1445 1628
f 1628 1445 1619
f 1618 1607 1777
f 1777 1607 1776
f 1777 1776 1936
f 1936 1776 1775
f 1936 1775 1935
f 1935 1775 1925
f 2084 1935 1925
f 2084 1925 1924
f 2084 1924 1923
f 2083 2084 1923
f 2083 1923 2074
f 2082 2083 2074
f 2233 2082 2074
f 2233 2074 2073
f 971 956 955
f 1457 1337 1335
f 1457 1335 1333
f 1457 1333 1445
f 1445 1437 1619
f 1619 1437 1429
f 1619 1429 1618
f 1618 1429 1606
f 1618 1606 1607
f 1607 1606 1776
f 1776 1606 1605
f 1776 1605 1767
f 1776 1767 1775
f 1925 1775 1767
f 1925 1767 1766
f 1924 1925 1766
f 1923 1924 1766
f 2074 1923 1922
f 2074 1922 1921
f 2073 2074 1921
f 955 952 954
f 971 955 954
f 970 971 954
f 1109 970 1108
f 1109 1108 1115
f 1339 1228 1224
f 1339 1224 1337
f 1337 1224 1335
f 1333 1332 1445
f 1445 1332 1329
f 1445 1329 1437
f 1437 1329 1428
f 1437 1428 1429
f 1429 1428 1606
f 1606 1600 1605
f 1605 1600 1599
f 1605 1599 1767
f 1766 1767 1599
f 1923 1766 1765
f 1923 1765 1764
f 1922 1923 1764
f 954 952 816
f 954 816 821
f 954 821 953
f 970 954 953
f 970 953 969
f 1108 970 969
f 1114 1108 969
f 1114 969 979
f 1228 1227 1224
f 1224 1222 1335
f 1335 1222 1219
f 1335 1219 1333
f 1333 1219 1329
f 1333 1329 1332
f 1329 1326 1428
f 1428 1421 1606
f 1600 1606 1421
f 1599 1600 1421
f 1765 1766 1599
f 1765 1599 1598
f 1765 1598 1764
f 1922 1764 1763
f 1921 1922 1763
f 1920 1921 1763
f 1920 1763 1762
f 821 816 815
f 953 821 815
f 969 953 968
f 979 969 968
f 979 968 978
f 987 979 978
f 1222 1224 1126
f 1222 1126 1221
f 1219 1222 1221
f 1329 1219 1217
f 1329 1217 1216
f 1326 1329 1216
f 1428 1326 1325
f 1421 1428 1325
f 1599 1421 1420
f 1599 1420 1598
f 1764 1598 1597
f 1764 1597 1596
f 1763 1764 1596
f 1763 1596 1762
f 1919 1762 1761
f 815 816 811
f 953 815 820
f 968 953 820
f 987 978 986
f 997 987 986
f 997 986 996
f 1221 1126 1123
f 1221 1123 1118
f 1219 1221 1118
f 1219 1118 1113
f 1217 1219 1113
f 1217 1113 1216
f 1326 1216 1213
f 1326 1213 1212
f 1325 1326 1212
f 1325 1212 1322
f 1421 1325 1322
f 1421 1322 1321
f 1420 1421 1321
f 1420 1321 1419
f 1598 1420 1419
f 1598 1419 1418
f 1597 1598 1418
f 1762 1596 1595
f 1762 1595 1594
f 1761 1762 1594
f 815 811 684
f 815 684 814
f 815 814 820
f 820 833 968
f 968 833 844
f 968 844 978
f 978 844 986
f 852 996 986
f 852 986 844
f 996 852 857
f 996 857 862
f 862 1005 996
f 1012 862 1004
f 1012 1004 1011
f 1011 1004 1126
f 1126 1004 1123
f 1216 1113 1112
f 1216 1112 1107
f 1213 1216 1107
f 1213 1107 1212
f 1322 1212 1207
f 1321 1322 1207
f 1419 1321 1320
f 1419 1320 1319
f 1418 1419 1319
f 1597 1418 1417
f 1596 1597 1417
f 1595 1596 1417
f 1595 1417 1416
f 1595 1416 1415
f 1594 1595 1415
f 814 684 683
f 814 683 689
f 819 820 814
f 819 814 689
f 820 819 833
f 844 833 843
f 844 843 851
f 844 851 852
f 852 851 856
f 852 856 857
f 862 857 856
f 1004 862 856
f 1004 856 995
f 1004 995 1123
f 1118 1123 995
f 1118 995 994
f 1113 1118 994
f 1113 994 985
f 1112 1113 985
f 1112 985 977
f 1107 1112 977
f 1212 1107 1103
f 1207 1212 1103
f 1207 1103 1206
f 1321 1207 1206
f 1320 1321 1206
f 1320 1206 1205
f 1418 1319 1318
f 1417 1418 1318
f 1594 1415 1414
f 1593 1594 1414
f 688 689 683
f 693 819 689
f 693 689 688
f 819 693 832
f 819 832 833
f 833 832 843
f 856 851 722
f 856 722 857
f 856 857 722
f 856 851 855
f 856 855 995
f 1107 977 976
f 1103 1107 976
f 1206 1103 1102
f 1206 1102 1205
f 1320 1205 1204
f 1319 1320 1204
f 1318 1319 1204
f 1417 1318 1317
f 1416 1417 1317
f 1416 1317 1316
f 1415 1416 1316
f 1414 1415 1316
f 560 559 683
f 683 559 566
f 683 566 688
f 693 688 692
f 693 692 703
f 693 703 832
f 832 703 714
f 832 714 843
f 843 714 713
f 843 713 851
f 851 713 721
f 851 721 722
f 722 721 856
f 856 721 850
f 856 850 851
f 851 850 855
f 855 850 849
f 855 849 995
f 994 995 849
f 985 994 849
f 985 849 842
f 977 985 842
f 977 842 831
f 976 977 831
f 976 831 967
f 1103 976 967
f 1103 967 966
f 1102 1103 966
f 1102 966 1101
f 1205 1102 1101
f 1205 1101 1100
f 1204 1205 1100
f 1318 1204 1203
f 1317 1318 1203
f 1414 1316 1315
f 1414 1315 1314
f 1413 1414 1314
f 1413 1314 1313
f 560 440 559
f 566 565 688
f 688 565 569
f 688 569 692
f 692 569 703
f 703 702 714
f 714 702 713
f 713 720 721
f 721 720 592
f 721 592 720
f 721 720 850
f 850 720 849
f 842 849 848
f 842 848 841
f 831 842 841
f 966 967 831
f 1101 966 965
f 1101 965 1100
f 1204 1100 1099
f 1203 1204 1099
f 1203 1099 1202
f 1317 1203 1202
f 1316 1317 1202
f 1316 1202 1201
f 1316 1201 1200
f 1315 1316 1200
f 1314 1315 1200
f 1314 1200 1199
f 1314 1199 1313
f 440 439 446
f 440 446 559
f 559 446 566
f 566 446 565
f 569 568 703
f 703 568 576
f 703 576 702
f 702 576 585
f 702 585 713
f 713 585 720
f 720 585 586
f 720 586 592
f 592 586 591
f 592 591 720
f 720 591 713
f 720 713 712
f 720 712 849
f 848 849 712
f 848 712 711
f 841 848 711
f 831 841 701
f 831 701 830
f 966 831 830
f 965 966 830
f 965 830 829
f 1100 965 964
f 1100 964 963
f 1099 1100 963
f 1202 1099 1098
f 1202 1098 1201
f 1313 1199 1198
f 439 321 328
f 439 328 446
f 446 328 445
f 446 445 565
f 565 445 449
f 565 449 569
f 569 449 568
f 576 568 449
f 576 584 585
f 585 465 586
f 586 465 585
f 586 585 591
f 584 713 591
f 584 591 585
f 713 584 712
f 712 584 711
f 841 711 710
f 701 841 710
f 701 710 700
f 830 701 700
f 830 700 829
f 965 829 828
f 964 965 828
f 1098 1099 963
f 1098 963 962
f 1098 962 1097
f 1201 1098 1097
f 1201 1097 1096
f 1200 1201 1096
f 1199 1200 1096
f 1199 1096 1095
f 1199 1095 1094
f 1198 1199 1094
f 327 445 328
f 332 445 327
f 445 332 449
f 457 576 449
f 576 457 584
f 584 457 464
f 584 464 585
f 585 464 465
f 584 585 465
f 711 584 583
f 711 583 582
f 710 711 582
f 829 700 699
f 829 699 698
f 828 829 698
f 964 828 827
f 963 964 827
f 963 827 962
f 1097 962 961
f 1097 961 1096
f 1198 1094 1093
f 1197 1198 1093
f 1197 1093 1106
f 321 224 328
f 327 328 224
f 332 331 449
f 449 331 338
f 449 338 337
f 449 337 457
f 464 457 344
f 464 344 345
f 464 345 465
f 465 345 464
f 584 465 464
f 584 464 457
f 584 457 456
f 583 584 456
f 710 582 581
f 700 710 581
f 700 581 575
f 699 700 575
f 699 575 574
f 699 574 698
f 828 698 697
f 827 828 697
f 962 827 826
f 962 826 961
f 1096 961 960
f 1096 960 959
f 1095 1096 959
f 1095 959 958
f 1094 1095 958
f 1093 1094 958
f 224 229 228
f 224 228 327
f 327 228 332
f 332 228 331
f 344 457 337
f 464 345 344
f 464 344 337
f 464 337 456
f 464 456 457
f 583 456 455
f 582 583 455
f 575 581 574
f 698 574 573
f 697 698 573
f 827 697 696
f 826 827 696
f 826 696 825
f 961 826 825
f 961 825 824
f 960 961 824
f 1093 958 957
f 1093 957 975
f 1106 1093 975
f 1106 975 974
f 224 112 229
f 229 112 228
f 228 234 331
f 331 234 338
f 337 338 234
f 337 234 233
f 337 241 344
f 344 241 336
f 344 336 337
f 337 336 456
f 456 336 335
f 455 456 335
f 582 455 454
f 581 582 454
f 581 454 463
f 574 581 463
f 574 463 454
f 574 454 453
f 573 574 453
f 697 573 572
f 696 697 572
f 825 696 695
f 825 695 824
f 960 824 840
f 960 840 839
f 959 960 839
f 958 959 839
f 958 839 838
f 958 838 837
f 957 958 837
f 957 837 975
f 1106 974 973
f 1105 1106 973
f 1105 973 984
f 118 228 112
f 228 118 117
f 228 117 234
f 234 241 233
f 233 241 337
f 241 233 232
f 241 232 336
f 454 455 335
f 454 335 463
f 454 463 453
f 573 453 452
f 572 573 452
f 696 572 571
f 696 571 695
f 824 695 709
f 824 709 708
f 840 824 708
f 839 840 708
f 974 975 837
f 974 837 836
f 974 836 973
f 112 5 119
f 118 112 119
f 118 126 117
f 117 126 234
f 234 126 125
f 234 125 241
f 241 125 116
f 241 116 233
f 233 116 240
f 233 240 232
f 232 240 239
f 232 239 336
f 336 239 335
f 335 239 343
f 463 335 343
f 463 343 342
f 453 463 342
f 453 342 334
f 452 453 334
f 572 452 451
f 571 572 451
f 571 451 580
f 695 571 580
f 709 695 580
f 709 580 579
f 708 709 579
f 839 708 707
f 838 839 707
f 838 707 706
f 838 706 837
f 973 836 847
f 973 847 846
f 984 973 846
f 983 984 846
f 983 846 993
f 5 6 10
f 5 10 119
f 119 10 118
f 118 10 127
f 118 127 126
f 125 134 241
f 125 241 134
f 125 124 116
f 116 124 240
f 240 124 239
f 343 239 238
f 343 238 342
f 334 342 341
f 452 334 341
f 451 452 341
f 451 341 462
f 580 451 462
f 580 462 461
f 707 708 579
f 837 706 719
f 837 719 718
f 836 837 718
f 836 718 717
f 847 836 717
f 847 717 846
f 993 846 854
f 6 11 10
f 10 20 19
f 10 19 127
f 127 19 126
f 126 19 135
f 126 135 134
f 126 134 125
f 125 134 18
f 125 18 124
f 124 123 239
f 239 123 238
f 342 238 237
f 342 237 350
f 342 350 236
f 341 342 236
f 462 341 340
f 462 340 461
f 580 461 460
f 579 580 460
f 707 579 590
f 706 707 590
f 706 590 589
f 719 706 589
f 846 717 725
f 854 846 725
f 21 10 11
f 20 10 21
f 20 31 19
f 19 31 30
f 19 30 135
f 29 134 135
f 29 135 30
f 134 29 141
f 134 141 17
f 134 17 18
f 18 17 124
f 124 17 133
f 124 133 123
f 123 133 132
f 123 132 238
f 238 132 122
f 237 238 122
f 350 237 246
f 236 350 246
f 340 341 236
f 461 340 349
f 461 349 469
f 460 461 469
f 460 469 468
f 579 460 468
f 590 579 468
f 719 589 588
f 718 719 588
f 718 588 595
f 717 718 595
f 717 595 726
f 725 717 726
f 854 725 729
f 854 729 728
f 861 854 728
f 861 728 866
f 860 861 866
f 860 866 865
f 29 30 43
f 141 29 43
f 141 43 42
f 141 42 28
f 141 28 17
f 17 28 16
f 17 16 133
f 133 16 132
f 122 132 131
f 237 122 131
f 246 237 131
f 246 131 245
f 236 246 245
f 340 236 245
f 340 245 244
f 340 244 349
f 469 349 348
f 468 469 348
f 590 468 467
f 590 467 472
f 589 590 472
f 589 472 471
f 589 471 596
f 588 589 596
f 588 596 595
f 726 595 594
f 726 594 598
f 725 726 598
f 725 598 729
f 866 728 731
f 866 731 733
f 865 866 733
f 865 733 871
f 28 41 27
f 28 27 16
f 16 27 26
f 16 26 132
f 132 26 140
f 132 140 139
f 132 139 131
f 245 131 139
f 245 139 138
f 245 138 130
f 245 130 244
f 349 244 243
f 349 243 354
f 348 349 354
f 468 348 353
f 467 468 353
f 467 353 352
f 472 467 352
f 595 596 471
f 595 471 600
f 595 600 599
f 594 595 599
f 598 594 599
f 729 598 603
f 728 729 603
f 728 603 731
f 871 733 735
f 871 735 878
f 26 39 147
f 26 147 140
f 140 147 139
f 130 138 145
f 130 145 137
f 244 130 137
f 244 137 251
f 243 244 251
f 243 251 250
f 354 243 250
f 348 354 250
f 348 250 249
f 353 348 249
f 472 352 476
f 471 472 476
f 471 476 475
f 471 475 474
f 600 471 474
f 599 600 474
f 599 474 604
f 598 599 604
f 598 604 603
f 731 603 607
f 731 607 606
f 733 731 606
f 733 606 735
f 878 735 739
f 878 739 744
f 145 144 137
f 251 137 144
f 251 144 143
f 250 251 143
f 250 143 255
f 250 255 254
f 249 250 254
f 353 249 254
f 353 254 357
f 352 353 357
f 476 352 357
f 476 357 356
f 475 476 356
f 475 356 481
f 474 475 481
f 474 481 480
f 604 474 480
f 604 480 479
f 604 479 484
f 603 604 484
f 603 484 607
f 606 607 611
f 606 611 610
f 735 606 610
f 735 610 740
f 739 735 740
f 739 740 745
f 744 739 745
f 744 745 749
f 890 744 749
f 890 749 892
f 143 144 153
f 143 153 152
f 255 143 152
f 255 152 258
f 254 255 258
f 254 258 257
f 357 254 257
f 357 257 360
f 356 357 360
f 356 360 359
f 481 356 359
f 481 359 363
f 480 481 363
f 480 363 485
f 479 480 485
f 479 485 484
f 607 484 488
f 607 488 611
f 610 611 614
f 610 614 618
f 740 610 618
f 745 740 618
f 745 618 750
f 749 745 750
f 749 750 753
f 359 360 261
f 359 261 363
f 485 363 367
f 485 367 489
f 484 485 489
f 484 489 491
f 488 484 491
f 611 488 491
f 611 491 494
f 614 611 494
f 614 494 619
f 3569 3559 3568
f 3772 3782 3773
f 901 906 905
f 901 905 903
f 905 908 1049
f 1280 1172 1284
f 1280 1284 1287
f 1396 1397 1571
f 1894 1895 2042
f 2196 2197 2348
f 2348 2197 2349
f 3074 3068 3194
f 3688 3482 3689
f 3689 3690 3878
f 3872 3879 4089
f 3569 3570 3781
f 3569 3781 3581
f 3958 3782 3949
f 3958 3949 3957
f 4501 4494 4493
f 4501 4494 4674
f 4442 4436 4620
f 4620 4629 4450
f 4620 4450 4442
f 2073 1921 1920
f 3568 3395 3559
f 3241 3115 3114
f 2956 2795 2794
f 1761 1594 1760
f 1413 1313 1412
f 1197 1106 1211
f 2963 3114 2964
f 2784 2794 2795
f 2784 2795 2591
f 2383 2394 2384
f 2233 2234 2082
f 1919 1920 1762
f 1760 1594 1593
f 1413 1593 1414
f 1197 1313 1198
f 860 854 861
f 865 871 878
f 890 882 878
f 890 878 744
f 3772 3957 3782
f 3559 3569 3568
f 3507 3716 3717
f 4127 4128 4119
f 4128 4385 4380
f 3351 3506 3352
f 4385 4582 4576
f 2258 2425 2416
f 4763 4764 4756
f 4757 4764 4758
f 3909 3915 3719
f 3718 3915 3727
f 3748 3932 3742
f 3545 3748 3546
f 1499 1507 1498
f 1507 1499 1340
f 1133 1234 1235
f 1037 896 898
f 4922 4868 4924
f 4868 4873 4876
f 4966 4969 5018
f 5021 4969 5024
f 3953 3963 3964
f 5163 5158 5162
f 5163 5164 5199
f 5195 5200 5196
f 5102 5144 5147
f 4982 4977 4978
f 3778 3784 3965
f 894 896 1037
f 894 1037 1034
f 1239 1133 1135
f 1239 1135 1133
f 2599 2611 2802
f 3352 3506 3507
f 3901 3713 3712
f 4372 4119 4128
f 4372 4128 4380
f 4381 4380 4385
f 4576 4381 4385
f 4753 4577 4583
f 4754 4753 4583
f 4754 4583 4761
f 4755 4763 4756
f 4756 4764 4757
f 4747 4757 4758
f 4734 4733 4561
f 3719 3915 3718
f 3727 3735 3518
f 3546 3748 3742
f 3742 3932 3927
f 4392 4139 4138
f 4580 4765 4759
f 4967 4966 5019
f 5018 5019 4966
f 5021 5018 4969
f 5024 5022 5021
f 5067 5024 5026
f 5069 5067 5026
f 5071 5069 5072
f 5161 5115 5119
f 5161 5166 5162
f 5199 5158 5163
f 5199 5164 5200
f 5185 5190 5149
f 5185 5149 5146
f 5143 5140 5146
f 5102 5108 5105
f 5105 5109 5106
f 4978 5027 5030
f 4159 4410 4163
f 3779 3966 3780
f 4659 4665 4797
f 4674 4665 4659
f 898 901 1041
f 1033 1034 1037
f 1031 1033 1140
f 1028 1031 1137
f 1028 1137 1135
f 1135 1137 1239
f 1135 1239 1133
f 1231 1235 1234
f 1234 1345 1343
f 1234 1343 1231
f 1340 1343 1507
f 1498 1507 1649
f 1802 1805 1801
f 2262 2259 2108
f 2258 2259 2262
f 2258 2262 2425
f 2961 2802 2809
f 3113 3110 2961
f 3113 2961 3110
f 3229 3235 3362
f 3369 3235 3229
f 3351 3362 3506
f 3717 3716 3713
f 3713 3716 3712
f 4119 3899 3901
f 4119 3901 3902
f 3902 4127 4119
f 4582 4577 4576
f 4577 4582 4583
f 4755 4762 4763
f 4758 4748 4747
f 4748 4740 4739
f 4739 4740 4561
f 4739 4561 4733
f 4360 4555 4551
f 4360 4551 4555
f 4360 4367 4361
f 4120 3909 3903
f 3735 3527 3518
f 3380 3371 3527
f 3544 3389 3381
f 3544 3381 3388
f 3381 3389 3382
f 4138 3927 3932
f 4138 3932 4146
f 4594 4765 4580
f 4594 4580 4586
f 4873 4924 4868
f 4868 4876 4873
f 4922 4967 4919
f 4964 4919 4967
f 5026 5071 5069
f 5071 5072 5069
f 5072 5074 5112
f 5112 5074 5115
f 5115 5118 5119
f 5161 5119 5166
f 5196 5190 5195
f 5196 5149 5190
f 5140 5143 5146
f 5146 5147 5144
f 5146 5144 5143
f 5102 5147 5108
f 5108 5109 5105
f 5109 5068 5066
f 5109 5066 5106
f 5070 5027 5025
f 4977 4932 4931
f 4977 4931 4932
f 4982 4932 4977
f 4934 4881 4931
f 4880 4883 4768
f 4770 4768 4883
f 4770 4883 4886
f 4601 4410 4405
f 4159 4163 4164
f 4167 3947 4164
f 4167 3953 3947
f 3964 3954 3965
f 3778 3965 3955
f 3955 3779 3778
f 3780 3568 3771
f 3568 3780 3580
f 3771 3580 3581
f 2111 2108 1959
f 2111 1959 1962
f 1801 1804 1962
f 1801 1962 1959
f 1805 1808 1804
f 1805 1804 1801
f 1649 1808 1805
f 1649 1805 1645
f 1484 1498 1649
f 1484 1649 1645
f 2599 2416 2425
f 2599 2425 2611
f 2428 2425 2262
f 2262 2264 2428
f 2262 2108 2265
f 2262 2265 2264
f 2108 2111 2110
f 2108 2110 2265
f 2111 1962 2114
f 2111 2114 2110
f 1962 1964 2114
f 1962 1804 1807
f 1962 1807 1964
f 1804 1808 1810
f 1804 1810 1807
f 1808 1649 1810
f 1649 1658 1810
f 1649 1507 1667
f 1649 1667 1658
f 1507 1513 1667
f 1513 1507 1343
f 1513 1343 1345
f 2809 2802 2611
f 2425 2622 2611
f 2428 2622 2425
f 2425 2428 2430
f 2425 2430 2428
f 2428 2264 2267
f 2428 2267 2430
f 2264 2265 2267
f 2265 2110 2113
f 2265 2113 2267
f 2116 2113 2110
f 2116 2110 2114
f 2114 1964 1967
f 2114 1967 2116
f 1964 1807 1967
f 1807 1810 1813
f 1807 1813 1967
f 1667 1813 1810
f 1667 1810 1658
f 1658 1667 1675
f 1658 1675 1667
f 1667 1513 1516
f 1667 1516 1675
f 1513 1345 1517
f 1513 1517 1516
f 1345 1347 1517
f 1345 1234 1347
f 1234 1238 1347
f 1239 1238 1234
f 1239 1234 1133
f 2961 2969 3110
f 2809 2969 2961
f 2809 2816 2969
f 2611 2816 2809
f 2611 2622 2629
f 2611 2629 2816
f 2629 2622 2428
f 2430 2629 2428
f 2267 2432 2430
f 2267 2270 2432
f 2113 2270 2267
f 2116 2119 2270
f 2116 2270 2113
f 1967 2120 2119
f 1967 2119 2116
f 1967 1972 2120
f 1813 1972 1967
f 1813 1820 1972
f 1667 1830 1820
f 1667 1820 1813
f 1675 1681 1830
f 1675 1830 1667
f 1516 1519 1681
f 1516 1681 1675
f 1517 1520 1519
f 1517 1519 1516
f 1347 1350 1520
f 1347 1520 1517
f 1241 1350 1347
f 1241 1347 1238
f 1238 1239 1242
f 1238 1242 1241
f 1137 1140 1242
f 1137 1242 1239
f 1031 1140 1137
f 3235 3369 3229
f 3235 3229 3110
f 3110 3113 3116
f 3110 3116 3235
f 3110 2969 3116
f 3110 3116 3113
f 2969 2976 3116
f 2969 2816 2982
f 2969 2982 2976
f 2816 2826 2982
f 2826 2816 2629
f 2629 2637 2826
f 2637 2629 2430
f 2637 2430 2432
f 2637 2432 2435
f 2435 2432 2270
f 2270 2275 2435
f 2119 2276 2275
f 2119 2275 2270
f 2276 2119 2120
f 2276 2120 2122
f 2122 2120 1972
f 2122 1972 1978
f 1820 1837 1978
f 1820 1978 1972
f 1838 1837 1820
f 1838 1820 1830
f 1681 1684 1838
f 1681 1838 1830
f 1519 1685 1684
f 1519 1684 1681
f 1520 1523 1685
f 1520 1685 1519
f 1523 1520 1350
f 1352 1523 1350
f 1352 1350 1241
f 1241 1242 1246
f 1241 1246 1352
f 1242 1140 1143
f 1242 1143 1246
f 1140 1033 1037
f 1140 1037 1143
f 3507 3516 3515
f 3507 3506 3516
f 3506 3362 3525
f 3506 3525 3516
f 3362 3369 3525
f 3362 3235 3369
f 3370 3369 3235
f 3370 3235 3369
f 3240 3369 3235
f 3116 3240 3235
f 3113 3116 3240
f 3113 3240 3116
f 2976 3119 3116
f 3119 2976 2982
f 2982 2826 2990
f 2834 2990 2826
f 2826 2637 2841
f 2826 2841 2834
f 2637 2643 2841
f 2637 2435 2440
f 2637 2440 2643
f 2435 2275 2282
f 2435 2282 2440
f 2283 2282 2275
f 2283 2275 2276
f 2134 2283 2276
f 2134 2276 2122
f 2122 1978 2134
f 1978 1986 2134
f 1978 1837 1989
f 1978 1989 1986
f 1837 1838 1841
f 1837 1841 1989
f 1838 1684 1843
f 1838 1843 1841
f 1684 1685 1687
f 1684 1687 1843
f 1685 1523 1688
f 1685 1688 1687
f 1523 1525 1688
f 1523 1352 1354
f 1523 1354 1525
f 1246 1247 1354
f 1246 1354 1352
f 1143 1247 1246
f 1143 1144 1247
f 1144 1143 1037
f 1144 1037 1146
f 1037 1040 1146
f 1037 898 1041
f 1037 1041 1040
f 3712 3908 3901
f 3902 3901 3908
f 3716 3725 3908
f 3716 3908 3712
f 3716 3726 3725
f 3507 3726 3716
f 3515 3733 3726
f 3515 3726 3507
f 3516 3726 3733
f 3516 3733 3515
f 3516 3526 3726
f 3525 3526 3516
f 3369 3533 3526
f 3369 3526 3525
f 3369 3379 3533
f 3370 3379 3369
f 3369 3379 3370
f 3240 3385 3379
f 3240 3379 3369
f 3240 3243 3385
f 3243 3240 3116
f 3243 3116 3242
f 3116 3119 3242
f 3122 3119 3116
f 3122 3116 3119
f 3119 2982 2990
f 3119 2990 3122
f 2996 2990 2834
f 2996 2834 2841
f 2643 2651 2846
f 2643 2846 2841
f 2440 2656 2651
f 2440 2651 2643
f 2440 2448 2656
f 2448 2440 2282
f 2448 2282 2454
f 2283 2290 2454
f 2283 2454 2282
f 2134 2293 2290
f 2134 2290 2283
f 2137 2293 2134
f 1986 2139 2137
f 1986 2137 2134
f 1989 1991 2139
f 1989 2139 1986
f 1991 1989 1841
f 1843 1845 1991
f 1843 1991 1841
f 1845 1843 1687
f 1845 1687 1690
f 1687 1688 1692
f 1687 1692 1690
f 1688 1525 1527
f 1688 1527 1692
f 1525 1354 1527
f 1354 1357 1527
f 1354 1247 1358
f 1354 1358 1357
f 1247 1252 1358
f 1247 1144 1148
f 1247 1148 1252
f 1149 1148 1144
f 1149 1144 1146
f 1040 1043 1149
f 1040 1149 1146
f 1041 1044 1043
f 1041 1043 1040
f 3908 4127 3902
f 3914 3908 3725
f 3914 3725 3726
f 3914 3726 3733
f 3733 3726 3734
f 3726 3526 3733
f 3726 3733 3734
f 3534 3733 3526
f 3526 3533 3534
f 3533 3379 3386
f 3533 3386 3534
f 3379 3534 3386
f 3386 3534 3379
f 3379 3385 3392
f 3379 3392 3386
f 3385 3243 3246
f 3385 3246 3392
f 3119 3246 3243
f 3119 3243 3242
f 3122 3124 3246
f 3122 3246 3119
f 3124 3122 2990
f 3000 3124 2990
f 3000 2990 2996
f 3000 2996 2841
f 2850 3000 2841
f 2850 2841 2846
f 2850 2846 2651
f 2850 2651 2656
f 2850 2656 2658
f 2658 2656 2448
f 2457 2658 2448
f 2457 2448 2454
f 2457 2454 2290
f 2290 2293 2296
f 2290 2296 2457
f 2293 2137 2296
f 2137 2139 2142
f 2137 2142 2296
f 2139 1991 2142
f 1991 1994 2142
f 1991 1845 1847
f 1991 1847 1994
f 1849 1847 1845
f 1849 1845 1690
f 1692 1694 1849
f 1692 1849 1690
f 1527 1694 1692
f 1527 1530 1694
f 1357 1531 1530
f 1357 1530 1527
f 1358 1360 1531
f 1358 1531 1357
f 1252 1255 1360
f 1252 1360 1358
f 1148 1255 1252
f 1149 1151 1255
f 1149 1255 1148
f 1043 1151 1149
f 1044 1047 1151
f 1044 1151 1043
f 1046 1047 1044
f 4127 3908 4132
f 4127 4132 4128
f 4132 3908 3914
f 3914 3918 4132
f 3918 3914 3733
f 3918 3733 3923
f 3733 3740 3923
f 3739 3740 3733
f 3734 3740 3739
f 3734 3739 3733
f 3733 3739 3740
f 3733 3740 3734
f 3534 3744 3739
f 3534 3739 3733
f 3534 3540 3744
f 3386 3549 3540
f 3386 3540 3534
f 3534 3541 3549
f 3534 3549 3386
f 3386 3549 3541
f 3386 3541 3534
f 3392 3549 3386
f 3246 3396 3392
f 3243 3247 3396
f 3243 3396 3246
f 3246 3249 3247
f 3246 3247 3243
f 3124 3249 3246
f 3124 3126 3249
f 3000 3128 3126
f 3000 3126 3124
f 3000 3002 3128
f 2850 3004 3002
f 2850 3002 3000
f 2850 2853 3004
f 2850 2658 2856
f 2850 2856 2853
f 2658 2661 2856
f 2457 2663 2661
f 2457 2661 2658
f 2457 2461 2663
f 2296 2461 2457
f 2296 2300 2461
f 2300 2296 2142
f 2145 2300 2142
f 2142 1994 1996
f 2142 1996 2145
f 1994 1847 1997
f 1994 1997 1996
f 1847 1849 1851
f 1847 1851 1997
f 1849 1694 1851
f 1694 1696 1851
f 1694 1530 1696
f 1530 1531 1533
f 1530 1533 1696
f 1531 1360 1362
f 1531 1362 1533
f 1360 1255 1362
f 1255 1257 1362
f 1255 1151 1259
f 1255 1259 1257
f 1151 1155 1259
f 1151 1047 1156
f 1151 1156 1155
f 1047 1051 1156
f 1049 1054 1051
f 1049 1051 1047
f 4385 4128 4132
f 4132 3918 4142
f 4132 4142 4136
f 3918 3923 4142
f 3923 3740 3924
f 3745 3924 3740
f 3745 3740 3739
f 3924 3745 3739
f 3924 3739 3740
f 3924 3740 3739
f 3924 3739 3745
f 3739 3744 3751
f 3739 3751 3745
f 3744 3540 3541
f 3744 3541 3751
f 3540 3549 3550
f 3540 3550 3541
f 3549 3541 3550
f 3541 3549 3560
f 3541 3560 3550
f 3549 3392 3397
f 3549 3397 3560
f 3392 3396 3397
f 3396 3247 3250
f 3247 3249 3396
f 3247 3396 3250
f 3249 3252 3396
f 3249 3126 3256
f 3249 3256 3252
f 3126 3128 3129
f 3126 3129 3256
f 3128 3002 3131
f 3128 3131 3129
f 3002 3004 3006
f 3002 3006 3131
f 3004 2853 3006
f 3006 2853 2856
f 3006 2856 2858
f 2661 2858 2856
f 2665 2858 2661
f 2665 2661 2663
f 2461 2668 2665
f 2461 2665 2663
f 2668 2461 2463
f 2461 2300 2466
f 2461 2466 2463
f 2300 2302 2466
f 2300 2145 2147
f 2300 2147 2302
f 2148 2147 2145
f 2148 2145 1996
f 2000 2148 1996
f 2000 1996 1997
f 2000 1997 1851
f 2000 1851 1853
f 1853 1851 1696
f 1853 1696 1700
f 1696 1533 1535
f 1696 1535 1700
f 1533 1362 1537
f 1533 1537 1535
f 1362 1366 1537
f 1362 1257 1367
f 1362 1367 1366
f 1261 1367 1257
f 1261 1257 1259
f 1259 1155 1264
f 1259 1264 1261
f 1155 1156 1159
f 1155 1159 1264
f 1156 1051 1159
f 1051 1054 1161
f 1051 1161 1159
f 4389 4385 4132
f 4143 4389 4132
f 4143 4132 4136
f 4143 4136 4142
f 4143 4142 3923
f 4143 3923 4148
f 3924 3929 4148
f 3924 4148 3923
f 3745 3935 3929
f 3745 3929 3924
f 3924 3930 3935
f 3924 3935 3745
f 3745 3751 3930
f 3745 3930 3924
f 3751 3541 3745
f 3550 3745 3541
f 3560 3760 3550
f 3571 3560 3397
f 3571 3397 3396
f 3571 3396 3397
f 3397 3396 3250
f 3397 3250 3253
f 3399 3253 3250
f 3399 3250 3396
f 3396 3252 3404
f 3396 3404 3399
f 3252 3256 3404
f 3256 3129 3259
f 3129 3131 3134
f 3129 3134 3259
f 3131 3006 3134
f 3006 3008 3134
f 3006 2858 3010
f 3006 3010 3008
f 2858 2861 3010
f 2858 2665 2863
f 2858 2863 2861
f 2665 2668 2670
f 2665 2670 2863
f 2670 2668 2463
f 2670 2463 2466
f 2670 2466 2468
f 2304 2468 2466
f 2304 2466 2302
f 2306 2304 2302
f 2306 2302 2147
f 2150 2306 2147
f 2150 2147 2148
f 2150 2148 2000
f 2150 2000 2152
f 2000 2002 2152
f 1853 2004 2002
f 1853 2002 2000
f 1853 1855 2004
f 1700 1857 1855
f 1700 1855 1853
f 1535 1703 1857
f 1535 1857 1700
f 1537 1539 1703
f 1537 1703 1535
f 1366 1540 1539
f 1366 1539 1537
f 1369 1540 1366
f 1369 1366 1367
f 1369 1367 1261
f 1266 1369 1261
f 1266 1261 1264
f 1268 1266 1264
f 1268 1264 1159
f 1163 1268 1159
f 1159 1161 1165
f 1159 1165 1163
f 1166 1165 1161
f 4390 4582 4385
f 4390 4385 4389
f 4389 4143 4394
f 4389 4394 4390
f 4148 3929 3936
f 3929 3935 3936
f 3935 3930 3936
f 3936 3930 3751
f 3751 3761 3936
f 3761 3751 3745
f 3761 3745 3752
f 3752 3745 3550
f 3761 3752 3550
f 3761 3550 3760
f 3572 3761 3760
f 3572 3760 3560
f 3572 3560 3571
f 3397 3401 3572
f 3397 3572 3571
f 3253 3400 3401
f 3253 3401 3397
f 3399 3400 3253
f 3399 3404 3405
f 3399 3405 3400
f 3256 3260 3405
f 3256 3405 3404
f 3259 3262 3260
f 3259 3260 3256
f 3134 3262 3259
f 3134 3136 3262
f 3138 3136 3134
f 3138 3134 3008
f 3010 3138 3008
f 3010 2861 3012
f 2865 3012 2861
f 2865 2861 2863
f 2865 2863 2670
f 2672 2865 2670
f 2672 2670 2468
f 2672 2468 2470
f 2470 2468 2304
f 2308 2470 2304
f 2308 2304 2306
f 2306 2150 2308
f 2150 2152 2155
f 2150 2155 2308
f 2155 2152 2002
f 2155 2002 2158
f 2002 2004 2006
f 2002 2006 2158
f 2008 2006 2004
f 2008 2004 1855
f 1855 1857 1859
f 1855 1859 2008
f 1857 1703 1705
f 1857 1705 1859
f 1703 1539 1706
f 1703 1706 1705
f 1706 1539 1540
f 1706 1540 1542
f 1542 1540 1369
f 1373 1542 1369
f 1373 1369 1266
f 1373 1266 1268
f 1373 1268 1270
f 1273 1270 1268
f 1273 1268 1163
f 1273 1163 1165
f 1169 1273 1165
f 1169 1165 1166
f 4582 4390 4588
f 4394 4395 4588
f 4394 4588 4390
f 4143 4400 4395
f 4143 4395 4394
f 4148 4149 4400
f 4148 4400 4143
f 3936 4154 4149
f 3936 4149 4148
f 3942 4154 3936
f 3937 3942 3936
f 3937 3936 3761
f 3752 3761 3762
f 3762 3761 3572
f 3401 3400 3406
f 3406 3400 3582
f 3400 3405 3409
f 3400 3409 3582
f 3409 3405 3260
f 3260 3262 3409
f 3262 3136 3138
f 3262 3138 3264
f 3138 3010 3140
f 3014 3140 3010
f 3014 3010 3012
f 3014 3012 2865
f 3014 2865 2867
f 2674 2867 2865
f 2674 2865 2672
f 2676 2674 2672
f 2676 2672 2470
f 2676 2470 2472
f 2308 2474 2472
f 2308 2472 2470
f 2308 2309 2474
f 2155 2311 2309
f 2155 2309 2308
f 2311 2155 2158
f 2311 2158 2160
f 2006 2160 2158
f 2010 2160 2006
f 2010 2006 2008
f 1859 2010 2008
f 1705 1863 2010
f 1705 2010 1859
f 1706 1709 1863
f 1706 1863 1705
f 1709 1706 1542
f 1546 1709 1542
f 1546 1542 1373
f 1546 1373 1547
f 1375 1547 1373
f 1377 1375 1373
f 1377 1373 1270
f 1270 1273 1275
f 1270 1275 1377
f 1275 1273 1276
f 1279 1276 1273
f 1279 1273 1169
f 4582 4588 4589
f 4582 4589 4583
f 4395 4589 4588
f 4400 4149 4154
f 4149 4154 4155
f 4149 4155 4154
f 4161 4155 4154
f 4161 4154 3942
f 3942 3937 3943
f 3942 3943 4161
f 3762 3943 3937
f 3762 3937 3761
f 3752 3753 3762
f 3752 3762 3761
f 3762 3753 3752
f 3762 3572 3573
f 3401 3402 3573
f 3401 3573 3572
f 3406 3402 3401
f 3583 3406 3582
f 3409 3591 3583
f 3409 3583 3582
f 3412 3591 3409
f 3262 3414 3412
f 3262 3412 3409
f 3264 3265 3414
f 3264 3414 3262
f 3138 3267 3265
f 3138 3265 3264
f 3141 3267 3138
f 3143 3141 3138
f 3143 3138 3140
f 3143 3140 3014
f 3143 3014 3016
f 3016 3014 2867
f 2867 2869 3016
f 2871 2869 2867
f 2871 2867 2674
f 2871 2674 2676
f 2678 2676 2472
f 2472 2474 2476
f 2472 2476 2678
f 2474 2309 2476
f 2309 2311 2313
f 2309 2313 2476
f 2313 2311 2160
f 2313 2160 2315
f 2160 2162 2315
f 2164 2162 2160
f 2164 2160 2010
f 2010 2013 2164
f 2010 1863 1865
f 2010 1865 2013
f 1863 1709 1867
f 1863 1867 1865
f 1867 1709 1711
f 1711 1709 1546
f 1711 1546 1713
f 1550 1713 1546
f 1550 1546 1547
f 1550 1547 1375
f 1550 1375 1552
f 1377 1380 1552
f 1377 1552 1375
f 1380 1377 1275
f 1382 1380 1275
f 1382 1275 1276
f 1382 1276 1279
f 1382 1279 1283
f 4589 4761 4583
f 4597 4589 4395
f 4400 4401 4597
f 4400 4597 4395
f 4154 4406 4401
f 4154 4401 4400
f 4155 4406 4154
f 3944 4161 3943
f 3944 3943 3762
f 3763 3944 3762
f 3762 3753 3754
f 3762 3754 3763
f 3763 3754 3753
f 3763 3753 3762
f 3762 3573 3574
f 3762 3574 3763
f 3573 3402 3407
f 3573 3407 3574
f 3402 3406 3573
f 3402 3573 3407
f 3584 3573 3406
f 3584 3406 3583
f 3583 3591 3584
f 3414 3265 3417
f 3265 3267 3269
f 3265 3269 3417
f 3271 3269 3267
f 3271 3267 3141
f 3271 3141 3143
f 3145 3143 3016
f 3145 3016 3018
f 2869 3020 3018
f 2869 3018 3016
f 2872 3020 2869
f 2872 2869 2871
f 2874 2872 2871
f 2874 2871 2676
f 2874 2676 2678
f 2874 2678 2680
f 2476 2682 2680
f 2476 2680 2678
f 2476 2478 2682
f 2313 2480 2478
f 2313 2478 2476
f 2313 2315 2318
f 2313 2318 2480
f 2162 2318 2315
f 2166 2318 2162
f 2166 2162 2164
f 2013 2016 2166
f 2013 2166 2164
f 1865 2016 2013
f 1867 1869 2016
f 1867 2016 1865
f 1869 1867 1711
f 1715 1869 1711
f 1715 1711 1713
f 1715 1713 1550
f 1715 1550 1717
f 1554 1717 1550
f 1554 1550 1552
f 1552 1380 1554
f 1380 1382 1554
f 1380 1382 1385
f 1380 1385 1382
f 1382 1283 1386
f 1382 1386 1385
f 1287 1389 1386
f 1287 1386 1283
f 4761 4589 4590
f 4761 4590 4762
f 4597 4590 4589
f 4401 4406 4407
f 4406 4155 4156
f 4406 4156 4407
f 4156 4155 4161
f 4156 4161 3944
f 3407 3585 3574
f 3573 3585 3407
f 3591 3592 3584
f 3600 3592 3591
f 3600 3591 3412
f 3600 3412 3414
f 3600 3414 3415
f 3417 3418 3415
f 3417 3415 3414
f 3269 3421 3418
f 3269 3418 3417
f 3271 3272 3421
f 3271 3421 3269
f 3274 3272 3271
f 3274 3271 3143
f 3274 3143 3145
f 3274 3145 3147
f 3147 3145 3018
f 3147 3018 3020
f 3022 3020 2872
f 2872 2874 2876
f 2872 2876 3022
f 2874 2680 2876
f 2680 2682 2876
f 2682 2478 2684
f 2478 2480 2482
f 2478 2482 2684
f 2480 2318 2482
f 2318 2320 2482
f 2318 2166 2322
f 2318 2322 2320
f 2168 2322 2166
f 2168 2166 2016
f 2018 2168 2016
f 2016 1869 2020
f 2016 2020 2018
f 1869 1872 2020
f 1869 1715 1874
f 1869 1874 1872
f 1719 1874 1715
f 1719 1715 1717
f 1719 1717 1554
f 1554 1556 1719
f 1559 1556 1554
f 1559 1554 1382
f 1560 1559 1382
f 1560 1382 1385
f 1386 1389 1560
f 1386 1560 1385
f 4590 4591 4762
f 4591 4590 4597
f 4591 4597 4401
f 4591 4401 4402
f 4407 4402 4401
f 4156 4402 4407
f 3945 4157 4156
f 3945 4156 3944
f 3763 3755 3945
f 3763 3945 3944
f 3755 3763 3754
f 3754 3763 3764
f 3754 3764 3755
f 3763 3574 3561
f 3763 3561 3764
f 3574 3575 3561
f 3585 3573 3574
f 3573 3584 3585
f 3573 3585 3574
f 3584 3592 3593
f 3584 3593 3585
f 3592 3600 3601
f 3592 3601 3593
f 3600 3415 3605
f 3600 3605 3601
f 3419 3605 3415
f 3419 3415 3418
f 3421 3419 3418
f 3274 3147 3276
f 3149 3276 3147
f 3020 3151 3149
f 3020 3149 3147
f 3022 3024 3151
f 3022 3151 3020
f 2876 3024 3022
f 3024 2876 2878
f 2682 2879 2878
f 2682 2878 2876
f 2684 2685 2879
f 2684 2879 2682
f 2482 2685 2684
f 2482 2484 2685
f 2320 2486 2484
f 2320 2484 2482
f 2324 2486 2320
f 2324 2320 2322
f 2170 2324 2322
f 2170 2322 2168
f 2170 2168 2018
f 2170 2018 2172
f 2020 2022 2172
f 2020 2172 2018
f 1872 2023 2022
f 1872 2022 2020
f 1874 1877 2023
f 1874 2023 1872
f 1879 1877 1874
f 1879 1874 1719
f 1722 1879 1719
f 1722 1719 1556
f 1722 1556 1559
f 1722 1559 1560
f 1722 1560 1563
f 1560 1389 1563
f 1389 1392 1396
f 1389 1396 1563
f 4762 4591 4763
f 4403 4591 4402
f 4402 4156 4157
f 4402 4157 4403
f 4157 3945 3938
f 3945 3755 3938
f 3585 3575 3574
f 3609 3601 3605
f 3422 3609 3605
f 3422 3605 3419
f 3422 3419 3421
f 3422 3421 3424
f 3424 3421 3272
f 3424 3272 3427
f 3274 3275 3427
f 3274 3427 3272
f 3276 3275 3274
f 3278 3276 3149
f 3151 3278 3149
f 3153 3151 3024
f 3024 3026 3153
f 3028 3026 3024
f 3028 3024 2878
f 2878 2879 3028
f 2879 2685 2881
f 2685 2687 2881
f 2685 2484 2689
f 2685 2689 2687
f 2484 2486 2487
f 2484 2487 2689
f 2486 2324 2489
f 2486 2489 2487
f 2489 2324 2170
f 2489 2170 2326
f 2170 2172 2175
f 2170 2175 2326
f 2172 2022 2176
f 2172 2176 2175
f 2022 2023 2025
f 2022 2025 2176
f 2023 1877 2027
f 2023 2027 2025
f 1880 2027 1877
f 1880 1877 1879
f 1879 1722 1882
f 1879 1882 1880
f 1722 1725 1882
f 1725 1722 1726
f 1726 1722 1563
f 1563 1566 1726
f 1396 1566 1563
f 4591 4584 4764
f 4591 4764 4763
f 4591 4592 4584
f 4592 4591 4403
f 4592 4403 4396
f 4150 4403 4157
f 4150 4157 3938
f 4150 3938 3939
f 3938 3756 3939
f 3755 3747 3756
f 3755 3756 3938
f 3747 3755 3746
f 3755 3747 3746
f 3764 3551 3747
f 3764 3747 3755
f 3561 3562 3551
f 3561 3551 3764
f 3576 3562 3561
f 3576 3561 3575
f 3575 3585 3586
f 3585 3593 3594
f 3585 3594 3586
f 3593 3601 3606
f 3593 3606 3594
f 3601 3609 3610
f 3601 3610 3606
f 3610 3609 3422
f 3610 3422 3614
f 3422 3424 3425
f 3422 3425 3614
f 3424 3427 3428
f 3424 3428 3425
f 3430 3428 3427
f 3430 3427 3275
f 3275 3276 3279
f 3275 3279 3430
f 3281 3279 3276
f 3281 3276 3278
f 3281 3278 3151
f 3154 3281 3151
f 3154 3151 3153
f 3153 3026 3156
f 3153 3156 3154
f 3156 3026 3028
f 3156 3028 3029
f 2879 3032 3029
f 2879 3029 3028
f 2881 2883 3032
f 2881 3032 2879
f 2687 2883 2881
f 2689 2883 2687
f 2487 2691 2689
f 2489 2491 2691
f 2489 2691 2487
f 2326 2327 2491
f 2326 2491 2489
f 2327 2326 2175
f 2327 2175 2329
f 2178 2329 2175
f 2178 2175 2176
f 2025 2178 2176
f 2028 2178 2025
f 2028 2025 2027
f 1880 2031 2028
f 1880 2028 2027
f 2031 1880 1882
f 2031 1882 1884
f 1884 1882 1725
f 1884 1725 1885
f 1726 1885 1725
f 1729 1885 1726
f 1566 1729 1726
f 1566 1571 1729
f 4584 4592 4593
f 4592 4396 4397
f 4592 4397 4593
f 4396 4403 4397
f 4403 4150 4397
f 4150 3939 3931
f 3939 3756 3747
f 3939 3747 3931
f 3542 3741 3747
f 3551 3542 3747
f 3551 3562 3552
f 3552 3562 3576
f 3552 3576 3562
f 3575 3562 3576
f 3575 3576 3562
f 3586 3587 3576
f 3586 3576 3575
f 3594 3587 3586
f 3618 3614 3425
f 3428 3618 3425
f 3434 3430 3279
f 3281 3434 3279
f 3283 3281 3154
f 3283 3154 3156
f 3158 3156 3029
f 3032 3158 3029
f 2883 3035 3032
f 2883 2885 3035
f 2885 2883 2689
f 2885 2689 2888
f 2689 2691 2692
f 2689 2692 2888
f 2691 2491 2692
f 2491 2327 2494
f 2327 2329 2331
f 2327 2331 2494
f 2329 2178 2332
f 2329 2332 2331
f 2178 2180 2332
f 2178 2028 2182
f 2178 2182 2180
f 2028 2031 2182
f 2031 1884 2033
f 1884 1885 2033
f 1889 1886 1885
f 1889 1885 1729
f 1732 1889 1729
f 1732 1729 1571
f 1571 1737 1732
f 4584 4585 4758
f 4584 4758 4764
f 4593 4585 4584
f 4397 4585 4593
f 4150 4144 4397
f 4145 4144 4150
f 3925 4145 4150
f 3925 4150 3931
f 3741 3925 3931
f 3741 3931 3747
f 3741 3542 3535
f 3535 3542 3551
f 3535 3551 3543
f 3552 3543 3551
f 3563 3552 3562
f 3576 3563 3562
f 3594 3595 3587
f 3595 3594 3606
f 3595 3606 3602
f 3606 3610 3611
f 3606 3611 3602
f 3610 3614 3615
f 3610 3615 3611
f 3614 3618 3619
f 3614 3619 3615
f 3618 3428 3621
f 3618 3621 3619
f 3428 3430 3431
f 3428 3431 3621
f 3430 3434 3435
f 3430 3435 3431
f 3434 3281 3437
f 3434 3437 3435
f 3281 3283 3284
f 3281 3284 3437
f 3283 3156 3285
f 3283 3285 3284
f 3159 3285 3156
f 3160 3159 3156
f 3160 3156 3158
f 3158 3032 3033
f 3158 3033 3160
f 3036 3033 3032
f 3036 3032 3035
f 3035 2885 2886
f 3035 2886 3036
f 2886 2885 2888
f 2692 2695 2888
f 2491 2699 2695
f 2491 2695 2692
f 2494 2495 2699
f 2494 2699 2491
f 2331 2500 2495
f 2331 2495 2494
f 2500 2331 2332
f 2500 2332 2334
f 2180 2334 2332
f 2182 2183 2334
f 2182 2334 2180
f 2186 2183 2182
f 2186 2182 2031
f 2033 2186 2031
f 2036 2033 1885
f 1886 1889 2036
f 1886 2036 1885
f 1732 1890 1889
f 1890 1732 1738
f 4585 4578 4758
f 4585 4397 4391
f 4397 4144 4137
f 4397 4137 4391
f 3926 4137 4144
f 3926 4144 4145
f 4145 3925 3919
f 4145 3919 3926
f 3925 3741 3735
f 3925 3735 3919
f 3741 3527 3735
f 3741 3535 3527
f 3543 3552 3387
f 3552 3563 3393
f 3552 3393 3387
f 3577 3563 3576
f 3588 3577 3576
f 3588 3576 3587
f 3587 3595 3596
f 3587 3596 3588
f 3603 3596 3595
f 3603 3595 3602
f 3611 3607 3603
f 3611 3603 3602
f 3615 3611 3607
f 3615 3607 3611
f 3619 3611 3615
f 3431 3625 3621
f 3435 3625 3431
f 3284 3440 3437
f 3285 3440 3284
f 3287 3285 3159
f 3287 3159 3160
f 3160 3033 3162
f 3162 3033 3036
f 3162 3036 3038
f 2886 3038 3036
f 2889 3038 2886
f 2889 2886 2888
f 2889 2888 2695
f 2889 2695 2892
f 2695 2699 2700
f 2695 2700 2892
f 2699 2495 2706
f 2699 2706 2700
f 2495 2500 2706
f 2500 2334 2506
f 2334 2336 2506
f 2334 2183 2336
f 2183 2186 2336
f 2186 2033 2188
f 2033 2036 2188
f 2036 1889 2037
f 1889 1890 2037
f 1890 1893 2037
f 1890 1738 1893
f 4573 4748 4758
f 4573 4758 4578
f 4579 4573 4578
f 4579 4578 4585
f 4386 4579 4585
f 4386 4585 4391
f 3919 4137 3926
f 3527 3535 3543
f 3527 3543 3380
f 3387 3380 3543
f 3394 3387 3393
f 3394 3393 3563
f 3394 3563 3564
f 3563 3577 3564
f 3596 3603 3793
f 3603 3607 3798
f 3603 3798 3793
f 3607 3611 3612
f 3607 3612 3798
f 3611 3619 3616
f 3611 3616 3612
f 3619 3621 3622
f 3619 3622 3616
f 3621 3625 3626
f 3621 3626 3622
f 3625 3435 3629
f 3625 3629 3626
f 3435 3437 3438
f 3435 3438 3629
f 3437 3440 3441
f 3437 3441 3438
f 3440 3285 3443
f 3440 3443 3441
f 3285 3287 3288
f 3285 3288 3443
f 3287 3160 3290
f 3287 3290 3288
f 3160 3162 3163
f 3160 3163 3290
f 3162 3038 3165
f 3162 3165 3163
f 3038 3040 3165
f 3038 2889 3042
f 3038 3042 3040
f 2892 3042 2889
f 2894 2892 2700
f 2707 2894 2700
f 2707 2700 2706
f 2707 2706 2500
f 2707 2500 2713
f 2506 2713 2500
f 2512 2506 2336
f 2512 2336 2338
f 2338 2336 2186
f 2186 2188 2338
f 2188 2036 2189
f 2036 2037 2189
f 2037 1893 2040
f 1893 1894 2040
f 4748 4573 4740
f 4579 4386 4573
f 4386 4391 4133
f 4391 4137 4133
f 4137 3919 3915
f 4137 3915 4133
f 3919 3735 3727
f 3919 3727 3915
f 3387 3394 3564
f 3387 3564 3553
f 3553 3564 3577
f 3553 3577 3564
f 3578 3564 3577
f 3578 3577 3588
f 3578 3588 3596
f 3578 3596 3597
f 3793 3794 3597
f 3793 3597 3596
f 3798 3799 3794
f 3798 3794 3793
f 3612 3804 3799
f 3612 3799 3798
f 3616 3808 3804
f 3616 3804 3612
f 3622 3623 3808
f 3622 3808 3616
f 3626 3627 3623
f 3626 3623 3622
f 3629 3627 3626
f 3438 3632 3629
f 3441 3632 3438
f 3288 3446 3443
f 3290 3446 3288
f 3163 3293 3290
f 3165 3293 3163
f 3040 3167 3165
f 3042 3043 3167
f 3042 3167 3040
f 2892 3046 3043
f 2892 3043 3042
f 2894 2895 3046
f 2894 3046 2892
f 2895 2894 2707
f 2895 2707 2897
f 2707 2713 2897
f 2713 2506 2719
f 2506 2512 2513
f 2506 2513 2719
f 2518 2513 2512
f 2518 2512 2338
f 2340 2338 2188
f 2340 2188 2189
f 2037 2193 2189
f 2040 2193 2037
f 2040 1894 2041
f 4573 4567 4561
f 4573 4561 4740
f 4567 4573 4373
f 4386 4382 4373
f 4386 4373 4573
f 4129 4382 4386
f 4129 4386 4133
f 3909 4129 4133
f 3909 4133 3915
f 3380 3387 3388
f 3380 3388 3381
f 3554 3388 3387
f 3554 3387 3553
f 3565 3554 3553
f 3565 3553 3564
f 3579 3565 3564
f 3579 3564 3578
f 3578 3597 3788
f 3578 3788 3579
f 3794 3788 3597
f 3812 3808 3623
f 3815 3812 3623
f 3815 3623 3627
f 3630 3815 3627
f 3630 3627 3629
f 3633 3630 3629
f 3633 3629 3632
f 3636 3633 3632
f 3636 3632 3441
f 3444 3636 3441
f 3444 3441 3443
f 3447 3444 3443
f 3447 3443 3446
f 3448 3447 3446
f 3448 3446 3290
f 3294 3448 3290
f 3294 3290 3293
f 3297 3294 3293
f 3297 3293 3165
f 3168 3297 3165
f 3168 3165 3167
f 3170 3168 3167
f 3170 3167 3043
f 3046 3170 3043
f 3048 3046 2895
f 2897 2898 3048
f 2897 3048 2895
f 2901 2898 2897
f 2901 2897 2713
f 2719 2901 2713
f 2519 2719 2513
f 2519 2513 2518
f 2525 2519 2518
f 2525 2518 2338
f 2340 2525 2338
f 2344 2340 2189
f 2193 2344 2189
f 2194 2193 2040
f 2041 2194 2040
f 4567 4373 4374
f 4567 4374 4561
f 4374 4373 4382
f 4374 4382 4129
f 4374 4129 4120
f 3909 4120 4129
f 3554 3544 3388
f 3579 3774 3565
f 3789 3774 3579
f 3789 3579 3788
f 3789 3788 3794
f 3789 3794 3795
f 3795 3794 3799
f 3795 3799 3800
f 3800 3799 3804
f 3800 3804 3805
f 3808 3810 3805
f 3808 3805 3804
f 3812 3813 3810
f 3812 3810 3808
f 3815 3816 3813
f 3815 3813 3812
f 3630 3818 3816
f 3630 3816 3815
f 3818 3630 3633
f 3818 3633 3634
f 3636 3637 3634
f 3636 3634 3633
f 3636 3444 3638
f 3636 3638 3637
f 3447 3638 3444
f 3294 3451 3448
f 3294 3297 3451
f 3168 3299 3297
f 3170 3171 3299
f 3170 3299 3168
f 3171 3170 3046
f 3171 3046 3173
f 3173 3046 3048
f 3173 3048 3049
f 2898 3051 3049
f 2898 3049 3048
f 2901 3051 2898
f 2901 2719 2904
f 2904 2719 2726
f 2519 2726 2719
f 2525 2726 2519
f 2340 2526 2525
f 2526 2340 2344
f 2193 2345 2344
f 2194 2345 2193
f 2195 2194 2041
f 2042 2195 2041
f 4555 4561 4360
f 4367 4360 4561
f 4367 4561 4374
f 4115 4367 4374
f 4115 4374 4120
f 3545 3544 3554
f 3545 3554 3555
f 3389 3544 3545
f 3565 3765 3555
f 3565 3555 3554
f 3774 3783 3765
f 3774 3765 3565
f 3783 3774 3789
f 3783 3789 3790
f 3796 3790 3789
f 3796 3789 3795
f 3800 3801 3796
f 3800 3796 3795
f 3806 3801 3800
f 3806 3800 3805
f 3805 3810 3806
f 3634 3821 3818
f 3821 3634 3637
f 3638 3639 3637
f 3643 3639 3638
f 3643 3638 3447
f 3452 3643 3447
f 3452 3447 3448
f 3451 3455 3452
f 3451 3452 3448
f 3299 3455 3451
f 3299 3451 3297
f 3301 3299 3171
f 3173 3301 3171
f 3173 3049 3176
f 3176 3049 3051
f 3176 3051 3052
f 2901 3054 3052
f 2901 3052 3051
f 2904 3054 2901
f 2908 2904 2726
f 2727 2908 2726
f 2733 2727 2726
f 2733 2726 2525
f 2526 2733 2525
f 2534 2526 2344
f 2534 2344 2345
f 2346 2345 2194
f 2195 2346 2194
f 2042 2196 2195
f 3757 3545 3555
f 3765 3757 3555
f 3790 3796 3981
f 3801 3990 3981
f 3801 3981 3796
f 3801 3806 3998
f 3801 3998 3990
f 3806 3810 4005
f 3806 4005 3998
f 4005 3810 3813
f 4005 3813 4010
f 4010 3813 3816
f 4010 3816 3817
f 3818 3819 3817
f 3818 3817 3816
f 3821 3822 3819
f 3821 3819 3818
f 3822 3821 3637
f 3822 3637 3826
f 3639 3641 3826
f 3639 3826 3637
f 3639 3643 3644
f 3639 3644 3641
f 3644 3643 3452
f 3644 3452 3646
f 3455 3456 3646
f 3455 3646 3452
f 3455 3299 3459
f 3455 3459 3456
f 3459 3299 3302
f 3301 3305 3302
f 3301 3302 3299
f 3301 3173 3174
f 3301 3174 3305
f 3174 3173 3176
f 3174 3176 3177
f 3177 3176 3052
f 3054 2904 2905
f 2905 2904 2908
f 2905 2908 2909
f 2727 2733 2909
f 2727 2909 2908
f 2734 2733 2526
f 2734 2526 2527
f 2526 2534 2527
f 2534 2345 2535
f 2535 2345 2346
f 2195 2347 2346
f 2347 2195 2196
f 3748 3545 3757
f 3748 3757 3758
f 3757 3765 3775
f 3757 3775 3758
f 3775 3765 3783
f 3775 3783 3959
f 3959 3783 3790
f 3959 3790 3970
f 3982 3970 3790
f 3982 3790 3981
f 3981 3990 3991
f 3981 3991 3982
f 3991 3990 3998
f 3991 3998 4001
f 3998 4005 4006
f 3998 4006 4001
f 4006 4005 4010
f 4006 4010 4011
f 4015 4011 4010
f 4015 4010 3817
f 3819 4019 4015
f 3819 4015 3817
f 3822 4019 3819
f 3826 3641 3828
f 3644 3828 3641
f 3646 3456 3649
f 3459 3649 3456
f 3459 3302 3461
f 3305 3461 3302
f 3177 3178 3305
f 3177 3305 3174
f 3180 3178 3177
f 3180 3177 3052
f 3055 3180 3052
f 3055 3052 3054
f 3055 3054 2905
f 2905 2909 3055
f 2914 2909 2733
f 2914 2733 2734
f 2535 2734 2527
f 2535 2527 2534
f 2536 2535 2346
f 2347 2536 2346
f 3766 3758 3748
f 3766 3748 3758
f 3775 3950 3766
f 3775 3766 3758
f 3959 3950 3775
f 3822 4026 4019
f 3827 4026 3822
f 3827 3822 3826
f 3826 3828 3829
f 3826 3829 3827
f 3831 3829 3828
f 3831 3828 3644
f 3831 3644 3646
f 3831 3646 3647
f 3649 3650 3647
f 3649 3647 3646
f 3652 3650 3649
f 3652 3649 3459
f 3462 3652 3459
f 3462 3459 3461
f 3462 3461 3305
f 3462 3305 3464
f 3464 3305 3307
f 3178 3307 3305
f 3180 3307 3178
f 3180 3055 3182
f 3182 3055 3057
f 3057 3055 2909
f 2914 3057 2909
f 2915 2914 2734
f 2742 2915 2734
f 2742 2734 2535
f 2536 2742 2535
f 2348 2536 2347
f 3940 3932 3748
f 3767 3940 3748
f 3767 3748 3758
f 3776 3767 3758
f 3776 3758 3766
f 3950 3951 3776
f 3950 3776 3766
f 3959 3960 3951
f 3959 3951 3950
f 3970 3971 3960
f 3970 3960 3959
f 3982 3983 3971
f 3982 3971 3970
f 3991 3992 3983
f 3991 3983 3982
f 4001 4002 3992
f 4001 3992 3991
f 4006 4007 4002
f 4006 4002 4001
f 4011 4012 4007
f 4011 4007 4006
f 4015 4016 4012
f 4015 4012 4011
f 4019 4020 4016
f 4019 4016 4015
f 4020 4019 4026
f 4020 4026 4027
f 3827 4030 4027
f 3827 4027 4026
f 4030 3827 3829
f 3647 3834 3831
f 3650 3834 3647
f 3656 3652 3462
f 3464 3656 3462
f 3466 3464 3307
f 3308 3466 3307
f 3308 3307 3180
f 3308 3180 3310
f 3182 3310 3180
f 3182 3057 3184
f 3184 3057 3058
f 3061 3058 3057
f 3061 3057 2914
f 2915 3061 2914
f 2920 2915 2742
f 2920 2742 2743
f 2743 2742 2536
f 2537 2743 2536
f 2537 2536 2348
f 4398 4138 4146
f 4398 4146 4151
f 4392 4138 4398
f 4151 4146 3932
f 4151 3932 4152
f 3940 4152 3932
f 3946 3940 3767
f 3946 3767 3776
f 3946 3776 3951
f 4168 3951 3960
f 4176 4168 3960
f 4176 3960 3971
f 4189 4176 3971
f 4189 3971 3983
f 3993 4189 3983
f 3993 3983 3992
f 4002 4003 3993
f 4002 3993 3992
f 4008 4003 4002
f 4008 4002 4007
f 4012 4013 4008
f 4012 4008 4007
f 4017 4013 4012
f 4017 4012 4016
f 4020 4017 4016
f 4027 4023 4020
f 4030 4023 4027
f 3829 4034 4030
f 3831 3832 4034
f 3831 4034 3829
f 3835 3832 3831
f 3835 3831 3834
f 3650 3838 3835
f 3650 3835 3834
f 3652 3653 3838
f 3652 3838 3650
f 3656 3657 3653
f 3656 3653 3652
f 3464 3660 3657
f 3464 3657 3656
f 3466 3660 3464
f 3310 3466 3308
f 3182 3313 3310
f 3313 3182 3184
f 3313 3184 3185
f 3185 3184 3058
f 3185 3058 3061
f 3062 3061 2915
f 3062 2915 2920
f 2743 2921 2920
f 2743 2744 2921
f 2744 2743 2537
f 2538 2744 2537
f 4392 4594 4586
f 4594 4392 4398
f 4594 4398 4404
f 4151 4404 4398
f 4158 4404 4151
f 4158 4151 4152
f 4158 4152 3940
f 4158 3940 4162
f 4162 3940 3946
f 3952 3946 3951
f 3952 3951 3961
f 3961 3951 3952
f 3952 3951 4168
f 3952 4168 4169
f 4176 4169 4168
f 4176 4189 4203
f 4203 4189 3993
f 3993 4003 3999
f 4236 3999 4003
f 4236 4003 4008
f 4245 4236 4008
f 4245 4008 4013
f 4253 4245 4013
f 4253 4013 4017
f 4020 4021 4253
f 4020 4253 4017
f 4021 4020 4023
f 4021 4023 4024
f 4024 4023 4030
f 4024 4030 4028
f 4035 4028 4030
f 4035 4030 4034
f 4035 4034 3832
f 4035 3832 4038
f 4038 3832 3835
f 4038 3835 3836
f 3839 3836 3835
f 3839 3835 3838
f 3839 3838 3653
f 3839 3653 3841
f 3841 3653 3657
f 3841 3657 3658
f 3661 3658 3657
f 3661 3657 3660
f 3467 3661 3660
f 3467 3660 3466
f 3467 3466 3310
f 3467 3310 3311
f 3313 3311 3310
f 3062 3186 3185
f 3062 3185 3061
f 2916 3062 2920
f 2921 2916 2920
f 2922 2921 2744
f 2922 2744 2745
f 2538 2746 2745
f 2538 2745 2744
f 4876 4873 4759
f 4876 4759 4765
f 4598 4767 4765
f 4598 4765 4594
f 4598 4594 4404
f 4598 4404 4600
f 4600 4404 4408
f 4411 4408 4404
f 4411 4404 4158
f 4162 4411 4158
f 4162 3946 4165
f 4165 3946 3952
f 4170 3961 3952
f 4170 3952 4169
f 4170 4169 4176
f 4170 4176 4190
f 4190 4176 4203
f 4190 4203 4204
f 3994 4204 4203
f 3994 4203 3993
f 4217 3994 3993
f 4217 3993 3999
f 4217 3999 4236
f 4217 4236 4237
f 4246 4237 4236
f 4246 4236 4245
f 4253 4254 4246
f 4253 4246 4245
f 4254 4253 4021
f 4254 4021 4260
f 4024 4266 4260
f 4024 4260 4021
f 4028 4266 4024
f 4031 4028 4035
f 4031 4035 4038
f 4038 3836 4042
f 4042 3836 3839
f 3842 3839 3841
f 3842 3841 3658
f 3842 3658 3846
f 3846 3658 3661
f 3665 3661 3467
f 3467 3311 3469
f 3469 3311 3313
f 3469 3313 3314
f 3317 3314 3313
f 3317 3313 3185
f 3186 3317 3185
f 3186 3062 3189
f 3189 3062 3063
f 3063 3062 2916
f 2922 3063 2916
f 2922 2916 2921
f 2746 2922 2745
f 4966 4967 4922
f 4966 4922 4970
f 4970 4922 4924
f 4924 4873 4927
f 4927 4873 4876
f 4876 4765 4879
f 4879 4765 4767
f 4879 4767 4769
f 4598 4769 4767
f 4769 4598 4600
f 4602 4600 4408
f 4602 4408 4409
f 4409 4408 4411
f 4409 4411 4412
f 4412 4411 4162
f 4412 4162 4414
f 4414 4162 4165
f 4165 3952 4166
f 3962 4166 3952
f 3962 3952 3961
f 4170 3962 3961
f 4177 4170 4190
f 4190 4204 4205
f 4205 4204 3994
f 4205 3994 3995
f 3995 3994 4217
f 3995 4217 4218
f 4218 4217 4237
f 4218 4237 4228
f 4228 4237 4246
f 4228 4246 4238
f 4238 4246 4254
f 4266 4028 4272
f 4032 4272 4028
f 4032 4028 4031
f 4032 4031 4038
f 4032 4038 4036
f 4036 4038 4042
f 4036 4042 4039
f 4039 4042 3839
f 4039 3839 4047
f 4047 3839 3842
f 4047 3842 3843
f 3847 3843 3842
f 3847 3842 3846
f 3851 3847 3846
f 3851 3846 3661
f 3851 3661 3665
f 3851 3665 3662
f 3662 3665 3467
f 3662 3467 3666
f 3469 3666 3467
f 3471 3469 3314
f 3471 3314 3317
f 3471 3317 3315
f 3315 3317 3186
f 3315 3186 3318
f 3189 3318 3186
f 3190 3189 3063
f 3190 3063 3064
f 3064 3063 2922
f 3064 2922 3070
f 2923 3070 2922
f 2923 2922 2746
f 2924 2923 2746
f 4969 4966 4970
f 4969 4970 4973
f 4973 4970 4924
f 4973 4924 4927
f 4930 4927 4876
f 4930 4876 4879
f 4930 4879 4882
f 4882 4879 4769
f 4882 4769 4884
f 4884 4769 4771
f 4771 4769 4600
f 4771 4600 4773
f 4603 4773 4600
f 4603 4600 4602
f 4603 4602 4409
f 4606 4603 4409
f 4606 4409 4412
f 4414 4606 4412
f 4414 4165 4416
f 4416 4165 4166
f 4416 4166 4170
f 4170 4166 3962
f 4170 3962 4171
f 4171 3962 4170
f 4171 4170 4177
f 4171 4177 4178
f 4178 4177 4190
f 4178 4190 4191
f 4191 4190 4205
f 4238 4254 4247
f 4255 4247 4254
f 4255 4254 4260
f 4267 4255 4260
f 4267 4260 4266
f 4267 4266 4272
f 4267 4272 4273
f 4273 4272 4032
f 4273 4032 4278
f 4036 4278 4032
f 4039 4047 4043
f 4043 4047 3843
f 4043 3843 4047
f 4047 3843 3847
f 4047 3847 3843
f 3843 3847 3851
f 3843 3851 3847
f 3847 3851 3662
f 3847 3662 3852
f 3666 3667 3852
f 3666 3852 3662
f 3667 3666 3469
f 3667 3469 3672
f 3672 3469 3471
f 3672 3471 3472
f 3315 3472 3471
f 3318 3319 3472
f 3318 3472 3315
f 3319 3318 3189
f 3319 3189 3324
f 3324 3189 3190
f 3191 3190 3064
f 3071 3191 3064
f 3071 3064 3070
f 3071 3070 2923
f 3071 2923 2924
f 5024 4969 4973
f 5024 4973 4976
f 4976 4973 4927
f 4976 4927 4930
f 4976 4930 4933
f 4933 4930 4882
f 4933 4882 4885
f 4885 4882 4884
f 4773 4885 4884
f 4773 4884 4771
f 4773 4603 4606
f 4606 4607 4603
f 4414 4609 4607
f 4414 4607 4606
f 4416 4609 4414
f 4417 4416 4170
f 4417 4170 4171
f 4417 4171 4178
f 4179 4171 4178
f 4192 4179 4178
f 4192 4178 4191
f 4205 4206 4192
f 4205 4192 4191
f 3984 4206 4205
f 3984 4205 3995
f 4219 3984 3995
f 4219 3995 4218
f 4229 4219 4218
f 4229 4218 4228
f 4229 4228 4238
f 4229 4238 4239
f 4239 4238 4247
f 4239 4247 4248
f 4256 4248 4247
f 4256 4247 4255
f 4256 4255 4267
f 4256 4267 4261
f 4278 4267 4273
f 4283 4278 4036
f 4040 4283 4036
f 4040 4036 4039
f 4043 4044 4040
f 4043 4040 4039
f 4048 4044 4043
f 4048 4043 4047
f 3843 4053 4048
f 3843 4048 4047
f 4053 3843 3847
f 4053 3847 3848
f 3852 3848 3847
f 3472 3473 3672
f 3319 3473 3472
f 3190 3191 3319
f 3190 3319 3324
f 3071 3065 3191
f 3072 3065 3071
f 2924 3072 3071
f 3072 2924 2925
f 5026 5024 4976
f 4976 4979 5026
f 4979 4976 4933
f 4979 4933 4980
f 4980 4933 4935
f 4935 4933 4885
f 4935 4885 4937
f 4937 4885 4887
f 4887 4885 4773
f 4887 4773 4889
f 4889 4773 4775
f 4779 4775 4773
f 4779 4773 4606
f 4775 4779 4606
f 4775 4606 4603
f 4775 4603 4607
f 4416 4610 4609
f 4610 4416 4417
f 4179 4417 4178
f 4179 4178 4171
f 4192 4206 3984
f 3984 4219 4207
f 4207 4219 4229
f 4207 4229 4220
f 4230 4220 4229
f 4230 4229 4239
f 4230 4239 4248
f 4262 4256 4261
f 4268 4262 4261
f 4268 4261 4267
f 4278 4274 4268
f 4278 4268 4267
f 4274 4278 4283
f 4274 4283 4279
f 4040 4289 4279
f 4040 4279 4283
f 4289 4040 4044
f 4289 4044 4045
f 4045 4044 4048
f 4045 4048 4049
f 4054 4049 4048
f 4054 4048 4053
f 4057 4054 4053
f 4057 4053 3848
f 3853 4057 3848
f 3853 3848 3852
f 3667 3857 3853
f 3667 3853 3852
f 3673 3857 3667
f 3673 3667 3672
f 3673 3672 3473
f 3476 3473 3319
f 3319 3320 3476
f 3191 3325 3320
f 3191 3320 3319
f 3325 3191 3192
f 3192 3191 3065
f 3192 3065 3072
f 3192 3072 3073
f 5028 5071 5026
f 5031 5028 5026
f 5031 5026 4979
f 4983 5031 4979
f 4983 4979 4980
f 4983 4980 4935
f 4983 4935 4986
f 4937 4986 4935
f 4887 4939 4937
f 4889 4890 4939
f 4889 4939 4887
f 4775 4895 4890
f 4775 4890 4889
f 4779 4895 4775
f 4780 4775 4607
f 4609 4610 4780
f 4609 4780 4607
f 4610 4417 4421
f 4421 4417 4179
f 4421 4179 4422
f 4422 4179 4172
f 4172 4179 4192
f 4172 4192 4193
f 4193 4192 3984
f 4193 3984 3985
f 4207 3985 3984
f 4230 4248 4240
f 4249 4240 4248
f 4249 4248 4256
f 4257 4249 4256
f 4257 4256 4262
f 4257 4262 4268
f 4257 4268 4269
f 4274 4269 4268
f 4289 4284 4279
f 4045 4289 4284
f 4045 4284 4289
f 4289 4045 4049
f 4289 4049 4045
f 4045 4049 4054
f 4062 4057 3853
f 4062 3853 3857
f 4062 3857 3858
f 3858 3857 3673
f 3858 3673 3674
f 3674 3673 3473
f 3674 3473 3677
f 3677 3473 3476
f 3476 3320 3477
f 3477 3320 3325
f 3477 3325 3326
f 3326 3325 3192
f 3192 3193 3326
f 3193 3192 3073
f 3193 3073 3067
f 5072 5071 5028
f 5072 5028 5031
f 5031 4983 5033
f 5033 4983 4986
f 5033 4986 4987
f 4987 4986 4937
f 4987 4937 4939
f 4895 4939 4890
f 4896 4895 4890
f 4896 4890 4895
f 4896 4895 4779
f 4896 4779 4780
f 4775 4891 4780
f 4775 4780 4779
f 4780 4891 4775
f 4781 4780 4610
f 4611 4781 4610
f 4421 4611 4610
f 4611 4421 4418
f 4422 4418 4421
f 4172 4418 4422
f 4418 4172 4193
f 4418 4193 4423
f 4193 4194 4423
f 3985 3972 4194
f 3985 4194 4193
f 4207 3986 3972
f 4207 3972 3985
f 4220 4208 3986
f 4220 3986 4207
f 4230 4231 4208
f 4230 4208 4220
f 4231 4230 4240
f 4231 4240 4241
f 4249 4241 4240
f 4269 4263 4257
f 4279 4280 4269
f 4279 4269 4274
f 4284 4285 4280
f 4284 4280 4279
f 4289 4290 4285
f 4289 4285 4284
f 4045 4294 4290
f 4045 4290 4289
f 4054 4050 4294
f 4054 4294 4045
f 4050 4054 4057
f 4050 4057 4055
f 4055 4057 4062
f 4055 4062 4058
f 3854 4058 4062
f 3854 4062 3858
f 3862 3858 3674
f 3862 3674 3677
f 3862 3677 3678
f 3678 3677 3476
f 3477 3678 3476
f 3478 3477 3326
f 3478 3326 3327
f 3327 3326 3193
f 3194 3327 3193
f 5074 5072 5031
f 5074 5031 5075
f 5075 5031 5033
f 4990 5033 4987
f 4991 4990 4987
f 4991 4987 4939
f 4991 4939 4940
f 4940 4939 4895
f 4940 4895 4943
f 4943 4895 4896
f 4897 4896 4780
f 4891 4892 4897
f 4891 4897 4780
f 4892 4891 4780
f 4892 4780 4776
f 4776 4780 4781
f 4781 4611 4612
f 4612 4611 4418
f 4423 4418 4422
f 4419 4423 4422
f 4419 4422 4418
f 4423 4419 4418
f 4180 4423 4194
f 4180 4194 3972
f 3972 3986 3987
f 4209 3987 3986
f 4209 3986 4208
f 4221 4209 4208
f 4221 4208 4231
f 4249 4241 4231
f 4249 4231 4241
f 4257 4250 4241
f 4257 4241 4249
f 4263 4264 4250
f 4263 4250 4257
f 4269 4270 4264
f 4269 4264 4263
f 4280 4275 4270
f 4280 4270 4269
f 4285 4280 4275
f 4285 4275 4280
f 4290 4285 4280
f 4290 4280 4285
f 4294 4285 4290
f 4050 4299 4294
f 4055 4299 4050
f 4058 4059 4055
f 4064 4059 4058
f 4064 4058 3854
f 4064 3854 3858
f 4064 3858 3859
f 3859 3858 3862
f 3859 3862 3863
f 3868 3863 3862
f 3868 3862 3678
f 3679 3868 3678
f 3679 3678 3477
f 3679 3477 3684
f 3684 3477 3478
f 3484 3478 3327
f 3328 3484 3327
f 3328 3327 3194
f 3328 3194 3195
f 5075 5077 5115
f 5075 5115 5074
f 5077 5075 5033
f 5035 5077 5033
f 4990 5035 5033
f 4991 5035 4990
f 4995 4991 4940
f 4944 4995 4940
f 4944 4940 4943
f 4896 4897 4944
f 4896 4944 4943
f 4777 4892 4776
f 4777 4776 4781
f 4777 4781 4612
f 4418 4613 4612
f 4423 4419 4613
f 4423 4613 4418
f 4419 4423 4420
f 4420 4423 4180
f 4420 4180 4181
f 3973 4181 4180
f 3973 4180 3972
f 3987 3973 3972
f 3987 4209 4195
f 4195 4209 4221
f 4195 4221 4209
f 4209 4221 4231
f 4209 4231 4232
f 4241 4232 4231
f 4258 4250 4264
f 4276 4264 4270
f 4276 4270 4275
f 4281 4276 4275
f 4281 4275 4280
f 4281 4280 4285
f 4281 4285 4286
f 4294 4291 4286
f 4294 4286 4285
f 4299 4295 4291
f 4299 4291 4294
f 4055 4303 4295
f 4055 4295 4299
f 4059 4303 4055
f 3859 4071 4064
f 3863 3860 4071
f 3863 4071 3859
f 3868 3864 3860
f 3868 3860 3863
f 3679 3864 3868
f 3684 3478 3479
f 3479 3478 3484
f 3484 3328 3329
f 5119 5118 5115
f 5119 5115 5077
f 5119 5077 5078
f 5078 5077 5035
f 5078 5035 5081
f 5081 5035 5036
f 5036 5035 4991
f 5036 4991 4992
f 4996 4992 4991
f 4996 4991 4995
f 4944 4996 4995
f 4944 4897 4945
f 4945 4897 4898
f 4893 4898 4897
f 4893 4897 4892
f 4893 4892 4777
f 4778 4777 4612
f 4778 4612 4608
f 4608 4612 4613
f 4415 4608 4613
f 4415 4613 4419
f 4415 4419 4420
f 4415 4420 4173
f 4173 4420 4181
f 4181 3973 3963
f 4181 3963 4173
f 3974 3963 3973
f 3974 3973 3987
f 3988 3974 3987
f 3988 3987 4195
f 4209 3988 4195
f 4222 4209 4232
f 4232 4241 4250
f 4232 4250 4242
f 4242 4250 4258
f 4242 4258 4251
f 4251 4258 4264
f 4251 4264 4464
f 4464 4264 4276
f 4464 4276 4469
f 4469 4276 4281
f 4469 4281 4473
f 4473 4281 4286
f 4473 4286 4478
f 4478 4286 4291
f 4478 4291 4292
f 4292 4291 4295
f 4292 4295 4296
f 4300 4296 4295
f 4300 4295 4303
f 4059 4304 4300
f 4059 4300 4303
f 4304 4059 4064
f 4304 4064 4060
f 4065 4060 4064
f 4065 4064 4071
f 3865 4071 3860
f 3865 3860 3864
f 3869 3865 3864
f 3869 3864 3679
f 3680 3869 3679
f 3680 3679 3684
f 3685 3680 3684
f 3685 3684 3479
f 3480 3685 3479
f 3480 3479 3484
f 3480 3484 3329
f 3480 3329 3485
f 3485 3329 3330
f 5079 5119 5078
f 5079 5078 5081
f 5079 5081 5082
f 5036 5082 5081
f 5036 4992 4996
f 5036 4996 4997
f 4997 4996 4944
f 4941 4997 4944
f 4941 4944 4945
f 4893 4941 4945
f 4893 4945 4898
f 4888 4893 4898
f 4888 4898 4893
f 4774 4888 4893
f 4774 4893 4777
f 4774 4777 4778
f 4774 4778 4608
f 4774 4608 4604
f 4605 4604 4608
f 4413 4605 4608
f 4413 4608 4415
f 4167 4415 4173
f 3953 4167 4173
f 3953 4173 3963
f 3953 3963 3974
f 3953 3974 3963
f 3963 3974 3988
f 3963 3988 3974
f 4209 3988 3974
f 4209 3974 3988
f 4210 3988 4209
f 4210 4209 4222
f 4210 4222 4232
f 4210 4232 4223
f 4223 4232 4242
f 4251 4464 4459
f 4459 4464 4469
f 4459 4469 4464
f 4464 4469 4473
f 4478 4292 4484
f 4484 4292 4296
f 4484 4296 4292
f 4292 4296 4300
f 4304 4060 4310
f 4310 4060 4065
f 4310 4065 4066
f 4066 4065 4071
f 4066 4071 4072
f 4072 4071 3865
f 4072 3865 4077
f 4077 3865 3869
f 3680 3870 3869
f 3685 3686 3870
f 3685 3870 3680
f 3686 3685 3480
f 3686 3480 3485
f 3686 3485 3486
f 3486 3485 3330
f 5166 5119 5120
f 5120 5119 5079
f 5082 5083 5120
f 5082 5120 5079
f 5036 5083 5082
f 5036 5037 5083
f 4997 4993 5037
f 4997 5037 5036
f 4941 4942 4993
f 4941 4993 4997
f 4942 4941 4893
f 4942 4893 4894
f 4894 4893 4888
f 4894 4888 4936
f 4888 4886 4936
f 4774 4772 4886
f 4774 4886 4888
f 4604 4601 4772
f 4604 4772 4774
f 4605 4601 4604
f 4413 4410 4601
f 4413 4601 4605
f 4410 4413 4415
f 4410 4415 4163
f 4163 4415 4167
f 4163 4167 4164
f 3974 3964 3954
f 3974 3954 3963
f 3964 3963 3954
f 3988 3964 3974
f 4223 4242 4233
f 4444 4233 4242
f 4444 4242 4251
f 4460 4444 4251
f 4460 4251 4459
f 4465 4460 4459
f 4465 4459 4464
f 4470 4465 4464
f 4470 4464 4473
f 4470 4473 4478
f 4470 4478 4474
f 4474 4478 4484
f 4474 4484 4485
f 4489 4485 4484
f 4489 4484 4292
f 4497 4489 4292
f 4497 4292 4300
f 4301 4497 4300
f 4301 4300 4304
f 4310 4301 4304
f 4317 4310 4066
f 4073 4317 4066
f 4073 4066 4072
f 4073 4072 4077
f 4078 4073 4077
f 4078 4077 3869
f 4078 3869 3870
f 3870 3686 3876
f 3876 3686 3687
f 3687 3686 3486
f 3687 3486 3487
f 5162 5166 5120
f 5162 5120 5121
f 5083 5121 5120
f 5083 5037 5038
f 5038 5037 4993
f 5038 4993 4994
f 4994 4993 4942
f 4994 4942 4938
f 4938 4942 4894
f 4936 4938 4894
f 4886 4772 4770
f 4601 4599 4770
f 4601 4770 4772
f 4599 4601 4405
f 3964 3965 3954
f 3988 4182 3964
f 4210 4196 4182
f 4210 4182 3988
f 4223 4224 4196
f 4223 4196 4210
f 4233 4234 4224
f 4233 4224 4223
f 4234 4233 4444
f 4444 4460 4452
f 4452 4460 4465
f 4452 4465 4460
f 4470 4460 4465
f 4474 4485 4479
f 4479 4485 4489
f 4489 4497 4498
f 4503 4498 4497
f 4503 4497 4301
f 4310 4305 4503
f 4310 4503 4301
f 4305 4310 4317
f 4305 4317 4311
f 4311 4317 4073
f 4311 4073 4318
f 4325 4318 4073
f 4079 4325 4073
f 4079 4073 4078
f 4079 4078 3870
f 4079 3870 4086
f 3871 4086 3870
f 3871 3870 3876
f 3877 3871 3876
f 3877 3876 3687
f 3688 3877 3687
f 3688 3687 3487
f 5167 5163 5162
f 5167 5162 5121
f 5083 5122 5121
f 5122 5083 5084
f 5038 5084 5083
f 4988 5038 4994
f 4938 4988 4994
f 4886 4883 4936
f 4183 3965 3964
f 4183 3964 4182
f 4196 4183 4182
f 4211 4196 4224
f 4211 4224 4234
f 4211 4234 4432
f 4432 4234 4444
f 4432 4444 4445
f 4453 4445 4444
f 4453 4444 4452
f 4461 4453 4452
f 4461 4452 4460
f 4461 4460 4470
f 4461 4470 4466
f 4466 4470 4474
f 4466 4474 4475
f 4475 4474 4479
f 4475 4479 4480
f 4486 4480 4479
f 4486 4479 4489
f 4490 4486 4489
f 4490 4489 4498
f 4503 4490 4498
f 4509 4503 4305
f 4311 4514 4509
f 4311 4509 4305
f 4318 4319 4514
f 4318 4514 4311
f 4325 4326 4319
f 4325 4319 4318
f 4079 4332 4326
f 4079 4326 4325
f 4086 4332 4079
f 3871 4087 4086
f 3877 4087 3871
f 5167 5164 5163
f 5121 5122 5164
f 5121 5164 5167
f 5122 5084 5080
f 5080 5084 5038
f 5080 5038 5034
f 5034 5038 4988
f 5034 4988 4989
f 4989 4988 4938
f 4989 4938 4984
f 4984 4938 4936
f 4984 4936 4934
f 4934 4936 4883
f 4934 4883 4881
f 4883 4880 4881
f 3965 4183 3975
f 4197 3975 4183
f 4197 4183 4196
f 4212 4197 4196
f 4212 4196 4211
f 4433 4212 4211
f 4433 4211 4432
f 4437 4433 4432
f 4437 4432 4445
f 4446 4437 4445
f 4446 4445 4453
f 4446 4453 4461
f 4446 4461 4462
f 4467 4462 4461
f 4467 4461 4466
f 4471 4467 4466
f 4471 4466 4475
f 4481 4471 4475
f 4481 4475 4480
f 4487 4481 4480
f 4487 4480 4486
f 4491 4487 4486
f 4491 4486 4490
f 4499 4491 4490
f 4499 4490 4503
f 4504 4499 4503
f 4504 4503 4509
f 4514 4504 4509
f 4514 4319 4520
f 4326 4327 4520
f 4326 4520 4319
f 4333 4327 4326
f 4333 4326 4332
f 4080 4333 4332
f 4080 4332 4086
f 4087 4080 4086
f 4093 4087 3877
f 3878 4093 3877
f 5116 5164 5122
f 5116 5122 5123
f 5123 5122 5080
f 5034 4989 4984
f 4981 4984 4934
f 4981 4934 4931
f 3779 3955 3965
f 3779 3965 3966
f 3966 3965 3975
f 3966 3975 3976
f 3976 3975 4197
f 3976 4197 4198
f 4212 4198 4197
f 4446 4462 4454
f 4454 4462 4467
f 4454 4467 4636
f 4471 4642 4636
f 4471 4636 4467
f 4481 4648 4642
f 4481 4642 4471
f 4487 4655 4648
f 4487 4648 4481
f 4655 4487 4491
f 4655 4491 4668
f 4668 4491 4499
f 4668 4499 4675
f 4504 4505 4675
f 4504 4675 4499
f 4514 4510 4505
f 4514 4505 4504
f 4515 4510 4514
f 4515 4514 4520
f 4327 4521 4515
f 4327 4515 4520
f 4333 4327 4521
f 4333 4521 4327
f 4080 4334 4327
f 4080 4327 4333
f 4088 4334 4080
f 4088 4080 4087
f 4088 4087 4093
f 3878 3872 4088
f 3878 4088 4093
f 5159 5200 5164
f 5165 5159 5164
f 5165 5164 5116
f 5123 5116 5165
f 5123 5165 5116
f 5116 5123 5080
f 5116 5080 5076
f 5034 5032 5076
f 5034 5076 5080
f 5032 5034 4984
f 5032 4984 4985
f 4984 4981 4982
f 4984 4982 4985
f 4931 4932 4982
f 4931 4982 4981
f 3966 3976 4198
f 3966 4198 4184
f 4184 4198 4212
f 4184 4212 4198
f 4198 4212 4433
f 4198 4433 4213
f 4437 4434 4213
f 4437 4213 4433
f 4446 4447 4434
f 4446 4434 4437
f 4454 4455 4447
f 4454 4447 4446
f 4455 4454 4636
f 4455 4636 4631
f 4642 4637 4631
f 4642 4631 4636
f 4637 4642 4648
f 4637 4648 4649
f 4649 4648 4655
f 4649 4655 4656
f 4668 4661 4656
f 4668 4656 4655
f 4675 4661 4668
f 4675 4505 4681
f 4510 4688 4681
f 4510 4681 4505
f 4515 4516 4688
f 4515 4688 4510
f 4515 4521 4522
f 4515 4522 4516
f 4327 4531 4522
f 4327 4522 4521
f 4334 4531 4327
f 4334 4088 4339
f 4089 4339 4088
f 3872 4089 4088
f 5159 5196 5200
f 5113 5159 5165
f 5113 5165 5116
f 5117 5113 5116
f 5117 5116 5076
f 5029 5032 4985
f 4982 5029 4985
f 3967 3780 3966
f 3977 3967 3966
f 3977 3966 4184
f 4198 3977 4184
f 4434 4447 4438
f 4631 4447 4455
f 4643 4637 4649
f 4656 4657 4643
f 4656 4643 4649
f 4657 4656 4661
f 4657 4661 4662
f 4670 4662 4661
f 4670 4661 4675
f 4676 4670 4675
f 4676 4675 4681
f 4688 4676 4681
f 4688 4516 4694
f 4522 4523 4694
f 4522 4694 4516
f 4522 4531 4532
f 4522 4532 4523
f 4334 4538 4532
f 4334 4532 4531
f 4538 4334 4339
f 4538 4339 4335
f 4335 4339 4089
f 4335 4089 4090
f 5196 5159 5153
f 5153 5159 5154
f 5154 5159 5113
f 5076 5073 5113
f 5076 5113 5117
f 5032 5030 5073
f 5032 5073 5076
f 5029 5030 5032
f 4982 4978 5030
f 4982 5030 5029
f 3967 3785 3780
f 3977 3967 3785
f 3977 3785 3967
f 4198 4185 3967
f 4198 3967 3977
f 4213 4199 4185
f 4213 4185 4198
f 4434 4225 4199
f 4434 4199 4213
f 4438 4439 4225
f 4438 4225 4434
f 4447 4448 4439
f 4447 4439 4438
f 4456 4448 4447
f 4456 4447 4631
f 4638 4456 4631
f 4638 4631 4637
f 4637 4643 4644
f 4637 4644 4638
f 4643 4657 4650
f 4643 4650 4644
f 4657 4662 4650
f 4670 4671 4662
f 4676 4677 4671
f 4676 4671 4670
f 4688 4682 4677
f 4688 4677 4676
f 4688 4694 4695
f 4688 4695 4682
f 4523 4701 4695
f 4523 4695 4694
f 4701 4523 4532
f 4701 4532 4533
f 4533 4532 4538
f 4538 4335 4336
f 4538 4336 4533
f 4336 4335 4090
f 5196 5153 5149
f 5150 5149 5153
f 5150 5153 5154
f 5113 5111 5150
f 5113 5150 5154
f 5073 5070 5111
f 5073 5111 5113
f 5030 5070 5073
f 5030 5027 5070
f 3580 3780 3785
f 3580 3785 3780
f 3967 3780 3785
f 3967 4185 3977
f 4185 4199 3977
f 4199 4225 4214
f 4225 4439 4214
f 4457 4448 4456
f 4638 4632 4457
f 4638 4457 4456
f 4644 4645 4632
f 4644 4632 4638
f 4650 4651 4645
f 4650 4645 4644
f 4662 4658 4651
f 4662 4651 4650
f 4658 4662 4671
f 4677 4682 4683
f 4695 4689 4683
f 4695 4683 4682
f 4701 4696 4689
f 4701 4689 4695
f 4533 4524 4696
f 4533 4696 4701
f 4328 4533 4336
f 5149 5147 5146
f 5149 5150 5108
f 5149 5108 5147
f 5150 5111 5109
f 5150 5109 5108
f 5111 5068 5109
f 5111 5070 5068
f 5070 5025 5068
f 3780 3967 3968
f 3780 3968 3786
f 3978 3968 3967
f 3978 3967 3977
f 3978 3977 4199
f 3978 4199 4200
f 4214 4226 4200
f 4214 4200 4199
f 4439 4440 4226
f 4439 4226 4214
f 4448 4449 4440
f 4448 4440 4439
f 4449 4448 4457
f 4449 4457 4625
f 4632 4625 4457
f 4645 4651 4794
f 4651 4658 4799
f 4651 4799 4794
f 4658 4671 4810
f 4658 4810 4799
f 4671 4677 4815
f 4671 4815 4810
f 4677 4683 4819
f 4677 4819 4815
f 4690 4819 4683
f 4690 4683 4689
f 4689 4696 4697
f 4689 4697 4690
f 4696 4524 4525
f 4696 4525 4697
f 4534 4525 4524
f 4534 4524 4533
f 4533 4328 4534
f 3781 3786 3968
f 3978 3968 3786
f 3978 3786 3968
f 4215 4200 4226
f 4215 4226 4435
f 4440 4441 4435
f 4440 4435 4226
f 4621 4441 4440
f 4621 4440 4449
f 4621 4449 4625
f 4621 4625 4626
f 4625 4632 4639
f 4625 4639 4626
f 4632 4645 4790
f 4632 4790 4639
f 4794 4790 4645
f 4805 4799 4810
f 4805 4810 4815
f 4805 4815 4816
f 4819 4820 4816
f 4819 4816 4815
f 4820 4819 4690
f 4320 4525 4534
f 4320 4534 4328
f 3771 3948 3772
f 3781 3956 3948
f 3781 3948 3771
f 3968 3956 3781
f 3968 3978 4186
f 4186 3978 4200
f 4186 4200 4201
f 4215 4429 4201
f 4215 4201 4200
f 4435 4429 4215
f 4441 4617 4435
f 4617 4441 4621
f 4633 4621 4626
f 4639 4787 4633
f 4639 4633 4626
f 4787 4639 4790
f 4787 4790 4791
f 4794 4800 4791
f 4794 4791 4790
f 4799 4805 4800
f 4799 4800 4794
f 4816 4672 4663
f 4816 4663 4805
f 4672 4816 4820
f 4672 4820 4684
f 4690 4691 4684
f 4690 4684 4820
f 4697 4698 4691
f 4697 4691 4690
f 4698 4697 4525
f 4698 4525 4517
f 3772 3948 3956
f 3772 3956 3949
f 3948 3956 3968
f 3948 3968 3956
f 3956 3968 4186
f 3956 4186 3968
f 4186 4201 4426
f 4201 4429 4430
f 4201 4430 4426
f 4429 4435 4618
f 4429 4618 4430
f 4435 4617 4622
f 4435 4622 4618
f 4627 4622 4617
f 4627 4617 4621
f 4627 4621 4633
f 4627 4633 4785
f 4633 4787 4791
f 4633 4791 4785
f 4795 4791 4787
f 4795 4787 4791
f 4791 4800 4801
f 4791 4801 4795
f 4806 4801 4800
f 4806 4800 4805
f 4805 4663 4664
f 4805 4664 4806
f 4673 4664 4663
f 4673 4663 4672
f 4673 4672 4684
f 4673 4684 4678
f 4691 4678 4684
f 4691 4698 4511
f 4517 4511 4698
f 3956 3968 4174
f 3956 4174 3957
f 3968 4186 4187
f 3968 4187 4174
f 4427 4187 4186
f 4427 4186 4426
f 4427 4426 4430
f 4614 4430 4618
f 4618 4622 4623
f 4786 4623 4622
f 4786 4622 4627
f 4786 4627 4785
f 4786 4785 4788
f 4791 4792 4788
f 4791 4788 4785
f 4795 4796 4792
f 4795 4792 4791
f 4796 4795 4801
f 4796 4801 4806
f 4664 4673 4812
f 4664 4812 4806
f 4678 4679 4493
f 4678 4493 4673
f 4679 4678 4691
f 4679 4691 4685
f 4685 4691 4511
f 4175 3958 3957
f 4175 3957 4174
f 4174 4187 4424
f 4174 4424 4175
f 4427 4424 4187
f 4427 4430 4431
f 4615 4431 4430
f 4615 4430 4614
f 4615 4614 4618
f 4615 4618 4623
f 4628 4623 4786
f 4789 4786 4788
f 4797 4789 4788
f 4797 4788 4792
f 4802 4797 4792
f 4802 4792 4796
f 4807 4802 4796
f 4807 4796 4806
f 4807 4806 4812
f 4807 4812 4674
f 4674 4812 4673
f 4674 4673 4678
f 4493 4678 4673
f 4424 4425 4175
f 4427 4431 4425
f 4427 4425 4424
f 4624 4620 4615
f 4624 4615 4623
f 4634 4624 4623
f 4634 4623 4628
f 4789 4634 4628
f 4789 4628 4786
f 4793 4789 4786
f 4793 4786 4789
f 4793 4789 4797
f 4797 4802 4659
f 4674 4659 4802
f 4674 4802 4807
f 4629 4624 4634
f 4634 4789 4646
f 4646 4789 4793
f 4646 4793 4652
f 4659 4652 4793
f 4659 4793 4797
f 4665 4659 4797
f 5010 5009 5050
f 4975 4977 4974
f 4908 4907 4950
f 4911 4915 4959
f 4961 4917 4919
f 4759 4873 4868
f 4392 4387 4134
f 4160 4159 4164
f 3941 3947 3953
f 3954 3777 3953
f 3536 3545 3546
f 3546 3537 3536
f 3389 3545 3536
f 4106 4107 3892
f 3892 3891 4106
f 3888 3891 3887
f 3373 3237 3381
f 3494 3706 3703
f 3507 3717 3503
f 3362 3351 3229
f 2106 1959 2108
f 1801 1959 1960
f 1645 1498 1484
f 1499 1498 1484
f 1235 1232 1133
f 1029 1031 1025
f 894 892 896
f 1033 1031 894
f 1028 1135 1025
f 1028 1025 1031
f 1133 1131 1135
f 1802 1801 1798
f 1802 1798 1805
f 2416 2259 2258
f 2599 2403 2416
f 3110 3104 2961
f 3897 3709 3899
f 3706 3709 3897
f 3697 3494 3703
f 3697 3703 3696
f 3697 3698 3488
f 3699 3490 3698
f 4361 4367 4112
f 4367 4115 4112
f 3715 3909 3719
f 3742 3537 3546
f 3742 3546 3537
f 4139 4134 4138
f 4139 4392 4134
f 4961 4919 4964
f 4955 4911 4959
f 4949 4906 4956
f 4950 4951 4908
f 4951 4952 4947
f 5005 4953 4952
f 5051 5054 5050
f 5140 5100 5098
f 5106 5065 5105
f 5025 5023 5068
f 4978 4977 4975
f 4977 4932 4931
f 4977 4931 4929
f 4881 4878 4931
f 4159 4153 4410
f 3964 3777 3954
f 3964 3784 3778
f 3568 3771 3780
f 3693 3490 3699
f 892 894 1031
f 892 1031 889
f 1135 1131 1025
f 1231 1232 1235
f 1340 1231 1343
f 1498 1645 1484
f 1802 1805 1798
f 1801 1960 1798
f 1959 1955 1960
f 1959 2106 1955
f 2259 2106 2108
f 2403 2404 2416
f 2802 2961 2792
f 3219 3229 3351
f 3219 3351 3352
f 3712 3503 3717
f 3712 3717 3713
f 3712 3713 3901
f 3899 3709 3708
f 3708 3901 3899
f 3697 3488 3494
f 3698 3489 3488
f 3698 3490 3489
f 3694 3490 3693
f 3694 3693 3700
f 3887 3891 3695
f 4106 4354 4109
f 4106 4109 4107
f 4357 4109 4354
f 4357 4551 4360
f 4555 4360 4551
f 4361 4112 4360
f 4115 4120 3903
f 3903 3909 3715
f 3903 3715 3711
f 3718 3714 3715
f 3718 3715 3719
f 3727 3509 3718
f 3518 3527 3517
f 3518 3517 3509
f 3527 3518 3517
f 3371 3380 3372
f 3381 3237 3380
f 3381 3382 3389
f 3381 3389 3536
f 3920 3736 3742
f 3920 3742 3927
f 3927 4138 3920
f 4580 4387 4586
f 4749 4574 4759
f 4759 4868 4749
f 4922 4919 4861
f 4922 4861 4868
f 4959 4915 4917
f 4959 4917 4961
f 4956 4911 4955
f 4956 4906 4911
f 4950 4907 4906
f 4950 4906 4949
f 4947 4952 4908
f 4947 4908 4951
f 5005 5006 4953
f 5050 5054 5010
f 5096 5098 5054
f 5144 5102 5140
f 5144 5140 5143
f 5105 5065 5102
f 5066 5065 5106
f 4975 4972 5027
f 5027 4978 4975
f 4931 4928 4929
f 4928 4931 4878
f 4928 4878 4875
f 4880 4768 4766
f 4770 4595 4768
f 4599 4595 4770
f 4405 4596 4599
f 4164 3947 4160
f 3947 3941 3953
f 3953 3777 3947
f 3778 3768 3964
f 3778 3779 3769
f 3780 3771 3779
f 3771 3568 3770
f 5102 5100 5140
f 5102 5059 5100
f 5065 5062 5059
f 5065 5059 5102
f 5066 5062 5065
f 5066 5068 5023
f 5100 5057 5098
f 5059 5057 5100
f 5062 5017 5059
f 5066 5020 5017
f 5066 5017 5062
f 5023 5020 5066
f 5025 4972 5023
f 5025 5027 4972
f 5057 5056 5054
f 5057 5054 5098
f 5059 5015 5056
f 5059 5056 5057
f 5017 5015 5059
f 5020 4965 5017
f 5023 4968 4965
f 5023 4965 5020
f 4972 4971 4968
f 4972 4968 5023
f 4975 4974 4971
f 4975 4971 4972
f 5056 5012 5054
f 5015 5014 5012
f 5015 5012 5056
f 5017 4963 5014
f 5017 5014 5015
f 4965 4963 5017
f 4971 4926 4968
f 4974 4926 4971
f 4977 4929 4926
f 4977 4926 4974
f 5012 5010 5054
f 5014 4960 5012
f 4963 4962 4960
f 4963 4960 5014
f 4965 4963 4962
f 4965 4962 4963
f 4968 4921 4963
f 4968 4963 4965
f 4926 4923 4921
f 4926 4921 4968
f 4926 4925 4923
f 4929 4928 4925
f 4929 4925 4926
f 5012 4958 5009
f 5012 5009 5010
f 5012 4960 4958
f 4962 4963 4918
f 4962 4918 4960
f 4963 4921 4920
f 4963 4920 4918
f 4921 4923 4869
f 4921 4869 4920
f 4923 4925 4875
f 4923 4875 4869
f 4925 4928 4875
f 4958 4957 5006
f 4958 5006 5009
f 4958 4960 4957
f 4960 4916 4957
f 4960 4918 4916
f 4918 4920 4855
f 4918 4855 4916
f 4920 4869 4863
f 4920 4863 4855
f 4875 4878 4877
f 4878 4881 4880
f 4878 4880 4877
f 5006 4957 4954
f 5006 4954 4953
f 4957 4914 4954
f 4957 4916 4914
f 4916 4848 4914
f 4916 4855 4854
f 4916 4854 4848
f 4855 4863 4862
f 4855 4862 4854
f 4863 4869 4744
f 4863 4744 4862
f 4869 4875 4751
f 4869 4751 4744
f 4875 4877 4874
f 4875 4874 4751
f 4877 4880 4766
f 4877 4766 4874
f 4953 4954 4910
f 4954 4914 4913
f 4954 4913 4910
f 4914 4843 4913
f 4914 4848 4843
f 4854 4862 4736
f 4854 4736 4848
f 4862 4744 4743
f 4862 4743 4736
f 4744 4751 4750
f 4744 4750 4743
f 4751 4874 4750
f 4874 4766 4760
f 4874 4760 4750
f 4766 4768 4587
f 4766 4587 4760
f 4768 4595 4587
f 4595 4599 4596
f 4595 4596 4587
f 3779 3771 3770
f 4953 4910 4952
f 4913 4843 4842
f 4843 4848 4842
f 4848 4728 4842
f 4848 4736 4728
f 4743 4750 4571
f 4743 4571 4736
f 4750 4743 4571
f 4750 4760 4575
f 4750 4575 4743
f 4760 4587 4581
f 4760 4581 4575
f 4587 4596 4393
f 4587 4393 4581
f 4596 4405 4399
f 4596 4399 4393
f 4405 4410 4153
f 4405 4153 4399
f 3779 3770 3567
f 3779 3567 3769
f 3568 3567 3770
f 4952 4910 4909
f 4910 4913 4837
f 4910 4837 4909
f 4913 4842 4841
f 4913 4841 4837
f 4842 4718 4841
f 4842 4728 4718
f 4736 4565 4728
f 4736 4571 4570
f 4736 4570 4565
f 4571 4743 4570
f 4743 4575 4570
f 4581 4388 4575
f 4581 4393 4388
f 4393 4399 4140
f 4393 4140 4388
f 4399 4141 4140
f 4399 4153 4147
f 4399 4147 4141
f 4153 4159 3933
f 4153 3933 4147
f 4159 4160 3941
f 4159 3941 3933
f 4160 3947 3941
f 3769 3566 3768
f 3769 3768 3778
f 3567 3558 3566
f 3567 3566 3769
f 3567 3568 3558
f 4952 4909 4908
f 4909 4837 4908
f 4841 4718 4717
f 4718 4728 4727
f 4718 4727 4717
f 4728 4559 4727
f 4728 4565 4559
f 4570 4575 4384
f 4575 4388 4384
f 4388 4135 4384
f 4388 4140 4135
f 4141 4147 3922
f 4141 3922 4140
f 4147 3933 3928
f 4147 3928 3922
f 3933 3941 3934
f 3933 3934 3928
f 3941 3947 3759
f 3941 3759 3934
f 3947 3777 3768
f 3947 3768 3759
f 3777 3964 3768
f 3566 3557 3556
f 3566 3556 3768
f 3558 3557 3566
f 3558 3391 3557
f 4908 4837 4840
f 4837 4841 4840
f 4841 4717 4840
f 4727 4559 4558
f 4559 4565 4564
f 4559 4564 4558
f 4565 4570 4371
f 4565 4371 4564
f 4570 4565 4564
f 4570 4564 4371
f 4565 4570 4379
f 4565 4379 4564
f 4570 4384 4379
f 4384 4131 4379
f 4384 4135 4131
f 4135 4140 3917
f 4140 3922 3921
f 4140 3921 3917
f 3922 3928 3738
f 3922 3738 3921
f 3934 3749 3928
f 3934 3759 3750
f 3934 3750 3749
f 3556 3548 3759
f 3556 3759 3768
f 3557 3548 3556
f 3557 3390 3548
f 3557 3391 3390
f 3391 3244 3390
f 4908 4840 4907
f 4840 4717 4716
f 4717 4727 4557
f 4717 4557 4716
f 4727 4558 4557
f 4558 4564 4364
f 4558 4364 4557
f 4564 4371 4364
f 4564 4379 4371
f 4379 4378 4371
f 4379 4131 4126
f 4379 4126 4378
f 4131 4135 3913
f 4135 3917 3913
f 3917 3921 3731
f 3921 3738 3732
f 3921 3732 3731
f 3928 3749 3743
f 3928 3743 3738
f 3749 3750 3743
f 3750 3759 3547
f 3750 3547 3743
f 3759 3548 3547
f 3548 3384 3547
f 3548 3390 3384
f 3390 3241 3384
f 3244 3241 3390
f 4907 4912 4906
f 4907 4840 4839
f 4907 4839 4912
f 4840 4715 4839
f 4840 4716 4726
f 4840 4726 4715
f 4716 4557 4726
f 4557 4364 4363
f 4364 4371 4370
f 4364 4370 4363
f 4371 4378 4125
f 4371 4125 4370
f 4378 4126 4125
f 4126 4131 3907
f 4126 3907 4125
f 4131 3913 3907
f 3913 3917 3730
f 3917 3731 3730
f 3732 3738 3737
f 3732 3737 3731
f 3738 3743 3532
f 3738 3532 3737
f 3743 3539 3532
f 3743 3547 3539
f 3547 3383 3539
f 3547 3384 3383
f 3384 3378 3383
f 3384 3241 3239
f 3384 3239 3378
f 4906 4912 4838
f 4906 4838 4911
f 4912 4839 4847
f 4912 4847 4838
f 4839 4715 4726
f 4839 4726 4847
f 4726 4557 4556
f 4557 4363 4362
f 4557 4362 4556
f 4363 4370 4118
f 4363 4118 4362
f 4370 4125 4124
f 4370 4124 4118
f 4125 3907 4124
f 3907 3913 3912
f 3913 3730 3724
f 3913 3724 3912
f 3730 3731 3724
f 3731 3524 3724
f 3731 3737 3524
f 3737 3532 3531
f 3532 3539 3531
f 3539 3532 3531
f 3539 3383 3376
f 3539 3376 3532
f 3383 3377 3376
f 3383 3378 3238
f 3383 3238 3377
f 3378 3239 3238
f 3239 3114 3238
f 4911 4838 4847
f 4847 4726 4725
f 4726 4556 4563
f 4726 4563 4725
f 4556 4362 4369
f 4556 4369 4563
f 4362 4118 4117
f 4362 4117 4369
f 4118 4370 4377
f 4118 4377 4117
f 4118 4117 4377
f 4118 4377 4370
f 4124 4117 4118
f 4124 3907 3906
f 3907 3912 3723
f 3907 3723 3906
f 3912 3724 3723
f 3724 3514 3723
f 3724 3524 3523
f 3724 3523 3514
f 3524 3737 3523
f 3737 3531 3524
f 3737 3524 3523
f 3531 3532 3375
f 3531 3375 3524
f 3532 3376 3368
f 3532 3368 3375
f 3376 3377 3234
f 3376 3234 3368
f 3377 3238 3234
f 3238 3112 3234
f 3238 3114 3112
f 4911 4847 4917
f 4911 4917 4915
f 4847 4853 4917
f 4847 4725 4735
f 4847 4735 4853
f 4725 4563 4562
f 4725 4562 4735
f 4563 4369 4368
f 4563 4368 4562
f 4369 4117 4116
f 4369 4116 4368
f 4117 4377 4123
f 4117 4123 4116
f 4117 4123 4377
f 4124 3905 4117
f 4124 3906 3905
f 3906 3723 3722
f 3723 3513 3722
f 3723 3514 3513
f 3514 3523 3522
f 3514 3522 3513
f 3524 3375 3367
f 3524 3367 3523
f 3375 3368 3367
f 3368 3234 3233
f 3368 3233 3367
f 3234 3112 3111
f 3112 2962 3111
f 2963 2956 2962
f 2963 2962 3112
f 4917 4853 4861
f 4853 4735 4741
f 4853 4741 4861
f 4735 4742 4741
f 4735 4562 4569
f 4735 4569 4742
f 4562 4368 4376
f 4368 4116 4376
f 4116 4123 4122
f 4123 4117 4122
f 3905 4122 4117
f 3906 3722 3721
f 3906 3721 3905
f 3722 3513 3512
f 3522 3523 3513
f 3523 3361 3513
f 3523 3367 3361
f 3367 3228 3361
f 3367 3233 3228
f 3233 3234 3108
f 3233 3108 3228
f 3234 3111 3109
f 3234 3109 3108
f 2962 2955 3109
f 2962 3109 3111
f 2956 2955 2962
f 4917 4861 4919
f 4742 4569 4568
f 4742 4568 4741
f 4569 4562 4568
f 4562 4376 4375
f 4562 4375 4568
f 4376 4116 4121
f 4376 4121 4375
f 4116 4122 4121
f 3905 3904 4122
f 3905 3720 3904
f 3721 3720 3905
f 3721 3722 3511
f 3722 3512 3511
f 3512 3513 3521
f 3512 3521 3511
f 3513 3512 3521
f 3513 3361 3360
f 3361 3228 3227
f 3228 3108 3227
f 3108 3109 2954
f 2955 2954 3109
f 2955 2793 2954
f 4861 4741 4749
f 4861 4749 4868
f 4741 4568 4574
f 4741 4574 4749
f 4568 4375 4383
f 4568 4383 4574
f 4375 4121 4130
f 4375 4130 4383
f 4121 4122 4130
f 4122 3904 3910
f 4122 3910 4130
f 3904 3911 3910
f 3720 3911 3904
f 3721 3729 3720
f 3721 3511 3510
f 3721 3510 3729
f 3511 3520 3510
f 3511 3521 3520
f 3521 3512 3520
f 3513 3359 3512
f 3513 3360 3359
f 3360 3361 3226
f 3361 3227 3218
f 3361 3218 3226
f 3227 3103 3218
f 3227 3108 3103
f 3108 2954 2950
f 3108 2950 3103
f 2954 2951 2950
f 2793 2783 2951
f 2793 2951 2954
f 2784 2584 2783
f 2784 2783 2793
f 4580 4759 4574
f 4574 4383 4387
f 4574 4387 4580
f 4383 4130 4387
f 3720 3729 3910
f 3720 3910 3911
f 3729 3510 3519
f 3510 3520 3519
f 3520 3512 3511
f 3512 3359 3350
f 3512 3350 3511
f 3359 3360 3217
f 3359 3217 3350
f 3360 3226 3218
f 3360 3218 3217
f 3226 3218 3102
f 3226 3102 3218
f 3218 3103 3102
f 3103 2950 3102
f 2951 2782 2950
f 2783 2782 2951
f 2584 2583 2782
f 2584 2782 2783
f 4387 4130 4134
f 4387 4392 4586
f 4130 3910 3916
f 4130 3916 4134
f 3910 3729 3728
f 3910 3728 3916
f 3729 3736 3728
f 3729 3519 3736
f 3520 3511 3519
f 3511 3350 3349
f 3350 3217 3349
f 3218 3102 3101
f 3218 3101 3217
f 3102 2950 2949
f 2782 2776 2949
f 2782 2949 2950
f 2782 2577 2776
f 2583 2577 2782
f 4134 3916 3920
f 4134 3920 4138
f 3916 3728 3736
f 3916 3736 3920
f 3736 3519 3529
f 3519 3530 3529
f 3519 3511 3358
f 3511 3349 3348
f 3511 3348 3358
f 3349 3216 3348
f 3349 3217 3216
f 3217 3100 3216
f 3217 3101 3089
f 3217 3089 3100
f 3101 3102 2944
f 3101 2944 3089
f 3102 2949 2944
f 2949 2775 2944
f 2776 2775 2949
f 2577 2576 2775
f 2577 2775 2776
f 2577 2382 2576
f 2383 2382 2577
f 3529 3537 3742
f 3529 3742 3736
f 3529 3538 3537
f 3530 3519 3366
f 3530 3366 3529
f 3519 3358 3357
f 3519 3357 3366
f 3358 3348 3357
f 3348 3216 3215
f 3216 3100 3088
f 3216 3088 3215
f 3100 3089 3088
f 3089 2944 3088
f 2944 2775 2774
f 2775 2575 2774
f 2576 2575 2775
f 3538 3529 3528
f 3538 3528 3537
f 3529 3366 3528
f 3357 3348 3214
f 3348 3215 3214
f 3215 3088 3087
f 3215 3087 3099
f 3088 2943 3087
f 3088 2944 2943
f 2944 2773 2943
f 2774 2773 2944
f 2576 2381 2575
f 2382 2381 2576
f 2234 2233 2381
f 2234 2381 2382
f 3537 3528 3536
f 3366 3365 3528
f 3366 3357 3225
f 3366 3225 3365
f 3357 3214 3225
f 3215 3099 3086
f 3215 3086 3214
f 3099 3087 3086
f 3087 2943 2942
f 2943 2772 2942
f 2943 2773 2772
f 2774 2574 2773
f 2575 2561 2574
f 2575 2574 2774
f 2381 2375 2561
f 2381 2561 2575
f 2381 2224 2375
f 2233 2225 2224
f 2233 2224 2381
f 2233 2073 2225
f 3528 3374 3536
f 3365 3364 3374
f 3365 3374 3528
f 3365 3356 3364
f 3365 3225 3356
f 3225 3214 3213
f 3214 3098 3213
f 3214 3086 3098
f 3086 3087 2941
f 3087 2942 2941
f 2942 2772 2941
f 2773 2762 2772
f 2574 2560 2762
f 2574 2762 2773
f 2561 2375 2560
f 2561 2560 2574
f 2073 2072 2224
f 2073 2224 2225
f 4360 4109 4357
f 4112 4109 4360
f 4115 3898 4112
f 4115 3900 3898
f 4115 3903 3900
f 3536 3374 3381
f 3364 3356 3224
f 3356 3225 3224
f 3225 3213 3098
f 3225 3098 3224
f 3098 3086 2940
f 3086 2941 2940
f 2941 2772 2761
f 2941 2761 2771
f 2762 2560 2761
f 2762 2761 2772
f 2375 2374 2560
f 2375 2223 2374
f 2224 2223 2375
f 2224 2071 2223
f 2072 2071 2224
f 4112 3895 4109
f 3898 3895 4112
f 3903 3711 3900
f 3381 3374 3373
f 3374 3364 3232
f 3374 3232 3373
f 3364 3224 3223
f 3364 3223 3232
f 3224 3098 3097
f 3098 3085 3097
f 3098 2940 3085
f 2771 2760 2940
f 2771 2940 2941
f 2761 2760 2771
f 2560 2559 2761
f 2560 2373 2559
f 2374 2373 2560
f 2223 2373 2374
f 2072 1919 2071
f 4109 3895 3892
f 4109 3892 4107
f 3898 3707 3895
f 3900 3707 3898
f 3711 3710 3707
f 3711 3707 3900
f 3715 3714 3710
f 3715 3710 3711
f 3232 3237 3373
f 3224 3096 3223
f 3097 3096 3224
f 3085 2939 3097
f 2940 2939 3085
f 2940 2760 2939
f 2761 2558 2760
f 2559 2558 2761
f 2373 2558 2559
f 2223 2222 2373
f 2071 2070 2222
f 2071 2222 2223
f 1919 1918 2070
f 1919 2070 2071
f 1919 1761 1918
f 3895 3891 3892
f 3895 3705 3891
f 3707 3705 3895
f 3710 3502 3707
f 3714 3505 3502
f 3714 3502 3710
f 3718 3509 3505
f 3718 3505 3714
f 3237 3231 3236
f 3237 3236 3380
f 3236 3372 3380
f 3232 3222 3231
f 3232 3231 3237
f 3223 3096 3222
f 3223 3222 3232
f 3097 2938 3096
f 2939 2938 3097
f 2939 2770 2938
f 2760 2759 2770
f 2760 2770 2939
f 2760 2557 2759
f 2558 2557 2760
f 2373 2372 2558
f 2222 2221 2372
f 2222 2372 2373
f 2222 2070 2221
f 1761 1760 1918
f 3891 3705 3704
f 3891 3704 3702
f 3705 3497 3704
f 3705 3707 3500
f 3705 3500 3497
f 3707 3502 3500
f 3518 3509 3727
f 3527 3371 3363
f 3527 3363 3518
f 3371 3372 3363
f 3372 3236 3231
f 3372 3231 3363
f 3096 3095 3222
f 3096 3084 3095
f 2938 3084 3096
f 2770 2758 2938
f 2759 2758 2770
f 2558 2371 2557
f 2372 2371 2558
f 2372 2221 2371
f 2070 2069 2221
f 2070 1917 2069
f 1918 1917 2070
f 1918 1759 1917
f 1760 1759 1918
f 3702 3695 3891
f 3493 3702 3704
f 3497 3493 3704
f 3497 3500 3499
f 3500 3502 3341
f 3500 3341 3499
f 3502 3505 3344
f 3502 3344 3341
f 3505 3509 3347
f 3505 3347 3344
f 3509 3354 3347
f 3509 3517 3508
f 3509 3508 3354
f 3518 3354 3508
f 3518 3508 3517
f 3363 3355 3354
f 3363 3354 3518
f 3363 3221 3355
f 3363 3231 3230
f 3363 3230 3221
f 3231 3107 3230
f 3222 3094 3107
f 3222 3107 3231
f 3095 3084 3094
f 3095 3094 3222
f 2938 2937 3084
f 2938 2757 2937
f 2758 2757 2938
f 2759 2556 2758
f 2557 2556 2759
f 2371 2556 2557
f 2221 2220 2371
f 2221 2068 2220
f 2069 2068 2221
f 1917 2068 2069
f 3695 3702 3701
f 3492 3701 3702
f 3492 3702 3493
f 3497 3492 3493
f 3497 3499 3341
f 3355 3221 3354
f 3221 3230 3106
f 3107 3106 3230
f 3094 3106 3107
f 3084 3083 3094
f 2937 2936 3083
f 2937 3083 3084
f 2937 2757 2936
f 2758 2555 2757
f 2556 2555 2758
f 2371 2370 2556
f 2220 2219 2370
f 2220 2370 2371
f 1917 1916 2068
f 1759 1758 1916
f 1759 1916 1917
f 1759 1591 1758
f 1592 1591 1759
f 1592 1412 1591
f 3695 3701 3492
f 3695 3492 3694
f 3492 3497 3338
f 3497 3341 3338
f 3341 3340 3338
f 3341 3344 3208
f 3341 3208 3340
f 3344 3347 3212
f 3344 3212 3208
f 3347 3354 3346
f 3347 3346 3212
f 3354 3353 3346
f 3354 3212 3353
f 3354 3221 3212
f 3221 3106 3093
f 3221 3093 3212
f 3106 3094 3093
f 3083 2936 2948
f 3083 2948 3094
f 2757 2756 2936
f 2555 2756 2757
f 2556 2369 2555
f 2370 2369 2556
f 2370 2219 2369
f 2220 2067 2219
f 2068 2067 2220
f 1916 1915 2067
f 1916 2067 2068
f 1916 1757 1915
f 1758 1757 1916
f 3694 3492 3491
f 3492 3338 3337
f 3492 3337 3491
f 3338 3340 3203
f 3340 3208 3203
f 3212 3346 3211
f 3212 3211 3208
f 3346 3353 3211
f 3353 3212 3211
f 3212 3093 3211
f 3094 2947 3093
f 2948 2935 2947
f 2948 2947 3094
f 2936 2928 2935
f 2936 2935 2948
f 2936 2755 2928
f 2756 2755 2936
f 2555 2554 2756
f 2369 2368 2554
f 2369 2554 2555
f 2219 2218 2369
f 2219 2066 2218
f 2067 2066 2219
f 1758 1590 1757
f 1591 1590 1758
f 1412 1411 1590
f 1412 1590 1591
f 1412 1312 1411
f 3694 3491 3490
f 3491 3333 3490
f 3491 3337 3333
f 3338 3203 3202
f 3338 3202 3337
f 3203 3208 3202
f 3208 3211 3210
f 3211 3346 3343
f 3211 3343 3210
f 3346 3211 3210
f 3346 3210 3343
f 3211 3208 3210
f 3211 3093 3082
f 3211 3082 3208
f 3093 3092 3082
f 2947 3092 3093
f 2756 2553 2755
f 2554 2553 2756
f 2554 2368 2553
f 2369 2217 2368
f 2218 2217 2369
f 2067 1914 2066
f 1915 1914 2067
f 1915 1756 1914
f 1757 1756 1915
f 1590 1589 1756
f 1590 1756 1757
f 1590 1411 1589
f 3490 3333 3332
f 3333 3337 3336
f 3333 3336 3332
f 3337 3198 3336
f 3337 3202 3198
f 3202 3208 3081
f 3208 3210 3207
f 3208 3207 3081
f 3210 3343 3207
f 3343 3210 3207
f 3081 3207 3210
f 3081 3210 3208
f 3208 3082 3081
f 3092 2934 3082
f 2947 2934 3092
f 2935 2769 2934
f 2935 2934 2947
f 2928 2754 2769
f 2928 2769 2935
f 2755 2754 2928
f 2553 2754 2755
f 2368 2367 2553
f 2368 2216 2367
f 2217 2216 2368
f 2218 2065 2217
f 2066 2065 2218
f 1914 2065 2066
f 1411 1410 1589
f 1411 1311 1410
f 1312 1311 1411
f 1312 1196 1311
f 3336 3489 3490
f 3336 3490 3332
f 3198 3202 3201
f 3076 3201 3202
f 3202 3081 3080
f 3202 3080 3076
f 3081 3207 3080
f 3207 3206 3080
f 3207 3080 3206
f 3081 3080 3207
f 3081 3082 2933
f 2934 2933 3082
f 2934 2769 2933
f 2553 2552 2754
f 2367 2366 2552
f 2367 2552 2553
f 2217 2064 2216
f 2065 2064 2217
f 2065 1913 2064
f 1914 1913 2065
f 1756 1755 1913
f 1756 1913 1914
f 1589 1588 1755
f 1589 1755 1756
f 1589 1409 1588
f 1410 1409 1589
f 1311 1409 1410
f 3489 3496 3488
f 3335 3496 3489
f 3335 3489 3336
f 3336 3198 3200
f 3336 3200 3335
f 3198 3201 3200
f 2933 3080 3081
f 2769 2768 2933
f 2769 2573 2768
f 2754 2753 2573
f 2754 2573 2769
f 2552 2551 2753
f 2552 2753 2754
f 2552 2366 2551
f 2367 2215 2366
f 2216 2215 2367
f 2064 2215 2216
f 1913 1912 2064
f 1913 1754 1912
f 1755 1754 1913
f 1311 1310 1409
f 1196 1210 1310
f 1196 1310 1311
f 1211 1210 1196
f 3488 3496 3495
f 3496 3335 3334
f 3496 3334 3495
f 3076 3075 3200
f 3076 3200 3201
f 3076 3080 3079
f 3076 3079 3075
f 3206 3079 3080
f 3080 3079 3206
f 3080 2932 3079
f 2933 2932 3080
f 2933 2767 2932
f 2768 2767 2933
f 2753 2551 2573
f 2366 2365 2551
f 2366 2214 2365
f 2215 2214 2366
f 2064 2063 2215
f 2064 1911 2063
f 1912 1911 2064
f 1754 1774 1912
f 1755 1604 1774
f 1755 1774 1754
f 1588 1604 1755
f 1588 1427 1604
f 1409 1427 1588
f 1310 1309 1427
f 1310 1427 1409
f 1310 1210 1309
f 3488 3495 3494
f 3495 3334 3339
f 3334 3335 3339
f 3335 3200 3199
f 3335 3199 3339
f 3075 3079 3199
f 3075 3199 3200
f 3079 2932 2931
f 2932 2766 2931
f 2767 2766 2932
f 2768 2572 2767
f 2573 2572 2768
f 2551 2550 2572
f 2551 2572 2573
f 2551 2364 2550
f 2365 2364 2551
f 2063 2062 2214
f 2063 2214 2215
f 2063 1911 2062
f 1912 1773 1934
f 1912 1934 1911
f 1774 1773 1912
f 1604 1773 1774
f 1309 1324 1427
f 1210 1209 1324
f 1210 1324 1309
f 1105 1104 1209
f 1105 1209 1210
f 1105 984 1104
f 3494 3495 3498
f 3339 3498 3495
f 3199 3079 3078
f 3199 3078 3205
f 3079 2931 2930
f 3079 2930 3078
f 2572 2571 2766
f 2572 2766 2767
f 2550 2363 2572
f 2364 2363 2550
f 2365 2213 2364
f 2214 2213 2365
f 2214 2080 2213
f 2062 2080 2214
f 1911 1933 2080
f 1911 2080 2062
f 1934 1933 1911
f 1604 1603 1773
f 1604 1426 1603
f 1427 1426 1604
f 1324 1323 1426
f 1324 1426 1427
f 1324 1208 1323
f 1209 1208 1324
f 1104 1111 1209
f 984 983 1111
f 984 1111 1104
f 3494 3498 3706
f 3339 3342 3498
f 3339 3199 3204
f 3339 3204 3342
f 3199 3205 3204
f 3205 3078 3077
f 2930 2931 2765
f 2931 2766 2765
f 2766 2571 2765
f 2572 2380 2571
f 2363 2380 2572
f 2364 2380 2363
f 2213 2232 2380
f 2213 2380 2364
f 2080 2079 2232
f 2080 2232 2213
f 2080 1932 2079
f 1933 1932 2080
f 1934 1772 1933
f 1773 1772 1934
f 1603 1772 1773
f 1209 1215 1208
f 1111 1110 1215
f 1111 1215 1209
f 983 993 1111
f 3706 3498 3501
f 3706 3501 3709
f 3498 3342 3501
f 3204 3205 3209
f 3204 3209 3342
f 3205 3077 3209
f 3077 3078 3091
f 3077 3091 3078
f 3077 3078 2929
f 3078 2930 2929
f 2930 2765 2929
f 2571 2570 2765
f 2571 2379 2570
f 2571 2380 2392
f 2571 2392 2379
f 2232 2231 2380
f 2232 2078 2231
f 2079 2078 2232
f 1772 1932 1933
f 1603 1617 1772
f 1603 1436 1617
f 1426 1436 1603
f 1323 1328 1436
f 1323 1436 1426
f 1208 1215 1328
f 1208 1328 1323
f 1111 992 1110
f 993 992 1111
f 3504 3709 3501
f 3501 3342 3345
f 3501 3345 3504
f 3342 3209 3345
f 3077 3091 3209
f 3077 2929 2946
f 3077 2946 3091
f 2929 2765 2764
f 2929 2764 2946
f 2765 2569 2764
f 2570 2569 2765
f 2392 2391 2379
f 2380 2379 2391
f 2380 2391 2392
f 2231 2230 2379
f 2231 2379 2380
f 2079 1931 2078
f 1932 1931 2079
f 1772 1785 1932
f 1772 1616 1785
f 1617 1616 1772
f 1328 1327 1436
f 1328 1214 1327
f 1215 1214 1328
f 1110 1117 1214
f 1110 1214 1215
f 992 1117 1110
f 3712 3901 3708
f 3712 3708 3709
f 3503 3712 3709
f 3503 3709 3504
f 3504 3345 3507
f 3504 3507 3503
f 3345 3352 3507
f 3345 3209 3219
f 3345 3219 3352
f 3220 3219 3209
f 3209 3091 3105
f 3209 3105 3220
f 3091 3090 3105
f 3091 2946 2945
f 3091 2945 3090
f 2946 2781 2945
f 2946 2764 2781
f 2764 2569 2582
f 2764 2582 2781
f 2570 2582 2569
f 2379 2391 2582
f 2379 2582 2570
f 2379 2242 2391
f 2230 2242 2379
f 2231 2092 2242
f 2231 2242 2230
f 2078 2093 2092
f 2078 2092 2231
f 1931 1943 2093
f 1931 2093 2078
f 1932 1943 1931
f 1785 1784 1943
f 1785 1943 1932
f 1436 1435 1616
f 1436 1616 1617
f 1436 1327 1435
f 1214 1218 1331
f 1214 1331 1327
f 1117 1116 1218
f 1117 1218 1214
f 1117 1122 1116
f 992 1002 1122
f 992 1122 1117
f 860 865 1010
f 860 1010 1002
f 3220 3229 3219
f 3105 3110 3229
f 3105 3229 3220
f 3105 3090 3104
f 3105 3104 3110
f 3090 2945 2953
f 3090 2953 3104
f 2945 2781 2792
f 2945 2792 2953
f 2391 2390 2582
f 2391 2405 2390
f 2242 2241 2405
f 2242 2405 2391
f 1943 2092 2093
f 1785 1615 1784
f 1616 1627 1615
f 1616 1615 1785
f 1616 1444 1627
f 1435 1444 1616
f 1327 1330 1444
f 1327 1444 1435
f 1331 1330 1327
f 1218 1330 1331
f 1116 1122 1218
f 1002 1009 1001
f 1002 1001 1122
f 1010 1018 1009
f 1010 1009 1002
f 865 871 1018
f 865 1018 1010
f 3104 2953 2961
f 2953 2792 2961
f 2781 2582 2590
f 2781 2590 2792
f 2582 2404 2590
f 2390 2404 2582
f 2405 2251 2404
f 2405 2404 2390
f 2241 2251 2405
f 2242 2251 2241
f 2092 2251 2242
f 1943 1951 1942
f 1943 1942 2092
f 1784 1793 1951
f 1784 1951 1943
f 1784 1794 1793
f 1615 1626 1794
f 1615 1794 1784
f 1627 1626 1615
f 1444 1626 1627
f 1330 1334 1444
f 1330 1220 1334
f 1218 1220 1330
f 1122 1121 1220
f 1122 1220 1218
f 1122 1125 1121
f 1001 1009 1125
f 1001 1125 1122
f 1018 1021 1017
f 1018 1017 1009
f 871 878 1021
f 871 1021 1018
f 2792 2590 2599
f 2792 2599 2802
f 2590 2404 2403
f 2590 2403 2599
f 2092 2101 2251
f 1942 1951 2101
f 1942 2101 2092
f 1626 1793 1794
f 1444 1456 1635
f 1444 1635 1626
f 1334 1456 1444
f 1121 1124 1223
f 1121 1223 1220
f 1125 1127 1124
f 1125 1124 1121
f 1009 1017 1127
f 1009 1127 1125
f 878 885 1023
f 878 1023 1021
f 2404 2251 2259
f 2404 2259 2416
f 2101 2106 2259
f 2101 2259 2251
f 1951 1955 2106
f 1951 2106 2101
f 1951 1956 1955
f 1793 1798 1956
f 1793 1956 1951
f 1626 1634 1798
f 1626 1798 1793
f 1635 1634 1626
f 1456 1469 1635
f 1334 1336 1469
f 1334 1469 1456
f 1220 1223 1336
f 1220 1336 1334
f 1124 1127 1226
f 1124 1226 1223
f 1017 1020 1129
f 1017 1129 1127
f 1021 1023 1020
f 1021 1020 1017
f 885 889 1026
f 885 1026 1023
f 890 892 889
f 890 889 885
f 1956 1960 1955
f 1798 1960 1956
f 1634 1640 1802
f 1634 1802 1798
f 1635 1640 1634
f 1469 1640 1635
f 1336 1338 1485
f 1336 1485 1469
f 1223 1225 1338
f 1223 1338 1336
f 1226 1229 1225
f 1226 1225 1223
f 1127 1129 1229
f 1127 1229 1226
f 1020 1131 1129
f 1023 1025 1131
f 1023 1131 1020
f 1026 1029 1025
f 1026 1025 1023
f 889 1031 1029
f 889 1029 1026
f 1640 1645 1805
f 1640 1805 1802
f 1469 1484 1645
f 1469 1645 1640
f 1485 1499 1484
f 1485 1484 1469
f 1338 1340 1499
f 1338 1499 1485
f 1225 1340 1338
f 1229 1231 1340
f 1229 1340 1225
f 1129 1232 1231
f 1129 1231 1229
f 1131 1133 1232
f 1131 1232 1129
f 1046 1044 1041
f 1046 1041 901
f 1046 901 1044
f 1047 1046 1049
f 1283 1279 1287
f 1566 1396 1571
f 1738 1732 1737
f 2042 2041 1894
f 2347 2196 2348
f 2537 2348 2538
f 3073 3072 2925
f 3194 3193 3067
f 3329 3328 3195
f 3877 3688 3689
f 3878 3877 3689
f 3780 3786 3781
f 3780 3781 3580
f 3781 3771 3581
f 3949 3956 3957
f 4431 4615 4616
f 4616 4615 4620
f 4629 4620 4624
f 3559 3558 3568
f 3239 3241 3114
f 2955 2956 2794
f 3114 2963 3112
f 2794 2784 2793
f 2794 2793 2955
f 2583 2383 2577
f 1920 1919 2072
f 1759 1760 1593
f 1593 1592 1759
f 1210 1211 1105
f 993 860 1002
f 993 1002 992
f 871 865 878
f 882 890 885
f 882 885 878
f 3957 3772 3782
f 3568 3580 3581
f 1054 1052 1049
f 1058 1161 1054
f 1166 1161 1058
f 1738 1733 1571
f 1739 1893 1738
f 1894 1893 1739
f 3074 3067 3066
f 3074 3066 3073
f 3487 3481 3486
f 4328 4336 4081
f 4512 4511 4517
f 4507 4506 4511
f 4507 4511 4512
f 4175 4187 4188
f 4175 4188 4425
f 4425 4428 4431
f 2234 2382 2383
f 896 894 892
f 3245 3244 3391
f 3241 3244 3245
f 3569 3559 3568
f 3568 3559 3569
f 4647 4646 4652
f 1046 901 903
f 1046 903 905
f 1049 1046 905
f 1571 1567 1396
f 2349 2538 2348
f 2539 2746 2538
f 3073 3066 2925
f 3194 3067 3074
f 3688 3481 3487
f 4517 4312 4320
f 4517 4320 4321
f 4501 4506 4507
f 3969 3958 4187
f 3969 4187 4175
f 4425 4188 4428
f 4436 4624 4620
f 4620 4624 4629
f 4634 4646 4647
f 2784 2793 2794
f 1920 2072 2081
f 1920 2081 2073
f 3395 3559 3568
f 3395 3568 3559
f 2794 2963 2956
f 2584 2793 2784
f 2073 2081 2233
f 1197 1211 1312
f 2383 2393 2583
f 2383 2583 2394
f 2583 2584 2394
f 1413 1592 1593
f 1197 1312 1313
f 1106 1105 1211
f 854 1003 993
f 860 1003 854
f 878 871 865
f 890 886 882
f 892 894 890
f 3772 3782 3957
f 3568 3569 3559
f 1049 1052 1054
f 1169 1280 1279
f 1571 1733 1737
f 2746 2747 2924
f 3073 3066 3067
f 3486 3481 3487
f 4089 4090 4081
f 4089 4081 4090
f 4090 4081 4336
f 4511 4506 4685
f 4425 4188 4187
f 4425 4187 4175
f 4431 4428 4425
f 3559 3395 3558
f 3558 3395 3391
f 1592 1413 1412
f 892 894 896
f 3569 3568 3559
f 3569 3559 3568
f 4320 4312 4525
f 1044 901 1046
f 1279 1280 1287
f 1389 1287 1291
f 1389 1291 1392
f 1396 1567 1571
f 1737 1733 1738
f 2925 3066 3073
f 3487 3481 3688
f 3781 3581 3580
f 3569 3581 3580
f 4312 4517 4525
f 4679 4501 4493
f 4685 4506 4501
f 4685 4501 4679
f 4187 3958 4175
f 4678 4501 4674
f 4493 4501 4678
f 4428 4188 4425
f 4616 4436 4431
f 4620 4624 4436
f 4620 4436 4616
f 4629 4624 4620
f 2784 2794 2793
f 2956 2963 2794
f 2784 2793 2584
f 2233 2081 2073
f 2073 2081 2072
f 1312 1211 1196
f 2583 2393 2383
f 1412 1313 1312
f 993 1003 860
f 860 865 871
f 860 871 865
f 865 871 878
f 882 886 890
f 890 894 892
f 3957 3782 3772
f 3559 3569 3568
f 2912 2906 2902
f 2912 2902 2714
f 2714 2902 2708
f 2902 2906 2907
f 2702 2709 2715
f 2702 2715 2710
f 2696 2697 2694
f 2698 2694 2697
f 2927 2919 2913
f 2927 2913 2919
f 2919 2913 2906
f 2919 2906 2912
f 2907 2906 2913
f 2731 2723 2722
f 2722 2723 2715
f 2710 2715 2723
f 2710 2723 2716
f 2716 2723 2731
f 2716 2731 2723
f 2705 2698 2704
f 2705 2704 2711
f 2750 2751 2919
f 2750 2919 2927
f 2919 2751 2740
f 2751 2741 2740
f 2732 2740 2741
f 2732 2725 2717
f 2732 2717 2724
f 2711 2717 2712
f 2711 2712 2705
f 2718 2712 2717
f 2718 2717 2725
f 2696 2702 2697
f 2703 2697 2702
f 2703 2702 2710
f 2710 2716 2711
f 2710 2711 2703
f 2717 2711 2716
f 2717 2716 2723
f 2724 2732 2741
f 2724 2741 2732
f 2741 2732 2724
f 2741 2724 2732
f 2708 2902 2715
f 2708 2715 2701
f 2701 2715 2709
f 2701 2709 2702
f 2907 2715 2902
f 2907 2913 2722
f 2907 2722 2715
f 2731 2722 2913
f 2731 2913 2730
f 2730 2913 2919
f 2919 2740 2730
f 2730 2740 2731
f 2723 2731 2732
f 2732 2731 2740
f 2732 2724 2717
f 2732 2717 2723
f 2703 2711 2704
f 2703 2704 2698
f 2698 2697 2703
f 2714 2729 2912
f 2729 2714 2721
f 2721 2714 2708
f 2912 2729 2738
f 2912 2738 2919
f 2919 2738 2750
f 2919 2750 2927
f 2493 2698 2705
f 2493 2705 2499
f 2511 2718 2725
f 2499 2705 2712
f 2499 2712 2505
f 2505 2712 2718
f 2505 2718 2511
f 2751 2752 2741
f 2694 2693 2696
f 2729 2714 2721
f 2515 2709 2508
f 2508 2709 2702
f 2508 2702 2502
f 2696 2694 2492
f 2493 2492 2490
f 2490 2492 2694
f 2750 2738 2739
f 2739 2738 2730
f 2721 2730 2738
f 2721 2738 2729
f 2522 2515 2523
f 2523 2515 2516
f 2502 2516 2515
f 2502 2515 2508
f 2508 2515 2522
f 2508 2522 2515
f 2492 2493 2498
f 2751 2750 2543
f 2532 2543 2750
f 2532 2750 2739
f 2543 2532 2544
f 2544 2532 2533
f 2523 2533 2532
f 2524 2517 2510
f 2524 2510 2517
f 2517 2510 2504
f 2517 2504 2510
f 2498 2504 2510
f 2498 2510 2504
f 2702 2503 2502
f 2497 2503 2702
f 2497 2702 2496
f 2496 2702 2696
f 2502 2503 2509
f 2502 2509 2516
f 2510 2516 2509
f 2510 2509 2503
f 2524 2533 2523
f 2533 2524 2517
f 2533 2517 2524
f 2714 2515 2721
f 2515 2714 2709
f 2709 2714 2708
f 2709 2708 2702
f 2721 2515 2522
f 2721 2522 2730
f 2730 2522 2531
f 2730 2531 2739
f 2739 2531 2532
f 2522 2532 2531
f 2516 2523 2532
f 2516 2532 2523
f 2523 2532 2522
f 2523 2517 2524
f 2510 2517 2516
f 2516 2517 2523
f 2498 2504 2497
f 2498 2497 2492
f 2497 2504 2503
f 2503 2504 2510
f 2696 2492 2496
f 2496 2492 2497
f 2708 2714 2721
f 2729 2721 2714
f 2493 2490 2694
f 2498 2493 2499
f 2524 2741 2533
f 2511 2517 2510
f 2510 2504 2505
f 2510 2505 2511
f 2499 2505 2498
f 2498 2505 2504
f 2543 2544 2752
f 2543 2752 2751
f 2741 2752 2533
f 2533 2752 2544
f 2702 2708 2701
f 2693 2694 2696
f 2493 2694 2698
f 2498 2493 2499
f 2511 2725 2517
f 2732 2517 2725
f 2499 2505 2498
f 2732 2741 2524
f 2524 2517 2732
f 3683 3675 3678
f 3675 3868 3678
f 3859 3855 3854
f 3854 4070 3863
f 3854 3863 3859
f 3849 3844 4058
f 3844 4055 4058
f 4309 4058 4055
f 3883 3881 3875
f 3883 3875 3881
f 3881 3683 3678
f 3881 3678 3875
f 3868 3875 3678
f 3874 3868 4085
f 3874 4085 4092
f 3868 3863 4085
f 4070 4076 4085
f 4070 4085 3863
f 4076 4085 4092
f 4076 4092 4085
f 3883 3881 4097
f 3881 4095 4097
f 4096 4097 4095
f 4096 4095 4343
f 4095 4094 4343
f 4341 4343 4094
f 4341 4338 4331
f 4341 4331 4338
f 4324 4316 4530
f 4324 4530 4331
f 4537 4338 4331
f 4537 4331 4530
f 3849 4058 3854
f 4063 4070 3854
f 4063 3854 4058
f 4070 4063 4324
f 4070 4324 4076
f 4331 4076 4324
f 4331 4085 4076
f 4338 4341 4343
f 4338 4343 4341
f 4343 4341 4338
f 4343 4338 4341
f 3669 3664 3863
f 3669 3863 3675
f 3664 3855 3859
f 3664 3859 3863
f 3868 3675 3863
f 3874 3875 3868
f 3881 3875 4095
f 3875 3874 4092
f 3875 4092 4095
f 4095 4092 4094
f 4085 4341 4092
f 4341 4094 4092
f 4341 4085 4331
f 4341 4331 4338
f 4063 4316 4324
f 4063 4309 4316
f 4309 4063 4058
f 3683 3678 3675
f 3678 3669 3675
f 3854 3855 3664
f 3663 3854 3664
f 3683 3881 3692
f 3881 3883 3692
f 3883 4097 4096
f 4096 3882 3883
f 4096 4343 4344
f 3682 3677 3674
f 3668 3669 3674
f 3867 3862 3858
f 3867 3858 3668
f 3862 3858 3854
f 3862 3854 3858
f 3854 3663 3668
f 3854 3668 3858
f 3849 4058 3844
f 4308 4055 4058
f 4308 4058 4057
f 4055 3844 4058
f 3882 3880 3691
f 3880 3682 3691
f 3677 3691 3682
f 3677 3682 3691
f 3874 4092 3867
f 4092 4084 3867
f 3858 3862 3867
f 3858 3867 4084
f 3862 3867 3874
f 3862 3874 3867
f 4315 4308 4057
f 4094 3880 3882
f 4094 3882 4096
f 4096 4343 4342
f 4096 4342 4094
f 4091 4094 4342
f 4340 4337 4330
f 4340 4330 4337
f 4337 4330 4323
f 4337 4323 4330
f 4315 4323 4330
f 4315 4330 4323
f 3854 3858 4070
f 4062 3854 4070
f 3858 4084 4075
f 3858 4075 4070
f 4069 4062 4070
f 4069 4070 4075
f 4340 4091 4342
f 4343 4342 4340
f 4343 4340 4342
f 4342 4340 4337
f 4342 4337 4340
f 3867 3668 3674
f 3867 3674 3677
f 3677 3682 3874
f 3682 3880 3874
f 3874 3867 3677
f 4084 4092 4094
f 4084 4094 4091
f 4092 3874 3880
f 4092 3880 4094
f 4091 4340 4084
f 4340 4337 4084
f 4075 4084 4337
f 4075 4337 4330
f 4075 4330 4323
f 4323 4315 4069
f 4315 4057 4062
f 4315 4062 4069
f 4069 4075 4323
f 4057 4058 4062
f 3849 3854 4058
f 3854 4062 4058
f 3669 3678 3674
f 3683 3682 3674
f 3683 3674 3678
f 3668 3664 3669
f 4308 4309 4055
f 3682 3683 3691
f 3683 3692 3691
f 3883 3882 3691
f 3883 3691 3692
f 4341 4340 4343
f 4340 4342 4343
f 4340 4341 4337
f 4330 4529 4323
f 4315 4323 4529
f 4343 4096 4344
f 3664 3668 3663
f 4315 4316 4309
f 4537 4536 4338
f 4536 4330 4338
f 4316 4315 4529
f 4316 4529 4530
f 4315 4323 4529
f 4330 4536 4529
f 4330 4529 4323
f 4536 4537 4530
f 4536 4530 4529
f 4315 4309 4308
f 4341 4338 4337
f 4330 4536 4338
f 4536 4330 4337
f 4536 4337 4338
f 4330 4536 4529
f 4536 4330 4323
f 4536 4323 4529
f 4315 4529 4323
f 3669 3664 3663
f 3669 3663 3664
f 1454 1453 1441
f 2203 2051 2202
f 2581 2568 2580
f 2117 2118 2271
f 2597 2610 2598
f 2202 2051 2050
f 2548 2356 2360
f 2567 2580 2568
f 2271 2272 2269
f 2271 2269 2268
f 1466 1465 1453
f 1466 1453 1454
f 1748 1906 1902
f 2202 2207 2203
f 2207 2355 2203
f 2360 2356 2355
f 2548 2567 2361
f 2548 2361 2549
f 2581 2588 2589
f 2588 2597 2401
f 2588 2401 2589
f 2401 2597 2598
f 2621 2628 2427
f 2610 2621 2427
f 2610 2427 2424
f 2431 2269 2272
f 2431 2272 2269
f 2272 2271 2269
f 2269 2271 2118
f 2117 1969 2118
f 1968 1812 1969
f 1656 1657 1666
f 1497 1496 1482
f 1481 1482 1496
f 1466 1482 1481
f 1431 1422 1432
f 1585 1407 1408
f 1585 1408 1407
f 1748 1746 1745
f 1581 1748 1745
f 1746 1748 1745
f 1748 1902 1745
f 1423 1432 1422
f 1423 1422 1408
f 1407 1408 1422
f 1441 1432 1442
f 1454 1441 1442
f 1581 1582 1407
f 1581 1407 1585
f 1408 1407 1582
f 1408 1424 1423
f 1424 1432 1423
f 1442 1432 1424
f 1442 1424 1433
f 1442 1433 1443
f 1454 1442 1443
f 1454 1443 1455
f 1466 1454 1455
f 1466 1455 1467
f 1482 1466 1467
f 1581 1745 1580
f 1582 1581 1580
f 1582 1586 1408
f 1424 1408 1586
f 1424 1586 1425
f 1433 1424 1425
f 1433 1425 1434
f 1443 1433 1434
f 1455 1468 1467
f 1468 1483 1482
f 1468 1482 1467
f 1483 1647 1497
f 1483 1497 1482
f 1647 1657 1656
f 1647 1656 1497
f 1746 1580 1745
f 1583 1582 1580
f 1583 1586 1582
f 1587 1586 1583
f 1602 1425 1586
f 1602 1586 1587
f 1602 1613 1434
f 1602 1434 1425
f 1625 1443 1434
f 1625 1434 1613
f 1633 1455 1443
f 1633 1443 1625
f 1633 1639 1468
f 1633 1468 1455
f 1639 1643 1483
f 1639 1483 1468
f 1643 1647 1483
f 1746 1745 1902
f 1747 1580 1746
f 1747 1749 1583
f 1747 1583 1580
f 1584 1583 1749
f 1587 1583 1584
f 1614 1613 1602
f 1625 1613 1614
f 1639 1644 1643
f 1644 1648 1647
f 1644 1647 1643
f 1809 1657 1647
f 1809 1647 1648
f 1809 1812 1657
f 1812 1666 1657
f 1902 1747 1746
f 1750 1584 1749
f 1750 1749 1747
f 1750 1752 1587
f 1750 1587 1584
f 1771 1602 1587
f 1771 1587 1752
f 1771 1614 1602
f 1625 1614 1771
f 1625 1771 1782
f 1782 1792 1633
f 1782 1633 1625
f 1639 1633 1792
f 1639 1792 1800
f 1800 1803 1644
f 1800 1644 1639
f 1806 1648 1644
f 1806 1644 1803
f 1809 1648 1806
f 1812 1809 1969
f 1903 1747 1902
f 1904 1747 1903
f 1750 1747 1904
f 1750 1753 1752
f 1753 1771 1752
f 1783 1782 1771
f 1783 1792 1782
f 1965 1809 1806
f 1965 1969 1809
f 2050 2051 1903
f 2050 1903 1902
f 2051 1904 1903
f 1750 1904 1907
f 1753 1750 1907
f 1753 1907 1910
f 1929 1771 1753
f 1929 1753 1910
f 1771 1929 1930
f 1930 1941 1783
f 1930 1783 1771
f 1949 1792 1783
f 1949 1783 1941
f 1954 1800 1792
f 1954 1792 1949
f 1954 1961 1803
f 1954 1803 1800
f 1806 1803 1961
f 1806 1961 1963
f 1963 1966 1965
f 1963 1965 1806
f 1969 1965 1966
f 1904 2051 2052
f 1907 1904 2052
f 1907 2052 2057
f 1910 1907 2057
f 1929 1910 1930
f 1950 1949 1941
f 1958 1954 1949
f 1958 1949 1950
f 1961 1954 1958
f 2112 1963 1961
f 1966 1963 2112
f 1966 2112 2115
f 1969 1966 2115
f 1969 2115 2118
f 2203 2204 2052
f 2203 2052 2051
f 2204 2056 2052
f 2056 2057 2052
f 2057 2061 1910
f 2077 1930 1910
f 2077 1910 2061
f 1941 1930 2077
f 1941 2077 2091
f 1950 1941 2091
f 1950 2091 2100
f 1958 1950 2100
f 1958 2100 2107
f 1961 1958 2107
f 1961 2107 2109
f 2112 1961 2109
f 2118 2115 2269
f 2208 2056 2204
f 2208 2057 2056
f 2212 2061 2057
f 2212 2057 2208
f 2077 2061 2212
f 2090 2091 2077
f 2091 2105 2100
f 2105 2107 2100
f 2107 2263 2109
f 2266 2112 2109
f 2266 2109 2263
f 2269 2115 2112
f 2269 2112 2266
f 2356 2204 2203
f 2356 2203 2355
f 2208 2204 2356
f 2211 2212 2208
f 2212 2229 2077
f 2240 2090 2077
f 2240 2077 2229
f 2240 2250 2091
f 2240 2091 2090
f 2257 2105 2091
f 2257 2091 2250
f 2261 2107 2105
f 2261 2105 2257
f 2261 2263 2107
f 2266 2431 2269
f 2208 2356 2357
f 2361 2211 2208
f 2361 2208 2357
f 2362 2212 2211
f 2362 2211 2361
f 2378 2229 2212
f 2378 2212 2362
f 2389 2240 2229
f 2389 2229 2378
f 2250 2240 2389
f 2257 2250 2415
f 2424 2261 2257
f 2424 2257 2415
f 2263 2261 2424
f 2263 2424 2427
f 2427 2429 2266
f 2427 2266 2263
f 2431 2266 2429
f 2548 2549 2357
f 2548 2357 2356
f 2549 2361 2357
f 2361 2378 2362
f 2388 2378 2362
f 2388 2362 2378
f 2389 2378 2388
f 2389 2402 2250
f 2415 2250 2402
f 2628 2429 2427
f 2431 2429 2628
f 2431 2628 2429
f 2568 2378 2361
f 2568 2361 2567
f 2568 2581 2388
f 2568 2388 2378
f 2389 2388 2581
f 2389 2581 2589
f 2401 2402 2389
f 2401 2389 2589
f 2401 2598 2415
f 2401 2415 2402
f 2598 2610 2424
f 2598 2424 2415
f 7 11 6
f 441 323 440
f 22 13 23
f 560 441 440
f 818 817 822
f 482 361 362
f 478 601 477
f 704 823 834
f 812 816 685
f 816 817 813
f 834 835 704
f 601 597 727
f 23 36 35
f 108 2 113
f 108 225 105
f 322 440 323
f 560 561 441
f 685 816 813
f 685 813 686
f 822 834 823
f 822 823 818
f 704 835 845
f 853 723 715
f 704 845 853
f 704 853 715
f 727 724 723
f 597 601 602
f 602 601 478
f 478 477 482
f 478 482 483
f 482 362 483
f 361 260 362
f 259 160 260
f 150 151 160
f 149 49 50
f 149 50 150
f 24 36 23
f 13 22 12
f 12 11 7
f 7 6 2
f 225 220 105
f 7 2 3
f 7 8 12
f 8 13 12
f 14 23 13
f 24 23 14
f 2 108 1
f 1 3 2
f 7 3 1
f 7 1 4
f 4 8 7
f 8 9 13
f 9 14 13
f 24 37 36
f 49 36 37
f 49 37 50
f 1 108 105
f 1 105 109
f 8 4 120
f 9 8 120
f 14 9 15
f 24 14 15
f 24 15 25
f 37 24 25
f 105 220 106
f 109 105 106
f 106 110 1
f 106 1 109
f 110 4 1
f 110 114 4
f 114 120 4
f 120 121 9
f 121 128 15
f 121 15 9
f 128 25 15
f 136 37 25
f 136 25 128
f 142 50 37
f 142 37 136
f 151 150 50
f 151 50 142
f 221 106 220
f 107 106 221
f 107 110 106
f 110 107 111
f 111 114 110
f 115 120 114
f 115 114 111
f 121 120 115
f 129 128 121
f 129 136 128
f 160 151 260
f 221 220 322
f 221 222 107
f 222 223 107
f 223 226 111
f 223 111 107
f 226 230 115
f 226 115 111
f 230 121 115
f 235 121 230
f 235 242 129
f 235 129 121
f 247 136 129
f 247 129 242
f 252 142 136
f 252 136 247
f 252 256 151
f 252 151 142
f 260 151 256
f 221 322 323
f 323 324 221
f 222 221 324
f 227 226 223
f 230 226 227
f 231 235 230
f 248 247 242
f 253 252 247
f 253 247 248
f 253 358 256
f 253 256 252
f 358 362 260
f 358 260 256
f 324 325 223
f 324 223 222
f 329 227 223
f 329 223 325
f 329 230 227
f 329 333 231
f 329 231 230
f 333 339 235
f 333 235 231
f 339 346 242
f 339 242 235
f 351 248 242
f 351 242 346
f 253 248 351
f 253 351 355
f 358 253 355
f 442 324 323
f 442 323 441
f 442 325 324
f 326 329 325
f 333 329 330
f 339 347 346
f 351 346 347
f 473 355 351
f 478 358 355
f 478 355 473
f 362 358 478
f 362 478 483
f 443 325 442
f 444 326 325
f 444 325 443
f 444 447 329
f 444 329 326
f 330 329 447
f 330 447 448
f 333 330 448
f 333 448 450
f 339 333 450
f 339 450 458
f 347 339 458
f 347 458 459
f 459 466 351
f 459 351 347
f 466 470 473
f 466 473 351
f 470 473 478
f 470 478 473
f 473 478 483
f 473 483 478
f 442 441 561
f 442 561 562
f 443 442 562
f 443 562 563
f 444 443 563
f 448 447 444
f 458 450 459
f 578 587 466
f 578 466 459
f 593 470 466
f 593 466 587
f 597 473 470
f 597 470 593
f 602 478 473
f 602 473 597
f 684 562 561
f 563 564 444
f 567 448 444
f 567 444 564
f 567 570 450
f 567 450 448
f 570 577 459
f 570 459 450
f 578 459 577
f 685 562 684
f 685 563 562
f 686 563 685
f 687 564 563
f 687 563 686
f 690 564 687
f 690 691 567
f 690 567 564
f 570 567 691
f 570 691 694
f 694 704 577
f 694 577 570
f 704 705 578
f 704 578 577
f 587 578 705
f 587 705 716
f 593 587 716
f 593 716 724
f 727 597 593
f 727 593 724
f 704 715 716
f 704 716 705
f 715 723 724
f 715 724 716
f 813 817 687
f 813 687 686
f 818 690 687
f 818 687 817
f 818 691 690
f 818 823 694
f 818 694 691
f 704 694 823
f 4961 4964 5016
f 4950 4946 4951
f 5112 5071 5072
f 5002 5005 5001
f 5136 5098 5131
f 5143 5179 5146
f 5005 4952 5001
f 5096 5131 5098
f 5098 5136 5140
f 5185 5146 5179
f 4967 5019 5018
f 4967 5018 5016
f 5005 5041 5047
f 5005 5047 5006
f 5009 5047 5050
f 5047 5009 5006
f 5051 5050 5093
f 5093 5054 5051
f 5054 5093 5092
f 5054 5092 5096
f 5140 5139 5143
f 5139 5179 5143
f 5190 5189 5195
f 5185 5184 5189
f 5185 5189 5190
f 5195 5199 5200
f 5199 5198 5158
f 5198 5162 5158
f 5162 5198 5157
f 5162 5157 5161
f 5161 5157 5156
f 5161 5156 5160
f 5115 5160 5114
f 5112 5115 5114
f 5069 5071 5110
f 5024 5067 5069
f 5024 5069 5067
f 5063 5021 5024
f 5063 5024 5067
f 5024 5021 5022
f 4967 5016 4964
f 4950 4949 4946
f 4951 4946 4947
f 4951 4947 5000
f 4952 4951 5000
f 4952 5000 5001
f 5011 4955 4959
f 5011 4959 4961
f 5011 4961 5013
f 5016 5013 4961
f 5018 5060 5016
f 5021 5063 5060
f 5021 5060 5018
f 4949 4956 4955
f 4949 4955 4948
f 4955 5007 4948
f 5007 4955 5011
f 5016 5055 5011
f 5016 5011 5013
f 5016 5058 5055
f 5060 5061 5058
f 5060 5058 5016
f 5063 5064 5061
f 5063 5061 5060
f 5107 5064 5063
f 5107 5063 5067
f 5069 5110 5107
f 5069 5107 5067
f 4948 5003 4949
f 5003 4948 5007
f 5003 5007 5008
f 5011 5048 5008
f 5011 5008 5007
f 5011 5052 5048
f 5055 5052 5011
f 5099 5055 5058
f 5061 5101 5099
f 5061 5099 5058
f 5101 5061 5064
f 5101 5064 5103
f 5103 5064 5107
f 5110 5071 5112
f 4946 4949 4998
f 5003 4998 4949
f 5042 5003 5008
f 5049 5042 5008
f 5049 5008 5048
f 5053 5049 5048
f 5053 5048 5052
f 5053 5052 5055
f 5053 5055 5097
f 5099 5097 5055
f 5101 5103 5104
f 5104 5103 5107
f 5104 5107 5148
f 5148 5107 5110
f 5148 5110 5151
f 5151 5110 5112
f 4999 4946 4998
f 4999 4998 5003
f 4999 5003 5004
f 5042 5004 5003
f 5049 5053 5094
f 5097 5094 5053
f 5097 5099 5101
f 5097 5101 5137
f 5137 5101 5104
f 5137 5104 5141
f 5141 5104 5148
f 5155 5151 5112
f 5155 5112 5114
f 5155 5114 5160
f 5000 4947 4946
f 5000 4946 4999
f 5043 4999 5004
f 5043 5004 5042
f 5043 5042 5049
f 5043 5049 5089
f 5095 5089 5049
f 5095 5049 5094
f 5095 5094 5097
f 5097 5132 5095
f 5132 5097 5137
f 5141 5148 5145
f 5152 5145 5148
f 5152 5148 5151
f 5156 5152 5151
f 5156 5151 5155
f 5160 5156 5155
f 5000 4999 5039
f 5044 5039 4999
f 5044 4999 5043
f 5085 5044 5043
f 5085 5043 5089
f 5133 5126 5095
f 5133 5095 5132
f 5133 5132 5137
f 5133 5137 5138
f 5138 5137 5141
f 5138 5141 5142
f 5142 5141 5145
f 5142 5145 5180
f 5152 5191 5180
f 5152 5180 5145
f 5197 5191 5152
f 5197 5152 5156
f 5197 5156 5157
f 5001 5000 5039
f 5085 5086 5044
f 5089 5090 5086
f 5089 5086 5085
f 5127 5090 5089
f 5127 5089 5095
f 5126 5127 5095
f 5127 5126 5133
f 5127 5133 5134
f 5171 5134 5133
f 5171 5133 5138
f 5175 5171 5138
f 5175 5138 5142
f 5175 5142 5180
f 5175 5180 5181
f 5191 5186 5181
f 5191 5181 5180
f 5186 5191 5197
f 5186 5197 5192
f 5157 5192 5197
f 5039 5040 5001
f 5044 5045 5040
f 5044 5040 5039
f 5086 5087 5045
f 5086 5045 5044
f 5090 5087 5086
f 5192 5181 5186
f 5157 5198 5192
f 5002 5001 5040
f 5040 5045 5087
f 5087 5090 5124
f 5128 5124 5090
f 5128 5090 5127
f 5135 5128 5127
f 5134 5168 5135
f 5134 5135 5127
f 5171 5172 5168
f 5171 5168 5134
f 5175 5176 5172
f 5175 5172 5171
f 5181 5187 5176
f 5181 5176 5175
f 5193 5187 5181
f 5193 5181 5192
f 5198 5193 5192
f 5005 5002 5041
f 5041 5002 5040
f 5041 5040 5046
f 5088 5046 5040
f 5088 5040 5087
f 5125 5088 5087
f 5125 5087 5124
f 5128 5125 5124
f 5168 5128 5135
f 5172 5176 5182
f 5182 5176 5187
f 5194 5187 5193
f 5199 5194 5193
f 5199 5193 5198
f 5047 5041 5046
f 5088 5047 5046
f 5091 5088 5125
f 5125 5128 5129
f 5169 5129 5128
f 5169 5128 5168
f 5169 5168 5173
f 5177 5173 5168
f 5177 5168 5172
f 5183 5177 5172
f 5183 5172 5182
f 5183 5182 5187
f 5183 5187 5188
f 5194 5188 5187
f 5088 5092 5047
f 5092 5088 5091
f 5130 5092 5091
f 5130 5091 5125
f 5130 5125 5129
f 5170 5130 5129
f 5170 5129 5169
f 5173 5170 5169
f 5177 5178 5173
f 5184 5178 5177
f 5184 5177 5183
f 5188 5189 5184
f 5188 5184 5183
f 5189 5188 5194
f 5189 5194 5195
f 5199 5195 5194
f 5050 5047 5092
f 5050 5092 5093
f 5170 5136 5130
f 5170 5173 5174
f 5178 5174 5173
f 5131 5096 5092
f 5131 5092 5130
f 5131 5130 5136
f 5170 5140 5136
f 5139 5140 5170
f 5139 5170 5174
f 5139 5174 5178
f 5139 5178 5179
f 5179 5178 5184
f 5179 5184 5185
f 3896 3897 3899
f 4572 4381 4576
f 3885 3693 3699
f 3887 3695 3694
f 4554 4555 4714
f 4733 4734 4561
f 4867 4757 4747
f 4753 4754 4761
f 3706 3896 3703
f 3699 3885 3693
f 3693 3885 3699
f 3700 3693 3885
f 3694 3700 3885
f 3694 3885 3886
f 3694 3886 3887
f 3891 4103 4106
f 4103 4350 4353
f 4103 4353 4106
f 4106 4353 4354
f 4354 4353 4550
f 4354 4550 4357
f 4357 4550 4551
f 4551 4550 4714
f 4551 4714 4555
f 4554 4733 4561
f 4554 4561 4555
f 4734 4733 4739
f 4734 4739 4733
f 4724 4733 4739
f 4724 4739 4733
f 4748 4739 4860
f 4747 4748 4860
f 4757 4872 4756
f 4756 4872 4871
f 4756 4871 4755
f 4871 4870 4762
f 4871 4762 4755
f 4761 4870 4754
f 4761 4754 4753
f 4577 4752 4576
f 4752 4577 4753
f 4572 4380 4381
f 4113 4114 3899
f 3896 3706 3897
f 3699 3698 3885
f 3897 3893 3896
f 3703 3896 3893
f 3897 3896 3899
f 3897 3899 4110
f 4110 3899 4114
f 4365 4113 4119
f 4372 4365 4119
f 3703 3889 3696
f 3894 3889 3703
f 3894 3703 3893
f 3897 4108 3894
f 3897 3894 3893
f 4108 3897 4110
f 4108 4110 4111
f 4111 4110 4114
f 4111 4114 4358
f 4358 4114 4113
f 4358 4113 4365
f 4358 4365 4366
f 4366 4365 4372
f 4366 4372 4566
f 4566 4372 4380
f 4572 4566 4380
f 3889 3697 3696
f 3894 4104 3889
f 4108 4104 3894
f 4111 4355 4108
f 4358 4355 4111
f 4366 4560 4358
f 4566 4560 4366
f 4566 4572 4745
f 4576 4752 4745
f 4576 4745 4572
f 3889 3890 3697
f 4104 4108 4355
f 4355 4358 4359
f 4359 4358 4552
f 4552 4358 4560
f 4552 4560 4729
f 4737 4729 4560
f 4737 4560 4566
f 4746 4737 4566
f 4746 4566 4745
f 4753 4746 4745
f 4753 4745 4752
f 3697 3890 3698
f 4098 3890 3889
f 4098 3889 4104
f 4098 4104 4105
f 4104 4351 4105
f 4351 4104 4355
f 4351 4355 4356
f 4548 4356 4355
f 4548 4355 4359
f 4553 4548 4359
f 4553 4359 4552
f 4719 4553 4552
f 4730 4719 4552
f 4730 4552 4729
f 4730 4729 4737
f 4730 4737 4738
f 4746 4738 4737
f 3884 3698 3890
f 3884 3890 4098
f 4098 4105 4345
f 4345 4105 4351
f 4542 4351 4356
f 4542 4356 4548
f 4709 4548 4553
f 4719 4709 4553
f 4864 4738 4746
f 4864 4746 4753
f 4864 4753 4870
f 4754 4870 4753
f 3884 3885 3698
f 4098 4099 3884
f 4099 4098 4345
f 4099 4345 4346
f 4352 4346 4345
f 4352 4345 4351
f 4543 4352 4351
f 4543 4351 4542
f 4548 4549 4543
f 4548 4543 4542
f 4709 4710 4549
f 4709 4549 4548
f 4710 4709 4719
f 4710 4719 4720
f 4720 4719 4730
f 4720 4730 4731
f 4856 4731 4730
f 4856 4730 4738
f 4856 4738 4864
f 4856 4864 4870
f 4856 4870 4864
f 4864 4870 4754
f 4864 4754 4870
f 3885 3884 4099
f 3885 4099 4100
f 4100 4099 4346
f 4543 4549 4710
f 4720 4731 4849
f 4850 4849 4731
f 4850 4731 4856
f 4856 4857 4850
f 4864 4865 4857
f 4864 4857 4856
f 4871 4865 4864
f 4871 4864 4870
f 4762 4870 4761
f 4100 4346 4347
f 4352 4539 4347
f 4352 4347 4346
f 4539 4352 4543
f 4539 4543 4544
f 4543 4706 4544
f 4711 4706 4543
f 4711 4543 4710
f 4721 4711 4710
f 4721 4710 4720
f 4721 4720 4849
f 4721 4849 4844
f 4850 4844 4849
f 4871 4872 4865
f 4101 3886 3885
f 4101 3885 4100
f 4348 4101 4100
f 4348 4100 4347
f 4540 4348 4347
f 4540 4347 4539
f 4540 4539 4544
f 4540 4544 4545
f 4706 4707 4545
f 4706 4545 4544
f 4711 4712 4707
f 4711 4707 4706
f 4721 4722 4712
f 4721 4712 4711
f 4844 4845 4722
f 4844 4722 4721
f 4845 4844 4850
f 4845 4850 4851
f 4851 4850 4857
f 4851 4857 4858
f 4858 4857 4865
f 4858 4865 4866
f 4866 4865 4872
f 4101 3887 3886
f 4867 4858 4866
f 4757 4867 4866
f 4757 4866 4872
f 3887 4101 4102
f 4102 4101 4348
f 4102 4348 4349
f 4349 4348 4540
f 4349 4540 4541
f 4546 4541 4540
f 4546 4540 4545
f 4708 4546 4545
f 4708 4545 4707
f 4708 4707 4712
f 4708 4712 4713
f 4713 4712 4722
f 4713 4722 4723
f 4846 4723 4722
f 4846 4722 4845
f 4852 4846 4845
f 4852 4845 4851
f 4858 4859 4852
f 4858 4852 4851
f 4867 4859 4858
f 4103 3887 4102
f 4852 4732 4723
f 4852 4723 4846
f 4859 4860 4732
f 4859 4732 4852
f 4747 4860 4859
f 4747 4859 4867
f 3888 3887 4103
f 4350 4103 4102
f 4350 4102 4349
f 4353 4350 4349
f 4353 4349 4541
f 4353 4541 4546
f 4353 4546 4547
f 4708 4547 4546
f 4714 4547 4708
f 4714 4708 4713
f 4723 4724 4714
f 4723 4714 4713
f 4724 4723 4732
f 4724 4732 4733
f 4733 4732 4860
f 4733 4860 4739
f 4550 4353 4547
f 4550 4547 4714
f 4554 4714 4724
f 4733 4554 4724
f 3888 4103 3891
f 4468 4463 4458
f 4641 4468 4458
f 4468 4641 4654
f 4468 4654 4477
f 4468 4477 4472
f 4641 4798 4654
f 4630 4641 4458
f 4641 4630 4629
f 4789 4803 4798
f 4789 4798 4641
f 4629 4789 4641
f 4789 4629 4784
f 4803 4789 4797
f 4788 4796 4797
f 4788 4797 4789
f 4783 4788 4789
f 4783 4789 4784
f 4788 4783 4786
f 4483 4282 4472
f 4483 4472 4477
f 4667 4483 4477
f 4667 4477 4654
f 4483 4667 4680
f 4483 4680 4496
f 4282 4483 4496
f 4282 4496 4288
f 4814 4824 4680
f 4814 4680 4667
f 4798 4814 4667
f 4798 4667 4654
f 4814 4798 4813
f 4824 4814 4813
f 4824 4813 4823
f 4902 4904 4823
f 4902 4823 4813
f 4803 4902 4813
f 4803 4813 4798
f 4902 4803 4797
f 4902 4797 4900
f 4904 4902 4900
f 4904 4900 4903
f 4899 4901 4903
f 4899 4903 4900
f 4796 4899 4900
f 4796 4900 4797
f 4899 4796 4800
f 4901 4899 4800
f 4901 4800 4805
f 4502 4293 4288
f 4502 4288 4496
f 4687 4502 4496
f 4687 4496 4680
f 4502 4687 4519
f 4502 4519 4513
f 4293 4502 4513
f 4293 4513 4302
f 4693 4700 4519
f 4693 4519 4687
f 4824 4693 4687
f 4824 4687 4680
f 4693 4824 4823
f 4693 4823 4829
f 4700 4693 4829
f 4700 4829 4833
f 4828 4832 4833
f 4828 4833 4829
f 4904 4828 4829
f 4904 4829 4823
f 4828 4904 4903
f 4828 4903 4905
f 4832 4828 4905
f 4821 4827 4832
f 4821 4832 4905
f 4901 4821 4905
f 4901 4905 4903
f 4821 4901 4805
f 4821 4805 4816
f 4827 4821 4816
f 4827 4816 4820
f 4314 4313 4306
f 4314 4306 4307
f 4513 4314 4307
f 4513 4307 4302
f 4314 4513 4519
f 4313 4314 4519
f 4313 4519 4322
f 4527 4322 4519
f 4700 4527 4519
f 4527 4700 4833
f 4527 4833 4704
f 4527 4704 4526
f 4703 4526 4704
f 4832 4703 4704
f 4832 4704 4833
f 4703 4832 4834
f 4526 4703 4834
f 4526 4834 4703
f 4830 4702 4703
f 4830 4703 4834
f 4827 4830 4834
f 4827 4834 4832
f 4830 4827 4820
f 4830 4820 4826
f 4702 4830 4826
f 4702 4826 4697
f 4259 4271 4265
f 4442 4451 4443
f 4442 4443 4620
f 4620 4619 4623
f 4785 4787 4783
f 4787 4785 4791
f 4782 4623 4619
f 4277 4265 4271
f 4795 4804 4805
f 4810 4805 4804
f 4052 4306 4056
f 4313 4056 4306
f 4321 4526 4535
f 4534 4526 4525
f 4534 4535 4526
f 4702 4697 4696
f 4702 4534 4525
f 4689 4825 4819
f 4689 4696 4697
f 4825 4689 4697
f 4468 4472 4271
f 4265 4468 4271
f 4468 4265 4458
f 4468 4458 4463
f 4624 4630 4458
f 4624 4458 4451
f 4630 4624 4629
f 4629 4624 4623
f 4629 4623 4784
f 4783 4784 4623
f 4788 4791 4796
f 4277 4282 4288
f 4277 4288 4282
f 4282 4277 4271
f 4282 4271 4472
f 4800 4796 4791
f 4293 4302 4298
f 4293 4298 4046
f 4293 4282 4288
f 4811 4816 4805
f 4816 4811 4820
f 4302 4307 4306
f 4302 4046 4298
f 4307 4302 4298
f 4307 4298 4302
f 4321 4527 4526
f 4527 4321 4322
f 4526 4703 4702
f 4526 4702 4525
f 4265 4259 4458
f 4259 4265 4271
f 4620 4624 4451
f 4442 4620 4451
f 4624 4620 4623
f 4788 4787 4791
f 4787 4788 4786
f 4787 4786 4783
f 4782 4783 4623
f 4277 4282 4033
f 4800 4795 4805
f 4795 4800 4791
f 4041 4033 4282
f 4293 4041 4282
f 4041 4293 4046
f 4811 4810 4819
f 4811 4819 4820
f 4810 4811 4805
f 4302 4052 4046
f 4052 4302 4306
f 4826 4825 4697
f 4826 4820 4819
f 4825 4826 4819
f 4463 4468 4458
f 4458 4468 4641
f 4653 4641 4468
f 4653 4468 4476
f 4476 4468 4472
f 4641 4629 4458
f 4629 4641 4640
f 4640 4641 4653
f 4640 4653 4798
f 4798 4803 4789
f 4798 4789 4640
f 4640 4789 4629
f 4628 4629 4789
f 4789 4803 4797
f 4797 4796 4788
f 4797 4788 4789
f 4789 4788 4783
f 4789 4783 4628
f 4786 4783 4788
f 4472 4282 4483
f 4472 4483 4476
f 4476 4483 4667
f 4476 4667 4653
f 4680 4667 4483
f 4680 4483 4495
f 4495 4483 4282
f 4495 4282 4288
f 4680 4817 4813
f 4680 4813 4667
f 4667 4813 4653
f 4798 4653 4813
f 4813 4817 4823
f 4813 4803 4798
f 4797 4803 4813
f 4797 4813 4900
f 4900 4813 4823
f 4900 4823 4903
f 4903 4812 4806
f 4903 4806 4900
f 4900 4806 4796
f 4900 4796 4797
f 4796 4806 4800
f 4800 4806 4812
f 4800 4812 4805
f 4288 4293 4502
f 4288 4502 4495
f 4495 4502 4686
f 4495 4686 4680
f 4519 4686 4502
f 4519 4502 4508
f 4508 4502 4293
f 4508 4293 4298
f 4519 4700 4693
f 4519 4693 4686
f 4686 4693 4817
f 4686 4817 4680
f 4823 4817 4693
f 4823 4693 4829
f 4829 4693 4700
f 4829 4700 4699
f 4699 4832 4828
f 4699 4828 4829
f 4829 4828 4823
f 4903 4823 4828
f 4828 4832 4831
f 4831 4827 4821
f 4831 4821 4828
f 4828 4821 4812
f 4828 4812 4903
f 4805 4812 4821
f 4805 4821 4816
f 4816 4821 4827
f 4816 4827 4820
f 4306 4313 4307
f 4306 4307 4302
f 4302 4307 4508
f 4302 4508 4298
f 4519 4508 4307
f 4519 4307 4313
f 4313 4527 4518
f 4313 4518 4519
f 4519 4518 4700
f 4699 4700 4518
f 4699 4518 4704
f 4704 4518 4527
f 4704 4527 4526
f 4526 4703 4704
f 4704 4703 4832
f 4704 4832 4699
f 4831 4832 4703
f 4831 4703 4698
f 4698 4703 4526
f 4698 4526 4702
f 4702 4697 4830
f 4702 4830 4698
f 4698 4830 4827
f 4698 4827 4831
f 4820 4827 4830
f 4820 4830 4826
f 4826 4830 4697
f 4271 4259 4265
f 4619 4620 4623
f 4783 4787 4785
f 4791 4785 4787
f 4265 4277 4271
f 4804 4795 4805
f 4046 4041 4037
f 4033 4037 4041
f 4805 4810 4804
f 4322 4313 4061
f 4056 4061 4313
f 4321 4525 4526
f 4697 4702 4696
f 4696 4689 4697
f 4472 4468 4271
f 4271 4468 4265
f 4458 4265 4468
f 4458 4468 4463
f 4458 4629 4450
f 4458 4450 4451
f 4624 4450 4629
f 4623 4624 4629
f 4623 4629 4628
f 4628 4783 4623
f 4623 4783 4628
f 4786 4628 4783
f 4786 4788 4787
f 4791 4787 4788
f 4791 4788 4796
f 4288 4282 4277
f 4288 4277 4282
f 4271 4277 4282
f 4271 4282 4472
f 4796 4800 4791
f 4298 4293 4046
f 4282 4293 4288
f 4805 4816 4811
f 4816 4811 4820
f 4820 4811 4816
f 4046 4302 4298
f 4526 4527 4321
f 4313 4321 4527
f 4702 4526 4525
f 4820 4826 4690
f 4820 4690 4816
f 4697 4690 4826
f 4525 4697 4702
f 4458 4259 4265
f 4271 4265 4259
f 4620 4442 4450
f 4620 4450 4624
f 4451 4450 4442
f 4451 4442 4443
f 4623 4620 4624
f 4786 4787 4783
f 4783 4623 4628
f 4783 4628 4786
f 4282 4277 4033
f 4805 4795 4800
f 4791 4800 4795
f 4033 4041 4282
f 4282 4041 4293
f 4046 4293 4041
f 4815 4810 4811
f 4815 4811 4816
f 4805 4811 4810
f 4046 4052 4302
f 4306 4302 4052
f 4306 4052 4056
f 4056 4313 4306
f 4322 4321 4313
f 4525 4702 4697
f 4697 4689 4690
f 4816 4690 4815
f 4815 4690 4689
f 4620 4443 4442
f 4782 4619 4623
f 4783 4782 4623
f 4041 4046 4037
f 4033 4041 4037
f 4819 4810 4815
f 4313 4322 4061
f 4056 4313 4061
f 4535 4534 4525
f 4535 4525 4321
f 4534 4702 4525
f 4689 4819 4815
f 4822 4823 4685
f 4685 4823 4686
f 4508 4507 4686
f 4686 4507 4685
f 4508 4513 4512
f 4508 4512 4507
f 4507 4512 4692
f 4507 4692 4685
f 4833 4836 4705
f 4700 4833 4705
f 4704 4705 4836
f 4833 4835 4836
f 4833 4832 4835
f 4835 4704 4836
f 4686 4823 4829
f 4686 4829 4693
f 4693 4829 4833
f 4693 4833 4700
f 4828 4829 4822
f 4829 4823 4822
f 4685 4692 4822
f 4822 4692 4828
f 4832 4833 4829
f 4832 4829 4828
f 4828 4692 4699
f 4828 4699 4832
f 4699 4692 4691
f 4699 4691 4692
f 4512 4513 4519
f 4512 4519 4518
f 4692 4512 4518
f 4692 4518 4699
f 4519 4700 4518
f 4700 4699 4518
f 4832 4699 4704
f 4832 4704 4835
f 4700 4519 4528
f 4700 4528 4705
f 4699 4700 4704
f 4704 4700 4705
f 4693 4513 4508
f 4693 4508 4686
f 4700 4519 4513
f 4700 4513 4693
f 4705 4528 4519
f 4700 4705 4519
f 4829 4823 4824
f 4824 4823 4829
f 4823 4817 4824
f 4817 4818 4824
f 4824 4818 4817
f 4824 4817 4823
f 4817 4813 4814
f 4817 4814 4818
f 4818 4813 4817
f 4818 4814 4813
f 4813 4808 4809
f 4813 4809 4814
f 4814 4809 4808
f 4814 4808 4813
f 4808 4660 4803
f 4803 4660 4653
f 4803 4653 4660
f 4803 4660 4808
f 3454 3457 3458
f 3453 3454 3458
f 3453 3458 3457
f 3454 3453 3457
f 3454 3296 3450
f 3292 3450 3296
f 3292 3291 3450
f 3454 3453 3295
f 3454 3295 3296
f 3295 3292 3296
f 3291 3453 3449
f 3291 3295 3453
f 3453 3454 3450
f 3453 3450 3449
f 3291 3449 3450
f 3292 3295 3291
f 3161 3291 3164
f 3291 3295 3164
f 3161 3164 3291
f 3164 3295 3291
f 4492 4500 4675
f 4492 4675 4500
f 4675 4500 4669
f 4669 4500 4492
f 4669 4668 4675
f 4675 4668 4492
f 4675 4492 4500
f 4491 4492 4668
f 4668 4669 4491
f 4491 4669 4492
f 4499 4491 4490
f 4490 4498 4499
f 4499 4498 4491
f 4491 4498 4490
