# flowstudio decimated toy animal  faces=10916
v -23.5208 -9.57172 1.28836
v -23.4563 -9.94571 2.08649
v -23.5277 -9.64701 3.29531
v -23.458 -8.66932 0.442593
v -23.9442 -8.67648 1.25852
v -23.5109 -8.4117 2.4303
v -24.1197 -8.71068 3.0355
v -23.5128 -8.74604 4.22757
v -23.6789 -7.67673 0.389618
v -23.682 -7.53207 1.42786
v -23.8808 -7.52072 2.21664
v -23.8455 -7.52251 3.01249
v -24.0514 -7.64874 3.97775
v -23.4931 -7.67992 4.75312
v -23.5658 -6.0348 0.347103
v -24.1631 -6.52284 1.2244
v -23.8483 -6.46373 2.20985
v -23.8164 -6.45198 3.01779
v -24.0515 -6.47908 4.01073
v -23.5065 -6.53256 4.80783
v -23.7458 -4.73373 1.17598
v -24.1622 -5.25793 2.13217
v -24.1262 -5.22863 3.07884
v -23.8358 -5.25511 3.97902
v -23.308 -5.34144 4.77848
v -23.7586 -4.00788 2.07497
v -23.7231 -3.96527 3.00902
v -23.4433 -4.00553 3.89793
v -23.2179 -2.75671 1.98878
v -23.1816 -2.70022 2.90773
v -21.9886 -10.6772 0.824778
v -22.299 -10.813 1.44161
v -22.6089 -10.731 2.357
v -22.2976 -10.8647 2.94323
v -22.2492 -10.4662 3.89938
v -22.205 -9.79953 0.0358193
v -22.8286 -9.86235 0.608696
v -22.4302 -9.74334 1.42532
v -22.4298 -9.79756 2.49852
v -22.5162 -9.9765 3.25097
v -22.7897 -9.70475 4.30925
v -22.0219 -9.69952 4.82771
v -22.7147 -8.67035 -0.237094
v -22.3889 -8.46559 0.912995
v -22.881 -8.60371 1.64467
v -22.8697 -8.98508 2.52361
v -22.7729 -8.66205 3.40204
v -22.2203 -8.55756 4.05013
v -22.4504 -8.76626 5.1701
v -22.9087 -7.21323 -0.351145
v -22.5231 -7.44932 0.753071
v -23.1049 -7.42691 3.54661
v -22.4131 -7.4576 4.30785
v -22.7115 -7.72138 5.37437
v -22.7233 -5.64585 -0.396762
v -22.3761 -6.09449 0.721734
v -23.0233 -5.97368 1.5863
v -23.0609 -5.40099 2.55719
v -22.9551 -5.93432 3.53607
v -22.2927 -6.01526 4.31431
v -22.6477 -6.05685 5.43562
v -22.7473 -4.44932 -0.0560142
v -22.1897 -4.53457 0.945098
v -22.5273 -4.39573 1.53423
v -22.6705 -4.29628 2.49624
v -22.461 -4.31158 3.43563
v -22.0976 -4.39657 3.98133
v -22.5772 -4.24362 5.0094
v -22.2826 -3.35741 -0.101517
v -23.0246 -2.92001 1.08373
v -22.0155 -3.2959 1.46802
v -22.1475 -3.15691 2.40995
v -21.9444 -3.18056 3.33035
v -22.4295 -2.93545 4.56354
v -22.0227 -2.08705 0.15903
v -22.4037 -1.74779 0.978725
v -22.913 -2.75901 3.78276
v -22.5783 -1.53549 1.87211
v -22.5405 -1.46328 2.7814
v -22.284 -1.54425 3.64882
v -21.1167 -10.6124 0.292217
v -21.4914 -10.7196 0.653207
v -21.1825 -11.2021 1.68979
v -21.5503 -11.1824 2.45756
v -21.3169 -11.0003 3.51802
v -21.4957 -10.464 4.33947
v -21.4788 -9.47737 -0.493393
v -21.2318 -10.12 -0.164811
v -21.2106 -9.52594 0.860667
v -21.412 -9.95625 1.58455
v -21.4299 -10.089 2.58497
v -21.3124 -9.89316 3.30208
v -21.2254 -9.62262 3.79155
v -21.1031 -9.64652 5.1865
v -21.7206 -8.68072 -0.714649
v -21.3389 -8.23424 0.216313
v -21.5206 -8.87434 0.529191
v -21.2831 -9.01825 4.26548
v -21.2291 -8.29601 4.65446
v -21.4921 -8.75602 5.56172
v -21.2875 -7.36108 -1.04043
v -21.4166 -7.09832 0.102458
v -21.3938 -7.49029 4.80852
v -21.7444 -7.25919 5.83475
v -21.7211 -5.86361 -0.939339
v -21.2326 -5.84386 0.0776088
v -21.3033 -6.14763 4.82699
v -21.6073 -5.70988 5.8583
v -21.4552 -4.89847 -0.949017
v -20.9506 -4.9641 0.0760338
v -21.6655 -4.72482 0.445577
v -21.5771 -4.53349 4.41837
v -20.9082 -4.71902 4.70816
v -21.3069 -4.67137 5.76731
v -21.0957 -3.9661 -0.969869
v -21.4596 -3.62022 0.650194
v -21.3476 -3.39539 4.0817
v -21.7485 -3.23187 5.19975
v -20.8877 -3.65064 5.64105
v -21.1631 -2.08351 -0.584125
v -21.11 -2.44532 0.799148
v -21.4642 -2.1119 1.67607
v -21.5043 -1.97993 2.61425
v -21.1515 -2.12132 3.47887
v -21.8266 -1.77432 4.42591
v -21.1861 -2.14937 5.06422
v -21.3986 -1.0673 0.0374678
v -21.7372 -0.646238 0.849761
v -21.1533 -0.807996 1.61185
v -20.8172 -0.855976 2.49535
v -21.6096 -0.402288 3.51657
v -21.1824 -0.685427 4.29739
v -20.7806 -0.153519 -0.106947
v -21.0756 0.349687 0.707635
v -21.2114 0.659785 1.60758
v -21.5127 0.230788 2.58869
v -20.9433 0.625847 3.40646
v -20.2953 -10.6856 0.258514
v -20.0563 -11.0611 1.05897
v -19.9848 -11.2631 2.01379
v -20.4283 -11.2581 2.89455
v -19.6223 -11.1371 3.1568
v -20.1091 -10.8977 3.98706
v -20.4428 -9.46952 -0.702421
v -20.3136 -10.1428 -0.29527
v -19.9108 -9.54703 0.724455
v -20.2807 -10.1136 1.64257
v -20.2208 -10.2083 2.44873
v -19.8257 -9.93987 3.3703
v -20.214 -9.48867 4.06804
v -20.1293 -10.0465 4.94905
v -19.8636 -8.4325 -1.08466
v -19.9754 -8.51828 0.0958701
v -20.157 -8.9053 4.49377
v -19.9453 -8.2251 4.72703
v -20.3868 -8.71776 5.72302
v -19.5196 -7.13157 -1.33813
v -20.0351 -7.19185 -0.164776
v -20.046 -7.12545 4.8893
v -20.583 -7.36758 5.99874
v -19.4476 -6.36742 -1.37223
v -20.586 -6.10892 -1.27147
v -19.9052 -6.09701 -0.193422
v -19.9174 -5.92221 4.86651
v -20.4682 -6.00013 6.0302
v -20.2534 -4.85491 -1.27732
v -19.9686 -4.8283 -0.154128
v -20.0995 -4.94985 4.81212
v -20.0415 -4.64252 5.89314
v -19.4368 -3.05422 -1.39714
v -20.2294 -3.40218 -1.17484
v -20.3156 -3.6433 0.0163418
v -20.4639 -3.74141 4.5876
v -19.6992 -4.04747 4.70003
v -19.9741 -1.96371 -1.18574
v -20.0855 -2.34768 0.124218
v -20.2042 -2.60904 4.32548
v -19.8579 -1.72169 5.41407
v -20.3802 -2.66528 5.5153
v -20.3342 -0.820608 -0.77853
v -19.451 -1.02894 0.0139898
v -20.1348 -0.975526 0.580435
v -20.4781 -1.03962 3.36813
v -19.869 -1.44781 4.07888
v -20.5917 -1.1304 4.94522
v -19.8341 -0.148672 -0.943144
v -20.2167 0.623164 -0.26686
v -20.0411 -0.12082 1.07992
v -20.151 0.116989 1.726
v -20.1256 0.189971 2.38424
v -19.8046 -0.0390135 3.28359
v -20.5519 0.295875 4.19917
v -19.7739 0.197117 4.85185
v -19.7549 1.23163 -0.434917
v -20.2187 1.54491 0.495124
v -20.0448 1.29673 1.54162
v -20.0167 1.38564 2.36723
v -20.0931 1.83779 3.33673
v -19.7529 1.44726 4.16167
v -19.5432 2.56431 0.240723
v -19.8716 2.57603 1.42421
v -19.8359 2.66444 2.44523
v -19.4203 -10.652 0.353957
v -18.5808 -10.53 0.561644
v -18.8321 -10.9192 1.36171
v -18.8178 -11.022 2.3718
v -18.8385 -10.9215 3.36406
v -18.8675 -10.5727 4.2116
v -18.9094 -9.40202 -0.623435
v -18.9079 -10.0503 -0.160698
v -18.8607 -9.41488 0.864577
v -18.6892 -9.70603 1.59467
v -18.883 -9.89311 2.44624
v -18.7815 -9.63357 3.40145
v -19.1539 -9.2545 4.12833
v -18.9119 -9.70257 5.0875
v -18.4617 -8.32267 -0.968046
v -18.7345 -8.43764 0.188196
v -18.1967 -9.06355 0.867928
v -18.7841 -8.65515 4.31826
v -18.7451 -8.29269 5.61752
v -18.4717 -7.2795 -1.18223
v -18.7018 -7.24824 -0.0952417
v -18.6887 -7.51409 4.60355
v -18.6739 -6.85725 4.6286
v -18.9928 -7.41606 5.82741
v -19.3184 -5.63768 -1.37113
v -18.3557 -6.03408 -1.21737
v -18.8051 -5.82216 -0.149228
v -18.515 -5.81248 4.55499
v -19.1819 -5.9467 5.91893
v -19.0266 -4.65552 -1.38006
v -18.6855 -4.65732 -0.191548
v -19.0735 -4.79617 4.69467
v -18.8118 -4.81238 5.79191
v -18.5359 -3.61371 -1.49577
v -18.8712 -3.37243 -0.302082
v -18.801 -3.36172 4.57997
v -18.945 -3.69139 5.71897
v -18.6323 -1.98825 -1.77426
v -18.4354 -2.32237 -0.498112
v -18.9745 -1.65155 -0.32016
v -18.9658 -2.05217 4.46464
v -19.0013 -2.4438 5.65793
v -19.004 -0.707888 -1.62806
v -18.4578 -1.03399 -0.553411
v -19.001 -0.74225 4.19206
v -19.394 -0.826252 5.3614
v -18.5545 -1.15759 5.67132
v -18.1979 0.150329 -3.71501
v -18.4091 -0.119123 -2.61258
v -19.1093 0.72998 -1.41709
v -18.9131 0.313906 -0.808063
v -19.0365 0.000430547 0.0378538
v -19.3984 0.766658 0.904798
v -19.044 0.68973 3.53454
v -18.3822 0.328431 4.1738
v -18.8199 0.234867 5.40136
v -18.4037 1.90944 -4.29001
v -18.5614 1.48316 -3.33022
v -18.6937 1.19507 -2.53534
v -18.9071 1.56143 -1.92403
v -19.2621 1.79468 -0.995393
v -18.4536 1.22735 -0.133983
v -18.8443 1.50399 0.715501
v -18.9444 1.80066 1.47171
v -18.9362 1.86783 2.24091
v -18.8805 1.35467 3.1572
v -18.7502 1.60557 5.08131
v -18.3341 0.942946 5.60206
v -18.6796 2.99922 -3.56054
v -18.81 2.48604 -2.7248
v -18.9595 3.23255 -1.99724
v -19.1544 3.01014 -0.877729
v -19.2476 3.33365 -0.0812562
v -18.8491 2.81276 0.594947
v -18.4881 2.48678 1.46475
v -18.4729 2.53587 2.29931
v -18.9385 2.75917 3.42069
v -19.1272 2.25929 4.30945
v -18.5443 2.80109 4.86539
v -18.5029 3.74574 -4.4554
v -18.7506 4.56026 -3.25735
v -18.8586 3.78184 -2.6514
v -18.9492 4.35621 -1.68333
v -19.0259 3.79626 -1.24602
v -19.1002 4.1172 -0.0554822
v -19.1927 4.03648 1.04325
v -19.2467 3.87778 1.88429
v -19.2695 3.56748 2.78487
v -18.8842 4.32041 3.35421
v -18.6356 3.63658 4.33076
v -18.2549 4.67433 4.78087
v -18.2976 4.85355 -5.1829
v -18.6223 5.61649 -3.72683
v -18.871 5.147 -2.07262
v -18.9438 5.19247 -0.810745
v -18.9891 5.1589 0.260319
v -19.0592 4.72455 1.19134
v -18.9375 5.47619 1.23471
v -18.8727 5.36252 2.23124
v -18.6923 5.20315 3.33312
v -18.2298 5.44477 4.59624
v -18.4604 6.99922 -3.9716
v -18.7729 6.17408 -2.3718
v -18.8073 6.6029 -1.1032
v -18.839 6.48231 0.131989
v -18.8162 6.32838 1.24149
v -18.6475 6.6278 2.32507
v -18.4472 6.45511 3.41728
v -18.6361 7.4429 -2.53881
v -18.6753 7.81491 -1.19749
v -18.6449 8.14855 0.0730768
v -18.6089 7.87787 1.27295
v -18.4949 7.59695 2.39519
v -18.1969 7.84809 3.56161
v -18.2513 8.5842 -4.04569
v -18.449 8.87697 -2.59427
v -18.4985 9.16143 -1.21698
v -18.4694 9.42974 0.100452
v -18.352 9.68214 1.37257
v -18.3275 8.71173 2.49608
v -18.1999 10.3999 -2.55882
v -18.2661 10.5749 -1.17292
v -18.2478 10.7607 0.167455
v -17.8164 -10.5688 1.77579
v -17.7972 -10.6155 2.71062
v -18.1311 -10.6318 3.51166
v -17.6995 -9.55207 0.0590708
v -17.5189 -9.99901 0.795997
v -17.7657 -9.62736 1.60253
v -17.4999 -9.76328 2.52539
v -17.6204 -9.87221 3.50292
v -17.5356 -9.86621 4.2455
v -18.0433 -9.50625 4.91105
v -17.6802 -8.00544 -0.651742
v -17.4783 -8.33019 -0.00209617
v -17.6143 -8.61747 0.757233
v -17.305 -8.55228 1.70545
v -17.3268 -8.74838 2.54159
v -17.5026 -8.54453 3.32273
v -17.9643 -8.48483 3.97651
v -17.5382 -8.55117 5.01434
v -17.6835 -7.14011 -0.775561
v -17.4841 -7.15184 -0.00704657
v -17.2904 -7.18915 0.916899
v -16.9775 -7.84998 1.85001
v -17.1941 -7.18363 3.42478
v -17.9122 -7.20344 4.2357
v -17.296 -7.19239 5.1101
v -18.1699 -6.65585 5.64012
v -17.5962 -5.95119 -0.79984
v -17.4126 -6.08142 -0.0366708
v -17.2087 -5.95024 0.905529
v -17.134 -6.13358 3.38563
v -17.7998 -5.98763 4.18088
v -17.1037 -6.03713 5.00368
v -17.9537 -5.75322 5.54715
v -17.0323 -4.1934 -2.57409
v -17.7958 -4.26291 -1.33808
v -17.5154 -4.93643 -1.04279
v -17.6598 -4.75076 0.0855161
v -17.0524 -4.84202 0.593072
v -17.1377 -5.29479 3.60311
v -17.6737 -4.76278 4.17909
v -17.3147 -4.52983 5.41466
v -17.1457 -3.06315 -4.62186
v -17.3288 -2.92606 -3.68878
v -17.4446 -2.85862 -2.96322
v -17.6058 -3.67073 -1.7392
v -17.4804 -3.13873 -0.522824
v -17.3866 -3.88156 -0.188267
v -17.5603 -3.76793 4.34438
v -17.4823 -3.19615 5.77947
v -17.5845 -2.81508 -2.43934
v -17.7495 -2.82147 -2.07617
v -17.5456 -2.25134 -0.816289
v -17.44 -2.70772 4.55678
v -17.3517 -1.95959 4.67765
v -17.4424 -2.26049 5.95475
v -17.2505 -1.24726 -6.03392
v -17.5863 -1.30508 -4.83423
v -17.8315 -1.40007 -3.45656
v -18.0461 -1.49686 -2.49853
v -17.1353 -1.17235 -1.65913
v -17.8069 -1.01661 -0.931919
v -18.1889 -1.4435 4.5474
v -17.3032 -1.04373 4.79224
v -17.6311 -1.09826 6.06025
v -17.168 -1.28041 6.33721
v -17.7162 0.792259 -5.93752
v -18.0224 0.413563 -4.7191
v -16.9913 0.374949 -3.27839
v -17.1577 0.184443 -2.44494
v -17.3787 -1.64535e-05 -1.76698
v -17.8342 0.232695 -1.05346
v -17.832 0.379597 4.50713
v -17.3274 0.295212 4.835
v -17.9119 0.173626 6.02449
v -17.2745 0.211233 6.61967
v -17.115 1.11475 -7.40072
v -17.1435 1.99849 -3.88169
v -17.3126 1.57412 -2.92913
v -17.6228 1.4534 -1.71069
v -17.9209 1.80697 -0.888844
v -18.086 1.92419 3.72056
v -17.5736 1.60521 4.43217
v -17.0461 1.17784 5.03637
v -18.0096 1.24705 5.89077
v -17.4144 1.5726 6.6422
v -18.1505 2.54317 -5.42828
v -17.3922 2.99337 -3.20304
v -17.532 2.46637 -2.37388
v -17.6627 3.12831 -1.70743
v -17.8176 2.99629 -0.768498
v -17.9995 2.77855 -0.114828
v -18.1062 3.06261 0.825689
v -18.1393 3.17914 1.67631
v -18.0747 3.19813 2.54672
v -17.9083 2.88833 3.33112
v -17.4521 2.8331 4.12749
v -17.9177 2.71201 5.85233
v -17.3907 2.91472 6.67451
v -16.9741 2.62112 7.31741
v -17.6428 3.62402 -6.91559
v -17.2206 3.7321 -4.07768
v -17.4981 4.09244 -2.66168
v -17.6317 4.21904 -1.46696
v -17.6893 4.12407 -0.795789
v -17.8077 3.76736 -0.0409972
v -17.817 4.15086 0.875273
v -17.7714 4.29023 1.98472
v -17.6547 4.01149 3.04499
v -17.0542 4.43611 4.31128
v -18.1018 3.93162 5.28048
v -17.4838 4.14781 6.42578
v -17.0275 4.80849 -4.7836
v -17.3211 5.5233 -3.4326
v -17.5499 5.02088 -1.8684
v -17.5778 5.42807 -0.813229
v -17.6182 5.36655 0.239177
v -17.6259 5.2358 1.1691
v -17.4998 5.51132 2.08262
v -17.3464 5.35078 3.05291
v -17.0061 5.20417 4.15988
v -17.6245 5.28282 5.99209
v -16.9574 5.83196 7.19498
v -17.3799 5.98543 -7.19837
v -18.0812 6.4506 -5.5166
v -17.1665 6.86689 -3.67756
v -17.4526 6.04257 -2.1809
v -17.4781 6.44104 -1.01501
v -17.4533 6.79345 0.0785508
v -17.4296 6.60897 1.13717
v -17.3444 6.4011 2.11754
v -17.0892 6.66215 3.13237
v -18.1024 6.25447 4.60052
v -17.9482 7.11494 4.6676
v -17.5479 6.45354 5.87529
v -17.1206 8.0605 -7.22892
v -17.836 8.29096 -5.5855
v -16.9689 8.39841 -3.75585
v -17.32 7.28461 -2.35652
v -17.3483 7.63493 -1.12348
v -17.3159 7.95116 0.0415718
v -17.2118 8.23633 1.16
v -17.1075 7.93845 2.21026
v -17.7744 8.06774 4.77956
v -17.3261 7.77698 5.96883
v -17.1427 8.67654 -2.42085
v -17.1802 8.94742 -1.15521
v -17.1479 9.20502 0.0556698
v -17.0374 9.44938 1.22337
v -18.0165 8.94677 3.69557
v -17.588 9.15444 4.91842
v -17.0515 9.32561 6.1415
v -17.5444 10.1287 -5.51859
v -17.9818 10.2472 -4.0031
v -16.9658 10.3162 -1.12677
v -18.1334 10.9574 1.46813
v -18.1361 9.91889 2.61392
v -17.8121 10.1402 3.83906
v -17.3699 10.3464 5.06252
v -17.1855 11.9375 -5.35388
v -17.6375 11.9189 -3.87508
v -17.8773 11.9351 -2.4531
v -17.9674 11.9879 -1.07658
v -17.9704 12.0791 0.265799
v -17.869 12.2138 1.57333
v -17.9118 11.1652 2.73493
v -17.5716 11.3844 3.97367
v -17.1013 11.6151 5.19018
v -17.2043 13.5299 -3.69292
v -17.4694 13.4062 -2.29772
v -17.5915 13.3328 -0.939209
v -17.6281 13.3224 0.387197
v -17.55 13.393 1.67838
v -17.6456 12.3974 2.8453
v -17.2828 12.635 4.081
v -17.0171 14.7928 -2.09958
v -17.1708 14.6021 -0.774818
v -17.2434 14.495 0.515336
v -17.1961 14.5017 1.76446
v -17.1591 14.1073 2.94868
v -16.7693 -9.5945 1.68093
v -16.6467 -9.56596 2.49489
v -16.7569 -9.64009 3.15808
v -16.9048 -9.47166 3.88012
v -15.7502 -8.44174 -2.35708
v -15.8417 -8.32991 -0.462347
v -16.4874 -8.43064 0.953045
v -16.4878 -8.4852 1.69564
v -16.3927 -8.4717 2.56687
v -16.4721 -8.47895 3.43096
v -16.768 -8.49949 4.2261
v -15.8317 -7.50361 -4.22046
v -16.1351 -7.2891 -1.88798
v -16.1331 -7.24238 -0.0471792
v -16.7832 -7.10263 0.648726
v -16.4694 -7.19825 1.54092
v -16.4098 -7.23255 2.50096
v -16.4696 -7.16832 3.4659
v -16.7283 -7.17299 4.35923
v -15.7868 -6.0878 -6.34147
v -16.2096 -6.57043 -3.70429
v -16.5354 -5.78329 -2.68804
v -16.5013 -6.0963 -0.846253
v -16.7213 -5.84935 -0.144562
v -16.6207 -6.21815 0.534672
v -16.5729 -6.31024 1.57569
v -16.4764 -6.26487 2.44359
v -16.28 -6.19284 3.38882
v -16.3588 -5.91514 4.2872
v -15.755 -6.12058 4.69901
v -15.7278 -5.44798 5.59152
v -16.4372 -5.17078 -5.029
v -16.7535 -4.68169 -4.0278
v -16.9246 -4.38003 -3.21078
v -16.4625 -4.93953 -1.60288
v -16.4998 -4.5292 -1.11399
v -16.0954 -4.5206 0.00340916
v -16.3964 -4.7294 0.837848
v -16.289 -4.87196 1.69173
v -16.2939 -4.77972 2.3753
v -16.4187 -4.53423 3.21427
v -16.4005 -5.14738 5.02699
v -16.2447 -4.45796 5.74689
v -16.2081 -3.53559 -7.16531
v -16.8042 -3.31566 -5.76831
v -15.9075 -3.71237 -2.78503
v -16.1917 -3.35458 -1.81334
v -16.5235 -3.40418 -0.839074
v -16.623 -3.83938 -0.256074
v -15.8978 -4.05152 3.66604
v -16.4201 -3.55548 4.18528
v -15.9038 -3.15594 4.60911
v -16.6384 -3.33134 6.03013
v -16.042 -3.68781 6.47707
v -16.0111 -2.60014 -4.18452
v -16.2396 -2.40348 -3.23685
v -16.4154 -2.28963 -2.459
v -16.7468 -2.23035 -1.60398
v -16.357 -2.16346 4.93275
v -16.3958 -2.24694 6.78474
v -15.8626 -1.63435 7.73156
v -16.6503 -1.20182 -7.45861
v -16.061 -0.958574 -5.55254
v -16.4039 -0.971317 -4.3844
v -16.6173 -0.995978 -3.39113
v -16.7878 -1.03919 -2.56891
v -16.5215 -1.01211 5.21399
v -15.9427 -1.09192 5.69165
v -16.7561 -1.00316 6.87114
v -16.1856 -0.761833 7.66082
v -16.7977 0.619242 -4.27946
v -16.722 0.539771 5.35601
v -16.2388 0.254813 5.80304
v -16.9329 -0.0944345 6.95461
v -16.6842 0.479311 7.40774
v -16.0174 0.239519 8.20766
v -16.0549 1.20936 -9.13914
v -15.9263 1.25397 -6.85091
v -16.4952 0.965062 -5.46031
v -16.9399 2.11204 5.0576
v -16.3949 1.57151 5.8066
v -15.8551 0.988255 6.40976
v -16.6607 1.84168 7.7129
v -16.051 1.42359 8.4597
v -16.8982 2.61088 -4.98481
v -16.7213 3.05533 5.24584
v -16.3067 2.84151 5.93182
v -15.9127 2.60531 6.52047
v -16.3514 2.78661 8.25542
v -16.2838 3.54471 -9.05946
v -16.4237 3.64534 -6.39898
v -16.9402 3.73082 4.72495
v -16.35 4.00776 5.77335
v -15.7154 4.23171 6.84733
v -16.7113 3.94051 7.75153
v -16.084 4.47243 8.72983
v -15.8999 3.71548 8.97471
v -16.2379 5.79213 -9.04147
v -16.1774 5.90596 -6.66592
v -16.4472 5.46798 5.34403
v -16.4562 4.72367 5.48142
v -15.8189 5.31351 6.57365
v -16.9355 5.08001 7.33476
v -16.2076 5.59209 8.47775
v -16.8234 6.34849 -5.10662
v -16.7884 6.46476 4.19503
v -16.2884 6.68395 5.33746
v -16.3267 6.52929 6.812
v -16.1662 6.73019 8.37562
v -16.0226 7.9561 -8.99119
v -15.933 7.89693 -6.69276
v -16.5919 8.11904 -5.17477
v -16.9206 7.63253 3.22191
v -16.5379 7.85891 4.3228
v -16.0526 8.05263 5.44398
v -16.6909 7.92034 7.20813
v -15.9706 8.01662 8.40526
v -16.84 9.68052 2.3595
v -16.7439 8.72576 3.34245
v -16.3578 8.93613 4.4492
v -15.8732 9.11288 5.55594
v -16.4167 9.45114 7.34167
v -15.7426 10.0411 -8.81464
v -16.8205 10.0561 -7.11815
v -16.3169 9.88713 -5.1161
v -16.7168 10.0017 -3.7245
v -16.9119 10.1479 -2.39948
v -16.9421 10.497 0.107868
v -16.8322 10.6897 1.30641
v -16.6272 10.8934 2.47082
v -16.5471 9.89849 3.47563
v -16.1503 10.1033 4.58336
v -16.8208 10.516 6.26953
v -16.1759 10.6274 7.44531
v -16.4586 11.9894 -6.90081
v -15.9796 11.6298 -4.97117
v -16.3983 11.6132 -3.61873
v -16.6182 11.6282 -2.31797
v -16.6968 11.6789 -1.05473
v -16.6913 11.7692 0.185189
v -16.5892 11.9022 1.39593
v -16.378 12.0811 2.57164
v -16.3182 11.1073 3.60309
v -15.8966 11.3307 4.7052
v -16.5233 11.8052 6.37921
v -15.8596 11.9022 7.53553
v -16.0013 13.1692 -3.47371
v -16.2527 13.047 -2.20193
v -16.3651 12.9732 -0.955652
v -16.3881 12.9635 0.274657
v -16.3013 13.0319 1.47877
v -16.084 13.1927 2.64645
v -16.0451 12.3089 3.7065
v -15.7155 13.4599 3.76747
v -16.7632 12.9319 5.27972
v -16.1339 13.1774 6.44811
v -16.0139 13.8778 -6.61163
v -16.7383 13.6914 -5.12936
v -15.8416 14.367 -2.03872
v -15.9906 14.1764 -0.82667
v -16.046 14.0704 0.372649
v -15.9811 14.0735 1.54399
v -15.7692 14.2105 2.6721
v -16.9334 13.848 4.14263
v -16.3365 14.2682 5.30946
v -16.2426 15.3721 -4.83628
v -16.7264 15.0539 -3.45479
v -16.738 15.7882 -0.597417
v -16.8394 15.6009 0.633904
v -16.8267 15.547 1.81275
v -16.6611 15.6608 2.92344
v -16.4452 15.477 4.03212
v -15.9461 15.5064 5.20143
v -15.7377 16.9619 -4.46587
v -16.2481 16.4643 -3.15888
v -16.3518 16.6528 -1.734
v -16.3254 16.8837 -0.421011
v -16.4386 16.6445 0.726589
v -16.45 16.5468 1.81433
v -16.3277 16.6242 2.8162
v -16.0394 16.9102 3.70619
v -15.717 16.5288 4.87765
v -15.8284 17.7056 -2.79453
v -15.8016 18.2419 -1.31725
v -15.9656 17.881 -0.25961
v -15.905 18.1014 0.791658
v -15.9072 17.9946 1.72111
v -15.9756 17.5795 2.65746
v -15.7447 17.8422 3.43608
v -14.7421 -10.563 -4.04518
v -14.8678 -10.8848 -2.27243
v -14.7807 -11.1947 -0.545957
v -14.743 -10.9603 1.07146
v -14.6127 -10.6815 2.558
v -15.3388 -9.5868 -2.39192
v -15.2104 -10.1016 -0.606933
v -15.3348 -9.56614 1.04924
v -15.0208 -9.80125 2.53026
v -14.6504 -9.86552 3.87179
v -14.9713 -8.38704 -6.16274
v -15.3102 -8.93412 -4.26939
v -15.5812 -9.12111 -0.590193
v -15.0955 -8.41424 1.05988
v -15.4457 -8.65856 2.52574
v -15.1439 -8.64695 3.81895
v -14.7961 -8.4914 5.02816
v -14.685 -6.97099 -3.92887
v -14.6113 -7.85685 -2.20814
v -14.9688 -6.93352 -1.89711
v -14.942 -7.23216 -0.273015
v -14.8929 -7.23538 1.16428
v -14.6457 -7.35985 2.36883
v -15.6965 -7.00675 3.71893
v -15.5085 -7.57557 3.77179
v -15.2519 -7.24543 4.98426
v -14.7412 -7.33132 6.16052
v -14.7744 -5.93095 -8.43653
v -14.641 -5.63625 -5.89534
v -15.1106 -5.97757 -3.39718
v -15.2572 -6.20447 -1.45554
v -15.4911 -5.62019 -0.995895
v -15.3346 -6.20191 0.14405
v -15.555 -5.65569 0.416697
v -15.3987 -5.94669 1.43736
v -15.0784 -6.23907 2.43743
v -14.8311 -6.04257 3.45831
v -15.514 -6.56232 4.90077
v -15.3009 -5.82171 6.17131
v -14.7226 -5.55574 7.39148
v -15.3076 -4.66444 -4.62656
v -15.436 -5.29258 -2.66848
v -15.67 -4.78748 -2.00515
v -15.6953 -5.15041 -0.5716
v -15.5701 -5.15032 2.43558
v -15.4088 -4.88917 3.26718
v -15.0883 -4.7323 4.16905
v -15.4759 -4.65096 6.72033
v -14.9905 -4.52498 7.55678
v -15.2613 -3.57493 -8.85001
v -15.0568 -3.18463 -6.6458
v -15.6448 -2.91326 -5.30982
v -15.6711 -4.09722 -3.62937
v -15.4123 -3.79521 4.50101
v -15.1975 -3.59457 5.03096
v -14.6157 -3.59368 5.9151
v -15.704 -3.64126 6.9931
v -15.2573 -3.51084 7.70713
v -14.704 -3.31187 8.56152
v -15.6778 -2.68597 5.14285
v -15.1837 -2.40163 5.89395
v -14.6241 -1.965 6.86719
v -15.5506 -2.54899 7.75619
v -15.0314 -2.36785 8.52058
v -15.6735 -1.17637 -9.12212
v -14.5644 -0.956648 -8.47178
v -15.483 -0.954701 -6.91013
v -15.538 -0.957068 6.18402
v -15.0799 -0.830816 6.78906
v -15.5256 -1.02949 8.39713
v -14.9381 -0.839499 9.1914
v -15.5452 0.272564 6.61562
v -14.8774 0.0631735 7.36872
v -15.4365 0.40952 8.98726
v -14.7744 0.596211 9.83678
v -14.6684 1.19463 -10.9678
v -14.9334 1.32751 -8.48123
v -15.4854 1.5371 6.98451
v -14.9042 1.72337 7.78955
v -15.2376 1.78326 9.57768
v -15.3128 2.80915 7.41194
v -14.6543 2.99955 8.34297
v -15.6612 2.94997 9.23589
v -14.7765 2.74424 10.3028
v -14.8114 3.51096 -10.9605
v -15.1553 3.56288 -8.40087
v -15.5419 3.52079 7.12019
v -15.0295 4.41728 7.90647
v -14.8687 3.71059 8.11675
v -15.2119 4.24427 9.89756
v -14.7821 5.75188 -10.9068
v -15.1155 5.71589 -8.37769
v -15.1286 5.4832 7.69041
v -15.3959 5.34376 9.64777
v -14.5472 5.09294 10.6819
v -15.0781 6.59089 7.60163
v -15.3947 6.4373 9.53444
v -14.5697 6.85763 10.5051
v -14.6135 6.13948 10.5421
v -14.6223 7.93195 -10.7734
v -14.9133 7.79056 -8.32496
v -15.5545 7.74191 6.5281
v -14.891 7.85251 7.62471
v -15.2617 7.61349 9.51096
v -15.2967 9.24429 6.6452
v -14.6348 9.31864 7.69948
v -15.6931 9.5219 8.49578
v -14.9946 9.01865 9.55886
v -14.6481 9.79087 -8.15597
v -15.6486 9.81368 -6.58851
v -15.657 10.2728 5.67359
v -15.0745 10.3847 6.73721
v -15.4398 10.674 8.57178
v -14.6171 10.649 9.63088
v -15.3942 12.0727 -8.52721
v -15.3048 11.674 -6.38948
v -15.3793 11.5142 5.77706
v -14.7832 11.6084 6.81863
v -15.1063 11.913 8.64072
v -14.8825 13.4958 -6.13204
v -15.5612 13.324 -4.78057
v -15.5779 12.5887 4.79464
v -15.0157 12.8191 5.84652
v -15.4422 13.2608 7.59281
v -14.6698 13.2193 8.68757
v -14.9734 14.0765 -8.1443
v -15.5551 14.6252 -3.26782
v -15.3836 14.506 3.74174
v -15.1753 13.8476 4.8316
v -14.5416 14.1694 5.8621
v -15.6279 14.617 6.45379
v -14.8981 14.6887 7.59764
v -14.4975 16.0094 -7.66763
v -15.5161 15.7048 -6.24144
v -15.0869 14.9339 -4.51831
v -15.0887 15.9366 -2.97941
v -15.4114 15.5508 -1.81573
v -15.5935 15.2656 -0.664904
v -15.4879 15.5319 0.52763
v -15.4621 15.4519 1.58354
v -15.2955 15.5268 2.57165
v -15.1033 15.3931 3.58504
v -14.554 15.8766 4.4344
v -14.7977 14.9845 4.73766
v -14.5821 16.4236 -4.15842
v -14.6437 17.0284 -2.57481
v -14.9884 16.5612 -1.52035
v -15.0022 16.6143 -0.349497
v -14.918 16.7709 0.68155
v -14.9114 16.6591 1.55896
v -14.7822 16.6931 2.36044
v -14.6762 16.5311 3.1924
v -14.9631 16.2954 6.37024
v -14.9947 17.4541 -5.78105
v -15.3221 18.3267 -3.97395
v -14.5989 17.3607 -1.13995
v -14.4863 17.719 0.0260938
v -14.5856 17.5049 0.785873
v -14.5762 17.406 1.52094
v -15.6488 18.5249 2.48262
v -15.4566 17.8881 4.26095
v -14.9034 18.1848 5.02817
v -14.9403 17.3407 5.59978
v -15.0941 19.3327 -3.31636
v -15.5262 18.7225 -2.35108
v -15.3242 19.5831 -1.8834
v -15.5469 19.1451 -1.02426
v -15.5807 19.2476 -0.0344557
v -15.5151 19.4908 0.834944
v -15.4839 19.4073 1.61064
v -15.3908 19.4587 2.32708
v -15.2904 19.2145 3.27664
v -14.8098 19.4209 4.32225
v -14.5097 20.0724 -3.99138
v -14.506 20.7382 -3.1495
v -14.9823 20.1164 -2.62628
v -15.0598 20.585 -1.74165
v -15.2793 20.531 -0.900368
v -15.3648 20.6657 -0.142836
v -15.4016 20.3993 0.884063
v -14.9176 20.6859 1.4376
v -15.1776 20.46 2.50713
v -14.9873 20.4439 3.32373
v -14.7395 20.5787 3.78118
v -14.496 21.3495 -2.45993
v -14.7093 21.6948 -1.73316
v -15.0988 21.9587 -0.968199
v -15.4159 21.5055 0.0489888
v -15.249 21.9673 0.901202
v -14.9824 21.8884 1.61344
v -15.2157 21.753 2.48836
v -14.8032 21.9121 3.39618
v -14.5891 22.4818 -1.49887
v -14.9594 22.9968 -0.860231
v -15.4069 22.9127 -0.11467
v -15.5263 23.1022 0.87772
v -14.9624 23.0285 1.61196
v -15.2181 22.9858 2.56073
v -14.7662 23.1257 3.29256
v -14.756 23.9644 -0.681908
v -15.0335 24.1749 -0.0656487
v -15.1383 24.2658 0.918726
v -15.0262 24.2438 1.78601
v -14.7903 24.1094 2.58369
v -13.2511 -16.0819 -0.0971342
v -13.4353 -14.5967 -3.11669
v -13.5328 -14.9286 -1.59322
v -13.5395 -14.8241 -0.193302
v -13.3441 -14.767 1.17144
v -13.3078 -13.5616 -4.926
v -13.7803 -13.4568 -3.41425
v -13.9823 -13.4124 -1.8668
v -13.9501 -13.4124 -0.324415
v -13.7205 -13.4409 1.17213
v -13.3298 -13.482 2.58207
v -13.7675 -12.067 -5.37742
v -14.224 -12.0914 -3.74194
v -14.4005 -12.1892 -2.08142
v -14.3434 -12.3239 -0.440655
v -14.0991 -12.459 1.13555
v -13.7138 -12.5581 2.60239
v -13.6974 -11.6752 3.96778
v -13.239 -11.5862 -2.00875
v -13.607 -10.6065 -0.607975
v -13.3708 -10.8487 0.884691
v -14.1592 -11.6125 2.58821
v -14.1989 -10.7539 3.92269
v -13.7395 -10.7032 5.16437
v -13.2575 -10.5458 6.29968
v -13.5401 -10.2845 -7.50482
v -14.3255 -10.3295 -5.80803
v -13.59 -9.99701 -3.80006
v -13.6952 -10.309 -2.18259
v -14.0451 -9.51455 -0.639304
v -13.8069 -9.86238 0.881576
v -13.4855 -10.0567 2.25858
v -13.57 -9.17651 3.49024
v -14.2348 -9.79802 5.09273
v -13.7852 -9.63784 6.212
v -13.3127 -9.42405 7.24851
v -14.1687 -8.18907 -7.99539
v -14.1501 -8.40136 -4.00115
v -14.1697 -9.02395 -2.27618
v -14.4547 -8.49772 -0.582272
v -14.2231 -8.9141 0.920188
v -14.116 -8.67252 2.29186
v -13.981 -8.22364 3.4888
v -13.606 -8.11146 4.57231
v -14.2107 -8.72429 6.16994
v -13.7408 -8.50749 7.2255
v -13.2342 -8.29313 8.18154
v -13.8436 -7.88022 -5.74342
v -14.3465 -7.29281 3.49019
v -13.9968 -7.10248 4.5491
v -13.5879 -6.88268 5.56497
v -14.099 -7.55352 7.25045
v -13.5443 -7.34604 8.27095
v -13.5742 -5.89811 -10.2317
v -13.6908 -5.51906 -7.84487
v -14.3684 -6.10521 4.51548
v -13.9776 -5.79296 5.54084
v -13.4683 -5.64138 6.57242
v -14.4259 -6.56743 7.29757
v -13.8135 -6.33857 8.3928
v -14.4367 -4.61243 5.48456
v -13.7925 -4.58835 6.62332
v -14.2309 -4.80273 8.53021
v -13.3038 -5.06427 9.62969
v -14.0296 -3.54256 -10.6243
v -14.1634 -3.25606 -8.22553
v -14.0707 -3.63606 6.73868
v -13.4411 -3.59628 7.69863
v -13.8481 -3.54668 9.55636
v -14.3366 -2.76733 6.84459
v -13.9213 -2.29289 7.65283
v -13.4693 -1.7443 8.45742
v -14.4168 -2.1408 9.37729
v -13.5015 -2.299 10.3841
v -14.3942 -1.16668 -10.874
v -13.3714 -0.96367 -10.1037
v -14.4028 -1.08549 7.54057
v -13.8119 -0.941363 8.32935
v -14.0838 -1.03011 10.129
v -13.3078 -0.755292 11.0484
v -14.3013 0.225069 8.13352
v -13.6555 0.405564 8.95914
v -14.4391 -0.210514 9.98247
v -13.8573 0.418837 10.8086
v -13.6394 1.29964 -10.185
v -14.1214 1.54102 8.73519
v -13.4137 1.74148 9.60427
v -14.3528 1.59094 10.5759
v -13.4351 1.41392 11.5049
v -14.4006 2.2783 8.55811
v -13.8143 2.83111 9.35386
v -13.2376 3.36205 10.1355
v -14.0205 2.92556 11.1711
v -13.4336 3.45255 11.8028
v -13.7817 3.51995 -10.1703
v -14.2109 4.2333 8.99464
v -13.4939 4.38016 9.90326
v -14.3518 4.02526 10.9045
v -13.6255 4.15717 11.6415
v -13.7584 5.66826 -10.1114
v -14.3778 5.61493 8.73511
v -13.6398 5.38147 9.7184
v -13.8018 5.18478 11.4457
v -14.3366 6.68551 8.65576
v -13.6346 6.39582 9.63096
v -13.8411 6.53458 11.3097
v -13.6094 7.75818 -9.97866
v -14.1581 7.90396 8.65978
v -13.4386 7.91591 9.60629
v -14.3801 8.06611 10.5049
v -13.6304 8.04438 11.2884
v -13.8942 9.3242 8.7013
v -14.0732 9.48969 10.5357
v -13.3064 9.42276 11.3
v -14.3735 10.0658 -10.5267
v -13.3746 9.8033 -9.74216
v -14.4043 10.43 7.76261
v -13.6477 10.3997 8.73815
v -13.777 10.5743 10.5627
v -14.0503 12.1732 -10.1607
v -14.3166 11.7419 -7.88784
v -14.1007 11.6163 7.81973
v -13.3243 11.5411 8.77019
v -14.2596 11.8445 9.6764
v -13.3931 11.723 10.5846
v -14.3976 12.8986 6.87259
v -13.7014 12.857 7.85805
v -13.7986 13.0902 9.70612
v -13.667 14.274 -9.6692
v -13.9156 13.6689 -7.53768
v -13.8926 14.2387 6.88224
v -14.1071 14.5733 8.69727
v -13.4567 15.5194 -7.10147
v -14.3999 15.2473 -5.79469
v -13.91 15.7112 5.79792
v -13.3858 15.93 8.70681
v -13.2308 16.2906 -9.06819
v -13.8752 16.8968 -5.35595
v -14.1211 17.2704 3.57446
v -14.0433 16.9278 4.26457
v -13.8317 16.5966 5.08804
v -14.1736 16.1305 7.62327
v -13.9839 17.828 -7.09895
v -13.2803 18.5062 -4.71928
v -14.1209 17.6346 -3.62679
v -13.7771 18.4084 -2.84929
v -14.1107 18.1372 -1.71128
v -14.2785 18.0376 -0.715869
v -14.2605 18.4179 0.28846
v -14.3469 18.2485 0.897517
v -14.2723 18.1889 1.76664
v -14.1073 17.9836 2.55276
v -13.6668 18.1308 3.28277
v -13.5824 17.8146 3.94117
v -14.0149 18.436 6.01099
v -13.755 17.8701 6.7881
v -13.3918 19.4285 -6.50114
v -14.4473 19.2286 -5.15817
v -13.529 18.9429 -1.99512
v -13.5568 19.2298 -1.02003
v -13.9144 19.2326 -0.159545
v -14.2114 19.1236 0.780003
v -14.1654 19.0339 1.72411
v -13.6447 19.337 2.49463
v -13.346 18.9143 2.97146
v -14.1659 19.4813 5.10028
v -13.4379 20.6364 -5.03276
v -13.7775 20.9415 -4.15444
v -13.3034 19.9767 -0.603967
v -13.6128 20.5259 -0.0221117
v -14.2789 20.3463 0.817099
v -14.3247 20.5186 1.79191
v -13.8677 20.552 2.35624
v -14.2871 20.5419 4.38088
v -13.4855 20.6977 4.98852
v -13.2543 20.1214 5.54234
v -13.88 21.4413 -3.34965
v -13.9263 21.9551 -2.66592
v -13.5898 21.9058 0.247173
v -14.1708 21.6186 0.587271
v -14.4377 22.0578 2.05631
v -13.7238 21.7685 2.40388
v -13.9927 21.4705 4.24001
v -13.2983 22.8132 -2.44435
v -13.9325 23.065 -1.73821
v -13.3814 22.8435 0.311147
v -13.9929 23.0564 0.704215
v -14.4592 23.0179 1.7938
v -13.8062 23.069 2.36271
v -14.0786 23.2331 3.66794
v -13.6668 22.6981 4.00404
v -13.6578 23.842 -1.46298
v -13.9479 24.3756 -1.00623
v -13.6523 24.0188 0.902231
v -13.7311 24.1451 1.71911
v -13.5288 24.0517 2.24217
v -13.8543 24.3321 3.27388
v -13.6176 25.0759 -0.733726
v -13.9453 25.2329 -0.18104
v -13.8924 25.4835 0.760018
v -13.7388 25.4941 1.61164
v -13.9012 25.0818 2.48191
v -12.0676 -21.7971 -1.75492
v -12.1141 -22.5275 -0.800457
v -12.1719 -22.5095 0.0834288
v -12.0914 -22.4979 0.970781
v -12.1686 -20.9764 -1.83818
v -12.3353 -21.344 -0.877743
v -12.4043 -21.31 0.0701913
v -12.3206 -21.287 1.0186
v -12.0798 -21.2771 1.93882
v -12.3094 -19.7602 -1.96557
v -12.5525 -19.6772 -0.974078
v -12.5717 -20.0209 0.0540198
v -12.4839 -19.982 1.0493
v -12.2258 -19.9648 2.00415
v -12.1205 -18.416 -3.19473
v -12.4864 -18.6291 -2.12186
v -12.7417 -18.5069 -1.06653
v -12.7552 -18.8039 0.0265898
v -12.6573 -18.7439 1.07009
v -12.3257 -19.124 2.03541
v -12.4311 -18.3134 2.06943
v -12.3279 -17.3538 -3.5148
v -12.7062 -17.5306 -2.33702
v -12.964 -17.3735 -1.1963
v -13.0303 -17.2482 -0.0321992
v -12.906 -17.1648 1.10156
v -12.5922 -17.1333 2.15128
v -12.0975 -17.1525 3.11139
v -12.6916 -15.771 -4.13113
v -12.4896 -16.6097 -3.79805
v -13.0633 -15.9804 -2.73406
v -13.209 -16.2206 -1.36653
v -12.0661 -15.6397 -1.28536
v -12.093 -15.5214 -0.201233
v -13.0944 -15.9932 1.13879
v -12.7484 -15.9639 2.28931
v -12.2168 -15.9932 3.34504
v -12.1958 -15.0059 -5.81061
v -12.9568 -14.7756 -4.50884
v -12.0701 -14.9219 -2.60614
v -12.2696 -14.7754 -1.44043
v -12.2777 -14.6645 -0.262598
v -12.1106 -14.5946 0.890236
v -12.9688 -14.759 2.45638
v -12.323 -15.2054 3.55598
v -12.4898 -14.3847 3.7738
v -12.5281 -13.7428 -6.36127
v -12.3304 -13.9485 -2.88607
v -12.5192 -13.8361 -1.61319
v -12.5058 -13.7615 -0.334685
v -12.3153 -13.7222 0.915826
v -12.7641 -13.5221 3.9379
v -12.0092 -13.5477 5.27211
v -12.9847 -12.1524 -6.94306
v -12.2464 -12.9058 -4.54624
v -12.6628 -12.8198 -3.18913
v -12.8355 -12.7853 -1.80288
v -13.1788 -11.7164 -0.523372
v -12.799 -12.7871 -0.42058
v -12.7699 -12.3259 0.915673
v -12.4193 -12.3828 2.22165
v -12.1337 -11.9599 3.51194
v -13.1929 -12.6084 3.9877
v -12.5416 -12.597 5.31931
v -12.6832 -11.4517 -4.99401
v -13.0884 -11.4862 -3.51159
v -13.0319 -10.9948 2.25632
v -12.6119 -11.043 3.52208
v -12.6501 -11.3135 4.971
v -12.6239 -11.4675 6.42245
v -12.1192 -11.1455 7.50364
v -12.4563 -10.364 -9.08684
v -12.5056 -9.71539 -6.96427
v -13.218 -9.76698 -5.41056
v -13.1022 -10.1158 3.50809
v -12.6783 -10.0579 4.64649
v -12.2353 -9.90139 5.69017
v -12.7762 -10.2979 7.34526
v -12.5784 -9.56719 8.22362
v -13.0272 -8.19844 -9.70955
v -13.1739 -9.10548 4.59985
v -12.9685 -8.44881 5.60285
v -12.306 -8.76633 6.5733
v -12.3765 -8.55035 9.1365
v -12.1199 -8.06772 9.69558
v -12.0572 -7.70351 -9.01323
v -13.1071 -7.69397 -7.43214
v -12.9227 -7.25266 6.55313
v -12.4119 -7.13212 7.46523
v -12.9134 -7.19988 9.20348
v -12.1976 -7.1957 10.0162
v -12.1711 -5.92357 -11.8582
v -12.579 -5.49877 -9.50744
v -12.8546 -5.58589 7.59295
v -12.151 -5.5619 8.58519
v -13.086 -6.15261 9.45174
v -12.2428 -6.13035 10.3966
v -13.1351 -4.55202 7.67162
v -12.3754 -4.49984 8.73555
v -12.2253 -4.79422 10.9087
v -12.5786 -3.54736 -12.2899
v -13.0175 -3.24098 -9.8744
v -12.7184 -3.51025 8.70599
v -12.8251 -3.66547 10.6753
v -13.1073 -2.59209 8.58409
v -12.379 -2.3811 9.51819
v -12.4586 -2.31613 11.4476
v -12.8867 -1.16854 -12.564
v -12.9636 -1.15255 9.25727
v -12.2053 -0.894897 10.1519
v -12.9074 -1.53217 11.2348
v -12.2959 -0.825386 12.0194
v -12.7646 0.239757 9.90203
v -12.0432 0.465331 10.7657
v -12.9042 0.274013 11.7471
v -12.1678 0.506752 12.4776
v -13.088 1.18913 -12.7019
v -12.1676 1.28427 -11.7961
v -12.9114 1.46636 10.1042
v -12.2582 1.65628 10.9244
v -12.8918 1.98688 12.1385
v -12.4171 1.69295 12.4684
v -13.0004 2.66189 10.3
v -12.404 2.82434 11.0818
v -13.1884 2.72999 11.9724
v -12.3607 2.92238 12.5534
v -13.1747 3.50186 -12.7252
v -12.2561 3.50149 -11.8106
v -12.7261 3.84274 10.8478
v -12.3712 4.03267 11.8416
v -12.4242 3.91969 12.3533
v -13.1393 5.74586 -12.6553
v -12.2268 5.65305 -11.7367
v -12.7556 5.18313 10.9311
v -12.6604 5.27314 11.9973
v -13.0094 6.44375 10.4651
v -12.5669 6.4779 11.153
v -12.6928 6.53509 11.884
v -13.0002 7.94225 -12.4765
v -12.0977 7.75805 -11.5612
v -12.8155 7.908 10.4372
v -12.3718 7.89985 11.1254
v -12.4883 7.95665 11.8602
v -13.1608 9.28779 9.62281
v -12.5207 9.23623 10.4361
v -12.0597 9.19635 11.1134
v -12.4187 9.31168 11.9132
v -12.7759 10.1121 -12.1729
v -12.8936 10.3259 9.63691
v -12.2313 10.2411 10.432
v -12.9886 10.4717 11.3072
v -12.321 10.3628 11.8045
v -12.4847 12.2766 -11.7287
v -13.0684 11.8225 -9.39809
v -12.546 11.4212 9.64515
v -12.5805 11.5748 11.3074
v -12.9048 12.7239 8.78809
v -12.1027 12.5454 9.641
v -12.4887 12.8015 10.9445
v -12.1452 14.4567 -11.1282
v -12.7051 13.8347 -8.94258
v -13.1837 14.1316 7.86478
v -12.3701 13.9239 8.7825
v -13.2146 14.3611 9.70891
v -12.3016 14.0918 10.582
v -12.2909 15.7599 -8.39143
v -13.2207 15.58 6.91261
v -12.5188 15.3999 7.87294
v -12.4907 15.6217 9.70047
v -12.9515 17.241 -6.57519
v -12.787 17.1454 6.18233
v -12.3345 16.8736 7.02873
v -12.4736 17.2444 8.75318
v -12.7491 18.145 -8.37352
v -12.9079 18.5067 4.14029
v -12.9611 18.0721 4.80057
v -12.9583 17.5816 5.46044
v -13.2149 17.5309 7.74293
v -12.2144 19.7443 -7.61636
v -12.372 18.7274 -6.02749
v -12.2893 19.7271 -4.58355
v -12.8015 19.4618 -3.50022
v -12.9928 19.5002 -2.41369
v -12.6103 19.2912 3.36943
v -12.1038 19.2872 4.20064
v -12.0789 18.9755 4.92894
v -12.997 19.6048 6.20292
v -12.6365 19.1674 6.97485
v -12.0958 18.8284 7.86269
v -12.6804 20.7068 -5.93708
v -12.3588 20.1027 -2.577
v -12.5617 20.1672 -1.61941
v -12.542 20.6098 -0.908463
v -12.9647 20.9774 -0.335357
v -12.7558 20.4006 2.56416
v -12.2258 19.9009 3.00912
v -12.3386 21.031 5.59525
v -12.5427 21.9107 -4.36036
v -13.1668 22.1563 -3.33441
v -12.7735 21.6598 -0.188236
v -12.5724 21.6979 2.34015
v -13.0168 22.0298 4.58501
v -12.6948 21.5068 5.03951
v -12.3567 22.6511 -3.50508
v -12.5396 23.2034 -2.64632
v -12.6678 23.6089 -2.1498
v -12.5451 22.8984 0.0605922
v -12.6401 22.9862 2.30465
v -12.4528 22.9529 4.3488
v -12.5648 24.3259 -1.67508
v -12.296 23.9182 0.241666
v -12.6688 24.3926 0.597527
v -12.6448 24.8661 1.54943
v -12.6108 24.2074 2.25667
v -12.6635 24.2921 3.63817
v -12.9418 23.6661 3.88109
v -12.7537 25.2588 -0.94243
v -12.4645 25.9061 -0.0869292
v -12.6468 26.0391 0.786796
v -12.4556 25.9904 1.65092
v -12.6858 25.626 2.49405
v -12.5808 25.1662 3.13088
v -11.1971 -23.2037 -2.61233
v -11.232 -23.5824 -1.66979
v -11.3686 -23.6442 -0.771847
v -11.5417 -23.551 0.106136
v -11.472 -23.547 0.853771
v -11.2859 -23.5467 1.58477
v -11.1651 -23.3747 2.39096
v -10.8789 -23.1569 3.19593
v -11.1894 -22.2451 -3.2711
v -11.6579 -22.2078 -2.52864
v -11.4357 -22.2081 -1.50189
v -10.9301 -22.2914 -0.764212
v -10.997 -22.2655 0.0785492
v -10.9339 -22.2619 0.760657
v -11.1829 -22.2173 1.58883
v -11.5168 -22.498 2.65518
v -11.0461 -22.5114 3.40018
v -11.2802 -21.0985 -3.50445
v -11.2891 -20.808 -2.44616
v -10.9422 -21.0218 -1.66246
v -11.1732 -21.2235 -0.697123
v -11.2226 -21.2057 0.0496358
v -11.1557 -21.1969 0.80031
v -10.9663 -21.1991 1.53203
v -11.6953 -21.2819 2.8051
v -11.1805 -21.3033 3.5917
v -11.3491 -19.9555 -3.712
v -11.5465 -19.8472 -2.68631
v -11.1246 -19.7707 -1.55894
v -11.2703 -20.1091 -0.762129
v -11.3268 -20.0761 0.0230013
v -11.2565 -20.0577 0.807934
v -11.0525 -20.0569 1.56611
v -11.2811 -19.8209 2.59464
v -11.2553 -20.0032 3.70455
v -10.7743 -18.4287 -4.92623
v -11.507 -18.5765 -4.07483
v -10.9639 -18.6933 -2.49388
v -11.2902 -18.5986 -1.72273
v -11.4855 -18.5153 -0.891551
v -11.5441 -18.4497 -0.0360392
v -11.46 -18.408 0.808108
v -11.1729 -18.8215 1.59214
v -10.8596 -18.4132 2.34405
v -11.7219 -18.8772 3.22387
v -11.3538 -18.3769 3.80749
v -10.9111 -17.0909 -5.75612
v -11.3169 -17.3102 -5.06796
v -11.6676 -17.5593 -4.47953
v -11.0363 -16.8353 -3.45531
v -11.1556 -17.5372 -2.78973
v -11.5104 -17.4069 -1.94253
v -11.715 -17.2906 -1.03128
v -11.7669 -17.1973 -0.0983152
v -11.6637 -17.1354 0.814025
v -11.3427 -17.5427 1.64082
v -10.9948 -17.1302 2.44461
v -11.4303 -17.2214 3.9763
v -11.0204 -16.2823 -6.33072
v -11.9601 -16.0144 -5.30449
v -10.8817 -16.1499 -4.27407
v -11.4687 -15.9627 -3.36308
v -11.8608 -15.7897 -2.35308
v -11.6813 -16.6015 -2.13063
v -11.8881 -16.4659 -1.14872
v -11.9299 -16.3573 -0.147501
v -11.8088 -16.285 0.829235
v -11.5267 -16.2583 1.73767
v -11.0905 -16.2753 2.57282
v -11.503 -16.0803 4.29659
v -11.2033 -15.2714 -6.97837
v -11.139 -14.798 -5.01654
v -11.663 -15.0988 -3.72258
v -11.9498 -15.4435 0.858006
v -11.7147 -14.9927 1.916
v -11.1814 -15.4338 2.76817
v -11.2966 -14.5918 3.00144
v -11.6494 -14.8699 4.80038
v -11.4946 -13.9763 -7.67401
v -11.5518 -13.0587 -5.84111
v -11.9142 -14.1007 -4.11969
v -11.9726 -13.7162 2.10472
v -11.4656 -13.7354 3.24341
v -10.7822 -13.7716 4.34333
v -10.9256 -13.5287 6.74235
v -11.9288 -12.3152 -8.39258
v -11.7306 -12.8597 3.43371
v -11.303 -12.3942 4.69607
v -10.9565 -11.7419 5.89302
v -11.8805 -12.4225 6.56975
v -11.3302 -11.9831 7.71154
v -11.1448 -10.5041 -10.5054
v -11.0242 -11.6546 -7.74174
v -11.9795 -11.5179 -6.41815
v -11.6408 -10.8183 5.78427
v -11.1847 -10.5016 6.78621
v -11.2628 -11.036 8.60765
v -11.5173 -9.78039 -8.41643
v -11.7944 -9.66453 6.65551
v -11.0732 -9.70898 7.60469
v -11.5786 -9.84729 9.205
v -10.9257 -9.47236 10.0703
v -11.672 -8.27337 -11.2475
v -11.8672 -8.54669 7.42346
v -11.1948 -8.45558 8.33592
v -11.5258 -8.65145 9.98177
v -10.8103 -7.76971 -10.4326
v -11.4859 -7.52067 8.51371
v -11.2991 -6.68197 9.12363
v -11.3882 -7.41419 10.6772
v -11.2825 -5.52558 -11.0116
v -11.9698 -6.59897 8.36769
v -11.3536 -5.66145 9.46926
v -11.283 -6.39263 11.1494
v -11.3475 -4.40138 9.94042
v -10.991 -5.35873 11.7267
v -10.9393 -3.57107 -13.7813
v -11.6719 -3.25283 -11.4178
v -11.9245 -3.28524 9.71435
v -11.6026 -3.48859 11.8538
v -11.5784 -2.03757 10.4468
v -10.9367 -2.2352 11.0042
v -11.3343 -2.19904 12.4644
v -11.1907 -1.17688 -14.1023
v -11.9699 -0.975023 -11.6723
v -11.2481 -0.963563 11.1216
v -11.062 -1.15663 12.9623
v -11.6582 -0.260367 10.9346
v -11.2114 0.324382 11.6561
v -11.2548 0.558026 12.671
v -11.0012 0.589862 13.1513
v -11.3422 1.18756 -14.267
v -11.5661 1.45579 11.7424
v -11.4496 1.53377 12.8303
v -11.836 2.59223 11.8299
v -11.7224 2.57782 12.5599
v -11.394 3.50429 -14.2995
v -11.3464 5.75537 -14.2235
v -11.2142 7.9662 -14.0206
v -11.8881 9.20973 11.783
v -11.0122 10.1622 -13.6719
v -11.8874 9.83556 -11.2707
v -11.7496 10.1774 11.0964
v -11.6522 10.2126 11.8377
v -11.6139 11.9047 -10.8521
v -11.8581 11.2954 10.4197
v -11.107 11.7186 11.0488
v -11.3945 11.2815 11.7998
v -10.7553 12.3687 -13.159
v -11.1025 12.8958 10.3743
v -11.1267 12.4186 11.8391
v -11.2957 13.9845 -10.2919
v -11.2131 14.2197 9.59981
v -11.4492 13.8052 11.2658
v -10.936 15.9784 -9.61736
v -11.7052 15.1083 8.76783
v -11.5726 15.2545 10.5552
v -11.7606 16.5532 -10.3965
v -11.6781 16.6216 7.9155
v -10.8949 16.2447 8.75851
v -11.6102 16.8365 9.69651
v -11.3342 18.4665 -9.55869
v -11.8322 17.5181 -7.7604
v -11.5154 18.2007 6.75709
v -11.4018 18.4685 8.78974
v -11.3252 19.0161 -7.08343
v -11.1081 19.8426 4.95155
v -11.4532 19.1271 5.67266
v -10.8695 20.0972 -8.64001
v -11.6195 20.9957 -6.82787
v -10.7665 20.1602 -6.39446
v -11.3516 20.2953 -5.27613
v -11.5236 20.5418 -4.2942
v -11.3579 20.8315 -3.35342
v -11.6787 20.7014 -2.57367
v -11.6303 20.961 -1.74704
v -11.596 20.677 2.71756
v -11.2529 20.3385 3.42532
v -11.1764 20.0964 4.15108
v -11.9431 20.6376 6.26722
v -11.4723 20.2924 7.03762
v -10.89 19.9611 7.88862
v -11.0418 21.9613 -6.01193
v -11.9747 21.6972 -5.37708
v -10.8858 21.121 -3.94349
v -11.0041 21.2473 -2.49229
v -10.9838 21.4802 -1.72731
v -11.4774 21.8198 -0.796933
v -11.3577 21.9073 2.24454
v -11.8711 22.252 4.96583
v -11.163 21.6937 5.84883
v -11.3997 22.4339 -4.79144
v -11.2806 22.887 -4.11737
v -11.4041 23.286 -3.41727
v -10.8224 22.72 -0.545778
v -11.3955 23.2796 -0.135172
v -10.924 23.0899 2.03344
v -11.4689 23.1056 2.11694
v -11.509 23.3272 4.34247
v -11.0492 22.9208 4.75116
v -11.3281 23.934 -2.64173
v -11.5946 24.7237 -1.73659
v -11.3401 24.2274 0.216793
v -11.387 24.7754 0.802117
v -11.0717 24.4504 1.86125
v -11.6741 24.1984 2.12967
v -11.3702 24.4322 3.64905
v -11.3318 23.8097 4.02079
v -10.9109 24.9101 -1.73445
v -11.4222 25.4734 -1.00435
v -11.228 25.9437 0.0413253
v -11.6102 25.7969 0.936194
v -11.5127 25.491 1.58913
v -11.121 25.6912 2.51659
v -11.3652 25.1636 3.16521
v -9.84009 -23.254 -3.95771
v -9.99305 -23.6195 -3.31811
v -10.2418 -23.8921 -2.46868
v -10.0111 -24.1203 -1.66191
v -10.1033 -24.1601 -0.973232
v -10.2814 -24.1519 -0.152281
v -9.98338 -24.1859 0.809039
v -10.2971 -24.0579 1.70099
v -9.83396 -24.0635 2.44982
v -10.2276 -23.7101 3.15661
v -9.88624 -23.3315 3.99889
v -10.1405 -22.1949 -4.25531
v -10.2554 -22.2867 -3.42245
v -10.0367 -22.4696 -2.50637
v -10.1388 -22.6735 -1.71734
v -10.0739 -22.8462 -0.944644
v -10.1822 -22.8657 -0.149895
v -10.0223 -22.8755 0.77488
v -10.1831 -22.7745 1.59116
v -10.0889 -22.4385 2.40014
v -9.73091 -22.2936 3.12777
v -10.2666 -22.2894 4.27573
v -9.81918 -21.8152 4.75766
v -9.85362 -20.5071 -4.83016
v -10.2578 -21.2027 -4.42235
v -9.92681 -21.0193 -3.24655
v -10.3934 -20.973 -2.73914
v -10.4705 -21.2216 2.53621
v -9.79167 -20.9008 3.42444
v -10.5624 -20.9212 4.32988
v -9.80655 -20.9904 4.88795
v -9.84904 -19.8475 -4.98639
v -10.6571 -20.063 -4.39565
v -9.92164 -19.6171 -3.52471
v -10.4182 -19.9 -2.91328
v -10.4991 -20.488 2.58317
v -10.0406 -19.7294 3.22595
v -10.575 -19.6558 4.43438
v -9.75163 -19.7555 5.01657
v -9.88348 -18.0135 -5.88178
v -9.86475 -18.9302 -5.32828
v -10.7164 -19.066 -4.66725
v -10.3327 -18.7095 -3.39084
v -10.0685 -18.4891 3.30801
v -10.5871 -18.4683 4.53172
v -9.68438 -18.5995 5.14537
v -9.88497 -17.355 -6.46124
v -10.0544 -17.4545 -4.33518
v -10.653 -17.673 -3.53055
v -10.449 -17.1819 3.15242
v -9.77556 -17.2667 3.78162
v -10.2779 -17.514 4.92244
v -9.58814 -17.1428 5.51015
v -10.0302 -15.5559 -7.96853
v -9.91946 -16.5653 -7.16985
v -10.2172 -15.5225 -5.65857
v -10.1341 -16.3517 -5.05162
v -10.535 -15.9173 3.46465
v -9.78818 -16.0233 4.16945
v -10.6109 -16.2244 5.13457
v -9.54384 -16.4246 5.84959
v -9.51212 -15.6823 6.30419
v -10.2603 -14.238 -8.81818
v -10.3688 -14.5187 -6.32777
v -10.6446 -14.6554 3.94367
v -9.82411 -14.7772 4.77305
v -10.6867 -15.0209 5.79698
v -9.50209 -14.8882 6.87343
v -9.51376 -13.4795 -8.0749
v -10.6255 -13.2571 -7.03143
v -9.90352 -13.886 5.30984
v -10.653 -12.5232 -9.67971
v -9.86444 -11.8317 -8.92252
v -10.0866 -12.8046 6.01058
v -9.57522 -12.0082 7.21929
v -10.3552 -12.7279 8.02154
v -9.91183 -11.9886 9.05764
v -9.65284 -10.6671 -11.7178
v -10.4622 -11.3064 6.95595
v -10.0438 -10.7177 7.91343
v -10.4591 -10.7007 9.64011
v -9.51825 -11.2203 9.97603
v -10.3172 -9.90013 -9.7223
v -10.0418 -9.8057 8.61929
v -10.1091 -9.94137 10.4251
v -10.1353 -8.37698 -12.5755
v -10.4158 -8.68063 9.01327
v -9.90347 -8.14914 9.72948
v -10.2531 -8.87677 10.8898
v -9.52181 -8.16317 11.6974
v -10.6042 -7.77417 9.32433
v -10.136 -7.12096 9.98037
v -10.4936 -7.76634 11.2248
v -10.2523 -6.79905 11.7561
v -10.5876 -5.97709 -13.2804
v -9.81918 -5.57377 -12.3271
v -10.4584 -5.97658 10.1653
v -9.50493 -6.39168 10.7196
v -9.89013 -5.82976 12.3285
v -10.1912 -5.00291 10.701
v -9.60337 -4.1423 11.4139
v -10.3616 -4.44352 12.4856
v -10.1532 -3.2772 -12.7985
v -10.4465 -3.5588 10.9833
v -9.64999 -2.88929 11.8449
v -10.3988 -3.13162 12.8913
v -9.58833 -3.65496 13.2593
v -10.2709 -2.29295 11.5669
v -9.57776 -1.83138 12.3549
v -9.8217 -2.06181 13.5566
v -10.3951 -0.987836 -13.0981
v -10.3441 -0.972362 12.0311
v -9.85266 -0.713847 12.7167
v -10.1625 -0.751786 13.5583
v -10.4382 0.20901 12.7006
v -10.2033 -0.0451492 13.3182
v -10.5436 1.276 -13.2488
v -10.5977 3.49599 -13.2735
v -10.556 5.65383 -13.1952
v -10.4336 7.77181 -12.9978
v -10.2455 9.87225 -12.6654
v -10.0066 11.9774 -12.1816
v -10.6178 12.2144 11.675
v -10.2666 13.2413 10.972
v -10.2465 13.3167 11.6989
v -10.4582 14.6111 -12.4631
v -9.732 14.1097 -11.5306
v -10.1345 14.4468 10.299
v -9.57348 14.2047 10.9042
v -9.76168 14.4136 11.7231
v -10.085 15.8173 9.53821
v -10.2928 15.3853 11.194
v -10.1245 16.7769 -11.6155
v -9.9458 17.2998 8.73958
v -10.7131 16.3663 10.5189
v -10.5383 17.7898 -8.85581
v -10.6871 17.755 7.95202
v -10.5816 17.9687 9.67932
v -9.72319 17.3998 10.4704
v -9.75782 18.7533 -10.6472
v -10.106 19.3221 -8.03447
v -10.6213 19.3705 6.44482
v -9.86671 18.9349 7.56633
v -10.2019 19.5541 8.76991
v -9.64236 20.4789 -7.18057
v -10.217 21.0065 -5.67301
v -10.2388 20.8417 4.07005
v -10.1584 20.6074 4.89903
v -9.91864 20.4365 5.65684
v -9.5281 20.2669 6.37806
v -9.64607 20.9598 7.78268
v -10.3697 21.346 -7.6656
v -9.89013 22.2982 -6.62972
v -9.73768 21.6108 -4.8986
v -10.4468 21.3089 -4.47394
v -10.1779 21.6676 -3.43642
v -10.0648 21.9274 -2.39638
v -10.0961 22.1506 -1.66179
v -10.4994 22.2741 -1.02818
v -10.3743 21.8365 2.38599
v -10.2372 21.2031 3.16733
v -9.95086 22.3098 5.94008
v -10.3261 21.2604 6.95365
v -10.5587 22.7039 -5.17237
v -10.2507 23.2866 -4.3469
v -10.0241 22.9008 -0.800558
v -9.95929 23.5145 -0.336506
v -10.1712 23.1419 1.9444
v -9.86661 22.4882 2.10911
v -10.2634 23.5011 4.3792
v -10.124 22.8822 5.06934
v -10.1981 23.7729 -3.5732
v -10.2008 24.4135 -2.59336
v -10.0546 24.8423 -1.98255
v -10.2751 24.0149 0.0873523
v -10.1475 24.3999 0.800972
v -10.163 24.0877 1.66342
v -9.90909 24.8844 2.85948
v -10.2756 24.4482 3.45747
v -9.54848 23.9805 3.83364
v -10.0502 25.1091 -1.49636
v -10.4001 25.5121 -0.79251
v -9.98801 25.5836 -0.0410588
v -9.95901 25.6436 0.833968
v -10.0742 25.617 1.6469
v -10.2504 25.3383 2.52682
v -8.71082 -23.2873 -4.26987
v -8.66511 -23.8132 -3.56026
v -8.81056 -24.1016 -2.64824
v -8.85444 -24.2203 -1.72236
v -9.02552 -24.2639 -0.886877
v -8.77558 -24.2827 -0.0693369
v -8.95879 -24.2782 0.790772
v -8.94938 -24.2589 1.53772
v -8.80715 -24.2046 2.34472
v -8.9414 -24.0193 3.32899
v -8.51384 -23.7447 4.14511
v -8.65092 -23.2324 4.71788
v -9.07992 -22.0331 -4.80467
v -9.11743 -22.7079 -4.56027
v -9.06873 -22.2875 -3.3688
v -9.06109 -22.8196 -2.59571
v -8.9069 -22.904 -1.67564
v -8.97114 -22.9137 -0.934754
v -8.748 -22.9174 -0.0647829
v -9.04529 -22.9147 0.836136
v -8.92085 -22.9081 1.7643
v -8.93738 -22.8895 2.50998
v -9.0503 -22.5384 3.40118
v -8.70987 -22.1557 3.91698
v -9.03307 -22.245 5.03455
v -8.99657 -20.962 -5.06663
v -8.70593 -20.8072 -3.92671
v -9.1719 -21.1908 -3.68355
v -8.91904 -20.9686 4.01859
v -8.96647 -21.0791 5.28176
v -8.92228 -19.6976 -5.38787
v -8.84755 -19.665 -4.09793
v -9.31616 -20.055 -3.8323
v -8.81601 -19.8585 4.13477
v -8.88849 -20.2679 5.38831
v -8.7955 -19.5024 5.48484
v -8.85606 -18.5539 -6.02064
v -8.4957 -18.1636 -4.82137
v -9.05038 -18.4947 -4.42741
v -8.83633 -18.781 4.19926
v -8.63711 -18.4182 5.68883
v -8.7041 -16.8545 -7.78188
v -8.75677 -17.6303 -6.93551
v -8.29475 -16.8003 -6.06864
v -8.85195 -17.3847 -5.18969
v -8.98435 -17.3821 4.32698
v -8.47091 -17.371 6.03122
v -8.72716 -15.8432 -8.73745
v -9.25887 -16.1632 -6.03199
v -8.92781 -16.5685 4.58857
v -8.87332 -15.7739 4.96649
v -8.3623 -16.6795 6.40456
v -8.87845 -14.5039 -9.74771
v -9.32668 -14.7583 -7.2211
v -8.83093 -14.9728 5.45499
v -8.2629 -13.7045 -8.92921
v -8.81069 -14.1395 6.04833
v -8.72153 -13.3141 6.76683
v -9.41214 -14.0802 7.58991
v -9.14065 -13.2965 8.48622
v -9.21045 -12.744 -10.7582
v -8.54722 -12.0191 -9.91824
v -8.47236 -12.5362 7.63079
v -8.78382 -12.5105 9.43938
v -8.43787 -11.6957 10.3264
v -9.17604 -11.2911 8.19233
v -8.82124 -10.5579 9.05001
v -8.94731 -10.0392 -10.8433
v -9.36323 -9.35313 9.48129
v -8.4964 -9.78444 9.80044
v -9.15919 -10.4005 10.7835
v -8.81938 -9.50683 11.487
v -8.44947 -8.47239 -13.6601
v -9.09455 -8.54892 10.1026
v -8.47421 -8.56343 12.1156
v -9.39425 -7.85926 -11.6608
v -8.68203 -7.23852 10.9173
v -9.19634 -7.20922 12.2627
v -8.84557 -6.02841 -14.4625
v -9.1708 -5.47786 11.2522
v -8.79084 -6.2553 12.8327
v -8.64478 -4.61562 11.879
v -9.32579 -4.92126 12.995
v -8.26119 -5.33385 13.4464
v -9.14273 -3.59542 -15.0331
v -8.48771 -3.29967 -13.9594
v -8.89653 -3.40342 12.1811
v -8.76636 -3.55292 13.7669
v -8.62193 -2.56697 12.7413
v -8.48239 -1.93811 13.2399
v -8.50259 -2.01342 14.1354
v -9.34588 -1.18665 -15.3993
v -8.68208 -0.999243 -14.302
v -9.07798 -1.48546 13.0175
v -9.12949 -1.05043 13.595
v -9.12399 -1.37274 13.9527
v -9.45995 1.18463 -15.5889
v -8.79357 1.26938 -14.4772
v -9.48987 3.50516 -15.6292
v -8.8256 3.49194 -14.5108
v -9.44057 5.76171 -15.548
v -8.78158 5.65415 -14.4288
v -9.32231 7.98304 -15.3255
v -8.6722 7.78112 -14.2141
v -9.14538 10.198 -14.9424
v -8.50815 9.89797 -13.8497
v -8.30011 12.0298 -13.3186
v -8.92003 12.4352 -14.379
v -8.65655 14.7236 -13.6158
v -9.29257 14.1071 11.3816
v -9.27905 14.1396 11.6917
v -9.34871 15.4141 10.235
v -8.64224 15.0434 11.0657
v -8.78141 15.2188 11.6388
v -8.36073 16.9413 -12.6884
v -9.42447 16.1624 -10.7458
v -9.16992 16.7882 9.48586
v -8.45824 16.3059 10.1653
v -8.91458 16.8326 11.1021
v -9.08686 18.0289 -9.86049
v -8.86455 18.2406 8.69606
v -8.60314 18.3272 10.4071
v -8.72201 19.6027 -8.90829
v -8.36224 19.6695 7.82972
v -9.41356 18.9815 9.63117
v -9.36159 20.4279 -9.5895
v -8.33276 20.7772 -7.92261
v -8.79286 21.0704 5.79909
v -8.9952 20.0369 7.09723
v -8.90166 20.5374 8.64622
v -8.93941 21.6879 -8.47339
v -9.19009 21.3335 -6.26729
v -8.79181 21.9597 -5.26779
v -8.96633 22.198 -4.15323
v -9.22634 22.2752 -3.21162
v -9.1632 22.2844 2.5177
v -8.94234 22.0073 3.2819
v -9.0377 21.6438 4.07438
v -8.84043 21.4795 4.85051
v -9.26194 22.0869 6.70023
v -8.4125 21.8549 7.50682
v -8.53388 22.6324 -7.27458
v -9.48627 23.0395 -5.52666
v -9.28143 23.6192 -4.44822
v -8.54684 22.6063 -3.20201
v -8.96677 22.6103 -2.30308
v -8.85284 22.8693 -1.65375
v -8.82618 23.2552 -0.783915
v -8.75228 23.5275 0.101731
v -8.57715 23.4637 0.920541
v -8.87339 23.0133 1.80676
v -8.49614 22.6494 2.46725
v -8.48529 23.4825 4.88397
v -8.75737 22.8668 5.87267
v -9.02926 24.2339 -3.30288
v -9.16091 24.7161 -2.2448
v -9.45685 23.9182 0.298384
v -9.30372 23.9033 0.917024
v -9.31934 23.7003 1.53253
v -8.88571 24.8617 2.20351
v -8.88301 24.3688 3.19578
v -9.02322 23.7067 4.26354
v -8.7522 24.904 -1.52784
v -8.89757 25.1046 -0.764695
v -9.09575 25.2578 -0.132957
v -8.72323 25.1655 0.538178
v -8.83743 25.1102 1.43377
v -9.44699 25.0831 2.24213
v -7.44326 -23.3214 -4.20531
v -7.5909 -23.8282 -3.50571
v -7.3751 -24.1018 -2.63217
v -7.70212 -24.2104 -1.90122
v -7.47596 -24.2733 -0.839389
v -7.65432 -24.2831 0.0176428
v -7.81843 -24.2855 0.79623
v -7.69393 -24.2626 1.67441
v -7.56163 -24.194 2.55881
v -7.44967 -24.1026 3.15295
v -7.61006 -23.8072 4.08292
v -7.46989 -23.2767 4.77367
v -7.69303 -22.1142 -4.83675
v -7.7886 -22.7616 -4.59142
v -7.85763 -22.3773 -3.41197
v -7.6868 -22.8532 -2.54369
v -7.61234 -22.9032 -1.70883
v -7.64516 -22.9152 -0.968116
v -7.57681 -22.917 -0.0760974
v -7.82424 -22.918 0.78536
v -7.70574 -22.9139 1.61338
v -7.47111 -22.8961 2.50733
v -7.82006 -22.8 3.29216
v -7.77954 -22.1883 4.04018
v -7.75193 -22.339 5.20281
v -7.55515 -21.1043 -5.08456
v -7.98711 -20.8731 -3.97974
v -7.54184 -21.3111 -3.82166
v -7.58674 -21.0819 4.30842
v -7.12351 -21.2995 5.44678
v -8.06463 -21.1834 5.47886
v -7.92513 -19.8678 -5.44295
v -7.47585 -19.99 -4.10616
v -7.45801 -19.7826 4.50062
v -7.87878 -20.0426 5.6564
v -7.77671 -18.8026 -6.10362
v -7.63953 -18.3716 -4.8433
v -7.7484 -18.9996 -4.47643
v -8.24807 -18.3297 4.53892
v -7.42488 -18.4922 4.75672
v -7.57232 -18.6504 5.96072
v -7.42119 -17.1407 -8.12682
v -7.56835 -17.9132 -7.14275
v -7.27187 -17.0477 -6.23925
v -7.48657 -17.7244 -5.4109
v -7.58978 -17.2487 5.02898
v -7.21874 -17.3203 6.55769
v -7.34522 -16.1173 -9.24153
v -7.62702 -16.1251 -7.101
v -7.85802 -15.9817 5.45875
v -8.25307 -15.9776 6.88821
v -7.40231 -14.7498 -10.4166
v -8.16322 -15.001 -7.91987
v -7.72675 -15.2233 5.9773
v -7.59572 -14.4619 6.58813
v -8.13987 -15.2527 7.47578
v -7.99166 -14.5088 8.16915
v -7.65437 -12.9451 -11.5817
v -7.4398 -13.7028 7.28585
v -7.23389 -12.951 8.06509
v -7.7774 -13.7496 8.9702
v -7.51706 -12.9599 9.81966
v -7.11962 -12.1865 -10.6866
v -8.14847 -11.7748 8.53254
v -7.23066 -12.1247 10.6583
v -8.02792 -10.8153 -12.6813
v -7.83516 -10.999 9.3644
v -8.09105 -10.8327 11.1351
v -7.44981 -10.1622 -11.7409
v -7.52003 -10.1866 10.1179
v -7.19065 -9.31576 10.7846
v -7.73163 -9.9021 11.8535
v -7.83669 -7.93882 -12.6687
v -8.18708 -8.94673 10.4517
v -7.87062 -8.0642 11.033
v -7.35197 -8.92586 12.5002
v -7.52434 -7.15629 11.5737
v -8.09904 -7.59441 12.6988
v -8.20705 -5.61762 -13.4236
v -7.64141 -6.0672 11.9065
v -7.41477 -6.14996 13.5557
v -7.39776 -4.61358 12.5842
v -7.67589 -4.48788 14.0308
v -7.21658 -3.61705 -16.0403
v -8.04542 -3.84203 12.5385
v -7.49129 -3.19422 13.1695
v -7.53288 -3.34964 14.4231
v -7.71234 -2.261 13.653
v -7.53089 -2.2187 14.3279
v -7.3769 -1.19607 -16.4463
v -7.46243 1.18118 -16.6568
v -7.48023 3.50494 -16.7034
v -7.43734 5.76543 -16.6176
v -7.33879 7.99381 -16.3801
v -7.18961 10.2212 -15.9717
v -8.05878 14.2017 -12.604
v -7.76623 15.856 10.9871
v -7.69395 15.8904 11.5876
v -7.78875 16.2994 -11.7431
v -7.46372 17.1021 10.0936
v -7.73636 16.7229 11.4773
v -7.49464 18.2086 -10.7735
v -8.1324 17.6558 9.42316
v -7.84886 17.6747 11.0322
v -8.03837 18.9664 -11.632
v -7.18105 19.8149 -9.73257
v -7.67152 19.0879 8.59084
v -7.36929 19.1488 10.312
v -7.69527 20.6771 -10.4822
v -7.85099 20.8779 6.8111
v -7.09323 20.5256 7.55936
v -8.12568 19.8948 9.51776
v -7.33724 21.9515 -9.27441
v -7.9534 21.6405 -6.8642
v -7.61821 22.2809 -5.69383
v -8.04182 22.1147 4.3639
v -7.37715 22.247 4.72054
v -7.78326 21.6879 5.5975
v -7.52894 21.455 8.37122
v -8.18757 23.3603 -5.96868
v -7.37904 22.8149 -4.24179
v -7.66586 23.0598 -2.57752
v -7.9143 23.2062 -1.40657
v -7.36301 23.3718 -0.942139
v -7.80527 23.3692 0.0727903
v -8.00962 23.3323 0.618808
v -7.62249 23.2312 1.38811
v -7.54925 22.9723 2.45617
v -7.56259 22.6106 3.54139
v -7.82245 23.3353 5.50794
v -7.4258 22.636 6.93682
v -7.96654 24.0156 -4.39023
v -7.23188 24.4994 -3.05751
v -8.11859 24.6509 -2.278
v -7.77939 24.8452 -1.14861
v -7.77816 24.8499 1.27197
v -7.92787 24.5537 2.47881
v -7.10784 24.1793 3.5847
v -7.86832 23.8894 4.1949
v -7.51106 23.6878 4.82547
v -7.64508 24.9113 0.0816118
v -6.57226 -23.3435 -3.93203
v -6.56477 -23.7971 -3.22975
v -6.3996 -24.0232 -2.5229
v -6.55857 -24.1578 -1.82135
v -6.3672 -24.2163 -0.918248
v -6.39516 -24.2468 -0.0670432
v -6.62904 -24.2575 0.814549
v -6.23044 -24.1889 1.69834
v -6.46319 -24.1292 2.48635
v -6.46502 -23.8684 3.52921
v -6.41837 -23.4451 4.2318
v -6.33574 -22.5124 -4.35765
v -6.75034 -22.244 -3.25923
v -6.37479 -22.5394 -2.71285
v -6.48508 -22.8675 -1.79948
v -6.37316 -22.8946 -0.928671
v -6.09717 -22.8979 0.0541498
v -6.54185 -22.9074 0.808996
v -6.28881 -22.8919 1.61767
v -6.36804 -22.8308 2.44941
v -6.47129 -22.4536 3.42983
v -6.7074 -22.0122 3.88849
v -6.39433 -22.4403 4.90506
v -6.04168 -20.9638 -4.74253
v -6.14274 -21.5655 -4.63103
v -6.28967 -21.3838 -3.40023
v -5.86462 -21.5326 3.60548
v -6.50544 -21.1803 4.05673
v -6.08672 -21.0819 5.21511
v -6.97774 -20.5652 5.57279
v -6.76631 -19.3246 -5.66789
v -6.41112 -20.1458 -5.08421
v -6.11352 -19.3761 -3.95842
v -6.30188 -20.1719 -3.73539
v -6.39161 -19.7438 4.37568
v -5.83725 -20.1229 5.40976
v -6.71738 -19.5643 5.78614
v -6.37837 -18.2153 -7.07112
v -6.61065 -18.8093 -6.21146
v -6.55041 -17.982 -5.26053
v -6.53883 -18.873 -4.42253
v -5.83806 -18.9458 4.53568
v -6.48283 -18.3384 4.90192
v -6.40926 -18.6176 6.10084
v -6.168 -17.9917 6.42958
v -6.12179 -17.4555 -8.17377
v -6.245 -17.3214 -6.1643
v -6.06934 -17.2649 5.40233
v -5.89684 -17.3463 6.88602
v -5.8932 -16.4429 -9.44631
v -5.911 -16.5296 -7.29686
v -6.79856 -16.2398 5.77898
v -6.57328 -15.5099 6.32781
v -6.84073 -15.963 7.58264
v -5.80594 -15.0559 -10.8008
v -6.92202 -15.2337 -8.38352
v -6.35058 -14.7828 6.95858
v -6.55022 -14.8969 8.57814
v -5.97331 -13.1731 -12.1493
v -6.91929 -13.9107 -9.55206
v -6.13726 -14.0526 7.65401
v -5.94013 -13.3131 8.39683
v -6.35635 -14.1474 9.33807
v -6.14774 -13.3544 10.1355
v -6.99276 -12.1877 8.87507
v -5.90936 -12.5051 10.9388
v -6.28819 -10.9523 -13.4137
v -6.7312 -11.3944 9.66501
v -6.43957 -10.5544 10.4089
v -6.9112 -11.2306 11.4545
v -5.84098 -10.2754 -12.4284
v -6.10822 -9.65134 11.0809
v -6.55168 -10.2642 12.1768
v -6.15828 -9.24914 12.8337
v -6.64344 -8.55116 -14.5157
v -6.16518 -8.00281 -13.467
v -6.84043 -8.40384 11.3838
v -6.94449 -7.92589 13.0942
v -6.46275 -7.46835 11.9351
v -6.50155 -6.92413 13.6542
v -6.97445 -6.07201 -15.4073
v -6.47376 -5.65352 -14.302
v -6.051 -6.5268 12.4578
v -6.01554 -5.9425 14.199
v -6.65168 -5.34214 12.6496
v -6.16416 -4.51045 13.1938
v -6.62502 -4.79874 14.378
v -6.70148 -3.31826 -14.895
v -6.63849 -3.53175 13.4538
v -6.26344 -3.02558 13.9764
v -6.36442 -3.61727 14.8109
v -6.48254 -2.56623 14.4643
v -6.27114 -2.8331 14.8784
v -6.85404 -1.00844 -15.2749
v -6.93712 1.26452 -15.4707
v -6.95641 3.48919 -15.5115
v -6.91758 5.65417 -15.4262
v -6.82629 7.78672 -15.1982
v -6.68818 9.91413 -14.8108
v -6.50892 12.0637 -14.2472
v -6.99482 12.4788 -15.3733
v -6.75945 14.7978 -14.5657
v -6.29413 14.2626 -13.4908
v -6.49298 17.0505 -13.587
v -6.05186 16.3914 -12.5813
v -6.50868 16.8284 10.8046
v -6.7277 16.6031 11.513
v -5.79013 18.3305 -11.5583
v -6.98743 18.4217 9.33258
v -6.37435 17.8005 10.0069
v -6.4068 18.1016 11.1485
v -6.20488 19.1093 -12.4758
v -5.90462 20.8467 -11.2703
v -6.85259 21.0041 -8.65784
v -6.3871 19.8626 8.38675
v -6.73767 20.7283 9.3048
v -6.03803 19.8649 10.1686
v -6.52797 21.8682 -7.51982
v -6.54003 22.2969 5.11367
v -6.95691 21.632 6.1955
v -6.98708 22.8883 -7.99063
v -6.66762 23.5862 -6.61286
v -6.22592 22.4994 -6.28905
v -5.90508 22.9732 -5.0043
v -6.69163 23.2578 -3.03144
v -6.28402 23.5181 -1.82555
v -5.99149 23.6352 -0.543173
v -6.82501 23.4871 -0.134205
v -6.64334 23.4304 1.0824
v -6.49437 23.2138 2.41226
v -6.43947 22.8363 3.78085
v -6.92249 23.2926 5.94847
v -5.99811 22.4324 7.76731
v -6.32988 24.1101 -5.18785
v -5.92488 24.5252 -3.76236
v -6.83478 24.7568 -1.70988
v -6.64149 24.8491 -0.253947
v -6.6862 24.7271 1.46789
v -6.09721 24.3963 3.06578
v -6.31406 23.8855 4.68427
v -5.73145 -23.3643 -3.50175
v -5.30338 -23.6873 -2.60092
v -5.15628 -23.9244 -1.71843
v -5.02137 -24.021 -0.998878
v -5.39348 -24.1416 0.0405563
v -5.12666 -24.0766 0.922735
v -5.2278 -24.0427 1.69961
v -5.23053 -23.8779 2.5217
v -5.21021 -23.5408 3.31485
v -5.35884 -22.2773 -3.9838
v -4.92899 -22.711 -3.4248
v -5.39038 -22.2627 -2.41259
v -5.21859 -22.5411 -1.77322
v -5.19384 -22.7834 -0.905999
v -5.03495 -22.8039 -0.087821
v -5.01655 -22.785 0.856719
v -5.1732 -22.7254 1.57045
v -5.15818 -22.413 2.39978
v -5.07314 -22.463 3.33193
v -5.19248 -22.4346 4.22423
v -5.13385 -21.1421 -4.20457
v -5.66476 -20.8003 -3.22962
v -5.0383 -21.1207 -2.65625
v -4.56474 -21.6463 -1.97394
v -4.62818 -21.6165 2.43201
v -5.32471 -21.1944 3.30129
v -5.16413 -21.2372 4.69838
v -5.15331 -19.5061 -5.22859
v -4.8685 -20.0486 -4.53318
v -5.42498 -19.802 -3.40357
v -4.74646 -19.9515 -2.82075
v -4.82172 -20.2417 3.27482
v -5.46324 -20.0805 3.84765
v -4.83236 -20.1188 4.96951
v -5.63909 -19.5439 5.58653
v -5.2455 -18.5483 -6.70879
v -5.54118 -19.109 -5.81791
v -5.65044 -18.2613 -4.90214
v -4.83118 -18.5608 -4.34802
v -5.14036 -19.0769 -3.78763
v -4.97614 -18.9201 4.24444
v -5.54644 -18.2882 4.82012
v -5.25032 -18.6815 6.02915
v -4.85691 -17.8307 -7.8918
v -4.78656 -16.8774 -7.04584
v -5.26749 -17.6325 -5.83494
v -5.18948 -17.6134 5.22203
v -4.75582 -16.9152 5.76965
v -4.73355 -17.755 6.73834
v -5.60641 -15.5203 -8.58016
v -5.7471 -16.5503 5.89376
v -5.41406 -15.8338 6.48472
v -5.61418 -16.6782 7.44933
v -5.33844 -15.9839 8.09867
v -4.95377 -14.7466 7.50859
v -5.08802 -15.2601 8.81319
v -4.88133 -14.5035 9.57204
v -5.45145 -14.1764 -9.92067
v -4.59361 -13.638 8.6083
v -4.69026 -13.6997 10.3533
v -5.56636 -12.3807 -11.2249
v -5.74066 -12.5487 9.16096
v -5.52028 -11.7437 9.9203
v -5.26048 -10.8823 10.6488
v -5.62617 -11.5867 11.7163
v -5.28314 -10.5866 12.4364
v -4.94269 -9.94875 11.3203
v -4.89628 -9.53195 13.0985
v -4.74616 -8.60486 -15.1567
v -5.16304 -8.83511 11.8133
v -5.73718 -8.20919 13.4336
v -5.14577 -7.24462 12.5052
v -5.29456 -7.16796 13.9852
v -5.00347 -6.10233 -16.1172
v -4.64696 -5.6779 -14.9631
v -5.59857 -5.59667 12.9714
v -4.83661 -6.14914 14.4969
v -5.15253 -4.73564 13.4672
v -5.52684 -5.03197 14.6796
v -5.07581 -4.2435 15.0466
v -5.18848 -3.63266 -16.7981
v -4.82047 -3.331 -15.5997
v -5.72454 -3.80249 13.7153
v -5.12983 -3.41766 14.2462
v -5.25478 -3.26462 15.077
v -5.30852 -1.20335 -17.2341
v -4.93406 -1.01464 -16.0077
v -5.37094 1.17806 -17.4601
v -4.99402 1.26147 -16.2187
v -5.38311 3.50405 -17.5109
v -5.00661 3.4876 -16.2645
v -5.35235 5.76709 -17.4213
v -4.9781 5.65404 -16.1764
v -5.27799 7.99955 -17.1729
v -4.90865 7.78937 -15.9388
v -5.15931 10.2338 -16.7475
v -4.79841 9.92216 -15.5357
v -4.64754 12.081 -14.9515
v -4.99564 12.5022 -16.1266
v -4.78628 14.8371 -15.2919
v -4.54519 17.1083 -14.2836
v -5.62968 17.1094 11.2132
v -4.99221 18.1435 10.1829
v -4.71761 17.9751 11.1783
v -5.76955 17.3481 11.4811
v -5.75 19.0875 9.19662
v -5.42939 19.055 10.8236
v -5.51697 19.9604 -10.4616
v -4.99519 20.4855 8.14232
v -4.61785 20.4502 9.98288
v -5.60168 22.1351 -10.0089
v -5.2404 21.1615 -9.33084
v -4.96292 22.0248 -8.15187
v -5.45896 22.3474 5.37861
v -5.68748 21.4481 6.96132
v -5.23754 21.3994 9.04959
v -5.29956 23.0678 -8.68693
v -4.687 22.6414 -6.91058
v -5.52413 23.3651 -3.70435
v -5.77009 23.5896 0.831251
v -5.57587 23.3621 2.31331
v -5.45633 22.9491 3.84757
v -5.74535 23.353 6.15064
v -5.00179 23.7382 -7.29994
v -4.69392 24.2313 -5.85955
v -5.3492 24.2234 -2.32532
v -4.85055 23.7762 -0.951464
v -4.82888 24.2937 0.738396
v -4.72977 24.5842 2.65055
v -5.29529 24.9167 -0.717556
v -4.30119 -23.3991 -2.23646
v -3.79484 -23.411 -1.45874
v -3.87283 -23.6216 -0.816273
v -4.03935 -23.7581 0.0796373
v -3.77042 -23.5708 1.07178
v -4.09329 -23.5657 1.8765
v -4.38704 -23.386 2.75174
v -4.41877 -21.7956 -3.44397
v -3.87716 -22.4383 -2.53091
v -3.42192 -22.7504 -1.62166
v -4.25462 -22.2147 -0.962048
v -4.20847 -22.4184 0.0566278
v -4.17788 -22.2738 0.949223
v -4.35488 -22.0895 1.68398
v -3.46109 -22.6998 2.11811
v -3.89109 -22.361 3.03308
v -4.28073 -21.0565 -3.54001
v -3.56306 -21.0472 -2.73175
v -4.22587 -20.8675 -1.81511
v -3.84825 -21.3055 -0.856808
v -3.64325 -21.222 0.222697
v -3.76205 -21.204 1.00735
v -4.05044 -21.1675 1.77117
v -4.41788 -20.8607 2.52071
v -3.51999 -21.0615 3.2593
v -4.26255 -21.1346 4.05683
v -3.38577 -19.3534 -5.0647
v -3.8594 -19.9492 -4.11174
v -4.29675 -19.8951 -3.39831
v -3.76995 -19.932 -2.50717
v -3.79471 -20.077 -1.60098
v -3.45895 -20.2285 -0.581765
v -3.3735 -20.2316 0.258408
v -3.46316 -20.1836 1.10485
v -3.71224 -20.0846 1.93083
v -3.84967 -19.7909 2.53582
v -3.84126 -19.7357 3.32829
v -3.82733 -19.9578 4.46525
v -3.91131 -19.3007 5.17562
v -3.74186 -18.2963 -7.1967
v -4.22841 -18.9238 -6.04393
v -4.3927 -17.9918 -5.24237
v -3.67398 -18.4104 -4.37775
v -4.13716 -18.8792 -3.61047
v -3.57342 -19.1742 -2.72753
v -3.9706 -18.6732 3.99625
v -4.40606 -17.997 4.81569
v -4.14639 -18.8147 5.73687
v -3.68641 -18.1969 6.32228
v -4.37999 -16.8849 -9.31732
v -3.79773 -17.3248 -6.42238
v -3.8671 -17.3193 5.41227
v -4.3344 -17.0792 7.37823
v -4.06341 -15.5025 -10.8764
v -4.21971 -15.9245 -8.47789
v -4.2926 -16.1963 6.42621
v -3.84694 -15.4591 7.15493
v -3.94483 -16.3644 8.10044
v -3.60528 -15.6138 8.87059
v -3.82792 -14.5796 -10.0123
v -3.46598 -14.7065 7.91905
v -3.35618 -14.8311 9.65428
v -4.15581 -13.4745 -12.4603
v -3.87219 -12.6483 -11.5302
v -4.40442 -12.8654 9.35815
v -4.21331 -12.0467 10.0987
v -4.4867 -12.8346 11.135
v -4.24252 -11.8938 11.8951
v -4.45184 -11.0817 -13.9325
v -3.9882 -11.165 10.8126
v -3.92961 -10.8632 12.6118
v -4.13711 -10.3853 -12.9191
v -3.52862 -9.69533 11.7923
v -3.56916 -9.77298 13.2773
v -4.40727 -8.04562 -14.0665
v -4.19571 -7.95596 12.4969
v -4.48164 -8.44981 13.7019
v -3.79778 -6.94202 13.0042
v -4.05523 -7.36736 14.2458
v -3.95882 -5.86997 13.3517
v -3.63307 -6.31177 14.7296
v -4.10771 -4.90319 13.695
v -3.75805 -4.14453 14.1163
v -4.19496 -4.79714 15.0875
v -4.09689 -3.39052 14.5475
v -3.77042 -3.30869 15.1897
v -4.45619 14.2944 -14.1701
v -4.2368 16.4403 -13.2323
v -4.0018 18.3965 -12.1786
v -3.59269 18.3623 10.3129
v -3.67349 18.0672 11.0754
v -4.28635 19.1855 -13.1416
v -4.42599 19.6295 9.02167
v -3.94792 18.8953 9.73678
v -3.89739 19.2315 10.8624
v -4.02372 20.9384 -11.906
v -3.76364 20.0409 -11.0497
v -3.4797 20.8777 7.91602
v -3.65302 21.7441 -10.2516
v -3.30732 22.1185 -8.67806
v -3.87119 21.7345 6.77939
v -3.61333 21.8255 8.80941
v -3.52115 23.1725 -9.27251
v -4.40013 23.098 -5.60989
v -4.08977 23.4814 -4.25275
v -4.37078 23.5049 2.13486
v -4.18509 23.0833 3.75931
v -4.06244 22.4814 5.35065
v -4.25099 23.5155 6.05954
v -4.03947 22.7403 7.57699
v -4.36153 24.632 -4.37738
v -3.77793 23.7586 -2.83019
v -3.48659 23.8963 -1.33327
v -4.42279 24.1353 4.37731
v -4.03262 24.9111 -2.83381
v -3.73523 25.0392 -1.20919
v -3.44655 24.9898 0.50012
v -3.218 -22.0156 -1.71722
v -3.02614 -22.5436 -0.714353
v -2.9285 -22.539 0.252203
v -3.23394 -22.9898 1.17408
v -2.95577 -22.2566 1.23972
v -3.19843 -21.9163 2.2265
v -2.99091 -21.0406 -1.81828
v -2.66474 -21.1312 -0.775344
v -2.54266 -21.1261 0.305904
v -2.62036 -21.0383 1.3891
v -2.97805 -21.0537 2.36421
v -2.24582 -19.4555 -4.48417
v -2.8885 -19.9249 -3.56788
v -2.19511 -20.0883 -2.44194
v -2.85006 -19.8668 -1.92915
v -2.65374 -19.7643 -0.733516
v -3.07941 -19.7703 0.32837
v -2.38119 -19.9628 0.434519
v -2.64159 -19.7612 1.5075
v -2.64004 -20.3626 2.65895
v -2.68104 -20.0393 3.34318
v -2.70363 -19.6473 4.09697
v -2.23375 -18.3545 -7.06735
v -2.89194 -18.8827 -6.00424
v -2.49481 -18.4789 -3.98091
v -3.10149 -18.8155 -3.30437
v -2.05997 -18.9087 -2.48378
v -2.66537 -19.1346 -2.08553
v -2.16288 -19.2238 0.535399
v -2.11493 -18.9774 1.81536
v -2.89516 -19.0864 2.51271
v -2.73651 -18.6863 3.21517
v -2.5669 -18.1829 4.0201
v -2.13966 -19.1147 4.69668
v -2.80519 -18.6556 5.64075
v -2.11666 -17.9806 6.42119
v -3.07153 -17.5025 -8.6069
v -2.2616 -17.3589 -6.42889
v -3.05394 -17.9048 -5.34726
v -3.12333 -17.747 4.82721
v -2.3449 -17.0393 5.59273
v -3.15086 -17.5134 7.0428
v -2.58361 -16.7735 7.85554
v -3.01905 -16.5147 -7.83978
v -3.25438 -16.5979 6.13473
v -2.61954 -15.8403 6.93844
v -2.09098 -15.9799 8.71227
v -2.07743 -15.0491 7.77547
v -2.28284 -13.6433 -12.7155
v -3.19685 -13.9409 8.68181
v -2.99632 -13.1454 9.43458
v -3.15905 -14.0017 10.4394
v -2.97542 -13.1109 11.2139
v -2.11811 -12.8004 -11.7783
v -2.82118 -12.3032 10.1687
v -2.76679 -12.1444 11.9656
v -2.56015 -11.1442 -14.3057
v -2.37857 -10.4394 -13.2708
v -2.62819 -11.3971 10.8757
v -2.49469 -11.0875 12.6825
v -2.22666 -9.88964 11.8595
v -2.18007 -9.97091 13.3525
v -2.78657 -8.62505 -15.5977
v -2.59048 -8.06166 -14.4781
v -2.99824 -8.14286 12.6668
v -3.18237 -8.65328 13.8837
v -2.63154 -7.09545 13.1701
v -2.79043 -7.5343 14.4231
v -2.96192 -6.11387 -16.595
v -2.75433 -5.68714 -15.4079
v -2.28056 -6.0708 13.6066
v -2.24314 -5.94468 15.0707
v -3.04077 -5.02887 13.872
v -2.73217 -4.24804 14.2531
v -3.06514 -4.91559 15.2593
v -3.08604 -3.63889 -17.3017
v -2.87064 -3.33589 -16.068
v -2.50382 -3.66331 14.613
v -2.45061 -3.46398 15.2982
v -3.16547 -1.2067 -17.7539
v -2.94525 -1.01703 -16.4913
v -3.20677 1.17612 -17.9882
v -2.98399 1.26031 -16.7105
v -3.2165 3.50296 -18.0408
v -2.99271 3.487 -16.7585
v -3.2012 5.76725 -17.9482
v -2.97724 5.65391 -16.6681
v -3.15422 8.0013 -17.6928
v -2.93207 7.78982 -16.4241
v -3.06886 10.2374 -17.257
v -2.85166 9.9235 -16.0116
v -2.73051 12.0837 -15.4155
v -2.93847 12.508 -16.6233
v -2.56308 14.2992 -14.6208
v -2.75636 14.8453 -15.7739
v -2.54123 17.1189 -14.7499
v -2.36656 16.4481 -13.668
v -2.15812 18.4085 -12.5979
v -2.13127 18.5083 10.6987
v -2.31176 19.1986 -13.5921
v -2.62928 19.2875 9.5274
v -2.33183 18.7514 10.0928
v -2.27605 19.0364 10.8976
v -2.08665 20.9541 -12.3415
v -3.02128 20.0243 8.81415
v -2.90656 20.4445 10.0986
v -2.23857 21.924 6.56245
v -3.07354 22.733 -7.41556
v -2.8256 23.1853 -6.08875
v -2.5557 23.5662 -4.68774
v -2.9605 23.6274 1.90703
v -2.7215 23.2104 3.57282
v -2.49451 22.6332 5.15778
v -2.29731 22.95 7.33319
v -3.26543 23.8376 -7.87071
v -2.99625 24.324 -6.40965
v -2.70572 24.7237 -4.88742
v -2.27233 23.8425 -3.21245
v -3.21453 23.8631 0.243847
v -3.14374 24.7367 2.29777
v -2.84869 24.2993 4.09665
v -2.58329 23.697 5.80962
v -2.40121 25.0063 -3.29636
v -2.09006 25.1413 -1.62883
v -1.2179 -19.7345 -3.13181
v -1.74215 -19.8807 -2.8062
v -1.342 -20.0941 -1.04216
v -1.35045 -20.0691 0.674275
v -1.26418 -19.7659 2.29312
v -1.73958 -19.5579 3.49299
v -1.41311 -18.076 -7.70923
v -1.21432 -18.7682 -5.20397
v -1.76854 -18.1928 -4.63454
v -1.36109 -18.752 -2.84608
v -1.37371 -19.0446 -0.993473
v -1.47993 -18.9906 0.646836
v -1.35283 -18.6321 2.16171
v -1.38619 -18.1078 3.57019
v -1.00857 -19.0746 4.0995
v -1.35988 -18.496 5.45842
v -1.30381 -17.0759 -7.08916
v -1.68267 -17.5371 4.75346
v -1.27482 -17.2275 7.32685
v -1.89201 -16.3722 -10.4624
v -1.42419 -16.2716 6.46781
v -1.75029 -15.3942 -9.65792
v -1.74292 -14.2265 8.59791
v -1.77927 -15.1358 9.56476
v -1.57547 -14.2469 10.3935
v -1.53503 -13.3752 9.38937
v -1.40657 -13.3193 11.1792
v -1.37279 -12.4978 10.1335
v -1.23095 -12.3291 11.9284
v -1.20992 -11.5689 10.8387
v -1.00016 -10.5629 11.5134
v -1.00698 -11.2529 12.6481
v -1.76347 -8.2994 12.7424
v -1.84389 -8.82512 13.9637
v -1.44716 -7.2278 13.2475
v -1.50709 -7.68074 14.5042
v -0.87907 -6.10106 -16.8433
v -0.823543 -5.67766 -15.6371
v -1.15042 -6.18039 13.6776
v -1.04908 -6.05572 15.139
v -1.51442 -4.89142 14.1304
v -1.77903 -4.579 15.4961
v -0.936904 -3.63241 -17.5462
v -0.877987 -3.33095 -16.2945
v -1.49672 -3.72898 14.6813
v -1.42607 -3.52328 15.3576
v -0.972485 -1.20433 -17.9967
v -0.910715 -1.01482 -16.7167
v -0.991193 1.17618 -18.2302
v -0.926777 1.26112 -16.9355
v -0.998408 3.50211 -18.282
v -0.931224 3.48724 -16.9827
v -0.99951 5.76646 -18.1873
v -0.929104 5.65392 -16.8901
v -0.981812 8.0001 -17.9285
v -0.909316 7.78881 -16.6427
v -0.932624 10.2339 -17.4879
v -0.860761 9.91955 -16.2255
v -0.83926 12.4988 -16.848
v -1.26493 19.5746 9.27856
v -0.948484 18.9241 10.0534
v -0.893193 19.1741 10.6052
v -1.95494 20.0583 -11.4512
v -1.91271 21.1106 7.68738
v -1.57036 20.2939 8.57771
v -1.24933 20.319 10.172
v -1.88459 22.2549 -11.0389
v -1.77418 21.2757 -10.2683
v -1.60097 22.15 -9.03969
v -1.94053 22.0784 8.56386
v -1.57165 21.1716 9.50801
v -1.69059 23.1928 -9.68136
v -1.42041 22.7704 -7.75538
v -1.21762 23.2263 -6.40558
v -0.977705 23.6069 -4.98047
v -1.16129 23.302 3.34485
v -0.899196 22.7374 4.92796
v -1.48967 23.8598 -8.26571
v -1.26686 24.3474 -6.78893
v -1.00717 24.7476 -5.24795
v -1.984 23.9814 -1.6628
v -1.69921 23.9498 -0.0387092
v -1.4519 24.2812 1.81306
v -1.18039 24.4119 3.80313
v -0.886101 23.8149 5.53532
v -1.77965 25.0986 0.122807
v -0.343208 -19.7055 -3.33786
v 0.276228 -19.9559 -1.34418
v -0.275035 -19.9099 -1.25464
v -0.203261 -19.7677 0.82629
v -0.246 -19.3217 2.80512
v -0.431909 -18.3545 -7.38506
v -0.162753 -18.6884 -5.14567
v -0.206472 -18.7214 -3.10288
v -0.269686 -18.933 -1.20953
v -0.331869 -18.7929 0.670899
v -0.0525196 -18.2816 2.47099
v -0.0937226 -18.5791 4.73939
v -0.168164 -17.5024 -9.11883
v -0.187426 -17.3589 -6.79462
v -0.345481 -17.6027 4.1642
v -0.564846 -16.8326 5.59306
v -0.338251 -17.8037 6.34469
v 0.00769742 -15.502 -11.5942
v 0.0447924 -16.5147 -8.38002
v -0.534105 -16.3803 8.30012
v 0.0813974 -14.5795 -10.7016
v -0.62843 -15.4297 7.40009
v -0.224876 -14.4994 8.33717
v -0.148979 -15.423 9.28341
v 0.0391234 -14.4222 10.2153
v -0.435421 -13.4735 -13.116
v -0.0391886 -13.5412 9.22162
v 0.188763 -13.4446 11.0344
v -0.385088 -12.6481 -12.145
v 0.102961 -12.6157 9.996
v 0.333008 -12.4386 11.7842
v -0.654416 -11.0803 -14.6016
v 0.317933 -11.1624 11.0421
v -0.605728 -10.3851 -13.5417
v -0.759869 -9.50481 12.1458
v -0.75164 -10.1198 13.3241
v -0.793603 -8.60328 -15.8529
v -0.742336 -8.04533 -14.7126
v -0.5054 -8.4199 12.724
v -0.481922 -8.95906 13.9426
v -0.253119 -7.33323 13.2361
v -0.214815 -7.79977 14.4896
v 0.0326934 -6.67118 14.9509
v -0.0193886 -6.26994 13.6702
v 0.250468 -5.62966 15.3065
v -0.0359406 -4.71806 14.2754
v -0.121249 -4.69577 15.5404
v -0.49324 -3.78927 14.7168
v -0.407046 -3.58048 15.388
v -0.772338 12.0738 -15.6236
v -0.632946 14.2792 -14.8218
v -0.689032 14.8257 -15.991
v -0.504972 17.0862 -14.9581
v -0.464165 16.4169 -13.8604
v -0.287572 18.3682 -12.7798
v -0.310114 19.1522 -13.7904
v 0.217315 19.4966 9.27492
v 0.416706 19.402 10.122
v -0.127489 20.8955 -12.529
v -0.124746 20.0143 -11.6203
v -0.107683 20.4602 8.31601
v 0.220797 20.5109 9.88233
v 0.0198684 22.1876 -11.215
v 0.00273542 21.2364 -10.422
v 0.116332 22.1198 -9.17804
v -0.635702 22.0467 6.32105
v -0.366329 21.2558 7.43594
v -0.294649 22.2304 8.29253
v -0.0165386 21.3471 9.22867
v 0.153348 23.1191 -9.84747
v 0.237502 22.7499 -7.88141
v 0.387708 23.212 -6.52509
v 0.42786 23.3439 3.10483
v -0.59176 23.0799 7.06454
v 0.294342 23.78 -8.42551
v -0.710837 23.8811 -3.48253
v -0.427172 24.0175 -1.91423
v -0.136872 23.9849 -0.278036
v 0.181107 24.3125 1.5481
v -0.720001 25.0303 -3.63705
v -0.414764 25.1654 -1.95048
v -0.100859 25.123 -0.182505
v 1.29438 -19.3534 -5.88993
v 0.442817 -19.4555 -4.95817
v 1.33001 -19.9248 -4.31162
v 0.54451 -19.8805 -3.20916
v 1.28825 -20.2091 -2.92711
v 1.21944 -20.2619 -1.47647
v 1.36236 -20.0682 0.19725
v 0.649033 -19.7992 0.634091
v 1.62351 -19.5973 2.03051
v 1.08988 -19.3197 2.5707
v 0.921971 -18.2963 -8.01905
v 0.530401 -18.8827 -6.60768
v 1.23894 -18.6472 -4.35448
v 1.29426 -19.0216 -2.92942
v 0.825718 -19.0446 -1.38121
v 1.47894 -18.9904 0.125313
v 0.800908 -18.8256 0.430565
v 0.821944 -18.7697 2.52191
v 1.61256 -18.5728 4.44054
v 0.836228 -18.3267 4.99297
v 0.819257 -16.8848 -10.234
v 1.23928 -17.3248 -7.31054
v 0.907311 -17.9048 -6.04574
v 1.1738 -17.4738 4.09712
v 1.26128 -16.9543 7.40864
v 0.955537 -15.9245 -9.39042
v 1.09789 -15.9851 6.57551
v 1.5056 -15.5454 8.94382
v 1.67069 -15.055 -12.1191
v 1.32331 -14.6183 8.01871
v 1.65568 -14.4759 9.9427
v 1.3788 -13.1712 -13.4456
v 1.63792 -14.1762 -11.1707
v 1.46231 -13.5935 8.96509
v 1.31107 -12.3803 -12.4375
v 1.57718 -12.6416 9.75945
v 1.24872 -10.9494 -14.7425
v 0.504924 -11.3528 12.5084
v 1.1629 -10.2749 -13.6634
v 0.577266 -9.58907 12.0227
v 0.693518 -10.2139 13.1922
v 1.20801 -8.54796 -15.9
v 1.1135 -8.00237 -14.7507
v 0.761936 -8.49866 12.6116
v 0.887795 -9.04884 13.8209
v 0.9421 -7.40594 13.1358
v 1.07676 -7.88448 14.3796
v 1.24942 -6.74768 14.8536
v 1.2138 -6.06962 -16.851
v 1.11627 -5.65345 -15.6411
v 1.10708 -6.33402 13.5827
v 1.39807 -5.69622 15.2217
v 1.31776 -4.92683 14.1467
v 1.51499 -4.78788 15.4626
v 1.22321 -3.61713 -17.5286
v 1.12459 -3.319 -16.2765
v 0.99372 -3.86001 14.6816
v 1.09995 -3.65127 15.3512
v 1.23232 -1.199 -17.9649
v 1.1345 -1.01003 -16.6861
v 1.23719 1.17628 -18.1924
v 1.14204 1.26249 -16.8993
v 1.23388 3.50024 -18.2431
v 1.14326 3.48756 -16.9452
v 1.21848 5.76437 -18.1494
v 1.13418 5.65417 -16.8532
v 1.20851 7.99649 -17.8931
v 1.13043 7.78728 -16.6078
v 1.22152 10.2244 -17.456
v 1.14762 9.91186 -16.1936
v 1.20139 12.0528 -15.5953
v 1.27507 12.4759 -16.8199
v 1.38668 14.7789 -15.9666
v 1.30734 14.2352 -14.7972
v 1.53041 17.01 -14.9371
v 1.44056 16.3464 -13.8392
v 1.57615 18.274 -12.7606
v 1.68031 19.0463 -13.7721
v 1.51491 19.8298 8.72001
v 1.65081 19.3166 9.25341
v 0.49211 19.1659 10.3261
v 1.34941 20.5286 8.03952
v 0.936175 22.1018 6.06302
v 1.15595 21.3177 7.16837
v 1.32464 22.2785 8.00515
v 1.53159 21.4067 8.9355
v 0.588407 23.5914 -5.1021
v 0.691714 22.7855 4.67991
v 1.08091 23.1181 6.78116
v 0.464241 24.2606 -6.94817
v 0.684435 24.6513 -5.41451
v 0.829153 23.8602 -3.61385
v 1.0995 23.9905 -2.06177
v 1.38899 23.9546 -0.447285
v 0.518097 24.4393 3.51692
v 0.809848 23.8464 5.25243
v 0.944918 24.9246 -3.81701
v 1.23569 25.0534 -2.14814
v 1.54673 25.0104 -0.400393
v 2.87505 -23.411 -2.63482
v 2.8681 -23.418 -1.74237
v 2.78236 -21.7956 -4.71372
v 2.5857 -22.4383 -3.67048
v 2.39413 -22.5055 -2.66705
v 2.4073 -22.5435 -1.67239
v 2.64615 -22.539 -0.73071
v 2.61979 -21.0565 -4.75675
v 2.22248 -21.0472 -3.75185
v 1.99908 -21.0404 -2.69795
v 2.04949 -21.1309 -1.60611
v 2.36166 -21.2739 -0.589213
v 2.60558 -21.1348 0.0766725
v 2.656 -20.7115 0.561228
v 2.5337 -19.6407 -6.20131
v 2.17517 -20.1246 -5.04173
v 1.91048 -20.3825 -3.88541
v 2.79275 -19.7068 -3.47598
v 2.60672 -19.8601 -2.59035
v 2.47861 -19.8106 -1.62556
v 2.67048 -19.632 -0.610688
v 1.91013 -20.4302 -0.240271
v 2.63669 -19.8017 0.738205
v 2.05303 -19.9274 1.46653
v 2.68302 -19.5481 2.71801
v 2.47962 -18.5483 -8.07093
v 1.75128 -18.9238 -7.0983
v 2.52952 -18.2763 -6.05443
v 2.13973 -18.6448 -5.06006
v 2.25158 -19.1742 -3.75462
v 2.06169 -19.2236 -0.209234
v 2.4544 -18.9759 1.00994
v 1.87771 -18.6303 1.59218
v 2.38906 -18.1013 2.90405
v 2.22994 -19.0643 3.53219
v 2.27826 -17.6431 -9.40242
v 1.95543 -16.8774 -8.23463
v 2.79917 -17.6325 -7.25731
v 2.3189 -16.8158 5.08118
v 2.38698 -17.7809 5.86677
v 2.19681 -16.4426 -10.8728
v 2.22334 -15.5202 -9.96075
v 2.86768 -14.4416 7.76164
v 1.77953 -13.4719 10.783
v 1.68341 -11.6927 10.4669
v 1.89313 -12.4635 11.5336
v 1.79652 -10.6772 11.1525
v 2.01243 -11.3804 12.2632
v 2.9088 -10.1615 -13.5681
v 1.91179 -9.61599 11.803
v 2.13278 -10.2471 12.9567
v 2.02452 -8.52999 12.4054
v 2.24953 -9.08819 13.599
v 2.35801 -7.92796 14.1748
v 2.13001 -7.4401 12.9465
v 2.45357 -6.79087 14.669
v 2.26529 -5.87185 13.6176
v 2.53104 -5.7361 15.0582
v 2.38237 -4.53308 14.1905
v 2.59815 -4.46648 15.3737
v 2.45144 -3.90215 14.5355
v 2.56286 -3.55829 15.1333
v 2.8874 19.7963 8.43907
v 1.75548 19.0844 9.68328
v 1.82882 19.2499 10.023
v 1.81042 20.7643 -12.5125
v 1.68919 19.9055 -11.6012
v 2.78359 20.5042 7.75867
v 1.6923 20.5814 9.58329
v 1.79732 19.8815 9.95962
v 1.89479 22.0411 -11.1991
v 1.75476 21.1283 -10.4005
v 1.80446 22.0236 -9.15086
v 2.47582 22.0882 5.79623
v 2.65064 21.3007 6.89136
v 2.91765 22.2203 7.71147
v 1.96488 22.9663 -9.83079
v 2.05215 23.6297 -8.40633
v 1.86986 22.6724 -7.84464
v 1.96575 23.1496 -6.48668
v 2.10693 23.5301 -5.08183
v 1.97828 23.322 2.88221
v 2.24642 22.7693 4.43237
v 2.72445 23.053 6.49319
v 2.1695 24.1128 -6.93452
v 2.32985 24.4966 -5.42418
v 2.42185 24.2749 -3.74622
v 2.83048 24.8726 -2.24258
v 2.54256 23.9134 -2.125
v 2.82589 23.872 -0.56632
v 1.77762 24.2463 1.33098
v 2.18273 24.3476 3.25819
v 2.47383 23.769 4.97671
v 3.99612 -23.3643 -5.21698
v 3.67566 -23.5538 -4.32047
v 3.55312 -23.6915 -3.4368
v 3.60014 -23.8348 -2.6161
v 3.58841 -23.8331 -1.85671
v 3.55308 -23.6964 -1.06347
v 3.71759 -23.5708 -0.24856
v 4.12399 -23.4028 0.546297
v 3.59265 -22.5698 -5.47567
v 3.54929 -22.449 -4.33888
v 3.8549 -22.405 -3.3151
v 3.66878 -22.4065 -2.58032
v 3.65241 -22.4075 -1.85866
v 3.91728 -22.4189 -1.02823
v 3.30499 -22.4 -0.0103939
v 3.71483 -22.4385 0.904527
v 3.92981 -21.2646 -6.45393
v 3.19418 -21.1421 -5.67302
v 4.02652 -20.8003 -4.93846
v 3.63395 -21.1207 -4.1854
v 3.29762 -21.168 -3.39041
v 3.11284 -21.2025 -2.57062
v 3.10704 -21.2215 -1.7626
v 3.3077 -21.222 -1.00291
v 3.6877 -21.2039 -0.306176
v 3.80258 -21.0608 0.761397
v 3.37856 -20.8631 1.2955
v 3.5971 -20.0227 -6.68731
v 2.95053 -20.244 -5.78812
v 3.74263 -19.802 -5.02007
v 3.18057 -19.7393 -4.30653
v 3.07538 -20.2707 -3.39138
v 3.06744 -20.2315 -0.877131
v 3.35881 -20.014 -0.0216315
v 3.87211 -19.8899 0.701822
v 3.10315 -20.174 1.8479
v 4.03578 -20.2649 2.30411
v 3.76878 -19.6325 2.96418
v 3.4202 -18.2154 -8.79887
v 3.47882 -18.9592 -7.69944
v 3.45954 -18.2613 -6.50848
v 3.90932 -18.8355 -6.03811
v 3.35031 -19.0769 -5.28477
v 3.40628 -19.0833 1.4021
v 3.50569 -18.6799 2.1147
v 3.54751 -18.6315 3.32149
v 3.02051 -18.4704 4.69204
v 4.06117 -17.1409 -10.1515
v 3.60508 -17.3214 -7.90113
v 3.51624 -17.2604 4.19382
v 4.04729 -17.9273 5.34329
v 3.583 -17.1666 6.47257
v 3.63095 -16.117 -11.1771
v 4.02171 -16.2484 -9.20899
v 2.92613 -16.5296 -8.85508
v 3.40759 -16.2248 5.60442
v 3.21729 -16.3153 7.6309
v 3.30175 -14.7486 -12.3045
v 3.52672 -15.2337 -10.226
v 2.96807 -15.3767 6.74677
v 3.15535 -15.3557 8.67958
v 3.24516 -14.3566 9.61381
v 3.15215 -12.9422 -13.4882
v 3.1431 -13.9105 -11.3264
v 2.9406 -13.4821 8.65353
v 3.33468 -13.3864 10.4288
v 2.95458 -12.1859 -12.4631
v 3.02097 -12.5604 9.42691
v 3.41743 -12.3943 11.1774
v 3.13261 -10.8108 -14.6511
v 3.09952 -11.6252 10.1334
v 3.16697 -10.6252 10.8246
v 3.48694 -11.3291 11.9124
v 3.22327 -9.57977 11.4866
v 3.54354 -10.2137 12.6177
v 3.19355 -8.46749 -15.7164
v 2.95339 -7.9385 -14.5731
v 3.26834 -8.50822 12.1057
v 3.60343 -8.49707 13.5765
v 3.30213 -7.42988 12.668
v 3.63915 -6.79376 14.3959
v 3.2854 -6.02521 -16.6069
v 3.03596 -5.61849 -15.4101
v 3.33376 -5.87062 13.377
v 3.64516 -5.74266 14.8125
v 3.36447 -4.53543 13.9862
v 3.62177 -4.47373 15.1646
v 3.3586 -3.59696 -17.2457
v 3.10416 -3.30286 -16.011
v 3.42125 -3.72906 14.5226
v 3.53266 -3.56863 15.0827
v 3.41083 -1.19349 -17.661
v 3.15534 -1.00467 -16.4016
v 3.43977 1.17444 -17.8806
v 3.18688 1.26302 -16.6075
v 3.4431 3.49607 -17.9327
v 3.19613 3.48717 -16.6545
v 3.4185 5.76064 -17.8454
v 3.18046 5.65473 -16.5683
v 3.38602 7.99101 -17.5998
v 3.15799 7.78617 -16.3328
v 3.36571 10.21 -17.1769
v 3.14682 9.90195 -15.9322
v 3.16508 12.0225 -15.3503
v 3.3776 12.4405 -16.5581
v 3.44175 14.7054 -15.7242
v 3.23088 14.1684 -14.5714
v 3.53175 16.8903 -14.7157
v 3.31777 16.2366 -13.6339
v 3.39932 18.1244 -12.5766
v 3.62121 18.8807 -13.5729
v 3.4491 19.7286 -11.4382
v 3.08538 19.2997 9.43378
v 3.17198 19.3318 9.79036
v 3.68372 20.5625 -12.336
v 3.44066 20.9466 -10.2573
v 3.14295 20.5266 9.29098
v 3.6929 21.8211 -11.0453
v 3.4233 21.857 -9.01588
v 4.0007 21.9993 5.50857
v 4.13206 21.1907 6.59941
v 3.05622 21.3514 8.64094
v 3.69824 22.7495 -9.69124
v 3.74928 23.4406 -8.26436
v 3.44631 22.5389 -7.69605
v 3.49187 23.0464 -6.32973
v 3.54217 23.434 -4.94889
v 3.44679 23.2476 2.65596
v 3.75426 22.6919 4.16768
v 4.09477 23.6083 4.69297
v 3.82135 23.9531 -6.79513
v 3.88983 24.3456 -5.31406
v 3.84026 24.1435 -3.6771
v 3.84854 23.7991 -2.12351
v 3.63434 24.2861 -0.600849
v 3.13231 23.6455 1.05265
v 3.46052 24.5857 1.23702
v 3.77471 24.177 3.01482
v 5.36406 -23.3214 -6.46359
v 4.79855 -23.5286 -5.74561
v 4.82928 -23.8388 -5.07843
v 4.75736 -24.0002 -4.36089
v 4.99679 -24.1373 -3.53805
v 4.81507 -24.1431 -2.65521
v 4.89007 -24.1416 -1.77271
v 4.66055 -24.0221 -0.744936
v 4.8758 -23.9234 -0.0732428
v 5.01263 -23.5561 0.941286
v 5.04931 -22.4612 -6.83055
v 4.27123 -22.5124 -6.22794
v 4.95498 -22.3097 -5.13828
v 4.76359 -22.6568 -4.38269
v 4.94933 -22.8517 -3.41963
v 4.83089 -22.8561 -2.62371
v 4.78526 -22.8476 -1.81666
v 4.81502 -22.785 -0.876852
v 4.81703 -22.5079 -0.127326
v 5.20555 -22.2625 0.531408
v 4.50166 -22.3607 1.55348
v 4.7289 -21.1541 -7.09809
v 5.27795 -20.9399 -6.07169
v 4.55539 -21.3838 -5.31251
v 4.27197 -21.4047 0.271377
v 4.87726 -21.1125 0.83997
v 4.22927 -21.0591 1.89565
v 5.19887 -21.1316 2.3917
v 4.66908 -19.5767 -7.60848
v 4.5596 -20.2939 -7.21754
v 4.65497 -19.9642 -5.88029
v 4.66176 -20.1536 1.07302
v 4.87365 -19.6087 1.5564
v 4.99803 -20.1696 2.76087
v 4.86178 -19.7194 3.10184
v 5.04102 -18.8027 -8.36374
v 4.70056 -18.3172 -6.9832
v 4.84565 -19.1855 -6.37493
v 4.91442 -18.6628 2.43026
v 4.67135 -19.2169 3.62296
v 4.40496 -18.6152 4.38176
v 5.38428 -16.8551 -10.2663
v 4.51379 -17.9134 -9.27317
v 4.54436 -17.0477 -8.32278
v 5.01093 -17.7245 -7.61455
v 4.42096 -17.7211 3.49466
v 5.31273 -17.2795 3.78969
v 5.21444 -17.4292 5.57984
v 5.1013 -15.8433 -11.1765
v 5.18938 -16.0019 -9.30692
v 4.99321 -16.5369 4.66982
v 4.67164 -15.7591 5.63132
v 4.96846 -16.6688 6.52509
v 4.78883 -15.8604 7.48221
v 4.91657 -14.5025 -12.1819
v 4.85152 -15.001 -10.2148
v 4.43104 -14.9511 6.59006
v 4.74859 -15.0096 8.36995
v 4.61851 -13.7042 -11.2009
v 4.35439 -14.1179 7.46191
v 4.37471 -13.2639 8.26082
v 4.78753 -14.1237 9.19726
v 4.84548 -13.2097 9.97312
v 4.89444 -12.7399 -13.2487
v 4.55861 -12.0183 -12.2298
v 4.42497 -12.3934 9.00074
v 4.89864 -12.245 10.7209
v 4.98498 -10.6608 -14.3052
v 4.4906 -10.9942 10.0569
v 4.92321 -11.2066 11.464
v 4.62069 -10.0384 -13.2376
v 4.50762 -9.4839 11.0833
v 4.92279 -10.1165 12.1851
v 5.13829 -8.37026 -15.2795
v 4.49143 -8.43352 11.7231
v 4.90097 -8.99642 12.8672
v 4.75366 -7.85948 -14.1605
v 4.45826 -7.37345 12.3113
v 4.86132 -7.86811 13.493
v 4.80745 -6.7534 14.0454
v 5.30444 -5.97354 -16.0999
v 4.9064 -5.57676 -14.9344
v 4.41105 -6.32203 12.8331
v 4.74173 -5.71323 14.4951
v 5.36994 -5.2807 12.9455
v 4.65674 -4.77339 13.4713
v 4.66655 -4.80856 14.8128
v 5.02782 -3.28533 -15.4955
v 5.22842 -3.84794 13.8044
v 4.72914 -3.56421 14.3913
v 4.54085 -3.87495 14.9522
v 5.11677 -1.00078 -15.8654
v 5.17213 1.2613 -16.066
v 5.19278 3.48533 -16.1189
v 5.17759 5.65571 -16.0461
v 5.14418 7.7864 -15.831
v 5.11016 9.89134 -15.4573
v 5.09316 11.9845 -14.9085
v 5.11078 14.0798 -14.1683
v 5.13761 16.0875 -13.2743
v 5.14824 17.9176 -12.2641
v 5.11723 19.4804 -11.1754
v 4.25389 19.3793 8.43399
v 4.44045 19.135 9.37022
v 5.01918 20.686 -10.0457
v 4.19448 20.3714 7.47312
v 4.56462 20.344 9.00484
v 5.36689 21.5338 -10.8075
v 4.91917 21.6062 -8.85206
v 4.8823 22.3126 -7.5714
v 4.49862 22.0543 7.40163
v 4.55555 21.174 8.34259
v 5.29257 22.4729 -9.50956
v 5.29095 23.1998 -8.13903
v 5.02757 22.9049 -6.06204
v 4.77589 23.3368 -4.66346
v 4.80065 23.5693 -3.37873
v 5.22275 23.6029 -0.7332
v 4.43218 23.5291 0.875923
v 4.79024 23.1321 2.40506
v 5.20456 22.5563 3.86819
v 4.35724 22.8955 6.1843
v 5.23659 24.3036 -5.05935
v 5.32077 24.5307 -3.6648
v 4.33882 24.69 -2.25457
v 4.964 23.6605 -2.07687
v 4.68536 24.6176 -0.637241
v 4.96033 24.377 1.06974
v 5.25524 23.9679 2.77471
v 6.22597 -23.4941 -6.64797
v 5.98946 -23.8681 -5.88311
v 6.10442 -24.1031 -5.0988
v 5.94743 -24.1887 -4.28705
v 5.99121 -24.2423 -3.54956
v 6.09213 -24.2614 -2.54887
v 6.23392 -24.2614 -1.72953
v 5.9085 -24.203 -0.887261
v 6.10034 -24.1244 -0.0641287
v 5.84768 -23.8752 0.748984
v 5.73541 -23.3635 1.56682
v 5.81105 -22.086 -7.35972
v 5.96896 -22.7432 -7.15297
v 6.05139 -22.3155 -5.93365
v 6.07299 -22.8081 -5.15985
v 5.91111 -22.8904 -4.21629
v 5.93259 -22.9038 -3.54056
v 6.15971 -22.9117 -2.55011
v 6.01546 -22.9055 -1.71658
v 5.95217 -22.8913 -0.853339
v 6.05748 -22.8266 -0.054871
v 6.0058 -22.3959 0.790768
v 5.56415 -22.8667 1.86066
v 6.13197 -22.4345 2.22759
v 6.06858 -21.0083 -7.68115
v 6.29906 -20.8402 -6.53563
v 5.74289 -21.4967 -6.16933
v 5.7458 -21.5779 1.13819
v 6.20928 -21.1791 1.40776
v 6.26548 -21.2347 2.68566
v 6.30552 -19.4088 -8.16889
v 5.92273 -20.0607 -7.85334
v 6.1316 -19.8719 -6.69593
v 6.01098 -20.2187 1.64947
v 5.97458 -19.8498 3.21606
v 6.08355 -18.5542 -8.65492
v 6.14971 -18.1636 -7.40376
v 5.93945 -18.9133 -6.95511
v 5.93644 -18.913 2.32194
v 5.66856 -18.775 4.02405
v 5.45377 -18.1358 4.72772
v 5.70118 -17.6308 -9.48488
v 5.56387 -16.8004 -8.5123
v 5.90672 -17.4899 -7.86617
v 6.03971 -17.7806 3.10751
v 6.26394 -16.8641 3.82135
v 6.56879 -17.677 4.76669
v 6.42616 -16.9704 5.49565
v 6.58746 -15.5565 -10.9003
v 6.37632 -15.7582 -9.15944
v 6.61043 -16.5686 -8.45974
v 6.05882 -16.1171 4.58647
v 6.3112 -16.2267 6.29151
v 6.53087 -14.2366 -11.7828
v 6.18358 -14.7584 -9.95627
v 5.88489 -15.352 5.4083
v 5.76689 -14.5758 6.23518
v 6.24125 -15.4545 7.10682
v 6.23361 -14.6624 7.89418
v 6.08574 -13.4792 -10.8262
v 5.72959 -13.7956 7.01544
v 5.74366 -12.996 7.76088
v 6.26277 -13.8366 8.66169
v 6.30323 -12.9636 9.41746
v 6.61546 -12.518 -12.7324
v 6.13632 -11.8308 -11.7453
v 5.7798 -12.1618 8.48329
v 6.32948 -12.0294 10.1696
v 5.80869 -11.2777 9.19447
v 6.31601 -11.0206 10.9263
v 6.28729 -9.89929 -12.6542
v 5.80103 -10.3284 9.90622
v 5.76076 -9.33188 10.6028
v 6.26756 -9.95843 11.669
v 5.69184 -8.30607 11.2686
v 6.18887 -8.86446 12.3792
v 6.49068 -7.77102 -13.4937
v 5.59822 -7.26894 11.8877
v 6.08468 -7.7601 13.0386
v 5.95974 -6.66682 13.6287
v 6.54386 -6.11071 12.005
v 5.48384 -6.23844 12.4446
v 5.82204 -5.64515 14.1167
v 6.28793 -4.78036 12.7879
v 5.67959 -4.7556 14.4699
v 5.43354 -3.57579 -16.6946
v 6.11555 -3.61869 13.6564
v 5.98356 -3.72048 14.4087
v 5.52492 -1.19055 -17.0871
v 5.57794 1.16866 -17.3009
v 5.59195 3.48833 -17.3595
v 5.56631 5.75492 -17.2862
v 5.52001 7.9842 -17.0618
v 5.47205 10.1919 -16.6667
v 5.44143 12.3939 -16.0817
v 5.44715 14.6058 -15.2873
v 5.46588 16.7267 -14.3231
v 5.61677 18.5828 9.03388
v 5.4743 18.6557 -13.2286
v 5.54784 19.3722 7.89154
v 5.53845 18.8312 8.44921
v 5.80278 19.092 9.20157
v 5.44908 20.2917 -12.0436
v 6.44907 20.3416 -9.81923
v 5.61457 20.9737 6.28702
v 5.58167 20.1146 7.18249
v 5.98845 20.4493 8.3812
v 6.23839 21.2572 -8.73834
v 6.09325 21.9568 -7.60647
v 5.52828 21.8281 5.18797
v 6.08182 21.7791 7.06578
v 6.58239 22.8945 -8.16977
v 6.11836 22.4329 -6.5231
v 6.41846 22.6779 -5.58771
v 5.90439 23.0052 -5.05271
v 6.11796 23.1724 -4.25967
v 6.04931 23.3582 -3.39419
v 6.41585 23.3797 -2.84684
v 6.19067 23.4522 -1.9678
v 6.07772 23.4427 -0.820771
v 5.95873 23.3134 0.555825
v 5.93103 23.0015 2.0919
v 6.44896 22.4249 3.44991
v 5.66158 23.3901 4.386
v 5.99768 22.6563 5.83817
v 5.48819 23.8494 -6.55942
v 6.46066 24.242 -5.61757
v 6.24234 24.4762 -4.63522
v 6.30937 24.6413 -3.4639
v 6.12293 24.6413 -2.26307
v 6.26794 24.4614 -0.677574
v 6.29381 24.1643 0.990986
v 6.53959 23.7699 2.52258
v 7.34275 -23.4671 -6.83847
v 7.41333 -23.9362 -6.09737
v 7.33499 -24.1559 -5.12642
v 7.33093 -24.2486 -4.27185
v 7.27672 -24.2794 -3.46803
v 7.19931 -24.2855 -2.64934
v 7.55808 -24.2824 -1.71003
v 7.05586 -24.2586 -0.982432
v 7.22693 -24.1923 -0.145594
v 7.25447 -24.0267 0.708619
v 7.15931 -23.5104 1.72153
v 7.18408 -22.3488 -7.47349
v 7.27723 -22.4703 -6.03832
v 7.30372 -22.8926 -4.98088
v 7.19796 -22.9092 -4.2895
v 7.4314 -22.9168 -3.50794
v 7.20656 -22.918 -2.64636
v 7.55485 -22.9174 -1.72984
v 7.07225 -22.9126 -1.04973
v 7.25146 -22.8918 -0.106334
v 7.1927 -22.6464 0.827683
v 7.04748 -22.0247 1.32926
v 7.49417 -22.4402 2.45632
v 7.45378 -20.8729 -7.80695
v 7.1669 -21.1908 -6.56452
v 7.30839 -21.1801 1.62119
v 7.3626 -21.422 2.76945
v 7.25434 -20.7357 2.9432
v 7.35755 -19.8475 -8.02041
v 7.21557 -19.7106 -6.83203
v 7.30937 -19.7424 1.96128
v 7.07055 -19.8202 3.25141
v 7.20717 -18.625 -8.52418
v 6.98874 -17.9812 -7.44772
v 7.48423 -18.6091 -7.05659
v 7.05341 -18.6354 2.40895
v 6.86786 -18.9446 3.69919
v 6.7218 -18.3379 4.15206
v 6.92316 -17.3561 -9.42504
v 7.46833 -17.3962 -7.61442
v 7.50257 -17.967 2.59309
v 7.36225 -17.2346 3.0333
v 7.74911 -17.5987 4.25148
v 6.73498 -16.5666 -10.1069
v 7.5867 -15.9365 -8.48761
v 7.23486 -16.494 3.59903
v 7.12851 -15.7467 4.25622
v 7.6444 -16.558 5.12793
v 7.61025 -15.8317 5.81212
v 7.46959 -14.5141 -9.47614
v 7.05134 -14.9938 4.97079
v 7.01146 -14.2368 5.70869
v 7.60523 -15.0838 6.53487
v 7.63123 -14.3168 7.26708
v 7.48994 -13.2458 -10.2327
v 7.017 -13.477 6.43585
v 7.66899 -13.5168 8.00961
v 7.06099 -12.2929 7.51696
v 7.69923 -12.6697 8.76329
v 7.70269 -11.7616 9.52898
v 6.79356 -10.4956 -13.6825
v 7.63476 -11.6323 -11.0455
v 7.08552 -11.0257 8.60031
v 7.6601 -10.7786 10.3075
v 7.85975 -9.75036 -11.8596
v 7.05214 -10.0998 9.33195
v 7.57485 -9.74235 11.0792
v 7.01751 -8.26467 -14.5668
v 6.97862 -9.12717 10.055
v 6.86762 -8.12605 10.7528
v 7.45037 -8.67456 11.8244
v 7.82883 -6.90834 10.8843
v 6.72181 -7.11452 11.4084
v 7.29005 -7.59691 12.5235
v 7.23966 -5.92028 -15.3188
v 6.69846 -5.53225 -14.2044
v 7.59197 -5.93623 11.5252
v 6.99234 -6.03341 13.4223
v 7.34668 -5.03726 12.1077
v 7.13339 -4.27136 12.6302
v 7.65541 -4.54852 13.6548
v 6.67554 -4.66956 14.0806
v 7.41232 -3.55754 -15.8721
v 6.86264 -3.26923 -14.727
v 7.84742 -3.57759 12.6876
v 7.34143 -3.46004 13.4624
v 7.18212 -3.48171 13.9377
v 7.53648 -1.19295 -16.2459
v 6.98373 -1.00037 -15.0796
v 7.61311 1.15698 -16.4594
v 7.06222 1.25592 -15.2803
v 7.64317 3.47575 -16.532
v 7.09862 3.48124 -15.3469
v 7.62765 5.74686 -16.4827
v 7.09344 5.65718 -15.2975
v 7.57974 7.9766 -16.2922
v 7.05984 7.7889 -15.1158
v 7.51267 10.1713 -15.9411
v 7.01098 9.88158 -14.7853
v 6.96004 11.9404 -14.2896
v 7.43964 12.3371 -15.4099
v 7.37386 14.4805 -14.6792
v 6.92017 13.9705 -13.6123
v 6.87026 15.8988 -12.7901
v 7.29965 16.5192 -13.7879
v 7.2013 18.371 -12.775
v 6.78919 17.6522 -11.8595
v 6.76778 18.3069 8.43141
v 6.91415 18.3136 8.98988
v 6.65583 19.1575 -10.857
v 6.93416 19.6991 6.89757
v 6.82168 18.9648 7.62661
v 7.28844 19.5847 8.44883
v 7.12587 18.9099 8.88008
v 7.06314 19.9537 -11.6793
v 7.72774 19.9712 -9.51518
v 7.3729 20.8813 -8.58901
v 7.07004 20.5592 5.99328
v 7.45751 20.4052 7.73889
v 6.86948 21.1852 -10.5397
v 7.28587 21.9794 -9.2841
v 7.09302 21.5614 -7.6546
v 7.31088 21.8502 -6.78797
v 7.36292 22.1285 -6.00231
v 7.84507 22.1413 -5.40652
v 7.33913 22.3599 2.82885
v 7.51682 21.9223 5.06349
v 7.62764 21.3139 6.74963
v 7.64737 22.5874 -8.22905
v 7.5694 23.2005 -7.34662
v 6.65864 23.4953 -7.08177
v 7.10011 22.6647 -4.97272
v 7.5313 22.8512 -4.33389
v 7.3091 23.3246 -3.46907
v 7.47655 23.5161 -2.66708
v 7.49167 23.4263 -1.87683
v 7.08102 23.2442 -0.991549
v 7.37621 22.9904 0.00853933
v 7.12911 22.8107 1.44824
v 7.54304 23.6324 2.24315
v 7.02376 23.2069 3.9562
v 7.72442 23.7138 -6.61593
v 7.27394 24.2023 -5.91181
v 7.16599 24.615 -4.9992
v 7.02896 24.7726 -4.17787
v 7.10105 24.8711 -3.23846
v 7.36526 24.8941 -2.29449
v 7.82083 24.8418 -1.45754
v 7.14704 24.6233 -1.25167
v 7.53036 24.2269 0.0355758
v 7.38728 23.9697 1.0598
v 7.80401 24.9831 -4.54485
v 7.75698 25.1319 -3.42374
v 8.64859 -23.3654 -6.59724
v 8.70856 -23.8261 -5.91473
v 8.56262 -24.1143 -5.0437
v 8.72489 -24.1836 -4.41139
v 8.41815 -24.2634 -3.50746
v 8.72901 -24.2617 -2.57579
v 8.48622 -24.2753 -1.8034
v 8.53812 -24.229 -0.795675
v 8.44404 -24.1605 -0.0670385
v 8.47093 -23.9904 0.751739
v 8.65093 -23.5371 1.59981
v 8.42123 -21.9306 -7.36161
v 8.44795 -22.6395 -7.15023
v 8.33582 -22.254 -5.95182
v 8.54729 -22.7895 -5.18834
v 8.60292 -22.893 -4.41403
v 8.55031 -22.9103 -3.47963
v 8.65281 -22.9131 -2.56708
v 8.56457 -22.9145 -1.80246
v 8.67472 -22.9053 -0.945967
v 8.52397 -22.88 -0.137552
v 8.51253 -22.5388 0.830789
v 8.17679 -21.9848 1.36811
v 8.45012 -22.372 2.4076
v 8.37694 -21.1668 -7.52159
v 7.99777 -20.6857 -6.46685
v 8.44307 -21.0996 -6.18233
v 8.41054 -21.0817 1.48788
v 8.3147 -20.9291 2.80379
v 8.31894 -20.0631 -7.74168
v 7.92574 -19.6171 -6.67169
v 8.60145 -19.9 -6.26695
v 8.35445 -19.7815 1.71355
v 9.09316 -19.6698 2.74289
v 8.15023 -19.8761 3.07473
v 8.25468 -18.429 -8.28167
v 8.28344 -19.0662 -8.0175
v 8.60344 -18.793 -6.53998
v 8.76027 -18.4066 1.72321
v 8.45678 -18.7658 3.25657
v 8.12844 -17.0921 -9.11362
v 8.20703 -17.7798 -8.63842
v 8.62202 -16.9155 -7.28
v 8.61847 -17.6729 -6.92875
v 9.05611 -17.1259 1.87864
v 8.27091 -17.3353 2.44871
v 8.84194 -17.6033 3.5272
v 8.82044 -16.9085 3.97451
v 8.05648 -16.2825 -9.69616
v 8.60934 -16.1488 -7.71146
v 9.07731 -15.9413 2.46944
v 8.18572 -16.1885 3.13212
v 8.83115 -16.1996 4.5139
v 8.86465 -15.4753 5.12727
v 8.02873 -15.2675 -10.3749
v 8.63344 -14.7856 -8.50992
v 8.1685 -15.4303 3.71143
v 8.17502 -14.6747 4.35425
v 8.9115 -14.7344 5.79649
v 8.08277 -13.9635 -11.1388
v 8.77626 -13.0145 -9.45047
v 8.20055 -13.92 5.03717
v 8.24033 -13.1645 5.73677
v 8.96229 -13.9756 6.50347
v 9.00429 -13.1853 7.24355
v 8.25616 -12.287 -11.9767
v 8.27983 -12.393 6.45254
v 9.02477 -12.3497 8.01209
v 9.001 -11.432 -10.1661
v 8.30209 -11.1652 7.55726
v 9.01099 -11.4553 8.80442
v 8.95023 -10.4883 9.6159
v 8.50461 -10.3227 -12.8268
v 8.25101 -9.82845 8.69174
v 8.84168 -9.47116 10.4259
v 8.78379 -8.15529 -13.6275
v 8.15711 -8.87328 9.44969
v 8.0168 -7.89363 10.1865
v 8.68457 -8.42631 11.2138
v 8.12062 -7.67679 -12.6199
v 9.12395 -7.60895 9.56733
v 8.90311 -6.65086 10.3123
v 8.47808 -7.37619 11.9589
v 9.04942 -5.86953 -14.3172
v 8.37306 -5.48846 -13.2716
v 8.61369 -5.71384 11.0025
v 8.22142 -6.34322 12.6407
v 7.93905 -5.38236 13.2193
v 8.17077 -4.48756 11.914
v 8.96633 -5.18191 12.7089
v 8.61289 -4.38604 13.1923
v 8.57279 -3.26223 -13.7596
v 8.90784 -3.92804 11.7284
v 8.65575 -3.19891 12.6436
v 8.39963 -3.45075 13.379
v 8.72841 -1.01543 -14.0944
v 8.84856 1.23461 -14.2866
v 8.91546 3.46385 -14.3638
v 8.91137 5.64827 -14.3539
v 8.86341 7.78105 -14.2268
v 8.79874 9.85536 -13.9528
v 8.71677 11.8702 -13.5204
v 8.61694 13.8247 -12.9182
v 8.48686 15.6675 -12.1787
v 8.99955 16.2652 -13.1143
v 9.03079 17.3077 7.7452
v 9.02932 17.1085 8.37269
v 8.7951 18.0501 -12.1951
v 8.31412 17.3475 -11.3342
v 7.98857 18.1674 7.67087
v 8.09842 17.9193 8.65408
v 8.53775 19.5976 -11.209
v 8.07049 18.8027 -10.431
v 8.85255 19.6326 -9.07091
v 8.47033 19.8565 5.7573
v 8.24095 19.0903 6.62915
v 8.82958 19.7598 7.45652
v 8.5743 19.003 8.17783
v 8.20791 20.8378 -10.2031
v 8.31465 20.5497 -8.31838
v 8.74572 20.6775 -7.57044
v 8.81199 21.0062 -6.71495
v 8.77462 20.513 4.8214
v 9.09649 20.5776 6.49889
v 8.69929 21.9571 -8.57212
v 7.8955 21.216 -7.56917
v 8.12592 21.3995 -6.81835
v 8.55984 21.4629 -6.00197
v 8.38889 22.159 -4.87705
v 8.96284 22.2953 -4.43349
v 8.92987 22.2968 -0.644185
v 8.64137 22.2376 0.338836
v 9.01476 21.8704 1.0467
v 8.49523 22.1413 1.54029
v 8.57749 21.893 2.33425
v 8.11098 21.6819 3.64551
v 8.57361 22.829 -7.52326
v 8.69516 23.2046 -7.03534
v 8.57225 22.9482 -4.03379
v 8.32748 23.3585 -3.70385
v 8.98772 23.523 -1.44456
v 8.39567 23.0392 -1.1875
v 8.28082 22.663 -0.423427
v 8.05091 22.5384 0.759886
v 8.65996 23.4512 1.82297
v 8.71945 23.21 2.50514
v 8.03079 23.1511 3.30398
v 8.83537 22.511 4.04033
v 8.53572 24.0584 -6.10412
v 8.47632 24.7512 -5.28248
v 8.48932 23.7917 -3.29999
v 8.39846 23.997 -2.57724
v 8.59301 23.8423 -1.76506
v 8.20309 24.5915 -0.693529
v 8.84297 24.2248 -0.0693472
v 8.5167 23.9623 0.463653
v 8.30882 23.7271 1.27502
v 8.62253 25.1592 -4.76188
v 8.78566 25.5019 -4.13095
v 8.7531 25.6016 -3.4931
v 8.25054 25.3195 -2.54093
v 8.70164 25.3137 -1.73347
v 8.96735 24.986 -0.987149
v 9.64674 -23.4109 -5.83847
v 9.83486 -23.6514 -5.16532
v 9.58398 -24.0561 -4.1891
v 9.85764 -24.0536 -3.51988
v 9.80137 -24.1305 -2.60996
v 9.61607 -24.1628 -1.74455
v 9.5987 -24.1309 -1.00236
v 9.69273 -23.9952 -0.173428
v 9.75267 -23.7321 0.615213
v 9.55083 -23.2324 1.50841
v 9.44597 -22.1093 -6.71672
v 9.86549 -22.5777 -6.24279
v 9.38341 -22.1135 -5.17343
v 9.61893 -22.5649 -4.27405
v 9.83528 -22.5618 -3.52562
v 9.86465 -22.748 -2.65174
v 9.73012 -22.8211 -1.68289
v 9.72932 -22.7525 -0.91028
v 9.78722 -22.329 -0.0441725
v 9.29423 -22.3261 0.625951
v 9.77532 -22.3831 1.79118
v 9.29696 -21.9526 2.24927
v 9.58645 -21.0667 -6.8351
v 9.19567 -20.9305 -5.65162
v 9.6847 -20.8927 -5.10401
v 10.0689 -21.2235 -4.44269
v 10.3708 -21.2057 -3.75786
v 10.1803 -20.9008 -0.0971137
v 9.56345 -20.9684 0.759749
v 10.0389 -21.0778 1.93188
v 9.25854 -21.1818 2.42598
v 9.20611 -19.5952 -7.41502
v 9.73845 -20.0085 -6.92219
v 9.20239 -19.8324 -5.8089
v 9.7285 -19.7707 -5.2359
v 10.138 -20.1091 -4.53697
v 10.1908 -19.7541 -0.0112422
v 9.506 -19.858 0.904605
v 10.0001 -20.2646 2.06103
v 9.56446 -19.949 2.38429
v 9.2317 -18.5767 -7.73177
v 10.1095 -18.416 -7.11472
v 9.2587 -18.6932 -6.05971
v 10.0025 -18.4356 -5.22937
v 10.2445 -18.9207 -4.67018
v 10.2195 -18.5215 0.0785803
v 9.7333 -18.6092 0.785051
v 9.17448 -19.12 1.3063
v 9.86094 -18.3999 2.44005
v 9.26186 -17.2006 -8.37017
v 10.2092 -17.3529 -7.48976
v 9.41021 -16.753 -6.70322
v 9.65632 -17.4711 -6.06753
v 10.2934 -17.2626 0.243394
v 9.73428 -17.3753 1.02731
v 9.82769 -17.3313 2.82372
v 9.29202 -16.0099 -9.05646
v 10.2837 -16.6073 -7.8158
v 9.47398 -15.9594 -7.05729
v 10.1335 -16.1904 -6.10634
v 9.82451 -16.15 1.47504
v 9.90228 -16.255 3.45445
v 9.36441 -14.9871 -9.6269
v 9.55942 -15.0834 -7.47261
v 10.3301 -14.8905 -6.57158
v 9.99206 -14.9483 2.12604
v 9.17544 -14.7801 3.28571
v 10.0272 -15.1589 4.265
v 10.1167 -14.4093 4.9068
v 9.51041 -13.6955 -10.2813
v 9.69017 -14.0529 -7.95487
v 10.126 -14.1555 2.67888
v 10.2547 -13.3632 3.30836
v 9.29477 -13.6279 4.23294
v 10.1903 -13.6413 5.61086
v 9.75751 -12.0577 -11.0189
v 9.88985 -12.7955 -8.50975
v 10.3606 -12.5669 4.00446
v 9.36606 -12.8604 4.92428
v 9.41924 -12.0789 5.65085
v 10.2403 -12.8431 6.36728
v 10.259 -12.0027 7.16614
v 10.1821 -11.239 -9.14292
v 9.44578 -11.2695 6.40713
v 9.83803 -10.7634 7.59256
v 10.0644 -10.1494 -11.7816
v 9.28921 -9.59775 -10.8955
v 9.38475 -9.51185 7.98664
v 10.1724 -10.1482 8.85161
v 9.81159 -8.39107 8.42459
v 10.0531 -9.14481 9.70747
v 9.87496 -8.12103 10.5443
v 9.59967 -7.58042 -11.5866
v 10.1737 -7.27216 8.89278
v 9.63181 -7.09956 11.3412
v 9.89114 -5.4489 -12.1878
v 9.92848 -6.34254 9.68897
v 9.5945 -5.44238 10.4342
v 9.8441 -5.95692 11.7703
v 9.67443 -4.47971 10.8403
v 9.9585 -4.93134 12.1549
v 9.54166 -4.17563 12.6929
v 9.25717 -3.55009 -14.834
v 10.1224 -3.27201 -12.6471
v 10.0014 -3.29608 11.2722
v 9.48344 -3.19375 11.7974
v 9.54577 -3.14558 12.6079
v 10.205 -2.61928 11.9474
v 9.4163 -1.21286 -15.1892
v 10.323 -1.05796 -12.9598
v 9.53604 1.12628 -15.3939
v 9.59723 3.44577 -15.4775
v 9.5807 5.72409 -15.469
v 9.51415 7.95418 -15.3348
v 9.42528 10.129 -15.0409
v 9.31162 12.2485 -14.5736
v 10.3144 11.754 -12.6279
v 9.17072 14.3126 -13.9193
v 10.159 13.6266 -12.1009
v 9.95856 15.3904 -11.4376
v 9.71498 17.0231 -10.6599
v 10.2817 17.0015 6.85383
v 10.0523 16.6187 7.51357
v 9.88881 16.7299 8.31415
v 10.2486 17.7164 -11.4721
v 9.36679 18.4591 -9.84526
v 9.34194 18.0479 6.73659
v 9.78966 18.3112 7.90488
v 9.48816 17.7383 8.39507
v 9.88472 19.2724 -10.5986
v 9.69616 19.4636 -8.43036
v 10.1312 19.6016 -7.53746
v 10.0999 19.5609 4.63912
v 9.78258 18.9865 5.51991
v 10.1226 18.9825 7.17169
v 9.84903 20.5258 -9.47494
v 9.88048 20.1525 -6.86085
v 9.6643 20.5728 -6.33003
v 9.8528 20.8883 -5.52955
v 9.83917 21.0921 2.20403
v 9.59038 21.0118 3.00351
v 9.19175 20.8585 3.88972
v 9.66608 21.5067 -8.59055
v 9.67064 21.9892 -8.03606
v 9.64904 21.3819 -5.06968
v 9.67469 22.0833 -4.46117
v 10.0735 22.1487 -1.44756
v 9.71191 21.9038 -1.01316
v 9.75461 21.4999 -0.217817
v 9.68725 21.4308 0.698136
v 9.604 21.3939 1.4918
v 9.94166 21.6975 4.25028
v 9.44415 21.2817 5.39884
v 9.58388 22.443 -7.60629
v 9.75713 23.1184 -6.81683
v 9.84895 22.9819 -3.9996
v 9.84025 23.026 -1.51744
v 9.22507 22.6117 -1.20369
v 9.83307 23.3755 0.984764
v 9.93474 22.8817 1.97051
v 9.49405 22.674 2.96807
v 9.84866 24.1202 -5.92257
v 9.55738 24.7236 -5.43666
v 9.75799 24.1984 -3.44139
v 9.16924 24.498 -2.54974
v 9.833 24.4103 -1.80413
v 9.62553 24.807 -0.608255
v 9.83802 24.2961 -0.148436
v 9.9233 25.282 -4.98409
v 9.6795 25.7187 -4.29709
v 9.88812 26.0191 -3.34623
v 9.78134 25.4205 -2.66518
v 9.83294 25.8139 -1.85141
v 9.94131 25.3225 -0.961797
v 10.7257 -23.3077 -4.39156
v 10.9582 -23.4486 -3.35466
v 10.8364 -23.6343 -2.50744
v 10.9178 -23.5496 -1.58701
v 10.7705 -23.5553 -0.862563
v 10.6783 -23.3949 -0.0567017
v 10.4129 -23.1929 0.738612
v 10.4959 -22.1739 -5.67112
v 10.9178 -22.5275 -4.8616
v 11.2744 -22.5095 -4.05079
v 11.5023 -22.4979 -3.18943
v 10.766 -22.1209 -2.47712
v 10.8196 -22.2238 -1.53043
v 10.8636 -22.1845 -0.707223
v 11.0291 -22.5347 0.255036
v 10.7955 -22.0495 0.837506
v 10.614 -20.9764 -5.85535
v 11.0992 -21.344 -5.00985
v 11.4882 -21.3101 -4.14266
v 10.5646 -21.197 -3.02957
v 10.6369 -21.1991 -2.27719
v 10.5925 -21.2111 -1.52615
v 10.4365 -21.2321 -0.801882
v 11.5425 -21.3033 -0.414862
v 11.2139 -20.9209 0.490557
v 10.6941 -20.9896 1.27396
v 10.7026 -19.7605 -6.02312
v 11.2702 -19.6774 -5.17448
v 10.5608 -20.0669 -3.43768
v 10.7295 -20.0569 -2.27462
v 10.6689 -20.0725 -1.49515
v 10.4865 -20.103 -0.741774
v 11.2602 -19.6542 0.585933
v 10.6841 -19.7523 1.41642
v 10.8175 -18.6291 -6.231
v 11.4185 -18.5068 -5.3266
v 10.6446 -18.4495 -3.94858
v 10.8544 -18.4077 -3.12659
v 10.8516 -18.8216 -2.2913
v 10.8154 -18.4129 -1.4778
v 10.583 -18.4554 -0.680646
v 11.3049 -18.4637 0.675558
v 10.6629 -18.5909 1.56481
v 11.0153 -17.1589 -6.6172
v 10.9105 -17.8979 -6.40646
v 11.0029 -17.5192 -5.19894
v 10.8409 -17.1945 -4.08568
v 11.0562 -17.1323 -3.19315
v 11.0336 -17.5409 -2.30522
v 10.9845 -17.1275 -1.43143
v 10.7126 -17.1791 -0.578977
v 11.3966 -17.3258 0.869958
v 10.6875 -17.4819 1.83145
v 10.3848 -15.7558 -8.21041
v 11.2046 -15.9598 -7.02493
v 10.6797 -16.0445 -5.21529
v 11.0704 -15.9284 -4.24839
v 11.212 -16.2769 -3.23277
v 11.2572 -16.2508 -2.28204
v 11.1315 -16.2686 -1.34698
v 10.922 -15.9073 -0.31991
v 10.4565 -16.0101 0.59934
v 11.5653 -16.1959 1.23775
v 10.8572 -16.0093 2.50003
v 10.5338 -14.726 -8.6827
v 11.4762 -14.495 -7.56878
v 10.9264 -14.7219 -5.54694
v 11.3516 -14.5835 -4.42925
v 11.4866 -14.9641 -3.26334
v 11.4303 -15.3994 -2.22247
v 11.4077 -14.9891 -1.08231
v 11.1949 -14.6483 0.12599
v 10.692 -14.777 1.15937
v 11.0509 -14.8838 3.25338
v 10.7519 -13.4451 -9.24176
v 10.5181 -13.8523 -6.96558
v 11.1595 -13.6694 -5.83575
v 11.4018 -13.7984 0.571945
v 10.8693 -13.9564 1.6675
v 11.0411 -13.1284 2.27577
v 11.2281 -13.7141 4.23885
v 11.0605 -11.8407 -9.89667
v 10.7759 -12.5993 -7.44073
v 11.4687 -12.4069 -6.22755
v 11.6144 -12.9263 1.14751
v 11.1905 -12.2862 2.9834
v 10.8932 -12.124 5.06993
v 11.1251 -11.0622 -8.01166
v 11.3096 -11.4275 3.76931
v 11.3905 -10.5504 4.61241
v 10.931 -11.2756 5.8884
v 11.3711 -10.7187 7.10999
v 11.4192 -9.98325 -10.5904
v 10.5268 -9.44763 -9.80363
v 11.5237 -9.30614 -8.62583
v 11.4251 -9.65284 5.49163
v 10.4836 -10.0569 6.37379
v 11.3124 -9.75666 8.01481
v 10.3897 -8.0467 -12.5109
v 11.4054 -8.73263 6.38588
v 10.4405 -9.14743 7.21768
v 11.1941 -8.76324 8.92238
v 10.884 -7.48558 -10.4411
v 11.3183 -7.80456 7.28039
v 11.1505 -6.88338 8.16039
v 11.0051 -7.76003 9.81287
v 10.7343 -6.76864 10.6665
v 10.6921 -5.82537 -13.1485
v 11.2136 -5.41705 -11.0047
v 10.8888 -5.98384 9.01114
v 11.3666 -5.46584 10.7955
v 11.3754 -4.7476 9.15069
v 10.5199 -5.12069 9.81786
v 10.9048 -4.62756 11.5553
v 10.9303 -3.56132 -13.6362
v 11.4756 -3.30624 -11.4435
v 11.1143 -3.50846 10.0565
v 10.5414 -3.37479 10.6974
v 10.8505 -3.51829 11.9225
v 11.1596 -2.28609 10.9936
v 11.0738 -2.52354 11.7536
v 11.1351 -1.26243 -13.969
v 11.3375 1.06346 -14.1423
v 10.5226 1.18507 -13.1212
v 11.4546 3.38584 -14.2232
v 10.6451 3.42209 -13.1954
v 11.4037 5.67426 -14.2792
v 10.6147 5.61814 -13.2465
v 11.2722 7.90294 -14.2329
v 10.5134 7.75023 -13.2039
v 11.1476 10.0461 -14.0067
v 10.4229 9.79539 -12.9966
v 10.9967 12.106 -13.6036
v 11.5043 13.3604 -11.1752
v 10.7866 14.0849 -13.0266
v 10.5321 15.962 -12.3059
v 11.2508 15.0448 -10.5762
v 10.9381 15.8034 7.52276
v 11.0857 15.8582 8.09061
v 11.2435 16.9588 -10.2394
v 11.2483 16.1896 6.58694
v 11.5237 16.2657 7.8781
v 10.5532 17.0301 8.14496
v 10.6269 18.1816 -8.94262
v 11.306 18.5915 4.34148
v 10.9739 18.0703 5.22192
v 10.6107 17.5128 6.07466
v 11.3155 18.1241 6.86513
v 10.9174 17.5351 7.62357
v 11.1994 19.0529 -9.71555
v 10.8935 18.8074 -7.64764
v 11.0122 19.2964 -6.61479
v 11.1107 19.789 -5.73953
v 11.6102 19.8236 0.989119
v 11.5416 18.994 3.47921
v 10.4647 19.6816 6.25008
v 11.2258 20.379 -8.54141
v 10.4891 20.3252 -5.70075
v 10.9585 20.5782 -5.03329
v 11.4907 21.0107 -4.6174
v 11.3391 20.8441 -1.51301
v 11.2187 20.4421 -0.815147
v 11.4007 20.0856 0.187268
v 10.4901 20.8326 0.43239
v 10.6998 20.5858 1.25467
v 10.68 20.298 2.49249
v 10.7816 20.3579 3.94715
v 10.8135 20.3106 5.21171
v 10.8567 21.7356 -7.62433
v 11.4265 21.913 -7.12431
v 10.8678 21.7854 -4.42575
v 10.9798 21.8459 -1.66617
v 10.4671 21.2148 -1.04267
v 10.8279 22.2419 2.10938
v 10.9709 21.5533 3.09544
v 10.9044 22.7977 -6.69642
v 10.8356 23.5402 -6.15754
v 11.1351 23.0253 -4.05393
v 11.0136 23.1509 -1.7938
v 10.9806 23.1957 0.555589
v 11.1264 22.5488 1.24887
v 11.0751 24.0606 -5.81714
v 11.1581 24.7361 -5.44398
v 11.0039 24.3892 -3.64393
v 11.0492 24.1801 -1.79363
v 11.0109 24.7623 -0.539562
v 10.9885 24.0311 -0.0944177
v 11.0224 25.3135 -5.05055
v 10.9936 25.9689 -4.16594
v 11.1192 25.5733 -3.28254
v 10.9691 25.551 -2.62825
v 10.917 25.6856 -1.93364
v 10.9583 25.4661 -0.998393
v 11.7339 -21.2871 -3.22281
v 11.8224 -21.2771 -2.27575
v 11.7021 -21.7129 -1.35096
v 11.8127 -20.851 -1.30942
v 11.6399 -20.0211 -4.21498
v 11.8978 -19.9823 -3.24966
v 11.9819 -19.965 -2.26414
v 11.8978 -19.9712 -1.28378
v 11.6511 -20.0029 -0.333925
v 11.804 -18.804 -4.30364
v 12.069 -18.744 -3.2895
v 12.1429 -18.7187 -2.27095
v 12.0328 -18.7285 -1.26474
v 11.7458 -18.7739 -0.287618
v 11.6599 -16.9889 -5.60413
v 12.058 -17.2423 -4.45799
v 12.3295 -17.1578 -3.34985
v 12.3934 -17.1264 -2.25493
v 12.2553 -17.1455 -1.18129
v 11.9211 -17.2128 -0.136972
v 11.7982 -16.207 -5.7821
v 12.275 -16.0631 -4.60527
v 12.5519 -15.9712 -3.38984
v 12.6191 -15.9425 -2.18688
v 12.4768 -15.973 -1.00732
v 12.1254 -16.0588 0.137872
v 12.0916 -14.8108 -6.14973
v 12.4714 -15.1752 -4.72512
v 12.7584 -15.0854 -3.39513
v 12.2325 -14.795 -2.08771
v 12.664 -15.1612 -0.781574
v 12.3967 -14.8687 0.673917
v 11.7211 -15.4324 1.62337
v 11.8885 -14.6513 2.12047
v 11.7455 -13.2247 -8.05178
v 12.5256 -13.016 -6.69852
v 12.7535 -14.1069 -4.86579
v 11.6338 -13.499 -4.56865
v 11.9024 -13.4167 -3.23345
v 11.9267 -13.4979 -1.89931
v 11.7466 -13.6545 -0.614693
v 12.6928 -13.6111 1.48103
v 12.0507 -13.8445 2.73395
v 12.191 -13.004 3.46876
v 12.0029 -12.1995 -4.85434
v 12.4264 -11.9252 -3.12562
v 12.2683 -12.4206 -1.45397
v 12.0112 -12.7069 -0.0909002
v 12.2989 -11.7106 0.666207
v 11.8221 -12.0204 1.86718
v 12.3006 -12.1302 4.2991
v 12.106 -11.6467 -8.64735
v 11.8722 -10.8701 -6.77047
v 12.4657 -10.6308 -5.4175
v 12.6641 -11.2974 -0.60911
v 12.5748 -10.6927 1.57506
v 12.0082 -11.0912 2.69621
v 12.3705 -11.2233 5.19922
v 12.5152 -9.83156 -9.29696
v 12.8042 -9.68056 2.55409
v 12.1555 -10.1486 3.59989
v 12.2473 -9.20314 4.54349
v 12.3921 -10.2839 6.14332
v 12.3564 -9.3122 7.10565
v 11.7878 -7.94346 -11.266
v 12.323 -9.13532 -7.38194
v 12.2666 -8.26488 5.49227
v 12.2497 -8.32639 8.06911
v 11.9298 -7.3959 -9.23073
v 12.7746 -7.27912 -7.97937
v 12.2012 -7.34203 6.43682
v 12.0584 -7.34463 9.01662
v 12.1261 -5.79189 -11.8664
v 12.3014 -5.39642 -9.77384
v 12.8385 -5.95018 6.54471
v 12.039 -6.44276 7.3677
v 11.7678 -5.57523 8.27547
v 12.7177 -5.95043 9.13136
v 11.7686 -6.38506 9.9311
v 12.5647 -5.11688 7.5101
v 12.159 -4.32506 8.45636
v 12.2905 -5.06841 10.0706
v 11.7946 -4.26751 10.9081
v 12.394 -3.59914 -12.3345
v 12.5965 -3.37259 -10.2026
v 12.4064 -3.17832 8.72153
v 11.7055 -3.61235 9.34717
v 12.6218 -3.85763 10.2333
v 12.0905 -3.20842 10.9839
v 12.2962 -2.39384 9.3084
v 12.2747 -2.25648 10.1596
v 12.141 -1.96645 10.9947
v 12.6403 -1.37861 -12.6489
v 11.7171 -1.16405 -11.737
v 12.5146 -1.35701 10.0998
v 12.3326 -1.51039 10.6559
v 11.9854 0.998623 -11.8646
v 12.4043 3.33893 -11.7474
v 12.0946 5.65157 -12.0657
v 12.7773 7.83332 -13.0463
v 11.9451 7.70772 -12.1014
v 11.8329 9.68439 -11.9535
v 12.6172 9.90361 -12.8793
v 12.4344 11.888 -12.5307
v 11.704 11.5719 -11.6391
v 12.8366 11.3037 -10.5808
v 12.6106 13.0105 -10.1559
v 12.1702 13.7806 -12.0203
v 12.3288 14.6079 -9.60411
v 12.8089 14.4732 6.03737
v 12.5111 14.2642 6.7467
v 12.5691 14.2737 7.45483
v 11.8568 15.5832 -11.3751
v 12.4898 15.7149 5.47247
v 12.2424 15.4199 6.77484
v 11.9794 15.1642 7.68779
v 12.5933 16.7214 -9.6619
v 11.8962 16.6856 -8.55506
v 12.6111 16.6759 -7.29301
v 12.0237 17.1204 4.89191
v 11.6234 16.6274 5.77695
v 12.3896 17.2109 6.53867
v 11.9404 16.7002 7.32746
v 12.3618 18.1187 -8.93092
v 11.6744 18.1201 -7.26262
v 12.4023 17.5491 -6.58622
v 12.2699 18.2572 -5.90051
v 12.7298 18.2286 -5.10412
v 12.6593 18.3732 2.25393
v 12.576 18.0166 3.10309
v 12.3682 17.6048 3.98342
v 12.8167 17.7555 5.58888
v 12.3494 19.1729 -8.16837
v 11.6783 19.0265 -5.97733
v 12.2353 19.2623 -5.05422
v 12.6599 19.3529 -4.53697
v 12.5828 19.3587 -1.44731
v 12.4215 19.2539 -0.855858
v 12.2858 19.2862 -0.0766692
v 12.502 18.9906 0.661053
v 12.1651 19.1343 1.62158
v 11.6747 19.3112 2.63387
v 12.3267 19.7941 3.86861
v 12.0587 19.3137 4.91754
v 11.7088 18.737 5.93975
v 12.1421 20.3253 -7.61949
v 12.5587 20.7622 -6.86482
v 11.7837 19.94 -4.99127
v 12.4026 20.457 -4.45597
v 12.2875 20.443 -1.83168
v 11.9823 19.9069 -1.25654
v 12.8059 21.0659 1.07363
v 12.6835 20.6293 1.89544
v 12.5294 20.2189 2.84417
v 12.1104 21.6069 -6.86532
v 12.7566 21.8104 -6.22772
v 12.2873 21.8808 -4.24704
v 12.361 21.8747 -2.0481
v 12.182 22.2844 0.575838
v 11.9842 21.8483 1.22821
v 11.7596 21.4811 2.07629
v 11.6276 22.4553 -6.60979
v 12.2792 23.111 -6.02466
v 12.2529 23.0797 -4.05359
v 12.263 23.02 -2.01735
v 12.1724 23.122 -0.0354992
v 12.2113 23.9951 -5.67298
v 12.3236 24.4988 -5.41095
v 12.109 23.8183 -3.88224
v 12.3003 24.3428 -3.517
v 12.4604 24.6145 -2.50447
v 12.1076 24.2167 -1.99445
v 12.4443 24.2052 -0.715732
v 11.8494 23.7867 -0.236416
v 12.0352 25.2149 -4.98958
v 12.4254 25.5392 -4.32369
v 12.2716 25.8973 -3.49778
v 11.9078 25.4775 -2.57422
v 12.0711 25.4424 -1.76699
v 11.9284 25.3422 -1.13653
v 12.8864 -14.2928 -0.433135
v 13.0621 -14.023 -3.36474
v 13.2599 -13.5826 -1.63749
v 13.14 -13.3624 0.106571
v 13.1267 -12.8005 -5.1692
v 13.5963 -12.5292 -3.25485
v 13.8254 -11.92 -0.503113
v 13.4211 -12.3645 0.90612
v 12.8907 -12.7062 2.23431
v 13.0681 -11.7612 3.11472
v 12.937 -11.4432 -7.27339
v 13.5962 -11.1979 -5.77724
v 13.0264 -10.5911 -1.80463
v 13.6922 -11.3293 1.87631
v 13.2062 -10.7888 4.08283
v 13.3964 -9.6545 -7.92732
v 12.9812 -10.1921 -4.05024
v 13.4946 -9.4016 -2.76622
v 13.4934 -9.45684 -0.619337
v 13.0506 -10.1772 0.444889
v 13.9159 -10.2869 2.92794
v 14.0662 -9.25568 4.01917
v 13.2864 -9.80191 5.09917
v 12.968 -8.8972 -6.09179
v 13.5101 -8.52365 -4.80011
v 14.0008 -7.94653 -3.5516
v 13.9606 -8.44382 -1.54265
v 13.8653 -8.39543 0.533172
v 13.3648 -9.10867 1.51765
v 13.5864 -8.09631 2.59134
v 12.9634 -8.69017 3.56488
v 13.2902 -8.81325 6.1243
v 12.9307 -7.85015 -9.9421
v 13.8564 -7.73255 -8.5694
v 13.4558 -7.10296 -6.71093
v 14.0108 -6.83514 -5.44933
v 13.6955 -7.14469 3.64814
v 13.0285 -7.73772 4.56899
v 13.5247 -7.05502 5.87589
v 13.205 -7.83421 7.14612
v 13.0184 -6.87615 8.1525
v 13.3099 -5.77319 -10.5242
v 13.6852 -6.24927 4.69064
v 13.5485 -5.40554 5.72146
v 13.8833 -6.35524 7.25391
v 13.5795 -5.46586 8.29807
v 13.1843 -5.36255 -8.51495
v 13.8918 -5.29098 -7.24764
v 13.2786 -4.60896 6.7432
v 13.9071 -4.12907 8.55384
v 13.1386 -4.62172 9.31466
v 13.6104 -3.67143 -10.9848
v 13.5096 -3.44669 -8.94088
v 13.9088 -4.05165 6.0029
v 13.5022 -3.33935 7.08065
v 12.8686 -3.855 7.75847
v 13.722 -3.15927 9.21651
v 13.879 -1.59834 -11.2923
v 13.7848 -1.60913 -9.22585
v 14.0743 -2.20588 6.71158
v 13.6008 -2.19121 7.52307
v 13.1083 -2.20428 8.29806
v 13.2578 -2.12082 10.0872
v 12.8604 -1.3698 -10.4871
v 13.6759 -1.19435 7.97183
v 13.609 -0.615323 8.55295
v 13.3387 -0.87279 9.49589
v 13.2365 -1.26234 10.0628
v 12.9142 0.856301 -12.7881
v 13.1382 0.566593 -10.5972
v 14.044 0.0725555 -9.33853
v 13.8364 -0.191491 9.0467
v 13.5129 2.16802 -10.4068
v 13.3408 3.2681 -12.6685
v 14.0674 3.16594 -9.78954
v 13.5305 4.253 -10.541
v 12.9731 5.68287 -13.0123
v 13.242 5.83339 -10.9016
v 13.953 7.75577 -11.8349
v 13.0939 7.66483 -10.9738
v 14.0033 7.60619 -9.88399
v 13.772 9.68247 -11.6994
v 12.9783 9.50506 -10.8601
v 13.9031 9.29151 -9.76943
v 13.7613 10.9965 -9.49428
v 13.564 11.5724 -11.3858
v 14.072 11.6847 6.1987
v 14.0214 11.6544 6.68395
v 13.2705 13.3825 -10.9196
v 13.5168 12.6317 -9.08456
v 13.9213 12.6938 5.62087
v 13.5071 12.8561 6.80957
v 13.1493 13.4215 7.29489
v 13.7915 14.6112 -9.22497
v 13.2139 14.1549 -8.56497
v 13.927 13.761 -7.50235
v 13.5332 14.3078 5.0508
v 13.4175 13.5868 5.80093
v 13.7991 13.7624 7.03043
v 13.2773 14.093 7.30168
v 12.9331 15.1023 -10.3339
v 12.8969 15.5237 -7.96019
v 13.5949 15.0796 -6.94372
v 13.8126 15.8689 -5.44302
v 14.0254 15.567 3.24141
v 13.6663 15.1525 4.22652
v 13.6236 14.9366 6.70082
v 13.4603 16.1318 -8.62337
v 13.8599 16.9768 -7.00445
v 13.1438 16.6539 -6.09581
v 13.4935 16.7782 -5.02405
v 13.8754 16.5662 -4.2451
v 13.7767 17.3014 -3.37262
v 13.8824 17.3334 -2.74315
v 14.0423 17.1701 -1.31774
v 14.1006 16.8963 0.550588
v 13.45 17.0211 2.7117
v 13.2616 16.6009 3.61985
v 12.9112 16.1497 4.55842
v 13.7769 16.7485 5.21846
v 13.3269 16.2687 6.19415
v 13.1286 18.014 -7.70741
v 13.6465 18.0905 -6.53719
v 13.2723 17.7686 -4.36666
v 13.4024 18.1606 -3.59999
v 13.5293 18.2379 -2.58463
v 13.6077 17.9736 -1.94807
v 13.4367 18.0812 -1.05069
v 13.3872 18.0143 -0.104299
v 13.4266 17.7963 1.03024
v 13.4979 17.4173 1.84487
v 13.1669 18.292 4.55524
v 13.0138 19.4855 -6.86752
v 13.5029 19.0651 -6.13589
v 13.8498 19.2182 -5.21831
v 13.5233 19.3383 -4.28294
v 13.2759 19.0396 -3.53419
v 13.2869 19.1795 -2.51582
v 12.9601 19.2409 -1.82456
v 13.5533 19.7164 1.59104
v 13.5039 19.2436 2.51208
v 13.3855 18.7784 3.51489
v 13.1859 20.453 -6.07667
v 13.5869 20.6964 -5.22846
v 13.5237 20.2902 -4.15164
v 13.3384 20.0506 -3.47078
v 13.308 20.1429 -2.58617
v 12.9157 20.3881 -2.13409
v 14.0482 20.6693 -0.648461
v 13.5705 20.8001 0.171231
v 13.5651 20.2256 0.796012
v 13.2173 21.8777 -5.74283
v 13.6668 21.595 -5.04993
v 13.3214 21.4953 -4.04844
v 13.4706 21.7617 -3.4452
v 13.3394 21.6837 -2.49387
v 13.8641 21.7733 -0.972474
v 13.2991 21.7597 -0.192444
v 12.9132 21.5698 0.429963
v 12.9873 23.1134 -5.70628
v 13.4975 22.9657 -5.25926
v 13.7991 22.9082 -4.2349
v 13.377 23.1625 -3.36768
v 13.376 23.1206 -2.49878
v 13.6614 22.9995 -1.70652
v 13.575 22.9625 -1.00645
v 13.1203 22.6622 -0.463042
v 13.1724 24.2778 -5.0758
v 13.7184 24.3728 -4.20017
v 13.4417 24.3617 -3.39984
v 13.1648 24.1085 -2.54163
v 13.7295 24.2151 -1.73046
v 13.178 24.1343 -1.1337
v 13.0368 25.4615 -3.32931
v 13.1348 25.3595 -2.46479
v 13.1053 25.0565 -1.74332
v 14.1596 -10.7525 -4.27356
v 14.2154 -11.1793 -1.82146
v 14.2143 -10.7795 0.628782
v 14.1067 -9.41225 -6.50766
v 14.703 -9.9489 -2.87699
v 14.6928 -10.023 -0.543141
v 14.5276 -9.6803 1.78394
v 14.6982 -9.03351 -5.09217
v 15.2231 -8.44703 -3.73505
v 15.1859 -8.97134 -1.55474
v 15.0689 -8.93178 0.700174
v 15.3304 -7.90249 1.9182
v 14.7435 -8.62821 2.94496
v 14.1172 -8.25406 5.10812
v 14.6029 -7.55646 -7.17816
v 15.2084 -7.28768 -5.79861
v 14.4247 -7.24041 -2.33595
v 14.3342 -7.50332 -0.35672
v 14.1292 -7.40391 1.65839
v 14.8406 -7.6289 4.09446
v 14.8121 -6.68084 5.23126
v 14.2734 -5.74337 -9.14712
v 15.0467 -5.67656 -7.7601
v 14.4771 -6.44338 -4.21847
v 14.8582 -5.94882 -3.01014
v 15.1577 -5.37261 -1.81616
v 14.7666 -6.47986 -1.14288
v 15.0196 -5.69714 0.0347048
v 14.6049 -6.59533 0.801563
v 14.7625 -5.73511 1.94221
v 14.272 -6.47931 2.76184
v 14.2872 -5.61609 3.84964
v 14.6514 -5.78253 6.35419
v 14.4538 -5.15724 -5.99151
v 14.8998 -4.93687 -4.76619
v 15.2446 -4.62809 -3.56154
v 15.177 -4.92449 1.2039
v 15.2232 -4.17361 2.36806
v 14.7966 -4.92307 3.07112
v 14.6973 -4.15961 4.1942
v 14.1684 -4.80872 4.92795
v 15.321 -5.15868 5.48674
v 15.0329 -4.35129 6.65431
v 14.352 -4.93245 7.46211
v 14.6042 -3.75296 -9.60796
v 14.2392 -3.50417 -7.67464
v 14.8096 -3.52064 -6.42026
v 15.2452 -3.47175 -5.19413
v 15.1423 -3.45623 3.53053
v 14.4544 -3.44514 5.31736
v 15.1903 -3.01909 7.12178
v 14.5922 -3.59376 7.81418
v 14.884 -1.85311 -9.91866
v 14.5224 -1.81599 -7.96904
v 15.0944 -1.97907 -6.72572
v 15.3051 -2.06296 4.14293
v 14.9187 -2.78403 4.69467
v 14.5367 -2.16873 5.86382
v 15.1902 -1.82655 7.65051
v 14.6664 -2.39348 8.24511
v 14.1147 -1.869 9.18691
v 15.3246 -0.586234 -6.89802
v 15.1049 -1.12687 5.11219
v 14.8588 -0.325747 6.03308
v 14.51 -1.01357 6.47708
v 14.109 -0.627183 7.49043
v 14.7806 -0.871697 8.52516
v 14.1314 -0.998962 9.3323
v 14.1627 0.392593 -11.4149
v 15.1482 -0.135586 -10.046
v 14.766 -0.299909 -8.10795
v 15.1376 0.442767 5.65339
v 14.6281 0.369285 6.8646
v 14.6983 0.665102 7.78656
v 14.5159 0.296305 8.5842
v 14.1854 -0.269528 9.18604
v 14.5487 2.01369 -11.2179
v 14.331 1.46498 -9.22357
v 15.1142 1.44636 -7.94808
v 15.0207 1.50026 6.35145
v 14.9431 1.69769 7.63043
v 14.7622 1.19843 8.19848
v 15.1242 2.97728 -10.5663
v 14.88 2.76042 -8.54965
v 15.2682 2.68161 5.98298
v 15.0886 2.76881 6.77278
v 15.1244 2.70565 7.44839
v 14.5193 4.16232 -11.3823
v 15.3362 4.56859 -10.3062
v 14.4924 4.22374 -9.25389
v 15.1584 4.10487 -8.23338
v 15.2968 4.14204 6.66046
v 14.1655 5.83543 -11.7672
v 14.9408 4.94036 -8.62881
v 15.3013 5.48414 6.20812
v 15.3272 5.7579 6.62576
v 14.5908 6.014 -10.2111
v 14.8034 6.10741 -8.85444
v 15.3198 6.13241 -8.0814
v 15.246 6.58032 6.12826
v 15.2794 6.50142 6.56825
v 14.8536 7.65943 -10.6713
v 14.7169 7.51644 -8.89474
v 15.261 7.41798 -8.08764
v 15.1931 7.86104 5.79743
v 15.1704 7.86051 6.61025
v 14.6653 9.42669 -10.5277
v 14.6517 9.07785 -8.73418
v 15.2301 8.84904 -7.88758
v 14.9933 9.12353 5.78881
v 15.0971 9.03548 6.7063
v 15.1286 10.8933 -9.06339
v 14.5269 10.697 -8.42073
v 15.225 10.4568 -7.33816
v 15.2195 10.179 4.71928
v 14.6639 10.4257 5.79543
v 14.7804 10.4702 6.73363
v 14.4429 11.2205 -10.2148
v 14.2615 12.2791 -8.00241
v 14.831 12.0929 -6.94587
v 15.2115 12.2132 -5.95135
v 15.1843 12.1035 3.68779
v 14.863 11.5071 4.67965
v 14.8043 11.9717 5.81682
v 14.4564 11.819 6.8656
v 14.1353 12.9613 -9.768
v 14.8125 12.5879 -8.6088
v 15.3022 12.439 -7.47658
v 14.4823 13.4966 -6.46069
v 14.8938 13.4317 -5.48438
v 15.1968 13.4661 -4.55586
v 14.8357 13.0958 3.68699
v 14.341 12.8879 4.73755
v 14.8407 13.085 6.22317
v 14.3521 12.8702 6.8204
v 14.4624 14.2019 -8.09082
v 14.9715 13.9645 -6.97691
v 14.1425 14.7652 -5.94082
v 14.568 14.5994 -4.99786
v 14.8898 14.5356 -4.07864
v 15.1266 14.5273 -3.14698
v 15.316 14.4403 -2.21512
v 15.2778 14.5676 0.284265
v 14.699 14.4904 2.83875
v 14.8258 14.3861 4.19405
v 14.8202 14.3178 5.56165
v 14.2891 14.019 6.42875
v 14.1384 15.6728 -7.53918
v 14.667 15.3741 -6.46206
v 15.0854 15.2656 -5.44476
v 14.2298 15.6622 -4.56152
v 14.5427 15.5644 -3.68362
v 14.7602 15.5561 -2.76808
v 14.877 15.6521 -1.64886
v 15.1281 15.0861 -0.658331
v 14.6655 15.9988 -0.0276452
v 14.7979 15.4958 0.874613
v 14.8339 14.9705 1.82996
v 14.1929 16.0062 2.29175
v 14.609 15.7137 4.84544
v 14.1346 15.3027 5.85925
v 14.3873 16.6456 -5.98991
v 14.8182 16.4712 -5.02059
v 15.1635 16.4223 -4.04957
v 14.1497 16.4662 -3.46929
v 14.3149 16.4772 -2.68054
v 14.3021 16.6836 -1.94222
v 14.4194 16.5375 -0.788025
v 14.6469 16.8454 1.5065
v 15.1005 16.6841 2.66156
v 14.9598 16.173 3.74951
v 14.1254 17.2465 4.16371
v 14.1307 17.7568 -5.61833
v 14.5329 17.5553 -4.72258
v 14.269 18.555 -4.52065
v 14.693 17.9843 -3.77588
v 14.8937 18.0497 -2.9336
v 15.141 17.8174 -2.05863
v 15.1167 17.9926 -1.05412
v 14.8078 18.4604 -0.118099
v 14.9801 17.8189 0.673257
v 14.3592 18.2405 2.10358
v 14.3065 17.7378 3.11057
v 14.2828 19.4473 -3.66311
v 14.5472 19.3647 -2.51507
v 14.6481 19.3112 -1.60565
v 14.6031 19.1893 -0.683475
v 14.2789 19.0619 0.796764
v 14.1376 20.4017 -3.62235
v 14.2731 20.5462 -2.69544
v 14.3107 20.5988 -1.69735
v 14.4046 19.9521 -1.07745
v 14.1369 19.9954 -0.19502
v 14.1787 21.8644 -3.53276
v 14.2795 21.9033 -2.68086
v 14.2078 21.7015 -1.74746
v 14.2202 23.2744 -3.4078
v 14.285 23.2056 -2.58117
v 14.2224 22.7249 -1.85016
v 14.1234 23.9965 -2.46865
v 15.5678 -8.00413 -0.273986
v 15.7108 -6.89199 -4.46099
v 15.6686 -7.72594 -2.41994
v 16.0218 -6.9434 -1.13045
v 15.839 -7.06151 0.980528
v 15.4637 -6.93204 3.12066
v 15.6599 -5.54687 -6.38821
v 16.1158 -6.38833 -3.15269
v 16.4286 -5.79566 -1.86112
v 16.2777 -6.13005 0.145415
v 15.9898 -6.15774 2.22408
v 15.4626 -6.01818 4.30952
v 16.143 -5.32842 -5.05649
v 16.5127 -5.01664 -3.75102
v 15.503 -4.22911 -2.36741
v 15.3791 -4.73589 -0.628322
v 16.4312 -5.31655 1.41964
v 16.4664 -4.51949 2.6915
v 16.0101 -5.29721 3.45833
v 15.8903 -4.48433 4.68492
v 15.4 -3.81854 -8.22482
v 16.0225 -3.84294 -6.85629
v 16.4964 -3.80094 -5.52324
v 15.5674 -3.33724 -3.98646
v 15.7975 -3.09689 -2.7875
v 15.6895 -3.73815 -1.17366
v 15.819 -3.15342 0.0298688
v 15.5258 -4.0598 0.561571
v 15.5766 -3.3711 1.75345
v 16.3674 -3.75548 3.96025
v 16.1186 -3.04115 5.22514
v 15.6203 -3.72349 5.90552
v 15.688 -2.07441 -8.54779
v 16.3129 -2.25076 -7.19209
v 15.5223 -2.08705 -5.50495
v 15.83 -2.10562 -4.29922
v 16.0415 -2.00044 -3.10107
v 16.0687 -2.23382 -1.74522
v 16.0668 -2.21774 -0.376551
v 16.103 -1.62047 0.841541
v 15.8666 -2.51892 1.24028
v 15.8074 -1.87863 2.4547
v 15.5101 -2.69656 2.94726
v 16.5323 -2.29639 4.62256
v 16.1359 -1.70381 5.914
v 15.704 -2.39309 6.48545
v 15.9359 -0.536155 -8.70445
v 16.5479 -0.845196 -7.38486
v 15.7402 -0.821853 -5.70132
v 16.0359 -0.962578 -4.51414
v 16.2348 -0.96422 -3.33279
v 16.36 -0.782592 -2.15358
v 16.353 -0.827505 -0.835171
v 16.2934 -0.703683 0.514749
v 16.0412 -1.00044 2.06317
v 15.7369 -0.847992 3.47746
v 16.4887 -0.939268 5.41625
v 15.8232 -0.844286 6.86604
v 16.1689 0.704209 -8.67029
v 15.5165 0.604138 -6.92729
v 15.9079 0.284806 -5.78591
v 16.1885 0.0625445 -4.64552
v 16.4237 0.408447 -3.57833
v 16.5391 0.511062 -2.48283
v 16.5588 0.477503 -1.24233
v 16.4453 0.203483 0.217433
v 16.3027 0.407424 1.57916
v 16.0457 0.509021 2.95555
v 15.5263 0.0607815 4.50242
v 16.3087 0.309234 6.21229
v 15.6525 0.238491 7.4371
v 15.4422 1.24927 -9.93081
v 15.8114 2.15114 -9.5141
v 16.4123 1.55469 -8.42077
v 15.6863 1.53833 -6.80365
v 16.0857 1.56192 -5.71226
v 16.3651 1.68127 -4.71963
v 16.2912 0.940403 -4.70768
v 16.5334 1.56317 -3.76325
v 16.5651 1.04741 -0.108184
v 16.5084 1.77319 1.03846
v 16.202 1.50941 2.65213
v 15.8038 1.41944 4.0399
v 15.4356 1.69577 5.20551
v 16.5427 1.17233 5.86822
v 16.072 1.41852 6.88461
v 15.6183 1.59036 7.61848
v 16.2088 2.70553 -8.93818
v 15.4756 2.61668 -7.46198
v 15.7786 2.68755 -6.81454
v 16.0702 3.01716 -6.18636
v 16.3466 2.94883 -5.39776
v 16.4709 2.5443 -4.68461
v 16.5738 3.27015 1.28396
v 16.3645 2.68749 2.30576
v 15.9825 2.85525 3.73235
v 15.6258 2.97945 4.89358
v 16.2233 2.81121 6.6893
v 15.5698 2.79262 7.47291
v 15.7424 3.49672 -9.72087
v 16.2564 3.78536 -8.94231
v 15.4952 3.92783 -7.64902
v 15.9789 4.05061 -6.87196
v 16.344 3.8075 -6.03734
v 16.5299 4.14895 1.76828
v 16.3223 3.87866 2.68677
v 16.0127 3.79337 3.74558
v 16.0024 4.6879 3.8354
v 15.6902 4.19754 4.79279
v 15.9651 4.17397 5.93912
v 15.8837 4.30885 6.95552
v 15.5976 3.82994 7.23846
v 15.9633 4.76361 -9.37516
v 16.4364 4.85605 -8.64327
v 15.6003 5.14008 -7.6549
v 16.2844 5.26361 -6.93419
v 16.4915 5.03551 2.03556
v 16.3727 5.34595 2.54416
v 16.2576 5.68981 3.01781
v 15.9816 5.52011 3.89742
v 15.6906 5.36509 4.77082
v 15.7948 5.488 5.73751
v 15.7429 5.40259 6.80989
v 15.7298 6.03708 -9.60753
v 16.4017 6.02986 -8.56427
v 15.7085 6.17138 -7.54512
v 16.2409 6.39002 -7.10182
v 16.5686 6.78112 1.53403
v 16.4245 6.64388 2.28363
v 16.2271 6.49284 3.09079
v 15.937 6.70488 3.9554
v 15.6466 6.51819 4.77715
v 16.0985 6.50606 5.89161
v 15.7427 6.54848 6.74166
v 15.5332 7.53342 -9.62792
v 16.2106 7.35399 -8.54125
v 15.6624 7.3332 -7.54425
v 16.1526 7.92396 -7.04113
v 16.5281 7.80922 1.56757
v 16.3824 7.73749 2.33567
v 16.1795 7.63996 3.14739
v 15.8759 7.87286 3.98548
v 15.5333 8.09931 4.77937
v 16.2984 8.03063 6.08428
v 15.6658 7.7131 6.70615
v 15.3508 9.18028 -9.42481
v 15.859 8.93446 -8.54673
v 16.2574 9.03605 -7.59942
v 15.9746 9.49218 -6.76679
v 16.5585 9.29205 0.805421
v 16.466 9.09481 1.48539
v 16.3059 9.14791 2.26746
v 16.0777 9.14831 3.11463
v 15.7655 9.05786 3.96131
v 15.9448 9.42218 5.07074
v 16.0913 9.34294 6.08595
v 15.6827 9.18988 6.5851
v 15.9055 10.3244 -7.7439
v 16.2635 10.7762 -6.80643
v 16.169 10.2031 -6.1802
v 16.2145 10.7705 -5.26681
v 16.5486 10.9222 -4.18413
v 16.5439 10.8715 -1.02785
v 16.4846 10.5883 0.168526
v 16.4405 10.2454 0.844521
v 16.2592 10.5168 1.60966
v 16.2108 10.2285 2.10892
v 15.9465 10.3196 2.9938
v 15.5929 10.2869 3.87824
v 16.3396 10.4257 5.34407
v 15.8908 10.2589 6.07191
v 15.4594 10.1032 6.593
v 15.8529 11.6084 -6.75024
v 16.1199 11.6233 -6.01642
v 16.1851 11.8559 -5.13885
v 16.1438 11.4295 -4.20959
v 16.2852 11.4323 -3.47047
v 16.3218 11.5393 -2.58488
v 16.2949 11.7485 -1.64771
v 16.2744 11.8339 -1.02422
v 16.2718 11.6579 -0.0670047
v 16.261 11.3318 0.757634
v 15.9903 11.7904 1.65862
v 15.7244 11.6295 2.7512
v 15.9903 11.3426 4.09007
v 16.1066 11.368 5.30237
v 15.6259 11.1947 6.07196
v 15.605 12.691 -6.40585
v 15.8714 12.6474 -5.0483
v 16.1375 12.7345 -4.21935
v 16.0754 12.9233 -3.42385
v 15.994 13.0116 -2.69032
v 16.3075 13.216 -1.71658
v 15.9315 12.9018 -1.08443
v 16.0563 12.4646 -0.324118
v 15.811 12.8616 0.847734
v 15.3726 13.2633 2.35386
v 16.2989 12.5305 4.26877
v 15.5857 12.8322 5.31973
v 15.3444 13.9888 -5.92866
v 15.6235 14.1464 -4.91748
v 15.8512 14.3089 -3.9148
v 16.1383 13.6004 -3.40034
v 16.1994 13.98 -2.63887
v 16.2817 14.2317 -1.84938
v 16.0012 14.0314 -1.05923
v 16.0138 14.1353 -0.289298
v 16.5832 14.0007 0.863975
v 15.825 14.3462 1.42248
v 16.41 13.8385 2.83882
v 15.9092 13.5794 4.25656
v 15.4163 15.282 -4.44269
v 15.6823 15.3577 -3.41127
v 15.9167 15.3321 -2.35214
v 16.0319 15.498 -0.951535
v 16.1217 15.3537 0.466138
v 15.7784 15.629 2.17377
v 15.696 15.0676 3.31918
v 15.434 16.4674 -3.02996
v 15.6306 16.5962 -1.78071
v 15.5148 16.8774 0.0380188
v 15.6836 16.2575 1.07268
v 16.7859 -4.60697 -2.45791
v 16.655 -5.13291 -0.573664
v 16.8003 -4.41902 0.722277
v 16.8448 -3.66896 -4.21295
v 17.0912 -3.4234 -2.91272
v 17.2587 -3.04067 -1.60983
v 16.9792 -4.09485 -1.16324
v 17.1094 -3.47571 0.146901
v 16.8428 -3.68658 2.02286
v 16.7607 -2.96818 3.32424
v 16.7808 -2.37069 -5.86404
v 17.1171 -2.39628 -4.55403
v 17.347 -2.28957 -3.25244
v 17.496 -2.01264 -1.94968
v 17.3708 -2.49716 -0.291556
v 17.4023 -1.86149 1.03538
v 17.1509 -2.80006 1.46621
v 17.0783 -2.11843 2.7884
v 17.0063 -1.09879 -6.0817
v 17.3345 -1.24955 -4.78978
v 17.6377 -0.799847 -3.59905
v 17.6933 -1.05305 -2.21905
v 17.68 -1.06928 -0.783014
v 17.6071 -0.91117 0.684973
v 17.3285 -1.20225 2.36426
v 17.1244 -0.588061 3.68839
v 16.8661 -1.48133 4.10718
v 16.744 0.298876 -7.42386
v 17.2511 0.339573 -6.16889
v 17.5635 0.091201 -4.97163
v 17.7752 0.0105785 0.369614
v 17.6117 0.252986 1.848
v 17.3279 0.377978 3.33487
v 16.8727 0.374836 4.82696
v 16.7925 1.61233 -7.67022
v 17.1819 1.87385 -6.93769
v 17.6036 1.72146 -5.9359
v 17.7339 1.03919 -5.02828
v 16.5897 2.18841 -3.8535
v 16.6478 1.62629 -2.80636
v 16.6804 1.582 -1.70358
v 16.6592 1.77447 -0.519883
v 17.4974 1.41137 3.01534
v 17.15 1.82057 4.35637
v 16.7184 2.06776 5.59099
v 16.5873 3.04797 -8.34534
v 16.9368 2.89357 -7.72611
v 17.4068 2.77768 -6.9326
v 17.7705 2.80107 -6.4048
v 16.6843 3.00205 -4.18312
v 16.8386 2.97329 -3.24324
v 16.8585 2.89518 -2.701
v 16.8458 2.95818 -1.76562
v 16.7413 2.402 -0.962356
v 16.7347 3.02246 -0.14367
v 16.626 2.46447 0.47231
v 17.6724 2.61603 2.66174
v 17.2573 2.81709 4.1856
v 16.8351 2.95712 5.40139
v 16.6777 3.9608 -8.30618
v 17.3926 4.11293 -7.55058
v 16.8476 4.415 -5.89792
v 17.0907 4.10999 -5.08117
v 17.2153 3.88761 -4.31782
v 17.378 3.972 -3.36442
v 17.4027 4.23061 -2.55928
v 17.1821 4.25815 -1.78025
v 16.9169 3.98218 -0.809383
v 16.827 4.14763 -0.101595
v 16.692 4.11824 0.754293
v 17.6185 3.84681 3.09503
v 17.2771 4.23905 4.27204
v 16.8987 4.20701 5.31298
v 16.7912 4.95461 -8.1646
v 17.2862 5.23744 -7.80973
v 16.8868 5.27461 -6.57569
v 17.4141 4.99481 -5.89227
v 17.6099 5.30782 -1.69631
v 17.1821 5.32229 -0.913312
v 16.8734 5.24019 0.0418818
v 16.763 5.52503 0.603043
v 16.6395 5.27909 1.27075
v 17.7673 5.45603 2.5371
v 17.554 5.27006 3.41298
v 17.2387 5.54817 4.41505
v 16.8897 5.39691 5.31589
v 17.2308 6.36449 -7.91619
v 17.2699 6.5792 -6.78689
v 17.6388 6.1314 -1.33898
v 17.3182 6.70529 -0.873299
v 16.9128 6.52261 -0.0545382
v 16.7021 6.57307 0.8164
v 16.6026 6.04397 1.44451
v 17.6974 6.72122 2.74898
v 17.4903 6.55128 3.58889
v 17.1768 6.77018 4.50787
v 16.8297 6.57648 5.35304
v 17.1773 7.65588 -7.91225
v 17.2693 7.90597 -6.89509
v 17.3001 7.81397 -0.953579
v 16.8085 7.79341 0.0100901
v 16.6372 7.88772 0.86762
v 17.7846 7.68278 2.05677
v 17.6567 8.10042 2.59456
v 17.4186 7.77032 3.68389
v 17.0945 7.99215 4.57062
v 16.7377 7.7944 5.38774
v 17.0526 8.87346 -7.71876
v 16.8118 9.1656 -6.69346
v 17.3856 9.22163 -1.53114
v 16.9486 9.1662 -0.948967
v 16.7089 8.97288 -0.00181317
v 17.2965 9.13421 0.69801
v 17.7451 8.9739 1.43186
v 17.5888 9.1594 2.47675
v 17.3209 8.98851 3.71074
v 16.9591 9.25358 4.5675
v 16.6424 8.63948 5.39634
v 17.2634 10.1691 -7.49114
v 17.2171 10.293 -6.63448
v 17.123 10.7584 -6.04762
v 16.7285 10.7847 -5.28789
v 16.7756 10.9682 -4.21208
v 16.9765 10.9431 -3.40018
v 17.0774 10.5801 -2.5711
v 16.9041 10.2726 -1.80224
v 17.0054 10.3853 -0.706987
v 17.346 10.3175 -0.0835187
v 17.5711 10.3127 0.758918
v 17.5317 10.3138 1.68185
v 17.3784 10.3252 2.7644
v 17.1638 10.2569 3.62977
v 16.7588 10.5782 4.48904
v 17.677 11.3177 -7.4863
v 17.0781 11.6007 -6.86144
v 17.2083 11.747 -6.08961
v 17.3344 11.5648 -5.15568
v 17.3633 11.6158 -4.28478
v 17.5432 11.5369 -3.54511
v 17.3234 11.8038 -0.906531
v 17.2187 11.7178 -0.0665692
v 17.2926 11.6134 0.897361
v 17.2168 11.8492 1.5726
v 17.1687 11.5924 2.53737
v 16.935 11.6135 3.4358
v 17.5532 12.8824 -6.94057
v 17.0862 12.7589 -6.17664
v 17.1107 12.7964 -5.23014
v 16.7714 12.9387 -4.38408
v 16.8604 12.9973 -3.44952
v 17.0294 12.8519 -2.53468
v 17.2122 12.5439 -1.82153
v 16.8215 12.7428 -0.93209
v 16.8649 13.0203 0.174858
v 16.9348 12.9076 0.896061
v 16.7796 13.3069 1.72566
v 16.9818 12.4763 2.24541
v 16.7188 12.6113 3.20668
v 17.7668 13.9537 -6.89702
v 17.3916 14.1104 -6.18147
v 17.2293 14.0794 -5.38173
v 17.2651 14.1803 -4.50263
v 17.483 14.2922 -3.61612
v 17.7385 13.8748 -2.75315
v 17.6906 15.3436 -6.04676
v 17.4688 15.2732 -5.32301
v 17.5167 15.3902 -4.52276
v 17.6604 15.2233 -3.67766
v 17.8416 0.367298 -3.84988
v 17.9151 0.143749 -2.57271
v 18.0398 0.886042 -1.53705
v 17.919 0.208225 -1.21584
v 17.9158 0.836056 0.0273308
v 17.9471 1.73266 -5.01573
v 18.0907 1.43784 -4.07836
v 18.3057 1.81886 -3.22742
v 18.1867 1.51349 -2.5542
v 18.1538 1.45633 -1.86905
v 18.1549 2.03946 -0.86296
v 18.0379 1.49755 -0.403848
v 17.8415 1.62775 1.28188
v 17.8295 3.45388 -6.83233
v 18.1529 2.91924 -5.92558
v 18.4461 2.6635 -5.04372
v 18.6517 2.65597 -4.30745
v 18.7826 2.79199 -3.54473
v 18.69 2.87196 -2.67411
v 18.5317 3.13094 -1.79305
v 18.259 2.846 -0.886665
v 18.1127 2.76538 0.0559638
v 17.9807 2.27339 0.691686
v 17.9036 3.15666 1.59051
v 18.3349 4.20574 -6.83553
v 18.6697 3.74672 -6.05304
v 18.9715 3.48087 -5.19222
v 18.0044 4.65298 -3.81491
v 18.8516 4.03213 -1.82261
v 18.4619 4.00751 -0.946657
v 18.2392 4.09636 -0.0635252
v 18.0843 4.1385 0.736949
v 17.9959 4.40974 1.32476
v 17.8425 4.09052 2.13356
v 18.1101 5.45115 -7.51305
v 19.0183 5.7394 -7.21524
v 17.9301 5.55745 -5.97276
v 18.162 5.24251 -5.23165
v 18.6826 5.43428 -4.40826
v 18.5844 5.31344 -3.41024
v 18.2778 5.47766 -2.53592
v 18.7344 5.41419 -0.828392
v 18.2889 5.36461 -0.00746017
v 18.1092 5.59171 0.725664
v 17.9434 5.24993 1.65608
v 18.411 6.81763 -7.75031
v 18.6266 6.46558 -6.13129
v 18.9236 6.95423 -2.17575
v 18.048 6.68108 -1.63329
v 18.7911 7.23665 -0.582652
v 18.3634 6.72044 -0.12061
v 18.041 6.36752 0.930108
v 17.8881 6.67633 1.72142
v 18.8879 7.99404 -7.92929
v 18.5866 7.95686 -6.79276
v 18.2578 7.84032 -1.63887
v 19.052 8.21712 -0.738136
v 18.3042 7.92197 -0.179343
v 17.9663 7.82517 0.587337
v 17.8627 7.86627 1.37661
v 18.6171 9.28001 -8.02394
v 18.09 9.11052 -6.91698
v 18.2284 9.14245 -1.79935
v 18.6249 9.19672 -0.586263
v 18.1135 8.82004 -0.126934
v 18.2341 10.4985 -7.881
v 18.5575 10.2752 -6.90732
v 18.1668 10.6123 -2.28041
v 18.7648 10.2621 -2.09183
v 18.1193 10.8777 -0.806023
v 18.049 9.84674 -0.36707
v 18.4931 11.7141 -7.83112
v 18.3554 11.464 -6.6677
v 18.0053 12.184 -6.12387
v 18.0017 11.8882 -3.17077
v 18.4853 11.5947 -2.56677
v 18.2591 12.1873 -1.37436
v 18.3401 11.5099 -1.15512
v 18.2161 12.8858 -7.55098
v 18.6681 12.7755 -6.67707
v 18.1043 12.9412 -5.84769
v 18.0154 13.2133 -5.01086
v 18.0199 13.0011 -4.36279
v 18.2845 12.9481 -3.45903
v 18.8534 13.02 -2.7043
v 18.5535 13.0354 -1.66786
v 18.5148 14.2087 -7.44944
v 18.9532 13.9266 -6.71926
v 18.4176 14.2947 -5.90315
v 18.1893 14.2942 -5.00311
v 18.2344 14.2741 -4.36968
v 18.5229 14.2634 -3.46773
v 18.3781 14.4079 -2.62505
v 18.4432 14.0936 -2.09671
v 18.4895 15.3985 -6.92875
v 18.8978 15.2629 -5.95409
v 18.6248 15.3219 -5.10374
v 18.7896 15.4236 -4.25969
v 18.4496 15.2778 -3.63016
v 18.3676 15.3712 -2.67726
v 18.4566 16.1172 -6.47159
v 18.4523 16.5317 -5.89669
v 18.4129 16.7441 -5.10158
v 18.4532 16.7304 -4.288
v 18.5608 16.4758 -3.41311
v 18.9465 16.0919 -2.51224
v 19.2032 4.58057 -6.26986
v 19.5197 4.17268 -5.08985
v 19.5288 3.92323 -4.26008
v 19.532 4.03397 -3.36203
v 19.2869 4.28009 -2.34046
v 19.2553 5.17289 -6.72103
v 20.0185 5.40501 -6.09243
v 20.2088 5.043 -5.11017
v 19.806 4.90861 -2.5318
v 19.3864 5.06098 -1.78491
v 19.3804 5.92064 -1.31798
v 19.4273 7.20011 -7.6615
v 19.8986 6.56358 -7.16116
v 19.5081 6.40684 -5.05439
v 19.8232 6.51732 -4.43777
v 19.7293 6.5984 -3.39416
v 19.0715 6.47512 -2.56779
v 20.1125 6.45095 -1.78496
v 19.089 6.58159 -0.890773
v 20.2814 8.19327 -7.79361
v 20.0479 8.07328 -6.43615
v 19.868 7.62092 -2.61638
v 19.33 8.38533 -2.10228
v 19.5121 7.51001 -1.05969
v 19.609 8.8887 -8.05005
v 19.5048 8.93347 -6.89228
v 20.1322 9.32008 -2.29426
v 19.6802 9.07731 -1.06616
v 19.8582 10.1911 -8.18682
v 19.7419 10.5173 -7.09795
v 20.2356 10.7907 -2.24267
v 19.5644 9.91724 -2.12461
v 19.9944 10.5223 -1.13901
v 20.0239 11.8176 -8.30072
v 19.5331 11.8559 -7.09632
v 19.7842 11.7217 -2.24302
v 19.2762 11.6361 -1.17116
v 19.5806 12.8716 -7.77513
v 19.5128 13.0945 -7.09369
v 19.6679 12.7814 -2.34114
v 20.1886 13.2031 -1.36688
v 19.7302 12.3039 -1.2693
v 19.5151 14.2777 -7.91151
v 19.608 14.4981 -6.88978
v 19.4676 14.2699 -2.56183
v 19.3069 14.0509 -1.6385
v 19.7627 15.4803 -7.62326
v 20.1837 15.4999 -6.63613
v 19.4146 15.5781 -6.08457
v 19.3575 15.9455 -5.18481
v 19.5153 15.9484 -4.25648
v 19.6168 15.593 -3.36528
v 19.7318 15.1769 -2.83716
v 19.5637 15.4822 -1.92456
v 19.7439 16.6092 -6.90596
v 19.7049 16.8216 -5.90498
v 20.0015 16.2485 -4.96053
v 20.0564 16.1571 -4.16698
v 19.6292 17.1799 -3.44045
v 19.6496 16.697 -2.66446
v 19.8152 17.4606 -5.12941
v 19.6164 17.3908 -4.37879
v 20.4782 5.16301 -4.30523
v 20.5662 5.37628 -3.50912
v 20.4931 5.70022 -2.75419
v 20.8897 6.0204 -5.48489
v 21.2279 6.12923 -4.62694
v 21.3588 6.31837 -3.78242
v 21.1715 6.84634 -2.62803
v 20.8467 7.63434 -7.28934
v 21.337 7.27138 -6.59922
v 20.3344 7.71719 -5.93469
v 20.8086 7.64695 -5.04191
v 21.1055 7.82843 -4.12634
v 21.0375 8.22624 -3.30011
v 20.6319 7.70227 -1.6716
v 21.0922 9.27926 -7.97274
v 20.8767 9.48111 -6.79855
v 21.4785 8.98394 -6.16185
v 20.6393 8.80646 -2.61612
v 21.0778 9.09391 -1.60491
v 20.8417 10.8382 -8.3248
v 21.3636 10.7195 -7.12581
v 21.1929 10.0204 -2.60142
v 21.4389 10.4353 -1.50449
v 21.2745 11.8182 -8.42237
v 21.088 12.0276 -7.36926
v 20.6543 11.1511 -7.24874
v 21.1152 11.3899 -2.40042
v 21.0484 12.1146 -1.34202
v 20.5845 11.3443 -1.26069
v 20.439 13.1271 -8.33491
v 20.925 13.0015 -7.40173
v 20.9234 12.9918 -2.30646
v 21.3858 12.8548 -1.4069
v 20.6108 14.0061 -8.26902
v 20.629 13.855 -7.34822
v 20.7425 14.5363 -7.24036
v 20.976 14.2469 -2.415
v 20.4947 14.3643 -1.51154
v 20.7142 14.8869 -8.11318
v 20.8082 15.7116 -7.85891
v 20.9183 15.4156 -6.90058
v 20.9365 15.9266 -3.3549
v 20.9302 15.3209 -2.7954
v 20.8403 15.7009 -1.86746
v 20.9518 16.422 -7.49775
v 20.8503 17.0402 -6.83868
v 20.9477 16.2041 -6.06636
v 20.9999 16.4394 -5.1158
v 21.0189 16.342 -4.28212
v 20.4551 16.723 -3.55385
v 20.8267 16.6753 -2.44245
v 20.6848 17.4742 -5.79754
v 20.996 17.6096 -4.86039
v 20.406 17.5588 -4.42918
v 21.0055 17.4479 -3.71964
v 21.7842 7.16385 -5.78525
v 22.1093 7.22602 -4.90988
v 22.7299 8.38926 -6.02922
v 22.2332 7.37213 -4.03558
v 22.1574 7.63811 -3.20374
v 21.883 8.05988 -2.45574
v 21.7576 8.82188 -7.49935
v 22.2982 8.51572 -6.8319
v 21.8039 8.87156 -5.59772
v 22.0385 8.88465 -4.98363
v 22.138 8.97641 -4.36287
v 21.9816 9.28698 -3.4958
v 22.7022 9.09858 -2.61224
v 22.182 9.65933 -1.96644
v 21.7669 10.3657 -8.13974
v 22.526 9.99643 -7.69075
v 21.9315 10.3867 -6.81438
v 22.5417 10.107 -6.07749
v 22.6181 10.4427 -3.34369
v 22.1598 10.7519 -2.86214
v 22.2935 11.443 -8.27136
v 21.889 11.6872 -7.2631
v 22.5362 11.4298 -6.96277
v 22.2929 11.864 -2.73154
v 22.2262 11.7769 -1.62262
v 22.1212 12.6468 -8.40398
v 22.3315 13.021 -7.36051
v 22.1952 12.868 -2.58011
v 22.7148 13.1048 -1.7303
v 21.7887 14.2232 -8.35697
v 21.8833 14.086 -7.36316
v 22.3008 14.0422 -2.70778
v 21.6372 13.9591 -1.53102
v 22.2838 15.4733 -8.026
v 22.0794 15.493 -6.82241
v 22.1703 15.6698 -3.40383
v 22.2954 15.4365 -2.60537
v 22.1747 15.0111 -1.87155
v 22.212 16.3979 -7.50804
v 22.0089 17.185 -6.61084
v 22.0467 16.2332 -6.01741
v 22.177 16.3869 -5.11635
v 22.2892 16.1394 -4.11129
v 21.9378 17.1227 -3.30032
v 22.0672 16.5329 -2.60009
v 22.2638 17.4349 -5.80446
v 21.6282 17.577 -5.3316
v 21.9792 17.478 -4.39985
v 23.0134 8.39841 -5.15039
v 23.1091 8.49906 -4.25445
v 23.1237 9.74161 -7.03628
v 23.5647 9.61254 -6.23478
v 23.8313 9.59148 -5.34479
v 23.9059 9.66064 -4.42487
v 23.0083 8.72214 -3.39166
v 23.7839 10.9409 -7.19751
v 22.9171 10.037 -5.17694
v 22.9342 10.1586 -4.22553
v 23.7749 9.84475 -3.53217
v 23.4245 10.1685 -2.72388
v 22.841 10.6566 -2.05716
v 23.342 11.7104 -7.8896
v 23.2492 11.759 -6.56019
v 23.6073 11.6723 -5.99695
v 23.8053 11.6481 -5.36372
v 23.6719 11.5706 -4.25556
v 23.1783 11.4437 -3.42264
v 24.0046 11.2591 -2.81076
v 23.3548 11.6632 -2.12888
v 22.8547 13.5314 -8.33543
v 23.7696 13.3547 -7.94916
v 23.2502 12.9648 -6.93065
v 23.4508 13.0807 -3.35827
v 23.3347 12.6437 -2.58684
v 22.8653 14.5232 -8.22136
v 23.7612 14.3899 -7.86197
v 23.4631 14.3303 -6.71054
v 23.8864 14.7833 -6.0106
v 24.0251 14.1305 -4.22415
v 23.3411 14.2677 -3.40131
v 23.7503 14.208 -2.38891
v 22.8123 13.9983 -1.83705
v 23.4506 15.6927 -7.53949
v 22.9399 15.1332 -6.78297
v 23.2433 15.637 -6.02605
v 23.5103 15.5597 -5.0992
v 23.4034 15.3884 -4.27179
v 23.1083 15.0327 -3.56182
v 23.3647 15.6784 -2.70349
v 23.4018 16.4809 -6.87251
v 23.3674 16.9471 -5.99813
v 23.2282 16.7292 -5.27801
v 23.2505 17.0171 -4.34677
v 23.2383 16.4674 -3.33458
v 24.2475 10.822 -6.39434
v 24.5125 10.7893 -5.49348
v 24.5696 10.8397 -4.55478
v 24.4049 10.9904 -3.63996
v 24.2488 12.1055 -7.30076
v 24.7372 12.006 -6.50037
v 25.0067 11.9762 -5.59684
v 24.0544 12.193 -4.74494
v 25.0461 12.0189 -4.65214
v 24.8461 12.1437 -3.72971
v 24.4887 13.2271 -7.33118
v 24.9929 13.1528 -6.54528
v 24.6592 13.1387 -5.8719
v 24.5972 13.1574 -4.9954
v 24.0784 13.2325 -4.15361
v 25.046 13.2889 -3.81608
v 24.4768 12.9102 -2.94178
v 24.4736 14.2978 -7.27392
v 24.9735 14.2508 -6.52153
v 24.6454 14.1371 -5.87104
v 24.4368 14.2963 -5.13872
v 24.9526 14.4107 -3.91377
v 24.4376 14.5501 -3.12377
v 24.4948 15.248 -6.78714
v 24.6159 15.7575 -5.87275
v 24.9285 15.3206 -4.85027
v 24.6267 15.4391 -4.05759
v 24.0964 15.562 -3.32438
v 24.1204 16.4697 -5.64181
v 24.4646 16.1333 -4.96231
v 24.1294 16.3043 -4.28234
f 3942 3932 3743
f 3942 3743 3748
f 3932 4098 3928
f 3932 3928 3743
f 3748 3743 3563
f 3748 3563 3567
f 3743 3928 3560
f 3743 3560 3563
f 4093 4089 3925
f 4093 3925 3927
f 3927 3925 3734
f 3927 3734 3736
f 4098 4093 3927
f 4098 3927 3928
f 3928 3927 3736
f 3928 3736 3560
f 3264 3265 3404
f 3264 3404 3403
f 3265 3266 3407
f 3265 3407 3404
f 3403 3404 3736
f 3403 3736 3734
f 3404 3407 3560
f 3404 3560 3736
f 3268 3272 3417
f 3268 3417 3408
f 3408 3417 3567
f 3408 3567 3563
f 3266 3268 3408
f 3266 3408 3407
f 3407 3408 3563
f 3407 3563 3560
f 2511 2513 2680
f 2511 2680 2601
f 2513 2514 2681
f 2513 2681 2680
f 2601 2680 2783
f 2601 2783 2782
f 2680 2681 2785
f 2680 2785 2783
f 2518 2522 2687
f 2518 2687 2684
f 2684 2687 2875
f 2684 2875 2788
f 2514 2518 2684
f 2514 2684 2681
f 2681 2684 2788
f 2681 2788 2785
f 3272 3268 3013
f 3272 3013 3017
f 3268 3266 3010
f 3268 3010 3013
f 3017 3013 2788
f 3017 2788 2875
f 3013 3010 2785
f 3013 2785 2788
f 3265 3264 3007
f 3265 3007 3008
f 3008 3007 2782
f 3008 2782 2783
f 3266 3265 3008
f 3266 3008 3010
f 3010 3008 2783
f 3010 2783 2785
f 4699 4688 4687
f 4699 4687 4453
f 4688 4677 4676
f 4688 4676 4687
f 4453 4687 4448
f 4453 4448 4459
f 4687 4676 4443
f 4687 4443 4448
f 4666 4655 4654
f 4666 4654 4665
f 4665 4654 4430
f 4665 4430 4438
f 4677 4666 4665
f 4677 4665 4676
f 4676 4665 4438
f 4676 4438 4443
f 4239 4242 4434
f 4239 4434 4429
f 4242 4085 4244
f 4242 4244 4434
f 4429 4434 4438
f 4429 4438 4430
f 4434 4244 4443
f 4434 4443 4438
f 4088 4089 4251
f 4088 4251 4247
f 4247 4251 4459
f 4247 4459 4448
f 4085 4088 4247
f 4085 4247 4244
f 4244 4247 4448
f 4244 4448 4443
f 4089 4088 3923
f 4089 3923 3925
f 4088 4085 3921
f 4088 3921 3923
f 3925 3923 3733
f 3925 3733 3734
f 3923 3921 3732
f 3923 3732 3733
f 4242 4239 3917
f 4242 3917 3919
f 3919 3917 3730
f 3919 3730 3731
f 4085 4242 3919
f 4085 3919 3921
f 3921 3919 3731
f 3921 3731 3732
f 3260 3261 3396
f 3260 3396 3394
f 3261 3262 3398
f 3261 3398 3396
f 3394 3396 3731
f 3394 3731 3730
f 3396 3398 3732
f 3396 3732 3731
f 3263 3264 3403
f 3263 3403 3400
f 3400 3403 3734
f 3400 3734 3733
f 3262 3263 3400
f 3262 3400 3398
f 3398 3400 3733
f 3398 3733 3732
f 3264 3263 3004
f 3264 3004 3007
f 3263 3262 3002
f 3263 3002 3004
f 3007 3004 2779
f 3007 2779 2782
f 3004 3002 2777
f 3004 2777 2779
f 3261 3260 2998
f 3261 2998 3000
f 3000 2998 2773
f 3000 2773 2775
f 3262 3261 3000
f 3262 3000 3002
f 3002 3000 2775
f 3002 2775 2777
f 2502 2504 2595
f 2502 2595 2593
f 2504 2506 2597
f 2504 2597 2595
f 2593 2595 2775
f 2593 2775 2773
f 2595 2597 2777
f 2595 2777 2775
f 2508 2511 2601
f 2508 2601 2599
f 2599 2601 2782
f 2599 2782 2779
f 2506 2508 2599
f 2506 2599 2597
f 2597 2599 2779
f 2597 2779 2777
f 4962 4952 4961
f 4962 4963 4953
f 4962 4953 4952
f 4961 4952 4951
f 4952 4953 4942
f 4955 4820 4944
f 4955 4944 4954
f 4954 4944 4936
f 4954 4936 4943
f 4963 4955 4954
f 4963 4954 4953
f 4953 4954 4943
f 4953 4943 4942
f 4933 4934 4935
f 4933 4940 4941
f 4933 4941 4934
f 4935 4934 4943
f 4935 4943 4936
f 4934 4941 4942
f 4934 4942 4943
f 4939 4950 4940
f 4940 4950 4951
f 4940 4951 4952
f 4941 4940 4952
f 4941 4952 4942
f 4791 4798 4792
f 4798 4799 4800
f 4798 4800 4792
f 4792 4800 4801
f 4792 4801 4793
f 4799 4811 4800
f 4800 4937 4801
f 4939 4940 4938
f 4938 4801 4937
f 4933 4784 4932
f 4932 4784 4793
f 4940 4933 4932
f 4940 4932 4938
f 4938 4932 4793
f 4938 4793 4801
f 4239 4234 3915
f 4239 3915 3917
f 4234 4078 3914
f 4234 3914 3915
f 3917 3915 3729
f 3917 3729 3730
f 3915 3914 3727
f 3915 3727 3729
f 4069 4058 3900
f 4069 3900 3907
f 3907 3900 3539
f 3907 3539 3721
f 4078 4069 3907
f 4078 3907 3914
f 3914 3907 3721
f 3914 3721 3727
f 3121 3255 3385
f 3121 3385 3377
f 3255 3258 3390
f 3255 3390 3385
f 3377 3385 3721
f 3377 3721 3539
f 3385 3390 3727
f 3385 3727 3721
f 3259 3260 3394
f 3259 3394 3392
f 3392 3394 3730
f 3392 3730 3729
f 3258 3259 3392
f 3258 3392 3390
f 3390 3392 3729
f 3390 3729 3727
f 2502 2593 2591
f 2502 2591 2500
f 2593 2773 2771
f 2593 2771 2591
f 2500 2591 2589
f 2500 2589 2498
f 2591 2771 2769
f 2591 2769 2589
f 2998 3260 3259
f 2998 3259 2996
f 2996 3259 3258
f 2996 3258 2994
f 2773 2998 2996
f 2773 2996 2771
f 2771 2996 2994
f 2771 2994 2769
f 3121 2984 2990
f 3121 2990 3255
f 2984 2759 2765
f 2984 2765 2990
f 3255 2990 2994
f 3255 2994 3258
f 2990 2765 2769
f 2990 2769 2994
f 2579 2487 2494
f 2579 2494 2585
f 2585 2494 2498
f 2585 2498 2589
f 2759 2579 2585
f 2759 2585 2765
f 2765 2585 2589
f 2765 2589 2769
f 4548 4357 4356
f 4548 4356 4364
f 4357 4349 4345
f 4357 4345 4356
f 4364 4356 4199
f 4364 4199 4363
f 4356 4345 4181
f 4356 4181 4199
f 4342 4171 4170
f 4342 4170 4177
f 4177 4170 4021
f 4177 4021 4176
f 4349 4342 4177
f 4349 4177 4345
f 4345 4177 4176
f 4345 4176 4181
f 3867 3874 4037
f 3867 4037 4020
f 3874 3885 4044
f 3874 4044 4037
f 4020 4037 4176
f 4020 4176 4021
f 4037 4044 4181
f 4037 4181 4176
f 4050 4058 4207
f 4050 4207 4198
f 4198 4207 4363
f 4198 4363 4199
f 3885 4050 4198
f 3885 4198 4044
f 4044 4198 4199
f 4044 4199 4181
f 4058 4050 3891
f 4058 3891 3900
f 4050 3885 3704
f 4050 3704 3891
f 3900 3891 3531
f 3900 3531 3539
f 3891 3704 3528
f 3891 3528 3531
f 3874 3867 3688
f 3874 3688 3694
f 3694 3688 3515
f 3694 3515 3521
f 3885 3874 3694
f 3885 3694 3704
f 3704 3694 3521
f 3704 3521 3528
f 3095 3104 3234
f 3095 3234 3223
f 3104 3108 3363
f 3104 3363 3234
f 3223 3234 3521
f 3223 3521 3515
f 3234 3363 3528
f 3234 3528 3521
f 3114 3121 3377
f 3114 3377 3370
f 3370 3377 3539
f 3370 3539 3531
f 3108 3114 3370
f 3108 3370 3363
f 3363 3370 3531
f 3363 3531 3528
f 2487 2579 2665
f 2487 2665 2481
f 2579 2759 2752
f 2579 2752 2665
f 2481 2665 2660
f 2481 2660 2475
f 2665 2752 2747
f 2665 2747 2660
f 2984 3121 3114
f 2984 3114 2978
f 2978 3114 3108
f 2978 3108 2972
f 2759 2984 2978
f 2759 2978 2752
f 2752 2978 2972
f 2752 2972 2747
f 3095 2960 2965
f 3095 2965 3104
f 2960 2739 2742
f 2960 2742 2965
f 3104 2965 2972
f 3104 2972 3108
f 2965 2742 2747
f 2965 2747 2972
f 2646 2562 2467
f 2646 2467 2654
f 2654 2467 2475
f 2654 2475 2660
f 2739 2646 2654
f 2739 2654 2742
f 2742 2654 2660
f 2742 2660 2747
f 4028 3873 3866
f 4028 3866 4019
f 3873 3687 3686
f 3873 3686 3866
f 4019 3866 3856
f 4019 3856 4018
f 3866 3686 3680
f 3866 3680 3856
f 3514 3355 3351
f 3514 3351 3509
f 3509 3351 3350
f 3509 3350 3508
f 3687 3514 3509
f 3687 3509 3686
f 3686 3509 3508
f 3686 3508 3680
f 3345 3502 3503
f 3502 3674 3680
f 3502 3680 3503
f 3345 3503 3508
f 3345 3508 3350
f 3503 3680 3508
f 3845 3844 3855
f 3845 3855 3856
f 3856 3855 4018
f 3674 3845 3856
f 3674 3856 3680
f 3205 3211 3341
f 3205 3341 3335
f 3211 3082 3346
f 3211 3346 3341
f 3335 3341 3496
f 3335 3496 3497
f 3341 3346 3504
f 3341 3504 3496
f 3089 3095 3223
f 3089 3223 3218
f 3218 3223 3515
f 3218 3515 3510
f 3082 3089 3218
f 3082 3218 3346
f 3346 3218 3510
f 3346 3510 3504
f 3867 3857 3681
f 3867 3681 3688
f 3857 3846 3675
f 3857 3675 3681
f 3688 3681 3510
f 3688 3510 3515
f 3681 3675 3504
f 3681 3504 3510
f 3676 3669 3668
f 3668 3497 3496
f 3846 3676 3668
f 3846 3668 3675
f 3675 3668 3496
f 3675 3496 3504
f 2824 2836 2835
f 2824 2835 2942
f 2836 2721 2845
f 2836 2845 2835
f 2942 2835 2941
f 2835 2845 2941
f 2641 2562 2646
f 2641 2646 2731
f 2731 2646 2739
f 2731 2739 2850
f 2721 2641 2731
f 2721 2731 2845
f 2845 2731 2850
f 3095 3089 2955
f 3095 2955 2960
f 3089 3082 2950
f 3089 2950 2955
f 2960 2955 2850
f 2960 2850 2739
f 2955 2950 2845
f 2955 2845 2850
f 3211 3205 3076
f 3211 3076 3083
f 3083 3076 2942
f 3083 2942 2941
f 3082 3211 3083
f 3082 3083 2950
f 2950 3083 2941
f 2950 2941 2845
f 3484 3490 3334
f 3484 3334 3330
f 3490 3495 3334
f 3330 3334 3204
f 3330 3204 3199
f 3495 3345 3340
f 3495 3340 3339
f 3339 3340 3209
f 3339 3209 3204
f 3495 3339 3334
f 3334 3339 3204
f 2940 2939 3075
f 2940 3075 3080
f 2939 3074 3075
f 3080 3075 3204
f 3080 3204 3209
f 3075 3074 3204
f 3068 3199 3204
f 2939 3067 3068
f 2939 3068 3074
f 3074 3068 3204
f 2920 2817 2825
f 2920 2825 2931
f 2817 2818 2825
f 2716 2715 2819
f 2716 2819 2820
f 2715 2713 2826
f 2715 2826 2819
f 2819 2826 2818
f 2825 2824 2931
f 2713 2825 2826
f 2826 2825 2818
f 3651 3485 3650
f 3651 3650 3659
f 3651 3659 3660
f 3650 3485 3492
f 3650 3492 3659
f 3326 3194 3201
f 3326 3201 3331
f 3331 3201 3200
f 3331 3200 3335
f 3485 3326 3331
f 3485 3331 3335
f 3485 3335 3492
f 3335 3497 3491
f 3205 3335 3200
f 3335 3491 3492
f 3668 3669 3660
f 3668 3660 3659
f 3497 3668 3659
f 3497 3659 3491
f 3491 3659 3492
f 3991 3996 3997
f 3991 3997 3992
f 3992 3997 3998
f 3992 3998 3993
f 3996 4002 4003
f 3996 4003 3997
f 3997 4003 4004
f 3997 4004 3998
f 3844 3834 3999
f 3844 3999 4005
f 4005 3999 3998
f 4005 3998 4004
f 3825 3994 3999
f 3999 3994 3993
f 3999 3993 3998
f 3834 3825 3999
f 3466 3479 3325
f 3466 3325 3313
f 3313 3325 3193
f 3484 3330 3329
f 3329 3330 3199
f 3479 3484 3329
f 3479 3329 3325
f 3325 3329 3199
f 3325 3199 3193
f 3067 3061 3068
f 3061 3193 3068
f 3068 3193 3199
f 3061 3050 3180
f 3061 3180 3192
f 3192 3180 3313
f 3192 3313 3193
f 3061 3192 3193
f 2903 2904 2912
f 2903 2912 2911
f 2904 2905 2813
f 2904 2813 2912
f 2810 2811 2815
f 2810 2815 2814
f 2905 2810 2814
f 2905 2814 2813
f 2820 2819 2814
f 2820 2814 2815
f 2819 2818 2813
f 2819 2813 2814
f 2817 2920 2812
f 2812 2920 2911
f 2812 2911 2912
f 2818 2817 2812
f 2818 2812 2813
f 2813 2812 2912
f 3619 3456 3629
f 3619 3629 3630
f 3456 3468 3629
f 3629 3468 3467
f 3456 3303 3314
f 3456 3314 3468
f 3468 3314 3467
f 3326 3485 3480
f 3194 3326 3314
f 3326 3480 3467
f 3326 3467 3314
f 3485 3651 3641
f 3485 3641 3480
f 3480 3641 3629
f 3480 3629 3467
f 3794 3803 3804
f 3794 3804 3795
f 3803 3986 3987
f 3803 3987 3804
f 3795 3804 3805
f 3795 3805 3796
f 3804 3987 3988
f 3804 3988 3805
f 3986 3991 3992
f 3986 3992 3987
f 3987 3992 3993
f 3987 3993 3989
f 3987 3989 3988
f 3825 3817 3816
f 3825 3816 3994
f 3817 3808 3816
f 3994 3816 3989
f 3994 3989 3993
f 3816 3988 3989
f 3807 3798 3797
f 3807 3797 3806
f 3806 3797 3796
f 3806 3796 3805
f 3808 3807 3806
f 3808 3806 3816
f 3816 3806 3805
f 3816 3805 3988
f 3464 3465 3312
f 3464 3312 3311
f 3465 3466 3313
f 3465 3313 3312
f 3050 3179 3180
f 3180 3179 3313
f 3179 3312 3313
f 3178 3311 3312
f 3179 3178 3312
f 3047 2907 2906
f 3047 2906 3046
f 3046 2906 2905
f 3046 2905 3045
f 2907 2811 2810
f 2907 2810 2906
f 2906 2810 2905
f 2903 3043 2904
f 3043 3044 2904
f 2904 3044 2905
f 3044 3173 3045
f 3044 3045 2905
f 3305 3304 3457
f 3305 3457 3458
f 3304 3303 3456
f 3304 3456 3457
f 3619 3457 3456
f 3619 3620 3457
f 3620 3458 3457
f 3623 3795 3796
f 3623 3796 3624
f 3798 3626 3797
f 3626 3625 3797
f 3797 3625 3624
f 3797 3624 3796
f 3825 3834 3835
f 3825 3835 3826
f 3826 3658 3657
f 3826 3835 3667
f 3826 3667 3658
f 3845 3674 3667
f 3834 3844 3845
f 3834 3845 3835
f 3835 3845 3667
f 3345 3495 3502
f 3502 3495 3667
f 3502 3667 3674
f 3490 3484 3658
f 3490 3658 3489
f 3489 3658 3657
f 3489 3657 3658
f 3495 3490 3489
f 3495 3489 3658
f 3495 3658 3667
f 3798 3807 3808
f 3798 3808 3799
f 3799 3808 3639
f 3799 3639 3628
f 3817 3825 3826
f 3817 3826 3818
f 3818 3826 3657
f 3818 3657 3648
f 3808 3817 3818
f 3808 3818 3648
f 3808 3648 3639
f 3484 3649 3658
f 3484 3479 3640
f 3484 3640 3649
f 3658 3649 3648
f 3658 3648 3657
f 3649 3640 3639
f 3649 3639 3648
f 3479 3466 3628
f 3479 3628 3639
f 3479 3639 3640
f 3464 3463 3626
f 3464 3626 3627
f 3464 3627 3465
f 3463 3625 3626
f 3798 3799 3627
f 3799 3628 3627
f 3798 3627 3626
f 3628 3466 3627
f 3627 3466 3465
f 3067 2929 2928
f 3067 2939 2929
f 2928 2929 2822
f 2929 2823 2822
f 2939 2940 2938
f 2938 2832 2823
f 2939 2938 2929
f 2929 2938 2823
f 2716 2820 2822
f 2716 2822 2831
f 2820 2821 2822
f 2831 2822 2823
f 2831 2823 2832
f 2822 2821 2823
f 2821 2822 2823
f 3050 3061 2918
f 3050 2918 2910
f 2910 2918 2917
f 2910 2917 2909
f 3061 3067 2928
f 3061 2928 2918
f 2918 2928 2822
f 2918 2822 2917
f 2820 2815 2816
f 2820 2816 2821
f 2821 2816 2917
f 2821 2917 2822
f 2815 2811 2908
f 2815 2908 2816
f 2816 2908 2909
f 2816 2909 2917
f 3047 3177 3048
f 3047 2908 2907
f 3047 3048 2908
f 3177 3178 3049
f 3049 3178 3179
f 3177 3049 3048
f 3050 2910 3049
f 2910 2909 3049
f 3050 3049 3179
f 3049 2909 3048
f 2908 2811 2907
f 2909 2908 3048
f 3194 3062 3070
f 3194 3070 3201
f 3201 3069 3200
f 3201 3070 3069
f 2919 2920 2930
f 2930 2920 2931
f 3062 2919 2930
f 3062 2930 3070
f 3070 2930 3069
f 2824 2942 2930
f 2942 3069 2930
f 2824 2930 2931
f 3076 3205 3200
f 3076 3200 3069
f 2942 3076 3069
f 3303 3170 3182
f 3303 3182 3314
f 3170 3041 3051
f 3170 3051 3182
f 3314 3182 3181
f 3182 3051 3181
f 3042 2903 2911
f 3042 2911 3052
f 3041 3042 3052
f 3041 3052 3051
f 2920 2919 3052
f 2920 3052 2911
f 2919 3062 3051
f 2919 3051 3052
f 3194 3314 3181
f 3062 3194 3181
f 3062 3181 3051
f 3305 3173 3172
f 3305 3172 3171
f 3305 3171 3304
f 3173 3044 3172
f 3172 3044 3043
f 3172 3043 3171
f 2903 3042 3043
f 3042 3041 3171
f 3042 3171 3043
f 3170 3303 3304
f 3170 3304 3171
f 3041 3170 3171
f 3991 3990 3995
f 3991 3995 3996
f 3990 3820 3995
f 3995 3820 3828
f 3819 3651 3660
f 3819 3660 3827
f 3820 3819 3827
f 3820 3827 3828
f 3669 3836 3837
f 3669 3837 3660
f 3836 4000 3838
f 3836 3838 3837
f 3660 3837 3827
f 3837 3838 3828
f 3837 3828 3827
f 4001 4002 3996
f 4001 3996 3995
f 4000 4001 3838
f 3838 4001 3995
f 3838 3995 3828
f 3794 3793 3802
f 3794 3802 3803
f 3793 3801 3802
f 3803 3802 3811
f 3803 3811 3986
f 3802 3801 3810
f 3802 3810 3811
f 3620 3619 3630
f 3620 3630 3800
f 3800 3630 3629
f 3793 3620 3800
f 3793 3800 3801
f 3801 3800 3810
f 3651 3819 3809
f 3651 3809 3641
f 3819 3820 3810
f 3819 3810 3809
f 3641 3809 3800
f 3641 3800 3629
f 3809 3810 3800
f 3990 3991 3986
f 3990 3986 3811
f 3820 3990 3811
f 3820 3811 3810
f 3623 3622 3795
f 3459 3458 3621
f 3621 3458 3620
f 3620 3793 3621
f 3794 3795 3622
f 3793 3794 3622
f 3793 3622 3621
f 3669 3676 3847
f 3669 3847 3836
f 3676 3846 3847
f 3836 3847 4006
f 3836 4006 4000
f 3847 4012 4006
f 3857 3867 4020
f 3857 4020 3858
f 3858 4020 4021
f 3858 4021 4012
f 3846 3857 3858
f 3846 3858 3847
f 3847 3858 4012
f 4171 4167 4022
f 4171 4022 4170
f 4167 4014 4013
f 4167 4013 4022
f 4170 4022 4012
f 4170 4012 4021
f 4022 4013 4012
f 4008 4002 4001
f 4008 4001 4007
f 4007 4001 4000
f 4007 4000 4006
f 4014 4008 4007
f 4014 4007 4013
f 4013 4007 4006
f 4013 4006 4012
f 3355 3227 3222
f 3355 3222 3351
f 3227 3094 3093
f 3227 3093 3222
f 3351 3222 3217
f 3351 3217 3350
f 3222 3093 3088
f 3222 3088 3217
f 2959 2735 2849
f 2959 2849 2954
f 2954 2849 2949
f 2954 2949 2953
f 3094 2959 2954
f 3094 2954 3093
f 3093 2954 2953
f 3093 2953 3088
f 2940 3080 3081
f 2940 3081 2948
f 3080 3209 3210
f 3080 3210 3081
f 2948 3081 2953
f 2948 2953 2949
f 3081 3210 3088
f 3081 3088 2953
f 3340 3345 3216
f 3216 3345 3350
f 3216 3350 3217
f 3209 3340 3216
f 3209 3216 3210
f 3210 3216 3217
f 3210 3217 3088
f 2631 2629 2630
f 2629 2550 2635
f 2630 2629 2714
f 2630 2714 2716
f 2629 2635 2712
f 2629 2712 2714
f 2549 2562 2641
f 2549 2641 2634
f 2634 2641 2721
f 2634 2721 2722
f 2550 2549 2634
f 2550 2634 2635
f 2635 2634 2722
f 2635 2722 2712
f 2824 2825 2711
f 2824 2711 2836
f 2825 2713 2711
f 2836 2711 2722
f 2836 2722 2721
f 2711 2713 2712
f 2711 2712 2722
f 2715 2716 2714
f 2713 2715 2714
f 2713 2714 2712
f 2710 2707 2900
f 2710 2900 2809
f 2707 2805 2901
f 2707 2901 2900
f 2809 2900 3039
f 2809 3039 3037
f 2900 2901 3040
f 2900 3040 3039
f 2806 2799 2893
f 2806 2893 2902
f 2902 2893 3162
f 2902 3162 3032
f 2805 2806 2902
f 2805 2902 2901
f 2901 2902 3032
f 2901 3032 3040
f 3429 3443 3293
f 3429 3293 3294
f 3443 3302 3169
f 3443 3169 3293
f 3294 3293 3032
f 3294 3032 3162
f 3293 3169 3040
f 3293 3040 3032
f 3301 3300 3167
f 3301 3167 3168
f 3168 3167 3037
f 3168 3037 3039
f 3302 3301 3168
f 3302 3168 3169
f 3169 3168 3039
f 3169 3039 3040
f 3295 3033 3034
f 3295 3034 3163
f 3033 2894 2895
f 3033 2895 3034
f 3163 3034 3035
f 3163 3035 3164
f 3034 2895 2896
f 3034 2896 3035
f 2800 2621 2622
f 2800 2622 2801
f 2801 2622 2708
f 2801 2708 2807
f 2894 2800 2801
f 2894 2801 2895
f 2895 2801 2807
f 2895 2807 2896
f 2710 2809 2808
f 2710 2808 2709
f 2809 3037 2897
f 2809 2897 2808
f 2709 2808 2807
f 2709 2807 2708
f 2808 2897 2896
f 2808 2896 2807
f 3167 3300 3299
f 3167 3299 3165
f 3165 3299 3164
f 3165 3164 3035
f 3037 3167 3165
f 3037 3165 2897
f 2897 3165 3035
f 2897 3035 2896
f 2799 2795 2885
f 2799 2885 2893
f 2795 2796 3024
f 2795 3024 2885
f 2893 2885 3151
f 2893 3151 3162
f 2885 3024 3152
f 2885 3152 3151
f 2878 2879 3015
f 2878 3015 3019
f 3019 3015 3144
f 3019 3144 3147
f 2796 2878 3019
f 2796 3019 3024
f 3024 3019 3147
f 3024 3147 3152
f 3416 3415 3276
f 3416 3276 3271
f 3415 3421 3276
f 3271 3276 3147
f 3271 3147 3144
f 3276 3152 3147
f 3430 3429 3294
f 3430 3294 3280
f 3280 3294 3162
f 3280 3162 3151
f 3421 3430 3280
f 3421 3280 3276
f 3276 3280 3151
f 3276 3151 3152
f 4384 4385 4374
f 4384 4374 4383
f 4385 4211 4210
f 4385 4210 4374
f 4383 4374 4362
f 4383 4362 4553
f 4374 4210 4204
f 4374 4204 4362
f 4063 4064 4057
f 4063 4057 4206
f 4206 4057 4053
f 4206 4053 4205
f 4211 4063 4206
f 4211 4206 4210
f 4210 4206 4205
f 4210 4205 4204
f 4048 4188 4197
f 4048 4197 4049
f 4188 4187 4355
f 4188 4355 4197
f 4049 4197 4205
f 4049 4205 4053
f 4197 4355 4204
f 4197 4204 4205
f 4354 4353 4547
f 4354 4547 4361
f 4361 4547 4553
f 4361 4553 4362
f 4187 4354 4361
f 4187 4361 4355
f 4355 4361 4362
f 4355 4362 4204
f 2940 2948 2834
f 2940 2834 2938
f 2948 2949 2844
f 2948 2844 2834
f 2938 2834 2833
f 2938 2833 2832
f 2834 2844 2719
f 2834 2719 2833
f 2849 2735 2730
f 2849 2730 2729
f 2729 2730 2728
f 2729 2728 2720
f 2949 2849 2729
f 2949 2729 2844
f 2844 2729 2720
f 2844 2720 2719
f 2631 2630 2718
f 2631 2718 2632
f 2630 2716 2717
f 2630 2717 2718
f 2632 2718 2720
f 2632 2720 2728
f 2718 2717 2719
f 2718 2719 2720
f 2716 2831 2717
f 2717 2831 2832
f 2717 2832 2833
f 2717 2833 2719
f 1055 1054 1040
f 1055 1040 847
f 1054 1278 1273
f 1054 1273 1040
f 847 1040 826
f 847 826 827
f 1040 1273 1034
f 1040 1034 826
f 1490 1848 1676
f 1490 1676 1483
f 1483 1676 1669
f 1483 1669 1479
f 1278 1490 1483
f 1278 1483 1273
f 1273 1483 1479
f 1273 1479 1034
f 1470 1252 1259
f 1470 1259 1662
f 1252 1017 1026
f 1252 1026 1259
f 1662 1259 1479
f 1662 1479 1669
f 1259 1026 1034
f 1259 1034 1479
f 808 639 661
f 808 661 819
f 819 661 827
f 819 827 826
f 1017 808 819
f 1017 819 1026
f 1026 819 826
f 1026 826 1034
f 2511 2270 2271
f 2511 2271 2513
f 2270 2132 2133
f 2270 2133 2271
f 2513 2271 2272
f 2513 2272 2514
f 2271 2133 2135
f 2271 2135 2272
f 1830 1470 1662
f 1830 1662 1831
f 1831 1662 1669
f 1831 1669 1837
f 2132 1830 1831
f 2132 1831 2133
f 2133 1831 1837
f 2133 1837 2135
f 1848 1999 1995
f 1848 1995 1676
f 1999 2144 2143
f 1999 2143 1995
f 1676 1995 1837
f 1676 1837 1669
f 1995 2143 2135
f 1995 2135 1837
f 2397 2522 2518
f 2397 2518 2393
f 2393 2518 2514
f 2393 2514 2272
f 2144 2397 2393
f 2144 2393 2143
f 2143 2393 2272
f 2143 2272 2135
f 608 607 599
f 608 599 600
f 607 446 436
f 607 436 599
f 600 599 601
f 599 436 423
f 293 291 292
f 293 292 435
f 435 292 281
f 435 281 422
f 446 293 435
f 446 435 436
f 436 435 422
f 436 422 423
f 410 423 422
f 410 587 424
f 410 424 423
f 588 773 776
f 588 776 593
f 593 776 601
f 593 601 599
f 587 588 593
f 587 593 424
f 424 593 599
f 424 599 423
f 306 312 311
f 306 311 305
f 312 319 318
f 312 318 311
f 305 311 304
f 305 304 295
f 311 318 317
f 311 317 304
f 324 487 486
f 324 486 323
f 323 486 485
f 323 485 478
f 319 324 323
f 319 323 318
f 318 323 478
f 318 478 317
f 639 628 477
f 639 477 484
f 628 460 461
f 628 461 477
f 484 477 478
f 484 478 485
f 477 461 317
f 477 317 478
f 448 425 294
f 448 294 449
f 449 294 295
f 449 295 304
f 460 448 449
f 460 449 461
f 461 449 304
f 461 304 317
f 639 808 627
f 639 627 628
f 808 1017 1012
f 808 1012 627
f 628 627 614
f 628 614 460
f 627 1012 793
f 627 793 614
f 1252 1470 1462
f 1252 1462 1247
f 1247 1462 1460
f 1247 1460 1238
f 1017 1252 1247
f 1017 1247 1012
f 1012 1247 1238
f 1012 1238 793
f 1458 1226 1231
f 1458 1231 1459
f 1226 778 784
f 1226 784 1231
f 1459 1231 1238
f 1459 1238 1460
f 1231 784 793
f 1231 793 1238
f 594 425 448
f 594 448 602
f 602 448 460
f 602 460 614
f 778 594 602
f 778 602 784
f 784 602 614
f 784 614 793
f 1470 1830 1827
f 1470 1827 1462
f 1830 2132 1985
f 1830 1985 1827
f 1462 1827 1825
f 1462 1825 1460
f 1827 1985 1984
f 1827 1984 1825
f 2270 2511 2508
f 2270 2508 2267
f 2267 2508 2506
f 2267 2506 2265
f 2132 2270 2267
f 2132 2267 1985
f 1985 2267 2265
f 1985 2265 1984
f 2502 2261 2263
f 2502 2263 2504
f 2261 1982 1983
f 2261 1983 2263
f 2504 2263 2265
f 2504 2265 2506
f 2263 1983 1984
f 2263 1984 2265
f 1821 1458 1459
f 1821 1459 1823
f 1823 1459 1460
f 1823 1460 1825
f 1982 1821 1823
f 1982 1823 1983
f 1983 1823 1825
f 1983 1825 1984
f 261 260 250
f 261 250 251
f 260 259 392
f 260 392 250
f 251 250 383
f 250 392 382
f 250 382 383
f 411 425 401
f 411 401 391
f 391 401 566
f 391 566 381
f 259 411 391
f 259 391 392
f 392 391 381
f 392 381 382
f 524 536 549
f 524 549 548
f 536 537 367
f 536 367 549
f 548 549 381
f 548 381 566
f 549 367 382
f 549 382 381
f 538 359 369
f 538 369 368
f 368 369 383
f 537 538 368
f 537 368 367
f 367 368 383
f 367 383 382
f 425 594 581
f 425 581 401
f 594 778 769
f 594 769 581
f 401 581 758
f 401 758 566
f 581 769 972
f 581 972 758
f 1226 1458 1453
f 1226 1453 1216
f 1216 1453 1445
f 1216 1445 1207
f 778 1226 1216
f 778 1216 769
f 769 1216 1207
f 769 1207 972
f 1631 1191 1200
f 1631 1200 1438
f 1191 951 962
f 1191 962 1200
f 1438 1200 1207
f 1438 1207 1445
f 1200 962 972
f 1200 972 1207
f 721 524 548
f 721 548 743
f 743 548 566
f 743 566 758
f 951 721 743
f 951 743 962
f 962 743 758
f 962 758 972
f 2502 2500 2259
f 2502 2259 2261
f 2500 2498 2257
f 2500 2257 2259
f 2261 2259 1981
f 2261 1981 1982
f 2259 2257 1980
f 2259 1980 1981
f 2494 2487 2245
f 2494 2245 2252
f 2252 2245 2112
f 2252 2112 1974
f 2498 2494 2252
f 2498 2252 2257
f 2257 2252 1974
f 2257 1974 1980
f 1631 1438 1807
f 1631 1807 1801
f 1438 1445 1814
f 1438 1814 1807
f 1801 1807 1974
f 1801 1974 2112
f 1807 1814 1980
f 1807 1980 1974
f 1453 1458 1821
f 1453 1821 1819
f 1819 1821 1982
f 1819 1982 1981
f 1445 1453 1819
f 1445 1819 1814
f 1814 1819 1981
f 1814 1981 1980
f 1406 1411 1163
f 1406 1163 1152
f 1411 1169 1168
f 1411 1168 1163
f 1152 1163 1162
f 1152 1162 1151
f 1163 1168 915
f 1163 915 1162
f 922 932 931
f 922 931 921
f 921 931 703
f 921 703 920
f 1169 922 921
f 1169 921 1168
f 1168 921 920
f 1168 920 915
f 701 697 698
f 701 698 702
f 697 919 698
f 702 698 920
f 702 920 703
f 698 919 915
f 698 915 920
f 913 907 908
f 913 908 914
f 914 908 1151
f 914 1151 1162
f 697 913 914
f 697 914 919
f 919 914 1162
f 919 1162 915
f 701 706 700
f 701 700 697
f 706 509 699
f 706 699 700
f 697 700 696
f 700 699 695
f 700 695 696
f 516 524 704
f 516 704 705
f 705 704 924
f 705 924 694
f 509 516 705
f 509 705 699
f 699 705 694
f 699 694 695
f 903 904 910
f 903 910 909
f 904 905 911
f 904 911 910
f 909 910 694
f 909 694 924
f 910 911 695
f 910 695 694
f 906 907 913
f 906 913 912
f 912 913 697
f 912 697 696
f 905 906 912
f 905 912 911
f 911 912 696
f 911 696 695
f 1775 1599 1608
f 1775 1608 1783
f 1599 1400 1407
f 1599 1407 1608
f 1783 1608 1413
f 1783 1413 1614
f 1608 1407 1171
f 1608 1171 1413
f 1146 903 909
f 1146 909 1153
f 1153 909 924
f 1153 924 923
f 1400 1146 1153
f 1400 1153 1407
f 1407 1153 923
f 1407 923 1171
f 524 721 934
f 524 934 704
f 721 951 1179
f 721 1179 934
f 704 934 923
f 704 923 924
f 934 1179 1171
f 934 1171 923
f 1191 1631 1622
f 1191 1622 1424
f 1424 1622 1614
f 1424 1614 1413
f 951 1191 1424
f 951 1424 1179
f 1179 1424 1413
f 1179 1413 1171
f 2487 2481 2240
f 2487 2240 2245
f 2481 2475 2370
f 2481 2370 2240
f 2245 2240 2106
f 2245 2106 2112
f 2240 2370 2098
f 2240 2098 2106
f 2467 2562 2355
f 2467 2355 2364
f 2364 2355 2086
f 2364 2086 2090
f 2475 2467 2364
f 2475 2364 2370
f 2370 2364 2090
f 2370 2090 2098
f 1775 1783 1948
f 1775 1948 1942
f 1783 1614 1956
f 1783 1956 1948
f 1942 1948 2090
f 1942 2090 2086
f 1948 1956 2098
f 1948 2098 2090
f 1622 1631 1801
f 1622 1801 1795
f 1795 1801 2112
f 1795 2112 2106
f 1614 1622 1795
f 1614 1795 1956
f 1956 1795 2106
f 1956 2106 2098
f 1406 1603 1604
f 1406 1604 1781
f 1603 1598 1604
f 1781 1604 1946
f 1781 1946 1947
f 1604 1598 1941
f 1604 1941 1946
f 1596 1588 1589
f 1596 1589 1597
f 1597 1589 1769
f 1597 1769 1774
f 1603 1596 1597
f 1603 1597 1598
f 1598 1597 1774
f 1598 1774 1941
f 2076 2080 1937
f 2080 2224 2085
f 2080 2085 1937
f 1937 1774 1769
f 1937 2085 1941
f 1937 1941 1774
f 2225 2227 2089
f 2225 2089 2085
f 2085 2089 1947
f 2085 1947 1946
f 2224 2225 2085
f 2085 1946 1941
f 1759 1576 1583
f 1759 1583 1765
f 1576 1369 1368
f 1576 1368 1583
f 1765 1583 1591
f 1765 1591 1764
f 1583 1368 1380
f 1583 1380 1591
f 1370 1121 1129
f 1370 1129 1369
f 1369 1129 1128
f 1369 1128 1381
f 1368 1369 1381
f 1368 1381 1380
f 903 1146 1137
f 903 1137 1138
f 1146 1400 1392
f 1146 1392 1137
f 1138 1137 1381
f 1138 1381 1128
f 1137 1392 1380
f 1137 1380 1381
f 1599 1775 1770
f 1599 1770 1590
f 1590 1770 1764
f 1590 1764 1591
f 1400 1599 1590
f 1400 1590 1392
f 1392 1590 1591
f 1392 1591 1380
f 2199 2208 2207
f 2199 2207 2342
f 2208 2070 2069
f 2208 2069 2207
f 2342 2207 2215
f 2342 2215 2341
f 2207 2069 2077
f 2207 2077 2215
f 1926 1759 1765
f 1926 1765 1933
f 1933 1765 1764
f 1933 1764 1932
f 2070 1926 1933
f 2070 1933 2069
f 2069 1933 1932
f 2069 1932 2077
f 1775 1942 1938
f 1775 1938 1770
f 1942 2086 2081
f 1942 2081 1938
f 1770 1938 1932
f 1770 1932 1764
f 1938 2081 2077
f 1938 2077 1932
f 2355 2562 2455
f 2355 2455 2351
f 2351 2455 2341
f 2351 2341 2215
f 2086 2355 2351
f 2086 2351 2081
f 2081 2351 2215
f 2081 2215 2077
f 2061 2060 2067
f 2061 2067 2068
f 2060 2198 2205
f 2060 2205 2067
f 2068 2067 2206
f 2067 2205 2206
f 2327 2326 2338
f 2327 2338 2339
f 2198 2327 2205
f 2205 2327 2339
f 2440 2340 2339
f 2440 2339 2439
f 2439 2339 2338
f 2339 2340 2205
f 2214 2076 2075
f 2214 2075 2068
f 2214 2068 2206
f 2349 2214 2340
f 2340 2214 2206
f 2340 2206 2205
f 2192 2200 2330
f 2192 2330 2318
f 2318 2330 2319
f 2200 2199 2329
f 2329 2431 2331
f 2200 2329 2330
f 2330 2329 2331
f 2330 2331 2319
f 2434 2426 2425
f 2434 2425 2433
f 2433 2425 2331
f 2433 2331 2431
f 2425 2319 2331
f 1349 1114 1358
f 1349 1358 1348
f 1348 1358 1578
f 1348 1578 1569
f 1114 1121 1370
f 1114 1370 1358
f 1358 1370 1369
f 1358 1369 1357
f 1358 1357 1578
f 1759 1577 1576
f 1759 1753 1577
f 1576 1577 1357
f 1576 1357 1369
f 1577 1578 1357
f 1753 1748 1560
f 1753 1560 1568
f 1568 1560 1569
f 1753 1568 1577
f 1577 1568 1569
f 1577 1569 1578
f 1112 1113 1119
f 1112 1119 1118
f 1113 1355 1366
f 1113 1366 1119
f 1118 1119 1120
f 1119 1366 1120
f 1356 1574 1366
f 1366 1574 1581
f 1366 1581 1367
f 1355 1356 1366
f 1588 1379 1367
f 1588 1367 1581
f 1379 1127 1366
f 1379 1366 1367
f 1126 1125 1118
f 1126 1118 1120
f 1127 1126 1120
f 1127 1120 1366
f 1902 2042 2054
f 1902 2054 1915
f 2042 2191 2054
f 2180 2308 2317
f 2180 2317 2190
f 2190 2317 2191
f 2042 2180 2190
f 2042 2190 2191
f 2326 2327 2317
f 2317 2327 2191
f 2327 2198 2191
f 2060 2061 1920
f 2060 1920 1915
f 2060 1915 2054
f 2198 2060 2054
f 2198 2054 2191
f 2172 2182 2173
f 2173 2182 2310
f 2173 2310 2302
f 2192 2318 2309
f 2309 2318 2319
f 2309 2319 2310
f 2181 2192 2309
f 2181 2309 2182
f 2182 2309 2310
f 2426 2420 2419
f 2426 2419 2425
f 2420 2311 2419
f 2425 2419 2310
f 2425 2310 2319
f 2419 2311 2310
f 2420 2304 2303
f 2420 2303 2311
f 2311 2303 2302
f 2311 2302 2310
f 1322 1331 1330
f 1322 1330 1549
f 1322 1549 1538
f 1330 1548 1549
f 1340 1349 1348
f 1340 1348 1339
f 1339 1348 1569
f 1339 1569 1561
f 1331 1340 1339
f 1331 1339 1330
f 1330 1339 1561
f 1330 1561 1548
f 1748 1561 1560
f 1748 1735 1548
f 1748 1548 1561
f 1560 1561 1569
f 1736 1723 1537
f 1736 1537 1548
f 1548 1537 1538
f 1548 1538 1549
f 1735 1736 1548
f 1326 1327 1336
f 1326 1336 1103
f 1327 1328 1337
f 1327 1337 1336
f 1103 1336 1108
f 1103 1108 1107
f 1336 1337 1346
f 1336 1346 1108
f 1329 1547 1558
f 1329 1558 1338
f 1338 1558 1347
f 1328 1329 1338
f 1328 1338 1337
f 1337 1338 1347
f 1337 1347 1346
f 1574 1356 1347
f 1574 1347 1566
f 1356 1355 1346
f 1356 1346 1347
f 1566 1347 1558
f 1113 1112 1107
f 1113 1107 1108
f 1355 1113 1108
f 1355 1108 1346
f 1899 2040 1900
f 1900 2041 1901
f 1900 2040 2041
f 2039 2178 2040
f 2040 2178 2179
f 2040 2179 2041
f 2308 2180 2179
f 2180 2042 2041
f 2180 2041 2179
f 2042 1902 1901
f 2042 1901 2041
f 2176 2036 2175
f 2036 2174 2175
f 2176 2175 2305
f 2035 2034 2173
f 2036 2035 2174
f 2174 2035 2173
f 2172 2173 2033
f 2173 2302 2174
f 2033 2173 2034
f 2304 2305 2175
f 2302 2303 2304
f 2302 2304 2174
f 2174 2304 2175
f 1726 1540 1539
f 1726 1539 1725
f 1725 1538 1724
f 1725 1539 1538
f 1540 1323 1539
f 1322 1539 1323
f 1322 1538 1539
f 1537 1723 1724
f 1537 1724 1538
f 1543 1544 1327
f 1543 1327 1326
f 1547 1329 1546
f 1329 1328 1546
f 1546 1328 1544
f 1546 1544 1545
f 1328 1327 1544
f 1575 1757 1758
f 1574 1575 1582
f 1574 1582 1581
f 1575 1758 1763
f 1575 1763 1582
f 1925 2061 2068
f 1925 2068 1931
f 1757 1925 1758
f 1758 1925 1931
f 1758 1931 1763
f 2076 1937 1931
f 2076 1931 2075
f 1937 1769 1763
f 1937 1763 1931
f 2075 1931 2068
f 1588 1581 1582
f 1769 1589 1588
f 1769 1588 1763
f 1763 1588 1582
f 1547 1734 1747
f 1547 1747 1558
f 1558 1747 1559
f 1734 1902 1915
f 1734 1915 1747
f 2061 1925 1921
f 2061 1921 1920
f 1925 1757 1752
f 1925 1752 1921
f 1920 1921 1915
f 1921 1752 1747
f 1921 1747 1915
f 1575 1574 1566
f 1575 1566 1567
f 1567 1566 1558
f 1567 1558 1559
f 1757 1575 1567
f 1757 1567 1752
f 1752 1567 1559
f 1752 1559 1747
f 1899 1900 1732
f 1899 1732 1731
f 1900 1901 1733
f 1900 1733 1732
f 1901 1902 1734
f 1901 1734 1733
f 1546 1732 1547
f 1547 1733 1734
f 1547 1732 1733
f 1545 1731 1732
f 1546 1545 1732
f 2326 2429 2338
f 2434 2436 2427
f 2434 2427 2426
f 2436 2437 2428
f 2436 2428 2427
f 2438 2439 2338
f 2438 2338 2429
f 2437 2439 2438
f 2437 2438 2428
f 2428 2438 2429
f 2308 2307 2316
f 2308 2316 2317
f 2307 2306 2422
f 2307 2422 2316
f 2316 2422 2423
f 2305 2304 2420
f 2305 2420 2421
f 2306 2305 2421
f 2306 2421 2422
f 2422 2421 2423
f 2426 2427 2421
f 2426 2421 2420
f 2427 2428 2423
f 2427 2423 2421
f 2429 2326 2317
f 2429 2317 2424
f 2424 2317 2316
f 2428 2429 2424
f 2428 2424 2423
f 2423 2424 2316
f 2176 2305 2177
f 2305 2306 2177
f 2308 2179 2307
f 2179 2178 2307
f 2307 2178 2177
f 2307 2177 2306
f 2178 2039 2177
f 1748 1753 1922
f 1748 1922 1916
f 1916 1922 2063
f 1926 2070 2062
f 1753 1759 1926
f 1753 1926 1922
f 1922 1926 2062
f 1922 2062 2063
f 2200 2063 2199
f 2208 2199 2062
f 2208 2062 2070
f 2199 2063 2062
f 2192 2055 2063
f 2063 2055 1916
f 2200 2192 2063
f 1723 1736 1904
f 1736 1735 1903
f 1736 1903 1904
f 1723 1904 1891
f 1735 1748 1916
f 1735 1916 1903
f 2192 2056 2055
f 2192 2181 2043
f 2192 2043 2056
f 2055 2056 1916
f 2056 2043 1903
f 2056 1903 1916
f 2182 2172 2032
f 2182 2032 2043
f 2043 2032 1891
f 2043 1891 1904
f 2181 2182 2043
f 2043 1904 1903
f 1726 1725 1894
f 1894 1725 1893
f 1725 1724 1892
f 1725 1892 1893
f 1724 1723 1891
f 1724 1891 1892
f 2172 2033 2032
f 2032 2033 1892
f 2032 1892 1891
f 2034 2035 1894
f 2034 1894 1893
f 2034 1893 2033
f 2033 1893 1892
f 1112 1118 1117
f 1112 1117 1111
f 1111 1117 1110
f 1117 1116 1110
f 1118 1125 1124
f 1118 1124 1117
f 1117 1124 1123
f 1117 1123 1116
f 1121 1114 1122
f 1114 1115 1122
f 1122 1115 1116
f 1122 1116 1123
f 1114 1349 1109
f 1114 1109 1115
f 1115 1109 1110
f 1115 1110 1116
f 1326 1103 1102
f 1326 1102 1325
f 1103 1107 1106
f 1103 1106 1102
f 1325 1102 1101
f 1325 1101 1324
f 1102 1106 1105
f 1102 1105 1101
f 1107 1112 1111
f 1107 1111 1106
f 1106 1111 1110
f 1106 1110 1105
f 1349 1340 1104
f 1349 1104 1109
f 1340 1331 1100
f 1340 1100 1104
f 1109 1104 1105
f 1109 1105 1110
f 1104 1100 1105
f 1331 1322 1323
f 1331 1323 1332
f 1332 1323 1324
f 1332 1324 1101
f 1331 1332 1100
f 1100 1332 1101
f 1100 1101 1105
f 1543 1326 1325
f 1543 1325 1542
f 1542 1325 1324
f 1323 1540 1541
f 1323 1541 1324
f 1324 1541 1542
f 1121 1122 1130
f 1121 1130 1129
f 1122 1123 1131
f 1122 1131 1130
f 1129 1130 1128
f 1130 1131 900
f 1124 1125 1134
f 1124 1134 898
f 898 1134 902
f 898 902 901
f 1123 1124 898
f 1123 898 1131
f 1131 898 901
f 1131 901 900
f 907 906 901
f 907 901 902
f 906 905 900
f 906 900 901
f 904 903 1138
f 904 1138 899
f 899 1138 1128
f 899 1128 1130
f 905 904 899
f 905 899 900
f 900 899 1130
f 907 902 1143
f 907 1143 908
f 908 1143 1145
f 908 1145 1151
f 1143 1144 1145
f 1134 1125 1126
f 1134 1126 1135
f 1135 1126 1127
f 1135 1127 1136
f 902 1134 1135
f 902 1135 1143
f 1143 1135 1136
f 1143 1136 1144
f 1588 1596 1391
f 1588 1391 1379
f 1596 1603 1399
f 1596 1399 1391
f 1379 1391 1136
f 1379 1136 1127
f 1391 1399 1144
f 1391 1144 1136
f 1603 1406 1152
f 1603 1152 1399
f 1399 1152 1151
f 1399 1151 1145
f 1399 1145 1144
f 2227 2225 2359
f 2227 2359 2360
f 2225 2224 2354
f 2225 2354 2359
f 2360 2359 2461
f 2360 2461 2465
f 2359 2354 2460
f 2359 2460 2461
f 2080 2076 2214
f 2080 2214 2220
f 2220 2214 2349
f 2220 2349 2350
f 2224 2080 2220
f 2224 2220 2354
f 2354 2220 2350
f 2354 2350 2460
f 2440 2452 2453
f 2440 2453 2340
f 2452 2558 2454
f 2452 2454 2453
f 2340 2453 2350
f 2340 2350 2349
f 2453 2454 2460
f 2453 2460 2350
f 2645 2735 2648
f 2645 2648 2561
f 2561 2648 2465
f 2561 2465 2461
f 2558 2645 2561
f 2558 2561 2454
f 2454 2561 2461
f 2454 2461 2460
f 2631 2545 2543
f 2631 2543 2629
f 2545 2544 2543
f 2629 2543 2550
f 2543 2544 2430
f 2543 2430 2550
f 2545 2434 2433
f 2545 2433 2432
f 2432 2433 2431
f 2545 2432 2544
f 2544 2432 2431
f 2544 2431 2430
f 2199 2342 2328
f 2199 2328 2329
f 2342 2341 2442
f 2342 2442 2328
f 2329 2328 2431
f 2328 2442 2430
f 2328 2430 2431
f 2455 2562 2549
f 2455 2549 2441
f 2441 2549 2550
f 2341 2455 2441
f 2341 2441 2442
f 2442 2441 2550
f 2442 2550 2430
f 2164 2411 2410
f 2164 2410 2294
f 2411 2532 2540
f 2411 2540 2410
f 2294 2410 2415
f 2294 2415 2171
f 2410 2540 2539
f 2410 2539 2415
f 2702 2799 2806
f 2702 2806 2627
f 2627 2806 2805
f 2627 2805 2626
f 2532 2702 2627
f 2532 2627 2540
f 2540 2627 2626
f 2540 2626 2539
f 2710 2628 2625
f 2710 2625 2707
f 2628 2418 2538
f 2628 2538 2625
f 2707 2625 2626
f 2707 2626 2805
f 2625 2538 2539
f 2625 2539 2626
f 2299 2169 2170
f 2299 2170 2300
f 2300 2170 2171
f 2300 2171 2415
f 2418 2299 2300
f 2418 2300 2538
f 2538 2300 2415
f 2538 2415 2539
f 2169 2299 2301
f 2169 2301 2168
f 2299 2418 2417
f 2299 2417 2301
f 2168 2301 2297
f 2168 2297 2167
f 2301 2417 2416
f 2301 2416 2297
f 2628 2710 2709
f 2628 2709 2542
f 2542 2709 2708
f 2542 2708 2541
f 2418 2628 2542
f 2418 2542 2417
f 2417 2542 2541
f 2417 2541 2416
f 2621 2534 2535
f 2621 2535 2622
f 2534 2296 2412
f 2534 2412 2535
f 2622 2535 2541
f 2622 2541 2708
f 2535 2412 2416
f 2535 2416 2541
f 2165 2022 2023
f 2165 2023 2166
f 2166 2023 2167
f 2166 2167 2297
f 2296 2165 2166
f 2296 2166 2412
f 2412 2166 2297
f 2412 2297 2416
f 2588 2584 2675
f 2588 2675 2677
f 2584 2490 2582
f 2584 2582 2675
f 2677 2675 2768
f 2675 2582 2673
f 2490 2486 2578
f 2490 2578 2582
f 2582 2578 2670
f 2582 2670 2671
f 2582 2671 2673
f 2863 2865 2758
f 2863 2758 2757
f 2865 2867 2762
f 2865 2762 2758
f 2757 2758 2671
f 2757 2671 2670
f 2758 2762 2673
f 2758 2673 2671
f 2869 2768 2764
f 2764 2768 2675
f 2867 2869 2764
f 2867 2764 2762
f 2762 2764 2675
f 2762 2675 2673
f 2486 2484 2576
f 2486 2576 2578
f 2484 2375 2480
f 2484 2480 2576
f 2578 2576 2668
f 2578 2668 2670
f 2576 2480 2664
f 2576 2664 2668
f 2372 2369 2474
f 2372 2474 2478
f 2478 2474 2571
f 2478 2571 2574
f 2375 2372 2478
f 2375 2478 2480
f 2480 2478 2574
f 2480 2574 2664
f 2855 2857 2748
f 2855 2748 2659
f 2857 2860 2751
f 2857 2751 2748
f 2659 2748 2574
f 2659 2574 2571
f 2748 2751 2664
f 2748 2664 2574
f 2862 2863 2757
f 2862 2757 2755
f 2755 2757 2670
f 2755 2670 2668
f 2860 2862 2755
f 2860 2755 2751
f 2751 2755 2668
f 2751 2668 2664
f 2440 2439 2548
f 2440 2548 2452
f 2439 2437 2547
f 2439 2547 2548
f 2452 2548 2557
f 2452 2557 2558
f 2548 2547 2557
f 2436 2434 2545
f 2436 2545 2546
f 2437 2436 2546
f 2437 2546 2547
f 2631 2632 2545
f 2632 2728 2633
f 2545 2632 2546
f 2632 2633 2547
f 2632 2547 2546
f 2730 2735 2645
f 2730 2645 2640
f 2640 2645 2558
f 2640 2558 2557
f 2728 2730 2640
f 2728 2640 2633
f 2633 2640 2557
f 2633 2557 2547
f 4903 4890 5001
f 4903 4891 4890
f 5001 4890 5002
f 4890 4891 5002
f 4904 4892 4891
f 4903 4904 4891
f 4892 4876 4891
f 4990 4989 4996
f 4876 4990 4996
f 4876 4996 4891
f 4996 5002 4891
f 4913 4912 4731
f 4913 4731 4732
f 4914 4913 4732
f 4733 4734 4915
f 4733 4915 4732
f 4732 4915 4914
f 4916 4904 4903
f 4916 4903 4915
f 4734 4916 4915
f 4912 4716 4731
f 4883 4882 4689
f 4883 4689 4700
f 4715 4883 4700
f 4699 4714 4700
f 4714 4715 4700
f 4699 4700 4689
f 4730 4732 4731
f 4730 4731 4716
f 4715 4730 4716
f 5041 5046 5042
f 5041 4950 4949
f 5041 5042 4960
f 5041 4960 4950
f 5047 5048 4973
f 5047 4973 4960
f 5046 5047 5042
f 5042 5047 4960
f 4961 4960 4973
f 4961 4951 4960
f 4950 4939 4949
f 4951 4950 4960
f 5041 4949 4948
f 5041 4948 5040
f 5039 5040 4958
f 5040 4948 4947
f 5040 4947 4958
f 4949 4939 4938
f 4949 4938 4948
f 4948 4938 4937
f 4948 4937 4947
f 4811 4812 4946
f 4811 4946 4800
f 4800 4946 4947
f 4800 4947 4937
f 4957 5039 4958
f 4946 4957 4958
f 4946 4958 4947
f 4882 4871 4689
f 4871 4861 4689
f 4850 4966 4838
f 4655 4666 4837
f 4837 4666 4850
f 4837 4850 4838
f 4666 4677 4861
f 4666 4861 4850
f 4688 4699 4689
f 4677 4688 4689
f 4677 4689 4861
f 5168 5122 5118
f 5122 5128 5070
f 5122 5070 5118
f 5118 5065 5113
f 5118 5070 5065
f 5079 5017 5074
f 5074 5017 5008
f 5074 5008 5009
f 5128 5079 5074
f 5128 5074 5070
f 5070 5074 5009
f 5070 5009 5065
f 4903 5001 5009
f 5001 5002 4995
f 5001 4995 5065
f 5001 5065 5009
f 4996 4989 4995
f 4995 4989 4981
f 4995 4981 4988
f 5002 4996 4995
f 4995 4988 5065
f 5048 5055 5061
f 5048 5061 5056
f 5055 5113 5065
f 5055 5065 5061
f 5056 5061 4988
f 5056 4988 4981
f 5061 5065 4988
f 5025 4927 5017
f 5017 4915 5008
f 5017 4927 4914
f 5017 4914 4915
f 4926 4925 4912
f 4926 4912 4913
f 4927 4926 4913
f 4927 4913 4914
f 4915 4903 5009
f 4915 5009 5008
f 4925 4924 4911
f 4924 4910 4911
f 4925 4911 4912
f 4909 5003 4897
f 4909 4897 4898
f 4898 4897 4882
f 4910 4909 4898
f 4882 4883 4898
f 4883 4715 4899
f 4883 4899 4898
f 4898 4899 4910
f 4716 4912 4911
f 4715 4716 4911
f 4715 4911 4899
f 4899 4911 4910
f 5203 5204 5158
f 5203 5158 5156
f 5204 5209 5159
f 5204 5159 5158
f 5156 5158 5105
f 5156 5105 5104
f 5158 5159 5106
f 5158 5106 5105
f 5167 5168 5118
f 5167 5118 5160
f 5160 5118 5113
f 5160 5113 5106
f 5209 5167 5160
f 5209 5160 5159
f 5159 5160 5106
f 5048 5047 5055
f 5047 5046 5102
f 5047 5102 5055
f 5055 5106 5113
f 5055 5102 5106
f 5041 5040 5100
f 5041 5100 5101
f 5101 5100 5104
f 5101 5104 5105
f 5046 5041 5101
f 5046 5101 5102
f 5102 5101 5105
f 5102 5105 5106
f 5114 5161 5107
f 5114 5107 5057
f 5161 5162 5108
f 5161 5108 5107
f 5057 5107 5050
f 5057 5050 5049
f 5107 5108 5044
f 5107 5044 5050
f 5157 5203 5156
f 5157 5156 5155
f 5155 5156 5104
f 5155 5104 5103
f 5162 5157 5155
f 5162 5155 5108
f 5108 5155 5103
f 5108 5103 5044
f 5040 5039 5045
f 5040 5045 5100
f 5039 5044 5045
f 5100 5045 5103
f 5100 5103 5104
f 5045 5044 5103
f 4957 4956 5038
f 5038 4956 5043
f 5039 4957 5038
f 5039 5038 5044
f 5044 5038 5043
f 4966 4977 4967
f 4977 5049 5050
f 4977 5050 4967
f 4966 4967 5043
f 4966 5043 4956
f 4967 5050 5044
f 4967 5044 5043
f 5003 4997 4897
f 5003 5066 4992
f 5003 4992 4997
f 4897 4997 4882
f 4997 4992 4882
f 5066 5114 5057
f 5066 5057 5062
f 5062 5057 5049
f 5062 5049 4985
f 5066 5062 4992
f 4992 5062 4985
f 4966 4850 4977
f 4850 4861 4977
f 4977 4985 5049
f 4977 4861 4992
f 4977 4992 4985
f 4861 4871 4882
f 4861 4882 4992
f 5235 5236 5183
f 5235 5183 5228
f 5236 5187 5183
f 5228 5183 5179
f 5228 5179 5223
f 5183 5187 5132
f 5183 5132 5179
f 5137 5091 5083
f 5137 5083 5078
f 5187 5137 5078
f 5187 5078 5132
f 5017 5079 5078
f 5017 5078 5083
f 5079 5128 5127
f 5079 5127 5078
f 5078 5127 5132
f 5122 5168 5215
f 5122 5215 5179
f 5179 5215 5223
f 5128 5122 5179
f 5128 5179 5127
f 5127 5179 5132
f 5091 5031 5024
f 5091 5024 5083
f 5083 5024 5025
f 4931 4930 4925
f 4931 4925 4926
f 5031 4931 4926
f 5031 4926 5024
f 4926 4927 5024
f 5025 5017 5083
f 4927 5025 5024
f 4929 4928 4923
f 4930 4929 4924
f 4930 4924 4925
f 4929 4923 4924
f 5026 5018 4922
f 4922 5018 5010
f 4928 5026 4922
f 4928 4922 4923
f 5003 4909 5010
f 4909 4910 4923
f 5010 4909 4922
f 4909 4923 4922
f 4910 4924 4923
f 5261 5262 5257
f 5261 5257 5255
f 5262 5264 5258
f 5262 5258 5257
f 5255 5257 5251
f 5255 5251 5250
f 5257 5258 5252
f 5257 5252 5251
f 5265 5235 5228
f 5265 5228 5223
f 5265 5223 5222
f 5264 5265 5258
f 5258 5265 5222
f 5258 5222 5252
f 5168 5167 5214
f 5168 5214 5215
f 5167 5209 5213
f 5167 5213 5214
f 5215 5214 5222
f 5215 5222 5223
f 5214 5213 5252
f 5214 5252 5222
f 5204 5203 5207
f 5204 5207 5208
f 5208 5207 5250
f 5208 5250 5251
f 5209 5204 5208
f 5209 5208 5213
f 5213 5208 5251
f 5213 5251 5252
f 5224 5225 5216
f 5224 5216 5180
f 5225 5259 5253
f 5225 5253 5216
f 5180 5216 5175
f 5216 5253 5210
f 5260 5261 5255
f 5260 5255 5254
f 5254 5255 5250
f 5254 5250 5249
f 5259 5260 5254
f 5259 5254 5253
f 5253 5254 5249
f 5253 5249 5210
f 5203 5157 5206
f 5203 5206 5207
f 5157 5162 5205
f 5157 5205 5206
f 5207 5206 5249
f 5207 5249 5250
f 5206 5205 5210
f 5206 5210 5249
f 5161 5114 5169
f 5161 5169 5170
f 5170 5169 5175
f 5170 5175 5216
f 5162 5161 5170
f 5162 5170 5205
f 5205 5170 5216
f 5205 5216 5210
f 5018 5080 5075
f 5080 5133 5129
f 5080 5129 5075
f 5018 5075 5010
f 5075 5129 5071
f 5184 5224 5180
f 5180 5175 5123
f 5133 5184 5180
f 5133 5180 5129
f 5129 5180 5123
f 5129 5123 5071
f 5114 5066 5119
f 5114 5119 5169
f 5066 5071 5119
f 5169 5119 5123
f 5169 5123 5175
f 5119 5071 5123
f 5003 5010 5075
f 5066 5003 5071
f 5071 5003 5075
f 5198 5199 5248
f 5198 5150 5199
f 5248 5199 5191
f 5248 5191 5243
f 5199 5150 5143
f 5199 5143 5191
f 5150 5097 5091
f 5150 5091 5143
f 5091 5137 5143
f 5137 5187 5192
f 5137 5192 5143
f 5236 5235 5192
f 5192 5235 5243
f 5192 5243 5191
f 5187 5236 5192
f 5192 5191 5143
f 5097 5037 5091
f 5097 5036 5037
f 4930 4931 5030
f 4931 5031 5030
f 4930 5030 5036
f 4930 5036 5035
f 5030 5031 5036
f 5031 5091 5037
f 5031 5037 5036
f 5093 5092 5033
f 5033 5092 5026
f 5033 5026 5032
f 5034 5093 5033
f 5026 4928 5033
f 5026 5033 5032
f 4929 4930 5035
f 4929 5035 5034
f 4928 4929 5034
f 4928 5034 5033
f 5277 5246 5278
f 5277 5278 5273
f 5246 5247 5279
f 5246 5279 5278
f 5273 5278 5274
f 5278 5279 5275
f 5278 5275 5274
f 5247 5198 5248
f 5248 5243 5276
f 5247 5248 5279
f 5279 5248 5276
f 5279 5276 5275
f 5235 5265 5271
f 5265 5264 5270
f 5265 5270 5271
f 5235 5271 5276
f 5235 5276 5243
f 5271 5270 5275
f 5271 5275 5276
f 5262 5261 5268
f 5262 5268 5269
f 5269 5268 5273
f 5269 5273 5274
f 5264 5262 5269
f 5264 5269 5270
f 5270 5269 5274
f 5270 5274 5275
f 5193 5244 5237
f 5193 5237 5188
f 5237 5244 5272
f 5245 5277 5273
f 5244 5245 5273
f 5244 5273 5272
f 5261 5260 5267
f 5261 5267 5268
f 5260 5259 5266
f 5260 5266 5267
f 5268 5267 5272
f 5268 5272 5273
f 5267 5266 5272
f 5225 5224 5229
f 5225 5229 5230
f 5230 5229 5188
f 5230 5188 5237
f 5259 5225 5230
f 5259 5230 5266
f 5266 5230 5237
f 5266 5237 5272
f 5093 5145 5092
f 5145 5144 5092
f 5092 5084 5026
f 5092 5144 5139
f 5092 5139 5084
f 5145 5193 5144
f 5144 5193 5188
f 5144 5188 5139
f 5224 5184 5229
f 5184 5133 5138
f 5229 5184 5188
f 5184 5138 5139
f 5184 5139 5188
f 5080 5018 5026
f 5080 5026 5084
f 5133 5080 5084
f 5133 5084 5138
f 5138 5084 5139
f 5097 5150 5149
f 5097 5149 5096
f 5097 5096 5036
f 5096 5149 5099
f 5198 5202 5154
f 5154 5202 5152
f 5154 5152 5153
f 5150 5198 5154
f 5150 5154 5149
f 5149 5154 5153
f 5149 5153 5099
f 5093 5098 5151
f 5093 5034 5099
f 5093 5099 5098
f 5151 5098 5153
f 5151 5153 5152
f 5098 5099 5153
f 5035 5036 5096
f 5034 5035 5099
f 5099 5035 5096
f 5193 5194 5244
f 5193 5145 5194
f 5244 5194 5245
f 5194 5200 5245
f 5145 5093 5151
f 5151 5152 5201
f 5145 5151 5194
f 5194 5151 5201
f 5194 5201 5200
f 5198 5247 5202
f 5247 5246 5202
f 5202 5201 5152
f 5202 5246 5200
f 5202 5200 5201
f 5246 5277 5245
f 5247 5246 5245
f 5247 5245 5246
f 5246 5245 5200
f 535 732 741
f 535 741 547
f 547 741 750
f 547 750 558
f 546 535 547
f 547 558 557
f 564 558 750
f 564 557 558
f 380 374 557
f 564 380 557
f 521 717 532
f 520 521 531
f 520 531 530
f 521 532 531
f 731 732 535
f 731 535 534
f 534 535 546
f 534 546 533
f 717 731 534
f 717 534 532
f 532 534 533
f 529 528 527
f 361 370 540
f 528 361 540
f 528 540 527
f 359 539 370
f 370 539 540
f 539 527 540
f 518 520 528
f 528 520 530
f 528 530 529
f 527 518 528
f 527 528 529
f 197 198 202
f 202 198 279
f 198 199 280
f 198 280 279
f 193 258 269
f 269 258 270
f 199 193 269
f 199 269 280
f 410 422 269
f 410 269 409
f 422 281 269
f 409 269 270
f 269 281 280
f 292 291 290
f 292 290 279
f 279 290 202
f 281 292 279
f 281 279 280
f 186 187 194
f 186 194 253
f 187 195 194
f 253 194 263
f 253 263 252
f 194 195 200
f 194 200 263
f 196 197 202
f 196 202 201
f 195 196 201
f 195 201 200
f 291 289 290
f 289 288 276
f 290 289 201
f 290 201 202
f 289 276 200
f 289 200 201
f 287 274 275
f 288 287 275
f 288 275 276
f 276 275 274
f 276 274 200
f 261 262 263
f 261 263 262
f 262 252 263
f 262 263 274
f 263 200 274
f 370 240 376
f 245 186 253
f 245 253 252
f 261 251 262
f 251 383 384
f 262 251 245
f 262 245 252
f 251 384 240
f 251 240 245
f 369 359 370
f 369 370 375
f 375 370 376
f 383 369 375
f 383 375 384
f 384 375 376
f 384 376 240
f 119 169 239
f 119 239 179
f 169 235 239
f 179 239 244
f 179 244 178
f 239 374 244
f 358 357 366
f 366 357 546
f 235 358 366
f 235 366 239
f 239 366 374
f 546 547 366
f 547 557 374
f 547 374 366
f 557 374 380
f 557 380 374
f 258 248 249
f 248 178 244
f 248 244 249
f 249 380 389
f 249 244 374
f 249 374 380
f 533 522 532
f 357 533 546
f 521 520 530
f 521 530 531
f 522 521 532
f 532 521 531
f 520 519 529
f 520 529 530
f 519 353 529
f 352 228 361
f 353 352 361
f 370 361 360
f 361 528 353
f 528 529 353
f 30 77 80
f 30 80 79
f 77 74 125
f 77 125 80
f 79 80 131
f 79 131 136
f 80 125 132
f 80 132 131
f 118 119 179
f 118 179 126
f 126 179 178
f 126 178 185
f 74 118 126
f 74 126 125
f 125 126 185
f 125 185 132
f 258 193 248
f 193 199 192
f 248 193 185
f 248 185 178
f 193 192 132
f 193 132 185
f 198 197 136
f 198 136 137
f 137 136 131
f 199 198 137
f 199 137 192
f 192 137 131
f 192 131 132
f 69 75 120
f 69 70 76
f 69 76 75
f 120 75 127
f 75 76 128
f 75 128 127
f 29 30 79
f 29 79 78
f 78 79 136
f 78 136 129
f 70 29 78
f 70 78 76
f 76 78 129
f 76 129 128
f 197 196 135
f 197 135 136
f 196 195 134
f 196 134 135
f 136 135 129
f 135 134 128
f 135 128 129
f 187 186 180
f 187 180 133
f 133 180 120
f 133 120 127
f 195 187 133
f 195 133 134
f 134 133 127
f 134 127 128
f 228 232 361
f 232 166 171
f 361 232 236
f 232 171 170
f 232 170 236
f 115 69 120
f 115 120 171
f 171 120 175
f 166 115 171
f 171 175 170
f 186 245 175
f 186 175 180
f 245 240 175
f 180 175 120
f 175 240 170
f 370 360 236
f 236 360 361
f 240 370 236
f 240 236 170
f 104 160 165
f 104 165 108
f 160 226 231
f 160 231 165
f 221 343 350
f 221 350 226
f 226 350 351
f 226 351 231
f 358 235 231
f 357 358 351
f 357 351 350
f 358 231 351
f 169 119 114
f 169 114 108
f 169 108 165
f 235 169 231
f 231 169 165
f 343 515 523
f 343 523 350
f 515 514 522
f 515 522 523
f 513 512 520
f 513 520 521
f 514 513 521
f 514 521 522
f 533 357 523
f 523 357 350
f 522 533 523
f 512 511 519
f 512 519 520
f 511 337 345
f 511 345 519
f 336 217 222
f 336 222 344
f 344 222 228
f 337 336 344
f 337 344 345
f 352 353 345
f 228 352 344
f 352 345 344
f 353 519 345
f 12 13 19
f 12 19 18
f 13 14 20
f 13 20 19
f 18 19 24
f 18 24 23
f 19 20 25
f 19 25 24
f 54 104 61
f 61 104 108
f 14 54 61
f 14 61 20
f 20 61 25
f 119 118 68
f 119 68 114
f 118 74 68
f 114 68 61
f 114 61 108
f 68 25 61
f 77 30 27
f 77 27 28
f 28 27 23
f 28 23 24
f 74 77 28
f 74 28 68
f 68 28 24
f 68 24 25
f 50 9 15
f 9 10 16
f 9 16 15
f 50 15 55
f 15 16 21
f 11 12 18
f 11 18 17
f 17 18 23
f 17 23 22
f 10 11 17
f 10 17 16
f 16 17 22
f 16 22 21
f 30 29 26
f 30 26 27
f 29 70 21
f 29 21 26
f 27 26 22
f 27 22 23
f 26 21 22
f 62 55 15
f 70 69 62
f 70 62 21
f 21 62 15
f 217 152 157
f 217 157 222
f 152 101 157
f 222 157 161
f 222 161 228
f 157 101 162
f 157 162 161
f 101 50 55
f 101 55 105
f 101 105 162
f 69 115 109
f 69 109 62
f 115 166 109
f 62 109 105
f 62 105 55
f 109 166 162
f 109 162 105
f 232 228 227
f 227 228 161
f 166 232 227
f 166 227 161
f 166 161 162
f 143 208 151
f 208 216 151
f 335 334 343
f 208 334 335
f 208 335 216
f 343 221 216
f 343 216 335
f 160 104 100
f 160 100 156
f 156 100 94
f 156 94 151
f 226 160 156
f 226 156 221
f 221 156 151
f 221 151 216
f 334 333 508
f 333 507 508
f 334 508 515
f 334 515 343
f 508 507 514
f 508 514 515
f 506 505 512
f 506 512 513
f 507 506 513
f 507 513 514
f 505 331 330
f 505 511 512
f 505 330 338
f 505 338 511
f 330 204 210
f 330 210 329
f 329 210 209
f 331 330 329
f 331 329 330
f 330 329 338
f 217 336 337
f 217 337 329
f 217 329 209
f 337 338 329
f 337 511 338
f 33 34 40
f 33 40 39
f 34 85 35
f 34 35 40
f 39 40 3
f 40 35 41
f 40 41 3
f 85 143 151
f 85 151 86
f 86 151 94
f 86 94 42
f 85 86 35
f 35 86 42
f 35 42 41
f 104 54 49
f 104 49 100
f 54 14 8
f 54 8 49
f 100 49 42
f 100 42 94
f 49 8 41
f 49 41 42
f 13 12 7
f 13 7 8
f 8 7 3
f 14 13 8
f 8 3 41
f 82 31 37
f 82 37 36
f 31 32 38
f 31 38 37
f 37 38 1
f 33 39 2
f 2 39 3
f 32 33 2
f 32 2 38
f 38 2 1
f 12 11 6
f 12 6 7
f 11 10 5
f 11 5 6
f 7 6 2
f 7 2 3
f 6 5 1
f 6 1 2
f 9 50 43
f 9 43 4
f 4 43 36
f 4 36 37
f 10 9 4
f 10 4 5
f 5 4 37
f 5 37 1
f 204 203 210
f 203 138 145
f 203 145 210
f 210 145 144
f 210 144 209
f 81 82 36
f 81 36 88
f 88 36 87
f 138 81 88
f 138 88 145
f 145 88 87
f 145 87 144
f 50 101 95
f 50 95 43
f 101 152 95
f 43 95 87
f 43 87 36
f 95 152 144
f 95 144 87
f 152 217 209
f 152 209 144
f 334 208 328
f 334 328 333
f 333 332 507
f 333 328 327
f 333 327 332
f 208 143 142
f 208 142 207
f 207 142 206
f 208 207 328
f 328 207 206
f 328 206 327
f 204 330 326
f 204 326 205
f 330 331 326
f 205 326 206
f 326 327 206
f 505 506 332
f 332 506 507
f 331 505 332
f 331 332 326
f 326 332 327
f 81 138 139
f 81 139 82
f 31 82 83
f 31 83 32
f 82 139 83
f 203 204 205
f 203 205 139
f 139 205 206
f 139 206 140
f 138 203 139
f 139 140 83
f 143 85 141
f 143 141 142
f 85 84 141
f 142 141 140
f 142 140 206
f 141 84 83
f 141 83 140
f 34 33 84
f 84 33 32
f 84 32 83
f 85 34 84
f 3429 3430 3579
f 3429 3579 3771
f 3430 3421 3572
f 3430 3572 3579
f 3771 3579 3948
f 3771 3948 3960
f 3579 3572 3753
f 3579 3753 3948
f 3415 3416 3566
f 3415 3566 3573
f 3573 3566 3747
f 3573 3747 3746
f 3421 3415 3573
f 3421 3573 3572
f 3572 3573 3746
f 3572 3746 3753
f 3934 4108 3941
f 3934 3941 3935
f 4108 4107 3940
f 4108 3940 3941
f 3935 3941 3746
f 3935 3746 3747
f 3941 3940 3753
f 3941 3753 3746
f 4117 4297 4129
f 4117 4129 4130
f 4130 4129 3960
f 4130 3960 3948
f 4107 4117 4130
f 4107 4130 3940
f 3940 4130 3948
f 3940 3948 3753
f 4751 4752 4739
f 4751 4739 4921
f 4752 4740 4739
f 4921 4739 4726
f 4921 4726 4908
f 4739 4740 4727
f 4739 4727 4726
f 4475 4476 4466
f 4475 4466 4465
f 4465 4466 4458
f 4465 4458 4728
f 4740 4475 4465
f 4740 4465 4728
f 4740 4728 4727
f 4698 4697 4712
f 4698 4712 4713
f 4697 4696 4711
f 4697 4711 4712
f 4713 4712 4728
f 4713 4728 4458
f 4712 4711 4727
f 4712 4727 4728
f 4880 4895 4896
f 4896 4895 4908
f 4896 4908 4726
f 4696 4880 4896
f 4696 4896 4711
f 4711 4896 4726
f 4711 4726 4727
f 4640 4628 4627
f 4640 4627 4639
f 4639 4808 4822
f 4639 4627 4626
f 4639 4626 4808
f 4415 4416 4612
f 4612 4599 4611
f 4628 4415 4612
f 4628 4612 4627
f 4627 4612 4611
f 4627 4611 4626
f 4790 4789 4797
f 4790 4797 4598
f 4789 4796 4797
f 4598 4797 4611
f 4598 4611 4599
f 4797 4626 4611
f 4806 4820 4821
f 4806 4821 4807
f 4807 4821 4822
f 4807 4822 4808
f 4796 4806 4807
f 4796 4807 4797
f 4797 4807 4808
f 4797 4808 4626
f 3725 3720 3911
f 3725 3550 3546
f 3725 3546 3720
f 3911 3720 3719
f 3911 3719 3906
f 3720 3546 3545
f 3720 3545 3719
f 3388 3257 3384
f 3388 3384 3383
f 3383 3384 3380
f 3383 3380 3543
f 3550 3388 3383
f 3550 3383 3546
f 3546 3383 3543
f 3546 3543 3545
f 3376 3538 3542
f 3376 3542 3380
f 3538 3713 3717
f 3538 3717 3542
f 3380 3542 3543
f 3542 3717 3545
f 3542 3545 3543
f 3899 4064 3903
f 3899 3903 3717
f 3717 3903 3906
f 3717 3906 3719
f 3713 3899 3717
f 3717 3719 3545
f 2879 2878 2690
f 2879 2690 2686
f 2878 2796 2697
f 2878 2697 2690
f 2686 2690 2608
f 2686 2608 2604
f 2690 2697 2613
f 2690 2613 2608
f 2795 2799 2702
f 2795 2702 2696
f 2696 2702 2532
f 2696 2532 2612
f 2796 2795 2696
f 2796 2696 2697
f 2697 2696 2612
f 2697 2612 2613
f 2164 2287 2403
f 2164 2403 2411
f 2287 2281 2524
f 2287 2524 2403
f 2411 2403 2612
f 2411 2612 2532
f 2403 2524 2613
f 2403 2613 2612
f 2396 2521 2524
f 2524 2521 2604
f 2524 2604 2608
f 2281 2396 2524
f 2524 2608 2613
f 1991 1994 1841
f 1991 2142 1994
f 1841 1994 1844
f 1841 1844 1675
f 1994 2142 1998
f 1994 1998 1844
f 2275 2396 2278
f 2278 2396 2281
f 2278 2281 2148
f 2142 2275 2278
f 2142 2278 2148
f 2142 2148 1998
f 2164 2009 2147
f 2164 2147 2287
f 2009 1852 2002
f 2009 2002 2147
f 2287 2147 2148
f 2287 2148 2281
f 2147 2002 1998
f 2147 1998 2148
f 1680 1486 1674
f 1680 1674 1847
f 1847 1674 1675
f 1847 1675 1844
f 1852 1680 1847
f 1852 1847 2002
f 2002 1847 1844
f 2002 1844 1998
f 1234 1000 996
f 1234 996 1229
f 1000 788 995
f 1000 995 996
f 787 608 600
f 787 600 783
f 783 600 601
f 788 787 783
f 788 783 995
f 773 777 776
f 776 777 783
f 776 783 601
f 777 990 995
f 777 995 783
f 1224 1225 1230
f 1224 1230 991
f 991 1230 1229
f 991 1229 996
f 990 1224 991
f 990 991 996
f 990 996 995
f 2486 2490 2382
f 2486 2382 2380
f 2490 2493 2382
f 2380 2382 2248
f 2380 2248 2244
f 2382 2493 2385
f 2382 2385 2248
f 2584 2588 2497
f 2584 2497 2493
f 2493 2497 2387
f 2493 2387 2385
f 2490 2584 2493
f 2256 2122 2251
f 2122 2118 2250
f 2122 2250 2251
f 2256 2251 2385
f 2256 2385 2387
f 2251 2250 2385
f 1971 2111 2115
f 2115 2111 2244
f 2115 2244 2248
f 2118 1971 2115
f 2118 2115 2250
f 2250 2115 2248
f 2250 2248 2385
f 976 977 981
f 976 981 980
f 977 1211 1214
f 977 1214 981
f 980 981 768
f 981 1214 986
f 1215 1451 1455
f 1215 1455 1221
f 1211 1451 1215
f 1211 1215 1214
f 1214 1215 1221
f 1214 1221 986
f 1225 1224 1220
f 1225 1220 1221
f 1224 990 986
f 1224 986 1220
f 1220 986 1221
f 777 773 985
f 985 773 768
f 985 768 981
f 990 777 985
f 990 985 986
f 986 985 981
f 818 812 1021
f 818 1021 1025
f 812 806 807
f 812 807 1021
f 1025 1021 1022
f 1025 1022 1258
f 1021 807 1016
f 1021 1016 1022
f 800 621 801
f 801 1007 1010
f 806 800 801
f 806 801 807
f 807 801 1010
f 807 1010 1016
f 1242 1246 1011
f 1242 1011 1008
f 1246 1251 1250
f 1246 1250 1011
f 1008 1011 1010
f 1008 1010 1007
f 1011 1250 1016
f 1011 1016 1010
f 1469 1472 1258
f 1469 1258 1255
f 1255 1258 1022
f 1251 1469 1255
f 1251 1255 1250
f 1250 1255 1022
f 1250 1022 1016
f 499 491 492
f 499 492 659
f 491 482 483
f 491 483 492
f 659 492 649
f 659 649 660
f 492 483 637
f 492 637 649
f 474 316 468
f 474 468 475
f 475 468 469
f 475 469 476
f 482 474 475
f 482 475 483
f 483 475 476
f 483 476 637
f 621 800 626
f 621 626 620
f 800 806 638
f 800 638 626
f 620 626 476
f 620 476 469
f 626 638 637
f 626 637 476
f 812 818 817
f 812 817 650
f 650 817 660
f 650 660 649
f 806 812 650
f 806 650 638
f 638 650 649
f 638 649 637
f 1991 1841 1668
f 1991 1668 1836
f 1841 1675 1671
f 1841 1671 1668
f 1836 1668 1666
f 1668 1671 1478
f 1674 1486 1272
f 1674 1272 1482
f 1482 1272 1033
f 1482 1033 1268
f 1675 1674 1482
f 1675 1482 1671
f 1671 1482 1268
f 1671 1268 1478
f 818 1025 1263
f 818 1263 1029
f 1025 1258 1264
f 1025 1264 1263
f 1029 1263 1268
f 1029 1268 1033
f 1263 1264 1478
f 1263 1478 1268
f 1258 1472 1661
f 1258 1661 1475
f 1475 1661 1666
f 1475 1666 1668
f 1258 1475 1264
f 1264 1475 1668
f 1264 1668 1478
f 4751 4759 4486
f 4751 4486 4752
f 4759 4512 4501
f 4759 4501 4486
f 4752 4486 4487
f 4752 4487 4740
f 4486 4501 4502
f 4486 4502 4487
f 4513 4297 4117
f 4513 4117 4285
f 4285 4117 4107
f 4285 4107 4286
f 4512 4513 4285
f 4512 4285 4501
f 4501 4285 4286
f 4501 4286 4502
f 3934 4101 4100
f 3934 4100 4108
f 4101 4265 4272
f 4101 4272 4100
f 4108 4100 4286
f 4108 4286 4107
f 4100 4272 4502
f 4100 4502 4286
f 4264 4476 4475
f 4264 4475 4488
f 4488 4475 4740
f 4488 4740 4487
f 4265 4264 4488
f 4265 4488 4272
f 4272 4488 4487
f 4272 4487 4502
f 608 787 790
f 787 788 792
f 787 792 790
f 608 790 613
f 790 792 791
f 1000 1234 1237
f 1000 1237 1003
f 788 1000 1003
f 788 1003 792
f 792 1003 791
f 1242 1008 1003
f 1242 1003 1237
f 1008 1007 791
f 1008 791 1003
f 801 621 797
f 797 621 613
f 797 613 790
f 1007 801 797
f 1007 797 790
f 1007 790 791
f 316 310 458
f 316 458 468
f 310 457 458
f 468 458 469
f 458 457 459
f 458 459 469
f 302 291 293
f 302 293 303
f 303 293 446
f 310 302 303
f 310 303 457
f 457 303 446
f 457 446 459
f 608 447 607
f 608 613 612
f 608 612 447
f 607 447 446
f 447 612 459
f 447 459 446
f 613 621 620
f 613 620 612
f 612 620 469
f 612 469 459
f 410 400 579
f 400 578 579
f 410 579 588
f 410 588 587
f 579 580 588
f 573 564 565
f 573 565 574
f 574 565 763
f 578 573 574
f 578 574 579
f 579 574 763
f 579 763 580
f 976 980 764
f 980 768 767
f 980 767 764
f 764 767 580
f 764 580 763
f 768 773 588
f 768 588 767
f 767 588 580
f 258 249 399
f 249 389 399
f 258 399 270
f 389 380 564
f 389 564 390
f 573 578 400
f 564 573 390
f 573 400 389
f 573 389 390
f 400 410 409
f 400 409 399
f 399 409 270
f 578 400 399
f 578 399 400
f 400 399 389
f 306 305 296
f 306 296 297
f 305 295 283
f 305 283 296
f 297 296 285
f 296 283 284
f 296 284 285
f 294 425 411
f 294 411 282
f 282 411 259
f 282 259 271
f 295 294 282
f 295 282 283
f 283 282 271
f 283 271 284
f 261 262 272
f 261 272 260
f 262 274 273
f 262 273 272
f 260 272 271
f 260 271 259
f 272 273 284
f 272 284 271
f 274 287 286
f 286 287 297
f 286 297 285
f 274 286 273
f 273 286 285
f 273 285 284
f 932 922 1177
f 932 1177 933
f 922 1169 1170
f 922 1170 1177
f 933 1177 1178
f 1177 1170 1418
f 1177 1418 1178
f 1411 1406 1612
f 1411 1612 1412
f 1412 1612 1613
f 1412 1613 1418
f 1169 1411 1412
f 1169 1412 1170
f 1170 1412 1418
f 1793 1621 1617
f 1793 1617 1618
f 1621 1423 1422
f 1621 1422 1617
f 1618 1617 1418
f 1618 1418 1613
f 1617 1422 1418
f 1427 1183 1422
f 1422 1183 1178
f 1423 1427 1422
f 1422 1178 1418
f 2855 2659 2656
f 2855 2656 2853
f 2659 2571 2569
f 2659 2569 2656
f 2853 2656 2653
f 2853 2653 2741
f 2656 2569 2567
f 2656 2567 2653
f 2474 2369 2368
f 2474 2368 2471
f 2471 2368 2231
f 2471 2231 2470
f 2571 2474 2471
f 2571 2471 2569
f 2569 2471 2470
f 2569 2470 2567
f 2227 2360 2363
f 2227 2363 2228
f 2360 2465 2566
f 2360 2566 2363
f 2228 2363 2470
f 2228 2470 2231
f 2363 2566 2567
f 2363 2567 2470
f 2648 2735 2738
f 2648 2738 2652
f 2652 2738 2741
f 2652 2741 2653
f 2465 2648 2652
f 2465 2652 2566
f 2566 2652 2653
f 2566 2653 2567
f 3355 3356 3228
f 3355 3228 3227
f 3356 3359 3232
f 3356 3232 3228
f 3227 3228 3098
f 3227 3098 3094
f 3228 3232 3102
f 3228 3102 3098
f 3361 3362 3237
f 3361 3237 3233
f 3233 3237 3107
f 3233 3107 3103
f 3359 3361 3233
f 3359 3233 3232
f 3232 3233 3103
f 3232 3103 3102
f 2855 2853 2968
f 2855 2968 2971
f 2853 2741 2964
f 2853 2964 2968
f 2971 2968 3103
f 2971 3103 3107
f 2968 2964 3102
f 2968 3102 3103
f 2738 2735 2959
f 2738 2959 2963
f 2963 2959 3094
f 2963 3094 3098
f 2741 2738 2963
f 2741 2963 2964
f 2964 2963 3098
f 2964 3098 3102
f 2863 2981 2983
f 2863 2983 2865
f 2981 3119 3120
f 2981 3120 2983
f 2865 2983 2987
f 2865 2987 2867
f 2983 3120 3124
f 2983 3124 2987
f 3248 3376 3380
f 3248 3380 3249
f 3249 3380 3252
f 3119 3248 3249
f 3119 3249 3120
f 3120 3249 3252
f 3120 3252 3124
f 3257 3254 3384
f 3257 3131 3127
f 3257 3127 3254
f 3384 3254 3252
f 3384 3252 3380
f 3254 3127 3124
f 3254 3124 3252
f 2989 2869 2867
f 2989 2867 2987
f 3131 2989 3127
f 3127 2989 2987
f 3127 2987 3124
f 2863 2862 2981
f 2862 2860 2977
f 2862 2977 2981
f 2981 3116 3119
f 2981 2977 3113
f 2981 3113 3116
f 2857 2855 2971
f 2857 2971 2975
f 2975 2971 3107
f 2975 3107 3110
f 2860 2857 2975
f 2860 2975 2977
f 2977 2975 3110
f 2977 3110 3113
f 3362 3366 3239
f 3362 3239 3237
f 3366 3369 3243
f 3366 3243 3239
f 3237 3239 3110
f 3237 3110 3107
f 3239 3243 3113
f 3239 3113 3110
f 3373 3376 3248
f 3373 3248 3245
f 3245 3248 3119
f 3245 3119 3116
f 3369 3373 3245
f 3369 3245 3243
f 3243 3245 3116
f 3243 3116 3113
f 4064 4063 4067
f 4064 4067 3903
f 4063 4211 4216
f 4063 4216 4067
f 3903 4067 4068
f 3903 4068 3906
f 4067 4216 4073
f 4067 4073 4068
f 4385 4384 4393
f 4385 4393 4215
f 4215 4393 4222
f 4211 4385 4215
f 4211 4215 4216
f 4216 4215 4222
f 4216 4222 4073
f 4228 4077 4076
f 4077 3913 4074
f 4077 4074 4076
f 4228 4076 4222
f 4076 4074 4073
f 4076 4073 4222
f 3911 3906 4068
f 3913 3911 4074
f 4074 3911 4068
f 4074 4068 4073
f 4790 4598 4586
f 4790 4586 4585
f 4598 4599 4586
f 4585 4586 4587
f 4585 4587 4572
f 4586 4599 4400
f 4586 4400 4587
f 4612 4416 4408
f 4599 4612 4408
f 4599 4408 4400
f 4228 4402 4233
f 4228 4222 4401
f 4228 4401 4402
f 4233 4402 4408
f 4233 4408 4409
f 4402 4401 4400
f 4402 4400 4408
f 4393 4384 4573
f 4393 4573 4392
f 4392 4573 4572
f 4392 4572 4587
f 4222 4393 4392
f 4222 4392 4401
f 4401 4392 4587
f 4401 4587 4400
f 4820 4834 4835
f 4820 4835 4821
f 4834 4847 4835
f 4821 4835 4836
f 4821 4836 4822
f 4847 4858 4859
f 4847 4859 4848
f 4848 4859 4860
f 4848 4860 4849
f 4847 4848 4835
f 4835 4848 4849
f 4835 4849 4836
f 4664 4663 4674
f 4664 4652 4651
f 4664 4651 4663
f 4674 4663 4849
f 4674 4849 4860
f 4663 4651 4836
f 4663 4836 4849
f 4652 4639 4651
f 4651 4639 4822
f 4651 4822 4836
f 4962 4974 4963
f 4974 4975 4963
f 4962 4963 4964
f 4962 4964 4963
f 4963 4975 4976
f 4963 4976 4964
f 4983 4990 4984
f 4975 4983 4984
f 4975 4984 4976
f 4858 4847 4846
f 4858 4846 4857
f 4857 4846 4984
f 4846 4976 4984
f 4834 4820 4955
f 4834 4955 4965
f 4965 4955 4963
f 4965 4963 4964
f 4847 4834 4965
f 4847 4965 4846
f 4846 4965 4964
f 4846 4964 4976
f 5048 5056 4973
f 5056 4981 4982
f 5056 4982 4973
f 4981 4989 4982
f 4990 4983 4982
f 4983 4975 4974
f 4983 4974 4982
f 4990 4982 4989
f 4974 4962 4961
f 4974 4961 4973
f 4974 4973 4982
f 4858 4868 4859
f 4868 4869 4859
f 4859 4869 4870
f 4859 4870 4860
f 4879 4895 4880
f 4880 4696 4881
f 4868 4879 4880
f 4868 4880 4869
f 4869 4880 4881
f 4869 4881 4870
f 4698 4686 4685
f 4698 4685 4697
f 4697 4685 4881
f 4697 4881 4696
f 4685 4870 4881
f 4675 4664 4674
f 4686 4675 4674
f 4686 4674 4685
f 4685 4674 4860
f 4685 4860 4870
f 701 702 708
f 701 708 707
f 702 703 709
f 702 709 708
f 707 708 511
f 931 932 942
f 931 942 710
f 710 942 720
f 703 931 710
f 703 710 709
f 732 731 719
f 732 719 720
f 731 717 718
f 731 718 719
f 720 719 710
f 719 718 709
f 719 709 710
f 521 520 511
f 521 511 708
f 717 521 718
f 718 521 708
f 718 708 709
f 2369 2236 2097
f 2369 2097 2368
f 2236 2101 1955
f 2236 1955 2097
f 2368 2097 2095
f 2368 2095 2231
f 2097 1955 1952
f 2097 1952 2095
f 1958 1793 1618
f 1958 1618 1787
f 1787 1618 1613
f 1787 1613 1786
f 2101 1958 1787
f 2101 1787 1955
f 1955 1787 1786
f 1955 1786 1952
f 1406 1781 1782
f 1406 1782 1612
f 1781 1947 1951
f 1781 1951 1782
f 1612 1782 1786
f 1612 1786 1613
f 1782 1951 1952
f 1782 1952 1786
f 2089 2227 2228
f 2089 2228 2094
f 2094 2228 2231
f 2094 2231 2095
f 1947 2089 2094
f 1947 2094 1951
f 1951 2094 2095
f 1951 2095 1952
f 2369 2372 2237
f 2369 2237 2236
f 2372 2375 2239
f 2372 2239 2237
f 2236 2237 2104
f 2236 2104 2101
f 2237 2239 2105
f 2237 2105 2104
f 2484 2486 2380
f 2484 2380 2378
f 2378 2380 2244
f 2378 2244 2242
f 2375 2484 2378
f 2375 2378 2239
f 2239 2378 2242
f 2239 2242 2105
f 1971 1968 2109
f 1971 2109 2111
f 1968 1797 1966
f 1968 1966 2109
f 2111 2109 2242
f 2111 2242 2244
f 2109 1966 2105
f 2109 2105 2242
f 1794 1793 1958
f 1794 1958 1962
f 1962 1958 2101
f 1962 2101 2104
f 1797 1794 1962
f 1797 1962 1966
f 1966 1962 2104
f 1966 2104 2105
f 1813 1646 1810
f 1646 1642 1643
f 1646 1643 1810
f 1813 1810 1977
f 1441 1199 1437
f 1441 1437 1638
f 1638 1437 1635
f 1638 1635 1805
f 1642 1441 1638
f 1642 1638 1643
f 1643 1638 1805
f 1643 1805 1810
f 1971 1806 1803
f 1971 2118 1973
f 1971 1973 1806
f 1803 1806 1805
f 1803 1805 1635
f 1806 1973 1810
f 1806 1810 1805
f 2118 2122 1977
f 2118 1977 1973
f 1973 1977 1810
f 1646 1650 1448
f 1646 1444 1642
f 1646 1448 1444
f 1650 1452 1451
f 1650 1451 1448
f 1448 1451 1211
f 1448 1211 1444
f 976 971 1210
f 976 1210 977
f 971 1206 1210
f 977 1210 1211
f 1210 1206 1444
f 1210 1444 1211
f 1203 1199 1441
f 1441 1642 1444
f 971 1203 1441
f 971 1441 1206
f 1206 1441 1444
f 732 720 956
f 732 956 733
f 720 949 956
f 733 956 957
f 733 957 960
f 956 949 950
f 956 950 957
f 942 932 933
f 942 933 943
f 943 933 1178
f 943 1178 944
f 720 942 943
f 720 943 949
f 949 943 944
f 949 944 950
f 1184 1190 1189
f 1184 1189 1183
f 1183 944 1178
f 1183 1189 950
f 1183 950 944
f 1196 1199 961
f 1196 961 1195
f 1195 961 960
f 1195 960 957
f 1190 1196 1195
f 1190 1195 1189
f 1189 1195 957
f 1189 957 950
f 732 733 742
f 732 742 741
f 733 960 742
f 741 742 751
f 741 751 750
f 742 960 752
f 742 752 751
f 961 1199 1203
f 961 1203 966
f 966 1203 971
f 960 961 966
f 960 966 752
f 976 764 970
f 976 970 971
f 764 763 757
f 764 757 970
f 971 970 966
f 970 757 752
f 970 752 966
f 565 564 756
f 756 564 750
f 756 750 751
f 763 565 756
f 763 756 757
f 757 756 751
f 757 751 752
f 1793 1794 1625
f 1793 1625 1621
f 1794 1797 1626
f 1794 1626 1625
f 1621 1625 1423
f 1625 1626 1629
f 1968 1971 1803
f 1968 1803 1800
f 1800 1803 1635
f 1800 1635 1630
f 1797 1968 1800
f 1797 1800 1626
f 1626 1800 1630
f 1626 1630 1629
f 1199 1196 1435
f 1199 1435 1437
f 1196 1190 1431
f 1196 1431 1435
f 1437 1435 1630
f 1437 1630 1635
f 1435 1431 1629
f 1435 1629 1630
f 1184 1183 1427
f 1427 1423 1625
f 1190 1184 1427
f 1190 1427 1431
f 1431 1427 1625
f 1431 1625 1629
f 359 538 526
f 359 526 539
f 538 537 526
f 539 526 527
f 526 517 527
f 536 524 516
f 536 516 525
f 525 516 509
f 525 509 517
f 537 536 525
f 537 525 526
f 526 525 517
f 701 707 510
f 701 510 706
f 707 511 518
f 707 518 510
f 706 510 517
f 706 517 509
f 510 518 517
f 511 520 518
f 518 527 517
f 4064 3899 3898
f 4064 3898 4057
f 3899 3713 3710
f 3899 3710 3898
f 4057 3898 3894
f 4057 3894 4053
f 3898 3710 3709
f 3898 3709 3894
f 3538 3376 3373
f 3538 3373 3534
f 3534 3373 3369
f 3534 3369 3530
f 3713 3538 3534
f 3713 3534 3710
f 3710 3534 3530
f 3710 3530 3709
f 3362 3526 3527
f 3362 3527 3366
f 3526 3703 3707
f 3526 3707 3527
f 3366 3527 3530
f 3366 3530 3369
f 3527 3707 3709
f 3527 3709 3530
f 3884 4048 4049
f 3884 4049 3890
f 3890 4049 4053
f 3890 4053 3894
f 3703 3884 3890
f 3703 3890 3707
f 3707 3890 3894
f 3707 3894 3709
f 4028 4029 3873
f 4029 4036 3879
f 4029 3879 3873
f 3873 3693 3687
f 3873 3879 3699
f 3873 3699 3693
f 4043 4048 3884
f 4043 3884 3883
f 3883 3884 3703
f 3883 3703 3700
f 4036 4043 3883
f 4036 3883 3879
f 3879 3883 3700
f 3879 3700 3699
f 3362 3361 3523
f 3362 3523 3526
f 3361 3359 3520
f 3361 3520 3523
f 3526 3523 3700
f 3526 3700 3703
f 3523 3520 3699
f 3523 3699 3700
f 3356 3355 3514
f 3356 3514 3519
f 3519 3514 3687
f 3519 3687 3693
f 3359 3356 3519
f 3359 3519 3520
f 3520 3519 3693
f 3520 3693 3699
f 4933 4935 4786
f 4933 4786 4785
f 4935 4936 4794
f 4935 4794 4786
f 4785 4786 4777
f 4786 4794 4787
f 4944 4820 4806
f 4944 4806 4795
f 4795 4806 4796
f 4936 4944 4795
f 4936 4795 4794
f 4794 4795 4787
f 4790 4781 4788
f 4790 4788 4789
f 4781 4780 4779
f 4781 4779 4788
f 4789 4788 4795
f 4789 4795 4796
f 4788 4779 4787
f 4788 4787 4795
f 4771 4770 4769
f 4771 4769 4778
f 4778 4769 4777
f 4778 4777 4786
f 4780 4771 4778
f 4780 4778 4779
f 4779 4778 4786
f 4779 4786 4787
f 4353 4546 4552
f 4353 4552 4547
f 4546 4551 4558
f 4546 4558 4552
f 4547 4552 4560
f 4547 4560 4553
f 4552 4558 4559
f 4552 4559 4560
f 4765 4770 4771
f 4765 4771 4766
f 4766 4771 4780
f 4766 4780 4772
f 4551 4765 4766
f 4551 4766 4558
f 4558 4766 4772
f 4558 4772 4559
f 4790 4585 4773
f 4790 4773 4781
f 4585 4572 4571
f 4585 4571 4773
f 4781 4773 4772
f 4781 4772 4780
f 4773 4571 4559
f 4773 4559 4772
f 4573 4384 4383
f 4573 4383 4561
f 4561 4383 4553
f 4561 4553 4560
f 4572 4573 4561
f 4572 4561 4571
f 4571 4561 4560
f 4571 4560 4559
f 4171 4168 4167
f 4168 4169 4166
f 4167 4168 4015
f 4167 4015 4014
f 4168 4166 4016
f 4168 4016 4015
f 4027 4028 4019
f 4027 4019 4017
f 4017 4019 4018
f 4169 4027 4017
f 4169 4017 4166
f 4166 4017 4016
f 3844 4005 4011
f 3844 4011 3855
f 4005 4004 4010
f 4005 4010 4011
f 3855 4011 4017
f 3855 4017 4018
f 4011 4010 4016
f 4011 4016 4017
f 4003 4002 4008
f 4003 4008 4009
f 4009 4008 4014
f 4009 4014 4015
f 4004 4003 4009
f 4004 4009 4010
f 4010 4009 4015
f 4010 4015 4016
f 4353 4354 4348
f 4353 4348 4352
f 4354 4187 4186
f 4354 4186 4348
f 4352 4348 4344
f 4352 4344 4347
f 4348 4186 4179
f 4348 4179 4344
f 4188 4048 4043
f 4188 4043 4180
f 4180 4043 4036
f 4180 4036 4175
f 4187 4188 4180
f 4187 4180 4186
f 4186 4180 4175
f 4186 4175 4179
f 4028 4027 4174
f 4028 4174 4029
f 4027 4169 4173
f 4027 4173 4174
f 4029 4174 4175
f 4029 4175 4036
f 4174 4173 4179
f 4174 4179 4175
f 4168 4171 4343
f 4168 4343 4172
f 4172 4343 4347
f 4172 4347 4344
f 4169 4168 4172
f 4169 4172 4173
f 4173 4172 4344
f 4173 4344 4179
f 4548 4554 4543
f 4548 4543 4357
f 4554 4555 4549
f 4554 4549 4543
f 4357 4543 4350
f 4357 4350 4349
f 4543 4549 4544
f 4543 4544 4350
f 4764 4770 4765
f 4764 4765 4550
f 4550 4765 4551
f 4550 4551 4545
f 4555 4764 4550
f 4555 4550 4549
f 4549 4550 4545
f 4549 4545 4544
f 4353 4352 4542
f 4353 4542 4546
f 4352 4347 4351
f 4352 4351 4542
f 4546 4542 4545
f 4546 4545 4551
f 4542 4351 4544
f 4542 4544 4545
f 4343 4171 4342
f 4343 4342 4346
f 4346 4342 4349
f 4346 4349 4350
f 4347 4343 4346
f 4347 4346 4351
f 4351 4346 4350
f 4351 4350 4544
f 4933 4785 4784
f 4785 4777 4776
f 4785 4776 4784
f 4784 4783 4793
f 4784 4776 4775
f 4784 4775 4783
f 4769 4770 4764
f 4769 4764 4768
f 4768 4764 4555
f 4768 4555 4767
f 4777 4769 4768
f 4777 4768 4776
f 4776 4768 4767
f 4776 4767 4775
f 4548 4563 4564
f 4548 4564 4554
f 4563 4575 4774
f 4563 4774 4564
f 4554 4564 4767
f 4554 4767 4555
f 4564 4774 4775
f 4564 4775 4767
f 4589 4791 4792
f 4589 4792 4782
f 4782 4792 4793
f 4782 4793 4783
f 4575 4589 4782
f 4575 4782 4774
f 4774 4782 4783
f 4774 4783 4775
f 4791 4589 4588
f 4791 4588 4600
f 4589 4575 4574
f 4589 4574 4588
f 4600 4588 4411
f 4600 4411 4613
f 4588 4574 4394
f 4588 4394 4411
f 4563 4548 4364
f 4563 4364 4562
f 4562 4364 4363
f 4562 4363 4386
f 4575 4563 4562
f 4575 4562 4574
f 4574 4562 4386
f 4574 4386 4394
f 4058 4069 4217
f 4058 4217 4207
f 4069 4078 4223
f 4069 4223 4217
f 4207 4217 4386
f 4207 4386 4363
f 4217 4223 4394
f 4217 4394 4386
f 4234 4239 4418
f 4234 4418 4410
f 4410 4418 4613
f 4410 4613 4411
f 4078 4234 4410
f 4078 4410 4223
f 4223 4410 4411
f 4223 4411 4394
f 4655 4823 4642
f 4655 4642 4654
f 4823 4810 4809
f 4823 4809 4642
f 4654 4642 4641
f 4654 4641 4430
f 4642 4809 4629
f 4642 4629 4641
f 4811 4799 4810
f 4810 4799 4798
f 4809 4810 4798
f 4809 4798 4629
f 4791 4600 4615
f 4791 4615 4798
f 4600 4613 4614
f 4600 4614 4615
f 4615 4614 4629
f 4615 4629 4798
f 4418 4239 4429
f 4418 4429 4424
f 4424 4429 4430
f 4424 4430 4641
f 4613 4418 4424
f 4613 4424 4614
f 4614 4424 4641
f 4614 4641 4629
f 4966 4824 4838
f 4966 4956 4824
f 4956 4957 4946
f 4956 4946 4945
f 4956 4945 4824
f 4811 4810 4824
f 4812 4811 4945
f 4812 4945 4946
f 4811 4824 4945
f 4823 4655 4837
f 4823 4837 4824
f 4824 4837 4838
f 4810 4823 4824
f 4297 4307 4128
f 4297 4128 4129
f 4307 4306 4139
f 4307 4139 4128
f 4129 4128 3959
f 4129 3959 3960
f 4128 4139 3967
f 4128 3967 3959
f 4305 4316 4137
f 4305 4137 4138
f 4138 4137 4145
f 4138 4145 4146
f 4306 4305 4138
f 4306 4138 4139
f 4139 4138 4146
f 4139 4146 3967
f 3777 3778 3966
f 3777 3966 3973
f 3778 3779 3967
f 3778 3967 3966
f 3973 3966 4146
f 3973 4146 4145
f 3966 3967 4146
f 3603 3429 3771
f 3603 3771 3770
f 3770 3771 3960
f 3770 3960 3959
f 3779 3603 3770
f 3779 3770 3967
f 3967 3770 3959
f 4503 4504 4491
f 4503 4491 4490
f 4504 4505 4753
f 4504 4753 4491
f 4490 4491 4741
f 4490 4741 4478
f 4491 4753 4742
f 4491 4742 4741
f 4760 4761 4755
f 4760 4755 4754
f 4754 4755 4745
f 4754 4745 4743
f 4505 4760 4754
f 4505 4754 4753
f 4753 4754 4743
f 4753 4743 4742
f 4732 4730 4731
f 4732 4731 4744
f 4744 4731 4743
f 4744 4743 4745
f 4731 4730 4742
f 4731 4742 4743
f 4714 4699 4469
f 4714 4469 4729
f 4729 4469 4478
f 4729 4478 4741
f 4715 4714 4729
f 4715 4729 4730
f 4730 4729 4741
f 4730 4741 4742
f 4164 3984 3985
f 4164 3985 4165
f 3984 3791 3985
f 3791 3617 3792
f 3791 3792 3985
f 3978 3985 3792
f 4337 4341 4338
f 4341 4164 4165
f 4341 4165 4338
f 3978 4158 3985
f 3985 4158 4165
f 4158 4338 4165
f 4338 4331 4330
f 4338 4330 4337
f 4158 4331 4338
f 4158 4338 4337
f 4158 4337 4338
f 4531 4536 4537
f 4531 4537 4532
f 4536 4540 4537
f 4539 4541 4337
f 4539 4337 4540
f 4540 4337 4330
f 4536 4539 4540
f 4331 4322 4330
f 4322 4537 4330
f 4331 4330 4540
f 4331 4540 4330
f 4330 4537 4540
f 4331 4332 4322
f 4331 4158 4151
f 4331 4151 4332
f 4322 4332 4323
f 4332 4151 4323
f 4158 3978 3979
f 4158 3979 4159
f 4159 3979 4151
f 4158 4159 4151
f 3777 3973 3972
f 3973 4145 4144
f 3973 4144 3972
f 3972 4151 3979
f 3972 4144 4151
f 4137 4316 4315
f 4137 4315 4324
f 4324 4315 4323
f 4145 4137 4324
f 4145 4324 4144
f 4144 4324 4323
f 4144 4323 4151
f 3781 3605 3787
f 3780 3781 3787
f 3780 3787 3975
f 3613 3614 3788
f 3605 3613 3788
f 3605 3788 3787
f 3981 3980 3787
f 3981 3787 3788
f 3980 3975 3787
f 3980 4160 3975
f 3975 4160 4153
f 3980 3981 4161
f 3980 4161 4160
f 4334 4333 4161
f 4333 4160 4161
f 4333 4152 4153
f 4333 4153 4160
f 4152 4333 4325
f 4152 4325 4148
f 4333 4326 4325
f 4333 4334 4327
f 4333 4327 4326
f 4309 4308 4317
f 4309 4317 4318
f 4318 4326 4327
f 4318 4317 4326
f 4141 4140 4148
f 4141 4148 4325
f 4308 4141 4317
f 4317 4141 4325
f 4317 4325 4326
f 3975 4153 4152
f 3980 3975 3974
f 3980 3974 3975
f 3975 4152 3974
f 4153 4152 4148
f 4153 4148 4152
f 4152 4148 3974
f 4140 4147 4148
f 4147 3968 3969
f 4147 3969 4148
f 4148 3969 3974
f 3969 3780 3974
f 3974 3780 3975
f 3968 3969 3974
f 3968 3974 3969
f 3617 3791 3790
f 3617 3790 3616
f 3984 4164 4163
f 3984 4163 3983
f 3791 3984 3983
f 3791 3983 3790
f 3981 3788 3789
f 3981 3789 3982
f 3982 3789 3790
f 3982 3790 3983
f 3615 3616 3790
f 3788 3614 3615
f 3788 3615 3789
f 3789 3615 3790
f 4164 4341 4340
f 4164 4340 4163
f 4163 4340 4339
f 4337 4541 4336
f 4336 4541 4335
f 4341 4337 4336
f 4341 4336 4340
f 4340 4336 4335
f 4340 4335 4339
f 4334 4161 4339
f 4334 4339 4335
f 4161 3981 3982
f 4161 3982 4162
f 4162 3982 3983
f 4162 3983 4163
f 4161 4162 4339
f 4339 4162 4163
f 4541 4539 4538
f 4541 4538 4335
f 4539 4536 4535
f 4539 4535 4538
f 4536 4531 4530
f 4536 4530 4535
f 4309 4318 4319
f 4309 4319 4310
f 4318 4327 4319
f 4310 4319 4535
f 4310 4535 4530
f 4319 4327 4535
f 4327 4334 4335
f 4327 4335 4538
f 4327 4538 4535
f 4761 4520 4762
f 4761 4762 4756
f 4520 4521 4522
f 4520 4522 4762
f 4756 4762 4763
f 4756 4763 4757
f 4762 4522 4510
f 4762 4510 4763
f 4529 4316 4305
f 4529 4305 4306
f 4529 4306 4523
f 4521 4529 4522
f 4522 4529 4523
f 4522 4523 4510
f 4297 4513 4524
f 4297 4524 4307
f 4513 4512 4511
f 4513 4511 4524
f 4307 4524 4523
f 4307 4523 4306
f 4524 4511 4510
f 4524 4510 4523
f 4759 4751 4750
f 4759 4750 4758
f 4758 4750 4757
f 4758 4757 4763
f 4512 4759 4758
f 4512 4758 4511
f 4511 4758 4763
f 4511 4763 4510
f 3300 3451 3299
f 3451 3450 3449
f 3451 3449 3299
f 3299 3298 3164
f 3299 3449 3448
f 3299 3448 3298
f 3450 3617 3616
f 3450 3616 3449
f 3449 3616 3455
f 3449 3455 3448
f 3614 3454 3455
f 3614 3455 3615
f 3454 3446 3447
f 3454 3447 3455
f 3615 3455 3616
f 3455 3447 3448
f 3296 3295 3163
f 3296 3163 3297
f 3297 3163 3164
f 3297 3164 3298
f 3446 3296 3297
f 3446 3297 3447
f 3447 3297 3298
f 3447 3298 3448
f 3295 3296 3445
f 3295 3445 3433
f 3296 3446 3445
f 3433 3445 3444
f 3433 3444 3432
f 3445 3604 3444
f 3454 3614 3613
f 3454 3613 3605
f 3446 3454 3605
f 3446 3605 3445
f 3445 3605 3604
f 3780 3604 3781
f 3780 3773 3604
f 3781 3604 3605
f 3593 3592 3432
f 3593 3432 3444
f 3773 3593 3604
f 3604 3593 3444
f 2621 2800 2703
f 2621 2703 2620
f 2800 2894 2887
f 2800 2887 2703
f 2620 2703 2698
f 2620 2698 2614
f 2703 2887 2886
f 2703 2886 2698
f 3033 3295 3154
f 3033 3154 3026
f 3026 3154 3153
f 3026 3153 3025
f 2894 3033 3026
f 2894 3026 2887
f 2887 3026 3025
f 2887 3025 2886
f 3272 3017 3020
f 3272 3020 3148
f 3017 2875 2880
f 3017 2880 3020
f 3148 3020 3025
f 3148 3025 3153
f 3020 2880 2886
f 3020 2886 3025
f 2687 2522 2609
f 2687 2609 2691
f 2691 2609 2614
f 2691 2614 2698
f 2875 2687 2691
f 2875 2691 2880
f 2880 2691 2698
f 2880 2698 2886
f 1848 1853 2003
f 1848 2003 1999
f 1853 1864 2152
f 1853 2152 2003
f 1999 2003 2282
f 1999 2282 2144
f 2003 2152 2288
f 2003 2288 2282
f 2010 2022 2165
f 2010 2165 2153
f 2153 2165 2296
f 2153 2296 2295
f 1864 2010 2153
f 1864 2153 2152
f 2152 2153 2295
f 2152 2295 2288
f 2621 2620 2533
f 2621 2533 2534
f 2620 2614 2404
f 2620 2404 2533
f 2534 2533 2295
f 2534 2295 2296
f 2533 2404 2288
f 2533 2288 2295
f 2609 2522 2397
f 2609 2397 2400
f 2400 2397 2144
f 2400 2144 2282
f 2614 2609 2400
f 2614 2400 2404
f 2404 2400 2282
f 2404 2282 2288
f 3300 3452 3609
f 3300 3609 3451
f 3452 3611 3610
f 3452 3610 3609
f 3451 3609 3450
f 3609 3610 3786
f 3777 3972 3786
f 3786 3972 3979
f 3611 3777 3786
f 3611 3786 3610
f 3978 3786 3979
f 3978 3792 3785
f 3978 3785 3786
f 3792 3617 3618
f 3618 3617 3450
f 3618 3450 3609
f 3792 3618 3785
f 3785 3618 3609
f 3785 3609 3786
f 3942 3754 3949
f 3754 3761 3762
f 3754 3762 3949
f 3949 3961 4131
f 3949 3762 3961
f 3762 3592 3593
f 3762 3593 3772
f 3772 3593 3773
f 3761 3762 3772
f 3761 3772 3762
f 3762 3772 3773
f 3762 3773 3961
f 3780 3969 3773
f 3969 3968 3773
f 3773 3968 3961
f 4147 4140 3962
f 3962 4140 4131
f 3962 4131 3961
f 3968 4147 3962
f 3968 3962 3961
f 4531 4526 4525
f 4531 4525 4530
f 4526 4518 4517
f 4526 4517 4525
f 4519 4761 4760
f 4519 4760 4518
f 4518 4760 4505
f 4518 4505 4517
f 4526 4519 4518
f 4503 4514 4515
f 4503 4515 4504
f 4514 4300 4516
f 4514 4516 4515
f 4504 4515 4517
f 4504 4517 4505
f 4515 4516 4517
f 4300 4309 4310
f 4300 4310 4301
f 4301 4310 4530
f 4301 4530 4525
f 4300 4301 4516
f 4516 4301 4525
f 4516 4525 4517
f 4316 4529 4534
f 4316 4534 4315
f 4529 4521 4528
f 4529 4528 4534
f 4315 4534 4314
f 4315 4314 4323
f 4534 4528 4533
f 4534 4533 4314
f 4520 4761 4519
f 4520 4519 4526
f 4520 4526 4527
f 4521 4520 4528
f 4528 4520 4527
f 4528 4527 4533
f 4531 4532 4526
f 4526 4532 4527
f 4532 4533 4527
f 4322 4323 4314
f 4537 4322 4532
f 4532 4322 4314
f 4532 4314 4533
f 4503 4490 4489
f 4503 4489 4274
f 4490 4478 4477
f 4490 4477 4489
f 4274 4489 4273
f 4274 4273 4287
f 4489 4477 4259
f 4489 4259 4273
f 4469 4699 4453
f 4469 4453 4468
f 4468 4453 4459
f 4468 4459 4467
f 4478 4469 4468
f 4478 4468 4477
f 4477 4468 4467
f 4477 4467 4259
f 4089 4093 4254
f 4089 4254 4251
f 4093 4098 4266
f 4093 4266 4254
f 4251 4254 4467
f 4251 4467 4459
f 4254 4266 4259
f 4254 4259 4467
f 3932 3942 4109
f 3932 4109 4102
f 4102 4109 4287
f 4102 4287 4273
f 4098 3932 4102
f 4098 4102 4266
f 4266 4102 4273
f 4266 4273 4259
f 4140 4141 4132
f 4141 4308 4132
f 4140 4132 4131
f 4132 4308 4298
f 4132 4298 4131
f 4309 4300 4308
f 4308 4300 4299
f 4308 4299 4298
f 4503 4274 4288
f 4503 4288 4514
f 4274 4287 4288
f 4514 4288 4299
f 4514 4299 4300
f 4288 4287 4298
f 4288 4298 4299
f 4109 3942 3949
f 4109 3949 4118
f 4118 3949 4131
f 4287 4109 4118
f 4287 4118 4131
f 4287 4131 4298
f 4732 4744 4745
f 4732 4745 4733
f 4744 4745 4746
f 4744 4746 4745
f 4733 4745 4734
f 4745 4746 4747
f 4745 4747 4734
f 4755 4761 4756
f 4756 4757 4748
f 4745 4755 4756
f 4745 4756 4746
f 4746 4756 4748
f 4746 4748 4747
f 4751 4919 4749
f 4751 4749 4750
f 4919 4918 4917
f 4919 4917 4749
f 4750 4749 4748
f 4750 4748 4757
f 4749 4917 4747
f 4749 4747 4748
f 4917 4904 4916
f 4918 4917 4916
f 4918 4916 4917
f 4917 4916 4734
f 4917 4734 4747
f 4904 4917 4905
f 4917 4918 4906
f 4917 4906 4905
f 4904 4905 4892
f 4919 4751 4921
f 4919 4921 4920
f 4920 4921 4908
f 4920 4908 4907
f 4918 4919 4920
f 4918 4920 4906
f 4906 4920 4907
f 4895 4894 4907
f 4895 4907 4908
f 4894 4893 4906
f 4894 4906 4907
f 4893 4892 4905
f 4893 4905 4906
f 4990 4991 4984
f 4990 4876 4877
f 4990 4877 4991
f 4984 4991 4866
f 4991 4877 4867
f 4991 4867 4866
f 4876 4892 4893
f 4876 4893 4877
f 4877 4893 4878
f 4877 4878 4867
f 4895 4879 4878
f 4895 4878 4894
f 4879 4868 4867
f 4879 4867 4878
f 4894 4878 4893
f 4868 4858 4857
f 4868 4857 4867
f 4867 4857 4984
f 4867 4984 4866
f 3272 3148 3422
f 3272 3422 3417
f 3148 3153 3423
f 3148 3423 3422
f 3417 3422 3574
f 3417 3574 3567
f 3422 3423 3574
f 3154 3295 3433
f 3154 3433 3281
f 3281 3433 3432
f 3281 3432 3431
f 3153 3154 3281
f 3153 3281 3423
f 3423 3281 3431
f 3592 3762 3580
f 3762 3761 3580
f 3592 3580 3431
f 3592 3431 3432
f 3580 3423 3431
f 3754 3942 3748
f 3754 3748 3567
f 3754 3567 3574
f 3761 3754 3580
f 3580 3754 3574
f 3580 3574 3423
f 1486 1680 1503
f 1486 1503 1288
f 1680 1852 1687
f 1680 1687 1503
f 1288 1503 1502
f 1288 1502 1287
f 1503 1687 1699
f 1503 1699 1502
f 2009 2164 2021
f 2009 2021 1863
f 1863 2021 1876
f 1863 1876 1862
f 1852 2009 1863
f 1852 1863 1687
f 1687 1863 1862
f 1687 1862 1699
f 1707 1698 1876
f 1707 1512 1698
f 1876 1698 1862
f 1698 1512 1699
f 1698 1699 1862
f 1296 1073 1286
f 1296 1286 1501
f 1501 1286 1287
f 1501 1287 1502
f 1512 1296 1501
f 1512 1501 1502
f 1512 1502 1699
f 1848 1490 1688
f 1848 1688 1853
f 1490 1278 1491
f 1490 1491 1688
f 1853 1688 1689
f 1853 1689 1864
f 1688 1491 1504
f 1688 1504 1689
f 1054 1055 1064
f 1054 1064 1289
f 1289 1064 1297
f 1289 1297 1505
f 1278 1054 1289
f 1278 1289 1491
f 1491 1289 1505
f 1491 1505 1504
f 1514 1513 1297
f 1514 1701 1700
f 1514 1700 1513
f 1297 1513 1505
f 1513 1700 1504
f 1513 1504 1505
f 1866 2022 2010
f 1866 2010 1865
f 1865 2010 1864
f 1865 1864 1689
f 1701 1866 1865
f 1701 1865 1700
f 1700 1865 1689
f 1700 1689 1504
f 306 297 307
f 297 298 307
f 307 308 314
f 307 298 300
f 307 300 308
f 287 288 299
f 297 287 298
f 298 287 299
f 298 299 300
f 291 302 301
f 291 301 289
f 302 310 301
f 289 301 299
f 289 299 288
f 301 300 299
f 310 316 315
f 310 315 309
f 309 315 314
f 309 314 308
f 310 309 301
f 301 309 308
f 301 308 300
f 487 324 325
f 487 325 488
f 324 319 320
f 324 320 325
f 488 325 480
f 488 480 489
f 325 320 321
f 325 321 480
f 312 306 307
f 312 307 313
f 313 307 314
f 319 312 313
f 319 313 320
f 320 313 314
f 320 314 321
f 316 474 322
f 316 322 315
f 474 482 481
f 474 481 322
f 315 322 314
f 322 481 321
f 322 321 314
f 491 499 498
f 491 498 490
f 490 498 489
f 490 489 480
f 482 491 490
f 482 490 481
f 481 490 480
f 481 480 321
f 681 680 672
f 680 687 679
f 672 680 500
f 672 500 501
f 680 679 671
f 680 671 500
f 848 1055 847
f 848 847 678
f 678 847 827
f 678 827 670
f 687 848 678
f 687 678 679
f 679 678 670
f 679 670 671
f 639 484 662
f 639 662 661
f 484 485 493
f 484 493 662
f 661 662 670
f 661 670 827
f 662 493 671
f 662 671 670
f 486 487 495
f 486 495 494
f 494 495 501
f 494 501 500
f 485 486 494
f 485 494 493
f 493 494 500
f 493 500 671
f 499 668 504
f 499 504 498
f 668 676 504
f 498 504 497
f 498 497 489
f 504 503 497
f 676 685 684
f 676 684 675
f 675 684 683
f 675 683 674
f 676 675 504
f 504 675 674
f 504 674 503
f 681 672 673
f 681 673 682
f 672 501 502
f 672 502 673
f 682 673 674
f 682 674 683
f 673 502 503
f 673 503 674
f 495 487 488
f 495 488 496
f 496 488 489
f 496 489 497
f 501 495 496
f 501 496 502
f 502 496 497
f 502 497 503
f 685 676 686
f 685 686 854
f 676 677 686
f 854 686 856
f 854 856 855
f 686 677 846
f 686 846 856
f 668 499 659
f 668 659 669
f 669 659 660
f 669 660 824
f 676 668 669
f 676 669 677
f 677 669 824
f 677 824 846
f 818 1029 825
f 818 825 817
f 1029 1033 1039
f 1029 1039 825
f 817 825 824
f 817 824 660
f 825 1039 846
f 825 846 824
f 1272 1486 1288
f 1272 1288 1277
f 1277 1288 1287
f 1277 1287 1053
f 1033 1272 1277
f 1033 1277 1039
f 1039 1277 1053
f 1039 1053 846
f 1073 1063 1052
f 1073 1052 1286
f 1063 855 856
f 1063 856 1052
f 1286 1052 1053
f 1286 1053 1287
f 1052 856 846
f 1052 846 1053
f 3178 3177 3310
f 3178 3310 3311
f 3047 3175 3176
f 3177 3047 3176
f 3177 3176 3310
f 3308 3309 3176
f 3308 3176 3175
f 3309 3310 3176
f 3463 3464 3311
f 3463 3311 3310
f 3309 3463 3310
f 2035 2036 1895
f 2035 1895 1894
f 2036 2176 2037
f 2036 2037 1896
f 2036 1896 1895
f 1728 1727 1895
f 1728 1895 1896
f 1727 1726 1894
f 1727 1894 1895
f 3308 3175 3174
f 3308 3174 3307
f 3175 3047 3046
f 3175 3046 3045
f 3175 3045 3174
f 3173 3174 3045
f 3173 3305 3306
f 3173 3306 3307
f 3173 3307 3174
f 3308 3307 3460
f 3308 3460 3461
f 3306 3305 3458
f 3306 3458 3459
f 3307 3306 3460
f 3460 3306 3459
f 3459 3621 3460
f 3622 3623 3461
f 3622 3461 3460
f 3621 3622 3460
f 3625 3463 3462
f 3625 3462 3624
f 3463 3309 3462
f 3308 3461 3462
f 3308 3462 3309
f 3461 3623 3624
f 3462 3461 3624
f 1729 1543 1542
f 1729 1542 1728
f 1728 1542 1541
f 1728 1541 1727
f 1540 1727 1541
f 1540 1726 1727
f 1896 2038 1897
f 1897 2038 1898
f 2037 2176 2038
f 2038 2176 2177
f 1896 2037 2038
f 2039 2038 2177
f 2040 1899 1898
f 2040 1898 2039
f 2039 1898 2038
f 1545 1544 1730
f 1545 1730 1731
f 1544 1543 1730
f 1730 1543 1729
f 1896 1897 1729
f 1896 1729 1728
f 1897 1898 1730
f 1897 1730 1729
f 1898 1899 1731
f 1898 1731 1730
f 3138 3402 3405
f 3138 3405 3139
f 3402 3557 3558
f 3402 3558 3405
f 3139 3405 3406
f 3139 3406 3140
f 3405 3558 3559
f 3405 3559 3406
f 3735 4090 3926
f 3735 3926 3737
f 3737 3926 3929
f 3737 3929 3738
f 3557 3735 3737
f 3557 3737 3558
f 3558 3737 3738
f 3558 3738 3559
f 3936 3744 3739
f 3936 3739 3932
f 3744 3568 3564
f 3744 3564 3739
f 3932 3739 3738
f 3932 3738 3929
f 3739 3564 3559
f 3739 3559 3738
f 3412 3142 3141
f 3412 3141 3409
f 3409 3141 3140
f 3409 3140 3406
f 3568 3412 3409
f 3568 3409 3564
f 3564 3409 3406
f 3564 3406 3559
f 3142 3014 3012
f 3142 3012 3141
f 3014 2876 2787
f 3014 2787 3012
f 3141 3012 3011
f 3141 3011 3140
f 3012 2787 2786
f 3012 2786 3011
f 2688 2605 2516
f 2688 2516 2683
f 2683 2516 2515
f 2683 2515 2682
f 2876 2688 2683
f 2876 2683 2787
f 2787 2683 2682
f 2787 2682 2786
f 2510 2678 2679
f 2510 2679 2512
f 2678 2781 2784
f 2678 2784 2679
f 2512 2679 2682
f 2512 2682 2515
f 2679 2784 2786
f 2679 2786 2682
f 3006 3138 3139
f 3006 3139 3009
f 3009 3139 3140
f 3009 3140 3011
f 2781 3006 3009
f 2781 3009 2784
f 2784 3009 3011
f 2784 3011 2786
f 4083 4241 4243
f 4083 4243 4084
f 4241 4431 4438
f 4241 4438 4243
f 4084 4243 4245
f 4084 4245 4086
f 4243 4438 4246
f 4243 4246 4245
f 4435 4656 4440
f 4435 4440 4439
f 4439 4440 4445
f 4439 4445 4444
f 4431 4435 4439
f 4431 4439 4438
f 4438 4439 4444
f 4438 4444 4246
f 4455 4454 4449
f 4455 4449 4450
f 4454 4250 4249
f 4454 4249 4449
f 4450 4449 4444
f 4450 4444 4445
f 4449 4249 4246
f 4449 4246 4444
f 4091 4090 4087
f 4091 4087 4248
f 4248 4087 4086
f 4248 4086 4245
f 4250 4091 4248
f 4250 4248 4249
f 4249 4248 4245
f 4249 4245 4246
f 3134 3395 3397
f 3134 3397 3135
f 3395 3553 3554
f 3395 3554 3397
f 3135 3397 3399
f 3135 3399 3136
f 3397 3554 3555
f 3397 3555 3399
f 3918 4083 4084
f 3918 4084 3920
f 3920 4084 4086
f 3920 4086 3922
f 3553 3918 3920
f 3553 3920 3554
f 3554 3920 3922
f 3554 3922 3555
f 4090 3735 3924
f 4090 3924 4087
f 3735 3557 3556
f 3735 3556 3924
f 4087 3924 3922
f 4087 3922 4086
f 3924 3556 3555
f 3924 3555 3922
f 3402 3138 3137
f 3402 3137 3401
f 3401 3137 3136
f 3401 3136 3399
f 3557 3402 3401
f 3557 3401 3556
f 3556 3401 3399
f 3556 3399 3555
f 2503 2594 2596
f 2503 2596 2505
f 2594 2774 2776
f 2594 2776 2596
f 2505 2596 2598
f 2505 2598 2507
f 2596 2776 2778
f 2596 2778 2598
f 2999 3134 3135
f 2999 3135 3001
f 3001 3135 3136
f 3001 3136 3003
f 2774 2999 3001
f 2774 3001 2776
f 2776 3001 3003
f 2776 3003 2778
f 3138 3006 3005
f 3138 3005 3137
f 3006 2781 2780
f 3006 2780 3005
f 3137 3005 3003
f 3137 3003 3136
f 3005 2780 2778
f 3005 2778 3003
f 2678 2510 2509
f 2678 2509 2600
f 2600 2509 2507
f 2600 2507 2598
f 2781 2678 2600
f 2781 2600 2780
f 2780 2600 2598
f 2780 2598 2778
f 4605 4606 4804
f 4606 4621 4805
f 4606 4805 4804
f 4605 4804 4803
f 4804 4805 4817
f 4622 4636 4635
f 4622 4635 4819
f 4819 4635 4833
f 4819 4833 4818
f 4621 4622 4819
f 4621 4819 4805
f 4805 4819 4818
f 4805 4818 4817
f 4832 4831 4818
f 4832 4818 4833
f 4831 4816 4817
f 4831 4817 4818
f 4816 4815 4803
f 4816 4803 4804
f 4816 4804 4817
f 4814 4813 4802
f 4814 4802 4815
f 4813 4634 4802
f 4815 4802 4620
f 4815 4620 4803
f 4802 4634 4618
f 4802 4618 4620
f 4633 4632 4631
f 4633 4631 4617
f 4634 4633 4617
f 4634 4617 4618
f 4601 4602 4617
f 4601 4617 4616
f 4602 4603 4619
f 4602 4619 4617
f 4616 4617 4631
f 4617 4619 4618
f 4604 4605 4803
f 4604 4803 4620
f 4603 4604 4619
f 4619 4604 4620
f 4619 4620 4618
f 3122 3378 3386
f 3122 3386 3128
f 3378 3540 3547
f 3378 3547 3386
f 3128 3386 3391
f 3128 3391 3132
f 3386 3547 3551
f 3386 3551 3391
f 3714 3901 3908
f 3714 3908 3722
f 3722 3908 4079
f 3722 4079 3728
f 3540 3714 3722
f 3540 3722 3547
f 3547 3722 3728
f 3547 3728 3551
f 4083 3918 3916
f 4083 3916 4082
f 3918 3553 3552
f 3918 3552 3916
f 4082 3916 3728
f 4082 3728 4079
f 3916 3552 3551
f 3916 3551 3728
f 3395 3134 3133
f 3395 3133 3393
f 3393 3133 3132
f 3393 3132 3391
f 3553 3395 3393
f 3553 3393 3552
f 3552 3393 3391
f 3552 3391 3551
f 3122 3128 2991
f 3122 2991 2985
f 3128 3132 2995
f 3128 2995 2991
f 2985 2991 2766
f 2985 2766 2760
f 2991 2995 2770
f 2991 2770 2766
f 3133 3134 2999
f 3133 2999 2997
f 2997 2999 2774
f 2997 2774 2772
f 3132 3133 2997
f 3132 2997 2995
f 2995 2997 2772
f 2995 2772 2770
f 2503 2501 2592
f 2503 2592 2594
f 2501 2499 2590
f 2501 2590 2592
f 2594 2592 2772
f 2594 2772 2774
f 2592 2590 2770
f 2592 2770 2772
f 2495 2488 2580
f 2495 2580 2586
f 2586 2580 2760
f 2586 2760 2766
f 2499 2495 2586
f 2499 2586 2590
f 2590 2586 2766
f 2590 2766 2770
f 3695 3875 3880
f 3695 3880 3701
f 3875 3876 4038
f 3875 4038 3880
f 3701 3880 3887
f 3701 3887 3886
f 3880 4038 4051
f 3880 4051 3887
f 4030 4031 4182
f 4030 4182 4039
f 4039 4182 4190
f 4039 4190 4189
f 3876 4030 4039
f 3876 4039 4038
f 4038 4039 4189
f 4038 4189 4051
f 4375 4213 4200
f 4375 4200 4201
f 4213 4212 4055
f 4213 4055 4200
f 4201 4200 4189
f 4201 4189 4190
f 4200 4055 4051
f 4200 4051 4189
f 4059 3901 3895
f 4059 3895 4054
f 4054 3895 3886
f 4054 3886 3887
f 4212 4059 4054
f 4212 4054 4055
f 4055 4054 3887
f 4055 3887 4051
f 3099 3229 3235
f 3099 3235 3105
f 3229 3357 3364
f 3229 3364 3235
f 3105 3235 3240
f 3105 3240 3111
f 3235 3364 3367
f 3235 3367 3240
f 3516 3695 3701
f 3516 3701 3524
f 3524 3701 3886
f 3524 3886 3705
f 3357 3516 3524
f 3357 3524 3364
f 3364 3524 3705
f 3364 3705 3367
f 3901 3714 3711
f 3901 3711 3895
f 3714 3540 3535
f 3714 3535 3711
f 3895 3711 3705
f 3895 3705 3886
f 3711 3535 3367
f 3711 3367 3705
f 3378 3122 3117
f 3378 3117 3246
f 3246 3117 3111
f 3246 3111 3240
f 3540 3378 3246
f 3540 3246 3535
f 3535 3246 3240
f 3535 3240 3367
f 3099 3105 2969
f 3099 2969 2966
f 3105 3111 2858
f 3105 2858 2969
f 2966 2969 2745
f 2966 2745 2743
f 2969 2858 2749
f 2969 2749 2745
f 3117 3122 2985
f 3117 2985 2979
f 2979 2985 2760
f 2979 2760 2753
f 3111 3117 2979
f 3111 2979 2858
f 2858 2979 2753
f 2858 2753 2749
f 2488 2482 2666
f 2488 2666 2580
f 2482 2476 2662
f 2482 2662 2666
f 2580 2666 2753
f 2580 2753 2760
f 2666 2662 2749
f 2666 2749 2753
f 2472 2564 2649
f 2472 2649 2657
f 2657 2649 2743
f 2657 2743 2745
f 2476 2472 2657
f 2476 2657 2662
f 2662 2657 2745
f 2662 2745 2749
f 3344 3348 3507
f 3344 3507 3501
f 3348 3349 3512
f 3348 3512 3507
f 3501 3507 3506
f 3501 3506 3500
f 3507 3512 3685
f 3507 3685 3506
f 3353 3354 3517
f 3353 3517 3513
f 3513 3517 3692
f 3513 3692 3685
f 3349 3353 3513
f 3349 3513 3512
f 3512 3513 3685
f 3872 3871 3690
f 3872 3690 3691
f 3871 3865 3684
f 3871 3684 3690
f 3691 3690 3685
f 3691 3685 3692
f 3690 3684 3685
f 3679 3500 3506
f 3865 3854 3679
f 3865 3679 3684
f 3684 3679 3506
f 3684 3506 3685
f 3695 3516 3511
f 3695 3511 3689
f 3516 3357 3352
f 3516 3352 3511
f 3689 3511 3682
f 3511 3352 3347
f 3229 3099 3096
f 3229 3096 3224
f 3224 3096 3090
f 3224 3090 3219
f 3357 3229 3224
f 3357 3224 3352
f 3352 3224 3219
f 3352 3219 3347
f 3213 3342 3220
f 3213 3220 3212
f 3342 3347 3220
f 3212 3220 3219
f 3212 3219 3090
f 3220 3347 3219
f 3498 3670 3677
f 3498 3677 3505
f 3505 3677 3682
f 3505 3682 3511
f 3342 3498 3505
f 3342 3505 3347
f 3347 3505 3511
f 2564 2647 2736
f 2564 2736 2649
f 2647 2732 2846
f 2647 2846 2736
f 2649 2736 2851
f 2649 2851 2743
f 2736 2846 2957
f 2736 2957 2851
f 2837 2943 2847
f 2847 2943 3077
f 2847 3077 2951
f 2732 2837 2847
f 2732 2847 2846
f 2846 2847 2951
f 2846 2951 2957
f 3213 3212 3084
f 3213 3084 3085
f 3212 3090 2956
f 3212 2956 3084
f 3085 3084 2951
f 3085 2951 3077
f 3084 2956 2957
f 3084 2957 2951
f 3096 3099 2966
f 3096 2966 2961
f 2961 2966 2743
f 2961 2743 2851
f 3090 3096 2961
f 3090 2961 2956
f 2956 2961 2851
f 2956 2851 2957
f 2947 3079 3073
f 3079 3214 3208
f 3079 3208 3073
f 3214 3344 3343
f 3214 3343 3338
f 3214 3338 3208
f 3333 3203 3208
f 3333 3208 3338
f 3203 3066 3072
f 3203 3072 3073
f 3203 3073 3208
f 2828 2827 2839
f 2829 2925 2924
f 2829 2924 2828
f 2828 2924 2923
f 2828 2923 2934
f 2828 2934 2827
f 2921 2932 2933
f 2921 2933 2922
f 2922 2933 2934
f 2922 2934 2923
f 2933 2827 2934
f 2945 2837 2838
f 2945 2838 2933
f 2933 2838 2839
f 2933 2839 2827
f 2932 2945 2933
f 3213 3206 3336
f 3213 3336 3342
f 3206 3207 3337
f 3206 3337 3336
f 3336 3337 3342
f 3207 3202 3332
f 3207 3332 3337
f 3337 3332 3486
f 3652 3661 3493
f 3652 3493 3487
f 3487 3493 3486
f 3493 3337 3486
f 3671 3670 3498
f 3671 3498 3499
f 3499 3498 3342
f 3661 3671 3499
f 3661 3499 3493
f 3493 3499 3342
f 3493 3342 3337
f 3854 3853 3843
f 3854 3843 3672
f 3853 3852 3842
f 3853 3842 3843
f 3672 3843 3833
f 3672 3833 3664
f 3843 3842 3832
f 3843 3832 3833
f 3851 3850 3840
f 3851 3840 3841
f 3841 3840 3830
f 3852 3851 3841
f 3852 3841 3842
f 3842 3841 3832
f 3821 3822 3831
f 3821 3831 3830
f 3822 3823 3832
f 3822 3832 3831
f 3830 3831 3841
f 3831 3832 3841
f 3824 3655 3664
f 3824 3664 3833
f 3823 3824 3833
f 3823 3833 3832
f 3066 3203 3198
f 3066 3198 3197
f 3333 3488 3483
f 3333 3483 3328
f 3203 3333 3328
f 3203 3328 3198
f 3477 3323 3324
f 3477 3324 3478
f 3478 3324 3328
f 3478 3328 3483
f 3324 3198 3328
f 3191 3060 3066
f 3191 3066 3197
f 3323 3191 3324
f 3324 3191 3197
f 3324 3197 3198
f 2925 2915 2914
f 2925 2914 2924
f 2924 2914 2913
f 2924 2913 2923
f 3054 3053 2912
f 3053 3064 2922
f 3053 2922 2912
f 2912 2922 2923
f 2912 2923 2913
f 3064 2921 2922
f 3202 3195 3327
f 3202 3327 3332
f 3332 3327 3481
f 3332 3481 3486
f 3327 3482 3481
f 3327 3315 3469
f 3327 3469 3482
f 3631 3642 3482
f 3631 3482 3469
f 3642 3652 3487
f 3642 3487 3482
f 3482 3487 3486
f 3482 3486 3481
f 3655 3824 3646
f 3646 3824 3815
f 3824 3823 3814
f 3824 3814 3815
f 3822 3821 3812
f 3822 3812 3813
f 3823 3822 3813
f 3823 3813 3814
f 3804 3813 3812
f 3804 3805 3814
f 3804 3814 3813
f 3636 3637 3806
f 3806 3637 3646
f 3806 3646 3815
f 3805 3636 3806
f 3805 3806 3815
f 3805 3815 3814
f 3060 3191 3190
f 3191 3323 3190
f 3476 3322 3323
f 3476 3323 3477
f 3322 3190 3323
f 2912 2913 3054
f 3054 2913 3055
f 2914 2915 3057
f 2914 3057 3056
f 2913 2914 3056
f 2913 3056 3055
f 3186 3185 3055
f 3055 3185 3054
f 3631 3469 3470
f 3469 3315 3470
f 3316 3471 3470
f 3316 3470 3315
f 3636 3805 3635
f 3805 3804 3634
f 3805 3634 3635
f 3344 3501 3343
f 3343 3501 3494
f 3343 3494 3338
f 3501 3500 3494
f 3679 3854 3672
f 3679 3672 3673
f 3673 3672 3664
f 3673 3664 3665
f 3500 3679 3673
f 3500 3673 3665
f 3500 3665 3494
f 3655 3656 3665
f 3655 3665 3664
f 3656 3666 3665
f 3665 3666 3494
f 3488 3333 3338
f 3488 3338 3494
f 3656 3488 3666
f 3666 3488 3494
f 3488 3656 3647
f 3488 3647 3483
f 3656 3655 3646
f 3656 3646 3647
f 3637 3647 3646
f 3637 3638 3647
f 3477 3478 3483
f 3638 3477 3483
f 3638 3483 3647
f 3637 3476 3638
f 3636 3475 3476
f 3637 3636 3476
f 3477 3638 3476
f 2830 2832 2936
f 2829 2830 2935
f 2830 2936 2935
f 2946 2947 3073
f 2946 3073 2937
f 2832 2946 2937
f 2832 2937 2936
f 3066 2928 2937
f 3066 2937 3072
f 2928 2927 2936
f 2928 2936 2937
f 3072 2937 3073
f 2926 2925 2829
f 2926 2829 2935
f 2927 2926 2935
f 2927 2935 2936
f 2928 3066 3065
f 2927 2928 3065
f 3059 2916 2917
f 3060 3059 3065
f 3060 3065 3066
f 3059 2917 2927
f 3059 2927 3065
f 2916 2915 2925
f 2916 2925 2926
f 2917 2916 2926
f 2917 2926 2927
f 3060 3190 3059
f 3059 3058 2916
f 3190 3189 3059
f 3059 3189 3058
f 3188 3057 3058
f 3188 3058 3189
f 3057 2915 2916
f 3057 2916 3058
f 2837 2945 2944
f 2837 2944 2943
f 2945 2932 3071
f 2945 3071 2944
f 2943 2944 3077
f 2944 3071 3078
f 2944 3078 3077
f 2932 2921 3071
f 3202 3207 3078
f 3202 3078 3071
f 3206 3213 3085
f 3206 3085 3077
f 3207 3206 3077
f 3207 3077 3078
f 2921 3064 3071
f 3071 3064 3063
f 3064 3196 3063
f 3064 3053 3183
f 3064 3183 3196
f 3315 3327 3196
f 3315 3196 3183
f 3195 3202 3071
f 3195 3071 3063
f 3327 3195 3196
f 3196 3195 3063
f 3054 3184 3053
f 3053 3184 3183
f 3054 3185 3184
f 3316 3315 3184
f 3317 3316 3184
f 3317 3184 3185
f 3315 3183 3184
f 3670 3671 3678
f 3671 3661 3662
f 3678 3671 3838
f 3678 3838 3848
f 3671 3662 3838
f 3661 3652 3653
f 3661 3653 3662
f 3662 3653 3654
f 3662 3654 3663
f 3821 3830 3829
f 3821 3829 3663
f 3821 3663 3654
f 3829 3662 3663
f 3840 3850 3849
f 3840 3849 3839
f 3839 3849 3848
f 3839 3848 3838
f 3830 3840 3839
f 3830 3839 3829
f 3829 3839 3838
f 3829 3838 3662
f 3652 3642 3643
f 3652 3643 3653
f 3653 3643 3654
f 3643 3644 3654
f 3642 3631 3643
f 3643 3631 3632
f 3643 3632 3644
f 3634 3804 3633
f 3804 3812 3645
f 3804 3645 3633
f 3633 3645 3644
f 3633 3644 3632
f 3812 3821 3645
f 3645 3821 3654
f 3645 3654 3644
f 3631 3470 3632
f 3471 3472 3632
f 3470 3471 3632
f 3633 3632 3472
f 4031 4030 4023
f 4031 4023 4024
f 4030 3876 3869
f 4030 3869 4023
f 4024 4023 3860
f 4024 3860 3861
f 4023 3869 3859
f 4023 3859 3860
f 3875 3695 3689
f 3875 3689 3868
f 3868 3689 3682
f 3868 3682 3683
f 3876 3875 3868
f 3876 3868 3869
f 3869 3868 3683
f 3869 3683 3859
f 3670 3678 3677
f 3677 3678 3683
f 3677 3683 3682
f 3678 3848 3859
f 3678 3859 3683
f 3849 3850 3861
f 3849 3861 3860
f 3848 3849 3860
f 3848 3860 3859
f 2947 2948 3086
f 2947 3086 3079
f 2948 2952 3086
f 3079 3086 3087
f 3079 3087 3214
f 3086 2952 3091
f 3086 3091 3087
f 2848 2737 2962
f 2848 2962 2958
f 2958 2962 3097
f 2958 3097 3092
f 2952 2848 2958
f 2952 2958 3092
f 2952 3092 3091
f 3354 3353 3225
f 3354 3225 3226
f 3353 3349 3221
f 3353 3221 3225
f 3226 3225 3092
f 3226 3092 3097
f 3225 3221 3091
f 3225 3091 3092
f 3348 3344 3214
f 3348 3214 3215
f 3215 3214 3087
f 3349 3348 3215
f 3349 3215 3221
f 3221 3215 3087
f 3221 3087 3091
f 2837 2732 2733
f 2837 2733 2838
f 2838 2723 2839
f 2838 2733 2723
f 2647 2564 2559
f 2647 2559 2642
f 2642 2559 2550
f 2642 2550 2635
f 2732 2647 2642
f 2732 2642 2733
f 2733 2642 2635
f 2733 2635 2723
f 2637 2725 2636
f 2725 2724 2636
f 2636 2635 2550
f 2636 2724 2723
f 2636 2723 2635
f 2829 2828 2724
f 2724 2828 2839
f 2724 2839 2723
f 2725 2829 2724
f 3429 3279 3161
f 3429 3161 3292
f 3279 3022 3031
f 3279 3031 3161
f 3292 3161 3160
f 3292 3160 3291
f 3161 3031 3030
f 3161 3030 3160
f 2883 2793 2798
f 2883 2798 2892
f 2892 2798 2701
f 2892 2701 2891
f 3022 2883 2892
f 3022 2892 3031
f 3031 2892 2891
f 3031 2891 3030
f 2706 2804 2900
f 2706 2900 2707
f 2804 2899 3038
f 2804 3038 2900
f 2707 2900 2891
f 2707 2891 2701
f 2900 3038 3030
f 2900 3030 2891
f 3037 3158 3290
f 3037 3290 3159
f 3159 3290 3291
f 3159 3291 3160
f 2899 3037 3159
f 2899 3159 3038
f 3038 3159 3160
f 3038 3160 3030
f 2706 2705 2803
f 2706 2803 2804
f 2705 2704 2802
f 2705 2802 2803
f 2804 2803 2898
f 2804 2898 2899
f 2803 2802 2896
f 2803 2896 2898
f 2617 2616 2700
f 2617 2700 2797
f 2797 2700 2889
f 2797 2889 2890
f 2704 2617 2797
f 2704 2797 2802
f 2802 2797 2890
f 2802 2890 2896
f 3155 3156 3029
f 3155 3029 3028
f 3156 3157 3035
f 3156 3035 3029
f 3028 3029 2890
f 3028 2890 2889
f 3029 3035 2896
f 3029 2896 2890
f 3166 3158 3037
f 3166 3037 3036
f 3036 3037 2899
f 3036 2899 2898
f 3157 3166 3036
f 3157 3036 3035
f 3035 3036 2898
f 3035 2898 2896
f 3410 3270 3269
f 3410 3269 3414
f 3270 3143 3269
f 3414 3269 3275
f 3414 3275 3413
f 3269 3143 3146
f 3269 3146 3275
f 3015 2790 2789
f 3015 2789 2872
f 2872 2789 2792
f 2872 2792 2877
f 3143 3015 2872
f 3143 2872 2877
f 3143 2877 3146
f 2793 2883 2884
f 2793 2884 2794
f 2883 3022 3023
f 2883 3023 2884
f 2794 2884 2877
f 2794 2877 2792
f 2884 3023 3146
f 2884 3146 2877
f 3279 3429 3420
f 3279 3420 3274
f 3274 3420 3413
f 3274 3413 3275
f 3022 3279 3274
f 3022 3274 3023
f 3023 3274 3275
f 3023 3275 3146
f 3888 3892 4052
f 3888 4052 4047
f 3892 3896 4056
f 3892 4056 4052
f 4047 4052 4203
f 4047 4203 4196
f 4052 4056 4204
f 4052 4204 4203
f 3897 3902 4062
f 3897 4062 4061
f 4061 4062 4065
f 4061 4065 4060
f 3896 3897 4061
f 3896 4061 4056
f 4056 4061 4060
f 4056 4060 4204
f 4219 4382 4209
f 4219 4209 4214
f 4382 4373 4208
f 4382 4208 4209
f 4214 4209 4060
f 4214 4060 4065
f 4209 4208 4204
f 4209 4204 4060
f 4372 4360 4195
f 4372 4195 4202
f 4202 4195 4196
f 4202 4196 4203
f 4373 4372 4202
f 4373 4202 4208
f 4208 4202 4203
f 4208 4203 4204
f 2637 2638 2727
f 2637 2727 2725
f 2638 2639 2728
f 2638 2728 2727
f 2725 2727 2726
f 2727 2728 2842
f 2727 2842 2726
f 2734 2737 2848
f 2734 2848 2952
f 2734 2952 2843
f 2639 2734 2728
f 2728 2734 2843
f 2728 2843 2842
f 2946 2832 2841
f 2946 2841 2947
f 2948 2947 2843
f 2948 2843 2952
f 2947 2841 2842
f 2947 2842 2843
f 2830 2829 2840
f 2840 2829 2725
f 2840 2725 2726
f 2832 2830 2840
f 2832 2840 2841
f 2841 2840 2726
f 2841 2726 2842
f 1658 1663 1473
f 1658 1473 1466
f 1663 1838 1476
f 1663 1476 1473
f 1466 1473 1260
f 1466 1260 1253
f 1473 1476 1265
f 1473 1265 1260
f 1842 1845 1677
f 1842 1677 1672
f 1672 1677 1487
f 1672 1487 1484
f 1838 1842 1672
f 1838 1672 1476
f 1476 1672 1484
f 1476 1484 1265
f 1041 1035 1269
f 1041 1269 1279
f 1035 1031 1030
f 1035 1030 1269
f 1279 1269 1484
f 1279 1484 1487
f 1269 1030 1265
f 1269 1265 1484
f 813 809 1018
f 813 1018 1027
f 1027 1018 1253
f 1027 1253 1260
f 1031 813 1027
f 1031 1027 1030
f 1030 1027 1260
f 1030 1260 1265
f 1845 1842 1992
f 1845 1992 1996
f 1842 1838 1989
f 1842 1989 1992
f 1996 1992 2139
f 1996 2139 2279
f 1992 1989 2136
f 1992 2136 2139
f 1663 1658 1829
f 1663 1829 1986
f 1986 1829 2131
f 1986 2131 2134
f 1838 1663 1986
f 1838 1986 1989
f 1989 1986 2134
f 1989 2134 2136
f 2510 2512 2388
f 2510 2388 2269
f 2512 2515 2389
f 2512 2389 2388
f 2269 2388 2134
f 2269 2134 2131
f 2388 2389 2136
f 2388 2136 2134
f 2516 2605 2398
f 2516 2398 2390
f 2390 2398 2279
f 2390 2279 2139
f 2515 2516 2390
f 2515 2390 2389
f 2389 2390 2139
f 2389 2139 2136
f 585 584 591
f 584 421 590
f 584 590 591
f 585 591 592
f 585 592 771
f 421 433 434
f 421 434 596
f 596 434 605
f 596 605 597
f 421 596 590
f 590 596 597
f 590 597 591
f 786 781 598
f 786 598 606
f 781 782 780
f 781 780 598
f 606 598 597
f 606 597 605
f 598 780 591
f 598 591 597
f 775 987 772
f 775 772 774
f 774 772 771
f 774 771 592
f 782 775 774
f 782 774 780
f 780 774 592
f 780 592 591
f 809 640 629
f 809 629 803
f 640 641 630
f 640 630 629
f 803 629 616
f 803 616 615
f 629 630 462
f 629 462 616
f 642 643 479
f 642 479 631
f 631 479 471
f 631 471 470
f 641 642 631
f 641 631 630
f 630 631 470
f 630 470 462
f 452 451 463
f 452 463 464
f 451 438 450
f 451 450 463
f 464 463 470
f 464 470 471
f 463 450 462
f 463 462 470
f 437 595 603
f 437 603 609
f 609 603 615
f 609 615 616
f 438 437 609
f 438 609 450
f 450 609 616
f 450 616 462
f 1654 1655 1232
f 1654 1232 1227
f 1655 1656 1239
f 1655 1239 1232
f 1227 1232 997
f 1227 997 992
f 1232 1239 1004
f 1232 1004 997
f 1657 1658 1466
f 1657 1466 1463
f 1463 1466 1253
f 1463 1253 1013
f 1656 1657 1463
f 1656 1463 1239
f 1239 1463 1013
f 1239 1013 1004
f 809 803 802
f 809 802 1018
f 803 615 794
f 803 794 802
f 1018 802 1013
f 1018 1013 1253
f 802 794 1004
f 802 1004 1013
f 603 595 779
f 603 779 785
f 785 779 992
f 785 992 997
f 615 603 785
f 615 785 794
f 794 785 997
f 794 997 1004
f 2503 2505 2264
f 2503 2264 2262
f 2505 2507 2266
f 2505 2266 2264
f 2262 2264 2128
f 2262 2128 2127
f 2264 2266 2129
f 2264 2129 2128
f 2509 2510 2269
f 2509 2269 2268
f 2268 2269 2131
f 2268 2131 2130
f 2507 2509 2268
f 2507 2268 2266
f 2266 2268 2130
f 2266 2130 2129
f 1658 1657 1828
f 1658 1828 1829
f 1657 1656 1826
f 1657 1826 1828
f 1829 1828 2130
f 1829 2130 2131
f 1828 1826 2129
f 1828 2129 2130
f 1655 1654 1822
f 1655 1822 1824
f 1824 1822 2127
f 1824 2127 2128
f 1656 1655 1824
f 1656 1824 1826
f 1826 1824 2128
f 1826 2128 2129
f 722 744 745
f 722 745 734
f 744 760 567
f 744 567 745
f 734 745 559
f 734 559 746
f 745 567 568
f 745 568 559
f 582 595 589
f 582 589 583
f 583 589 402
f 583 402 575
f 760 582 583
f 760 583 567
f 567 583 575
f 567 575 568
f 404 394 393
f 404 393 403
f 394 570 569
f 394 569 393
f 403 393 575
f 403 575 402
f 393 569 568
f 393 568 575
f 561 551 550
f 561 550 560
f 560 550 746
f 560 746 559
f 570 561 560
f 570 560 569
f 569 560 559
f 569 559 568
f 1632 1639 1439
f 1632 1439 1432
f 1639 1647 1446
f 1639 1446 1439
f 1432 1439 1201
f 1432 1201 1192
f 1439 1446 973
f 1439 973 1201
f 1653 1654 1227
f 1653 1227 1217
f 1217 1227 992
f 1217 992 982
f 1647 1653 1217
f 1647 1217 1446
f 1446 1217 982
f 1446 982 973
f 595 582 770
f 595 770 779
f 582 760 759
f 582 759 770
f 779 770 982
f 779 982 992
f 770 759 973
f 770 973 982
f 744 722 952
f 744 952 963
f 963 952 1192
f 963 1192 1201
f 760 744 963
f 760 963 759
f 759 963 1201
f 759 1201 973
f 1632 1969 1808
f 1632 1808 1639
f 1969 2113 2119
f 1969 2119 1808
f 1639 1808 1815
f 1639 1815 1647
f 1808 2119 2125
f 1808 2125 1815
f 2246 2488 2495
f 2246 2495 2253
f 2253 2495 2499
f 2253 2499 2258
f 2113 2246 2253
f 2113 2253 2119
f 2119 2253 2258
f 2119 2258 2125
f 2503 2262 2260
f 2503 2260 2501
f 2262 2127 2126
f 2262 2126 2260
f 2501 2260 2258
f 2501 2258 2499
f 2260 2126 2125
f 2260 2125 2258
f 1822 1654 1653
f 1822 1653 1820
f 1820 1653 1647
f 1820 1647 1815
f 2127 1822 1820
f 2127 1820 2126
f 2126 1820 1815
f 2126 1815 2125
f 938 939 929
f 938 929 928
f 939 930 1174
f 939 1174 929
f 928 929 1166
f 928 1166 918
f 929 1174 1167
f 929 1167 1166
f 1180 1181 1176
f 1180 1176 1175
f 1175 1176 1416
f 1175 1416 1168
f 930 1180 1175
f 930 1175 1174
f 1174 1175 1168
f 1174 1168 1167
f 1610 1409 1410
f 1409 1408 1161
f 1410 1409 1168
f 1410 1168 1416
f 1409 1161 1167
f 1409 1167 1168
f 1160 1159 918
f 1160 918 1166
f 1408 1160 1161
f 1161 1160 1166
f 1161 1166 1167
f 1154 1164 1165
f 1154 1165 1155
f 1164 1173 925
f 1164 925 1165
f 1155 1165 916
f 1155 916 1156
f 1165 925 926
f 1165 926 916
f 945 722 711
f 945 711 935
f 935 711 712
f 935 712 936
f 1173 945 935
f 1173 935 925
f 925 935 936
f 925 936 926
f 938 928 927
f 938 927 937
f 928 918 917
f 928 917 927
f 937 927 936
f 937 936 712
f 927 917 926
f 927 926 936
f 1159 1158 1157
f 1157 1158 1156
f 1157 1156 916
f 918 1159 1157
f 918 1157 917
f 917 1157 916
f 917 916 926
f 722 945 1186
f 722 1186 952
f 945 1173 1172
f 945 1172 1186
f 952 1186 1185
f 952 1185 1192
f 1186 1172 1419
f 1186 1419 1185
f 1164 1154 1401
f 1164 1401 1415
f 1415 1401 1606
f 1415 1606 1414
f 1173 1164 1415
f 1173 1415 1172
f 1172 1415 1414
f 1172 1414 1419
f 1778 1784 1609
f 1778 1609 1605
f 1784 1790 1619
f 1784 1619 1609
f 1605 1609 1414
f 1605 1414 1606
f 1609 1619 1419
f 1609 1419 1414
f 1798 1632 1432
f 1798 1432 1428
f 1428 1432 1192
f 1428 1192 1185
f 1790 1798 1428
f 1790 1428 1619
f 1619 1428 1185
f 1619 1185 1419
f 1778 2091 1953
f 1778 1953 1784
f 2091 2229 2232
f 2091 2232 1953
f 1784 1953 1959
f 1784 1959 1790
f 1953 2232 2102
f 1953 2102 1959
f 2361 2564 2472
f 2361 2472 2365
f 2365 2472 2476
f 2365 2476 2373
f 2229 2361 2365
f 2229 2365 2232
f 2232 2365 2373
f 2232 2373 2102
f 2488 2246 2376
f 2488 2376 2482
f 2246 2113 2107
f 2246 2107 2376
f 2482 2376 2373
f 2482 2373 2476
f 2376 2107 2102
f 2376 2102 2373
f 1969 1632 1798
f 1969 1798 1963
f 1963 1798 1790
f 1963 1790 1959
f 2113 1969 1963
f 2113 1963 2107
f 2107 1963 1959
f 2107 1959 2102
f 2079 1936 2083
f 2079 2083 2222
f 1936 1940 2083
f 2222 2083 2084
f 2222 2084 2223
f 2083 1940 1944
f 2083 1944 2084
f 1772 1595 1773
f 1773 1595 1602
f 1773 1602 1777
f 1936 1772 1773
f 1936 1773 1940
f 1940 1773 1777
f 1940 1777 1944
f 1610 1780 1779
f 1610 1779 1607
f 1780 1949 1945
f 1780 1945 1779
f 1607 1779 1777
f 1607 1777 1602
f 1779 1945 1944
f 1779 1944 1777
f 2092 2226 2088
f 2088 2226 2223
f 2088 2223 2084
f 1949 2092 2088
f 1949 2088 1945
f 1945 2088 2084
f 1945 2084 1944
f 1154 1402 1393
f 1154 1393 1401
f 1402 1394 1393
f 1401 1393 1600
f 1401 1600 1606
f 1393 1592 1600
f 1383 1371 1382
f 1382 1371 1584
f 1382 1584 1593
f 1394 1383 1382
f 1394 1382 1393
f 1393 1382 1593
f 1393 1593 1592
f 1767 1766 1771
f 1766 1939 1771
f 1767 1771 1593
f 1767 1593 1584
f 1771 1592 1593
f 1943 1778 1605
f 1943 1605 1776
f 1776 1605 1606
f 1776 1606 1600
f 1939 1943 1776
f 1939 1776 1771
f 1771 1776 1600
f 1771 1600 1592
f 1778 1943 2087
f 1778 2087 2091
f 1943 1939 2087
f 2091 2087 2221
f 2091 2221 2229
f 2087 1939 2082
f 2087 2082 2221
f 1766 1767 1935
f 1766 1935 1934
f 1934 1935 2071
f 1934 2071 2078
f 1939 1766 1934
f 1939 1934 2078
f 1939 2078 2082
f 2210 2343 2217
f 2210 2217 2209
f 2343 2352 2216
f 2343 2216 2217
f 2209 2217 2078
f 2209 2078 2071
f 2217 2216 2082
f 2217 2082 2078
f 2462 2564 2361
f 2462 2361 2356
f 2356 2361 2229
f 2356 2229 2221
f 2352 2462 2356
f 2352 2356 2216
f 2216 2356 2221
f 2216 2221 2082
f 2450 2338 2347
f 2347 2212 2348
f 2347 2338 2212
f 2337 2325 2203
f 2337 2203 2338
f 2338 2203 2204
f 2338 2204 2212
f 2066 2074 2073
f 2066 2073 2212
f 2066 2212 2204
f 2074 2079 2218
f 2074 2218 2213
f 2213 2218 2348
f 2213 2348 2212
f 2074 2213 2073
f 2073 2213 2212
f 2434 2433 2332
f 2433 2346 2331
f 2433 2331 2332
f 2434 2332 2333
f 2345 2210 2211
f 2345 2211 2330
f 2330 2211 2201
f 2330 2201 2202
f 2346 2345 2330
f 2346 2330 2331
f 2331 2330 2202
f 2193 2194 2202
f 2193 2202 2201
f 2194 2320 2332
f 2194 2332 2202
f 2202 2332 2331
f 2320 2321 2333
f 2320 2333 2332
f 1767 1761 1760
f 1767 1584 1761
f 1761 1584 1579
f 1371 1372 1585
f 1585 1372 1359
f 1585 1359 1579
f 1584 1371 1585
f 1584 1585 1579
f 1349 1571 1579
f 1349 1579 1359
f 1571 1570 1579
f 1570 1755 1754
f 1570 1754 1761
f 1570 1761 1579
f 1595 1587 1586
f 1595 1586 1594
f 1587 1580 1586
f 1594 1586 1378
f 1594 1378 1390
f 1586 1580 1365
f 1586 1365 1378
f 1580 1573 1355
f 1580 1355 1365
f 1353 1363 1364
f 1353 1364 1354
f 1363 1377 1364
f 1354 1364 1365
f 1354 1365 1355
f 1364 1377 1365
f 1376 1388 1389
f 1376 1389 1377
f 1377 1389 1390
f 1377 1390 1378
f 1363 1376 1377
f 1377 1378 1365
f 2325 2197 2203
f 2325 2196 2197
f 2203 2197 2204
f 2190 2189 2052
f 2196 2189 2190
f 2196 2190 2197
f 2197 2190 2052
f 2197 2052 2058
f 1914 2053 2052
f 1914 1919 2059
f 1914 2059 2053
f 2053 2059 2058
f 2053 2058 2052
f 1919 1924 2066
f 1919 2066 2059
f 2059 2066 2204
f 2059 2204 2197
f 2059 2197 2058
f 2321 2320 2195
f 2194 2193 2057
f 2320 2194 2195
f 2045 2183 2194
f 2045 2194 2057
f 2183 2184 2195
f 2183 2195 2194
f 2184 2312 2321
f 2184 2321 2195
f 1754 1755 1750
f 1754 1750 1749
f 1755 1570 1562
f 1755 1562 1750
f 1571 1349 1340
f 1571 1340 1563
f 1563 1340 1341
f 1570 1571 1563
f 1570 1563 1562
f 1551 1550 1563
f 1551 1563 1341
f 1550 1549 1562
f 1550 1562 1563
f 1550 1737 1549
f 1549 1737 1750
f 1549 1750 1562
f 1573 1565 1572
f 1565 1564 1572
f 1573 1572 1355
f 1565 1557 1556
f 1565 1556 1564
f 1335 1344 1345
f 1335 1345 1336
f 1336 1345 1564
f 1336 1564 1556
f 1354 1355 1572
f 1344 1353 1354
f 1344 1354 1345
f 1345 1354 1572
f 1345 1572 1564
f 2189 2188 2051
f 2189 2051 2052
f 2188 2050 2051
f 1912 1913 2051
f 1913 1914 2052
f 1913 2052 2051
f 2045 2184 2183
f 2045 2046 2184
f 2046 2047 2184
f 2048 2186 2185
f 2048 2185 2047
f 2185 2184 2047
f 2186 2313 2312
f 2186 2312 2185
f 2185 2312 2184
f 1739 1738 1551
f 1738 1550 1551
f 1738 1737 1550
f 1744 1743 1556
f 1556 1743 1555
f 1335 1336 1555
f 1555 1336 1556
f 1554 1335 1555
f 2079 2074 1936
f 2074 1930 1936
f 1936 1930 1929
f 1924 1756 1762
f 2074 2066 1924
f 2074 1924 1930
f 1930 1924 1762
f 1930 1762 1929
f 1573 1580 1762
f 1573 1762 1756
f 1587 1595 1772
f 1587 1772 1768
f 1768 1772 1936
f 1580 1587 1768
f 1580 1768 1762
f 1762 1768 1936
f 1762 1936 1929
f 1924 1919 1751
f 1924 1751 1756
f 1919 1914 1746
f 1919 1746 1751
f 1557 1565 1751
f 1557 1751 1745
f 1745 1751 1746
f 1565 1573 1756
f 1565 1756 1751
f 1557 1745 1556
f 1746 1914 1913
f 1746 1913 1745
f 1912 1744 1913
f 1913 1744 1745
f 1744 1556 1745
f 2434 2435 2436
f 2434 2333 2334
f 2434 2334 2435
f 2436 2435 2437
f 2435 2334 2335
f 2435 2335 2437
f 2333 2321 2322
f 2333 2322 2334
f 2334 2322 2323
f 2334 2323 2335
f 2325 2337 2336
f 2325 2336 2324
f 2324 2336 2335
f 2324 2335 2323
f 2338 2450 2449
f 2338 2449 2337
f 2337 2449 2437
f 2336 2337 2437
f 2336 2437 2335
f 2321 2312 2313
f 2321 2313 2322
f 2322 2313 2314
f 2322 2314 2323
f 2189 2315 2188
f 2189 2196 2324
f 2189 2324 2315
f 2188 2315 2314
f 2315 2324 2323
f 2315 2323 2314
f 2196 2325 2324
f 2188 2314 2187
f 2314 2313 2187
f 2187 2313 2186
f 2048 2049 2187
f 2048 2187 2186
f 2049 2050 2188
f 2049 2188 2187
f 2210 2209 2072
f 2210 2072 2211
f 2209 2071 2072
f 2211 2072 2064
f 2211 2064 2201
f 1935 1767 1760
f 1935 1760 1927
f 1927 1760 1761
f 1927 1761 1928
f 2071 1935 1927
f 2071 1927 2072
f 2072 1927 1928
f 1754 1923 1928
f 1754 1928 1761
f 1923 2072 1928
f 2065 2193 2201
f 2065 2201 2064
f 1923 2065 2064
f 1923 2064 2072
f 2193 2065 2057
f 2065 1923 1918
f 2065 1918 2057
f 1923 1754 1749
f 1923 1749 1917
f 1917 1749 1750
f 1917 1750 1918
f 1923 1917 1918
f 1737 1905 1918
f 1737 1918 1750
f 2044 2045 2057
f 1905 2044 2057
f 1905 2057 1918
f 2044 1905 2045
f 2045 1905 1906
f 1905 1737 1738
f 1905 1738 1906
f 1739 1907 1906
f 1739 1906 1738
f 1907 2046 1906
f 1906 2046 2045
f 1371 1385 1373
f 1371 1373 1372
f 1385 1386 1374
f 1385 1374 1373
f 1372 1373 1360
f 1372 1360 1359
f 1373 1374 1361
f 1373 1361 1360
f 1387 1388 1376
f 1387 1376 1375
f 1375 1376 1363
f 1375 1363 1362
f 1386 1387 1375
f 1386 1375 1374
f 1374 1375 1362
f 1374 1362 1361
f 1353 1352 1362
f 1353 1362 1363
f 1352 1351 1361
f 1352 1361 1362
f 1350 1349 1359
f 1350 1359 1360
f 1351 1350 1360
f 1351 1360 1361
f 1349 1350 1341
f 1349 1341 1340
f 1350 1351 1341
f 1341 1351 1342
f 1352 1353 1344
f 1352 1344 1343
f 1351 1352 1343
f 1351 1343 1342
f 1335 1334 1343
f 1335 1343 1344
f 1334 1333 1342
f 1334 1342 1343
f 1333 1551 1332
f 1332 1551 1341
f 1333 1332 1341
f 1333 1341 1342
f 1551 1333 1552
f 1552 1333 1553
f 1334 1335 1554
f 1334 1554 1553
f 1333 1334 1553
f 1159 1150 1149
f 1159 1149 1158
f 1150 1142 1141
f 1150 1141 1149
f 1158 1149 1148
f 1158 1148 1156
f 1149 1141 1140
f 1149 1140 1148
f 1395 1388 1387
f 1395 1387 1133
f 1133 1387 1386
f 1133 1386 1132
f 1142 1395 1133
f 1142 1133 1141
f 1141 1133 1132
f 1141 1132 1140
f 1371 1383 1384
f 1371 1384 1385
f 1383 1394 1139
f 1383 1139 1384
f 1385 1384 1132
f 1385 1132 1386
f 1384 1139 1140
f 1384 1140 1132
f 1402 1154 1155
f 1402 1155 1147
f 1147 1155 1156
f 1147 1156 1148
f 1394 1402 1147
f 1394 1147 1139
f 1139 1147 1148
f 1139 1148 1140
f 1594 1390 1397
f 1595 1594 1601
f 1595 1601 1602
f 1594 1397 1398
f 1594 1398 1601
f 1389 1388 1395
f 1389 1395 1396
f 1396 1395 1142
f 1390 1389 1396
f 1390 1396 1397
f 1397 1396 1398
f 1159 1160 1403
f 1159 1403 1150
f 1160 1408 1404
f 1160 1404 1403
f 1150 1403 1396
f 1150 1396 1142
f 1403 1404 1398
f 1403 1398 1396
f 1409 1610 1607
f 1409 1607 1405
f 1405 1607 1602
f 1405 1602 1601
f 1408 1409 1405
f 1408 1405 1404
f 1404 1405 1601
f 1404 1601 1398
f 2450 2347 2458
f 2450 2458 2451
f 2347 2348 2353
f 2347 2353 2458
f 2451 2458 2459
f 2451 2459 2560
f 2458 2353 2463
f 2458 2463 2459
f 2218 2079 2222
f 2218 2222 2219
f 2219 2222 2223
f 2219 2223 2357
f 2348 2218 2219
f 2348 2219 2353
f 2353 2219 2357
f 2353 2357 2463
f 2226 2362 2358
f 2362 2466 2464
f 2362 2464 2358
f 2226 2358 2357
f 2226 2357 2223
f 2358 2464 2463
f 2358 2463 2357
f 2650 2737 2644
f 2650 2644 2563
f 2563 2644 2560
f 2563 2560 2459
f 2466 2650 2563
f 2466 2563 2464
f 2464 2563 2459
f 2464 2459 2463
f 2210 2345 2344
f 2210 2344 2343
f 2345 2346 2444
f 2345 2444 2344
f 2343 2344 2457
f 2343 2457 2352
f 2344 2444 2443
f 2344 2443 2457
f 2433 2434 2446
f 2446 2434 2553
f 2446 2553 2445
f 2346 2433 2446
f 2346 2446 2444
f 2444 2446 2445
f 2444 2445 2443
f 2637 2636 2552
f 2637 2552 2553
f 2636 2550 2551
f 2636 2551 2552
f 2553 2552 2445
f 2552 2551 2443
f 2552 2443 2445
f 2559 2564 2462
f 2559 2462 2456
f 2456 2462 2352
f 2456 2352 2457
f 2550 2559 2456
f 2550 2456 2551
f 2551 2456 2457
f 2551 2457 2443
f 2706 2707 2625
f 2706 2625 2624
f 2707 2701 2618
f 2707 2618 2625
f 2624 2625 2529
f 2624 2529 2537
f 2625 2618 2530
f 2625 2530 2529
f 2798 2793 2694
f 2798 2694 2619
f 2619 2694 2525
f 2619 2525 2531
f 2701 2798 2619
f 2701 2619 2618
f 2618 2619 2531
f 2618 2531 2530
f 2286 2285 2409
f 2286 2409 2402
f 2285 2293 2408
f 2285 2408 2409
f 2402 2409 2531
f 2402 2531 2525
f 2409 2408 2530
f 2409 2530 2531
f 2292 2291 2299
f 2292 2299 2407
f 2407 2299 2537
f 2407 2537 2529
f 2293 2292 2407
f 2293 2407 2408
f 2408 2407 2529
f 2408 2529 2530
f 2616 2617 2528
f 2616 2528 2527
f 2617 2704 2536
f 2617 2536 2528
f 2527 2528 2406
f 2527 2406 2405
f 2528 2536 2413
f 2528 2413 2406
f 2705 2706 2624
f 2705 2624 2623
f 2623 2624 2537
f 2623 2537 2414
f 2704 2705 2623
f 2704 2623 2536
f 2536 2623 2414
f 2536 2414 2413
f 2291 2158 2298
f 2291 2298 2299
f 2158 2157 2297
f 2158 2297 2298
f 2299 2298 2414
f 2299 2414 2537
f 2298 2297 2413
f 2298 2413 2414
f 2156 2011 2155
f 2156 2155 2290
f 2290 2155 2405
f 2290 2405 2406
f 2157 2156 2290
f 2157 2290 2297
f 2297 2290 2406
f 2297 2406 2413
f 2864 2756 2761
f 2864 2761 2866
f 2756 2669 2672
f 2756 2672 2761
f 2866 2761 2763
f 2761 2672 2674
f 2761 2674 2763
f 2577 2485 2489
f 2577 2489 2581
f 2581 2489 2583
f 2669 2577 2581
f 2669 2581 2672
f 2672 2581 2583
f 2672 2583 2674
f 2587 2676 2674
f 2587 2674 2583
f 2676 2767 2674
f 2767 2870 2868
f 2767 2868 2763
f 2763 2868 2866
f 2767 2763 2674
f 2854 2661 2856
f 2661 2572 2573
f 2856 2661 2750
f 2856 2750 2859
f 2661 2573 2663
f 2661 2663 2750
f 2477 2371 2374
f 2477 2374 2479
f 2572 2477 2479
f 2572 2479 2573
f 2573 2479 2663
f 2485 2577 2575
f 2485 2575 2483
f 2577 2669 2667
f 2577 2667 2575
f 2483 2575 2479
f 2483 2479 2374
f 2575 2667 2663
f 2575 2663 2479
f 2756 2864 2861
f 2756 2861 2754
f 2754 2861 2859
f 2754 2859 2750
f 2669 2756 2754
f 2669 2754 2667
f 2667 2754 2750
f 2667 2750 2663
f 2637 2553 2638
f 2553 2554 2638
f 2638 2554 2555
f 2638 2555 2639
f 2434 2436 2447
f 2447 2436 2437
f 2447 2437 2448
f 2553 2434 2447
f 2553 2447 2554
f 2554 2447 2448
f 2554 2448 2555
f 2451 2560 2556
f 2451 2556 2450
f 2449 2450 2448
f 2449 2448 2437
f 2450 2556 2555
f 2450 2555 2448
f 2644 2737 2734
f 2644 2734 2643
f 2643 2734 2639
f 2560 2644 2643
f 2560 2643 2556
f 2556 2643 2639
f 2556 2639 2555
f 4875 4891 4874
f 4890 4704 4889
f 4890 4889 4874
f 4891 4890 4874
f 4889 4873 4874
f 4873 4863 4874
f 4864 4875 4874
f 4864 4874 4863
f 4718 4888 4719
f 4703 4886 4887
f 4717 4703 4887
f 4717 4887 4718
f 4718 4887 4888
f 4889 4704 4720
f 4889 4720 4719
f 4888 4889 4719
f 4455 4690 4701
f 4455 4701 4715
f 4715 4701 4702
f 4715 4702 4716
f 4690 4872 4701
f 4701 4885 4702
f 4886 4703 4702
f 4886 4702 4885
f 4703 4717 4702
f 4717 4716 4702
f 4831 4842 4830
f 4842 4841 4830
f 4831 4830 4816
f 4841 4980 4972
f 4841 4972 4829
f 4830 4841 4829
f 4959 4828 4971
f 4971 4828 4829
f 4971 4829 4972
f 4815 4816 4830
f 4828 4814 4815
f 4828 4815 4829
f 4829 4815 4830
f 4632 4633 4645
f 4633 4634 4813
f 4645 4633 4826
f 4633 4813 4827
f 4633 4827 4826
f 4813 4814 4828
f 4813 4828 4827
f 4959 4827 4828
f 4826 4825 4645
f 4656 4667 4440
f 4656 4657 4668
f 4656 4668 4667
f 4440 4667 4678
f 4440 4678 4445
f 4667 4668 4679
f 4667 4679 4678
f 4657 4851 4668
f 4668 4851 4862
f 4668 4862 4679
f 4872 4690 4679
f 4872 4679 4862
f 4690 4455 4450
f 4690 4450 4689
f 4689 4450 4445
f 4689 4445 4678
f 4690 4689 4679
f 4679 4689 4678
f 4889 4888 4994
f 4889 4994 4873
f 4888 4999 5000
f 4888 5000 4994
f 5007 5073 5000
f 5000 5073 5068
f 5000 5068 5069
f 4999 5007 5000
f 5000 5069 4994
f 5121 5117 5064
f 5117 5059 5060
f 5117 5060 5064
f 5121 5064 5069
f 5121 5069 5068
f 5064 5060 4994
f 5064 4994 5069
f 4979 4980 4987
f 5059 4979 4987
f 5059 4987 5060
f 5060 4987 4994
f 4863 4873 4994
f 4863 4994 4987
f 4863 4987 4980
f 4886 4901 4902
f 4886 4902 4887
f 4901 5014 5015
f 4901 5015 4902
f 4902 5015 5006
f 5007 5006 5015
f 5007 4902 5006
f 4999 4888 5007
f 5007 4888 4887
f 5007 4887 4902
f 4872 4883 4884
f 4872 4884 4701
f 4701 4884 4885
f 4884 4900 4885
f 5004 5005 4899
f 4899 5005 5012
f 4899 5012 4900
f 4883 5004 4899
f 4883 4899 4884
f 4884 4899 4900
f 5014 4901 4900
f 5014 4900 4911
f 4911 4900 5012
f 4901 4886 4885
f 4901 4885 4900
f 4980 4979 5054
f 4980 5054 4972
f 4979 5059 5054
f 4972 5054 5053
f 5054 5059 5053
f 5117 5121 5166
f 5117 5166 5112
f 5059 5117 5112
f 5059 5112 5053
f 5164 5110 5111
f 5164 5111 5165
f 5110 5052 5053
f 5110 5053 5111
f 5165 5111 5112
f 5165 5112 5166
f 5111 5053 5112
f 4970 4959 4971
f 4971 4972 5053
f 5052 4970 4971
f 5052 4971 5053
f 4959 4970 4827
f 4970 5052 5051
f 4827 4970 4969
f 4827 4969 4826
f 4970 5051 4978
f 4970 4978 4969
f 5110 5164 5163
f 5110 5163 5116
f 5110 5116 5109
f 5052 5110 5051
f 5051 5110 5109
f 5051 5109 4978
f 5115 5063 5058
f 5063 4986 4978
f 5063 4978 5058
f 5115 5058 5109
f 5115 5109 5116
f 5058 4978 5109
f 4851 4839 4978
f 4978 4839 4840
f 4978 4840 4968
f 4986 4851 4978
f 4825 4826 4840
f 4826 4969 4840
f 4825 4840 4968
f 4825 4968 4840
f 4840 4969 4978
f 4840 4978 4968
f 4851 4986 4862
f 4862 4986 4993
f 5063 5115 5067
f 5063 5067 4998
f 4986 5063 4998
f 4986 4998 4993
f 5004 4883 4998
f 5004 4998 5067
f 4998 4883 4993
f 4883 4872 4862
f 4883 4862 4993
f 5007 5077 5073
f 5073 5126 5068
f 5073 5077 5131
f 5073 5131 5126
f 5082 5136 5131
f 5077 5082 5131
f 5227 5228 5182
f 5227 5182 5186
f 5228 5178 5182
f 5186 5182 5131
f 5186 5131 5136
f 5182 5178 5131
f 5174 5121 5126
f 5126 5121 5068
f 5178 5174 5126
f 5178 5126 5131
f 5014 5022 5023
f 5014 5023 5015
f 5082 5077 5016
f 5082 5016 5024
f 5082 5024 5023
f 5024 5016 5015
f 5024 5015 5023
f 5077 5007 5016
f 5016 5007 5015
f 5004 5011 5012
f 5004 5012 5005
f 5011 5019 5020
f 5011 5020 5012
f 5022 5014 5013
f 5022 5013 5021
f 5021 5013 5012
f 5021 5012 5020
f 5014 4911 5013
f 5013 4911 5012
f 5121 5174 5173
f 5121 5173 5166
f 5174 5178 5221
f 5174 5221 5173
f 5166 5173 5212
f 5173 5221 5220
f 5173 5220 5212
f 5227 5263 5220
f 5178 5228 5227
f 5178 5227 5221
f 5221 5227 5220
f 5262 5219 5256
f 5219 5220 5256
f 5262 5256 5220
f 5262 5220 5263
f 5211 5164 5165
f 5211 5165 5212
f 5212 5165 5166
f 5219 5211 5212
f 5219 5212 5220
f 5164 5211 5172
f 5164 5172 5163
f 5211 5219 5218
f 5211 5218 5172
f 5163 5172 5116
f 5172 5218 5217
f 5219 5262 5261
f 5219 5261 5218
f 5218 5261 5226
f 5218 5226 5217
f 5181 5176 5177
f 5181 5177 5226
f 5226 5177 5217
f 5120 5115 5171
f 5171 5115 5116
f 5171 5116 5172
f 5176 5120 5171
f 5176 5171 5177
f 5177 5171 5172
f 5177 5172 5217
f 5115 5120 5125
f 5115 5125 5067
f 5120 5176 5124
f 5120 5124 5125
f 5067 5125 5072
f 5125 5124 5075
f 5125 5075 5072
f 5181 5185 5130
f 5130 5185 5134
f 5176 5181 5130
f 5176 5130 5124
f 5124 5130 5075
f 5019 5076 5081
f 5019 5011 5076
f 5081 5076 5130
f 5081 5130 5134
f 5076 5075 5130
f 5011 5004 5072
f 5072 5004 5067
f 5011 5072 5076
f 5076 5072 5075
f 5082 5090 5142
f 5082 5142 5136
f 5090 5089 5141
f 5090 5141 5142
f 5197 5190 5141
f 5190 5242 5191
f 5141 5190 5142
f 5190 5191 5142
f 5234 5227 5186
f 5242 5234 5186
f 5242 5186 5191
f 5191 5186 5136
f 5191 5136 5142
f 5022 5029 5030
f 5022 5030 5023
f 5030 5029 5089
f 5089 5090 5030
f 5090 5082 5023
f 5090 5023 5030
f 5019 5081 5020
f 5081 5086 5027
f 5081 5027 5020
f 5020 5027 5028
f 5086 5093 5087
f 5086 5087 5028
f 5027 5086 5028
f 5029 5028 5087
f 5029 5022 5021
f 5029 5021 5028
f 5028 5021 5020
f 5227 5234 5233
f 5227 5233 5263
f 5234 5242 5241
f 5234 5241 5233
f 5190 5197 5241
f 5241 5197 5240
f 5242 5190 5241
f 5269 5262 5263
f 5269 5263 5233
f 5240 5269 5233
f 5240 5233 5241
f 5262 5269 5268
f 5262 5268 5261
f 5269 5232 5268
f 5261 5268 5231
f 5261 5231 5226
f 5268 5232 5231
f 5269 5240 5239
f 5269 5239 5232
f 5232 5239 5231
f 5189 5238 5239
f 5238 5231 5239
f 5185 5181 5226
f 5185 5226 5231
f 5189 5185 5231
f 5189 5231 5238
f 5185 5135 5134
f 5185 5189 5140
f 5185 5140 5135
f 5189 5146 5140
f 5093 5086 5085
f 5093 5085 5146
f 5146 5085 5140
f 5081 5134 5135
f 5086 5081 5085
f 5085 5081 5135
f 5085 5135 5140
f 5093 5147 5094
f 5093 5094 5087
f 5147 5148 5094
f 5087 5094 5088
f 5094 5148 5095
f 5094 5095 5088
f 5148 5197 5141
f 5148 5141 5149
f 5148 5149 5095
f 5141 5089 5149
f 5089 5088 5095
f 5089 5095 5149
f 5088 5029 5087
f 5089 5029 5088
f 5197 5148 5196
f 5148 5147 5196
f 5197 5196 5240
f 5147 5093 5146
f 5147 5146 5195
f 5147 5195 5196
f 5189 5239 5195
f 5189 5195 5146
f 5239 5240 5246
f 5246 5240 5196
f 5239 5246 5195
f 5195 5246 5196
f 761 754 572
f 572 754 563
f 572 563 571
f 754 753 563
f 749 958 748
f 754 749 748
f 754 748 753
f 555 563 556
f 555 556 748
f 555 748 747
f 556 563 753
f 556 753 748
f 728 738 729
f 728 543 738
f 729 738 739
f 729 739 730
f 543 544 738
f 738 544 545
f 738 545 739
f 555 747 740
f 555 740 554
f 554 740 739
f 554 739 545
f 748 958 740
f 740 730 739
f 747 748 740
f 551 540 539
f 551 552 540
f 539 540 541
f 539 541 737
f 540 552 541
f 552 371 553
f 553 542 541
f 552 553 541
f 728 727 542
f 542 727 737
f 542 737 541
f 543 728 542
f 585 408 407
f 585 407 584
f 408 398 407
f 584 407 421
f 407 406 421
f 257 256 268
f 398 397 257
f 398 257 407
f 407 257 268
f 407 268 406
f 197 267 268
f 267 278 279
f 267 279 268
f 268 279 406
f 419 433 421
f 419 421 420
f 278 419 420
f 278 420 279
f 279 420 421
f 279 421 406
f 433 419 418
f 433 418 432
f 419 278 277
f 419 277 418
f 432 418 417
f 432 417 431
f 418 277 276
f 418 276 417
f 267 197 196
f 267 196 266
f 266 196 255
f 266 255 265
f 278 267 266
f 278 266 277
f 277 266 265
f 277 265 276
f 254 253 264
f 253 396 264
f 254 264 265
f 254 265 255
f 264 276 265
f 405 404 415
f 405 415 416
f 396 404 405
f 396 405 264
f 264 405 416
f 264 416 276
f 430 416 415
f 430 431 417
f 430 417 416
f 416 417 276
f 404 395 394
f 404 396 395
f 394 395 385
f 394 385 570
f 395 396 385
f 253 254 246
f 253 246 386
f 386 246 377
f 396 253 386
f 396 386 385
f 371 552 377
f 552 562 377
f 377 562 385
f 377 385 386
f 551 561 562
f 562 561 570
f 562 570 385
f 552 551 562
f 555 378 563
f 555 373 378
f 373 365 234
f 373 234 238
f 555 365 373
f 373 238 378
f 173 177 238
f 173 238 174
f 177 243 238
f 174 238 234
f 238 243 378
f 247 257 388
f 247 388 387
f 387 388 379
f 243 247 387
f 243 387 379
f 243 379 378
f 563 379 388
f 563 378 379
f 543 530 531
f 543 531 544
f 544 531 532
f 544 532 545
f 365 545 364
f 365 555 545
f 364 545 532
f 555 554 545
f 371 372 553
f 553 372 542
f 372 362 363
f 372 363 542
f 362 354 363
f 530 543 542
f 530 542 354
f 354 542 363
f 247 243 184
f 257 247 191
f 257 191 256
f 247 184 183
f 247 183 191
f 177 173 117
f 177 117 124
f 243 177 184
f 184 177 124
f 184 124 183
f 72 123 124
f 72 124 73
f 123 130 183
f 123 183 124
f 73 124 117
f 190 197 268
f 190 268 191
f 191 268 256
f 130 190 191
f 130 191 183
f 197 190 189
f 197 189 196
f 190 130 129
f 190 129 189
f 196 189 188
f 196 188 255
f 189 129 188
f 123 72 122
f 122 72 71
f 130 123 122
f 130 122 129
f 116 176 121
f 176 182 121
f 116 121 122
f 116 122 71
f 121 182 129
f 121 129 122
f 181 254 182
f 182 254 255
f 182 255 188
f 176 181 182
f 182 188 129
f 254 181 242
f 254 242 246
f 181 176 242
f 246 242 241
f 246 241 377
f 242 176 237
f 242 237 241
f 176 116 172
f 172 167 237
f 176 172 237
f 362 372 237
f 362 237 233
f 233 237 167
f 372 371 377
f 372 377 371
f 371 377 241
f 372 371 237
f 237 371 241
f 365 356 230
f 365 230 234
f 230 164 234
f 349 224 225
f 225 224 159
f 356 349 225
f 356 225 230
f 230 225 159
f 230 159 164
f 103 107 159
f 107 164 159
f 113 173 174
f 113 174 168
f 168 174 234
f 107 113 168
f 107 168 164
f 164 168 234
f 531 355 532
f 530 520 521
f 530 521 531
f 531 521 348
f 531 348 355
f 349 356 355
f 349 355 348
f 356 365 364
f 356 364 355
f 355 364 532
f 233 229 353
f 233 353 362
f 362 353 354
f 229 223 345
f 229 345 353
f 353 345 346
f 353 346 354
f 520 530 354
f 520 354 346
f 173 113 112
f 173 112 117
f 113 107 60
f 113 60 112
f 117 112 67
f 112 60 67
f 107 103 53
f 107 53 60
f 12 18 59
f 12 59 52
f 18 58 59
f 52 59 60
f 52 60 53
f 65 72 73
f 65 73 66
f 66 73 117
f 66 117 67
f 58 65 66
f 58 66 59
f 59 66 67
f 59 67 60
f 72 65 64
f 72 64 71
f 65 58 57
f 65 57 64
f 18 12 11
f 18 11 17
f 17 11 10
f 17 10 57
f 58 18 17
f 58 17 57
f 51 56 57
f 51 57 10
f 111 116 63
f 63 116 71
f 63 71 64
f 56 111 63
f 56 63 64
f 56 64 57
f 116 111 110
f 116 110 172
f 111 56 106
f 111 106 110
f 172 110 167
f 110 106 163
f 110 163 167
f 56 51 102
f 56 102 106
f 106 102 158
f 106 158 163
f 223 229 163
f 223 163 158
f 229 233 167
f 163 229 167
f 349 342 220
f 349 220 224
f 224 220 155
f 224 155 159
f 342 341 214
f 342 214 220
f 220 214 215
f 150 98 154
f 149 150 215
f 149 215 214
f 150 154 220
f 150 220 215
f 99 103 159
f 99 159 155
f 98 99 155
f 98 155 154
f 154 155 220
f 520 347 521
f 347 339 340
f 347 340 521
f 521 341 348
f 521 340 341
f 342 349 348
f 342 348 341
f 223 218 337
f 223 337 345
f 218 338 337
f 345 337 338
f 345 338 346
f 211 212 219
f 219 212 331
f 219 331 338
f 218 211 219
f 218 219 338
f 339 338 331
f 347 520 346
f 347 346 339
f 339 346 338
f 103 99 48
f 103 48 53
f 99 98 48
f 150 149 92
f 150 92 93
f 98 150 93
f 98 93 92
f 98 92 48
f 39 40 91
f 39 46 47
f 39 47 40
f 91 40 92
f 40 47 48
f 40 48 92
f 6 12 52
f 6 52 47
f 47 52 53
f 47 53 48
f 46 6 47
f 12 6 11
f 11 6 45
f 11 45 10
f 6 46 45
f 39 90 38
f 46 39 38
f 46 38 45
f 89 38 90
f 89 97 44
f 89 44 38
f 38 44 45
f 44 51 10
f 44 10 45
f 51 44 96
f 51 96 102
f 44 97 96
f 102 96 153
f 102 153 158
f 96 97 153
f 97 89 146
f 97 146 153
f 211 218 153
f 211 153 146
f 218 223 158
f 218 158 153
f 212 213 331
f 213 149 214
f 341 333 214
f 341 340 332
f 341 332 333
f 333 332 213
f 333 213 214
f 340 339 332
f 332 339 331
f 332 331 213
f 149 148 92
f 149 213 148
f 92 148 91
f 148 147 91
f 212 211 146
f 212 146 147
f 213 212 147
f 213 147 148
f 89 90 147
f 89 147 146
f 90 39 91
f 90 91 147
f 3930 3741 3740
f 3930 3740 3933
f 3741 3561 3745
f 3741 3745 3740
f 3933 3740 3939
f 3933 3939 4106
f 3740 3745 3939
f 3565 3410 3414
f 3565 3414 3413
f 3565 3413 3571
f 3561 3565 3745
f 3745 3565 3571
f 3429 3578 3570
f 3429 3570 3420
f 3578 3751 3752
f 3578 3752 3570
f 3420 3570 3571
f 3420 3571 3413
f 3570 3752 3745
f 3570 3745 3571
f 3937 4116 4105
f 3937 4105 3938
f 3938 4105 4106
f 3938 4106 3939
f 3751 3937 3938
f 3751 3938 3752
f 3752 3938 3939
f 3752 3939 3745
f 4451 4457 4456
f 4451 4456 4696
f 4457 4464 4456
f 4252 4257 4256
f 4252 4256 4465
f 4465 4256 4474
f 4465 4474 4464
f 4457 4252 4465
f 4457 4465 4464
f 4738 4725 4463
f 4738 4463 4473
f 4725 4726 4463
f 4473 4463 4464
f 4473 4464 4474
f 4463 4726 4464
f 4709 4694 4695
f 4709 4695 4710
f 4710 4695 4696
f 4710 4696 4456
f 4725 4709 4710
f 4725 4710 4726
f 4726 4710 4456
f 4726 4456 4464
f 4597 4404 4610
f 4404 4405 4413
f 4404 4413 4610
f 4597 4610 4624
f 4597 4624 4609
f 4610 4413 4625
f 4610 4625 4624
f 4414 4415 4422
f 4414 4422 4421
f 4405 4414 4413
f 4413 4414 4421
f 4413 4421 4625
f 4426 4638 4625
f 4427 4426 4421
f 4427 4421 4422
f 4426 4625 4421
f 4637 4636 4623
f 4637 4623 4624
f 4624 4623 4609
f 4638 4637 4624
f 4638 4624 4625
f 3375 3250 3379
f 3375 3379 3374
f 3250 3253 3381
f 3250 3381 3379
f 3374 3379 3541
f 3374 3541 3537
f 3379 3381 3544
f 3379 3544 3541
f 3253 3256 3388
f 3253 3388 3382
f 3382 3388 3387
f 3382 3387 3544
f 3253 3382 3381
f 3381 3382 3544
f 3724 3723 3548
f 3724 3548 3549
f 3723 3718 3548
f 3549 3548 3544
f 3549 3544 3387
f 3548 3718 3544
f 3905 3902 3715
f 3905 3715 3716
f 3716 3715 3537
f 3716 3537 3541
f 3718 3905 3716
f 3718 3716 3541
f 3718 3541 3544
f 2286 2402 2399
f 2286 2399 2280
f 2402 2525 2606
f 2402 2606 2399
f 2280 2399 2523
f 2280 2523 2394
f 2399 2606 2607
f 2399 2607 2523
f 2694 2793 2794
f 2694 2794 2695
f 2695 2794 2792
f 2695 2792 2689
f 2525 2694 2695
f 2525 2695 2606
f 2606 2695 2689
f 2606 2689 2607
f 2790 2685 2789
f 2685 2603 2602
f 2789 2685 2689
f 2789 2689 2792
f 2685 2602 2607
f 2685 2607 2689
f 2520 2391 2395
f 2520 2395 2519
f 2519 2395 2394
f 2519 2394 2523
f 2603 2520 2519
f 2603 2519 2602
f 2602 2519 2523
f 2602 2523 2607
f 2286 2280 2146
f 2286 2146 2001
f 2280 2394 2277
f 2280 2277 2146
f 2001 2146 1997
f 2001 1997 1846
f 2146 2277 2140
f 2146 2140 1997
f 2395 2391 2274
f 2274 2137 2141
f 2394 2395 2274
f 2394 2274 2277
f 2277 2274 2141
f 2277 2141 2140
f 1987 1840 1990
f 1987 1990 2137
f 1840 1839 1993
f 1840 1993 1990
f 2137 1990 2141
f 1990 1993 2140
f 1990 2140 2141
f 1670 1673 1679
f 1670 1679 1843
f 1843 1679 1846
f 1843 1846 1997
f 1839 1670 1843
f 1839 1843 1993
f 1993 1843 1997
f 1993 1997 2140
f 987 775 988
f 775 782 993
f 775 993 988
f 988 989 1222
f 988 993 994
f 988 994 989
f 781 786 998
f 781 998 993
f 993 998 999
f 993 999 994
f 782 781 993
f 1233 1229 1228
f 1233 994 999
f 1233 1228 994
f 1229 1456 1223
f 1229 1223 1228
f 1228 1223 1222
f 1228 1222 989
f 1228 989 994
f 2386 2384 2255
f 2254 2255 2249
f 2254 2249 2117
f 2255 2384 2383
f 2255 2383 2249
f 2496 2587 2583
f 2496 2583 2492
f 2492 2583 2491
f 2386 2496 2492
f 2386 2492 2384
f 2384 2492 2491
f 2384 2491 2383
f 2485 2379 2381
f 2485 2381 2489
f 2379 2243 2381
f 2489 2381 2491
f 2489 2491 2583
f 2381 2383 2491
f 2114 1970 2116
f 2114 2116 2247
f 2247 2116 2117
f 2247 2117 2249
f 2243 2114 2247
f 2243 2247 2381
f 2381 2247 2249
f 2381 2249 2383
f 1456 1219 1223
f 1456 1454 1219
f 1223 1219 1218
f 1223 1218 1222
f 1451 1651 1450
f 1450 1449 1213
f 1454 1451 1450
f 1454 1450 1213
f 1454 1213 1219
f 1208 979 1212
f 1208 1212 1209
f 979 1218 1212
f 1209 1212 1213
f 1209 1213 1449
f 1212 1218 1219
f 1212 1219 1213
f 983 987 988
f 983 988 984
f 984 988 1222
f 984 1222 1218
f 979 983 984
f 979 984 1218
f 1241 1240 1244
f 1241 1244 1245
f 1240 1006 1243
f 1240 1243 1244
f 1245 1244 1249
f 1245 1249 1464
f 1244 1243 1248
f 1244 1248 1249
f 1005 796 799
f 1005 799 1009
f 1009 799 1014
f 1009 1014 1015
f 1006 1005 1009
f 1006 1009 1243
f 1243 1009 1015
f 1243 1015 1248
f 1024 1256 1020
f 1024 1020 1019
f 1256 1257 1254
f 1256 1254 1020
f 1019 1020 1015
f 1019 1015 1014
f 1020 1254 1248
f 1020 1248 1015
f 1471 1468 1467
f 1467 1468 1464
f 1467 1464 1249
f 1257 1471 1467
f 1257 1467 1254
f 1254 1467 1249
f 1254 1249 1248
f 796 795 798
f 796 798 799
f 795 619 625
f 795 625 798
f 799 798 805
f 799 805 1014
f 798 625 804
f 798 804 805
f 618 617 623
f 618 623 624
f 624 623 635
f 624 635 636
f 619 618 624
f 619 624 625
f 625 624 636
f 625 636 804
f 657 815 648
f 657 648 647
f 815 816 810
f 815 810 648
f 647 648 636
f 647 636 635
f 648 810 804
f 648 804 636
f 1023 1024 1019
f 1023 1019 811
f 811 1019 1014
f 811 1014 805
f 816 1023 811
f 816 811 810
f 810 811 805
f 810 805 804
f 1024 1261 1262
f 1024 1262 1256
f 1261 1267 1477
f 1261 1477 1262
f 1256 1262 1474
f 1256 1474 1257
f 1262 1477 1474
f 1480 1673 1670
f 1480 1670 1481
f 1481 1670 1839
f 1481 1839 1667
f 1267 1480 1481
f 1267 1481 1477
f 1477 1481 1667
f 1477 1667 1474
f 1987 1835 1834
f 1987 1834 1840
f 1835 1665 1664
f 1835 1664 1834
f 1840 1834 1667
f 1840 1667 1839
f 1834 1664 1474
f 1834 1474 1667
f 1660 1468 1471
f 1471 1257 1474
f 1665 1660 1471
f 1665 1471 1664
f 1664 1471 1474
f 3930 3933 4100
f 3933 4106 4099
f 3933 4099 4100
f 4100 4095 4096
f 4100 4099 4262
f 4100 4262 4095
f 4105 4116 4283
f 4105 4283 4284
f 4284 4283 4270
f 4284 4270 4271
f 4106 4105 4284
f 4106 4284 4099
f 4099 4284 4271
f 4099 4271 4262
f 4738 4473 4486
f 4738 4486 4485
f 4473 4474 4262
f 4473 4262 4486
f 4485 4486 4271
f 4485 4271 4270
f 4486 4262 4271
f 4256 4257 4263
f 4263 4257 4096
f 4263 4096 4095
f 4474 4256 4263
f 4474 4263 4262
f 4262 4263 4095
f 1241 1236 1235
f 1241 1235 1240
f 1240 1235 1002
f 1240 1002 1006
f 1236 1233 1235
f 1235 1233 999
f 1235 999 1002
f 786 789 1001
f 786 1001 998
f 998 1002 999
f 998 1001 1002
f 789 796 1005
f 789 1005 1001
f 1001 1005 1006
f 1001 1006 1002
f 606 605 604
f 786 606 612
f 786 612 789
f 606 604 611
f 606 611 612
f 434 433 444
f 434 444 445
f 445 444 610
f 605 434 445
f 605 445 604
f 604 445 610
f 604 610 611
f 617 618 610
f 617 610 456
f 618 619 611
f 618 611 610
f 456 610 444
f 795 796 789
f 795 789 612
f 619 795 611
f 611 795 612
f 1208 975 978
f 1208 978 979
f 975 974 766
f 975 766 978
f 762 761 577
f 762 577 765
f 974 762 766
f 766 762 765
f 585 586 577
f 585 771 586
f 577 586 765
f 586 771 766
f 586 766 765
f 772 987 983
f 772 983 979
f 772 979 978
f 771 772 978
f 771 978 766
f 761 572 577
f 572 571 577
f 563 388 571
f 257 397 398
f 257 398 388
f 398 571 388
f 408 585 577
f 408 577 576
f 398 408 576
f 398 576 577
f 398 577 571
f 404 403 413
f 403 402 412
f 403 412 413
f 404 413 414
f 404 414 415
f 413 412 427
f 413 427 414
f 589 595 437
f 589 437 426
f 426 437 438
f 426 438 427
f 402 589 426
f 402 426 412
f 412 426 427
f 452 440 439
f 452 439 451
f 440 429 428
f 440 428 439
f 451 439 427
f 451 427 438
f 439 428 427
f 430 415 429
f 429 415 414
f 428 429 414
f 428 414 427
f 1792 1789 1620
f 1792 1620 1791
f 1789 1788 1616
f 1789 1616 1620
f 1791 1620 1623
f 1620 1616 1421
f 1611 1610 1410
f 1611 1410 1615
f 1615 1410 1416
f 1615 1416 1417
f 1788 1611 1615
f 1788 1615 1616
f 1616 1615 1417
f 1616 1417 1421
f 1181 1182 1420
f 1181 1420 1176
f 1182 1425 1421
f 1182 1421 1420
f 1176 1420 1417
f 1176 1417 1416
f 1420 1421 1417
f 1426 1623 1620
f 1425 1426 1421
f 1421 1426 1620
f 2226 2230 2468
f 2226 2468 2362
f 2230 2366 2469
f 2230 2469 2468
f 2362 2468 2565
f 2362 2565 2466
f 2468 2469 2568
f 2468 2568 2565
f 2367 2371 2477
f 2367 2477 2473
f 2473 2477 2572
f 2473 2572 2570
f 2366 2367 2473
f 2366 2473 2469
f 2469 2473 2570
f 2469 2570 2568
f 2854 2746 2658
f 2854 2658 2661
f 2746 2744 2655
f 2746 2655 2658
f 2661 2658 2570
f 2661 2570 2572
f 2658 2655 2568
f 2658 2568 2570
f 2740 2737 2650
f 2740 2650 2651
f 2651 2650 2466
f 2651 2466 2565
f 2744 2740 2651
f 2744 2651 2655
f 2655 2651 2565
f 2655 2565 2568
f 2854 2973 2970
f 2854 2970 2746
f 2973 3109 3106
f 2973 3106 2970
f 2746 2970 2967
f 2746 2967 2744
f 2970 3106 3101
f 2970 3101 2967
f 3238 3365 3360
f 3238 3360 3236
f 3236 3360 3231
f 3109 3238 3236
f 3109 3236 3106
f 3106 3236 3231
f 3106 3231 3101
f 3354 3226 3230
f 3354 3230 3358
f 3226 3097 3100
f 3226 3100 3230
f 3358 3230 3231
f 3358 3231 3360
f 3230 3100 3101
f 3230 3101 3231
f 2962 2737 2740
f 2962 2740 2852
f 2852 2740 2744
f 2852 2744 2967
f 3097 2962 2852
f 3097 2852 3100
f 3100 2852 2967
f 3100 2967 3101
f 3256 3253 3126
f 3256 3126 3129
f 3253 3125 3126
f 3129 3126 3130
f 3250 3375 3247
f 3250 3247 3251
f 3251 3247 3118
f 3251 3118 3123
f 3253 3250 3251
f 3253 3251 3125
f 3125 3251 3123
f 3125 3123 3126
f 2864 2866 2986
f 2864 2986 2982
f 2982 2986 3123
f 2982 3123 3118
f 2986 3126 3123
f 2868 2870 2992
f 2868 2992 2988
f 2988 2992 3130
f 2988 3130 3126
f 2866 2868 2988
f 2866 2988 2986
f 2986 2988 3126
f 3365 3238 3241
f 3365 3241 3368
f 3238 3109 3241
f 3368 3241 3242
f 3368 3242 3371
f 3241 3109 3112
f 3241 3112 3242
f 2973 2854 2856
f 2973 2856 2974
f 2974 2856 2859
f 2974 2859 2976
f 3109 2973 2974
f 3109 2974 2976
f 3109 2976 3112
f 2864 2982 2980
f 2864 2980 2861
f 2982 3118 3115
f 2982 3115 2980
f 2861 2980 2976
f 2861 2976 2859
f 2980 3115 3112
f 2980 3112 2976
f 3247 3375 3372
f 3247 3372 3244
f 3244 3372 3371
f 3244 3371 3242
f 3118 3247 3244
f 3118 3244 3115
f 3115 3244 3242
f 3115 3242 3112
f 4075 4227 4071
f 4076 4075 3909
f 4076 3909 3912
f 4075 4071 4072
f 4075 4072 3909
f 4220 4219 4214
f 4220 4214 4221
f 4221 4214 4065
f 4221 4065 4066
f 4227 4220 4221
f 4227 4221 4071
f 4071 4221 4066
f 4071 4066 4072
f 3902 3905 3904
f 3902 3904 4062
f 3905 3718 3909
f 3905 3909 3904
f 4062 3904 4066
f 4062 4066 4065
f 3904 3909 4072
f 3904 4072 4066
f 3910 3723 3912
f 3910 3912 3909
f 3718 3723 3910
f 3718 3910 3909
f 4076 4232 4227
f 4076 4227 4075
f 4232 4231 4230
f 4232 4230 4227
f 4075 4227 4226
f 4075 4226 4227
f 4227 4230 4225
f 4227 4225 4226
f 4231 4415 4414
f 4231 4414 4407
f 4407 4414 4405
f 4407 4405 4406
f 4231 4407 4230
f 4230 4407 4406
f 4230 4406 4225
f 4597 4397 4404
f 4397 4398 4399
f 4397 4399 4404
f 4404 4406 4405
f 4404 4399 4225
f 4404 4225 4406
f 4391 4219 4220
f 4391 4220 4225
f 4225 4220 4227
f 4225 4227 4226
f 4398 4391 4225
f 4398 4225 4399
f 4399 4225 4226
f 4399 4226 4225
f 4663 4673 4662
f 4436 4663 4651
f 4436 4651 4433
f 4663 4662 4650
f 4663 4650 4651
f 4672 4671 4660
f 4672 4660 4661
f 4661 4660 4659
f 4661 4659 4649
f 4673 4672 4661
f 4673 4661 4662
f 4662 4661 4649
f 4662 4649 4650
f 4636 4637 4648
f 4636 4648 4647
f 4637 4638 4650
f 4637 4650 4648
f 4647 4648 4649
f 4647 4649 4659
f 4648 4650 4649
f 4426 4427 4433
f 4426 4433 4651
f 4638 4426 4651
f 4638 4651 4650
f 4671 4670 4659
f 4671 4659 4660
f 4670 4669 4856
f 4670 4856 4659
f 4660 4659 4658
f 4660 4658 4659
f 4659 4856 4845
f 4659 4845 4658
f 4855 4854 4843
f 4855 4843 4844
f 4669 4855 4856
f 4856 4855 4844
f 4856 4844 4845
f 4831 4832 4843
f 4832 4833 4843
f 4843 4833 4845
f 4843 4845 4844
f 4635 4636 4647
f 4635 4647 4646
f 4646 4647 4659
f 4646 4659 4658
f 4833 4635 4646
f 4833 4646 4658
f 4833 4658 4845
f 4864 4863 4853
f 4864 4853 4854
f 4853 4863 4980
f 4980 4841 4852
f 4841 4842 4852
f 4980 4852 4853
f 4852 4842 4853
f 4842 4831 4843
f 4842 4843 4854
f 4842 4854 4853
f 4451 4696 4684
f 4451 4684 4446
f 4695 4694 4682
f 4695 4682 4683
f 4696 4695 4684
f 4684 4695 4683
f 4671 4672 4682
f 4682 4672 4683
f 4672 4673 4684
f 4672 4684 4683
f 4663 4436 4441
f 4663 4441 4674
f 4674 4441 4446
f 4673 4663 4674
f 4673 4674 4446
f 4673 4446 4684
f 958 954 953
f 958 953 740
f 954 948 947
f 954 947 953
f 740 953 730
f 953 947 946
f 953 946 730
f 1181 1180 941
f 941 1180 930
f 941 930 940
f 948 1181 941
f 948 941 947
f 947 941 940
f 947 940 946
f 938 707 939
f 707 715 716
f 707 716 939
f 939 940 930
f 939 716 946
f 939 946 940
f 715 728 729
f 715 729 716
f 716 729 730
f 716 730 946
f 1610 1611 1785
f 1610 1785 1780
f 1611 1788 1954
f 1611 1954 1785
f 1780 1785 1950
f 1780 1950 1949
f 1785 1954 2096
f 1785 2096 1950
f 1789 1792 1960
f 1789 1960 1957
f 1957 1960 2100
f 1957 2100 2099
f 1788 1789 1957
f 1788 1957 1954
f 1954 1957 2099
f 1954 2099 2096
f 2371 2367 2234
f 2371 2234 2235
f 2367 2366 2233
f 2367 2233 2234
f 2235 2234 2099
f 2235 2099 2100
f 2234 2233 2096
f 2234 2096 2099
f 2230 2226 2092
f 2230 2092 2093
f 2093 2092 1949
f 2093 1949 1950
f 2366 2230 2093
f 2366 2093 2233
f 2233 2093 1950
f 2233 1950 2096
f 1970 2114 2110
f 1970 2110 1967
f 2114 2243 2110
f 1967 2110 2108
f 1967 2108 1965
f 2110 2243 2241
f 2110 2241 2108
f 2379 2485 2483
f 2379 2483 2377
f 2377 2483 2374
f 2377 2374 2241
f 2243 2379 2377
f 2243 2377 2241
f 2371 2235 2238
f 2371 2238 2374
f 2235 2100 2103
f 2235 2103 2238
f 2374 2238 2241
f 2238 2103 2241
f 1960 1792 1964
f 1960 1964 1961
f 1961 1964 1965
f 1961 1965 2108
f 2100 1960 1961
f 2100 1961 2103
f 2103 1961 2108
f 2103 2108 2241
f 1970 1972 2116
f 1970 1802 1804
f 1970 1804 1972
f 2116 1972 2117
f 1972 1804 1975
f 1636 1436 1640
f 1636 1640 1637
f 1637 1640 1641
f 1637 1641 1809
f 1802 1636 1637
f 1802 1637 1804
f 1804 1637 1809
f 1804 1809 1975
f 1812 1978 1811
f 1978 1976 1811
f 1811 1809 1641
f 1811 1976 1975
f 1811 1975 1809
f 2121 2255 2254
f 2121 2254 2120
f 2120 2254 2117
f 2120 2117 1972
f 1978 2121 2120
f 1978 2120 1976
f 1976 2120 1972
f 1976 1972 1975
f 1209 1449 1447
f 1208 1209 1442
f 1208 1442 1205
f 1209 1447 1443
f 1209 1443 1442
f 1450 1651 1649
f 1450 1649 1648
f 1449 1450 1648
f 1449 1648 1447
f 1447 1648 1443
f 1812 1811 1645
f 1812 1645 1816
f 1811 1641 1644
f 1811 1644 1645
f 1816 1645 1648
f 1816 1648 1649
f 1645 1644 1443
f 1645 1443 1648
f 1640 1436 1440
f 1640 1440 1443
f 1443 1440 1205
f 1443 1205 1442
f 1641 1640 1443
f 1641 1443 1644
f 1644 1443 1442
f 1644 1442 1443
f 1426 1425 1188
f 1426 1188 1429
f 1429 1433 1430
f 1429 1188 1433
f 1182 1181 1187
f 1187 1181 948
f 1425 1182 1187
f 1425 1187 1188
f 958 959 955
f 958 955 954
f 959 1197 1193
f 959 1193 955
f 954 955 1187
f 954 1187 948
f 955 1193 1188
f 955 1188 1187
f 1198 1436 1434
f 1198 1434 1194
f 1194 1434 1430
f 1194 1430 1433
f 1197 1198 1194
f 1197 1194 1193
f 1193 1194 1433
f 1193 1433 1188
f 1208 969 975
f 1208 1205 1204
f 1208 1204 969
f 975 969 968
f 975 968 974
f 969 1204 968
f 1440 1436 1198
f 1440 1198 1202
f 1202 1198 1197
f 1202 1197 965
f 1205 1440 1202
f 1205 1202 1204
f 1204 1202 965
f 1204 965 968
f 958 749 964
f 958 964 959
f 749 754 967
f 749 967 964
f 959 964 965
f 959 965 1197
f 964 967 968
f 964 968 965
f 754 761 762
f 754 762 755
f 755 762 974
f 755 974 968
f 754 755 967
f 967 755 968
f 1436 1636 1633
f 1436 1633 1434
f 1636 1802 1634
f 1636 1634 1633
f 1434 1633 1628
f 1434 1628 1430
f 1633 1634 1628
f 1970 1967 1799
f 1799 1967 1965
f 1802 1970 1799
f 1802 1799 1634
f 1634 1799 1628
f 1792 1791 1796
f 1792 1796 1964
f 1791 1623 1624
f 1791 1624 1796
f 1964 1796 1799
f 1964 1799 1965
f 1796 1624 1628
f 1796 1628 1799
f 1623 1426 1429
f 1623 1429 1627
f 1627 1429 1430
f 1627 1430 1628
f 1623 1627 1624
f 1624 1627 1628
f 938 937 714
f 938 714 707
f 937 712 713
f 937 713 714
f 707 714 715
f 714 713 724
f 711 722 734
f 711 734 723
f 723 734 746
f 723 746 735
f 712 711 723
f 712 723 713
f 713 723 735
f 713 735 724
f 551 539 736
f 551 736 550
f 539 737 725
f 539 725 736
f 550 736 735
f 550 735 746
f 736 725 724
f 736 724 735
f 727 728 726
f 726 728 715
f 726 715 714
f 737 727 726
f 737 726 725
f 725 726 714
f 725 714 724
f 3365 3368 3529
f 3365 3529 3525
f 3368 3371 3532
f 3368 3532 3529
f 3525 3529 3706
f 3525 3706 3703
f 3529 3532 3708
f 3529 3708 3706
f 3372 3375 3374
f 3372 3374 3533
f 3533 3374 3537
f 3533 3537 3536
f 3371 3372 3533
f 3371 3533 3532
f 3532 3533 3536
f 3532 3536 3708
f 3902 3897 3712
f 3902 3712 3715
f 3897 3896 3708
f 3897 3708 3712
f 3715 3712 3536
f 3715 3536 3537
f 3712 3708 3536
f 3892 3888 3889
f 3892 3889 3893
f 3893 3889 3703
f 3893 3703 3706
f 3896 3892 3893
f 3896 3893 3708
f 3708 3893 3706
f 3365 3525 3360
f 3525 3703 3702
f 3360 3525 3522
f 3525 3702 3698
f 3525 3698 3522
f 3889 3888 3882
f 3889 3882 3883
f 3883 3882 3881
f 3883 3881 3879
f 3703 3889 3883
f 3703 3883 3702
f 3702 3883 3879
f 3702 3879 3698
f 3872 3691 3696
f 3872 3696 3878
f 3691 3692 3697
f 3691 3697 3696
f 3878 3696 3879
f 3878 3879 3881
f 3696 3697 3698
f 3696 3698 3879
f 3517 3354 3358
f 3517 3358 3518
f 3518 3358 3360
f 3518 3360 3522
f 3692 3517 3518
f 3692 3518 3697
f 3697 3518 3522
f 3697 3522 3698
f 4597 4596 4583
f 4597 4609 4608
f 4597 4608 4596
f 4583 4596 4581
f 4583 4581 4582
f 4596 4608 4595
f 4596 4595 4581
f 4623 4636 4622
f 4623 4622 4608
f 4608 4622 4621
f 4608 4621 4607
f 4609 4623 4608
f 4608 4607 4595
f 4605 4593 4594
f 4605 4594 4606
f 4593 4579 4594
f 4606 4594 4607
f 4606 4607 4621
f 4594 4595 4607
f 4579 4567 4568
f 4579 4568 4580
f 4580 4568 4582
f 4580 4582 4581
f 4579 4580 4594
f 4594 4580 4581
f 4594 4581 4595
f 4597 4583 4584
f 4597 4584 4397
f 4583 4582 4570
f 4583 4570 4584
f 4397 4584 4390
f 4397 4390 4398
f 4584 4570 4379
f 4584 4379 4390
f 4568 4567 4557
f 4568 4557 4569
f 4569 4557 4369
f 4569 4369 4378
f 4582 4568 4569
f 4582 4569 4570
f 4570 4569 4378
f 4570 4378 4379
f 4360 4372 4371
f 4360 4371 4370
f 4372 4373 4380
f 4372 4380 4371
f 4370 4371 4378
f 4370 4378 4369
f 4371 4380 4379
f 4371 4379 4378
f 4382 4219 4391
f 4382 4391 4381
f 4381 4391 4398
f 4381 4398 4390
f 4373 4382 4381
f 4373 4381 4380
f 4380 4381 4390
f 4380 4390 4379
f 3854 3865 3864
f 3854 3864 3853
f 3853 3863 3852
f 3853 3864 3863
f 3871 3872 3877
f 3871 3877 3870
f 3870 3877 4033
f 3870 4033 4026
f 3865 3871 3870
f 3865 3870 3864
f 3864 3870 4026
f 3864 4026 3863
f 4031 4024 4025
f 4031 4025 4032
f 4024 3861 4015
f 4024 4015 4025
f 4032 4025 4026
f 4032 4026 4033
f 4025 4015 3863
f 4025 3863 4026
f 3861 3850 3851
f 3861 3851 3862
f 3862 3851 3852
f 3862 3852 3863
f 3861 3862 4015
f 4015 3862 3863
f 3872 3878 4035
f 3872 4035 3877
f 3878 3881 4042
f 3878 4042 4035
f 3877 4035 4034
f 3877 4034 4033
f 4035 4042 4041
f 4035 4041 4034
f 3882 3888 4047
f 3882 4047 4046
f 4046 4047 4196
f 4046 4196 4045
f 3881 3882 4046
f 3881 4046 4042
f 4042 4046 4045
f 4042 4045 4041
f 4360 4193 4194
f 4360 4194 4195
f 4193 4184 4185
f 4193 4185 4194
f 4195 4194 4045
f 4195 4045 4196
f 4194 4185 4041
f 4194 4041 4045
f 4178 4031 4032
f 4178 4032 4040
f 4040 4032 4033
f 4040 4033 4034
f 4184 4178 4040
f 4184 4040 4185
f 4185 4040 4034
f 4185 4034 4041
f 4360 4370 4359
f 4360 4359 4193
f 4370 4369 4368
f 4370 4368 4359
f 4193 4359 4192
f 4193 4192 4184
f 4359 4368 4358
f 4359 4358 4192
f 4557 4567 4556
f 4557 4556 4367
f 4367 4556 4377
f 4367 4377 4366
f 4369 4557 4367
f 4369 4367 4368
f 4368 4367 4366
f 4368 4366 4358
f 4375 4201 4365
f 4375 4365 4376
f 4201 4190 4191
f 4201 4191 4365
f 4376 4365 4366
f 4376 4366 4377
f 4365 4191 4358
f 4365 4358 4366
f 4182 4031 4178
f 4182 4178 4183
f 4183 4178 4184
f 4183 4184 4192
f 4190 4182 4183
f 4190 4183 4191
f 4191 4183 4192
f 4191 4192 4358
f 4375 4376 4389
f 4375 4389 4388
f 4376 4377 4565
f 4376 4565 4389
f 4388 4389 4576
f 4388 4576 4396
f 4389 4565 4577
f 4389 4577 4576
f 4556 4567 4579
f 4556 4579 4566
f 4566 4579 4578
f 4377 4556 4566
f 4377 4566 4565
f 4565 4566 4578
f 4565 4578 4577
f 4605 4604 4592
f 4605 4592 4593
f 4604 4603 4591
f 4604 4591 4592
f 4593 4592 4578
f 4593 4578 4579
f 4592 4591 4577
f 4592 4577 4578
f 4602 4601 4403
f 4602 4403 4590
f 4590 4403 4396
f 4590 4396 4576
f 4603 4602 4590
f 4603 4590 4591
f 4591 4590 4576
f 4591 4576 4577
f 3901 4059 4070
f 3901 4070 3908
f 4059 4212 4218
f 4059 4218 4070
f 3908 4070 4229
f 3908 4229 4079
f 4070 4218 4224
f 4070 4224 4229
f 4213 4375 4388
f 4213 4388 4387
f 4387 4388 4396
f 4387 4396 4395
f 4212 4213 4387
f 4212 4387 4218
f 4218 4387 4395
f 4218 4395 4224
f 4601 4420 4412
f 4601 4412 4403
f 4420 4419 4236
f 4420 4236 4412
f 4403 4412 4395
f 4403 4395 4396
f 4412 4236 4224
f 4412 4224 4395
f 4238 4083 4082
f 4238 4082 4235
f 4235 4082 4079
f 4235 4079 4229
f 4419 4238 4235
f 4419 4235 4236
f 4236 4235 4229
f 4236 4229 4224
f 4601 4616 4420
f 4616 4631 4630
f 4616 4630 4420
f 4420 4425 4419
f 4420 4630 4425
f 4632 4644 4631
f 4631 4644 4643
f 4630 4631 4643
f 4630 4643 4425
f 4656 4435 4432
f 4656 4432 4643
f 4435 4431 4432
f 4432 4431 4425
f 4432 4425 4643
f 4241 4083 4238
f 4241 4238 4240
f 4240 4238 4419
f 4240 4419 4425
f 4431 4241 4240
f 4431 4240 4425
f 4632 4645 4644
f 4645 4825 4644
f 4851 4657 4839
f 4839 4825 4840
f 4839 4657 4644
f 4839 4644 4825
f 4656 4643 4644
f 4657 4656 4644
f 3769 3758 3590
f 3769 3957 3958
f 3769 3958 3758
f 3590 3758 3759
f 3758 3958 3759
f 3946 4125 4126
f 4126 4114 4127
f 3957 3946 4126
f 3957 4126 3958
f 3958 4126 4127
f 4116 3937 3947
f 4116 3947 4115
f 3937 3751 3959
f 3937 3959 3947
f 4115 3947 4127
f 4115 4127 4114
f 3947 3959 3958
f 3947 3958 4127
f 3578 3429 3591
f 3578 3591 3760
f 3760 3591 3590
f 3760 3590 3759
f 3751 3578 3760
f 3751 3760 3959
f 3959 3760 3759
f 3959 3759 3958
f 4718 4732 4731
f 4718 4731 4717
f 4717 4731 4730
f 4717 4730 4716
f 4731 4732 4472
f 4731 4472 4730
f 4483 4495 4494
f 4483 4494 4482
f 4482 4494 4493
f 4482 4493 4481
f 4733 4483 4482
f 4733 4482 4732
f 4732 4482 4481
f 4732 4481 4472
f 4269 4479 4480
f 4269 4480 4492
f 4479 4470 4471
f 4479 4471 4480
f 4492 4480 4481
f 4492 4481 4493
f 4480 4471 4472
f 4480 4472 4481
f 4461 4455 4715
f 4461 4715 4462
f 4462 4715 4716
f 4462 4716 4730
f 4470 4461 4462
f 4470 4462 4471
f 4471 4462 4730
f 4471 4730 4472
f 3597 3608 3596
f 3596 3608 3784
f 3776 3597 3596
f 3776 3596 3775
f 3775 3596 3784
f 3984 3977 3784
f 3977 3971 3775
f 3784 3977 3775
f 3977 4157 4150
f 3977 3984 4164
f 3977 4164 4157
f 4157 4164 4156
f 4329 4330 4157
f 4329 4157 4336
f 4336 4157 4156
f 4330 4150 4157
f 4150 4330 4321
f 4150 4321 4143
f 4330 4329 4321
f 4303 4304 4313
f 4303 4313 4312
f 4312 4313 4321
f 4304 4135 4313
f 4313 4135 4143
f 4313 4143 4321
f 3977 4150 3971
f 3971 4150 4143
f 3971 4143 3964
f 4135 3953 3964
f 4135 3964 4143
f 3765 3775 3964
f 3964 3775 3971
f 3982 3782 3976
f 3606 3436 3595
f 3606 3595 3594
f 3606 3594 3595
f 3782 3606 3595
f 3585 3774 3594
f 3774 3782 3594
f 3594 3782 3595
f 4328 4335 4155
f 4328 4155 4327
f 4327 4155 4154
f 4327 4154 4149
f 4155 3982 3976
f 3976 3970 4154
f 3976 4154 4155
f 3970 4149 4154
f 4301 4310 4134
f 4301 4134 4121
f 4310 4319 4134
f 4121 4134 4120
f 4134 4319 4142
f 4320 4328 4327
f 4320 4327 4319
f 4319 4327 4149
f 4319 4149 4142
f 3952 3951 4133
f 3952 4133 4134
f 4134 4133 4120
f 4142 3952 4134
f 3951 3952 3963
f 3952 4142 3963
f 3951 3963 3763
f 4142 4149 3970
f 4142 3970 3963
f 3976 3782 3970
f 3782 3774 3970
f 3774 3585 3764
f 3764 3763 3963
f 3774 3764 3963
f 3774 3963 3970
f 3982 3983 3790
f 3982 3790 3782
f 3782 3790 3783
f 3983 3984 3784
f 3983 3784 3790
f 3790 3784 3783
f 3597 3438 3608
f 3438 3437 3607
f 3438 3607 3608
f 3608 3607 3783
f 3608 3783 3784
f 3437 3436 3606
f 3437 3606 3607
f 3607 3606 3782
f 3607 3782 3783
f 4328 4336 4335
f 4335 4336 4156
f 4335 4156 4155
f 4328 4329 4336
f 3984 3983 4163
f 3984 4163 4164
f 4164 4163 4156
f 3983 3982 4163
f 4163 3982 4155
f 4163 4155 4156
f 4301 4302 4311
f 4301 4311 4310
f 4310 4311 4320
f 4310 4320 4319
f 4302 4303 4312
f 4302 4312 4311
f 4311 4312 4321
f 4311 4321 4320
f 4329 4328 4320
f 4329 4320 4321
f 4116 4115 4282
f 4116 4282 4283
f 4115 4114 4296
f 4115 4296 4282
f 4283 4282 4500
f 4283 4500 4270
f 4282 4296 4510
f 4282 4510 4500
f 4126 4125 4294
f 4126 4294 4295
f 4295 4294 4281
f 4114 4126 4295
f 4114 4295 4296
f 4296 4295 4281
f 4296 4281 4510
f 4495 4496 4497
f 4495 4497 4509
f 4496 4484 4498
f 4496 4498 4497
f 4509 4497 4281
f 4509 4281 4294
f 4497 4498 4510
f 4497 4510 4281
f 4750 4738 4485
f 4750 4485 4499
f 4499 4485 4270
f 4499 4270 4500
f 4484 4750 4499
f 4484 4499 4498
f 4498 4499 4500
f 4498 4500 4510
f 3436 3286 3285
f 3436 3437 3287
f 3436 3287 3286
f 3438 3597 3439
f 3438 3439 3288
f 3437 3438 3288
f 3437 3288 3287
f 3158 3166 3288
f 3158 3288 3289
f 3166 3157 3286
f 3166 3286 3288
f 3289 3288 3439
f 3288 3286 3287
f 3156 3155 3284
f 3156 3284 3285
f 3157 3156 3285
f 3157 3285 3286
f 3585 3594 3584
f 3594 3435 3584
f 3584 3427 3583
f 3584 3435 3434
f 3584 3434 3427
f 3595 3436 3435
f 3435 3436 3285
f 3435 3285 3434
f 3594 3595 3435
f 3155 3282 3283
f 3155 3283 3284
f 3282 3425 3426
f 3282 3426 3283
f 3284 3283 3434
f 3284 3434 3285
f 3283 3426 3434
f 3425 3582 3583
f 3425 3583 3426
f 3426 3583 3427
f 3426 3427 3434
f 3142 3145 3018
f 3142 3018 3014
f 3145 3149 3021
f 3145 3021 3018
f 3014 3018 2881
f 3014 2881 2876
f 3018 3021 2882
f 3018 2882 2881
f 3150 3155 3028
f 3150 3028 3027
f 3027 3028 2889
f 3027 2889 2888
f 3149 3150 3027
f 3149 3027 3021
f 3021 3027 2888
f 3021 2888 2882
f 2616 2615 2699
f 2616 2699 2700
f 2615 2611 2693
f 2615 2693 2699
f 2700 2699 2888
f 2700 2888 2889
f 2699 2693 2882
f 2699 2882 2888
f 2610 2605 2688
f 2610 2688 2692
f 2692 2688 2876
f 2692 2876 2881
f 2611 2610 2692
f 2611 2692 2693
f 2693 2692 2881
f 2693 2881 2882
f 2616 2527 2526
f 2616 2526 2615
f 2527 2405 2289
f 2527 2289 2526
f 2615 2526 2401
f 2615 2401 2611
f 2526 2289 2284
f 2526 2284 2401
f 2155 2011 2005
f 2155 2005 2154
f 2154 2005 2004
f 2154 2004 2149
f 2405 2155 2154
f 2405 2154 2289
f 2289 2154 2149
f 2289 2149 2284
f 1845 1996 2145
f 1845 2145 1849
f 1996 2279 2283
f 1996 2283 2145
f 1849 2145 2149
f 1849 2149 2004
f 2145 2283 2284
f 2145 2284 2149
f 2398 2605 2610
f 2398 2610 2400
f 2400 2610 2611
f 2400 2611 2401
f 2279 2398 2400
f 2279 2400 2283
f 2283 2400 2401
f 2283 2401 2284
f 3769 3590 3589
f 3769 3589 3588
f 3588 3589 3599
f 3588 3599 3587
f 3589 3590 3441
f 3589 3441 3599
f 3591 3429 3292
f 3591 3292 3428
f 3428 3292 3291
f 3428 3291 3441
f 3590 3591 3428
f 3590 3428 3441
f 3158 3289 3290
f 3289 3439 3440
f 3289 3440 3290
f 3290 3441 3291
f 3290 3440 3441
f 3439 3597 3598
f 3439 3598 3440
f 3440 3598 3587
f 3440 3587 3599
f 3440 3599 3441
f 3585 3584 3763
f 3585 3763 3764
f 3584 3583 3763
f 3764 3763 3757
f 3764 3757 3763
f 3763 3583 3756
f 3763 3756 3757
f 3583 3582 3576
f 3583 3576 3577
f 3577 3576 3755
f 3583 3577 3755
f 3583 3755 3756
f 3936 3943 3750
f 3936 3750 3749
f 3943 3944 3755
f 3943 3755 3750
f 3749 3750 3755
f 3749 3755 3576
f 3750 3755 3756
f 3750 3756 3755
f 3945 3951 3950
f 3950 3951 3763
f 3950 3763 3757
f 3944 3945 3950
f 3944 3950 3755
f 3755 3950 3757
f 3755 3757 3756
f 4269 4492 4277
f 4269 4277 4276
f 4492 4493 4506
f 4492 4506 4277
f 4276 4277 4289
f 4277 4506 4278
f 4277 4278 4289
f 4494 4495 4508
f 4494 4508 4507
f 4507 4508 4292
f 4507 4292 4279
f 4493 4494 4507
f 4493 4507 4506
f 4506 4507 4279
f 4506 4279 4278
f 4303 4302 4290
f 4303 4290 4291
f 4291 4279 4292
f 4291 4290 4278
f 4291 4278 4279
f 4302 4301 4289
f 4302 4289 4290
f 4290 4289 4278
f 4303 4291 4292
f 4303 4292 4304
f 4292 4293 4304
f 4508 4495 4509
f 4508 4509 4280
f 4280 4509 4294
f 4280 4294 4293
f 4292 4508 4280
f 4292 4280 4293
f 4125 4124 4294
f 4124 4123 4294
f 4294 4123 4293
f 4136 4135 4122
f 4122 4135 4304
f 4123 4136 4122
f 4123 4122 4304
f 4123 4304 4293
f 4135 4136 3954
f 4135 3954 3953
f 4136 4123 3954
f 3953 3954 3965
f 3953 3965 3964
f 3954 3767 3965
f 4124 4125 3946
f 4124 3946 3955
f 3955 3946 3957
f 3955 3957 3956
f 4123 4124 3955
f 4123 3955 3954
f 3954 3955 3956
f 3954 3956 3767
f 3769 3588 3768
f 3588 3587 3767
f 3588 3767 3768
f 3769 3768 3956
f 3769 3956 3957
f 3768 3767 3956
f 3598 3597 3586
f 3586 3597 3776
f 3586 3776 3766
f 3587 3598 3586
f 3587 3586 3767
f 3767 3586 3766
f 3765 3766 3775
f 3765 3964 3965
f 3765 3965 3766
f 3775 3766 3776
f 3766 3965 3767
f 4090 4091 4092
f 4090 4092 3926
f 4091 4250 4255
f 4091 4255 4092
f 3926 4092 4094
f 3926 4094 3929
f 4092 4255 4260
f 4092 4260 4094
f 4454 4455 4461
f 4454 4461 4460
f 4460 4461 4470
f 4460 4470 4261
f 4250 4454 4460
f 4250 4460 4255
f 4255 4460 4261
f 4255 4261 4260
f 4269 4275 4268
f 4269 4268 4479
f 4275 4104 4267
f 4275 4267 4268
f 4479 4268 4261
f 4479 4261 4470
f 4268 4267 4260
f 4268 4260 4261
f 4103 3936 3932
f 4103 3932 3929
f 4103 3929 4094
f 4104 4103 4267
f 4267 4103 4094
f 4267 4094 4260
f 4269 4276 4275
f 4276 4289 4113
f 4276 4113 4275
f 4275 4111 4104
f 4275 4113 4112
f 4275 4112 4111
f 4289 4301 4121
f 4289 4121 4113
f 4113 4121 4120
f 4113 4120 4112
f 3951 3945 4119
f 3951 4119 4133
f 3945 3944 4119
f 4133 4119 4120
f 4119 4112 4120
f 3943 3936 4103
f 3943 4103 4110
f 4110 4103 4104
f 4110 4104 4111
f 3944 3943 4110
f 3944 4110 4119
f 4119 4110 4111
f 4119 4111 4112
f 4738 4750 4737
f 4750 4484 4748
f 4750 4748 4737
f 4737 4736 4722
f 4737 4748 4735
f 4737 4735 4736
f 4496 4495 4483
f 4496 4483 4747
f 4747 4483 4733
f 4747 4733 4734
f 4484 4496 4747
f 4484 4747 4748
f 4748 4747 4734
f 4748 4734 4735
f 4718 4719 4733
f 4718 4733 4732
f 4719 4720 4733
f 4732 4733 4734
f 4732 4734 4733
f 4733 4720 4735
f 4733 4735 4734
f 4720 4704 4722
f 4720 4722 4721
f 4721 4722 4736
f 4719 4720 4721
f 4719 4721 4720
f 4720 4721 4736
f 4720 4736 4735
f 4694 4709 4708
f 4694 4708 4693
f 4709 4725 4707
f 4709 4707 4708
f 4693 4708 4707
f 4693 4707 4692
f 4708 4707 4706
f 4708 4706 4707
f 4725 4738 4737
f 4725 4737 4724
f 4724 4737 4722
f 4724 4722 4723
f 4725 4724 4707
f 4707 4724 4723
f 4707 4723 4706
f 4704 4890 4705
f 4704 4705 4722
f 4890 4891 4705
f 4722 4705 4723
f 4705 4706 4723
f 4875 4876 4691
f 4875 4691 4706
f 4706 4691 4692
f 4706 4692 4707
f 4891 4875 4706
f 4891 4706 4705
f 4705 4706 4707
f 4705 4707 4706
f 4694 4693 4681
f 4694 4681 4682
f 4693 4692 4680
f 4693 4680 4681
f 4691 4876 4875
f 4691 4875 4876
f 4876 4875 4864
f 4876 4864 4865
f 4692 4691 4876
f 4692 4876 4865
f 4692 4865 4680
f 4854 4855 4865
f 4854 4865 4864
f 4855 4669 4680
f 4855 4680 4865
f 4670 4671 4682
f 4670 4682 4681
f 4669 4670 4681
f 4669 4681 4680
f 3582 3425 3581
f 3582 3581 3576
f 3425 3424 3581
f 3576 3581 3575
f 3581 3424 3419
f 3581 3419 3575
f 3282 3155 3150
f 3282 3150 3278
f 3278 3150 3149
f 3278 3149 3277
f 3425 3282 3278
f 3425 3278 3424
f 3424 3278 3277
f 3424 3277 3419
f 3142 3412 3273
f 3142 3273 3145
f 3412 3568 3418
f 3412 3418 3273
f 3145 3273 3277
f 3145 3277 3149
f 3273 3418 3419
f 3273 3419 3277
f 3744 3936 3749
f 3744 3749 3569
f 3569 3749 3576
f 3569 3576 3575
f 3568 3744 3569
f 3568 3569 3418
f 3418 3569 3575
f 3418 3575 3419
f 1861 2008 1850
f 1861 1850 1685
f 1861 1685 1684
f 1850 1686 1685
f 2151 2286 2001
f 2151 2001 2000
f 2000 2001 1846
f 2000 1846 1851
f 2008 2151 2000
f 2008 2000 1850
f 1850 2000 1851
f 1850 1851 1686
f 1673 1485 1679
f 1485 1678 1679
f 1679 1851 1846
f 1679 1678 1686
f 1679 1686 1851
f 1489 1285 1488
f 1489 1488 1684
f 1489 1684 1685
f 1485 1489 1678
f 1678 1489 1685
f 1678 1685 1686
f 1696 1704 1705
f 1519 1527 1526
f 1518 1519 1526
f 1518 1526 1704
f 1704 1526 1713
f 1881 1873 1704
f 1704 1873 1705
f 1713 1881 1704
f 1527 1307 1313
f 1313 1307 1086
f 1093 1313 1086
f 1313 1526 1527
f 1307 1300 1079
f 1307 1079 1086
f 1294 1061 1070
f 1300 1294 1079
f 1079 1294 1070
f 1527 1519 1307
f 1519 1510 1307
f 1704 1696 1510
f 1518 1704 1510
f 1518 1510 1519
f 1294 1300 1498
f 1498 1300 1510
f 1300 1307 1510
f 1525 1311 1524
f 1525 1524 1711
f 1310 1517 1524
f 1311 1310 1524
f 1524 1517 1711
f 1695 1702 1516
f 1516 1702 1517
f 1702 1703 1711
f 1702 1711 1517
f 1870 1711 1703
f 1702 1870 1703
f 1084 1083 1306
f 1084 1306 1311
f 1084 1311 1091
f 1310 1311 1306
f 1310 1311 1091
f 1310 1091 1311
f 1059 1058 1068
f 1058 1067 1068
f 1068 1067 1077
f 1066 1292 1293
f 1066 1293 1067
f 1067 1293 1299
f 1067 1299 1076
f 1058 1066 1067
f 1067 1076 1077
f 1083 1084 1076
f 1084 1077 1076
f 1084 882 1077
f 1077 882 1068
f 1292 1299 1293
f 1292 1509 1299
f 1299 1509 1306
f 1509 1695 1516
f 1509 1516 1517
f 1509 1517 1306
f 1310 1306 1517
f 1083 1076 1306
f 1306 1076 1299
f 1525 1711 1712
f 1533 1525 1534
f 1711 1870 1871
f 1711 1871 1879
f 1879 1871 1880
f 1711 1879 1712
f 1712 1879 1880
f 1873 1881 1880
f 1873 1880 1872
f 1881 1713 1880
f 1872 1880 1871
f 1880 1713 1712
f 1526 1534 1525
f 1713 1526 1525
f 1713 1525 1712
f 1084 1091 1092
f 1084 1092 890
f 890 1092 1085
f 1311 1525 1533
f 1311 1533 1312
f 1312 1533 1534
f 1091 1311 1312
f 1091 1312 1092
f 1526 1313 1312
f 1526 1312 1534
f 1313 1093 1092
f 1313 1092 1312
f 1093 1086 1092
f 1092 1086 1085
f 1059 1068 1069
f 1059 1069 1060
f 1068 874 1069
f 882 1084 890
f 882 890 883
f 883 890 1085
f 1068 882 883
f 1068 883 874
f 874 883 1069
f 1086 1079 1078
f 1079 1070 1069
f 1079 1069 1078
f 1086 1078 883
f 1086 883 1085
f 1078 1069 883
f 1070 1061 1060
f 1070 1060 1069
f 1870 1869 2013
f 1871 1870 2015
f 1870 2013 2014
f 1870 2014 2015
f 2012 2011 2156
f 2012 2156 2157
f 2012 2157 2014
f 1869 2012 2013
f 2013 2012 2014
f 2291 2160 2159
f 2291 2159 2158
f 2160 2017 2015
f 2160 2015 2159
f 2158 2159 2014
f 2158 2014 2157
f 2159 2015 2014
f 2017 1873 1872
f 2017 1872 2016
f 2016 1872 1871
f 2016 1871 2015
f 2017 2016 2015
f 1695 1694 1702
f 1702 1694 1869
f 1694 1693 1868
f 1694 1868 1869
f 1692 1856 1857
f 1693 1692 1857
f 1693 1857 1868
f 2011 2012 1867
f 2011 1867 1856
f 2012 1869 1868
f 2012 1868 1867
f 1856 1867 1857
f 1867 1868 1857
f 1869 1870 1702
f 1861 1860 2006
f 1860 1859 2019
f 1860 2019 2006
f 1861 2006 2007
f 1861 2007 2008
f 2006 2019 2007
f 1874 1873 2017
f 1874 2017 2018
f 1859 1874 2018
f 1859 2018 2019
f 2291 2292 2161
f 2291 2161 2160
f 2292 2293 2162
f 2292 2162 2161
f 2160 2161 2018
f 2160 2018 2017
f 2161 2162 2019
f 2161 2019 2018
f 2285 2286 2151
f 2285 2151 2150
f 2150 2151 2008
f 2150 2008 2007
f 2293 2285 2150
f 2293 2150 2162
f 2162 2150 2007
f 2162 2007 2019
f 1695 1509 1508
f 1695 1508 1694
f 1509 1497 1508
f 1694 1508 1507
f 1694 1507 1693
f 1508 1497 1496
f 1508 1496 1507
f 1291 1282 1290
f 1509 1292 1291
f 1509 1291 1497
f 1497 1291 1290
f 1497 1290 1496
f 1041 1280 1281
f 1280 1494 1495
f 1280 1495 1281
f 1281 1290 1282
f 1281 1495 1496
f 1281 1496 1290
f 1506 1692 1495
f 1495 1692 1693
f 1495 1693 1507
f 1494 1506 1495
f 1495 1507 1496
f 841 842 832
f 841 850 851
f 841 851 842
f 832 842 843
f 832 843 833
f 842 851 852
f 842 852 843
f 1046 1059 1047
f 1047 1059 1060
f 1047 1060 1048
f 850 1046 1047
f 850 1047 851
f 851 1047 1048
f 851 1048 852
f 1061 1049 1048
f 1061 1048 1060
f 1048 1049 852
f 845 834 844
f 844 834 833
f 844 833 843
f 1049 845 844
f 1049 844 843
f 1049 843 852
f 1873 1874 1858
f 1858 1874 1859
f 1705 1873 1858
f 1705 1858 1696
f 1696 1858 1859
f 1696 1859 1697
f 1861 1684 1683
f 1861 1683 1860
f 1860 1683 1697
f 1860 1697 1859
f 1488 1285 1284
f 1488 1284 1500
f 1500 1284 1283
f 1500 1283 1499
f 1684 1488 1500
f 1684 1500 1683
f 1683 1500 1499
f 1683 1499 1697
f 1294 1498 1295
f 1498 1510 1696
f 1295 1498 1499
f 1295 1499 1283
f 1498 1696 1697
f 1498 1697 1499
f 841 840 849
f 840 839 1044
f 840 1044 849
f 841 849 1045
f 841 1045 850
f 849 1044 1045
f 1042 1041 1281
f 1042 1281 1043
f 1043 1281 1282
f 1043 1282 1056
f 839 1042 1043
f 839 1043 1044
f 1044 1043 1056
f 1292 1066 1057
f 1292 1057 1291
f 1066 1058 1057
f 1291 1057 1056
f 1291 1056 1282
f 1057 1044 1056
f 1058 1059 1046
f 1058 1046 850
f 1058 850 1045
f 1057 1058 1045
f 1057 1045 1044
f 1692 1506 1691
f 1506 1494 1493
f 1506 1493 1691
f 1692 1691 1690
f 1692 1690 1856
f 1691 1493 1682
f 1691 1682 1690
f 1280 1041 1279
f 1280 1279 1493
f 1493 1279 1487
f 1493 1487 1492
f 1494 1280 1493
f 1493 1492 1682
f 1845 1849 1681
f 1845 1681 1677
f 1849 2004 1854
f 1849 1854 1681
f 1677 1681 1492
f 1677 1492 1487
f 1681 1854 1682
f 1681 1682 1492
f 2005 2011 1856
f 2005 1856 1855
f 1855 1856 1690
f 2004 2005 1855
f 2004 1855 1854
f 1854 1855 1690
f 1854 1690 1682
f 1285 1275 1274
f 1285 1274 1284
f 1275 1037 1051
f 1275 1051 1274
f 1284 1274 1283
f 1274 1051 1050
f 1274 1050 1283
f 1037 845 1036
f 1036 845 1049
f 1036 1049 1050
f 1037 1036 1051
f 1051 1036 1050
f 1061 1062 1049
f 1049 1062 1050
f 1294 1295 1283
f 1061 1294 1283
f 1061 1283 1062
f 1062 1283 1050
f 433 432 444
f 444 432 443
f 432 431 442
f 432 442 443
f 431 430 429
f 431 429 441
f 431 441 442
f 452 453 441
f 452 441 440
f 453 454 441
f 440 441 429
f 441 454 442
f 467 617 456
f 467 456 455
f 455 456 444
f 455 444 443
f 454 467 455
f 454 455 443
f 454 443 442
f 617 467 623
f 467 454 466
f 623 467 622
f 623 622 635
f 467 466 473
f 467 473 622
f 453 452 464
f 453 464 465
f 465 464 471
f 465 471 472
f 454 453 465
f 454 465 466
f 466 465 472
f 466 472 473
f 643 644 632
f 643 632 479
f 644 645 633
f 644 633 632
f 479 632 472
f 479 472 471
f 632 633 473
f 632 473 472
f 646 657 647
f 646 647 634
f 634 647 635
f 634 635 622
f 645 646 634
f 645 634 633
f 633 634 622
f 633 622 473
f 809 813 814
f 809 814 640
f 813 1031 828
f 813 828 814
f 640 814 651
f 640 651 641
f 814 828 820
f 814 820 651
f 1035 1041 1042
f 1035 1042 838
f 838 1042 839
f 838 839 829
f 1031 1035 838
f 1031 838 828
f 828 838 829
f 828 829 820
f 841 831 830
f 841 830 840
f 831 664 663
f 831 663 830
f 840 830 829
f 840 829 839
f 830 663 820
f 830 820 829
f 653 643 642
f 653 642 652
f 652 642 641
f 652 641 651
f 664 653 652
f 664 652 663
f 663 652 651
f 663 651 820
f 841 832 831
f 831 832 665
f 831 665 664
f 832 833 666
f 832 666 665
f 834 845 835
f 834 835 821
f 834 821 667
f 833 834 667
f 833 667 666
f 657 646 656
f 657 656 658
f 646 645 655
f 646 655 656
f 658 656 667
f 658 667 821
f 656 655 666
f 656 666 667
f 644 643 653
f 644 653 654
f 654 653 664
f 654 664 665
f 645 644 654
f 645 654 655
f 655 654 665
f 655 665 666
f 1024 1023 1028
f 1024 1028 1261
f 1023 816 823
f 1023 823 1028
f 1261 1028 1266
f 1261 1266 1267
f 1028 823 1032
f 1028 1032 1266
f 815 657 658
f 815 658 822
f 822 658 821
f 822 821 837
f 816 815 822
f 816 822 823
f 823 822 837
f 823 837 1032
f 845 1037 836
f 845 836 835
f 1037 1038 836
f 835 836 837
f 835 837 821
f 836 1038 1032
f 836 1032 837
f 1275 1285 1489
f 1275 1489 1276
f 1276 1489 1485
f 1276 1485 1270
f 1037 1275 1276
f 1037 1276 1038
f 1038 1276 1270
f 1038 1270 1032
f 1673 1480 1271
f 1673 1271 1485
f 1480 1267 1266
f 1480 1266 1271
f 1485 1271 1270
f 1271 1266 1032
f 1271 1032 1270
f 3319 3187 3188
f 3319 3188 3320
f 3320 3188 3321
f 3187 3057 3188
f 3188 3189 3321
f 3190 3322 3321
f 3190 3321 3189
f 3322 3476 3475
f 3322 3475 3321
f 3321 3475 3320
f 1741 1909 1908
f 1741 1908 1740
f 1909 2048 2047
f 1909 2047 1908
f 2046 1907 2047
f 1907 1908 2047
f 1907 1739 1740
f 1907 1740 1908
f 3056 3057 3187
f 3055 3056 3187
f 3055 3187 3186
f 3319 3318 3186
f 3319 3186 3187
f 3318 3317 3185
f 3318 3185 3186
f 3471 3316 3317
f 3471 3317 3318
f 3471 3318 3472
f 3319 3473 3472
f 3319 3472 3318
f 3473 3634 3633
f 3473 3633 3472
f 3319 3320 3474
f 3319 3474 3473
f 3320 3475 3474
f 3636 3635 3475
f 3635 3474 3475
f 3635 3634 3473
f 3635 3473 3474
f 1551 1552 1740
f 1551 1740 1739
f 1553 1554 1742
f 1553 1742 1741
f 1552 1553 1741
f 1552 1741 1740
f 2049 2048 1909
f 1909 1910 2049
f 1910 1911 2049
f 1911 1912 2051
f 1911 2051 2050
f 1911 2050 2049
f 1909 1741 1742
f 1909 1742 1910
f 1910 1742 1743
f 1910 1743 1911
f 1742 1554 1555
f 1742 1555 1743
f 1744 1912 1911
f 1744 1911 1743
f 3416 3271 3411
f 3411 3271 3267
f 3271 3144 3267
f 3015 2879 2874
f 3015 2874 3016
f 3016 2874 3015
f 3144 3015 3016
f 3144 3016 3015
f 2790 3015 2873
f 3015 3143 3144
f 2873 3015 2874
f 3270 3410 3267
f 3267 3410 3411
f 3143 3270 3267
f 3143 3267 3144
f 2768 2869 2871
f 2870 2767 2768
f 2870 2768 2871
f 2676 2587 2588
f 2676 2588 2677
f 2767 2676 2677
f 2767 2677 2768
f 3934 3935 3742
f 3934 3742 3931
f 3935 3747 3742
f 3566 3416 3411
f 3747 3566 3742
f 3742 3566 3562
f 3410 3565 3566
f 3565 3561 3562
f 3565 3562 3566
f 3410 3566 3411
f 3741 3930 3742
f 3742 3930 3931
f 3561 3741 3742
f 3561 3742 3562
f 4698 4713 4458
f 4698 4458 4452
f 4466 4476 4257
f 4257 4252 4253
f 4252 4457 4458
f 4252 4458 4253
f 4257 4253 4466
f 4253 4458 4466
f 4457 4451 4452
f 4457 4452 4458
f 4416 4415 4423
f 4415 4628 4422
f 4415 4422 4423
f 4628 4640 4422
f 4422 4640 4428
f 4422 4428 4423
f 4427 4422 4428
f 4428 4422 4423
f 4415 4416 4423
f 4422 4415 4423
f 3257 3388 3389
f 3388 3550 3389
f 3257 3389 3388
f 3389 3550 3388
f 3550 3725 3549
f 3550 3549 3388
f 3724 3549 3725
f 3549 3387 3388
f 3388 3256 3257
f 2879 2686 2791
f 2879 2791 2874
f 2686 2604 2791
f 2521 2396 2392
f 2521 2392 2517
f 2604 2521 2517
f 2391 2520 2517
f 2391 2517 2392
f 2520 2603 2517
f 2517 2603 2604
f 2685 2790 2873
f 2685 2873 2686
f 2686 2873 2874
f 2686 2874 2791
f 2603 2685 2686
f 2603 2686 2791
f 2603 2791 2604
f 2396 2275 2392
f 2275 2142 2276
f 2275 2276 2273
f 2275 2273 2392
f 1991 1988 2138
f 2142 1991 2138
f 2142 2138 2276
f 2276 2138 2273
f 1987 2137 2138
f 1987 2138 1988
f 2137 2273 2138
f 2274 2391 2392
f 2274 2392 2275
f 2137 2274 2275
f 2137 2275 2273
f 2273 2275 2392
f 1234 1229 1230
f 1230 1225 1457
f 1456 1229 1457
f 1457 1229 1230
f 1229 1233 1234
f 1229 1234 1230
f 2587 2496 2497
f 2587 2497 2588
f 2496 2386 2387
f 2496 2387 2497
f 2386 2255 2256
f 2386 2256 2387
f 1225 1221 1457
f 1221 1455 1457
f 1451 1452 1652
f 1451 1652 1452
f 1455 1451 1452
f 1451 1454 1455
f 1651 1451 1452
f 1651 1452 1652
f 1451 1455 1452
f 1454 1456 1457
f 1454 1457 1455
f 1469 1251 1465
f 1472 1469 1659
f 1246 1242 1461
f 1251 1246 1465
f 1465 1246 1461
f 1241 1245 1461
f 1241 1461 1242
f 1245 1464 1465
f 1245 1465 1461
f 1468 1659 1469
f 1464 1468 1469
f 1464 1469 1465
f 1991 1836 1988
f 1836 1666 1833
f 1661 1472 1659
f 1666 1661 1833
f 1468 1660 1661
f 1468 1661 1659
f 1660 1665 1832
f 1660 1832 1661
f 1661 1832 1833
f 1835 1987 1988
f 1835 1988 1836
f 1665 1835 1832
f 1832 1835 1836
f 1832 1836 1833
f 4476 4264 4265
f 4476 4265 4257
f 4264 4265 4097
f 4264 4097 4265
f 4257 4265 4258
f 4265 4097 4258
f 4101 3934 3931
f 4265 4101 4097
f 3930 4100 4101
f 4100 4096 4097
f 4100 4097 4101
f 3930 4101 3931
f 4096 4257 4097
f 4097 4257 4258
f 1233 1236 1237
f 1233 1237 1234
f 1236 1241 1242
f 1236 1242 1237
f 2869 2989 2993
f 2869 2993 2871
f 2989 3131 2993
f 2993 3131 3130
f 3131 3257 3130
f 3256 3129 3130
f 3256 3130 3257
f 2992 2870 2871
f 2992 2871 2993
f 3130 2992 2993
f 3725 3911 3913
f 3725 3913 3726
f 4076 3912 4080
f 4080 3912 4077
f 4080 4077 4081
f 3912 3913 4077
f 3723 3724 3725
f 3723 3725 3726
f 3912 3723 3726
f 3912 3726 3913
f 4228 4233 4077
f 4233 4409 4232
f 4077 4233 4081
f 4408 4416 4417
f 4417 4416 4237
f 4409 4408 4417
f 4409 4417 4232
f 4232 4417 4237
f 4415 4231 4237
f 4415 4237 4416
f 4231 4232 4237
f 4232 4076 4080
f 4080 4081 4233
f 4231 4232 4080
f 4231 4080 4232
f 4232 4080 4233
f 4639 4652 4653
f 4639 4653 4640
f 4436 4664 4437
f 4436 4433 4664
f 4664 4433 4652
f 4433 4427 4428
f 4433 4428 4640
f 4433 4640 4653
f 4433 4653 4652
f 4686 4698 4452
f 4686 4452 4447
f 4451 4446 4447
f 4451 4447 4452
f 4441 4436 4437
f 4441 4437 4442
f 4442 4437 4664
f 4442 4664 4675
f 4446 4441 4442
f 4446 4442 4447
f 4447 4442 4675
f 4447 4675 4686
f 1813 1977 1979
f 2122 2256 2124
f 2124 2256 2123
f 1977 2122 2124
f 1977 2124 1979
f 1979 2124 2123
f 2255 2121 2123
f 2121 1978 2123
f 2255 2123 2256
f 1979 1978 1813
f 1978 1979 2123
f 1452 1650 1652
f 1650 1817 1652
f 1646 1813 1818
f 1818 1813 1817
f 1650 1646 1818
f 1650 1818 1817
f 1812 1816 1817
f 1812 1817 1978
f 1816 1649 1817
f 1978 1817 1813
f 1649 1651 1652
f 1649 1652 1817
f 3300 3301 3453
f 3300 3453 3452
f 3301 3302 3442
f 3301 3442 3453
f 3452 3453 3612
f 3452 3612 3611
f 3453 3442 3600
f 3453 3600 3612
f 3443 3429 3603
f 3443 3603 3602
f 3602 3603 3779
f 3602 3779 3601
f 3302 3443 3602
f 3302 3602 3442
f 3442 3602 3601
f 3442 3601 3600
f 3777 3600 3778
f 3777 3611 3612
f 3777 3612 3600
f 3778 3600 3601
f 3778 3601 3779
f 1320 1321 1536
f 1320 1536 1535
f 1536 1722 1535
f 1721 1535 1722
f 897 892 1094
f 897 1094 1099
f 1087 1088 1315
f 1087 1315 1314
f 892 1087 1094
f 1094 1087 1314
f 1528 1536 1314
f 1536 1321 1314
f 1314 1321 1094
f 1321 1320 1099
f 1321 1099 1094
f 875 876 885
f 875 885 884
f 885 1088 1087
f 885 1087 892
f 897 891 892
f 891 884 885
f 891 885 892
f 1080 1301 1088
f 1088 1308 1315
f 1088 1301 1308
f 1072 1073 1296
f 1072 1296 1302
f 1302 1296 1512
f 1302 1512 1511
f 1080 1072 1302
f 1080 1302 1301
f 1301 1302 1511
f 1301 1511 1308
f 1707 1706 1521
f 1706 1529 1520
f 1706 1520 1521
f 1707 1521 1511
f 1707 1511 1512
f 1521 1520 1308
f 1521 1308 1511
f 1528 1314 1529
f 1529 1314 1315
f 1529 1315 1308
f 1520 1529 1308
f 1309 1316 1523
f 1523 1531 1530
f 1523 1316 1531
f 1317 1532 1531
f 1317 1531 1316
f 1718 1717 1531
f 1531 1717 1530
f 1532 1718 1531
f 1316 1090 1095
f 1316 1095 1096
f 1095 1090 1096
f 1090 893 894
f 1090 894 1096
f 895 1097 1096
f 895 1096 894
f 1097 1317 1096
f 1096 1317 1316
f 893 887 888
f 893 888 894
f 886 879 880
f 880 879 871
f 887 886 880
f 881 882 888
f 872 881 880
f 872 880 871
f 881 888 887
f 881 887 880
f 889 895 894
f 889 894 888
f 882 889 888
f 1316 1309 1090
f 1090 1309 1089
f 1309 1305 1081
f 1309 1081 1082
f 1309 1082 1089
f 879 886 1082
f 886 887 1082
f 887 893 1090
f 887 1090 1082
f 1082 1090 1089
f 1721 1534 1535
f 1721 1720 1533
f 1721 1533 1534
f 1719 1718 1532
f 1720 1719 1532
f 1720 1532 1533
f 1317 1318 1533
f 1318 1319 1533
f 1317 1533 1532
f 1319 1320 1535
f 1319 1535 1534
f 1319 1534 1533
f 1319 1098 1320
f 1320 1098 1099
f 1318 1317 1097
f 1319 1318 1097
f 1319 1097 1098
f 895 896 1098
f 895 1098 1097
f 896 897 1099
f 896 1099 1098
f 897 896 890
f 897 890 891
f 891 890 883
f 891 883 884
f 896 895 889
f 896 889 890
f 890 889 882
f 890 882 883
f 872 873 882
f 872 882 881
f 873 874 883
f 873 883 882
f 874 875 884
f 874 884 883
f 2169 2168 2031
f 2169 2031 2026
f 2168 2167 2025
f 2168 2025 2031
f 2026 2031 1888
f 2026 1888 1889
f 2031 2025 1886
f 2031 1886 1888
f 2023 2022 1877
f 2023 1877 2024
f 2024 1877 1878
f 2024 1878 1885
f 2167 2023 2024
f 2167 2024 2025
f 2025 2024 1885
f 2025 1885 1886
f 1718 1719 1886
f 1718 1886 1717
f 1719 1887 1886
f 1717 1886 1885
f 1717 1885 1878
f 1720 1721 1889
f 1720 1889 1888
f 1719 1720 1888
f 1719 1888 1887
f 1887 1888 1886
f 2022 1866 1877
f 1866 1701 1708
f 1866 1708 1877
f 1877 1709 1878
f 1877 1708 1709
f 1701 1514 1515
f 1701 1515 1708
f 1708 1515 1522
f 1708 1522 1709
f 1309 1523 1522
f 1523 1530 1709
f 1523 1709 1522
f 1710 1717 1878
f 1710 1878 1709
f 1530 1717 1710
f 1530 1710 1709
f 2169 2026 2027
f 2026 1889 1882
f 2026 1882 2027
f 2027 1882 1883
f 1889 1721 1722
f 1889 1722 1890
f 1890 1722 1714
f 1889 1890 1882
f 1882 1890 1714
f 1882 1714 1883
f 1528 1715 1536
f 1528 1529 1715
f 1536 1715 1714
f 1536 1714 1722
f 1715 1883 1714
f 1706 1707 1884
f 1706 1884 1716
f 1716 1884 1883
f 1529 1706 1716
f 1529 1716 1715
f 1715 1716 1883
f 1055 867 1065
f 1055 1065 1064
f 867 868 1074
f 867 1074 1065
f 1064 1065 1297
f 1065 1074 1298
f 1065 1298 1297
f 878 879 1082
f 878 1082 1075
f 1075 1082 1081
f 868 878 1075
f 868 1075 1074
f 1074 1075 1081
f 1074 1081 1298
f 1309 1522 1304
f 1309 1304 1305
f 1522 1515 1303
f 1522 1303 1304
f 1305 1304 1081
f 1304 1303 1298
f 1304 1298 1081
f 1515 1514 1297
f 1515 1297 1303
f 1303 1297 1298
f 875 864 865
f 875 874 863
f 875 863 864
f 865 864 853
f 864 863 691
f 864 691 853
f 873 872 861
f 873 861 862
f 862 861 690
f 874 873 862
f 874 862 863
f 863 862 690
f 863 690 691
f 681 682 690
f 681 690 689
f 682 683 691
f 682 691 690
f 689 690 861
f 684 685 693
f 684 693 692
f 692 693 865
f 692 865 853
f 683 684 692
f 683 692 691
f 691 692 853
f 1073 1072 1063
f 1072 1080 1071
f 1072 1071 1063
f 1063 866 855
f 1063 1071 866
f 1080 1088 885
f 1080 885 877
f 1071 1080 877
f 1071 877 866
f 875 865 876
f 876 877 885
f 876 865 866
f 876 866 877
f 693 685 854
f 854 855 866
f 865 693 854
f 865 854 866
f 879 878 870
f 878 868 869
f 878 869 870
f 879 870 871
f 870 869 859
f 867 1055 848
f 867 848 857
f 857 848 687
f 857 687 858
f 868 867 857
f 868 857 869
f 869 857 858
f 869 858 859
f 681 689 688
f 681 688 680
f 689 861 860
f 689 860 688
f 680 688 858
f 680 858 687
f 688 860 859
f 688 859 858
f 861 872 871
f 861 871 860
f 860 871 870
f 860 870 859
f 2169 2027 2028
f 2169 2028 2170
f 2027 1883 2029
f 2027 2029 2028
f 2170 2028 2171
f 2028 2029 2030
f 2028 2030 2171
f 1884 1707 1876
f 1884 1876 1875
f 1875 1876 2020
f 1883 1884 1875
f 1883 1875 2029
f 2029 1875 2020
f 2029 2020 2030
f 2164 2294 2163
f 2164 2163 2021
f 2294 2171 2163
f 2021 2163 2020
f 2021 2020 1876
f 2163 2171 2030
f 2163 2030 2020
