# flowstudio decimated toy animal  faces=10842
v -23.4662 -11.8673 -2.25773
v -23.4361 -11.884 -1.73743
v -23.6028 -11.187 -2.80813
v -23.7545 -11.1997 -2.23864
v -23.7229 -11.2143 -1.6682
v -23.5103 -11.2304 -1.13797
v -23.7371 -10.398 -2.82554
v -23.8935 -10.3926 -2.23204
v -23.867 -10.3959 -1.63434
v -23.6639 -10.4079 -1.07195
v -23.6789 -9.50286 -2.84101
v -23.8347 -9.47679 -2.24313
v -23.8116 -9.47012 -1.63906
v -23.6172 -9.48293 -1.06685
v -23.4493 -8.5245 -2.86384
v -23.6003 -8.47471 -2.27427
v -23.579 -8.45857 -1.67745
v -22.9296 -12.3616 -2.74342
v -23.0772 -12.3644 -2.28412
v -23.0636 -12.3638 -1.83886
v -23.008 -11.8137 -3.26915
v -23.3192 -11.8486 -2.78276
v -23.216 -11.9134 -1.26524
v -23.2653 -11.1768 -3.33549
v -23.1321 -11.2419 -0.676091
v -23.3914 -10.4124 -3.37534
v -23.2935 -10.4254 -0.57844
v -23.3364 -9.54824 -3.39468
v -23.2582 -9.51383 -0.562592
v -23.119 -8.60744 -3.40924
v -23.3926 -8.47662 -1.11027
v -23.0469 -8.52773 -0.60914
v -23.0696 -7.4859 -2.90331
v -23.2126 -7.4086 -2.32785
v -23.1918 -7.38279 -1.7446
v -23.0124 -7.4101 -1.18978
v -22.4638 -12.7254 -2.68351
v -22.6342 -12.7102 -2.26267
v -22.5989 -12.6889 -1.838
v -22.6688 -12.2953 -3.17032
v -22.8407 -12.4197 -1.45408
v -22.4506 -12.4732 -1.12657
v -22.5266 -11.7785 -3.67299
v -22.8319 -11.9342 -0.857985
v -22.7397 -11.1693 -3.77956
v -22.6036 -11.2426 -0.310693
v -22.8501 -10.4357 -3.84195
v -22.765 -10.4453 -0.187411
v -22.7998 -9.61283 -3.86609
v -22.7408 -9.56139 -0.162375
v -22.6024 -8.723 -3.87356
v -22.5478 -8.61078 -0.210473
v -22.7576 -7.61308 -3.43473
v -22.6806 -7.48783 -0.698681
v -22.5608 -6.41001 -2.96869
v -22.694 -6.30077 -2.40624
v -22.6725 -6.26434 -1.83562
v -22.4988 -6.30452 -1.29298
v -22.2457 -12.6272 -3.08065
v -21.9514 -12.9396 -2.59642
v -22.1838 -12.9238 -2.13827
v -22.0522 -12.8407 -1.49181
v -22.2686 -12.2281 -3.51628
v -22.0498 -12.4851 -3.35321
v -21.9354 -12.4655 -0.853084
v -22.3094 -11.9253 -0.532493
v -22.0236 -11.1651 -4.09917
v -21.9401 -11.2263 -0.0699099
v -22.1069 -10.4681 -4.18586
v -22.0879 -10.4642 0.0675531
v -22.0612 -9.69654 -4.21721
v -22.0717 -9.62422 0.0977101
v -22.2715 -7.78851 -3.88589
v -22.203 -7.61328 -0.306597
v -22.2705 -6.58824 -3.48687
v -22.1801 -6.41482 -0.811811
v -21.9442 -5.31976 -3.06929
v -22.0667 -5.17351 -2.51179
v -22.0435 -5.12476 -1.94561
v -21.7363 -12.8149 -3.04177
v -21.7007 -13.0182 -1.96369
v -21.5345 -12.8352 -1.27274
v -21.6637 -12.3959 -3.58338
v -21.8695 -11.7593 -3.95039
v -21.6724 -11.8811 -0.311899
v -21.8924 -8.87065 -4.21989
v -21.9011 -8.72465 0.0493301
v -21.6062 -8.01056 -4.22056
v -21.5858 -7.78374 -0.0488169
v -21.8206 -6.83165 -3.92465
v -21.7232 -6.58873 -0.425635
v -21.6763 -5.556 -3.58138
v -21.8743 -5.18102 -1.40744
v -21.566 -5.3294 -0.929124
v -21.1684 -12.8805 -3.00492
v -21.4036 -13.025 -2.48659
v -21.1597 -13.0064 -1.79173
v -20.9551 -12.7514 -1.09834
v -21.0354 -12.2217 -3.83273
v -21.0331 -12.6057 -3.46989
v -21.3293 -12.3993 -0.655634
v -21.1127 -11.7359 -4.10229
v -20.9447 -11.7959 -0.219335
v -21.1568 -11.1868 0.0181261
v -21.2024 -11.1556 -4.28745
v -21.2526 -10.4992 -4.39568
v -21.2715 -10.4789 0.152863
v -21.2114 -9.78467 -4.43447
v -21.2574 -9.70089 0.181569
v -21.0757 -9.0296 -4.43425
v -21.1127 -8.86823 0.133865
v -21.2086 -7.13642 -4.2459
v -21.1354 -6.81974 -0.167964
v -21.2632 -5.87471 -4.01138
v -21.1254 -5.55699 -0.54248
v -21.0232 -4.55446 -3.7176
v -21.268 -4.25494 -3.20106
v -21.3804 -4.06988 -2.63601
v -21.3563 -4.00984 -2.06169
v -21.1916 -4.08541 -1.51735
v -20.5702 -12.846 -2.92134
v -20.8314 -13.0023 -2.35847
v -20.594 -12.9081 -1.63723
v -20.6665 -12.2774 -0.556213
v -20.8422 -8.25137 -4.42546
v -20.8354 -7.99653 0.0393661
v -20.5078 -7.4674 -4.43855
v -20.7053 -6.26839 -4.32257
v -20.5595 -5.85091 -0.279342
v -20.6476 -4.95504 -4.14786
v -20.4769 -4.55787 -0.636625
v -20.8954 -4.27521 -1.0325
v -20.5803 -3.25532 -3.36
v -20.6845 -3.03291 -2.77036
v -20.6621 -2.96535 -2.17097
v -20.5034 -3.06349 -1.60687
v -19.9876 -12.7333 -2.79753
v -20.2651 -12.8939 -2.2208
v -20.0366 -12.7428 -1.515
v -20.3305 -12.1693 -3.82912
v -20.3964 -12.5606 -3.42876
v -20.3534 -12.6026 -0.989202
v -20.3324 -11.6879 -4.12964
v -20.0104 -12.1177 -0.555234
v -20.1948 -11.6828 -0.251597
v -20.3616 -11.1323 -4.33753
v -20.332 -11.1298 -0.0381859
v -20.3779 -10.5186 -4.46002
v -20.4025 -10.4862 0.0816601
v -20.3411 -9.86253 -4.50431
v -20.3868 -9.77951 0.104604
v -20.2391 -9.17906 -4.50266
v -20.2708 -9.02326 0.0586631
v -20.06 -8.48306 -4.48731
v -20.0407 -8.23116 -0.0281469
v -20.4235 -7.10135 -0.0723089
v -20.0694 -6.69513 -4.50395
v -20.143 -5.4433 -4.45407
v -20.022 -4.10996 -4.33585
v -20.3594 -3.6217 -3.89486
v -20.2253 -3.29592 -1.10382
v -20.0285 -2.10566 -2.90633
v -20.0124 -2.03706 -2.26058
v -19.7349 -12.7221 -2.08234
v -19.7805 -12.4508 -3.31591
v -19.4669 -12.5642 -2.63999
v -19.5248 -12.5258 -1.42885
v -19.7851 -12.4077 -0.948013
v -19.6628 -12.071 -3.72443
v -19.6073 -11.6107 -4.03076
v -19.4909 -11.5548 -0.405479
v -19.5867 -11.0867 -4.24254
v -19.5438 -11.0606 -0.230446
v -19.5737 -10.516 -4.36746
v -19.5681 -10.4827 -0.132913
v -19.5409 -9.91542 -4.41317
v -19.5489 -9.84819 -0.117786
v -19.4694 -9.29823 -4.41114
v -19.4637 -9.1715 -0.16074
v -19.7918 -7.78942 -4.49053
v -19.6823 -7.41688 -0.127807
v -19.5707 -5.971 -4.62621
v -19.8751 -6.19825 -0.17154
v -19.945 -4.91202 -0.359221
v -19.5684 -4.698 -4.64391
v -19.8448 -3.63118 -0.687567
v -19.7332 -2.7958 -4.11249
v -19.9293 -2.36065 -3.54207
v -19.8626 -2.16109 -1.66017
v -19.6048 -2.43671 -1.12622
v -19.462 -1.33116 -3.03539
v -19.4585 -1.27074 -2.31765
v -19.2513 -12.2931 -3.13668
v -19.0273 -12.3554 -2.46193
v -19.2616 -12.4993 -1.94955
v -19.0957 -12.2724 -1.38259
v -19.3058 -12.1857 -0.977444
v -19.1067 -11.9327 -3.52117
v -18.9954 -11.9916 -1.04806
v -19.4245 -11.9382 -0.653109
v -19.0163 -11.4996 -3.80398
v -18.9632 -11.0102 -3.99562
v -19.3401 -8.67776 -4.39285
v -19.2903 -8.46716 -0.237453
v -19.1338 -8.06731 -4.38977
v -19.0062 -7.74966 -0.323598
v -19.4226 -7.11302 -4.54456
v -18.9922 -6.48989 -4.65425
v -19.1818 -6.59409 -0.212302
v -19.0556 -5.33147 -4.80984
v -19.309 -5.31628 -0.229783
v -19.0282 -4.06932 -4.89558
v -19.3787 -4.03786 -0.383872
v -19.4347 -3.3768 -4.57714
v -19.2647 -2.82289 -0.679873
v -19.1928 -2.11486 -4.36982
v -19.3631 -1.61072 -3.74325
v -19.0828 -1.74278 -1.08287
v -19.3219 -1.424 -1.66142
v -18.9947 -0.631653 -3.05355
v -18.9854 -0.588628 -2.26578
v -18.8659 -12.2384 -1.82886
v -18.6756 -11.7788 -3.24154
v -18.8295 -12.1099 -2.91095
v -18.5358 -11.9237 -2.65856
v -18.688 -12.1238 -2.27656
v -18.554 -11.943 -1.72236
v -18.6715 -11.8357 -1.26774
v -18.936 -11.7795 -0.865821
v -18.5633 -11.3779 -3.47331
v -18.8924 -11.4308 -0.681669
v -18.49 -10.9232 -3.62582
v -18.8702 -10.9848 -0.550253
v -18.9306 -10.4811 -4.10662
v -18.8551 -10.465 -0.477715
v -18.9017 -9.92862 -4.14749
v -18.8326 -9.89503 -0.470201
v -18.8534 -9.36632 -4.14572
v -18.7754 -9.29115 -0.50837
v -18.7629 -8.8076 -4.1288
v -18.6562 -8.66981 -0.572885
v -18.6074 -8.26591 -4.12421
v -18.8317 -7.48018 -4.43338
v -18.4689 -6.95172 -4.52817
v -18.5892 -7.0335 -0.394854
v -18.5406 -5.95602 -4.82448
v -18.5304 -5.75124 -0.229292
v -18.5679 -4.813 -5.05938
v -18.8441 -4.48452 -0.21849
v -18.5691 -3.59411 -5.21259
v -18.868 -3.27859 -0.342248
v -18.9338 -2.79289 -4.87348
v -18.5225 -2.3478 -5.27814
v -18.772 -2.17894 -0.598112
v -18.7504 -1.59508 -4.74868
v -18.624 -1.1788 -0.933783
v -18.5119 -0.601324 -4.79298
v -18.8525 -0.8493 -4.0045
v -18.8518 -0.794618 -1.55505
v -18.5991 -0.0366081 -3.67307
v -18.6364 0.0706439 -2.85678
v -18.578 0.0870459 -2.02862
v -18.3862 -11.7772 -2.44284
v -18.4252 -11.8599 -2.13355
v -18.2524 -11.2687 -3.06272
v -18.3831 -11.6333 -2.90773
v -18.157 -11.3718 -2.55599
v -18.1376 -11.3783 -2.07971
v -18.2578 -11.4349 -1.59616
v -18.4587 -11.3295 -1.08085
v -18.1659 -10.8459 -3.1622
v -17.9899 -10.7987 -2.6338
v -18.0902 -10.8425 -1.50859
v -18.3895 -10.9078 -0.989207
v -18.4455 -10.4309 -3.71179
v -18.1152 -10.3827 -3.2173
v -18.0391 -10.3906 -1.48155
v -18.3504 -10.4299 -0.939606
v -18.4198 -9.91731 -3.74393
v -18.0918 -9.89664 -3.23917
v -18.0159 -9.90118 -1.48328
v -18.3269 -9.90814 -0.937242
v -18.3881 -9.39702 -3.74349
v -18.0704 -9.40405 -3.24157
v -17.9919 -9.39279 -1.50595
v -18.2899 -9.3604 -0.968252
v -18.3258 -8.88473 -3.73173
v -18.026 -8.92129 -3.23822
v -18.2103 -8.80443 -1.01878
v -18.2085 -8.39509 -3.72989
v -18.0114 -7.94277 -3.75923
v -18.0591 -8.25797 -1.07495
v -18.4477 -8.04743 -0.644406
v -18.213 -7.53147 -4.19869
v -18.1226 -7.44043 -0.703595
v -18.0805 -6.5173 -4.67864
v -18.0846 -6.4583 -0.430486
v -18.1077 -5.54745 -5.0601
v -18.1514 -4.45204 -5.37936
v -18.2889 -4.85722 -0.131634
v -18.0117 -4.20136 -0.0118479
v -18.4405 -3.76277 -0.134482
v -18.189 -3.24805 -5.63017
v -18.0583 -3.21082 0.0254241
v -18.4203 -2.68434 -0.223301
v -18.2038 -2.03109 -5.84438
v -18.0076 -2.22402 -0.00796694
v -18.3324 -1.67035 -0.414413
v -18.4183 -1.25268 -5.33089
v -18.0143 -0.571573 -6.82068
v -18.1788 -0.955547 -6.04527
v -18.193 -0.709442 -0.639016
v -18.2926 -0.332568 -5.48484
v -18.4227 -0.215351 -1.28547
v -18.143 0.0739979 -6.16563
v -18.3098 0.186781 -4.98626
v -18.4671 -0.00676312 -4.38058
v -17.9755 0.279815 -0.768776
v -18.0305 0.652279 -6.81714
v -18.1965 0.570625 -5.49703
v -18.291 0.558203 -4.64066
v -18.3556 0.571097 -4.13955
v -18.4043 0.645513 -3.44457
v -18.3637 0.801309 -2.61917
v -18.1081 1.15809 -5.9407
v -18.2176 0.932132 -4.81402
v -18.249 1.17235 -4.11574
v -18.2433 1.36552 -3.36254
v -18.1504 0.913587 -1.54583
v -18.1362 1.5409 -5.05941
v -18.145 1.86478 -4.21426
v -18.153 1.58592 -2.5148
v -18.0254 1.96251 -6.34503
v -18.1035 2.15215 -3.36712
v -18.052 2.36101 -5.31075
v -18.0414 2.71621 -4.34021
v -17.9809 2.42542 -2.47986
v -17.9609 -10.8019 -2.0697
v -17.9365 -10.3536 -2.65743
v -17.9061 -10.3607 -2.0665
v -17.9142 -9.88176 -2.66987
v -17.8836 -9.88783 -2.0727
v -17.8975 -9.40109 -2.67704
v -17.8662 -9.40185 -2.08702
v -17.8605 -8.92943 -2.68485
v -17.8266 -8.92129 -2.10819
v -17.9385 -8.88394 -1.54169
v -17.9332 -8.46471 -3.24287
v -17.7776 -8.48463 -2.6992
v -17.7376 -8.46471 -2.13493
v -17.827 -8.39311 -1.58265
v -17.767 -8.05065 -3.26925
v -17.623 -8.08454 -2.726
v -17.572 -8.05066 -2.16596
v -17.6286 -7.93881 -1.62099
v -17.7595 -7.56114 -3.8215
v -17.5484 -7.71202 -3.31678
v -17.6458 -7.52271 -1.13553
v -17.7323 -6.96095 -4.36316
v -17.7178 -6.93944 -0.732502
v -17.7018 -6.21228 -4.8893
v -17.5378 -6.16369 -0.409763
v -17.7567 -5.62618 -0.201362
v -17.7335 -5.30017 -5.36598
v -17.7612 -5.042 -0.0635139
v -17.6112 -4.52027 0.0703791
v -17.5152 -4.08655 -6.33055
v -17.8019 -4.21956 -5.79476
v -17.7017 -3.71915 0.178639
v -17.8858 -3.00682 -6.18355
v -17.6517 -2.81644 -6.87735
v -17.6804 -2.79452 0.27453
v -17.966 -1.75817 -6.54898
v -17.602 -1.86651 0.322822
v -17.7972 -1.44443 -7.3687
v -17.9112 -1.26812 -0.100907
v -17.6272 -1.01826 -8.31804
v -17.7468 -0.322274 -0.151521
v -17.8731 -0.0406121 -7.64776
v -17.7034 0.697481 -8.51718
v -17.5563 1.35382 -0.315373
v -17.5137 1.76785 -9.21768
v -17.9224 1.43618 -7.42114
v -17.9242 1.83675 -1.55342
v -17.503 2.12122 -0.459316
v -17.8008 2.47235 -7.88963
v -17.7445 2.68924 -1.51949
v -17.9283 2.98317 -6.6607
v -17.9724 3.03412 -3.39846
v -17.9518 3.37485 -5.51757
v -17.9267 3.72192 -4.44693
v -17.8238 3.32074 -2.45057
v -17.5745 3.58208 -1.46159
v -17.6479 3.80744 -8.13463
v -17.7965 4.21938 -6.83837
v -17.8377 4.03031 -3.41936
v -17.8224 4.56485 -5.62936
v -17.6692 4.30594 -2.40547
v -17.7896 4.87722 -4.48773
v -17.6872 5.15959 -3.39261
v -17.621 5.6015 -6.90411
v -17.5043 5.41507 -2.32311
v -17.6557 5.86946 -5.66323
v -17.6228 6.12477 -4.47609
v -17.5139 6.36743 -3.33173
v -17.0387 -7.3927 -3.47285
v -17.2986 -7.48174 -3.38485
v -17.2962 -7.6573 -2.78228
v -17.2215 -7.60272 -2.20352
v -17.2175 -7.43698 -1.64623
v -17.3345 -7.2135 -3.98509
v -17.1203 -7.02116 -1.13607
v -17.1079 -6.70107 -4.76753
v -17.4043 -6.74711 -4.53854
v -17.2705 -6.63514 -0.71318
v -17.0752 -6.07124 -5.5215
v -17.3681 -6.07201 -5.16464
v -17.0055 -6.06199 -0.313775
v -17.193 -5.5875 -0.100228
v -17.1428 -5.17695 -6.26756
v -17.4133 -5.18605 -5.76188
v -17.2844 -5.09951 0.0399151
v -17.2025 -4.67352 0.207029
v -17.1071 -3.97315 -7.83263
v -17.2855 -4.01656 -7.00406
v -17.3661 -4.1701 0.266915
v -17.0472 -3.92953 0.54773
v -17.3579 -3.36773 0.453092
v -17.4785 -2.62292 -7.71622
v -17.29 -2.47972 0.626138
v -17.284 -2.37835 -8.71349
v -17.1756 -1.58071 0.788132
v -17.474 -0.943247 0.370278
v -17.3856 -0.408039 -9.41151
v -17.2427 -0.00486612 0.575746
v -17.4512 0.656891 0.0789661
v -17.3126 3.29564 -9.53802
v -17.3618 2.94827 -0.453007
v -17.2032 3.82414 -0.396593
v -17.4059 4.55476 -1.37584
v -17.0842 5.05015 -9.60556
v -17.0321 4.78269 -0.301087
v -17.4525 5.32652 -8.21335
v -17.23 5.64676 -1.25837
v -17.3208 6.59741 -2.21917
v -17.2035 6.91467 -8.18299
v -17.3928 7.05989 -6.88399
v -17.0351 6.81472 -1.12745
v -17.4436 7.22713 -5.63627
v -17.4191 7.40724 -4.42546
v -17.3109 7.59927 -3.25024
v -17.1104 7.80228 -2.10933
v -17.1029 8.52492 -6.80409
v -17.178 8.57632 -5.5656
v -17.1715 8.66729 -4.3493
v -17.0711 8.80058 -3.16168
v -16.6746 -7.35226 -4.44342
v -16.6693 -7.59634 -3.64819
v -16.7992 -7.54272 -2.86643
v -16.6866 -7.47024 -2.20343
v -16.5958 -7.01649 -5.44022
v -16.9246 -7.17409 -4.2232
v -16.7538 -7.20997 -1.61229
v -16.7469 -6.89666 -1.07254
v -16.5966 -6.38714 -6.54715
v -16.8396 -6.79885 -5.06361
v -16.823 -6.50453 -0.628591
v -16.8194 -6.18471 -5.97673
v -16.544 -6.06557 -0.123611
v -16.5018 -5.55974 -8.63085
v -16.7174 -5.58315 0.0986111
v -16.7322 -5.36124 -7.6873
v -16.9173 -5.24473 -6.90278
v -16.8815 -5.09035 0.2327
v -16.5043 -5.0492 0.530729
v -16.759 -4.48749 0.569818
v -16.5546 -3.93821 -9.9773
v -16.8926 -3.94935 -8.82184
v -16.6755 -3.73662 0.934457
v -16.9796 -3.10426 0.824773
v -16.5616 -2.89741 1.30148
v -16.9862 -2.03483 -9.88248
v -16.8699 -2.23229 1.09355
v -16.7004 -1.33553 1.40703
v -16.9863 -0.666734 1.02701
v -16.6868 0.272235 1.44461
v -16.9205 0.61877 -10.8075
v -16.8699 0.961084 1.09011
v -16.9693 1.66822 0.811441
v -16.9563 2.40914 0.679919
v -16.6789 2.85809 -11.0701
v -16.8642 3.19849 0.654109
v -16.7264 4.05093 0.692575
v -16.5597 4.99225 0.776164
v -16.8534 5.85776 -0.177504
v -16.8128 6.80065 -9.54764
v -16.6485 7.01935 -0.0456079
v -16.8091 8.01531 -1.0014
v -16.8892 8.50893 -8.07911
v -16.8646 8.97895 -2.00925
v -16.5401 9.20517 -0.898502
v -16.4976 10.0463 -7.93727
v -16.7423 9.92695 -6.69046
v -16.8508 9.85549 -5.46831
v -16.8726 9.84759 -4.26107
v -16.7874 9.9168 -3.07956
v -16.5753 10.0767 -1.93462
v -16.5352 10.94 -4.16406
v -16.0763 -8.55554 -4.11106
v -16.1835 -8.27946 -3.00626
v -16.2116 -8.05793 -5.07258
v -16.312 -8.08151 -3.89003
v -16.4301 -7.87002 -2.93709
v -16.1528 -8.01597 -2.14903
v -16.1679 -7.71544 -6.48895
v -16.3731 -7.33 -5.91085
v -16.4381 -7.65464 -4.723
v -16.1484 -7.55268 -1.42039
v -16.1634 -7.04102 -8.09044
v -16.4506 -7.29395 -1.53237
v -16.2194 -7.05828 -0.844331
v -16.4028 -6.65329 -7.24961
v -16.4181 -6.52464 -0.461699
v -16.0148 -6.69273 -0.19314
v -16.14 -5.87349 -9.74316
v -16.1099 -6.16546 0.178965
v -16.2868 -5.61006 0.40795
v -16.1044 -5.01075 0.949893
v -16.3822 -4.37328 0.97092
v -16.2553 -3.57552 1.42685
v -16.0987 -2.71584 1.891
v -16.4032 -2.01805 1.69007
v -16.4279 -1.74904 -11.2539
v -16.1764 -1.10551 2.12635
v -16.4491 -0.413834 1.80361
v -16.085 0.538482 2.35689
v -16.2519 1.2376 2.09702
v -16.3463 1.94554 1.89141
v -16.3508 2.67029 1.77668
v -16.283 3.43592 1.73638
v -16.1603 4.26645 1.75406
v -16.4381 4.82987 -11.0958
v -16.3812 6.04828 0.885721
v -16.1575 6.72697 -10.9923
v -16.1668 7.20028 1.00181
v -16.48 8.52422 -9.40504
v -16.3986 8.23742 0.0748351
v -16.0853 9.48199 0.164061
v -16.0674 10.1979 -9.21849
v -16.2161 10.3409 -0.837053
v -16.4718 10.9443 -3.01469
v -16.0574 11.4837 -7.73497
v -16.3367 11.2301 -6.52972
v -16.4815 11.0433 -5.34095
v -16.2654 11.08 -1.90848
v -16.172 11.9365 -4.06156
v -16.1362 11.8793 -2.97785
v -16.0893 12.1184 -5.18007
v -15.5822 -9.76997 -4.67801
v -15.672 -9.4341 -3.2437
v -15.6053 -8.90974 -7.8716
v -15.7512 -9.12847 -5.96257
v -15.8383 -9.11467 -4.38854
v -15.932 -8.80745 -3.10499
v -15.743 -8.79829 -2.13308
v -15.9917 -8.53884 -5.50277
v -15.5191 -8.56895 -1.18089
v -15.929 -8.22471 -7.15054
v -15.8372 -7.97661 -1.28995
v -15.8033 -7.60817 -9.07597
v -15.6601 -7.55786 -0.474926
v -15.5724 -7.00606 0.196449
v -15.6596 -6.35272 0.612193
v -15.5627 -6.14535 -11.0585
v -15.8581 -5.66518 0.840583
v -15.6676 -4.96848 1.48968
v -15.9872 -3.9363 -11.3151
v -15.9558 -4.26606 1.4846
v -15.7908 -3.43039 2.02465
v -15.5878 -2.533 2.55586
v -15.8884 -1.81118 2.37207
v -15.6036 -0.865235 2.89295
v -15.8632 -0.159799 2.6344
v -15.6731 0.536397 -12.7772
v -15.5919 1.51458 3.04435
v -15.6809 2.21369 2.88369
v -15.6349 2.66888 -12.7526
v -15.6911 2.92342 2.78488
v -15.634 3.66875 2.73871
v -15.5215 4.47472 2.73601
v -16.0001 5.18596 1.81327
v -15.82 6.21848 1.89755
v -15.5962 7.34653 1.99026
v -15.8185 8.56664 -10.7962
v -15.8927 8.42955 1.10501
v -15.5347 9.71737 1.17586
v -15.6898 10.723 0.202304
v -15.8897 11.371 -0.861073
v -15.5998 11.7869 -8.96128
v -15.958 11.973 -1.95389
v -15.9119 12.3987 -6.30848
v -15.6133 12.2438 -1.01458
v -15.5972 12.7778 -7.4497
v -15.7958 12.8289 -3.95685
v -15.7829 12.7286 -2.97153
v -15.638 12.7814 -2.06059
v -15.6938 13.0594 -4.98223
v -15.1086 -10.7773 -6.70895
v -15.0794 -10.9516 -3.53815
v -15.2921 -10.5325 -4.93502
v -15.1494 -10.2752 -2.21836
v -15.1849 -9.89844 -8.39598
v -15.4627 -9.85794 -6.40098
v -15.3917 -10.1515 -3.39666
v -15.4568 -9.48832 -2.16572
v -15.1958 -9.33293 -1.13307
v -15.1472 -8.57524 -10.3245
v -15.2695 -8.16034 -0.234008
v -15.1698 -6.52409 1.21808
v -15.4019 -5.71157 1.41115
v -15.1802 -4.91591 2.14956
v -15.0849 -3.9402 -12.8512
v -15.4833 -4.16324 2.10589
v -15.2774 -3.27315 2.69281
v -15.0256 -2.32236 3.25859
v -15.4519 -1.67765 -12.8584
v -15.3239 -1.58581 3.09591
v -15.2295 0.120117 3.45371
v -15.4371 0.819063 3.24248
v -15.4359 4.7232 -12.6991
v -15.3651 5.36632 2.76758
v -15.1765 6.36856 2.82422
v -15.1745 6.7028 -12.5314
v -15.305 8.55262 2.07473
v -15.4023 10.3662 -10.5439
v -15.069 11.045 1.19495
v -15.3187 11.8414 0.111886
v -15.0783 12.7179 -0.184869
v -15.1022 13.2562 -8.60668
v -15.4937 13.3967 -6.01333
v -15.3442 13.0107 -1.25836
v -15.1575 13.8557 -7.04674
v -15.3143 13.845 -4.74396
v -15.4193 13.6092 -3.85324
v -15.4141 13.4986 -2.99821
v -15.2904 13.5308 -2.21836
v -15.0394 13.7231 -1.55317
v -15.1077 14.1885 -5.63087
v -15.0703 14.3224 -3.74963
v -15.063 14.2246 -3.03926
v -14.5467 -12.4236 -5.17386
v -14.6715 -11.9368 -6.77744
v -14.7233 -11.8265 -3.64243
v -14.6559 -11.3187 -8.46751
v -14.9522 -11.4134 -5.11512
v -14.8104 -11.1332 -2.27481
v -14.8564 -10.2091 -1.12202
v -14.8918 -9.02356 -0.124211
v -14.9785 -7.53674 0.809872
v -14.6173 -6.57632 2.03862
v -14.6859 -6.21815 -12.6111
v -14.889 -5.7123 2.13427
v -14.6381 -4.81706 2.88661
v -14.96 -4.03378 2.79803
v -14.7107 -3.07569 3.39628
v -14.7082 -1.31612 3.81797
v -14.9822 -0.589269 3.65366
v -14.549 0.450663 4.19584
v -14.7426 1.13916 4.03127
v -14.8846 1.82018 3.87676
v -14.967 2.50058 3.74742
v -14.9815 3.18722 3.65839
v -14.9329 3.90523 3.606
v -14.8262 4.67973 3.58658
v -14.6661 5.53585 3.59646
v -14.9364 7.4599 2.8928
v -14.6252 8.6188 2.96016
v -14.8479 8.63206 -12.267
v -14.9229 9.81925 2.13433
v -14.9269 12.0945 -10.2132
v -14.8844 13.4395 -0.599152
v -14.9512 14.2497 -2.39578
v -14.7353 14.4083 -1.86066
v -14.6528 14.0932 -1.04216
v -14.6471 14.4508 -8.07905
v -14.7788 14.6439 -6.49135
v -14.7716 14.8439 -5.20528
v -14.9733 14.5324 -4.48546
v -14.6932 15.1786 -4.22692
v -14.777 15.0135 -3.64497
v -14.7623 14.9417 -3.07607
v -14.6567 14.967 -2.56147
v -14.5673 15.7275 -3.53816
v -14.5451 15.6848 -3.09003
v -14.2024 -13.2128 -6.68611
v -14.1138 -13.5079 -5.14537
v -14.1023 -12.9024 -8.26877
v -14.3115 -12.7682 -3.68379
v -14.4294 -12.0366 -2.31884
v -14.0826 -12.0851 -1.12354
v -14.3588 -10.8011 -10.1749
v -14.4899 -11.1379 -1.12333
v -14.1229 -11.0262 -0.0620239
v -14.5139 -10.021 -0.0865449
v -14.113 -9.80438 0.908112
v -14.2165 -8.4603 -12.2376
v -14.5071 -8.71764 0.878161
v -14.3331 -7.52431 1.9339
v -14.3146 -5.64176 2.9491
v -14.0376 -4.63598 3.6579
v -14.3807 -3.84662 3.52428
v -14.086 -2.80991 4.09999
v -14.409 -2.05735 3.96171
v -14.1795 -1.70726 -14.5335
v -14.0397 -0.976233 4.4946
v -14.312 -0.252182 4.35532
v -14.3219 0.491932 -14.5169
v -14.1276 2.14137 4.6278
v -14.2999 2.61978 -14.4568
v -14.2023 2.79661 4.5169
v -14.2199 3.45539 4.43201
v -14.1781 4.14225 4.37308
v -14.1535 4.6892 -14.3241
v -14.0749 4.88171 4.34008
v -14.4575 6.49871 3.63198
v -14.1874 7.54222 3.68251
v -14.2237 9.8237 3.01317
v -14.4531 10.5354 -11.9231
v -14.426 11.1289 2.15238
v -14.4506 12.5567 1.13992
v -14.3736 13.4236 0.452802
v -14.4104 13.7207 -9.78231
v -14.2728 14.0617 -0.114721
v -14.4152 14.7109 -1.47534
v -14.1313 14.625 -0.690061
v -14.3069 15.2154 -7.30274
v -14.4629 15.2462 -5.87195
v -14.4679 15.0934 -2.14242
v -14.2036 15.3247 -1.86017
v -14.0445 15.7281 -6.44835
v -14.2115 15.7663 -5.27697
v -14.5031 15.4332 -4.78068
v -14.4965 15.8409 -3.98853
v -14.4428 15.7113 -2.68404
v -14.2735 15.8056 -2.36009
v -14.0437 16.2808 -4.76277
v -14.3198 16.0263 -4.40124
v -14.0499 15.9666 -2.1581
v -14.2392 16.6933 -4.1111
v -14.4056 16.5764 -3.79048
v -14.4691 16.5096 -3.42814
v -14.4443 16.4891 -3.06252
v -14.3458 16.5112 -2.73208
v -14.1881 16.5722 -2.47529
v -14.3867 17.3117 -3.01548
v -14.1964 17.3932 -3.90231
v -14.3523 17.3415 -3.63654
v -14.4111 17.3156 -3.32859
v -14.2926 17.3257 -2.7342
v -14.1428 17.3536 -2.52177
v -14.1262 18.085 -3.76691
v -14.2682 18.0923 -3.53046
v -14.322 18.1016 -3.25322
v -14.2548 18.1117 -2.84492
v -14.0685 18.1103 -2.53329
v -14.0852 18.7854 -3.476
v -14.1304 18.8235 -3.21571
v -14.1079 18.8402 -2.95056
v -13.6918 -14.6111 -5.0638
v -13.6078 -14.3814 -7.98233
v -13.7526 -14.4818 -6.51459
v -13.8811 -13.7473 -3.68436
v -13.5491 -13.8903 -2.34085
v -13.7407 -12.6726 -9.84502
v -13.9961 -12.9597 -2.33427
v -13.6209 -13.0165 -1.10924
v -13.6951 -12.0134 -0.0357009
v -13.7144 -10.8586 0.930773
v -13.6388 -10.6155 -11.8304
v -13.6447 -9.65257 1.88199
v -14.0041 -8.57259 1.89136
v -13.6825 -7.48118 2.95953
v -13.9919 -6.52664 2.97605
v -13.5609 -6.20453 -14.2304
v -13.6741 -5.47435 3.79479
v -13.9126 -3.949 -14.4551
v -13.7407 -3.57072 4.2479
v -13.7345 -1.71143 4.62776
v -13.5933 0.125295 5.02701
v -13.8199 0.812889 4.89181
v -13.9991 1.48253 4.75576
v -13.9079 5.69832 4.33297
v -13.675 6.61659 4.35169
v -13.9223 6.71314 -14.0898
v -13.621 8.70975 -13.7503
v -13.8429 8.64028 3.73742
v -13.7123 11.0531 3.03868
v -14.0017 12.3612 -11.4954
v -13.7678 12.4357 2.1911
v -13.8254 15.3057 -9.15395
v -13.979 15.1463 -1.2323
v -13.846 15.6585 -1.70054
v -13.7085 15.8795 -7.87238
v -13.8231 16.1668 -5.68651
v -13.7539 16.2018 -2.06031
v -13.6749 16.6014 -5.0596
v -13.8553 16.7423 -2.30387
v -13.6327 17.1013 -4.61004
v -13.9787 16.8663 -4.38571
v -13.797 17.5542 -4.21757
v -13.8302 17.4256 -2.40279
v -13.637 18.1305 -4.12706
v -13.9108 18.0932 -3.96498
v -13.772 18.0935 -2.44438
v -13.6671 18.6297 -3.96065
v -13.9635 18.7276 -3.69694
v -13.7244 18.7453 -2.47074
v -14.0268 18.8339 -2.71502
v -13.896 18.8028 -2.54359
v -13.6891 19.3285 -3.58069
v -13.765 19.4374 -3.22977
v -13.7044 19.4529 -2.86373
v -13.5562 19.3916 -2.58643
v -13.049 -16.7256 -6.1192
v -13.1903 -15.7079 -7.66031
v -13.3566 -15.6756 -6.30995
v -13.3191 -15.6778 -4.96328
v -13.112 -15.6995 -3.6517
v -13.4689 -14.7342 -3.66628
v -13.1273 -14.8163 -2.35837
v -13.2141 -14.3447 -9.43066
v -13.1387 -13.9355 -1.10015
v -13.0451 -12.6191 -11.3665
v -13.2066 -12.9571 0.00737306
v -13.2789 -11.8629 0.965495
v -13.2694 -10.6957 1.87674
v -13.1137 -9.56032 2.80745
v -13.1262 -8.44053 -13.8691
v -13.3992 -8.51484 2.8916
v -13.2832 -6.39228 3.93259
v -13.3746 -4.33671 4.42051
v -13.3988 -2.44771 4.7689
v -13.3226 -0.587427 5.1524
v -13.2039 1.83289 5.4484
v -13.3184 2.46513 5.33102
v -13.3847 3.09217 5.22642
v -13.404 3.72157 5.1405
v -13.3678 4.37669 5.0748
v -13.2676 5.08088 5.03084
v -13.0948 5.85748 5.01014
v -13.3707 7.60587 4.38762
v -13.4111 9.7668 3.7861
v -13.2638 10.6972 -13.3024
v -13.0618 12.2705 3.06676
v -13.5052 14.0579 -10.9795
v -13.5196 14.3894 0.815974
v -13.3505 13.9619 1.51353
v -13.5232 14.8711 0.163191
v -13.4759 15.3024 -0.501652
v -13.4148 15.703 -1.12402
v -13.5233 16.2718 -6.85484
v -13.377 16.0925 -1.64935
v -13.3425 16.624 -5.98001
v -13.367 16.5193 -2.04895
v -13.22 16.9852 -5.27823
v -13.3896 17.0319 -2.29407
v -13.2099 17.4045 -4.77981
v -13.229 17.6797 -2.45765
v -13.2596 17.84 -4.44837
v -13.3167 18.25 -4.24752
v -13.2472 18.1613 -2.50645
v -13.3401 18.5512 -4.14866
v -13.3059 18.6015 -2.50207
v -13.1236 18.8028 -4.16467
v -13.4072 19.0808 -3.93887
v -13.1462 19.0935 -2.52906
v -13.1028 19.5528 -3.89277
v -13.199 19.7216 -3.7251
v -13.4113 19.2983 -2.51674
v -13.2534 19.8472 -3.52847
v -13.2626 19.9236 -3.2902
v -13.2019 19.9398 -2.93239
v -13.0826 19.8573 -2.65709
v -12.6117 -18.5405 -5.78454
v -12.6352 -18.4268 -4.74164
v -12.6173 -17.8096 -7.0704
v -12.808 -17.6684 -5.94364
v -12.8137 -17.5609 -4.805
v -12.6501 -17.4922 -3.68944
v -12.8677 -16.834 -7.35484
v -13.034 -16.6528 -4.87795
v -12.8474 -16.6136 -3.66276
v -12.7864 -15.7897 -8.98299
v -12.7692 -15.7254 -2.4066
v -12.67 -14.8456 -1.116
v -12.6707 -13.8814 0.0524891
v -12.7739 -12.8 1.03163
v -12.8462 -11.675 1.90087
v -12.6104 -10.6237 -13.3809
v -12.7982 -10.5503 2.74229
v -12.7089 -8.47083 3.85508
v -12.9373 -7.39078 3.98234
v -12.9714 -5.14744 4.61812
v -12.6453 -3.88328 5.1315
v -13.0349 -3.17501 4.93211
v -12.6635 -2.01578 5.42545
v -12.7321 -1.72442 -16.1169
v -13.0115 -1.30716 5.28091
v -12.561 -0.170956 5.81797
v -12.8211 0.471558 -16.1293
v -12.8263 0.522424 5.69779
v -13.0403 1.18784 5.57263
v -12.7931 2.60258 -16.0545
v -12.6664 4.68695 -15.8798
v -12.841 6.72985 5.01424
v -12.9895 8.63554 4.43208
v -12.8792 10.8957 3.81793
v -12.8571 12.5966 -12.7615
v -12.9014 13.6937 2.31268
v -12.9368 15.52 -10.4432
v -12.6605 15.7569 0.286102
v -12.5585 15.434 0.988714
v -12.6919 16.0677 -0.44839
v -12.8553 16.5018 -9.02034
v -13.0002 16.6127 -8.00762
v -12.7788 16.6241 -1.69244
v -12.7116 16.3591 -1.13462
v -12.9061 16.8595 -7.01178
v -12.7746 17.1268 -6.12822
v -12.8711 16.9269 -2.10626
v -12.6856 17.4294 -5.40514
v -12.7191 17.7818 -4.89074
v -12.9662 17.332 -2.36049
v -12.827 18.1511 -4.5432
v -12.6048 18.0968 -2.57449
v -12.9615 18.5044 -4.32072
v -12.7372 18.4694 -2.60701
v -12.69 18.9619 -4.2806
v -12.8739 18.7944 -2.58625
v -12.5617 19.6051 -4.10443
v -12.9685 19.3469 -4.04418
v -12.7759 19.4635 -2.5893
v -12.6454 19.9347 -3.89234
v -12.6763 20.1758 -3.62583
v -12.9746 19.7363 -2.58385
v -12.6414 20.2775 -3.26881
v -12.5699 20.2649 -2.92105
v -12.1039 -21.053 -5.41722
v -12.1569 -20.9831 -4.58506
v -12.0707 -20.9386 -3.76621
v -12.0727 -20.3281 -6.38818
v -12.2653 -20.2188 -5.52081
v -12.3128 -20.1309 -4.63241
v -12.2124 -20.073 -3.76299
v -12.2424 -19.507 -6.58258
v -12.4381 -19.3785 -5.64317
v -12.4759 -19.2752 -4.68504
v -12.3575 -19.2062 -3.74957
v -12.0847 -19.1806 -2.87814
v -12.4164 -18.684 -6.81148
v -12.2256 -17.9791 -8.15034
v -12.4951 -18.3512 -3.72172
v -12.1993 -18.3223 -2.7637
v -12.3331 -17.4675 -2.63189
v -12.4655 -16.9803 -8.55318
v -12.5138 -16.6055 -2.50532
v -12.1109 -15.9363 -10.2466
v -12.2767 -15.7422 -1.19985
v -12.1001 -14.8103 0.0849421
v -12.5279 -14.4066 -10.8233
v -12.191 -13.7068 1.11968
v -12.0783 -12.6805 -12.7895
v -12.3433 -12.5636 1.97959
v -12.417 -11.4569 2.73575
v -12.3113 -10.4354 3.4938
v -12.5246 -9.52239 3.65687
v -12.2395 -6.21715 -15.7461
v -12.5149 -6.04245 4.84101
v -12.2103 -4.59842 5.36587
v -12.5352 -3.96183 -15.9961
v -12.2824 -2.69519 5.59894
v -12.2488 -0.8671 5.94534
v -12.2083 1.55658 6.2693
v -12.3546 2.17399 6.14169
v -12.4545 2.77843 6.01997
v -12.5121 3.37767 5.91026
v -12.5318 3.97944 5.81864
v -12.5004 4.60545 5.74599
v -12.4047 5.27744 5.69317
v -12.2316 6.0171 5.66105
v -12.4595 6.74298 -15.5922
v -12.5078 7.66328 5.03635
v -12.0969 8.62308 5.06967
v -12.1907 8.78898 -15.1791
v -12.5261 9.67495 4.47643
v -12.2297 12.0004 3.84312
v -12.2429 13.4396 3.12747
v -12.4071 14.329 -12.1431
v -12.3216 15.1246 1.69401
v -12.2695 16.6421 -9.9545
v -12.1065 17.2978 -8.7364
v -12.2724 17.3083 -7.88929
v -12.2436 17.4429 -7.00628
v -12.1585 17.6446 -6.17151
v -12.4399 17.7327 -2.45556
v -12.2477 17.4323 -2.2145
v -12.112 17.901 -5.46128
v -12.1992 18.1995 -4.95185
v -12.3725 18.5147 -4.60066
v -12.1367 18.4728 -2.66162
v -12.1976 19.1259 -4.39929
v -12.4436 18.9471 -2.66111
v -12.2863 19.4371 -4.26066
v -12.2355 19.4851 -2.68303
v -12.1109 19.861 -4.14851
v -12.0737 20.1884 -3.94855
v -12.5083 20.1806 -2.75087
v -12.4096 19.9442 -2.65847
v -11.6008 -25.176 -5.09195
v -11.6364 -25.1689 -4.44092
v -11.5754 -25.1662 -3.78456
v -11.6881 -24.7249 -5.13848
v -11.7287 -24.7144 -4.45592
v -11.6662 -24.7103 -3.76814
v -11.5945 -24.1556 -5.85737
v -11.7432 -24.1323 -5.17713
v -11.7892 -24.1165 -4.47055
v -11.7258 -24.1099 -3.7596
v -11.6317 -23.4689 -5.91892
v -11.791 -23.435 -5.21654
v -11.8418 -23.4111 -4.48802
v -11.7768 -23.3998 -3.75716
v -11.5888 -23.4035 -3.04775
v -11.6868 -22.7178 -5.99365
v -11.8563 -22.6695 -5.26534
v -11.9104 -22.634 -4.51155
v -11.8418 -22.615 -3.75905
v -11.6431 -22.6158 -3.0346
v -11.7852 -21.9398 -6.09555
v -11.964 -21.8727 -5.33215
v -12.0191 -21.8211 -4.54434
v -11.9435 -21.7903 -3.76348
v -11.7302 -21.7854 -3.02093
v -11.6021 -21.2405 -6.97651
v -11.9171 -21.1411 -6.22645
v -11.8397 -20.9265 -2.99688
v -11.7377 -20.4504 -7.19448
v -11.9613 -20.0535 -2.95258
v -11.5697 -20.0697 -2.2062
v -11.8873 -19.6515 -7.4619
v -11.6642 -19.1965 -2.07572
v -12.0414 -18.8486 -7.78355
v -11.6173 -18.1719 -9.1485
v -11.751 -18.3394 -1.87742
v -11.8599 -17.4852 -1.64065
v -11.8177 -17.1667 -9.68254
v -12.0209 -16.6208 -1.39476
v -11.6204 -15.7362 -0.00329494
v -11.5951 -14.5375 -12.1188
v -11.7458 -13.3908 2.10406
v -11.9343 -12.2521 2.8275
v -11.5666 -11.8693 3.55156
v -12.0112 -11.2158 3.43549
v -11.7 -11.0146 3.90507
v -11.7818 -10.4503 4.11752
v -11.8673 -9.59877 4.39552
v -11.8541 -8.46688 -15.3455
v -11.9277 -8.54165 4.70976
v -11.9355 -7.18214 5.10953
v -11.7105 -5.34632 5.63406
v -11.8719 -3.32725 5.81431
v -11.8944 -1.54081 6.09208
v -11.7589 0.251921 6.51788
v -12.0112 0.918473 6.39673
v -11.5823 3.64352 6.60272
v -11.601 4.22266 6.50121
v -11.5741 4.82543 6.42149
v -11.9678 6.84617 5.6505
v -11.6204 7.72685 5.65693
v -11.6098 9.57453 5.10742
v -11.8784 10.8432 -14.6277
v -11.975 10.6934 4.51201
v -11.8856 14.8539 2.43654
v -11.9107 15.8021 -11.4808
v -11.7094 16.6081 0.305527
v -12.0335 17.2509 -1.81562
v -11.8586 17.093 -1.24826
v -11.7844 16.8628 -0.50173
v -11.6073 17.4688 -9.46347
v -11.6153 17.8597 -7.6982
v -11.5867 17.9742 -6.92546
v -11.7733 18.0669 -2.46512
v -11.6894 18.624 -4.97218
v -11.9272 18.8873 -4.62807
v -11.8216 18.9799 -2.74178
v -11.7734 19.5625 -4.37768
v -11.747 19.4581 -2.76251
v -11.8527 19.9713 -2.74323
v -12.0393 20.343 -3.76424
v -11.9943 20.4352 -3.52944
v -11.9459 20.4655 -3.27825
v -11.8838 20.3883 -2.9539
v -11.201 -25.3304 -6.2263
v -11.3252 -25.4108 -5.60975
v -11.3592 -25.5181 -4.99842
v -11.4882 -25.4443 -4.42233
v -11.2876 -25.5848 -4.41055
v -11.3323 -25.5131 -3.82839
v -11.2626 -25.3992 -3.2162
v -11.1601 -25.1755 -2.53547
v -11.3209 -24.7599 -6.40481
v -11.5503 -24.7405 -5.79504
v -11.4947 -24.714 -3.09591
v -11.2268 -24.7242 -2.46049
v -11.3498 -24.1846 -6.4893
v -11.5464 -24.1143 -3.06624
v -11.2644 -24.128 -2.41179
v -11.3711 -23.5104 -6.57136
v -11.292 -23.4203 -2.38
v -11.4094 -22.7753 -6.66974
v -11.3285 -22.6345 -2.35576
v -11.084 -22.0993 -7.42369
v -11.4895 -22.0171 -6.80319
v -11.3929 -21.804 -2.32972
v -11.1642 -21.344 -7.63116
v -11.4763 -20.944 -2.28537
v -11.263 -20.5771 -7.89969
v -11.371 -19.8029 -8.23975
v -11.4787 -19.0259 -8.66179
v -11.1032 -19.2515 -1.34729
v -11.1535 -18.4017 -1.07268
v -11.2279 -17.5435 -0.724011
v -11.3566 -16.6512 -0.320248
v -11.2085 -16.1268 -11.4096
v -11.5219 -14.6205 1.22016
v -11.3417 -12.9591 2.99295
v -11.2971 -11.3664 4.14466
v -11.388 -10.6875 -14.7735
v -11.1829 -10.6943 4.59968
v -11.1315 -9.84949 4.98865
v -11.0784 -6.03402 5.97094
v -11.4138 -3.92186 6.06677
v -11.0767 -2.72015 6.49242
v -11.5021 -2.16689 6.27038
v -11.1353 -1.73419 -17.5444
v -11.1058 -1.04948 6.79125
v -11.4557 -0.413816 6.64523
v -11.1899 0.464291 -17.5674
v -11.148 1.29271 7.15291
v -11.3222 1.90014 7.01284
v -11.1495 2.60141 -17.4886
v -11.4487 2.48956 6.86809
v -11.5335 3.06825 6.72819
v -11.4864 5.47161 6.36139
v -11.3226 6.18094 6.31873
v -11.1965 8.62137 5.67575
v -11.3263 11.6741 4.53857
v -11.5259 12.8104 -13.965
v -11.4453 13.0544 3.87191
v -11.1367 14.5952 -13.2181
v -11.2788 14.5224 3.17947
v -11.2298 16.1394 1.7722
v -11.5322 16.3766 1.05509
v -11.3644 16.9235 -10.8081
v -11.4832 17.8632 -8.38946
v -11.5335 18.1468 -6.15031
v -11.3296 17.8834 -2.02826
v -11.5398 18.3669 -5.4676
v -11.3267 18.5146 -2.6123
v -11.2288 19.0216 -4.96075
v -11.5365 19.2438 -4.62289
v -11.1895 19.0915 -2.78587
v -11.246 19.559 -4.58257
v -11.4097 19.6946 -2.80273
v -11.5081 20.0666 -4.19031
v -11.2577 20.0598 -2.84968
v -11.3784 20.3287 -3.93889
v -11.2708 20.4363 -3.56664
v -11.1997 20.418 -3.18715
v -11.1908 20.3227 -2.98889
v -10.5892 -25.2253 -7.24691
v -10.9164 -25.3409 -6.72526
v -10.6707 -25.6209 -6.29125
v -10.9051 -25.6178 -5.90367
v -10.6815 -25.6411 -5.68717
v -10.8403 -25.6394 -5.38717
v -10.8878 -25.638 -4.931
v -10.7434 -25.639 -4.44893
v -11.0382 -25.6349 -4.41595
v -10.837 -25.6365 -3.91756
v -10.8588 -25.6349 -3.37621
v -10.7789 -25.6118 -2.83333
v -11.0454 -25.4484 -2.64608
v -10.674 -25.5227 -2.2161
v -10.8287 -25.1855 -1.98346
v -10.6077 -24.8049 -7.39955
v -11.0059 -24.7817 -6.94702
v -10.875 -24.7396 -1.88312
v -10.5959 -24.2535 -7.5193
v -11.0156 -24.2175 -7.05095
v -10.8935 -24.1496 -1.81756
v -11.0165 -23.5572 -7.15006
v -10.9005 -23.4484 -1.77409
v -11.0316 -22.8385 -7.26682
v -10.9122 -22.6687 -1.74007
v -10.5813 -22.1893 -7.93135
v -10.9451 -21.8434 -1.70283
v -10.6208 -21.4565 -8.16342
v -10.9923 -20.9882 -1.63992
v -10.6707 -20.714 -8.4751
v -10.7208 -19.966 -8.88511
v -11.0473 -20.119 -1.52889
v -10.7611 -19.2169 -9.41219
v -10.8301 -18.383 -10.0277
v -10.9663 -17.3808 -10.7031
v -10.674 -15.6735 1.32601
v -11.0393 -14.1858 2.26539
v -10.6306 -13.6011 3.20752
v -10.9031 -12.7956 -14.0702
v -10.9851 -12.4374 3.77367
v -10.6965 -11.8109 4.44234
v -11.0504 -8.82844 5.38361
v -10.8013 -7.70887 5.83954
v -10.7477 -6.24166 -17.1021
v -10.8903 -4.4889 6.35151
v -10.9874 -3.97563 -17.3969
v -10.605 -3.21233 6.74955
v -10.7131 -1.62581 6.96844
v -10.6413 0.0301299 7.40476
v -10.9205 0.659946 7.27874
v -10.6013 3.88301 7.28673
v -11.0294 4.69861 -17.2925
v -10.6318 4.44901 7.16639
v -10.6272 5.03573 7.07132
v -10.8445 6.77733 -16.9636
v -11.0673 6.9732 6.29133
v -10.73 7.80898 6.27759
v -10.61 8.85902 -16.4863
v -10.7031 9.49194 5.70237
v -11.0482 10.4829 5.1428
v -10.7788 15.8672 2.48209
v -10.7142 16.1021 -12.4138
v -10.8278 17.7501 -10.1026
v -10.8644 17.5942 -0.581582
v -10.778 17.3588 0.25264
v -11.0543 18.0447 -8.92017
v -11.0534 18.1983 -8.08758
v -10.8645 17.9355 -1.50528
v -10.6537 18.4247 -8.30227
v -11.0127 18.3004 -7.55678
v -10.9595 18.4401 -6.84184
v -10.9389 18.6026 -6.10501
v -10.8555 18.4319 -2.33973
v -11.0092 18.7943 -5.44505
v -10.7998 18.8271 -2.64731
v -10.8562 19.3585 -4.92658
v -10.8678 19.3854 -2.81295
v -11.03 19.8268 -4.50054
v -10.7972 20.1187 -4.27583
v -10.7008 19.8921 -2.90734
v -10.6195 20.2904 -3.92386
v -10.1355 -25.238 -7.57154
v -10.098 -25.4832 -7.33872
v -10.5198 -25.4772 -7.03634
v -10.419 -25.6028 -6.77074
v -10.3059 -25.6442 -6.45298
v -10.3482 -25.643 -5.96933
v -10.2944 -25.6426 -5.55172
v -10.4379 -25.6418 -5.01618
v -10.4067 -25.6415 -4.51986
v -10.3425 -25.6414 -4.00651
v -10.3999 -25.6403 -3.47439
v -10.2516 -25.6407 -3.00236
v -10.3442 -25.6392 -2.52268
v -10.1359 -25.6406 -2.2062
v -10.3241 -25.5285 -1.79276
v -10.4298 -25.1978 -1.50696
v -10.1287 -24.8283 -7.74031
v -10.4519 -24.7588 -1.38504
v -10.0945 -24.2914 -7.87131
v -10.4472 -24.1775 -1.30485
v -10.5739 -23.6087 -7.63117
v -10.4284 -23.4859 -1.25024
v -10.5623 -22.9081 -7.76018
v -10.4086 -22.7163 -1.20509
v -10.4004 -21.901 -1.15329
v -10.4001 -21.0562 -1.06881
v -10.4041 -20.1983 -0.925656
v -10.4086 -19.3437 -0.697821
v -10.41 -18.5085 -0.359295
v -10.4329 -17.6582 0.0835131
v -10.5023 -16.7581 0.624196
v -10.124 -16.3404 -12.4307
v -10.4612 -14.7077 -13.2759
v -10.1727 -14.878 2.51848
v -10.2742 -12.9614 4.03348
v -10.4965 -11.0649 4.9951
v -10.3234 -10.2011 5.47425
v -10.1156 -9.22109 5.92213
v -10.4176 -8.51387 -16.6372
v -10.2462 -6.56851 6.41139
v -10.2712 -5.00855 6.67276
v -10.282 -2.11355 7.18926
v -10.312 -0.568473 7.54541
v -10.2625 1.61361 7.91524
v -10.4073 2.1913 7.7587
v -10.5072 2.75716 7.59247
v -10.5658 3.32007 7.43196
v -10.557 5.66082 7.00192
v -10.4109 6.34307 6.94921
v -10.1783 7.10123 6.90422
v -10.3201 8.6489 6.27587
v -10.1471 10.3008 5.7322
v -10.341 10.9651 -15.8452
v -10.4062 11.3403 5.17148
v -10.5699 12.6001 4.55584
v -10.5296 14.0306 3.88596
v -10.193 15.481 3.18144
v -10.2616 17.2359 -11.5793
v -10.5408 17.1902 1.00421
v -10.1586 17.0172 1.70682
v -10.3604 18.3387 -9.34175
v -10.4486 18.6638 -7.58744
v -10.402 18.6032 -2.16901
v -10.3863 18.8276 -6.82793
v -10.4139 18.9815 -6.07601
v -10.5607 19.1502 -5.41459
v -10.2392 19.0957 -2.60747
v -10.1864 19.4392 -5.3483
v -10.5586 19.6353 -4.85326
v -10.4011 19.4914 -2.8196
v -10.2289 19.9318 -4.6239
v -10.5126 20.1746 -3.09038
v -10.087 19.7385 -2.92128
v -10.5374 20.3192 -3.63095
v -10.4943 20.2802 -3.33612
v -9.60471 -25.3681 -7.64552
v -10.0292 -25.6051 -7.04306
v -9.94212 -25.645 -6.68576
v -9.84958 -25.6441 -6.26803
v -9.76457 -25.6435 -5.79107
v -9.88284 -25.6431 -5.20469
v -9.81086 -25.6429 -4.66796
v -9.94772 -25.6427 -4.0777
v -9.83763 -25.6427 -3.54504
v -9.71386 -25.6429 -3.03013
v -9.77238 -25.6426 -2.56427
v -9.8543 -25.6423 -2.19679
v -9.85326 -25.6423 -1.8689
v -9.8994 -25.599 -1.58508
v -9.96031 -25.3404 -1.22893
v -9.96988 -24.7807 -0.987502
v -9.93882 -24.2101 -0.894971
v -10.0495 -23.6645 -7.99082
v -9.89002 -23.5309 -0.828628
v -10.0105 -22.9849 -8.12511
v -9.83177 -22.7751 -0.768368
v -9.9942 -22.2899 -8.30046
v -9.77234 -21.9742 -0.694089
v -9.98889 -21.5827 -8.54628
v -9.9828 -20.8669 -8.89198
v -9.71178 -21.1453 -0.580305
v -9.96417 -20.1458 -9.36698
v -9.65014 -20.3052 -0.401534
v -9.92126 -19.4229 -10.0007
v -9.90179 -18.6078 -10.7508
v -9.95346 -17.6104 -11.5749
v -9.78209 -14.1659 3.47728
v -9.96661 -12.2523 4.7487
v -9.70441 -11.4597 5.35862
v -9.9988 -10.7739 -15.9796
v -9.79993 -8.14697 6.3768
v -10.0744 -3.65517 7.03313
v -9.8058 -2.53199 7.44143
v -9.93438 -1.1076 7.71511
v -9.83227 0.421525 8.16438
v -10.0695 1.01526 8.04669
v -9.64464 4.65628 7.79236
v -9.69775 5.23543 7.66547
v -9.66068 5.84251 7.58115
v -9.86888 7.89581 6.86852
v -9.84698 9.45357 6.28457
v -9.67803 12.1385 5.18908
v -10.0402 12.9904 -15.0735
v -9.70141 13.4543 4.55642
v -9.71048 14.8296 -14.2044
v -9.63731 16.7685 2.39418
v -9.82076 18.0705 -10.6861
v -10.0431 18.1686 -0.607855
v -9.97443 17.9433 0.158616
v -9.68389 17.8478 0.825183
v -10.02 18.7358 -8.528
v -9.96111 18.5067 -1.39862
v -9.86411 18.9877 -7.66394
v -9.8557 19.1532 -6.80782
v -9.79939 18.9403 -2.13808
v -9.95758 19.2911 -6.01788
v -9.87814 19.666 -5.21826
v -9.77051 19.3805 -2.69078
v -9.62808 19.8353 -4.99656
v -9.98281 20.1109 -4.23409
v -9.87295 20.1398 -3.87866
v -9.81292 20.0854 -3.47954
v -9.86388 19.9505 -3.12948
v -9.57305 -25.6058 -7.21101
v -9.51558 -25.6447 -6.83753
v -9.43602 -25.6439 -6.40475
v -9.33854 -25.6435 -5.91553
v -9.23002 -25.6432 -5.3838
v -9.11737 -25.6431 -4.82352
v -9.50299 -25.6431 -4.15828
v -9.3964 -25.6431 -3.59786
v -9.28681 -25.6432 -3.05235
v -9.18436 -25.6435 -2.53448
v -9.30299 -25.6437 -2.07989
v -9.47364 -25.644 -1.71059
v -9.47136 -25.6026 -1.37082
v -9.47549 -25.4769 -1.08485
v -9.46905 -25.2248 -0.86205
v -9.57143 -24.851 -7.94719
v -9.43504 -24.8042 -0.711767
v -9.51539 -24.3304 -8.08397
v -9.37664 -24.2466 -0.610102
v -9.44923 -23.7243 -8.20516
v -9.29701 -23.5835 -0.533155
v -9.38518 -23.0697 -8.33689
v -9.19933 -22.8466 -0.457024
v -9.33545 -22.4038 -8.50529
v -9.28565 -21.7275 -8.75275
v -9.2214 -21.0416 -9.12164
v -9.12829 -20.3471 -9.65434
v -9.58745 -19.4708 -0.13229
v -9.52377 -18.659 0.252912
v -9.47061 -17.8447 0.747408
v -9.43948 -17.0028 1.34454
v -9.34337 -16.1735 2.06219
v -9.17189 -14.8875 -14.2532
v -9.4355 -13.4405 4.32139
v -9.56047 -12.9292 -15.1709
v -9.11828 -12.6773 5.05912
v -9.4491 -10.58 5.8903
v -9.16219 -9.60952 6.37081
v -9.30342 -7.00071 6.87631
v -9.11141 -6.2637 -18.2428
v -9.52656 -5.46097 7.03473
v -9.30382 -3.9874 -18.58
v -9.47168 -4.06042 7.33453
v -9.27823 -2.90042 7.71267
v -9.41473 -1.74162 -18.752
v -9.51 -1.55898 7.92829
v -9.21996 -0.646829 8.42439
v -9.55467 -0.142313 8.2796
v -9.44723 0.459146 -18.7841
v -9.22976 1.28002 8.76788
v -9.38026 1.84969 8.63263
v -9.40439 2.60039 -18.7019
v -9.48902 2.40279 8.46233
v -9.55112 2.95434 8.27972
v -9.56167 3.51935 8.10753
v -9.5748 4.08946 7.94524
v -9.297 4.70633 -18.4889
v -9.53929 6.49755 7.51851
v -9.13589 6.80118 -18.1287
v -9.33947 7.22057 7.45664
v -9.49211 8.68726 6.84367
v -9.32014 10.1836 6.30207
v -9.52443 11.0474 5.76023
v -9.48634 14.9017 3.86695
v -9.35454 16.3774 -13.2711
v -9.19154 17.7687 1.45661
v -9.43345 18.6798 -9.7056
v -9.32231 18.5831 -0.523488
v -9.43694 18.3102 0.0347271
v -9.1949 19.0856 -8.68217
v -9.21996 18.9311 -1.31857
v -9.20035 19.3094 -7.66004
v -9.35625 19.4333 -6.70557
v -9.56908 19.5392 -5.88516
v -9.20771 19.7056 -2.99174
v -9.14507 19.3053 -2.16086
v -9.24749 19.7334 -5.6324
v -9.42821 19.9517 -4.65529
v -9.28157 19.9932 -4.20752
v -9.19117 19.938 -3.66632
v -9.01996 -25.373 -7.69253
v -9.05293 -25.6044 -7.25363
v -9.03163 -25.643 -6.87991
v -8.96977 -25.6431 -6.45117
v -8.86087 -25.6431 -5.97207
v -8.72576 -25.6431 -5.45427
v -9.00747 -25.6431 -4.24862
v -8.9072 -25.6431 -3.67305
v -8.81489 -25.6432 -3.11163
v -8.72885 -25.6434 -2.57923
v -8.64739 -25.6437 -2.09066
v -9.04148 -25.6448 -1.63263
v -8.99962 -25.6048 -1.26703
v -8.93959 -25.3603 -0.850234
v -8.93825 -24.8718 -7.99807
v -8.85337 -24.8282 -0.579113
v -8.86245 -24.3695 -8.13423
v -8.76872 -24.2862 -0.472411
v -8.77921 -23.7875 -8.25032
v -8.66117 -23.6436 -0.38771
v -8.69537 -23.1633 -8.3708
v -8.61778 -22.534 -8.52014
v -9.08677 -22.0672 -0.357808
v -8.9622 -21.262 -0.212437
v -8.82851 -20.4474 0.00215906
v -8.99196 -19.6449 -10.3932
v -8.68857 -19.64 0.309047
v -8.87026 -18.8414 -11.2805
v -8.8211 -17.843 -12.2581
v -8.90235 -16.5562 -13.2683
v -9.09528 -15.3969 2.91825
v -8.77703 -14.6411 3.80826
v -8.81576 -11.8521 5.69879
v -8.83443 -8.55602 -17.7147
v -8.80517 -8.54458 6.82722
v -8.6893 -5.85653 7.40644
v -8.78408 -4.43983 7.64509
v -8.69276 -3.23814 7.99069
v -9.03801 -1.94297 8.16965
v -8.81134 -1.0626 8.63076
v -8.62395 -0.278078 9.01027
v -8.87521 0.184479 8.91888
v -9.05543 0.717153 8.8645
v -8.61011 3.04728 8.89195
v -8.72403 4.86973 8.31615
v -8.84009 5.4305 8.16365
v -8.84163 6.01409 8.06549
v -8.75072 6.63844 7.99264
v -9.06936 7.97344 7.39994
v -8.93185 8.90916 -17.6049
v -8.73711 8.71802 7.35281
v -9.05758 9.43609 6.83125
v -8.73561 10.8442 6.32321
v -8.69569 11.0545 -16.901
v -8.8308 11.7313 5.78146
v -8.85771 12.8695 5.19126
v -8.71602 14.2197 4.53291
v -9.01565 16.3558 3.0812
v -8.97516 17.5287 -12.3068
v -8.60605 18.3716 -11.2714
v -9.04407 18.3844 0.429484
v -8.70376 18.8347 -0.271418
v -8.92053 19.6713 -6.43308
v -8.99188 19.8816 -5.21418
v -8.79874 19.9595 -4.6465
v -8.66457 19.9427 -3.9454
v -8.34879 -25.2635 -7.7274
v -8.46453 -25.5447 -7.33282
v -8.52245 -25.6401 -6.83023
v -8.48716 -25.6413 -6.43088
v -8.36548 -25.642 -5.98539
v -8.19869 -25.6422 -5.50163
v -8.58529 -25.6431 -4.90939
v -8.46026 -25.6431 -4.3491
v -8.37152 -25.6431 -3.78503
v -8.30348 -25.6431 -3.23368
v -8.24056 -25.643 -2.71153
v -8.16717 -25.6427 -2.23508
v -8.56883 -25.6443 -1.66078
v -8.4502 -25.546 -1.14367
v -8.32419 -25.2488 -0.764601
v -8.25947 -24.8907 -7.90333
v -8.23087 -24.8516 -0.610814
v -8.16609 -24.4075 -8.03338
v -8.12315 -24.328 -0.50407
v -8.52875 -22.9322 -0.298186
v -8.52824 -21.8956 -8.75583
v -8.36943 -22.1839 -0.177011
v -8.1863 -21.4127 -0.00323294
v -8.40855 -21.2439 -9.13535
v -8.24051 -20.5748 -9.71619
v -8.54525 -18.8562 0.731301
v -8.40082 -18.0852 1.25607
v -8.25755 -17.3158 1.87051
v -8.47043 -13.8739 4.62778
v -8.16235 -13.0728 5.36901
v -8.46982 -10.8499 -16.9704
v -8.50757 -10.9535 6.25906
v -8.17332 -9.9706 6.75859
v -8.33956 -7.38153 7.2866
v -8.51751 -2.27993 8.42388
v -8.34248 -1.41914 8.8683
v -8.23651 -0.63059 9.21791
v -8.24225 0.155717 9.41396
v -8.32212 0.86967 9.4607
v -8.42495 1.41635 9.38848
v -8.52684 1.96942 9.25402
v -8.59285 2.50738 9.0792
v -8.56572 3.60617 8.72018
v -8.41177 4.2642 8.60366
v -8.14411 6.173 8.42135
v -8.58945 7.3215 7.91605
v -8.36378 8.02803 7.84205
v -8.3509 9.41617 7.31966
v -8.57487 10.1028 6.83283
v -8.43189 13.1242 -16.0543
v -8.14491 15.0056 -15.102
v -8.33248 15.6907 3.7828
v -8.5174 17.5926 2.11767
v -8.4492 18.4111 0.941053
v -8.28088 18.9945 -10.1246
v -8.56669 19.2197 -1.16813
v -8.57435 19.6147 -7.40069
v -8.53655 19.5603 -2.15125
v -8.58108 19.8707 -5.90222
v -8.32453 20.0033 -5.16913
v -8.13749 20.0406 -4.28999
v -8.58023 19.8151 -3.11295
v -7.68161 -25.2679 -7.50858
v -7.81004 -25.486 -7.28006
v -7.92985 -25.5971 -7.00629
v -8.02022 -25.6361 -6.70581
v -7.85168 -25.6369 -6.33081
v -7.88629 -25.6395 -5.98017
v -7.67837 -25.6397 -5.54591
v -8.02812 -25.6422 -4.98747
v -7.88818 -25.6422 -4.4546
v -7.8133 -25.6422 -3.91473
v -7.77573 -25.6421 -3.38735
v -7.74777 -25.6417 -2.89196
v -7.69222 -25.6407 -2.44846
v -8.06775 -25.6423 -1.82083
v -7.95047 -25.6034 -1.47089
v -7.82355 -25.4878 -1.18738
v -7.69517 -25.2573 -0.972426
v -8.06974 -23.8516 -8.13932
v -7.97152 -23.2606 -8.24288
v -7.99429 -23.711 -0.416186
v -7.83753 -23.0335 -0.318978
v -7.87251 -22.6722 -8.36583
v -7.64611 -22.3284 -0.184264
v -7.75007 -22.0768 -8.57959
v -7.98243 -20.6328 0.244099
v -8.00592 -19.8841 -10.5558
v -7.76092 -19.8583 0.585936
v -7.77332 -19.0789 -11.5796
v -8.09305 -16.5533 2.5679
v -7.88498 -15.8032 3.34155
v -7.77292 -15.0473 -15.0095
v -7.64617 -15.0458 4.1424
v -8.09137 -13.0465 -16.054
v -7.83968 -12.2152 6.02419
v -7.79264 -8.89214 7.21603
v -7.79251 -6.20562 7.75691
v -8.02083 -4.78864 7.95294
v -8.04297 -3.56445 8.2632
v -7.94761 -2.59021 8.67568
v -7.82706 -1.74595 9.10662
v -7.76006 -0.934375 9.4715
v -7.83807 -0.199077 9.6419
v -7.66858 0.2958 9.85485
v -7.64365 0.831733 9.90851
v -7.67888 1.38642 9.85461
v -7.72786 1.9413 9.72831
v -7.74419 2.47783 9.56477
v -7.71376 3.00219 9.3913
v -7.62249 3.52056 9.2352
v -7.95459 5.11464 8.67479
v -8.10847 5.62692 8.52559
v -8.08808 6.75982 8.33761
v -7.96698 7.39432 8.24994
v -7.78446 8.04568 8.16505
v -8.07963 8.72276 7.77693
v -7.74298 9.37047 7.72701
v -7.91888 10.0297 7.30487
v -8.0396 10.6962 6.8435
v -8.08945 11.4405 6.34281
v -8.06199 12.352 5.79088
v -7.93939 13.5254 5.17365
v -7.62398 14.8981 4.47463
v -7.83925 16.5856 -14.0813
v -7.77678 17.1871 2.82656
v -7.64167 18.3371 1.51809
v -8.0523 18.9611 0.0796311
v -8.05119 19.513 -8.6981
v -7.9038 19.4097 -0.994022
v -8.10311 19.889 -6.71086
v -7.75898 20.0894 -5.74893
v -8.00365 19.9622 -3.27797
v -7.90667 19.7477 -2.14627
v -7.19881 -25.4833 -6.96544
v -7.46491 -25.6124 -6.60847
v -7.13756 -25.6292 -6.15788
v -7.46356 -25.6353 -6.01735
v -7.19596 -25.6348 -5.61619
v -7.47381 -25.6395 -5.06673
v -7.31804 -25.6393 -4.55999
v -7.25648 -25.6394 -4.04304
v -7.25483 -25.6394 -3.54153
v -7.27877 -25.6389 -3.0811
v -7.25623 -25.6375 -2.68901
v -7.57194 -25.6389 -2.07676
v -7.41199 -25.5998 -1.76929
v -7.23743 -25.4868 -1.5185
v -7.56536 -24.9076 -7.6733
v -7.57354 -24.8734 -0.828142
v -7.45673 -24.4435 -7.79268
v -7.44806 -24.3713 -0.72725
v -7.35116 -23.9138 -7.88515
v -7.30814 -23.7858 -0.642472
v -7.2441 -23.3566 -7.96916
v -7.13098 -22.8104 -8.06317
v -7.14318 -23.152 -0.546526
v -7.58151 -21.4645 -8.95562
v -7.41898 -21.6042 0.00927806
v -7.34418 -20.8257 -9.56536
v -7.1551 -20.8695 0.282966
v -7.52483 -19.1031 1.04323
v -7.61126 -18.0664 -12.713
v -7.28341 -18.3614 1.5979
v -7.58828 -16.7535 -13.8811
v -7.38948 -14.2618 4.92142
v -7.4978 -11.2888 6.60282
v -7.13209 -10.2812 7.1144
v -7.13183 -8.59019 -18.5784
v -7.34515 -7.70703 7.65004
v -7.35633 -6.28161 -19.1624
v -7.1912 -5.1021 8.24616
v -7.50716 -3.99655 -19.5364
v -7.33193 -3.87269 8.52285
v -7.32743 -2.89419 8.90974
v -7.26798 -2.0541 9.33144
v -7.5897 -1.74681 -19.729
v -7.24176 -1.25075 9.70076
v -7.33209 -0.445031 9.92109
v -7.60931 0.455838 -19.7685
v -7.57139 2.59959 -19.6833
v -7.40196 3.98639 9.15651
v -7.48172 4.71083 -19.4574
v -7.60538 4.67656 8.89575
v -7.32354 5.35197 8.91457
v -7.49796 5.81057 8.7792
v -7.56314 6.31524 8.67197
v -7.34609 6.81595 -19.0746
v -7.54278 6.86106 8.57804
v -7.46058 7.44315 8.4826
v -7.31803 8.03582 8.3918
v -7.17032 8.94132 -18.5188
v -7.5442 8.68306 8.08968
v -7.24986 9.27565 8.03056
v -7.35977 9.93589 7.6986
v -7.43622 10.5691 7.30419
v -7.44741 11.2252 6.85837
v -7.37774 11.9778 6.35571
v -7.21378 12.9091 5.78349
v -7.51938 17.7514 -13.0296
v -7.20361 18.5952 -11.9164
v -7.23271 19 0.460935
v -7.1338 19.5385 -0.842993
v -7.37782 19.9461 -7.51219
v -7.5143 20.1728 -4.6733
v -7.33531 20.1195 -3.48446
v -7.18824 19.9099 -2.18291
v -7.02766 -25.271 -7.17072
v -6.871 -25.5884 -6.3518
v -6.7826 -25.6268 -5.74155
v -6.9503 -25.634 -5.15619
v -6.77663 -25.6336 -4.66015
v -6.72503 -25.6338 -4.15088
v -6.76068 -25.6342 -3.65769
v -6.84881 -25.6344 -3.2099
v -6.84006 -25.6323 -2.82875
v -7.11514 -25.6346 -2.39254
v -6.90764 -25.5952 -2.15967
v -6.68585 -25.4844 -1.95836
v -7.06696 -25.2634 -1.32745
v -6.8862 -24.9224 -7.31836
v -6.91928 -24.8933 -1.19916
v -6.7648 -24.4763 -7.42338
v -6.78073 -24.4139 -1.10903
v -6.6538 -23.9714 -7.50081
v -6.63767 -23.8625 -1.03241
v -6.94259 -22.5047 -0.412135
v -6.98454 -22.261 -8.24813
v -6.69516 -21.8429 -0.212934
v -6.77752 -21.6944 -8.605
v -7.01542 -20.1504 -10.4803
v -6.85343 -20.1328 0.658119
v -6.65558 -19.3521 -11.621
v -7.04592 -17.6272 2.23185
v -6.8216 -16.8945 2.92699
v -7.10404 -13.4338 5.65374
v -6.77896 -12.5449 6.31448
v -6.82828 -10.9105 -17.756
v -6.73794 -9.18013 7.56845
v -6.84452 -6.50492 8.0769
v -6.65651 -3.18435 9.12324
v -6.66813 -2.35464 9.5285
v -6.68564 -1.56725 9.89992
v -6.79647 -0.746581 10.1462
v -7.0999 0.0925309 10.1589
v -7.00201 0.659582 10.2328
v -6.97692 1.23739 10.1908
v -6.97264 1.80817 10.0767
v -6.93717 2.35413 9.93424
v -6.86034 2.86876 9.78569
v -6.73194 3.34558 9.65334
v -6.98373 4.35312 9.21526
v -7.00353 4.95617 9.0935
v -6.81806 5.54271 9.08179
v -7.00364 5.96735 8.9524
v -7.09375 6.4368 8.8406
v -6.73097 6.5337 8.9505
v -6.93799 6.97114 8.79113
v -6.90449 7.47877 8.68993
v -6.95109 8.00789 8.54514
v -6.67027 7.9713 8.64792
v -6.94963 8.57077 8.3879
v -6.85779 9.15014 8.24875
v -6.90511 9.79261 7.99441
v -6.92529 10.4286 7.68837
v -6.96018 11.1133 -17.7739
v -6.89808 11.0446 7.31337
v -6.79395 11.6987 6.87253
v -6.72351 13.2139 -16.8793
v -6.92631 14.1029 5.13235
v -7.08499 16.4203 3.60147
v -6.91023 19.2091 -10.7115
v -6.97824 20.202 -6.33143
v -6.69122 20.3186 -5.07601
v -6.52147 -25.3768 -6.63639
v -6.42998 -25.5848 -5.89552
v -6.48551 -25.625 -5.26484
v -6.29078 -25.624 -4.74997
v -6.24288 -25.6244 -4.21916
v -6.31319 -25.6258 -3.69731
v -6.47312 -25.6276 -3.20932
v -6.33718 -25.536 -2.55024
v -6.47642 -25.2679 -1.799
v -6.25227 -24.935 -6.84884
v -6.30595 -24.911 -1.69195
v -6.15844 -24.4536 -1.61649
v -6.54357 -23.4465 -7.56568
v -6.47646 -23.2767 -0.944691
v -6.42448 -22.9403 -7.63299
v -6.26506 -22.4379 -7.78551
v -6.28345 -22.6939 -0.821234
v -6.48266 -21.0966 -9.21474
v -6.38971 -21.1652 0.0774381
v -6.51292 -19.4027 1.15606
v -6.16053 -18.6755 1.75159
v -6.32504 -18.344 -12.9082
v -6.14763 -17.0101 -14.2468
v -6.61969 -16.1574 3.66525
v -6.24718 -15.2339 -15.5416
v -6.42021 -15.3994 4.42161
v -6.20316 -14.6042 5.17109
v -6.51146 -13.1544 -16.7316
v -6.42236 -11.5854 6.90409
v -6.31072 -7.97328 7.97447
v -6.30444 -5.37548 8.51286
v -6.56277 -4.15621 8.7623
v -6.23237 -1.06713 10.3231
v -6.52606 -0.185699 10.3827
v -6.37917 0.409462 10.4585
v -6.30444 1.01647 10.4217
v -6.25049 1.61289 10.3204
v -6.16598 2.17628 10.2028
v -6.52821 3.76489 9.56764
v -6.22537 4.10702 9.55903
v -6.5016 4.6399 9.33138
v -6.51923 5.17239 9.23664
v -6.43214 5.69341 9.19048
v -6.1491 5.34047 9.32999
v -6.37754 6.03152 9.15222
v -6.27039 6.54595 9.08907
v -6.52489 7.03789 8.91817
v -6.28899 7.06183 8.97737
v -6.31803 7.47088 8.86878
v -6.32365 7.90078 8.7659
v -6.52814 8.4419 8.56703
v -6.26941 8.33792 8.66635
v -6.34182 8.88891 8.49289
v -6.26183 9.4398 8.35836
v -6.35718 9.82308 8.20001
v -6.50665 10.2402 7.97913
v -6.43487 10.858 7.69304
v -6.29964 11.4667 7.32813
v -6.59652 12.4612 6.35675
v -6.28362 13.4012 5.7548
v -6.46812 15.1249 -15.8745
v -6.43548 15.4912 4.37092
v -6.20183 16.7283 -14.799
v -6.3997 18.1025 2.25421
v -6.17168 19.0362 0.716322
v -6.59785 19.6693 -9.45287
v -6.16702 19.6469 -0.779045
v -6.2251 20.052 -8.17829
v -6.28348 20.0565 -2.27981
v -6.47392 20.2766 -3.73059
v -5.88607 -25.2747 -6.18932
v -6.12979 -25.4777 -6.05163
v -5.7448 -25.4757 -5.49328
v -6.08262 -25.5822 -5.38107
v -5.86604 -25.5809 -4.82843
v -5.81735 -25.5814 -4.25756
v -5.91476 -25.5834 -3.68738
v -5.98008 -25.5326 -3.09331
v -5.96039 -25.271 -2.35641
v -5.70281 -24.9449 -6.28802
v -5.77146 -24.9261 -2.27457
v -6.12071 -24.5049 -6.93676
v -6.00798 -24.0219 -6.99932
v -6.01784 -23.9356 -1.55186
v -5.90042 -23.5252 -7.04846
v -5.86813 -23.3968 -1.47733
v -5.78436 -23.0539 -7.09612
v -5.69329 -22.8771 -1.37217
v -6.03383 -21.9242 -8.10598
v -6.03431 -22.1021 -0.628902
v -5.69932 -21.3844 -8.67716
v -5.70469 -21.4893 -0.334556
v -6.07271 -20.4536 -10.1583
v -6.01504 -20.4706 0.485344
v -5.82323 -17.9477 2.4195
v -5.94855 -13.7554 5.88867
v -6.04238 -10.546 7.423
v -5.64713 -9.41711 7.87165
v -5.85362 -6.75109 8.35714
v -5.73859 -4.40837 8.97421
v -5.9344 -3.45321 9.31333
v -6.02547 -2.64021 9.69945
v -5.67963 -1.74985 -20.4647
v -6.09575 -1.8714 10.0632
v -5.93994 -0.4912 10.5428
v -5.76065 0.131225 10.609
v -5.69232 0.454081 -20.5093
v -5.64682 0.770826 10.5716
v -5.66431 2.59906 -20.4216
v -6.04808 2.69672 10.0831
v -5.894 3.16427 9.97539
v -5.70091 3.569 9.89389
v -5.88102 4.38553 9.59169
v -5.92549 4.95589 9.45577
v -5.80286 5.5294 9.38474
v -5.82104 5.98772 9.26651
v -5.90201 6.42318 9.14228
v -5.89525 6.93636 9.01472
v -5.93856 7.41465 8.88774
v -5.70592 7.40879 8.96721
v -5.86146 7.8701 8.78949
v -5.87372 8.38493 8.67668
v -5.74241 8.97993 8.58186
v -6.02524 8.68605 8.62269
v -5.97199 9.20331 8.49419
v -5.81244 9.70663 8.38872
v -5.74134 10.3677 8.19503
v -6.05119 10.6245 7.98263
v -5.8838 11.2338 7.70929
v -6.07485 12.1255 6.88109
v -5.74003 12.8892 6.34085
v -5.82168 14.5989 5.06342
v -5.72479 17.0061 3.38295
v -5.93247 17.906 -13.6923
v -5.66228 18.7492 -12.5393
v -5.85847 20.3253 -6.86216
v -5.47522 -25.2755 -5.58985
v -5.3651 -25.3752 -4.92087
v -5.3106 -25.3753 -4.27964
v -5.42573 -25.3756 -3.63633
v -5.55574 -25.2732 -2.96902
v -5.27707 -24.9516 -5.65917
v -5.35367 -24.9384 -2.91509
v -5.56332 -24.5278 -6.3567
v -5.19816 -24.5164 -2.87674
v -5.61849 -24.4885 -2.2167
v -5.45089 -24.0627 -6.40429
v -5.48361 -23.9998 -2.16665
v -5.34882 -23.5892 -6.43977
v -5.34897 -23.5015 -2.10832
v -5.24039 -23.1466 -6.47208
v -5.19668 -23.0351 -2.02556
v -5.62504 -22.5973 -7.21582
v -5.45587 -22.3554 -1.19766
v -5.38768 -22.1449 -7.4811
v -5.27025 -20.8435 0.0949431
v -5.23006 -20.8035 -9.58178
v -5.56167 -19.6922 -11.3771
v -5.55993 -19.7579 1.03715
v -5.528 -17.2155 3.13461
v -5.30179 -16.4753 3.8717
v -5.63638 -12.8367 6.54935
v -5.28383 -11.8431 7.14542
v -5.33714 -8.61321 -19.2287
v -5.24473 -8.18926 8.25047
v -5.50807 -6.2937 -19.8552
v -5.36982 -5.60401 8.74116
v -5.62022 -4.00251 -20.257
v -5.16066 -3.69325 9.4772
v -5.33793 -2.90343 9.84598
v -5.46973 -2.15686 10.1969
v -5.64095 -1.37008 10.4577
v -5.33439 -0.77628 10.6557
v -5.55075 1.39829 10.4806
v -5.42476 1.98429 10.3857
v -5.27398 2.51955 10.2929
v -5.33552 4.03819 9.8453
v -5.59595 4.71281 -20.1863
v -5.55272 4.61401 9.62977
v -5.53309 5.19487 9.50837
v -5.27912 4.80429 9.65263
v -5.32955 5.492 9.43005
v -5.44022 6.02176 9.23507
v -5.39189 5.8543 9.32418
v -5.49588 6.4623 9.20838
v -5.22979 6.41664 9.36007
v -5.48759 6.82304 -19.7883
v -5.52561 6.97532 9.1786
v -5.26714 6.86235 9.34816
v -5.4095 7.39082 9.18079
v -5.20182 7.22516 9.33237
v -5.54339 7.99872 8.87291
v -5.37255 7.7827 9.07233
v -5.37991 8.41474 8.74367
v -5.21238 8.1789 8.9853
v -5.33956 8.95746 -19.2122
v -5.422 8.84078 8.5703
v -5.45622 9.27101 8.53687
v -5.25915 9.78482 8.46908
v -5.49964 10.1109 8.34317
v -5.39375 10.7998 8.11116
v -5.15223 11.1438 -18.4427
v -5.63605 11.8456 7.34422
v -5.26738 11.5654 7.73382
v -5.28295 12.5028 6.87825
v -5.26892 13.8272 5.70033
v -5.39349 19.3488 -11.3251
v -5.56449 20.4574 -5.47879
v -5.31818 20.423 -4.0145
v -5.01428 -24.9544 -4.98555
v -4.9537 -24.9529 -4.29043
v -5.07396 -24.9474 -3.59366
v -5.13151 -24.5436 -5.70708
v -4.86414 -24.551 -5.01178
v -4.80007 -24.5484 -4.29468
v -4.91839 -24.5366 -3.5762
v -5.01975 -24.0915 -5.73937
v -4.75174 -24.1058 -5.02819
v -4.68406 -24.1031 -4.29436
v -4.79678 -24.0842 -3.55886
v -5.06995 -24.0495 -2.84264
v -4.92295 -23.635 -5.76189
v -4.68896 -23.6319 -3.53516
v -4.94973 -23.5797 -2.8015
v -4.67744 -22.8297 -5.83044
v -4.82232 -23.214 -5.78044
v -4.81821 -23.1492 -2.742
v -4.97103 -22.5342 -6.65581
v -4.97932 -22.5761 -1.87824
v -5.11845 -21.811 -0.915089
v -5.0375 -21.686 -7.96549
v -4.70665 -20.1525 0.692736
v -5.07432 -19.0294 1.69584
v -4.96355 -18.7395 -12.8126
v -5.11099 -15.7097 4.6142
v -4.92196 -14.9013 5.34555
v -4.70109 -14.0326 6.04917
v -4.83638 -13.26 -17.2163
v -5.1014 -10.9508 -18.3464
v -4.90808 -10.7697 7.66914
v -4.83071 -6.9514 8.59203
v -4.8625 -4.6225 9.15122
v -4.80519 -2.41727 10.307
v -5.02018 -1.65091 10.5608
v -4.70773 -1.03894 10.7367
v -5.13193 -0.125273 10.708
v -4.98942 0.547655 10.6653
v -4.86272 1.20722 10.5785
v -4.70769 1.81815 10.4982
v -5.10351 2.9948 10.208
v -4.82126 3.56444 10.1111
v -4.82232 4.50892 9.82731
v -4.94794 5.16218 9.57621
v -5.09888 4.9682 9.63962
v -4.86768 5.51013 9.38993
v -4.93562 5.95913 9.40175
v -4.95055 6.44573 9.47734
v -4.85546 6.98264 9.4711
v -4.88701 7.41749 9.37355
v -4.89982 7.91187 9.20768
v -4.93451 8.4997 8.91433
v -4.81467 8.30664 9.06012
v -4.97424 8.95564 8.55349
v -4.90107 8.79236 8.70631
v -4.9724 9.3721 8.52187
v -4.73664 9.78481 8.52654
v -4.95076 10.2134 8.41818
v -4.70233 10.8675 8.26384
v -4.9561 11.2286 8.03756
v -4.89976 12.1782 7.35475
v -4.93772 13.2613 -17.5203
v -4.80252 13.2602 6.30299
v -4.70819 15.1894 -16.4854
v -5.1517 15.974 4.23409
v -4.79592 19.1545 0.68962
v -5.11343 19.7922 -10.0515
v -4.80941 20.1665 -8.72064
v -5.09456 20.1973 -2.45559
v -4.91377 19.7758 -0.866185
v -4.60848 -23.4554 -5.0389
v -4.53411 -23.4566 -4.28003
v -4.41688 -22.8858 -5.05235
v -4.32984 -22.8904 -4.24241
v -4.48898 -23.0316 -3.46245
v -4.44791 -22.4838 -5.94732
v -4.18424 -22.5648 -5.0852
v -4.47007 -22.5309 -2.52987
v -4.50094 -21.9631 -7.11638
v -4.64943 -22.0996 -1.62623
v -4.53974 -21.21 -8.74251
v -4.6436 -21.223 -0.485749
v -4.60001 -20.1328 -10.7699
v -4.60812 -18.2874 2.42443
v -4.21125 -17.5344 3.18589
v -4.54624 -17.404 -14.3429
v -4.57758 -15.4943 -15.8463
v -4.41474 -13.0863 6.70848
v -4.52629 -9.61164 8.11279
v -4.40056 -5.79246 8.92892
v -4.33483 -3.897 9.612
v -4.60346 -3.13695 9.96973
v -4.36803 -1.90506 10.643
v -4.49162 -0.361161 10.7749
v -4.33106 0.342226 10.7258
v -4.18528 1.03102 10.6398
v -4.53499 2.37074 10.4246
v -4.17936 3.26221 10.2981
v -4.35532 2.85533 10.3578
v -4.40242 4.11063 10.0339
v -4.48265 5.1297 9.58488
v -4.56879 4.87551 9.7308
v -4.41664 5.50008 9.4434
v -4.43063 5.9256 9.54382
v -4.46342 6.48253 9.58762
v -4.17806 6.24781 9.63562
v -4.29842 6.95924 9.56599
v -4.29978 7.42838 9.46328
v -4.1757 8.00257 9.27958
v -4.45613 7.77184 9.34176
v -4.39538 8.40976 9.08056
v -4.54686 9.10427 8.53938
v -4.41536 8.89426 8.76033
v -4.44742 8.65546 8.95402
v -4.39682 9.32958 8.50241
v -4.25801 9.79416 8.55984
v -4.43701 10.3582 8.46937
v -4.30464 11.4579 8.07605
v -4.57786 11.8512 7.7581
v -4.41108 12.8281 6.85821
v -4.16714 14.1859 5.61558
v -4.62873 15.0101 4.96294
v -4.47578 16.8073 -15.3784
v -4.23275 17.3638 3.18725
v -4.25265 17.9943 -14.2397
v -4.61194 18.3461 2.08353
v -4.50343 20.4386 -7.3247
v -4.21749 20.5754 -5.85588
v -3.8184 -22.2915 -5.15247
v -3.87894 -22.4142 -4.15088
v -4.12376 -22.48 -3.29532
v -4.09333 -22.1777 -6.16649
v -3.68543 -22.125 -3.08279
v -3.84277 -21.889 -2.10867
v -3.99105 -21.603 -7.7024
v -4.1596 -21.5809 -1.2294
v -3.87905 -20.7071 -9.72098
v -3.99387 -20.5704 0.129073
v -4.06829 -19.4233 1.41403
v -3.78312 -19.3237 -12.1914
v -3.93363 -16.7727 3.94324
v -3.73032 -15.9848 4.68847
v -4.08478 -12.0614 7.30933
v -3.73307 -10.957 7.83757
v -4.15564 -8.36396 8.46864
v -3.78666 -7.11312 8.77596
v -3.94982 -4.80138 9.29371
v -3.82 -3.33338 10.0724
v -4.09979 -2.64626 10.3997
v -3.68248 -2.128 10.715
v -3.70393 -1.75083 -20.9484
v -4.05828 -1.27717 10.8009
v -3.83831 -0.577566 10.829
v -3.71242 0.45359 -20.9954
v -4.0135 1.66502 10.5674
v -3.82981 2.23369 10.5055
v -3.69691 2.59886 -20.9054
v -4.0178 3.5817 10.2455
v -3.76563 3.93958 10.1818
v -4.06659 4.70361 9.87097
v -4.00502 4.45083 9.99323
v -4.04527 5.15319 9.55288
v -4.06836 4.94192 9.72179
v -3.96023 5.4874 9.4755
v -3.92321 5.8818 9.60052
v -3.84303 6.15025 9.64903
v -3.80948 6.49692 9.64693
v -3.91687 6.82687 9.6144
v -3.89253 7.29315 9.52628
v -3.8686 7.76637 9.38103
v -3.84125 8.38417 9.13392
v -3.9786 8.91548 8.78702
v -3.83025 8.71203 8.97023
v -3.81897 9.32991 8.51906
v -3.78183 9.63395 8.58654
v -3.76243 9.87736 8.625
v -3.79886 10.246 8.59211
v -3.99534 10.824 8.40254
v -4.0832 12.4611 7.35282
v -3.80747 12.0894 7.77361
v -3.77823 13.5727 6.23809
v -3.77384 16.3215 4.0765
v -4.0309 18.8412 -13.0584
v -3.80267 19.439 -11.8237
v -3.95072 20.5456 -4.3094
v -3.70225 20.3177 -2.68045
v -3.57329 -21.9127 -6.52339
v -3.27576 -22.0689 -5.26741
v -3.33873 -21.277 -8.38884
v -3.46237 -20.9955 -0.647598
v -3.18598 -19.8575 0.889518
v -3.40957 -18.6624 2.21403
v -3.55638 -15.1533 5.41359
v -3.36685 -14.2606 6.11061
v -3.3164 -10.9659 -18.7515
v -3.38149 -9.7723 8.27904
v -3.47767 -8.62193 -19.6661
v -3.59222 -6.29829 -20.3158
v -3.4099 -5.94558 9.07401
v -3.66575 -4.00469 -20.7326
v -3.47397 -4.0671 9.71899
v -3.35116 -2.8375 10.4812
v -3.38432 -1.48899 10.8635
v -3.67052 0.149813 10.776
v -3.51728 0.861011 10.6904
v -3.34097 1.51207 10.6206
v -3.6483 2.72649 10.451
v -3.48306 3.13288 10.4011
v -3.2222 3.6773 10.3097
v -3.34816 3.44233 10.3526
v -3.43714 4.2133 10.1435
v -3.65213 4.71297 -20.664
v -3.55192 4.71824 9.9324
v -3.40613 4.53761 10.0462
v -3.49235 5.15993 9.58465
v -3.46978 4.98659 9.74893
v -3.44426 5.43806 9.46879
v -3.36952 6.0016 9.60498
v -3.55296 6.02726 9.63463
v -3.21063 6.50551 9.6183
v -3.46776 6.35054 9.6465
v -3.57283 6.82386 -20.2567
v -3.52369 6.89197 9.59913
v -3.47361 7.35304 9.49868
v -3.19435 8.0517 9.23069
v -3.41276 7.80206 9.34977
v -3.37274 8.44888 9.07134
v -3.45372 8.95951 -19.669
v -3.46189 9.08641 8.56546
v -3.39672 8.85591 8.78374
v -3.44134 8.66868 8.9597
v -3.40977 9.30188 8.54148
v -3.32866 9.55456 8.63909
v -3.2291 9.8037 8.70405
v -3.2252 10.6506 8.56499
v -3.28957 11.1479 -18.8864
v -3.37837 11.1535 8.36697
v -3.5725 11.6433 8.10742
v -3.45209 13.0985 6.81517
v -3.35067 15.3336 4.82699
v -3.2484 19.2935 0.503616
v -3.56008 19.8782 -10.5247
v -3.46913 19.8983 -1.04934
v -3.29526 20.2499 -9.15068
v -3.08777 -22.0017 -3.99639
v -2.91903 -21.704 -6.93185
v -3.03746 -21.7647 -2.76578
v -3.15295 -21.4114 -1.63103
v -3.04008 -20.1677 -10.8097
v -2.84926 -17.872 3.0453
v -2.84593 -15.643 -16.0937
v -3.10648 -13.3123 -17.5635
v -3.11681 -13.2894 6.77154
v -2.82777 -12.24 7.37836
v -3.05188 -8.50636 8.61959
v -2.73236 -7.24353 8.90331
v -3.01588 -4.94779 9.40206
v -3.00573 -3.49615 10.1544
v -2.9615 -2.31521 10.7874
v -3.17061 -0.775617 10.89
v -3.0066 -0.0343111 10.8392
v -2.85759 0.688522 10.756
v -2.68885 1.34647 10.685
v -3.15714 2.09179 10.5629
v -2.98133 2.58893 10.5137
v -2.77254 3.14146 10.4477
v -2.8939 4.00854 10.2616
v -2.91303 4.49664 10.1341
v -2.92821 5.01623 9.84235
v -2.92848 5.48445 9.47034
v -2.91113 5.90007 9.48245
v -2.89085 6.41611 9.55458
v -2.94024 6.95501 9.52528
v -2.94149 7.43784 9.41417
v -2.7932 7.992 9.17746
v -2.97642 7.78127 9.30726
v -2.87238 8.52291 8.89677
v -2.9576 8.37608 9.02652
v -3.09924 9.00199 8.57941
v -2.87081 8.80576 8.6799
v -3.02806 9.16222 8.56961
v -2.88786 9.41533 8.70433
v -3.14946 10.2098 8.68676
v -2.75115 11.7882 8.12083
v -2.94846 12.2783 7.77184
v -3.1788 12.691 7.33152
v -3.09714 13.2685 -17.9494
v -2.9757 14.4761 5.49608
v -2.89323 15.2007 -16.8985
v -2.69464 16.8241 -15.774
v -2.99983 18.5142 1.88207
v -3.01688 20.5211 -7.70261
v -2.73364 20.659 -6.18154
v -2.5986 -21.9027 -5.41292
v -2.35612 -21.7872 -3.89497
v -2.23011 -21.4324 -2.42922
v -2.55834 -21.0043 -9.05277
v -2.25906 -20.9133 -1.06692
v -2.54402 -20.3487 0.0774781
v -2.23661 -19.0884 1.75573
v -2.47447 -18.2076 -14.0048
v -2.50612 -17.0542 3.86039
v -2.29602 -16.2111 4.64335
v -2.52125 -11.1126 7.91305
v -2.21879 -9.90764 8.35758
v -2.41103 -6.06814 9.17429
v -2.59514 -4.2062 9.79937
v -2.57779 -2.99505 10.5497
v -2.22284 -2.47035 10.8544
v -2.68419 -1.67237 10.9398
v -2.4871 -0.956442 10.9772
v -2.3381 -0.214873 10.9384
v -2.20508 0.504883 10.8624
v -2.51565 1.92843 10.6243
v -2.28515 2.6216 10.5492
v -2.55846 3.58866 10.3808
v -2.31173 3.88152 10.3577
v -2.38288 4.48271 10.2298
v -2.46442 4.98719 10.0188
v -2.49371 5.60117 9.46704
v -2.38106 5.34253 9.76226
v -2.23792 6.14308 9.26656
v -2.4354 5.92315 9.37207
v -2.22219 6.49161 9.2527
v -2.45334 6.47742 9.39077
v -2.2461 7.00795 9.24017
v -2.46124 6.92838 9.38535
v -2.37527 7.49774 9.19757
v -2.58629 7.27861 9.37102
v -2.24406 7.98285 8.8992
v -2.36928 7.84912 9.052
v -2.44511 8.40261 8.77072
v -2.65969 8.17508 9.03915
v -2.41887 8.87617 8.72411
v -2.45762 9.24334 8.82423
v -2.48191 9.90093 8.81729
v -2.44532 10.6765 8.61839
v -2.5843 11.2459 8.39688
v -2.39879 13.3112 6.74334
v -2.66139 13.8251 6.14111
v -2.34075 16.5582 3.89207
v -2.68315 17.5708 2.98965
v -2.51814 18.018 -14.6165
v -2.34897 18.8721 -13.4151
v -2.45422 20.6307 -4.58851
v -1.82922 -21.7984 -5.57194
v -2.1618 -21.5667 -7.30574
v -2.02569 -19.8888 -11.4787
v -2.13482 -15.3449 5.37819
v -1.97478 -14.4296 6.07364
v -1.76818 -13.4391 6.73839
v -1.94191 -8.62544 8.69393
v -2.07601 -5.0645 9.47662
v -1.71539 -4.31697 9.85439
v -2.17884 -3.62867 10.2163
v -1.79815 -3.12303 10.6031
v -1.97358 -1.82857 11.0183
v -1.80047 -1.11732 11.0734
v -2.05589 1.15537 10.7879
v -1.90405 1.727 10.7171
v -1.76303 2.21018 10.6522
v -2.08143 3.20863 10.4708
v -1.83936 3.59612 10.4718
v -1.90104 4.03318 10.4196
v -2.13251 4.48881 10.2855
v -1.85124 4.51865 10.351
v -2.0675 4.96489 10.1666
v -2.02397 5.54444 9.80186
v -1.8057 5.32607 10.111
v -2.01228 6.0047 9.423
v -1.77582 5.85746 9.74852
v -1.95695 6.47924 9.20662
v -1.75745 6.2815 9.44993
v -1.96247 6.92369 9.10209
v -1.91414 7.37782 8.99697
v -1.98393 7.89338 8.86559
v -1.92359 7.7398 8.9993
v -2.03854 8.38224 8.82667
v -1.82543 8.40002 9.00541
v -1.87755 8.91279 9.03846
v -2.18217 9.45211 8.93598
v -1.79184 9.60006 8.97342
v -1.83204 11.8961 8.10544
v -1.99305 12.4162 7.74427
v -2.17899 12.8648 7.28398
v -1.72253 14.6952 5.33962
v -2.01501 15.5712 4.65503
v -2.17235 19.4758 -12.159
v -1.97353 19.9186 -10.8375
v -1.92817 19.9873 -1.27344
v -1.73772 20.29 -9.43981
v -2.1873 20.4035 -2.92456
v -1.33286 -21.516 -7.55891
v -1.53934 -21.6426 -3.85468
v -1.66875 -20.8814 -9.46151
v -1.31364 -21.1614 -2.15804
v -1.39078 -19.6462 0.904146
v -1.41996 -18.2488 2.67727
v -1.36211 -13.26 -17.8289
v -1.53276 -12.3732 7.35238
v -1.28627 -11.2313 7.89555
v -1.5005 -10.9508 -18.9813
v -1.58073 -8.61321 -19.891
v -1.67868 -7.34989 8.96849
v -1.63441 -6.2937 -20.5383
v -1.4172 -6.16488 9.22764
v -1.6665 -4.00251 -20.9541
v -1.35752 -3.73435 10.2584
v -1.48421 -2.59714 10.9101
v -1.68197 -1.74985 -21.1696
v -1.26821 -1.95884 11.0878
v -1.67396 -0.384193 11.0517
v -1.56449 0.323198 10.9852
v -1.6858 0.454081 -21.2157
v -1.44252 0.957249 10.9059
v -1.31879 1.51079 10.8213
v -1.68296 2.59906 -21.1236
v -1.64635 2.59531 10.5953
v -1.45045 3.09692 10.5382
v -1.32298 3.61322 10.6497
v -1.38968 4.0542 10.5723
v -1.6627 4.712 -20.8788
v -1.4877 4.46662 10.481
v -1.67424 5.18674 10.2472
v -1.42353 4.95071 10.4335
v -1.45464 5.60106 10.1804
v -1.22003 5.39425 10.4262
v -1.56459 6.0377 9.82348
v -1.30248 6.04357 10.0643
v -1.58088 6.6225 9.4462
v -1.3095 6.53438 9.797
v -1.61428 6.81982 -20.4668
v -1.64175 7.02343 9.21247
v -1.45864 7.0094 9.4289
v -1.23305 6.95593 9.71057
v -1.58498 7.41648 9.18578
v -1.29775 7.40913 9.51056
v -1.5919 7.82798 9.1517
v -1.33434 7.84734 9.39852
v -1.56512 8.26249 9.19486
v -1.32118 8.28844 9.35827
v -1.52694 8.94942 -19.8733
v -1.5201 8.70488 9.21078
v -1.42747 9.1886 9.12594
v -1.39264 10.1887 8.80288
v -1.56114 10.745 8.61589
v -1.38995 11.1277 -19.0838
v -1.69005 11.3303 8.38886
v -1.22439 13.2372 -18.1384
v -1.27895 13.4673 6.6344
v -1.47995 14.0153 6.00697
v -1.41437 18.6279 1.6553
v -1.6721 19.3921 0.281096
v -1.47522 20.559 -7.96945
v -1.00991 -21.7617 -5.7274
v -1.17362 -20.4166 -0.486105
v -0.838712 -20.1677 -11.1979
v -1.01019 -17.3244 3.6037
v -0.825906 -16.3753 4.47781
v -1.134 -15.4943 -16.4535
v -1.04648 -10.0131 8.34782
v -0.831134 -8.71818 8.68913
v -1.14554 -5.1543 9.51778
v -0.851784 -4.40205 9.88528
v -1.03073 -3.2255 10.6396
v -0.763366 -2.69924 10.9488
v -1.12341 -1.25552 11.1615
v -1.02311 -0.534589 11.157
v -0.940591 0.156571 11.0999
v -0.849143 0.770565 11.0156
v -0.756356 1.30304 10.9169
v -1.15656 2.16214 10.7022
v -1.01957 2.70989 10.5935
v -0.905838 2.96407 10.5963
v -0.859838 3.15221 10.7347
v -0.900642 3.47817 10.8265
v -0.928819 4.01217 10.7475
v -1.09336 4.69803 10.6181
v -0.802991 4.52537 10.7511
v -1.02552 5.23763 10.5824
v -0.795958 5.06724 10.7268
v -0.729378 5.6389 10.6773
v -1.1391 5.92601 10.2657
v -0.844516 5.99292 10.4783
v -1.0477 6.39355 10.1274
v -1.05003 6.87626 9.93665
v -0.798691 6.95591 10.1464
v -1.001 7.31518 9.83859
v -0.968865 7.76599 9.71833
v -0.905177 8.27156 9.55747
v -1.14105 8.7688 9.3038
v -0.845584 9.27634 9.12954
v -1.13183 9.70988 8.96619
v -0.725586 11.3975 8.33704
v -0.842308 11.9698 8.05029
v -0.968437 12.5089 7.67874
v -1.11121 12.9866 7.19921
v -1.05135 15.1606 -17.0772
v -0.891912 16.7804 -15.9402
v -0.891334 16.7085 3.67473
v -1.15024 17.7047 2.76542
v -0.76717 17.9791 -14.7674
v -1.19632 20.6944 -6.43
v -0.911305 20.6652 -4.82503
v -0.463441 -21.5667 -7.60521
v -0.691837 -21.5879 -3.9235
v -0.688877 -21.0043 -9.3824
v -0.375312 -21.041 -2.1187
v -0.614602 -19.3237 -12.7501
v -0.643559 -17.404 -15.0311
v -0.685703 -15.4611 5.24236
v -0.553799 -14.5296 5.93888
v -0.394416 -13.5284 6.60886
v -0.219697 -12.4553 7.23126
v -0.629773 -7.43108 8.9663
v -0.431948 -6.23643 9.22617
v -0.227202 -5.21881 9.51555
v -0.559942 -3.81663 10.2814
v -0.294018 -3.30657 10.6574
v -0.583763 -2.0644 11.1368
v -0.468584 -1.36833 11.2244
v -0.394488 -0.658382 11.2326
v -0.338136 0.0181079 11.1821
v -0.276189 0.613788 11.0938
v -0.66982 1.74966 10.8163
v -0.597125 2.10607 10.7264
v -0.507911 2.53598 10.6351
v -0.429072 2.77974 10.6646
v -0.435825 3.02502 10.8668
v -0.444728 3.5013 10.9844
v -0.476489 3.97537 10.9
v -0.347332 4.52666 10.9208
v -0.527335 4.8824 10.8533
v -0.361457 5.35645 10.9189
v -0.487525 6.0458 10.7386
v -0.604017 6.59603 10.4538
v -0.347463 6.43175 10.7256
v -0.499099 6.97048 10.3886
v -0.241688 6.77835 10.6686
v -0.521687 7.43209 10.1534
v -0.480766 7.88654 9.90164
v -0.359894 8.45453 9.54528
v -0.600741 8.85604 9.31665
v -0.312697 9.78667 8.91499
v -0.479713 10.2721 8.74749
v -0.611032 10.8203 8.56214
v -0.261867 14.1412 5.8306
v -0.435546 14.8407 5.14404
v -0.649235 15.7252 4.44651
v -0.65596 18.8423 -13.5509
v -0.537117 19.4556 -12.2827
v -0.389479 19.9046 -10.9549
v -0.35842 20.0287 -1.50995
v -0.630469 20.4402 -3.1581
v -0.182971 -21.7984 -5.86222
v 0.131966 -21.6426 -4.14938
v -0.057021 -20.1676 -0.284491
v -0.041785 -11.308 7.78506
v 0.127175 -10.0842 8.24922
v -0.00508295 -4.46283 9.88129
v 0.215684 -3.87598 10.2749
v -0.078022 -2.78036 10.9645
v 0.064042 -2.14652 11.154
v 0.151321 -1.45303 11.2449
v 0.202963 -0.74789 11.2563
v 0.238116 -0.0790891 11.2073
v -0.21322 1.12704 10.9841
v -0.153803 1.55626 10.8696
v -0.034144 2.34508 10.6513
v -0.083215 2.02796 10.7292
v -0.00930495 2.48671 10.6516
v 0.035376 2.70962 10.8066
v -0.00400295 3.08709 11.0857
v 0.061408 3.56261 11.0993
v -0.103547 4.19795 10.9957
v 0.103531 4.52356 11.0475
v 0.029674 5.03118 11.064
v 0.155899 5.4312 11.1563
v -0.00262095 5.92326 11.1289
v -0.045381 6.45584 10.9538
v 0.178388 6.37018 11.171
v -0.102691 7.0672 10.5977
v 0.132368 6.86802 10.8631
v -0.162807 7.56708 10.2198
v 0.105608 7.28888 10.5222
v -0.085637 8.07734 9.83319
v 0.186076 7.73399 10.1465
v 0.239113 8.54874 9.49454
v 0.052633 8.93711 9.27071
v -0.128932 9.34728 9.08321
v 0.190924 12.0125 7.94445
v 0.098196 12.5622 7.5631
v -0.00290495 13.0609 7.06626
v -0.12029 13.5676 6.48005
v 0.140883 18.6834 1.40709
v -0.099766 19.4401 0.0386951
v -0.191882 20.2748 -9.5594
v 0.045144 20.5385 -8.09877
v 0.603118 -21.9027 -5.97747
v 0.384716 -21.704 -7.51439
v 0.280655 -21.277 -9.02704
v 0.497647 -21.1605 -2.47764
v 0.332365 -20.7071 -10.4636
v 0.65072 -20.1328 -11.6957
v 0.281797 -18.7395 -13.7375
v 0.305934 -18.8013 1.86489
v 0.518322 -17.4428 3.28922
v 0.650985 -16.4273 4.22467
v 0.539305 -15.2339 -16.7382
v 0.762566 -15.4866 5.0091
v 0.377444 -13.1545 -17.9464
v 0.322897 -10.9107 -19.0173
v 0.275041 -8.78154 8.60269
v 0.324997 -8.59063 -19.8941
v 0.410232 -7.48599 8.89158
v 0.333077 -6.2825 -20.5201
v 0.541168 -6.28341 9.16197
v 0.676267 -5.25969 9.45998
v 0.343171 -3.99783 -20.9237
v 0.416371 -3.36577 10.6479
v 0.578253 -2.83969 10.9519
v 0.682603 -2.20524 11.1384
v 0.351312 -1.74818 -21.1337
v 0.743773 -1.51134 11.2266
v 0.353535 0.454892 -21.1786
v 0.275928 0.505385 11.1169
v 0.314147 1.00605 11.0029
v 0.366666 1.59073 10.8294
v 0.437738 2.27448 10.6573
v 0.408747 2.01039 10.6977
v 0.345872 2.59983 -21.0869
v 0.468369 2.59852 10.8259
v 0.454504 3.06167 11.1607
v 0.535603 3.55318 11.1568
v 0.478754 3.99505 11.1073
v 0.343492 4.71094 -20.844
v 0.537237 4.52061 11.1341
v 0.420872 4.97441 11.1713
v 0.477861 5.49685 11.3137
v 0.640379 5.5841 11.4509
v 0.545478 5.95388 11.4885
v 0.455962 6.52349 11.2938
v 0.54399 6.37966 11.4061
v 0.361561 6.81253 -20.4349
v 0.329875 7.06024 10.7953
v 0.505704 6.79127 11.1071
v 0.419289 7.43399 10.4514
v 0.615464 7.186 10.7305
v 0.63338 7.82718 10.0762
v 0.437625 8.17478 9.77177
v 0.415248 8.9289 -19.8449
v 0.659597 9.39223 8.99474
v 0.55503 9.83556 8.82053
v 0.45733 10.3234 8.64834
v 0.366643 10.8665 8.46179
v 0.519718 11.0843 -19.0592
v 0.279124 11.4384 8.23559
v 0.65065 13.1677 -18.117
v 0.719147 15.7975 4.20091
v 0.552341 16.7781 3.42458
v 0.35892 17.7681 2.51451
v 0.311068 20.6679 -6.57552
v 0.595362 20.6355 -4.99218
v 1.14988 -21.9127 -7.35621
v 0.894434 -21.7872 -4.46813
v 1.1392 -21.603 -8.607
v 0.930349 -20.413 -0.857986
v 0.894401 -17.0101 -15.4885
v 0.867168 -14.551 5.70697
v 0.978898 -13.5505 6.38279
v 1.09146 -12.4808 7.01488
v 1.19856 -11.3376 7.58157
v 0.82395 -4.50071 9.83168
v 0.971157 -3.9129 10.2288
v 1.10483 -3.40266 10.6029
v 1.2119 -2.87643 10.9058
v 0.776115 -0.806925 11.2359
v 0.79398 -0.140922 11.1856
v 0.811721 0.437744 11.0948
v 0.837083 1.1362 10.9217
v 0.860192 1.67025 10.7555
v 0.890309 2.186 10.6399
v 0.873431 1.9201 10.6784
v 0.912048 2.52347 10.8176
v 0.919961 2.78799 11.0837
v 0.926436 3.05741 11.2114
v 0.982361 3.4731 11.178
v 1.01161 4.06879 11.1421
v 1.09226 4.47169 11.1711
v 0.983328 4.95563 11.2842
v 1.24194 5.11469 11.435
v 1.01527 5.46894 11.5653
v 0.954699 5.98641 11.6389
v 0.804755 6.66632 11.3392
v 0.960022 6.48476 11.4872
v 0.934856 7.02992 10.9373
v 1.03631 6.83331 11.1899
v 1.25575 7.55594 10.3098
v 0.811592 7.51789 10.3818
v 0.966826 7.25865 10.6664
v 1.13745 7.86974 9.99957
v 0.888738 8.59554 9.41478
v 1.01302 8.22044 9.69337
v 0.770882 8.98251 9.18736
v 1.24052 12.0271 7.77697
v 1.17967 12.5817 7.38522
v 1.11849 13.0918 6.87415
v 1.04943 13.613 6.27198
v 0.964905 14.2006 5.60691
v 0.78372 15.0676 -17.0579
v 0.857335 14.9103 4.90715
v 0.894604 16.673 -15.921
v 0.958981 17.8725 -14.7457
v 1.00798 18.7476 -13.5234
v 1.07275 19.3794 -12.2455
v 1.16766 19.8433 -10.9159
v 1.17261 20.0084 -1.73033
v 0.887496 20.4134 -3.35127
v 1.29987 -22.0689 -6.07421
v 1.55793 -22.0017 -4.81555
v 1.27612 -21.431 -3.04781
v 1.29907 -21.21 -9.77205
v 1.66071 -20.8035 -10.7968
v 1.34659 -19.6922 -12.5952
v 1.59696 -19.6308 0.372588
v 1.52865 -18.344 -14.293
v 1.29391 -10.1163 8.06119
v 1.37121 -8.8125 8.43209
v 1.4372 -7.5135 8.73913
v 1.49859 -6.30646 9.02717
v 1.56214 -5.27859 9.34107
v 1.63455 -4.51709 9.72571
v 1.70828 -3.92786 10.1328
v 1.27932 -2.24062 11.0892
v 1.31624 -1.54499 11.1735
v 1.33184 -0.839298 11.1792
v 1.33527 -0.173299 11.127
v 1.33571 0.40325 11.0374
v 1.33434 0.893326 10.9268
v 1.33238 1.29991 10.8118
v 1.33101 1.62597 10.7088
v 1.33834 2.12619 10.6224
v 1.36764 2.54728 10.8432
v 1.38809 2.74536 11.0539
v 1.40489 3.01193 11.1878
v 1.44524 3.542 11.1441
v 1.51638 4.06201 11.1187
v 1.50385 4.53105 11.1872
v 1.53253 4.81786 11.2995
v 1.56746 5.09812 11.4936
v 1.49062 5.43404 11.6499
v 1.50968 5.96769 11.6517
v 1.47526 6.49553 11.4769
v 1.44889 7.08908 10.848
v 1.45262 6.83144 11.1842
v 1.72501 7.56351 10.2319
v 1.36166 7.29155 10.6005
v 1.66871 7.87837 9.91291
v 1.58723 8.41871 9.45284
v 1.51907 8.99629 9.07059
v 1.48115 9.4082 8.86757
v 1.44372 9.85301 8.68357
v 1.40267 10.341 8.5027
v 1.35388 10.8823 8.30906
v 1.29921 11.4524 8.07603
v 1.66237 18.6766 1.14131
v 1.43586 19.4272 -0.206953
v 1.30708 20.2146 -9.53846
v 1.49511 20.4715 -8.1126
v 1.73583 20.5922 -6.63772
v 2.18429 -22.4838 -7.11675
v 2.04508 -22.4282 -6.18498
v 2.08482 -22.2665 -5.12745
v 1.82846 -21.9631 -8.23243
v 1.77032 -22.1777 -7.20041
v 2.04225 -21.686 -9.21384
v 1.93099 -21.7636 -3.64213
v 1.76563 -20.9077 -1.77798
v 2.17123 -18.1983 2.02235
v 2.04357 -17.2687 3.03301
v 2.10561 -16.3175 3.91678
v 2.15507 -15.0473 -16.7601
v 2.18158 -15.4064 4.68139
v 2.09292 -13.0467 -17.8501
v 2.13036 -10.8506 -18.841
v 2.21087 -8.5578 -19.666
v 1.77573 -3.41679 10.5139
v 1.82936 -2.88979 10.8209
v 1.86158 -2.25273 11.0053
v 1.87619 -1.55572 11.089
v 1.877 -0.848819 11.0939
v 1.86781 -0.182123 11.0417
v 1.8524 0.394289 10.9544
v 1.83356 0.883707 10.8475
v 1.81404 1.28942 10.7368
v 1.79032 1.73879 10.6023
v 2.03326 2.15701 10.5039
v 1.83373 2.59948 10.8485
v 1.88156 3.07242 11.1197
v 1.87326 3.63297 11.0727
v 2.22435 4.06201 10.9938
v 1.8725 4.03697 11.0684
v 2.00365 4.50894 11.1263
v 2.1511 4.85613 11.2559
v 2.0352 5.08864 11.4632
v 2.09751 5.47402 11.5924
v 1.96494 5.96056 11.5926
v 2.06977 6.65624 11.2836
v 2.04168 6.44745 11.4275
v 2.01972 7.01124 10.8586
v 2.05073 6.79216 11.1432
v 2.19261 7.55594 10.1446
v 1.98508 7.29481 10.4922
v 2.19757 7.86974 9.81264
v 2.23034 8.59554 9.1782
v 2.20946 8.22044 9.4824
v 2.22555 13.0838 6.61194
v 2.20248 13.6044 6.00189
v 2.17242 14.1915 5.33083
v 2.12819 14.9014 4.62675
v 2.06264 15.7902 3.91769
v 1.9682 16.7726 3.14171
v 1.83729 17.7632 2.23689
v 2.01392 20.5544 -5.10979
v 2.69798 -23.635 -7.10566
v 2.64975 -23.4554 -6.31872
v 2.51997 -23.0219 -7.08731
v 2.46414 -22.8858 -6.26566
v 2.65935 -22.8904 -5.4748
v 2.43499 -22.5342 -7.96169
v 2.43746 -22.5618 -5.33964
v 2.5428 -22.1449 -8.87946
v 2.44143 -22.1244 -4.16326
v 2.42075 -21.3844 -10.1089
v 2.42595 -21.4069 -2.61586
v 2.25535 -20.4536 -11.6268
v 2.41807 -20.333 -0.801587
v 2.29117 -19.3521 -13.1985
v 2.66438 -19.0447 0.877065
v 2.3733 -16.7535 -15.6376
v 2.25919 -14.4838 5.37856
v 2.32619 -13.4983 6.06003
v 2.38076 -12.444 6.70309
v 2.42111 -11.3148 7.28504
v 2.44545 -10.1048 7.78319
v 2.45197 -8.80803 8.17483
v 2.44698 -7.51248 8.50378
v 2.27795 -6.26726 -20.2585
v 2.43677 -6.30618 8.81386
v 2.42767 -5.27713 9.14886
v 2.42596 -4.51334 9.55262
v 2.3289 -3.99251 -20.6436
v 2.42884 -3.92135 9.97666
v 2.43348 -3.40771 10.3725
v 2.43707 -2.87895 10.6917
v 2.43678 -2.24163 10.8858
v 2.36101 -1.74712 -20.8464
v 2.4311 -1.54524 10.9771
v 2.41848 -0.839298 10.9876
v 2.3974 -0.173299 10.9397
v 2.36632 0.40325 10.8556
v 2.37158 0.455363 -20.8923
v 2.32978 0.893326 10.7513
v 2.29229 1.29991 10.6425
v 2.48756 1.64811 10.4867
v 2.6586 2.09737 10.34
v 2.35791 2.60136 -20.8063
v 2.57998 2.5129 10.5319
v 2.30522 2.67938 10.8212
v 2.34895 2.8769 10.9927
v 2.35464 3.07944 11.0346
v 2.4291 3.62833 10.9423
v 2.33239 3.31919 11.0124
v 2.60858 3.98597 10.8798
v 2.33758 4.7108 -20.573
v 2.49245 4.41464 10.949
v 2.42989 4.66655 11.0301
v 2.69277 4.78626 10.948
v 2.51164 5.03518 11.1947
v 2.37735 5.13522 11.3695
v 2.71343 5.3819 11.3201
v 2.5467 5.44989 11.4452
v 2.41295 5.96769 11.4924
v 2.51782 6.5723 11.2399
v 2.40591 6.33534 11.4015
v 2.32819 6.8036 -20.1773
v 2.54953 7.06119 10.6513
v 2.52398 6.90632 10.8742
v 2.50842 6.77484 11.0522
v 2.6346 7.51789 10.0603
v 2.58607 7.25865 10.3809
v 2.69749 7.82718 9.71229
v 2.34731 8.89968 -19.6036
v 2.26228 8.98251 8.92435
v 2.29687 9.39221 8.70515
v 2.32573 9.83549 8.50486
v 2.34046 10.3232 8.30778
v 2.41254 11.019 -18.8367
v 2.33267 10.8662 8.09818
v 2.30981 11.4391 7.84993
v 2.27936 12.0166 7.5369
v 2.24878 12.5732 7.13294
v 2.4981 13.0597 -17.915
v 2.57822 14.9202 -16.8768
v 2.62712 16.4987 -15.7605
v 2.61904 17.6936 -14.6045
v 2.60273 18.5836 -13.3899
v 2.62696 19.2479 -12.0979
v 2.67347 19.7416 -10.7596
v 2.72399 20.1199 -9.40603
v 2.622 19.9373 -1.95479
v 2.31405 20.3362 -3.52479
v 3.06587 -24.9516 -7.13026
v 3.04932 -24.9544 -6.40738
v 3.23014 -24.9529 -5.73347
v 3.09629 -24.5278 -7.88362
v 2.91271 -24.5436 -7.12549
v 2.89927 -24.551 -6.38067
v 3.08432 -24.5484 -5.68491
v 2.97436 -24.0627 -7.88989
v 2.79663 -24.0915 -7.11761
v 2.78803 -24.1058 -6.35765
v 2.97542 -24.1031 -5.64494
v 3.17646 -23.5252 -8.64896
v 2.86631 -23.5892 -7.88832
v 2.83941 -23.4566 -5.58018
v 3.05111 -23.0539 -8.65405
v 2.75337 -23.1466 -7.8816
v 3.14483 -23.2216 -4.85977
v 3.00744 -22.8415 -4.73302
v 2.85948 -22.5973 -8.71187
v 2.78661 -22.4798 -4.51387
v 2.93625 -21.9242 -9.68765
v 2.92162 -21.8868 -3.30197
v 2.97299 -21.0966 -10.882
v 3.04974 -20.9842 -1.79865
v 3.03109 -20.1504 -12.2517
v 2.80412 -18.0664 -14.5495
v 3.20391 -4.48594 9.32384
v 3.14005 -3.89162 9.7698
v 3.08632 -3.37516 10.1852
v 3.04352 -2.84438 10.5213
v 3.01245 -2.20711 10.7292
v 2.98676 -1.51181 10.8315
v 2.96008 -0.806925 10.8508
v 2.92606 -0.140922 10.8096
v 2.87835 0.437744 10.7304
v 2.79532 1.1362 10.5764
v 3.17221 1.75804 10.2837
v 3.09385 2.18645 10.2008
v 3.07758 2.47415 10.2482
v 3.12477 2.6607 10.4164
v 2.77283 2.78799 10.757
v 3.20025 2.85687 10.5928
v 2.81044 3.05741 10.8792
v 3.03034 3.49146 10.7544
v 2.96088 4.08462 10.7441
v 3.22358 4.3679 10.62
v 2.93256 4.60103 10.7871
v 2.99983 5.05654 10.8659
v 3.07897 5.29241 10.9133
v 2.92004 5.47501 11.1814
v 3.05875 5.99053 11.1987
v 2.80942 5.88961 11.3724
v 3.12721 6.5518 10.9253
v 2.87322 6.48476 11.1499
v 3.22871 7.06024 10.2842
v 3.00058 6.94406 10.5809
v 2.87508 6.78546 10.8682
v 3.02706 7.43399 9.99159
v 2.93818 7.186 10.321
v 3.14189 7.73399 9.62538
v 2.86831 8.54874 9.03102
v 2.77707 8.17478 9.3593
v 2.96621 8.93711 8.75708
v 3.06903 9.34726 8.51796
v 3.17506 9.78658 8.29412
v 3.16601 18.6023 0.848692
v 2.92357 19.3577 -0.471848
v 2.82558 20.3702 -8.03299
v 3.02529 20.4797 -6.6362
v 3.45682 -25.2747 -7.83672
v 3.41896 -25.3756 -7.13361
v 3.54439 -25.4747 -6.4907
v 3.25782 -25.2758 -6.44249
v 3.56921 -25.3753 -5.84539
v 3.57537 -24.935 -8.58172
v 3.25086 -24.9449 -7.8668
v 3.58145 -24.9474 -5.11984
v 3.42167 -24.5049 -8.61934
v 3.44123 -24.5366 -5.05023
v 3.29434 -24.0219 -8.63957
v 3.3329 -24.0842 -4.99234
v 3.60393 -23.4465 -9.35495
v 3.23968 -23.6319 -4.93319
v 3.469 -22.9403 -9.37748
v 3.63242 -23.1492 -4.23207
v 3.26605 -22.4379 -9.4661
v 3.37513 -22.5303 -3.91333
v 3.46442 -21.6944 -10.4109
v 3.5184 -21.5753 -2.58463
v 3.66263 -20.8257 -11.5062
v 3.28855 -19.8229 -0.2616
v 3.35565 -19.0789 -13.542
v 3.61508 -17.7788 1.86301
v 3.50994 -16.9495 2.73491
v 3.51646 -16.1025 3.52924
v 3.5618 -15.2415 4.26179
v 3.61397 -14.3422 4.95933
v 3.64099 -13.3802 5.64866
v 3.6439 -12.3483 6.30577
v 3.62375 -11.2396 6.90666
v 3.58159 -10.0471 7.42735
v 3.51847 -8.76355 7.84384
v 3.44177 -7.4774 8.19893
v 3.35886 -6.27688 8.53542
v 3.27712 -5.2503 8.89612
v 3.65722 -2.78652 10.3123
v 3.59611 -2.14898 10.5337
v 3.54899 -1.45365 10.6464
v 3.50563 -0.74789 10.6739
v 3.45583 -0.0790891 10.6399
v 3.38938 0.505385 10.5679
v 3.31449 1.00605 10.4739
v 3.70862 1.55626 10.1885
v 3.23936 1.42343 10.3738
v 3.57002 2.13366 10.062
v 3.50656 2.6539 10.1538
v 3.64176 3.08709 10.4428
v 3.24869 3.12994 10.696
v 3.58494 3.56261 10.478
v 3.53835 4.12663 10.4312
v 3.52766 4.52356 10.4438
v 3.47641 4.93555 10.5113
v 3.51564 5.4312 10.5638
v 3.36093 5.59907 10.7762
v 3.54156 5.96349 10.6454
v 3.34058 5.88586 10.9113
v 3.24401 6.19372 11.0305
v 3.63555 6.45584 10.3048
v 3.49953 6.37018 10.5853
v 3.36513 6.32254 10.8208
v 3.64504 6.92277 9.96009
v 3.43748 6.86802 10.2803
v 3.32753 6.72159 10.5588
v 3.60759 7.43523 9.57956
v 3.34604 7.28888 9.95083
v 3.48732 7.98194 9.20286
v 3.44889 8.45453 8.8741
v 3.59658 8.85604 8.57721
v 3.25713 10.2719 8.07319
v 3.28806 10.8199 7.84281
v 3.29015 11.399 7.57634
v 3.2857 11.9776 7.24719
v 3.28506 12.5296 6.83102
v 3.29858 13.0291 6.30352
v 3.32001 13.5354 5.69106
v 3.34307 14.1079 5.02
v 3.36152 14.8059 4.3167
v 3.36909 15.689 3.60753
v 3.35203 16.6735 2.83246
v 3.29658 17.6761 1.93149
v 3.29252 20.4349 -5.19767
v 3.59663 20.2219 -3.69943
v 4.19391 -25.271 -9.14938
v 3.90099 -25.3768 -8.47415
v 3.90068 -25.5313 -7.76868
v 3.91795 -25.5822 -7.14444
v 3.90345 -25.5809 -6.55105
v 4.05295 -25.5814 -5.99795
v 3.89742 -25.3756 -5.28025
v 4.01049 -24.9224 -9.23974
v 4.07638 -24.9384 -4.57786
v 3.86048 -24.4763 -9.2969
v 3.94337 -24.5164 -4.48863
v 3.72969 -23.9714 -9.3317
v 3.83455 -24.0495 -4.41274
v 4.12421 -23.3566 -9.9737
v 3.73565 -23.5797 -4.33296
v 3.98576 -22.8104 -10.0233
v 4.07798 -22.5755 -3.47543
v 3.78392 -22.261 -10.1469
v 3.85044 -22.0973 -3.12555
v 4.10001 -21.4645 -11.0154
v 3.80927 -20.5479 -1.25241
v 3.93601 -19.8841 -12.6615
v 3.90477 -18.5863 0.89775
v 4.09656 -17.843 -14.5359
v 3.81771 -16.5562 -15.5112
v 3.72833 -14.8875 -16.5279
v 3.77354 -12.9297 -17.523
v 3.89847 -10.7756 -18.4338
v 4.04822 -8.51831 -19.1973
v 4.16791 -6.25055 -19.7509
v 4.11472 -5.19306 8.59562
v 3.97413 -4.43134 9.05081
v 3.8491 -3.83689 9.52151
v 3.7425 -3.31888 9.95842
v 4.19529 -2.06703 10.2978
v 4.12359 -1.36899 10.4156
v 4.05893 -0.658382 10.4473
v 3.98871 0.0181079 10.4191
v 3.90029 0.613788 10.3573
v 3.80362 1.12704 10.2758
v 4.17529 1.74966 9.96198
v 4.07623 2.10607 9.90235
v 3.94516 2.59692 9.86071
v 4.16701 3.04449 9.89669
v 3.93549 3.0185 10.1218
v 4.02127 3.5013 10.1969
v 4.18526 4.04954 9.97332
v 3.85924 3.90119 10.2402
v 3.90798 4.52666 10.1705
v 4.05405 4.8824 10.0455
v 4.18373 5.6389 9.81101
v 3.92062 5.35645 10.1639
v 4.12604 6.19669 9.62865
v 3.9774 6.0458 9.95129
v 3.76892 5.88303 10.3224
v 3.98942 6.59603 9.64399
v 3.84136 6.43175 9.98703
v 4.01492 7.16158 9.26422
v 3.99391 6.86036 9.46622
v 4.15174 7.31518 8.9314
v 3.89823 7.56081 9.19583
v 4.08059 7.76599 8.82931
v 3.96582 8.27156 8.69977
v 4.10069 8.7688 8.38144
v 3.75987 9.27633 8.31652
v 3.96567 9.70984 8.06106
v 4.13905 10.1886 7.80853
v 4.2051 10.7448 7.55661
v 4.17173 17.4372 -14.397
v 4.07455 18.337 -13.2288
v 4.04087 19.0256 -11.9741
v 4.18878 19.6021 -10.4927
v 3.94306 20.024 -9.12263
v 3.9468 19.8269 -2.20351
v 3.96729 20.2521 -7.86486
v 4.12675 20.3432 -6.59059
v 4.69286 -25.2679 -9.69054
v 4.42494 -25.4833 -9.01502
v 4.67573 -25.5926 -8.8547
v 4.48519 -25.6088 -8.28074
v 4.45243 -25.6269 -7.72259
v 4.3363 -25.625 -7.17302
v 4.32941 -25.624 -6.62259
v 4.46594 -25.6244 -6.10741
v 4.525 -25.6046 -5.56828
v 4.47197 -25.4788 -4.86522
v 4.24782 -25.2732 -4.69765
v 4.52729 -24.9076 -9.80556
v 4.68804 -24.9261 -4.11886
v 4.38438 -24.4435 -9.88058
v 4.56409 -24.4885 -4.01216
v 4.25355 -23.9138 -9.93137
v 4.45447 -23.9998 -3.919
v 4.3479 -23.5015 -3.81813
v 4.2331 -23.0351 -3.68828
v 4.57906 -22.6722 -10.5614
v 4.38991 -22.0768 -10.7202
v 4.53329 -21.8065 -2.61807
v 4.22477 -21.2117 -2.05227
v 4.45332 -20.5748 -11.9545
v 4.66574 -20.1175 -0.968524
v 4.28599 -19.3675 -0.0747839
v 4.48877 -18.8414 -13.636
v 4.70214 -9.94027 7.00583
v 4.57189 -8.67449 7.45205
v 4.42378 -7.40267 7.83795
v 4.268 -6.21285 8.20524
v 4.25632 -3.9884 -20.1158
v 4.5632 -3.75539 9.24113
v 4.41029 -3.23862 9.69867
v 4.28665 -2.7058 10.0676
v 4.3122 -1.74793 -20.3134
v 4.62381 -0.534589 10.1613
v 4.52672 0.156571 10.1358
v 4.33434 0.454833 -20.3651
v 4.41198 0.770565 10.088
v 4.29102 1.30304 10.0269
v 4.59365 2.16214 9.68827
v 4.32148 2.60383 -20.2924
v 4.39875 2.80319 9.62639
v 4.45671 2.6166 9.63951
v 4.68261 3.25554 9.50952
v 4.35223 3.08672 9.74419
v 4.70492 3.44534 9.60362
v 4.39568 3.47817 9.89263
v 4.62754 3.9704 9.61868
v 4.39514 4.01217 9.80873
v 4.29071 4.71258 -20.0793
v 4.50551 4.69803 9.6309
v 4.27812 4.52537 9.85513
v 4.55678 5.0531 9.52727
v 4.26321 5.06724 9.83473
v 4.65688 5.53777 9.2003
v 4.55882 5.39425 9.40747
v 4.6457 6.20705 8.58974
v 4.58358 6.1359 8.80682
v 4.46974 5.98479 9.16294
v 4.32149 5.78915 9.54089
v 4.64813 6.65844 8.13334
v 4.5871 6.49283 8.43791
v 4.42642 6.53438 8.78883
v 4.34313 6.4516 9.04651
v 4.24548 6.33549 9.32675
v 4.2591 6.79462 -19.7102
v 4.59839 7.02429 8.02224
v 4.44012 7.0094 8.3945
v 4.32531 6.95593 8.7334
v 4.23118 6.87626 9.0069
v 4.67049 7.37526 7.82534
v 4.50755 7.40891 8.0586
v 4.36662 7.42341 8.40315
v 4.26913 7.39485 8.64506
v 4.6484 7.87253 7.75993
v 4.50464 7.81139 8.01373
v 4.31451 7.84734 8.40641
v 4.62687 8.16722 7.81062
v 4.51318 8.24045 8.04518
v 4.28887 8.28844 8.37241
v 4.24371 8.86348 -19.1693
v 4.56441 8.81536 8.01908
v 4.30737 9.18861 8.11547
v 4.59278 9.60009 7.84375
v 4.2616 10.9327 -18.4408
v 4.21947 11.3328 7.27435
v 4.2378 11.9068 6.93079
v 4.26799 12.4438 6.50419
v 4.28807 12.9134 -17.5619
v 4.31793 12.9204 5.97283
v 4.38317 13.3994 5.36076
v 4.45928 13.9437 4.69208
v 4.29839 14.7169 -16.5702
v 4.54182 14.6161 3.99084
v 4.62634 15.4793 3.28113
v 4.26785 16.2545 -15.5027
v 4.69963 16.4619 2.50318
v 4.66774 18.4558 0.519991
v 4.35217 19.236 -0.771987
v 4.68272 20.0836 -3.89592
v 4.37928 20.2896 -5.27567
v 4.99482 -25.5416 -9.41158
v 5.01201 -25.6338 -8.61742
v 4.99799 -25.6353 -8.21466
v 4.88373 -25.6348 -7.74617
v 4.81022 -25.6341 -7.22989
v 4.81668 -25.6336 -6.70437
v 4.94237 -25.6338 -6.20816
v 5.14456 -25.6342 -5.75691
v 5.02769 -25.6276 -5.23722
v 4.73615 -25.5865 -5.05395
v 5.02402 -25.4815 -4.45799
v 4.83759 -25.271 -4.26039
v 5.10086 -24.8907 -10.2591
v 4.96863 -24.4075 -10.3494
v 4.84186 -23.8516 -10.416
v 5.16675 -23.9356 -3.524
v 4.71414 -23.2606 -10.4797
v 5.05156 -23.3968 -3.40277
v 4.92323 -22.8771 -3.24415
v 4.75829 -22.3543 -2.99897
v 5.06088 -21.8956 -11.152
v 4.8157 -21.2439 -11.4671
v 5.00919 -20.826 -1.72193
v 4.91819 -19.6449 -12.846
v 5.09029 -18.1871 0.676951
v 4.92667 -17.4101 1.51244
v 4.86181 -16.6326 2.29479
v 4.86204 -15.8388 3.03719
v 4.89372 -15.0132 3.75285
v 4.9232 -14.1402 4.45497
v 4.91683 -13.2042 5.15675
v 4.87656 -12.1973 5.83276
v 4.80435 -11.112 6.4576
v 5.16735 -6.10836 7.83668
v 4.94474 -5.10036 8.26013
v 4.74235 -4.34601 8.74495
v 5.09793 -3.13413 9.4124
v 4.94031 -2.60269 9.78996
v 4.81749 -1.96106 10.0197
v 4.71637 -1.25608 10.1331
v 5.19938 -0.384193 9.83973
v 5.07377 0.323198 9.81468
v 4.93203 0.957249 9.7819
v 4.78682 1.51079 9.74469
v 5.14645 2.21018 9.43387
v 5.01735 2.59531 9.42033
v 4.85742 3.04404 9.40831
v 5.11062 3.66767 9.26639
v 4.74567 3.69717 9.57127
v 5.04318 3.94422 9.28811
v 4.90902 4.13801 9.35425
v 5.06146 4.53015 9.17007
v 4.72658 4.38009 9.46595
v 4.87264 5.1098 9.16998
v 5.16684 5.70858 8.23401
v 5.1186 5.59331 8.46633
v 5.02931 5.38639 8.82285
v 4.73257 5.66435 8.99505
v 5.06101 6.02382 8.08643
v 4.86956 5.89303 8.49675
v 4.79476 5.77014 8.78778
v 4.88018 6.42888 8.04009
v 4.82524 7.04702 7.87974
v 5.00463 6.87047 7.94745
v 4.98082 7.37439 7.85056
v 4.90409 7.86951 7.67908
v 4.99808 8.39575 7.48233
v 4.75222 8.54768 7.72942
v 5.04478 8.7521 7.4263
v 4.89353 8.95223 7.69095
v 5.13192 9.30183 7.54941
v 4.95162 9.45215 7.68026
v 5.02843 10.0644 7.49995
v 5.04409 10.6772 7.24845
v 5.0708 11.2497 6.96182
v 5.11392 11.8009 6.61066
v 5.17708 12.3084 6.17722
v 4.74849 17.4926 1.59726
v 5.05928 19.6991 -9.49332
v 5.07061 19.7016 -2.51234
v 4.8485 19.9602 -8.6488
v 4.851 20.135 -7.61312
v 4.98753 20.1951 -6.52051
v 5.32615 -25.3758 -10.0243
v 5.57002 -25.6013 -9.66202
v 5.28562 -25.6361 -9.05199
v 5.40541 -25.6384 -8.73555
v 5.40794 -25.6395 -8.3243
v 5.36109 -25.6397 -7.84512
v 5.33276 -25.6395 -7.32488
v 5.3597 -25.6393 -6.79541
v 5.47866 -25.6394 -6.28859
v 5.64863 -25.6394 -5.81676
v 5.38053 -25.6344 -5.36626
v 5.50266 -25.6323 -5.0051
v 5.22672 -25.5904 -4.6848
v 5.65545 -25.4844 -4.13447
v 5.51314 -25.2679 -3.91308
v 5.38957 -24.911 -3.75419
v 5.5885 -24.3695 -10.6823
v 5.27677 -24.4536 -3.63282
v 5.47058 -23.7875 -10.7629
v 5.35059 -23.1633 -10.8475
v 5.2266 -22.534 -10.9613
v 5.66623 -22.6939 -2.92829
v 5.49607 -22.1004 -2.66245
v 5.28151 -21.4823 -2.27345
v 5.58422 -21.0416 -11.7323
v 5.30872 -20.3471 -12.2
v 5.58036 -19.7127 -0.938353
v 5.31931 -18.9569 -0.157905
v 5.63925 -18.6078 -13.4911
v 5.39432 -17.6104 -14.2811
v 5.25219 -16.3404 -15.1419
v 5.27412 -14.7077 -16.0504
v 5.40852 -12.7964 -16.9483
v 5.6038 -10.691 -17.7771
v 5.61337 -8.53626 7.01239
v 5.39521 -7.28274 7.43423
v 5.51431 -4.2264 8.41768
v 5.28954 -3.64538 8.93799
v 5.60564 -2.47373 9.49011
v 5.4527 -1.82992 9.71529
v 5.32149 -1.11766 9.81921
v 5.63373 0.504883 9.48021
v 5.46806 1.15537 9.46122
v 5.30116 1.727 9.44664
v 5.60184 2.6216 9.15848
v 5.38362 3.20863 9.15455
v 5.24819 3.45301 9.18201
v 5.49087 3.96172 8.99564
v 5.58434 4.48271 8.82607
v 5.36817 4.48881 8.96334
v 5.44754 5.01237 8.70165
v 5.22059 4.88888 8.95038
v 5.48918 5.57432 8.05525
v 5.4203 5.34253 8.39965
v 5.43833 5.90691 7.98727
v 5.40021 6.44715 8.03635
v 5.42109 6.91324 8.02932
v 5.45206 7.5799 7.8741
v 5.47936 7.27861 7.97142
v 5.5111 7.96762 7.72884
v 5.38532 8.48268 7.43232
v 5.34927 8.19754 7.608
v 5.46726 8.90183 7.16381
v 5.43128 8.86778 7.29741
v 5.60286 9.25694 7.129
v 5.35336 9.36388 7.37656
v 5.33912 9.73793 7.41428
v 5.26391 12.7499 5.64377
v 5.37313 13.1899 5.03228
v 5.50345 13.693 4.3647
v 5.65358 14.3238 3.66301
v 5.57577 17.0986 -14.1764
v 5.36972 17.9942 -13.1184
v 5.22981 18.6769 -12.0083
v 5.25959 19.1409 -10.9412
v 5.57651 19.12 -1.18592
v 5.5626 19.3804 -10.0124
v 5.69376 19.7359 -8.77761
v 5.55367 19.9238 -8.13219
v 5.56162 20.037 -7.34098
v 5.68537 20.0566 -6.45207
v 5.22235 20.1313 -5.3636
v 5.51974 19.9345 -4.13501
v 5.82591 -25.2573 -10.4315
v 6.00897 -25.5465 -10.0653
v 5.94574 -25.6415 -9.45109
v 5.81843 -25.6413 -8.95335
v 5.85645 -25.642 -8.4931
v 5.86518 -25.6422 -7.98147
v 5.88075 -25.6422 -7.43998
v 5.9315 -25.6422 -6.89138
v 6.04578 -25.6422 -6.35846
v 6.19085 -25.6421 -5.85004
v 5.82861 -25.6389 -5.39228
v 5.94153 -25.6375 -5.01613
v 5.91035 -25.6346 -4.68929
v 5.795 -25.5952 -4.39949
v 5.7063 -24.8718 -10.5803
v 6.13445 -24.8933 -3.50089
v 6.03509 -24.4139 -3.3688
v 6.11564 -23.7243 -10.9497
v 5.92686 -23.8625 -3.24788
v 5.80537 -23.2767 -3.11031
v 6.0104 -23.0697 -11.0515
v 5.90607 -22.4038 -11.1928
v 5.77367 -21.7275 -11.4081
v 6.06513 -21.1562 -2.12092
v 5.84008 -20.448 -1.61062
v 5.92572 -19.4229 -12.7949
v 6.14465 -17.0782 0.99611
v 6.12467 -16.32 1.7258
v 6.14112 -15.5467 2.44407
v 6.16781 -14.7426 3.15713
v 6.17858 -13.8918 3.87116
v 6.14725 -12.9785 4.59238
v 6.07445 -11.9946 5.29394
v 5.96078 -10.9317 5.94902
v 5.80688 -9.78166 6.53077
v 5.80838 -8.47577 -18.4786
v 5.97067 -6.23493 -18.9945
v 6.06004 -5.95771 7.44314
v 5.77142 -4.96718 7.90242
v 6.09107 -3.98736 -19.3424
v 6.01706 -3.50452 8.61461
v 5.79292 -3.00181 9.10585
v 6.16997 -1.7519 -19.5401
v 6.09089 -1.67248 9.40009
v 5.93311 -0.956469 9.49435
v 5.78474 -0.214873 9.50615
v 6.02765 1.34647 9.14804
v 5.84415 1.92843 9.15029
v 6.02513 3.14146 8.89642
v 5.80109 3.58866 8.90683
v 5.98383 4.0827 8.7061
v 6.17402 4.71731 -19.3761
v 6.04967 4.65654 8.49896
v 5.87291 4.48516 8.66163
v 6.06655 5.10146 8.13101
v 5.87927 4.95744 8.40907
v 6.03925 5.46703 7.85716
v 5.79499 5.37097 8.01336
v 5.9234 5.95609 7.97988
v 5.95501 6.4761 8.03158
v 6.1278 6.78722 -19.0499
v 5.94823 7.01373 7.97825
v 5.96867 7.37416 7.8922
v 5.99324 7.83159 7.72799
v 5.93161 8.44365 7.46051
v 6.0789 8.82202 -18.5617
v 5.94093 8.94592 7.06873
v 6.00525 8.69131 7.30556
v 6.00096 9.2103 6.89017
v 5.95654 9.44721 6.96869
v 5.85706 9.80413 7.10613
v 5.75861 10.2111 7.09332
v 6.04001 10.8266 -17.8955
v 5.76534 10.6529 6.92717
v 5.8172 11.1591 6.65661
v 5.89232 11.6565 6.30973
v 5.99183 12.1165 5.87485
v 5.99069 12.7288 -17.0877
v 6.11687 12.5102 5.34028
v 5.9105 14.4563 -16.1744
v 5.82223 15.1468 2.94918
v 5.779 15.937 -15.1919
v 5.99616 16.0985 2.17087
v 6.16214 17.1154 1.27577
v 6.08803 18.7501 -11.1575
v 6.01414 19.4924 -9.22917
v 5.91701 19.5861 -2.9171
v 6.17192 19.9102 -7.72042
v 6.18405 19.9759 -7.11163
v 5.90315 19.9704 -5.47274
v 6.41142 -25.249 -10.5928
v 6.49488 -25.4873 -10.3611
v 6.57201 -25.6058 -10.0578
v 6.64574 -25.6447 -9.6872
v 6.26499 -25.6431 -9.13747
v 6.32652 -25.6431 -8.65002
v 6.37666 -25.6431 -8.11723
v 6.43101 -25.6431 -7.55717
v 6.50516 -25.6431 -6.98791
v 6.61469 -25.6431 -6.4275
v 6.33401 -25.6417 -5.37496
v 6.4335 -25.6407 -4.93921
v 6.4476 -25.6389 -4.54878
v 6.40246 -25.5998 -4.20515
v 6.3242 -25.4868 -3.90979
v 6.22936 -25.2634 -3.67195
v 6.3187 -24.851 -10.749
v 6.21926 -24.3304 -10.8584
v 6.67043 -22.9849 -11.0664
v 6.56806 -23.152 -2.96419
v 6.59515 -22.2899 -11.2256
v 6.42554 -22.5047 -2.76929
v 6.25909 -21.8406 -2.49768
v 6.50512 -21.5827 -11.4546
v 6.37825 -20.8669 -11.7769
v 6.19247 -20.1458 -12.2158
v 6.51432 -19.353 -1.15328
v 6.35594 -18.5957 -0.47977
v 6.22723 -17.8371 0.248806
v 6.64574 -17.3761 -13.811
v 6.62348 -16.116 -14.5596
v 6.64409 -8.34429 6.53779
v 6.35824 -7.11205 7.00117
v 6.58605 -4.79528 7.51963
v 6.28059 -4.07222 8.0685
v 6.48273 -2.83803 8.78527
v 6.27008 -2.31548 9.17863
v 6.54541 -0.775265 9.17888
v 6.37899 -0.0343111 9.1843
v 6.20779 0.452642 -19.6054
v 6.21049 0.688522 9.15703
v 6.61841 1.51207 8.86446
v 6.42595 2.09179 8.87317
v 6.20491 2.60741 -19.556
v 6.24392 2.58893 8.88709
v 6.67735 3.13316 8.61078
v 6.46733 3.56003 8.61247
v 6.54592 4.21349 8.38556
v 6.25918 3.86038 8.62972
v 6.58127 4.7183 8.15717
v 6.35502 4.44301 8.40876
v 6.53251 5.15288 7.81165
v 6.5786 4.94296 7.98815
v 6.44887 5.5102 7.74922
v 6.52578 5.97567 7.86597
v 6.23196 6.14032 7.97618
v 6.60045 6.58281 7.86936
v 6.4024 6.35054 7.94171
v 6.54261 7.02554 7.82638
v 6.33667 6.7584 7.93079
v 6.35932 7.35304 7.80019
v 6.36035 7.94232 7.59703
v 6.47223 8.42649 7.34886
v 6.40654 9.06758 6.86079
v 6.41328 8.83969 7.10016
v 6.25147 8.68389 7.27538
v 6.36272 9.32998 6.75957
v 6.33686 9.79671 6.84118
v 6.33985 10.247 6.78058
v 6.4759 11.0369 6.37044
v 6.39123 10.6158 6.62069
v 6.5876 11.4651 6.03237
v 6.27105 12.9004 4.72688
v 6.45799 13.3499 4.05552
v 6.6813 13.9211 3.34706
v 6.48212 17.6256 -12.9721
v 6.32375 18.2 0.0939371
v 6.20978 18.29 -12.0542
v 6.19204 19.028 -10.314
v 6.45618 19.1929 -9.54972
v 6.45144 19.0677 -1.7922
v 6.48949 19.5735 -8.59868
v 6.57923 19.4447 -3.37045
v 6.2707 19.7699 -8.22151
v 6.29801 19.9485 -6.41136
v 6.50308 19.817 -5.61436
v 6.1932 19.7662 -4.41031
v 6.99942 -25.3606 -10.4732
v 7.05813 -25.6051 -10.056
v 7.09847 -25.645 -9.69048
v 6.93669 -25.644 -9.2598
v 6.79472 -25.6435 -8.76026
v 6.87461 -25.6432 -8.22349
v 6.96038 -25.6431 -7.65846
v 7.05373 -25.6431 -7.08064
v 7.15637 -25.6431 -6.50549
v 6.73933 -25.6431 -5.88613
v 6.85879 -25.643 -5.37395
v 6.95279 -25.6427 -4.90114
v 7.00104 -25.6423 -4.47786
v 7.01052 -25.6034 -4.10892
v 6.98822 -25.4878 -3.7991
v 6.94111 -25.2573 -3.5532
v 6.91315 -24.8283 -10.7453
v 6.87616 -24.8734 -3.37601
v 6.83617 -24.2914 -10.8566
v 6.79275 -24.3713 -3.23829
v 6.69026 -23.7858 -3.11077
v 6.75301 -23.6645 -10.9536
v 7.16456 -22.3284 -2.79578
v 7.01514 -21.6017 -2.53646
v 6.85421 -20.8595 -2.18971
v 7.16729 -20.7139 -11.6204
v 7.06843 -19.9659 -12.0219
v 6.6859 -20.108 -1.73537
v 6.91641 -19.2166 -12.5293
v 6.75945 -18.3815 -13.13
v 6.74087 -14.5165 -15.3631
v 6.9501 -12.6529 -16.1672
v 7.09094 -10.6987 5.39208
v 6.89563 -9.56848 6.01433
v 6.93597 -5.76406 7.02011
v 7.0318 -3.88317 7.69689
v 6.73468 -3.33049 8.27352
v 7.15485 -2.63922 8.4569
v 6.92107 -2.12448 8.86615
v 6.72202 -1.48758 9.08982
v 7.15254 -0.57679 8.89316
v 6.98126 0.149813 8.89783
v 6.80796 0.861011 8.86975
v 7.03899 2.23392 8.59018
v 6.84977 2.72676 8.60121
v 7.12767 3.58268 8.28438
v 6.86827 3.94017 8.30971
v 7.03666 4.57752 7.98968
v 6.95657 5.04757 7.7275
v 7.03797 5.51682 7.50756
v 6.86305 5.49221 7.61037
v 6.90827 5.92353 7.72019
v 6.99532 6.42794 7.7241
v 6.92743 6.94966 7.69654
v 6.99675 7.54747 7.51923
v 6.76401 7.29315 7.6885
v 6.82199 7.88447 7.46083
v 6.93263 8.48109 7.14705
v 7.05789 9.1045 6.54221
v 6.91533 8.97074 6.76638
v 6.90195 8.75441 6.98943
v 7.12234 9.37134 6.47636
v 6.73701 9.33701 6.61489
v 6.78106 9.79461 6.62699
v 6.90036 10.355 6.4372
v 7.06417 10.8594 6.11502
v 6.72576 11.866 5.59909
v 6.88988 12.2052 5.06319
v 7.0891 12.5405 4.44521
v 6.9446 14.677 2.62237
v 7.16701 15.5886 -14.775
v 6.82991 16.7349 -13.879
v 6.99674 17.953 -11.9658
v 6.76801 18.3955 -11.2321
v 6.78118 18.6655 -10.5059
v 6.96123 18.8373 -9.80208
v 7.15053 19.2417 -3.82506
v 7.08497 19.0063 -2.45886
v 6.8148 19.3143 -8.89048
v 7.00664 19.67 -8.13648
v 7.1418 19.6963 -5.81709
v 6.78855 19.5705 -4.7154
v 6.84597 19.8403 -7.8278
v 6.77406 19.9528 -7.42842
v 6.78959 19.9886 -6.95448
v 6.89122 19.9289 -6.42215
v 7.51456 -25.2253 -10.4391
v 7.51948 -25.54 -10.0755
v 7.51991 -25.6442 -9.59615
v 7.55311 -25.6436 -9.20685
v 7.43963 -25.6433 -8.77788
v 7.33809 -25.6432 -8.27131
v 7.44568 -25.6431 -7.72583
v 7.55027 -25.6431 -7.16523
v 7.64178 -25.6431 -6.60216
v 7.26165 -25.6432 -5.94636
v 7.36289 -25.6434 -5.41664
v 7.45344 -25.6437 -4.92968
v 7.52665 -25.6443 -4.49885
v 7.57861 -25.6053 -4.12715
v 7.60545 -25.4868 -3.81755
v 7.60326 -25.2488 -3.57304
v 7.47979 -24.8049 -10.5889
v 7.56817 -24.8516 -3.39661
v 7.42769 -24.2535 -10.6973
v 7.50346 -24.328 -3.25946
v 7.36883 -23.6087 -10.795
v 7.41243 -23.711 -3.13281
v 7.31377 -22.9081 -10.9122
v 7.29837 -23.0335 -2.98784
v 7.27308 -22.1893 -11.0796
v 7.22988 -21.4565 -11.311
v 7.6188 -20.6238 -2.50905
v 7.51508 -19.8357 -2.11322
v 7.42884 -19.058 -1.60467
v 7.36334 -18.2888 -1.00919
v 7.32186 -17.5263 -0.352546
v 7.30766 -16.7686 0.339477
v 7.32402 -16.014 1.0411
v 7.35247 -15.2466 1.75333
v 7.37455 -14.4509 2.47716
v 7.37181 -13.611 3.21359
v 7.32579 -12.7114 3.96362
v 7.23324 -11.7435 4.69915
v 7.20337 -10.6002 -16.918
v 7.45287 -8.43353 -17.5612
v 7.64903 -8.10228 6.02278
v 7.30031 -6.89444 6.53335
v 7.6508 -6.22803 -18.0428
v 7.37996 -4.58642 7.1089
v 7.43133 -3.12098 7.91725
v 7.54605 -1.8973 8.56329
v 7.33606 -1.27407 8.80016
v 7.58529 0.342313 8.62533
v 7.41895 1.03114 8.59454
v 7.23278 1.6652 8.5854
v 7.3909 3.05985 8.27725
v 7.41745 4.11213 7.957
v 7.63413 4.61134 7.65446
v 7.34045 5.1297 7.53756
v 7.46995 4.87578 7.62882
v 7.44099 5.44031 7.34189
v 7.49626 5.95397 7.39246
v 7.24154 6.09353 7.59904
v 7.53251 6.43573 7.44292
v 7.283 6.42908 7.59182
v 7.47691 6.91711 7.4358
v 7.46473 7.3693 7.34164
v 7.57354 7.82578 7.12054
v 7.23562 7.77185 7.32898
v 7.54731 8.49993 6.76912
v 7.32881 8.32795 7.02051
v 7.50045 8.90443 6.43488
v 7.35624 8.79144 6.66457
v 7.50771 9.33394 6.35213
v 7.35511 9.83117 6.34997
v 7.44224 10.328 6.13594
v 7.59818 10.6148 5.89506
v 7.21435 11.2182 5.78292
v 7.59601 11.8389 4.81337
v 7.3924 11.5551 5.35195
v 7.57813 12.5023 -16.4888
v 7.33259 12.9297 3.76568
v 7.62952 13.4304 3.04513
v 7.4073 14.1573 -15.6602
v 7.22676 15.5436 1.85252
v 7.50663 16.4472 1.00857
v 7.40563 17.3012 -12.7032
v 7.56842 17.7471 -11.6717
v 7.2277 18.1349 -11.2151
v 7.34601 18.2538 -10.7232
v 7.51627 18.4097 -10.0559
v 7.20477 18.3946 -0.995907
v 7.23311 18.9854 -9.13546
v 7.58843 19.139 -8.58868
v 7.58513 18.8633 -3.05393
v 7.25461 19.4376 -8.3812
v 7.36907 19.3075 -5.00996
v 7.58357 19.8279 -7.85811
v 7.47546 19.9866 -7.59924
v 7.43092 20.085 -7.27109
v 7.4495 20.1118 -6.89898
v 7.53072 20.0559 -6.50822
v 8.0005 -25.3409 -10.0608
v 7.94069 -25.5993 -9.70886
v 7.89532 -25.6425 -9.42901
v 8.01599 -25.6418 -9.05523
v 7.99317 -25.6422 -8.7239
v 7.94796 -25.6423 -8.28837
v 7.88483 -25.6427 -7.7731
v 7.99574 -25.6427 -7.24161
v 8.07447 -25.6427 -6.70343
v 8.13427 -25.6429 -6.17723
v 7.72538 -25.6432 -6.05206
v 7.80623 -25.6435 -5.53037
v 7.88952 -25.644 -5.05256
v 7.98042 -25.6448 -4.63405
v 8.06612 -25.6048 -4.27618
v 8.13382 -25.4828 -3.98028
v 8.00876 -24.7817 -10.2998
v 8.16397 -24.8282 -3.57973
v 7.98229 -24.2175 -10.4008
v 8.12092 -24.2862 -3.45051
v 7.94924 -23.5572 -10.4942
v 8.04883 -23.6436 -3.33414
v 7.92353 -22.8385 -10.6091
v 7.95501 -22.9322 -3.20472
v 7.91909 -22.0993 -10.7744
v 7.84674 -22.1839 -3.03636
v 7.92262 -21.344 -10.9967
v 7.73201 -21.4105 -2.81062
v 7.92083 -20.5768 -11.2824
v 7.90043 -19.8022 -11.6381
v 7.8481 -19.0245 -12.0701
v 7.80172 -18.1657 -12.5756
v 7.79917 -17.1478 -13.1513
v 7.8783 -15.8928 -13.7942
v 8.07699 -14.3227 -14.5011
v 7.95211 -9.30348 5.45181
v 7.78501 -5.53057 6.56306
v 7.80561 -4.00139 -18.3731
v 8.14444 -4.34237 6.66738
v 7.75853 -3.65897 7.30235
v 8.09596 -2.87366 7.54832
v 7.79677 -2.40175 8.12698
v 7.92576 -1.77131 -18.5625
v 8.14174 -1.63891 8.26069
v 7.92904 -1.03411 8.51708
v 7.74944 -0.359902 8.61906
v 7.99371 0.437697 -18.6382
v 8.03629 1.20771 8.30759
v 7.86322 1.81884 8.28579
v 7.99195 2.60112 -18.6278
v 7.67574 2.37165 8.27625
v 8.13904 2.99745 7.88552
v 7.8395 3.56704 7.88989
v 8.10793 4.17914 7.5065
v 7.94688 4.7121 -18.5022
v 7.85 4.40999 7.59317
v 7.90036 5.025 7.34992
v 7.96038 5.51652 7.13319
v 8.15217 6.19561 6.86439
v 7.90777 5.92458 7.06469
v 8.04017 6.42365 7.01327
v 7.79393 6.45305 7.25653
v 7.88487 6.76379 -18.2321
v 8.14543 7.16125 6.86154
v 7.9887 6.91137 7.07079
v 8.1299 7.40838 6.81136
v 7.96648 7.36222 6.99952
v 8.14808 8.01645 6.46507
v 8.0697 7.8189 6.69133
v 7.76448 7.96131 6.92952
v 7.9836 8.43025 6.37923
v 7.84231 8.3014 6.63949
v 7.80512 8.75504 -17.8067
v 7.89637 8.84269 6.28375
v 8.03299 9.44043 6.1077
v 7.85346 9.16589 6.26661
v 7.8293 9.96052 6.0427
v 8.09411 10.2918 5.7153
v 7.7068 10.6847 -17.2149
v 7.78719 10.9073 5.56574
v 8.00525 11.182 5.13544
v 8.13694 12.448 3.49634
v 7.83944 12.1197 4.18792
v 7.98906 14.1005 2.30409
v 7.93289 16.4033 -13.4409
v 8.09405 17.1092 -12.2454
v 7.83402 17.1921 0.124987
v 7.90255 17.7535 -11.1008
v 8.10828 17.8941 -10.3807
v 7.73093 18.5798 -9.37218
v 8.09375 18.5982 -3.54415
v 8.14967 18.405 -2.53416
v 7.76054 18.4445 -1.82492
v 8.00664 18.7698 -8.78565
v 7.99803 18.9374 -5.25363
v 7.72704 18.9416 -4.24978
v 8.01878 19.3277 -8.24432
v 7.76231 19.6084 -8.06678
v 7.98118 19.7067 -6.09607
v 7.7756 19.3665 -5.76509
v 8.13828 20.1462 -7.50125
v 7.69962 19.92 -6.20514
v 8.12136 20.2395 -7.22
v 8.14451 20.2677 -6.91656
v 8.43853 -25.3304 -9.68927
v 8.32084 -25.5952 -9.3921
v 8.43601 -25.6157 -9.08531
v 8.38662 -25.6394 -8.7774
v 8.45657 -25.6397 -8.32118
v 8.61643 -25.639 -7.86258
v 8.27577 -25.6415 -7.81408
v 8.39107 -25.6414 -7.30974
v 8.458 -25.6415 -6.79522
v 8.49209 -25.6418 -6.29592
v 8.50883 -25.6421 -5.83725
v 8.18836 -25.6431 -5.68173
v 8.40406 -25.6429 -5.33859
v 8.35985 -25.644 -4.85512
v 8.47391 -25.6026 -4.53506
v 8.57561 -25.4769 -4.26775
v 8.40823 -25.2313 -3.90193
v 8.49022 -24.7599 -9.89805
v 8.64509 -24.2466 -3.78782
v 8.48843 -24.1846 -9.98731
v 8.48037 -23.5104 -10.0717
v 8.59658 -23.5835 -3.68828
v 8.48279 -22.7753 -10.1773
v 8.53083 -22.8466 -3.58333
v 8.5124 -22.0171 -10.3301
v 8.45899 -22.0672 -3.4516
v 8.558 -21.2403 -10.5313
v 8.38984 -21.2602 -3.27251
v 8.60838 -20.4497 -10.7823
v 8.33215 -20.4403 -3.02548
v 8.65232 -19.6498 -11.0842
v 8.2947 -19.6223 -2.68995
v 8.28626 -18.8209 -2.24533
v 8.30106 -18.0328 -1.7105
v 8.33329 -17.2549 -1.10434
v 8.37719 -16.4839 -0.445725
v 8.42696 -15.7166 0.246465
v 8.47036 -14.9388 0.968268
v 8.49514 -14.1362 1.71572
v 8.48905 -13.2947 2.48485
v 8.35051 -12.5049 -15.2212
v 8.43984 -12.4001 3.2717
v 8.33938 -11.443 4.0476
v 8.65415 -10.5065 -15.9033
v 8.17952 -10.4139 4.78386
v 8.61322 -7.81397 5.46187
v 8.20882 -6.63372 6.02538
v 8.59706 -5.2604 6.06749
v 8.45138 -3.3993 6.88437
v 8.40517 -2.13292 7.79123
v 8.49699 -0.769835 8.22656
v 8.33103 -0.123456 8.33849
v 8.18485 0.548004 8.34533
v 8.6528 1.39951 7.98507
v 8.50218 1.98603 7.94058
v 8.32865 2.52182 7.90627
v 8.5971 3.57451 7.39707
v 8.36039 3.90584 7.4355
v 8.36362 4.61797 7.19462
v 8.40666 5.12263 7.04144
v 8.5952 5.47782 6.85148
v 8.38246 5.6262 6.94889
v 8.41688 6.03317 6.80412
v 8.20823 5.76298 6.97052
v 8.39043 6.42127 6.72299
v 8.5396 7.06499 6.48167
v 8.36169 6.87736 6.65534
v 8.488 7.41572 6.41471
v 8.25427 7.41182 6.62532
v 8.38354 7.87165 6.34768
v 8.49337 8.43852 6.18029
v 8.34976 8.36948 6.2402
v 8.37248 8.85323 6.11062
v 8.4093 9.1734 5.97652
v 8.4313 9.81636 5.69855
v 8.3207 10.5239 5.38516
v 8.57784 10.7446 4.95159
v 8.24835 11.4151 4.59168
v 8.53426 11.6477 3.95567
v 8.50278 12.874 2.75936
v 8.37668 14.8566 1.53799
v 8.4383 15.2518 -14.1992
v 8.5012 17.1376 -11.5319
v 8.65607 17.7523 -1.61801
v 8.25871 17.5823 -0.76379
v 8.29477 18.0908 -9.63919
v 8.50779 18.3258 -8.99884
v 8.55511 18.596 -5.50601
v 8.40491 18.5089 -4.61345
v 8.39224 18.3227 -3.06007
v 8.36002 18.9854 -8.40982
v 8.62412 19.2162 -6.20089
v 8.42879 18.9738 -5.94484
v 8.48629 19.5075 -8.05929
v 8.63959 19.728 -6.29457
v 8.31087 19.4581 -6.11625
v 8.31054 19.7758 -7.90657
v 8.19794 19.9901 -7.72533
v 8.37987 20.0369 -6.35381
v 8.20505 20.2284 -6.62595
v 8.86864 -25.1862 -9.30483
v 8.77874 -25.455 -9.15947
v 9.08797 -25.4487 -8.65143
v 8.8222 -25.6119 -8.46825
v 9.02286 -25.6099 -7.97254
v 8.88619 -25.6365 -7.39529
v 8.94385 -25.637 -6.87874
v 8.94477 -25.638 -6.37619
v 8.90013 -25.6392 -5.91597
v 8.81262 -25.6406 -5.54733
v 8.85787 -25.6186 -5.22076
v 8.80286 -25.599 -4.8828
v 8.98191 -25.3404 -4.56896
v 8.91428 -24.7405 -9.40349
v 9.07348 -24.7807 -4.34536
v 8.6652 -24.8042 -3.90333
v 9.07593 -24.2101 -4.24778
v 8.93456 -24.1556 -9.47721
v 8.94839 -23.4689 -9.54774
v 9.05277 -23.5309 -4.16875
v 9.01864 -22.7751 -4.0922
v 8.97465 -22.7178 -9.63683
v 9.03225 -21.9398 -9.76623
v 8.9882 -21.9742 -4.00208
v 9.11068 -21.1408 -9.93434
v 8.96873 -21.1441 -3.87449
v 8.96751 -20.3004 -3.68555
v 8.99183 -19.4588 -3.41136
v 8.6786 -18.8452 -11.4383
v 9.04895 -18.635 -3.02805
v 8.71841 -17.9636 -11.8508
v 9.12864 -17.8247 -2.54806
v 8.80295 -16.9329 -12.3278
v 8.96338 -15.6808 -12.8754
v 8.96007 -8.98942 4.83854
v 8.94318 -8.39498 -16.4963
v 9.07118 -6.33373 5.47184
v 8.8708 -4.06489 6.1922
v 9.1063 -3.11366 6.44957
v 8.72486 -2.59741 7.16782
v 8.97676 -1.84003 7.44538
v 8.70485 -1.35431 7.94903
v 9.03593 -0.483399 7.91457
v 8.89226 0.133691 8.03332
v 8.77369 0.771699 8.0364
v 9.14211 2.17976 7.52469
v 8.99019 2.70125 7.45517
v 8.80778 3.16957 7.40813
v 8.97705 4.11533 6.90995
v 8.66181 4.39175 7.05216
v 9.13997 5.18032 6.50324
v 8.79951 4.87172 6.8237
v 9.04192 5.6993 6.48827
v 8.8225 5.34485 6.71382
v 8.95064 6.19318 6.47335
v 8.80874 5.81375 6.64625
v 8.88711 6.64462 6.42838
v 8.71237 6.42152 6.59264
v 8.8617 7.05926 6.34473
v 9.01945 7.48408 6.11504
v 8.78125 7.46875 6.29466
v 8.95449 7.92329 6.03138
v 8.70574 7.87145 6.23234
v 8.97214 8.39729 5.85938
v 8.73611 8.33272 6.06108
v 8.98273 8.90035 5.67462
v 8.75977 8.83002 5.86396
v 8.93466 9.45896 5.47547
v 8.68243 9.33828 5.7274
v 9.09987 10.2526 4.80033
v 8.80496 10.0795 5.24115
v 8.85997 10.9379 4.39896
v 8.88075 11.9204 3.24867
v 9.02257 12.2305 -15.7619
v 8.9512 13.448 1.99772
v 8.78159 13.8391 -14.9984
v 8.75786 15.6152 0.742282
v 8.76148 16.2394 -12.8039
v 9.1158 16.2626 -0.0717709
v 8.73358 17.3112 -10.6992
v 8.89766 17.5548 -9.88348
v 9.05914 17.8429 -9.19393
v 8.75266 18.1705 -3.8963
v 8.94895 17.9403 -3.14388
v 8.90145 17.8363 -2.39791
v 8.79312 18.5812 -8.58233
v 8.89313 18.7383 -6.16209
v 8.91997 18.4194 -5.82668
v 8.92956 19.012 -8.26784
v 9.05392 19.0468 -6.35534
v 9.03734 19.4933 -8.04717
v 8.86158 19.4664 -6.34077
v 8.87192 19.8893 -7.85992
v 8.82742 20.0997 -7.69994
v 9.07289 19.9877 -6.43451
v 8.81889 20.3026 -7.37298
v 8.85534 20.3787 -6.97868
v 8.93243 20.2979 -6.63707
v 9.20222 -25.176 -8.76009
v 9.39186 -25.3066 -8.1264
v 9.62548 -25.1662 -7.52284
v 9.38206 -25.5131 -7.48089
v 9.44278 -25.5144 -6.89065
v 9.41914 -25.5179 -6.30338
v 9.22564 -25.5909 -5.7985
v 9.472 -25.3201 -5.62892
v 9.20851 -25.462 -5.1386
v 9.32799 -25.1978 -4.99079
v 9.26839 -24.7249 -8.83368
v 9.53997 -24.7144 -8.20616
v 9.61771 -24.7396 -5.49655
v 9.39044 -24.7588 -4.88378
v 9.30694 -24.1323 -8.88885
v 9.5918 -24.1165 -8.2406
v 9.41342 -24.1775 -4.8068
v 9.33832 -23.435 -8.94221
v 9.63523 -23.4111 -8.275
v 9.41452 -23.4859 -4.74909
v 9.38299 -22.6695 -9.01039
v 9.41129 -22.7163 -4.69987
v 9.4614 -21.8727 -9.11003
v 9.42131 -21.901 -4.64838
v 9.56308 -21.0525 -9.23789
v 9.44884 -21.0555 -4.56892
v 9.19942 -20.3268 -10.1395
v 9.49816 -20.1954 -4.43578
v 9.28794 -19.5036 -10.3802
v 9.57354 -19.3363 -4.22325
v 9.36573 -18.6771 -10.6548
v 9.46187 -17.7786 -10.9784
v 9.22065 -17.0233 -1.98381
v 9.60541 -16.7392 -11.3662
v 9.31473 -16.2266 -1.34777
v 9.40064 -15.43 -0.652356
v 9.46908 -14.6235 0.0921641
v 9.23091 -14.135 -13.5
v 9.51078 -13.7967 0.87554
v 9.51646 -12.9395 1.68752
v 9.56201 -12.3583 -14.1515
v 9.47682 -12.0417 2.51785
v 9.37927 -11.0918 3.33849
v 9.21122 -10.0782 4.1214
v 9.52164 -7.48306 4.84957
v 9.17288 -6.23748 -16.9494
v 9.36198 -4.95671 5.52889
v 9.37243 -4.04249 -17.2576
v 9.55502 -3.76293 5.69562
v 9.31434 -2.30109 6.77683
v 9.571 -1.81847 -17.4162
v 9.50821 -1.53038 7.08514
v 9.23211 -1.04846 7.61893
v 9.54189 -0.176945 7.5671
v 9.42806 0.412681 7.68542
v 9.34559 1.01821 7.67709
v 9.26132 1.61534 7.60316
v 9.37854 3.56434 6.8242
v 9.56863 4.68407 -17.4961
v 9.57353 4.36585 6.33484
v 9.15774 4.64912 6.60193
v 9.54768 4.96923 6.20991
v 9.36729 5.55286 6.25603
v 9.49844 5.97673 6.06924
v 9.17991 6.10061 6.30673
v 9.39894 6.48821 6.0461
v 9.48092 6.70675 -17.2923
v 9.54013 6.92816 5.8256
v 9.25569 6.9969 6.04752
v 9.4846 7.43052 5.74307
v 9.21556 7.46843 5.95577
v 9.37744 7.93459 5.68722
v 9.51157 8.45803 5.39376
v 9.21227 8.42849 5.66281
v 9.3746 8.64224 -16.9302
v 9.58602 9.05302 5.06265
v 9.26071 8.97343 5.41496
v 9.23004 9.58534 5.13366
v 9.56101 9.71552 4.68161
v 9.22103 10.4908 -16.413
v 9.42061 10.4134 4.23483
v 9.5737 11.3624 3.0238
v 9.18571 11.1338 3.74909
v 9.30561 12.2743 2.49191
v 9.43118 14.0966 1.21717
v 9.1924 16.379 -11.9096
v 9.38851 16.682 -10.9338
v 9.43373 16.6848 -0.892884
v 9.51268 17.0084 -10.052
v 9.62794 17.357 -9.3366
v 9.53999 17.5868 -4.16546
v 9.28369 18.15 -8.73971
v 9.47605 17.8748 -5.69738
v 9.22216 17.9324 -5.04246
v 9.54129 18.4581 -8.46461
v 9.25614 18.4863 -6.24161
v 9.42803 19.0561 -8.21247
v 9.53441 18.8015 -6.48711
v 9.40879 19.5451 -8.04113
v 9.43257 19.3372 -6.49599
v 9.23371 19.6248 -6.44272
v 9.42647 19.8954 -7.88791
v 9.44966 20.0995 -7.74371
v 9.64332 20.1006 -6.55701
v 9.48036 20.2541 -7.55873
v 9.51841 20.3463 -7.32272
v 9.5776 20.3611 -6.95271
v 9.62628 20.2533 -6.65281
v 9.6923 -25.1687 -6.86403
v 9.6625 -25.1755 -6.20706
v 9.71643 -24.7103 -7.53847
v 9.78521 -24.714 -6.84813
v 9.7508 -24.7242 -6.15941
v 9.77537 -24.1099 -7.55083
v 9.84391 -24.1143 -6.83792
v 9.80283 -24.128 -6.12652
v 9.65753 -24.1496 -5.44126
v 9.82416 -23.3998 -7.56599
v 9.89015 -23.4035 -6.83508
v 9.83961 -23.4203 -6.10607
v 9.67893 -23.4484 -5.4028
v 9.69169 -22.634 -8.32058
v 9.88462 -22.615 -7.59001
v 9.94565 -22.6158 -6.84128
v 9.88218 -22.6345 -6.09578
v 9.7016 -22.6687 -5.37485
v 9.7826 -21.8211 -8.38856
v 9.9786 -21.7903 -7.62893
v 10.0322 -21.7854 -6.85823
v 9.9516 -21.804 -6.09333
v 9.74521 -21.8434 -5.35109
v 9.89763 -20.9825 -8.47412
v 10.0967 -20.9379 -7.6752
v 10.0445 -20.9434 -6.08026
v 9.81028 -20.9876 -5.30816
v 9.67756 -20.2167 -9.39073
v 10.0264 -20.1282 -8.57243
v 9.89734 -20.1167 -5.22272
v 9.79436 -19.3732 -9.56532
v 10.0069 -19.2458 -5.07141
v 9.90301 -18.5299 -9.75843
v 9.67926 -18.4938 -3.90564
v 10.0359 -17.6162 -9.98716
v 9.80565 -17.6611 -3.48619
v 9.94304 -16.8318 -2.9682
v 10.0818 -15.9991 -2.35491
v 9.82545 -15.49 -11.8334
v 9.91315 -10.4136 -14.7799
v 9.90322 -8.62907 4.16983
v 9.87483 -5.99831 4.86733
v 10.0765 -4.62651 4.96509
v 9.71923 -2.81153 6.00459
v 9.86072 -1.99356 6.37644
v 9.99622 -1.21125 6.70624
v 9.72023 -0.726358 7.26105
v 9.69388 0.398908 -17.4887
v 10.017 0.103344 7.16475
v 9.94481 0.665025 7.26554
v 9.9056 1.24146 7.23608
v 9.86309 1.81302 7.13386
v 9.66635 2.57394 -17.5384
v 9.78097 2.36009 7.0164
v 9.65724 2.87607 6.90715
v 9.94875 4.00094 6.14034
v 10.0457 4.69654 5.82402
v 9.78357 5.37005 5.93018
v 9.89957 5.82934 5.73774
v 9.92987 6.32482 5.60759
v 9.89639 6.84617 5.51878
v 9.82107 7.38306 5.4504
v 10.0708 7.9189 5.02567
v 9.69558 7.92413 5.40715
v 9.86297 8.49394 5.02807
v 9.95096 9.14288 4.59537
v 9.91998 9.8476 4.09892
v 9.78428 10.5806 3.56776
v 10.0425 11.6536 2.24491
v 9.82661 12.7501 1.70664
v 10.0033 13.443 -14.2084
v 9.8917 14.7463 0.42349
v 9.67425 14.9814 -13.3071
v 9.93872 15.6011 -12.0171
v 10.0475 16.0647 -10.9796
v 10.1129 16.4881 -10.0918
v 9.78071 17.1523 -2.52377
v 9.66943 16.9565 -1.71293
v 9.79734 17.7265 -8.85978
v 9.74507 17.3399 -3.33731
v 9.98942 18.0935 -8.56605
v 9.81136 18.1413 -6.39563
v 9.64572 17.9409 -6.11768
v 9.8019 18.7496 -8.31242
v 9.97985 18.4203 -6.56138
v 10.0455 19.0165 -8.22358
v 9.76345 19.0357 -6.56812
v 9.77105 19.3935 -8.09865
v 9.857 19.4697 -6.57253
v 9.95423 19.7408 -7.95162
v 10.0801 20.0048 -7.73174
v 9.65511 19.8976 -6.52329
v 10.1428 -20.9258 -6.87326
v 10.2296 -20.0699 -7.72123
v 10.2707 -20.0508 -6.87371
v 10.1574 -20.0674 -6.03812
v 10.1586 -19.2683 -8.67866
v 10.3678 -19.1986 -7.75947
v 10.409 -19.1738 -6.84692
v 10.287 -19.1906 -5.94844
v 10.2839 -18.4131 -8.788
v 10.502 -18.3361 -7.78233
v 10.5508 -18.3086 -6.78024
v 10.43 -18.3276 -5.79275
v 10.1396 -18.3903 -4.83087
v 10.4445 -17.4817 -8.90569
v 10.5955 -17.4533 -5.5477
v 10.2916 -17.5389 -4.48926
v 10.2256 -16.5612 -10.2686
v 10.4596 -16.6805 -4.03473
v 10.498 -15.3013 -10.6512
v 10.2122 -15.1564 -1.6496
v 10.3229 -14.3011 -0.87169
v 10.1511 -13.9621 -12.3951
v 10.4027 -13.4306 -0.0406219
v 10.5368 -12.2191 -12.9995
v 10.4402 -12.5423 0.824178
v 10.4241 -11.6335 1.70328
v 10.3393 -10.6887 2.57103
v 10.1708 -9.69244 3.40176
v 10.2408 -8.36349 -15.3353
v 10.3593 -7.11327 4.1804
v 10.5015 -6.2709 -15.7676
v 10.6177 -5.63188 4.23473
v 10.1931 -3.44543 5.18988
v 10.2861 -2.50242 5.55605
v 10.3603 -1.6837 5.96773
v 10.4363 -0.893711 6.3135
v 10.567 -0.173671 6.43628
v 10.1662 -0.423072 6.86898
v 10.4635 0.311286 6.68817
v 10.4489 0.84223 6.74441
v 10.4588 1.39535 6.68203
v 10.4594 1.95038 6.54917
v 10.4167 2.48707 6.39399
v 10.3267 3.01242 6.24641
v 10.1853 3.53342 6.13636
v 10.2895 5.14652 5.49136
v 10.3766 5.66621 5.28904
v 10.3788 6.20603 5.16927
v 10.3188 6.76415 5.10052
v 10.2194 7.33871 5.05124
v 10.497 7.92991 4.51717
v 10.2594 8.54425 4.54158
v 10.3478 9.24677 3.99082
v 10.3204 9.99011 3.41126
v 10.5417 10.2289 -15.5036
v 10.208 10.773 2.8222
v 10.2905 11.8904 -14.9159
v 10.6109 12.0373 1.43424
v 10.3782 13.2943 0.901225
v 10.2817 15.3239 -0.377564
v 10.5503 15.756 -1.18022
v 10.1815 16.9041 -9.39254
v 10.2124 17.2421 -5.74022
v 10.2468 17.0866 -5.14501
v 10.4339 16.8535 -4.40676
v 10.2997 17.3457 -8.92038
v 10.4294 17.7818 -8.62419
v 10.3102 17.557 -6.33025
v 10.5326 18.1814 -8.45278
v 10.4499 18.0447 -6.63976
v 10.3727 18.5416 -8.35758
v 10.3531 18.561 -6.67895
v 10.5892 18.9144 -8.23136
v 10.334 19.0142 -6.67873
v 10.4167 19.4409 -8.03224
v 10.4958 19.2623 -6.69439
v 10.2072 20.1788 -7.29762
v 10.2589 20.1661 -6.94639
v 10.219 19.9248 -6.6851
v 10.6779 -17.4009 -7.77897
v 10.7262 -17.3994 -6.65195
v 10.7929 -16.5424 -5.18994
v 10.6827 -16.3937 -9.03701
v 10.9411 -16.3116 -7.73851
v 10.9656 -16.3903 -6.44034
v 11.0245 -15.591 -4.6634
v 10.6398 -15.8039 -3.45542
v 11.0144 -15.0957 -9.3123
v 10.8286 -14.8978 -2.73949
v 10.8789 -13.7724 -11.1834
v 11.0061 -13.972 -1.92
v 10.9374 -10.3247 -13.5948
v 11.0428 -9.25757 2.622
v 10.7653 -8.22516 3.44099
v 10.7417 -4.14665 -16.0564
v 10.7374 -4.27685 4.3939
v 10.7809 -3.12135 4.68722
v 11.0082 -2.0016 -16.1813
v 10.8029 -2.1958 5.11059
v 10.8089 -1.35849 5.56234
v 10.8239 -0.588825 5.91171
v 10.8785 0.182785 6.08231
v 10.9496 0.889414 6.09044
v 11.0103 1.43379 5.98361
v 11.0514 1.98525 5.8211
v 11.1213 2.60961 -16.3759
v 11.0473 2.52075 5.63574
v 10.9944 3.06012 5.45805
v 10.8894 3.62313 5.31856
v 10.976 4.64401 -16.4108
v 10.7006 4.29053 5.27098
v 10.8764 4.92381 4.88285
v 10.921 5.50659 4.69066
v 10.8901 6.09559 4.58961
v 10.8665 6.59849 -16.2661
v 10.8017 6.69529 4.54424
v 10.6742 7.31016 4.51907
v 10.9679 7.96813 3.85598
v 10.7396 8.46337 -15.9581
v 10.6938 8.61699 3.91015
v 10.7846 9.36479 3.27916
v 10.7758 10.1515 2.64431
v 10.7088 11.0096 2.02124
v 11.0423 12.9101 -13.3095
v 10.8947 13.8536 0.0840291
v 10.7978 14.1086 -12.5393
v 10.7028 14.9277 -11.6374
v 10.6848 15.518 -10.7315
v 10.6713 16.0303 -9.94986
v 10.7277 16.3483 -2.79033
v 10.6985 16.0837 -1.98448
v 10.6869 16.5199 -9.32742
v 10.9565 16.6118 -5.88273
v 11.0883 16.3515 -5.33206
v 10.6391 16.5912 -3.59775
v 10.7563 17.0424 -8.89935
v 10.8795 17.2979 -6.56614
v 10.8919 16.9076 -6.29888
v 10.8338 17.5664 -8.62131
v 10.8937 17.7286 -6.71355
v 10.8738 18.0607 -8.44898
v 10.9088 18.1455 -6.77009
v 10.9453 18.5437 -8.30048
v 10.8909 18.5595 -6.77058
v 10.9094 19.1191 -8.0895
v 10.9376 18.9984 -6.77568
v 10.6945 19.5513 -6.74172
v 10.7358 19.7833 -7.6401
v 10.8374 19.8488 -7.2877
v 10.8416 19.791 -6.96548
v 11.2718 -15.3105 -5.99292
v 11.4204 -14.8207 -7.62361
v 11.2928 -14.595 -3.91204
v 11.5597 -13.581 -3.01502
v 11.4559 -13.5345 -9.86194
v 11.152 -13.0361 -1.03001
v 11.3178 -12.0497 -11.7836
v 11.2464 -12.0997 -0.102585
v 11.2692 -11.1727 0.829221
v 11.206 -10.2327 1.74441
v 11.3073 -8.34243 -14.1292
v 11.5461 -7.77783 2.68151
v 11.1252 -6.70649 3.48128
v 11.6012 -6.33592 -14.5509
v 11.2976 -5.23889 3.59691
v 11.3415 -3.91475 3.83316
v 11.3145 -2.79961 4.19988
v 11.2658 -1.86731 4.67954
v 11.5305 -0.592121 4.82661
v 11.2024 -1.00489 5.17189
v 11.1301 -0.236562 5.58011
v 11.423 0.319789 -16.0643
v 11.3261 0.223106 5.39792
v 11.4563 0.751692 5.27207
v 11.565 1.31071 5.10949
v 11.5982 3.53986 4.3663
v 11.5424 4.13199 4.21421
v 11.5353 4.7435 4.04795
v 11.5243 5.36975 3.91007
v 11.4566 6.0061 3.84308
v 11.3394 6.6528 3.82339
v 11.1798 7.31011 3.82737
v 11.477 8.02579 3.08769
v 11.1673 8.70688 3.17103
v 11.2693 9.49703 2.49059
v 11.2996 10.3404 1.82374
v 11.3483 11.4592 -13.9595
v 11.3038 11.3092 1.18796
v 11.2055 12.4805 0.601334
v 11.4144 14.3681 -10.972
v 11.3105 14.3745 -0.736583
v 11.5601 14.8034 -1.55224
v 11.2715 15.0508 -10.2799
v 11.6119 15.3253 -9.2666
v 11.1752 15.6408 -9.66262
v 11.5145 15.7726 -3.91746
v 11.3242 16.082 -9.02699
v 11.5362 16.0745 -6.05244
v 11.3021 16.0676 -4.66124
v 11.3266 16.7249 -8.71243
v 11.379 16.4972 -6.41745
v 11.3006 16.9967 -6.64965
v 11.1925 17.4251 -8.55593
v 11.4956 17.3355 -8.42656
v 11.5511 17.4062 -6.84517
v 11.2599 17.5262 -6.77404
v 11.3196 18.017 -8.33375
v 11.471 18.0185 -6.87066
v 11.2156 18.0387 -6.8156
v 11.4065 18.6676 -8.07062
v 11.4123 18.6207 -6.88286
v 11.1879 19.1996 -6.85424
v 11.1637 19.2783 -7.86726
v 11.2764 19.3386 -7.64525
v 11.3399 19.3616 -7.39887
v 11.3248 19.3197 -7.06575
v 11.6474 -14.1888 -5.15721
v 11.9578 -13.0973 -8.52452
v 12.0006 -13.49 -6.32486
v 12.0248 -13.0731 -4.11898
v 11.7871 -12.5755 -2.05152
v 11.9477 -11.8125 -10.5222
v 11.9484 -11.5942 -1.05861
v 11.7641 -10.2081 -12.3705
v 12.0166 -10.6526 -0.0733759
v 11.9801 -9.72199 0.888705
v 11.8272 -8.77336 1.81216
v 11.8185 -6.26463 2.77915
v 11.9124 -4.82378 2.97677
v 11.8638 -4.34986 -14.8302
v 11.8854 -3.54723 3.30068
v 11.7904 -2.45306 3.73592
v 12.0142 -1.04725 3.90605
v 11.6708 -1.49258 4.27425
v 11.7829 -0.0893831 4.55674
v 11.9747 0.472888 4.33077
v 11.6404 1.87545 4.92163
v 11.6706 2.42118 4.71993
v 11.6563 2.96897 4.52721
v 12.1057 4.60272 -15.2995
v 12.054 5.93756 2.99431
v 11.9923 6.42144 -15.1891
v 11.9118 6.63172 2.99852
v 11.7223 7.33094 3.02991
v 12.0178 8.09512 2.25783
v 11.8523 8.19814 -14.9163
v 11.6808 8.80867 2.36149
v 11.628 9.88295 -14.5008
v 11.81 9.64358 1.6553
v 11.9052 10.5651 0.975219
v 11.9227 11.6533 0.325586
v 11.9022 12.3631 -12.3407
v 11.7533 12.95 -0.24427
v 11.6195 13.5023 -11.6789
v 12.0036 13.9316 -10.2226
v 11.7786 14.6717 -9.71481
v 11.9685 15.0896 -8.7983
v 12.0125 15.3263 -4.96999
v 11.6638 15.1639 -2.35775
v 11.8154 15.7833 -8.56314
v 12.029 15.6774 -8.17119
v 11.9639 15.6332 -6.26425
v 11.7536 15.6953 -5.56613
v 11.6418 15.4792 -3.14789
v 11.8649 16.0562 -6.65778
v 11.759 16.527 -8.37805
v 11.9398 16.4632 -8.06209
v 12.0385 16.4451 -7.71612
v 12.0561 16.4692 -7.37912
v 11.922 16.581 -6.98899
v 11.6222 16.7795 -6.74901
v 11.7324 17.2847 -8.22947
v 11.8923 17.2596 -7.96093
v 11.9756 17.2563 -7.65985
v 11.9828 17.2708 -7.36519
v 11.914 17.2991 -7.11587
v 11.7696 17.3374 -6.95082
v 11.7415 18.0246 -7.98279
v 11.889 18.0373 -7.5885
v 11.8922 18.0412 -7.32161
v 11.7498 18.0311 -7.02753
v 11.633 18.7347 -7.75849
v 11.7047 18.7482 -7.3771
v 11.6425 18.7139 -7.04671
v 12.4605 -12.3097 -7.26482
v 12.4589 -12.3607 -5.1591
v 12.3363 -12.0113 -3.06401
v 12.478 -11.4401 -9.25794
v 12.5592 -11.0078 -2.00973
v 12.4307 -10.0319 -11.1294
v 12.1722 -8.30765 -12.8967
v 12.5236 -8.23958 1.00228
v 12.2455 -7.28716 1.92086
v 12.4963 -6.40835 -13.3148
v 12.4382 -5.78957 2.10092
v 12.4602 -4.39099 2.39717
v 12.3664 -3.14861 2.80228
v 12.1397 -2.42895 -14.9375
v 12.2051 -2.05448 3.30335
v 12.5553 -1.5767 2.9102
v 12.5103 -0.839038 -14.7483
v 12.2921 -0.506953 3.58628
v 12.5105 0.0968259 3.30801
v 12.5318 1.22896 -14.8746
v 12.1209 1.06426 4.11721
v 12.2224 1.65773 3.91069
v 12.2803 2.22631 3.70584
v 12.2501 2.79187 -15.2282
v 12.299 2.78824 3.51483
v 12.2831 3.36174 3.34983
v 12.2486 3.95932 3.21157
v 12.2113 4.59348 3.10076
v 12.1526 5.25572 3.02561
v 12.4987 6.62711 2.1302
v 12.2879 7.36505 2.18046
v 12.5836 8.16835 1.41198
v 12.2354 8.91708 1.51877
v 12.5184 9.50712 -13.4455
v 12.4147 9.80454 0.803463
v 12.2169 11.0111 -12.9364
v 12.5389 10.8108 0.0820721
v 12.5865 11.9246 -11.3406
v 12.495 12.0235 -0.562652
v 12.2764 13.0382 -10.7709
v 12.1809 13.4124 -1.09302
v 12.4797 13.6122 -9.44199
v 12.4152 13.8347 -1.93539
v 12.197 14.386 -9.08932
v 12.5175 14.1986 -8.45645
v 12.4859 14.227 -2.75781
v 12.3981 14.8796 -7.78501
v 12.5794 14.6334 -5.35812
v 12.4225 14.5996 -3.54676
v 12.2324 14.9395 -8.29422
v 12.4603 14.915 -7.30132
v 12.4134 15.0505 -6.87379
v 12.2521 15.2909 -6.53306
v 12.2554 15.1271 -5.86108
v 12.2549 14.9626 -4.28866
v 12.154 15.6406 -7.7577
v 12.1894 15.6721 -7.35922
v 12.1347 15.771 -7.01229
v 12.9194 -11.3563 -6.06257
v 12.8278 -11.3059 -4.02639
v 12.9602 -10.865 -8.0334
v 13.0922 -10.3228 -2.92179
v 12.9745 -9.76428 -9.89402
v 12.671 -10.0667 -0.973561
v 12.6623 -9.15505 0.0339571
v 12.8651 -8.23501 -11.656
v 12.8631 -6.75327 1.1885
v 12.9832 -5.28323 1.47352
v 12.7703 -4.58645 -13.594
v 12.939 -3.91931 1.86286
v 13.0279 -2.91821 -13.7034
v 12.7814 -2.69316 2.34373
v 12.8374 -0.992533 2.56452
v 13.0588 -0.337251 2.26448
v 13.0573 0.154028 -14.1383
v 12.6756 0.73259 3.06429
v 12.7933 1.36885 2.84818
v 12.8697 1.97411 2.65274
v 12.9092 2.56719 2.48187
v 12.916 3.16693 2.33942
v 12.8945 3.79213 2.2293
v 13.002 4.5455 -14.2233
v 12.8489 4.46162 2.15538
v 12.7723 5.16453 2.1156
v 12.9031 6.20945 -14.1128
v 12.6579 5.88998 2.1079
v 13.0798 6.63402 1.27899
v 12.8624 7.40484 1.33278
v 12.762 7.89272 -13.8452
v 12.8321 9.02685 0.680126
v 13.0469 9.96224 -0.0979719
v 12.9171 10.6205 -11.8904
v 12.932 12.4207 -1.45846
v 12.7955 12.7081 -9.86208
v 12.852 13.4038 -8.68314
v 13.083 13.7153 -4.01425
v 12.7328 14.1164 -7.83128
v 12.8353 14.1464 -7.22889
v 12.8011 14.3168 -6.68386
v 13.017 13.9929 -5.85074
v 12.8755 14.1602 -4.74573
v 12.6062 14.6556 -6.23079
v 13.29 -10.4217 -4.89752
v 13.3785 -10.1622 -6.83971
v 13.4328 -9.3734 -8.6869
v 13.5606 -9.5214 -3.76063
v 13.2372 -9.40834 -1.84038
v 13.2535 -8.53024 -0.789775
v 13.4157 -8.10037 -10.4256
v 13.1318 -7.65602 0.222394
v 13.2111 -6.46401 -12.0746
v 13.3989 -6.17627 0.513923
v 13.4931 -4.79075 -12.3626
v 13.4535 -4.73051 0.901891
v 13.347 -3.3875 1.37855
v 13.1278 -2.15521 1.93085
v 13.3123 -1.53518 -13.5883
v 13.4025 -1.50906 1.56943
v 13.2268 0.353869 2.00825
v 13.349 1.04555 1.79401
v 13.3131 1.67485 -13.8681
v 13.4325 1.70252 1.61993
v 13.4803 2.3438 1.48281
v 13.1187 2.98905 -14.1517
v 13.4951 2.98842 1.37946
v 13.4798 3.65539 1.30668
v 13.4372 4.36374 1.26128
v 13.3607 5.10317 1.24221
v 13.2438 5.86336 1.24846
v 13.5179 7.59329 -12.7851
v 13.4321 7.4427 0.540637
v 13.1678 8.2377 0.59569
v 13.2517 9.15572 -12.3788
v 13.4393 9.11667 -0.183313
v 13.4624 10.357 -10.8662
v 13.5401 11.4487 -9.43102
v 13.1472 11.0625 -0.872365
v 13.1231 11.6135 -10.3554
v 13.5101 12.4072 -8.14248
v 13.2037 12.5041 -8.99957
v 13.1452 12.8457 -2.34352
v 13.1196 13.305 -7.92972
v 13.2813 13.3147 -7.16539
v 13.3915 13.3646 -5.323
v 13.1802 13.2826 -3.20105
v 13.2696 13.5162 -6.45183
v 13.7175 -9.40656 -5.66802
v 13.8087 -8.88087 -7.50081
v 13.9699 -8.63064 -4.51229
v 13.7197 -8.67087 -2.64288
v 13.8535 -7.87958 -9.22397
v 13.7543 -7.84593 -1.55244
v 13.6516 -7.02245 -0.497449
v 13.77 -6.47872 -10.8456
v 13.8552 -5.54756 -0.0963809
v 14.0535 -4.95137 -11.1443
v 13.8489 -4.11635 0.390958
v 13.7355 -3.28707 -12.4975
v 13.6822 -2.77435 0.949
v 13.9626 -2.0248 -12.4567
v 13.9429 -2.05864 0.578922
v 13.6664 -0.568894 -13.1943
v 13.6144 -0.790099 1.26089
v 14.0438 0.0843919 -12.6478
v 13.7724 -0.0337471 1.00664
v 13.645 0.737673 -13.3428
v 13.8854 0.724592 0.808091
v 13.9621 1.44951 0.666668
v 13.9265 1.92046 -12.982
v 14.0055 2.15605 0.572153
v 13.7933 3.06943 -13.2024
v 14.0186 2.85923 0.514332
v 14.0041 3.5741 0.482987
v 13.7088 4.45762 -13.2431
v 13.9652 4.31569 0.467906
v 13.8951 5.07867 0.467608
v 13.6437 5.99641 -13.0886
v 13.7872 5.85771 0.480616
v 13.6351 6.6475 0.505452
v 13.9708 7.45971 -0.219927
v 13.7394 8.28041 -0.211461
v 13.8131 8.96721 -11.3389
v 14.0251 9.16523 -1.10044
v 13.8665 10.2899 -9.9087
v 13.6704 10.099 -1.08207
v 13.8557 11.3845 -8.53169
v 13.603 11.3823 -1.84444
v 13.7797 11.8324 -2.7905
v 13.7238 12.3982 -7.24994
v 13.7624 12.34 -3.70383
v 13.84 12.4917 -6.159
v 13.6365 12.8322 -4.57768
v 14.1052 -8.30833 -6.32852
v 14.1282 -7.86706 -3.36647
v 14.1928 -7.57147 -8.04175
v 14.3255 -7.6774 -5.16284
v 14.4478 -7.17488 -6.86963
v 14.4725 -7.00971 -3.99656
v 14.1741 -7.10555 -2.24135
v 14.1971 -6.4283 -9.64325
v 14.5135 -6.29324 -8.45841
v 14.5223 -6.31251 -2.84385
v 14.0893 -6.33582 -1.14773
v 14.451 -5.59305 -1.71891
v 14.4727 -5.05692 -9.9474
v 14.2345 -4.85858 -0.635911
v 14.5393 -4.10072 -1.09817
v 14.2825 -3.57033 -11.312
v 14.1692 -3.42567 -0.0543429
v 14.4143 -2.64339 -0.42908
v 14.4731 -2.38762 -11.3391
v 14.1988 -1.0758 -12.2178
v 14.1411 -1.26954 0.267547
v 14.4391 -0.3781 -11.8553
v 14.2887 -0.436225 0.0140921
v 14.3899 0.406137 -0.163973
v 14.3984 0.528438 -12.0753
v 14.1379 1.09932 -12.5971
v 14.5457 1.33727 -11.9668
v 14.4486 1.22239 -0.249187
v 14.4043 2.0639 -12.2619
v 14.4746 2.01387 -0.276297
v 14.4778 2.78194 -0.280058
v 14.311 3.09966 -12.4313
v 14.4607 3.54113 -0.270385
v 14.2543 4.36184 -12.4383
v 14.4256 4.30599 -0.257195
v 14.3658 5.0784 -0.243023
v 14.223 5.76775 -12.2458
v 14.2746 5.86024 -0.230399
v 14.1452 6.65339 -0.221856
v 14.2133 7.34834 -11.7142
v 14.4525 7.43692 -0.972875
v 14.4982 8.03016 -10.6687
v 14.2671 8.2737 -1.02989
v 14.1881 9.08008 -10.3639
v 14.537 9.06653 -2.04031
v 14.442 9.30041 -9.45079
v 14.1638 10.321 -9.00019
v 14.3891 10.3519 -8.12306
v 14.5712 10.3034 -7.2675
v 14.2862 10.1843 -2.30662
v 14.453 10.9931 -5.8171
v 14.3047 10.8747 -3.34969
v 14.0884 11.3752 -7.62166
v 14.2752 11.2887 -6.71283
v 14.2356 11.4237 -4.27961
v 14.0906 11.9311 -5.19324
v 14.6328 -6.68863 -5.69834
v 14.74 -6.05407 -7.28197
v 14.7622 -6.11157 -4.51855
v 14.8975 -5.69129 -6.10482
v 14.8081 -5.4702 -3.34726
v 14.7743 -5.07391 -8.76491
v 14.9819 -4.96885 -7.58981
v 15.007 -5.18541 -4.91784
v 15.0409 -4.58206 -3.73891
v 14.7431 -4.79108 -2.20147
v 14.9788 -3.9412 -8.97538
v 14.9718 -3.92685 -2.58589
v 14.6894 -3.80282 -10.1391
v 14.7721 -3.26542 -1.47666
v 14.8561 -2.70335 -10.221
v 14.9546 -2.35668 -1.79723
v 14.9818 -1.79587 -10.1959
v 14.6025 -1.78338 -0.745218
v 14.6416 -1.45526 -11.2159
v 14.7973 -0.731065 -10.9953
v 14.7521 -0.859529 -1.01472
v 14.9499 -0.172847 -10.7305
v 14.6788 0.130239 -11.4439
v 14.8497 0.0903599 -1.17658
v 14.7202 0.844715 -11.5607
v 14.9129 0.51117 -11.0583
v 14.9991 1.1147 -11.1882
v 14.8819 1.02847 -1.16979
v 14.878 1.54982 -11.5174
v 14.7792 2.20328 -11.7535
v 14.8772 1.92723 -1.08873
v 14.8644 2.75911 -1.0278
v 14.7091 3.14635 -11.8891
v 15.0522 3.23848 -11.5311
v 14.8427 3.54934 -0.982035
v 14.6663 4.28093 -11.8879
v 15.0075 4.2579 -11.5343
v 14.8113 4.32319 -0.946494
v 14.7635 5.08977 -0.924491
v 14.6497 5.5089 -11.7133
v 14.9871 5.31492 -11.3957
v 15.0264 5.83872 -1.62097
v 14.6923 5.85818 -0.919342
v 14.683 6.60679 -11.3282
v 15.0017 6.26369 -11.0887
v 14.9529 6.58575 -1.66351
v 14.5909 6.63752 -0.934365
v 15.062 6.95834 -10.5864
v 14.7896 7.35111 -10.6952
v 14.8511 7.35539 -1.74217
v 14.9291 7.82409 -9.94002
v 15.0611 8.108 -9.18846
v 15.0455 7.9363 -2.72247
v 14.6953 8.43179 -9.79392
v 14.7146 8.17365 -1.86507
v 14.8583 8.67042 -8.97441
v 15.0041 8.75038 -8.19783
v 14.9226 8.71456 -2.972
v 14.64 9.43432 -8.59663
v 14.8056 9.45112 -7.78198
v 14.9622 9.32012 -6.98745
v 15.0071 9.33734 -4.883
v 14.8002 9.44768 -3.39709
v 14.8858 9.76376 -5.61956
v 14.7062 10.0524 -4.09444
v 14.7386 10.0966 -6.4237
v 14.603 10.5578 -4.94185
v 15.1189 -4.70825 -6.41507
v 15.1736 -3.94216 -7.81744
v 15.209 -4.25861 -5.23367
v 15.2966 -3.76238 -6.66186
v 15.2284 -3.6755 -4.05996
v 15.3154 -2.99696 -7.98912
v 15.3704 -3.35854 -5.50523
v 15.1534 -3.01445 -2.90831
v 15.1304 -2.92283 -9.10393
v 15.43 -2.87658 -6.87794
v 15.4934 -2.51257 -5.77177
v 15.3786 -2.77796 -4.35157
v 15.2326 -2.04654 -9.16469
v 15.4072 -2.15618 -8.12913
v 15.5186 -2.07372 -7.09611
v 15.3044 -2.06796 -3.20488
v 15.4978 -1.94151 -4.67083
v 15.0846 -1.05576 -10.0982
v 15.3072 -1.30189 -9.1762
v 15.4715 -1.41914 -8.2419
v 15.4352 -1.19999 -3.57536
v 15.1086 -1.3785 -2.08573
v 15.3761 -0.67846 -9.15703
v 15.5307 -0.785119 -8.33185
v 15.1824 -0.458391 -9.96237
v 15.461 -0.165823 -9.12575
v 15.5564 -0.523152 -4.11953
v 15.276 -0.236453 -2.39957
v 15.1089 0.261578 -10.4742
v 15.3642 0.213778 -9.76882
v 15.5013 0.289828 -3.3438
v 15.1364 0.826643 -10.7732
v 15.2838 0.614392 -10.2796
v 15.2844 1.36959 -10.9189
v 15.3753 1.10126 -10.5632
v 15.4822 0.909547 -10.1395
v 15.4563 1.17346 -2.88468
v 15.2289 0.976053 -2.06
v 15.196 1.77057 -11.2052
v 15.5612 2.03312 -10.9867
v 15.4186 2.06136 -2.63303
v 15.1973 1.93133 -1.87202
v 15.1165 2.3712 -11.4126
v 15.4816 2.60023 -11.195
v 15.1698 2.79331 -1.75298
v 15.5408 3.02656 -3.18306
v 15.3854 2.88713 -2.4797
v 15.405 3.40501 -11.3125
v 15.5081 3.75643 -3.09623
v 15.3561 3.66082 -2.39458
v 15.1434 3.59161 -1.68057
v 15.3408 4.33579 -11.3198
v 15.4815 4.44616 -3.06092
v 15.3298 4.39245 -2.34755
v 15.1151 4.35583 -1.63246
v 15.4557 5.10312 -3.0661
v 15.3008 5.09692 -2.33918
v 15.0783 5.10014 -1.61161
v 15.2982 5.28088 -11.1972
v 15.5337 5.70089 -3.74727
v 15.2864 6.1286 -10.9256
v 15.4252 5.7347 -3.10074
v 15.2635 5.7891 -2.37004
v 15.5032 6.22331 -3.80032
v 15.3886 6.3553 -3.18124
v 15.212 6.48389 -2.44072
v 15.3148 6.76728 -10.4853
v 15.4842 6.72501 -3.98106
v 15.344 6.97937 -3.32399
v 15.2649 7.32329 -9.94399
v 15.4656 7.48471 -9.30253
v 15.4586 7.22744 -4.25432
v 15.285 7.60609 -3.53968
v 15.1406 7.19619 -2.55178
v 15.2598 7.72133 -9.28306
v 15.3792 7.84142 -8.59794
v 15.5078 7.81084 -7.94954
v 15.4596 7.99582 -7.11215
v 15.5045 7.74579 -5.59846
v 15.4086 7.75208 -4.58495
v 15.1921 8.21983 -8.45655
v 15.3285 8.17659 -7.76037
v 15.2876 8.46917 -6.75656
v 15.4086 8.1518 -6.13207
v 15.3328 8.25731 -5.01177
v 15.2054 8.23464 -3.83903
v 15.15 8.676 -7.45184
v 15.1052 9.06302 -6.24175
v 15.2302 8.70152 -5.57361
v 15.1108 8.82505 -4.27061
v 15.58 -1.74806 -6.07248
v 15.5835 -1.3572 -7.30774
v 15.6495 -1.06578 -6.38615
v 15.5923 -1.21821 -5.07478
v 15.6459 -0.730436 -7.50422
v 15.6761 -0.589418 -5.51134
v 15.6072 -0.253424 -8.4034
v 15.7268 -0.196823 -7.67696
v 15.7214 -0.466476 -6.69154
v 15.5838 0.246447 -9.10091
v 15.7234 0.176649 -8.46097
v 15.8473 0.240233 -7.81733
v 15.8148 0.0490849 -6.96742
v 15.763 -0.0365111 -5.92838
v 15.6695 0.0273189 -4.71747
v 15.6185 0.738434 -9.64886
v 15.7671 0.615229 -9.10777
v 15.9109 0.567247 -8.53251
v 16.0441 0.640295 -7.9507
v 15.9491 0.480147 -7.19255
v 16.0249 0.856927 -6.60732
v 15.8727 0.444332 -6.30176
v 15.7764 0.516188 -5.2493
v 15.6435 0.737809 -4.06887
v 15.6554 1.35962 -10.4031
v 15.7114 1.17099 -10.0468
v 15.8538 1.05558 -9.63738
v 16.0334 0.997407 -9.17156
v 15.9018 0.948951 -5.70694
v 15.7674 1.14835 -4.68886
v 15.6253 1.64061 -10.7139
v 15.9707 1.49771 -10.1138
v 15.9035 1.52297 -5.20995
v 15.7418 1.8167 -4.28163
v 15.6116 1.49543 -3.62987
v 15.8793 2.12643 -4.83774
v 15.5764 2.2688 -3.35106
v 16.0348 2.37106 -10.818
v 16.0561 2.4138 -5.29601
v 15.8379 2.75046 -4.57844
v 15.7057 2.50514 -4.00545
v 15.9396 2.92295 -11.0568
v 16.0044 2.98486 -5.05227
v 15.6653 3.19758 -3.83817
v 15.8321 3.67491 -11.1889
v 15.9396 3.57839 -4.90407
v 15.7885 3.38619 -4.42014
v 15.8742 4.19639 -4.84836
v 15.7397 4.02475 -4.35097
v 15.6268 3.87792 -3.75764
v 15.7275 4.52931 -11.202
v 16.0334 4.36045 -5.25438
v 15.7007 4.65726 -4.35903
v 15.5964 4.53006 -3.7417
v 15.9741 4.99649 -5.31064
v 15.8205 4.84087 -4.88206
v 15.6613 5.24713 -4.36894
v 15.5675 5.14179 -3.75126
v 15.6409 5.3885 -11.084
v 15.7621 5.45332 -4.89339
v 15.5874 6.15486 -10.8225
v 15.8942 5.76088 -5.44137
v 15.6827 5.97523 -4.77053
v 15.5899 5.94148 -4.25467
v 15.9547 6.29581 -10.7631
v 15.888 6.42043 -5.87047
v 15.7247 6.33126 -5.18176
v 15.5881 6.40099 -4.47818
v 15.7402 6.76619 -10.3827
v 15.7576 7.14136 -9.8675
v 15.9433 7.11698 -6.97925
v 16.0436 6.71247 -6.52369
v 15.8358 6.9344 -6.29834
v 15.7163 6.80368 -5.57781
v 15.5955 6.80196 -4.81786
v 15.8166 7.3656 -9.29222
v 15.7985 7.50151 -8.68841
v 15.8042 7.50186 -8.08589
v 16.0428 7.27762 -7.5865
v 15.7295 7.52319 -7.41888
v 15.7474 7.34541 -6.79238
v 15.6641 7.29183 -6.00862
v 15.5672 7.27304 -5.17584
v 15.5751 7.69506 -6.52415
v 16.1608 0.880178 -7.38992
v 16.2015 0.980518 -8.64601
v 16.3538 1.06293 -8.10242
v 16.4863 1.30265 -7.58252
v 16.252 1.24733 -6.86607
v 16.0706 1.33111 -6.08235
v 16.4487 1.85254 -9.97129
v 16.1332 1.40974 -9.72869
v 16.4009 1.45291 -9.32676
v 16.3088 1.70217 -6.39505
v 16.0823 1.86322 -5.63835
v 16.0716 1.95436 -10.5244
v 16.3221 2.20514 -5.99277
v 16.2829 2.71665 -5.67513
v 16.2093 3.24089 -5.444
v 16.4565 3.55115 -5.77068
v 16.119 3.78204 -5.3013
v 16.3982 4.07715 -11.1153
v 16.3265 4.00502 -5.62313
v 16.5437 4.32477 -5.88694
v 16.3078 4.53592 -5.68023
v 16.2291 4.85314 -11.1388
v 16.4387 4.97802 -5.90428
v 16.1798 5.03974 -5.64459
v 16.0731 5.6195 -11.0221
v 16.3137 5.574 -5.96544
v 16.4117 6.084 -6.36239
v 16.1147 6.19971 -6.13343
v 16.3583 6.56337 -10.7454
v 16.3034 6.59804 -6.69883
v 16.2382 6.99566 -10.3476
v 16.4631 6.97309 -7.21187
v 16.1771 6.99709 -7.11051
v 16.337 7.4311 -9.8657
v 16.2102 7.46419 -9.30772
v 16.2867 7.52756 -8.74498
v 16.4132 7.49508 -8.2066
v 16.1538 7.40488 -8.1661
v 16.3009 7.2517 -7.65971
v 16.4736 7.70912 -9.33339
v 16.5402 7.75695 -8.77484
v 16.6267 1.47861 -8.8294
v 16.8129 1.56769 -8.29786
v 16.962 1.80102 -7.79334
v 16.5866 1.66159 -7.099
v 16.6729 2.33747 -10.3015
v 16.8874 2.04167 -9.60781
v 16.6423 2.10166 -6.66457
v 16.6782 2.81801 -10.6556
v 16.641 2.58477 -6.29194
v 16.5702 3.07283 -5.9938
v 16.5561 3.37197 -10.9536
v 16.9285 3.52019 -6.27072
v 16.7457 3.96558 -6.05087
v 16.7518 4.81873 -6.11007
v 16.8073 5.31322 -11.1313
v 16.8642 5.40852 -6.32222
v 16.5596 5.98096 -11.009
v 16.7941 6.01578 -6.55308
v 16.8187 6.62087 -6.89004
v 16.7682 6.96948 -10.7675
v 16.7818 7.08502 -7.28474
v 16.5775 7.32866 -10.3666
v 16.7232 7.47864 -7.73019
v 16.8915 7.8164 -10.4153
v 16.7505 8.00793 -9.91763
v 16.7171 8.114 -9.36915
v 16.7941 7.92539 -8.24815
v 16.975 8.62149 -9.9779
v 16.777 8.14798 -8.80463
v 16.9243 8.69928 -9.41389
v 16.9821 8.72184 -8.83367
v 17.2181 2.12367 -9.11067
v 17.4581 2.21415 -8.56236
v 17.0611 2.14576 -7.32712
v 17.0972 2.56909 -6.91044
v 17.0574 3.03818 -6.55455
v 17.4804 3.44566 -10.58
v 17.3025 3.9808 -10.9238
v 17.3684 4.09659 -6.5246
v 17.0665 4.62491 -11.1052
v 17.0761 4.53415 -6.30312
v 17.4504 5.32569 -6.55721
v 17.4235 5.91547 -11.1804
v 17.2476 6.11883 -6.70588
v 17.0649 6.47996 -11.0423
v 17.413 7.01562 -7.01313
v 17.1544 7.52607 -10.8275
v 17.1139 7.37294 -7.33054
v 17.134 8.02499 -7.76328
v 17.4325 7.83854 -7.34957
v 17.4868 8.24508 -10.9234
v 17.1553 8.47469 -10.4922
v 17.127 8.70297 -8.27074
v 17.3673 8.62831 -7.76144
v 17.388 9.23399 -10.5724
v 17.1748 9.34024 -10.0399
v 17.111 9.39201 -9.45882
v 17.1681 9.40399 -8.86147
v 17.3175 9.39083 -8.28039
v 17.3686 10.0929 -10.0867
v 17.2928 10.1193 -9.49516
v 17.3473 10.1199 -8.88755
v 17.4983 10.1108 -8.29493
v 17.4858 10.8081 -9.51413
v 17.5325 10.7949 -8.91142
v 17.6245 2.42876 -8.04538
v 17.708 2.7459 -7.57142
v 17.5383 2.88329 -10.0314
v 17.9984 2.92932 -9.41821
v 17.6994 3.14398 -7.15217
v 17.5893 3.6014 -6.79933
v 17.9129 4.75572 -6.74508
v 17.8 5.33136 -11.1716
v 17.7577 6.51691 -6.8212
v 17.5537 7.12357 -11.1194
v 17.812 7.54914 -7.04926
v 17.9905 7.91888 -11.2379
v 17.711 8.48354 -7.34213
v 17.7792 9.05862 -11.0237
v 17.5749 9.33812 -7.75583
v 17.9557 9.23144 -7.32809
v 17.6083 10.0248 -10.6309
v 17.7667 10.0776 -7.76046
v 17.8351 10.7776 -10.643
v 17.5751 10.8084 -10.1009
v 17.6807 10.787 -8.32151
v 17.9525 10.7701 -7.78932
v 17.813 11.4153 -10.0656
v 17.7055 11.3855 -9.50697
v 17.7359 11.3546 -8.93258
v 17.8758 11.3434 -8.36731
v 17.9545 11.8524 -9.46441
v 17.9617 11.8007 -8.94525
v 18.2731 3.00686 -8.84974
v 18.4384 3.18868 -8.31057
v 18.4896 3.46461 -7.81561
v 18.4222 3.82453 -7.37976
v 18.2315 4.25828 -7.01795
v 18.4307 4.32573 -10.6716
v 18.1504 4.78299 -11.0054
v 18.1483 5.96581 -6.78175
v 18.0348 6.65802 -11.2796
v 18.273 7.14205 -6.8939
v 18.1664 8.2543 -7.04915
v 18.377 8.79944 -11.3614
v 18.4756 9.05639 -7.03743
v 18.0457 9.89881 -11.097
v 18.1732 10.0058 -7.32733
v 18.3001 10.6978 -11.1116
v 18.37 10.73 -7.35974
v 18.0871 11.4229 -10.5836
v 18.1422 11.3387 -7.85643
v 18.3725 11.9608 -10.4474
v 18.0859 11.9153 -9.97068
v 18.0909 11.7891 -8.42986
v 18.3456 11.797 -7.96102
v 18.3972 12.3102 -9.80607
v 18.2353 12.2094 -9.37722
v 18.3259 12.2365 -8.93712
v 18.3336 12.1335 -8.50671
v 18.6931 4.01574 -10.215
v 18.9901 3.9092 -9.68044
v 18.9783 4.99263 -7.20206
v 18.5851 5.45131 -6.92181
v 18.5432 6.17851 -11.2968
v 18.7831 6.68319 -6.89172
v 18.5979 7.539 -11.4223
v 18.7418 7.92626 -6.91886
v 18.7146 9.69886 -11.4536
v 18.7388 9.88068 -7.03873
v 19.0048 10.5507 -11.4781
v 18.9551 10.6525 -7.07767
v 18.5563 11.3876 -11.0362
v 18.5525 11.3276 -7.44519
v 18.832 11.966 -10.872
v 18.7292 11.8035 -7.58148
v 18.699 12.3913 -10.2287
v 18.5352 12.4639 -9.19926
v 18.5888 12.4027 -8.64313
v 18.8388 12.4472 -8.28369
v 18.5724 12.1581 -8.10236
v 18.9084 12.1623 -7.76642
v 18.7467 12.6033 -9.55248
v 18.8418 12.623 -8.8844
v 19.2418 3.95038 -9.11382
v 19.3685 4.08356 -8.56087
v 19.3681 4.3045 -8.04339
v 19.2387 4.60894 -7.58319
v 19.4237 5.3741 -10.8566
v 19.0243 5.73417 -11.1596
v 19.3097 6.23849 -7.05094
v 19.2402 7.14839 -11.4633
v 19.3769 7.54907 -6.94682
v 19.0982 8.49359 -11.5694
v 19.1502 8.79855 -6.92415
v 19.4842 9.68789 -6.93784
v 19.2492 11.2885 -11.3985
v 19.1239 11.297 -7.17886
v 19.4822 11.9081 -11.222
v 19.253 11.8077 -7.33884
v 19.1448 12.4303 -10.6203
v 19.1462 12.4378 -7.96605
v 19.3844 12.2827 -7.66026
v 19.0747 12.7144 -9.92203
v 19.5074 12.9304 -9.52191
v 19.1341 12.7977 -9.19063
v 19.161 12.6889 -8.50824
v 19.4989 12.6635 -8.14638
v 19.7618 5.12587 -10.4276
v 19.7753 5.83899 -7.34659
v 19.8485 6.78997 -11.3474
v 19.8596 8.17819 -11.6316
v 19.8983 8.49595 -6.97588
v 19.5208 9.45695 -11.6817
v 19.8509 10.3642 -11.7202
v 19.73 10.5233 -6.988
v 19.8735 11.2337 -7.10272
v 19.9279 11.8085 -7.2807
v 19.7384 12.4053 -10.956
v 19.9061 12.2371 -7.52068
v 19.5122 12.7783 -10.2823
v 19.5375 12.8807 -8.77246
v 19.9348 12.8391 -8.34987
v 19.7744 12.5214 -7.81259
v 19.9519 13.0074 -9.85929
v 19.9666 13.02 -9.07275
v 20.059 5.01706 -9.91258
v 20.2697 5.01931 -9.35179
v 20.3482 5.10425 -8.78557
v 20.293 5.27025 -8.24314
v 20.1026 5.5157 -7.75374
v 20.3543 6.50666 -11.0612
v 20.0116 7.17238 -7.12858
v 20.3701 9.20511 -11.7623
v 20.3155 9.4563 -7.00776
v 20.0739 11.1506 -11.6457
v 20.2416 11.807 -11.4704
v 20.4062 12.3243 -11.2066
v 20.0522 12.7758 -10.6075
v 20.4219 12.9643 -8.61898
v 20.2822 12.6533 -7.95934
v 20.458 13.0154 -10.1838
v 20.4335 13.0981 -9.396
v 20.7607 6.30879 -10.6426
v 20.9674 6.5633 -7.88268
v 20.5678 6.83189 -7.44644
v 20.5782 7.89036 -11.5318
v 20.6387 8.18661 -7.18029
v 20.7401 10.1663 -11.8159
v 20.5972 10.3626 -7.0713
v 20.9383 10.9991 -11.7531
v 20.7116 11.1474 -7.19534
v 20.6831 11.7984 -7.38299
v 20.5358 12.3034 -7.63735
v 20.6318 12.7022 -10.8691
v 20.9824 12.9405 -10.4727
v 20.8427 12.7441 -8.20505
v 20.9235 13.1061 -9.72911
v 20.9268 13.0306 -8.93705
v 21.071 6.20668 -10.1298
v 21.2622 6.18828 -9.56088
v 21.311 6.24155 -8.97399
v 21.2139 6.36654 -8.40322
v 21.1707 7.66723 -11.2541
v 21.286 7.90509 -7.52171
v 21.1683 8.97534 -11.6761
v 21.1387 9.21481 -7.23162
v 21.4593 10.1906 -7.3081
v 21.0285 11.6824 -11.59
v 21.4476 11.7696 -7.6216
v 21.0746 12.1954 -11.3428
v 21.1984 12.3405 -7.87538
v 21.1883 12.5527 -11.0382
v 21.4012 12.7853 -8.52708
v 21.4085 13.0263 -10.0525
v 21.4159 13.0297 -9.2874
v 21.6334 7.51045 -10.8365
v 21.9627 7.42168 -10.3174
v 21.7544 7.68592 -7.98448
v 21.8214 8.79964 -11.404
v 21.8597 8.99233 -7.59252
v 21.5742 9.98486 -11.7431
v 21.7507 10.8589 -11.696
v 21.5484 11.0476 -7.4353
v 21.7671 11.5693 -11.5526
v 21.6923 12.0878 -11.3305
v 21.5982 12.3849 -11.1044
v 21.9065 12.4842 -10.9116
v 21.8264 12.3426 -8.21077
v 21.4815 12.7688 -10.703
v 21.8607 12.8411 -10.3467
v 21.8608 12.9468 -9.64352
v 21.9029 12.7683 -8.90283
v 22.1481 7.39699 -9.73506
v 22.1792 7.43242 -9.12773
v 22.0501 7.52855 -8.53201
v 22.3239 8.67683 -10.9857
v 22.3845 8.81777 -8.07359
v 22.2547 9.8477 -11.4796
v 22.2191 10.0273 -7.67898
v 22.4191 10.7552 -11.4497
v 22.2941 10.9439 -7.80119
v 22.3815 11.5027 -11.3298
v 22.1436 11.7222 -7.97363
v 22.2085 12.0706 -11.1355
v 22.3518 12.3037 -8.61951
v 22.2684 12.531 -10.6028
v 22.2326 12.7671 -9.9789
v 22.3159 12.6855 -9.298
v 22.6706 8.60571 -10.4606
v 22.8562 8.5851 -9.86831
v 22.8753 8.61381 -9.24843
v 22.7206 8.69148 -8.63787
v 22.7758 9.75387 -11.0665
v 22.779 9.89303 -8.16447
v 22.933 10.6875 -11.0554
v 22.859 10.8459 -8.27158
v 22.8595 11.4657 -10.9662
v 22.6935 11.6562 -8.41618
v 22.6196 12.0764 -10.8123
v 22.7474 12.2542 -10.3331
v 22.7591 12.3541 -9.96679
v 22.7505 12.2257 -9.06822
v 22.6081 12.5294 -9.67833
v 23.1314 9.70241 -10.5445
v 23.3153 9.69233 -9.9546
v 23.3216 9.72265 -9.33769
v 23.1447 9.79051 -8.72918
v 23.2815 10.6554 -10.5544
v 23.4542 10.6583 -9.9879
v 23.4404 10.6959 -9.39713
v 23.2415 10.7608 -8.81429
v 23.1891 11.4416 -10.5062
v 23.3464 11.4479 -9.9883
v 23.3074 11.5023 -9.45099
v 23.0854 11.58 -8.91878
v 23.0653 12.0256 -9.97587
v 22.9982 12.1106 -9.52354
f 4285 4283 4082
f 4285 4082 3988
f 4283 4361 4080
f 4283 4080 4082
f 3988 4082 3784
f 3988 3784 3690
f 4082 4080 3781
f 4082 3781 3784
f 4359 4423 4179
f 4359 4179 4184
f 4184 4179 3875
f 4184 3875 3881
f 4361 4359 4184
f 4361 4184 4080
f 4080 4184 3881
f 4080 3881 3781
f 3256 3260 3515
f 3256 3515 3508
f 3260 3264 3520
f 3260 3520 3515
f 3508 3515 3881
f 3508 3881 3875
f 3515 3520 3781
f 3515 3781 3881
f 3268 3271 3524
f 3268 3524 3522
f 3522 3524 3690
f 3522 3690 3784
f 3264 3268 3522
f 3264 3522 3520
f 3520 3522 3784
f 3520 3784 3781
f 3271 3268 2937
f 3271 2937 2938
f 3268 3264 2936
f 3268 2936 2937
f 2938 2937 2743
f 2938 2743 2745
f 2937 2936 2691
f 2937 2691 2743
f 3260 3256 2926
f 3260 2926 2931
f 2931 2926 2684
f 2931 2684 2689
f 3264 3260 2931
f 3264 2931 2936
f 2936 2931 2689
f 2936 2689 2691
f 2261 2269 2480
f 2261 2480 2475
f 2269 2320 2482
f 2269 2482 2480
f 2475 2480 2689
f 2475 2689 2684
f 2480 2482 2691
f 2480 2691 2689
f 2322 2323 2532
f 2322 2532 2531
f 2531 2532 2745
f 2531 2745 2743
f 2320 2322 2531
f 2320 2531 2482
f 2482 2531 2743
f 2482 2743 2691
f 4820 4817 4765
f 4820 4765 4718
f 4817 4814 4762
f 4817 4762 4765
f 4718 4765 4673
f 4718 4673 4677
f 4765 4762 4670
f 4765 4670 4673
f 4812 4809 4757
f 4812 4757 4759
f 4759 4757 4709
f 4759 4709 4712
f 4814 4812 4759
f 4814 4759 4762
f 4762 4759 4712
f 4762 4712 4670
f 4476 4410 4612
f 4476 4612 4608
f 4410 4414 4544
f 4410 4544 4612
f 4608 4612 4712
f 4608 4712 4709
f 4612 4544 4670
f 4612 4670 4712
f 4419 4423 4550
f 4419 4550 4546
f 4546 4550 4677
f 4546 4677 4673
f 4414 4419 4546
f 4414 4546 4544
f 4544 4546 4673
f 4544 4673 4670
f 4423 4419 4171
f 4423 4171 4179
f 4419 4414 4163
f 4419 4163 4171
f 4179 4171 3865
f 4179 3865 3875
f 4171 4163 3857
f 4171 3857 3865
f 4410 4476 4260
f 4410 4260 4265
f 4265 4260 3849
f 4265 3849 3852
f 4414 4410 4265
f 4414 4265 4163
f 4163 4265 3852
f 4163 3852 3857
f 3212 3216 3576
f 3212 3576 3572
f 3216 3225 3494
f 3216 3494 3576
f 3572 3576 3852
f 3572 3852 3849
f 3576 3494 3857
f 3576 3857 3852
f 3241 3256 3508
f 3241 3508 3503
f 3503 3508 3875
f 3503 3875 3865
f 3225 3241 3503
f 3225 3503 3494
f 3494 3503 3865
f 3494 3865 3857
f 3256 3241 2919
f 3256 2919 2926
f 3241 3225 2908
f 3241 2908 2919
f 2926 2919 2677
f 2926 2677 2684
f 2919 2908 2669
f 2919 2669 2677
f 3216 3212 2895
f 3216 2895 2900
f 2900 2895 2658
f 2900 2658 2664
f 3225 3216 2900
f 3225 2900 2908
f 2908 2900 2664
f 2908 2664 2669
f 2187 2190 2450
f 2187 2450 2447
f 2190 2245 2455
f 2190 2455 2450
f 2447 2450 2664
f 2447 2664 2658
f 2450 2455 2669
f 2450 2669 2664
f 2255 2261 2475
f 2255 2475 2465
f 2465 2475 2684
f 2465 2684 2677
f 2245 2255 2465
f 2245 2465 2455
f 2455 2465 2677
f 2455 2677 2669
f 4931 4924 4930
f 4931 4930 4934
f 4924 4920 4997
f 4924 4997 4930
f 4934 4930 5008
f 4934 5008 5017
f 4930 4997 4999
f 4930 4999 5008
f 4914 4913 4918
f 4914 4918 4994
f 4994 4918 4995
f 4994 4995 4996
f 4920 4914 4994
f 4920 4994 4997
f 4997 4994 4996
f 4997 4996 4999
f 5001 5006 5002
f 5001 5002 4998
f 5006 5015 5007
f 5006 5007 5002
f 4998 5002 4996
f 4998 4996 4995
f 5002 5007 4999
f 5002 4999 4996
f 5022 5026 5023
f 5022 5023 5016
f 5016 5023 5017
f 5016 5017 5008
f 5015 5022 5016
f 5015 5016 5007
f 5007 5016 5008
f 5007 5008 4999
f 4932 4933 4928
f 4932 4928 4858
f 4933 4929 4926
f 4933 4926 4928
f 4858 4928 4921
f 4858 4921 4856
f 4928 4926 4922
f 4928 4922 4921
f 5000 5001 4998
f 5000 4998 4927
f 4927 4998 4995
f 4927 4995 4923
f 4929 5000 4927
f 4929 4927 4926
f 4926 4927 4923
f 4926 4923 4922
f 4913 4909 4917
f 4913 4917 4918
f 4909 4912 4916
f 4909 4916 4917
f 4918 4917 4923
f 4918 4923 4995
f 4917 4916 4922
f 4917 4922 4923
f 4851 4799 4855
f 4851 4855 4853
f 4853 4855 4856
f 4853 4856 4921
f 4912 4851 4853
f 4912 4853 4916
f 4916 4853 4921
f 4916 4921 4922
f 4476 4402 4155
f 4476 4155 4260
f 4402 4399 4152
f 4402 4152 4155
f 4260 4155 3845
f 4260 3845 3849
f 4155 4152 3840
f 4155 3840 3845
f 4335 4333 4042
f 4335 4042 4150
f 4150 4042 3745
f 4150 3745 3748
f 4399 4335 4150
f 4399 4150 4152
f 4152 4150 3748
f 4152 3748 3840
f 3126 3127 3479
f 3126 3479 3478
f 3127 3205 3482
f 3127 3482 3479
f 3478 3479 3748
f 3478 3748 3745
f 3479 3482 3840
f 3479 3840 3748
f 3209 3212 3572
f 3209 3572 3485
f 3485 3572 3849
f 3485 3849 3845
f 3205 3209 3485
f 3205 3485 3482
f 3482 3485 3845
f 3482 3845 3840
f 3212 3209 2890
f 3212 2890 2895
f 3209 3205 2885
f 3209 2885 2890
f 2895 2890 2656
f 2895 2656 2658
f 2890 2885 2652
f 2890 2652 2656
f 3127 3126 2819
f 3127 2819 2881
f 2881 2819 2647
f 2881 2647 2649
f 3205 3127 2881
f 3205 2881 2885
f 2885 2881 2649
f 2885 2649 2652
f 2230 2231 2438
f 2230 2438 2436
f 2231 2233 2440
f 2231 2440 2438
f 2436 2438 2649
f 2436 2649 2647
f 2438 2440 2652
f 2438 2652 2649
f 2184 2187 2447
f 2184 2447 2443
f 2443 2447 2658
f 2443 2658 2656
f 2233 2184 2443
f 2233 2443 2440
f 2440 2443 2656
f 2440 2656 2652
f 4697 4651 4594
f 4697 4594 4654
f 4651 4592 4526
f 4651 4526 4594
f 4654 4594 4528
f 4654 4528 4595
f 4594 4526 4461
f 4594 4461 4528
f 4522 4456 4392
f 4522 4392 4459
f 4459 4392 4323
f 4459 4323 4394
f 4592 4522 4459
f 4592 4459 4526
f 4526 4459 4394
f 4526 4394 4461
f 4040 4142 4326
f 4040 4326 4251
f 4142 4145 4328
f 4142 4328 4326
f 4251 4326 4394
f 4251 4394 4323
f 4326 4328 4461
f 4326 4461 4394
f 4252 4333 4465
f 4252 4465 4396
f 4396 4465 4595
f 4396 4595 4528
f 4145 4252 4396
f 4145 4396 4328
f 4328 4396 4528
f 4328 4528 4461
f 4333 4252 3950
f 4333 3950 4042
f 4252 4145 3947
f 4252 3947 3950
f 4042 3950 3744
f 4042 3744 3745
f 3950 3947 3651
f 3950 3651 3744
f 4142 4040 3836
f 4142 3836 3837
f 3837 3836 3563
f 3837 3563 3650
f 4145 4142 3837
f 4145 3837 3947
f 3947 3837 3650
f 3947 3650 3651
f 3122 3123 3391
f 3122 3391 3390
f 3123 3124 3392
f 3123 3392 3391
f 3390 3391 3650
f 3390 3650 3563
f 3391 3392 3651
f 3391 3651 3650
f 3125 3126 3478
f 3125 3478 3393
f 3393 3478 3745
f 3393 3745 3744
f 3124 3125 3393
f 3124 3393 3392
f 3392 3393 3744
f 3392 3744 3651
f 3126 3125 2818
f 3126 2818 2819
f 3125 3124 2817
f 3125 2817 2818
f 2819 2818 2645
f 2819 2645 2647
f 2818 2817 2644
f 2818 2644 2645
f 3123 3122 2873
f 3123 2873 2815
f 2815 2873 2701
f 2815 2701 2642
f 3124 3123 2815
f 3124 2815 2817
f 2817 2815 2642
f 2817 2642 2644
f 2334 2284 2493
f 2334 2493 2543
f 2284 2285 2432
f 2284 2432 2493
f 2543 2493 2642
f 2543 2642 2701
f 2493 2432 2644
f 2493 2644 2642
f 2228 2230 2436
f 2228 2436 2435
f 2435 2436 2647
f 2435 2647 2645
f 2285 2228 2435
f 2285 2435 2432
f 2432 2435 2645
f 2432 2645 2644
f 3647 3733 3734
f 3647 3734 3559
f 3733 3938 3939
f 3733 3939 3734
f 3559 3734 3735
f 3559 3735 3560
f 3734 3939 3940
f 3734 3940 3735
f 4034 4134 4246
f 4034 4246 4036
f 4036 4246 4248
f 4036 4248 4038
f 3938 4034 4036
f 3938 4036 3939
f 3939 4036 4038
f 3939 4038 3940
f 4250 4139 4137
f 4250 4137 4249
f 4139 3942 3941
f 4139 3941 4137
f 4249 4137 4038
f 4249 4038 4248
f 4137 3941 3940
f 4137 3940 4038
f 3737 3469 3561
f 3737 3561 3736
f 3736 3561 3560
f 3736 3560 3735
f 3942 3737 3736
f 3942 3736 3941
f 3941 3736 3735
f 3941 3735 3940
f 3122 3390 3389
f 3122 3389 3121
f 3390 3563 3562
f 3390 3562 3389
f 3121 3389 3388
f 3121 3388 3200
f 3389 3562 3649
f 3389 3649 3388
f 3836 4040 4039
f 3836 4039 3835
f 3835 4039 4037
f 3835 4037 3834
f 3563 3836 3835
f 3563 3835 3562
f 3562 3835 3834
f 3562 3834 3649
f 3937 3832 3833
f 3937 3833 4035
f 3832 3646 3648
f 3832 3648 3833
f 4035 3833 3834
f 4035 3834 4037
f 3833 3648 3649
f 3833 3649 3834
f 3558 3385 3300
f 3558 3300 3468
f 3468 3300 3200
f 3468 3200 3388
f 3646 3558 3468
f 3646 3468 3648
f 3648 3468 3388
f 3648 3388 3649
f 3385 3197 3119
f 3385 3119 3300
f 3197 3035 2970
f 3197 2970 3119
f 3300 3119 3037
f 3300 3037 3200
f 3119 2970 2871
f 3119 2871 3037
f 2968 2867 2756
f 2968 2756 2869
f 2869 2756 2637
f 2869 2637 2757
f 3035 2968 2869
f 3035 2869 2970
f 2970 2869 2757
f 2970 2757 2871
f 2334 2543 2638
f 2334 2638 2542
f 2543 2701 2759
f 2543 2759 2638
f 2542 2638 2757
f 2542 2757 2637
f 2638 2759 2871
f 2638 2871 2757
f 2873 3122 3121
f 2873 3121 2971
f 2971 3121 3200
f 2971 3200 3037
f 2701 2873 2971
f 2701 2971 2759
f 2759 2971 3037
f 2759 3037 2871
f 3647 3467 3466
f 3647 3466 3644
f 3467 3299 3383
f 3467 3383 3466
f 3644 3466 3555
f 3644 3555 3643
f 3466 3383 3382
f 3466 3382 3555
f 3196 3034 3116
f 3196 3116 3195
f 3195 3116 3114
f 3195 3114 3296
f 3299 3196 3195
f 3299 3195 3383
f 3383 3195 3296
f 3383 3296 3382
f 3191 3294 3295
f 3191 3295 3192
f 3294 3462 3381
f 3294 3381 3295
f 3192 3295 3296
f 3192 3296 3114
f 3295 3381 3382
f 3295 3382 3296
f 3552 3729 3642
f 3552 3642 3554
f 3554 3642 3643
f 3554 3643 3555
f 3462 3552 3554
f 3462 3554 3381
f 3381 3554 3555
f 3381 3555 3382
f 2805 2808 2804
f 2808 2807 2863
f 2808 2863 2804
f 2805 2804 2860
f 2805 2860 2861
f 2804 2863 2860
f 2809 2867 2966
f 2809 2966 2865
f 2865 2966 3031
f 2865 3031 2964
f 2807 2809 2865
f 2807 2865 2863
f 2863 2865 2964
f 3027 2957 2960
f 3027 2960 3029
f 2957 2958 2961
f 2957 2961 2960
f 3029 2960 2964
f 3029 2964 3031
f 2960 2961 2863
f 2960 2863 2964
f 2858 2859 2860
f 2860 2859 2861
f 2958 2858 2860
f 2958 2860 2961
f 2961 2860 2863
f 3385 3558 3557
f 3385 3557 3384
f 3558 3646 3645
f 3558 3645 3557
f 3384 3557 3556
f 3384 3556 3465
f 3557 3645 3731
f 3557 3731 3556
f 3832 3937 3935
f 3832 3935 3831
f 3831 3935 3933
f 3831 3933 3829
f 3646 3832 3831
f 3646 3831 3645
f 3645 3831 3829
f 3645 3829 3731
f 3929 3825 3827
f 3929 3827 3931
f 3825 3728 3730
f 3825 3730 3827
f 3931 3827 3829
f 3931 3829 3933
f 3827 3730 3731
f 3827 3731 3829
f 3551 3463 3464
f 3551 3464 3553
f 3553 3464 3465
f 3553 3465 3556
f 3728 3551 3553
f 3728 3553 3730
f 3730 3553 3556
f 3730 3556 3731
f 4310 4311 4307
f 4310 4307 4306
f 4311 4312 4308
f 4311 4308 4307
f 4306 4307 4305
f 4306 4305 4237
f 4307 4308 4238
f 4307 4238 4305
f 4244 4134 4132
f 4244 4132 4242
f 4242 4132 4130
f 4242 4130 4239
f 4312 4244 4242
f 4312 4242 4308
f 4308 4242 4239
f 4308 4239 4238
f 4126 4230 4235
f 4126 4235 4128
f 4230 4229 4234
f 4230 4234 4235
f 4128 4235 4239
f 4128 4239 4130
f 4235 4234 4238
f 4235 4238 4239
f 4228 4227 4232
f 4228 4232 4233
f 4233 4232 4237
f 4233 4237 4305
f 4229 4228 4233
f 4229 4233 4234
f 4234 4233 4305
f 4234 4305 4238
f 3729 3552 3640
f 3729 3640 3727
f 3552 3462 3461
f 3552 3461 3640
f 3727 3640 3639
f 3727 3639 3725
f 3640 3461 3459
f 3640 3459 3639
f 3294 3191 3190
f 3294 3190 3292
f 3292 3190 3188
f 3292 3188 3377
f 3462 3294 3292
f 3462 3292 3461
f 3461 3292 3377
f 3461 3377 3459
f 3288 3374 3375
f 3288 3375 3186
f 3374 3548 3458
f 3374 3458 3375
f 3186 3375 3377
f 3186 3377 3188
f 3375 3458 3459
f 3375 3459 3377
f 3635 3721 3723
f 3635 3723 3637
f 3637 3723 3725
f 3637 3725 3639
f 3548 3635 3637
f 3548 3637 3458
f 3458 3637 3639
f 3458 3639 3459
f 2859 2858 2954
f 2859 2954 2955
f 2858 2958 2953
f 2858 2953 2954
f 2955 2954 2950
f 2955 2950 2951
f 2954 2953 2949
f 2954 2949 2950
f 2957 3027 3109
f 2957 3109 3025
f 3025 3109 3107
f 3025 3107 3023
f 2958 2957 3025
f 2958 3025 2953
f 2953 3025 3023
f 2953 3023 2949
f 3098 3099 3020
f 3098 3020 3105
f 3099 3015 3021
f 3099 3021 3020
f 3105 3020 3023
f 3105 3023 3107
f 3020 3021 2949
f 3020 2949 3023
f 3016 3018 2947
f 3016 2947 2946
f 2946 2947 2951
f 2946 2951 2950
f 3015 3016 2946
f 3015 2946 3021
f 3021 2946 2950
f 3021 2950 2949
f 3463 3551 3641
f 3463 3641 3460
f 3551 3728 3726
f 3551 3726 3641
f 3460 3641 3638
f 3460 3638 3550
f 3641 3726 3724
f 3641 3724 3638
f 3825 3929 3927
f 3825 3927 3823
f 3823 3927 3926
f 3823 3926 3821
f 3728 3825 3823
f 3728 3823 3726
f 3726 3823 3821
f 3726 3821 3724
f 3907 3803 3819
f 3907 3819 3924
f 3803 3706 3722
f 3803 3722 3819
f 3924 3819 3821
f 3924 3821 3926
f 3819 3722 3724
f 3819 3724 3821
f 3620 3533 3549
f 3620 3549 3636
f 3636 3549 3550
f 3636 3550 3638
f 3706 3620 3636
f 3706 3636 3722
f 3722 3636 3638
f 3722 3638 3724
f 4227 4228 4223
f 4227 4223 4222
f 4228 4229 4224
f 4228 4224 4223
f 4222 4223 4219
f 4222 4219 4218
f 4223 4224 4220
f 4223 4220 4219
f 4230 4126 4124
f 4230 4124 4225
f 4225 4124 4121
f 4225 4121 4221
f 4229 4230 4225
f 4229 4225 4224
f 4224 4225 4221
f 4224 4221 4220
f 4114 4112 4117
f 4114 4117 4118
f 4112 4214 4217
f 4112 4217 4117
f 4118 4117 4221
f 4118 4221 4121
f 4117 4217 4220
f 4117 4220 4221
f 4213 4107 4215
f 4213 4215 4216
f 4216 4215 4218
f 4216 4218 4219
f 4214 4213 4216
f 4214 4216 4217
f 4217 4216 4219
f 4217 4219 4220
f 3721 3635 3634
f 3721 3634 3720
f 3635 3548 3547
f 3635 3547 3634
f 3720 3634 3633
f 3720 3633 3719
f 3634 3547 3546
f 3634 3546 3633
f 3374 3288 3287
f 3374 3287 3373
f 3373 3287 3372
f 3373 3372 3456
f 3548 3374 3373
f 3548 3373 3547
f 3547 3373 3456
f 3547 3456 3546
f 3371 3454 3455
f 3454 3544 3545
f 3454 3545 3455
f 3371 3455 3456
f 3371 3456 3372
f 3455 3545 3546
f 3455 3546 3456
f 3631 3717 3718
f 3631 3718 3632
f 3632 3718 3719
f 3632 3719 3633
f 3544 3631 3632
f 3544 3632 3545
f 3545 3632 3633
f 3545 3633 3546
f 3018 3016 3017
f 3016 3015 3100
f 3017 3016 3101
f 3017 3101 3102
f 3016 3100 3101
f 3099 3098 3175
f 3099 3175 3176
f 3099 3176 3177
f 3015 3099 3100
f 3100 3099 3177
f 3278 3279 3177
f 3279 3280 3178
f 3279 3178 3177
f 3278 3177 3176
f 3177 3178 3100
f 3281 3282 3180
f 3281 3180 3179
f 3179 3180 3102
f 3179 3102 3101
f 3280 3281 3179
f 3280 3179 3178
f 3178 3179 3101
f 3178 3101 3100
f 3533 3620 3534
f 3620 3706 3707
f 3534 3620 3621
f 3534 3621 3535
f 3620 3707 3621
f 3803 3907 3908
f 3803 3908 3804
f 3706 3803 3707
f 3707 3803 3804
f 3806 3805 3909
f 3806 3709 3708
f 3806 3708 3805
f 3909 3805 3804
f 3909 3804 3908
f 3805 3708 3707
f 3805 3707 3804
f 3623 3536 3622
f 3622 3536 3535
f 3622 3535 3621
f 3709 3623 3622
f 3709 3622 3708
f 3708 3622 3621
f 3708 3621 3707
f 4107 4213 4109
f 4107 4109 4108
f 4213 4214 4110
f 4213 4110 4109
f 4112 4114 4113
f 4112 4113 4017
f 4112 4017 4111
f 4214 4112 4110
f 4110 4112 4111
f 4016 4015 4111
f 4016 4111 4017
f 4015 4014 4110
f 4015 4110 4111
f 4013 4012 4108
f 4013 4108 4109
f 4014 4013 4109
f 4014 4109 4110
f 4134 4034 4033
f 4134 4033 4132
f 4034 3938 3936
f 4034 3936 4033
f 4132 4033 4032
f 4132 4032 4130
f 4033 3936 3934
f 4033 3934 4032
f 3733 3647 3644
f 3733 3644 3732
f 3732 3644 3643
f 3732 3643 3830
f 3938 3733 3732
f 3938 3732 3936
f 3936 3732 3830
f 3936 3830 3934
f 3729 3826 3828
f 3729 3828 3642
f 3826 3930 3932
f 3826 3932 3828
f 3642 3828 3830
f 3642 3830 3643
f 3828 3932 3934
f 3828 3934 3830
f 4027 4126 4128
f 4027 4128 4030
f 4030 4128 4130
f 4030 4130 4032
f 3930 4027 4030
f 3930 4030 3932
f 3932 4030 4032
f 3932 4032 3934
f 4126 4027 4026
f 4126 4026 4124
f 4027 3930 3928
f 4027 3928 4026
f 4124 4026 4023
f 4124 4023 4121
f 4026 3928 3925
f 4026 3925 4023
f 3826 3729 3727
f 3826 3727 3824
f 3824 3727 3725
f 3824 3725 3822
f 3930 3826 3824
f 3930 3824 3928
f 3928 3824 3822
f 3928 3822 3925
f 3721 3923 3820
f 3721 3820 3723
f 3923 4022 3820
f 3723 3820 3822
f 3723 3822 3725
f 3820 4022 3925
f 3820 3925 3822
f 4019 4114 4118
f 4019 4118 4021
f 4021 4118 4121
f 4021 4121 4023
f 3923 4019 4021
f 3923 4021 4022
f 4022 4021 4023
f 4022 4023 3925
f 4114 4019 4113
f 4019 3923 3922
f 4113 4019 4018
f 4113 4018 4017
f 4019 3922 3921
f 4019 3921 4018
f 3923 3721 3720
f 3923 3720 3818
f 3818 3720 3719
f 3818 3719 3817
f 3923 3818 3922
f 3922 3818 3817
f 3922 3817 3921
f 3717 3815 3816
f 3717 3816 3718
f 3815 3919 3920
f 3815 3920 3816
f 3718 3816 3817
f 3718 3817 3719
f 3816 3920 3921
f 3816 3921 3817
f 3919 4016 4017
f 3919 4017 3920
f 3920 4017 4018
f 3920 4018 3921
f 3034 2967 3032
f 3034 3032 3116
f 2967 2866 2965
f 2967 2965 3032
f 3116 3032 3114
f 3032 2965 2963
f 2806 2805 2864
f 2864 2805 2861
f 2864 2861 2862
f 2866 2806 2864
f 2866 2864 2965
f 2965 2864 2862
f 2965 2862 2963
f 2959 3028 2962
f 2859 2959 2862
f 2859 2862 2861
f 2959 2962 2963
f 2959 2963 2862
f 3112 3191 3192
f 3112 3192 3030
f 3030 3192 3114
f 3030 3114 3032
f 3028 3112 3030
f 3028 3030 2962
f 2962 3030 3032
f 2962 3032 2963
f 3191 3112 3110
f 3191 3110 3190
f 3112 3028 3026
f 3112 3026 3110
f 3190 3110 3108
f 3190 3108 3188
f 3110 3026 3024
f 3110 3024 3108
f 2959 2859 2955
f 2959 2955 2956
f 2956 2955 2951
f 2956 2951 2952
f 3028 2959 2956
f 3028 2956 3026
f 3026 2956 2952
f 3026 2952 3024
f 3018 3019 2948
f 3018 2948 2947
f 3019 3104 3022
f 3019 3022 2948
f 2947 2948 2952
f 2947 2952 2951
f 2948 3022 3024
f 2948 3024 2952
f 3184 3288 3186
f 3184 3186 3106
f 3106 3186 3188
f 3106 3188 3108
f 3104 3184 3106
f 3104 3106 3022
f 3022 3106 3108
f 3022 3108 3024
f 3288 3184 3183
f 3288 3183 3287
f 3184 3104 3183
f 3287 3183 3286
f 3287 3286 3372
f 3183 3104 3182
f 3183 3182 3286
f 3019 3018 3017
f 3019 3017 3102
f 3019 3102 3103
f 3104 3019 3103
f 3104 3103 3182
f 3282 3283 3181
f 3282 3181 3180
f 3283 3284 3182
f 3283 3182 3181
f 3180 3181 3103
f 3180 3103 3102
f 3181 3182 3103
f 3370 3371 3285
f 3285 3371 3372
f 3285 3372 3286
f 3284 3370 3285
f 3284 3285 3182
f 3182 3285 3286
f 2867 2968 3033
f 2867 3033 2966
f 2968 3035 3117
f 2968 3117 3033
f 2966 3033 3115
f 2966 3115 3031
f 3033 3117 3194
f 3033 3194 3115
f 3197 3385 3384
f 3197 3384 3298
f 3298 3384 3465
f 3298 3465 3297
f 3035 3197 3298
f 3035 3298 3117
f 3117 3298 3297
f 3117 3297 3194
f 3463 3379 3380
f 3463 3380 3464
f 3379 3293 3193
f 3379 3193 3380
f 3464 3380 3297
f 3464 3297 3465
f 3380 3193 3194
f 3380 3194 3297
f 3111 3027 3029
f 3111 3029 3113
f 3113 3029 3031
f 3113 3031 3115
f 3293 3111 3113
f 3293 3113 3193
f 3193 3113 3115
f 3193 3115 3194
f 3027 3111 3189
f 3027 3189 3109
f 3111 3293 3291
f 3111 3291 3189
f 3109 3189 3187
f 3109 3187 3107
f 3189 3291 3290
f 3189 3290 3187
f 3379 3463 3460
f 3379 3460 3378
f 3378 3460 3550
f 3378 3550 3376
f 3293 3379 3378
f 3293 3378 3291
f 3291 3378 3376
f 3291 3376 3290
f 3533 3443 3457
f 3533 3457 3549
f 3443 3360 3289
f 3443 3289 3457
f 3549 3457 3376
f 3549 3376 3550
f 3457 3289 3290
f 3457 3290 3376
f 3174 3098 3105
f 3174 3105 3185
f 3185 3105 3107
f 3185 3107 3187
f 3360 3174 3185
f 3360 3185 3289
f 3289 3185 3187
f 3289 3187 3290
f 3098 3174 3277
f 3098 3277 3175
f 3174 3360 3277
f 3175 3277 3176
f 3277 3360 3361
f 3443 3533 3534
f 3443 3534 3444
f 3444 3534 3535
f 3360 3443 3444
f 3360 3444 3361
f 3623 3537 3445
f 3623 3445 3536
f 3537 3446 3445
f 3536 3445 3444
f 3536 3444 3535
f 3445 3361 3444
f 3363 3278 3362
f 3362 3278 3176
f 3362 3176 3277
f 3446 3363 3362
f 3446 3362 3445
f 3445 3362 3277
f 3445 3277 3361
f 3937 4133 4131
f 3937 4131 3935
f 4133 4243 4240
f 4133 4240 4131
f 3935 4131 4031
f 3935 4031 3933
f 4131 4240 4129
f 4131 4129 4031
f 4309 4310 4306
f 4309 4306 4241
f 4241 4306 4237
f 4241 4237 4236
f 4243 4309 4241
f 4243 4241 4240
f 4240 4241 4236
f 4240 4236 4129
f 4227 4226 4231
f 4227 4231 4232
f 4226 4125 4127
f 4226 4127 4231
f 4232 4231 4236
f 4232 4236 4237
f 4231 4127 4129
f 4231 4129 4236
f 4028 3929 3931
f 4028 3931 4029
f 4029 3931 3933
f 4029 3933 4031
f 4125 4028 4029
f 4125 4029 4127
f 4127 4029 4031
f 4127 4031 4129
f 3929 4028 4025
f 3929 4025 3927
f 4028 4125 4122
f 4028 4122 4025
f 3927 4025 4024
f 3927 4024 3926
f 4025 4122 4119
f 4025 4119 4024
f 4226 4227 4222
f 4226 4222 4123
f 4123 4222 4218
f 4123 4218 4120
f 4125 4226 4123
f 4125 4123 4122
f 4122 4123 4120
f 4122 4120 4119
f 4107 4106 4116
f 4107 4116 4215
f 4106 4105 4115
f 4106 4115 4116
f 4215 4116 4120
f 4215 4120 4218
f 4116 4115 4119
f 4116 4119 4120
f 4007 3907 3924
f 4007 3924 4020
f 4020 3924 3926
f 4020 3926 4024
f 4105 4007 4020
f 4105 4020 4115
f 4115 4020 4024
f 4115 4024 4119
f 3907 4007 4008
f 4007 4105 4009
f 4007 4009 4008
f 3907 4008 3909
f 3907 3909 3908
f 4008 4009 4010
f 4008 4010 3909
f 4106 4107 4108
f 4106 4108 4011
f 4105 4106 4009
f 4009 4106 4011
f 4009 4011 4010
f 4012 3912 4011
f 3912 3911 4010
f 3912 4010 4011
f 4012 4011 4108
f 3910 3806 3909
f 3910 3909 3908
f 3910 3908 3909
f 3911 3910 4010
f 4010 3910 3909
f 4040 4251 4138
f 4040 4138 4039
f 4251 4323 4321
f 4251 4321 4138
f 4039 4138 4136
f 4039 4136 4037
f 4138 4321 4247
f 4138 4247 4136
f 4392 4456 4388
f 4392 4388 4387
f 4387 4388 4384
f 4387 4384 4318
f 4323 4392 4387
f 4323 4387 4321
f 4321 4387 4318
f 4321 4318 4247
f 4310 4309 4313
f 4310 4313 4314
f 4309 4243 4245
f 4309 4245 4313
f 4314 4313 4318
f 4314 4318 4384
f 4313 4245 4247
f 4313 4247 4318
f 4133 3937 4035
f 4133 4035 4135
f 4135 4035 4037
f 4135 4037 4136
f 4243 4133 4135
f 4243 4135 4245
f 4245 4135 4136
f 4245 4136 4247
f 3034 3196 3118
f 3034 3118 2969
f 3196 3299 3198
f 3196 3198 3118
f 2969 3118 3036
f 2969 3036 2870
f 3118 3198 3199
f 3118 3199 3036
f 3467 3647 3559
f 3467 3559 3386
f 3386 3559 3560
f 3386 3560 3387
f 3299 3467 3386
f 3299 3386 3198
f 3198 3386 3387
f 3198 3387 3199
f 3469 3302 3301
f 3469 3301 3561
f 3302 3038 3120
f 3302 3120 3301
f 3561 3301 3387
f 3561 3387 3560
f 3301 3120 3199
f 3301 3199 3387
f 2812 2639 2758
f 2812 2758 2872
f 2872 2758 2870
f 2872 2870 3036
f 3038 2812 2872
f 3038 2872 3120
f 3120 2872 3036
f 3120 3036 3199
f 2867 2809 2755
f 2867 2755 2756
f 2809 2807 2699
f 2809 2699 2755
f 2756 2755 2636
f 2756 2636 2637
f 2755 2699 2634
f 2755 2634 2636
f 2808 2805 2752
f 2808 2752 2697
f 2697 2752 2632
f 2697 2632 2633
f 2807 2808 2697
f 2807 2697 2699
f 2699 2697 2633
f 2699 2633 2634
f 2488 2426 2538
f 2488 2538 2588
f 2426 2428 2540
f 2426 2540 2538
f 2588 2538 2633
f 2588 2633 2632
f 2538 2540 2634
f 2538 2634 2633
f 2381 2334 2542
f 2381 2542 2490
f 2490 2542 2637
f 2490 2637 2636
f 2428 2381 2490
f 2428 2490 2540
f 2540 2490 2636
f 2540 2636 2634
f 2628 2799 2800
f 2628 2800 2629
f 2799 3011 3012
f 2799 3012 2800
f 2629 2800 2750
f 2629 2750 2586
f 2800 3012 2944
f 2800 2944 2750
f 3273 3609 3435
f 3273 3435 3274
f 3274 3435 3356
f 3274 3356 3171
f 3011 3273 3274
f 3011 3274 3012
f 3012 3274 3171
f 3012 3171 2944
f 3276 3096 3097
f 3276 3097 3275
f 3096 2857 2945
f 3096 2945 3097
f 3275 3097 3171
f 3275 3171 3356
f 3097 2945 2944
f 3097 2944 3171
f 2696 2537 2587
f 2696 2587 2751
f 2751 2587 2586
f 2751 2586 2750
f 2857 2696 2751
f 2857 2751 2945
f 2945 2751 2750
f 2945 2750 2944
f 2537 2696 2695
f 2537 2695 2536
f 2696 2857 2803
f 2696 2803 2695
f 2536 2695 2631
f 2536 2631 2487
f 2695 2803 2802
f 2695 2802 2631
f 3096 3276 3173
f 3096 3173 3014
f 3014 3173 3172
f 3014 3172 3013
f 2857 3096 3014
f 2857 3014 2803
f 2803 3014 3013
f 2803 3013 2802
f 3169 2942 2943
f 3169 2943 3170
f 2942 2749 2801
f 2942 2801 2943
f 3170 2943 3013
f 3170 3013 3172
f 2943 2801 2802
f 2943 2802 3013
f 2585 2422 2424
f 2585 2424 2630
f 2630 2424 2487
f 2630 2487 2631
f 2749 2585 2630
f 2749 2630 2801
f 2801 2630 2631
f 2801 2631 2802
f 3430 3523 3270
f 3430 3270 3269
f 3523 3525 3272
f 3523 3272 3270
f 3269 3270 3093
f 3269 3093 3092
f 3270 3272 3094
f 3270 3094 3093
f 3526 3609 3273
f 3526 3273 3354
f 3354 3273 3011
f 3354 3011 3095
f 3525 3526 3354
f 3525 3354 3272
f 3272 3354 3095
f 3272 3095 3094
f 2628 2694 2856
f 2628 2856 2799
f 2694 2693 2855
f 2694 2855 2856
f 2799 2856 3095
f 2799 3095 3011
f 2856 2855 3094
f 2856 3094 3095
f 2692 2744 2853
f 2692 2853 2854
f 2854 2853 3092
f 2854 3092 3093
f 2693 2692 2854
f 2693 2854 2855
f 2855 2854 3093
f 2855 3093 3094
f 4329 4462 4463
f 4329 4463 4330
f 4462 4527 4529
f 4462 4529 4463
f 4330 4463 4464
f 4330 4464 4331
f 4463 4529 4530
f 4463 4530 4464
f 4593 4650 4695
f 4593 4695 4652
f 4652 4695 4696
f 4652 4696 4653
f 4527 4593 4652
f 4527 4652 4529
f 4529 4652 4653
f 4529 4653 4530
f 4655 4597 4596
f 4655 4596 4698
f 4597 4466 4531
f 4597 4531 4596
f 4698 4596 4653
f 4698 4653 4696
f 4596 4531 4530
f 4596 4530 4653
f 4398 4253 4332
f 4398 4332 4397
f 4397 4332 4331
f 4397 4331 4464
f 4466 4398 4397
f 4466 4397 4531
f 4531 4397 4464
f 4531 4464 4530
f 2488 2588 2589
f 2488 2589 2539
f 2588 2632 2698
f 2588 2698 2589
f 2539 2589 2635
f 2539 2635 2541
f 2589 2698 2754
f 2589 2754 2635
f 2752 2805 2806
f 2752 2806 2753
f 2753 2806 2866
f 2753 2866 2810
f 2632 2752 2753
f 2632 2753 2698
f 2698 2753 2810
f 2698 2810 2754
f 3034 2969 2868
f 3034 2868 2967
f 2969 2870 2811
f 2969 2811 2868
f 2967 2868 2810
f 2967 2810 2866
f 2868 2811 2754
f 2868 2754 2810
f 2758 2639 2590
f 2758 2590 2700
f 2700 2590 2541
f 2700 2541 2635
f 2870 2758 2700
f 2870 2700 2811
f 2811 2700 2635
f 2811 2635 2754
f 800 920 855
f 800 855 732
f 920 1084 998
f 920 998 855
f 732 855 798
f 732 798 680
f 855 998 918
f 855 918 798
f 1242 1469 1386
f 1242 1386 1160
f 1160 1386 1384
f 1160 1384 1158
f 1084 1242 1160
f 1084 1160 998
f 998 1160 1158
f 998 1158 918
f 1238 994 1081
f 1238 1081 1314
f 994 795 853
f 994 853 1081
f 1314 1081 1158
f 1314 1158 1384
f 1081 853 918
f 1081 918 1158
f 678 594 635
f 678 635 728
f 728 635 680
f 728 680 798
f 795 678 728
f 795 728 853
f 853 728 798
f 853 798 918
f 1469 1675 1601
f 1469 1601 1386
f 1675 1887 1885
f 1675 1885 1601
f 1386 1601 1600
f 1386 1600 1384
f 1601 1885 1819
f 1601 1819 1600
f 2156 2323 2322
f 2156 2322 2097
f 2097 2322 2320
f 2097 2320 2095
f 1887 2156 2097
f 1887 2097 1885
f 1885 2097 2095
f 1885 2095 1819
f 2261 2020 2026
f 2261 2026 2269
f 2020 1742 1816
f 2020 1816 2026
f 2269 2026 2095
f 2269 2095 2320
f 2026 1816 1819
f 2026 1819 2095
f 1534 1238 1314
f 1534 1314 1538
f 1538 1314 1384
f 1538 1384 1600
f 1742 1534 1538
f 1742 1538 1816
f 1816 1538 1600
f 1816 1600 1819
f 329 318 436
f 329 436 381
f 318 378 435
f 318 435 436
f 381 436 488
f 381 488 489
f 436 435 486
f 436 486 488
f 433 432 484
f 433 484 485
f 485 484 534
f 485 534 535
f 378 433 485
f 378 485 435
f 435 485 535
f 435 535 486
f 667 628 583
f 667 583 582
f 628 629 536
f 628 536 583
f 582 583 535
f 582 535 534
f 583 536 486
f 583 486 535
f 585 586 538
f 585 538 537
f 537 538 489
f 537 489 488
f 629 585 537
f 629 537 536
f 536 537 488
f 536 488 486
f 454 453 447
f 454 447 449
f 453 499 446
f 453 446 447
f 449 447 401
f 449 401 403
f 447 446 443
f 447 443 401
f 546 594 544
f 546 544 496
f 496 544 542
f 496 542 441
f 499 546 496
f 499 496 446
f 446 496 441
f 446 441 443
f 487 382 437
f 487 437 491
f 382 386 394
f 382 394 437
f 491 437 441
f 491 441 542
f 437 394 443
f 437 443 441
f 388 390 397
f 388 397 395
f 395 397 403
f 395 403 401
f 386 388 395
f 386 395 394
f 394 395 401
f 394 401 443
f 594 678 633
f 594 633 544
f 678 795 794
f 678 794 633
f 544 633 630
f 544 630 542
f 633 794 723
f 633 723 630
f 994 1238 1235
f 994 1235 991
f 991 1235 1232
f 991 1232 914
f 795 994 991
f 795 991 794
f 794 991 914
f 794 914 723
f 1148 910 913
f 1148 913 1151
f 910 717 719
f 910 719 913
f 1151 913 914
f 1151 914 1232
f 913 719 723
f 913 723 914
f 584 487 491
f 584 491 587
f 587 491 542
f 587 542 630
f 717 584 587
f 717 587 719
f 719 587 630
f 719 630 723
f 1238 1534 1463
f 1238 1463 1235
f 1534 1742 1738
f 1534 1738 1463
f 1235 1463 1461
f 1235 1461 1232
f 1463 1738 1733
f 1463 1733 1461
f 2020 2261 2255
f 2020 2255 2011
f 2011 2255 2245
f 2011 2245 2002
f 1742 2020 2011
f 1742 2011 1738
f 1738 2011 2002
f 1738 2002 1733
f 2187 1931 1933
f 2187 1933 2190
f 1931 1730 1731
f 1931 1731 1933
f 2190 1933 2002
f 2190 2002 2245
f 1933 1731 1733
f 1933 1733 2002
f 1453 1148 1151
f 1453 1151 1456
f 1456 1151 1232
f 1456 1232 1461
f 1730 1453 1456
f 1730 1456 1731
f 1731 1456 1461
f 1731 1461 1733
f 373 375 429
f 373 429 371
f 375 377 431
f 375 431 429
f 371 429 424
f 371 424 425
f 429 431 478
f 429 478 424
f 434 487 533
f 434 533 482
f 482 533 577
f 482 577 477
f 377 434 482
f 377 482 431
f 431 482 477
f 431 477 478
f 617 570 525
f 617 525 574
f 570 519 470
f 570 470 525
f 574 525 477
f 574 477 577
f 525 470 478
f 525 478 477
f 522 465 473
f 522 473 472
f 472 473 425
f 472 425 424
f 519 522 472
f 519 472 470
f 470 472 424
f 470 424 478
f 487 584 626
f 487 626 533
f 584 717 714
f 584 714 626
f 533 626 622
f 533 622 577
f 626 714 786
f 626 786 622
f 910 1148 1145
f 910 1145 907
f 907 1145 1226
f 907 1226 980
f 717 910 907
f 717 907 714
f 714 907 980
f 714 980 786
f 1300 1067 977
f 1300 977 1224
f 1067 838 784
f 1067 784 977
f 1224 977 980
f 1224 980 1226
f 977 784 786
f 977 786 980
f 706 617 574
f 706 574 661
f 661 574 577
f 661 577 622
f 838 706 661
f 838 661 784
f 784 661 622
f 784 622 786
f 1148 1453 1449
f 1148 1449 1145
f 1453 1730 1727
f 1453 1727 1449
f 1145 1449 1446
f 1145 1446 1226
f 1449 1727 1723
f 1449 1723 1446
f 1931 2187 2184
f 1931 2184 1927
f 1927 2184 2233
f 1927 2233 1992
f 1730 1931 1927
f 1730 1927 1727
f 1727 1927 1992
f 1727 1992 1723
f 2230 1988 1990
f 2230 1990 2231
f 1988 1719 1721
f 1988 1721 1990
f 2231 1990 1992
f 2231 1992 2233
f 1990 1721 1723
f 1990 1723 1992
f 1518 1300 1224
f 1518 1224 1444
f 1444 1224 1226
f 1444 1226 1446
f 1719 1518 1444
f 1719 1444 1721
f 1721 1444 1446
f 1721 1446 1723
f 653 698 775
f 653 775 699
f 698 772 773
f 698 773 775
f 699 775 776
f 699 776 700
f 775 773 832
f 775 832 776
f 829 828 894
f 829 894 830
f 830 894 968
f 830 968 895
f 772 829 830
f 772 830 773
f 773 830 895
f 773 895 832
f 1216 1135 969
f 1216 969 1058
f 1135 971 896
f 1135 896 969
f 1058 969 895
f 1058 895 968
f 969 896 832
f 969 832 895
f 897 835 777
f 897 777 834
f 834 777 700
f 834 700 776
f 971 897 834
f 971 834 896
f 896 834 776
f 896 776 832
f 893 825 770
f 893 770 831
f 825 826 771
f 825 771 770
f 831 770 697
f 831 697 774
f 770 771 695
f 770 695 697
f 827 828 829
f 827 829 769
f 769 829 772
f 769 772 696
f 826 827 769
f 826 769 771
f 771 769 696
f 771 696 695
f 653 655 651
f 653 651 698
f 655 608 652
f 655 652 651
f 698 651 696
f 698 696 772
f 651 652 695
f 651 695 696
f 612 617 701
f 612 701 654
f 654 701 774
f 654 774 697
f 608 612 654
f 608 654 652
f 652 654 697
f 652 697 695
f 617 706 779
f 617 779 701
f 706 838 899
f 706 899 779
f 701 779 833
f 701 833 774
f 779 899 972
f 779 972 833
f 1067 1300 1371
f 1067 1371 1138
f 1138 1371 1439
f 1138 1439 1219
f 838 1067 1138
f 838 1138 899
f 899 1138 1219
f 899 1219 972
f 1514 1293 1294
f 1514 1294 1437
f 1293 1134 1059
f 1293 1059 1294
f 1437 1294 1219
f 1437 1219 1439
f 1294 1059 972
f 1294 972 1219
f 967 893 831
f 967 831 970
f 970 831 774
f 970 774 833
f 1134 967 970
f 1134 970 1059
f 1059 970 833
f 1059 833 972
f 1300 1518 1581
f 1300 1581 1371
f 1518 1719 1788
f 1518 1788 1581
f 1371 1581 1645
f 1371 1645 1439
f 1581 1788 1852
f 1581 1852 1645
f 1988 2230 2228
f 1988 2228 2063
f 2063 2228 2285
f 2063 2285 2062
f 1719 1988 2063
f 1719 2063 1788
f 1788 2063 2062
f 1788 2062 1852
f 2334 2119 2120
f 2334 2120 2284
f 2119 1847 1849
f 2119 1849 2120
f 2284 2120 2062
f 2284 2062 2285
f 2120 1849 1852
f 2120 1852 2062
f 1715 1514 1437
f 1715 1437 1643
f 1643 1437 1439
f 1643 1439 1645
f 1847 1715 1643
f 1847 1643 1849
f 1849 1643 1645
f 1849 1645 1852
f 1782 1844 1712
f 1782 1712 1639
f 1844 1845 1714
f 1844 1714 1712
f 1639 1712 1576
f 1639 1576 1511
f 1712 1714 1577
f 1712 1577 1576
f 1919 1984 1785
f 1919 1785 1784
f 1784 1785 1641
f 1784 1641 1578
f 1845 1919 1784
f 1845 1784 1714
f 1714 1784 1578
f 1714 1578 1577
f 1216 1292 1435
f 1216 1435 1436
f 1292 1291 1434
f 1292 1434 1435
f 1436 1435 1578
f 1436 1578 1641
f 1435 1434 1577
f 1435 1577 1578
f 1290 1289 1432
f 1290 1432 1433
f 1433 1432 1511
f 1433 1511 1576
f 1291 1290 1433
f 1291 1433 1434
f 1434 1433 1576
f 1434 1576 1577
f 1514 1513 1367
f 1514 1367 1293
f 1513 1512 1366
f 1513 1366 1367
f 1293 1367 1215
f 1293 1215 1134
f 1367 1366 1214
f 1367 1214 1215
f 1510 1431 1363
f 1510 1363 1365
f 1365 1363 1211
f 1365 1211 1213
f 1512 1510 1365
f 1512 1365 1366
f 1366 1365 1213
f 1366 1213 1214
f 1050 1052 1129
f 1050 1129 1128
f 1052 961 1053
f 1052 1053 1129
f 1128 1129 1213
f 1128 1213 1211
f 1129 1053 1214
f 1129 1214 1213
f 965 893 967
f 965 967 1056
f 1056 967 1134
f 1056 1134 1215
f 961 965 1056
f 961 1056 1053
f 1053 1056 1215
f 1053 1215 1214
f 1431 1510 1638
f 1431 1638 1575
f 1510 1512 1640
f 1510 1640 1638
f 1575 1638 1781
f 1575 1781 1710
f 1638 1640 1783
f 1638 1783 1781
f 1513 1514 1715
f 1513 1715 1713
f 1713 1715 1847
f 1713 1847 1846
f 1512 1513 1713
f 1512 1713 1640
f 1640 1713 1846
f 1640 1846 1783
f 2334 2173 2058
f 2334 2058 2119
f 2173 2116 1982
f 2173 1982 2058
f 2119 2058 1846
f 2119 1846 1847
f 2058 1982 1783
f 2058 1783 1846
f 1981 1915 1842
f 1981 1842 1917
f 1917 1842 1710
f 1917 1710 1781
f 2116 1981 1917
f 2116 1917 1982
f 1982 1917 1781
f 1982 1781 1783
f 1782 1711 1843
f 1782 1843 1918
f 1711 1709 1779
f 1711 1779 1843
f 1918 1843 1916
f 1918 1916 1980
f 1843 1779 1914
f 1843 1914 1916
f 1635 1633 1707
f 1635 1707 1777
f 1777 1707 1838
f 1777 1838 1841
f 1709 1635 1777
f 1709 1777 1779
f 1779 1777 1841
f 1779 1841 1914
f 1974 1976 1912
f 1974 1912 1910
f 1976 2053 1978
f 1976 1978 1912
f 1910 1912 1841
f 1910 1841 1838
f 1912 1978 1914
f 1912 1914 1841
f 2113 2169 2115
f 2113 2115 2054
f 2054 2115 1980
f 2054 1980 1916
f 2053 2113 2054
f 2053 2054 1978
f 1978 2054 1916
f 1978 1916 1914
f 2162 2110 2109
f 2162 2109 2165
f 2110 2106 2049
f 2110 2049 2109
f 2165 2109 2052
f 2165 2052 2112
f 2109 2049 2052
f 2104 2046 2050
f 2050 2046 1973
f 2050 1973 1975
f 2106 2104 2050
f 2106 2050 2049
f 2049 2050 1975
f 2049 1975 2052
f 1837 1839 1911
f 1837 1911 1909
f 1839 1840 1977
f 1839 1977 1911
f 1909 1911 1975
f 1909 1975 1973
f 1911 1977 2052
f 1911 2052 1975
f 1913 1915 2055
f 1913 2055 1979
f 1979 2055 2112
f 1979 2112 2052
f 1840 1913 1979
f 1840 1979 1977
f 1977 1979 2052
f 1431 1430 1361
f 1431 1361 1363
f 1430 1429 1360
f 1430 1360 1361
f 1363 1361 1210
f 1363 1210 1211
f 1361 1360 1208
f 1361 1208 1210
f 1428 1426 1356
f 1428 1356 1358
f 1358 1356 1284
f 1358 1284 1206
f 1429 1428 1358
f 1429 1358 1360
f 1360 1358 1206
f 1360 1206 1208
f 1120 1123 1122
f 1120 1122 1204
f 1123 1044 1125
f 1123 1125 1122
f 1204 1122 1206
f 1204 1206 1284
f 1122 1125 1208
f 1122 1208 1206
f 1047 1050 1128
f 1047 1128 1127
f 1127 1128 1211
f 1127 1211 1210
f 1044 1047 1127
f 1044 1127 1125
f 1125 1127 1210
f 1125 1210 1208
f 958 954 1048
f 958 1048 959
f 954 950 1046
f 954 1046 1048
f 959 1048 1049
f 959 1049 1051
f 1048 1046 1126
f 1048 1126 1049
f 1042 1037 1038
f 1042 1038 1043
f 1043 1038 1121
f 1043 1121 1124
f 950 1042 1043
f 950 1043 1046
f 1046 1043 1124
f 1046 1124 1126
f 1285 1286 1207
f 1285 1207 1205
f 1286 1287 1209
f 1286 1209 1207
f 1205 1207 1124
f 1205 1124 1121
f 1207 1209 1126
f 1207 1126 1124
f 1288 1289 1130
f 1288 1130 1212
f 1212 1130 1051
f 1212 1051 1049
f 1287 1288 1212
f 1287 1212 1209
f 1209 1212 1049
f 1209 1049 1126
f 1633 1632 1704
f 1633 1704 1707
f 1632 1569 1702
f 1632 1702 1704
f 1707 1704 1776
f 1707 1776 1838
f 1704 1702 1774
f 1704 1774 1776
f 1567 1565 1629
f 1567 1629 1700
f 1700 1629 1770
f 1700 1770 1772
f 1569 1567 1700
f 1569 1700 1702
f 1702 1700 1772
f 1702 1772 1774
f 1903 1905 1835
f 1903 1835 1833
f 1905 1970 1836
f 1905 1836 1835
f 1833 1835 1772
f 1833 1772 1770
f 1835 1836 1774
f 1835 1774 1772
f 1972 1974 1910
f 1972 1910 1908
f 1908 1910 1838
f 1908 1838 1776
f 1970 1972 1908
f 1970 1908 1836
f 1836 1908 1776
f 1836 1776 1774
f 2104 2042 2041
f 2104 2041 2046
f 2042 2038 2037
f 2042 2037 2041
f 2046 2041 1971
f 2046 1971 1973
f 2041 2037 1968
f 2041 1968 1971
f 2034 1962 1961
f 2034 1961 1966
f 1966 1961 1895
f 1966 1895 1904
f 2038 2034 1966
f 2038 1966 2037
f 2037 1966 1904
f 2037 1904 1968
f 1758 1771 1834
f 1758 1834 1825
f 1771 1773 1906
f 1771 1906 1834
f 1825 1834 1904
f 1825 1904 1895
f 1834 1906 1968
f 1834 1968 1904
f 1775 1837 1909
f 1775 1909 1907
f 1907 1909 1973
f 1907 1973 1971
f 1773 1775 1907
f 1773 1907 1906
f 1906 1907 1971
f 1906 1971 1968
f 1426 1424 1354
f 1426 1354 1356
f 1424 1422 1280
f 1424 1280 1354
f 1356 1354 1282
f 1356 1282 1284
f 1354 1280 1199
f 1354 1199 1282
f 1420 1337 1262
f 1420 1262 1278
f 1278 1262 1181
f 1278 1181 1196
f 1422 1420 1278
f 1422 1278 1280
f 1280 1278 1196
f 1280 1196 1199
f 1103 1111 1197
f 1103 1197 1182
f 1111 1115 1200
f 1111 1200 1197
f 1182 1197 1196
f 1182 1196 1181
f 1197 1200 1199
f 1197 1199 1196
f 1118 1120 1204
f 1118 1204 1202
f 1202 1204 1284
f 1202 1284 1282
f 1115 1118 1202
f 1115 1202 1200
f 1200 1202 1282
f 1200 1282 1199
f 1037 1032 1033
f 1037 1033 1038
f 1032 1028 1116
f 1032 1116 1033
f 1038 1033 1119
f 1038 1119 1121
f 1033 1116 1117
f 1033 1117 1119
f 1024 1021 1109
f 1024 1109 1113
f 1113 1109 1110
f 1113 1110 1114
f 1028 1024 1113
f 1028 1113 1116
f 1116 1113 1114
f 1116 1114 1117
f 1277 1279 1198
f 1277 1198 1195
f 1279 1281 1201
f 1279 1201 1198
f 1195 1198 1114
f 1195 1114 1110
f 1198 1201 1117
f 1198 1117 1114
f 1283 1285 1205
f 1283 1205 1203
f 1203 1205 1121
f 1203 1121 1119
f 1281 1283 1203
f 1281 1203 1201
f 1201 1203 1119
f 1201 1119 1117
f 1565 1564 1628
f 1565 1628 1629
f 1564 1627 1628
f 1629 1628 1698
f 1629 1698 1770
f 1628 1627 1697
f 1628 1697 1698
f 1563 1495 1562
f 1563 1562 1626
f 1626 1562 1625
f 1626 1625 1696
f 1564 1563 1626
f 1564 1626 1627
f 1627 1626 1696
f 1627 1696 1697
f 1766 1767 1695
f 1766 1832 1768
f 1766 1768 1767
f 1695 1767 1696
f 1695 1696 1625
f 1767 1768 1697
f 1767 1697 1696
f 1832 1903 1833
f 1832 1833 1769
f 1769 1833 1770
f 1769 1770 1698
f 1832 1769 1768
f 1768 1769 1698
f 1768 1698 1697
f 1962 1897 1961
f 1962 1899 1898
f 1962 1898 1897
f 1961 1897 1896
f 1961 1896 1895
f 1897 1898 1826
f 1897 1826 1896
f 1828 1762 1761
f 1828 1761 1827
f 1827 1761 1689
f 1827 1689 1760
f 1899 1828 1827
f 1899 1827 1898
f 1898 1827 1760
f 1898 1760 1826
f 1617 1686 1687
f 1617 1687 1688
f 1686 1759 1687
f 1688 1687 1760
f 1688 1760 1689
f 1687 1759 1826
f 1687 1826 1760
f 1685 1758 1825
f 1825 1895 1896
f 1686 1685 1825
f 1686 1825 1759
f 1759 1825 1896
f 1759 1896 1826
f 1337 1263 1262
f 1337 1405 1338
f 1337 1338 1263
f 1262 1263 1264
f 1262 1264 1181
f 1263 1338 1265
f 1263 1265 1264
f 1406 1407 1340
f 1406 1340 1339
f 1339 1340 1267
f 1339 1267 1266
f 1405 1406 1339
f 1405 1339 1338
f 1338 1339 1266
f 1338 1266 1265
f 1185 1184 1183
f 1185 1183 1267
f 1267 1183 1266
f 1183 1265 1266
f 1182 1181 1264
f 1184 1103 1182
f 1184 1182 1183
f 1183 1182 1264
f 1183 1264 1265
f 1021 1108 1109
f 1109 1193 1110
f 1109 1192 1193
f 1190 1272 1191
f 1191 1272 1273
f 1191 1273 1192
f 1108 1190 1191
f 1108 1191 1109
f 1109 1191 1192
f 1275 1276 1194
f 1275 1194 1274
f 1274 1192 1273
f 1274 1194 1192
f 1276 1277 1195
f 1276 1195 1194
f 1194 1195 1110
f 1194 1110 1193
f 1194 1193 1192
f 1289 1288 1364
f 1289 1364 1432
f 1288 1287 1362
f 1288 1362 1364
f 1432 1364 1509
f 1432 1509 1511
f 1364 1362 1508
f 1364 1508 1509
f 1286 1285 1357
f 1286 1357 1359
f 1359 1357 1427
f 1359 1427 1507
f 1287 1286 1359
f 1287 1359 1362
f 1362 1359 1507
f 1362 1507 1508
f 1633 1635 1572
f 1633 1572 1570
f 1635 1709 1573
f 1635 1573 1572
f 1570 1572 1507
f 1570 1507 1427
f 1572 1573 1508
f 1572 1508 1507
f 1711 1782 1639
f 1711 1639 1637
f 1637 1639 1511
f 1637 1511 1509
f 1709 1711 1637
f 1709 1637 1573
f 1573 1637 1509
f 1573 1509 1508
f 1285 1283 1355
f 1285 1355 1357
f 1283 1281 1353
f 1283 1353 1355
f 1357 1355 1425
f 1357 1425 1427
f 1355 1353 1423
f 1355 1423 1425
f 1279 1277 1351
f 1279 1351 1352
f 1352 1351 1419
f 1352 1419 1421
f 1281 1279 1352
f 1281 1352 1353
f 1353 1352 1421
f 1353 1421 1423
f 1565 1567 1500
f 1565 1500 1498
f 1567 1569 1502
f 1567 1502 1500
f 1498 1500 1421
f 1498 1421 1419
f 1500 1502 1423
f 1500 1423 1421
f 1632 1633 1570
f 1632 1570 1504
f 1504 1570 1427
f 1504 1427 1425
f 1569 1632 1504
f 1569 1504 1502
f 1502 1504 1425
f 1502 1425 1423
f 1277 1276 1351
f 1276 1350 1351
f 1351 1418 1419
f 1351 1350 1417
f 1351 1417 1418
f 1275 1348 1349
f 1349 1348 1415
f 1349 1415 1416
f 1276 1275 1349
f 1276 1349 1350
f 1350 1349 1416
f 1350 1416 1417
f 1495 1563 1496
f 1495 1496 1415
f 1563 1564 1497
f 1563 1497 1496
f 1415 1496 1416
f 1496 1497 1417
f 1496 1417 1416
f 1564 1565 1498
f 1498 1419 1418
f 1564 1498 1497
f 1497 1498 1418
f 1497 1418 1417
f 2169 2113 2111
f 2169 2111 2167
f 2113 2053 2111
f 2167 2111 2164
f 2167 2164 2166
f 2111 2108 2164
f 1976 1974 2048
f 1976 2048 2051
f 2051 2048 2047
f 2051 2047 2108
f 2053 1976 2051
f 2053 2051 2111
f 2111 2051 2108
f 2104 2106 2107
f 2104 2107 2105
f 2105 2108 2047
f 2105 2107 2108
f 2110 2162 2163
f 2163 2166 2164
f 2106 2110 2163
f 2106 2163 2107
f 2107 2163 2164
f 2107 2164 2108
f 1974 1972 2045
f 1974 2045 2048
f 1972 1970 1969
f 1972 1969 2045
f 2048 2045 2044
f 2048 2044 2047
f 2045 1969 2040
f 2045 2040 2044
f 1905 1903 1965
f 1905 1965 1967
f 1967 1965 1964
f 1967 1964 2036
f 1970 1905 1967
f 1970 1967 1969
f 1969 1967 2036
f 1969 2036 2040
f 1962 2034 2035
f 1962 2035 1963
f 2034 2038 2039
f 2034 2039 2035
f 1963 2035 2036
f 1963 2036 1964
f 2035 2039 2040
f 2035 2040 2036
f 2042 2104 2105
f 2042 2105 2043
f 2043 2105 2047
f 2043 2047 2044
f 2038 2042 2043
f 2038 2043 2039
f 2039 2043 2044
f 2039 2044 2040
f 1903 1832 1902
f 1903 1902 1965
f 1965 1902 1964
f 1902 1901 1964
f 1766 1765 1831
f 1831 1765 1764
f 1831 1764 1830
f 1832 1766 1831
f 1832 1831 1902
f 1902 1831 1830
f 1902 1830 1901
f 1762 1828 1829
f 1762 1829 1763
f 1828 1899 1900
f 1828 1900 1829
f 1763 1829 1830
f 1763 1830 1764
f 1829 1900 1901
f 1829 1901 1830
f 1899 1962 1963
f 1899 1963 1900
f 1900 1963 1964
f 1900 1964 1901
f 1915 1913 1780
f 1915 1780 1842
f 1913 1840 1778
f 1913 1778 1780
f 1842 1780 1708
f 1842 1708 1710
f 1780 1778 1636
f 1780 1636 1708
f 1839 1837 1705
f 1839 1705 1706
f 1706 1705 1631
f 1706 1631 1634
f 1840 1839 1706
f 1840 1706 1778
f 1778 1706 1634
f 1778 1634 1636
f 1426 1428 1506
f 1426 1506 1505
f 1428 1429 1571
f 1428 1571 1506
f 1505 1506 1634
f 1505 1634 1631
f 1506 1571 1636
f 1506 1636 1634
f 1430 1431 1575
f 1430 1575 1574
f 1574 1575 1710
f 1574 1710 1708
f 1429 1430 1574
f 1429 1574 1571
f 1571 1574 1708
f 1571 1708 1636
f 1837 1775 1703
f 1837 1703 1705
f 1775 1773 1701
f 1775 1701 1703
f 1705 1703 1630
f 1705 1630 1631
f 1703 1701 1568
f 1703 1568 1630
f 1771 1758 1613
f 1771 1613 1699
f 1699 1613 1551
f 1699 1551 1566
f 1773 1771 1699
f 1773 1699 1701
f 1701 1699 1566
f 1701 1566 1568
f 1337 1420 1499
f 1337 1499 1485
f 1420 1422 1501
f 1420 1501 1499
f 1485 1499 1566
f 1485 1566 1551
f 1499 1501 1568
f 1499 1568 1566
f 1424 1426 1505
f 1424 1505 1503
f 1503 1505 1631
f 1503 1631 1630
f 1422 1424 1503
f 1422 1503 1501
f 1501 1503 1630
f 1501 1630 1568
f 1758 1685 1614
f 1758 1614 1613
f 1685 1686 1615
f 1685 1615 1614
f 1613 1614 1552
f 1613 1552 1551
f 1614 1615 1552
f 1686 1617 1616
f 1616 1617 1554
f 1616 1554 1553
f 1686 1616 1615
f 1615 1616 1553
f 1615 1553 1552
f 1407 1406 1487
f 1407 1487 1488
f 1406 1405 1486
f 1406 1486 1487
f 1488 1487 1553
f 1488 1553 1554
f 1487 1486 1552
f 1487 1552 1553
f 1485 1551 1552
f 1405 1337 1485
f 1405 1485 1486
f 1486 1485 1552
f 1050 1047 951
f 1050 951 955
f 1047 1044 1045
f 1047 1045 951
f 955 951 952
f 955 952 956
f 951 1045 948
f 951 948 952
f 1123 1120 1034
f 1123 1034 1039
f 1039 1034 1035
f 1039 1035 1040
f 1044 1123 1039
f 1044 1039 1045
f 1045 1039 1040
f 1045 1040 948
f 1037 1042 1041
f 1037 1041 1036
f 1042 950 949
f 1042 949 1041
f 1036 1041 1040
f 1036 1040 1035
f 1041 949 948
f 1041 948 1040
f 954 958 957
f 954 957 953
f 953 957 956
f 953 956 952
f 950 954 953
f 950 953 949
f 949 953 952
f 949 952 948
f 1120 1118 1029
f 1120 1029 1034
f 1118 1115 1025
f 1118 1025 1029
f 1034 1029 1030
f 1034 1030 1035
f 1029 1025 1026
f 1029 1026 1030
f 1111 1103 1104
f 1111 1104 1112
f 1112 1104 1019
f 1112 1019 1022
f 1115 1111 1112
f 1115 1112 1025
f 1025 1112 1022
f 1025 1022 1026
f 1021 1024 1023
f 1021 1023 1020
f 1024 1028 1027
f 1024 1027 1023
f 1020 1023 1022
f 1020 1022 1019
f 1023 1027 1026
f 1023 1026 1022
f 1032 1037 1036
f 1032 1036 1031
f 1031 1036 1035
f 1031 1035 1030
f 1028 1032 1031
f 1028 1031 1027
f 1027 1031 1030
f 1027 1030 1026
f 1103 1184 1104
f 1104 1105 1019
f 1184 1185 1186
f 1184 1186 1104
f 1104 1186 1187
f 1104 1187 1105
f 1190 1189 1188
f 1190 1108 1107
f 1190 1107 1189
f 1188 1189 1187
f 1189 1107 1105
f 1189 1105 1187
f 1108 1021 1020
f 1108 1020 1106
f 1106 1020 1019
f 1106 1019 1105
f 1108 1106 1107
f 1107 1106 1105
f 893 965 890
f 893 890 825
f 965 961 886
f 965 886 890
f 825 890 824
f 825 824 826
f 890 886 887
f 890 887 824
f 1052 1050 955
f 1052 955 960
f 960 955 956
f 960 956 884
f 961 1052 960
f 961 960 886
f 886 960 884
f 886 884 887
f 958 962 885
f 958 885 957
f 962 889 888
f 962 888 885
f 957 885 884
f 957 884 956
f 885 888 887
f 885 887 884
f 892 828 827
f 892 827 891
f 891 827 826
f 891 826 824
f 889 892 891
f 889 891 888
f 888 891 824
f 888 824 887
f 1289 1290 1131
f 1289 1131 1130
f 1290 1291 1132
f 1290 1132 1131
f 1130 1131 1054
f 1130 1054 1051
f 1131 1132 1055
f 1131 1055 1054
f 1292 1216 1058
f 1292 1058 1133
f 1133 1058 968
f 1133 968 1057
f 1291 1292 1133
f 1291 1133 1132
f 1132 1133 1057
f 1132 1057 1055
f 828 892 966
f 828 966 894
f 892 889 964
f 892 964 966
f 894 966 1057
f 894 1057 968
f 966 964 1055
f 966 1055 1057
f 962 958 959
f 962 959 963
f 963 959 1051
f 963 1051 1054
f 889 962 963
f 889 963 964
f 964 963 1054
f 964 1054 1055
f 2169 2223 2171
f 2169 2171 2115
f 2223 2332 2224
f 2223 2224 2171
f 2115 2171 2056
f 2115 2056 1980
f 2171 2224 2172
f 2171 2172 2056
f 2430 2639 2431
f 2430 2431 2333
f 2333 2431 2283
f 2333 2283 2225
f 2332 2430 2333
f 2332 2333 2224
f 2224 2333 2225
f 2224 2225 2172
f 1984 1919 2117
f 1984 2117 2118
f 1919 1845 2057
f 1919 2057 2117
f 2118 2117 2225
f 2118 2225 2283
f 2117 2057 2172
f 2117 2172 2225
f 1844 1782 1918
f 1844 1918 1983
f 1983 1918 1980
f 1983 1980 2056
f 1845 1844 1983
f 1845 1983 2057
f 2057 1983 2056
f 2057 2056 2172
f 1915 1981 2114
f 1915 2114 2055
f 1981 2116 2170
f 1981 2170 2114
f 2055 2114 2168
f 2055 2168 2112
f 2114 2170 2222
f 2114 2222 2168
f 2173 2334 2381
f 2173 2381 2282
f 2282 2381 2428
f 2282 2428 2330
f 2116 2173 2282
f 2116 2282 2170
f 2170 2282 2330
f 2170 2330 2222
f 2488 2379 2380
f 2488 2380 2426
f 2379 2327 2279
f 2379 2279 2380
f 2426 2380 2330
f 2426 2330 2428
f 2380 2279 2222
f 2380 2222 2330
f 2221 2162 2165
f 2221 2165 2220
f 2220 2165 2112
f 2220 2112 2168
f 2327 2221 2220
f 2327 2220 2279
f 2279 2220 2168
f 2279 2168 2222
f 2628 2629 2486
f 2628 2486 2485
f 2629 2586 2423
f 2629 2423 2486
f 2485 2486 2274
f 2485 2274 2324
f 2486 2423 2276
f 2486 2276 2274
f 2587 2537 2378
f 2587 2378 2425
f 2425 2378 2218
f 2425 2218 2219
f 2586 2587 2425
f 2586 2425 2423
f 2423 2425 2219
f 2423 2219 2276
f 1894 1893 2102
f 1894 2102 2033
f 1893 1891 2103
f 1893 2103 2102
f 2033 2102 2219
f 2033 2219 2218
f 2102 2103 2276
f 2102 2276 2219
f 1889 1888 2159
f 1889 2159 2099
f 2099 2159 2324
f 2099 2324 2274
f 1891 1889 2099
f 1891 2099 2103
f 2103 2099 2274
f 2103 2274 2276
f 2537 2536 2326
f 2537 2326 2378
f 2536 2487 2325
f 2536 2325 2326
f 2378 2326 2161
f 2378 2161 2218
f 2326 2325 2160
f 2326 2160 2161
f 2424 2422 2275
f 2424 2275 2277
f 2277 2275 2100
f 2277 2100 2101
f 2487 2424 2277
f 2487 2277 2325
f 2325 2277 2101
f 2325 2101 2160
f 1679 1754 1892
f 1679 1892 1890
f 1754 1823 1960
f 1754 1960 1892
f 1890 1892 2101
f 1890 2101 2100
f 1892 1960 2160
f 1892 2160 2101
f 1824 1894 2033
f 1824 2033 2032
f 2032 2033 2218
f 2032 2218 2161
f 1823 1824 2032
f 1823 2032 1960
f 1960 2032 2161
f 1960 2161 2160
f 2760 2761 2646
f 2760 2646 2592
f 2761 2762 2648
f 2761 2648 2646
f 2592 2646 2495
f 2592 2495 2494
f 2646 2648 2548
f 2646 2548 2495
f 2763 2764 2651
f 2763 2651 2650
f 2650 2651 2550
f 2650 2550 2549
f 2762 2763 2650
f 2762 2650 2648
f 2648 2650 2549
f 2648 2549 2548
f 2386 2339 2439
f 2386 2439 2496
f 2339 2289 2437
f 2339 2437 2439
f 2496 2439 2549
f 2496 2549 2550
f 2439 2437 2548
f 2439 2548 2549
f 2288 2229 2338
f 2288 2338 2385
f 2385 2338 2494
f 2385 2494 2495
f 2289 2288 2385
f 2289 2385 2437
f 2437 2385 2495
f 2437 2495 2548
f 2702 2703 2546
f 2702 2546 2545
f 2703 2704 2547
f 2703 2547 2546
f 2545 2546 2384
f 2545 2384 2383
f 2546 2547 2433
f 2546 2433 2384
f 2705 2760 2592
f 2705 2592 2591
f 2591 2592 2494
f 2591 2494 2434
f 2704 2705 2591
f 2704 2591 2547
f 2547 2591 2434
f 2547 2434 2433
f 2229 2177 2337
f 2229 2337 2338
f 2177 2176 2287
f 2177 2287 2337
f 2338 2337 2434
f 2338 2434 2494
f 2337 2287 2433
f 2337 2433 2434
f 2121 2061 2227
f 2121 2227 2286
f 2286 2227 2383
f 2286 2383 2384
f 2176 2121 2286
f 2176 2286 2287
f 2287 2286 2384
f 2287 2384 2433
f 2488 2539 2427
f 2488 2427 2379
f 2539 2541 2429
f 2539 2429 2427
f 2379 2427 2328
f 2379 2328 2327
f 2427 2429 2329
f 2427 2329 2328
f 2590 2639 2430
f 2590 2430 2489
f 2489 2430 2332
f 2489 2332 2331
f 2541 2590 2489
f 2541 2489 2429
f 2429 2489 2331
f 2429 2331 2329
f 2169 2167 2281
f 2169 2281 2223
f 2167 2166 2280
f 2167 2280 2281
f 2223 2281 2331
f 2223 2331 2332
f 2281 2280 2329
f 2281 2329 2331
f 2163 2162 2221
f 2163 2221 2278
f 2278 2221 2327
f 2278 2327 2328
f 2166 2163 2278
f 2166 2278 2280
f 2280 2278 2328
f 2280 2328 2329
f 4982 5076 5067
f 4982 5067 5075
f 5076 5068 5060
f 5076 5060 5067
f 5075 5067 5059
f 5075 5059 5066
f 5067 5060 5055
f 5067 5055 5059
f 5061 5057 5056
f 5056 5057 5050
f 5056 5050 5053
f 5068 5061 5056
f 5068 5056 5060
f 5060 5056 5053
f 5060 5053 5055
f 5042 5041 5049
f 5042 5049 5046
f 5041 5045 5048
f 5041 5048 5049
f 5046 5049 5053
f 5046 5053 5050
f 5049 5048 5055
f 5049 5055 5053
f 5098 5100 5101
f 5101 5100 5103
f 5045 5098 5101
f 5045 5101 5048
f 5048 5101 5103
f 5048 5103 5055
f 5107 5065 5105
f 5107 5105 5104
f 5065 5066 5059
f 5065 5059 5105
f 5104 5105 5103
f 5105 5059 5055
f 5105 5055 5103
f 4893 4990 4985
f 4893 4985 4984
f 4990 4986 4981
f 4990 4981 4985
f 4984 4985 4980
f 4984 4980 4979
f 4985 4981 5073
f 4985 5073 4980
f 4987 4982 5075
f 4987 5075 5077
f 5077 5075 5066
f 5077 5066 5074
f 4986 4987 5077
f 4986 5077 4981
f 4981 5077 5074
f 4981 5074 5073
f 5107 5110 5064
f 5107 5064 5065
f 5110 5072 5073
f 5110 5073 5064
f 5065 5064 5074
f 5065 5074 5066
f 5064 5073 5074
f 5071 5070 4979
f 5071 4979 4980
f 5072 5071 5073
f 5073 5071 4980
f 4820 4822 4885
f 4820 4885 4880
f 4822 4890 4887
f 4822 4887 4885
f 4880 4885 4884
f 4880 4884 4881
f 4885 4887 4973
f 4885 4973 4884
f 4892 4893 4984
f 4892 4984 4888
f 4888 4984 4979
f 4888 4979 4978
f 4890 4892 4888
f 4890 4888 4887
f 4887 4888 4978
f 4887 4978 4973
f 5070 5069 4974
f 5069 5063 4973
f 5069 4973 4974
f 5070 4974 4978
f 5070 4978 4979
f 4974 4973 4978
f 5062 5054 4964
f 5062 4964 4970
f 4970 4964 4881
f 4970 4881 4884
f 5063 5062 4970
f 5063 4970 4973
f 4973 4970 4884
f 5026 5022 5083
f 5026 5083 5088
f 5022 5015 5014
f 5022 5014 5083
f 5088 5083 5087
f 5088 5087 5090
f 5083 5014 5082
f 5083 5082 5087
f 5006 5001 5005
f 5006 5005 5013
f 5013 5005 5012
f 5013 5012 5078
f 5015 5006 5013
f 5015 5013 5014
f 5014 5013 5078
f 5014 5078 5082
f 5120 5121 5081
f 5120 5081 5080
f 5121 5152 5122
f 5121 5122 5081
f 5080 5081 5078
f 5080 5078 5012
f 5081 5122 5082
f 5081 5082 5078
f 5153 5154 5127
f 5153 5127 5125
f 5125 5127 5090
f 5125 5090 5087
f 5152 5153 5125
f 5152 5125 5122
f 5122 5125 5087
f 5122 5087 5082
f 5001 5000 5004
f 5001 5004 5005
f 5000 4929 5003
f 5000 5003 5004
f 5005 5004 5011
f 5005 5011 5012
f 5004 5003 5010
f 5004 5010 5011
f 4933 4932 4936
f 4933 4936 4939
f 4933 4939 5009
f 4929 4933 5003
f 5003 4933 5009
f 5003 5009 5010
f 5025 5085 5020
f 5025 5020 5019
f 5085 5086 5021
f 5085 5021 5020
f 5019 5020 5009
f 5019 5009 4939
f 5020 5021 5010
f 5020 5010 5009
f 5119 5120 5080
f 5119 5080 5079
f 5079 5080 5012
f 5079 5012 5011
f 5086 5119 5079
f 5086 5079 5021
f 5021 5079 5011
f 5021 5011 5010
f 4809 4812 4869
f 4809 4869 4866
f 4812 4814 4872
f 4812 4872 4869
f 4866 4869 4870
f 4866 4870 4946
f 4869 4872 4873
f 4869 4873 4870
f 4817 4820 4880
f 4817 4880 4876
f 4876 4880 4881
f 4876 4881 4877
f 4814 4817 4876
f 4814 4876 4872
f 4872 4876 4877
f 4872 4877 4873
f 5054 5052 4962
f 5054 4962 4964
f 5052 5044 4955
f 5052 4955 4962
f 4964 4962 4877
f 4964 4877 4881
f 4962 4955 4873
f 4962 4873 4877
f 5038 5035 4947
f 5038 4947 4951
f 4951 4947 4946
f 4951 4946 4870
f 5044 5038 4951
f 5044 4951 4955
f 4955 4951 4870
f 4955 4870 4873
f 5107 5104 5136
f 5107 5136 5137
f 5104 5103 5134
f 5104 5134 5136
f 5137 5136 5162
f 5136 5134 5160
f 5136 5160 5162
f 5100 5098 5097
f 5100 5097 5132
f 5132 5097 5131
f 5132 5131 5159
f 5103 5100 5132
f 5103 5132 5134
f 5134 5132 5159
f 5134 5159 5160
f 5154 5189 5157
f 5154 5157 5130
f 5189 5216 5190
f 5189 5190 5157
f 5130 5157 5159
f 5130 5159 5131
f 5157 5190 5160
f 5157 5160 5159
f 5241 5288 5269
f 5241 5269 5242
f 5242 5269 5244
f 5242 5244 5219
f 5216 5241 5242
f 5216 5242 5190
f 5190 5242 5219
f 5190 5219 5160
f 5194 5164 5192
f 5194 5192 5221
f 5164 5137 5162
f 5164 5162 5192
f 5221 5192 5219
f 5221 5219 5244
f 5192 5162 5160
f 5192 5160 5219
f 5070 5071 5115
f 5071 5072 5116
f 5071 5116 5115
f 5070 5115 5114
f 5070 5114 5113
f 5115 5116 5141
f 5115 5141 5114
f 5110 5107 5137
f 5110 5137 5109
f 5109 5137 5139
f 5072 5110 5109
f 5072 5109 5116
f 5116 5109 5139
f 5116 5139 5141
f 5194 5168 5166
f 5194 5166 5164
f 5168 5167 5141
f 5168 5141 5166
f 5164 5166 5139
f 5164 5139 5137
f 5166 5141 5139
f 5145 5147 5118
f 5145 5118 5113
f 5145 5113 5114
f 5167 5145 5141
f 5141 5145 5114
f 5054 5062 5058
f 5058 5062 5108
f 5058 5108 5106
f 5062 5063 5111
f 5062 5111 5108
f 5069 5070 5113
f 5069 5113 5112
f 5063 5069 5112
f 5063 5112 5111
f 5147 5144 5117
f 5147 5117 5118
f 5144 5143 5111
f 5144 5111 5117
f 5118 5117 5112
f 5118 5112 5113
f 5117 5111 5112
f 5142 5165 5138
f 5142 5138 5140
f 5140 5138 5106
f 5140 5106 5108
f 5143 5142 5140
f 5143 5140 5111
f 5111 5140 5108
f 5154 5153 5188
f 5154 5188 5189
f 5153 5152 5185
f 5153 5185 5188
f 5189 5188 5215
f 5189 5215 5216
f 5188 5185 5214
f 5188 5214 5215
f 5121 5120 5151
f 5121 5151 5184
f 5184 5151 5212
f 5184 5212 5213
f 5152 5121 5184
f 5152 5184 5185
f 5185 5184 5213
f 5185 5213 5214
f 5306 5307 5264
f 5306 5264 5263
f 5307 5308 5265
f 5307 5265 5264
f 5263 5264 5213
f 5263 5213 5212
f 5264 5265 5214
f 5264 5214 5213
f 5309 5288 5241
f 5309 5241 5266
f 5266 5241 5216
f 5266 5216 5215
f 5308 5309 5266
f 5308 5266 5265
f 5265 5266 5215
f 5265 5215 5214
f 5120 5119 5150
f 5120 5150 5151
f 5119 5086 5124
f 5119 5124 5150
f 5151 5150 5187
f 5151 5187 5212
f 5150 5124 5186
f 5150 5186 5187
f 5085 5025 5084
f 5084 5025 5089
f 5084 5089 5123
f 5086 5085 5084
f 5086 5084 5124
f 5124 5084 5123
f 5124 5123 5186
f 5035 5129 5126
f 5035 5126 5031
f 5129 5156 5155
f 5129 5155 5126
f 5031 5126 5123
f 5031 5123 5089
f 5126 5155 5186
f 5126 5186 5123
f 5218 5268 5267
f 5218 5267 5217
f 5217 5267 5287
f 5217 5287 5239
f 5156 5218 5217
f 5156 5217 5155
f 5155 5217 5239
f 5155 5239 5186
f 5306 5263 5240
f 5306 5240 5305
f 5263 5212 5187
f 5263 5187 5240
f 5305 5240 5239
f 5305 5239 5287
f 5240 5187 5186
f 5240 5186 5239
f 5035 5038 5095
f 5035 5095 5129
f 5038 5044 5099
f 5038 5099 5095
f 5129 5095 5158
f 5129 5158 5156
f 5095 5099 5133
f 5095 5133 5158
f 5052 5054 5058
f 5052 5058 5102
f 5102 5058 5106
f 5102 5106 5135
f 5044 5052 5102
f 5044 5102 5099
f 5099 5102 5135
f 5099 5135 5133
f 5165 5193 5163
f 5165 5163 5138
f 5193 5220 5161
f 5193 5161 5163
f 5138 5163 5135
f 5138 5135 5106
f 5163 5161 5133
f 5163 5133 5135
f 5243 5268 5218
f 5243 5218 5191
f 5191 5218 5156
f 5191 5156 5158
f 5220 5243 5191
f 5220 5191 5161
f 5161 5191 5158
f 5161 5158 5133
f 5194 5221 5246
f 5194 5246 5222
f 5221 5244 5271
f 5221 5271 5246
f 5222 5246 5273
f 5222 5273 5224
f 5246 5271 5291
f 5246 5291 5273
f 5269 5288 5324
f 5269 5324 5311
f 5311 5324 5343
f 5311 5343 5326
f 5244 5269 5311
f 5244 5311 5271
f 5271 5311 5326
f 5271 5326 5291
f 5378 5346 5345
f 5378 5345 5359
f 5346 5328 5313
f 5346 5313 5345
f 5359 5345 5326
f 5359 5326 5343
f 5345 5313 5291
f 5345 5291 5326
f 5294 5250 5248
f 5294 5248 5274
f 5274 5248 5224
f 5274 5224 5273
f 5328 5294 5274
f 5328 5274 5313
f 5313 5274 5273
f 5313 5273 5291
f 5147 5145 5171
f 5147 5171 5149
f 5145 5167 5172
f 5145 5172 5171
f 5149 5171 5177
f 5149 5177 5176
f 5171 5172 5198
f 5171 5198 5177
f 5168 5194 5222
f 5168 5222 5196
f 5196 5222 5224
f 5196 5224 5199
f 5167 5168 5196
f 5167 5196 5172
f 5172 5196 5199
f 5172 5199 5198
f 5250 5228 5226
f 5250 5226 5248
f 5228 5205 5201
f 5228 5201 5226
f 5248 5226 5199
f 5248 5199 5224
f 5226 5201 5198
f 5226 5198 5199
f 5204 5183 5180
f 5204 5180 5181
f 5181 5180 5176
f 5181 5176 5177
f 5205 5204 5181
f 5205 5181 5201
f 5201 5181 5177
f 5201 5177 5198
f 5165 5142 5170
f 5165 5170 5169
f 5142 5143 5146
f 5142 5146 5170
f 5169 5170 5173
f 5169 5173 5197
f 5170 5146 5174
f 5170 5174 5173
f 5144 5147 5149
f 5144 5149 5148
f 5148 5149 5176
f 5148 5176 5175
f 5143 5144 5148
f 5143 5148 5146
f 5146 5148 5175
f 5146 5175 5174
f 5183 5182 5179
f 5183 5179 5180
f 5182 5203 5178
f 5182 5178 5179
f 5180 5179 5175
f 5180 5175 5176
f 5179 5178 5174
f 5179 5174 5175
f 5202 5227 5225
f 5202 5225 5200
f 5200 5225 5197
f 5200 5197 5173
f 5203 5202 5200
f 5203 5200 5178
f 5178 5200 5173
f 5178 5173 5174
f 5288 5309 5323
f 5288 5323 5324
f 5309 5308 5341
f 5309 5341 5323
f 5324 5323 5357
f 5324 5357 5343
f 5323 5341 5374
f 5323 5374 5357
f 5307 5306 5339
f 5307 5339 5340
f 5340 5339 5372
f 5340 5372 5373
f 5308 5307 5340
f 5308 5340 5341
f 5341 5340 5373
f 5341 5373 5374
f 5404 5405 5390
f 5404 5390 5389
f 5405 5406 5391
f 5405 5391 5390
f 5389 5390 5373
f 5389 5373 5372
f 5390 5391 5374
f 5390 5374 5373
f 5393 5378 5359
f 5393 5359 5376
f 5376 5359 5343
f 5376 5343 5357
f 5406 5393 5376
f 5406 5376 5391
f 5391 5376 5357
f 5391 5357 5374
f 5306 5305 5338
f 5306 5338 5339
f 5305 5287 5322
f 5305 5322 5338
f 5339 5338 5356
f 5339 5356 5372
f 5338 5322 5355
f 5338 5355 5356
f 5267 5268 5289
f 5267 5289 5310
f 5310 5289 5325
f 5310 5325 5342
f 5287 5267 5310
f 5287 5310 5322
f 5322 5310 5342
f 5322 5342 5355
f 5360 5377 5358
f 5360 5358 5344
f 5377 5392 5375
f 5377 5375 5358
f 5344 5358 5342
f 5344 5342 5325
f 5358 5375 5355
f 5358 5355 5342
f 5403 5404 5389
f 5403 5389 5388
f 5388 5389 5372
f 5388 5372 5356
f 5392 5403 5388
f 5392 5388 5375
f 5375 5388 5356
f 5375 5356 5355
f 5268 5243 5270
f 5268 5270 5289
f 5243 5220 5245
f 5243 5245 5270
f 5289 5270 5290
f 5289 5290 5325
f 5270 5245 5272
f 5270 5272 5290
f 5193 5165 5169
f 5193 5169 5195
f 5195 5169 5197
f 5195 5197 5223
f 5220 5193 5195
f 5220 5195 5245
f 5245 5195 5223
f 5245 5223 5272
f 5227 5249 5247
f 5227 5247 5225
f 5249 5293 5292
f 5249 5292 5247
f 5225 5247 5223
f 5225 5223 5197
f 5247 5292 5272
f 5247 5272 5223
f 5327 5360 5344
f 5327 5344 5312
f 5312 5344 5325
f 5312 5325 5290
f 5293 5327 5312
f 5293 5312 5292
f 5292 5312 5290
f 5292 5290 5272
f 5250 5294 5295
f 5250 5295 5276
f 5294 5328 5330
f 5294 5330 5295
f 5276 5295 5296
f 5276 5296 5278
f 5295 5330 5331
f 5295 5331 5296
f 5346 5378 5380
f 5346 5380 5362
f 5362 5380 5382
f 5362 5382 5348
f 5328 5346 5362
f 5328 5362 5330
f 5330 5362 5348
f 5330 5348 5331
f 5352 5335 5350
f 5352 5350 5367
f 5335 5319 5332
f 5335 5332 5350
f 5367 5350 5348
f 5367 5348 5382
f 5350 5332 5331
f 5350 5331 5348
f 5302 5281 5298
f 5298 5281 5278
f 5298 5278 5296
f 5319 5302 5298
f 5319 5298 5332
f 5332 5298 5296
f 5332 5296 5331
f 5183 5204 5209
f 5183 5209 5208
f 5204 5205 5230
f 5204 5230 5209
f 5208 5209 5233
f 5208 5233 5211
f 5209 5230 5234
f 5209 5234 5233
f 5228 5250 5276
f 5228 5276 5252
f 5252 5276 5278
f 5252 5278 5254
f 5205 5228 5252
f 5205 5252 5230
f 5230 5252 5254
f 5230 5254 5234
f 5281 5280 5260
f 5280 5258 5259
f 5280 5259 5260
f 5281 5260 5254
f 5281 5254 5278
f 5260 5259 5234
f 5260 5234 5254
f 5257 5237 5238
f 5238 5237 5211
f 5238 5211 5233
f 5258 5257 5238
f 5258 5238 5259
f 5259 5238 5233
f 5259 5233 5234
f 5227 5202 5229
f 5227 5229 5251
f 5202 5203 5206
f 5202 5206 5229
f 5251 5229 5231
f 5251 5231 5253
f 5229 5206 5232
f 5229 5232 5231
f 5182 5183 5208
f 5182 5208 5207
f 5207 5208 5211
f 5207 5211 5210
f 5203 5182 5207
f 5203 5207 5206
f 5206 5207 5210
f 5206 5210 5232
f 5237 5256 5236
f 5256 5261 5235
f 5256 5235 5236
f 5237 5236 5210
f 5237 5210 5211
f 5236 5235 5232
f 5236 5232 5210
f 5282 5299 5279
f 5282 5279 5255
f 5255 5279 5253
f 5255 5253 5231
f 5261 5282 5255
f 5261 5255 5235
f 5235 5255 5231
f 5235 5231 5232
f 5378 5393 5395
f 5378 5395 5380
f 5393 5406 5410
f 5393 5410 5395
f 5380 5395 5397
f 5380 5397 5382
f 5395 5410 5414
f 5395 5414 5397
f 5405 5404 5408
f 5405 5408 5409
f 5409 5408 5412
f 5409 5412 5413
f 5406 5405 5409
f 5406 5409 5410
f 5410 5409 5413
f 5410 5413 5414
f 5400 5402 5416
f 5400 5416 5415
f 5402 5387 5401
f 5402 5401 5416
f 5415 5416 5413
f 5415 5413 5412
f 5416 5401 5414
f 5416 5414 5413
f 5371 5352 5367
f 5371 5367 5384
f 5384 5367 5382
f 5384 5382 5397
f 5387 5371 5384
f 5387 5384 5401
f 5401 5384 5397
f 5401 5397 5414
f 5404 5403 5407
f 5404 5407 5408
f 5403 5392 5394
f 5403 5394 5407
f 5408 5407 5411
f 5408 5411 5412
f 5407 5394 5396
f 5407 5396 5411
f 5377 5360 5361
f 5377 5361 5379
f 5379 5361 5363
f 5379 5363 5381
f 5392 5377 5379
f 5392 5379 5394
f 5394 5379 5381
f 5394 5381 5396
f 5365 5366 5383
f 5365 5383 5364
f 5366 5385 5398
f 5366 5398 5383
f 5364 5383 5381
f 5364 5381 5363
f 5383 5398 5396
f 5383 5396 5381
f 5399 5400 5415
f 5399 5415 5412
f 5399 5412 5411
f 5385 5399 5398
f 5398 5399 5411
f 5398 5411 5396
f 5360 5327 5329
f 5360 5329 5361
f 5327 5293 5314
f 5327 5314 5329
f 5361 5329 5347
f 5361 5347 5363
f 5329 5314 5315
f 5329 5315 5347
f 5249 5227 5251
f 5249 5251 5275
f 5275 5251 5253
f 5275 5253 5277
f 5293 5249 5275
f 5293 5275 5314
f 5314 5275 5277
f 5314 5277 5315
f 5299 5317 5297
f 5299 5297 5279
f 5317 5333 5316
f 5317 5316 5297
f 5279 5297 5277
f 5279 5277 5253
f 5297 5316 5315
f 5297 5315 5277
f 5351 5365 5364
f 5351 5364 5349
f 5349 5364 5363
f 5349 5363 5347
f 5333 5351 5349
f 5333 5349 5316
f 5316 5349 5347
f 5316 5347 5315
f 5352 5337 5318
f 5352 5318 5335
f 5337 5321 5304
f 5337 5304 5318
f 5335 5318 5301
f 5335 5301 5319
f 5318 5304 5300
f 5318 5300 5301
f 5303 5299 5282
f 5303 5282 5283
f 5283 5282 5261
f 5283 5261 5284
f 5321 5303 5283
f 5321 5283 5304
f 5304 5283 5284
f 5304 5284 5300
f 5237 5257 5262
f 5237 5262 5256
f 5257 5258 5285
f 5257 5285 5262
f 5256 5262 5284
f 5256 5284 5261
f 5262 5285 5300
f 5262 5300 5284
f 5280 5281 5302
f 5280 5302 5286
f 5286 5302 5319
f 5286 5319 5301
f 5258 5280 5286
f 5258 5286 5285
f 5285 5286 5301
f 5285 5301 5300
f 5352 5371 5354
f 5352 5354 5337
f 5371 5387 5370
f 5371 5370 5354
f 5337 5354 5336
f 5337 5336 5321
f 5354 5370 5353
f 5354 5353 5336
f 5402 5400 5399
f 5402 5399 5386
f 5386 5399 5385
f 5386 5385 5369
f 5387 5402 5386
f 5387 5386 5370
f 5370 5386 5369
f 5370 5369 5353
f 5365 5351 5368
f 5365 5368 5366
f 5351 5333 5334
f 5351 5334 5368
f 5366 5368 5369
f 5366 5369 5385
f 5368 5334 5353
f 5368 5353 5369
f 5317 5299 5303
f 5317 5303 5320
f 5320 5303 5321
f 5320 5321 5336
f 5333 5317 5320
f 5333 5320 5334
f 5334 5320 5336
f 5334 5336 5353
f 659 619 573
f 659 573 572
f 619 620 575
f 619 575 573
f 572 573 526
f 572 526 524
f 573 575 527
f 573 527 526
f 576 578 529
f 576 529 528
f 528 529 476
f 528 476 475
f 620 576 528
f 620 528 575
f 575 528 475
f 575 475 527
f 423 422 474
f 422 419 471
f 422 471 474
f 423 474 475
f 423 475 476
f 474 471 527
f 474 527 475
f 418 467 523
f 418 523 469
f 469 523 524
f 469 524 526
f 419 418 469
f 419 469 471
f 471 469 526
f 471 526 527
f 564 565 514
f 564 514 510
f 565 567 569
f 565 569 514
f 510 514 513
f 514 569 518
f 618 659 572
f 618 572 571
f 571 572 524
f 571 524 521
f 567 618 571
f 567 571 569
f 569 571 521
f 569 521 518
f 467 464 521
f 467 521 523
f 464 463 520
f 464 520 521
f 523 521 524
f 521 520 518
f 460 459 513
f 460 513 514
f 463 460 520
f 520 460 514
f 520 514 518
f 465 516 461
f 465 461 468
f 516 511 517
f 516 517 461
f 468 461 466
f 468 466 416
f 461 517 457
f 461 457 466
f 509 564 510
f 509 510 512
f 512 510 513
f 512 513 458
f 511 509 512
f 511 512 517
f 517 512 458
f 517 458 457
f 459 406 458
f 406 411 462
f 406 462 458
f 459 458 513
f 458 462 457
f 414 361 417
f 414 417 413
f 413 417 416
f 413 416 466
f 411 414 413
f 411 413 462
f 462 413 466
f 462 466 457
f 432 433 376
f 432 376 374
f 433 378 312
f 433 312 376
f 374 376 308
f 374 308 307
f 376 312 256
f 376 256 308
f 318 329 262
f 318 262 314
f 314 262 221
f 314 221 259
f 378 318 314
f 378 314 312
f 312 314 259
f 312 259 256
f 163 189 219
f 163 219 192
f 189 190 218
f 189 218 219
f 192 219 259
f 192 259 221
f 219 218 256
f 219 256 259
f 215 251 305
f 215 305 254
f 254 305 307
f 254 307 308
f 190 215 254
f 190 254 218
f 218 254 308
f 218 308 256
f 329 324 261
f 329 261 262
f 324 323 260
f 324 260 261
f 262 261 220
f 262 220 221
f 261 260 258
f 261 258 220
f 322 321 316
f 322 316 317
f 317 316 313
f 317 313 257
f 323 322 317
f 323 317 260
f 260 317 257
f 260 257 258
f 373 306 309
f 373 309 311
f 306 253 255
f 306 255 309
f 311 309 257
f 311 257 313
f 309 255 258
f 309 258 257
f 252 214 187
f 252 187 216
f 216 187 188
f 216 188 217
f 253 252 216
f 253 216 255
f 255 216 217
f 255 217 258
f 163 192 191
f 163 191 162
f 192 221 220
f 192 220 191
f 162 191 217
f 162 217 188
f 191 220 258
f 191 258 217
f 373 371 370
f 373 370 306
f 371 425 367
f 371 367 370
f 306 370 303
f 306 303 253
f 370 367 368
f 370 368 303
f 473 465 468
f 473 468 420
f 420 468 416
f 420 416 421
f 425 473 420
f 425 420 367
f 367 420 421
f 367 421 368
f 361 298 364
f 361 364 417
f 298 248 299
f 298 299 364
f 417 364 421
f 417 421 416
f 364 299 368
f 364 368 421
f 212 214 252
f 212 252 250
f 250 252 253
f 250 253 303
f 248 212 250
f 248 250 299
f 299 250 303
f 299 303 368
f 467 418 362
f 467 362 415
f 418 419 363
f 418 363 362
f 415 362 297
f 415 297 360
f 362 363 247
f 362 247 297
f 422 423 366
f 422 366 365
f 365 366 301
f 365 301 300
f 419 422 365
f 419 365 363
f 363 365 300
f 363 300 247
f 251 213 249
f 251 249 302
f 213 184 211
f 213 211 249
f 302 249 300
f 302 300 301
f 249 211 247
f 249 247 300
f 129 113 156
f 129 156 183
f 183 156 181
f 183 181 209
f 184 129 183
f 184 183 211
f 211 183 209
f 211 209 247
f 293 295 245
f 293 245 206
f 295 360 297
f 295 297 245
f 206 245 209
f 206 209 181
f 245 297 247
f 245 247 209
f 459 460 409
f 459 409 408
f 460 463 410
f 460 410 409
f 464 467 415
f 464 415 412
f 412 415 360
f 412 360 358
f 463 464 412
f 463 412 410
f 410 412 358
f 293 292 358
f 293 358 295
f 292 351 355
f 292 355 358
f 295 358 360
f 358 355 410
f 350 349 353
f 350 353 354
f 354 353 408
f 354 408 409
f 351 350 354
f 351 354 355
f 355 354 409
f 355 409 410
f 361 414 359
f 361 359 296
f 414 411 359
f 296 359 294
f 296 294 244
f 359 411 356
f 359 356 294
f 406 459 408
f 406 408 407
f 407 408 357
f 411 406 407
f 411 407 357
f 411 357 356
f 349 348 352
f 349 352 353
f 348 290 291
f 348 291 352
f 353 352 357
f 353 357 408
f 352 291 356
f 352 356 357
f 242 205 243
f 242 243 294
f 294 243 244
f 290 242 294
f 290 294 291
f 291 294 356
f 251 215 186
f 251 186 213
f 215 190 161
f 215 161 186
f 213 186 131
f 213 131 184
f 186 161 132
f 186 132 131
f 189 163 135
f 189 135 136
f 136 135 119
f 136 119 120
f 190 189 136
f 190 136 161
f 161 136 120
f 161 120 132
f 57 58 93
f 57 93 79
f 58 76 94
f 58 94 93
f 79 93 120
f 79 120 119
f 93 94 132
f 93 132 120
f 91 113 129
f 91 129 115
f 115 129 184
f 115 184 131
f 76 91 115
f 76 115 94
f 94 115 131
f 94 131 132
f 163 162 134
f 163 134 135
f 162 188 133
f 162 133 134
f 135 134 118
f 135 118 119
f 134 133 117
f 134 117 118
f 187 214 159
f 187 159 160
f 160 159 130
f 160 130 116
f 188 187 160
f 188 160 133
f 133 160 116
f 133 116 117
f 90 75 92
f 90 92 114
f 75 55 77
f 75 77 92
f 114 92 116
f 114 116 130
f 92 77 117
f 92 117 116
f 56 57 79
f 56 79 78
f 78 79 119
f 78 119 118
f 55 56 78
f 55 78 77
f 77 78 118
f 77 118 117
f 214 212 185
f 214 185 159
f 212 248 210
f 212 210 185
f 159 185 158
f 159 158 130
f 185 210 182
f 185 182 158
f 298 361 296
f 298 296 246
f 246 296 244
f 246 244 208
f 248 298 246
f 248 246 210
f 210 246 208
f 210 208 182
f 205 180 207
f 205 207 243
f 180 127 157
f 180 157 207
f 243 207 208
f 243 208 244
f 207 157 182
f 207 182 208
f 112 90 114
f 112 114 128
f 128 114 130
f 128 130 158
f 127 112 128
f 127 128 157
f 157 128 158
f 157 158 182
f 293 206 204
f 293 204 241
f 206 181 155
f 206 155 204
f 241 204 179
f 241 179 239
f 204 155 153
f 204 153 179
f 156 113 89
f 156 89 126
f 126 89 87
f 126 87 111
f 181 156 126
f 181 126 155
f 155 126 111
f 155 111 153
f 70 107 109
f 70 109 72
f 107 149 151
f 107 151 109
f 72 109 111
f 72 111 87
f 109 151 153
f 109 153 111
f 175 235 237
f 175 237 177
f 177 237 239
f 177 239 179
f 149 175 177
f 149 177 151
f 151 177 179
f 151 179 153
f 349 350 346
f 349 346 345
f 350 351 347
f 350 347 346
f 345 346 344
f 345 344 343
f 346 347 285
f 346 285 344
f 292 293 241
f 292 241 289
f 289 241 239
f 289 239 286
f 351 292 289
f 351 289 347
f 347 289 286
f 347 286 285
f 235 278 282
f 235 282 237
f 278 277 281
f 278 281 282
f 237 282 286
f 237 286 239
f 282 281 285
f 282 285 286
f 340 339 341
f 340 341 342
f 342 341 343
f 342 343 344
f 277 340 342
f 277 342 281
f 281 342 344
f 281 344 285
f 205 242 240
f 205 240 203
f 242 290 287
f 242 287 240
f 203 240 238
f 203 238 178
f 240 287 283
f 240 283 238
f 348 349 345
f 348 345 288
f 288 345 343
f 288 343 284
f 290 348 288
f 290 288 287
f 287 288 284
f 287 284 283
f 339 276 280
f 339 280 341
f 276 275 279
f 276 279 280
f 341 280 284
f 341 284 343
f 280 279 283
f 280 283 284
f 234 174 176
f 234 176 236
f 236 176 178
f 236 178 238
f 275 234 236
f 275 236 279
f 279 236 238
f 279 238 283
f 113 91 74
f 113 74 89
f 91 76 54
f 91 54 74
f 89 74 52
f 89 52 87
f 74 54 32
f 74 32 52
f 58 57 35
f 58 35 36
f 36 35 17
f 36 17 31
f 76 58 36
f 76 36 54
f 54 36 31
f 54 31 32
f 9 10 14
f 9 14 13
f 10 27 29
f 10 29 14
f 13 14 31
f 13 31 17
f 14 29 32
f 14 32 31
f 48 70 72
f 48 72 50
f 50 72 87
f 50 87 52
f 27 48 50
f 27 50 29
f 29 50 52
f 29 52 32
f 57 56 34
f 57 34 35
f 56 55 33
f 56 33 34
f 35 34 16
f 35 16 17
f 34 33 15
f 34 15 16
f 75 90 73
f 75 73 53
f 53 73 51
f 53 51 30
f 55 75 53
f 55 53 33
f 33 53 30
f 33 30 15
f 47 26 28
f 47 28 49
f 26 7 11
f 26 11 28
f 49 28 30
f 49 30 51
f 28 11 15
f 28 15 30
f 8 9 13
f 8 13 12
f 12 13 17
f 12 17 16
f 7 8 12
f 7 12 11
f 11 12 16
f 11 16 15
f 90 112 88
f 90 88 73
f 112 127 125
f 112 125 88
f 73 88 86
f 73 86 51
f 88 125 110
f 88 110 86
f 180 205 203
f 180 203 154
f 154 203 178
f 154 178 152
f 127 180 154
f 127 154 125
f 125 154 152
f 125 152 110
f 174 148 150
f 174 150 176
f 148 106 108
f 148 108 150
f 176 150 152
f 176 152 178
f 150 108 110
f 150 110 152
f 69 47 49
f 69 49 71
f 71 49 51
f 71 51 86
f 106 69 71
f 106 71 108
f 108 71 86
f 108 86 110
f 235 175 173
f 235 173 233
f 175 149 147
f 175 147 173
f 233 173 171
f 233 171 231
f 173 147 145
f 173 145 171
f 107 70 68
f 107 68 104
f 104 68 85
f 104 85 103
f 149 107 104
f 149 104 147
f 147 104 103
f 147 103 145
f 98 142 124
f 98 124 101
f 142 168 144
f 142 144 124
f 101 124 103
f 101 103 85
f 124 144 145
f 124 145 103
f 197 199 229
f 197 229 200
f 200 229 231
f 200 231 171
f 168 197 200
f 168 200 144
f 144 200 171
f 144 171 145
f 339 340 338
f 339 338 272
f 340 277 273
f 340 273 338
f 272 338 268
f 272 268 267
f 338 273 269
f 338 269 268
f 278 235 233
f 278 233 274
f 274 233 231
f 274 231 270
f 277 278 274
f 277 274 273
f 273 274 270
f 273 270 269
f 199 228 229
f 228 227 269
f 229 228 270
f 229 270 231
f 228 269 270
f 264 263 267
f 264 267 268
f 227 264 268
f 227 268 269
f 174 234 202
f 174 202 172
f 234 275 232
f 234 232 202
f 172 202 201
f 172 201 170
f 202 232 230
f 202 230 201
f 276 339 272
f 276 272 271
f 271 272 267
f 271 267 265
f 275 276 271
f 275 271 232
f 232 271 265
f 232 265 230
f 263 225 266
f 263 266 267
f 225 224 223
f 225 223 266
f 267 266 265
f 266 223 230
f 266 230 265
f 193 165 169
f 193 169 198
f 198 169 170
f 198 170 201
f 224 193 198
f 224 198 223
f 223 198 201
f 223 201 230
f 70 48 46
f 70 46 68
f 48 27 25
f 48 25 46
f 68 46 66
f 68 66 85
f 46 25 44
f 46 44 66
f 10 9 5
f 10 5 6
f 6 5 2
f 6 2 23
f 27 10 6
f 27 6 25
f 25 6 23
f 25 23 44
f 39 41 20
f 39 62 42
f 39 42 41
f 20 41 23
f 20 23 2
f 41 42 44
f 41 44 23
f 82 98 101
f 82 101 65
f 65 101 85
f 65 85 66
f 62 82 65
f 62 65 42
f 42 65 66
f 42 66 44
f 9 8 4
f 9 4 5
f 8 7 3
f 8 3 4
f 5 4 1
f 5 1 2
f 4 3 22
f 4 22 1
f 26 47 45
f 26 45 24
f 24 45 43
f 24 43 21
f 7 26 24
f 7 24 3
f 3 24 21
f 3 21 22
f 64 59 40
f 64 40 63
f 59 37 18
f 59 18 40
f 63 40 21
f 63 21 43
f 40 18 22
f 40 22 21
f 38 39 20
f 38 20 19
f 19 20 2
f 19 2 1
f 37 38 19
f 37 19 18
f 18 19 1
f 18 1 22
f 47 69 67
f 47 67 45
f 69 106 105
f 69 105 67
f 45 67 84
f 45 84 43
f 67 105 102
f 67 102 84
f 148 174 172
f 148 172 146
f 146 172 170
f 146 170 143
f 106 148 146
f 106 146 105
f 105 146 143
f 105 143 102
f 165 141 140
f 165 140 169
f 141 100 99
f 141 99 140
f 169 140 143
f 169 143 170
f 140 99 102
f 140 102 143
f 83 64 63
f 83 63 43
f 83 43 84
f 100 83 99
f 99 83 84
f 99 84 102
f 98 123 139
f 98 139 142
f 123 138 164
f 123 164 139
f 142 139 167
f 142 167 168
f 139 164 195
f 139 195 167
f 137 165 193
f 137 193 166
f 166 193 224
f 166 224 194
f 138 137 166
f 138 166 164
f 164 166 194
f 164 194 195
f 263 264 226
f 263 226 225
f 264 227 222
f 264 222 226
f 225 226 194
f 225 194 224
f 226 222 195
f 226 195 194
f 228 199 197
f 228 197 196
f 196 197 168
f 196 168 167
f 227 228 196
f 227 196 222
f 222 196 167
f 222 167 195
f 98 82 97
f 98 97 123
f 82 62 81
f 82 81 97
f 123 97 122
f 123 122 138
f 97 81 96
f 97 96 122
f 39 38 61
f 61 38 37
f 61 37 60
f 62 39 61
f 62 61 81
f 81 61 60
f 81 60 96
f 64 83 80
f 64 80 59
f 83 100 95
f 83 95 80
f 59 80 60
f 59 60 37
f 80 95 96
f 80 96 60
f 141 165 137
f 141 137 121
f 121 137 138
f 121 138 122
f 100 141 121
f 100 121 95
f 95 121 122
f 95 122 96
f 4188 4282 4081
f 4188 4081 3986
f 4282 4363 4189
f 4282 4189 4081
f 3986 4081 3886
f 3986 3886 3783
f 4081 4189 3987
f 4081 3987 3886
f 4429 4495 4364
f 4429 4364 4284
f 4284 4364 4085
f 4284 4085 4083
f 4363 4429 4284
f 4363 4284 4189
f 4189 4284 4083
f 4189 4083 3987
f 3609 3526 3786
f 3609 3786 3889
f 3526 3525 3785
f 3526 3785 3786
f 3889 3786 4083
f 3889 4083 4085
f 3786 3785 3987
f 3786 3987 4083
f 3523 3430 3607
f 3523 3607 3689
f 3689 3607 3783
f 3689 3783 3886
f 3525 3523 3689
f 3525 3689 3785
f 3785 3689 3886
f 3785 3886 3987
f 4675 4767 4719
f 4675 4719 4676
f 4767 4819 4768
f 4767 4768 4719
f 4676 4719 4720
f 4676 4720 4620
f 4719 4768 4769
f 4719 4769 4720
f 4883 4882 4886
f 4883 4886 4821
f 4821 4886 4891
f 4821 4891 4823
f 4819 4883 4821
f 4819 4821 4768
f 4768 4821 4823
f 4768 4823 4769
f 4830 4773 4771
f 4830 4771 4825
f 4773 4679 4722
f 4773 4722 4771
f 4825 4771 4823
f 4825 4823 4891
f 4771 4722 4769
f 4771 4769 4823
f 4623 4553 4621
f 4623 4621 4678
f 4678 4621 4620
f 4678 4620 4720
f 4679 4623 4678
f 4679 4678 4722
f 4722 4678 4720
f 4722 4720 4769
f 4795 4850 4798
f 4795 4798 4797
f 4850 4852 4854
f 4850 4854 4798
f 4797 4798 4749
f 4797 4749 4747
f 4798 4854 4801
f 4798 4801 4749
f 4925 4931 4860
f 4925 4860 4857
f 4857 4860 4804
f 4857 4804 4803
f 4852 4925 4857
f 4852 4857 4854
f 4854 4857 4803
f 4854 4803 4801
f 4708 4707 4753
f 4708 4753 4755
f 4707 4662 4751
f 4707 4751 4753
f 4755 4753 4803
f 4755 4803 4804
f 4753 4751 4801
f 4753 4801 4803
f 4661 4604 4704
f 4661 4704 4706
f 4706 4704 4747
f 4706 4747 4749
f 4662 4661 4706
f 4662 4706 4751
f 4751 4706 4749
f 4751 4749 4801
f 3311 3310 3480
f 3311 3480 3481
f 3310 3395 3565
f 3310 3565 3480
f 3481 3480 3654
f 3481 3654 3566
f 3480 3565 3747
f 3480 3747 3654
f 3394 3477 3653
f 3394 3653 3564
f 3564 3653 3838
f 3564 3838 3746
f 3395 3394 3564
f 3395 3564 3565
f 3565 3564 3746
f 3565 3746 3747
f 4253 4149 3952
f 4253 3952 4041
f 4149 4043 3953
f 4149 3953 3952
f 4041 3952 3746
f 4041 3746 3838
f 3952 3953 3747
f 3952 3747 3746
f 3954 3841 3749
f 3954 3749 3839
f 3839 3749 3566
f 3839 3566 3654
f 4043 3954 3839
f 4043 3839 3953
f 3953 3839 3654
f 3953 3654 3747
f 1888 1957 2157
f 1888 2157 2159
f 1957 2098 2215
f 1957 2215 2157
f 2159 2157 2375
f 2159 2375 2324
f 2157 2215 2374
f 2157 2374 2375
f 2155 2154 2321
f 2155 2321 2273
f 2273 2321 2419
f 2273 2419 2420
f 2098 2155 2273
f 2098 2273 2215
f 2215 2273 2420
f 2215 2420 2374
f 2744 2692 2582
f 2744 2582 2581
f 2692 2693 2533
f 2692 2533 2582
f 2581 2582 2420
f 2581 2420 2419
f 2582 2533 2374
f 2582 2374 2420
f 2694 2628 2485
f 2694 2485 2534
f 2534 2485 2324
f 2534 2324 2375
f 2693 2694 2534
f 2693 2534 2533
f 2533 2534 2375
f 2533 2375 2374
f 2154 2155 1956
f 2154 1956 2030
f 2155 2098 1886
f 2155 1886 1956
f 2030 1956 1820
f 2030 1820 1884
f 1956 1886 1674
f 1956 1674 1820
f 1957 1888 1676
f 1957 1676 1821
f 1821 1676 1542
f 1821 1542 1602
f 2098 1957 1821
f 2098 1821 1886
f 1886 1821 1602
f 1886 1602 1674
f 1161 1317 1468
f 1161 1468 1318
f 1317 1385 1541
f 1317 1541 1468
f 1318 1468 1602
f 1318 1602 1542
f 1468 1541 1674
f 1468 1674 1602
f 1540 1672 1749
f 1540 1749 1673
f 1673 1749 1884
f 1673 1884 1820
f 1385 1540 1673
f 1385 1673 1541
f 1541 1673 1820
f 1541 1820 1674
f 586 585 670
f 586 670 671
f 585 629 669
f 585 669 670
f 671 670 718
f 671 718 720
f 670 669 791
f 670 791 718
f 628 667 716
f 628 716 668
f 668 716 789
f 668 789 790
f 629 628 668
f 629 668 669
f 669 668 790
f 669 790 791
f 1074 983 912
f 1074 912 911
f 983 984 844
f 983 844 912
f 911 912 790
f 911 790 789
f 912 844 791
f 912 791 790
f 985 986 846
f 985 846 845
f 845 846 720
f 845 720 718
f 984 985 845
f 984 845 844
f 844 845 718
f 844 718 791
f 2386 2290 2232
f 2386 2232 2339
f 2290 2180 2123
f 2290 2123 2232
f 2339 2232 2179
f 2339 2179 2289
f 2232 2123 2065
f 2232 2065 2179
f 2066 1924 1855
f 2066 1855 1991
f 1991 1855 1790
f 1991 1790 1923
f 2180 2066 1991
f 2180 1991 2123
f 2123 1991 1923
f 2123 1923 2065
f 1647 1789 1854
f 1647 1854 1720
f 1789 1922 1989
f 1789 1989 1854
f 1720 1854 1923
f 1720 1923 1790
f 1854 1989 2065
f 1854 2065 1923
f 2122 2229 2288
f 2122 2288 2178
f 2178 2288 2289
f 2178 2289 2179
f 1922 2122 2178
f 1922 2178 1989
f 1989 2178 2179
f 1989 2179 2065
f 3072 2996 3071
f 3072 3071 3075
f 2999 2996 3072
f 2999 3072 2998
f 2998 3072 3075
f 3152 3073 3074
f 3152 3074 3070
f 3070 3074 3075
f 3070 3075 3071
f 3077 3000 3001
f 3077 3001 3078
f 3078 3001 3002
f 3078 3002 2998
f 3073 3077 3078
f 3073 3078 3074
f 3074 3078 2998
f 3074 2998 3075
f 2996 2995 3071
f 2993 3068 3069
f 2993 3069 2994
f 2993 2994 2995
f 2994 3069 2995
f 3068 3152 3070
f 3068 3070 3069
f 3069 3070 3071
f 3069 3071 2995
f 2914 2915 2912
f 2914 2912 2995
f 2915 2913 2912
f 2915 2838 2913
f 2913 2838 2837
f 2913 2837 2912
f 2836 2910 2912
f 2836 2912 2837
f 2836 2837 2838
f 2911 2993 2912
f 2912 2993 2995
f 2910 2911 2912
f 2997 2996 2916
f 2996 2999 2918
f 2996 2918 2916
f 2999 2917 2918
f 2841 2842 2917
f 2842 2918 2917
f 2842 2840 2916
f 2842 2916 2918
f 3329 3224 3223
f 3329 3223 3327
f 3327 3223 3325
f 3327 3325 3326
f 3223 3224 3222
f 3223 3222 3325
f 3145 3064 3143
f 3144 3145 3143
f 3144 3143 3224
f 3224 3143 3222
f 3062 3142 3143
f 3142 3222 3143
f 3062 3143 3064
f 3221 3324 3325
f 3325 3324 3326
f 3222 3221 3325
f 3064 2989 3063
f 2989 2988 3063
f 2905 2833 2832
f 2905 2832 2906
f 2906 2832 2904
f 2905 2906 2989
f 2989 2906 2904
f 2989 2904 2988
f 2832 2903 2904
f 2903 2988 2904
f 3063 3062 3064
f 3253 3344 3254
f 3344 3345 3346
f 3254 3344 3257
f 3344 3346 3257
f 3423 3424 3425
f 3345 3423 3425
f 3345 3425 3346
f 3346 3425 3347
f 3349 3259 3348
f 3349 3348 3426
f 3259 3258 3257
f 3259 3257 3348
f 3426 3348 3347
f 3426 3347 3425
f 3348 3257 3346
f 3348 3346 3347
f 3161 3160 3255
f 3161 3255 3257
f 3257 3255 3254
f 3258 3161 3257
f 3512 3599 3600
f 3424 3512 3513
f 3424 3513 3425
f 3512 3600 3513
f 3682 3681 3683
f 3683 3681 3775
f 3599 3682 3683
f 3599 3683 3600
f 3775 3684 3683
f 3684 3601 3600
f 3684 3600 3683
f 3514 3349 3426
f 3514 3426 3513
f 3513 3426 3425
f 3601 3514 3513
f 3601 3513 3600
f 3681 3774 3775
f 3774 3878 3877
f 3876 3978 3977
f 3876 3977 3979
f 3878 3876 3979
f 3878 3979 3877
f 4073 3980 3979
f 3980 3877 3979
f 3877 3879 3775
f 3877 3775 3774
f 3978 3976 4069
f 3978 4069 3977
f 3977 4071 3979
f 3977 4069 4068
f 3977 4068 4071
f 3976 4067 4069
f 4069 4067 4068
f 4173 4175 4066
f 4173 4066 4065
f 4175 4068 4066
f 4065 4066 4067
f 4066 4068 4067
f 4070 4073 3979
f 4070 3979 4071
f 4068 4070 4071
f 4065 4064 4063
f 3969 3970 3968
f 3971 3969 4064
f 4060 4059 4062
f 4060 4062 3967
f 4059 4169 4061
f 4059 4061 4062
f 3967 4062 3969
f 3967 3969 3968
f 4062 4061 4064
f 4062 4064 3969
f 4170 4173 4065
f 4170 4065 4063
f 4169 4170 4063
f 4169 4063 4061
f 4061 4063 4064
f 3970 3860 3968
f 3860 3761 3859
f 3759 3668 3760
f 3761 3759 3859
f 3859 3759 3760
f 3667 3758 3760
f 3758 3859 3760
f 3667 3760 3668
f 3966 4060 3967
f 3966 3967 3968
f 3966 3968 3860
f 3859 3966 3860
f 3668 3584 3585
f 3584 3497 3585
f 3500 3412 3413
f 3500 3413 3497
f 3497 3413 3498
f 3410 3495 3498
f 3410 3498 3413
f 3583 3667 3582
f 3582 3667 3668
f 3582 3668 3585
f 3495 3583 3582
f 3495 3582 3498
f 3498 3582 3585
f 3498 3585 3497
f 3412 3331 3332
f 3412 3332 3413
f 3331 3335 3336
f 3331 3336 3332
f 3338 3236 3237
f 3335 3338 3237
f 3335 3237 3336
f 3336 3237 3232
f 3239 3234 3233
f 3239 3233 3238
f 3234 3334 3337
f 3234 3337 3233
f 3238 3233 3232
f 3238 3232 3237
f 3233 3337 3336
f 3233 3336 3232
f 3333 3410 3413
f 3333 3413 3332
f 3334 3333 3337
f 3337 3333 3332
f 3337 3332 3336
f 3236 3242 3243
f 3236 3243 3237
f 3242 3247 3243
f 3243 3247 3248
f 3251 3253 3254
f 3251 3254 3252
f 3247 3251 3252
f 3247 3252 3248
f 3160 3159 3252
f 3160 3252 3255
f 3159 3157 3249
f 3159 3249 3252
f 3255 3252 3254
f 3252 3249 3248
f 3245 3239 3238
f 3245 3238 3244
f 3244 3238 3237
f 3244 3237 3243
f 3157 3245 3244
f 3157 3244 3249
f 3249 3244 3243
f 3249 3243 3248
f 3061 3060 3140
f 3140 3217 3220
f 3060 3139 3140
f 3140 3139 3215
f 3140 3215 3218
f 3140 3218 3217
f 3404 3405 3323
f 3404 3323 3322
f 3322 3323 3218
f 3322 3218 3215
f 3323 3217 3218
f 3406 3324 3219
f 3406 3219 3323
f 3323 3219 3220
f 3405 3406 3323
f 3323 3220 3217
f 3061 2984 2983
f 2984 2901 2899
f 2984 2899 2983
f 3061 2983 3060
f 2901 2830 2899
f 2829 2898 2830
f 2898 2899 2830
f 2982 3060 2983
f 2898 2982 2983
f 2898 2983 2899
f 3062 3063 2987
f 3063 2988 2986
f 3063 2986 2987
f 3062 2987 2985
f 3062 2985 3061
f 2987 2986 2901
f 2987 2901 2985
f 2903 2832 2831
f 2903 2831 2902
f 2988 2903 2902
f 2988 2902 2986
f 2986 2902 2901
f 2830 2901 2831
f 2831 2901 2902
f 2984 3061 2985
f 2901 2984 2985
f 3061 3140 3142
f 3140 3220 3141
f 3140 3141 3142
f 3219 3324 3221
f 3219 3221 3220
f 3220 3221 3222
f 3062 3061 3142
f 3142 3220 3222
f 3142 3141 3220
f 2993 2911 2992
f 2911 2910 2909
f 2911 2909 2992
f 2992 2990 2991
f 2992 2909 2907
f 2992 2907 2990
f 2836 2835 2834
f 2910 2836 2909
f 2909 2836 2834
f 2909 2834 2907
f 2833 2905 2834
f 2833 2834 2835
f 2905 2907 2834
f 2989 3064 3065
f 2989 3065 2990
f 2990 3065 2991
f 2905 2989 2990
f 2905 2990 2907
f 3064 3145 3065
f 3145 3144 3146
f 3145 3146 3065
f 3065 3066 2991
f 3065 3146 3066
f 3224 3329 3226
f 3224 3226 3227
f 3227 3226 3229
f 3227 3229 3147
f 3144 3224 3227
f 3144 3227 3146
f 3146 3227 3147
f 3152 3068 3149
f 3068 3067 3149
f 3149 3147 3229
f 3149 3067 3146
f 3149 3146 3147
f 2993 2992 3067
f 3067 2992 2991
f 3067 2991 3066
f 3068 2993 3067
f 3067 3066 3146
f 3152 3149 3148
f 3152 3148 3151
f 3149 3229 3228
f 3149 3228 3148
f 3151 3148 3235
f 3151 3235 3150
f 3148 3228 3231
f 3148 3231 3235
f 3226 3329 3328
f 3226 3328 3228
f 3228 3328 3330
f 3229 3226 3228
f 3228 3330 3231
f 3410 3333 3330
f 3410 3330 3411
f 3333 3334 3230
f 3333 3230 3330
f 3411 3330 3328
f 3330 3230 3231
f 3234 3239 3240
f 3234 3240 3150
f 3234 3150 3235
f 3334 3234 3230
f 3230 3234 3235
f 3230 3235 3231
f 3239 3245 3156
f 3239 3156 3240
f 3245 3157 3155
f 3245 3155 3156
f 3240 3156 3153
f 3240 3153 3150
f 3159 3160 3081
f 3159 3081 3158
f 3158 3081 3079
f 3157 3159 3158
f 3157 3158 3155
f 3155 3158 3079
f 3155 3079 3156
f 3000 3077 3076
f 3000 3076 3080
f 3077 3073 3076
f 3080 3076 3079
f 3076 3156 3079
f 3073 3152 3151
f 3073 3151 3154
f 3154 3151 3150
f 3154 3150 3153
f 3073 3154 3076
f 3076 3154 3153
f 3076 3153 3156
f 3160 3082 3081
f 3082 3006 3007
f 3082 3007 3081
f 3081 3005 3079
f 3081 3007 2925
f 3081 2925 3005
f 2848 2792 2849
f 2849 2792 2791
f 2849 2791 2847
f 3006 2848 2849
f 3006 2849 3007
f 3007 2849 2847
f 3007 2847 2925
f 2846 2845 2789
f 2846 2924 2923
f 2846 2923 2845
f 2789 2845 2847
f 2789 2847 2791
f 2845 2923 2925
f 2845 2925 2847
f 3004 3000 3080
f 3004 3080 3003
f 3003 3080 3079
f 3003 3079 3005
f 2924 3004 3003
f 2924 3003 2923
f 2923 3003 3005
f 2923 3005 2925
f 3060 2982 3059
f 3060 3059 3058
f 2982 2898 2981
f 2982 2981 3059
f 3058 3059 3057
f 3058 3057 3137
f 3059 2981 3057
f 2898 2829 2828
f 2898 2828 2897
f 2897 2828 2827
f 2897 2827 2896
f 2898 2897 2981
f 2981 2897 2896
f 2825 2893 2894
f 2825 2894 2826
f 2893 2979 2980
f 2893 2980 2894
f 2826 2894 2896
f 2826 2896 2827
f 2894 2980 2981
f 2894 2981 2896
f 3055 3135 3136
f 3055 3136 3056
f 3056 3136 3137
f 3056 3137 3057
f 2979 3055 3056
f 2979 3056 2980
f 2980 3056 3057
f 2980 3057 2981
f 4173 4170 4172
f 4170 4169 4168
f 4172 4170 4272
f 4172 4272 4273
f 4170 4168 4271
f 4170 4271 4272
f 4059 4060 4057
f 4059 4057 4167
f 4167 4057 4166
f 4167 4166 4270
f 4169 4059 4167
f 4169 4167 4168
f 4168 4167 4270
f 4168 4270 4271
f 4415 4416 4350
f 4415 4350 4269
f 4416 4417 4351
f 4416 4351 4350
f 4269 4350 4270
f 4269 4270 4166
f 4350 4351 4271
f 4350 4271 4270
f 4418 4420 4353
f 4418 4353 4352
f 4352 4353 4273
f 4352 4273 4272
f 4417 4418 4352
f 4417 4352 4351
f 4351 4352 4272
f 4351 4272 4271
f 4714 4715 4671
f 4714 4671 4669
f 4715 4716 4672
f 4715 4672 4671
f 4669 4671 4616
f 4669 4616 4615
f 4671 4672 4617
f 4671 4617 4616
f 4717 4675 4618
f 4717 4618 4674
f 4674 4618 4547
f 4674 4547 4545
f 4716 4717 4674
f 4716 4674 4672
f 4672 4674 4545
f 4672 4545 4617
f 4420 4418 4484
f 4420 4484 4485
f 4418 4417 4483
f 4418 4483 4484
f 4485 4484 4545
f 4485 4545 4547
f 4484 4483 4617
f 4484 4617 4545
f 4416 4415 4481
f 4416 4481 4482
f 4482 4481 4615
f 4482 4615 4616
f 4417 4416 4482
f 4417 4482 4483
f 4483 4482 4616
f 4483 4616 4617
f 4708 4665 4664
f 4708 4664 4707
f 4665 4610 4609
f 4665 4609 4664
f 4707 4664 4607
f 4707 4607 4662
f 4664 4609 4540
f 4664 4540 4607
f 4541 4409 4408
f 4541 4408 4479
f 4479 4408 4407
f 4479 4407 4478
f 4610 4541 4479
f 4610 4479 4609
f 4609 4479 4478
f 4609 4478 4540
f 4406 4475 4477
f 4475 4473 4539
f 4475 4539 4477
f 4406 4477 4478
f 4406 4478 4407
f 4477 4539 4540
f 4477 4540 4478
f 4537 4604 4661
f 4537 4661 4606
f 4606 4661 4662
f 4606 4662 4607
f 4473 4537 4606
f 4473 4606 4539
f 4539 4606 4607
f 4539 4607 4540
f 4604 4537 4538
f 4604 4538 4603
f 4537 4473 4474
f 4537 4474 4538
f 4603 4538 4472
f 4603 4472 4536
f 4538 4474 4404
f 4538 4404 4472
f 4475 4406 4341
f 4475 4341 4405
f 4405 4341 4342
f 4405 4342 4340
f 4473 4475 4405
f 4473 4405 4474
f 4474 4405 4340
f 4474 4340 4404
f 4157 4156 4258
f 4157 4258 4259
f 4156 4257 4339
f 4156 4339 4258
f 4259 4258 4340
f 4259 4340 4342
f 4258 4339 4404
f 4258 4404 4340
f 4338 4401 4471
f 4338 4471 4403
f 4403 4471 4536
f 4403 4536 4472
f 4257 4338 4403
f 4257 4403 4339
f 4339 4403 4472
f 4339 4472 4404
f 4401 4338 4256
f 4401 4256 4337
f 4338 4257 4154
f 4338 4154 4256
f 4337 4256 4045
f 4337 4045 4153
f 4256 4154 4046
f 4256 4046 4045
f 4156 4157 4048
f 4156 4048 4047
f 4047 4048 3846
f 4047 3846 3956
f 4257 4156 4047
f 4257 4047 4154
f 4154 4047 3956
f 4154 3956 4046
f 3658 3657 3844
f 3658 3844 3751
f 3657 3750 3843
f 3657 3843 3844
f 3751 3844 3956
f 3751 3956 3846
f 3844 3843 4046
f 3844 4046 3956
f 3842 3841 4044
f 3842 4044 3955
f 3955 4044 4153
f 3955 4153 4045
f 3750 3842 3955
f 3750 3955 3843
f 3843 3955 4045
f 3843 4045 4046
f 3841 3842 3655
f 3841 3655 3749
f 3842 3750 3656
f 3842 3656 3655
f 3749 3655 3567
f 3749 3567 3566
f 3655 3656 3483
f 3655 3483 3567
f 3657 3658 3569
f 3657 3569 3568
f 3568 3569 3398
f 3568 3398 3484
f 3750 3657 3568
f 3750 3568 3656
f 3656 3568 3484
f 3656 3484 3483
f 3208 3207 3313
f 3208 3313 3314
f 3207 3206 3397
f 3207 3397 3313
f 3314 3313 3484
f 3314 3484 3398
f 3313 3397 3483
f 3313 3483 3484
f 3312 3311 3481
f 3312 3481 3396
f 3396 3481 3566
f 3396 3566 3567
f 3206 3312 3396
f 3206 3396 3397
f 3397 3396 3567
f 3397 3567 3483
f 4409 4411 4347
f 4409 4347 4346
f 4411 4412 4348
f 4411 4348 4347
f 4346 4347 4266
f 4346 4266 4264
f 4347 4348 4267
f 4347 4267 4266
f 4413 4415 4268
f 4413 4268 4349
f 4349 4268 4162
f 4412 4413 4349
f 4412 4349 4348
f 4348 4349 4162
f 4348 4162 4267
f 3855 3854 4054
f 3855 4054 3963
f 3854 3962 4053
f 3854 4053 4054
f 3963 4054 4162
f 4054 4053 4267
f 4054 4267 4162
f 3961 3960 4161
f 3961 4161 4052
f 4052 4161 4264
f 4052 4264 4266
f 3962 3961 4052
f 3962 4052 4053
f 4053 4052 4266
f 4053 4266 4267
f 3855 3665 3756
f 3855 3757 3666
f 3855 3666 3665
f 3756 3665 3579
f 3756 3579 3578
f 3665 3666 3579
f 3757 3667 3580
f 3757 3580 3666
f 3666 3580 3493
f 3666 3493 3581
f 3666 3581 3579
f 3324 3406 3492
f 3324 3492 3407
f 3406 3405 3492
f 3407 3492 3581
f 3407 3581 3493
f 3492 3579 3581
f 3405 3404 3491
f 3491 3578 3579
f 3405 3491 3492
f 3492 3491 3579
f 3404 3322 3321
f 3322 3215 3321
f 3404 3321 3403
f 3404 3403 3490
f 3321 3215 3320
f 3321 3320 3403
f 3139 3060 3058
f 3139 3058 3138
f 3138 3058 3137
f 3138 3137 3214
f 3215 3139 3138
f 3215 3138 3214
f 3215 3214 3320
f 3135 3211 3213
f 3135 3213 3136
f 3211 3318 3319
f 3211 3319 3213
f 3136 3213 3214
f 3136 3214 3137
f 3213 3319 3320
f 3213 3320 3214
f 3401 3573 3489
f 3401 3489 3402
f 3402 3489 3490
f 3402 3490 3403
f 3318 3401 3402
f 3318 3402 3319
f 3319 3402 3403
f 3319 3403 3320
f 3324 3407 3326
f 3407 3493 3408
f 3580 3667 3583
f 3583 3495 3496
f 3493 3580 3583
f 3493 3583 3496
f 3493 3496 3408
f 3410 3411 3408
f 3411 3328 3409
f 3411 3409 3408
f 3410 3408 3496
f 3410 3496 3495
f 3328 3329 3327
f 3328 3327 3326
f 3328 3326 3407
f 3409 3328 3407
f 3409 3407 3408
f 3404 3577 3491
f 3404 3490 3575
f 3404 3575 3577
f 3491 3577 3664
f 3491 3664 3578
f 3577 3575 3663
f 3577 3663 3664
f 3489 3573 3662
f 3489 3662 3574
f 3574 3662 3754
f 3574 3754 3755
f 3490 3489 3574
f 3490 3574 3575
f 3575 3574 3755
f 3575 3755 3663
f 3960 3961 3851
f 3960 3851 3850
f 3961 3962 3853
f 3961 3853 3851
f 3850 3851 3755
f 3850 3755 3754
f 3851 3853 3663
f 3851 3663 3755
f 3854 3855 3756
f 3756 3578 3664
f 3962 3854 3756
f 3962 3756 3853
f 3853 3756 3664
f 3853 3664 3663
f 3573 3401 3488
f 3573 3488 3571
f 3401 3318 3317
f 3401 3317 3488
f 3571 3488 3487
f 3571 3487 3570
f 3488 3317 3400
f 3488 3400 3487
f 3211 3135 3134
f 3211 3134 3210
f 3210 3134 3133
f 3210 3133 3316
f 3318 3211 3210
f 3318 3210 3317
f 3317 3210 3316
f 3317 3316 3400
f 3208 3314 3315
f 3208 3315 3132
f 3314 3398 3399
f 3314 3399 3315
f 3132 3315 3316
f 3132 3316 3133
f 3315 3399 3400
f 3315 3400 3316
f 3569 3658 3659
f 3569 3659 3486
f 3486 3659 3570
f 3486 3570 3487
f 3398 3569 3486
f 3398 3486 3399
f 3399 3486 3487
f 3399 3487 3400
f 4415 4269 4164
f 4415 4164 4268
f 4269 4166 4165
f 4269 4165 4164
f 4268 4164 4055
f 4268 4055 4162
f 4164 4165 4056
f 4164 4056 4055
f 4057 4060 3966
f 4057 3966 4058
f 4058 3966 3859
f 4058 3859 3965
f 4166 4057 4058
f 4166 4058 4165
f 4165 4058 3965
f 4165 3965 4056
f 3667 3757 3858
f 3667 3858 3758
f 3757 3856 3858
f 3758 3858 3965
f 3758 3965 3859
f 3858 3856 4056
f 3858 4056 3965
f 3855 3963 3964
f 3964 3963 4162
f 3964 4162 4055
f 3757 3855 3964
f 3757 3964 3856
f 3856 3964 4055
f 3856 4055 4056
f 3573 3571 3661
f 3573 3661 3662
f 3571 3570 3660
f 3571 3660 3661
f 3662 3661 3753
f 3662 3753 3754
f 3661 3660 3848
f 3661 3848 3753
f 3659 3658 3751
f 3659 3751 3752
f 3752 3751 3846
f 3752 3846 3847
f 3570 3659 3752
f 3570 3752 3660
f 3660 3752 3847
f 3660 3847 3848
f 4157 4049 3957
f 4157 3957 4048
f 4049 4050 3958
f 4049 3958 3957
f 4048 3957 3847
f 4048 3847 3846
f 3957 3958 3848
f 3957 3848 3847
f 4051 3960 3850
f 4051 3850 3959
f 3959 3850 3754
f 3959 3754 3753
f 4050 4051 3959
f 4050 3959 3958
f 3958 3959 3753
f 3958 3753 3848
f 3960 4051 4160
f 3960 4160 4161
f 4051 4050 4159
f 4051 4159 4160
f 4161 4160 4263
f 4161 4263 4264
f 4160 4159 4262
f 4160 4262 4263
f 4049 4157 4259
f 4049 4259 4158
f 4158 4259 4342
f 4158 4342 4261
f 4050 4049 4158
f 4050 4158 4159
f 4159 4158 4261
f 4159 4261 4262
f 4406 4343 4341
f 4406 4407 4344
f 4406 4344 4343
f 4341 4343 4261
f 4341 4261 4342
f 4343 4344 4262
f 4343 4262 4261
f 4408 4409 4346
f 4408 4346 4345
f 4345 4346 4264
f 4345 4264 4263
f 4407 4408 4345
f 4407 4345 4344
f 4344 4345 4263
f 4344 4263 4262
f 4415 4413 4480
f 4415 4480 4481
f 4413 4412 4543
f 4413 4543 4480
f 4481 4480 4614
f 4481 4614 4615
f 4480 4543 4613
f 4480 4613 4614
f 4411 4409 4541
f 4411 4541 4542
f 4542 4541 4610
f 4542 4610 4611
f 4412 4411 4542
f 4412 4542 4543
f 4543 4542 4611
f 4543 4611 4613
f 4708 4710 4666
f 4708 4666 4665
f 4710 4711 4667
f 4710 4667 4666
f 4665 4666 4611
f 4665 4611 4610
f 4666 4667 4613
f 4666 4613 4611
f 4713 4714 4669
f 4713 4669 4668
f 4668 4669 4615
f 4668 4615 4614
f 4711 4713 4668
f 4711 4668 4667
f 4667 4668 4614
f 4667 4614 4613
f 3424 3423 3422
f 3423 3345 3422
f 3344 3253 3250
f 3344 3250 3343
f 3343 3250 3342
f 3345 3344 3343
f 3420 3422 3343
f 3343 3422 3345
f 3512 3424 3511
f 3599 3512 3511
f 3509 3511 3422
f 3509 3599 3511
f 3422 3511 3424
f 3682 3678 3681
f 3878 3774 3876
f 3678 3772 3681
f 3681 3772 3774
f 3772 3876 3774
f 3876 3873 3978
f 3772 3873 3876
f 4065 4067 3974
f 4065 3974 3972
f 4067 3976 3974
f 3873 3976 3978
f 3974 3973 3972
f 3970 3969 3862
f 4064 4065 3972
f 4064 3972 3973
f 3971 4064 3973
f 3861 3862 3969
f 3971 3861 3969
f 3668 3759 3761
f 3668 3761 3670
f 3860 3970 3862
f 3862 3761 3860
f 3761 3669 3670
f 3500 3497 3499
f 3584 3668 3670
f 3584 3670 3586
f 3497 3584 3499
f 3499 3584 3586
f 3669 3586 3670
f 3499 3414 3412
f 3499 3412 3500
f 3331 3412 3335
f 3335 3412 3414
f 3253 3251 3250
f 3251 3247 3250
f 3250 3247 3246
f 3242 3236 3338
f 3247 3242 3246
f 3339 3341 3246
f 3340 3339 3242
f 3340 3242 3338
f 3339 3246 3242
f 3341 3342 3246
f 3246 3342 3250
f 3509 3422 3423
f 3422 3420 3423
f 3343 3342 3421
f 3420 3343 3421
f 3419 3507 3420
f 3419 3420 3421
f 3419 3421 3342
f 3507 3510 3509
f 3507 3509 3423
f 3420 3507 3423
f 3678 3682 3679
f 3682 3599 3596
f 3682 3596 3679
f 3679 3596 3597
f 3599 3509 3596
f 3596 3509 3597
f 3510 3598 3597
f 3510 3597 3509
f 3597 3680 3679
f 3873 3772 3773
f 3873 3773 3874
f 3772 3678 3679
f 3772 3679 3773
f 3680 3773 3679
f 3680 3771 3770
f 3680 3770 3773
f 3771 3872 3874
f 3771 3874 3770
f 3770 3874 3773
f 3973 3974 3975
f 3974 3976 3975
f 3975 3976 3871
f 3976 3873 3870
f 3870 3873 3874
f 3870 3874 3871
f 3976 3870 3871
f 3872 3871 3874
f 3872 3869 3871
f 3869 3866 3868
f 3868 3866 3973
f 3868 3973 3975
f 3869 3868 3871
f 3871 3868 3975
f 3862 3861 3863
f 3861 3971 3863
f 3971 3973 3863
f 3869 3867 3866
f 3866 3867 3973
f 3867 3863 3973
f 3863 3864 3862
f 3867 3864 3863
f 3669 3761 3762
f 3761 3862 3762
f 3764 3762 3864
f 3764 3763 3762
f 3864 3762 3862
f 3671 3670 3669
f 3763 3671 3762
f 3762 3671 3669
f 3414 3499 3501
f 3499 3586 3501
f 3586 3669 3670
f 3671 3587 3586
f 3671 3586 3670
f 3588 3502 3501
f 3587 3588 3501
f 3587 3501 3586
f 3338 3335 3415
f 3340 3338 3415
f 3335 3414 3415
f 3502 3415 3501
f 3501 3415 3414
f 3415 3416 3340
f 3341 3339 3340
f 3416 3418 3341
f 3416 3341 3340
f 3417 3419 3342
f 3418 3417 3341
f 3341 3417 3342
f 3419 3506 3507
f 3506 3594 3595
f 3506 3595 3507
f 3593 3675 3674
f 3593 3674 3676
f 3676 3674 3769
f 3506 3593 3676
f 3506 3676 3594
f 3594 3676 3595
f 3872 3771 3768
f 3768 3771 3676
f 3768 3676 3769
f 3771 3677 3595
f 3771 3595 3676
f 3677 3680 3597
f 3677 3597 3595
f 3771 3680 3677
f 3510 3507 3595
f 3510 3595 3598
f 3598 3595 3597
f 3419 3417 3506
f 3506 3417 3505
f 3417 3418 3504
f 3417 3504 3505
f 3418 3416 3504
f 3502 3592 3504
f 3502 3416 3415
f 3502 3504 3416
f 3591 3675 3593
f 3593 3506 3505
f 3592 3591 3593
f 3592 3593 3504
f 3504 3593 3505
f 3502 3588 3590
f 3588 3587 3590
f 3502 3590 3589
f 3502 3589 3592
f 3590 3587 3672
f 3590 3672 3589
f 3671 3763 3672
f 3587 3671 3672
f 3764 3766 3672
f 3764 3672 3765
f 3764 3765 3672
f 3764 3672 3763
f 3673 3675 3591
f 3673 3591 3592
f 3673 3592 3589
f 3766 3673 3672
f 3672 3673 3589
f 3675 3673 3767
f 3675 3767 3674
f 3673 3766 3767
f 3674 3767 3769
f 3764 3864 3766
f 3766 3864 3867
f 3766 3867 3767
f 3869 3767 3867
f 3768 3769 3767
f 3869 3872 3768
f 3869 3768 3767
f 3775 3879 3776
f 3879 3877 3981
f 3776 3879 3880
f 3776 3880 3777
f 3879 3981 3880
f 3980 4073 4072
f 3980 4072 4075
f 4075 4072 4181
f 4075 4181 4074
f 3877 3980 4075
f 3877 4075 3981
f 3981 4075 4074
f 4278 4183 4182
f 4278 4182 4180
f 4183 4076 4077
f 4183 4077 4182
f 4180 4182 4074
f 4180 4074 4181
f 4182 4077 3981
f 4182 3981 4074
f 3983 3883 3882
f 3983 3882 3982
f 3982 3882 3777
f 3982 3777 3880
f 4076 3983 3982
f 4076 3982 4077
f 4077 3982 3880
f 4077 3880 3981
f 4278 4357 4279
f 4278 4279 4183
f 4357 4425 4358
f 4357 4358 4279
f 4183 4279 4185
f 4183 4185 4076
f 4279 4358 4280
f 4279 4280 4185
f 4489 4553 4490
f 4489 4490 4426
f 4426 4490 4427
f 4426 4427 4360
f 4425 4489 4426
f 4425 4426 4358
f 4358 4426 4360
f 4358 4360 4280
f 4188 4079 4186
f 4188 4186 4281
f 4079 3985 4187
f 4079 4187 4186
f 4281 4186 4360
f 4281 4360 4427
f 4186 4187 4280
f 4186 4280 4360
f 3984 3883 3983
f 3984 3983 4078
f 4078 3983 4076
f 4078 4076 4185
f 3985 3984 4078
f 3985 4078 4187
f 4187 4078 4185
f 4187 4185 4280
f 4553 4489 4551
f 4553 4551 4621
f 4489 4425 4488
f 4489 4488 4551
f 4621 4551 4549
f 4621 4549 4620
f 4551 4488 4487
f 4551 4487 4549
f 4357 4278 4356
f 4357 4356 4424
f 4424 4356 4355
f 4424 4355 4422
f 4425 4357 4424
f 4425 4424 4488
f 4488 4424 4422
f 4488 4422 4487
f 4420 4485 4486
f 4420 4486 4421
f 4485 4547 4548
f 4485 4548 4486
f 4421 4486 4422
f 4421 4422 4355
f 4486 4548 4487
f 4486 4487 4422
f 4618 4675 4676
f 4618 4676 4619
f 4619 4676 4620
f 4619 4620 4549
f 4547 4618 4619
f 4547 4619 4548
f 4548 4619 4549
f 4548 4549 4487
f 4173 4172 4174
f 4173 4174 4175
f 4172 4273 4274
f 4172 4274 4174
f 4175 4174 4176
f 4175 4176 4068
f 4174 4274 4276
f 4174 4276 4176
f 4353 4420 4421
f 4353 4421 4354
f 4354 4421 4355
f 4354 4355 4275
f 4273 4353 4354
f 4273 4354 4274
f 4274 4354 4275
f 4274 4275 4276
f 4278 4180 4277
f 4278 4277 4356
f 4180 4181 4177
f 4180 4177 4277
f 4356 4277 4275
f 4356 4275 4355
f 4277 4177 4276
f 4277 4276 4275
f 4072 4073 4070
f 4072 4070 4178
f 4178 4070 4068
f 4178 4068 4176
f 4181 4072 4178
f 4181 4178 4177
f 4177 4178 4176
f 4177 4176 4276
f 3775 3776 3684
f 3776 3777 3685
f 3776 3685 3684
f 3684 3603 3601
f 3684 3685 3602
f 3684 3602 3603
f 3882 3883 3780
f 3882 3780 3778
f 3778 3780 3686
f 3778 3686 3604
f 3777 3882 3778
f 3777 3778 3685
f 3685 3778 3604
f 3685 3604 3602
f 3353 3352 3518
f 3353 3518 3519
f 3352 3351 3517
f 3352 3517 3518
f 3519 3518 3604
f 3519 3604 3686
f 3518 3517 3602
f 3518 3602 3604
f 3350 3349 3514
f 3350 3514 3516
f 3516 3514 3601
f 3516 3601 3603
f 3351 3350 3516
f 3351 3516 3517
f 3517 3516 3603
f 3517 3603 3602
f 3883 3984 3779
f 3883 3779 3780
f 3984 3985 3885
f 3984 3885 3779
f 3780 3779 3687
f 3780 3687 3686
f 3779 3885 3688
f 3779 3688 3687
f 4079 4188 3986
f 4079 3986 3884
f 3884 3986 3783
f 3884 3783 3782
f 3985 4079 3884
f 3985 3884 3885
f 3885 3884 3782
f 3885 3782 3688
f 3430 3429 3606
f 3430 3606 3607
f 3429 3428 3605
f 3429 3605 3606
f 3607 3606 3782
f 3607 3782 3783
f 3606 3605 3688
f 3606 3688 3782
f 3427 3353 3519
f 3427 3519 3521
f 3521 3519 3686
f 3521 3686 3687
f 3428 3427 3521
f 3428 3521 3605
f 3605 3521 3687
f 3605 3687 3688
f 2841 2917 2922
f 2841 2922 2844
f 2844 2922 2921
f 2844 2921 2843
f 2999 2998 3002
f 2917 2999 3002
f 2917 3002 2922
f 2922 3002 2921
f 3000 3004 3001
f 3004 2924 2920
f 3004 2920 3001
f 3001 2920 2921
f 3001 2921 3002
f 2924 2846 2843
f 2924 2843 2920
f 2920 2843 2921
f 2838 2915 2839
f 2915 2914 2995
f 2996 2997 2915
f 2996 2915 2995
f 2997 2916 2915
f 2916 2840 2839
f 2916 2839 2915
f 2764 2883 2884
f 2764 2884 2765
f 2883 3050 2972
f 2883 2972 2884
f 2765 2884 2886
f 2765 2886 2766
f 2884 2972 2973
f 2884 2973 2886
f 3128 3311 3312
f 3128 3312 3129
f 3129 3312 3206
f 3129 3206 3130
f 3050 3128 3129
f 3050 3129 2972
f 2972 3129 3130
f 2972 3130 2973
f 3208 3051 3131
f 3208 3131 3207
f 3051 2975 2974
f 3051 2974 3131
f 3207 3131 3130
f 3207 3130 3206
f 3131 2974 2973
f 3131 2973 3130
f 2888 2821 2820
f 2888 2820 2887
f 2887 2820 2766
f 2887 2766 2886
f 2975 2888 2887
f 2975 2887 2974
f 2974 2887 2886
f 2974 2886 2973
f 2821 2888 2889
f 2821 2889 2822
f 2888 2975 2976
f 2888 2976 2889
f 2822 2889 2891
f 2822 2891 2823
f 2889 2976 2977
f 2889 2977 2891
f 3051 3208 3132
f 3051 3132 3052
f 3052 3132 3133
f 3052 3133 3053
f 2975 3051 3052
f 2975 3052 2976
f 2976 3052 3053
f 2976 3053 2977
f 3135 3055 3054
f 3135 3054 3134
f 3055 2979 2978
f 3055 2978 3054
f 3134 3054 3053
f 3134 3053 3133
f 3054 2978 2977
f 3054 2977 3053
f 2893 2825 2824
f 2893 2824 2892
f 2892 2824 2823
f 2892 2823 2891
f 2979 2893 2892
f 2979 2892 2978
f 2978 2892 2891
f 2978 2891 2977
f 2792 2848 2927
f 2792 2927 2793
f 2848 3006 3008
f 2848 3008 2927
f 2793 2927 2928
f 2793 2928 2794
f 2927 3008 3009
f 2927 3009 2928
f 3082 3160 3161
f 3082 3161 3083
f 3083 3161 3258
f 3083 3258 3162
f 3006 3082 3083
f 3006 3083 3008
f 3008 3083 3162
f 3008 3162 3009
f 3349 3164 3163
f 3349 3163 3259
f 3164 3084 3010
f 3164 3010 3163
f 3259 3163 3162
f 3259 3162 3258
f 3163 3010 3009
f 3163 3009 3162
f 2930 2796 2795
f 2930 2795 2929
f 2929 2795 2794
f 2929 2794 2928
f 3084 2930 2929
f 3084 2929 3010
f 3010 2929 2928
f 3010 2928 3009
f 2796 2930 2932
f 2796 2932 2797
f 2930 3084 3085
f 2930 3085 2932
f 2797 2932 2933
f 2797 2933 2798
f 2932 3085 3086
f 2932 3086 2933
f 3164 3349 3350
f 3164 3350 3165
f 3165 3350 3351
f 3165 3351 3261
f 3084 3164 3165
f 3084 3165 3085
f 3085 3165 3261
f 3085 3261 3086
f 3353 3263 3262
f 3353 3262 3352
f 3263 3088 3087
f 3263 3087 3262
f 3352 3262 3261
f 3352 3261 3351
f 3262 3087 3086
f 3262 3086 3261
f 2935 2739 2738
f 2935 2738 2934
f 2934 2738 2798
f 2934 2798 2933
f 3088 2935 2934
f 3088 2934 3087
f 3087 2934 2933
f 3087 2933 3086
f 2739 2935 2850
f 2739 2850 2740
f 2935 3088 3089
f 2935 3089 2850
f 2740 2850 2851
f 2740 2851 2741
f 2850 3089 3090
f 2850 3090 2851
f 3263 3353 3427
f 3263 3427 3265
f 3265 3427 3428
f 3265 3428 3266
f 3088 3263 3265
f 3088 3265 3089
f 3089 3265 3266
f 3089 3266 3090
f 3430 3269 3267
f 3430 3267 3429
f 3269 3092 3091
f 3269 3091 3267
f 3429 3267 3266
f 3429 3266 3428
f 3267 3091 3090
f 3267 3090 3266
f 2853 2744 2742
f 2853 2742 2852
f 2852 2742 2741
f 2852 2741 2851
f 3092 2853 2852
f 3092 2852 3091
f 3091 2852 2851
f 3091 2851 3090
f 2728 2727 2676
f 2727 2679 2675
f 2727 2675 2676
f 2679 2678 2616
f 2679 2616 2613
f 2679 2613 2614
f 2675 2679 2614
f 2612 2614 2613
f 2612 2674 2676
f 2612 2676 2614
f 2614 2676 2675
f 2674 2726 2728
f 2674 2728 2676
f 2726 2674 2725
f 2674 2673 2725
f 2612 2611 2672
f 2674 2612 2672
f 2674 2672 2673
f 2723 2672 2671
f 2723 2725 2672
f 2671 2672 2611
f 2672 2725 2673
f 2725 2783 2784
f 2725 2724 2783
f 2723 2781 2782
f 2725 2723 2724
f 2724 2723 2782
f 2724 2782 2783
f 2836 2782 2781
f 2836 2838 2783
f 2836 2783 2782
f 2726 2785 2786
f 2726 2786 2728
f 2785 2840 2842
f 2785 2842 2786
f 2841 2786 2842
f 2456 2454 2510
f 2454 2397 2453
f 2454 2453 2509
f 2454 2509 2510
f 2397 2396 2453
f 2606 2563 2562
f 2606 2607 2563
f 2562 2563 2509
f 2607 2564 2563
f 2563 2564 2510
f 2563 2510 2509
f 2607 2666 2667
f 2667 2666 2719
f 2667 2719 2720
f 2607 2606 2666
f 2832 2833 2779
f 2832 2779 2778
f 2778 2779 2720
f 2778 2720 2719
f 2412 2473 2413
f 2411 2412 2367
f 2412 2413 2367
f 2474 2523 2524
f 2474 2524 2476
f 2476 2524 2477
f 2476 2477 2413
f 2473 2474 2476
f 2473 2476 2413
f 2369 2414 2415
f 2369 2315 2368
f 2369 2368 2414
f 2415 2414 2413
f 2415 2413 2477
f 2414 2368 2413
f 2315 2367 2368
f 2368 2367 2413
f 2315 2266 2265
f 2315 2267 2266
f 2265 2266 2208
f 2265 2208 2207
f 2266 2267 2209
f 2266 2209 2208
f 2369 2316 2267
f 2267 2316 2210
f 2267 2210 2209
f 2315 2369 2267
f 2091 2090 2149
f 2091 2149 2150
f 2150 2149 2209
f 2150 2209 2210
f 2089 2148 2149
f 2149 2148 2207
f 2149 2207 2208
f 2090 2089 2149
f 2149 2208 2209
f 2090 2091 2023
f 2023 1950 2022
f 2090 2023 2089
f 2089 2023 2022
f 1877 1948 1947
f 1877 1947 1949
f 1949 2022 1950
f 1949 1947 2022
f 1946 2021 1947
f 1947 2021 2022
f 1948 1946 1947
f 1946 1948 1876
f 1946 1874 1945
f 1946 1876 1874
f 1877 1875 1876
f 1876 1875 1811
f 1876 1811 1874
f 1948 1877 1876
f 1808 1871 1873
f 1808 1873 1809
f 1871 1872 1873
f 1809 1873 1874
f 1809 1874 1811
f 1872 1942 1873
f 1873 1945 1874
f 1942 1872 1870
f 1942 1870 1941
f 1871 1808 1807
f 1871 1807 1870
f 1870 1807 1869
f 1872 1871 1870
f 1868 1939 1869
f 1868 1869 1867
f 1939 1940 1869
f 1869 1940 1870
f 2006 2008 1940
f 1939 2006 1940
f 1940 1941 1870
f 2006 2077 2079
f 1939 1868 1938
f 1939 1938 2004
f 2004 1938 2005
f 2004 2005 2078
f 1939 2004 2006
f 2006 2004 2078
f 2006 2078 2077
f 2194 2193 2135
f 2194 2135 2076
f 2193 2196 2135
f 2076 2135 2078
f 2076 2078 2005
f 2135 2077 2078
f 2196 2195 2134
f 2134 2079 2077
f 2196 2134 2135
f 2135 2134 2077
f 2195 2196 2249
f 2195 2249 2248
f 2193 2194 2247
f 2193 2247 2246
f 2246 2247 2301
f 2246 2301 2302
f 2196 2193 2246
f 2196 2246 2249
f 2249 2246 2302
f 2352 2354 2302
f 2352 2302 2301
f 2354 2353 2303
f 2354 2303 2302
f 2302 2303 2248
f 2302 2248 2249
f 2353 2354 2401
f 2353 2401 2403
f 2401 2404 2403
f 2352 2400 2402
f 2352 2402 2401
f 2401 2402 2459
f 2401 2459 2461
f 2354 2352 2401
f 2401 2461 2404
f 2518 2464 2461
f 2518 2461 2462
f 2464 2463 2461
f 2462 2461 2459
f 2463 2406 2461
f 2461 2406 2403
f 2461 2403 2404
f 2463 2467 2466
f 2466 2467 2469
f 2467 2470 2469
f 2464 2518 2519
f 2464 2519 2468
f 2468 2519 2521
f 2468 2521 2470
f 2463 2464 2468
f 2463 2468 2467
f 2467 2468 2470
f 2523 2474 2472
f 2523 2472 2522
f 2474 2473 2472
f 2522 2472 2470
f 2522 2470 2521
f 2412 2411 2410
f 2412 2410 2471
f 2471 2410 2469
f 2473 2412 2471
f 2473 2471 2472
f 2472 2471 2469
f 2472 2469 2470
f 2605 2561 2560
f 2605 2560 2604
f 2561 2507 2560
f 2604 2560 2602
f 2560 2507 2506
f 2452 2396 2395
f 2507 2452 2506
f 2348 2451 2452
f 2348 2452 2395
f 2451 2505 2506
f 2451 2506 2452
f 2559 2603 2560
f 2560 2603 2602
f 2505 2559 2560
f 2505 2560 2506
f 2605 2604 2662
f 2605 2662 2665
f 2604 2602 2662
f 2665 2662 2715
f 2665 2715 2717
f 2603 2661 2663
f 2663 2661 2714
f 2663 2714 2716
f 2602 2603 2663
f 2602 2663 2662
f 2662 2663 2716
f 2662 2716 2715
f 2829 2775 2774
f 2829 2830 2775
f 2774 2775 2716
f 2774 2716 2714
f 2775 2715 2716
f 2775 2717 2715
f 2606 2605 2665
f 2606 2665 2666
f 2666 2718 2719
f 2666 2665 2717
f 2666 2717 2718
f 2830 2831 2776
f 2830 2776 2775
f 2775 2776 2717
f 2831 2832 2778
f 2831 2778 2777
f 2777 2778 2719
f 2777 2719 2718
f 2831 2777 2776
f 2776 2777 2718
f 2776 2718 2717
f 2605 2562 2561
f 2561 2562 2508
f 2561 2508 2507
f 2562 2509 2508
f 2605 2606 2562
f 2396 2452 2508
f 2396 2508 2453
f 2452 2507 2508
f 2453 2508 2509
f 2723 2670 2722
f 2670 2721 2722
f 2723 2722 2781
f 2668 2607 2667
f 2668 2667 2720
f 2668 2720 2721
f 2670 2668 2721
f 2833 2835 2780
f 2833 2780 2779
f 2779 2721 2720
f 2779 2780 2721
f 2835 2836 2781
f 2835 2781 2780
f 2780 2781 2722
f 2780 2722 2721
f 2607 2668 2608
f 2607 2608 2564
f 2668 2670 2609
f 2668 2609 2608
f 2564 2608 2565
f 2608 2609 2565
f 2670 2723 2671
f 2671 2611 2610
f 2670 2671 2609
f 2609 2671 2610
f 2609 2610 2565
f 2612 2567 2611
f 2567 2514 2566
f 2611 2567 2610
f 2567 2566 2565
f 2567 2565 2610
f 2511 2456 2510
f 2511 2510 2512
f 2512 2510 2564
f 2512 2564 2565
f 2514 2511 2512
f 2514 2512 2566
f 2566 2512 2565
f 2612 2568 2515
f 2612 2515 2567
f 2568 2517 2515
f 2567 2515 2513
f 2567 2513 2514
f 2515 2517 2460
f 2515 2460 2513
f 2518 2462 2516
f 2516 2462 2459
f 2517 2518 2516
f 2517 2516 2459
f 2517 2459 2460
f 2400 2457 2402
f 2400 2399 2458
f 2400 2458 2457
f 2402 2457 2459
f 2457 2458 2460
f 2457 2460 2459
f 2456 2511 2458
f 2458 2511 2514
f 2458 2514 2513
f 2399 2456 2458
f 2458 2513 2460
f 2518 2520 2519
f 2518 2517 2569
f 2518 2569 2520
f 2519 2520 2521
f 2520 2569 2571
f 2568 2612 2613
f 2568 2613 2570
f 2570 2613 2572
f 2517 2568 2570
f 2517 2570 2569
f 2569 2570 2572
f 2569 2572 2571
f 2678 2618 2615
f 2678 2615 2616
f 2618 2617 2573
f 2618 2573 2615
f 2616 2615 2572
f 2616 2572 2613
f 2615 2573 2571
f 2615 2571 2572
f 2574 2523 2522
f 2574 2522 2573
f 2573 2522 2521
f 2573 2521 2520
f 2617 2574 2573
f 2573 2520 2571
f 2523 2574 2619
f 2523 2619 2575
f 2574 2617 2620
f 2574 2620 2619
f 2575 2619 2683
f 2575 2683 2621
f 2619 2620 2682
f 2619 2682 2683
f 2618 2678 2681
f 2618 2681 2680
f 2680 2681 2733
f 2680 2733 2732
f 2617 2618 2680
f 2617 2680 2620
f 2620 2680 2732
f 2620 2732 2682
f 2846 2789 2731
f 2846 2731 2790
f 2789 2791 2734
f 2789 2734 2731
f 2790 2731 2732
f 2790 2732 2733
f 2731 2734 2682
f 2731 2682 2732
f 2792 2735 2736
f 2736 2735 2621
f 2736 2621 2683
f 2791 2792 2736
f 2791 2736 2734
f 2734 2736 2683
f 2734 2683 2682
f 2603 2601 2661
f 2601 2600 2660
f 2601 2660 2661
f 2661 2713 2714
f 2661 2660 2713
f 2557 2556 2599
f 2557 2599 2659
f 2659 2599 2711
f 2659 2711 2712
f 2600 2557 2659
f 2600 2659 2660
f 2660 2659 2712
f 2660 2712 2713
f 2825 2826 2771
f 2825 2771 2770
f 2826 2827 2772
f 2826 2772 2771
f 2770 2771 2712
f 2770 2712 2711
f 2771 2772 2713
f 2771 2713 2712
f 2828 2829 2774
f 2828 2774 2773
f 2773 2774 2714
f 2773 2714 2713
f 2827 2828 2773
f 2827 2773 2772
f 2772 2773 2713
f 1808 1806 1807
f 1808 1739 1737
f 1808 1737 1806
f 1807 1806 1805
f 1807 1805 1869
f 1806 1737 1736
f 1806 1736 1805
f 1664 1532 1531
f 1664 1531 1595
f 1595 1531 1530
f 1595 1530 1663
f 1739 1664 1595
f 1739 1595 1737
f 1737 1595 1663
f 1737 1663 1736
f 1594 1734 1662
f 1594 1662 1529
f 1734 1803 1735
f 1734 1735 1662
f 1529 1662 1663
f 1529 1663 1530
f 1662 1735 1736
f 1662 1736 1663
f 1866 1868 1867
f 1866 1867 1804
f 1804 1867 1869
f 1804 1869 1805
f 1803 1866 1804
f 1803 1804 1735
f 1735 1804 1805
f 1735 1805 1736
f 986 1075 1076
f 986 1076 987
f 1075 1231 1233
f 1075 1233 1076
f 987 1076 1077
f 987 1077 988
f 1076 1233 1234
f 1076 1234 1077
f 1460 1594 1529
f 1460 1529 1378
f 1378 1529 1530
f 1378 1530 1379
f 1231 1460 1378
f 1231 1378 1233
f 1233 1378 1379
f 1233 1379 1234
f 1532 1462 1380
f 1532 1380 1531
f 1462 1310 1309
f 1462 1309 1380
f 1531 1380 1379
f 1531 1379 1530
f 1380 1309 1234
f 1380 1234 1379
f 1155 990 989
f 1155 989 1154
f 1154 989 988
f 1154 988 1077
f 1310 1155 1154
f 1310 1154 1309
f 1309 1154 1077
f 1309 1077 1234
f 1074 1073 1230
f 1074 1230 1149
f 1073 1147 1229
f 1073 1229 1230
f 1149 1230 1377
f 1149 1377 1305
f 1230 1229 1376
f 1230 1376 1377
f 1146 1228 1375
f 1146 1375 1304
f 1304 1375 1451
f 1304 1451 1452
f 1147 1146 1304
f 1147 1304 1229
f 1229 1304 1452
f 1229 1452 1376
f 1588 1526 1525
f 1588 1589 1527
f 1588 1527 1526
f 1525 1526 1452
f 1525 1452 1451
f 1526 1527 1376
f 1526 1376 1452
f 1590 1591 1455
f 1590 1455 1454
f 1454 1455 1305
f 1454 1305 1377
f 1589 1590 1454
f 1589 1454 1527
f 1527 1454 1377
f 1527 1377 1376
f 1228 1303 1450
f 1228 1450 1375
f 1303 1374 1523
f 1303 1523 1450
f 1375 1450 1524
f 1375 1524 1451
f 1450 1523 1586
f 1450 1586 1524
f 1448 1522 1651
f 1448 1651 1585
f 1585 1651 1726
f 1585 1726 1652
f 1374 1448 1585
f 1374 1585 1523
f 1523 1585 1652
f 1523 1652 1586
f 1857 1794 1728
f 1857 1728 1793
f 1794 1729 1653
f 1794 1653 1728
f 1793 1728 1652
f 1793 1652 1726
f 1728 1653 1586
f 1728 1586 1652
f 1654 1588 1525
f 1654 1525 1587
f 1587 1525 1451
f 1587 1451 1524
f 1729 1654 1587
f 1729 1587 1653
f 1653 1587 1524
f 1653 1524 1586
f 1522 1650 1725
f 1522 1725 1651
f 1650 1724 1791
f 1650 1791 1725
f 1651 1725 1792
f 1651 1792 1726
f 1725 1791 1926
f 1725 1926 1792
f 1856 1924 1993
f 1856 1993 1925
f 1925 1993 2125
f 1925 2125 1994
f 1724 1856 1925
f 1724 1925 1791
f 1791 1925 1994
f 1791 1994 1926
f 2183 2126 2067
f 2183 2067 2182
f 2126 2068 1995
f 2126 1995 2067
f 2182 2067 1994
f 2182 1994 2125
f 2067 1995 1926
f 2067 1926 1994
f 1996 1857 1793
f 1996 1793 1928
f 1928 1793 1726
f 1928 1726 1792
f 2068 1996 1928
f 2068 1928 1995
f 1995 1928 1792
f 1995 1792 1926
f 1924 2066 2124
f 1924 2124 1993
f 2066 2180 2234
f 2066 2234 2124
f 1993 2124 2181
f 1993 2181 2125
f 2124 2234 2291
f 2124 2291 2181
f 2290 2386 2387
f 2290 2387 2340
f 2340 2387 2441
f 2340 2441 2388
f 2180 2290 2340
f 2180 2340 2234
f 2234 2340 2388
f 2234 2388 2291
f 2499 2442 2389
f 2499 2389 2498
f 2442 2342 2341
f 2442 2341 2389
f 2498 2389 2388
f 2498 2388 2441
f 2389 2341 2291
f 2389 2291 2388
f 2292 2183 2182
f 2292 2182 2235
f 2235 2182 2125
f 2235 2125 2181
f 2342 2292 2235
f 2342 2235 2341
f 2341 2235 2181
f 2341 2181 2291
f 1591 1658 1659
f 1591 1659 1592
f 1658 1798 1799
f 1658 1799 1659
f 1592 1659 1660
f 1592 1660 1528
f 1659 1799 1800
f 1659 1800 1660
f 1861 1998 1999
f 1861 1999 1862
f 1862 1999 2000
f 1862 2000 1934
f 1798 1861 1862
f 1798 1862 1799
f 1799 1862 1934
f 1799 1934 1800
f 2075 1936 1935
f 2075 1935 2074
f 1936 1863 1801
f 1936 1801 1935
f 2074 1935 1934
f 2074 1934 2000
f 1935 1801 1800
f 1935 1800 1934
f 1732 1594 1593
f 1732 1593 1661
f 1661 1593 1528
f 1661 1528 1660
f 1863 1732 1661
f 1863 1661 1801
f 1801 1661 1660
f 1801 1660 1800
f 2075 2131 2191
f 2131 2241 2243
f 2131 2243 2191
f 2075 2191 2192
f 2075 2192 2133
f 2191 2243 2242
f 2191 2242 2192
f 2299 2348 2395
f 2299 2395 2349
f 2241 2299 2243
f 2243 2299 2349
f 2243 2349 2242
f 2396 2350 2349
f 2350 2300 2349
f 2396 2349 2395
f 2349 2300 2242
f 2244 2194 2133
f 2244 2133 2192
f 2300 2244 2192
f 2300 2192 2242
f 2348 2394 2451
f 2348 2347 2393
f 2348 2393 2394
f 2451 2394 2505
f 2394 2393 2449
f 2394 2449 2505
f 2296 2295 2346
f 2296 2346 2392
f 2392 2346 2446
f 2392 2446 2448
f 2347 2296 2392
f 2347 2392 2393
f 2393 2392 2448
f 2393 2448 2449
f 2556 2557 2503
f 2556 2503 2502
f 2557 2600 2504
f 2557 2504 2503
f 2502 2503 2448
f 2502 2448 2446
f 2503 2504 2449
f 2503 2449 2448
f 2601 2603 2559
f 2601 2559 2558
f 2558 2559 2505
f 2600 2601 2558
f 2600 2558 2504
f 2504 2558 2505
f 2504 2505 2449
f 2396 2397 2350
f 2350 2397 2351
f 2350 2351 2300
f 2454 2456 2399
f 2397 2454 2399
f 2397 2399 2398
f 2397 2398 2351
f 2400 2352 2351
f 2352 2301 2351
f 2400 2351 2398
f 2400 2398 2399
f 2247 2194 2244
f 2247 2244 2301
f 2301 2244 2300
f 2301 2300 2351
f 2348 2299 2298
f 2299 2241 2240
f 2299 2240 2298
f 2348 2298 2297
f 2348 2297 2347
f 2298 2240 2189
f 2298 2189 2297
f 2131 2075 2074
f 2131 2074 2132
f 2132 2074 2000
f 2132 2000 2130
f 2241 2131 2132
f 2241 2132 2240
f 2240 2132 2130
f 2240 2130 2189
f 1998 2072 2073
f 1998 2073 1999
f 2072 2129 2188
f 2072 2188 2073
f 1999 2073 2130
f 1999 2130 2000
f 2073 2188 2189
f 2073 2189 2130
f 2238 2295 2296
f 2238 2296 2239
f 2239 2296 2347
f 2239 2347 2297
f 2129 2238 2239
f 2129 2239 2188
f 2188 2239 2297
f 2188 2297 2189
f 2295 2294 2345
f 2295 2345 2346
f 2294 2293 2344
f 2294 2344 2345
f 2346 2345 2445
f 2346 2445 2446
f 2345 2344 2391
f 2345 2391 2445
f 2236 2183 2292
f 2236 2292 2343
f 2343 2292 2342
f 2343 2342 2390
f 2293 2236 2343
f 2293 2343 2344
f 2344 2343 2390
f 2344 2390 2391
f 2499 2553 2444
f 2499 2444 2442
f 2553 2554 2500
f 2553 2500 2444
f 2442 2444 2390
f 2442 2390 2342
f 2444 2500 2391
f 2444 2391 2390
f 2555 2556 2502
f 2555 2502 2501
f 2501 2502 2446
f 2501 2446 2445
f 2554 2555 2501
f 2554 2501 2500
f 2500 2501 2445
f 2500 2445 2391
f 1594 1732 1802
f 1594 1802 1734
f 1732 1863 1864
f 1732 1864 1802
f 1734 1802 1865
f 1734 1865 1803
f 1802 1864 1937
f 1802 1937 1865
f 1936 2075 2001
f 2001 2075 2133
f 1863 1936 2001
f 1863 2001 1864
f 1864 2001 1937
f 2194 2076 2133
f 2076 2005 2003
f 2133 2076 2001
f 2076 2003 1937
f 2076 1937 2001
f 1938 1868 1866
f 1938 1866 1803
f 1938 1803 1865
f 2005 1938 2003
f 2003 1938 1865
f 2003 1865 1937
f 2295 2238 2237
f 2295 2237 2294
f 2238 2129 2128
f 2238 2128 2237
f 2294 2237 2186
f 2294 2186 2293
f 2237 2128 2127
f 2237 2127 2186
f 2072 1998 1932
f 2072 1932 2071
f 2071 1932 1930
f 2071 1930 2070
f 2129 2072 2071
f 2129 2071 2128
f 2128 2071 2070
f 2128 2070 2127
f 1857 1996 1997
f 1857 1997 1929
f 1996 2068 2069
f 1996 2069 1997
f 1929 1997 2070
f 1929 2070 1930
f 1997 2069 2127
f 1997 2127 2070
f 2126 2183 2236
f 2126 2236 2185
f 2185 2236 2293
f 2185 2293 2186
f 2068 2126 2185
f 2068 2185 2069
f 2069 2185 2186
f 2069 2186 2127
f 1998 1861 1860
f 1998 1860 1932
f 1861 1798 1797
f 1861 1797 1860
f 1932 1860 1859
f 1932 1859 1930
f 1860 1797 1796
f 1860 1796 1859
f 1658 1591 1590
f 1658 1590 1657
f 1657 1590 1589
f 1657 1589 1656
f 1798 1658 1657
f 1798 1657 1797
f 1797 1657 1656
f 1797 1656 1796
f 1588 1654 1655
f 1654 1729 1795
f 1654 1795 1655
f 1588 1655 1656
f 1588 1656 1589
f 1655 1795 1796
f 1655 1796 1656
f 1794 1857 1929
f 1794 1929 1858
f 1858 1929 1930
f 1858 1930 1859
f 1729 1794 1858
f 1729 1858 1795
f 1795 1858 1859
f 1795 1859 1796
f 1594 1460 1459
f 1594 1459 1593
f 1460 1231 1308
f 1460 1308 1459
f 1593 1459 1458
f 1593 1458 1528
f 1459 1308 1307
f 1459 1307 1458
f 1075 986 985
f 1075 985 1153
f 1153 985 984
f 1153 984 1152
f 1231 1075 1153
f 1231 1153 1308
f 1308 1153 1152
f 1308 1152 1307
f 1074 1149 1150
f 1074 1150 983
f 1149 1305 1306
f 1149 1306 1150
f 983 1150 1152
f 983 1152 984
f 1150 1306 1307
f 1150 1307 1152
f 1455 1591 1592
f 1455 1592 1457
f 1457 1592 1528
f 1457 1528 1458
f 1305 1455 1457
f 1305 1457 1306
f 1306 1457 1458
f 1306 1458 1307
f 2315 2314 2367
f 2314 2313 2367
f 2314 2312 2313
f 2313 2365 2367
f 2409 2411 2365
f 2365 2411 2367
f 2312 2265 2262
f 2312 2314 2265
f 2262 2265 2207
f 2314 2315 2265
f 1946 2018 2021
f 2021 2018 2087
f 2145 2148 2087
f 2148 2089 2087
f 2087 2089 2021
f 2089 2022 2021
f 1942 1943 1873
f 1873 1943 1945
f 2018 1946 1945
f 2008 2007 1940
f 1940 2007 1941
f 2007 2009 1941
f 1942 1941 2009
f 2195 2136 2134
f 2195 2197 2136
f 2134 2136 2079
f 2007 2079 2080
f 2007 2008 2006
f 2007 2006 2079
f 2303 2250 2248
f 2353 2304 2303
f 2197 2195 2248
f 2197 2248 2250
f 2463 2405 2406
f 2406 2405 2403
f 2405 2355 2403
f 2304 2353 2356
f 2356 2403 2355
f 2356 2353 2403
f 2411 2409 2410
f 2410 2409 2408
f 2410 2408 2469
f 2405 2463 2466
f 2405 2466 2407
f 2407 2466 2469
f 2407 2469 2408
f 2313 2310 2365
f 2263 2264 2260
f 2263 2260 2310
f 2310 2260 2311
f 2263 2310 2313
f 2313 2310 2311
f 2313 2311 2310
f 2308 2364 2366
f 2364 2365 2366
f 2308 2366 2311
f 2366 2365 2310
f 2366 2310 2311
f 2363 2409 2365
f 2364 2363 2365
f 2145 2146 2148
f 2148 2146 2205
f 2148 2205 2207
f 2264 2263 2205
f 2264 2205 2206
f 2313 2312 2262
f 2313 2262 2263
f 2263 2262 2207
f 2263 2207 2205
f 2018 2088 2087
f 2019 2084 2086
f 2019 2086 2085
f 2085 2086 2144
f 2018 2019 2085
f 2018 2085 2088
f 2147 2146 2085
f 2147 2085 2144
f 2146 2088 2085
f 2146 2145 2087
f 2146 2087 2088
f 1942 1944 1943
f 1942 2012 2014
f 1942 2014 1944
f 1943 1944 1945
f 1944 2014 2017
f 1944 2017 1945
f 2084 2019 2017
f 2019 2018 2016
f 2019 2016 2017
f 2018 1945 2016
f 2016 1945 2017
f 2007 2008 2009
f 2008 2080 2010
f 2008 2010 2009
f 2010 2081 2013
f 2080 2081 2010
f 2010 2013 2009
f 2014 2012 2013
f 2012 2009 2013
f 2012 1942 2009
f 2197 2198 2137
f 2197 2137 2136
f 2081 2080 2138
f 2138 2080 2137
f 2008 2007 2080
f 2080 2079 2136
f 2080 2136 2137
f 2303 2304 2250
f 2304 2305 2251
f 2304 2251 2252
f 2304 2252 2251
f 2304 2251 2250
f 2198 2251 2252
f 2198 2197 2250
f 2198 2250 2251
f 2407 2357 2405
f 2407 2359 2358
f 2407 2358 2357
f 2405 2357 2358
f 2405 2358 2355
f 2359 2360 2358
f 2304 2356 2305
f 2305 2356 2358
f 2356 2355 2358
f 2409 2363 2410
f 2363 2364 2410
f 2409 2410 2408
f 2410 2364 2361
f 2410 2361 2408
f 2364 2308 2361
f 2360 2359 2361
f 2360 2361 2362
f 2359 2407 2408
f 2359 2408 2361
f 2308 2258 2309
f 2308 2311 2260
f 2308 2260 2258
f 2309 2258 2259
f 2258 2260 2204
f 2258 2204 2259
f 2260 2264 2206
f 2260 2206 2204
f 2146 2147 2144
f 2146 2144 2205
f 2205 2144 2204
f 2205 2204 2206
f 2086 2084 2144
f 2144 2084 2143
f 2144 2143 2142
f 2144 2142 2204
f 2202 2257 2203
f 2202 2203 2141
f 2257 2259 2203
f 2141 2203 2142
f 2141 2142 2143
f 2203 2259 2204
f 2203 2204 2142
f 2308 2309 2307
f 2308 2307 2361
f 2309 2259 2307
f 2361 2307 2362
f 2307 2306 2362
f 2257 2202 2256
f 2257 2256 2306
f 2259 2257 2307
f 2307 2257 2306
f 2305 2358 2306
f 2253 2305 2306
f 2253 2306 2256
f 2358 2360 2306
f 2306 2360 2362
f 2305 2253 2254
f 2305 2254 2251
f 2253 2256 2200
f 2253 2200 2254
f 2251 2254 2199
f 2251 2199 2252
f 2254 2200 2199
f 2256 2202 2140
f 2256 2140 2201
f 2201 2140 2138
f 2256 2201 2200
f 2200 2201 2138
f 2138 2137 2139
f 2138 2139 2200
f 2199 2198 2252
f 2137 2198 2199
f 2137 2199 2139
f 2139 2199 2200
f 2202 2141 2140
f 2141 2143 2083
f 2140 2141 2082
f 2141 2083 2082
f 2084 2017 2014
f 2084 2014 2083
f 2143 2084 2083
f 2014 2013 2015
f 2013 2082 2015
f 2014 2015 2083
f 2015 2082 2083
f 2081 2138 2082
f 2082 2138 2140
f 2013 2081 2082
f 2091 2024 2023
f 2091 2025 1951
f 2091 1951 2024
f 2023 2024 1950
f 2024 1951 1879
f 2024 1879 1950
f 2025 1953 1881
f 2025 1881 1952
f 1952 1881 1815
f 1952 1815 1880
f 2025 1952 1951
f 1951 1952 1880
f 1951 1880 1879
f 1668 1744 1814
f 1668 1814 1745
f 1744 1813 1879
f 1744 1879 1814
f 1745 1814 1880
f 1745 1880 1815
f 1814 1879 1880
f 1877 1949 1878
f 1878 1949 1950
f 1813 1877 1878
f 1813 1878 1879
f 1879 1878 1950
f 1668 1745 1669
f 1668 1669 1598
f 1745 1815 1746
f 1745 1746 1669
f 1598 1669 1599
f 1598 1599 1536
f 1669 1746 1670
f 1669 1670 1599
f 1881 1953 1882
f 1881 1882 1817
f 1817 1882 1818
f 1817 1818 1747
f 1815 1881 1817
f 1815 1817 1746
f 1746 1817 1747
f 1746 1747 1670
f 1672 1539 1671
f 1672 1671 1748
f 1539 1467 1537
f 1539 1537 1671
f 1748 1671 1747
f 1748 1747 1818
f 1671 1537 1670
f 1671 1670 1747
f 1313 1239 1382
f 1313 1382 1466
f 1466 1382 1536
f 1466 1536 1599
f 1467 1313 1466
f 1467 1466 1537
f 1537 1466 1599
f 1537 1599 1670
f 1239 1156 1312
f 1239 1312 1382
f 1156 1079 1237
f 1156 1237 1312
f 1382 1312 1465
f 1382 1465 1536
f 1312 1237 1381
f 1312 1381 1465
f 1078 990 1155
f 1078 1155 1236
f 1236 1155 1310
f 1236 1310 1311
f 1079 1078 1236
f 1079 1236 1237
f 1237 1236 1311
f 1237 1311 1381
f 1532 1596 1464
f 1532 1464 1462
f 1596 1597 1533
f 1596 1533 1464
f 1462 1464 1311
f 1462 1311 1310
f 1464 1533 1381
f 1464 1381 1311
f 1667 1668 1598
f 1667 1598 1535
f 1535 1598 1536
f 1535 1536 1465
f 1597 1667 1535
f 1597 1535 1533
f 1533 1535 1465
f 1533 1465 1381
f 1809 1811 1810
f 1808 1809 1740
f 1808 1740 1739
f 1809 1810 1741
f 1809 1741 1740
f 1875 1877 1812
f 1812 1877 1813
f 1811 1875 1812
f 1811 1812 1810
f 1810 1812 1741
f 1668 1667 1743
f 1668 1743 1744
f 1667 1597 1666
f 1667 1666 1743
f 1744 1743 1812
f 1744 1812 1813
f 1743 1666 1741
f 1743 1741 1812
f 1596 1532 1664
f 1596 1664 1665
f 1665 1664 1739
f 1665 1739 1740
f 1597 1596 1665
f 1597 1665 1666
f 1666 1665 1740
f 1666 1740 1741
f 2150 2210 2211
f 2091 2150 2092
f 2091 2092 2025
f 2150 2211 2092
f 2316 2369 2370
f 2316 2370 2268
f 2268 2370 2371
f 2268 2371 2270
f 2210 2316 2268
f 2210 2268 2211
f 2211 2268 2270
f 2318 2213 2271
f 2318 2271 2317
f 2213 2152 2151
f 2213 2151 2271
f 2317 2271 2270
f 2317 2270 2371
f 2271 2151 2211
f 2271 2211 2270
f 2028 1953 2025
f 2028 2025 2093
f 2093 2025 2092
f 2152 2028 2093
f 2152 2093 2151
f 2151 2093 2092
f 2151 2092 2211
f 1953 2028 2027
f 1953 2027 1882
f 2028 2152 2094
f 2028 2094 2027
f 1882 2027 1954
f 1882 1954 1818
f 2027 2094 2029
f 2027 2029 1954
f 2213 2318 2319
f 2213 2319 2212
f 2212 2319 2272
f 2212 2272 2153
f 2152 2213 2212
f 2152 2212 2094
f 2094 2212 2153
f 2094 2153 2029
f 2154 2030 2096
f 2154 2096 2214
f 2030 1884 1955
f 2030 1955 2096
f 2214 2096 2153
f 2214 2153 2272
f 2096 1955 2029
f 2096 2029 2153
f 1749 1672 1748
f 1749 1748 1883
f 1883 1748 1818
f 1883 1818 1954
f 1884 1749 1883
f 1884 1883 1955
f 1955 1883 1954
f 1955 1954 2029
f 2841 2844 2788
f 2841 2788 2786
f 2844 2843 2788
f 2843 2846 2790
f 2843 2790 2787
f 2787 2790 2733
f 2787 2733 2729
f 2843 2787 2788
f 2788 2787 2729
f 2788 2729 2730
f 2678 2679 2729
f 2678 2729 2681
f 2679 2730 2729
f 2681 2729 2733
f 2727 2728 2730
f 2730 2728 2786
f 2730 2786 2788
f 2679 2727 2730
f 2838 2839 2784
f 2838 2784 2783
f 2839 2840 2785
f 2839 2785 2784
f 2726 2725 2784
f 2726 2784 2785
f 2764 2765 2706
f 2764 2706 2651
f 2765 2766 2707
f 2765 2707 2706
f 2651 2706 2593
f 2651 2593 2550
f 2706 2707 2594
f 2706 2594 2593
f 2820 2821 2709
f 2820 2709 2708
f 2708 2709 2654
f 2708 2654 2653
f 2766 2820 2708
f 2766 2708 2707
f 2707 2708 2653
f 2707 2653 2594
f 2499 2498 2552
f 2499 2552 2595
f 2498 2441 2551
f 2498 2551 2552
f 2595 2552 2653
f 2595 2653 2654
f 2552 2551 2594
f 2552 2594 2653
f 2387 2386 2496
f 2387 2496 2497
f 2497 2496 2550
f 2497 2550 2593
f 2441 2387 2497
f 2441 2497 2551
f 2551 2497 2593
f 2551 2593 2594
f 2821 2822 2767
f 2821 2767 2709
f 2822 2823 2768
f 2822 2768 2767
f 2709 2767 2655
f 2709 2655 2654
f 2767 2768 2657
f 2767 2657 2655
f 2824 2825 2770
f 2824 2770 2769
f 2769 2770 2711
f 2769 2711 2710
f 2823 2824 2769
f 2823 2769 2768
f 2768 2769 2710
f 2768 2710 2657
f 2556 2555 2598
f 2556 2598 2599
f 2555 2554 2597
f 2555 2597 2598
f 2599 2598 2710
f 2599 2710 2711
f 2598 2597 2657
f 2598 2657 2710
f 2553 2499 2595
f 2553 2595 2596
f 2596 2595 2654
f 2596 2654 2655
f 2554 2553 2596
f 2554 2596 2597
f 2597 2596 2655
f 2597 2655 2657
f 2792 2793 2737
f 2792 2737 2735
f 2793 2794 2685
f 2793 2685 2737
f 2735 2737 2622
f 2735 2622 2621
f 2737 2685 2623
f 2737 2623 2622
f 2795 2796 2687
f 2795 2687 2686
f 2686 2687 2578
f 2686 2578 2577
f 2794 2795 2686
f 2794 2686 2685
f 2685 2686 2577
f 2685 2577 2623
f 2369 2415 2526
f 2369 2526 2478
f 2415 2477 2525
f 2415 2525 2526
f 2478 2526 2577
f 2478 2577 2578
f 2526 2525 2623
f 2526 2623 2577
f 2524 2523 2575
f 2524 2575 2576
f 2576 2575 2621
f 2576 2621 2622
f 2477 2524 2576
f 2477 2576 2525
f 2525 2576 2622
f 2525 2622 2623
f 2796 2797 2688
f 2796 2688 2687
f 2797 2798 2690
f 2797 2690 2688
f 2687 2688 2579
f 2687 2579 2578
f 2688 2690 2527
f 2688 2527 2579
f 2738 2739 2625
f 2738 2625 2624
f 2624 2625 2529
f 2624 2529 2528
f 2798 2738 2624
f 2798 2624 2690
f 2690 2624 2528
f 2690 2528 2527
f 2318 2317 2416
f 2318 2416 2417
f 2317 2371 2481
f 2317 2481 2416
f 2417 2416 2528
f 2417 2528 2529
f 2416 2481 2527
f 2416 2527 2528
f 2370 2369 2478
f 2370 2478 2479
f 2479 2478 2578
f 2479 2578 2579
f 2371 2370 2479
f 2371 2479 2481
f 2481 2479 2579
f 2481 2579 2527
f 2739 2740 2626
f 2739 2626 2625
f 2740 2741 2627
f 2740 2627 2626
f 2625 2626 2530
f 2625 2530 2529
f 2626 2627 2483
f 2626 2483 2530
f 2742 2744 2581
f 2742 2581 2580
f 2580 2581 2419
f 2580 2419 2484
f 2741 2742 2580
f 2741 2580 2627
f 2627 2580 2484
f 2627 2484 2483
f 2154 2214 2373
f 2154 2373 2321
f 2214 2272 2372
f 2214 2372 2373
f 2321 2373 2484
f 2321 2484 2419
f 2373 2372 2483
f 2373 2483 2484
f 2319 2318 2417
f 2319 2417 2418
f 2418 2417 2529
f 2418 2529 2530
f 2272 2319 2418
f 2272 2418 2372
f 2372 2418 2530
f 2372 2530 2483
f 1228 1146 1072
f 1228 1072 1144
f 1146 1147 982
f 1146 982 1072
f 1144 1072 906
f 1144 906 981
f 1072 982 908
f 1072 908 906
f 1073 1074 911
f 1073 911 909
f 909 911 789
f 909 789 843
f 1147 1073 909
f 1147 909 982
f 982 909 843
f 982 843 908
f 667 666 715
f 667 715 716
f 666 713 788
f 666 788 715
f 716 715 843
f 716 843 789
f 715 788 908
f 715 908 843
f 712 787 905
f 712 905 842
f 842 905 981
f 842 981 906
f 713 712 842
f 713 842 788
f 788 842 906
f 788 906 908
f 990 1078 915
f 990 915 850
f 1078 1079 992
f 1078 992 915
f 850 915 793
f 850 793 792
f 915 992 851
f 915 851 793
f 1156 1239 1080
f 1156 1080 993
f 993 1080 995
f 993 995 916
f 1079 1156 993
f 1079 993 992
f 992 993 916
f 992 916 851
f 727 677 796
f 727 796 852
f 677 676 726
f 677 726 796
f 852 796 916
f 852 916 995
f 796 726 851
f 796 851 916
f 632 631 675
f 632 675 725
f 725 675 792
f 725 792 793
f 676 632 725
f 676 725 726
f 726 725 793
f 726 793 851
f 631 632 592
f 631 592 591
f 632 676 593
f 632 593 592
f 591 592 543
f 591 543 494
f 592 593 545
f 592 545 543
f 677 727 679
f 677 679 634
f 634 679 596
f 634 596 595
f 676 677 634
f 676 634 593
f 593 634 595
f 593 595 545
f 501 498 547
f 501 547 548
f 498 448 497
f 498 497 547
f 548 547 595
f 548 595 596
f 547 497 545
f 547 545 595
f 444 440 442
f 444 442 495
f 495 442 494
f 495 494 543
f 448 444 495
f 448 495 497
f 497 495 543
f 497 543 545
f 1161 997 1159
f 1161 1159 1317
f 997 854 996
f 997 996 1159
f 1317 1159 1316
f 1317 1316 1385
f 1159 996 1157
f 1159 1157 1316
f 797 727 852
f 797 852 917
f 917 852 995
f 917 995 1082
f 854 797 917
f 854 917 996
f 996 917 1082
f 996 1082 1157
f 1239 1313 1240
f 1239 1240 1080
f 1313 1467 1315
f 1313 1315 1240
f 1080 1240 1082
f 1080 1082 995
f 1240 1315 1157
f 1240 1157 1082
f 1539 1672 1540
f 1539 1540 1383
f 1383 1540 1385
f 1383 1385 1316
f 1467 1539 1383
f 1467 1383 1315
f 1315 1383 1316
f 1315 1316 1157
f 4188 4281 4362
f 4188 4362 4282
f 4281 4427 4492
f 4281 4492 4362
f 4282 4362 4493
f 4282 4493 4363
f 4362 4492 4555
f 4362 4555 4493
f 4490 4553 4623
f 4490 4623 4554
f 4554 4623 4679
f 4554 4679 4625
f 4427 4490 4554
f 4427 4554 4492
f 4492 4554 4625
f 4492 4625 4555
f 4830 4775 4725
f 4830 4725 4773
f 4775 4681 4627
f 4775 4627 4725
f 4773 4725 4625
f 4773 4625 4679
f 4725 4627 4555
f 4725 4555 4625
f 4629 4495 4429
f 4629 4429 4557
f 4557 4429 4363
f 4557 4363 4493
f 4681 4629 4557
f 4681 4557 4627
f 4627 4557 4493
f 4627 4493 4555
f 986 987 847
f 986 847 846
f 987 988 848
f 987 848 847
f 846 847 721
f 846 721 720
f 847 848 722
f 847 722 721
f 989 990 850
f 989 850 849
f 849 850 792
f 849 792 724
f 988 989 849
f 988 849 848
f 848 849 724
f 848 724 722
f 631 590 674
f 631 674 675
f 590 589 673
f 590 673 674
f 675 674 724
f 675 724 792
f 674 673 722
f 674 722 724
f 588 586 671
f 588 671 672
f 672 671 720
f 672 720 721
f 589 588 672
f 589 672 673
f 673 672 721
f 673 721 722
f 586 588 539
f 586 539 538
f 588 589 540
f 588 540 539
f 538 539 490
f 538 490 489
f 539 540 492
f 539 492 490
f 590 631 591
f 590 591 541
f 541 591 494
f 541 494 493
f 589 590 541
f 589 541 540
f 540 541 493
f 540 493 492
f 440 393 439
f 440 439 442
f 393 387 438
f 393 438 439
f 442 439 493
f 442 493 494
f 439 438 492
f 439 492 493
f 384 329 381
f 384 381 385
f 385 381 489
f 385 489 490
f 387 384 385
f 387 385 438
f 438 385 490
f 438 490 492
f 787 712 665
f 787 665 711
f 712 713 625
f 712 625 665
f 711 665 624
f 711 624 664
f 665 625 580
f 665 580 624
f 666 667 582
f 666 582 627
f 627 582 534
f 627 534 581
f 713 666 627
f 713 627 625
f 625 627 581
f 625 581 580
f 432 483 532
f 432 532 484
f 483 481 531
f 483 531 532
f 484 532 581
f 484 581 534
f 532 531 580
f 532 580 581
f 530 578 623
f 530 623 579
f 579 623 664
f 579 664 624
f 481 530 579
f 481 579 531
f 531 579 624
f 531 624 580
f 578 530 479
f 578 479 529
f 530 481 480
f 530 480 479
f 529 479 427
f 529 427 476
f 479 480 428
f 479 428 427
f 483 432 374
f 483 374 430
f 430 374 307
f 430 307 372
f 481 483 430
f 481 430 480
f 480 430 372
f 480 372 428
f 251 302 304
f 251 304 305
f 302 301 369
f 302 369 304
f 305 304 372
f 305 372 307
f 304 369 428
f 304 428 372
f 366 423 426
f 426 423 476
f 426 476 427
f 301 366 426
f 301 426 369
f 369 426 427
f 369 427 428
f 487 434 380
f 487 380 382
f 434 377 379
f 434 379 380
f 382 380 383
f 382 383 386
f 380 379 319
f 380 319 383
f 375 373 311
f 375 311 310
f 310 311 313
f 310 313 315
f 377 375 310
f 377 310 379
f 379 310 315
f 379 315 319
f 321 326 320
f 321 320 316
f 326 330 325
f 326 325 320
f 316 320 315
f 316 315 313
f 320 325 319
f 320 319 315
f 335 390 388
f 335 388 333
f 333 388 386
f 333 386 383
f 330 335 333
f 330 333 325
f 325 333 383
f 325 383 319
f 835 897 973
f 835 973 898
f 897 971 1060
f 897 1060 973
f 898 973 1061
f 898 1061 974
f 973 1060 1136
f 973 1136 1061
f 1135 1216 1295
f 1135 1295 1217
f 1217 1295 1368
f 1217 1368 1218
f 971 1135 1217
f 971 1217 1060
f 1060 1217 1218
f 1060 1218 1136
f 1440 1369 1296
f 1440 1296 1438
f 1369 1221 1220
f 1369 1220 1296
f 1438 1296 1218
f 1438 1218 1368
f 1296 1220 1136
f 1296 1136 1218
f 1137 1064 1063
f 1137 1063 1062
f 1062 1063 974
f 1062 974 1061
f 1221 1137 1062
f 1221 1062 1220
f 1220 1062 1061
f 1220 1061 1136
f 2061 2060 2226
f 2061 2226 2227
f 2060 2059 2175
f 2060 2175 2226
f 2227 2226 2382
f 2227 2382 2383
f 2226 2175 2336
f 2226 2336 2382
f 1985 1984 2118
f 1985 2118 2174
f 2174 2118 2283
f 2174 2283 2335
f 2059 1985 2174
f 2059 2174 2175
f 2175 2174 2335
f 2175 2335 2336
f 2639 2640 2491
f 2639 2491 2431
f 2640 2641 2492
f 2640 2492 2491
f 2431 2491 2335
f 2431 2335 2283
f 2491 2492 2336
f 2491 2336 2335
f 2643 2702 2545
f 2643 2545 2544
f 2544 2545 2383
f 2544 2383 2382
f 2641 2643 2544
f 2641 2544 2492
f 2492 2544 2382
f 2492 2382 2336
f 2702 2643 2816
f 2702 2816 2874
f 2643 2641 2814
f 2643 2814 2816
f 2874 2816 3041
f 2874 3041 3042
f 2816 2814 3040
f 2816 3040 3041
f 2640 2639 2812
f 2640 2812 2813
f 2813 2812 3038
f 2813 3038 3039
f 2641 2640 2813
f 2641 2813 2814
f 2814 2813 3039
f 2814 3039 3040
f 3469 3470 3303
f 3469 3303 3302
f 3470 3471 3304
f 3470 3304 3303
f 3302 3303 3039
f 3302 3039 3038
f 3303 3304 3040
f 3303 3040 3039
f 3472 3473 3306
f 3472 3306 3305
f 3305 3306 3042
f 3305 3042 3041
f 3471 3472 3305
f 3471 3305 3304
f 3304 3305 3041
f 3304 3041 3040
f 3311 3128 3204
f 3311 3204 3310
f 3128 3050 3049
f 3128 3049 3204
f 3310 3204 3203
f 3310 3203 3395
f 3204 3049 3048
f 3204 3048 3203
f 2883 2764 2763
f 2883 2763 2882
f 2882 2763 2762
f 2882 2762 2880
f 3050 2883 2882
f 3050 2882 3049
f 3049 2882 2880
f 3049 2880 3048
f 2760 2878 2879
f 2760 2879 2761
f 2878 3046 3047
f 2878 3047 2879
f 2761 2879 2880
f 2761 2880 2762
f 2879 3047 3048
f 2879 3048 2880
f 3201 3477 3394
f 3201 3394 3202
f 3202 3394 3395
f 3202 3395 3203
f 3046 3201 3202
f 3046 3202 3047
f 3047 3202 3203
f 3047 3203 3048
f 3477 3201 3309
f 3477 3309 3476
f 3201 3046 3045
f 3201 3045 3309
f 3476 3309 3308
f 3476 3308 3475
f 3309 3045 3044
f 3309 3044 3308
f 2878 2760 2705
f 2878 2705 2877
f 2877 2705 2704
f 2877 2704 2876
f 3046 2878 2877
f 3046 2877 3045
f 3045 2877 2876
f 3045 2876 3044
f 2702 2874 2875
f 2702 2875 2703
f 2874 3042 3043
f 2874 3043 2875
f 2703 2875 2876
f 2703 2876 2704
f 2875 3043 3044
f 2875 3044 2876
f 3306 3473 3474
f 3306 3474 3307
f 3307 3474 3475
f 3307 3475 3308
f 3042 3306 3307
f 3042 3307 3043
f 3043 3307 3308
f 3043 3308 3044
f 4401 4337 4400
f 4401 4400 4470
f 4337 4153 4255
f 4337 4255 4400
f 4470 4400 4469
f 4470 4469 4533
f 4400 4255 4336
f 4400 4336 4469
f 4044 3841 3954
f 4044 3954 4151
f 4151 3954 4043
f 4151 4043 4254
f 4153 4044 4151
f 4153 4151 4255
f 4255 4151 4254
f 4255 4254 4336
f 4253 4398 4334
f 4253 4334 4149
f 4398 4466 4467
f 4398 4467 4334
f 4149 4334 4254
f 4149 4254 4043
f 4334 4467 4336
f 4334 4336 4254
f 4597 4655 4599
f 4597 4599 4532
f 4532 4599 4533
f 4532 4533 4469
f 4466 4597 4532
f 4466 4532 4467
f 4467 4532 4469
f 4467 4469 4336
f 4604 4603 4660
f 4604 4660 4704
f 4603 4536 4601
f 4603 4601 4660
f 4704 4660 4703
f 4704 4703 4747
f 4660 4601 4658
f 4660 4658 4703
f 4471 4401 4470
f 4471 4470 4535
f 4535 4470 4533
f 4535 4533 4600
f 4536 4471 4535
f 4536 4535 4601
f 4601 4535 4600
f 4601 4600 4658
f 4655 4700 4656
f 4655 4656 4599
f 4700 4743 4702
f 4700 4702 4656
f 4599 4656 4600
f 4599 4600 4533
f 4656 4702 4658
f 4656 4658 4600
f 4794 4795 4797
f 4794 4797 4745
f 4745 4797 4747
f 4745 4747 4703
f 4743 4794 4745
f 4743 4745 4702
f 4702 4745 4703
f 4702 4703 4658
f 4714 4713 4760
f 4714 4760 4761
f 4713 4711 4758
f 4713 4758 4760
f 4761 4760 4811
f 4761 4811 4813
f 4760 4758 4810
f 4760 4810 4811
f 4710 4708 4755
f 4710 4755 4756
f 4756 4755 4804
f 4756 4804 4808
f 4711 4710 4756
f 4711 4756 4758
f 4758 4756 4808
f 4758 4808 4810
f 4931 4941 4864
f 4931 4864 4860
f 4941 4945 4867
f 4941 4867 4864
f 4860 4864 4808
f 4860 4808 4804
f 4864 4867 4810
f 4864 4810 4808
f 4948 4954 4871
f 4948 4871 4868
f 4868 4871 4813
f 4868 4813 4811
f 4945 4948 4868
f 4945 4868 4867
f 4867 4868 4811
f 4867 4811 4810
f 4954 4948 4950
f 4954 4950 4953
f 4948 4945 4944
f 4948 4944 4950
f 4953 4950 4949
f 4953 4949 4952
f 4950 4944 5030
f 4950 5030 4949
f 4941 4931 4934
f 4941 4934 4940
f 4940 4934 5017
f 4940 5017 5028
f 4945 4941 4940
f 4945 4940 4944
f 4944 4940 5028
f 4944 5028 5030
f 5026 5029 5027
f 5026 5027 5023
f 5029 5033 5034
f 5029 5034 5027
f 5023 5027 5028
f 5023 5028 5017
f 5027 5034 5030
f 5027 5030 5028
f 5040 5042 5043
f 5040 5043 5037
f 5037 5043 4952
f 5037 4952 4949
f 5033 5040 5037
f 5033 5037 5034
f 5034 5037 4949
f 5034 4949 5030
f 5042 5040 5039
f 5042 5039 5041
f 5040 5033 5036
f 5040 5036 5039
f 5041 5039 5094
f 5041 5094 5045
f 5039 5036 5092
f 5039 5092 5094
f 5029 5026 5088
f 5029 5088 5032
f 5032 5088 5090
f 5032 5090 5091
f 5033 5029 5032
f 5033 5032 5036
f 5036 5032 5091
f 5036 5091 5092
f 5154 5130 5128
f 5154 5128 5127
f 5130 5131 5093
f 5130 5093 5128
f 5127 5128 5091
f 5127 5091 5090
f 5128 5093 5092
f 5128 5092 5091
f 5097 5098 5096
f 5096 5098 5045
f 5096 5045 5094
f 5131 5097 5096
f 5131 5096 5093
f 5093 5096 5094
f 5093 5094 5092
f 4675 4717 4766
f 4675 4766 4767
f 4717 4716 4764
f 4717 4764 4766
f 4767 4766 4818
f 4767 4818 4819
f 4766 4764 4816
f 4766 4816 4818
f 4715 4714 4761
f 4715 4761 4763
f 4763 4761 4813
f 4763 4813 4815
f 4716 4715 4763
f 4716 4763 4764
f 4764 4763 4815
f 4764 4815 4816
f 4954 4958 4874
f 4954 4874 4871
f 4958 4961 4875
f 4958 4875 4874
f 4871 4874 4815
f 4871 4815 4813
f 4874 4875 4816
f 4874 4816 4815
f 4878 4882 4883
f 4878 4883 4879
f 4879 4883 4819
f 4879 4819 4818
f 4961 4878 4879
f 4961 4879 4875
f 4875 4879 4818
f 4875 4818 4816
f 835 778 703
f 835 703 777
f 778 705 704
f 778 704 703
f 777 703 702
f 777 702 700
f 703 704 657
f 703 657 702
f 707 659 618
f 707 618 658
f 658 618 567
f 658 567 616
f 705 707 658
f 705 658 704
f 704 658 616
f 704 616 657
f 564 560 615
f 564 615 565
f 560 614 611
f 560 611 615
f 565 615 616
f 565 616 567
f 615 611 657
f 615 657 616
f 609 653 699
f 609 699 656
f 656 699 700
f 656 700 702
f 614 609 656
f 614 656 611
f 611 656 702
f 611 702 657
f 1216 1436 1515
f 1216 1515 1295
f 1436 1641 1642
f 1436 1642 1515
f 1295 1515 1516
f 1295 1516 1368
f 1515 1642 1644
f 1515 1644 1516
f 1785 1984 1985
f 1785 1985 1848
f 1848 1985 2059
f 1848 2059 1850
f 1641 1785 1848
f 1641 1848 1642
f 1642 1848 1850
f 1642 1850 1644
f 2061 1920 1851
f 2061 1851 2060
f 1920 1786 1716
f 1920 1716 1851
f 2060 1851 1850
f 2060 1850 2059
f 1851 1716 1644
f 1851 1644 1850
f 1580 1440 1438
f 1580 1438 1579
f 1579 1438 1368
f 1579 1368 1516
f 1786 1580 1579
f 1786 1579 1716
f 1716 1579 1516
f 1716 1516 1644
f 1440 1580 1646
f 1440 1646 1517
f 1580 1786 1787
f 1580 1787 1646
f 1517 1646 1717
f 1517 1717 1582
f 1646 1787 1853
f 1646 1853 1717
f 1920 2061 2121
f 1920 2121 1986
f 1986 2121 2176
f 1986 2176 1987
f 1786 1920 1986
f 1786 1986 1787
f 1787 1986 1987
f 1787 1987 1853
f 2229 2122 2064
f 2229 2064 2177
f 2122 1922 1921
f 2122 1921 2064
f 2177 2064 1987
f 2177 1987 2176
f 2064 1921 1853
f 2064 1853 1987
f 1789 1647 1583
f 1789 1583 1718
f 1718 1583 1582
f 1718 1582 1717
f 1922 1789 1718
f 1922 1718 1921
f 1921 1718 1717
f 1921 1717 1853
f 1647 1720 1584
f 1647 1584 1519
f 1720 1790 1648
f 1720 1648 1584
f 1519 1584 1443
f 1519 1443 1372
f 1584 1648 1520
f 1584 1520 1443
f 1855 1924 1856
f 1855 1856 1722
f 1722 1856 1724
f 1722 1724 1649
f 1790 1855 1722
f 1790 1722 1648
f 1648 1722 1649
f 1648 1649 1520
f 1522 1447 1521
f 1522 1521 1650
f 1447 1302 1445
f 1447 1445 1521
f 1650 1521 1649
f 1650 1649 1724
f 1521 1445 1520
f 1521 1520 1649
f 1141 1069 1223
f 1141 1223 1301
f 1301 1223 1372
f 1301 1372 1443
f 1302 1141 1301
f 1302 1301 1445
f 1445 1301 1443
f 1445 1443 1520
f 1069 1141 1070
f 1069 1070 978
f 1141 1302 1225
f 1141 1225 1070
f 978 1070 979
f 978 979 903
f 1070 1225 1142
f 1070 1142 979
f 1447 1522 1448
f 1447 1448 1373
f 1373 1448 1374
f 1373 1374 1227
f 1302 1447 1373
f 1302 1373 1225
f 1225 1373 1227
f 1225 1227 1142
f 1228 1144 1143
f 1228 1143 1303
f 1144 981 1071
f 1144 1071 1143
f 1303 1143 1227
f 1303 1227 1374
f 1143 1071 1142
f 1143 1142 1227
f 905 787 841
f 905 841 904
f 904 841 903
f 904 903 979
f 981 905 904
f 981 904 1071
f 1071 904 979
f 1071 979 1142
f 1069 902 901
f 1069 901 1068
f 902 782 839
f 902 839 901
f 1068 901 976
f 1068 976 1066
f 901 839 837
f 901 837 976
f 708 659 707
f 708 707 781
f 781 707 705
f 781 705 780
f 782 708 781
f 782 781 839
f 839 781 780
f 839 780 837
f 835 898 836
f 835 836 778
f 898 974 900
f 898 900 836
f 778 836 780
f 778 780 705
f 836 900 837
f 836 837 780
f 1063 1064 1065
f 1063 1065 975
f 975 1065 1066
f 975 1066 976
f 974 1063 975
f 974 975 900
f 900 975 976
f 900 976 837
f 1069 978 840
f 1069 840 902
f 978 903 785
f 978 785 840
f 902 840 783
f 902 783 782
f 840 785 709
f 840 709 783
f 841 787 711
f 841 711 710
f 710 711 664
f 710 664 663
f 903 841 710
f 903 710 785
f 785 710 663
f 785 663 709
f 578 576 621
f 578 621 623
f 576 620 662
f 576 662 621
f 623 621 663
f 623 663 664
f 621 662 709
f 621 709 663
f 619 659 708
f 619 708 660
f 660 708 782
f 660 782 783
f 620 619 660
f 620 660 662
f 662 660 783
f 662 783 709
f 1440 1517 1370
f 1440 1370 1369
f 1517 1582 1441
f 1517 1441 1370
f 1369 1370 1297
f 1369 1297 1221
f 1370 1441 1298
f 1370 1298 1297
f 1583 1647 1519
f 1583 1519 1442
f 1442 1519 1372
f 1442 1372 1299
f 1582 1583 1442
f 1582 1442 1441
f 1441 1442 1299
f 1441 1299 1298
f 1069 1068 1222
f 1069 1222 1223
f 1068 1066 1140
f 1068 1140 1222
f 1223 1222 1299
f 1223 1299 1372
f 1222 1140 1298
f 1222 1298 1299
f 1065 1064 1137
f 1065 1137 1139
f 1139 1137 1221
f 1139 1221 1297
f 1066 1065 1139
f 1066 1139 1140
f 1140 1139 1297
f 1140 1297 1298
f 653 609 610
f 653 610 655
f 609 614 559
f 609 559 610
f 655 610 613
f 655 613 608
f 610 559 562
f 610 562 613
f 560 564 509
f 560 509 563
f 563 509 511
f 563 511 566
f 614 560 563
f 614 563 559
f 559 563 566
f 559 566 562
f 465 522 515
f 465 515 516
f 522 519 568
f 522 568 515
f 516 515 566
f 516 566 511
f 515 568 562
f 515 562 566
f 570 617 612
f 570 612 561
f 561 612 608
f 561 608 613
f 519 570 561
f 519 561 568
f 568 561 613
f 568 613 562
f 4253 4041 4148
f 4253 4148 4332
f 4041 3838 3951
f 4041 3951 4148
f 4332 4148 4147
f 4332 4147 4331
f 4148 3951 3949
f 4148 3949 4147
f 3653 3477 3476
f 3653 3476 3652
f 3652 3476 3475
f 3652 3475 3743
f 3838 3653 3652
f 3838 3652 3951
f 3951 3652 3743
f 3951 3743 3949
f 3473 3741 3742
f 3473 3742 3474
f 3741 3946 3948
f 3741 3948 3742
f 3474 3742 3743
f 3474 3743 3475
f 3742 3948 3949
f 3742 3949 3743
f 4144 4329 4330
f 4144 4330 4146
f 4146 4330 4331
f 4146 4331 4147
f 3946 4144 4146
f 3946 4146 3948
f 3948 4146 4147
f 3948 4147 3949
f 4329 4144 4143
f 4329 4143 4327
f 4144 3946 3945
f 4144 3945 4143
f 4327 4143 4141
f 4327 4141 4325
f 4143 3945 3944
f 4143 3944 4141
f 3741 3473 3472
f 3741 3472 3740
f 3740 3472 3471
f 3740 3471 3739
f 3946 3741 3740
f 3946 3740 3945
f 3945 3740 3739
f 3945 3739 3944
f 3469 3737 3738
f 3469 3738 3470
f 3737 3942 3943
f 3737 3943 3738
f 3470 3738 3739
f 3470 3739 3471
f 3738 3943 3944
f 3738 3944 3739
f 4139 4250 4324
f 4139 4324 4140
f 4140 4324 4325
f 4140 4325 4141
f 3942 4139 4140
f 3942 4140 3943
f 3943 4140 4141
f 3943 4141 3944
f 4931 4925 4919
f 4931 4919 4924
f 4925 4852 4911
f 4925 4911 4919
f 4924 4919 4915
f 4924 4915 4920
f 4919 4911 4908
f 4919 4908 4915
f 4850 4795 4846
f 4850 4846 4848
f 4848 4846 4841
f 4848 4841 4845
f 4852 4850 4848
f 4852 4848 4911
f 4911 4848 4845
f 4911 4845 4908
f 4837 4840 4844
f 4837 4844 4839
f 4840 4904 4906
f 4840 4906 4844
f 4839 4844 4845
f 4839 4845 4841
f 4844 4906 4908
f 4844 4908 4845
f 4907 4913 4914
f 4907 4914 4910
f 4910 4914 4920
f 4910 4920 4915
f 4904 4907 4910
f 4904 4910 4906
f 4906 4910 4915
f 4906 4915 4908
f 4795 4794 4792
f 4795 4792 4846
f 4794 4743 4791
f 4794 4791 4792
f 4846 4792 4790
f 4846 4790 4841
f 4792 4791 4787
f 4792 4787 4790
f 4700 4655 4698
f 4700 4698 4741
f 4741 4698 4696
f 4741 4696 4740
f 4743 4700 4741
f 4743 4741 4791
f 4791 4741 4740
f 4791 4740 4787
f 4650 4694 4738
f 4650 4738 4695
f 4694 4737 4782
f 4694 4782 4738
f 4695 4738 4740
f 4695 4740 4696
f 4738 4782 4787
f 4738 4787 4740
f 4784 4837 4839
f 4784 4839 4786
f 4786 4839 4841
f 4786 4841 4790
f 4737 4784 4786
f 4737 4786 4782
f 4782 4786 4790
f 4782 4790 4787
f 4250 4249 4322
f 4250 4322 4391
f 4249 4248 4320
f 4249 4320 4322
f 4391 4322 4386
f 4391 4386 4390
f 4322 4320 4319
f 4322 4319 4386
f 4246 4134 4244
f 4246 4244 4317
f 4317 4244 4312
f 4317 4312 4316
f 4248 4246 4317
f 4248 4317 4320
f 4320 4317 4316
f 4320 4316 4319
f 4310 4314 4315
f 4310 4315 4311
f 4314 4384 4385
f 4314 4385 4315
f 4311 4315 4316
f 4311 4316 4312
f 4315 4385 4319
f 4315 4319 4316
f 4388 4456 4455
f 4388 4455 4389
f 4389 4455 4390
f 4389 4390 4386
f 4384 4388 4389
f 4384 4389 4385
f 4385 4389 4386
f 4385 4386 4319
f 4329 4327 4460
f 4329 4460 4462
f 4327 4325 4395
f 4327 4395 4460
f 4462 4460 4525
f 4462 4525 4527
f 4460 4395 4458
f 4460 4458 4525
f 4324 4250 4391
f 4324 4391 4393
f 4393 4391 4390
f 4393 4390 4457
f 4325 4324 4393
f 4325 4393 4395
f 4395 4393 4457
f 4395 4457 4458
f 4456 4523 4521
f 4456 4521 4455
f 4523 4590 4524
f 4523 4524 4521
f 4455 4521 4457
f 4455 4457 4390
f 4521 4524 4458
f 4521 4458 4457
f 4648 4650 4593
f 4648 4593 4591
f 4591 4593 4527
f 4591 4527 4525
f 4590 4648 4591
f 4590 4591 4524
f 4524 4591 4525
f 4524 4525 4458
f 4650 4648 4691
f 4650 4691 4694
f 4648 4590 4647
f 4648 4647 4691
f 4694 4691 4735
f 4694 4735 4737
f 4691 4647 4692
f 4691 4692 4735
f 4523 4456 4522
f 4523 4522 4589
f 4589 4522 4592
f 4589 4592 4649
f 4590 4523 4589
f 4590 4589 4647
f 4647 4589 4649
f 4647 4649 4692
f 4697 4739 4693
f 4697 4693 4651
f 4739 4783 4736
f 4739 4736 4693
f 4651 4693 4649
f 4651 4649 4592
f 4693 4736 4692
f 4693 4692 4649
f 4785 4837 4784
f 4785 4784 4781
f 4781 4784 4737
f 4781 4737 4735
f 4783 4785 4781
f 4783 4781 4736
f 4736 4781 4735
f 4736 4735 4692
f 4837 4785 4838
f 4837 4838 4840
f 4785 4783 4789
f 4785 4789 4838
f 4840 4838 4843
f 4840 4843 4904
f 4838 4789 4842
f 4838 4842 4843
f 4739 4697 4742
f 4739 4742 4788
f 4788 4742 4744
f 4788 4744 4793
f 4783 4739 4788
f 4783 4788 4789
f 4789 4788 4793
f 4789 4793 4842
f 4799 4851 4849
f 4799 4849 4796
f 4851 4912 4847
f 4851 4847 4849
f 4796 4849 4793
f 4796 4793 4744
f 4849 4847 4842
f 4849 4842 4793
f 4909 4913 4907
f 4909 4907 4905
f 4905 4907 4904
f 4905 4904 4843
f 4912 4909 4905
f 4912 4905 4847
f 4847 4905 4843
f 4847 4843 4842
f 4697 4654 4699
f 4697 4699 4742
f 4654 4595 4598
f 4654 4598 4699
f 4742 4699 4701
f 4742 4701 4744
f 4699 4598 4657
f 4699 4657 4701
f 4465 4333 4335
f 4465 4335 4468
f 4468 4335 4399
f 4468 4399 4534
f 4595 4465 4468
f 4595 4468 4598
f 4598 4468 4534
f 4598 4534 4657
f 4476 4605 4602
f 4476 4602 4402
f 4605 4705 4659
f 4605 4659 4602
f 4402 4602 4534
f 4402 4534 4399
f 4602 4659 4657
f 4602 4657 4534
f 4748 4799 4796
f 4748 4796 4746
f 4746 4796 4744
f 4746 4744 4701
f 4705 4748 4746
f 4705 4746 4659
f 4659 4746 4701
f 4659 4701 4657
f 4799 4748 4800
f 4799 4800 4855
f 4748 4705 4750
f 4748 4750 4800
f 4855 4800 4802
f 4855 4802 4856
f 4800 4750 4752
f 4800 4752 4802
f 4605 4476 4608
f 4605 4608 4663
f 4663 4608 4709
f 4663 4709 4754
f 4705 4605 4663
f 4705 4663 4750
f 4750 4663 4754
f 4750 4754 4752
f 4809 4807 4806
f 4809 4806 4757
f 4807 4861 4805
f 4807 4805 4806
f 4757 4806 4754
f 4757 4754 4709
f 4806 4805 4752
f 4806 4752 4754
f 4862 4932 4858
f 4862 4858 4859
f 4859 4858 4856
f 4859 4856 4802
f 4861 4862 4859
f 4861 4859 4805
f 4805 4859 4802
f 4805 4802 4752
f 4932 4862 4935
f 4932 4935 4936
f 4862 4861 4863
f 4862 4863 4935
f 4936 4935 4938
f 4936 4938 4939
f 4935 4863 4937
f 4935 4937 4938
f 4807 4809 4866
f 4807 4866 4865
f 4865 4866 4946
f 4865 4946 4942
f 4861 4807 4865
f 4861 4865 4863
f 4863 4865 4942
f 4863 4942 4937
f 5035 5031 4943
f 5035 4943 4947
f 5031 5089 5024
f 5031 5024 4943
f 4947 4943 4942
f 4947 4942 4946
f 4943 5024 4937
f 4943 4937 4942
f 5025 5019 5018
f 5018 5019 4939
f 5018 4939 4938
f 5089 5025 5018
f 5089 5018 5024
f 5024 5018 4938
f 5024 4938 4937
f 3996 3894 4091
f 3996 4091 4090
f 3894 3895 3990
f 3894 3990 4091
f 4090 4091 4289
f 4090 4289 4292
f 4091 3990 4290
f 4091 4290 4289
f 3792 3609 3889
f 3792 3889 3991
f 3991 3889 4085
f 3991 4085 4192
f 3895 3792 3991
f 3895 3991 3990
f 3990 3991 4192
f 3990 4192 4290
f 4495 4496 4365
f 4495 4365 4364
f 4496 4563 4435
f 4496 4435 4365
f 4364 4365 4192
f 4364 4192 4085
f 4365 4435 4290
f 4365 4290 4192
f 4568 4500 4439
f 4568 4439 4434
f 4434 4439 4292
f 4434 4292 4289
f 4563 4568 4434
f 4563 4434 4435
f 4435 4434 4289
f 4435 4289 4290
f 4779 4834 4833
f 4779 4833 4777
f 4834 4829 4828
f 4834 4828 4833
f 4777 4833 4774
f 4777 4774 4727
f 4833 4828 4827
f 4833 4827 4774
f 4896 4893 4892
f 4896 4892 4895
f 4895 4892 4890
f 4895 4890 4826
f 4829 4896 4895
f 4829 4895 4828
f 4828 4895 4826
f 4828 4826 4827
f 4820 4770 4824
f 4820 4824 4822
f 4770 4723 4772
f 4770 4772 4824
f 4822 4824 4826
f 4822 4826 4890
f 4824 4772 4827
f 4824 4827 4826
f 4726 4682 4728
f 4726 4728 4724
f 4724 4728 4727
f 4724 4727 4774
f 4723 4726 4724
f 4723 4724 4772
f 4772 4724 4774
f 4772 4774 4827
f 4212 4104 4101
f 4212 4101 4208
f 4104 4005 4101
f 4208 4101 4304
f 4101 4005 4001
f 3904 3700 3902
f 3904 3902 3901
f 3901 3902 3999
f 3901 3999 4002
f 4005 3904 3901
f 4005 3901 4002
f 4005 4002 4001
f 4093 4096 3998
f 4093 3998 3999
f 4096 4098 3998
f 3999 3998 4002
f 3998 4098 4001
f 3998 4001 4002
f 4204 4301 4205
f 4205 4301 4304
f 4205 4304 4101
f 4096 4204 4205
f 4096 4205 4098
f 4098 4205 4101
f 4098 4101 4001
f 4588 4520 4516
f 4588 4516 4515
f 4520 4454 4451
f 4520 4451 4516
f 4515 4516 4450
f 4516 4451 4450
f 4383 4212 4208
f 4383 4208 4304
f 4454 4383 4451
f 4301 4378 4380
f 4301 4383 4304
f 4301 4380 4451
f 4301 4451 4383
f 4450 4448 4515
f 4378 4448 4450
f 4378 4450 4380
f 4380 4450 4451
f 4646 4574 4569
f 4574 4580 4581
f 4569 4574 4575
f 4574 4581 4509
f 4574 4509 4575
f 4585 4588 4515
f 4585 4515 4512
f 4580 4585 4581
f 4581 4585 4512
f 4581 4512 4509
f 4448 4446 4513
f 4446 4444 4510
f 4446 4510 4513
f 4448 4513 4512
f 4448 4512 4515
f 4513 4510 4509
f 4513 4509 4512
f 4441 4442 4505
f 4441 4505 4506
f 4506 4505 4569
f 4506 4569 4575
f 4444 4441 4506
f 4444 4506 4510
f 4510 4506 4575
f 4510 4575 4509
f 4442 4441 4372
f 4441 4444 4374
f 4441 4374 4372
f 4372 4294 4295
f 4372 4374 4297
f 4372 4297 4294
f 4446 4448 4376
f 4376 4448 4378
f 4444 4446 4376
f 4444 4376 4374
f 4374 4376 4297
f 4301 4204 4299
f 4204 4096 4202
f 4204 4202 4299
f 4301 4299 4376
f 4301 4376 4378
f 4299 4202 4297
f 4299 4297 4376
f 4096 4093 4200
f 4200 4295 4294
f 4096 4200 4202
f 4202 4200 4294
f 4202 4294 4297
f 3896 3794 3899
f 3896 3899 3997
f 3794 3796 3900
f 3794 3900 3899
f 3997 3899 4000
f 3997 4000 4095
f 3899 3900 4003
f 3899 4003 4000
f 3699 3702 3799
f 3699 3799 3798
f 3798 3799 3903
f 3798 3903 4004
f 3796 3699 3798
f 3796 3798 3900
f 3900 3798 4004
f 3900 4004 4003
f 4209 4207 4100
f 4209 4100 4102
f 4207 4206 4099
f 4207 4099 4100
f 4102 4100 4004
f 4102 4004 3903
f 4100 4099 4003
f 4100 4003 4004
f 4097 4095 4000
f 4206 4203 4097
f 4206 4097 4099
f 4099 4097 4000
f 4099 4000 4003
f 4203 4206 4302
f 4203 4302 4300
f 4300 4379 4298
f 4300 4302 4379
f 4207 4209 4303
f 4303 4452 4379
f 4206 4207 4303
f 4206 4303 4302
f 4302 4303 4379
f 4514 4449 4517
f 4514 4447 4449
f 4517 4449 4379
f 4517 4379 4452
f 4447 4375 4377
f 4377 4375 4298
f 4377 4298 4379
f 4447 4377 4449
f 4449 4377 4379
f 4375 4447 4445
f 4375 4445 4373
f 4447 4511 4445
f 4373 4445 4443
f 4373 4443 4371
f 4445 4511 4507
f 4445 4507 4443
f 4514 4582 4511
f 4511 4582 4576
f 4511 4576 4508
f 4447 4514 4511
f 4511 4508 4507
f 4564 4501 4504
f 4564 4504 4570
f 4570 4504 4508
f 4570 4508 4576
f 4504 4507 4508
f 4436 4366 4370
f 4436 4370 4440
f 4440 4370 4371
f 4440 4371 4443
f 4501 4436 4440
f 4501 4440 4504
f 4504 4440 4443
f 4504 4443 4507
f 4203 4300 4201
f 4203 4201 4097
f 4300 4298 4296
f 4300 4296 4201
f 4097 4201 4095
f 4201 4296 4199
f 4201 4199 4095
f 4375 4373 4371
f 4375 4371 4293
f 4298 4375 4296
f 4296 4375 4293
f 4296 4293 4199
f 4366 4194 4291
f 4366 4291 4370
f 4194 4088 4196
f 4194 4196 4291
f 4370 4291 4293
f 4370 4293 4371
f 4291 4196 4199
f 4291 4199 4293
f 3993 3896 3997
f 3993 3997 4092
f 4092 3997 4095
f 4088 3993 4092
f 4088 4092 4196
f 4196 4092 4095
f 4196 4095 4199
f 3700 3904 3802
f 3700 3802 3705
f 3904 4005 4006
f 3904 4006 3802
f 3705 3802 3801
f 3705 3801 3704
f 3802 4006 3906
f 3802 3906 3801
f 4104 4212 4211
f 4104 4211 4103
f 4005 4104 4006
f 4006 4104 4103
f 4006 4103 3906
f 4209 4102 4210
f 4102 3903 3905
f 4210 4102 4103
f 4210 4103 4211
f 4102 3905 3906
f 4102 3906 4103
f 3799 3702 3703
f 3799 3703 3800
f 3800 3703 3704
f 3800 3704 3801
f 3903 3799 3800
f 3903 3800 3905
f 3905 3800 3801
f 3905 3801 3906
f 4212 4383 4382
f 4212 4382 4211
f 4383 4454 4382
f 4211 4382 4381
f 4382 4454 4453
f 4382 4453 4381
f 4520 4588 4587
f 4520 4587 4519
f 4454 4520 4519
f 4454 4519 4453
f 4514 4517 4518
f 4514 4518 4586
f 4517 4452 4518
f 4586 4518 4519
f 4586 4519 4587
f 4518 4452 4453
f 4518 4453 4519
f 4303 4209 4210
f 4303 4210 4381
f 4381 4210 4211
f 4452 4303 4381
f 4452 4381 4453
f 4588 4585 4584
f 4588 4584 4587
f 4585 4580 4579
f 4585 4579 4584
f 4587 4584 4583
f 4584 4579 4578
f 4584 4578 4583
f 4574 4646 4645
f 4574 4645 4573
f 4573 4645 4644
f 4573 4644 4572
f 4580 4574 4573
f 4580 4573 4579
f 4579 4573 4572
f 4579 4572 4578
f 4564 4570 4571
f 4564 4571 4565
f 4570 4576 4577
f 4570 4577 4571
f 4565 4571 4572
f 4565 4572 4644
f 4571 4577 4578
f 4571 4578 4572
f 4582 4514 4586
f 4582 4586 4587
f 4582 4587 4583
f 4576 4582 4577
f 4577 4582 4583
f 4577 4583 4578
f 4500 4568 4637
f 4500 4637 4643
f 4568 4563 4634
f 4568 4634 4637
f 4643 4637 4684
f 4643 4684 4689
f 4637 4634 4733
f 4637 4733 4684
f 4496 4495 4629
f 4496 4629 4631
f 4631 4629 4681
f 4631 4681 4729
f 4563 4496 4631
f 4563 4631 4634
f 4634 4631 4729
f 4634 4729 4733
f 4830 4832 4776
f 4830 4776 4775
f 4832 4835 4778
f 4832 4778 4776
f 4775 4776 4729
f 4775 4729 4681
f 4776 4778 4733
f 4776 4733 4729
f 4836 4779 4732
f 4836 4732 4780
f 4780 4732 4689
f 4780 4689 4684
f 4835 4836 4780
f 4835 4780 4778
f 4778 4780 4684
f 4778 4684 4733
f 3700 3705 3617
f 3700 3617 3618
f 3705 3704 3531
f 3705 3531 3617
f 3618 3617 3440
f 3618 3440 3532
f 3617 3531 3439
f 3617 3439 3440
f 3703 3702 3616
f 3703 3616 3530
f 3530 3616 3437
f 3530 3437 3438
f 3704 3703 3530
f 3704 3530 3531
f 3531 3530 3438
f 3531 3438 3439
f 3169 3170 3357
f 3169 3357 3355
f 3170 3172 3358
f 3170 3358 3357
f 3355 3357 3438
f 3355 3438 3437
f 3357 3358 3439
f 3357 3439 3438
f 3173 3276 3441
f 3173 3441 3359
f 3359 3441 3532
f 3359 3532 3440
f 3172 3173 3359
f 3172 3359 3358
f 3358 3359 3440
f 3358 3440 3439
f 3702 3699 3614
f 3702 3614 3616
f 3699 3796 3698
f 3699 3698 3614
f 3616 3614 3528
f 3616 3528 3437
f 3614 3698 3612
f 3614 3612 3528
f 3794 3896 3892
f 3794 3892 3793
f 3793 3892 3791
f 3793 3791 3695
f 3796 3794 3793
f 3796 3793 3698
f 3698 3793 3695
f 3698 3695 3612
f 3789 3693 3694
f 3789 3694 3790
f 3693 3527 3611
f 3693 3611 3694
f 3790 3694 3695
f 3790 3695 3791
f 3694 3611 3612
f 3694 3612 3695
f 3434 3169 3355
f 3434 3355 3436
f 3436 3355 3437
f 3436 3437 3528
f 3527 3434 3436
f 3527 3436 3611
f 3611 3436 3528
f 3611 3528 3612
f 3169 3168 2941
f 3169 2941 2942
f 3168 3167 2940
f 3168 2940 2941
f 2942 2941 2748
f 2942 2748 2749
f 2941 2940 2747
f 2941 2747 2748
f 3166 3271 2938
f 3166 2938 2939
f 2939 2938 2745
f 2939 2745 2746
f 3167 3166 2939
f 3167 2939 2940
f 2940 2939 2746
f 2940 2746 2747
f 2323 2376 2535
f 2323 2535 2532
f 2376 2377 2583
f 2376 2583 2535
f 2532 2535 2746
f 2532 2746 2745
f 2535 2583 2747
f 2535 2747 2746
f 2421 2422 2585
f 2421 2585 2584
f 2584 2585 2749
f 2584 2749 2748
f 2377 2421 2584
f 2377 2584 2583
f 2583 2584 2748
f 2583 2748 2747
f 2422 2421 2217
f 2422 2217 2275
f 2421 2377 2216
f 2421 2216 2217
f 2275 2217 2031
f 2275 2031 2100
f 2217 2216 1959
f 2217 1959 2031
f 2376 2323 2156
f 2376 2156 2158
f 2158 2156 1887
f 2158 1887 1958
f 2377 2376 2158
f 2377 2158 2216
f 2216 2158 1958
f 2216 1958 1959
f 1469 1543 1750
f 1469 1750 1675
f 1543 1544 1751
f 1543 1751 1750
f 1675 1750 1958
f 1675 1958 1887
f 1750 1751 1959
f 1750 1959 1958
f 1605 1679 1890
f 1605 1890 1822
f 1822 1890 2100
f 1822 2100 2031
f 1544 1605 1822
f 1544 1822 1751
f 1751 1822 2031
f 1751 2031 1959
f 3700 3618 3701
f 3700 3701 3797
f 3618 3532 3619
f 3618 3619 3701
f 3797 3701 3696
f 3797 3696 3898
f 3701 3619 3615
f 3701 3615 3696
f 3441 3276 3275
f 3441 3275 3442
f 3442 3275 3356
f 3442 3356 3529
f 3532 3441 3442
f 3532 3442 3619
f 3619 3442 3529
f 3619 3529 3615
f 3609 3792 3613
f 3609 3613 3435
f 3792 3895 3697
f 3792 3697 3613
f 3435 3613 3529
f 3435 3529 3356
f 3613 3697 3615
f 3613 3615 3529
f 3894 3996 3893
f 3894 3893 3795
f 3795 3893 3898
f 3795 3898 3696
f 3895 3894 3795
f 3895 3795 3697
f 3697 3795 3696
f 3697 3696 3615
f 3896 3993 3992
f 3896 3992 3892
f 3993 4088 4087
f 3993 4087 3992
f 3892 3992 3891
f 3892 3891 3791
f 3992 4087 4086
f 3992 4086 3891
f 4194 4366 4288
f 4194 4288 4193
f 4193 4288 4287
f 4193 4287 4191
f 4088 4194 4193
f 4088 4193 4087
f 4087 4193 4191
f 4087 4191 4086
f 4285 4084 4190
f 4285 4190 4286
f 4084 3888 3989
f 4084 3989 4190
f 4286 4190 4191
f 4286 4191 4287
f 4190 3989 4086
f 4190 4086 4191
f 3788 3789 3790
f 3788 3790 3890
f 3890 3790 3791
f 3890 3791 3891
f 3888 3788 3890
f 3888 3890 3989
f 3989 3890 3891
f 3989 3891 4086
f 4682 4630 4683
f 4682 4683 4728
f 4630 4632 4633
f 4630 4633 4683
f 4728 4683 4730
f 4728 4730 4727
f 4683 4633 4685
f 4683 4685 4730
f 4561 4564 4565
f 4561 4565 4638
f 4638 4565 4644
f 4638 4644 4635
f 4632 4561 4638
f 4632 4638 4633
f 4633 4638 4635
f 4633 4635 4685
f 4646 4640 4639
f 4646 4639 4645
f 4640 4687 4686
f 4640 4686 4639
f 4645 4639 4635
f 4645 4635 4644
f 4639 4686 4685
f 4639 4685 4635
f 4734 4779 4777
f 4734 4777 4731
f 4731 4777 4727
f 4731 4727 4730
f 4687 4734 4731
f 4687 4731 4686
f 4686 4731 4730
f 4686 4730 4685
f 4779 4734 4688
f 4779 4688 4732
f 4734 4687 4690
f 4734 4690 4688
f 4732 4688 4636
f 4732 4636 4689
f 4688 4690 4642
f 4688 4642 4636
f 4640 4646 4569
f 4640 4569 4641
f 4641 4569 4566
f 4687 4640 4641
f 4687 4641 4690
f 4690 4641 4566
f 4690 4566 4642
f 4442 4437 4502
f 4442 4502 4505
f 4437 4438 4567
f 4437 4567 4502
f 4505 4502 4566
f 4505 4566 4569
f 4502 4567 4642
f 4502 4642 4566
f 4503 4500 4643
f 4503 4643 4562
f 4562 4643 4689
f 4562 4689 4636
f 4438 4503 4562
f 4438 4562 4567
f 4567 4562 4636
f 4567 4636 4642
f 4500 4503 4369
f 4500 4369 4439
f 4503 4438 4368
f 4503 4368 4369
f 4439 4369 4195
f 4439 4195 4292
f 4369 4368 4198
f 4369 4198 4195
f 4437 4442 4372
f 4437 4372 4367
f 4367 4372 4295
f 4367 4295 4197
f 4438 4437 4367
f 4438 4367 4368
f 4368 4367 4197
f 4368 4197 4198
f 4093 3999 4094
f 4093 4094 4200
f 3999 3994 4094
f 4200 4094 4197
f 4200 4197 4295
f 4094 3994 4198
f 4094 4198 4197
f 3902 3700 3797
f 3902 3797 3897
f 3897 3797 3898
f 3897 3898 3995
f 3999 3902 3897
f 3999 3897 3994
f 3994 3897 3995
f 3994 3995 4198
f 3996 4090 4089
f 3996 4089 3893
f 4090 4292 4195
f 4090 4195 4089
f 3893 4089 3995
f 3893 3995 3898
f 4089 4195 4198
f 4089 4198 3995
f 4820 4718 4721
f 4820 4721 4770
f 4718 4677 4622
f 4718 4622 4721
f 4770 4721 4680
f 4770 4680 4723
f 4721 4622 4624
f 4721 4624 4680
f 4550 4423 4359
f 4550 4359 4552
f 4552 4359 4361
f 4552 4361 4491
f 4677 4550 4552
f 4677 4552 4622
f 4622 4552 4491
f 4622 4491 4624
f 4285 4430 4428
f 4285 4428 4283
f 4430 4558 4556
f 4430 4556 4428
f 4283 4428 4491
f 4283 4491 4361
f 4428 4556 4624
f 4428 4624 4491
f 4628 4682 4726
f 4628 4726 4626
f 4626 4726 4723
f 4626 4723 4680
f 4558 4628 4626
f 4558 4626 4556
f 4556 4626 4680
f 4556 4680 4624
f 4682 4628 4559
f 4682 4559 4630
f 4628 4558 4494
f 4628 4494 4559
f 4630 4559 4560
f 4630 4560 4632
f 4559 4494 4497
f 4559 4497 4560
f 4430 4285 4286
f 4430 4286 4431
f 4431 4286 4287
f 4431 4287 4432
f 4558 4430 4431
f 4558 4431 4494
f 4494 4431 4432
f 4494 4432 4497
f 4366 4436 4433
f 4366 4433 4288
f 4436 4501 4499
f 4436 4499 4433
f 4288 4433 4432
f 4288 4432 4287
f 4433 4499 4497
f 4433 4497 4432
f 4501 4564 4561
f 4501 4561 4498
f 4498 4561 4632
f 4498 4632 4560
f 4501 4498 4499
f 4499 4498 4560
f 4499 4560 4497
f 4779 4836 4831
f 4779 4831 4834
f 4836 4835 4903
f 4836 4903 4831
f 4834 4831 4902
f 4834 4902 4829
f 4831 4903 4900
f 4831 4900 4902
f 4832 4830 4899
f 4832 4899 4901
f 4901 4899 4993
f 4901 4993 4898
f 4835 4832 4901
f 4835 4901 4903
f 4903 4901 4898
f 4903 4898 4900
f 4982 4987 4992
f 4982 4992 4988
f 4987 4986 4991
f 4987 4991 4992
f 4988 4992 4898
f 4988 4898 4993
f 4992 4991 4900
f 4992 4900 4898
f 4990 4893 4896
f 4990 4896 4897
f 4897 4896 4829
f 4897 4829 4902
f 4986 4990 4897
f 4986 4897 4991
f 4991 4897 4902
f 4991 4902 4900
f 4830 4825 4894
f 4830 4894 4899
f 4825 4891 4889
f 4825 4889 4894
f 4899 4894 4989
f 4899 4989 4993
f 4894 4889 4976
f 4894 4976 4989
f 4886 4882 4969
f 4886 4969 4977
f 4977 4969 4968
f 4977 4968 4972
f 4891 4886 4977
f 4891 4977 4889
f 4889 4977 4972
f 4889 4972 4976
f 5057 5061 4971
f 5057 4971 4967
f 5061 5068 4975
f 5061 4975 4971
f 4967 4971 4972
f 4967 4972 4968
f 4971 4975 4976
f 4971 4976 4972
f 5076 4982 4988
f 5076 4988 4983
f 4983 4988 4993
f 4983 4993 4989
f 5068 5076 4983
f 5068 4983 4975
f 4975 4983 4989
f 4975 4989 4976
f 4882 4878 4966
f 4882 4966 4969
f 4878 4961 4960
f 4878 4960 4966
f 4969 4966 4965
f 4969 4965 4968
f 4966 4960 4959
f 4966 4959 4965
f 4958 4954 4953
f 4958 4953 4957
f 4957 4953 4952
f 4957 4952 4956
f 4961 4958 4957
f 4961 4957 4960
f 4960 4957 4956
f 4960 4956 4959
f 5042 5046 5047
f 5042 5047 5043
f 5046 5050 5051
f 5046 5051 5047
f 5043 5047 4956
f 5043 4956 4952
f 5047 5051 4959
f 5047 4959 4956
f 5057 4967 4963
f 4963 4967 4968
f 4963 4968 4965
f 5050 5057 4963
f 5050 4963 5051
f 5051 4963 4965
f 5051 4965 4959
f 3789 3788 3692
f 3789 3692 3693
f 3788 3888 3787
f 3788 3787 3692
f 3693 3692 3610
f 3693 3610 3527
f 3692 3787 3608
f 3692 3608 3610
f 4084 4285 3988
f 4084 3988 3887
f 3887 3988 3690
f 3887 3690 3691
f 3888 4084 3887
f 3888 3887 3787
f 3787 3887 3691
f 3787 3691 3608
f 3271 3166 3431
f 3271 3431 3524
f 3166 3167 3432
f 3166 3432 3431
f 3524 3431 3691
f 3524 3691 3690
f 3431 3432 3608
f 3431 3608 3691
f 3168 3169 3434
f 3168 3434 3433
f 3433 3434 3527
f 3433 3527 3610
f 3167 3168 3433
f 3167 3433 3432
f 3432 3433 3610
f 3432 3610 3608
f 1473 1390 1391
f 1473 1391 1545
f 1390 1245 1320
f 1390 1320 1391
f 1545 1391 1470
f 1545 1470 1604
f 1391 1320 1321
f 1391 1321 1470
f 1085 921 922
f 1085 922 1163
f 1163 922 999
f 1163 999 1162
f 1245 1085 1163
f 1245 1163 1320
f 1320 1163 1162
f 1320 1162 1321
f 1161 1318 1241
f 1161 1241 1083
f 1318 1542 1387
f 1318 1387 1241
f 1083 1241 1162
f 1083 1162 999
f 1241 1387 1321
f 1241 1321 1162
f 1676 1888 1677
f 1676 1677 1603
f 1603 1677 1604
f 1603 1604 1470
f 1542 1676 1603
f 1542 1603 1387
f 1387 1603 1470
f 1387 1470 1321
f 1102 1098 1176
f 1102 1176 1180
f 1180 1176 1260
f 1180 1260 1333
f 1098 1097 1174
f 1174 1097 1172
f 1174 1172 1257
f 1098 1174 1176
f 1176 1174 1257
f 1176 1257 1260
f 1255 1257 1172
f 1255 1328 1331
f 1255 1331 1257
f 1257 1331 1260
f 1399 1479 1404
f 1399 1404 1334
f 1334 1404 1333
f 1334 1333 1260
f 1328 1399 1334
f 1328 1334 1331
f 1331 1334 1260
f 819 817 879
f 819 879 823
f 817 873 876
f 817 876 879
f 823 879 945
f 823 945 883
f 879 876 942
f 879 942 945
f 873 939 876
f 876 939 1012
f 876 1012 942
f 1097 1098 1014
f 1098 1018 1014
f 1014 942 1012
f 1014 1018 942
f 1098 1102 1017
f 1098 1017 1018
f 1018 1017 883
f 1018 883 945
f 1018 945 942
f 745 748 807
f 745 807 754
f 748 805 807
f 754 807 811
f 754 811 760
f 864 930 933
f 864 933 866
f 866 933 868
f 805 864 866
f 805 866 807
f 807 866 868
f 807 868 811
f 873 814 871
f 871 814 811
f 871 811 868
f 817 819 765
f 817 765 814
f 814 765 760
f 814 760 811
f 873 817 814
f 930 1006 1005
f 930 1005 933
f 1006 1092 1005
f 933 1005 935
f 933 935 868
f 1005 1092 1010
f 1005 1010 935
f 1169 1255 1172
f 1169 1172 1095
f 1092 1169 1095
f 1092 1095 1010
f 1097 1014 1095
f 1014 1012 1095
f 1097 1095 1172
f 1095 1012 1010
f 939 873 871
f 939 871 937
f 937 871 868
f 937 868 935
f 1012 939 937
f 1012 937 935
f 1012 935 1010
f 1254 1170 1256
f 1254 1256 1327
f 1170 1171 1173
f 1170 1173 1256
f 1327 1256 1330
f 1327 1330 1329
f 1256 1173 1258
f 1256 1258 1330
f 1096 1013 1015
f 1096 1015 1175
f 1171 1096 1173
f 1173 1096 1175
f 1173 1175 1258
f 1099 1177 1175
f 1099 1175 1016
f 1177 1259 1175
f 1016 1175 1015
f 1175 1259 1258
f 1332 1400 1398
f 1332 1398 1329
f 1332 1329 1330
f 1259 1332 1330
f 1259 1330 1258
f 1013 940 1015
f 1013 938 941
f 1013 941 940
f 1015 940 943
f 940 941 877
f 940 877 943
f 874 872 815
f 874 815 875
f 938 874 875
f 938 875 941
f 941 875 877
f 766 820 816
f 820 880 878
f 816 820 875
f 816 875 815
f 820 878 877
f 820 877 875
f 944 1099 1016
f 944 1016 943
f 943 1016 1015
f 880 944 943
f 880 943 878
f 878 943 877
f 872 870 812
f 872 812 815
f 870 869 810
f 870 810 812
f 815 812 813
f 812 810 813
f 867 865 806
f 867 806 808
f 808 806 746
f 808 746 809
f 869 867 808
f 869 808 810
f 810 808 809
f 743 750 749
f 743 749 747
f 750 757 756
f 750 756 749
f 747 749 809
f 747 809 746
f 749 756 810
f 749 810 809
f 762 766 816
f 762 816 761
f 761 816 815
f 761 815 813
f 757 762 761
f 757 761 756
f 756 761 813
f 756 813 810
f 1013 1096 1011
f 1096 1171 1094
f 1096 1094 1011
f 1013 1011 938
f 1011 1094 1009
f 1011 1009 938
f 1170 1254 1168
f 1170 1168 1093
f 1093 1168 1007
f 1093 1007 1008
f 1171 1170 1093
f 1171 1093 1094
f 1094 1093 1008
f 1094 1008 1009
f 865 867 932
f 865 932 931
f 867 869 934
f 867 934 932
f 931 932 1008
f 931 1008 1007
f 932 934 1009
f 932 1009 1008
f 870 872 874
f 870 874 936
f 936 874 938
f 869 870 936
f 869 936 934
f 934 936 938
f 934 938 1009
f 1479 1484 1403
f 1479 1403 1404
f 1484 1483 1402
f 1484 1402 1403
f 1404 1403 1336
f 1404 1336 1333
f 1403 1402 1335
f 1403 1335 1336
f 1482 1400 1332
f 1482 1332 1401
f 1401 1332 1259
f 1401 1259 1261
f 1483 1482 1401
f 1483 1401 1402
f 1402 1401 1261
f 1402 1261 1335
f 1099 1100 1178
f 1099 1178 1177
f 1100 1101 1178
f 1177 1178 1261
f 1177 1261 1259
f 1178 1335 1261
f 1102 1180 1179
f 1179 1180 1333
f 1179 1333 1336
f 1101 1102 1179
f 1101 1179 1178
f 1178 1179 1336
f 1178 1336 1335
f 1102 947 1017
f 1102 1101 946
f 1102 946 947
f 1017 947 882
f 1017 882 883
f 947 946 882
f 1100 1099 944
f 1100 944 946
f 946 944 880
f 946 880 881
f 1101 1100 946
f 946 881 882
f 766 767 821
f 766 821 820
f 767 768 822
f 767 822 821
f 820 821 881
f 820 881 880
f 821 822 882
f 821 882 881
f 818 819 823
f 818 823 822
f 822 823 883
f 822 883 882
f 768 818 822
f 819 818 764
f 819 764 765
f 818 768 764
f 765 764 759
f 765 759 760
f 764 755 759
f 767 766 762
f 767 762 763
f 763 762 757
f 763 757 758
f 768 767 763
f 768 763 764
f 764 763 758
f 764 758 755
f 743 693 751
f 743 751 750
f 693 694 752
f 693 752 751
f 750 751 758
f 750 758 757
f 751 752 755
f 751 755 758
f 744 745 754
f 744 754 753
f 753 754 760
f 753 760 759
f 694 744 753
f 694 753 752
f 752 753 759
f 752 759 755
f 1479 1612 1550
f 1479 1550 1484
f 1612 1683 1611
f 1612 1611 1550
f 1484 1550 1549
f 1484 1549 1483
f 1550 1611 1610
f 1550 1610 1549
f 1756 1894 1824
f 1756 1824 1755
f 1755 1824 1823
f 1755 1823 1682
f 1683 1756 1755
f 1683 1755 1611
f 1611 1755 1682
f 1611 1682 1610
f 1679 1607 1681
f 1679 1681 1754
f 1607 1547 1609
f 1607 1609 1681
f 1754 1681 1682
f 1754 1682 1823
f 1681 1609 1610
f 1681 1610 1682
f 1481 1400 1482
f 1481 1482 1548
f 1548 1482 1483
f 1548 1483 1549
f 1547 1481 1548
f 1547 1548 1609
f 1609 1548 1549
f 1609 1549 1610
f 1400 1481 1478
f 1400 1478 1398
f 1481 1547 1477
f 1481 1477 1478
f 1398 1478 1397
f 1398 1397 1329
f 1478 1477 1395
f 1478 1395 1397
f 1607 1679 1474
f 1607 1474 1476
f 1476 1474 1392
f 1476 1392 1394
f 1547 1607 1476
f 1547 1476 1477
f 1477 1476 1394
f 1477 1394 1395
f 1247 1250 1323
f 1247 1323 1249
f 1250 1251 1325
f 1250 1325 1323
f 1249 1323 1394
f 1249 1394 1392
f 1323 1325 1395
f 1323 1395 1394
f 1252 1254 1327
f 1252 1327 1326
f 1326 1327 1329
f 1326 1329 1397
f 1251 1252 1326
f 1251 1326 1325
f 1325 1326 1397
f 1325 1397 1395
f 1479 1480 1608
f 1479 1608 1612
f 1480 1475 1606
f 1480 1606 1608
f 1612 1608 1684
f 1612 1684 1683
f 1608 1606 1680
f 1608 1680 1684
f 1472 1473 1545
f 1472 1545 1546
f 1546 1545 1604
f 1546 1604 1678
f 1475 1472 1546
f 1475 1546 1606
f 1606 1546 1678
f 1606 1678 1680
f 1888 1889 1752
f 1888 1752 1677
f 1889 1891 1753
f 1889 1753 1752
f 1677 1752 1678
f 1677 1678 1604
f 1752 1753 1680
f 1752 1680 1678
f 1893 1894 1756
f 1893 1756 1757
f 1757 1756 1683
f 1757 1683 1684
f 1891 1893 1757
f 1891 1757 1753
f 1753 1757 1684
f 1753 1684 1680
f 1254 1252 1166
f 1254 1166 1168
f 1252 1251 1091
f 1252 1091 1166
f 1168 1166 1004
f 1168 1004 1007
f 1166 1091 1003
f 1166 1003 1004
f 1250 1247 1165
f 1250 1165 1090
f 1090 1165 1001
f 1090 1001 1002
f 1251 1250 1090
f 1251 1090 1091
f 1091 1090 1002
f 1091 1002 1003
f 800 803 925
f 800 925 924
f 803 861 928
f 803 928 925
f 924 925 1002
f 924 1002 1001
f 925 928 1003
f 925 1003 1002
f 863 865 931
f 863 931 929
f 929 931 1007
f 929 1007 1004
f 861 863 929
f 861 929 928
f 928 929 1004
f 928 1004 1003
f 607 604 644
f 607 644 643
f 604 605 645
f 604 645 644
f 643 644 649
f 643 649 688
f 644 645 650
f 644 650 649
f 606 641 647
f 606 647 646
f 646 647 683
f 646 683 682
f 605 606 646
f 605 646 645
f 645 646 682
f 645 682 650
f 745 744 692
f 745 692 738
f 744 694 691
f 744 691 692
f 738 692 682
f 738 682 683
f 692 691 650
f 692 650 682
f 693 743 689
f 693 689 690
f 690 689 688
f 690 688 649
f 694 693 690
f 694 690 691
f 691 690 649
f 691 649 650
f 921 1085 1088
f 921 1088 923
f 1085 1245 1244
f 1085 1244 1088
f 923 1088 1087
f 923 1087 927
f 1088 1244 1248
f 1088 1248 1087
f 1390 1473 1472
f 1390 1472 1389
f 1389 1472 1475
f 1389 1475 1393
f 1245 1390 1389
f 1245 1389 1244
f 1244 1389 1393
f 1244 1393 1248
f 1479 1399 1396
f 1479 1396 1480
f 1399 1328 1324
f 1399 1324 1396
f 1480 1396 1393
f 1480 1393 1475
f 1396 1324 1248
f 1396 1248 1393
f 1255 1169 1253
f 1253 1169 1092
f 1253 1092 1167
f 1328 1255 1253
f 1328 1253 1324
f 1324 1253 1167
f 1324 1167 1248
f 930 926 1086
f 930 1086 1006
f 926 927 1087
f 926 1087 1086
f 1006 1086 1167
f 1006 1167 1092
f 1086 1087 1248
f 1086 1248 1167
f 607 643 648
f 607 648 640
f 643 688 687
f 643 687 648
f 640 648 686
f 640 686 642
f 648 687 737
f 648 737 686
f 689 743 747
f 689 747 742
f 742 747 746
f 742 746 741
f 688 689 742
f 688 742 687
f 687 742 741
f 687 741 737
f 865 863 804
f 865 804 806
f 863 861 740
f 863 740 804
f 806 804 741
f 806 741 746
f 804 740 737
f 804 737 741
f 803 800 685
f 803 685 736
f 736 685 642
f 736 642 686
f 861 803 736
f 861 736 740
f 740 736 686
f 740 686 737
f 1247 1249 1246
f 1247 1246 1165
f 1249 1392 1322
f 1249 1322 1246
f 1165 1246 1089
f 1165 1089 1001
f 1246 1322 1243
f 1246 1243 1089
f 1474 1679 1605
f 1474 1605 1471
f 1471 1605 1544
f 1471 1544 1388
f 1392 1474 1471
f 1392 1471 1322
f 1322 1471 1388
f 1322 1388 1243
f 1469 1242 1319
f 1469 1319 1543
f 1242 1084 1164
f 1242 1164 1319
f 1543 1319 1388
f 1543 1388 1544
f 1319 1164 1243
f 1319 1243 1388
f 920 800 924
f 920 924 1000
f 1000 924 1001
f 1000 1001 1089
f 1084 920 1000
f 1084 1000 1164
f 1164 1000 1089
f 1164 1089 1243
f 641 681 684
f 641 684 647
f 681 733 735
f 681 735 684
f 647 684 734
f 647 734 683
f 684 735 801
f 684 801 734
f 858 921 923
f 858 923 859
f 859 923 927
f 859 927 860
f 733 858 859
f 733 859 735
f 735 859 860
f 735 860 801
f 930 864 862
f 930 862 926
f 864 805 802
f 864 802 862
f 926 862 860
f 926 860 927
f 862 802 801
f 862 801 860
f 748 745 738
f 748 738 739
f 739 738 683
f 739 683 734
f 805 748 739
f 805 739 802
f 802 739 734
f 802 734 801
f 321 322 327
f 321 327 326
f 322 323 328
f 322 328 327
f 326 327 331
f 326 331 330
f 327 328 334
f 327 334 331
f 324 329 384
f 324 384 332
f 332 384 387
f 332 387 337
f 323 324 332
f 323 332 328
f 328 332 337
f 328 337 334
f 440 398 392
f 440 392 393
f 398 396 389
f 398 389 392
f 393 392 337
f 393 337 387
f 392 389 334
f 392 334 337
f 391 390 335
f 391 335 336
f 336 335 330
f 336 330 331
f 396 391 336
f 396 336 389
f 389 336 331
f 389 331 334
f 390 391 399
f 390 399 397
f 391 396 400
f 391 400 399
f 397 399 404
f 397 404 403
f 399 400 405
f 399 405 404
f 398 440 444
f 398 444 402
f 402 444 448
f 402 448 445
f 396 398 402
f 396 402 400
f 400 402 445
f 400 445 405
f 501 500 452
f 501 452 498
f 500 456 451
f 500 451 452
f 498 452 445
f 498 445 448
f 452 451 405
f 452 405 445
f 455 454 449
f 455 449 450
f 450 449 403
f 450 403 404
f 456 455 450
f 456 450 451
f 451 450 404
f 451 404 405
f 594 546 549
f 594 549 635
f 546 499 502
f 546 502 549
f 635 549 599
f 635 599 680
f 549 502 552
f 549 552 599
f 453 454 504
f 453 504 503
f 503 504 554
f 503 554 553
f 499 453 503
f 499 503 502
f 502 503 553
f 502 553 552
f 607 640 601
f 607 601 558
f 640 642 603
f 640 603 601
f 558 601 553
f 558 553 554
f 601 603 552
f 601 552 553
f 685 800 732
f 685 732 639
f 639 732 680
f 639 680 599
f 642 685 639
f 642 639 603
f 603 639 599
f 603 599 552
f 641 606 600
f 641 600 602
f 606 605 557
f 606 557 600
f 602 600 555
f 602 555 598
f 600 557 551
f 600 551 555
f 604 607 558
f 604 558 556
f 556 558 554
f 556 554 508
f 605 604 556
f 605 556 557
f 557 556 508
f 557 508 551
f 454 455 505
f 454 505 504
f 455 456 506
f 455 506 505
f 504 505 508
f 504 508 554
f 505 506 551
f 505 551 508
f 500 501 550
f 500 550 507
f 507 550 598
f 507 598 555
f 456 500 507
f 456 507 506
f 506 507 555
f 506 555 551
f 727 797 729
f 727 729 679
f 797 854 799
f 797 799 729
f 679 729 636
f 679 636 596
f 729 799 730
f 729 730 636
f 997 1161 1083
f 997 1083 919
f 919 1083 999
f 919 999 857
f 854 997 919
f 854 919 799
f 799 919 857
f 799 857 730
f 921 858 856
f 921 856 922
f 858 733 731
f 858 731 856
f 922 856 857
f 922 857 999
f 856 731 730
f 856 730 857
f 681 641 602
f 681 602 638
f 638 602 598
f 638 598 637
f 733 681 638
f 733 638 731
f 731 638 637
f 731 637 730
f 501 548 597
f 501 597 550
f 548 596 636
f 548 636 597
f 550 597 637
f 550 637 598
f 597 636 730
f 597 730 637
f 3282 3367 3368
f 3282 3368 3283
f 3367 3450 3451
f 3367 3451 3368
f 3283 3368 3369
f 3283 3369 3284
f 3368 3451 3452
f 3368 3452 3369
f 3541 3627 3628
f 3541 3628 3542
f 3542 3628 3715
f 3542 3715 3629
f 3450 3541 3542
f 3450 3542 3451
f 3451 3542 3629
f 3451 3629 3452
f 3717 3631 3630
f 3717 3630 3716
f 3631 3544 3543
f 3631 3543 3630
f 3716 3630 3629
f 3716 3629 3715
f 3630 3543 3452
f 3630 3452 3629
f 3454 3371 3370
f 3454 3370 3453
f 3453 3370 3284
f 3453 3284 3369
f 3544 3454 3453
f 3544 3453 3543
f 3543 3453 3369
f 3543 3369 3452
f 1491 1410 1557
f 1491 1557 1558
f 1410 1409 1490
f 1410 1490 1557
f 1558 1557 1620
f 1558 1620 1621
f 1557 1490 1556
f 1557 1556 1620
f 1408 1407 1488
f 1408 1488 1489
f 1489 1488 1554
f 1489 1554 1555
f 1409 1408 1489
f 1409 1489 1490
f 1490 1489 1555
f 1490 1555 1556
f 1617 1688 1618
f 1688 1689 1619
f 1688 1619 1618
f 1617 1618 1555
f 1617 1555 1554
f 1618 1619 1556
f 1618 1556 1555
f 1761 1762 1691
f 1761 1691 1690
f 1690 1691 1621
f 1690 1621 1620
f 1689 1761 1690
f 1689 1690 1619
f 1619 1690 1620
f 1619 1620 1556
f 3282 3281 3366
f 3282 3366 3367
f 3281 3280 3365
f 3281 3365 3366
f 3367 3366 3449
f 3367 3449 3450
f 3366 3365 3448
f 3366 3448 3449
f 3279 3278 3363
f 3279 3363 3364
f 3364 3363 3446
f 3364 3446 3447
f 3280 3279 3364
f 3280 3364 3365
f 3365 3364 3447
f 3365 3447 3448
f 3623 3624 3538
f 3623 3538 3537
f 3624 3625 3539
f 3624 3539 3538
f 3537 3538 3447
f 3537 3447 3446
f 3538 3539 3448
f 3538 3448 3447
f 3626 3627 3541
f 3626 3541 3540
f 3540 3541 3450
f 3540 3450 3449
f 3625 3626 3540
f 3625 3540 3539
f 3539 3540 3449
f 3539 3449 3448
f 3623 3710 3624
f 3623 3709 3710
f 3624 3710 3711
f 3624 3711 3625
f 3710 3808 3711
f 3806 3910 3807
f 3807 3910 3911
f 3807 3911 3808
f 3709 3806 3807
f 3709 3807 3710
f 3710 3807 3808
f 4012 3914 3913
f 4012 3913 3912
f 3914 3810 3809
f 3914 3809 3913
f 3912 3913 3808
f 3912 3808 3911
f 3913 3809 3808
f 3713 3627 3626
f 3713 3626 3712
f 3712 3626 3625
f 3712 3625 3711
f 3810 3713 3712
f 3810 3712 3809
f 3809 3712 3711
f 3809 3711 3808
f 3627 3713 3714
f 3627 3714 3628
f 3713 3810 3811
f 3713 3811 3714
f 3628 3714 3813
f 3628 3813 3715
f 3714 3811 3812
f 3714 3812 3813
f 3914 4012 4013
f 3914 4013 3915
f 3915 4013 4014
f 3915 4014 3916
f 3810 3914 3915
f 3810 3915 3811
f 3811 3915 3916
f 3811 3916 3812
f 4016 3919 3917
f 4016 3917 4015
f 3919 3918 3917
f 4015 3917 3916
f 4015 3916 4014
f 3917 3918 3812
f 3917 3812 3916
f 3815 3717 3716
f 3815 3716 3814
f 3814 3716 3715
f 3814 3715 3813
f 3919 3815 3814
f 3919 3814 3918
f 3918 3814 3813
f 3918 3813 3812
f 1190 1188 1270
f 1190 1270 1271
f 1188 1187 1269
f 1188 1269 1270
f 1271 1270 1343
f 1271 1343 1344
f 1270 1269 1342
f 1270 1342 1343
f 1186 1185 1267
f 1186 1267 1268
f 1187 1186 1268
f 1187 1268 1269
f 1269 1268 1342
f 1407 1408 1341
f 1407 1341 1340
f 1408 1409 1342
f 1408 1342 1341
f 1340 1341 1268
f 1340 1268 1267
f 1341 1342 1268
f 1410 1491 1411
f 1410 1411 1343
f 1343 1411 1344
f 1409 1410 1343
f 1409 1343 1342
f 1762 1763 1692
f 1762 1692 1691
f 1763 1764 1693
f 1763 1693 1692
f 1691 1692 1622
f 1691 1622 1621
f 1692 1693 1623
f 1692 1623 1622
f 1765 1766 1695
f 1765 1695 1694
f 1694 1695 1625
f 1694 1625 1624
f 1764 1765 1694
f 1764 1694 1693
f 1693 1694 1624
f 1693 1624 1623
f 1495 1494 1561
f 1495 1561 1562
f 1494 1493 1560
f 1494 1560 1561
f 1562 1561 1624
f 1562 1624 1625
f 1561 1560 1623
f 1561 1623 1624
f 1492 1491 1558
f 1492 1558 1559
f 1559 1558 1621
f 1559 1621 1622
f 1493 1492 1559
f 1493 1559 1560
f 1560 1559 1622
f 1560 1622 1623
f 1491 1492 1412
f 1491 1412 1411
f 1492 1493 1413
f 1492 1413 1412
f 1411 1412 1345
f 1411 1345 1344
f 1412 1413 1346
f 1412 1346 1345
f 1494 1495 1415
f 1494 1415 1414
f 1414 1415 1347
f 1493 1494 1414
f 1493 1414 1413
f 1413 1414 1347
f 1413 1347 1346
f 1275 1274 1347
f 1275 1347 1348
f 1274 1273 1347
f 1348 1347 1415
f 1347 1273 1346
f 1272 1190 1271
f 1272 1271 1344
f 1272 1344 1345
f 1273 1272 1345
f 1273 1345 1346
